Time elapsed	Time stamp	Sweep_WaitingTimes Value	Sweep_WaitingTimes Index	Loop2 Index	SMU_BE_set Voltage	SMU_BE_set Current	SMU_TE_set Voltage	SMU_TE_set Current
s					V	A	V	A

4.12177880e+00	2026-09-04T17:32:53.093837	0.00000000e+00	1	1	-2.64645000e-05	-8.58844000e-08	1.40190000e-05	4.38102000e-08
4.13006340e+00	2026-09-04T17:32:53.108509	0.00000000e+00	1	1	1.72377000e-05	-3.68206000e-05	5.00323000e-02	3.69447000e-05
4.16137480e+00	2026-09-04T17:32:53.134302	0.00000000e+00	1	1	-3.76225000e-05	-7.84861000e-05	1.00113000e-01	7.85361000e-05
4.19295940e+00	2026-09-04T17:32:53.169855	0.00000000e+00	1	1	-4.21286000e-05	-1.29087000e-04	1.50150000e-01	1.29123000e-04
4.22321690e+00	2026-09-04T17:32:53.200233	0.00000000e+00	1	1	-3.96013000e-05	-1.90442000e-04	2.00183000e-01	1.90609000e-04
4.24353670e+00	2026-09-04T17:32:53.221640	0.00000000e+00	1	1	-4.97580000e-05	-2.63287000e-04	2.50104000e-01	2.63102000e-04
4.27410470e+00	2026-09-04T17:32:53.252503	0.00000000e+00	1	1	-5.02110000e-05	-3.39699000e-04	3.00109000e-01	3.39638000e-04
4.28358450e+00	2026-09-04T17:32:53.260227	0.00000000e+00	1	1	-6.69479000e-05	-4.14392000e-04	3.50147000e-01	4.14277000e-04
4.32157870e+00	2026-09-04T17:32:53.299300	0.00000000e+00	1	1	-6.44207000e-05	-5.01249000e-04	4.00210000e-01	5.00597000e-04
4.34251570e+00	2026-09-04T17:32:53.315290	0.00000000e+00	1	1	3.30312000e-02	-5.30231000e-04	4.50264000e-01	5.30153000e-04
4.35009570e+00	2026-09-04T17:32:53.324242	0.00000000e+00	1	1	8.28364000e-02	-5.30227000e-04	5.00264000e-01	5.30147000e-04
4.35935130e+00	2026-09-04T17:32:53.336158	0.00000000e+00	1	1	1.34088000e-01	-5.30217000e-04	5.50345000e-01	5.30148000e-04
4.38585540e+00	2026-09-04T17:32:53.363947	0.00000000e+00	1	1	1.83926000e-01	-5.30220000e-04	6.00337000e-01	5.30148000e-04
4.39704170e+00	2026-09-04T17:32:53.373828	0.00000000e+00	1	1	--	--	6.50438000e-01	5.30148000e-04
4.41029480e+00	2026-09-04T17:32:53.384359	0.00000000e+00	1	1	--	--	7.00434000e-01	5.30145000e-04
4.43332020e+00	2026-09-04T17:32:53.410944	0.00000000e+00	1	1	--	--	7.50487000e-01	5.30148000e-04
4.44095050e+00	2026-09-04T17:32:53.413857	0.00000000e+00	1	1	--	--	8.00528000e-01	5.30143000e-04
4.46224960e+00	2026-09-04T17:32:53.439687	0.00000000e+00	1	1	--	--	8.50584000e-01	5.30145000e-04
4.47705330e+00	2026-09-04T17:32:53.453827	0.00000000e+00	1	1	--	--	9.00587000e-01	5.30144000e-04
4.49156880e+00	2026-09-04T17:32:53.469959	0.00000000e+00	1	1	--	--	9.50641000e-01	5.30147000e-04
4.49939350e+00	2026-09-04T17:32:53.476398	0.00000000e+00	1	1	--	--	1.00067000e+00	5.30145000e-04
4.50682150e+00	2026-09-04T17:32:53.484003	0.00000000e+00	1	1	--	--	1.05073000e+00	5.30141000e-04
4.52797230e+00	2026-09-04T17:32:53.505726	0.00000000e+00	1	1	--	--	1.10073000e+00	5.30145000e-04
4.54215960e+00	2026-09-04T17:32:53.513787	0.00000000e+00	1	1	--	--	1.15079000e+00	5.30144000e-04
4.55399430e+00	2026-09-04T17:32:53.532291	0.00000000e+00	1	1	--	--	1.20080000e+00	5.30141000e-04
4.58056470e+00	2026-09-04T17:32:53.558347	0.00000000e+00	1	1	--	--	1.25088000e+00	5.30144000e-04
4.58840070e+00	2026-09-04T17:32:53.565866	0.00000000e+00	1	1	--	--	1.30091000e+00	5.30140000e-04
4.60349050e+00	2026-09-04T17:32:53.581940	0.00000000e+00	1	1	--	--	1.35095000e+00	5.30140000e-04
4.61634270e+00	2026-09-04T17:32:53.593845	0.00000000e+00	1	1	--	--	1.40097000e+00	5.30137000e-04
4.64356410e+00	2026-09-04T17:32:53.621253	0.00000000e+00	1	1	--	--	1.45101000e+00	5.30141000e-04
4.65143010e+00	2026-09-04T17:32:53.627984	0.00000000e+00	1	1	--	--	1.50101000e+00	5.30147000e-04
4.67233970e+00	2026-09-04T17:32:53.649151	0.00000000e+00	1	1	--	--	1.55108000e+00	5.30144000e-04
4.70370390e+00	2026-09-04T17:32:53.681008	0.00000000e+00	1	1	--	--	1.60110000e+00	5.30145000e-04
4.71236680e+00	2026-09-04T17:32:53.689864	0.00000000e+00	1	1	--	--	1.65115000e+00	5.30148000e-04
4.73664470e+00	2026-09-04T17:32:53.714186	0.00000000e+00	1	1	--	--	1.70115000e+00	5.30144000e-04
4.76888770e+00	2026-09-04T17:32:53.745055	0.00000000e+00	1	1	--	--	1.75122000e+00	5.30146000e-04
4.77706070e+00	2026-09-04T17:32:53.754022	0.00000000e+00	1	1	--	--	1.80125000e+00	5.30141000e-04
4.79864650e+00	2026-09-04T17:32:53.776586	0.00000000e+00	1	1	--	--	1.85127000e+00	5.30146000e-04
4.83035610e+00	2026-09-04T17:32:53.808204	0.00000000e+00	1	1	--	--	1.90129000e+00	5.30142000e-04
4.84333310e+00	2026-09-04T17:32:53.818776	0.00000000e+00	1	1	--	--	1.95133000e+00	5.30148000e-04
4.86293260e+00	2026-09-04T17:32:53.839950	0.00000000e+00	1	1	--	--	2.00137000e+00	5.30148000e-04
4.87700430e+00	2026-09-04T17:32:53.854048	0.00000000e+00	1	1	--	--	2.05076000e+00	5.30143000e-04
4.90764780e+00	2026-09-04T17:32:53.886108	0.00000000e+00	1	1	--	--	2.10070000e+00	5.30149000e-04
4.92992830e+00	2026-09-04T17:32:53.904043	0.00000000e+00	1	1	--	--	2.15085000e+00	5.30143000e-04
4.93978070e+00	2026-09-04T17:32:53.914242	0.00000000e+00	1	1	--	--	2.20110000e+00	5.30148000e-04
4.97129800e+00	2026-09-04T17:32:53.948090	0.00000000e+00	1	1	--	--	2.25078000e+00	5.30151000e-04
4.99516600e+00	2026-09-04T17:32:53.972493	0.00000000e+00	1	1	--	--	2.30087000e+00	5.30147000e-04
5.00325770e+00	2026-09-04T17:32:53.974003	0.00000000e+00	1	1	--	--	2.35116000e+00	5.30150000e-04
5.01962860e+00	2026-09-04T17:32:53.994151	0.00000000e+00	1	1	--	--	2.40083000e+00	5.30156000e-04
5.04557000e+00	2026-09-04T17:32:54.024105	0.00000000e+00	1	1	--	--	2.45095000e+00	5.30151000e-04
5.05337560e+00	2026-09-04T17:32:54.031885	0.00000000e+00	1	1	--	--	2.50111000e+00	5.30147000e-04
5.08302400e+00	2026-09-04T17:32:54.060691	0.00000000e+00	1	1	--	--	2.55121000e+00	5.30147000e-04
5.11126870e+00	2026-09-04T17:32:54.084043	0.00000000e+00	1	1	--	--	2.60114000e+00	5.30147000e-04
5.13406190e+00	2026-09-04T17:32:54.111486	0.00000000e+00	1	1	--	--	2.65113000e+00	5.30145000e-04
5.16598970e+00	2026-09-04T17:32:54.143902	0.00000000e+00	1	1	--	--	2.70138000e+00	5.30147000e-04
5.17939090e+00	2026-09-04T17:32:54.155927	0.00000000e+00	1	1	--	--	2.75123000e+00	5.30152000e-04
5.20093590e+00	2026-09-04T17:32:54.174229	0.00000000e+00	1	1	--	--	2.80116000e+00	5.30153000e-04
5.21053220e+00	2026-09-04T17:32:54.184249	0.00000000e+00	1	1	--	--	2.85141000e+00	5.30159000e-04
5.23717200e+00	2026-09-04T17:32:54.214182	0.00000000e+00	1	1	--	--	2.90154000e+00	5.30151000e-04
5.25325110e+00	2026-09-04T17:32:54.230025	0.00000000e+00	1	1	--	--	2.95162000e+00	5.30150000e-04
5.27650080e+00	2026-09-04T17:32:54.254612	0.00000000e+00	1	1	--	--	3.00133000e+00	5.30155000e-04
5.28366040e+00	2026-09-04T17:32:54.261158	0.00000000e+00	1	1	--	--	3.00149000e+00	5.30151000e-04
5.30053890e+00	2026-09-04T17:32:54.278148	0.00000000e+00	1	1	--	--	2.95165000e+00	5.30155000e-04
5.31729030e+00	2026-09-04T17:32:54.295819	0.00000000e+00	1	1	--	--	2.90163000e+00	5.30155000e-04
5.33172340e+00	2026-09-04T17:32:54.310107	0.00000000e+00	1	1	--	--	2.85138000e+00	5.30153000e-04
5.35584890e+00	2026-09-04T17:32:54.334192	0.00000000e+00	1	1	--	--	2.80132000e+00	5.30151000e-04
5.37201060e+00	2026-09-04T17:32:54.349182	0.00000000e+00	1	1	--	--	2.75146000e+00	5.30154000e-04
5.40014110e+00	2026-09-04T17:32:54.375307	0.00000000e+00	1	1	--	--	2.70148000e+00	5.30157000e-04
5.40777500e+00	2026-09-04T17:32:54.383920	0.00000000e+00	1	1	--	--	2.65113000e+00	5.30148000e-04
5.41536950e+00	2026-09-04T17:32:54.388970	0.00000000e+00	1	1	--	--	2.60122000e+00	5.30151000e-04
5.42986980e+00	2026-09-04T17:32:54.404106	0.00000000e+00	1	1	--	--	2.55123000e+00	5.30151000e-04
5.44228520e+00	2026-09-04T17:32:54.419158	0.00000000e+00	1	1	--	--	2.50122000e+00	5.30147000e-04
5.45048830e+00	2026-09-04T17:32:54.428964	0.00000000e+00	1	1	--	--	2.45088000e+00	5.30147000e-04
5.47850350e+00	2026-09-04T17:32:54.455951	0.00000000e+00	1	1	--	--	2.40091000e+00	5.30147000e-04
5.50182360e+00	2026-09-04T17:32:54.476428	0.00000000e+00	1	1	--	--	2.35128000e+00	5.30152000e-04
5.50942010e+00	2026-09-04T17:32:54.486207	0.00000000e+00	1	1	--	--	2.30089000e+00	5.30144000e-04
5.52702610e+00	2026-09-04T17:32:54.503899	0.00000000e+00	1	1	--	--	2.25084000e+00	5.30147000e-04
5.55108890e+00	2026-09-04T17:32:54.524095	0.00000000e+00	1	1	--	--	2.20108000e+00	5.30152000e-04
5.55928070e+00	2026-09-04T17:32:54.534232	0.00000000e+00	1	1	--	--	2.15087000e+00	5.30148000e-04
5.57322270e+00	2026-09-04T17:32:54.543875	0.00000000e+00	1	1	--	--	2.10068000e+00	5.30145000e-04
5.59746970e+00	2026-09-04T17:32:54.573948	0.00000000e+00	1	1	--	--	2.05097000e+00	5.30152000e-04
5.60503570e+00	2026-09-04T17:32:54.573948	0.00000000e+00	1	1	--	--	2.00138000e+00	5.30145000e-04
5.62767960e+00	2026-09-04T17:32:54.603891	0.00000000e+00	1	1	--	--	1.95136000e+00	5.30147000e-04
5.63540360e+00	2026-09-04T17:32:54.613849	0.00000000e+00	1	1	--	--	1.90130000e+00	5.30145000e-04
5.65815510e+00	2026-09-04T17:32:54.635483	0.00000000e+00	1	1	--	--	1.85127000e+00	5.30149000e-04
5.68011840e+00	2026-09-04T17:32:54.658122	0.00000000e+00	1	1	--	--	1.80124000e+00	5.30146000e-04
5.70417870e+00	2026-09-04T17:32:54.681598	0.00000000e+00	1	1	--	--	1.75122000e+00	5.30147000e-04
5.73584750e+00	2026-09-04T17:32:54.713962	0.00000000e+00	1	1	--	--	1.70115000e+00	5.30150000e-04
5.74382410e+00	2026-09-04T17:32:54.713962	0.00000000e+00	1	1	--	--	1.65115000e+00	5.30148000e-04
5.76830440e+00	2026-09-04T17:32:54.745583	0.00000000e+00	1	1	--	--	1.60111000e+00	5.30144000e-04
5.77682830e+00	2026-09-04T17:32:54.753956	0.00000000e+00	1	1	--	--	1.55106000e+00	5.30154000e-04
5.79993200e+00	2026-09-04T17:32:54.777362	0.00000000e+00	1	1	--	--	1.50102000e+00	5.30145000e-04
5.82189110e+00	2026-09-04T17:32:54.799944	0.00000000e+00	1	1	--	--	1.45102000e+00	5.30144000e-04
5.82976070e+00	2026-09-04T17:32:54.807999	0.00000000e+00	1	1	--	--	1.40098000e+00	5.30151000e-04
5.85307370e+00	2026-09-04T17:32:54.831512	0.00000000e+00	1	1	--	--	1.35095000e+00	5.30152000e-04
5.86201700e+00	2026-09-04T17:32:54.840058	0.00000000e+00	1	1	--	--	1.30091000e+00	5.30141000e-04
5.88276380e+00	2026-09-04T17:32:54.861280	0.00000000e+00	1	1	--	--	1.25087000e+00	5.30146000e-04
5.89102460e+00	2026-09-04T17:32:54.868070	0.00000000e+00	1	1	--	--	1.20081000e+00	5.30151000e-04
5.91195120e+00	2026-09-04T17:32:54.889496	0.00000000e+00	1	1	--	--	1.15080000e+00	5.30152000e-04
5.93251160e+00	2026-09-04T17:32:54.906973	0.00000000e+00	1	1	--	--	1.10073000e+00	5.30152000e-04
5.94052670e+00	2026-09-04T17:32:54.918213	0.00000000e+00	1	1	--	--	1.05074000e+00	5.30149000e-04
5.94835330e+00	2026-09-04T17:32:54.925184	0.00000000e+00	1	1	--	--	1.00069000e+00	5.30150000e-04
5.95696980e+00	2026-09-04T17:32:54.934218	0.00000000e+00	1	1	--	--	9.50634000e-01	5.30147000e-04
5.97536410e+00	2026-09-04T17:32:54.953879	0.00000000e+00	1	1	--	--	9.00591000e-01	5.30152000e-04
5.99767140e+00	2026-09-04T17:32:54.974192	0.00000000e+00	1	1	--	--	8.50574000e-01	5.30152000e-04
6.00547530e+00	2026-09-04T17:32:54.974192	0.00000000e+00	1	1	--	--	8.00528000e-01	5.30151000e-04
6.02727910e+00	2026-09-04T17:32:55.004173	0.00000000e+00	1	1	--	--	7.50491000e-01	5.30148000e-04
6.03506260e+00	2026-09-04T17:32:55.010214	0.00000000e+00	1	1	--	--	7.00426000e-01	5.30157000e-04
6.05632310e+00	2026-09-04T17:32:55.034008	0.00000000e+00	1	1	--	--	6.50408000e-01	5.30160000e-04
6.06625530e+00	2026-09-04T17:32:55.043928	0.00000000e+00	1	1	1.87058000e-01	-5.30232000e-04	6.00335000e-01	5.30154000e-04
6.09255490e+00	2026-09-04T17:32:55.069454	0.00000000e+00	1	1	1.37265000e-01	-5.30231000e-04	5.50321000e-01	5.30157000e-04
6.10660770e+00	2026-09-04T17:32:55.084130	0.00000000e+00	1	1	8.67608000e-02	-5.30233000e-04	5.00278000e-01	5.30158000e-04
6.11441470e+00	2026-09-04T17:32:55.090172	0.00000000e+00	1	1	3.64627000e-02	-5.30233000e-04	4.50247000e-01	5.30159000e-04
6.13606910e+00	2026-09-04T17:32:55.114043	0.00000000e+00	1	1	-7.02620000e-05	-5.06928000e-04	4.00194000e-01	5.07130000e-04
6.15806660e+00	2026-09-04T17:32:55.135853	0.00000000e+00	1	1	-6.78301000e-05	-4.18421000e-04	3.50163000e-01	4.18197000e-04
6.16595880e+00	2026-09-04T17:32:55.143873	0.00000000e+00	1	1	-5.67913000e-05	-3.35459000e-04	3.00128000e-01	3.35198000e-04
6.17379680e+00	2026-09-04T17:32:55.145400	0.00000000e+00	1	1	-6.12736000e-05	-2.68393000e-04	2.50103000e-01	2.68316000e-04
6.18160050e+00	2026-09-04T17:32:55.159425	0.00000000e+00	1	1	-5.39064000e-05	-1.95098000e-04	2.00184000e-01	1.95279000e-04
6.21503720e+00	2026-09-04T17:32:55.192916	0.00000000e+00	1	1	-4.99487000e-05	-1.32782000e-04	1.50152000e-01	1.32980000e-04
6.22409770e+00	2026-09-04T17:32:55.193922	0.00000000e+00	1	1	-4.52757000e-05	-8.15643000e-05	1.00116000e-01	8.16224000e-05
6.23636440e+00	2026-09-04T17:32:55.214205	0.00000000e+00	1	1	-4.38213000e-05	-3.83523000e-05	5.00710000e-02	3.83423000e-05
6.24453010e+00	2026-09-04T17:32:55.214205	0.00000000e+00	1	1	-4.06742000e-05	-1.02773000e-07	4.57048000e-05	1.10284000e-07
8.08771110e+00	2026-09-04T17:32:57.066146	0.00000000e+00	1	2	-4.97580000e-05	2.63214000e-11	3.03984000e-05	-9.92775000e-11
8.09587580e+00	2026-09-04T17:32:57.073816	0.00000000e+00	1	2	-1.54257000e-05	-1.04896000e-08	5.00543000e-02	2.20714000e-08
8.10426700e+00	2026-09-04T17:32:57.080851	0.00000000e+00	1	2	-2.56777000e-05	-4.63420000e-08	1.00103000e-01	7.87463000e-08
8.14480550e+00	2026-09-04T17:32:57.121582	0.00000000e+00	1	2	-1.99080000e-05	-9.87023000e-08	1.50132000e-01	1.50050000e-07
8.17998590e+00	2026-09-04T17:32:57.157942	0.00000000e+00	1	2	-2.53916000e-05	-2.25677000e-07	2.00184000e-01	1.87799000e-07
8.19768560e+00	2026-09-04T17:32:57.176220	0.00000000e+00	1	2	-4.14848000e-05	-2.47576000e-07	2.50111000e-01	2.51673000e-07
8.21954260e+00	2026-09-04T17:32:57.196390	0.00000000e+00	1	2	-4.41790000e-05	-3.21664000e-07	3.00125000e-01	3.22030000e-07
8.22729850e+00	2026-09-04T17:32:57.204066	0.00000000e+00	1	2	-4.19378000e-05	-3.92528000e-07	3.50157000e-01	3.95317000e-07
8.23932290e+00	2026-09-04T17:32:57.213863	0.00000000e+00	1	2	-4.02451000e-05	-4.66496000e-07	4.00187000e-01	4.76779000e-07
8.26141080e+00	2026-09-04T17:32:57.239894	0.00000000e+00	1	2	-4.53711000e-05	-5.88626000e-07	4.50265000e-01	1.06084000e-06
8.29080670e+00	2026-09-04T17:32:57.266162	0.00000000e+00	1	2	-5.84841000e-05	-1.05205000e-06	5.00271000e-01	1.04972000e-06
8.31371450e+00	2026-09-04T17:32:57.287576	0.00000000e+00	1	2	-4.49896000e-05	-1.26465000e-06	5.50301000e-01	1.31401000e-06
8.32148610e+00	2026-09-04T17:32:57.294201	0.00000000e+00	1	2	-4.38213000e-05	-1.52030000e-06	6.00338000e-01	1.51977000e-06
8.34148120e+00	2026-09-04T17:32:57.319321	0.00000000e+00	1	2	-4.16756000e-05	-1.84836000e-06	6.50428000e-01	1.68735000e-06
8.35328040e+00	2026-09-04T17:32:57.324018	0.00000000e+00	1	2	-5.09262000e-05	-1.91545000e-06	7.00422000e-01	1.95037000e-06
8.37320930e+00	2026-09-04T17:32:57.351112	0.00000000e+00	1	2	-4.78745000e-05	-2.37404000e-06	7.50486000e-01	2.32938000e-06
8.40534470e+00	2026-09-04T17:32:57.383140	0.00000000e+00	1	2	-4.95911000e-05	-3.19254000e-06	8.00522000e-01	3.05991000e-06
8.41359590e+00	2026-09-04T17:32:57.389061	0.00000000e+00	1	2	-3.84331000e-05	-3.89400000e-06	8.50570000e-01	3.91277000e-06
8.44219330e+00	2026-09-04T17:32:57.415273	0.00000000e+00	1	2	-5.02110000e-05	-4.46889000e-06	9.00587000e-01	4.27091000e-06
8.44998520e+00	2026-09-04T17:32:57.424080	0.00000000e+00	1	2	-3.79801000e-05	-4.82563000e-06	9.50654000e-01	4.94345000e-06
8.45803580e+00	2026-09-04T17:32:57.434011	0.00000000e+00	1	2	-3.77178000e-05	-6.06138000e-06	1.00068000e+00	6.31987000e-06
8.46539540e+00	2026-09-04T17:32:57.443892	0.00000000e+00	1	2	-3.43800000e-05	-6.79088000e-06	1.05071000e+00	6.95244000e-06
8.47756020e+00	2026-09-04T17:32:57.454083	0.00000000e+00	1	2	-8.16822000e-05	-4.02528000e-04	1.10074000e+00	3.97248000e-04
8.49610800e+00	2026-09-04T17:32:57.473838	0.00000000e+00	1	2	-7.84397000e-05	-4.38849000e-04	1.15081000e+00	4.39252000e-04
8.52168690e+00	2026-09-04T17:32:57.498988	0.00000000e+00	1	2	-8.11577000e-05	-4.45386000e-04	1.20082000e+00	4.40150000e-04
8.54185290e+00	2026-09-04T17:32:57.519174	0.00000000e+00	1	2	-7.75576000e-05	-4.77326000e-04	1.25088000e+00	4.74572000e-04
8.56407740e+00	2026-09-04T17:32:57.541631	0.00000000e+00	1	2	-7.63893000e-05	-4.85310000e-04	1.30088000e+00	4.88971000e-04
8.59594240e+00	2026-09-04T17:32:57.573902	0.00000000e+00	1	2	--	--	1.35094000e+00	5.30151000e-04
8.60465740e+00	2026-09-04T17:32:57.573902	0.00000000e+00	1	2	--	--	1.40095000e+00	5.30142000e-04
8.63246050e+00	2026-09-04T17:32:57.609245	0.00000000e+00	1	2	--	--	1.45100000e+00	5.30142000e-04
8.64072610e+00	2026-09-04T17:32:57.614257	0.00000000e+00	1	2	--	--	1.50100000e+00	5.30144000e-04
8.69089470e+00	2026-09-04T17:32:57.668338	0.00000000e+00	1	2	--	--	1.55110000e+00	5.30147000e-04
8.70009090e+00	2026-09-04T17:32:57.673961	0.00000000e+00	1	2	--	--	1.60109000e+00	5.30149000e-04
8.72332020e+00	2026-09-04T17:32:57.700120	0.00000000e+00	1	2	--	--	1.65113000e+00	5.30146000e-04
8.73526140e+00	2026-09-04T17:32:57.712893	0.00000000e+00	1	2	--	--	1.70115000e+00	5.30143000e-04
8.75420410e+00	2026-09-04T17:32:57.732090	0.00000000e+00	1	2	--	--	1.75121000e+00	5.30148000e-04
8.78598910e+00	2026-09-04T17:32:57.764066	0.00000000e+00	1	2	--	--	1.80121000e+00	5.30147000e-04
8.79454260e+00	2026-09-04T17:32:57.764066	0.00000000e+00	1	2	--	--	1.85127000e+00	5.30148000e-04
8.81852390e+00	2026-09-04T17:32:57.795830	0.00000000e+00	1	2	--	--	1.90129000e+00	5.30145000e-04
8.84421800e+00	2026-09-04T17:32:57.822167	0.00000000e+00	1	2	--	--	1.95133000e+00	5.30147000e-04
8.86671440e+00	2026-09-04T17:32:57.844097	0.00000000e+00	1	2	--	--	2.00136000e+00	5.30146000e-04
8.87542920e+00	2026-09-04T17:32:57.853922	0.00000000e+00	1	2	--	--	2.05074000e+00	5.30149000e-04
8.88858770e+00	2026-09-04T17:32:57.863800	0.00000000e+00	1	2	--	--	2.10054000e+00	5.30147000e-04
8.90853800e+00	2026-09-04T17:32:57.884064	0.00000000e+00	1	2	--	--	2.15098000e+00	5.30149000e-04
8.91656590e+00	2026-09-04T17:32:57.894095	0.00000000e+00	1	2	--	--	2.20112000e+00	5.30150000e-04
8.92454970e+00	2026-09-04T17:32:57.894095	0.00000000e+00	1	2	--	--	2.25101000e+00	5.30149000e-04
8.94566350e+00	2026-09-04T17:32:57.923801	0.00000000e+00	1	2	--	--	2.30088000e+00	5.30148000e-04
8.97784180e+00	2026-09-04T17:32:57.955378	0.00000000e+00	1	2	--	--	2.35100000e+00	5.30151000e-04
8.98643330e+00	2026-09-04T17:32:57.964107	0.00000000e+00	1	2	--	--	2.40093000e+00	5.30151000e-04
9.00948510e+00	2026-09-04T17:32:57.987214	0.00000000e+00	1	2	--	--	2.45098000e+00	5.30148000e-04
9.03299910e+00	2026-09-04T17:32:58.004090	0.00000000e+00	1	2	--	--	2.50113000e+00	5.30148000e-04
9.05758920e+00	2026-09-04T17:32:58.034973	0.00000000e+00	1	2	--	--	2.55125000e+00	5.30149000e-04
9.08370360e+00	2026-09-04T17:32:58.061568	0.00000000e+00	1	2	--	--	2.60106000e+00	5.30147000e-04
9.10489550e+00	2026-09-04T17:32:58.082424	0.00000000e+00	1	2	--	--	2.65117000e+00	5.30148000e-04
9.11285830e+00	2026-09-04T17:32:58.083932	0.00000000e+00	1	2	--	--	2.70129000e+00	5.30152000e-04
9.14214130e+00	2026-09-04T17:32:58.114060	0.00000000e+00	1	2	--	--	2.75131000e+00	5.30161000e-04
9.15023250e+00	2026-09-04T17:32:58.124146	0.00000000e+00	1	2	--	--	2.80134000e+00	5.30151000e-04
9.19133140e+00	2026-09-04T17:32:58.164312	0.00000000e+00	1	2	--	--	2.85148000e+00	5.30149000e-04
9.22281340e+00	2026-09-04T17:32:58.194023	0.00000000e+00	1	2	--	--	2.90166000e+00	5.30149000e-04
9.23095060e+00	2026-09-04T17:32:58.209320	0.00000000e+00	1	2	--	--	2.95133000e+00	5.30149000e-04
9.27944160e+00	2026-09-04T17:32:58.256814	0.00000000e+00	1	2	--	--	3.00147000e+00	5.30151000e-04
9.28649000e+00	2026-09-04T17:32:58.264009	0.00000000e+00	1	2	--	--	3.00155000e+00	5.30148000e-04
9.29419190e+00	2026-09-04T17:32:58.267033	0.00000000e+00	1	2	--	--	2.95135000e+00	5.30156000e-04
9.32693180e+00	2026-09-04T17:32:58.304273	0.00000000e+00	1	2	--	--	2.90160000e+00	5.30147000e-04
9.34976620e+00	2026-09-04T17:32:58.323789	0.00000000e+00	1	2	--	--	2.85168000e+00	5.30153000e-04
9.35789500e+00	2026-09-04T17:32:58.335980	0.00000000e+00	1	2	--	--	2.80129000e+00	5.30152000e-04
9.40676470e+00	2026-09-04T17:32:58.384252	0.00000000e+00	1	2	--	--	2.75116000e+00	5.30153000e-04
9.41585070e+00	2026-09-04T17:32:58.393803	0.00000000e+00	1	2	--	--	2.70148000e+00	5.30154000e-04
9.43688120e+00	2026-09-04T17:32:58.414153	0.00000000e+00	1	2	--	--	2.65116000e+00	5.30147000e-04
9.46004690e+00	2026-09-04T17:32:58.434119	0.00000000e+00	1	2	--	--	2.60113000e+00	5.30148000e-04
9.47353020e+00	2026-09-04T17:32:58.447599	0.00000000e+00	1	2	--	--	2.55146000e+00	5.30146000e-04
9.49521380e+00	2026-09-04T17:32:58.464906	0.00000000e+00	1	2	--	--	2.50131000e+00	5.30152000e-04
9.51846150e+00	2026-09-04T17:32:58.496500	0.00000000e+00	1	2	--	--	2.45079000e+00	5.30148000e-04
9.54747650e+00	2026-09-04T17:32:58.524085	0.00000000e+00	1	2	--	--	2.40101000e+00	5.30148000e-04
9.56950840e+00	2026-09-04T17:32:58.543973	0.00000000e+00	1	2	--	--	2.35098000e+00	5.30149000e-04
9.58147760e+00	2026-09-04T17:32:58.559120	0.00000000e+00	1	2	--	--	2.30087000e+00	5.30142000e-04
9.60630010e+00	2026-09-04T17:32:58.583883	0.00000000e+00	1	2	--	--	2.25095000e+00	5.30143000e-04
9.62881040e+00	2026-09-04T17:32:58.606557	0.00000000e+00	1	2	--	--	2.20113000e+00	5.30146000e-04
9.65319260e+00	2026-09-04T17:32:58.624062	0.00000000e+00	1	2	--	--	2.15092000e+00	5.30153000e-04
9.67682850e+00	2026-09-04T17:32:58.654183	0.00000000e+00	1	2	--	--	2.10042000e+00	5.30151000e-04
9.68485310e+00	2026-09-04T17:32:58.662178	0.00000000e+00	1	2	--	--	2.05075000e+00	5.30153000e-04
9.71271760e+00	2026-09-04T17:32:58.688957	0.00000000e+00	1	2	--	--	2.00137000e+00	5.30152000e-04
9.72040800e+00	2026-09-04T17:32:58.693852	0.00000000e+00	1	2	--	--	1.95137000e+00	5.30147000e-04
9.72806030e+00	2026-09-04T17:32:58.703809	0.00000000e+00	1	2	--	--	1.90130000e+00	5.30153000e-04
9.74148020e+00	2026-09-04T17:32:58.717877	0.00000000e+00	1	2	--	--	1.85127000e+00	5.30144000e-04
9.76371220e+00	2026-09-04T17:32:58.733912	0.00000000e+00	1	2	--	--	1.80125000e+00	5.30141000e-04
9.77145970e+00	2026-09-04T17:32:58.749588	0.00000000e+00	1	2	--	--	1.75122000e+00	5.30147000e-04
9.77903360e+00	2026-09-04T17:32:58.754161	0.00000000e+00	1	2	--	--	1.70116000e+00	5.30145000e-04
9.79226350e+00	2026-09-04T17:32:58.765295	0.00000000e+00	1	2	--	--	1.65112000e+00	5.30150000e-04
9.81464770e+00	2026-09-04T17:32:58.784051	0.00000000e+00	1	2	--	--	1.60108000e+00	5.30146000e-04
9.83539540e+00	2026-09-04T17:32:58.812977	0.00000000e+00	1	2	--	--	1.55108000e+00	5.30145000e-04
9.86605850e+00	2026-09-04T17:32:58.843869	0.00000000e+00	1	2	--	--	1.50102000e+00	5.30145000e-04
9.87394790e+00	2026-09-04T17:32:58.844666	0.00000000e+00	1	2	--	--	1.45103000e+00	5.30149000e-04
9.89792670e+00	2026-09-04T17:32:58.875739	0.00000000e+00	1	2	--	--	1.40096000e+00	5.30144000e-04
9.92235180e+00	2026-09-04T17:32:58.893825	0.00000000e+00	1	2	--	--	1.35095000e+00	5.30150000e-04
9.94677180e+00	2026-09-04T17:32:58.924107	0.00000000e+00	1	2	--	--	1.30094000e+00	5.30145000e-04
9.97454700e+00	2026-09-04T17:32:58.944155	0.00000000e+00	1	2	--	--	1.25087000e+00	5.30150000e-04
9.99407580e+00	2026-09-04T17:32:58.971660	0.00000000e+00	1	2	--	--	1.20084000e+00	5.30149000e-04
1.00026951e+01	2026-09-04T17:32:58.974167	0.00000000e+00	1	2	--	--	1.15079000e+00	5.30152000e-04
1.00302396e+01	2026-09-04T17:32:59.003973	0.00000000e+00	1	2	--	--	1.10075000e+00	5.30152000e-04
1.00382984e+01	2026-09-04T17:32:59.014220	0.00000000e+00	1	2	--	--	1.05073000e+00	5.30149000e-04
1.00575374e+01	2026-09-04T17:32:59.035733	0.00000000e+00	1	2	--	--	1.00067000e+00	5.30150000e-04
1.00883508e+01	2026-09-04T17:32:59.066129	0.00000000e+00	1	2	--	--	9.50670000e-01	5.30151000e-04
1.00961327e+01	2026-09-04T17:32:59.074285	0.00000000e+00	1	2	--	--	9.00588000e-01	5.30147000e-04
1.01240841e+01	2026-09-04T17:32:59.102079	0.00000000e+00	1	2	--	--	8.50585000e-01	5.30151000e-04
1.01380862e+01	2026-09-04T17:32:59.116170	0.00000000e+00	1	2	--	--	8.00488000e-01	5.30149000e-04
1.01455798e+01	2026-09-04T17:32:59.124032	0.00000000e+00	1	2	--	--	7.50498000e-01	5.30152000e-04
1.01536524e+01	2026-09-04T17:32:59.132042	0.00000000e+00	1	2	1.58601000e-01	-5.30228000e-04	7.00426000e-01	5.30153000e-04
1.01671984e+01	2026-09-04T17:32:59.145138	0.00000000e+00	1	2	1.08595000e-01	-5.30227000e-04	6.50417000e-01	5.30151000e-04
1.01908118e+01	2026-09-04T17:32:59.169322	0.00000000e+00	1	2	5.92185000e-02	-5.30224000e-04	6.00347000e-01	5.30153000e-04
1.02140821e+01	2026-09-04T17:32:59.191601	0.00000000e+00	1	2	9.04536000e-03	-5.30232000e-04	5.50337000e-01	5.30158000e-04
1.02274122e+01	2026-09-04T17:32:59.204998	0.00000000e+00	1	2	-8.62837000e-05	-4.57588000e-04	5.00273000e-01	4.57252000e-04
1.02497492e+01	2026-09-04T17:32:59.227649	0.00000000e+00	1	2	-7.80821000e-05	-3.67979000e-04	4.50255000e-01	3.67929000e-04
1.02583212e+01	2026-09-04T17:32:59.236174	0.00000000e+00	1	2	-6.99043000e-05	-2.83343000e-04	4.00218000e-01	2.83348000e-04
1.02662456e+01	2026-09-04T17:32:59.244285	0.00000000e+00	1	2	-6.30856000e-05	-2.05078000e-04	3.50181000e-01	2.05346000e-04
1.02738179e+01	2026-09-04T17:32:59.251798	0.00000000e+00	1	2	-6.22749000e-05	-1.40075000e-04	3.00134000e-01	1.39904000e-04
1.02859973e+01	2026-09-04T17:32:59.264108	0.00000000e+00	1	2	-6.15358000e-05	-9.25801000e-05	2.50089000e-01	9.28446000e-05
1.03060068e+01	2026-09-04T17:32:59.284204	0.00000000e+00	1	2	-5.79596000e-05	-6.07282000e-05	2.00184000e-01	6.07296000e-05
1.03140145e+01	2026-09-04T17:32:59.291551	0.00000000e+00	1	2	-5.64098000e-05	-3.93972000e-05	1.50149000e-01	3.93762000e-05
1.03372644e+01	2026-09-04T17:32:59.315132	0.00000000e+00	1	2	-5.41687000e-05	-2.38048000e-05	1.00112000e-01	2.38318000e-05
1.03610059e+01	2026-09-04T17:32:59.338818	0.00000000e+00	1	2	-5.38111000e-05	-1.13057000e-05	5.00752000e-02	1.12768000e-05
1.03845023e+01	2026-09-04T17:32:59.362951	0.00000000e+00	1	2	-5.40018000e-05	-3.16781000e-08	3.24726000e-05	2.97895000e-08
1.23445519e+01	2026-09-04T17:33:01.322703	0.00000000e+00	1	3	-5.91278000e-05	1.11067000e-10	3.86715000e-05	2.64359000e-10
1.23893497e+01	2026-09-04T17:33:01.364086	0.00000000e+00	1	3	-2.73705000e-05	-7.11030000e-09	5.00597000e-02	1.99587000e-08
1.24126641e+01	2026-09-04T17:33:01.390164	0.00000000e+00	1	3	-4.62532000e-05	-7.10945000e-08	1.00108000e-01	7.31204000e-08
1.24389106e+01	2026-09-04T17:33:01.414047	0.00000000e+00	1	3	-4.59909000e-05	-1.27678000e-07	1.50130000e-01	9.07796000e-08
1.24543052e+01	2026-09-04T17:33:01.424200	0.00000000e+00	1	3	-6.65903000e-05	-1.78865000e-07	2.00170000e-01	1.98082000e-07
1.24725928e+01	2026-09-04T17:33:01.444201	0.00000000e+00	1	3	-6.00100000e-05	-2.88491000e-07	2.50091000e-01	2.86551000e-07
1.24916222e+01	2026-09-04T17:33:01.469199	0.00000000e+00	1	3	-5.20945000e-05	-3.57002000e-07	3.00116000e-01	3.52986000e-07
1.24999944e+01	2026-09-04T17:33:01.474037	0.00000000e+00	1	3	-5.51701000e-05	-4.52025000e-07	3.50181000e-01	4.59124000e-07
1.25240057e+01	2026-09-04T17:33:01.501877	0.00000000e+00	1	3	-5.76735000e-05	-5.86961000e-07	4.00182000e-01	5.97008000e-07
1.25367381e+01	2026-09-04T17:33:01.514130	0.00000000e+00	1	3	-5.66006000e-05	-7.44849000e-07	4.50263000e-01	7.49409000e-07
1.25874294e+01	2026-09-04T17:33:01.565118	0.00000000e+00	1	3	-5.05686000e-05	-8.77503000e-07	5.00293000e-01	8.67670000e-07
1.25956372e+01	2026-09-04T17:33:01.573815	0.00000000e+00	1	3	-5.55277000e-05	-9.96476000e-07	5.50338000e-01	1.01121000e-06
1.26068322e+01	2026-09-04T17:33:01.584033	0.00000000e+00	1	3	-5.57899000e-05	-1.34593000e-06	6.00367000e-01	1.35013000e-06
1.26234613e+01	2026-09-04T17:33:01.597018	0.00000000e+00	1	3	-5.20945000e-05	-1.62056000e-06	6.50434000e-01	1.65710000e-06
1.26475492e+01	2026-09-04T17:33:01.624208	0.00000000e+00	1	3	-5.32627000e-05	-2.08160000e-06	7.00447000e-01	2.02829000e-06
1.26673379e+01	2026-09-04T17:33:01.645142	0.00000000e+00	1	3	-5.37157000e-05	-2.48670000e-06	7.50502000e-01	2.63398000e-06
1.26879160e+01	2026-09-04T17:33:01.663851	0.00000000e+00	1	3	-5.00441000e-05	-2.86531000e-06	8.00517000e-01	2.80546000e-06
1.26988647e+01	2026-09-04T17:33:01.677132	0.00000000e+00	1	3	-5.37157000e-05	-3.42097000e-06	8.50442000e-01	4.80582000e-06
1.27258383e+01	2026-09-04T17:33:01.704118	0.00000000e+00	1	3	-4.97580000e-05	-3.87758000e-06	9.00601000e-01	3.95106000e-06
1.27449001e+01	2026-09-04T17:33:01.713957	0.00000000e+00	1	3	-5.11169000e-05	-5.26040000e-06	9.50645000e-01	5.34671000e-06
1.27679077e+01	2026-09-04T17:33:01.744256	0.00000000e+00	1	3	-3.97921000e-05	-5.84046000e-06	1.00068000e+00	5.86945000e-06
1.27758196e+01	2026-09-04T17:33:01.753869	0.00000000e+00	1	3	-4.38213000e-05	-6.47423000e-06	1.05073000e+00	6.58913000e-06
1.27948031e+01	2026-09-04T17:33:01.772795	0.00000000e+00	1	3	-3.80754000e-05	-9.19002000e-06	1.10074000e+00	9.28707000e-06
1.28080869e+01	2026-09-04T17:33:01.784266	0.00000000e+00	1	3	-4.30107000e-05	-9.57943000e-06	1.15082000e+00	9.75648000e-06
1.28171891e+01	2026-09-04T17:33:01.794171	0.00000000e+00	1	3	-2.10762000e-05	-1.14376000e-05	1.20084000e+00	5.30147000e-04
1.28438088e+01	2026-09-04T17:33:01.820282	0.00000000e+00	1	3	--	--	1.25088000e+00	5.30154000e-04
1.28563266e+01	2026-09-04T17:33:01.833823	0.00000000e+00	1	3	--	--	1.30088000e+00	5.30148000e-04
1.29057385e+01	2026-09-04T17:33:01.884018	0.00000000e+00	1	3	--	--	1.35095000e+00	5.30149000e-04
1.29145896e+01	2026-09-04T17:33:01.884018	0.00000000e+00	1	3	--	--	1.40097000e+00	5.30148000e-04
1.29434784e+01	2026-09-04T17:33:01.916445	0.00000000e+00	1	3	--	--	1.45102000e+00	5.30147000e-04
1.29518743e+01	2026-09-04T17:33:01.924005	0.00000000e+00	1	3	--	--	1.50103000e+00	5.30150000e-04
1.30017328e+01	2026-09-04T17:33:01.979306	0.00000000e+00	1	3	--	--	1.55109000e+00	5.30151000e-04
1.30095821e+01	2026-09-04T17:33:01.984089	0.00000000e+00	1	3	--	--	1.60110000e+00	5.30151000e-04
1.30334724e+01	2026-09-04T17:33:02.010777	0.00000000e+00	1	3	--	--	1.65116000e+00	5.30151000e-04
1.30442930e+01	2026-09-04T17:33:02.021382	0.00000000e+00	1	3	--	--	1.70116000e+00	5.30143000e-04
1.30645278e+01	2026-09-04T17:33:02.042390	0.00000000e+00	1	3	--	--	1.75120000e+00	5.30151000e-04
1.30913213e+01	2026-09-04T17:33:02.064067	0.00000000e+00	1	3	--	--	1.80124000e+00	5.30152000e-04
1.31119692e+01	2026-09-04T17:33:02.089917	0.00000000e+00	1	3	--	--	1.85127000e+00	5.30148000e-04
1.31392413e+01	2026-09-04T17:33:02.113908	0.00000000e+00	1	3	--	--	1.90129000e+00	5.30144000e-04
1.31473984e+01	2026-09-04T17:33:02.124072	0.00000000e+00	1	3	--	--	1.95133000e+00	5.30149000e-04
1.31598613e+01	2026-09-04T17:33:02.137317	0.00000000e+00	1	3	--	--	2.00138000e+00	5.30152000e-04
1.31818025e+01	2026-09-04T17:33:02.153985	0.00000000e+00	1	3	--	--	2.05079000e+00	5.30148000e-04
1.31895293e+01	2026-09-04T17:33:02.164336	0.00000000e+00	1	3	--	--	2.10073000e+00	5.30156000e-04
1.32392769e+01	2026-09-04T17:33:02.217094	0.00000000e+00	1	3	--	--	2.15099000e+00	5.30152000e-04
1.32475621e+01	2026-09-04T17:33:02.223791	0.00000000e+00	1	3	--	--	2.20106000e+00	5.30156000e-04
1.32700884e+01	2026-09-04T17:33:02.248464	0.00000000e+00	1	3	--	--	2.25113000e+00	5.30153000e-04
1.32915428e+01	2026-09-04T17:33:02.264454	0.00000000e+00	1	3	--	--	2.30076000e+00	5.30152000e-04
1.33014968e+01	2026-09-04T17:33:02.279550	0.00000000e+00	1	3	--	--	2.35128000e+00	5.30147000e-04
1.33282572e+01	2026-09-04T17:33:02.304114	0.00000000e+00	1	3	--	--	2.40093000e+00	5.30152000e-04
1.33365583e+01	2026-09-04T17:33:02.314099	0.00000000e+00	1	3	--	--	2.45107000e+00	5.30158000e-04
1.33443038e+01	2026-09-04T17:33:02.314099	0.00000000e+00	1	3	--	--	2.50113000e+00	5.30153000e-04
1.33644329e+01	2026-09-04T17:33:02.333880	0.00000000e+00	1	3	--	--	2.55130000e+00	5.30153000e-04
1.33864500e+01	2026-09-04T17:33:02.364451	0.00000000e+00	1	3	--	--	2.60116000e+00	5.30153000e-04
1.33941794e+01	2026-09-04T17:33:02.364451	0.00000000e+00	1	3	--	--	2.65103000e+00	5.30156000e-04
1.34130447e+01	2026-09-04T17:33:02.390624	0.00000000e+00	1	3	--	--	2.70143000e+00	5.30157000e-04
1.34390683e+01	2026-09-04T17:33:02.414086	0.00000000e+00	1	3	--	--	2.75119000e+00	5.30155000e-04
1.34475266e+01	2026-09-04T17:33:02.423793	0.00000000e+00	1	3	--	--	2.80124000e+00	5.30148000e-04
1.34551483e+01	2026-09-04T17:33:02.423793	0.00000000e+00	1	3	--	--	2.85153000e+00	5.30154000e-04
1.34766329e+01	2026-09-04T17:33:02.453981	0.00000000e+00	1	3	--	--	2.90161000e+00	5.30152000e-04
1.35026776e+01	2026-09-04T17:33:02.473951	0.00000000e+00	1	3	--	--	2.95142000e+00	5.30152000e-04
1.35237616e+01	2026-09-04T17:33:02.501643	0.00000000e+00	1	3	--	--	3.00141000e+00	5.30149000e-04
1.35491266e+01	2026-09-04T17:33:02.524094	0.00000000e+00	1	3	--	--	3.00138000e+00	5.30153000e-04
1.35712844e+01	2026-09-04T17:33:02.549200	0.00000000e+00	1	3	--	--	2.95151000e+00	5.30149000e-04
1.35846385e+01	2026-09-04T17:33:02.554184	0.00000000e+00	1	3	--	--	2.90179000e+00	5.30151000e-04
1.36072635e+01	2026-09-04T17:33:02.583832	0.00000000e+00	1	3	--	--	2.85137000e+00	5.30160000e-04
1.36152562e+01	2026-09-04T17:33:02.583832	0.00000000e+00	1	3	--	--	2.80127000e+00	5.30151000e-04
1.36346644e+01	2026-09-04T17:33:02.612187	0.00000000e+00	1	3	--	--	2.75114000e+00	5.30151000e-04
1.36666204e+01	2026-09-04T17:33:02.644705	0.00000000e+00	1	3	--	--	2.70140000e+00	5.30153000e-04
1.36750596e+01	2026-09-04T17:33:02.644705	0.00000000e+00	1	3	--	--	2.65105000e+00	5.30154000e-04
1.36982187e+01	2026-09-04T17:33:02.675822	0.00000000e+00	1	3	--	--	2.60132000e+00	5.30156000e-04
1.37248609e+01	2026-09-04T17:33:02.693954	0.00000000e+00	1	3	--	--	2.55127000e+00	5.30157000e-04
1.37457876e+01	2026-09-04T17:33:02.724254	0.00000000e+00	1	3	--	--	2.50116000e+00	5.30147000e-04
1.37540358e+01	2026-09-04T17:33:02.724254	0.00000000e+00	1	3	--	--	2.45079000e+00	5.30148000e-04
1.37837861e+01	2026-09-04T17:33:02.755325	0.00000000e+00	1	3	--	--	2.40100000e+00	5.30151000e-04
1.37915257e+01	2026-09-04T17:33:02.765303	0.00000000e+00	1	3	--	--	2.35112000e+00	5.30152000e-04
1.38130828e+01	2026-09-04T17:33:02.787106	0.00000000e+00	1	3	--	--	2.30079000e+00	5.30145000e-04
1.38252493e+01	2026-09-04T17:33:02.802923	0.00000000e+00	1	3	--	--	2.25091000e+00	5.30151000e-04
1.38564590e+01	2026-09-04T17:33:02.834243	0.00000000e+00	1	3	--	--	2.20103000e+00	5.30146000e-04
1.38648397e+01	2026-09-04T17:33:02.834243	0.00000000e+00	1	3	--	--	2.15081000e+00	5.30145000e-04
1.38883768e+01	2026-09-04T17:33:02.865353	0.00000000e+00	1	3	--	--	2.10068000e+00	5.30149000e-04
1.39014283e+01	2026-09-04T17:33:02.873833	0.00000000e+00	1	3	--	--	2.05085000e+00	5.30149000e-04
1.39456999e+01	2026-09-04T17:33:02.923844	0.00000000e+00	1	3	--	--	2.00138000e+00	5.30146000e-04
1.39672942e+01	2026-09-04T17:33:02.945801	0.00000000e+00	1	3	--	--	1.95133000e+00	5.30148000e-04
1.39751466e+01	2026-09-04T17:33:02.945801	0.00000000e+00	1	3	--	--	1.90128000e+00	5.30145000e-04
1.39986443e+01	2026-09-04T17:33:02.976436	0.00000000e+00	1	3	--	--	1.85128000e+00	5.30144000e-04
1.40111724e+01	2026-09-04T17:33:02.984057	0.00000000e+00	1	3	--	--	1.80123000e+00	5.30152000e-04
1.40199981e+01	2026-09-04T17:33:02.993988	0.00000000e+00	1	3	--	--	1.75121000e+00	5.30140000e-04
1.40278989e+01	2026-09-04T17:33:03.003779	0.00000000e+00	1	3	--	--	1.70116000e+00	5.30147000e-04
1.40564476e+01	2026-09-04T17:33:03.033899	0.00000000e+00	1	3	--	--	1.65112000e+00	5.30145000e-04
1.40783757e+01	2026-09-04T17:33:03.055853	0.00000000e+00	1	3	--	--	1.60110000e+00	5.30148000e-04
1.40994180e+01	2026-09-04T17:33:03.074119	0.00000000e+00	1	3	--	--	1.55105000e+00	5.30148000e-04
1.41255551e+01	2026-09-04T17:33:03.103953	0.00000000e+00	1	3	--	--	1.50101000e+00	5.30151000e-04
1.41509897e+01	2026-09-04T17:33:03.124138	0.00000000e+00	1	3	--	--	1.45102000e+00	5.30148000e-04
1.41739498e+01	2026-09-04T17:33:03.152284	0.00000000e+00	1	3	--	--	1.40096000e+00	5.30143000e-04
1.42059526e+01	2026-09-04T17:33:03.183889	0.00000000e+00	1	3	--	--	1.35094000e+00	5.30149000e-04
1.42140552e+01	2026-09-04T17:33:03.183889	0.00000000e+00	1	3	--	--	1.30091000e+00	5.30147000e-04
1.42445683e+01	2026-09-04T17:33:03.215595	0.00000000e+00	1	3	--	--	1.25088000e+00	5.30147000e-04
1.42524002e+01	2026-09-04T17:33:03.223993	0.00000000e+00	1	3	--	--	1.20084000e+00	5.30146000e-04
1.42988303e+01	2026-09-04T17:33:03.274070	0.00000000e+00	1	3	--	--	1.15078000e+00	5.30145000e-04
1.43218332e+01	2026-09-04T17:33:03.295091	0.00000000e+00	1	3	--	--	1.10074000e+00	5.30147000e-04
1.43333710e+01	2026-09-04T17:33:03.311037	0.00000000e+00	1	3	--	--	1.05072000e+00	5.30149000e-04
1.43572974e+01	2026-09-04T17:33:03.333906	0.00000000e+00	1	3	--	--	1.00068000e+00	5.30146000e-04
1.43654530e+01	2026-09-04T17:33:03.343181	0.00000000e+00	1	3	--	--	9.50640000e-01	5.30146000e-04
1.43737986e+01	2026-09-04T17:33:03.344189	0.00000000e+00	1	3	--	--	9.00597000e-01	5.30152000e-04
1.43978129e+01	2026-09-04T17:33:03.375148	0.00000000e+00	1	3	--	--	8.50582000e-01	5.30150000e-04
1.44107983e+01	2026-09-04T17:33:03.384117	0.00000000e+00	1	3	--	--	8.00511000e-01	5.30149000e-04
1.44330528e+01	2026-09-04T17:33:03.407064	0.00000000e+00	1	3	1.95537000e-01	-5.30229000e-04	7.50468000e-01	5.30152000e-04
1.44449354e+01	2026-09-04T17:33:03.422704	0.00000000e+00	1	3	1.99704000e-01	-5.30227000e-04	7.00444000e-01	5.30149000e-04
1.44649526e+01	2026-09-04T17:33:03.438368	0.00000000e+00	1	3	1.49807000e-01	-5.30227000e-04	6.50412000e-01	5.30147000e-04
1.44727016e+01	2026-09-04T17:33:03.443932	0.00000000e+00	1	3	1.00878000e-01	-5.30227000e-04	6.00352000e-01	5.30153000e-04
1.44808141e+01	2026-09-04T17:33:03.457754	0.00000000e+00	1	3	5.26485000e-02	-5.30227000e-04	5.50341000e-01	5.30151000e-04
1.44883694e+01	2026-09-04T17:33:03.465837	0.00000000e+00	1	3	3.63724000e-03	-5.30229000e-04	5.00297000e-01	5.30152000e-04
1.44960521e+01	2026-09-04T17:33:03.473882	0.00000000e+00	1	3	-8.03471000e-05	-4.42471000e-04	4.50272000e-01	4.41846000e-04
1.45047103e+01	2026-09-04T17:33:03.473882	0.00000000e+00	1	3	-6.75678000e-05	-3.48654000e-04	4.00188000e-01	3.48280000e-04
1.45241473e+01	2026-09-04T17:33:03.502615	0.00000000e+00	1	3	-6.64949000e-05	-2.62317000e-04	3.50149000e-01	2.60313000e-04
1.45453340e+01	2026-09-04T17:33:03.523852	0.00000000e+00	1	3	-6.63042000e-05	-1.78352000e-04	3.00121000e-01	1.78720000e-04
1.45567288e+01	2026-09-04T17:33:03.534155	0.00000000e+00	1	3	-5.35488000e-05	-1.18856000e-04	2.50096000e-01	1.19162000e-04
1.45805509e+01	2026-09-04T17:33:03.553896	0.00000000e+00	1	3	-4.61578000e-05	-6.91403000e-05	2.00189000e-01	6.91569000e-05
1.46042933e+01	2026-09-04T17:33:03.581730	0.00000000e+00	1	3	-5.38111000e-05	-4.44888000e-05	1.50154000e-01	4.44666000e-05
1.46183978e+01	2026-09-04T17:33:03.594198	0.00000000e+00	1	3	-4.49896000e-05	-2.67195000e-05	1.00112000e-01	2.67138000e-05
1.46314222e+01	2026-09-04T17:33:03.603990	0.00000000e+00	1	3	-4.84228000e-05	-1.26715000e-05	5.00751000e-02	1.26524000e-05
1.46520181e+01	2026-09-04T17:33:03.629913	0.00000000e+00	1	3	-4.19378000e-05	-3.46446000e-08	3.48091000e-05	3.02685000e-08
1.67688632e+01	2026-09-04T17:33:05.744221	0.00000000e+00	1	4	-5.07593000e-05	1.22344000e-10	3.77655000e-05	9.53436000e-11
1.67767772e+01	2026-09-04T17:33:05.753884	0.00000000e+00	1	4	-2.14338000e-05	-5.66919000e-09	5.00631000e-02	1.71972000e-08
1.67958609e+01	2026-09-04T17:33:05.773904	0.00000000e+00	1	4	-4.98533000e-05	-5.96791000e-08	1.00118000e-01	6.28652000e-08
1.68280760e+01	2026-09-04T17:33:05.805010	0.00000000e+00	1	4	-4.22239000e-05	-9.21473000e-08	1.50143000e-01	9.75382000e-08
1.68555543e+01	2026-09-04T17:33:05.824033	0.00000000e+00	1	4	-3.06129000e-05	-2.03617000e-07	2.00177000e-01	2.17118000e-07
1.68693338e+01	2026-09-04T17:33:05.844178	0.00000000e+00	1	4	-5.69582000e-05	-2.73976000e-07	2.50097000e-01	2.80880000e-07
1.68779994e+01	2026-09-04T17:33:05.854273	0.00000000e+00	1	4	-5.22852000e-05	-3.78608000e-07	3.00128000e-01	3.93491000e-07
1.68903470e+01	2026-09-04T17:33:05.864096	0.00000000e+00	1	4	-5.00441000e-05	-3.93671000e-07	3.50168000e-01	4.81345000e-07
1.69267736e+01	2026-09-04T17:33:05.904153	0.00000000e+00	1	4	-5.19276000e-05	-6.38076000e-07	4.00207000e-01	6.36869000e-07
1.69552192e+01	2026-09-04T17:33:05.933124	0.00000000e+00	1	4	-5.44310000e-05	-8.34263000e-07	4.50262000e-01	8.11491000e-07
1.69627703e+01	2026-09-04T17:33:05.934131	0.00000000e+00	1	4	-5.75066000e-05	-9.63977000e-07	5.00247000e-01	9.38199000e-07
1.69711408e+01	2026-09-04T17:33:05.949093	0.00000000e+00	1	4	-5.40733000e-05	-1.20706000e-06	5.50321000e-01	1.16952000e-06
1.69985696e+01	2026-09-04T17:33:05.974038	0.00000000e+00	1	4	8.67367000e-05	-3.18992000e-06	6.00328000e-01	6.52389000e-06
1.70061887e+01	2026-09-04T17:33:05.983821	0.00000000e+00	1	4	-4.61578000e-05	-7.47164000e-06	6.50431000e-01	7.57635000e-06
1.70136837e+01	2026-09-04T17:33:05.983821	0.00000000e+00	1	4	-5.29051000e-05	-8.51489000e-06	7.00417000e-01	8.69875000e-06
1.70345952e+01	2026-09-04T17:33:06.012523	0.00000000e+00	1	4	-7.61986000e-05	-3.08198000e-04	7.50482000e-01	2.88457000e-04
1.70666688e+01	2026-09-04T17:33:06.044743	0.00000000e+00	1	4	-8.31366000e-05	-3.20714000e-04	8.00524000e-01	3.22576000e-04
1.70751664e+01	2026-09-04T17:33:06.044743	0.00000000e+00	1	4	-8.22306000e-05	-3.59120000e-04	8.50600000e-01	3.57143000e-04
1.70985740e+01	2026-09-04T17:33:06.075804	0.00000000e+00	1	4	-8.66413000e-05	-3.62466000e-04	9.00579000e-01	5.30152000e-04
1.71119954e+01	2026-09-04T17:33:06.084025	0.00000000e+00	1	4	1.62201000e-01	-5.30228000e-04	9.50642000e-01	5.30154000e-04
1.71625599e+01	2026-09-04T17:33:06.139863	0.00000000e+00	1	4	--	--	1.00067000e+00	5.30149000e-04
1.71703133e+01	2026-09-04T17:33:06.143822	0.00000000e+00	1	4	--	--	1.05073000e+00	5.30149000e-04
1.71942376e+01	2026-09-04T17:33:06.171732	0.00000000e+00	1	4	--	--	1.10077000e+00	5.30141000e-04
1.72252309e+01	2026-09-04T17:33:06.203101	0.00000000e+00	1	4	--	--	1.15082000e+00	5.30151000e-04
1.72335363e+01	2026-09-04T17:33:06.204109	0.00000000e+00	1	4	--	--	1.20084000e+00	5.30149000e-04
1.72577323e+01	2026-09-04T17:33:06.235218	0.00000000e+00	1	4	--	--	1.25088000e+00	5.30146000e-04
1.72844368e+01	2026-09-04T17:33:06.254251	0.00000000e+00	1	4	--	--	1.30088000e+00	5.30146000e-04
1.73052276e+01	2026-09-04T17:33:06.283172	0.00000000e+00	1	4	--	--	1.35095000e+00	5.30148000e-04
1.73128416e+01	2026-09-04T17:33:06.284179	0.00000000e+00	1	4	--	--	1.40097000e+00	5.30149000e-04
1.73274637e+01	2026-09-04T17:33:06.304058	0.00000000e+00	1	4	--	--	1.45102000e+00	5.30144000e-04
1.73522031e+01	2026-09-04T17:33:06.329993	0.00000000e+00	1	4	--	--	1.50103000e+00	5.30144000e-04
1.73600360e+01	2026-09-04T17:33:06.333954	0.00000000e+00	1	4	--	--	1.55107000e+00	5.30152000e-04
1.73841995e+01	2026-09-04T17:33:06.361758	0.00000000e+00	1	4	--	--	1.60110000e+00	5.30146000e-04
1.74163255e+01	2026-09-04T17:33:06.394134	0.00000000e+00	1	4	--	--	1.65116000e+00	5.30151000e-04
1.74241746e+01	2026-09-04T17:33:06.395245	0.00000000e+00	1	4	--	--	1.70116000e+00	5.30147000e-04
1.74319917e+01	2026-09-04T17:33:06.410214	0.00000000e+00	1	4	--	--	1.75120000e+00	5.30154000e-04
1.74702857e+01	2026-09-04T17:33:06.443761	0.00000000e+00	1	4	--	--	1.80125000e+00	5.30145000e-04
1.74959729e+01	2026-09-04T17:33:06.473953	0.00000000e+00	1	4	--	--	1.85128000e+00	5.30146000e-04
1.75043197e+01	2026-09-04T17:33:06.473953	0.00000000e+00	1	4	--	--	1.90131000e+00	5.30149000e-04
1.75285097e+01	2026-09-04T17:33:06.505349	0.00000000e+00	1	4	--	--	1.95134000e+00	5.30152000e-04
1.75413981e+01	2026-09-04T17:33:06.513841	0.00000000e+00	1	4	--	--	2.00137000e+00	5.30146000e-04
1.75637769e+01	2026-09-04T17:33:06.536729	0.00000000e+00	1	4	--	--	2.05085000e+00	5.30148000e-04
1.75746568e+01	2026-09-04T17:33:06.552397	0.00000000e+00	1	4	--	--	2.10079000e+00	5.30154000e-04
1.76064250e+01	2026-09-04T17:33:06.583771	0.00000000e+00	1	4	--	--	2.15099000e+00	5.30156000e-04
1.76146267e+01	2026-09-04T17:33:06.583771	0.00000000e+00	1	4	--	--	2.20112000e+00	5.30150000e-04
1.76374540e+01	2026-09-04T17:33:06.615387	0.00000000e+00	1	4	--	--	2.25084000e+00	5.30151000e-04
1.76628558e+01	2026-09-04T17:33:06.634100	0.00000000e+00	1	4	--	--	2.30100000e+00	5.30143000e-04
1.76858941e+01	2026-09-04T17:33:06.663891	0.00000000e+00	1	4	--	--	2.35123000e+00	5.30151000e-04
1.77071522e+01	2026-09-04T17:33:06.683919	0.00000000e+00	1	4	--	--	2.40100000e+00	5.30152000e-04
1.77338660e+01	2026-09-04T17:33:06.711404	0.00000000e+00	1	4	--	--	2.45097000e+00	5.30152000e-04
1.77661868e+01	2026-09-04T17:33:06.743886	0.00000000e+00	1	4	--	--	2.50131000e+00	5.30159000e-04
1.77744776e+01	2026-09-04T17:33:06.746164	0.00000000e+00	1	4	--	--	2.55135000e+00	5.30149000e-04
1.77981281e+01	2026-09-04T17:33:06.775492	0.00000000e+00	1	4	--	--	2.60117000e+00	5.30148000e-04
1.78112401e+01	2026-09-04T17:33:06.783909	0.00000000e+00	1	4	--	--	2.65115000e+00	5.30151000e-04
1.78449237e+01	2026-09-04T17:33:06.822958	0.00000000e+00	1	4	--	--	2.70153000e+00	5.30145000e-04
1.78601626e+01	2026-09-04T17:33:06.833982	0.00000000e+00	1	4	--	--	2.75136000e+00	5.30149000e-04
1.79082446e+01	2026-09-04T17:33:06.886374	0.00000000e+00	1	4	--	--	2.80128000e+00	5.30149000e-04
1.79170748e+01	2026-09-04T17:33:06.893834	0.00000000e+00	1	4	--	--	2.85148000e+00	5.30151000e-04
1.79412039e+01	2026-09-04T17:33:06.917594	0.00000000e+00	1	4	--	--	2.90154000e+00	5.30157000e-04
1.79535028e+01	2026-09-04T17:33:06.924047	0.00000000e+00	1	4	--	--	2.95151000e+00	5.30152000e-04
1.79873917e+01	2026-09-04T17:33:06.965068	0.00000000e+00	1	4	--	--	3.00155000e+00	5.30149000e-04
1.80079004e+01	2026-09-04T17:33:06.984048	0.00000000e+00	1	4	--	--	3.00146000e+00	5.30154000e-04
1.80163723e+01	2026-09-04T17:33:06.993842	0.00000000e+00	1	4	--	--	2.95146000e+00	5.30200000e-04
1.80355775e+01	2026-09-04T17:33:07.014072	0.00000000e+00	1	4	--	--	2.90165000e+00	5.30150000e-04
1.80581350e+01	2026-09-04T17:33:07.034190	0.00000000e+00	1	4	--	--	2.85158000e+00	5.30153000e-04
1.80821942e+01	2026-09-04T17:33:07.060071	0.00000000e+00	1	4	--	--	2.80132000e+00	5.30151000e-04
1.80903322e+01	2026-09-04T17:33:07.064196	0.00000000e+00	1	4	--	--	2.75121000e+00	5.30155000e-04
1.81155605e+01	2026-09-04T17:33:07.092118	0.00000000e+00	1	4	--	--	2.70154000e+00	5.30151000e-04
1.81285451e+01	2026-09-04T17:33:07.104266	0.00000000e+00	1	4	--	--	2.65126000e+00	5.30150000e-04
1.81784581e+01	2026-09-04T17:33:07.155889	0.00000000e+00	1	4	--	--	2.60137000e+00	5.30143000e-04
1.81865303e+01	2026-09-04T17:33:07.164034	0.00000000e+00	1	4	--	--	2.55135000e+00	5.30152000e-04
1.82099221e+01	2026-09-04T17:33:07.187736	0.00000000e+00	1	4	--	--	2.50131000e+00	5.30153000e-04
1.82222664e+01	2026-09-04T17:33:07.196406	0.00000000e+00	1	4	--	--	2.45082000e+00	5.30148000e-04
1.82419422e+01	2026-09-04T17:33:07.219791	0.00000000e+00	1	4	--	--	2.40103000e+00	5.30151000e-04
1.82502561e+01	2026-09-04T17:33:07.223915	0.00000000e+00	1	4	--	--	2.35108000e+00	5.30151000e-04
1.82746935e+01	2026-09-04T17:33:07.251755	0.00000000e+00	1	4	--	--	2.30078000e+00	5.30148000e-04
1.82876747e+01	2026-09-04T17:33:07.264181	0.00000000e+00	1	4	--	--	2.25086000e+00	5.30152000e-04
1.83217194e+01	2026-09-04T17:33:07.299301	0.00000000e+00	1	4	--	--	2.20105000e+00	5.30147000e-04
1.83438133e+01	2026-09-04T17:33:07.315248	0.00000000e+00	1	4	--	--	2.15099000e+00	5.30144000e-04
1.83520127e+01	2026-09-04T17:33:07.323793	0.00000000e+00	1	4	--	--	2.10075000e+00	5.30148000e-04
1.83850374e+01	2026-09-04T17:33:07.363049	0.00000000e+00	1	4	--	--	2.05081000e+00	5.30147000e-04
1.84010783e+01	2026-09-04T17:33:07.379087	0.00000000e+00	1	4	--	--	2.00137000e+00	5.30151000e-04
1.84282107e+01	2026-09-04T17:33:07.404213	0.00000000e+00	1	4	--	--	1.95136000e+00	5.30154000e-04
1.84481322e+01	2026-09-04T17:33:07.424242	0.00000000e+00	1	4	--	--	1.90128000e+00	5.30148000e-04
1.84761123e+01	2026-09-04T17:33:07.454251	0.00000000e+00	1	4	--	--	1.85129000e+00	5.30149000e-04
1.84950123e+01	2026-09-04T17:33:07.469125	0.00000000e+00	1	4	--	--	1.80122000e+00	5.30150000e-04
1.85445495e+01	2026-09-04T17:33:07.522413	0.00000000e+00	1	4	--	--	1.75121000e+00	5.30153000e-04
1.85524026e+01	2026-09-04T17:33:07.523921	0.00000000e+00	1	4	--	--	1.70115000e+00	5.30156000e-04
1.85773840e+01	2026-09-04T17:33:07.553930	0.00000000e+00	1	4	--	--	1.65115000e+00	5.30142000e-04
1.85900776e+01	2026-09-04T17:33:07.563849	0.00000000e+00	1	4	--	--	1.60110000e+00	5.30137000e-04
1.86277460e+01	2026-09-04T17:33:07.604186	0.00000000e+00	1	4	--	--	1.55106000e+00	5.30147000e-04
1.86561486e+01	2026-09-04T17:33:07.634084	0.00000000e+00	1	4	--	--	1.50103000e+00	5.30144000e-04
1.86774219e+01	2026-09-04T17:33:07.653847	0.00000000e+00	1	4	--	--	1.45101000e+00	5.30146000e-04
1.87039329e+01	2026-09-04T17:33:07.681454	0.00000000e+00	1	4	--	--	1.40096000e+00	5.30143000e-04
1.87121036e+01	2026-09-04T17:33:07.683782	0.00000000e+00	1	4	--	--	1.35097000e+00	5.30151000e-04
1.87363313e+01	2026-09-04T17:33:07.713932	0.00000000e+00	1	4	--	--	1.30088000e+00	5.30149000e-04
1.87478350e+01	2026-09-04T17:33:07.723934	0.00000000e+00	1	4	--	--	1.25089000e+00	5.30156000e-04
1.87665347e+01	2026-09-04T17:33:07.743968	0.00000000e+00	1	4	--	--	1.20084000e+00	5.30152000e-04
1.87874030e+01	2026-09-04T17:33:07.764133	0.00000000e+00	1	4	--	--	1.15080000e+00	5.30157000e-04
1.88139430e+01	2026-09-04T17:33:07.791499	0.00000000e+00	1	4	--	--	1.10075000e+00	5.30149000e-04
1.88459000e+01	2026-09-04T17:33:07.824172	0.00000000e+00	1	4	--	--	1.05074000e+00	5.30154000e-04
1.88540839e+01	2026-09-04T17:33:07.824172	0.00000000e+00	1	4	--	--	1.00070000e+00	5.30150000e-04
1.88788357e+01	2026-09-04T17:33:07.855524	0.00000000e+00	1	4	1.62915000e-01	-5.30224000e-04	9.50641000e-01	5.30151000e-04
1.88926082e+01	2026-09-04T17:33:07.864013	0.00000000e+00	1	4	1.13736000e-01	-5.30231000e-04	9.00607000e-01	5.30156000e-04
1.89412419e+01	2026-09-04T17:33:07.918827	0.00000000e+00	1	4	6.42726000e-02	-5.30232000e-04	8.50601000e-01	5.30153000e-04
1.89490656e+01	2026-09-04T17:33:07.924143	0.00000000e+00	1	4	1.50742000e-02	-5.30231000e-04	8.00528000e-01	5.30152000e-04
1.89725165e+01	2026-09-04T17:33:07.950007	0.00000000e+00	1	4	-7.73668000e-05	-4.71880000e-04	7.50521000e-01	4.71257000e-04
1.90044161e+01	2026-09-04T17:33:07.981707	0.00000000e+00	1	4	-6.86407000e-05	-3.89584000e-04	7.00442000e-01	3.89616000e-04
1.90126870e+01	2026-09-04T17:33:07.984216	0.00000000e+00	1	4	-6.92844000e-05	-3.11021000e-04	6.50439000e-01	3.11294000e-04
1.90382331e+01	2026-09-04T17:33:08.014086	0.00000000e+00	1	4	-6.37054000e-05	-2.38410000e-04	6.00365000e-01	2.38383000e-04
1.90506822e+01	2026-09-04T17:33:08.029185	0.00000000e+00	1	4	-6.08206000e-05	-1.76089000e-04	5.50323000e-01	1.76277000e-04
1.90725718e+01	2026-09-04T17:33:08.044945	0.00000000e+00	1	4	-5.18322000e-05	-1.29709000e-04	5.00282000e-01	1.29781000e-04
1.90831512e+01	2026-09-04T17:33:08.060984	0.00000000e+00	1	4	-6.10113000e-05	-9.55416000e-05	4.50271000e-01	9.55185000e-05
1.91110318e+01	2026-09-04T17:33:08.084251	0.00000000e+00	1	4	-5.30958000e-05	-7.29313000e-05	4.00193000e-01	7.28994000e-05
1.91187981e+01	2026-09-04T17:33:08.093820	0.00000000e+00	1	4	-5.08547000e-05	-5.63372000e-05	3.50162000e-01	5.63100000e-05
1.91266994e+01	2026-09-04T17:33:08.104135	0.00000000e+00	1	4	-4.98533000e-05	-4.35583000e-05	3.00129000e-01	4.35210000e-05
1.91430003e+01	2026-09-04T17:33:08.114243	0.00000000e+00	1	4	-5.05686000e-05	-3.34228000e-05	2.50116000e-01	3.33900000e-05
1.91658972e+01	2026-09-04T17:33:08.143976	0.00000000e+00	1	4	-5.24521000e-05	-2.49129000e-05	2.00191000e-01	2.48815000e-05
1.91736919e+01	2026-09-04T17:33:08.143976	0.00000000e+00	1	4	-5.34534000e-05	-1.77279000e-05	1.50161000e-01	1.77171000e-05
1.91942488e+01	2026-09-04T17:33:08.171694	0.00000000e+00	1	4	-5.30958000e-05	-1.14269000e-05	1.00129000e-01	1.14060000e-05
1.92149350e+01	2026-09-04T17:33:08.187724	0.00000000e+00	1	4	-5.38111000e-05	-5.60578000e-06	5.00925000e-02	5.60924000e-06
1.92425316e+01	2026-09-04T17:33:08.220082	0.00000000e+00	1	4	-4.57287000e-05	-1.56641000e-08	4.48942000e-05	1.56587000e-08
2.12393301e+01	2026-09-04T17:33:10.213845	0.00000000e+00	1	5	-5.36442000e-05	-6.93560000e-11	4.02927000e-05	1.63376000e-10
2.12538932e+01	2026-09-04T17:33:10.232043	0.00000000e+00	1	5	-1.18971000e-05	-1.81376000e-08	5.00594000e-02	3.50433000e-08
2.12665027e+01	2026-09-04T17:33:10.244047	0.00000000e+00	1	5	-3.81470000e-06	-6.84587000e-08	1.00083000e-01	8.41758000e-08
2.12741237e+01	2026-09-04T17:33:10.252404	0.00000000e+00	1	5	-2.52962000e-05	-2.04109000e-07	1.50139000e-01	2.14766000e-07
2.12871102e+01	2026-09-04T17:33:10.263820	0.00000000e+00	1	5	-5.39064000e-05	-2.46723000e-07	2.00187000e-01	2.49079000e-07
2.12948127e+01	2026-09-04T17:33:10.263820	0.00000000e+00	1	5	-4.58002000e-05	-3.58687000e-07	2.50110000e-01	3.65864000e-07
2.13256982e+01	2026-09-04T17:33:10.304074	0.00000000e+00	1	5	-4.66108000e-05	-4.61047000e-07	3.00116000e-01	4.67208000e-07
2.13477975e+01	2026-09-04T17:33:10.324185	0.00000000e+00	1	5	-4.65393000e-05	-4.34739000e-07	3.50176000e-01	5.95856000e-07
2.13768074e+01	2026-09-04T17:33:10.354244	0.00000000e+00	1	5	-5.00441000e-05	-5.59500000e-07	4.00197000e-01	5.49432000e-07
2.13975104e+01	2026-09-04T17:33:10.374158	0.00000000e+00	1	5	-4.93050000e-05	-7.31739000e-07	4.50252000e-01	7.34616000e-07
2.14243199e+01	2026-09-04T17:33:10.401785	0.00000000e+00	1	5	-4.31061000e-05	-8.92054000e-07	5.00262000e-01	8.98086000e-07
2.14324160e+01	2026-09-04T17:33:10.403796	0.00000000e+00	1	5	-5.08547000e-05	-1.15462000e-06	5.50341000e-01	1.15902000e-06
2.14512943e+01	2026-09-04T17:33:10.428974	0.00000000e+00	1	5	-4.92334000e-05	-1.43135000e-06	6.00366000e-01	1.44606000e-06
2.14628674e+01	2026-09-04T17:33:10.439378	0.00000000e+00	1	5	-5.30005000e-05	-1.67346000e-06	6.50425000e-01	1.59270000e-06
2.14875281e+01	2026-09-04T17:33:10.465105	0.00000000e+00	1	5	-4.80652000e-05	-1.89050000e-06	7.00428000e-01	1.80708000e-06
2.14957718e+01	2026-09-04T17:33:10.473934	0.00000000e+00	1	5	-5.36442000e-05	-1.96470000e-06	7.50491000e-01	1.86141000e-06
2.15202050e+01	2026-09-04T17:33:10.497110	0.00000000e+00	1	5	-4.24862000e-05	-2.50762000e-06	8.00509000e-01	2.84591000e-06
2.15343201e+01	2026-09-04T17:33:10.509178	0.00000000e+00	1	5	-4.52757000e-05	-3.23166000e-06	8.50598000e-01	2.87254000e-06
2.15565516e+01	2026-09-04T17:33:10.533805	0.00000000e+00	1	5	-4.83274000e-05	-3.33018000e-06	9.00569000e-01	3.25382000e-06
2.15645339e+01	2026-09-04T17:33:10.533805	0.00000000e+00	1	5	-6.98090000e-05	-4.10737000e-06	9.50659000e-01	3.78091000e-06
2.15771449e+01	2026-09-04T17:33:10.554070	0.00000000e+00	1	5	1.60514000e-01	-5.30265000e-04	1.00068000e+00	5.30163000e-04
2.16037250e+01	2026-09-04T17:33:10.576929	0.00000000e+00	1	5	--	--	1.05074000e+00	5.30148000e-04
2.16117931e+01	2026-09-04T17:33:10.587229	0.00000000e+00	1	5	--	--	1.10075000e+00	5.30153000e-04
2.16194869e+01	2026-09-04T17:33:10.594081	0.00000000e+00	1	5	--	--	1.15081000e+00	5.30148000e-04
2.16472929e+01	2026-09-04T17:33:10.624104	0.00000000e+00	1	5	--	--	1.20085000e+00	5.30148000e-04
2.16606588e+01	2026-09-04T17:33:10.634053	0.00000000e+00	1	5	--	--	1.25087000e+00	5.30149000e-04
2.16825148e+01	2026-09-04T17:33:10.659004	0.00000000e+00	1	5	--	--	1.30090000e+00	5.30143000e-04
2.16930213e+01	2026-09-04T17:33:10.671096	0.00000000e+00	1	5	--	--	1.35096000e+00	5.30147000e-04
2.17194534e+01	2026-09-04T17:33:10.697263	0.00000000e+00	1	5	--	--	1.40098000e+00	5.30143000e-04
2.17274812e+01	2026-09-04T17:33:10.704031	0.00000000e+00	1	5	--	--	1.45102000e+00	5.30148000e-04
2.17352855e+01	2026-09-04T17:33:10.709191	0.00000000e+00	1	5	--	--	1.50102000e+00	5.30144000e-04
2.17574310e+01	2026-09-04T17:33:10.735312	0.00000000e+00	1	5	--	--	1.55110000e+00	5.30142000e-04
2.17802438e+01	2026-09-04T17:33:10.754045	0.00000000e+00	1	5	--	--	1.60112000e+00	5.30146000e-04
2.18055104e+01	2026-09-04T17:33:10.783887	0.00000000e+00	1	5	--	--	1.65114000e+00	5.30148000e-04
2.18135265e+01	2026-09-04T17:33:10.783887	0.00000000e+00	1	5	--	--	1.70116000e+00	5.30143000e-04
2.18262202e+01	2026-09-04T17:33:10.803976	0.00000000e+00	1	5	--	--	1.75123000e+00	5.30148000e-04
2.18465358e+01	2026-09-04T17:33:10.824025	0.00000000e+00	1	5	--	--	1.80124000e+00	5.30144000e-04
2.18690736e+01	2026-09-04T17:33:10.846873	0.00000000e+00	1	5	--	--	1.85127000e+00	5.30144000e-04
2.18827103e+01	2026-09-04T17:33:10.859041	0.00000000e+00	1	5	--	--	1.90130000e+00	5.30143000e-04
2.19081893e+01	2026-09-04T17:33:10.884109	0.00000000e+00	1	5	--	--	1.95135000e+00	5.30151000e-04
2.19311877e+01	2026-09-04T17:33:10.909057	0.00000000e+00	1	5	--	--	2.00137000e+00	5.30148000e-04
2.19438546e+01	2026-09-04T17:33:10.919565	0.00000000e+00	1	5	--	--	2.05060000e+00	5.30147000e-04
2.19685243e+01	2026-09-04T17:33:10.944303	0.00000000e+00	1	5	--	--	2.10067000e+00	5.30149000e-04
2.19765015e+01	2026-09-04T17:33:10.954085	0.00000000e+00	1	5	--	--	2.15096000e+00	5.30144000e-04
2.19843715e+01	2026-09-04T17:33:10.955939	0.00000000e+00	1	5	--	--	2.20108000e+00	5.30149000e-04
2.19972600e+01	2026-09-04T17:33:10.974155	0.00000000e+00	1	5	--	--	2.25085000e+00	5.30141000e-04
2.20268110e+01	2026-09-04T17:33:11.004594	0.00000000e+00	1	5	--	--	2.30093000e+00	5.30149000e-04
2.20347318e+01	2026-09-04T17:33:11.004594	0.00000000e+00	1	5	--	--	2.35128000e+00	5.30148000e-04
2.20589386e+01	2026-09-04T17:33:11.036371	0.00000000e+00	1	5	--	--	2.40108000e+00	5.30152000e-04
2.20890852e+01	2026-09-04T17:33:11.064217	0.00000000e+00	1	5	--	--	2.45107000e+00	5.30144000e-04
2.21116872e+01	2026-09-04T17:33:11.083888	0.00000000e+00	1	5	--	--	2.50137000e+00	5.30165000e-04
2.21216331e+01	2026-09-04T17:33:11.099609	0.00000000e+00	1	5	--	--	2.55137000e+00	5.30147000e-04
2.21490338e+01	2026-09-04T17:33:11.123915	0.00000000e+00	1	5	--	--	2.60133000e+00	5.30144000e-04
2.21568375e+01	2026-09-04T17:33:11.134057	0.00000000e+00	1	5	--	--	2.65121000e+00	5.30140000e-04
2.21650551e+01	2026-09-04T17:33:11.142225	0.00000000e+00	1	5	--	--	2.70150000e+00	5.30141000e-04
2.21776034e+01	2026-09-04T17:33:11.154094	0.00000000e+00	1	5	--	--	2.75139000e+00	5.30151000e-04
2.21990428e+01	2026-09-04T17:33:11.173907	0.00000000e+00	1	5	--	--	2.80121000e+00	5.30151000e-04
2.22303228e+01	2026-09-04T17:33:11.207422	0.00000000e+00	1	5	--	--	2.85161000e+00	5.30151000e-04
2.22493678e+01	2026-09-04T17:33:11.226707	0.00000000e+00	1	5	--	--	2.90156000e+00	5.30148000e-04
2.22701393e+01	2026-09-04T17:33:11.245093	0.00000000e+00	1	5	--	--	2.95150000e+00	5.30152000e-04
2.22779910e+01	2026-09-04T17:33:11.253807	0.00000000e+00	1	5	--	--	3.00169000e+00	5.30147000e-04
2.22909249e+01	2026-09-04T17:33:11.269016	0.00000000e+00	1	5	--	--	3.00148000e+00	5.30150000e-04
2.23070061e+01	2026-09-04T17:33:11.283994	0.00000000e+00	1	5	--	--	2.95170000e+00	5.30151000e-04
2.23254822e+01	2026-09-04T17:33:11.303901	0.00000000e+00	1	5	--	--	2.90171000e+00	5.30151000e-04
2.23474069e+01	2026-09-04T17:33:11.324090	0.00000000e+00	1	5	--	--	2.85153000e+00	5.30153000e-04
2.23551682e+01	2026-09-04T17:33:11.324090	0.00000000e+00	1	5	--	--	2.80135000e+00	5.30149000e-04
2.23710077e+01	2026-09-04T17:33:11.349267	0.00000000e+00	1	5	--	--	2.75127000e+00	5.30152000e-04
2.23831345e+01	2026-09-04T17:33:11.359096	0.00000000e+00	1	5	--	--	2.70155000e+00	5.30149000e-04
2.24067568e+01	2026-09-04T17:33:11.384166	0.00000000e+00	1	5	--	--	2.65114000e+00	5.30150000e-04
2.24161048e+01	2026-09-04T17:33:11.394197	0.00000000e+00	1	5	--	--	2.60124000e+00	5.30149000e-04
2.24297600e+01	2026-09-04T17:33:11.405136	0.00000000e+00	1	5	--	--	2.55137000e+00	5.30143000e-04
2.24509670e+01	2026-09-04T17:33:11.426237	0.00000000e+00	1	5	--	--	2.50129000e+00	5.30150000e-04
2.24587835e+01	2026-09-04T17:33:11.433909	0.00000000e+00	1	5	--	--	2.45100000e+00	5.30149000e-04
2.24670154e+01	2026-09-04T17:33:11.444037	0.00000000e+00	1	5	--	--	2.40105000e+00	5.30149000e-04
2.24800800e+01	2026-09-04T17:33:11.454110	0.00000000e+00	1	5	--	--	2.35123000e+00	5.30154000e-04
2.25064589e+01	2026-09-04T17:33:11.483961	0.00000000e+00	1	5	--	--	2.30092000e+00	5.30151000e-04
2.25141538e+01	2026-09-04T17:33:11.483961	0.00000000e+00	1	5	--	--	2.25104000e+00	5.30147000e-04
2.25343053e+01	2026-09-04T17:33:11.511873	0.00000000e+00	1	5	--	--	2.20095000e+00	5.30143000e-04
2.25659157e+01	2026-09-04T17:33:11.544214	0.00000000e+00	1	5	--	--	2.15087000e+00	5.30150000e-04
2.25744891e+01	2026-09-04T17:33:11.544214	0.00000000e+00	1	5	--	--	2.10066000e+00	5.30146000e-04
2.25977965e+01	2026-09-04T17:33:11.575253	0.00000000e+00	1	5	--	--	2.05102000e+00	5.30140000e-04
2.26239801e+01	2026-09-04T17:33:11.596382	0.00000000e+00	1	5	--	--	2.00137000e+00	5.30146000e-04
2.26450614e+01	2026-09-04T17:33:11.623001	0.00000000e+00	1	5	--	--	1.95136000e+00	5.30147000e-04
2.26528071e+01	2026-09-04T17:33:11.624007	0.00000000e+00	1	5	--	--	1.90130000e+00	5.30144000e-04
2.26655601e+01	2026-09-04T17:33:11.640655	0.00000000e+00	1	5	--	--	1.85129000e+00	5.30146000e-04
2.26935535e+01	2026-09-04T17:33:11.670896	0.00000000e+00	1	5	--	--	1.80122000e+00	5.30146000e-04
2.27018903e+01	2026-09-04T17:33:11.673847	0.00000000e+00	1	5	--	--	1.75123000e+00	5.30147000e-04
2.27254363e+01	2026-09-04T17:33:11.703878	0.00000000e+00	1	5	--	--	1.70115000e+00	5.30144000e-04
2.27476369e+01	2026-09-04T17:33:11.724065	0.00000000e+00	1	5	--	--	1.65115000e+00	5.30146000e-04
2.27723702e+01	2026-09-04T17:33:11.750153	0.00000000e+00	1	5	--	--	1.60110000e+00	5.30149000e-04
2.27804809e+01	2026-09-04T17:33:11.754090	0.00000000e+00	1	5	--	--	1.55106000e+00	5.30142000e-04
2.28054577e+01	2026-09-04T17:33:11.783824	0.00000000e+00	1	5	--	--	1.50104000e+00	5.30149000e-04
2.28188619e+01	2026-09-04T17:33:11.794087	0.00000000e+00	1	5	--	--	1.45102000e+00	5.30141000e-04
2.28416073e+01	2026-09-04T17:33:11.813841	0.00000000e+00	1	5	--	--	1.40096000e+00	5.30144000e-04
2.28729556e+01	2026-09-04T17:33:11.845919	0.00000000e+00	1	5	--	--	1.35095000e+00	5.30147000e-04
2.28810620e+01	2026-09-04T17:33:11.854340	0.00000000e+00	1	5	--	--	1.30090000e+00	5.30145000e-04
2.28888029e+01	2026-09-04T17:33:11.864016	0.00000000e+00	1	5	--	--	1.25088000e+00	5.30149000e-04
2.29019568e+01	2026-09-04T17:33:11.877796	0.00000000e+00	1	5	--	--	1.20083000e+00	5.30147000e-04
2.29275020e+01	2026-09-04T17:33:11.905893	0.00000000e+00	1	5	--	--	1.15082000e+00	5.30143000e-04
2.29363876e+01	2026-09-04T17:33:11.913919	0.00000000e+00	1	5	--	--	1.10075000e+00	5.30145000e-04
2.29438922e+01	2026-09-04T17:33:11.920729	0.00000000e+00	1	5	--	--	1.05072000e+00	5.30152000e-04
2.29643335e+01	2026-09-04T17:33:11.941796	0.00000000e+00	1	5	--	--	1.00071000e+00	5.30149000e-04
2.29962414e+01	2026-09-04T17:33:11.974012	0.00000000e+00	1	5	--	--	9.50640000e-01	5.30145000e-04
2.30048360e+01	2026-09-04T17:33:11.974012	0.00000000e+00	1	5	1.87985000e-01	-5.30230000e-04	9.00608000e-01	5.30148000e-04
2.30276169e+01	2026-09-04T17:33:12.006096	0.00000000e+00	1	5	1.39374000e-01	-5.30227000e-04	8.50600000e-01	5.30152000e-04
2.30458760e+01	2026-09-04T17:33:12.024206	0.00000000e+00	1	5	9.00490000e-02	-5.30226000e-04	8.00509000e-01	5.30150000e-04
2.30607626e+01	2026-09-04T17:33:12.037796	0.00000000e+00	1	5	3.87849000e-02	-5.30231000e-04	7.50523000e-01	5.30148000e-04
2.30817456e+01	2026-09-04T17:33:12.053964	0.00000000e+00	1	5	-7.89881000e-05	-5.07496000e-04	7.00447000e-01	5.07257000e-04
2.30894256e+01	2026-09-04T17:33:12.064012	0.00000000e+00	1	5	-7.23362000e-05	-4.19015000e-04	6.50410000e-01	4.19299000e-04
2.31121403e+01	2026-09-04T17:33:12.085867	0.00000000e+00	1	5	-6.73056000e-05	-3.36744000e-04	6.00347000e-01	3.37170000e-04
2.31232372e+01	2026-09-04T17:33:12.101631	0.00000000e+00	1	5	-6.11782000e-05	-2.65310000e-04	5.50330000e-01	2.65274000e-04
2.31716200e+01	2026-09-04T17:33:12.149284	0.00000000e+00	1	5	-6.00100000e-05	-2.05956000e-04	5.00296000e-01	2.06313000e-04
2.31797969e+01	2026-09-04T17:33:12.154214	0.00000000e+00	1	5	-5.42641000e-05	-1.52559000e-04	4.50260000e-01	1.52144000e-04
2.32035432e+01	2026-09-04T17:33:12.180917	0.00000000e+00	1	5	-5.89371000e-05	-1.19441000e-04	4.00186000e-01	1.19396000e-04
2.32161545e+01	2026-09-04T17:33:12.194085	0.00000000e+00	1	5	-5.04971000e-05	-9.42913000e-05	3.50188000e-01	9.42078000e-05
2.32280497e+01	2026-09-04T17:33:12.206497	0.00000000e+00	1	5	-5.12123000e-05	-7.40276000e-05	3.00134000e-01	7.40748000e-05
2.32532632e+01	2026-09-04T17:33:12.229114	0.00000000e+00	1	5	-5.29051000e-05	-5.74460000e-05	2.50121000e-01	5.75437000e-05
2.32663985e+01	2026-09-04T17:33:12.244202	0.00000000e+00	1	5	-5.10216000e-05	-4.33717000e-05	2.00192000e-01	4.31706000e-05
2.33153480e+01	2026-09-04T17:33:12.293192	0.00000000e+00	1	5	-4.64439000e-05	-3.11595000e-05	1.50159000e-01	3.11382000e-05
2.33244774e+01	2026-09-04T17:33:12.294273	0.00000000e+00	1	5	-4.55379000e-05	-2.00800000e-05	1.00124000e-01	1.99759000e-05
2.33477078e+01	2026-09-04T17:33:12.325125	0.00000000e+00	1	5	-5.24521000e-05	-9.83427000e-06	5.00888000e-02	9.84650000e-06
2.33611860e+01	2026-09-04T17:33:12.333892	0.00000000e+00	1	5	-5.22852000e-05	-2.89930000e-08	4.01020000e-05	2.84209000e-08
2.55519178e+01	2026-09-04T17:33:14.528892	0.00000000e+00	1	6	-6.81162000e-05	-1.89972000e-10	3.36409000e-05	1.90818000e-10
2.55754227e+01	2026-09-04T17:33:14.553232	0.00000000e+00	1	6	-4.85897000e-05	-5.42809000e-08	5.00705000e-02	5.85497000e-08
2.55974309e+01	2026-09-04T17:33:14.574294	0.00000000e+00	1	6	-1.82867000e-05	-9.91810000e-08	1.00103000e-01	1.50671000e-07
2.56237244e+01	2026-09-04T17:33:14.599385	0.00000000e+00	1	6	-1.20878000e-05	-1.46055000e-05	1.50041000e-01	1.53956000e-05
2.56476582e+01	2026-09-04T17:33:14.624199	0.00000000e+00	1	6	-5.94854000e-05	-2.10863000e-05	2.00187000e-01	2.12960000e-05
2.56562901e+01	2026-09-04T17:33:14.634187	0.00000000e+00	1	6	-6.29902000e-05	-2.78086000e-05	2.50105000e-01	2.75545000e-05
2.56640309e+01	2026-09-04T17:33:14.634187	0.00000000e+00	1	6	-6.42538000e-05	-3.38668000e-05	3.00128000e-01	3.45109000e-05
2.56781224e+01	2026-09-04T17:33:14.653917	0.00000000e+00	1	6	-5.94854000e-05	-3.98779000e-05	3.50178000e-01	4.15493000e-05
2.57006919e+01	2026-09-04T17:33:14.678914	0.00000000e+00	1	6	-6.50644000e-05	-5.01611000e-05	4.00218000e-01	4.74110000e-05
2.57215020e+01	2026-09-04T17:33:14.694220	0.00000000e+00	1	6	-6.03676000e-05	-5.74723000e-05	4.50251000e-01	5.86770000e-05
2.57290417e+01	2026-09-04T17:33:14.704819	0.00000000e+00	1	6	-6.59466000e-05	-6.66920000e-05	5.00272000e-01	6.68564000e-05
2.57484880e+01	2026-09-04T17:33:14.725661	0.00000000e+00	1	6	-6.71148000e-05	-8.54051000e-05	5.50323000e-01	8.56436000e-05
2.57697129e+01	2026-09-04T17:33:14.743942	0.00000000e+00	1	6	-6.61373000e-05	-1.07226000e-04	6.00342000e-01	1.09313000e-04
2.57878582e+01	2026-09-04T17:33:14.763929	0.00000000e+00	1	6	-2.88248000e-05	-2.44427000e-04	6.50432000e-01	2.55525000e-04
2.58116198e+01	2026-09-04T17:33:14.789107	0.00000000e+00	1	6	-8.20398000e-05	-3.14204000e-04	7.00426000e-01	3.11130000e-04
2.58197909e+01	2026-09-04T17:33:14.793888	0.00000000e+00	1	6	-9.03130000e-05	-3.72322000e-04	7.50502000e-01	4.05625000e-04
2.58434770e+01	2026-09-04T17:33:14.820747	0.00000000e+00	1	6	--	--	8.00508000e-01	5.30156000e-04
2.58750335e+01	2026-09-04T17:33:14.852612	0.00000000e+00	1	6	--	--	8.50569000e-01	5.30151000e-04
2.58828234e+01	2026-09-04T17:33:14.854221	0.00000000e+00	1	6	--	--	9.00586000e-01	5.30149000e-04
2.59078812e+01	2026-09-04T17:33:14.884122	0.00000000e+00	1	6	--	--	9.50660000e-01	5.30151000e-04
2.59219839e+01	2026-09-04T17:33:14.900025	0.00000000e+00	1	6	--	--	1.00068000e+00	5.30151000e-04
2.59295911e+01	2026-09-04T17:33:14.904088	0.00000000e+00	1	6	--	--	1.05073000e+00	5.30152000e-04
2.59414311e+01	2026-09-04T17:33:14.916027	0.00000000e+00	1	6	--	--	1.10074000e+00	5.30149000e-04
2.59661798e+01	2026-09-04T17:33:14.944355	0.00000000e+00	1	6	--	--	1.15081000e+00	5.30148000e-04
2.59860712e+01	2026-09-04T17:33:14.964113	0.00000000e+00	1	6	--	--	1.20083000e+00	5.30147000e-04
2.59948952e+01	2026-09-04T17:33:14.964113	0.00000000e+00	1	6	--	--	1.25088000e+00	5.30145000e-04
2.60181091e+01	2026-09-04T17:33:14.995539	0.00000000e+00	1	6	--	--	1.30091000e+00	5.30144000e-04
2.60354444e+01	2026-09-04T17:33:15.013118	0.00000000e+00	1	6	--	--	1.35094000e+00	5.30144000e-04
2.60431935e+01	2026-09-04T17:33:15.014458	0.00000000e+00	1	6	--	--	1.40096000e+00	5.30144000e-04
2.60658023e+01	2026-09-04T17:33:15.043783	0.00000000e+00	1	6	--	--	1.45102000e+00	5.30146000e-04
2.60881678e+01	2026-09-04T17:33:15.064246	0.00000000e+00	1	6	--	--	1.50101000e+00	5.30146000e-04
2.61119346e+01	2026-09-04T17:33:15.089784	0.00000000e+00	1	6	--	--	1.55108000e+00	5.30148000e-04
2.61195280e+01	2026-09-04T17:33:15.093975	0.00000000e+00	1	6	--	--	1.60109000e+00	5.30146000e-04
2.61323162e+01	2026-09-04T17:33:15.105692	0.00000000e+00	1	6	--	--	1.65114000e+00	5.30148000e-04
2.61555728e+01	2026-09-04T17:33:15.133969	0.00000000e+00	1	6	--	--	1.70117000e+00	5.30143000e-04
2.61758458e+01	2026-09-04T17:33:15.154152	0.00000000e+00	1	6	--	--	1.75120000e+00	5.30144000e-04
2.61843601e+01	2026-09-04T17:33:15.154152	0.00000000e+00	1	6	--	--	1.80124000e+00	5.30147000e-04
2.62086926e+01	2026-09-04T17:33:15.185489	0.00000000e+00	1	6	--	--	1.85128000e+00	5.30143000e-04
2.62215342e+01	2026-09-04T17:33:15.199338	0.00000000e+00	1	6	--	--	1.90129000e+00	5.30147000e-04
2.62433437e+01	2026-09-04T17:33:15.217492	0.00000000e+00	1	6	--	--	1.95134000e+00	5.30143000e-04
2.62512784e+01	2026-09-04T17:33:15.223904	0.00000000e+00	1	6	--	--	2.00137000e+00	5.30146000e-04
2.62651655e+01	2026-09-04T17:33:15.238964	0.00000000e+00	1	6	--	--	2.05079000e+00	5.30151000e-04
2.62914262e+01	2026-09-04T17:33:15.265309	0.00000000e+00	1	6	--	--	2.10069000e+00	5.30148000e-04
2.62994079e+01	2026-09-04T17:33:15.273927	0.00000000e+00	1	6	--	--	2.15088000e+00	5.30148000e-04
2.63070314e+01	2026-09-04T17:33:15.284204	0.00000000e+00	1	6	--	--	2.20090000e+00	5.30145000e-04
2.63150377e+01	2026-09-04T17:33:15.284204	0.00000000e+00	1	6	--	--	2.25108000e+00	5.30146000e-04
2.63296009e+01	2026-09-04T17:33:15.304110	0.00000000e+00	1	6	--	--	2.30096000e+00	5.30144000e-04
2.63606101e+01	2026-09-04T17:33:15.333798	0.00000000e+00	1	6	--	--	2.35107000e+00	5.30144000e-04
2.63684117e+01	2026-09-04T17:33:15.344016	0.00000000e+00	1	6	--	--	2.40098000e+00	5.30151000e-04
2.63764530e+01	2026-09-04T17:33:15.353873	0.00000000e+00	1	6	--	--	2.45099000e+00	5.30149000e-04
2.63873328e+01	2026-09-04T17:33:15.365009	0.00000000e+00	1	6	--	--	2.50129000e+00	5.30145000e-04
2.64160265e+01	2026-09-04T17:33:15.394021	0.00000000e+00	1	6	--	--	2.55121000e+00	5.30151000e-04
2.64352650e+01	2026-09-04T17:33:15.413760	0.00000000e+00	1	6	--	--	2.60130000e+00	5.30148000e-04
2.64573268e+01	2026-09-04T17:33:15.434065	0.00000000e+00	1	6	--	--	2.65103000e+00	5.30147000e-04
2.64827370e+01	2026-09-04T17:33:15.460282	0.00000000e+00	1	6	--	--	2.70150000e+00	5.30148000e-04
2.64905123e+01	2026-09-04T17:33:15.464061	0.00000000e+00	1	6	--	--	2.75123000e+00	5.30151000e-04
2.65147810e+01	2026-09-04T17:33:15.492064	0.00000000e+00	1	6	--	--	2.80124000e+00	5.30145000e-04
2.65267076e+01	2026-09-04T17:33:15.503958	0.00000000e+00	1	6	--	--	2.85165000e+00	5.30151000e-04
2.65466437e+01	2026-09-04T17:33:15.524126	0.00000000e+00	1	6	--	--	2.90144000e+00	5.30152000e-04
2.65779706e+01	2026-09-04T17:33:15.555819	0.00000000e+00	1	6	--	--	2.95136000e+00	5.30143000e-04
2.65868370e+01	2026-09-04T17:33:15.564149	0.00000000e+00	1	6	--	--	3.00143000e+00	5.30147000e-04
2.65945338e+01	2026-09-04T17:33:15.571494	0.00000000e+00	1	6	--	--	3.00145000e+00	5.30147000e-04
2.66027584e+01	2026-09-04T17:33:15.574007	0.00000000e+00	1	6	--	--	2.95149000e+00	5.30152000e-04
2.66279965e+01	2026-09-04T17:33:15.604080	0.00000000e+00	1	6	--	--	2.90157000e+00	5.30150000e-04
2.66566760e+01	2026-09-04T17:33:15.634131	0.00000000e+00	1	6	--	--	2.85163000e+00	5.30146000e-04
2.66847662e+01	2026-09-04T17:33:15.659190	0.00000000e+00	1	6	--	--	2.80126000e+00	5.30151000e-04
2.67091455e+01	2026-09-04T17:33:15.683912	0.00000000e+00	1	6	--	--	2.75136000e+00	5.30144000e-04
2.67216120e+01	2026-09-04T17:33:15.698067	0.00000000e+00	1	6	--	--	2.70145000e+00	5.30145000e-04
2.67484332e+01	2026-09-04T17:33:15.724135	0.00000000e+00	1	6	--	--	2.65113000e+00	5.30150000e-04
2.67565568e+01	2026-09-04T17:33:15.734181	0.00000000e+00	1	6	--	--	2.60118000e+00	5.30150000e-04
2.67644061e+01	2026-09-04T17:33:15.734181	0.00000000e+00	1	6	--	--	2.55123000e+00	5.30144000e-04
2.67844622e+01	2026-09-04T17:33:15.761700	0.00000000e+00	1	6	--	--	2.50121000e+00	5.30140000e-04
2.68051576e+01	2026-09-04T17:33:15.777593	0.00000000e+00	1	6	--	--	2.45092000e+00	5.30150000e-04
2.68126312e+01	2026-09-04T17:33:15.784007	0.00000000e+00	1	6	--	--	2.40098000e+00	5.30145000e-04
2.68315189e+01	2026-09-04T17:33:15.809218	0.00000000e+00	1	6	--	--	2.35112000e+00	5.30143000e-04
2.68635915e+01	2026-09-04T17:33:15.841238	0.00000000e+00	1	6	--	--	2.30083000e+00	5.30147000e-04
2.68714262e+01	2026-09-04T17:33:15.848970	0.00000000e+00	1	6	--	--	2.25110000e+00	5.30145000e-04
2.68951883e+01	2026-09-04T17:33:15.873022	0.00000000e+00	1	6	--	--	2.20099000e+00	5.30147000e-04
2.69276580e+01	2026-09-04T17:33:15.905215	0.00000000e+00	1	6	--	--	2.15101000e+00	5.30147000e-04
2.69353949e+01	2026-09-04T17:33:15.905215	0.00000000e+00	1	6	--	--	2.10060000e+00	5.30144000e-04
2.69589942e+01	2026-09-04T17:33:15.936879	0.00000000e+00	1	6	--	--	2.05082000e+00	5.30142000e-04
2.69785118e+01	2026-09-04T17:33:15.953931	0.00000000e+00	1	6	--	--	2.00137000e+00	5.30145000e-04
2.69912601e+01	2026-09-04T17:33:15.964147	0.00000000e+00	1	6	--	--	1.95134000e+00	5.30143000e-04
2.69988251e+01	2026-09-04T17:33:15.974172	0.00000000e+00	1	6	--	--	1.90129000e+00	5.30141000e-04
2.70066415e+01	2026-09-04T17:33:15.983799	0.00000000e+00	1	6	--	--	1.85127000e+00	5.30143000e-04
2.70254157e+01	2026-09-04T17:33:16.003870	0.00000000e+00	1	6	--	--	1.80123000e+00	5.30145000e-04
2.70546910e+01	2026-09-04T17:33:16.029500	0.00000000e+00	1	6	--	--	1.75122000e+00	5.30142000e-04
2.70631050e+01	2026-09-04T17:33:16.034138	0.00000000e+00	1	6	--	--	1.70115000e+00	5.30140000e-04
2.70711307e+01	2026-09-04T17:33:16.044198	0.00000000e+00	1	6	--	--	1.65115000e+00	5.30148000e-04
2.71173108e+01	2026-09-04T17:33:16.094193	0.00000000e+00	1	6	--	--	1.60111000e+00	5.30140000e-04
2.71397962e+01	2026-09-04T17:33:16.114018	0.00000000e+00	1	6	--	--	1.55105000e+00	5.30142000e-04
2.71520134e+01	2026-09-04T17:33:16.129930	0.00000000e+00	1	6	--	--	1.50103000e+00	5.30141000e-04
2.71812297e+01	2026-09-04T17:33:16.153913	0.00000000e+00	1	6	--	--	1.45101000e+00	5.30144000e-04
2.72045353e+01	2026-09-04T17:33:16.177470	0.00000000e+00	1	6	--	--	1.40097000e+00	5.30141000e-04
2.72153131e+01	2026-09-04T17:33:16.193464	0.00000000e+00	1	6	--	--	1.35095000e+00	5.30138000e-04
2.72451609e+01	2026-09-04T17:33:16.219147	0.00000000e+00	1	6	--	--	1.30091000e+00	5.30137000e-04
2.72952136e+01	2026-09-04T17:33:16.272925	0.00000000e+00	1	6	--	--	1.25087000e+00	5.30141000e-04
2.73034020e+01	2026-09-04T17:33:16.274028	0.00000000e+00	1	6	--	--	1.20083000e+00	5.30146000e-04
2.73283716e+01	2026-09-04T17:33:16.303951	0.00000000e+00	1	6	--	--	1.15080000e+00	5.30144000e-04
2.73407871e+01	2026-09-04T17:33:16.313970	0.00000000e+00	1	6	--	--	1.10075000e+00	5.30142000e-04
2.73627896e+01	2026-09-04T17:33:16.340398	0.00000000e+00	1	6	--	--	1.05074000e+00	5.30146000e-04
2.73950672e+01	2026-09-04T17:33:16.372598	0.00000000e+00	1	6	--	--	1.00068000e+00	5.30144000e-04
2.74028449e+01	2026-09-04T17:33:16.374205	0.00000000e+00	1	6	--	--	9.50676000e-01	5.30145000e-04
2.74259811e+01	2026-09-04T17:33:16.403792	0.00000000e+00	1	6	--	--	9.00574000e-01	5.30147000e-04
2.74579585e+01	2026-09-04T17:33:16.435431	0.00000000e+00	1	6	--	--	8.50579000e-01	5.30139000e-04
2.74662635e+01	2026-09-04T17:33:16.444029	0.00000000e+00	1	6	--	--	8.00510000e-01	5.30147000e-04
2.74897681e+01	2026-09-04T17:33:16.467458	0.00000000e+00	1	6	--	--	7.50520000e-01	5.30145000e-04
2.75257261e+01	2026-09-04T17:33:16.503156	0.00000000e+00	1	6	--	--	7.00436000e-01	5.30147000e-04
2.75335142e+01	2026-09-04T17:33:16.504262	0.00000000e+00	1	6	1.70853000e-01	-5.30227000e-04	6.50425000e-01	5.30149000e-04
2.75575463e+01	2026-09-04T17:33:16.535126	0.00000000e+00	1	6	1.20371000e-01	-5.30231000e-04	6.00353000e-01	5.30153000e-04
2.75862822e+01	2026-09-04T17:33:16.563994	0.00000000e+00	1	6	6.95001000e-02	-5.30224000e-04	5.50346000e-01	5.30150000e-04
2.76049896e+01	2026-09-04T17:33:16.582530	0.00000000e+00	1	6	1.94187000e-02	-5.30227000e-04	5.00278000e-01	5.30144000e-04
2.76128034e+01	2026-09-04T17:33:16.584038	0.00000000e+00	1	6	-8.71658000e-05	-4.88272000e-04	4.50266000e-01	4.88520000e-04
2.76374526e+01	2026-09-04T17:33:16.614155	0.00000000e+00	1	6	-7.64847000e-05	-4.21836000e-04	4.00197000e-01	4.21827000e-04
2.76530149e+01	2026-09-04T17:33:16.623951	0.00000000e+00	1	6	-6.75678000e-05	-3.56025000e-04	3.50175000e-01	3.55703000e-04
2.76726620e+01	2026-09-04T17:33:16.650168	0.00000000e+00	1	6	-7.30515000e-05	-2.90829000e-04	3.00133000e-01	2.91096000e-04
2.77048421e+01	2026-09-04T17:33:16.682314	0.00000000e+00	1	6	-6.49691000e-05	-2.29328000e-04	2.50117000e-01	2.28911000e-04
2.77128707e+01	2026-09-04T17:33:16.683931	0.00000000e+00	1	6	-6.48737000e-05	-1.72564000e-04	2.00180000e-01	1.72274000e-04
2.77365820e+01	2026-09-04T17:33:16.714461	0.00000000e+00	1	6	-5.93901000e-05	-1.20121000e-04	1.50149000e-01	1.19611000e-04
2.77592727e+01	2026-09-04T17:33:16.733880	0.00000000e+00	1	6	-5.33581000e-05	-7.44458000e-05	1.00110000e-01	7.45552000e-05
2.77727907e+01	2026-09-04T17:33:16.749424	0.00000000e+00	1	6	-5.31912000e-05	-3.57148000e-05	5.00718000e-02	3.56478000e-05
2.77808307e+01	2026-09-04T17:33:16.757995	0.00000000e+00	1	6	-4.94957000e-05	-1.02146000e-07	4.42505000e-05	1.12866000e-07
2.98455898e+01	2026-09-04T17:33:18.817959	0.00000000e+00	1	7	-6.23465000e-05	9.47118000e-11	3.82185000e-05	1.23250000e-10
2.98533832e+01	2026-09-04T17:33:18.828405	0.00000000e+00	1	7	-1.78337000e-05	-1.14978000e-08	5.00477000e-02	2.92693000e-08
2.98718497e+01	2026-09-04T17:33:18.850340	0.00000000e+00	1	7	-2.43187000e-05	-6.96524000e-08	1.00110000e-01	9.86838000e-08
2.99048365e+01	2026-09-04T17:33:18.882389	0.00000000e+00	1	7	-3.64542000e-05	-1.77311000e-07	1.50140000e-01	1.82950000e-07
2.99185065e+01	2026-09-04T17:33:18.893891	0.00000000e+00	1	7	-5.82218000e-05	-2.14145000e-07	2.00186000e-01	2.12293000e-07
2.99619091e+01	2026-09-04T17:33:18.938978	0.00000000e+00	1	7	-5.21898000e-05	-2.81503000e-07	2.50095000e-01	2.76778000e-07
2.99845580e+01	2026-09-04T17:33:18.962274	0.00000000e+00	1	7	-5.73158000e-05	-3.31800000e-07	3.00115000e-01	3.30801000e-07
2.99922729e+01	2026-09-04T17:33:18.963884	0.00000000e+00	1	7	-5.99384000e-05	-3.92063000e-07	3.50182000e-01	3.84977000e-07
3.00173216e+01	2026-09-04T17:33:18.994203	0.00000000e+00	1	7	-5.64098000e-05	-4.97082000e-07	4.00211000e-01	5.03163000e-07
3.00313087e+01	2026-09-04T17:33:19.004135	0.00000000e+00	1	7	-5.84841000e-05	-6.32520000e-07	4.50257000e-01	6.37228000e-07
3.00534148e+01	2026-09-04T17:33:19.030903	0.00000000e+00	1	7	-5.69582000e-05	-7.29232000e-07	5.00267000e-01	7.18025000e-07
3.00851119e+01	2026-09-04T17:33:19.062777	0.00000000e+00	1	7	-6.03676000e-05	-9.02248000e-07	5.50329000e-01	9.05404000e-07
3.00927806e+01	2026-09-04T17:33:19.063882	0.00000000e+00	1	7	-6.63042000e-05	-1.12167000e-06	6.00341000e-01	1.12154000e-06
3.01168546e+01	2026-09-04T17:33:19.094138	0.00000000e+00	1	7	-5.98431000e-05	-1.51693000e-06	6.50434000e-01	1.38466000e-06
3.01425768e+01	2026-09-04T17:33:19.119165	0.00000000e+00	1	7	-5.69582000e-05	-1.75576000e-06	7.00438000e-01	1.81761000e-06
3.01647648e+01	2026-09-04T17:33:19.142171	0.00000000e+00	1	7	-5.72205000e-05	-2.18542000e-06	7.50520000e-01	2.22871000e-06
3.01725246e+01	2026-09-04T17:33:19.144276	0.00000000e+00	1	7	-7.08103000e-05	-2.58897000e-06	8.00522000e-01	2.52547000e-06
3.01967538e+01	2026-09-04T17:33:19.173900	0.00000000e+00	1	7	-6.56843000e-05	-2.90472000e-06	8.50576000e-01	2.86441000e-06
3.02100856e+01	2026-09-04T17:33:19.183865	0.00000000e+00	1	7	-6.33478000e-05	-3.32342000e-06	9.00599000e-01	3.25075000e-06
3.02322765e+01	2026-09-04T17:33:19.209660	0.00000000e+00	1	7	-6.30856000e-05	-3.83346000e-06	9.50633000e-01	3.72489000e-06
3.02643476e+01	2026-09-04T17:33:19.241949	0.00000000e+00	1	7	-5.81265000e-05	-4.07233000e-06	1.00070000e+00	4.09749000e-06
3.02721837e+01	2026-09-04T17:33:19.244081	0.00000000e+00	1	7	-5.30958000e-05	-4.69070000e-06	1.05073000e+00	4.73573000e-06
3.02963680e+01	2026-09-04T17:33:19.273861	0.00000000e+00	1	7	-5.82218000e-05	-5.38445000e-06	1.10073000e+00	5.25114000e-06
3.03176031e+01	2026-09-04T17:33:19.294106	0.00000000e+00	1	7	-5.38111000e-05	-6.18296000e-06	1.15080000e+00	6.22336000e-06
3.03436188e+01	2026-09-04T17:33:19.321107	0.00000000e+00	1	7	-5.42641000e-05	-7.36583000e-06	1.20083000e+00	7.34647000e-06
3.03513922e+01	2026-09-04T17:33:19.324252	0.00000000e+00	1	7	-6.32525000e-05	-8.52660000e-06	1.25090000e+00	8.23866000e-06
3.03588450e+01	2026-09-04T17:33:19.337038	0.00000000e+00	1	7	--	--	1.30091000e+00	5.30153000e-04
3.03888720e+01	2026-09-04T17:33:19.364180	0.00000000e+00	1	7	--	--	1.35096000e+00	5.30147000e-04
3.03979802e+01	2026-09-04T17:33:19.374128	0.00000000e+00	1	7	--	--	1.40099000e+00	5.30142000e-04
3.04107327e+01	2026-09-04T17:33:19.387426	0.00000000e+00	1	7	--	--	1.45103000e+00	5.30145000e-04
3.04364349e+01	2026-09-04T17:33:19.414136	0.00000000e+00	1	7	--	--	1.50102000e+00	5.30146000e-04
3.04576975e+01	2026-09-04T17:33:19.435225	0.00000000e+00	1	7	--	--	1.55109000e+00	5.30142000e-04
3.04807326e+01	2026-09-04T17:33:19.458993	0.00000000e+00	1	7	--	--	1.60112000e+00	5.30147000e-04
3.05049464e+01	2026-09-04T17:33:19.482491	0.00000000e+00	1	7	--	--	1.65114000e+00	5.30151000e-04
3.05137940e+01	2026-09-04T17:33:19.484086	0.00000000e+00	1	7	--	--	1.70116000e+00	5.30146000e-04
3.05373623e+01	2026-09-04T17:33:19.514074	0.00000000e+00	1	7	--	--	1.75122000e+00	5.30147000e-04
3.05682118e+01	2026-09-04T17:33:19.545652	0.00000000e+00	1	7	--	--	1.80125000e+00	5.30150000e-04
3.05767340e+01	2026-09-04T17:33:19.554130	0.00000000e+00	1	7	--	--	1.85131000e+00	5.30141000e-04
3.06013239e+01	2026-09-04T17:33:19.577774	0.00000000e+00	1	7	--	--	1.90131000e+00	5.30146000e-04
3.06324493e+01	2026-09-04T17:33:19.610074	0.00000000e+00	1	7	--	--	1.95136000e+00	5.30149000e-04
3.06412151e+01	2026-09-04T17:33:19.619464	0.00000000e+00	1	7	--	--	2.00137000e+00	5.30148000e-04
3.06647061e+01	2026-09-04T17:33:19.641807	0.00000000e+00	1	7	--	--	2.05081000e+00	5.30145000e-04
3.06806692e+01	2026-09-04T17:33:19.657632	0.00000000e+00	1	7	--	--	2.10065000e+00	5.30142000e-04
3.07017922e+01	2026-09-04T17:33:19.673831	0.00000000e+00	1	7	--	--	2.15106000e+00	5.30144000e-04
3.07121061e+01	2026-09-04T17:33:19.689705	0.00000000e+00	1	7	--	--	2.20105000e+00	5.30152000e-04
3.07407156e+01	2026-09-04T17:33:19.716481	0.00000000e+00	1	7	--	--	2.25116000e+00	5.30144000e-04
3.07637926e+01	2026-09-04T17:33:19.737663	0.00000000e+00	1	7	--	--	2.30090000e+00	5.30143000e-04
3.07766873e+01	2026-09-04T17:33:19.754213	0.00000000e+00	1	7	--	--	2.35119000e+00	5.30143000e-04
3.08055678e+01	2026-09-04T17:33:19.784069	0.00000000e+00	1	7	--	--	2.40110000e+00	5.30147000e-04
3.08340842e+01	2026-09-04T17:33:19.809103	0.00000000e+00	1	7	--	--	2.45102000e+00	5.30152000e-04
3.08610821e+01	2026-09-04T17:33:19.833951	0.00000000e+00	1	7	--	--	2.50124000e+00	5.30154000e-04
3.08690548e+01	2026-09-04T17:33:19.844056	0.00000000e+00	1	7	--	--	2.55128000e+00	5.30148000e-04
3.08826664e+01	2026-09-04T17:33:19.859138	0.00000000e+00	1	7	--	--	2.60119000e+00	5.30151000e-04
3.09093000e+01	2026-09-04T17:33:19.884040	0.00000000e+00	1	7	--	--	2.65111000e+00	5.30154000e-04
3.09171924e+01	2026-09-04T17:33:19.893811	0.00000000e+00	1	7	--	--	2.70138000e+00	5.30145000e-04
3.09390938e+01	2026-09-04T17:33:19.914039	0.00000000e+00	1	7	--	--	2.75126000e+00	5.30147000e-04
3.09677566e+01	2026-09-04T17:33:19.945077	0.00000000e+00	1	7	--	--	2.80115000e+00	5.30154000e-04
3.09761716e+01	2026-09-04T17:33:19.953846	0.00000000e+00	1	7	--	--	2.85160000e+00	5.30147000e-04
3.10002802e+01	2026-09-04T17:33:19.977159	0.00000000e+00	1	7	--	--	2.90171000e+00	5.30150000e-04
3.10315343e+01	2026-09-04T17:33:20.009064	0.00000000e+00	1	7	--	--	2.95143000e+00	5.30143000e-04
3.10528237e+01	2026-09-04T17:33:20.029129	0.00000000e+00	1	7	--	--	3.00154000e+00	5.30151000e-04
3.10657429e+01	2026-09-04T17:33:20.043871	0.00000000e+00	1	7	--	--	3.00155000e+00	5.30149000e-04
3.10737121e+01	2026-09-04T17:33:20.050232	0.00000000e+00	1	7	--	--	2.95148000e+00	5.30144000e-04
3.10942338e+01	2026-09-04T17:33:20.071575	0.00000000e+00	1	7	--	--	2.90168000e+00	5.30150000e-04
3.11227238e+01	2026-09-04T17:33:20.099050	0.00000000e+00	1	7	--	--	2.85151000e+00	5.30153000e-04
3.11468070e+01	2026-09-04T17:33:20.123981	0.00000000e+00	1	7	--	--	2.80134000e+00	5.30152000e-04
3.11546507e+01	2026-09-04T17:33:20.123981	0.00000000e+00	1	7	--	--	2.75141000e+00	5.30146000e-04
3.11793370e+01	2026-09-04T17:33:20.154376	0.00000000e+00	1	7	--	--	2.70144000e+00	5.30148000e-04
3.12058552e+01	2026-09-04T17:33:20.183998	0.00000000e+00	1	7	--	--	2.65120000e+00	5.30141000e-04
3.12135118e+01	2026-09-04T17:33:20.183998	0.00000000e+00	1	7	--	--	2.60127000e+00	5.30141000e-04
3.12396887e+01	2026-09-04T17:33:20.215437	0.00000000e+00	1	7	--	--	2.55129000e+00	5.30143000e-04
3.12699942e+01	2026-09-04T17:33:20.247405	0.00000000e+00	1	7	--	--	2.50115000e+00	5.30141000e-04
3.12792942e+01	2026-09-04T17:33:20.254228	0.00000000e+00	1	7	--	--	2.45096000e+00	5.30145000e-04
3.12957198e+01	2026-09-04T17:33:20.273794	0.00000000e+00	1	7	--	--	2.40117000e+00	5.30142000e-04
3.13212529e+01	2026-09-04T17:33:20.295202	0.00000000e+00	1	7	--	--	2.35118000e+00	5.30150000e-04
3.13298963e+01	2026-09-04T17:33:20.304078	0.00000000e+00	1	7	--	--	2.30087000e+00	5.30149000e-04
3.13380998e+01	2026-09-04T17:33:20.314079	0.00000000e+00	1	7	--	--	2.25104000e+00	5.30148000e-04
3.13514680e+01	2026-09-04T17:33:20.327074	0.00000000e+00	1	7	--	--	2.20096000e+00	5.30148000e-04
3.13764710e+01	2026-09-04T17:33:20.354589	0.00000000e+00	1	7	--	--	2.15106000e+00	5.30148000e-04
3.13976495e+01	2026-09-04T17:33:20.374960	0.00000000e+00	1	7	--	--	2.10072000e+00	5.30143000e-04
3.14298874e+01	2026-09-04T17:33:20.406804	0.00000000e+00	1	7	--	--	2.05080000e+00	5.30147000e-04
3.14507103e+01	2026-09-04T17:33:20.424274	0.00000000e+00	1	7	--	--	2.00137000e+00	5.30143000e-04
3.14635081e+01	2026-09-04T17:33:20.439147	0.00000000e+00	1	7	--	--	1.95134000e+00	5.30147000e-04
3.14914913e+01	2026-09-04T17:33:20.463952	0.00000000e+00	1	7	--	--	1.90131000e+00	5.30144000e-04
3.15138406e+01	2026-09-04T17:33:20.487370	0.00000000e+00	1	7	--	--	1.85128000e+00	5.30137000e-04
3.15257287e+01	2026-09-04T17:33:20.503960	0.00000000e+00	1	7	--	--	1.80125000e+00	5.30141000e-04
3.15533267e+01	2026-09-04T17:33:20.524078	0.00000000e+00	1	7	--	--	1.75121000e+00	5.30144000e-04
3.15732133e+01	2026-09-04T17:33:20.550770	0.00000000e+00	1	7	--	--	1.70117000e+00	5.30143000e-04
3.15863216e+01	2026-09-04T17:33:20.564069	0.00000000e+00	1	7	--	--	1.65114000e+00	5.30143000e-04
3.16126579e+01	2026-09-04T17:33:20.584220	0.00000000e+00	1	7	--	--	1.60110000e+00	5.30144000e-04
3.16364041e+01	2026-09-04T17:33:20.613870	0.00000000e+00	1	7	--	--	1.55110000e+00	5.30143000e-04
3.16497511e+01	2026-09-04T17:33:20.623889	0.00000000e+00	1	7	--	--	1.50102000e+00	5.30146000e-04
3.16759181e+01	2026-09-04T17:33:20.654290	0.00000000e+00	1	7	--	--	1.45101000e+00	5.30143000e-04
3.16834972e+01	2026-09-04T17:33:20.654290	0.00000000e+00	1	7	--	--	1.40098000e+00	5.30143000e-04
3.17375343e+01	2026-09-04T17:33:20.715029	0.00000000e+00	1	7	--	--	1.35095000e+00	5.30144000e-04
3.17463572e+01	2026-09-04T17:33:20.724089	0.00000000e+00	1	7	--	--	1.30093000e+00	5.30144000e-04
3.17710343e+01	2026-09-04T17:33:20.747215	0.00000000e+00	1	7	--	--	1.25089000e+00	5.30143000e-04
3.17848207e+01	2026-09-04T17:33:20.759247	0.00000000e+00	1	7	--	--	1.20084000e+00	5.30143000e-04
3.18074176e+01	2026-09-04T17:33:20.784022	0.00000000e+00	1	7	--	--	1.15081000e+00	5.30145000e-04
3.18148113e+01	2026-09-04T17:33:20.784022	0.00000000e+00	1	7	--	--	1.10074000e+00	5.30146000e-04
3.18382098e+01	2026-09-04T17:33:20.814057	0.00000000e+00	1	7	--	--	1.05073000e+00	5.30146000e-04
3.18495320e+01	2026-09-04T17:33:20.827131	0.00000000e+00	1	7	--	--	1.00069000e+00	5.30147000e-04
3.18706730e+01	2026-09-04T17:33:20.844332	0.00000000e+00	1	7	--	--	9.50657000e-01	5.30144000e-04
3.18831627e+01	2026-09-04T17:33:20.858938	0.00000000e+00	1	7	--	--	9.00591000e-01	5.30145000e-04
3.19092756e+01	2026-09-04T17:33:20.884099	0.00000000e+00	1	7	--	--	8.50586000e-01	5.30147000e-04
3.19172209e+01	2026-09-04T17:33:20.894171	0.00000000e+00	1	7	1.71939000e-01	-5.30226000e-04	8.00539000e-01	5.30146000e-04
3.19258617e+01	2026-09-04T17:33:20.904149	0.00000000e+00	1	7	1.21270000e-01	-5.30226000e-04	7.50507000e-01	5.30149000e-04
3.19770979e+01	2026-09-04T17:33:20.953790	0.00000000e+00	1	7	9.99818000e-02	-5.30226000e-04	7.00434000e-01	5.30152000e-04
3.19857368e+01	2026-09-04T17:33:20.963988	0.00000000e+00	1	7	4.83214000e-02	-5.30224000e-04	6.50423000e-01	5.30151000e-04
3.20081706e+01	2026-09-04T17:33:20.985670	0.00000000e+00	1	7	5.34775000e-03	-5.30230000e-04	6.00337000e-01	5.30143000e-04
3.20404452e+01	2026-09-04T17:33:21.017387	0.00000000e+00	1	7	-8.13246000e-05	-4.61626000e-04	5.50305000e-01	4.61191000e-04
3.20606295e+01	2026-09-04T17:33:21.033898	0.00000000e+00	1	7	-7.80106000e-05	-3.83629000e-04	5.00277000e-01	3.83734000e-04
3.20712837e+01	2026-09-04T17:33:21.048958	0.00000000e+00	1	7	-7.15256000e-05	-3.11087000e-04	4.50264000e-01	3.11694000e-04
3.21021309e+01	2026-09-04T17:33:21.074267	0.00000000e+00	1	7	-6.65903000e-05	-2.48262000e-04	4.00201000e-01	2.48581000e-04
3.21252113e+01	2026-09-04T17:33:21.097333	0.00000000e+00	1	7	-6.36101000e-05	-1.95086000e-04	3.50164000e-01	1.95193000e-04
3.21351125e+01	2026-09-04T17:33:21.113001	0.00000000e+00	1	7	-6.01053000e-05	-1.49312000e-04	3.00134000e-01	1.49286000e-04
3.21680639e+01	2026-09-04T17:33:21.145379	0.00000000e+00	1	7	-6.55890000e-05	-1.13051000e-04	2.50102000e-01	1.13105000e-04
3.21759033e+01	2026-09-04T17:33:21.154065	0.00000000e+00	1	7	-5.43594000e-05	-8.34730000e-05	2.00192000e-01	8.33246000e-05
3.21944413e+01	2026-09-04T17:33:21.171706	0.00000000e+00	1	7	-6.11067000e-05	-5.83708000e-05	1.50156000e-01	5.83214000e-05
3.22100162e+01	2026-09-04T17:33:21.187799	0.00000000e+00	1	7	-6.43253000e-05	-3.69903000e-05	1.00120000e-01	3.69426000e-05
3.22365050e+01	2026-09-04T17:33:21.213918	0.00000000e+00	1	7	-6.16312000e-05	-1.80011000e-05	5.00775000e-02	1.79886000e-05
3.22444954e+01	2026-09-04T17:33:21.221507	0.00000000e+00	1	7	-5.43594000e-05	-5.32606000e-08	3.74079000e-05	4.85022000e-08
3.43575158e+01	2026-09-04T17:33:23.333890	0.00000000e+00	1	8	-5.83172000e-05	-1.10459000e-10	3.85761000e-05	-3.37839000e-11
3.43658974e+01	2026-09-04T17:33:23.343998	0.00000000e+00	1	8	-2.26974000e-05	-1.43162000e-08	5.00578000e-02	2.61762000e-08
3.43808871e+01	2026-09-04T17:33:23.358979	0.00000000e+00	1	8	-1.79291000e-05	-6.48025000e-08	1.00093000e-01	7.56606000e-08
3.44065156e+01	2026-09-04T17:33:23.384120	0.00000000e+00	1	8	-3.83377000e-05	-1.60359000e-07	1.50141000e-01	1.84635000e-07
3.44431882e+01	2026-09-04T17:33:23.419172	0.00000000e+00	1	8	-4.90427000e-05	-2.27760000e-07	2.00190000e-01	2.32495000e-07
3.44506646e+01	2026-09-04T17:33:23.423885	0.00000000e+00	1	8	-5.54323000e-05	-2.96821000e-07	2.50103000e-01	2.59504000e-07
3.45000507e+01	2026-09-04T17:33:23.477335	0.00000000e+00	1	8	-5.47171000e-05	-3.93698000e-07	3.00133000e-01	3.85869000e-07
3.45079135e+01	2026-09-04T17:33:23.483999	0.00000000e+00	1	8	-5.93901000e-05	-4.73481000e-07	3.50175000e-01	4.73560000e-07
3.45319030e+01	2026-09-04T17:33:23.509406	0.00000000e+00	1	8	-5.52416000e-05	-5.59124000e-07	4.00198000e-01	5.39964000e-07
3.45613517e+01	2026-09-04T17:33:23.539131	0.00000000e+00	1	8	-5.26428000e-05	-6.45875000e-07	4.50273000e-01	6.66525000e-07
3.45838497e+01	2026-09-04T17:33:23.557031	0.00000000e+00	1	8	-6.11067000e-05	-9.41095000e-07	5.00256000e-01	9.01518000e-07
3.45925711e+01	2026-09-04T17:33:23.564225	0.00000000e+00	1	8	-4.77791000e-05	-1.36812000e-06	5.50333000e-01	1.13905000e-06
3.46110513e+01	2026-09-04T17:33:23.589124	0.00000000e+00	1	8	-5.80311000e-05	-1.43192000e-06	6.00341000e-01	1.96112000e-06
3.46328828e+01	2026-09-04T17:33:23.605440	0.00000000e+00	1	8	-4.63486000e-05	-3.61140000e-06	6.50420000e-01	4.28098000e-06
3.46403947e+01	2026-09-04T17:33:23.616040	0.00000000e+00	1	8	-1.41478000e-04	-3.28813000e-06	7.00447000e-01	3.09053000e-06
3.46480407e+01	2026-09-04T17:33:23.624216	0.00000000e+00	1	8	--	--	7.50493000e-01	5.30156000e-04
3.46699055e+01	2026-09-04T17:33:23.644137	0.00000000e+00	1	8	--	--	8.00529000e-01	5.30140000e-04
3.46916766e+01	2026-09-04T17:33:23.669295	0.00000000e+00	1	8	--	--	8.50584000e-01	5.30147000e-04
3.47128018e+01	2026-09-04T17:33:23.685491	0.00000000e+00	1	8	--	--	9.00614000e-01	5.30144000e-04
3.47234938e+01	2026-09-04T17:33:23.701604	0.00000000e+00	1	8	--	--	9.50642000e-01	5.30149000e-04
3.47531440e+01	2026-09-04T17:33:23.728008	0.00000000e+00	1	8	--	--	1.00069000e+00	5.30139000e-04
3.47611007e+01	2026-09-04T17:33:23.733968	0.00000000e+00	1	8	--	--	1.05072000e+00	5.30146000e-04
3.47688326e+01	2026-09-04T17:33:23.743837	0.00000000e+00	1	8	--	--	1.10076000e+00	5.30141000e-04
3.47992467e+01	2026-09-04T17:33:23.774001	0.00000000e+00	1	8	--	--	1.15078000e+00	5.30140000e-04
3.48226953e+01	2026-09-04T17:33:23.796089	0.00000000e+00	1	8	--	--	1.20081000e+00	5.30139000e-04
3.48305182e+01	2026-09-04T17:33:23.803985	0.00000000e+00	1	8	--	--	1.25088000e+00	5.30133000e-04
3.48392643e+01	2026-09-04T17:33:23.813816	0.00000000e+00	1	8	--	--	1.30092000e+00	5.30133000e-04
3.48529198e+01	2026-09-04T17:33:23.827863	0.00000000e+00	1	8	--	--	1.35094000e+00	5.30143000e-04
3.48795873e+01	2026-09-04T17:33:23.853976	0.00000000e+00	1	8	--	--	1.40100000e+00	5.30139000e-04
3.49022829e+01	2026-09-04T17:33:23.875869	0.00000000e+00	1	8	--	--	1.45102000e+00	5.30144000e-04
3.49105816e+01	2026-09-04T17:33:23.886101	0.00000000e+00	1	8	--	--	1.50102000e+00	5.30142000e-04
3.49418053e+01	2026-09-04T17:33:23.918976	0.00000000e+00	1	8	--	--	1.55108000e+00	5.30144000e-04
3.49493776e+01	2026-09-04T17:33:23.924472	0.00000000e+00	1	8	--	--	1.60111000e+00	5.30144000e-04
3.49571045e+01	2026-09-04T17:33:23.934208	0.00000000e+00	1	8	--	--	1.65113000e+00	5.30143000e-04
3.49774520e+01	2026-09-04T17:33:23.955295	0.00000000e+00	1	8	--	--	1.70114000e+00	5.30147000e-04
3.50011330e+01	2026-09-04T17:33:23.979111	0.00000000e+00	1	8	--	--	1.75120000e+00	5.30142000e-04
3.50254117e+01	2026-09-04T17:33:24.003849	0.00000000e+00	1	8	--	--	1.80122000e+00	5.30144000e-04
3.50332269e+01	2026-09-04T17:33:24.003849	0.00000000e+00	1	8	--	--	1.85130000e+00	5.30145000e-04
3.50586273e+01	2026-09-04T17:33:24.035116	0.00000000e+00	1	8	--	--	1.90131000e+00	5.30137000e-04
3.50732508e+01	2026-09-04T17:33:24.051180	0.00000000e+00	1	8	--	--	1.95134000e+00	5.30143000e-04
3.50948242e+01	2026-09-04T17:33:24.067073	0.00000000e+00	1	8	--	--	2.00138000e+00	5.30147000e-04
3.51106366e+01	2026-09-04T17:33:24.088839	0.00000000e+00	1	8	--	--	2.05064000e+00	5.30141000e-04
3.51378709e+01	2026-09-04T17:33:24.115197	0.00000000e+00	1	8	--	--	2.10073000e+00	5.30142000e-04
3.51461487e+01	2026-09-04T17:33:24.124237	0.00000000e+00	1	8	--	--	2.15109000e+00	5.30142000e-04
3.51697787e+01	2026-09-04T17:33:24.147103	0.00000000e+00	1	8	--	--	2.20096000e+00	5.30146000e-04
3.51844678e+01	2026-09-04T17:33:24.159003	0.00000000e+00	1	8	--	--	2.25103000e+00	5.30145000e-04
3.52073550e+01	2026-09-04T17:33:24.183962	0.00000000e+00	1	8	--	--	2.30089000e+00	5.30144000e-04
3.52150417e+01	2026-09-04T17:33:24.183962	0.00000000e+00	1	8	--	--	2.35117000e+00	5.30143000e-04
3.52480977e+01	2026-09-04T17:33:24.224289	0.00000000e+00	1	8	--	--	2.40093000e+00	5.30143000e-04
3.52712408e+01	2026-09-04T17:33:24.243897	0.00000000e+00	1	8	--	--	2.45084000e+00	5.30145000e-04
3.52791244e+01	2026-09-04T17:33:24.253903	0.00000000e+00	1	8	--	--	2.50111000e+00	5.30144000e-04
3.53127241e+01	2026-09-04T17:33:24.288940	0.00000000e+00	1	8	--	--	2.55132000e+00	5.30148000e-04
3.53212808e+01	2026-09-04T17:33:24.299289	0.00000000e+00	1	8	--	--	2.60126000e+00	5.30144000e-04
3.53432125e+01	2026-09-04T17:33:24.320869	0.00000000e+00	1	8	--	--	2.65126000e+00	5.30148000e-04
3.53763794e+01	2026-09-04T17:33:24.353841	0.00000000e+00	1	8	--	--	2.70134000e+00	5.30146000e-04
3.53841792e+01	2026-09-04T17:33:24.355465	0.00000000e+00	1	8	--	--	2.75122000e+00	5.30144000e-04
3.54061398e+01	2026-09-04T17:33:24.384596	0.00000000e+00	1	8	--	--	2.80135000e+00	5.30144000e-04
3.54196716e+01	2026-09-04T17:33:24.394139	0.00000000e+00	1	8	--	--	2.85172000e+00	5.30138000e-04
3.54533191e+01	2026-09-04T17:33:24.431165	0.00000000e+00	1	8	--	--	2.90179000e+00	5.30136000e-04
3.54615118e+01	2026-09-04T17:33:24.434009	0.00000000e+00	1	8	--	--	2.95145000e+00	5.30147000e-04
3.54862247e+01	2026-09-04T17:33:24.464258	0.00000000e+00	1	8	--	--	3.00145000e+00	5.30142000e-04
3.55027197e+01	2026-09-04T17:33:24.478848	0.00000000e+00	1	8	--	--	3.00147000e+00	5.30148000e-04
3.55225097e+01	2026-09-04T17:33:24.495153	0.00000000e+00	1	8	--	--	2.95159000e+00	5.30152000e-04
3.55303619e+01	2026-09-04T17:33:24.505821	0.00000000e+00	1	8	--	--	2.90151000e+00	5.30145000e-04
3.55442244e+01	2026-09-04T17:33:24.519106	0.00000000e+00	1	8	--	--	2.85162000e+00	5.30147000e-04
3.55620435e+01	2026-09-04T17:33:24.539192	0.00000000e+00	1	8	--	--	2.80124000e+00	5.30146000e-04
3.55862401e+01	2026-09-04T17:33:24.564248	0.00000000e+00	1	8	--	--	2.75124000e+00	5.30147000e-04
3.55948265e+01	2026-09-04T17:33:24.564248	0.00000000e+00	1	8	--	--	2.70153000e+00	5.30147000e-04
3.56067288e+01	2026-09-04T17:33:24.583889	0.00000000e+00	1	8	--	--	2.65120000e+00	5.30143000e-04
3.56275734e+01	2026-09-04T17:33:24.603927	0.00000000e+00	1	8	--	--	2.60113000e+00	5.30147000e-04
3.56500514e+01	2026-09-04T17:33:24.624009	0.00000000e+00	1	8	--	--	2.55125000e+00	5.30145000e-04
3.56614665e+01	2026-09-04T17:33:24.639000	0.00000000e+00	1	8	--	--	2.50126000e+00	5.30144000e-04
3.56894763e+01	2026-09-04T17:33:24.663933	0.00000000e+00	1	8	--	--	2.45085000e+00	5.30140000e-04
3.56972756e+01	2026-09-04T17:33:24.674242	0.00000000e+00	1	8	--	--	2.40094000e+00	5.30140000e-04
3.57051627e+01	2026-09-04T17:33:24.674242	0.00000000e+00	1	8	--	--	2.35095000e+00	5.30144000e-04
3.57253935e+01	2026-09-04T17:33:24.703105	0.00000000e+00	1	8	--	--	2.30078000e+00	5.30138000e-04
3.57476338e+01	2026-09-04T17:33:24.724164	0.00000000e+00	1	8	--	--	2.25093000e+00	5.30137000e-04
3.57615607e+01	2026-09-04T17:33:24.739158	0.00000000e+00	1	8	--	--	2.20102000e+00	5.30142000e-04
3.57695139e+01	2026-09-04T17:33:24.743769	0.00000000e+00	1	8	--	--	2.15087000e+00	5.30146000e-04
3.57773823e+01	2026-09-04T17:33:24.753862	0.00000000e+00	1	8	--	--	2.10066000e+00	5.30132000e-04
3.57850107e+01	2026-09-04T17:33:24.753862	0.00000000e+00	1	8	--	--	2.05071000e+00	5.30140000e-04
3.57999229e+01	2026-09-04T17:33:24.773811	0.00000000e+00	1	8	--	--	2.00137000e+00	5.30143000e-04
3.58191096e+01	2026-09-04T17:33:24.794206	0.00000000e+00	1	8	--	--	1.95134000e+00	5.30137000e-04
3.58499959e+01	2026-09-04T17:33:24.824272	0.00000000e+00	1	8	--	--	1.90130000e+00	5.30138000e-04
3.58750673e+01	2026-09-04T17:33:24.846148	0.00000000e+00	1	8	--	--	1.85127000e+00	5.30137000e-04
3.58827907e+01	2026-09-04T17:33:24.859231	0.00000000e+00	1	8	--	--	1.80123000e+00	5.30144000e-04
3.59166256e+01	2026-09-04T17:33:24.894263	0.00000000e+00	1	8	--	--	1.75122000e+00	5.30142000e-04
3.59375332e+01	2026-09-04T17:33:24.913950	0.00000000e+00	1	8	--	--	1.70117000e+00	5.30140000e-04
3.59452660e+01	2026-09-04T17:33:24.920698	0.00000000e+00	1	8	--	--	1.65113000e+00	5.30142000e-04
3.59641747e+01	2026-09-04T17:33:24.941941	0.00000000e+00	1	8	--	--	1.60112000e+00	5.30138000e-04
3.59748317e+01	2026-09-04T17:33:24.952274	0.00000000e+00	1	8	--	--	1.55106000e+00	5.30131000e-04
3.59946484e+01	2026-09-04T17:33:24.969091	0.00000000e+00	1	8	--	--	1.50102000e+00	5.30140000e-04
3.60165144e+01	2026-09-04T17:33:24.994180	0.00000000e+00	1	8	--	--	1.45102000e+00	5.30135000e-04
3.60285969e+01	2026-09-04T17:33:25.006274	0.00000000e+00	1	8	--	--	1.40095000e+00	5.30140000e-04
3.60561783e+01	2026-09-04T17:33:25.033865	0.00000000e+00	1	8	--	--	1.35094000e+00	5.30138000e-04
3.60759533e+01	2026-09-04T17:33:25.053801	0.00000000e+00	1	8	--	--	1.30091000e+00	5.30137000e-04
3.60989940e+01	2026-09-04T17:33:25.074244	0.00000000e+00	1	8	--	--	1.25087000e+00	5.30142000e-04
3.61236310e+01	2026-09-04T17:33:25.101014	0.00000000e+00	1	8	--	--	1.20083000e+00	5.30143000e-04
3.61318879e+01	2026-09-04T17:33:25.103961	0.00000000e+00	1	8	--	--	1.15079000e+00	5.30143000e-04
3.61567210e+01	2026-09-04T17:33:25.134274	0.00000000e+00	1	8	--	--	1.10073000e+00	5.30140000e-04
3.61873450e+01	2026-09-04T17:33:25.165165	0.00000000e+00	1	8	--	--	1.05075000e+00	5.30132000e-04
3.62011567e+01	2026-09-04T17:33:25.175912	0.00000000e+00	1	8	--	--	1.00066000e+00	5.30144000e-04
3.62516185e+01	2026-09-04T17:33:25.228979	0.00000000e+00	1	8	--	--	9.50640000e-01	5.30135000e-04
3.62803567e+01	2026-09-04T17:33:25.254287	0.00000000e+00	1	8	--	--	9.00586000e-01	5.30147000e-04
3.63037913e+01	2026-09-04T17:33:25.276034	0.00000000e+00	1	8	--	--	8.50572000e-01	5.30141000e-04
3.63114910e+01	2026-09-04T17:33:25.286300	0.00000000e+00	1	8	--	--	8.00510000e-01	5.30144000e-04
3.63242404e+01	2026-09-04T17:33:25.299190	0.00000000e+00	1	8	--	--	7.50484000e-01	5.30146000e-04
3.63428453e+01	2026-09-04T17:33:25.319313	0.00000000e+00	1	8	--	--	7.00430000e-01	5.30142000e-04
3.63515388e+01	2026-09-04T17:33:25.325180	0.00000000e+00	1	8	--	--	6.50404000e-01	5.30139000e-04
3.63591680e+01	2026-09-04T17:33:25.334290	0.00000000e+00	1	8	1.67388000e-01	-5.30220000e-04	6.00343000e-01	5.30144000e-04
3.63678094e+01	2026-09-04T17:33:25.344139	0.00000000e+00	1	8	1.18788000e-01	-5.30218000e-04	5.50334000e-01	5.30144000e-04
3.63759793e+01	2026-09-04T17:33:25.354152	0.00000000e+00	1	8	6.80254000e-02	-5.30220000e-04	5.00273000e-01	5.30145000e-04
3.64262823e+01	2026-09-04T17:33:25.404189	0.00000000e+00	1	8	1.86534000e-02	-5.30224000e-04	4.50252000e-01	5.30149000e-04
3.64345068e+01	2026-09-04T17:33:25.404189	0.00000000e+00	1	8	-7.53880000e-05	-4.70084000e-04	4.00224000e-01	4.68932000e-04
3.64535239e+01	2026-09-04T17:33:25.429245	0.00000000e+00	1	8	-6.38723000e-05	-3.77499000e-04	3.50193000e-01	3.76805000e-04
3.64797352e+01	2026-09-04T17:33:25.453893	0.00000000e+00	1	8	-5.73158000e-05	-2.94616000e-04	3.00124000e-01	2.94818000e-04
3.64873948e+01	2026-09-04T17:33:25.463948	0.00000000e+00	1	8	-5.71489000e-05	-2.24527000e-04	2.50093000e-01	2.24339000e-04
3.65379409e+01	2026-09-04T17:33:25.515343	0.00000000e+00	1	8	-4.37498000e-05	-7.82966000e-05	2.00183000e-01	7.82736000e-05
3.65506485e+01	2026-09-04T17:33:25.525496	0.00000000e+00	1	8	-4.58002000e-05	-5.19727000e-05	1.50151000e-01	5.19494000e-05
3.65584501e+01	2026-09-04T17:33:25.534011	0.00000000e+00	1	8	-3.92437000e-05	-3.19583000e-05	1.00115000e-01	3.19609000e-05
3.65670931e+01	2026-09-04T17:33:25.544055	0.00000000e+00	1	8	-3.59297000e-05	-1.52781000e-05	5.00794000e-02	1.52615000e-05
3.65973522e+01	2026-09-04T17:33:25.574146	0.00000000e+00	1	8	-4.14133000e-05	-3.91220000e-08	3.19242000e-05	3.55303000e-08
3.88445853e+01	2026-09-04T17:33:27.816356	0.00000000e+00	1	9	-5.92947000e-05	3.44276000e-11	3.47137000e-05	1.97470000e-10
3.88537898e+01	2026-09-04T17:33:27.831474	0.00000000e+00	1	9	-2.24352000e-05	-1.31686000e-08	5.00726000e-02	4.23173000e-08
3.88854715e+01	2026-09-04T17:33:27.863121	0.00000000e+00	1	9	-3.46661000e-05	-5.99964000e-08	1.00101000e-01	6.80760000e-08
3.89173084e+01	2026-09-04T17:33:27.895121	0.00000000e+00	1	9	-4.02451000e-05	-1.39109000e-07	1.50137000e-01	1.79051000e-07
3.89304654e+01	2026-09-04T17:33:27.903813	0.00000000e+00	1	9	-5.30958000e-05	-2.03622000e-07	2.00188000e-01	1.82386000e-07
3.89392708e+01	2026-09-04T17:33:27.913868	0.00000000e+00	1	9	-5.33581000e-05	-2.35018000e-07	2.50097000e-01	2.39370000e-07
3.89577323e+01	2026-09-04T17:33:27.934210	0.00000000e+00	1	9	-5.53370000e-05	-2.79990000e-07	3.00137000e-01	2.83778000e-07
3.89725793e+01	2026-09-04T17:33:27.949196	0.00000000e+00	1	9	-5.50747000e-05	-4.00814000e-07	3.50175000e-01	3.78383000e-07
3.89801515e+01	2026-09-04T17:33:27.953985	0.00000000e+00	1	9	-4.78745000e-05	-4.76792000e-07	4.00199000e-01	4.35909000e-07
3.90109020e+01	2026-09-04T17:33:27.988921	0.00000000e+00	1	9	-5.54323000e-05	-5.34054000e-07	4.50245000e-01	5.40317000e-07
3.90446804e+01	2026-09-04T17:33:28.022487	0.00000000e+00	1	9	-5.70536000e-05	-6.39984000e-07	5.00264000e-01	6.13827000e-07
3.90529140e+01	2026-09-04T17:33:28.024085	0.00000000e+00	1	9	-5.34534000e-05	-7.90064000e-07	5.50318000e-01	8.02299000e-07
3.90778369e+01	2026-09-04T17:33:28.053841	0.00000000e+00	1	9	-5.76735000e-05	-9.15897000e-07	6.00335000e-01	9.09031000e-07
3.90966169e+01	2026-09-04T17:33:28.073881	0.00000000e+00	1	9	-4.98533000e-05	-1.20739000e-06	6.50423000e-01	1.13258000e-06
3.91233057e+01	2026-09-04T17:33:28.100920	0.00000000e+00	1	9	-5.19276000e-05	-1.44539000e-06	7.00438000e-01	1.45735000e-06
3.91369043e+01	2026-09-04T17:33:28.113745	0.00000000e+00	1	9	-6.01053000e-05	-1.78840000e-06	7.50479000e-01	1.78918000e-06
3.91606344e+01	2026-09-04T17:33:28.134095	0.00000000e+00	1	9	-6.36101000e-05	-2.25219000e-06	8.00534000e-01	2.08700000e-06
3.91685438e+01	2026-09-04T17:33:28.143915	0.00000000e+00	1	9	-6.19173000e-05	-2.44571000e-06	8.50593000e-01	2.38087000e-06
3.91763013e+01	2026-09-04T17:33:28.153744	0.00000000e+00	1	9	-5.30005000e-05	-2.89330000e-06	9.00590000e-01	2.93487000e-06
3.91839041e+01	2026-09-04T17:33:28.159192	0.00000000e+00	1	9	-5.38111000e-05	-3.29943000e-06	9.50658000e-01	3.36862000e-06
3.92038382e+01	2026-09-04T17:33:28.180969	0.00000000e+00	1	9	-5.80311000e-05	-3.81337000e-06	1.00069000e+00	5.30155000e-04
3.92287911e+01	2026-09-04T17:33:28.203900	0.00000000e+00	1	9	--	--	1.05074000e+00	5.30147000e-04
3.92416457e+01	2026-09-04T17:33:28.213888	0.00000000e+00	1	9	--	--	1.10075000e+00	5.30148000e-04
3.92497766e+01	2026-09-04T17:33:28.224131	0.00000000e+00	1	9	--	--	1.15080000e+00	5.30141000e-04
3.92806477e+01	2026-09-04T17:33:28.254078	0.00000000e+00	1	9	--	--	1.20081000e+00	5.30147000e-04
3.93032391e+01	2026-09-04T17:33:28.276224	0.00000000e+00	1	9	--	--	1.25088000e+00	5.30147000e-04
3.93113467e+01	2026-09-04T17:33:28.284143	0.00000000e+00	1	9	--	--	1.30089000e+00	5.30141000e-04
3.93256089e+01	2026-09-04T17:33:28.296035	0.00000000e+00	1	9	--	--	1.35096000e+00	5.30143000e-04
3.93435716e+01	2026-09-04T17:33:28.318973	0.00000000e+00	1	9	--	--	1.40098000e+00	5.30144000e-04
3.93663864e+01	2026-09-04T17:33:28.344302	0.00000000e+00	1	9	--	--	1.45102000e+00	5.30145000e-04
3.93741532e+01	2026-09-04T17:33:28.344302	0.00000000e+00	1	9	--	--	1.50103000e+00	5.30146000e-04
3.93917255e+01	2026-09-04T17:33:28.368839	0.00000000e+00	1	9	--	--	1.55107000e+00	5.30144000e-04
3.94088195e+01	2026-09-04T17:33:28.384267	0.00000000e+00	1	9	--	--	1.60110000e+00	5.30143000e-04
3.94319299e+01	2026-09-04T17:33:28.404216	0.00000000e+00	1	9	--	--	1.65115000e+00	5.30146000e-04
3.94413494e+01	2026-09-04T17:33:28.419446	0.00000000e+00	1	9	--	--	1.70117000e+00	5.30141000e-04
3.94903402e+01	2026-09-04T17:33:28.467717	0.00000000e+00	1	9	--	--	1.75123000e+00	5.30141000e-04
3.94991920e+01	2026-09-04T17:33:28.473917	0.00000000e+00	1	9	--	--	1.80123000e+00	5.30148000e-04
3.95239147e+01	2026-09-04T17:33:28.499783	0.00000000e+00	1	9	--	--	1.85127000e+00	5.30148000e-04
3.95539234e+01	2026-09-04T17:33:28.531480	0.00000000e+00	1	9	--	--	1.90130000e+00	5.30142000e-04
3.95619293e+01	2026-09-04T17:33:28.533883	0.00000000e+00	1	9	--	--	1.95133000e+00	5.30144000e-04
3.95856453e+01	2026-09-04T17:33:28.563888	0.00000000e+00	1	9	--	--	2.00138000e+00	5.30142000e-04
3.96169573e+01	2026-09-04T17:33:28.595109	0.00000000e+00	1	9	--	--	2.05087000e+00	5.30144000e-04
3.96250610e+01	2026-09-04T17:33:28.596772	0.00000000e+00	1	9	--	--	2.10072000e+00	5.30150000e-04
3.96493039e+01	2026-09-04T17:33:28.626277	0.00000000e+00	1	9	--	--	2.15108000e+00	5.30145000e-04
3.96668239e+01	2026-09-04T17:33:28.644138	0.00000000e+00	1	9	--	--	2.20105000e+00	5.30141000e-04
3.96744361e+01	2026-09-04T17:33:28.652403	0.00000000e+00	1	9	--	--	2.25082000e+00	5.30146000e-04
3.96966827e+01	2026-09-04T17:33:28.674191	0.00000000e+00	1	9	--	--	2.30101000e+00	5.30146000e-04
3.97197067e+01	2026-09-04T17:33:28.697042	0.00000000e+00	1	9	--	--	2.35097000e+00	5.30144000e-04
3.97443755e+01	2026-09-04T17:33:28.721853	0.00000000e+00	1	9	--	--	2.40116000e+00	5.30144000e-04
3.97521879e+01	2026-09-04T17:33:28.723958	0.00000000e+00	1	9	--	--	2.45121000e+00	5.30143000e-04
3.97766328e+01	2026-09-04T17:33:28.754107	0.00000000e+00	1	9	--	--	2.50141000e+00	5.30143000e-04
3.98063946e+01	2026-09-04T17:33:28.784264	0.00000000e+00	1	9	--	--	2.55133000e+00	5.30145000e-04
3.98142135e+01	2026-09-04T17:33:28.784264	0.00000000e+00	1	9	--	--	2.60135000e+00	5.30144000e-04
3.98380677e+01	2026-09-04T17:33:28.816330	0.00000000e+00	1	9	--	--	2.65120000e+00	5.30144000e-04
3.98565208e+01	2026-09-04T17:33:28.834118	0.00000000e+00	1	9	--	--	2.70146000e+00	5.30143000e-04
3.98647648e+01	2026-09-04T17:33:28.834118	0.00000000e+00	1	9	--	--	2.75117000e+00	5.30141000e-04
3.98858102e+01	2026-09-04T17:33:28.863864	0.00000000e+00	1	9	--	--	2.80129000e+00	5.30142000e-04
3.99092109e+01	2026-09-04T17:33:28.884241	0.00000000e+00	1	9	--	--	2.85161000e+00	5.30148000e-04
3.99375836e+01	2026-09-04T17:33:28.914200	0.00000000e+00	1	9	--	--	2.90166000e+00	5.30148000e-04
3.99452639e+01	2026-09-04T17:33:28.914200	0.00000000e+00	1	9	--	--	2.95160000e+00	5.30151000e-04
3.99653174e+01	2026-09-04T17:33:28.942859	0.00000000e+00	1	9	--	--	3.00148000e+00	5.30150000e-04
3.99886632e+01	2026-09-04T17:33:28.963857	0.00000000e+00	1	9	--	--	3.00143000e+00	5.30144000e-04
4.00137098e+01	2026-09-04T17:33:28.991212	0.00000000e+00	1	9	--	--	2.95152000e+00	5.30146000e-04
4.00215186e+01	2026-09-04T17:33:28.997064	0.00000000e+00	1	9	--	--	2.90162000e+00	5.30147000e-04
4.00291179e+01	2026-09-04T17:33:29.007288	0.00000000e+00	1	9	--	--	2.85163000e+00	5.30147000e-04
4.00421709e+01	2026-09-04T17:33:29.019108	0.00000000e+00	1	9	--	--	2.80133000e+00	5.30153000e-04
4.00612321e+01	2026-09-04T17:33:29.039468	0.00000000e+00	1	9	--	--	2.75139000e+00	5.30148000e-04
4.00828693e+01	2026-09-04T17:33:29.055078	0.00000000e+00	1	9	--	--	2.70135000e+00	5.30143000e-04
4.00910033e+01	2026-09-04T17:33:29.065540	0.00000000e+00	1	9	--	--	2.65131000e+00	5.30138000e-04
4.01409148e+01	2026-09-04T17:33:29.118385	0.00000000e+00	1	9	--	--	2.60115000e+00	5.30148000e-04
4.01492723e+01	2026-09-04T17:33:29.123997	0.00000000e+00	1	9	--	--	2.55140000e+00	5.30149000e-04
4.01741825e+01	2026-09-04T17:33:29.150130	0.00000000e+00	1	9	--	--	2.50121000e+00	5.30148000e-04
4.02039067e+01	2026-09-04T17:33:29.181318	0.00000000e+00	1	9	--	--	2.45112000e+00	5.30141000e-04
4.02119902e+01	2026-09-04T17:33:29.183751	0.00000000e+00	1	9	--	--	2.40108000e+00	5.30142000e-04
4.02371739e+01	2026-09-04T17:33:29.214055	0.00000000e+00	1	9	--	--	2.35107000e+00	5.30144000e-04
4.02676553e+01	2026-09-04T17:33:29.245131	0.00000000e+00	1	9	--	--	2.30091000e+00	5.30148000e-04
4.02754567e+01	2026-09-04T17:33:29.245131	0.00000000e+00	1	9	--	--	2.25108000e+00	5.30142000e-04
4.03002262e+01	2026-09-04T17:33:29.276796	0.00000000e+00	1	9	--	--	2.20098000e+00	5.30143000e-04
4.03195241e+01	2026-09-04T17:33:29.297062	0.00000000e+00	1	9	--	--	2.15089000e+00	5.30142000e-04
4.03271370e+01	2026-09-04T17:33:29.304094	0.00000000e+00	1	9	--	--	2.10065000e+00	5.30143000e-04
4.03466636e+01	2026-09-04T17:33:29.324158	0.00000000e+00	1	9	--	--	2.05056000e+00	5.30143000e-04
4.03702600e+01	2026-09-04T17:33:29.344053	0.00000000e+00	1	9	--	--	2.00137000e+00	5.30146000e-04
4.03946025e+01	2026-09-04T17:33:29.372607	0.00000000e+00	1	9	--	--	1.95136000e+00	5.30143000e-04
4.04025487e+01	2026-09-04T17:33:29.374235	0.00000000e+00	1	9	--	--	1.90129000e+00	5.30143000e-04
4.04267630e+01	2026-09-04T17:33:29.403981	0.00000000e+00	1	9	--	--	1.85127000e+00	5.30142000e-04
4.04402198e+01	2026-09-04T17:33:29.414044	0.00000000e+00	1	9	--	--	1.80124000e+00	5.30147000e-04
4.04634616e+01	2026-09-04T17:33:29.441366	0.00000000e+00	1	9	--	--	1.75121000e+00	5.30141000e-04
4.04782434e+01	2026-09-04T17:33:29.454101	0.00000000e+00	1	9	--	--	1.70117000e+00	5.30143000e-04
4.05072967e+01	2026-09-04T17:33:29.484362	0.00000000e+00	1	9	--	--	1.65114000e+00	5.30143000e-04
4.05314997e+01	2026-09-04T17:33:29.508831	0.00000000e+00	1	9	--	--	1.60112000e+00	5.30144000e-04
4.05623754e+01	2026-09-04T17:33:29.539367	0.00000000e+00	1	9	--	--	1.55107000e+00	5.30143000e-04
4.05831895e+01	2026-09-04T17:33:29.555241	0.00000000e+00	1	9	--	--	1.50102000e+00	5.30142000e-04
4.05907924e+01	2026-09-04T17:33:29.563891	0.00000000e+00	1	9	--	--	1.45102000e+00	5.30137000e-04
4.06040638e+01	2026-09-04T17:33:29.578799	0.00000000e+00	1	9	--	--	1.40096000e+00	5.30141000e-04
4.06291253e+01	2026-09-04T17:33:29.603999	0.00000000e+00	1	9	--	--	1.35093000e+00	5.30142000e-04
4.06372096e+01	2026-09-04T17:33:29.613903	0.00000000e+00	1	9	--	--	1.30089000e+00	5.30137000e-04
4.06565115e+01	2026-09-04T17:33:29.634212	0.00000000e+00	1	9	--	--	1.25087000e+00	5.30143000e-04
4.06772870e+01	2026-09-04T17:33:29.654274	0.00000000e+00	1	9	--	--	1.20083000e+00	5.30148000e-04
4.07043907e+01	2026-09-04T17:33:29.682191	0.00000000e+00	1	9	--	--	1.15081000e+00	5.30143000e-04
4.07126966e+01	2026-09-04T17:33:29.684209	0.00000000e+00	1	9	--	--	1.10074000e+00	5.30142000e-04
4.07370633e+01	2026-09-04T17:33:29.713869	0.00000000e+00	1	9	--	--	1.05073000e+00	5.30143000e-04
4.07677503e+01	2026-09-04T17:33:29.745179	0.00000000e+00	1	9	--	--	1.00070000e+00	5.30141000e-04
4.07757156e+01	2026-09-04T17:33:29.753953	0.00000000e+00	1	9	--	--	9.50637000e-01	5.30141000e-04
4.07992726e+01	2026-09-04T17:33:29.776664	0.00000000e+00	1	9	--	--	9.00585000e-01	5.30147000e-04
4.08140067e+01	2026-09-04T17:33:29.789217	0.00000000e+00	1	9	--	--	8.50587000e-01	5.30147000e-04
4.08368666e+01	2026-09-04T17:33:29.813848	0.00000000e+00	1	9	--	--	8.00519000e-01	5.30150000e-04
4.08501987e+01	2026-09-04T17:33:29.824218	0.00000000e+00	1	9	--	--	7.50479000e-01	5.30146000e-04
4.08637310e+01	2026-09-04T17:33:29.839973	0.00000000e+00	1	9	1.86488000e-01	-5.30226000e-04	7.00453000e-01	5.30148000e-04
4.08837331e+01	2026-09-04T17:33:29.855733	0.00000000e+00	1	9	1.36841000e-01	-5.30228000e-04	6.50429000e-01	5.30147000e-04
4.08915790e+01	2026-09-04T17:33:29.863983	0.00000000e+00	1	9	8.69890000e-02	-5.30233000e-04	6.00348000e-01	5.30148000e-04
4.09306361e+01	2026-09-04T17:33:29.907960	0.00000000e+00	1	9	3.82715000e-02	-5.30233000e-04	5.50323000e-01	5.30149000e-04
4.09571438e+01	2026-09-04T17:33:29.935076	0.00000000e+00	1	9	-8.64506000e-05	-5.05945000e-04	5.00286000e-01	5.07187000e-04
4.09652336e+01	2026-09-04T17:33:29.935076	0.00000000e+00	1	9	-7.87258000e-05	-4.20837000e-04	4.50265000e-01	4.21481000e-04
4.09898752e+01	2026-09-04T17:33:29.967069	0.00000000e+00	1	9	-7.31468000e-05	-3.39520000e-04	4.00186000e-01	3.40051000e-04
4.10067854e+01	2026-09-04T17:33:29.984151	0.00000000e+00	1	9	-6.94513000e-05	-2.68282000e-04	3.50158000e-01	2.67961000e-04
4.10151592e+01	2026-09-04T17:33:29.984151	0.00000000e+00	1	9	-6.99043000e-05	-2.06398000e-04	3.00143000e-01	2.06247000e-04
4.10436570e+01	2026-09-04T17:33:30.018852	0.00000000e+00	1	9	-6.10113000e-05	-1.54116000e-04	2.50111000e-01	1.54375000e-04
4.10603647e+01	2026-09-04T17:33:30.033913	0.00000000e+00	1	9	-5.83172000e-05	-1.11212000e-04	2.00192000e-01	1.11398000e-04
4.10850234e+01	2026-09-04T17:33:30.062780	0.00000000e+00	1	9	-5.87702000e-05	-7.69448000e-05	1.50154000e-01	7.70908000e-05
4.11011819e+01	2026-09-04T17:33:30.079101	0.00000000e+00	1	9	-5.63383000e-05	-4.79261000e-05	1.00119000e-01	4.78468000e-05
4.11311305e+01	2026-09-04T17:33:30.105797	0.00000000e+00	1	9	-5.42641000e-05	-2.30255000e-05	5.00840000e-02	2.30070000e-05
4.11535812e+01	2026-09-04T17:33:30.127272	0.00000000e+00	1	9	-4.73499000e-05	-6.75429000e-08	4.09126000e-05	6.35310000e-08
4.33203329e+01	2026-09-04T17:33:32.293952	0.00000000e+00	1	10	-5.41687000e-05	1.04976000e-10	4.30822000e-05	7.18474000e-11
4.33314716e+01	2026-09-04T17:33:32.309106	0.00000000e+00	1	10	-3.66449000e-05	-1.49336000e-08	5.00777000e-02	2.88720000e-08
4.33724120e+01	2026-09-04T17:33:32.344290	0.00000000e+00	1	10	-4.56333000e-05	-4.34776000e-08	1.00112000e-01	4.97030000e-08
4.33955236e+01	2026-09-04T17:33:32.373537	0.00000000e+00	1	10	-4.74215000e-05	-9.65537000e-08	1.50155000e-01	9.64630000e-08
4.34034143e+01	2026-09-04T17:33:32.374159	0.00000000e+00	1	10	-4.14848000e-05	-1.54321000e-07	2.00184000e-01	1.57592000e-07
4.34252502e+01	2026-09-04T17:33:32.399628	0.00000000e+00	1	10	-5.47171000e-05	-1.89209000e-07	2.50112000e-01	1.88091000e-07
4.34492754e+01	2026-09-04T17:33:32.424008	0.00000000e+00	1	10	-5.47171000e-05	-2.51915000e-07	3.00121000e-01	2.60809000e-07
4.34574089e+01	2026-09-04T17:33:32.434001	0.00000000e+00	1	10	-5.12838000e-05	-3.11063000e-07	3.50197000e-01	2.97583000e-07
4.34908248e+01	2026-09-04T17:33:32.468263	0.00000000e+00	1	10	-4.74215000e-05	-3.80153000e-07	4.00199000e-01	3.68670000e-07
4.35130346e+01	2026-09-04T17:33:32.484548	0.00000000e+00	1	10	-5.02110000e-05	-4.50805000e-07	4.50267000e-01	4.50776000e-07
4.35211109e+01	2026-09-04T17:33:32.494129	0.00000000e+00	1	10	-5.54323000e-05	-5.57333000e-07	5.00283000e-01	5.78257000e-07
4.35608438e+01	2026-09-04T17:33:32.533919	0.00000000e+00	1	10	-5.45263000e-05	-7.12222000e-07	5.50328000e-01	7.10959000e-07
4.35773989e+01	2026-09-04T17:33:32.554128	0.00000000e+00	1	10	-5.67913000e-05	-9.03643000e-07	6.00353000e-01	9.16115000e-07
4.35851220e+01	2026-09-04T17:33:32.563305	0.00000000e+00	1	10	-5.50747000e-05	-1.15925000e-06	6.50431000e-01	1.10654000e-06
4.36094334e+01	2026-09-04T17:33:32.583988	0.00000000e+00	1	10	-5.91278000e-05	-1.43002000e-06	7.00451000e-01	1.41805000e-06
4.36358208e+01	2026-09-04T17:33:32.614174	0.00000000e+00	1	10	-5.56946000e-05	-1.63144000e-06	7.50480000e-01	1.63813000e-06
4.36655934e+01	2026-09-04T17:33:32.644060	0.00000000e+00	1	10	-5.36442000e-05	-2.04954000e-06	8.00526000e-01	2.02488000e-06
4.36734296e+01	2026-09-04T17:33:32.644060	0.00000000e+00	1	10	-5.97477000e-05	-2.50402000e-06	8.50578000e-01	2.48696000e-06
4.36816269e+01	2026-09-04T17:33:32.659117	0.00000000e+00	1	10	-6.45161000e-05	-2.98759000e-06	9.00593000e-01	3.57694000e-06
4.37129101e+01	2026-09-04T17:33:32.691048	0.00000000e+00	1	10	-8.23975000e-05	-4.48498000e-04	9.50644000e-01	4.37191000e-04
4.37416121e+01	2026-09-04T17:33:32.717252	0.00000000e+00	1	10	-8.55446000e-05	-4.82632000e-04	1.00069000e+00	4.80107000e-04
4.37732984e+01	2026-09-04T17:33:32.743983	0.00000000e+00	1	10	--	--	1.05072000e+00	5.30145000e-04
4.37924271e+01	2026-09-04T17:33:32.769971	0.00000000e+00	1	10	--	--	1.10074000e+00	5.30145000e-04
4.38021428e+01	2026-09-04T17:33:32.773808	0.00000000e+00	1	10	--	--	1.15080000e+00	5.30145000e-04
4.38355481e+01	2026-09-04T17:33:32.803908	0.00000000e+00	1	10	--	--	1.20081000e+00	5.30143000e-04
4.38566851e+01	2026-09-04T17:33:32.834227	0.00000000e+00	1	10	--	--	1.25088000e+00	5.30146000e-04
4.38821020e+01	2026-09-04T17:33:32.853849	0.00000000e+00	1	10	--	--	1.30091000e+00	5.30140000e-04
4.39081481e+01	2026-09-04T17:33:32.883768	0.00000000e+00	1	10	--	--	1.35096000e+00	5.30141000e-04
4.39157918e+01	2026-09-04T17:33:32.894036	0.00000000e+00	1	10	--	--	1.40097000e+00	5.30144000e-04
4.39296264e+01	2026-09-04T17:33:32.903995	0.00000000e+00	1	10	--	--	1.45102000e+00	5.30146000e-04
4.39424092e+01	2026-09-04T17:33:32.918910	0.00000000e+00	1	10	--	--	1.50104000e+00	5.30149000e-04
4.39677111e+01	2026-09-04T17:33:32.945107	0.00000000e+00	1	10	--	--	1.55110000e+00	5.30141000e-04
4.39757803e+01	2026-09-04T17:33:32.954149	0.00000000e+00	1	10	--	--	1.60112000e+00	5.30143000e-04
4.40006636e+01	2026-09-04T17:33:32.976645	0.00000000e+00	1	10	--	--	1.65113000e+00	5.30140000e-04
4.40189541e+01	2026-09-04T17:33:32.994136	0.00000000e+00	1	10	--	--	1.70115000e+00	5.30147000e-04
4.40268523e+01	2026-09-04T17:33:33.003998	0.00000000e+00	1	10	--	--	1.75121000e+00	5.30143000e-04
4.40461108e+01	2026-09-04T17:33:33.024087	0.00000000e+00	1	10	--	--	1.80125000e+00	5.30143000e-04
4.40703453e+01	2026-09-04T17:33:33.044076	0.00000000e+00	1	10	--	--	1.85130000e+00	5.30141000e-04
4.40981728e+01	2026-09-04T17:33:33.074060	0.00000000e+00	1	10	--	--	1.90130000e+00	5.30141000e-04
4.41059107e+01	2026-09-04T17:33:33.084154	0.00000000e+00	1	10	--	--	1.95134000e+00	5.30140000e-04
4.41194021e+01	2026-09-04T17:33:33.094177	0.00000000e+00	1	10	--	--	2.00137000e+00	5.30143000e-04
4.41415858e+01	2026-09-04T17:33:33.119228	0.00000000e+00	1	10	--	--	2.05085000e+00	5.30141000e-04
4.41628946e+01	2026-09-04T17:33:33.135226	0.00000000e+00	1	10	--	--	2.10059000e+00	5.30144000e-04
4.41705029e+01	2026-09-04T17:33:33.144064	0.00000000e+00	1	10	--	--	2.15111000e+00	5.30144000e-04
4.41827076e+01	2026-09-04T17:33:33.153891	0.00000000e+00	1	10	--	--	2.20111000e+00	5.30144000e-04
4.42056082e+01	2026-09-04T17:33:33.183940	0.00000000e+00	1	10	--	--	2.25104000e+00	5.30146000e-04
4.42135839e+01	2026-09-04T17:33:33.183940	0.00000000e+00	1	10	--	--	2.30091000e+00	5.30145000e-04
4.42220019e+01	2026-09-04T17:33:33.199719	0.00000000e+00	1	10	--	--	2.35137000e+00	5.30143000e-04
4.42300461e+01	2026-09-04T17:33:33.203880	0.00000000e+00	1	10	--	--	2.40122000e+00	5.30145000e-04
4.42521813e+01	2026-09-04T17:33:33.229866	0.00000000e+00	1	10	--	--	2.45122000e+00	5.30140000e-04
4.42748003e+01	2026-09-04T17:33:33.245843	0.00000000e+00	1	10	--	--	2.50126000e+00	5.30144000e-04
4.42825531e+01	2026-09-04T17:33:33.253900	0.00000000e+00	1	10	--	--	2.55132000e+00	5.30141000e-04
4.43133600e+01	2026-09-04T17:33:33.283778	0.00000000e+00	1	10	--	--	2.60112000e+00	5.30143000e-04
4.43366876e+01	2026-09-04T17:33:33.313962	0.00000000e+00	1	10	--	--	2.65124000e+00	5.30144000e-04
4.43447989e+01	2026-09-04T17:33:33.313962	0.00000000e+00	1	10	--	--	2.70127000e+00	5.30144000e-04
4.43525339e+01	2026-09-04T17:33:33.325185	0.00000000e+00	1	10	--	--	2.75127000e+00	5.30143000e-04
4.43604025e+01	2026-09-04T17:33:33.333824	0.00000000e+00	1	10	--	--	2.80134000e+00	5.30144000e-04
4.43759521e+01	2026-09-04T17:33:33.354099	0.00000000e+00	1	10	--	--	2.85166000e+00	5.30146000e-04
4.43998581e+01	2026-09-04T17:33:33.375725	0.00000000e+00	1	10	--	--	2.90165000e+00	5.30144000e-04
4.44152183e+01	2026-09-04T17:33:33.388599	0.00000000e+00	1	10	--	--	2.95160000e+00	5.30143000e-04
4.44420367e+01	2026-09-04T17:33:33.419787	0.00000000e+00	1	10	--	--	3.00153000e+00	5.30148000e-04
4.44488991e+01	2026-09-04T17:33:33.423851	0.00000000e+00	1	10	--	--	3.00139000e+00	5.30146000e-04
4.44569618e+01	2026-09-04T17:33:33.433925	0.00000000e+00	1	10	--	--	2.95135000e+00	5.30139000e-04
4.45067863e+01	2026-09-04T17:33:33.483958	0.00000000e+00	1	10	--	--	2.90156000e+00	5.30146000e-04
4.45146901e+01	2026-09-04T17:33:33.492180	0.00000000e+00	1	10	--	--	2.85178000e+00	5.30143000e-04
4.45233735e+01	2026-09-04T17:33:33.500128	0.00000000e+00	1	10	--	--	2.80132000e+00	5.30147000e-04
4.45315242e+01	2026-09-04T17:33:33.503821	0.00000000e+00	1	10	--	--	2.75146000e+00	5.30143000e-04
4.45563000e+01	2026-09-04T17:33:33.534189	0.00000000e+00	1	10	--	--	2.70150000e+00	5.30145000e-04
4.45833186e+01	2026-09-04T17:33:33.561167	0.00000000e+00	1	10	--	--	2.65131000e+00	5.30151000e-04
4.45913486e+01	2026-09-04T17:33:33.564162	0.00000000e+00	1	10	--	--	2.60127000e+00	5.30143000e-04
4.45991938e+01	2026-09-04T17:33:33.577234	0.00000000e+00	1	10	--	--	2.55142000e+00	5.30143000e-04
4.46315551e+01	2026-09-04T17:33:33.608798	0.00000000e+00	1	10	--	--	2.50134000e+00	5.30151000e-04
4.46514327e+01	2026-09-04T17:33:33.627552	0.00000000e+00	1	10	--	--	2.45112000e+00	5.30146000e-04
4.46602973e+01	2026-09-04T17:33:33.633785	0.00000000e+00	1	10	--	--	2.40091000e+00	5.30146000e-04
4.46900172e+01	2026-09-04T17:33:33.664028	0.00000000e+00	1	10	--	--	2.35112000e+00	5.30143000e-04
4.46977714e+01	2026-09-04T17:33:33.673841	0.00000000e+00	1	10	--	--	2.30078000e+00	5.30141000e-04
4.47062291e+01	2026-09-04T17:33:33.683731	0.00000000e+00	1	10	--	--	2.25106000e+00	5.30148000e-04
4.47265419e+01	2026-09-04T17:33:33.704096	0.00000000e+00	1	10	--	--	2.20103000e+00	5.30145000e-04
4.47396531e+01	2026-09-04T17:33:33.714554	0.00000000e+00	1	10	--	--	2.15103000e+00	5.30144000e-04
4.47632654e+01	2026-09-04T17:33:33.735899	0.00000000e+00	1	10	--	--	2.10075000e+00	5.30151000e-04
4.47707879e+01	2026-09-04T17:33:33.743889	0.00000000e+00	1	10	--	--	2.05079000e+00	5.30138000e-04
4.47789641e+01	2026-09-04T17:33:33.754052	0.00000000e+00	1	10	--	--	2.00138000e+00	5.30145000e-04
4.47874183e+01	2026-09-04T17:33:33.763837	0.00000000e+00	1	10	--	--	1.95133000e+00	5.30143000e-04
4.48194073e+01	2026-09-04T17:33:33.794128	0.00000000e+00	1	10	--	--	1.90130000e+00	5.30144000e-04
4.48426661e+01	2026-09-04T17:33:33.814896	0.00000000e+00	1	10	--	--	1.85128000e+00	5.30140000e-04
4.48507211e+01	2026-09-04T17:33:33.825644	0.00000000e+00	1	10	--	--	1.80123000e+00	5.30141000e-04
4.48677205e+01	2026-09-04T17:33:33.843810	0.00000000e+00	1	10	--	--	1.75121000e+00	5.30144000e-04
4.48898727e+01	2026-09-04T17:33:33.864058	0.00000000e+00	1	10	--	--	1.70116000e+00	5.30144000e-04
4.48978003e+01	2026-09-04T17:33:33.873880	0.00000000e+00	1	10	--	--	1.65115000e+00	5.30146000e-04
4.49362394e+01	2026-09-04T17:33:33.914121	0.00000000e+00	1	10	--	--	1.60110000e+00	5.30140000e-04
4.49546023e+01	2026-09-04T17:33:33.928336	0.00000000e+00	1	10	--	--	1.55110000e+00	5.30144000e-04
4.49623741e+01	2026-09-04T17:33:33.936164	0.00000000e+00	1	10	--	--	1.50104000e+00	5.30141000e-04
4.49847477e+01	2026-09-04T17:33:33.957185	0.00000000e+00	1	10	--	--	1.45103000e+00	5.30143000e-04
4.49952120e+01	2026-09-04T17:33:33.973255	0.00000000e+00	1	10	--	--	1.40097000e+00	5.30145000e-04
4.50254499e+01	2026-09-04T17:33:34.003941	0.00000000e+00	1	10	--	--	1.35094000e+00	5.30144000e-04
4.50556166e+01	2026-09-04T17:33:34.034002	0.00000000e+00	1	10	--	--	1.30089000e+00	5.30140000e-04
4.50810658e+01	2026-09-04T17:33:34.053742	0.00000000e+00	1	10	--	--	1.25090000e+00	5.30147000e-04
4.50887961e+01	2026-09-04T17:33:34.063887	0.00000000e+00	1	10	--	--	1.20083000e+00	5.30147000e-04
4.51173361e+01	2026-09-04T17:33:34.094028	0.00000000e+00	1	10	--	--	1.15082000e+00	5.30143000e-04
4.51376124e+01	2026-09-04T17:33:34.115808	0.00000000e+00	1	10	--	--	1.10074000e+00	5.30144000e-04
4.51594018e+01	2026-09-04T17:33:34.134026	0.00000000e+00	1	10	--	--	1.05072000e+00	5.30152000e-04
4.51670013e+01	2026-09-04T17:33:34.144207	0.00000000e+00	1	10	--	--	1.00069000e+00	5.30146000e-04
4.51952938e+01	2026-09-04T17:33:34.164064	0.00000000e+00	1	10	--	--	9.50658000e-01	5.30153000e-04
4.52052219e+01	2026-09-04T17:33:34.182661	0.00000000e+00	1	10	1.62046000e-01	-5.30227000e-04	9.00591000e-01	5.30150000e-04
4.52127625e+01	2026-09-04T17:33:34.184178	0.00000000e+00	1	10	1.12277000e-01	-5.30230000e-04	8.50591000e-01	5.30150000e-04
4.52336870e+01	2026-09-04T17:33:34.211135	0.00000000e+00	1	10	6.22281000e-02	-5.30227000e-04	8.00537000e-01	5.30153000e-04
4.52669026e+01	2026-09-04T17:33:34.243934	0.00000000e+00	1	10	1.16623000e-02	-5.30229000e-04	7.50509000e-01	5.30151000e-04
4.52749412e+01	2026-09-04T17:33:34.243934	0.00000000e+00	1	10	-8.07047000e-05	-4.65434000e-04	7.00455000e-01	4.65505000e-04
4.52972222e+01	2026-09-04T17:33:34.274859	0.00000000e+00	1	10	-7.46727000e-05	-3.85291000e-04	6.50443000e-01	3.84789000e-04
4.53219116e+01	2026-09-04T17:33:34.293894	0.00000000e+00	1	10	-7.03573000e-05	-3.10712000e-04	6.00349000e-01	3.10622000e-04
4.53359137e+01	2026-09-04T17:33:34.313800	0.00000000e+00	1	10	-6.63996000e-05	-2.44310000e-04	5.50316000e-01	2.44435000e-04
4.53439284e+01	2026-09-04T17:33:34.322235	0.00000000e+00	1	10	-6.29902000e-05	-1.88328000e-04	5.00286000e-01	1.87635000e-04
4.53763016e+01	2026-09-04T17:33:34.353979	0.00000000e+00	1	10	-6.20842000e-05	-1.43179000e-04	4.50264000e-01	1.43201000e-04
4.53976298e+01	2026-09-04T17:33:34.374022	0.00000000e+00	1	10	-6.19173000e-05	-1.08940000e-04	4.00209000e-01	1.09015000e-04
4.54052651e+01	2026-09-04T17:33:34.380315	0.00000000e+00	1	10	-5.81265000e-05	-8.35022000e-05	3.50156000e-01	8.34516000e-05
4.54175130e+01	2026-09-04T17:33:34.395507	0.00000000e+00	1	10	-5.55277000e-05	-6.40266000e-05	3.00131000e-01	6.40124000e-05
4.54341521e+01	2026-09-04T17:33:34.411024	0.00000000e+00	1	10	-5.94854000e-05	-4.87270000e-05	2.50112000e-01	4.87198000e-05
4.54560818e+01	2026-09-04T17:33:34.433927	0.00000000e+00	1	10	-5.21898000e-05	-3.63006000e-05	2.00194000e-01	3.62849000e-05
4.54640894e+01	2026-09-04T17:33:34.433927	0.00000000e+00	1	10	-5.35488000e-05	-2.58035000e-05	1.50157000e-01	2.57931000e-05
4.54876885e+01	2026-09-04T17:33:34.465014	0.00000000e+00	1	10	-5.58853000e-05	-1.65964000e-05	1.00119000e-01	1.65821000e-05
4.55104502e+01	2026-09-04T17:33:34.484030	0.00000000e+00	1	10	-5.03063000e-05	-8.13981000e-06	5.00889000e-02	8.15121000e-06
4.55254166e+01	2026-09-04T17:33:34.500688	0.00000000e+00	1	10	-5.60522000e-05	-2.39104000e-08	4.21047000e-05	2.39696000e-08
4.76007957e+01	2026-09-04T17:33:36.577448	0.00000000e+00	1	11	-5.12838000e-05	-6.72460000e-11	4.47035000e-05	1.74046000e-11
4.76181916e+01	2026-09-04T17:33:36.594130	0.00000000e+00	1	11	-2.16246000e-05	-8.01136000e-09	5.00650000e-02	1.90167000e-08
4.76258775e+01	2026-09-04T17:33:36.603815	0.00000000e+00	1	11	-1.09196000e-05	-4.39132000e-08	1.00099000e-01	5.64224000e-08
4.76473765e+01	2026-09-04T17:33:36.624873	0.00000000e+00	1	11	-4.27485000e-05	-1.37800000e-07	1.50142000e-01	1.59261000e-07
4.76812309e+01	2026-09-04T17:33:36.656980	0.00000000e+00	1	11	-5.37157000e-05	-1.89790000e-07	2.00189000e-01	1.87142000e-07
4.76996958e+01	2026-09-04T17:33:36.673945	0.00000000e+00	1	11	-5.10216000e-05	-2.69921000e-07	2.50108000e-01	2.91306000e-07
4.77164132e+01	2026-09-04T17:33:36.694165	0.00000000e+00	1	11	-5.21898000e-05	-3.68908000e-07	3.00137000e-01	3.83995000e-07
4.77242584e+01	2026-09-04T17:33:36.701840	0.00000000e+00	1	11	-5.22852000e-05	-4.68435000e-07	3.50199000e-01	4.64489000e-07
4.77429761e+01	2026-09-04T17:33:36.720943	0.00000000e+00	1	11	-4.92334000e-05	-4.48248000e-07	4.00193000e-01	4.40814000e-07
4.77760973e+01	2026-09-04T17:33:36.753920	0.00000000e+00	1	11	-5.38111000e-05	-5.09247000e-07	4.50276000e-01	5.13367000e-07
4.77842009e+01	2026-09-04T17:33:36.753920	0.00000000e+00	1	11	-5.25475000e-05	-6.55219000e-07	5.00269000e-01	6.42320000e-07
4.78076597e+01	2026-09-04T17:33:36.785075	0.00000000e+00	1	11	-4.73499000e-05	-7.48609000e-07	5.50337000e-01	7.01105000e-07
4.78396044e+01	2026-09-04T17:33:36.816968	0.00000000e+00	1	11	-5.40018000e-05	-9.00743000e-07	6.00377000e-01	8.86952000e-07
4.78473708e+01	2026-09-04T17:33:36.823932	0.00000000e+00	1	11	-4.66108000e-05	-1.11158000e-06	6.50428000e-01	1.10243000e-06
4.78594998e+01	2026-09-04T17:33:36.833936	0.00000000e+00	1	11	-4.85182000e-05	-1.38871000e-06	7.00431000e-01	1.36524000e-06
4.78677935e+01	2026-09-04T17:33:36.843785	0.00000000e+00	1	11	-4.48227000e-05	-1.70095000e-06	7.50478000e-01	1.67882000e-06
4.79020043e+01	2026-09-04T17:33:36.874206	0.00000000e+00	1	11	-4.92334000e-05	-2.03593000e-06	8.00520000e-01	1.98034000e-06
4.79239022e+01	2026-09-04T17:33:36.902039	0.00000000e+00	1	11	-4.29392000e-05	-2.45818000e-06	8.50600000e-01	2.46848000e-06
4.79330151e+01	2026-09-04T17:33:36.904070	0.00000000e+00	1	11	-4.84228000e-05	-3.09146000e-06	9.00602000e-01	4.47425000e-06
4.79648627e+01	2026-09-04T17:33:36.938943	0.00000000e+00	1	11	-6.84738000e-05	-5.10778000e-06	9.50661000e-01	4.54385000e-06
4.79948723e+01	2026-09-04T17:33:36.963740	0.00000000e+00	1	11	-3.41177000e-05	-6.44421000e-06	1.00066000e+00	6.34871000e-06
4.80195402e+01	2026-09-04T17:33:36.994189	0.00000000e+00	1	11	-4.61578000e-05	-8.16869000e-06	1.05073000e+00	8.03004000e-06
4.80276143e+01	2026-09-04T17:33:37.003841	0.00000000e+00	1	11	-5.45263000e-05	-7.75143000e-06	1.10077000e+00	7.18771000e-06
4.80593956e+01	2026-09-04T17:33:37.033897	0.00000000e+00	1	11	-1.99080000e-05	-1.09700000e-05	1.15086000e+00	9.10615000e-06
4.80860041e+01	2026-09-04T17:33:37.063836	0.00000000e+00	1	11	-7.45773000e-05	-9.06582000e-06	1.20083000e+00	8.55113000e-06
4.80964482e+01	2026-09-04T17:33:37.074071	0.00000000e+00	1	11	-2.17199000e-05	-9.22579000e-06	1.25087000e+00	9.33360000e-06
4.81066240e+01	2026-09-04T17:33:37.084072	0.00000000e+00	1	11	1.77155000e-01	-5.30258000e-04	1.30092000e+00	5.30152000e-04
4.81244112e+01	2026-09-04T17:33:37.102590	0.00000000e+00	1	11	1.97177000e-01	-5.30221000e-04	1.35095000e+00	5.30148000e-04
4.81485252e+01	2026-09-04T17:33:37.123749	0.00000000e+00	1	11	--	--	1.40100000e+00	5.30145000e-04
4.81727051e+01	2026-09-04T17:33:37.150024	0.00000000e+00	1	11	--	--	1.45102000e+00	5.30149000e-04
4.81870230e+01	2026-09-04T17:33:37.163757	0.00000000e+00	1	11	--	--	1.50104000e+00	5.30152000e-04
4.82130083e+01	2026-09-04T17:33:37.183886	0.00000000e+00	1	11	--	--	1.55106000e+00	5.30145000e-04
4.82366952e+01	2026-09-04T17:33:37.213960	0.00000000e+00	1	11	--	--	1.60114000e+00	5.30148000e-04
4.82625671e+01	2026-09-04T17:33:37.234068	0.00000000e+00	1	11	--	--	1.65114000e+00	5.30146000e-04
4.82887193e+01	2026-09-04T17:33:37.264197	0.00000000e+00	1	11	--	--	1.70117000e+00	5.30148000e-04
4.83054160e+01	2026-09-04T17:33:37.283879	0.00000000e+00	1	11	--	--	1.75122000e+00	5.30143000e-04
4.83261382e+01	2026-09-04T17:33:37.304178	0.00000000e+00	1	11	--	--	1.80125000e+00	5.30137000e-04
4.83475018e+01	2026-09-04T17:33:37.325341	0.00000000e+00	1	11	--	--	1.85128000e+00	5.30143000e-04
4.83553723e+01	2026-09-04T17:33:37.325341	0.00000000e+00	1	11	--	--	1.90130000e+00	5.30142000e-04
4.83638489e+01	2026-09-04T17:33:37.341100	0.00000000e+00	1	11	--	--	1.95135000e+00	5.30142000e-04
4.83948336e+01	2026-09-04T17:33:37.372603	0.00000000e+00	1	11	--	--	2.00138000e+00	5.30141000e-04
4.84037656e+01	2026-09-04T17:33:37.374144	0.00000000e+00	1	11	--	--	2.05071000e+00	5.30146000e-04
4.84223694e+01	2026-09-04T17:33:37.394066	0.00000000e+00	1	11	--	--	2.10073000e+00	5.30144000e-04
4.84468541e+01	2026-09-04T17:33:37.424179	0.00000000e+00	1	11	--	--	2.15089000e+00	5.30141000e-04
4.84546410e+01	2026-09-04T17:33:37.424179	0.00000000e+00	1	11	--	--	2.20108000e+00	5.30140000e-04
4.84740631e+01	2026-09-04T17:33:37.451814	0.00000000e+00	1	11	--	--	2.25093000e+00	5.30143000e-04
4.85070408e+01	2026-09-04T17:33:37.483747	0.00000000e+00	1	11	--	--	2.30081000e+00	5.30141000e-04
4.85163368e+01	2026-09-04T17:33:37.494080	0.00000000e+00	1	11	--	--	2.35118000e+00	5.30149000e-04
4.85252049e+01	2026-09-04T17:33:37.502660	0.00000000e+00	1	11	--	--	2.40100000e+00	5.30141000e-04
4.85337593e+01	2026-09-04T17:33:37.504191	0.00000000e+00	1	11	--	--	2.45112000e+00	5.30147000e-04
4.85536089e+01	2026-09-04T17:33:37.531650	0.00000000e+00	1	11	--	--	2.50120000e+00	5.30141000e-04
4.85760057e+01	2026-09-04T17:33:37.554176	0.00000000e+00	1	11	--	--	2.55136000e+00	5.30142000e-04
4.85846679e+01	2026-09-04T17:33:37.554176	0.00000000e+00	1	11	--	--	2.60137000e+00	5.30142000e-04
4.86339213e+01	2026-09-04T17:33:37.611153	0.00000000e+00	1	11	--	--	2.65134000e+00	5.30143000e-04
4.86425758e+01	2026-09-04T17:33:37.613964	0.00000000e+00	1	11	--	--	2.70154000e+00	5.30142000e-04
4.86510804e+01	2026-09-04T17:33:37.628381	0.00000000e+00	1	11	--	--	2.75120000e+00	5.30147000e-04
4.86595900e+01	2026-09-04T17:33:37.633845	0.00000000e+00	1	11	--	--	2.80129000e+00	5.30147000e-04
4.86781211e+01	2026-09-04T17:33:37.653766	0.00000000e+00	1	11	--	--	2.85161000e+00	5.30143000e-04
4.86994337e+01	2026-09-04T17:33:37.673793	0.00000000e+00	1	11	--	--	2.90151000e+00	5.30144000e-04
4.87067778e+01	2026-09-04T17:33:37.684121	0.00000000e+00	1	11	--	--	2.95147000e+00	5.30150000e-04
4.87283264e+01	2026-09-04T17:33:37.705811	0.00000000e+00	1	11	--	--	3.00144000e+00	5.30152000e-04
4.87506868e+01	2026-09-04T17:33:37.723824	0.00000000e+00	1	11	--	--	3.00141000e+00	5.30147000e-04
4.87760292e+01	2026-09-04T17:33:37.753937	0.00000000e+00	1	11	--	--	2.95156000e+00	5.30143000e-04
4.87835946e+01	2026-09-04T17:33:37.753937	0.00000000e+00	1	11	--	--	2.90162000e+00	5.30147000e-04
4.87908105e+01	2026-09-04T17:33:37.763792	0.00000000e+00	1	11	--	--	2.85150000e+00	5.30151000e-04
4.88221123e+01	2026-09-04T17:33:37.793925	0.00000000e+00	1	11	--	--	2.80120000e+00	5.30152000e-04
4.88466085e+01	2026-09-04T17:33:37.823914	0.00000000e+00	1	11	--	--	2.75142000e+00	5.30148000e-04
4.88545469e+01	2026-09-04T17:33:37.827917	0.00000000e+00	1	11	--	--	2.70158000e+00	5.30147000e-04
4.88844558e+01	2026-09-04T17:33:37.853917	0.00000000e+00	1	11	--	--	2.65124000e+00	5.30151000e-04
4.89147334e+01	2026-09-04T17:33:37.883967	0.00000000e+00	1	11	--	--	2.60125000e+00	5.30143000e-04
4.89220786e+01	2026-09-04T17:33:37.898637	0.00000000e+00	1	11	--	--	2.55145000e+00	5.30148000e-04
4.89295855e+01	2026-09-04T17:33:37.903899	0.00000000e+00	1	11	--	--	2.50122000e+00	5.30142000e-04
4.89456512e+01	2026-09-04T17:33:37.923730	0.00000000e+00	1	11	--	--	2.45103000e+00	5.30145000e-04
4.89653886e+01	2026-09-04T17:33:37.938939	0.00000000e+00	1	11	--	--	2.40111000e+00	5.30149000e-04
4.89872223e+01	2026-09-04T17:33:37.964035	0.00000000e+00	1	11	--	--	2.35125000e+00	5.30150000e-04
4.89954567e+01	2026-09-04T17:33:37.972104	0.00000000e+00	1	11	--	--	2.30106000e+00	5.30146000e-04
4.90454909e+01	2026-09-04T17:33:38.023926	0.00000000e+00	1	11	--	--	2.25106000e+00	5.30147000e-04
4.90534367e+01	2026-09-04T17:33:38.030578	0.00000000e+00	1	11	--	--	2.20105000e+00	5.30146000e-04
4.90792872e+01	2026-09-04T17:33:38.054099	0.00000000e+00	1	11	--	--	2.15095000e+00	5.30137000e-04
4.91086771e+01	2026-09-04T17:33:38.086087	0.00000000e+00	1	11	--	--	2.10062000e+00	5.30136000e-04
4.91161592e+01	2026-09-04T17:33:38.094100	0.00000000e+00	1	11	--	--	2.05076000e+00	5.30143000e-04
4.91237300e+01	2026-09-04T17:33:38.101783	0.00000000e+00	1	11	--	--	2.00136000e+00	5.30142000e-04
4.91352170e+01	2026-09-04T17:33:38.103834	0.00000000e+00	1	11	--	--	1.95137000e+00	5.30144000e-04
4.91562418e+01	2026-09-04T17:33:38.134122	0.00000000e+00	1	11	--	--	1.90129000e+00	5.30146000e-04
4.91772162e+01	2026-09-04T17:33:38.154146	0.00000000e+00	1	11	--	--	1.85128000e+00	5.30144000e-04
4.91847580e+01	2026-09-04T17:33:38.160747	0.00000000e+00	1	11	--	--	1.80124000e+00	5.30141000e-04
4.92075769e+01	2026-09-04T17:33:38.183962	0.00000000e+00	1	11	--	--	1.75121000e+00	5.30143000e-04
4.92362275e+01	2026-09-04T17:33:38.213679	0.00000000e+00	1	11	--	--	1.70117000e+00	5.30144000e-04
4.92440483e+01	2026-09-04T17:33:38.213679	0.00000000e+00	1	11	--	--	1.65112000e+00	5.30145000e-04
4.92514913e+01	2026-09-04T17:33:38.229755	0.00000000e+00	1	11	--	--	1.60109000e+00	5.30146000e-04
4.92883738e+01	2026-09-04T17:33:38.264080	0.00000000e+00	1	11	--	--	1.55108000e+00	5.30143000e-04
4.92958063e+01	2026-09-04T17:33:38.273898	0.00000000e+00	1	11	--	--	1.50102000e+00	5.30151000e-04
4.93158576e+01	2026-09-04T17:33:38.294138	0.00000000e+00	1	11	--	--	1.45104000e+00	5.30145000e-04
4.93460220e+01	2026-09-04T17:33:38.323995	0.00000000e+00	1	11	--	--	1.40098000e+00	5.30151000e-04
4.93669276e+01	2026-09-04T17:33:38.343907	0.00000000e+00	1	11	--	--	1.35096000e+00	5.30147000e-04
4.93742628e+01	2026-09-04T17:33:38.343907	0.00000000e+00	1	11	--	--	1.30090000e+00	5.30146000e-04
4.93868230e+01	2026-09-04T17:33:38.364008	0.00000000e+00	1	11	--	--	1.25089000e+00	5.30151000e-04
4.94114269e+01	2026-09-04T17:33:38.387436	0.00000000e+00	1	11	--	--	1.20084000e+00	5.30144000e-04
4.94199930e+01	2026-09-04T17:33:38.394172	0.00000000e+00	1	11	--	--	1.15080000e+00	5.30147000e-04
4.94273112e+01	2026-09-04T17:33:38.404205	0.00000000e+00	1	11	--	--	1.10075000e+00	5.30153000e-04
4.94346647e+01	2026-09-04T17:33:38.404205	0.00000000e+00	1	11	--	--	1.05073000e+00	5.30149000e-04
4.94602273e+01	2026-09-04T17:33:38.433967	0.00000000e+00	1	11	--	--	1.00070000e+00	5.30150000e-04
4.94877061e+01	2026-09-04T17:33:38.465563	0.00000000e+00	1	11	1.68454000e-01	-5.30225000e-04	9.50650000e-01	5.30149000e-04
4.94956823e+01	2026-09-04T17:33:38.473874	0.00000000e+00	1	11	1.17423000e-01	-5.30233000e-04	9.00611000e-01	5.30152000e-04
4.95225001e+01	2026-09-04T17:33:38.497237	0.00000000e+00	1	11	6.83065000e-02	-5.30229000e-04	8.50598000e-01	5.30148000e-04
4.95422844e+01	2026-09-04T17:33:38.514012	0.00000000e+00	1	11	1.99885000e-02	-5.30230000e-04	8.00527000e-01	5.30154000e-04
4.95506753e+01	2026-09-04T17:33:38.528985	0.00000000e+00	1	11	-8.65459000e-05	-4.87833000e-04	7.50504000e-01	4.86724000e-04
4.96007488e+01	2026-09-04T17:33:38.576826	0.00000000e+00	1	11	-7.91788000e-05	-4.15661000e-04	7.00438000e-01	4.14883000e-04
4.96101853e+01	2026-09-04T17:33:38.583812	0.00000000e+00	1	11	-7.28846000e-05	-3.42546000e-04	6.50444000e-01	3.41867000e-04
4.96180898e+01	2026-09-04T17:33:38.593812	0.00000000e+00	1	11	-6.72102000e-05	-2.79080000e-04	6.00366000e-01	2.79030000e-04
4.96254354e+01	2026-09-04T17:33:38.603737	0.00000000e+00	1	11	-6.21796000e-05	-2.21282000e-04	5.50348000e-01	2.21432000e-04
4.96429825e+01	2026-09-04T17:33:38.618891	0.00000000e+00	1	11	-6.45161000e-05	-1.70227000e-04	5.00294000e-01	1.70330000e-04
4.96713660e+01	2026-09-04T17:33:38.643832	0.00000000e+00	1	11	-5.98431000e-05	-1.26489000e-04	4.50248000e-01	1.26395000e-04
4.96939698e+01	2026-09-04T17:33:38.671620	0.00000000e+00	1	11	-5.89371000e-05	-9.31881000e-05	4.00176000e-01	9.30777000e-05
4.97161880e+01	2026-09-04T17:33:38.693711	0.00000000e+00	1	11	-5.80311000e-05	-6.90524000e-05	3.50167000e-01	6.90124000e-05
4.97420662e+01	2026-09-04T17:33:38.719502	0.00000000e+00	1	11	-6.04630000e-05	-5.11976000e-05	3.00121000e-01	5.12083000e-05
4.97506600e+01	2026-09-04T17:33:38.723859	0.00000000e+00	1	11	-5.40733000e-05	-3.80884000e-05	2.50102000e-01	3.80771000e-05
4.97763761e+01	2026-09-04T17:33:38.753963	0.00000000e+00	1	11	-5.35488000e-05	-2.79304000e-05	2.00191000e-01	2.78873000e-05
4.98058226e+01	2026-09-04T17:33:38.783929	0.00000000e+00	1	11	-5.67913000e-05	-1.96085000e-05	1.50155000e-01	1.95926000e-05
4.98137478e+01	2026-09-04T17:33:38.783929	0.00000000e+00	1	11	-4.83274000e-05	-1.25080000e-05	1.00117000e-01	1.25062000e-05
4.98214460e+01	2026-09-04T17:33:38.799528	0.00000000e+00	1	11	-5.56946000e-05	-6.11368000e-06	5.00855000e-02	6.11624000e-06
4.98503676e+01	2026-09-04T17:33:38.826296	0.00000000e+00	1	11	-5.28336000e-05	-1.69548000e-08	3.99351000e-05	1.77208000e-08
5.19916355e+01	2026-09-04T17:33:40.963826	0.00000000e+00	1	12	-5.99384000e-05	2.58088000e-11	3.14713000e-05	-8.77380000e-11
5.20151052e+01	2026-09-04T17:33:40.992619	0.00000000e+00	1	12	-5.47171000e-05	-3.42529000e-08	5.00752000e-02	3.54495000e-08
5.20496108e+01	2026-09-04T17:33:41.024174	0.00000000e+00	1	12	-5.77688000e-05	-7.28327000e-08	1.00113000e-01	7.15332000e-08
5.20661339e+01	2026-09-04T17:33:41.044149	0.00000000e+00	1	12	-2.59399000e-05	-8.80737000e-08	1.50127000e-01	9.99109000e-08
5.20734868e+01	2026-09-04T17:33:41.044149	0.00000000e+00	1	12	-4.42743000e-05	-1.79678000e-07	2.00173000e-01	2.07476000e-07
5.20858083e+01	2026-09-04T17:33:41.063810	0.00000000e+00	1	12	-5.90324000e-05	-2.30422000e-07	2.50121000e-01	2.30366000e-07
5.21105477e+01	2026-09-04T17:33:41.087080	0.00000000e+00	1	12	-6.61373000e-05	-3.01232000e-07	3.00130000e-01	2.89543000e-07
5.21289989e+01	2026-09-04T17:33:41.106858	0.00000000e+00	1	12	-6.19173000e-05	-3.92038000e-07	3.50167000e-01	3.72058000e-07
5.21371311e+01	2026-09-04T17:33:41.113919	0.00000000e+00	1	12	-6.19888000e-05	-4.97796000e-07	4.00205000e-01	4.97557000e-07
5.21575635e+01	2026-09-04T17:33:41.134998	0.00000000e+00	1	12	-6.32525000e-05	-6.22552000e-07	4.50258000e-01	6.58868000e-07
5.21921529e+01	2026-09-04T17:33:41.166700	0.00000000e+00	1	12	-5.76735000e-05	-8.57625000e-07	5.00259000e-01	8.70111000e-07
5.21999344e+01	2026-09-04T17:33:41.174125	0.00000000e+00	1	12	-6.73056000e-05	-1.13211000e-06	5.50313000e-01	1.25410000e-06
5.22125953e+01	2026-09-04T17:33:41.183989	0.00000000e+00	1	12	-6.52313000e-05	-1.43942000e-06	6.00357000e-01	1.57305000e-06
5.22380284e+01	2026-09-04T17:33:41.214199	0.00000000e+00	1	12	-6.74725000e-05	-2.08147000e-06	6.50421000e-01	1.88455000e-06
5.22580043e+01	2026-09-04T17:33:41.233918	0.00000000e+00	1	12	-6.26326000e-05	-2.49353000e-06	7.00438000e-01	2.65065000e-06
5.22659039e+01	2026-09-04T17:33:41.244095	0.00000000e+00	1	12	-5.86748000e-05	-3.13854000e-06	7.50527000e-01	3.12948000e-06
5.22733992e+01	2026-09-04T17:33:41.246140	0.00000000e+00	1	12	-7.28846000e-05	-2.25019000e-04	8.00520000e-01	2.17680000e-04
5.22956063e+01	2026-09-04T17:33:41.273790	0.00000000e+00	1	12	-8.21352000e-05	-2.49125000e-04	8.50569000e-01	2.46598000e-04
5.23150819e+01	2026-09-04T17:33:41.289327	0.00000000e+00	1	12	-8.48293000e-05	-2.81969000e-04	9.00578000e-01	2.74996000e-04
5.23375438e+01	2026-09-04T17:33:41.314181	0.00000000e+00	1	12	-8.34942000e-05	-3.09645000e-04	9.50646000e-01	3.07120000e-04
5.23461789e+01	2026-09-04T17:33:41.323807	0.00000000e+00	1	12	-8.53777000e-05	-3.37953000e-04	1.00069000e+00	3.36230000e-04
5.23963669e+01	2026-09-04T17:33:41.374126	0.00000000e+00	1	12	-8.13246000e-05	-3.42641000e-04	1.05075000e+00	3.44982000e-04
5.24041944e+01	2026-09-04T17:33:41.379010	0.00000000e+00	1	12	-8.59261000e-05	-3.84949000e-04	1.10076000e+00	3.75897000e-04
5.24297058e+01	2026-09-04T17:33:41.407361	0.00000000e+00	1	12	-7.92503000e-05	-3.89956000e-04	1.15080000e+00	3.89100000e-04
5.24590705e+01	2026-09-04T17:33:41.436904	0.00000000e+00	1	12	-8.40187000e-05	-4.20584000e-04	1.20083000e+00	4.18177000e-04
5.24677115e+01	2026-09-04T17:33:41.444180	0.00000000e+00	1	12	-8.95977000e-05	-4.58566000e-04	1.25089000e+00	4.42742000e-04
5.25008213e+01	2026-09-04T17:33:41.478992	0.00000000e+00	1	12	-9.42707000e-05	-4.70858000e-04	1.30092000e+00	4.69251000e-04
5.25233180e+01	2026-09-04T17:33:41.501091	0.00000000e+00	1	12	--	--	1.35095000e+00	5.30136000e-04
5.25372030e+01	2026-09-04T17:33:41.514128	0.00000000e+00	1	12	--	--	1.40097000e+00	5.30143000e-04
5.25672583e+01	2026-09-04T17:33:41.544003	0.00000000e+00	1	12	--	--	1.45100000e+00	5.30138000e-04
5.25863972e+01	2026-09-04T17:33:41.564172	0.00000000e+00	1	12	--	--	1.50102000e+00	5.30141000e-04
5.25943765e+01	2026-09-04T17:33:41.564172	0.00000000e+00	1	12	--	--	1.55109000e+00	5.30140000e-04
5.26209992e+01	2026-09-04T17:33:41.596198	0.00000000e+00	1	12	--	--	1.60111000e+00	5.30145000e-04
5.26426439e+01	2026-09-04T17:33:41.618976	0.00000000e+00	1	12	--	--	1.65114000e+00	5.30141000e-04
5.26669010e+01	2026-09-04T17:33:41.644190	0.00000000e+00	1	12	--	--	1.70117000e+00	5.30144000e-04
5.26802644e+01	2026-09-04T17:33:41.654026	0.00000000e+00	1	12	--	--	1.75121000e+00	5.30144000e-04
5.27098833e+01	2026-09-04T17:33:41.684020	0.00000000e+00	1	12	--	--	1.80123000e+00	5.30140000e-04
5.27177419e+01	2026-09-04T17:33:41.693951	0.00000000e+00	1	12	--	--	1.85129000e+00	5.30147000e-04
5.27256016e+01	2026-09-04T17:33:41.699106	0.00000000e+00	1	12	--	--	1.90129000e+00	5.30145000e-04
5.27462037e+01	2026-09-04T17:33:41.724051	0.00000000e+00	1	12	--	--	1.95135000e+00	5.30143000e-04
5.27789219e+01	2026-09-04T17:33:41.755890	0.00000000e+00	1	12	--	--	2.00136000e+00	5.30144000e-04
5.27883916e+01	2026-09-04T17:33:41.764283	0.00000000e+00	1	12	--	--	2.05061000e+00	5.30135000e-04
5.27961404e+01	2026-09-04T17:33:41.773988	0.00000000e+00	1	12	--	--	2.10068000e+00	5.30140000e-04
5.28047622e+01	2026-09-04T17:33:41.773988	0.00000000e+00	1	12	--	--	2.15096000e+00	5.30145000e-04
5.28218045e+01	2026-09-04T17:33:41.798905	0.00000000e+00	1	12	--	--	2.20103000e+00	5.30140000e-04
5.28473020e+01	2026-09-04T17:33:41.823974	0.00000000e+00	1	12	--	--	2.25091000e+00	5.30144000e-04
5.28551225e+01	2026-09-04T17:33:41.829491	0.00000000e+00	1	12	--	--	2.30092000e+00	5.30144000e-04
5.28854928e+01	2026-09-04T17:33:41.863735	0.00000000e+00	1	12	--	--	2.35120000e+00	5.30142000e-04
5.29120873e+01	2026-09-04T17:33:41.888960	0.00000000e+00	1	12	--	--	2.40108000e+00	5.30140000e-04
5.29201285e+01	2026-09-04T17:33:41.898513	0.00000000e+00	1	12	--	--	2.45107000e+00	5.30146000e-04
5.29585867e+01	2026-09-04T17:33:41.933763	0.00000000e+00	1	12	--	--	2.50116000e+00	5.30144000e-04
5.29879300e+01	2026-09-04T17:33:41.964129	0.00000000e+00	1	12	--	--	2.55142000e+00	5.30147000e-04
5.29962049e+01	2026-09-04T17:33:41.973793	0.00000000e+00	1	12	--	--	2.60118000e+00	5.30150000e-04
5.30212880e+01	2026-09-04T17:33:41.999212	0.00000000e+00	1	12	--	--	2.65110000e+00	5.30146000e-04
5.30393995e+01	2026-09-04T17:33:42.014134	0.00000000e+00	1	12	--	--	2.70137000e+00	5.30143000e-04
5.30478518e+01	2026-09-04T17:33:42.026123	0.00000000e+00	1	12	--	--	2.75115000e+00	5.30148000e-04
5.30966362e+01	2026-09-04T17:33:42.073864	0.00000000e+00	1	12	--	--	2.80136000e+00	5.30149000e-04
5.31051633e+01	2026-09-04T17:33:42.078459	0.00000000e+00	1	12	--	--	2.85139000e+00	5.30147000e-04
5.31277786e+01	2026-09-04T17:33:42.105497	0.00000000e+00	1	12	--	--	2.90164000e+00	5.30148000e-04
5.31432458e+01	2026-09-04T17:33:42.121298	0.00000000e+00	1	12	--	--	2.95150000e+00	5.30154000e-04
5.31672859e+01	2026-09-04T17:33:42.143826	0.00000000e+00	1	12	--	--	3.00137000e+00	5.30146000e-04
5.31738798e+01	2026-09-04T17:33:42.143826	0.00000000e+00	1	12	--	--	3.00156000e+00	5.30148000e-04
5.32247445e+01	2026-09-04T17:33:42.200705	0.00000000e+00	1	12	--	--	2.95149000e+00	5.30144000e-04
5.32328486e+01	2026-09-04T17:33:42.208537	0.00000000e+00	1	12	--	--	2.90149000e+00	5.30148000e-04
5.32551247e+01	2026-09-04T17:33:42.232503	0.00000000e+00	1	12	--	--	2.85156000e+00	5.30146000e-04
5.32852921e+01	2026-09-04T17:33:42.259063	0.00000000e+00	1	12	--	--	2.80121000e+00	5.30147000e-04
5.33075156e+01	2026-09-04T17:33:42.283971	0.00000000e+00	1	12	--	--	2.75151000e+00	5.30143000e-04
5.33218897e+01	2026-09-04T17:33:42.295957	0.00000000e+00	1	12	--	--	2.70126000e+00	5.30148000e-04
5.33500841e+01	2026-09-04T17:33:42.327794	0.00000000e+00	1	12	--	--	2.65112000e+00	5.30141000e-04
5.33719187e+01	2026-09-04T17:33:42.344280	0.00000000e+00	1	12	--	--	2.60125000e+00	5.30143000e-04
5.33859745e+01	2026-09-04T17:33:42.364060	0.00000000e+00	1	12	--	--	2.55131000e+00	5.30141000e-04
5.34151929e+01	2026-09-04T17:33:42.392575	0.00000000e+00	1	12	--	--	2.50121000e+00	5.30144000e-04
5.34232899e+01	2026-09-04T17:33:42.394084	0.00000000e+00	1	12	--	--	2.45106000e+00	5.30145000e-04
5.34313493e+01	2026-09-04T17:33:42.408896	0.00000000e+00	1	12	--	--	2.40093000e+00	5.30141000e-04
5.34453039e+01	2026-09-04T17:33:42.414254	0.00000000e+00	1	12	--	--	2.35116000e+00	5.30149000e-04
5.34723954e+01	2026-09-04T17:33:42.448964	0.00000000e+00	1	12	--	--	2.30089000e+00	5.30137000e-04
5.34950212e+01	2026-09-04T17:33:42.472653	0.00000000e+00	1	12	--	--	2.25099000e+00	5.30143000e-04
5.35027434e+01	2026-09-04T17:33:42.473972	0.00000000e+00	1	12	--	--	2.20091000e+00	5.30132000e-04
5.35114476e+01	2026-09-04T17:33:42.488624	0.00000000e+00	1	12	--	--	2.15104000e+00	5.30138000e-04
5.35576443e+01	2026-09-04T17:33:42.535435	0.00000000e+00	1	12	--	--	2.10072000e+00	5.30140000e-04
5.35660734e+01	2026-09-04T17:33:42.543892	0.00000000e+00	1	12	--	--	2.05078000e+00	5.30142000e-04
5.35898477e+01	2026-09-04T17:33:42.567419	0.00000000e+00	1	12	--	--	2.00137000e+00	5.30142000e-04
5.36129097e+01	2026-09-04T17:33:42.588991	0.00000000e+00	1	12	--	--	1.95135000e+00	5.30140000e-04
5.36379365e+01	2026-09-04T17:33:42.615320	0.00000000e+00	1	12	--	--	1.90130000e+00	5.30144000e-04
5.36466638e+01	2026-09-04T17:33:42.623891	0.00000000e+00	1	12	--	--	1.85129000e+00	5.30140000e-04
5.36728008e+01	2026-09-04T17:33:42.647396	0.00000000e+00	1	12	--	--	1.80122000e+00	5.30142000e-04
5.37019197e+01	2026-09-04T17:33:42.679702	0.00000000e+00	1	12	--	--	1.75122000e+00	5.30134000e-04
5.37104802e+01	2026-09-04T17:33:42.688919	0.00000000e+00	1	12	--	--	1.70116000e+00	5.30140000e-04
5.37354407e+01	2026-09-04T17:33:42.713894	0.00000000e+00	1	12	--	--	1.65115000e+00	5.30141000e-04
5.37514783e+01	2026-09-04T17:33:42.727968	0.00000000e+00	1	12	--	--	1.60110000e+00	5.30136000e-04
5.37721574e+01	2026-09-04T17:33:42.744230	0.00000000e+00	1	12	--	--	1.55107000e+00	5.30132000e-04
5.37797662e+01	2026-09-04T17:33:42.753921	0.00000000e+00	1	12	--	--	1.50103000e+00	5.30138000e-04
5.38172437e+01	2026-09-04T17:33:42.794182	0.00000000e+00	1	12	--	--	1.45102000e+00	5.30144000e-04
5.38253356e+01	2026-09-04T17:33:42.794182	0.00000000e+00	1	12	--	--	1.40097000e+00	5.30132000e-04
5.38331372e+01	2026-09-04T17:33:42.809545	0.00000000e+00	1	12	--	--	1.35094000e+00	5.30139000e-04
5.38407559e+01	2026-09-04T17:33:42.814241	0.00000000e+00	1	12	--	--	1.30093000e+00	5.30133000e-04
5.38658701e+01	2026-09-04T17:33:42.844117	0.00000000e+00	1	12	--	--	1.25089000e+00	5.30136000e-04
5.38927946e+01	2026-09-04T17:33:42.870492	0.00000000e+00	1	12	--	--	1.20083000e+00	5.30142000e-04
5.39010530e+01	2026-09-04T17:33:42.873865	0.00000000e+00	1	12	--	--	1.15081000e+00	5.30141000e-04
5.39250828e+01	2026-09-04T17:33:42.902305	0.00000000e+00	1	12	--	--	1.10075000e+00	5.30140000e-04
5.39561952e+01	2026-09-04T17:33:42.934011	0.00000000e+00	1	12	--	--	1.05074000e+00	5.30135000e-04
5.39641538e+01	2026-09-04T17:33:42.934011	0.00000000e+00	1	12	--	--	1.00067000e+00	5.30132000e-04
5.39784611e+01	2026-09-04T17:33:42.953765	0.00000000e+00	1	12	--	--	9.50652000e-01	5.30137000e-04
5.39958884e+01	2026-09-04T17:33:42.974301	0.00000000e+00	1	12	--	--	9.00598000e-01	5.30137000e-04
5.40127917e+01	2026-09-04T17:33:42.988881	0.00000000e+00	1	12	--	--	8.50566000e-01	5.30137000e-04
5.40355132e+01	2026-09-04T17:33:43.013765	0.00000000e+00	1	12	--	--	8.00504000e-01	5.30137000e-04
5.40584896e+01	2026-09-04T17:33:43.033880	0.00000000e+00	1	12	--	--	7.50489000e-01	5.30140000e-04
5.40746736e+01	2026-09-04T17:33:43.045508	0.00000000e+00	1	12	--	--	7.00408000e-01	5.30144000e-04
5.40985293e+01	2026-09-04T17:33:43.075986	0.00000000e+00	1	12	--	--	6.50417000e-01	5.30143000e-04
5.41252354e+01	2026-09-04T17:33:43.099246	0.00000000e+00	1	12	1.96050000e-01	-5.30220000e-04	6.00345000e-01	5.30142000e-04
5.41507252e+01	2026-09-04T17:33:43.123914	0.00000000e+00	1	12	1.45781000e-01	-5.30221000e-04	5.50335000e-01	5.30136000e-04
5.41616267e+01	2026-09-04T17:33:43.139262	0.00000000e+00	1	12	9.64391000e-02	-5.30220000e-04	5.00257000e-01	5.30136000e-04
5.41965392e+01	2026-09-04T17:33:43.174067	0.00000000e+00	1	12	4.63243000e-02	-5.30224000e-04	4.50264000e-01	5.30142000e-04
5.42040898e+01	2026-09-04T17:33:43.174067	0.00000000e+00	1	12	-7.59363000e-05	-5.22603000e-04	4.00201000e-01	5.22568000e-04
5.42251347e+01	2026-09-04T17:33:43.202993	0.00000000e+00	1	12	-7.22408000e-05	-4.29856000e-04	3.50161000e-01	4.30123000e-04
5.42406112e+01	2026-09-04T17:33:43.214106	0.00000000e+00	1	12	-7.32422000e-05	-3.40190000e-04	3.00141000e-01	3.39705000e-04
5.42677961e+01	2026-09-04T17:33:43.244131	0.00000000e+00	1	12	-6.17266000e-05	-2.56729000e-04	2.50095000e-01	2.56878000e-04
5.42768784e+01	2026-09-04T17:33:43.253778	0.00000000e+00	1	12	-6.07252000e-05	-1.90732000e-04	2.00187000e-01	1.90465000e-04
5.42846149e+01	2026-09-04T17:33:43.253778	0.00000000e+00	1	12	-6.06537000e-05	-1.25505000e-04	1.50147000e-01	1.25486000e-04
5.43052332e+01	2026-09-04T17:33:43.283099	0.00000000e+00	1	12	-5.11169000e-05	-7.45503000e-05	1.00109000e-01	7.46305000e-05
5.43398106e+01	2026-09-04T17:33:43.315281	0.00000000e+00	1	12	-4.46320000e-05	-3.46060000e-05	5.00786000e-02	3.45619000e-05
5.43474242e+01	2026-09-04T17:33:43.325801	0.00000000e+00	1	12	-4.49896000e-05	-8.99750000e-08	2.49863000e-05	8.08419000e-08
5.65558728e+01	2026-09-04T17:33:45.534122	0.00000000e+00	1	13	-5.54323000e-05	5.67436000e-12	3.87669000e-05	2.54822000e-10
5.65773274e+01	2026-09-04T17:33:45.555824	0.00000000e+00	1	13	-3.96967000e-05	-2.38035000e-08	5.00834000e-02	3.58548000e-08
5.66177195e+01	2026-09-04T17:33:45.593821	0.00000000e+00	1	13	-2.62976000e-05	-5.37123000e-08	1.00106000e-01	6.18773000e-08
5.66258866e+01	2026-09-04T17:33:45.604003	0.00000000e+00	1	13	-1.71185000e-05	-8.87642000e-08	1.50142000e-01	1.39009000e-07
5.66756356e+01	2026-09-04T17:33:45.653875	0.00000000e+00	1	13	-3.57389000e-05	-2.24888000e-07	2.00193000e-01	1.81540000e-07
5.66876283e+01	2026-09-04T17:33:45.663837	0.00000000e+00	1	13	-5.44310000e-05	-2.57364000e-07	2.50098000e-01	2.46502000e-07
5.67181309e+01	2026-09-04T17:33:45.693864	0.00000000e+00	1	13	-5.31912000e-05	-3.07135000e-07	3.00135000e-01	3.00286000e-07
5.67340626e+01	2026-09-04T17:33:45.711037	0.00000000e+00	1	13	-5.45263000e-05	-4.05720000e-07	3.50163000e-01	4.02431000e-07
5.67482862e+01	2026-09-04T17:33:45.724974	0.00000000e+00	1	13	-5.03063000e-05	-5.32865000e-07	4.00196000e-01	5.04945000e-07
5.67686293e+01	2026-09-04T17:33:45.746113	0.00000000e+00	1	13	-5.42641000e-05	-6.49106000e-07	4.50249000e-01	6.53478000e-07
5.67764368e+01	2026-09-04T17:33:45.754032	0.00000000e+00	1	13	-4.81367000e-05	-7.93756000e-07	5.00283000e-01	7.79366000e-07
5.68041766e+01	2026-09-04T17:33:45.777957	0.00000000e+00	1	13	-4.76122000e-05	-9.17499000e-07	5.50354000e-01	9.21388000e-07
5.68328300e+01	2026-09-04T17:33:45.810298	0.00000000e+00	1	13	-5.15699000e-05	-1.14560000e-06	6.00368000e-01	1.17691000e-06
5.68458193e+01	2026-09-04T17:33:45.823934	0.00000000e+00	1	13	-4.61578000e-05	-1.41983000e-06	6.50439000e-01	1.43924000e-06
5.68779254e+01	2026-09-04T17:33:45.853946	0.00000000e+00	1	13	-4.95911000e-05	-1.69935000e-06	7.00444000e-01	1.72436000e-06
5.69008408e+01	2026-09-04T17:33:45.874062	0.00000000e+00	1	13	-5.40733000e-05	-2.13448000e-06	7.50507000e-01	2.08238000e-06
5.69093290e+01	2026-09-04T17:33:45.883741	0.00000000e+00	1	13	-5.66959000e-05	-2.45157000e-06	8.00526000e-01	2.46928000e-06
5.69418037e+01	2026-09-04T17:33:45.919209	0.00000000e+00	1	13	-6.09159000e-05	-3.01826000e-06	8.50565000e-01	3.03773000e-06
5.69646783e+01	2026-09-04T17:33:45.937932	0.00000000e+00	1	13	-4.96864000e-05	-3.55124000e-06	9.00595000e-01	3.45365000e-06
5.69731292e+01	2026-09-04T17:33:45.948411	0.00000000e+00	1	13	-5.37157000e-05	-4.03801000e-06	9.50655000e-01	4.06824000e-06
5.70067065e+01	2026-09-04T17:33:45.984120	0.00000000e+00	1	13	-5.68628000e-05	-4.59459000e-06	1.00069000e+00	4.42092000e-06
5.70288830e+01	2026-09-04T17:33:46.003797	0.00000000e+00	1	13	-5.70536000e-05	-5.11388000e-06	1.05063000e+00	7.52347000e-06
5.70433486e+01	2026-09-04T17:33:46.016867	0.00000000e+00	1	13	-4.39167000e-05	-9.03631000e-06	1.10074000e+00	9.12729000e-06
5.70864807e+01	2026-09-04T17:33:46.064255	0.00000000e+00	1	13	-1.98126000e-05	-9.79447000e-06	1.15076000e+00	1.09433000e-05
5.71059691e+01	2026-09-04T17:33:46.084285	0.00000000e+00	1	13	-5.46217000e-05	-1.09790000e-05	1.20083000e+00	1.11304000e-05
5.71344108e+01	2026-09-04T17:33:46.112119	0.00000000e+00	1	13	-5.54323000e-05	-1.02054000e-05	1.25090000e+00	1.02519000e-05
5.71440021e+01	2026-09-04T17:33:46.118870	0.00000000e+00	1	13	-5.47171000e-05	-1.13535000e-05	1.30088000e+00	1.13553000e-05
5.71665428e+01	2026-09-04T17:33:46.144030	0.00000000e+00	1	13	-5.48124000e-05	-1.66208000e-05	1.35095000e+00	1.61087000e-05
5.71984811e+01	2026-09-04T17:33:46.175790	0.00000000e+00	1	13	-5.72205000e-05	-2.57588000e-05	1.40080000e+00	8.27100000e-05
5.72072730e+01	2026-09-04T17:33:46.184245	0.00000000e+00	1	13	--	--	1.45102000e+00	5.30151000e-04
5.72197907e+01	2026-09-04T17:33:46.194188	0.00000000e+00	1	13	--	--	1.50103000e+00	5.30140000e-04
5.72273820e+01	2026-09-04T17:33:46.203743	0.00000000e+00	1	13	--	--	1.55109000e+00	5.30137000e-04
5.72557031e+01	2026-09-04T17:33:46.234197	0.00000000e+00	1	13	--	--	1.60110000e+00	5.30140000e-04
5.72676307e+01	2026-09-04T17:33:46.244279	0.00000000e+00	1	13	--	--	1.65114000e+00	5.30144000e-04
5.72874506e+01	2026-09-04T17:33:46.264633	0.00000000e+00	1	13	--	--	1.70117000e+00	5.30140000e-04
5.72962757e+01	2026-09-04T17:33:46.273940	0.00000000e+00	1	13	--	--	1.75122000e+00	5.30140000e-04
5.73038900e+01	2026-09-04T17:33:46.280514	0.00000000e+00	1	13	--	--	1.80124000e+00	5.30141000e-04
5.73238713e+01	2026-09-04T17:33:46.301605	0.00000000e+00	1	13	--	--	1.85128000e+00	5.30143000e-04
5.73585679e+01	2026-09-04T17:33:46.334229	0.00000000e+00	1	13	--	--	1.90131000e+00	5.30135000e-04
5.73662620e+01	2026-09-04T17:33:46.344221	0.00000000e+00	1	13	--	--	1.95135000e+00	5.30138000e-04
5.73880918e+01	2026-09-04T17:33:46.365894	0.00000000e+00	1	13	--	--	2.00137000e+00	5.30145000e-04
5.74184866e+01	2026-09-04T17:33:46.393937	0.00000000e+00	1	13	--	--	2.05063000e+00	5.30141000e-04
5.74412827e+01	2026-09-04T17:33:46.414249	0.00000000e+00	1	13	--	--	2.10078000e+00	5.30141000e-04
5.74494458e+01	2026-09-04T17:33:46.424936	0.00000000e+00	1	13	--	--	2.15092000e+00	5.30146000e-04
5.74723830e+01	2026-09-04T17:33:46.445913	0.00000000e+00	1	13	--	--	2.20100000e+00	5.30141000e-04
5.74931434e+01	2026-09-04T17:33:46.465207	0.00000000e+00	1	13	--	--	2.25103000e+00	5.30143000e-04
5.75264385e+01	2026-09-04T17:33:46.504038	0.00000000e+00	1	13	--	--	2.30088000e+00	5.30143000e-04
5.75541157e+01	2026-09-04T17:33:46.529099	0.00000000e+00	1	13	--	--	2.35120000e+00	5.30144000e-04
5.75618651e+01	2026-09-04T17:33:46.534222	0.00000000e+00	1	13	--	--	2.40124000e+00	5.30143000e-04
5.75694307e+01	2026-09-04T17:33:46.543977	0.00000000e+00	1	13	--	--	2.45092000e+00	5.30143000e-04
5.75779352e+01	2026-09-04T17:33:46.553904	0.00000000e+00	1	13	--	--	2.50132000e+00	5.30144000e-04
5.76092805e+01	2026-09-04T17:33:46.584213	0.00000000e+00	1	13	--	--	2.55130000e+00	5.30145000e-04
5.76308791e+01	2026-09-04T17:33:46.604994	0.00000000e+00	1	13	--	--	2.60125000e+00	5.30146000e-04
5.76434122e+01	2026-09-04T17:33:46.621025	0.00000000e+00	1	13	--	--	2.65105000e+00	5.30143000e-04
5.76736405e+01	2026-09-04T17:33:46.649037	0.00000000e+00	1	13	--	--	2.70138000e+00	5.30144000e-04
5.76961320e+01	2026-09-04T17:33:46.674315	0.00000000e+00	1	13	--	--	2.75128000e+00	5.30147000e-04
5.77039255e+01	2026-09-04T17:33:46.674315	0.00000000e+00	1	13	--	--	2.80129000e+00	5.30147000e-04
5.77376719e+01	2026-09-04T17:33:46.715814	0.00000000e+00	1	13	--	--	2.85165000e+00	5.30143000e-04
5.77602068e+01	2026-09-04T17:33:46.733854	0.00000000e+00	1	13	--	--	2.90171000e+00	5.30146000e-04
5.77741468e+01	2026-09-04T17:33:46.747509	0.00000000e+00	1	13	--	--	2.95167000e+00	5.30144000e-04
5.77996951e+01	2026-09-04T17:33:46.774094	0.00000000e+00	1	13	--	--	3.00157000e+00	5.30141000e-04
5.78202087e+01	2026-09-04T17:33:46.795021	0.00000000e+00	1	13	--	--	3.00159000e+00	5.30149000e-04
5.78297797e+01	2026-09-04T17:33:46.804252	0.00000000e+00	1	13	--	--	2.95155000e+00	5.30151000e-04
5.78445935e+01	2026-09-04T17:33:46.819050	0.00000000e+00	1	13	--	--	2.90171000e+00	5.30148000e-04
5.78698951e+01	2026-09-04T17:33:46.844185	0.00000000e+00	1	13	--	--	2.85167000e+00	5.30148000e-04
5.78773764e+01	2026-09-04T17:33:46.853778	0.00000000e+00	1	13	--	--	2.80121000e+00	5.30143000e-04
5.78965629e+01	2026-09-04T17:33:46.873959	0.00000000e+00	1	13	--	--	2.75133000e+00	5.30146000e-04
5.79272362e+01	2026-09-04T17:33:46.904099	0.00000000e+00	1	13	--	--	2.70145000e+00	5.30141000e-04
5.79496674e+01	2026-09-04T17:33:46.924177	0.00000000e+00	1	13	--	--	2.65107000e+00	5.30142000e-04
5.79593633e+01	2026-09-04T17:33:46.933953	0.00000000e+00	1	13	--	--	2.60114000e+00	5.30142000e-04
5.80081099e+01	2026-09-04T17:33:46.985879	0.00000000e+00	1	13	--	--	2.55140000e+00	5.30143000e-04
5.80164213e+01	2026-09-04T17:33:46.994273	0.00000000e+00	1	13	--	--	2.50131000e+00	5.30146000e-04
5.80416867e+01	2026-09-04T17:33:47.017707	0.00000000e+00	1	13	--	--	2.45096000e+00	5.30139000e-04
5.80718891e+01	2026-09-04T17:33:47.049605	0.00000000e+00	1	13	--	--	2.40096000e+00	5.30147000e-04
5.80797604e+01	2026-09-04T17:33:47.054080	0.00000000e+00	1	13	--	--	2.35111000e+00	5.30144000e-04
5.80878508e+01	2026-09-04T17:33:47.066218	0.00000000e+00	1	13	--	--	2.30102000e+00	5.30135000e-04
5.81186582e+01	2026-09-04T17:33:47.094152	0.00000000e+00	1	13	--	--	2.25093000e+00	5.30144000e-04
5.81434172e+01	2026-09-04T17:33:47.114259	0.00000000e+00	1	13	--	--	2.20098000e+00	5.30141000e-04
5.81518736e+01	2026-09-04T17:33:47.130276	0.00000000e+00	1	13	--	--	2.15099000e+00	5.30140000e-04
5.81928264e+01	2026-09-04T17:33:47.166588	0.00000000e+00	1	13	--	--	2.10072000e+00	5.30137000e-04
5.82083202e+01	2026-09-04T17:33:47.183819	0.00000000e+00	1	13	--	--	2.05067000e+00	5.30142000e-04
5.82323989e+01	2026-09-04T17:33:47.210197	0.00000000e+00	1	13	--	--	2.00138000e+00	5.30143000e-04
5.82520579e+01	2026-09-04T17:33:47.225989	0.00000000e+00	1	13	--	--	1.95136000e+00	5.30142000e-04
5.82712376e+01	2026-09-04T17:33:47.243820	0.00000000e+00	1	13	--	--	1.90131000e+00	5.30140000e-04
5.82790103e+01	2026-09-04T17:33:47.254175	0.00000000e+00	1	13	--	--	1.85128000e+00	5.30135000e-04
5.83239460e+01	2026-09-04T17:33:47.298920	0.00000000e+00	1	13	--	--	1.80123000e+00	5.30134000e-04
5.83483764e+01	2026-09-04T17:33:47.324045	0.00000000e+00	1	13	--	--	1.75120000e+00	5.30136000e-04
5.83563609e+01	2026-09-04T17:33:47.333905	0.00000000e+00	1	13	--	--	1.70114000e+00	5.30141000e-04
5.83712797e+01	2026-09-04T17:33:47.349126	0.00000000e+00	1	13	--	--	1.65113000e+00	5.30139000e-04
5.83955936e+01	2026-09-04T17:33:47.373866	0.00000000e+00	1	13	--	--	1.60112000e+00	5.30138000e-04
5.84038937e+01	2026-09-04T17:33:47.373866	0.00000000e+00	1	13	--	--	1.55109000e+00	5.30136000e-04
5.84237097e+01	2026-09-04T17:33:47.401505	0.00000000e+00	1	13	--	--	1.50102000e+00	5.30138000e-04
5.84568485e+01	2026-09-04T17:33:47.435020	0.00000000e+00	1	13	--	--	1.45103000e+00	5.30138000e-04
5.84662822e+01	2026-09-04T17:33:47.444247	0.00000000e+00	1	13	--	--	1.40095000e+00	5.30136000e-04
5.84738609e+01	2026-09-04T17:33:47.451836	0.00000000e+00	1	13	--	--	1.35092000e+00	5.30135000e-04
5.84817667e+01	2026-09-04T17:33:47.459647	0.00000000e+00	1	13	--	--	1.30088000e+00	5.30129000e-04
5.84975367e+01	2026-09-04T17:33:47.474056	0.00000000e+00	1	13	--	--	1.25088000e+00	5.30133000e-04
5.85142908e+01	2026-09-04T17:33:47.489280	0.00000000e+00	1	13	--	--	1.20085000e+00	5.30138000e-04
5.85410229e+01	2026-09-04T17:33:47.514044	0.00000000e+00	1	13	--	--	1.15082000e+00	5.30134000e-04
5.85524277e+01	2026-09-04T17:33:47.529978	0.00000000e+00	1	13	--	--	1.10076000e+00	5.30137000e-04
5.85864261e+01	2026-09-04T17:33:47.564185	0.00000000e+00	1	13	--	--	1.05074000e+00	5.30144000e-04
5.85941350e+01	2026-09-04T17:33:47.567378	0.00000000e+00	1	13	--	--	1.00069000e+00	5.30140000e-04
5.86157956e+01	2026-09-04T17:33:47.593861	0.00000000e+00	1	13	--	--	9.50644000e-01	5.30139000e-04
5.86408805e+01	2026-09-04T17:33:47.619330	0.00000000e+00	1	13	--	--	9.00600000e-01	5.30136000e-04
5.86673914e+01	2026-09-04T17:33:47.644117	0.00000000e+00	1	13	--	--	8.50574000e-01	5.30144000e-04
5.86753204e+01	2026-09-04T17:33:47.644117	0.00000000e+00	1	13	--	--	8.00528000e-01	5.30142000e-04
5.86949517e+01	2026-09-04T17:33:47.672451	0.00000000e+00	1	13	--	--	7.50486000e-01	5.30145000e-04
5.87214527e+01	2026-09-04T17:33:47.698987	0.00000000e+00	1	13	1.92970000e-01	-5.30223000e-04	7.00426000e-01	5.30144000e-04
5.87468348e+01	2026-09-04T17:33:47.723912	0.00000000e+00	1	13	1.42797000e-01	-5.30224000e-04	6.50410000e-01	5.30140000e-04
5.87544230e+01	2026-09-04T17:33:47.730377	0.00000000e+00	1	13	9.28669000e-02	-5.30228000e-04	6.00345000e-01	5.30148000e-04
5.87737816e+01	2026-09-04T17:33:47.751573	0.00000000e+00	1	13	4.26092000e-02	-5.30228000e-04	5.50331000e-01	5.30143000e-04
5.88063486e+01	2026-09-04T17:33:47.783770	0.00000000e+00	1	13	-8.58307000e-05	-5.16270000e-04	5.00278000e-01	5.15957000e-04
5.88159635e+01	2026-09-04T17:33:47.794167	0.00000000e+00	1	13	-7.90834000e-05	-4.24525000e-04	4.50260000e-01	4.24505000e-04
5.88380348e+01	2026-09-04T17:33:47.815623	0.00000000e+00	1	13	-7.39574000e-05	-3.33369000e-04	4.00205000e-01	3.33130000e-04
5.88461575e+01	2026-09-04T17:33:47.823941	0.00000000e+00	1	13	-7.37667000e-05	-2.49076000e-04	3.50179000e-01	2.48841000e-04
5.88698721e+01	2026-09-04T17:33:47.847101	0.00000000e+00	1	13	-6.80208000e-05	-1.81148000e-04	3.00125000e-01	1.81348000e-04
5.88911458e+01	2026-09-04T17:33:47.867633	0.00000000e+00	1	13	-5.42641000e-05	-1.23158000e-04	2.50113000e-01	1.23039000e-04
5.88988165e+01	2026-09-04T17:33:47.874148	0.00000000e+00	1	13	-6.29902000e-05	-8.21892000e-05	2.00185000e-01	8.21714000e-05
5.89129686e+01	2026-09-04T17:33:47.883958	0.00000000e+00	1	13	-5.36442000e-05	-5.36173000e-05	1.50155000e-01	5.34786000e-05
5.89463162e+01	2026-09-04T17:33:47.924296	0.00000000e+00	1	13	-5.63383000e-05	-3.25160000e-05	1.00125000e-01	3.25165000e-05
5.89656423e+01	2026-09-04T17:33:47.943176	0.00000000e+00	1	13	-5.83887000e-05	-1.54217000e-05	5.00871000e-02	1.53779000e-05
5.89833575e+01	2026-09-04T17:33:47.959223	0.00000000e+00	1	13	-4.83274000e-05	-4.44415000e-08	3.79562000e-05	4.31688000e-08
6.11863131e+01	2026-09-04T17:33:50.164137	0.00000000e+00	1	14	-5.26428000e-05	1.25682000e-10	3.92914000e-05	-1.76668000e-11
6.12138451e+01	2026-09-04T17:33:50.185699	0.00000000e+00	1	14	-5.14746000e-05	-3.61975000e-08	5.00752000e-02	3.81437000e-08
6.12322071e+01	2026-09-04T17:33:50.209121	0.00000000e+00	1	14	-2.08139000e-05	-4.99511000e-08	1.00097000e-01	6.02502000e-08
6.12579272e+01	2026-09-04T17:33:50.234161	0.00000000e+00	1	14	-3.09706000e-05	-1.43763000e-07	1.50147000e-01	1.43696000e-07
6.12705442e+01	2026-09-04T17:33:50.243912	0.00000000e+00	1	14	-5.15699000e-05	-1.81201000e-07	2.00190000e-01	1.92672000e-07
6.13074632e+01	2026-09-04T17:33:50.284184	0.00000000e+00	1	14	-4.66108000e-05	-2.47117000e-07	2.50106000e-01	2.60042000e-07
6.13355578e+01	2026-09-04T17:33:50.313859	0.00000000e+00	1	14	-5.14746000e-05	-3.44593000e-07	3.00111000e-01	3.57527000e-07
6.13437036e+01	2026-09-04T17:33:50.319175	0.00000000e+00	1	14	-5.83887000e-05	-4.61881000e-07	3.50180000e-01	4.64571000e-07
6.13675284e+01	2026-09-04T17:33:50.345019	0.00000000e+00	1	14	-5.42641000e-05	-4.98356000e-07	4.00191000e-01	5.25269000e-07
6.13884205e+01	2026-09-04T17:33:50.364096	0.00000000e+00	1	14	-5.83887000e-05	-7.04001000e-07	4.50278000e-01	7.54323000e-07
6.14153177e+01	2026-09-04T17:33:50.392715	0.00000000e+00	1	14	-5.68628000e-05	-8.60599000e-07	5.00270000e-01	8.72192000e-07
6.14237847e+01	2026-09-04T17:33:50.393826	0.00000000e+00	1	14	-5.56946000e-05	-1.06151000e-06	5.50340000e-01	1.08006000e-06
6.14430415e+01	2026-09-04T17:33:50.418873	0.00000000e+00	1	14	-5.53370000e-05	-1.25520000e-06	6.00348000e-01	1.26715000e-06
6.14772707e+01	2026-09-04T17:33:50.455409	0.00000000e+00	1	14	-5.17368000e-05	-1.64422000e-06	6.50413000e-01	1.20767000e-04
6.15044064e+01	2026-09-04T17:33:50.474256	0.00000000e+00	1	14	-6.61373000e-05	-1.49019000e-04	7.00443000e-01	1.49392000e-04
6.15250074e+01	2026-09-04T17:33:50.502870	0.00000000e+00	1	14	-7.40528000e-05	-1.84286000e-04	7.50504000e-01	2.09300000e-04
6.15345341e+01	2026-09-04T17:33:50.509156	0.00000000e+00	1	14	-7.06196000e-05	-2.17910000e-04	8.00540000e-01	2.10317000e-04
6.15611944e+01	2026-09-04T17:33:50.534283	0.00000000e+00	1	14	-7.13587000e-05	-2.32293000e-04	8.50565000e-01	2.37673000e-04
6.15691732e+01	2026-09-04T17:33:50.543960	0.00000000e+00	1	14	-1.08671000e-04	-4.16715000e-04	9.00599000e-01	3.81542000e-04
6.15820297e+01	2026-09-04T17:33:50.560116	0.00000000e+00	1	14	--	--	9.50639000e-01	5.30149000e-04
6.16007828e+01	2026-09-04T17:33:50.579146	0.00000000e+00	1	14	--	--	1.00070000e+00	5.30149000e-04
6.16242737e+01	2026-09-04T17:33:50.597780	0.00000000e+00	1	14	--	--	1.05075000e+00	5.30146000e-04
6.16321546e+01	2026-09-04T17:33:50.603857	0.00000000e+00	1	14	--	--	1.10072000e+00	5.30145000e-04
6.16521088e+01	2026-09-04T17:33:50.630198	0.00000000e+00	1	14	--	--	1.15080000e+00	5.30149000e-04
6.16846289e+01	2026-09-04T17:33:50.661694	0.00000000e+00	1	14	--	--	1.20084000e+00	5.30143000e-04
6.16943030e+01	2026-09-04T17:33:50.670062	0.00000000e+00	1	14	--	--	1.25086000e+00	5.30148000e-04
6.17158117e+01	2026-09-04T17:33:50.693907	0.00000000e+00	1	14	--	--	1.30091000e+00	5.30142000e-04
6.17274364e+01	2026-09-04T17:33:50.703798	0.00000000e+00	1	14	--	--	1.35095000e+00	5.30148000e-04
6.17450470e+01	2026-09-04T17:33:50.718857	0.00000000e+00	1	14	--	--	1.40097000e+00	5.30136000e-04
6.17672307e+01	2026-09-04T17:33:50.744281	0.00000000e+00	1	14	--	--	1.45101000e+00	5.30144000e-04
6.17758634e+01	2026-09-04T17:33:50.754131	0.00000000e+00	1	14	--	--	1.50103000e+00	5.30140000e-04
6.17949001e+01	2026-09-04T17:33:50.772750	0.00000000e+00	1	14	--	--	1.55107000e+00	5.30142000e-04
6.18078010e+01	2026-09-04T17:33:50.783922	0.00000000e+00	1	14	--	--	1.60111000e+00	5.30144000e-04
6.18314984e+01	2026-09-04T17:33:50.805250	0.00000000e+00	1	14	--	--	1.65113000e+00	5.30142000e-04
6.18393488e+01	2026-09-04T17:33:50.814075	0.00000000e+00	1	14	--	--	1.70117000e+00	5.30140000e-04
6.18531032e+01	2026-09-04T17:33:50.828922	0.00000000e+00	1	14	--	--	1.75121000e+00	5.30144000e-04
6.18775755e+01	2026-09-04T17:33:50.853987	0.00000000e+00	1	14	--	--	1.80121000e+00	5.30144000e-04
6.18873562e+01	2026-09-04T17:33:50.864245	0.00000000e+00	1	14	--	--	1.85128000e+00	5.30145000e-04
6.18958453e+01	2026-09-04T17:33:50.874024	0.00000000e+00	1	14	--	--	1.90130000e+00	5.30144000e-04
6.19035932e+01	2026-09-04T17:33:50.874024	0.00000000e+00	1	14	--	--	1.95134000e+00	5.30140000e-04
6.19250936e+01	2026-09-04T17:33:50.901482	0.00000000e+00	1	14	--	--	2.00136000e+00	5.30144000e-04
6.19561033e+01	2026-09-04T17:33:50.934075	0.00000000e+00	1	14	--	--	2.05061000e+00	5.30142000e-04
6.19643232e+01	2026-09-04T17:33:50.934075	0.00000000e+00	1	14	--	--	2.10068000e+00	5.30144000e-04
6.19883254e+01	2026-09-04T17:33:50.965444	0.00000000e+00	1	14	--	--	2.15097000e+00	5.30144000e-04
6.20037588e+01	2026-09-04T17:33:50.981517	0.00000000e+00	1	14	--	--	2.20108000e+00	5.30141000e-04
6.20252694e+01	2026-09-04T17:33:50.997347	0.00000000e+00	1	14	--	--	2.25106000e+00	5.30140000e-04
6.20330503e+01	2026-09-04T17:33:51.003952	0.00000000e+00	1	14	--	--	2.30090000e+00	5.30146000e-04
6.20581982e+01	2026-09-04T17:33:51.034104	0.00000000e+00	1	14	--	--	2.35126000e+00	5.30145000e-04
6.20727162e+01	2026-09-04T17:33:51.049045	0.00000000e+00	1	14	--	--	2.40099000e+00	5.30146000e-04
6.20804086e+01	2026-09-04T17:33:51.054060	0.00000000e+00	1	14	--	--	2.45115000e+00	5.30145000e-04
6.20880044e+01	2026-09-04T17:33:51.064062	0.00000000e+00	1	14	--	--	2.50105000e+00	5.30152000e-04
6.21006384e+01	2026-09-04T17:33:51.076806	0.00000000e+00	1	14	--	--	2.55125000e+00	5.30148000e-04
6.21466709e+01	2026-09-04T17:33:51.124011	0.00000000e+00	1	14	--	--	2.60110000e+00	5.30148000e-04
6.21546202e+01	2026-09-04T17:33:51.124011	0.00000000e+00	1	14	--	--	2.65139000e+00	5.30143000e-04
6.21795829e+01	2026-09-04T17:33:51.155858	0.00000000e+00	1	14	--	--	2.70137000e+00	5.30143000e-04
6.22019785e+01	2026-09-04T17:33:51.179286	0.00000000e+00	1	14	--	--	2.75112000e+00	5.30148000e-04
6.22098438e+01	2026-09-04T17:33:51.187932	0.00000000e+00	1	14	--	--	2.80117000e+00	5.30145000e-04
6.22311111e+01	2026-09-04T17:33:51.203975	0.00000000e+00	1	14	--	--	2.85159000e+00	5.30148000e-04
6.22418761e+01	2026-09-04T17:33:51.219966	0.00000000e+00	1	14	--	--	2.90169000e+00	5.30149000e-04
6.22736070e+01	2026-09-04T17:33:51.249133	0.00000000e+00	1	14	--	--	2.95128000e+00	5.30148000e-04
6.22957249e+01	2026-09-04T17:33:51.273996	0.00000000e+00	1	14	--	--	3.00163000e+00	5.30148000e-04
6.23024307e+01	2026-09-04T17:33:51.273996	0.00000000e+00	1	14	--	--	3.00143000e+00	5.30143000e-04
6.23386610e+01	2026-09-04T17:33:51.316134	0.00000000e+00	1	14	--	--	2.95141000e+00	5.30152000e-04
6.23593988e+01	2026-09-04T17:33:51.333948	0.00000000e+00	1	14	--	--	2.90172000e+00	5.30147000e-04
6.23721362e+01	2026-09-04T17:33:51.347868	0.00000000e+00	1	14	--	--	2.85138000e+00	5.30143000e-04
6.24007658e+01	2026-09-04T17:33:51.379197	0.00000000e+00	1	14	--	--	2.80119000e+00	5.30154000e-04
6.24226543e+01	2026-09-04T17:33:51.395216	0.00000000e+00	1	14	--	--	2.75131000e+00	5.30144000e-04
6.24306854e+01	2026-09-04T17:33:51.405442	0.00000000e+00	1	14	--	--	2.70138000e+00	5.30149000e-04
6.24714101e+01	2026-09-04T17:33:51.448942	0.00000000e+00	1	14	--	--	2.65106000e+00	5.30142000e-04
6.24978543e+01	2026-09-04T17:33:51.475187	0.00000000e+00	1	14	--	--	2.60098000e+00	5.30145000e-04
6.25069960e+01	2026-09-04T17:33:51.483841	0.00000000e+00	1	14	--	--	2.55130000e+00	5.30143000e-04
6.25307109e+01	2026-09-04T17:33:51.507492	0.00000000e+00	1	14	--	--	2.50132000e+00	5.30146000e-04
6.25450482e+01	2026-09-04T17:33:51.522840	0.00000000e+00	1	14	--	--	2.45105000e+00	5.30137000e-04
6.25569284e+01	2026-09-04T17:33:51.534216	0.00000000e+00	1	14	--	--	2.40087000e+00	5.30145000e-04
6.25761692e+01	2026-09-04T17:33:51.553914	0.00000000e+00	1	14	--	--	2.35128000e+00	5.30143000e-04
6.26032758e+01	2026-09-04T17:33:51.578999	0.00000000e+00	1	14	--	--	2.30107000e+00	5.30143000e-04
6.26286771e+01	2026-09-04T17:33:51.604159	0.00000000e+00	1	14	--	--	2.25081000e+00	5.30149000e-04
6.26364431e+01	2026-09-04T17:33:51.614167	0.00000000e+00	1	14	--	--	2.20095000e+00	5.30146000e-04
6.26506108e+01	2026-09-04T17:33:51.628311	0.00000000e+00	1	14	--	--	2.15091000e+00	5.30144000e-04
6.26807408e+01	2026-09-04T17:33:51.654086	0.00000000e+00	1	14	--	--	2.10066000e+00	5.30140000e-04
6.27095540e+01	2026-09-04T17:33:51.683894	0.00000000e+00	1	14	--	--	2.05085000e+00	5.30141000e-04
6.27368448e+01	2026-09-04T17:33:51.714225	0.00000000e+00	1	14	--	--	2.00134000e+00	5.30140000e-04
6.27463584e+01	2026-09-04T17:33:51.723918	0.00000000e+00	1	14	--	--	1.95134000e+00	5.30138000e-04
6.27677518e+01	2026-09-04T17:33:51.745268	0.00000000e+00	1	14	--	--	1.90130000e+00	5.30143000e-04
6.27918668e+01	2026-09-04T17:33:51.769149	0.00000000e+00	1	14	--	--	1.85127000e+00	5.30146000e-04
6.28124350e+01	2026-09-04T17:33:51.789210	0.00000000e+00	1	14	--	--	1.80124000e+00	5.30141000e-04
6.28206240e+01	2026-09-04T17:33:51.794126	0.00000000e+00	1	14	--	--	1.75120000e+00	5.30138000e-04
6.28292945e+01	2026-09-04T17:33:51.804016	0.00000000e+00	1	14	--	--	1.70114000e+00	5.30144000e-04
6.28624275e+01	2026-09-04T17:33:51.840069	0.00000000e+00	1	14	--	--	1.65114000e+00	5.30142000e-04
6.28868999e+01	2026-09-04T17:33:51.864065	0.00000000e+00	1	14	--	--	1.60110000e+00	5.30144000e-04
6.29097203e+01	2026-09-04T17:33:51.887307	0.00000000e+00	1	14	--	--	1.55108000e+00	5.30149000e-04
6.29335000e+01	2026-09-04T17:33:51.908914	0.00000000e+00	1	14	--	--	1.50101000e+00	5.30144000e-04
6.29481099e+01	2026-09-04T17:33:51.924022	0.00000000e+00	1	14	--	--	1.45102000e+00	5.30148000e-04
6.29738290e+01	2026-09-04T17:33:51.951294	0.00000000e+00	1	14	--	--	1.40096000e+00	5.30141000e-04
6.29820525e+01	2026-09-04T17:33:51.954138	0.00000000e+00	1	14	--	--	1.35095000e+00	5.30141000e-04
6.30083046e+01	2026-09-04T17:33:51.983774	0.00000000e+00	1	14	--	--	1.30090000e+00	5.30143000e-04
6.30293964e+01	2026-09-04T17:33:52.004231	0.00000000e+00	1	14	--	--	1.25088000e+00	5.30148000e-04
6.30533167e+01	2026-09-04T17:33:52.030744	0.00000000e+00	1	14	--	--	1.20083000e+00	5.30150000e-04
6.30815808e+01	2026-09-04T17:33:52.059184	0.00000000e+00	1	14	--	--	1.15081000e+00	5.30151000e-04
6.30936872e+01	2026-09-04T17:33:52.071638	0.00000000e+00	1	14	--	--	1.10073000e+00	5.30150000e-04
6.31165012e+01	2026-09-04T17:33:52.093842	0.00000000e+00	1	14	--	--	1.05072000e+00	5.30144000e-04
6.31242566e+01	2026-09-04T17:33:52.093842	0.00000000e+00	1	14	1.83339000e-01	-5.30227000e-04	1.00068000e+00	5.30144000e-04
6.31510470e+01	2026-09-04T17:33:52.125749	0.00000000e+00	1	14	1.31977000e-01	-5.30226000e-04	9.50653000e-01	5.30148000e-04
6.31713751e+01	2026-09-04T17:33:52.149129	0.00000000e+00	1	14	7.76844000e-02	-5.30229000e-04	9.00591000e-01	5.30148000e-04
6.31795047e+01	2026-09-04T17:33:52.157606	0.00000000e+00	1	14	2.55170000e-02	-5.30226000e-04	8.50553000e-01	5.30153000e-04
6.32007788e+01	2026-09-04T17:33:52.173924	0.00000000e+00	1	14	-8.63552000e-05	-5.09835000e-04	8.00523000e-01	5.08338000e-04
6.32128237e+01	2026-09-04T17:33:52.189065	0.00000000e+00	1	14	-7.97033000e-05	-4.39287000e-04	7.50486000e-01	4.41512000e-04
6.32419577e+01	2026-09-04T17:33:52.219075	0.00000000e+00	1	14	-7.65562000e-05	-3.74608000e-04	7.00422000e-01	3.73160000e-04
6.32641461e+01	2026-09-04T17:33:52.236720	0.00000000e+00	1	14	-7.45773000e-05	-3.12045000e-04	6.50429000e-01	3.10150000e-04
6.32746928e+01	2026-09-04T17:33:52.252377	0.00000000e+00	1	14	-7.74622000e-05	-2.55153000e-04	6.00346000e-01	2.56023000e-04
6.32959534e+01	2026-09-04T17:33:52.274062	0.00000000e+00	1	14	-7.04527000e-05	-2.01533000e-04	5.50338000e-01	2.01639000e-04
6.33224393e+01	2026-09-04T17:33:52.299846	0.00000000e+00	1	14	-6.65903000e-05	-1.56098000e-04	5.00289000e-01	1.55891000e-04
6.33307544e+01	2026-09-04T17:33:52.303816	0.00000000e+00	1	14	-7.32422000e-05	-1.17234000e-04	4.50242000e-01	1.17259000e-04
6.33543685e+01	2026-09-04T17:33:52.331744	0.00000000e+00	1	14	-5.16653000e-05	-8.69642000e-05	4.00190000e-01	8.69000000e-05
6.33779831e+01	2026-09-04T17:33:52.354076	0.00000000e+00	1	14	-6.08206000e-05	-6.41287000e-05	3.50184000e-01	6.40239000e-05
6.34071116e+01	2026-09-04T17:33:52.384013	0.00000000e+00	1	14	-6.26326000e-05	-4.71414000e-05	3.00107000e-01	4.71409000e-05
6.34155421e+01	2026-09-04T17:33:52.393879	0.00000000e+00	1	14	-5.96523000e-05	-3.45702000e-05	2.50095000e-01	3.45708000e-05
6.34530343e+01	2026-09-04T17:33:52.427897	0.00000000e+00	1	14	-5.73158000e-05	-2.47944000e-05	2.00185000e-01	2.48029000e-05
6.34747541e+01	2026-09-04T17:33:52.449073	0.00000000e+00	1	14	-5.91278000e-05	-1.71161000e-05	1.50155000e-01	1.71187000e-05
6.34984373e+01	2026-09-04T17:33:52.476005	0.00000000e+00	1	14	-5.54323000e-05	-1.08307000e-05	1.00123000e-01	1.08263000e-05
6.35203515e+01	2026-09-04T17:33:52.498760	0.00000000e+00	1	14	-5.83172000e-05	-5.27559000e-06	5.00855000e-02	5.27426000e-06
6.35460522e+01	2026-09-04T17:33:52.524084	0.00000000e+00	1	14	-5.83172000e-05	-1.42517000e-08	3.50714000e-05	1.43367000e-08
6.55574593e+01	2026-09-04T17:33:54.534029	0.00000000e+00	1	15	-5.59807000e-05	-2.09570000e-10	3.31879000e-05	4.38416000e-10
6.55719054e+01	2026-09-04T17:33:54.548727	0.00000000e+00	1	15	-2.47717000e-05	-7.30189000e-08	5.00710000e-02	9.24158000e-08
6.55914153e+01	2026-09-04T17:33:54.563886	0.00000000e+00	1	15	-3.78132000e-05	-2.28728000e-07	1.00100000e-01	2.22558000e-07
6.56181306e+01	2026-09-04T17:33:54.595492	0.00000000e+00	1	15	-5.62429000e-05	-3.14500000e-07	1.50153000e-01	3.02533000e-07
6.56566848e+01	2026-09-04T17:33:54.634144	0.00000000e+00	1	15	-4.78745000e-05	-4.21534000e-07	2.00189000e-01	4.25758000e-07
6.56733728e+01	2026-09-04T17:33:54.649119	0.00000000e+00	1	15	-5.30005000e-05	-6.78962000e-07	2.50112000e-01	7.49726000e-07
6.56815734e+01	2026-09-04T17:33:54.659515	0.00000000e+00	1	15	-5.55277000e-05	-8.52148000e-07	3.00112000e-01	9.51348000e-07
6.57027937e+01	2026-09-04T17:33:54.675555	0.00000000e+00	1	15	-5.91993000e-05	-1.13691000e-06	3.50158000e-01	1.06564000e-06
6.57362885e+01	2026-09-04T17:33:54.714194	0.00000000e+00	1	15	-5.59807000e-05	-1.66262000e-06	4.00194000e-01	1.55532000e-06
6.57525805e+01	2026-09-04T17:33:54.729246	0.00000000e+00	1	15	-4.98533000e-05	-1.94697000e-06	4.50258000e-01	2.06604000e-06
6.57606594e+01	2026-09-04T17:33:54.734295	0.00000000e+00	1	15	-5.66006000e-05	-2.54068000e-06	5.00268000e-01	2.55622000e-06
6.57895591e+01	2026-09-04T17:33:54.763877	0.00000000e+00	1	15	-4.77791000e-05	-4.17092000e-06	5.50308000e-01	4.35936000e-06
6.58069718e+01	2026-09-04T17:33:54.784217	0.00000000e+00	1	15	-6.25372000e-05	-6.53036000e-06	6.00347000e-01	6.36401000e-06
6.58209907e+01	2026-09-04T17:33:54.794128	0.00000000e+00	1	15	-5.17368000e-05	-6.88271000e-06	6.50440000e-01	6.49540000e-06
6.58423339e+01	2026-09-04T17:33:54.819738	0.00000000e+00	1	15	-8.46624000e-05	-9.82328000e-06	7.00450000e-01	2.63715000e-04
6.58694916e+01	2026-09-04T17:33:54.845845	0.00000000e+00	1	15	-7.52926000e-05	-3.16971000e-04	7.50468000e-01	3.23030000e-04
6.58844881e+01	2026-09-04T17:33:54.859265	0.00000000e+00	1	15	-8.25882000e-05	-3.59040000e-04	8.00506000e-01	3.56867000e-04
6.59058657e+01	2026-09-04T17:33:54.884139	0.00000000e+00	1	15	-8.71658000e-05	-3.70345000e-04	8.50578000e-01	3.67793000e-04
6.59417356e+01	2026-09-04T17:33:54.918925	0.00000000e+00	1	15	-9.22918000e-05	-3.87589000e-04	9.00595000e-01	3.83659000e-04
6.59505020e+01	2026-09-04T17:33:54.924015	0.00000000e+00	1	15	-9.39131000e-05	-4.20096000e-04	9.50644000e-01	4.14738000e-04
6.59580955e+01	2026-09-04T17:33:54.934136	0.00000000e+00	1	15	-8.59261000e-05	-4.41037000e-04	1.00068000e+00	4.35560000e-04
6.59655629e+01	2026-09-04T17:33:54.934136	0.00000000e+00	1	15	-8.60930000e-05	-4.58268000e-04	1.05074000e+00	4.47558000e-04
6.59863556e+01	2026-09-04T17:33:54.964086	0.00000000e+00	1	15	--	--	1.10072000e+00	5.30149000e-04
6.60165468e+01	2026-09-04T17:33:54.994079	0.00000000e+00	1	15	--	--	1.15081000e+00	5.30141000e-04
6.60245667e+01	2026-09-04T17:33:54.994079	0.00000000e+00	1	15	--	--	1.20082000e+00	5.30144000e-04
6.60529817e+01	2026-09-04T17:33:55.028941	0.00000000e+00	1	15	--	--	1.25087000e+00	5.30149000e-04
6.60705247e+01	2026-09-04T17:33:55.043998	0.00000000e+00	1	15	--	--	1.30091000e+00	5.30138000e-04
6.60780266e+01	2026-09-04T17:33:55.053992	0.00000000e+00	1	15	--	--	1.35096000e+00	5.30140000e-04
6.61096953e+01	2026-09-04T17:33:55.084205	0.00000000e+00	1	15	--	--	1.40096000e+00	5.30141000e-04
6.61412839e+01	2026-09-04T17:33:55.116394	0.00000000e+00	1	15	--	--	1.45102000e+00	5.30142000e-04
6.61490579e+01	2026-09-04T17:33:55.124116	0.00000000e+00	1	15	--	--	1.50102000e+00	5.30143000e-04
6.61567223e+01	2026-09-04T17:33:55.133863	0.00000000e+00	1	15	--	--	1.55108000e+00	5.30142000e-04
6.61883530e+01	2026-09-04T17:33:55.164011	0.00000000e+00	1	15	--	--	1.60110000e+00	5.30142000e-04
6.62173941e+01	2026-09-04T17:33:55.194303	0.00000000e+00	1	15	--	--	1.65115000e+00	5.30142000e-04
6.62380261e+01	2026-09-04T17:33:55.215860	0.00000000e+00	1	15	--	--	1.70115000e+00	5.30139000e-04
6.62675858e+01	2026-09-04T17:33:55.244134	0.00000000e+00	1	15	--	--	1.75123000e+00	5.30144000e-04
6.62908780e+01	2026-09-04T17:33:55.264209	0.00000000e+00	1	15	--	--	1.80122000e+00	5.30144000e-04
6.63002980e+01	2026-09-04T17:33:55.274162	0.00000000e+00	1	15	--	--	1.85127000e+00	5.30138000e-04
6.63128588e+01	2026-09-04T17:33:55.290947	0.00000000e+00	1	15	--	--	1.90129000e+00	5.30142000e-04
6.63287815e+01	2026-09-04T17:33:55.303987	0.00000000e+00	1	15	--	--	1.95135000e+00	5.30140000e-04
6.63417210e+01	2026-09-04T17:33:55.314036	0.00000000e+00	1	15	--	--	2.00137000e+00	5.30141000e-04
6.63499632e+01	2026-09-04T17:33:55.328086	0.00000000e+00	1	15	--	--	2.05071000e+00	5.30139000e-04
6.63819549e+01	2026-09-04T17:33:55.360247	0.00000000e+00	1	15	--	--	2.10072000e+00	5.30143000e-04
6.64078072e+01	2026-09-04T17:33:55.384023	0.00000000e+00	1	15	--	--	2.15096000e+00	5.30148000e-04
6.64159859e+01	2026-09-04T17:33:55.393964	0.00000000e+00	1	15	--	--	2.20106000e+00	5.30141000e-04
6.64235179e+01	2026-09-04T17:33:55.393964	0.00000000e+00	1	15	--	--	2.25109000e+00	5.30140000e-04
6.64480323e+01	2026-09-04T17:33:55.423896	0.00000000e+00	1	15	--	--	2.30106000e+00	5.30143000e-04
6.64706804e+01	2026-09-04T17:33:55.444063	0.00000000e+00	1	15	--	--	2.35113000e+00	5.30141000e-04
6.64939357e+01	2026-09-04T17:33:55.471334	0.00000000e+00	1	15	--	--	2.40113000e+00	5.30143000e-04
6.65086739e+01	2026-09-04T17:33:55.487001	0.00000000e+00	1	15	--	--	2.45097000e+00	5.30137000e-04
6.65382885e+01	2026-09-04T17:33:55.513990	0.00000000e+00	1	15	--	--	2.50120000e+00	5.30148000e-04
6.65571643e+01	2026-09-04T17:33:55.534987	0.00000000e+00	1	15	--	--	2.55145000e+00	5.30143000e-04
6.65658707e+01	2026-09-04T17:33:55.543864	0.00000000e+00	1	15	--	--	2.60116000e+00	5.30138000e-04
6.65951425e+01	2026-09-04T17:33:55.566879	0.00000000e+00	1	15	--	--	2.65129000e+00	5.30142000e-04
6.66129310e+01	2026-09-04T17:33:55.589156	0.00000000e+00	1	15	--	--	2.70143000e+00	5.30147000e-04
6.66364379e+01	2026-09-04T17:33:55.614017	0.00000000e+00	1	15	--	--	2.75126000e+00	5.30141000e-04
6.66444014e+01	2026-09-04T17:33:55.614017	0.00000000e+00	1	15	--	--	2.80137000e+00	5.30147000e-04
6.66713438e+01	2026-09-04T17:33:55.649105	0.00000000e+00	1	15	--	--	2.85159000e+00	5.30144000e-04
6.66860214e+01	2026-09-04T17:33:55.664149	0.00000000e+00	1	15	--	--	2.90163000e+00	5.30144000e-04
6.66941334e+01	2026-09-04T17:33:55.664149	0.00000000e+00	1	15	--	--	2.95162000e+00	5.30146000e-04
6.67154562e+01	2026-09-04T17:33:55.693112	0.00000000e+00	1	15	--	--	3.00143000e+00	5.30141000e-04
6.67223660e+01	2026-09-04T17:33:55.694118	0.00000000e+00	1	15	--	--	3.00148000e+00	5.30146000e-04
6.67610012e+01	2026-09-04T17:33:55.735201	0.00000000e+00	1	15	--	--	2.95146000e+00	5.30143000e-04
6.67827685e+01	2026-09-04T17:33:55.756389	0.00000000e+00	1	15	--	--	2.90164000e+00	5.30151000e-04
6.67903862e+01	2026-09-04T17:33:55.763895	0.00000000e+00	1	15	--	--	2.85161000e+00	5.30144000e-04
6.68052151e+01	2026-09-04T17:33:55.775507	0.00000000e+00	1	15	--	--	2.80112000e+00	5.30148000e-04
6.68218748e+01	2026-09-04T17:33:55.799175	0.00000000e+00	1	15	--	--	2.75115000e+00	5.30143000e-04
6.68428149e+01	2026-09-04T17:33:55.820232	0.00000000e+00	1	15	--	--	2.70135000e+00	5.30143000e-04
6.68507312e+01	2026-09-04T17:33:55.823943	0.00000000e+00	1	15	--	--	2.65116000e+00	5.30143000e-04
6.68779642e+01	2026-09-04T17:33:55.853883	0.00000000e+00	1	15	--	--	2.60130000e+00	5.30145000e-04
6.68921214e+01	2026-09-04T17:33:55.867819	0.00000000e+00	1	15	--	--	2.55143000e+00	5.30142000e-04
6.69112454e+01	2026-09-04T17:33:55.883840	0.00000000e+00	1	15	--	--	2.50121000e+00	5.30147000e-04
6.69198933e+01	2026-09-04T17:33:55.893822	0.00000000e+00	1	15	--	--	2.45092000e+00	5.30139000e-04
6.69599841e+01	2026-09-04T17:33:55.934011	0.00000000e+00	1	15	--	--	2.40106000e+00	5.30141000e-04
6.69677808e+01	2026-09-04T17:33:55.944157	0.00000000e+00	1	15	--	--	2.35109000e+00	5.30141000e-04
6.69991582e+01	2026-09-04T17:33:55.975539	0.00000000e+00	1	15	--	--	2.30074000e+00	5.30141000e-04
6.70073235e+01	2026-09-04T17:33:55.983912	0.00000000e+00	1	15	--	--	2.25091000e+00	5.30148000e-04
6.70342918e+01	2026-09-04T17:33:56.012012	0.00000000e+00	1	15	--	--	2.20101000e+00	5.30138000e-04
6.70430279e+01	2026-09-04T17:33:56.014078	0.00000000e+00	1	15	--	--	2.15098000e+00	5.30138000e-04
6.70667016e+01	2026-09-04T17:33:56.044132	0.00000000e+00	1	15	--	--	2.10045000e+00	5.30136000e-04
6.70919268e+01	2026-09-04T17:33:56.068867	0.00000000e+00	1	15	--	--	2.05077000e+00	5.30141000e-04
6.71143145e+01	2026-09-04T17:33:56.091993	0.00000000e+00	1	15	--	--	2.00136000e+00	5.30145000e-04
6.71221247e+01	2026-09-04T17:33:56.094089	0.00000000e+00	1	15	--	--	1.95134000e+00	5.30143000e-04
6.71465384e+01	2026-09-04T17:33:56.123796	0.00000000e+00	1	15	--	--	1.90129000e+00	5.30141000e-04
6.71609787e+01	2026-09-04T17:33:56.139058	0.00000000e+00	1	15	--	--	1.85128000e+00	5.30141000e-04
6.71874293e+01	2026-09-04T17:33:56.164271	0.00000000e+00	1	15	--	--	1.80124000e+00	5.30144000e-04
6.72093968e+01	2026-09-04T17:33:56.187190	0.00000000e+00	1	15	--	--	1.75122000e+00	5.30138000e-04
6.72411508e+01	2026-09-04T17:33:56.219036	0.00000000e+00	1	15	--	--	1.70114000e+00	5.30137000e-04
6.72633909e+01	2026-09-04T17:33:56.235401	0.00000000e+00	1	15	--	--	1.65112000e+00	5.30141000e-04
6.72712539e+01	2026-09-04T17:33:56.243963	0.00000000e+00	1	15	--	--	1.60110000e+00	5.30138000e-04
6.72847289e+01	2026-09-04T17:33:56.258958	0.00000000e+00	1	15	--	--	1.55108000e+00	5.30144000e-04
6.72995495e+01	2026-09-04T17:33:56.275920	0.00000000e+00	1	15	--	--	1.50102000e+00	5.30148000e-04
6.73119258e+01	2026-09-04T17:33:56.288847	0.00000000e+00	1	15	--	--	1.45102000e+00	5.30144000e-04
6.73195276e+01	2026-09-04T17:33:56.293737	0.00000000e+00	1	15	--	--	1.40098000e+00	5.30143000e-04
6.73332699e+01	2026-09-04T17:33:56.308939	0.00000000e+00	1	15	--	--	1.35096000e+00	5.30143000e-04
6.73642545e+01	2026-09-04T17:33:56.339344	0.00000000e+00	1	15	--	--	1.30091000e+00	5.30140000e-04
6.73857977e+01	2026-09-04T17:33:56.363736	0.00000000e+00	1	15	--	--	1.25087000e+00	5.30147000e-04
6.73948308e+01	2026-09-04T17:33:56.363736	0.00000000e+00	1	15	--	--	1.20082000e+00	5.30152000e-04
6.74296671e+01	2026-09-04T17:33:56.405692	0.00000000e+00	1	15	--	--	1.15081000e+00	5.30145000e-04
6.74527551e+01	2026-09-04T17:33:56.426654	0.00000000e+00	1	15	--	--	1.10073000e+00	5.30147000e-04
6.74604222e+01	2026-09-04T17:33:56.433898	0.00000000e+00	1	15	--	--	1.05074000e+00	5.30147000e-04
6.74690901e+01	2026-09-04T17:33:56.443856	0.00000000e+00	1	15	2.00180000e-01	-5.30226000e-04	1.00067000e+00	5.30148000e-04
6.74981390e+01	2026-09-04T17:33:56.476559	0.00000000e+00	1	15	1.48681000e-01	-5.30224000e-04	9.50650000e-01	5.30149000e-04
6.75098800e+01	2026-09-04T17:33:56.484208	0.00000000e+00	1	15	1.00176000e-01	-5.30227000e-04	9.00591000e-01	5.30148000e-04
6.75396099e+01	2026-09-04T17:33:56.516439	0.00000000e+00	1	15	5.09858000e-02	-5.30225000e-04	8.50572000e-01	5.30151000e-04
6.75697383e+01	2026-09-04T17:33:56.544044	0.00000000e+00	1	15	-8.96931000e-05	-5.29502000e-04	8.00514000e-01	5.29651000e-04
6.75922793e+01	2026-09-04T17:33:56.570143	0.00000000e+00	1	15	-8.29458000e-05	-4.60692000e-04	7.50466000e-01	4.61133000e-04
6.76086869e+01	2026-09-04T17:33:56.586072	0.00000000e+00	1	15	-8.13246000e-05	-3.94779000e-04	7.00429000e-01	3.94365000e-04
6.76360735e+01	2026-09-04T17:33:56.613968	0.00000000e+00	1	15	-8.44717000e-05	-3.30409000e-04	6.50414000e-01	3.30185000e-04
6.76563063e+01	2026-09-04T17:33:56.634074	0.00000000e+00	1	15	-7.08103000e-05	-2.68397000e-04	6.00338000e-01	2.68343000e-04
6.76925138e+01	2026-09-04T17:33:56.665841	0.00000000e+00	1	15	-7.17163000e-05	-2.09706000e-04	5.50329000e-01	2.09808000e-04
6.77008511e+01	2026-09-04T17:33:56.677010	0.00000000e+00	1	15	-6.43253000e-05	-1.57401000e-04	5.00276000e-01	1.57543000e-04
6.77092601e+01	2026-09-04T17:33:56.684157	0.00000000e+00	1	15	-6.82116000e-05	-1.16293000e-04	4.50262000e-01	1.16253000e-04
6.77240012e+01	2026-09-04T17:33:56.697648	0.00000000e+00	1	15	-6.38008000e-05	-8.60090000e-05	4.00204000e-01	8.57151000e-05
6.77477023e+01	2026-09-04T17:33:56.723927	0.00000000e+00	1	15	-6.43253000e-05	-6.43588000e-05	3.50171000e-01	6.43813000e-05
6.77720704e+01	2026-09-04T17:33:56.749017	0.00000000e+00	1	15	-5.98431000e-05	-4.87054000e-05	3.00120000e-01	4.86874000e-05
6.77800288e+01	2026-09-04T17:33:56.754184	0.00000000e+00	1	15	-5.98431000e-05	-3.66071000e-05	2.50098000e-01	3.66180000e-05
6.78010204e+01	2026-09-04T17:33:56.776948	0.00000000e+00	1	15	-6.32525000e-05	-2.69488000e-05	2.00181000e-01	2.70015000e-05
6.78187114e+01	2026-09-04T17:33:56.794014	0.00000000e+00	1	15	-5.66006000e-05	-1.90175000e-05	1.50151000e-01	1.89645000e-05
6.78303798e+01	2026-09-04T17:33:56.804119	0.00000000e+00	1	15	-5.45263000e-05	-1.21408000e-05	1.00115000e-01	1.21332000e-05
6.78528998e+01	2026-09-04T17:33:56.825625	0.00000000e+00	1	15	-5.48840000e-05	-5.90989000e-06	5.00751000e-02	5.90268000e-06
6.78740701e+01	2026-09-04T17:33:56.851905	0.00000000e+00	1	15	-5.53370000e-05	-1.71861000e-08	3.38078000e-05	1.70571000e-08
6.98510434e+01	2026-09-04T17:33:58.824259	0.00000000e+00	1	16	-6.35147000e-05	-1.07801000e-10	3.78609000e-05	3.82984000e-10
6.98800937e+01	2026-09-04T17:33:58.854325	0.00000000e+00	1	16	-5.03063000e-05	-6.06402000e-08	5.00796000e-02	6.31942000e-08
6.99033231e+01	2026-09-04T17:33:58.880595	0.00000000e+00	1	16	-5.28336000e-05	-1.39414000e-07	1.00094000e-01	9.84265000e-08
6.99200050e+01	2026-09-04T17:33:58.894121	0.00000000e+00	1	16	-6.19888000e-05	-2.23943000e-07	1.50140000e-01	2.65403000e-07
6.99505489e+01	2026-09-04T17:33:58.924135	0.00000000e+00	1	16	-5.83172000e-05	-2.76310000e-07	2.00186000e-01	3.21352000e-07
6.99675694e+01	2026-09-04T17:33:58.944258	0.00000000e+00	1	16	-6.46114000e-05	-3.65726000e-07	2.50110000e-01	3.72604000e-07
6.99851403e+01	2026-09-04T17:33:58.958272	0.00000000e+00	1	16	-5.66959000e-05	-4.36301000e-07	3.00137000e-01	4.10293000e-07
7.00151840e+01	2026-09-04T17:33:58.988970	0.00000000e+00	1	16	-6.14643000e-05	-5.54034000e-07	3.50175000e-01	5.57419000e-07
7.00429880e+01	2026-09-04T17:33:59.019012	0.00000000e+00	1	16	-6.09159000e-05	-5.32475000e-07	4.00223000e-01	5.24955000e-07
7.00661287e+01	2026-09-04T17:33:59.043816	0.00000000e+00	1	16	-6.05583000e-05	-6.40122000e-07	4.50269000e-01	6.97550000e-07
7.00897287e+01	2026-09-04T17:33:59.064158	0.00000000e+00	1	16	-5.63383000e-05	-8.72312000e-07	5.00265000e-01	9.85735000e-07
7.01138231e+01	2026-09-04T17:33:59.091204	0.00000000e+00	1	16	-6.00100000e-05	-9.12505000e-07	5.50344000e-01	9.15102000e-07
7.01225956e+01	2026-09-04T17:33:59.094258	0.00000000e+00	1	16	-5.67913000e-05	-1.15418000e-06	6.00349000e-01	1.17825000e-06
7.01393683e+01	2026-09-04T17:33:59.113737	0.00000000e+00	1	16	-6.04630000e-05	-1.34726000e-06	6.50424000e-01	1.32473000e-06
7.01557186e+01	2026-09-04T17:33:59.134007	0.00000000e+00	1	16	-6.02007000e-05	-1.68867000e-06	7.00452000e-01	1.62042000e-06
7.01806051e+01	2026-09-04T17:33:59.153890	0.00000000e+00	1	16	-5.81265000e-05	-2.12798000e-06	7.50491000e-01	2.12712000e-06
7.01884861e+01	2026-09-04T17:33:59.163959	0.00000000e+00	1	16	-6.00100000e-05	-2.67278000e-06	8.00525000e-01	2.57365000e-06
7.01962494e+01	2026-09-04T17:33:59.173878	0.00000000e+00	1	16	-5.23806000e-05	-3.29023000e-06	8.50594000e-01	3.30043000e-06
7.02049124e+01	2026-09-04T17:33:59.180804	0.00000000e+00	1	16	-4.90427000e-05	-4.01156000e-06	9.00599000e-01	4.15376000e-06
7.02361855e+01	2026-09-04T17:33:59.213876	0.00000000e+00	1	16	-8.47578000e-05	-3.02997000e-04	9.50655000e-01	2.94536000e-04
7.02527992e+01	2026-09-04T17:33:59.224299	0.00000000e+00	1	16	-8.22306000e-05	-3.40802000e-04	1.00069000e+00	3.38960000e-04
7.02711718e+01	2026-09-04T17:33:59.249140	0.00000000e+00	1	16	-8.11577000e-05	-3.71441000e-04	1.05073000e+00	3.71047000e-04
7.03062453e+01	2026-09-04T17:33:59.284411	0.00000000e+00	1	16	-9.19342000e-05	-4.08645000e-04	1.10075000e+00	4.07936000e-04
7.03160575e+01	2026-09-04T17:33:59.294012	0.00000000e+00	1	16	-8.90732000e-05	-4.52980000e-04	1.15080000e+00	4.55529000e-04
7.03350359e+01	2026-09-04T17:33:59.312604	0.00000000e+00	1	16	-9.19342000e-05	-4.92549000e-04	1.20083000e+00	4.92174000e-04
7.03434844e+01	2026-09-04T17:33:59.314167	0.00000000e+00	1	16	3.61443000e-04	-5.27972000e-04	1.25087000e+00	5.21037000e-04
7.03727115e+01	2026-09-04T17:33:59.349441	0.00000000e+00	1	16	-9.64403000e-05	-5.12975000e-04	1.30086000e+00	5.09440000e-04
7.03876905e+01	2026-09-04T17:33:59.364124	0.00000000e+00	1	16	-2.92015000e-04	-5.26605000e-04	1.35097000e+00	5.20301000e-04
7.03963685e+01	2026-09-04T17:33:59.373841	0.00000000e+00	1	16	2.49977000e-02	-5.30222000e-04	1.40097000e+00	5.27568000e-04
7.04198316e+01	2026-09-04T17:33:59.394109	0.00000000e+00	1	16	3.86255000e-02	-5.30230000e-04	1.45101000e+00	5.30148000e-04
7.04353999e+01	2026-09-04T17:33:59.407249	0.00000000e+00	1	16	7.45482000e-02	-5.30231000e-04	1.50103000e+00	5.30149000e-04
7.04505857e+01	2026-09-04T17:33:59.428857	0.00000000e+00	1	16	--	--	1.55107000e+00	5.30198000e-04
7.04773048e+01	2026-09-04T17:33:59.454981	0.00000000e+00	1	16	--	--	1.60111000e+00	5.30144000e-04
7.04851299e+01	2026-09-04T17:33:59.454981	0.00000000e+00	1	16	--	--	1.65114000e+00	5.30147000e-04
7.04926289e+01	2026-09-04T17:33:59.470839	0.00000000e+00	1	16	--	--	1.70118000e+00	5.30147000e-04
7.05225562e+01	2026-09-04T17:33:59.499116	0.00000000e+00	1	16	--	--	1.75120000e+00	5.30145000e-04
7.05500783e+01	2026-09-04T17:33:59.524231	0.00000000e+00	1	16	--	--	1.80124000e+00	5.30143000e-04
7.05732129e+01	2026-09-04T17:33:59.550897	0.00000000e+00	1	16	--	--	1.85127000e+00	5.30146000e-04
7.05819081e+01	2026-09-04T17:33:59.559034	0.00000000e+00	1	16	--	--	1.90130000e+00	5.30143000e-04
7.05967286e+01	2026-09-04T17:33:59.574164	0.00000000e+00	1	16	--	--	1.95136000e+00	5.30144000e-04
7.06179422e+01	2026-09-04T17:33:59.593985	0.00000000e+00	1	16	--	--	2.00136000e+00	5.30142000e-04
7.06244944e+01	2026-09-04T17:33:59.599134	0.00000000e+00	1	16	--	--	2.00136000e+00	5.30142000e-04
7.06422412e+01	2026-09-04T17:33:59.615096	0.00000000e+00	1	16	--	--	1.95138000e+00	5.30145000e-04
7.06522704e+01	2026-09-04T17:33:59.625418	0.00000000e+00	1	16	--	--	1.90129000e+00	5.30147000e-04
7.06874313e+01	2026-09-04T17:33:59.663860	0.00000000e+00	1	16	--	--	1.85128000e+00	5.30143000e-04
7.06956343e+01	2026-09-04T17:33:59.673084	0.00000000e+00	1	16	--	--	1.80124000e+00	5.30143000e-04
7.07042027e+01	2026-09-04T17:33:59.681450	0.00000000e+00	1	16	--	--	1.75122000e+00	5.30143000e-04
7.07117438e+01	2026-09-04T17:33:59.683995	0.00000000e+00	1	16	--	--	1.70117000e+00	5.30143000e-04
7.07404597e+01	2026-09-04T17:33:59.714023	0.00000000e+00	1	16	--	--	1.65114000e+00	5.30142000e-04
7.07529863e+01	2026-09-04T17:33:59.728835	0.00000000e+00	1	16	--	--	1.60110000e+00	5.30143000e-04
7.07606303e+01	2026-09-04T17:33:59.735581	0.00000000e+00	1	16	--	--	1.55109000e+00	5.30147000e-04
7.07925947e+01	2026-09-04T17:33:59.768868	0.00000000e+00	1	16	--	--	1.50105000e+00	5.30356000e-04
7.08185112e+01	2026-09-04T17:33:59.794201	0.00000000e+00	1	16	--	--	1.45103000e+00	5.30140000e-04
7.08421008e+01	2026-09-04T17:33:59.819848	0.00000000e+00	1	16	--	--	1.40098000e+00	5.30137000e-04
7.08752083e+01	2026-09-04T17:33:59.851374	0.00000000e+00	1	16	--	--	1.35095000e+00	5.30141000e-04
7.08896776e+01	2026-09-04T17:33:59.867223	0.00000000e+00	1	16	--	--	1.30093000e+00	5.30136000e-04
7.09111323e+01	2026-09-04T17:33:59.883954	0.00000000e+00	1	16	--	--	1.25090000e+00	5.30133000e-04
7.09188101e+01	2026-09-04T17:33:59.893831	0.00000000e+00	1	16	--	--	1.20083000e+00	5.30141000e-04
7.09324164e+01	2026-09-04T17:33:59.909106	0.00000000e+00	1	16	--	--	1.15081000e+00	5.30140000e-04
7.09471161e+01	2026-09-04T17:33:59.924121	0.00000000e+00	1	16	--	--	1.10073000e+00	5.30143000e-04
7.09635262e+01	2026-09-04T17:33:59.939056	0.00000000e+00	1	16	--	--	1.05075000e+00	5.30148000e-04
7.09854247e+01	2026-09-04T17:33:59.963816	0.00000000e+00	1	16	--	--	1.00068000e+00	5.30151000e-04
7.10103606e+01	2026-09-04T17:33:59.984273	0.00000000e+00	1	16	--	--	9.50661000e-01	5.30143000e-04
7.10380083e+01	2026-09-04T17:34:00.014108	0.00000000e+00	1	16	--	--	9.00591000e-01	5.30147000e-04
7.10459953e+01	2026-09-04T17:34:00.023842	0.00000000e+00	1	16	--	--	8.50577000e-01	5.30146000e-04
7.10703537e+01	2026-09-04T17:34:00.044015	0.00000000e+00	1	16	1.84931000e-01	-5.30222000e-04	8.00535000e-01	5.30146000e-04
7.10891934e+01	2026-09-04T17:34:00.063888	0.00000000e+00	1	16	1.38858000e-01	-5.30224000e-04	7.50469000e-01	5.30150000e-04
7.10968466e+01	2026-09-04T17:34:00.075077	0.00000000e+00	1	16	9.06146000e-02	-5.30221000e-04	7.00459000e-01	5.30144000e-04
7.11183043e+01	2026-09-04T17:34:00.093851	0.00000000e+00	1	16	4.19898000e-02	-5.30230000e-04	6.50421000e-01	5.30146000e-04
7.11329899e+01	2026-09-04T17:34:00.106837	0.00000000e+00	1	16	-8.77142000e-05	-5.16233000e-04	6.00345000e-01	5.16124000e-04
7.11621850e+01	2026-09-04T17:34:00.140537	0.00000000e+00	1	16	-8.25882000e-05	-4.51343000e-04	5.50318000e-01	4.51136000e-04
7.11701626e+01	2026-09-04T17:34:00.147835	0.00000000e+00	1	16	-7.71046000e-05	-3.83517000e-04	5.00300000e-01	3.83577000e-04
7.11785068e+01	2026-09-04T17:34:00.156868	0.00000000e+00	1	16	-7.10726000e-05	-3.16750000e-04	4.50273000e-01	3.16287000e-04
7.11874142e+01	2026-09-04T17:34:00.165786	0.00000000e+00	1	16	-6.81162000e-05	-2.50962000e-04	4.00205000e-01	2.50621000e-04
7.12004891e+01	2026-09-04T17:34:00.178308	0.00000000e+00	1	16	-6.11782000e-05	-1.89687000e-04	3.50191000e-01	1.90339000e-04
7.12262752e+01	2026-09-04T17:34:00.204594	0.00000000e+00	1	16	-5.31912000e-05	-1.38085000e-04	3.00127000e-01	1.38271000e-04
7.12341431e+01	2026-09-04T17:34:00.212593	0.00000000e+00	1	16	-5.52416000e-05	-9.62455000e-05	2.50104000e-01	9.63338000e-05
7.12619806e+01	2026-09-04T17:34:00.239648	0.00000000e+00	1	16	-5.98431000e-05	-6.57244000e-05	2.00190000e-01	6.57558000e-05
7.12782227e+01	2026-09-04T17:34:00.256686	0.00000000e+00	1	16	-5.34534000e-05	-4.28786000e-05	1.50155000e-01	4.28613000e-05
7.12955995e+01	2026-09-04T17:34:00.273700	0.00000000e+00	1	16	-5.31912000e-05	-2.59093000e-05	1.00126000e-01	2.58849000e-05
7.13180774e+01	2026-09-04T17:34:00.295915	0.00000000e+00	1	16	-5.93901000e-05	-1.22192000e-05	5.00854000e-02	1.22071000e-05
7.13319695e+01	2026-09-04T17:34:00.310021	0.00000000e+00	1	16	-5.96523000e-05	-3.84538000e-08	3.92199000e-05	3.47228000e-08
7.32473509e+01	2026-09-04T17:34:02.223703	0.00000000e+00	1	17	-6.23465000e-05	-2.42901000e-10	5.04732000e-05	1.75512000e-10
7.32559145e+01	2026-09-04T17:34:02.234165	0.00000000e+00	1	17	-2.71082000e-05	-1.89127000e-08	5.00577000e-02	3.07820000e-08
7.32869151e+01	2026-09-04T17:34:02.264012	0.00000000e+00	1	17	-3.45707000e-05	-7.84194000e-08	1.00100000e-01	8.95258000e-08
7.33060235e+01	2026-09-04T17:34:02.284103	0.00000000e+00	1	17	-3.41177000e-05	-2.03230000e-07	1.50145000e-01	2.19154000e-07
7.33198174e+01	2026-09-04T17:34:02.294165	0.00000000e+00	1	17	-5.85794000e-05	-2.45892000e-07	2.00196000e-01	2.39588000e-07
7.33419475e+01	2026-09-04T17:34:02.315782	0.00000000e+00	1	17	-5.21898000e-05	-3.34963000e-07	2.50122000e-01	3.41524000e-07
7.33499646e+01	2026-09-04T17:34:02.323996	0.00000000e+00	1	17	-5.44310000e-05	-4.45381000e-07	3.00124000e-01	4.62157000e-07
7.33576961e+01	2026-09-04T17:34:02.333962	0.00000000e+00	1	17	-5.05686000e-05	-5.87360000e-07	3.50186000e-01	5.98533000e-07
7.33723334e+01	2026-09-04T17:34:02.347403	0.00000000e+00	1	17	-6.11067000e-05	-6.06004000e-07	4.00205000e-01	6.19572000e-07
7.34179222e+01	2026-09-04T17:34:02.395682	0.00000000e+00	1	17	-5.82218000e-05	-9.81382000e-07	4.50279000e-01	9.22776000e-07
7.34261242e+01	2026-09-04T17:34:02.403963	0.00000000e+00	1	17	-5.58853000e-05	-1.12760000e-06	5.00293000e-01	1.13392000e-06
7.34478877e+01	2026-09-04T17:34:02.424098	0.00000000e+00	1	17	-6.13689000e-05	-1.11177000e-06	5.50342000e-01	1.12669000e-06
7.34979274e+01	2026-09-04T17:34:02.475314	0.00000000e+00	1	17	-5.33581000e-05	-1.17406000e-06	6.00358000e-01	1.13448000e-06
7.35179150e+01	2026-09-04T17:34:02.493805	0.00000000e+00	1	17	-6.14643000e-05	-1.34546000e-06	6.50430000e-01	1.33408000e-06
7.35375743e+01	2026-09-04T17:34:02.514095	0.00000000e+00	1	17	-5.24521000e-05	-1.55887000e-06	7.00456000e-01	1.54816000e-06
7.35614886e+01	2026-09-04T17:34:02.538817	0.00000000e+00	1	17	-4.64439000e-05	-1.85307000e-06	7.50489000e-01	2.18530000e-06
7.35932650e+01	2026-09-04T17:34:02.569832	0.00000000e+00	1	17	-5.91278000e-05	-2.22808000e-06	8.00527000e-01	2.16881000e-06
7.36054975e+01	2026-09-04T17:34:02.583738	0.00000000e+00	1	17	-5.46217000e-05	-2.40756000e-06	8.50579000e-01	2.41782000e-06
7.36355185e+01	2026-09-04T17:34:02.604027	0.00000000e+00	1	17	-5.25475000e-05	-2.66107000e-06	9.00596000e-01	2.64038000e-06
7.36544289e+01	2026-09-04T17:34:02.631602	0.00000000e+00	1	17	-4.73499000e-05	-3.14487000e-06	9.50661000e-01	3.31143000e-06
7.36771650e+01	2026-09-04T17:34:02.654172	0.00000000e+00	1	17	-5.40733000e-05	-3.67342000e-06	1.00068000e+00	3.54110000e-06
7.36849974e+01	2026-09-04T17:34:02.654172	0.00000000e+00	1	17	-2.64645000e-06	-1.09498000e-05	1.05068000e+00	9.28965000e-06
7.36992578e+01	2026-09-04T17:34:02.677188	0.00000000e+00	1	17	-5.28336000e-05	-1.13417000e-05	1.10077000e+00	1.06067000e-05
7.37174171e+01	2026-09-04T17:34:02.694036	0.00000000e+00	1	17	-5.83172000e-05	-1.31249000e-05	1.15083000e+00	1.30037000e-05
7.37399400e+01	2026-09-04T17:34:02.713966	0.00000000e+00	1	17	-5.49793000e-05	-1.66032000e-05	1.20084000e+00	1.58207000e-05
7.37476849e+01	2026-09-04T17:34:02.723684	0.00000000e+00	1	17	-5.01156000e-05	-2.03126000e-05	1.25090000e+00	1.80292000e-05
7.37685661e+01	2026-09-04T17:34:02.745228	0.00000000e+00	1	17	-5.55277000e-05	-1.70364000e-05	1.30081000e+00	1.49073000e-05
7.37995825e+01	2026-09-04T17:34:02.776931	0.00000000e+00	1	17	-6.16312000e-05	-2.05403000e-05	1.35096000e+00	2.19425000e-05
7.38074507e+01	2026-09-04T17:34:02.785376	0.00000000e+00	1	17	-5.63383000e-05	-2.41182000e-05	1.40099000e+00	2.46228000e-05
7.38366538e+01	2026-09-04T17:34:02.814014	0.00000000e+00	1	17	-5.30958000e-05	-2.66073000e-05	1.45103000e+00	2.60937000e-05
7.38621830e+01	2026-09-04T17:34:02.839944	0.00000000e+00	1	17	-5.30958000e-05	-2.54087000e-05	1.50102000e+00	2.51373000e-05
7.38701708e+01	2026-09-04T17:34:02.843830	0.00000000e+00	1	17	-5.16653000e-05	-2.87518000e-05	1.55109000e+00	3.01660000e-05
7.38802584e+01	2026-09-04T17:34:02.855831	0.00000000e+00	1	17	--	--	1.60111000e+00	5.30151000e-04
7.39014314e+01	2026-09-04T17:34:02.873828	0.00000000e+00	1	17	--	--	1.65116000e+00	5.30146000e-04
7.39192575e+01	2026-09-04T17:34:02.894153	0.00000000e+00	1	17	--	--	1.70117000e+00	5.30146000e-04
7.39423980e+01	2026-09-04T17:34:02.919748	0.00000000e+00	1	17	--	--	1.75121000e+00	5.30142000e-04
7.39574693e+01	2026-09-04T17:34:02.935763	0.00000000e+00	1	17	--	--	1.80124000e+00	5.30141000e-04
7.39860796e+01	2026-09-04T17:34:02.963786	0.00000000e+00	1	17	--	--	1.85130000e+00	5.30144000e-04
7.40057280e+01	2026-09-04T17:34:02.984103	0.00000000e+00	1	17	--	--	1.90130000e+00	5.30144000e-04
7.40145373e+01	2026-09-04T17:34:02.985622	0.00000000e+00	1	17	--	--	1.95134000e+00	5.30145000e-04
7.40436133e+01	2026-09-04T17:34:03.020036	0.00000000e+00	1	17	--	--	2.00136000e+00	5.30151000e-04
7.40513147e+01	2026-09-04T17:34:03.023865	0.00000000e+00	1	17	--	--	2.00137000e+00	5.30142000e-04
7.40747391e+01	2026-09-04T17:34:03.046509	0.00000000e+00	1	17	--	--	1.95135000e+00	5.30143000e-04
7.40834529e+01	2026-09-04T17:34:03.053928	0.00000000e+00	1	17	--	--	1.90130000e+00	5.30142000e-04
7.41288789e+01	2026-09-04T17:34:03.104073	0.00000000e+00	1	17	--	--	1.85128000e+00	5.30143000e-04
7.41449484e+01	2026-09-04T17:34:03.113899	0.00000000e+00	1	17	--	--	1.80121000e+00	5.30144000e-04
7.41527529e+01	2026-09-04T17:34:03.130087	0.00000000e+00	1	17	--	--	1.75122000e+00	5.30141000e-04
7.41608237e+01	2026-09-04T17:34:03.134103	0.00000000e+00	1	17	--	--	1.70117000e+00	5.30141000e-04
7.42117601e+01	2026-09-04T17:34:03.189084	0.00000000e+00	1	17	--	--	1.65116000e+00	5.30141000e-04
7.42200593e+01	2026-09-04T17:34:03.193769	0.00000000e+00	1	17	--	--	1.60111000e+00	5.30144000e-04
7.42431778e+01	2026-09-04T17:34:03.220573	0.00000000e+00	1	17	--	--	1.55106000e+00	5.30145000e-04
7.42843340e+01	2026-09-04T17:34:03.262680	0.00000000e+00	1	17	--	--	1.50103000e+00	5.30143000e-04
7.43062548e+01	2026-09-04T17:34:03.283908	0.00000000e+00	1	17	--	--	1.45102000e+00	5.30143000e-04
7.43147419e+01	2026-09-04T17:34:03.285984	0.00000000e+00	1	17	--	--	1.40098000e+00	5.30143000e-04
7.43348648e+01	2026-09-04T17:34:03.304186	0.00000000e+00	1	17	--	--	1.35094000e+00	5.30147000e-04
7.43638703e+01	2026-09-04T17:34:03.334160	0.00000000e+00	1	17	--	--	1.30088000e+00	5.30140000e-04
7.43856558e+01	2026-09-04T17:34:03.363810	0.00000000e+00	1	17	--	--	1.25089000e+00	5.30147000e-04
7.43934011e+01	2026-09-04T17:34:03.363810	0.00000000e+00	1	17	--	--	1.20082000e+00	5.30146000e-04
7.44215557e+01	2026-09-04T17:34:03.394169	0.00000000e+00	1	17	--	--	1.15080000e+00	5.30144000e-04
7.44313391e+01	2026-09-04T17:34:03.403883	0.00000000e+00	1	17	--	--	1.10073000e+00	5.30138000e-04
7.44570247e+01	2026-09-04T17:34:03.433936	0.00000000e+00	1	17	--	--	1.05073000e+00	5.30144000e-04
7.44651797e+01	2026-09-04T17:34:03.433936	0.00000000e+00	1	17	--	--	1.00069000e+00	5.30146000e-04
7.44868021e+01	2026-09-04T17:34:03.463749	0.00000000e+00	1	17	--	--	9.50656000e-01	5.30149000e-04
7.45159130e+01	2026-09-04T17:34:03.493731	0.00000000e+00	1	17	--	--	9.00589000e-01	5.30143000e-04
7.45246134e+01	2026-09-04T17:34:03.493731	0.00000000e+00	1	17	--	--	8.50594000e-01	5.30144000e-04
7.45539803e+01	2026-09-04T17:34:03.530309	0.00000000e+00	1	17	--	--	8.00516000e-01	5.30145000e-04
7.45800105e+01	2026-09-04T17:34:03.557417	0.00000000e+00	1	17	--	--	7.50502000e-01	5.30145000e-04
7.45878611e+01	2026-09-04T17:34:03.563886	0.00000000e+00	1	17	--	--	7.00447000e-01	5.30147000e-04
7.46167216e+01	2026-09-04T17:34:03.593934	0.00000000e+00	1	17	--	--	6.50428000e-01	5.30141000e-04
7.46431134e+01	2026-09-04T17:34:03.620497	0.00000000e+00	1	17	--	--	6.00335000e-01	5.30146000e-04
7.46515515e+01	2026-09-04T17:34:03.627936	0.00000000e+00	1	17	--	--	5.50307000e-01	5.30144000e-04
7.46806786e+01	2026-09-04T17:34:03.658069	0.00000000e+00	1	17	--	--	5.00296000e-01	5.30147000e-04
7.46904914e+01	2026-09-04T17:34:03.668054	0.00000000e+00	1	17	--	--	4.50269000e-01	5.30152000e-04
7.47116910e+01	2026-09-04T17:34:03.686832	0.00000000e+00	1	17	1.81624000e-01	-5.30222000e-04	4.00213000e-01	5.30146000e-04
7.47267114e+01	2026-09-04T17:34:03.703861	0.00000000e+00	1	17	1.31585000e-01	-5.30235000e-04	3.50179000e-01	5.30145000e-04
7.47352469e+01	2026-09-04T17:34:03.710222	0.00000000e+00	1	17	8.15239000e-02	-5.30225000e-04	3.00130000e-01	5.30147000e-04
7.47628772e+01	2026-09-04T17:34:03.734120	0.00000000e+00	1	17	3.14468000e-02	-5.30228000e-04	2.50101000e-01	5.30151000e-04
7.47853292e+01	2026-09-04T17:34:03.763004	0.00000000e+00	1	17	-8.94308000e-05	-4.85157000e-04	2.00195000e-01	4.85063000e-04
7.48171834e+01	2026-09-04T17:34:03.794963	0.00000000e+00	1	17	-7.31468000e-05	-3.63549000e-04	1.50159000e-01	3.63473000e-04
7.48319006e+01	2026-09-04T17:34:03.803816	0.00000000e+00	1	17	-7.31468000e-05	-2.42201000e-04	1.00126000e-01	2.42259000e-04
7.48538926e+01	2026-09-04T17:34:03.826519	0.00000000e+00	1	17	-6.50644000e-05	-1.21263000e-04	5.00867000e-02	1.21326000e-04
7.48617117e+01	2026-09-04T17:34:03.833736	0.00000000e+00	1	17	-5.38111000e-05	-3.81505000e-07	3.54290000e-05	2.74276000e-07
7.70827581e+01	2026-09-04T17:34:06.058006	0.00000000e+00	1	18	-5.17368000e-05	-5.57542000e-11	3.87669000e-05	8.32200000e-11
7.71022090e+01	2026-09-04T17:34:06.079579	0.00000000e+00	1	18	-4.22239000e-05	-4.95167000e-08	5.00793000e-02	5.51443000e-08
7.71372611e+01	2026-09-04T17:34:06.113722	0.00000000e+00	1	18	-3.43800000e-05	-1.29895000e-07	1.00102000e-01	9.15006000e-08
7.71652055e+01	2026-09-04T17:34:06.142598	0.00000000e+00	1	18	-4.83274000e-05	-1.88211000e-07	1.50145000e-01	2.19486000e-07
7.71756619e+01	2026-09-04T17:34:06.153706	0.00000000e+00	1	18	-5.55277000e-05	-2.42840000e-07	2.00196000e-01	2.26039000e-07
7.71963359e+01	2026-09-04T17:34:06.173811	0.00000000e+00	1	18	-5.12123000e-05	-3.12436000e-07	2.50116000e-01	3.48722000e-07
7.72235056e+01	2026-09-04T17:34:06.194090	0.00000000e+00	1	18	-5.25475000e-05	-4.66158000e-07	3.00138000e-01	4.70640000e-07
7.72473486e+01	2026-09-04T17:34:06.223996	0.00000000e+00	1	18	-5.43594000e-05	-5.70098000e-07	3.50167000e-01	5.73051000e-07
7.72548211e+01	2026-09-04T17:34:06.228031	0.00000000e+00	1	18	-5.64098000e-05	-7.46744000e-07	4.00216000e-01	7.14706000e-07
7.72763561e+01	2026-09-04T17:34:06.254075	0.00000000e+00	1	18	-5.76735000e-05	-7.61332000e-07	4.50278000e-01	7.71229000e-07
7.72923589e+01	2026-09-04T17:34:06.269999	0.00000000e+00	1	18	-5.49793000e-05	-9.99907000e-07	5.00276000e-01	8.54653000e-07
7.73202786e+01	2026-09-04T17:34:06.293993	0.00000000e+00	1	18	-5.88417000e-05	-1.32788000e-06	5.50333000e-01	1.18165000e-06
7.73326339e+01	2026-09-04T17:34:06.304083	0.00000000e+00	1	18	-4.63486000e-05	-1.57029000e-06	6.00369000e-01	1.64999000e-06
7.73560734e+01	2026-09-04T17:34:06.333880	0.00000000e+00	1	18	-5.85794000e-05	-1.58154000e-06	6.50439000e-01	1.40243000e-06
7.73867935e+01	2026-09-04T17:34:06.364819	0.00000000e+00	1	18	-5.04971000e-05	-1.83433000e-06	7.00443000e-01	1.76690000e-06
7.74081583e+01	2026-09-04T17:34:06.383762	0.00000000e+00	1	18	-4.44651000e-05	-2.04562000e-06	7.50524000e-01	2.14121000e-06
7.74155927e+01	2026-09-04T17:34:06.393928	0.00000000e+00	1	18	-5.25475000e-05	-2.51192000e-06	8.00527000e-01	2.59873000e-06
7.74284351e+01	2026-09-04T17:34:06.403713	0.00000000e+00	1	18	-4.66108000e-05	-2.51441000e-06	8.50595000e-01	2.68181000e-06
7.74564826e+01	2026-09-04T17:34:06.434077	0.00000000e+00	1	18	-4.45604000e-05	-2.67396000e-06	9.00606000e-01	2.76722000e-06
7.74657555e+01	2026-09-04T17:34:06.444038	0.00000000e+00	1	18	-5.46217000e-05	-3.30382000e-06	9.50638000e-01	3.77012000e-06
7.74884648e+01	2026-09-04T17:34:06.464164	0.00000000e+00	1	18	-5.37157000e-05	-4.49453000e-06	1.00067000e+00	4.51779000e-06
7.74965237e+01	2026-09-04T17:34:06.473991	0.00000000e+00	1	18	-5.75066000e-05	-5.40935000e-06	1.05074000e+00	4.95528000e-06
7.75397864e+01	2026-09-04T17:34:06.513894	0.00000000e+00	1	18	-3.10659000e-05	-5.76455000e-06	1.10075000e+00	5.98920000e-06
7.75616488e+01	2026-09-04T17:34:06.539047	0.00000000e+00	1	18	-4.98533000e-05	-6.04017000e-06	1.15083000e+00	6.46045000e-06
7.75952414e+01	2026-09-04T17:34:06.570909	0.00000000e+00	1	18	-3.20435000e-05	-7.23483000e-06	1.20084000e+00	7.15694000e-06
7.76053363e+01	2026-09-04T17:34:06.573991	0.00000000e+00	1	18	-6.40631000e-05	-7.82277000e-06	1.25090000e+00	7.40990000e-06
7.76128063e+01	2026-09-04T17:34:06.589063	0.00000000e+00	1	18	-5.50747000e-05	-8.40650000e-06	1.30088000e+00	8.64475000e-06
7.76206476e+01	2026-09-04T17:34:06.596884	0.00000000e+00	1	18	-1.11818000e-05	-1.02181000e-05	1.35091000e+00	1.10510000e-05
7.76404935e+01	2026-09-04T17:34:06.618393	0.00000000e+00	1	18	-5.31912000e-05	-1.24138000e-05	1.40099000e+00	1.31588000e-05
7.76675208e+01	2026-09-04T17:34:06.643809	0.00000000e+00	1	18	-5.34534000e-05	-1.34564000e-05	1.45102000e+00	1.38742000e-05
7.76758642e+01	2026-09-04T17:34:06.653853	0.00000000e+00	1	18	-5.38111000e-05	-1.44202000e-05	1.50102000e+00	1.41277000e-05
7.76833460e+01	2026-09-04T17:34:06.653853	0.00000000e+00	1	18	-5.61476000e-05	-1.71360000e-05	1.55107000e+00	1.76653000e-05
7.77054734e+01	2026-09-04T17:34:06.681970	0.00000000e+00	1	18	-5.41687000e-05	-1.99623000e-05	1.60111000e+00	1.84389000e-05
7.77159669e+01	2026-09-04T17:34:06.693931	0.00000000e+00	1	18	--	--	1.65114000e+00	5.30148000e-04
7.77404233e+01	2026-09-04T17:34:06.714164	0.00000000e+00	1	18	--	--	1.70118000e+00	5.30140000e-04
7.77484970e+01	2026-09-04T17:34:06.723879	0.00000000e+00	1	18	--	--	1.75120000e+00	5.30140000e-04
7.77620426e+01	2026-09-04T17:34:06.733815	0.00000000e+00	1	18	--	--	1.80122000e+00	5.30146000e-04
7.77811848e+01	2026-09-04T17:34:06.753878	0.00000000e+00	1	18	--	--	1.85129000e+00	5.30142000e-04
7.78042855e+01	2026-09-04T17:34:06.777495	0.00000000e+00	1	18	--	--	1.90130000e+00	5.30145000e-04
7.78119712e+01	2026-09-04T17:34:06.789038	0.00000000e+00	1	18	--	--	1.95134000e+00	5.30139000e-04
7.78312652e+01	2026-09-04T17:34:06.809021	0.00000000e+00	1	18	--	--	2.00137000e+00	5.30142000e-04
7.78508390e+01	2026-09-04T17:34:06.824974	0.00000000e+00	1	18	--	--	2.00137000e+00	5.30145000e-04
7.78742673e+01	2026-09-04T17:34:06.843857	0.00000000e+00	1	18	--	--	1.95134000e+00	5.30144000e-04
7.78951145e+01	2026-09-04T17:34:06.872487	0.00000000e+00	1	18	--	--	1.90130000e+00	5.30145000e-04
7.79205339e+01	2026-09-04T17:34:06.893991	0.00000000e+00	1	18	--	--	1.85129000e+00	5.30141000e-04
7.79352654e+01	2026-09-04T17:34:06.905302	0.00000000e+00	1	18	--	--	1.80124000e+00	5.30142000e-04
7.79579814e+01	2026-09-04T17:34:06.935488	0.00000000e+00	1	18	--	--	1.75123000e+00	5.30142000e-04
7.79664618e+01	2026-09-04T17:34:06.943701	0.00000000e+00	1	18	--	--	1.70116000e+00	5.30144000e-04
7.79917366e+01	2026-09-04T17:34:06.969184	0.00000000e+00	1	18	--	--	1.65115000e+00	5.30137000e-04
7.80145704e+01	2026-09-04T17:34:06.988785	0.00000000e+00	1	18	--	--	1.60111000e+00	5.30138000e-04
7.80375011e+01	2026-09-04T17:34:07.015360	0.00000000e+00	1	18	--	--	1.55108000e+00	5.30140000e-04
7.80457805e+01	2026-09-04T17:34:07.023887	0.00000000e+00	1	18	--	--	1.50104000e+00	5.30140000e-04
7.80700060e+01	2026-09-04T17:34:07.047407	0.00000000e+00	1	18	--	--	1.45102000e+00	5.30137000e-04
7.80812971e+01	2026-09-04T17:34:07.054125	0.00000000e+00	1	18	--	--	1.40098000e+00	5.30145000e-04
7.81010908e+01	2026-09-04T17:34:07.078883	0.00000000e+00	1	18	--	--	1.35096000e+00	5.30141000e-04
7.81095929e+01	2026-09-04T17:34:07.083892	0.00000000e+00	1	18	--	--	1.30088000e+00	5.30133000e-04
7.81337759e+01	2026-09-04T17:34:07.111085	0.00000000e+00	1	18	--	--	1.25089000e+00	5.30141000e-04
7.81708600e+01	2026-09-04T17:34:07.144179	0.00000000e+00	1	18	--	--	1.20084000e+00	5.30141000e-04
7.81795431e+01	2026-09-04T17:34:07.153783	0.00000000e+00	1	18	--	--	1.15079000e+00	5.30142000e-04
7.82025029e+01	2026-09-04T17:34:07.174879	0.00000000e+00	1	18	--	--	1.10077000e+00	5.30146000e-04
7.82129965e+01	2026-09-04T17:34:07.190637	0.00000000e+00	1	18	--	--	1.05074000e+00	5.30143000e-04
7.82478931e+01	2026-09-04T17:34:07.223760	0.00000000e+00	1	18	--	--	1.00070000e+00	5.30142000e-04
7.82581236e+01	2026-09-04T17:34:07.233794	0.00000000e+00	1	18	--	--	9.50650000e-01	5.30140000e-04
7.82872246e+01	2026-09-04T17:34:07.264409	0.00000000e+00	1	18	--	--	9.00588000e-01	5.30144000e-04
7.83225391e+01	2026-09-04T17:34:07.296284	0.00000000e+00	1	18	--	--	8.50586000e-01	5.30146000e-04
7.83452971e+01	2026-09-04T17:34:07.317406	0.00000000e+00	1	18	--	--	8.00525000e-01	5.30148000e-04
7.83560123e+01	2026-09-04T17:34:07.333965	0.00000000e+00	1	18	--	--	7.50503000e-01	5.30141000e-04
7.83815178e+01	2026-09-04T17:34:07.353997	0.00000000e+00	1	18	--	--	7.00430000e-01	5.30151000e-04
7.84075453e+01	2026-09-04T17:34:07.384158	0.00000000e+00	1	18	--	--	6.50409000e-01	5.30144000e-04
7.84152136e+01	2026-09-04T17:34:07.389249	0.00000000e+00	1	18	1.88741000e-01	-5.30221000e-04	6.00366000e-01	5.30146000e-04
7.84286066e+01	2026-09-04T17:34:07.403816	0.00000000e+00	1	18	1.38831000e-01	-5.30222000e-04	5.50334000e-01	5.30141000e-04
7.84446171e+01	2026-09-04T17:34:07.413954	0.00000000e+00	1	18	8.87341000e-02	-5.30223000e-04	5.00301000e-01	5.30151000e-04
7.84658232e+01	2026-09-04T17:34:07.444072	0.00000000e+00	1	18	3.85057000e-02	-5.30229000e-04	4.50260000e-01	5.30151000e-04
7.84876233e+01	2026-09-04T17:34:07.464134	0.00000000e+00	1	18	-8.79765000e-05	-5.03365000e-04	4.00198000e-01	5.03344000e-04
7.84958931e+01	2026-09-04T17:34:07.473939	0.00000000e+00	1	18	-7.82728000e-05	-3.93358000e-04	3.50179000e-01	3.93485000e-04
7.85206877e+01	2026-09-04T17:34:07.493864	0.00000000e+00	1	18	-7.43151000e-05	-2.89711000e-04	3.00119000e-01	2.89745000e-04
7.85460676e+01	2026-09-04T17:34:07.523926	0.00000000e+00	1	18	-6.46114000e-05	-2.03777000e-04	2.50116000e-01	2.03789000e-04
7.85540694e+01	2026-09-04T17:34:07.523926	0.00000000e+00	1	18	-6.18219000e-05	-1.38464000e-04	2.00198000e-01	1.38449000e-04
7.85790815e+01	2026-09-04T17:34:07.555453	0.00000000e+00	1	18	-6.21796000e-05	-9.04615000e-05	1.50166000e-01	9.04107000e-05
7.86002732e+01	2026-09-04T17:34:07.573851	0.00000000e+00	1	18	-6.01053000e-05	-5.48550000e-05	1.00134000e-01	5.47952000e-05
7.86079984e+01	2026-09-04T17:34:07.583846	0.00000000e+00	1	18	-5.79596000e-05	-2.60226000e-05	5.00889000e-02	2.59854000e-05
7.86618794e+01	2026-09-04T17:34:07.633918	0.00000000e+00	1	18	-5.03063000e-05	-7.93706000e-08	4.23670000e-05	7.53453000e-08
8.07917868e+01	2026-09-04T17:34:09.763821	0.00000000e+00	1	19	-5.91993000e-05	-1.17600000e-10	3.96729000e-05	2.15459000e-10
8.08194531e+01	2026-09-04T17:34:09.794179	0.00000000e+00	1	19	-1.18971000e-05	-1.56095000e-08	5.00495000e-02	3.42219000e-08
8.08284956e+01	2026-09-04T17:34:09.804621	0.00000000e+00	1	19	-2.02656000e-06	-7.48151000e-08	1.00083000e-01	9.35621000e-08
8.08367368e+01	2026-09-04T17:34:09.813783	0.00000000e+00	1	19	-2.98977000e-05	-2.38389000e-07	1.50143000e-01	2.54277000e-07
8.08532970e+01	2026-09-04T17:34:09.829216	0.00000000e+00	1	19	-4.88758000e-05	-3.09793000e-07	2.00191000e-01	3.05153000e-07
8.08730584e+01	2026-09-04T17:34:09.850776	0.00000000e+00	1	19	-5.54323000e-05	-4.20203000e-07	2.50117000e-01	4.17382000e-07
8.08876027e+01	2026-09-04T17:34:09.864041	0.00000000e+00	1	19	-5.16653000e-05	-4.97210000e-07	3.00122000e-01	4.87710000e-07
8.09104000e+01	2026-09-04T17:34:09.883906	0.00000000e+00	1	19	-4.30107000e-05	-6.18319000e-07	3.50166000e-01	6.10031000e-07
8.09182614e+01	2026-09-04T17:34:09.894515	0.00000000e+00	1	19	-5.13792000e-05	-7.45512000e-07	4.00201000e-01	7.35900000e-07
8.09504641e+01	2026-09-04T17:34:09.923870	0.00000000e+00	1	19	-5.21898000e-05	-8.89241000e-07	4.50264000e-01	8.73460000e-07
8.09632962e+01	2026-09-04T17:34:09.940142	0.00000000e+00	1	19	-5.41687000e-05	-1.01456000e-06	5.00286000e-01	1.00755000e-06
8.09834879e+01	2026-09-04T17:34:09.961441	0.00000000e+00	1	19	-4.66108000e-05	-1.51975000e-06	5.50325000e-01	1.56816000e-06
8.09980428e+01	2026-09-04T17:34:09.973711	0.00000000e+00	1	19	-6.02961000e-05	-1.72277000e-06	6.00348000e-01	1.57496000e-06
8.10267408e+01	2026-09-04T17:34:10.003814	0.00000000e+00	1	19	-3.83377000e-05	-1.91893000e-06	6.50443000e-01	1.87699000e-06
8.10460794e+01	2026-09-04T17:34:10.023899	0.00000000e+00	1	19	-5.71489000e-05	-1.83095000e-06	7.00434000e-01	1.80993000e-06
8.10623148e+01	2026-09-04T17:34:10.040002	0.00000000e+00	1	19	-4.91381000e-05	-2.23446000e-06	7.50468000e-01	2.29658000e-06
8.10883216e+01	2026-09-04T17:34:10.063945	0.00000000e+00	1	19	-6.11782000e-05	-2.71009000e-06	8.00527000e-01	2.69270000e-06
8.10969241e+01	2026-09-04T17:34:10.073951	0.00000000e+00	1	19	-5.89371000e-05	-3.13338000e-06	8.50592000e-01	3.17230000e-06
8.11045178e+01	2026-09-04T17:34:10.073951	0.00000000e+00	1	19	-5.49793000e-05	-3.39355000e-06	9.00619000e-01	3.43920000e-06
8.11219050e+01	2026-09-04T17:34:10.094477	0.00000000e+00	1	19	-5.38111000e-05	-3.85925000e-06	9.50642000e-01	3.60779000e-06
8.11435755e+01	2026-09-04T17:34:10.120115	0.00000000e+00	1	19	-4.74215000e-05	-5.31874000e-06	1.00069000e+00	5.65871000e-06
8.11551063e+01	2026-09-04T17:34:10.123890	0.00000000e+00	1	19	-5.55992000e-05	-6.28991000e-06	1.05077000e+00	6.29497000e-06
8.11627607e+01	2026-09-04T17:34:10.138259	0.00000000e+00	1	19	-5.91278000e-05	-5.25965000e-06	1.10076000e+00	5.45000000e-06
8.11704110e+01	2026-09-04T17:34:10.147788	0.00000000e+00	1	19	-4.02451000e-05	-6.01495000e-06	1.15084000e+00	5.92751000e-06
8.11834762e+01	2026-09-04T17:34:10.159720	0.00000000e+00	1	19	4.45843000e-06	-8.22139000e-06	1.20084000e+00	7.42610000e-06
8.12068764e+01	2026-09-04T17:34:10.184071	0.00000000e+00	1	19	-6.89268000e-05	-6.62942000e-06	1.25091000e+00	6.13589000e-06
8.12183477e+01	2026-09-04T17:34:10.194801	0.00000000e+00	1	19	-6.81162000e-05	-7.47246000e-06	1.30087000e+00	7.96179000e-06
8.12260059e+01	2026-09-04T17:34:10.203853	0.00000000e+00	1	19	-5.46217000e-05	-8.86850000e-06	1.35096000e+00	8.80000000e-06
8.12335041e+01	2026-09-04T17:34:10.203853	0.00000000e+00	1	19	-7.14302000e-05	-9.66862000e-06	1.40096000e+00	9.04449000e-06
8.12562482e+01	2026-09-04T17:34:10.234008	0.00000000e+00	1	19	-8.94070000e-06	-1.31955000e-05	1.45099000e+00	1.30617000e-05
8.12863105e+01	2026-09-04T17:34:10.264164	0.00000000e+00	1	19	-6.13689000e-05	-1.40188000e-05	1.50102000e+00	1.42780000e-05
8.12946928e+01	2026-09-04T17:34:10.264164	0.00000000e+00	1	19	-5.53370000e-05	-1.60900000e-05	1.55106000e+00	1.54558000e-05
8.13274032e+01	2026-09-04T17:34:10.303910	0.00000000e+00	1	19	-5.56946000e-05	-2.06694000e-05	1.60111000e+00	1.85860000e-05
8.13421854e+01	2026-09-04T17:34:10.316416	0.00000000e+00	1	19	-5.50747000e-05	-2.05967000e-05	1.65115000e+00	2.22178000e-05
8.13807011e+01	2026-09-04T17:34:10.353848	0.00000000e+00	1	19	-5.79596000e-05	-2.78906000e-05	1.70115000e+00	5.30138000e-04
8.14101063e+01	2026-09-04T17:34:10.386280	0.00000000e+00	1	19	--	--	1.75124000e+00	5.30143000e-04
8.14200592e+01	2026-09-04T17:34:10.395179	0.00000000e+00	1	19	--	--	1.80123000e+00	5.30142000e-04
8.14276106e+01	2026-09-04T17:34:10.403984	0.00000000e+00	1	19	--	--	1.85127000e+00	5.30146000e-04
8.14784279e+01	2026-09-04T17:34:10.455430	0.00000000e+00	1	19	--	--	1.90130000e+00	5.30138000e-04
8.14910317e+01	2026-09-04T17:34:10.464096	0.00000000e+00	1	19	--	--	1.95135000e+00	5.30144000e-04
8.15133960e+01	2026-09-04T17:34:10.486898	0.00000000e+00	1	19	--	--	2.00136000e+00	5.30143000e-04
8.15201359e+01	2026-09-04T17:34:10.497164	0.00000000e+00	1	19	--	--	2.00137000e+00	5.30146000e-04
8.15368931e+01	2026-09-04T17:34:10.513769	0.00000000e+00	1	19	--	--	1.95134000e+00	5.30143000e-04
8.15639692e+01	2026-09-04T17:34:10.534101	0.00000000e+00	1	19	--	--	1.90130000e+00	5.30147000e-04
8.15723482e+01	2026-09-04T17:34:10.550117	0.00000000e+00	1	19	--	--	1.85128000e+00	5.30142000e-04
8.16006219e+01	2026-09-04T17:34:10.573887	0.00000000e+00	1	19	--	--	1.80122000e+00	5.30142000e-04
8.16140763e+01	2026-09-04T17:34:10.584053	0.00000000e+00	1	19	--	--	1.75123000e+00	5.30141000e-04
8.16368022e+01	2026-09-04T17:34:10.613905	0.00000000e+00	1	19	--	--	1.70115000e+00	5.30146000e-04
8.16447706e+01	2026-09-04T17:34:10.613905	0.00000000e+00	1	19	--	--	1.65113000e+00	5.30145000e-04
8.16677411e+01	2026-09-04T17:34:10.645502	0.00000000e+00	1	19	--	--	1.60109000e+00	5.30139000e-04
8.17006200e+01	2026-09-04T17:34:10.677339	0.00000000e+00	1	19	--	--	1.55108000e+00	5.30141000e-04
8.17152300e+01	2026-09-04T17:34:10.693274	0.00000000e+00	1	19	--	--	1.50103000e+00	5.30142000e-04
8.17737121e+01	2026-09-04T17:34:10.744242	0.00000000e+00	1	19	--	--	1.45103000e+00	5.30143000e-04
8.18029867e+01	2026-09-04T17:34:10.774112	0.00000000e+00	1	19	--	--	1.40096000e+00	5.30146000e-04
8.18253774e+01	2026-09-04T17:34:10.803680	0.00000000e+00	1	19	--	--	1.35094000e+00	5.30144000e-04
8.18394395e+01	2026-09-04T17:34:10.814128	0.00000000e+00	1	19	--	--	1.30087000e+00	5.30144000e-04
8.18722112e+01	2026-09-04T17:34:10.844014	0.00000000e+00	1	19	--	--	1.25088000e+00	5.30143000e-04
8.19012703e+01	2026-09-04T17:34:10.874280	0.00000000e+00	1	19	--	--	1.20082000e+00	5.30145000e-04
8.19098870e+01	2026-09-04T17:34:10.883949	0.00000000e+00	1	19	--	--	1.15080000e+00	5.30144000e-04
8.19175461e+01	2026-09-04T17:34:10.895588	0.00000000e+00	1	19	--	--	1.10074000e+00	5.30142000e-04
8.19341055e+01	2026-09-04T17:34:10.904119	0.00000000e+00	1	19	--	--	1.05074000e+00	5.30147000e-04
8.19653490e+01	2026-09-04T17:34:10.941038	0.00000000e+00	1	19	--	--	1.00068000e+00	5.30146000e-04
8.19850092e+01	2026-09-04T17:34:10.962881	0.00000000e+00	1	19	--	--	9.50653000e-01	5.30144000e-04
8.20171099e+01	2026-09-04T17:34:10.994227	0.00000000e+00	1	19	--	--	9.00603000e-01	5.30149000e-04
8.20307690e+01	2026-09-04T17:34:11.004093	0.00000000e+00	1	19	--	--	8.50591000e-01	5.30151000e-04
8.20693092e+01	2026-09-04T17:34:11.044151	0.00000000e+00	1	19	--	--	8.00524000e-01	5.30147000e-04
8.20966187e+01	2026-09-04T17:34:11.073915	0.00000000e+00	1	19	--	--	7.50511000e-01	5.30147000e-04
8.21043903e+01	2026-09-04T17:34:11.073915	0.00000000e+00	1	19	--	--	7.00434000e-01	5.30152000e-04
8.21311229e+01	2026-09-04T17:34:11.105795	0.00000000e+00	1	19	--	--	6.50425000e-01	5.30150000e-04
8.21608015e+01	2026-09-04T17:34:11.137860	0.00000000e+00	1	19	1.74082000e-01	-5.30223000e-04	6.00358000e-01	5.30151000e-04
8.21694743e+01	2026-09-04T17:34:11.143840	0.00000000e+00	1	19	1.23774000e-01	-5.30224000e-04	5.50308000e-01	5.30152000e-04
8.21919289e+01	2026-09-04T17:34:11.169545	0.00000000e+00	1	19	7.39133000e-02	-5.30227000e-04	5.00299000e-01	5.30152000e-04
8.22234039e+01	2026-09-04T17:34:11.201186	0.00000000e+00	1	19	2.34567000e-02	-5.30226000e-04	4.50249000e-01	5.30155000e-04
8.22317057e+01	2026-09-04T17:34:11.204141	0.00000000e+00	1	19	-8.48293000e-05	-4.68602000e-04	4.00192000e-01	4.68394000e-04
8.22555644e+01	2026-09-04T17:34:11.234003	0.00000000e+00	1	19	-6.88314000e-05	-3.60092000e-04	3.50153000e-01	3.59617000e-04
8.22835519e+01	2026-09-04T17:34:11.254038	0.00000000e+00	1	19	-7.17163000e-05	-2.65748000e-04	3.00121000e-01	2.65606000e-04
8.23031998e+01	2026-09-04T17:34:11.280988	0.00000000e+00	1	19	-6.92844000e-05	-1.88303000e-04	2.50103000e-01	1.88017000e-04
8.23112397e+01	2026-09-04T17:34:11.283859	0.00000000e+00	1	19	-6.46830000e-05	-1.29133000e-04	2.00191000e-01	1.29174000e-04
8.23339776e+01	2026-09-04T17:34:11.311828	0.00000000e+00	1	19	-6.26326000e-05	-8.56317000e-05	1.50151000e-01	8.51085000e-05
8.23503547e+01	2026-09-04T17:34:11.327670	0.00000000e+00	1	19	-5.89371000e-05	-5.17177000e-05	1.00111000e-01	5.17291000e-05
8.23802318e+01	2026-09-04T17:34:11.354001	0.00000000e+00	1	19	-5.75066000e-05	-2.46432000e-05	5.00709000e-02	2.46226000e-05
8.24020096e+01	2026-09-04T17:34:11.375552	0.00000000e+00	1	19	-5.27382000e-05	-6.98447000e-08	2.99454000e-05	6.31871000e-08
8.45742417e+01	2026-09-04T17:34:13.544010	0.00000000e+00	1	20	-5.84841000e-05	-4.17233000e-11	4.63247000e-05	-6.11067000e-11
8.45963067e+01	2026-09-04T17:34:13.574171	0.00000000e+00	1	20	-4.58002000e-05	-5.48897000e-08	5.00805000e-02	5.96969000e-08
8.46356094e+01	2026-09-04T17:34:13.606063	0.00000000e+00	1	20	-4.11272000e-05	-1.36607000e-07	1.00103000e-01	9.33204000e-08
8.46498085e+01	2026-09-04T17:34:13.624057	0.00000000e+00	1	20	-5.46217000e-05	-1.95061000e-07	1.50147000e-01	2.37453000e-07
8.46762652e+01	2026-09-04T17:34:13.654043	0.00000000e+00	1	20	-5.66959000e-05	-2.71015000e-07	2.00194000e-01	2.60602000e-07
8.46843871e+01	2026-09-04T17:34:13.654043	0.00000000e+00	1	20	-5.48124000e-05	-3.99638000e-07	2.50127000e-01	3.75282000e-07
8.47115263e+01	2026-09-04T17:34:13.688992	0.00000000e+00	1	20	-5.40018000e-05	-4.57348000e-07	3.00107000e-01	4.40949000e-07
8.47328016e+01	2026-09-04T17:34:13.704199	0.00000000e+00	1	20	-4.93050000e-05	-5.77829000e-07	3.50163000e-01	5.92747000e-07
8.47561040e+01	2026-09-04T17:34:13.733831	0.00000000e+00	1	20	-6.02007000e-05	-8.46816000e-07	4.00213000e-01	8.01106000e-07
8.47826374e+01	2026-09-04T17:34:13.753750	0.00000000e+00	1	20	-5.23806000e-05	-9.77001000e-07	4.50255000e-01	9.70406000e-07
8.48010283e+01	2026-09-04T17:34:13.774061	0.00000000e+00	1	20	-5.48124000e-05	-1.24239000e-06	5.00289000e-01	1.21021000e-06
8.48110109e+01	2026-09-04T17:34:13.784123	0.00000000e+00	1	20	-5.18322000e-05	-1.52044000e-06	5.50336000e-01	1.42106000e-06
8.48345078e+01	2026-09-04T17:34:13.811995	0.00000000e+00	1	20	-4.48227000e-05	-1.59746000e-06	6.00369000e-01	1.23137000e-06
8.48700433e+01	2026-09-04T17:34:13.848354	0.00000000e+00	1	20	-5.66006000e-05	-1.41195000e-06	6.50431000e-01	1.39671000e-06
8.48810380e+01	2026-09-04T17:34:13.857901	0.00000000e+00	1	20	-4.27485000e-05	-1.83641000e-06	7.00452000e-01	3.19566000e-06
8.49028524e+01	2026-09-04T17:34:13.880604	0.00000000e+00	1	20	-4.85182000e-05	-3.74640000e-06	7.50489000e-01	3.79177000e-06
8.49125777e+01	2026-09-04T17:34:13.890157	0.00000000e+00	1	20	-4.52757000e-05	-5.06487000e-06	8.00525000e-01	4.56676000e-06
8.49617620e+01	2026-09-04T17:34:13.939521	0.00000000e+00	1	20	-5.17368000e-05	-5.13820000e-06	8.50571000e-01	5.15063000e-06
8.50007750e+01	2026-09-04T17:34:13.974146	0.00000000e+00	1	20	-4.90427000e-05	-5.72054000e-06	9.00586000e-01	5.64134000e-06
8.50186484e+01	2026-09-04T17:34:13.993707	0.00000000e+00	1	20	-5.68628000e-05	-6.51887000e-06	9.50682000e-01	6.39461000e-06
8.50416041e+01	2026-09-04T17:34:14.019027	0.00000000e+00	1	20	-5.34534000e-05	-7.09648000e-06	1.00068000e+00	7.10157000e-06
8.50527475e+01	2026-09-04T17:34:14.023943	0.00000000e+00	1	20	-4.96864000e-05	-8.00961000e-06	1.05073000e+00	8.03685000e-06
8.50850557e+01	2026-09-04T17:34:14.061358	0.00000000e+00	1	20	-5.65052000e-05	-8.47689000e-06	1.10073000e+00	8.75206000e-06
8.51050747e+01	2026-09-04T17:34:14.082977	0.00000000e+00	1	20	-5.35488000e-05	-9.09090000e-06	1.15081000e+00	9.36377000e-06
8.51127347e+01	2026-09-04T17:34:14.083985	0.00000000e+00	1	20	-2.36988000e-05	-1.04581000e-05	1.20081000e+00	1.03021000e-05
8.51363769e+01	2026-09-04T17:34:14.114357	0.00000000e+00	1	20	-5.53370000e-05	-1.26960000e-05	1.25088000e+00	1.31589000e-05
8.51687788e+01	2026-09-04T17:34:14.145751	0.00000000e+00	1	20	-5.88417000e-05	-1.31065000e-05	1.30088000e+00	1.33504000e-05
8.51767958e+01	2026-09-04T17:34:14.153924	0.00000000e+00	1	20	-5.43594000e-05	-1.54258000e-05	1.35094000e+00	5.30143000e-04
8.51961454e+01	2026-09-04T17:34:14.173810	0.00000000e+00	1	20	--	--	1.40096000e+00	5.30147000e-04
8.52117623e+01	2026-09-04T17:34:14.184120	0.00000000e+00	1	20	--	--	1.45102000e+00	5.30146000e-04
8.52275393e+01	2026-09-04T17:34:14.203859	0.00000000e+00	1	20	--	--	1.50103000e+00	5.30142000e-04
8.52473450e+01	2026-09-04T17:34:14.225097	0.00000000e+00	1	20	--	--	1.55109000e+00	5.30144000e-04
8.52551698e+01	2026-09-04T17:34:14.225097	0.00000000e+00	1	20	--	--	1.60111000e+00	5.30146000e-04
8.52628337e+01	2026-09-04T17:34:14.241104	0.00000000e+00	1	20	--	--	1.65115000e+00	5.30149000e-04
8.52989052e+01	2026-09-04T17:34:14.274123	0.00000000e+00	1	20	--	--	1.70116000e+00	5.30153000e-04
8.53071514e+01	2026-09-04T17:34:14.283836	0.00000000e+00	1	20	--	--	1.75124000e+00	5.30149000e-04
8.53267070e+01	2026-09-04T17:34:14.303933	0.00000000e+00	1	20	--	--	1.80123000e+00	5.30146000e-04
8.53622041e+01	2026-09-04T17:34:14.335838	0.00000000e+00	1	20	--	--	1.85129000e+00	5.30148000e-04
8.53733094e+01	2026-09-04T17:34:14.351771	0.00000000e+00	1	20	--	--	1.90128000e+00	5.30144000e-04
8.54236176e+01	2026-09-04T17:34:14.399370	0.00000000e+00	1	20	--	--	1.95136000e+00	5.30144000e-04
8.54356573e+01	2026-09-04T17:34:14.404111	0.00000000e+00	1	20	--	--	2.00136000e+00	5.30152000e-04
8.54579878e+01	2026-09-04T17:34:14.433943	0.00000000e+00	1	20	--	--	2.00138000e+00	5.30149000e-04
8.54659335e+01	2026-09-04T17:34:14.444156	0.00000000e+00	1	20	--	--	1.95136000e+00	5.30145000e-04
8.54863105e+01	2026-09-04T17:34:14.463749	0.00000000e+00	1	20	--	--	1.90130000e+00	5.30148000e-04
8.55175499e+01	2026-09-04T17:34:14.495249	0.00000000e+00	1	20	--	--	1.85127000e+00	5.30144000e-04
8.55253523e+01	2026-09-04T17:34:14.503715	0.00000000e+00	1	20	--	--	1.80125000e+00	5.30144000e-04
8.55334582e+01	2026-09-04T17:34:14.511271	0.00000000e+00	1	20	--	--	1.75123000e+00	5.30145000e-04
8.55725721e+01	2026-09-04T17:34:14.544113	0.00000000e+00	1	20	--	--	1.70116000e+00	5.30142000e-04
8.55806412e+01	2026-09-04T17:34:14.558935	0.00000000e+00	1	20	--	--	1.65114000e+00	5.30142000e-04
8.56220025e+01	2026-09-04T17:34:14.599507	0.00000000e+00	1	20	--	--	1.60110000e+00	5.30149000e-04
8.56426706e+01	2026-09-04T17:34:14.617660	0.00000000e+00	1	20	--	--	1.55108000e+00	5.30149000e-04
8.56613522e+01	2026-09-04T17:34:14.639211	0.00000000e+00	1	20	--	--	1.50102000e+00	5.30148000e-04
8.56689701e+01	2026-09-04T17:34:14.644134	0.00000000e+00	1	20	--	--	1.45104000e+00	5.30141000e-04
8.56767318e+01	2026-09-04T17:34:14.655039	0.00000000e+00	1	20	--	--	1.40099000e+00	5.30143000e-04
8.57174278e+01	2026-09-04T17:34:14.693753	0.00000000e+00	1	20	--	--	1.35095000e+00	5.30141000e-04
8.57409964e+01	2026-09-04T17:34:14.718448	0.00000000e+00	1	20	--	--	1.30091000e+00	5.30141000e-04
8.57495276e+01	2026-09-04T17:34:14.724001	0.00000000e+00	1	20	--	--	1.25089000e+00	5.30141000e-04
8.57735831e+01	2026-09-04T17:34:14.749871	0.00000000e+00	1	20	--	--	1.20082000e+00	5.30144000e-04
8.58019119e+01	2026-09-04T17:34:14.773998	0.00000000e+00	1	20	--	--	1.15079000e+00	5.30148000e-04
8.58236123e+01	2026-09-04T17:34:14.799561	0.00000000e+00	1	20	--	--	1.10072000e+00	5.30145000e-04
8.58350469e+01	2026-09-04T17:34:14.813106	0.00000000e+00	1	20	--	--	1.05074000e+00	5.30144000e-04
8.58503596e+01	2026-09-04T17:34:14.823903	0.00000000e+00	1	20	--	--	1.00070000e+00	5.30145000e-04
8.58790310e+01	2026-09-04T17:34:14.853952	0.00000000e+00	1	20	--	--	9.50687000e-01	5.30144000e-04
8.58866752e+01	2026-09-04T17:34:14.863958	0.00000000e+00	1	20	--	--	9.00593000e-01	5.30139000e-04
8.58942697e+01	2026-09-04T17:34:14.863958	0.00000000e+00	1	20	--	--	8.50591000e-01	5.30148000e-04
8.59101981e+01	2026-09-04T17:34:14.883743	0.00000000e+00	1	20	--	--	8.00509000e-01	5.30148000e-04
8.59378884e+01	2026-09-04T17:34:14.914155	0.00000000e+00	1	20	--	--	7.50473000e-01	5.30148000e-04
8.59459544e+01	2026-09-04T17:34:14.923773	0.00000000e+00	1	20	--	--	7.00441000e-01	5.30151000e-04
8.59687583e+01	2026-09-04T17:34:14.943929	0.00000000e+00	1	20	--	--	6.50424000e-01	5.30148000e-04
8.60024197e+01	2026-09-04T17:34:14.974029	0.00000000e+00	1	20	--	--	6.00347000e-01	5.30152000e-04
8.60261933e+01	2026-09-04T17:34:15.003973	0.00000000e+00	1	20	1.69039000e-01	-5.30226000e-04	5.50323000e-01	5.30149000e-04
8.60342172e+01	2026-09-04T17:34:15.003973	0.00000000e+00	1	20	1.19035000e-01	-5.30227000e-04	5.00264000e-01	5.30148000e-04
8.60583216e+01	2026-09-04T17:34:15.035738	0.00000000e+00	1	20	6.89953000e-02	-5.30229000e-04	4.50265000e-01	5.30150000e-04
8.60853432e+01	2026-09-04T17:34:15.062245	0.00000000e+00	1	20	1.88317000e-02	-5.30227000e-04	4.00202000e-01	5.30146000e-04
8.61067663e+01	2026-09-04T17:34:15.083870	0.00000000e+00	1	20	-8.94308000e-05	-4.72785000e-04	3.50181000e-01	4.72433000e-04
8.61147268e+01	2026-09-04T17:34:15.083870	0.00000000e+00	1	20	-8.37565000e-05	-3.82932000e-04	3.00133000e-01	3.82965000e-04
8.61384097e+01	2026-09-04T17:34:15.115871	0.00000000e+00	1	20	-8.04186000e-05	-2.98022000e-04	2.50103000e-01	2.97839000e-04
8.61575690e+01	2026-09-04T17:34:15.133970	0.00000000e+00	1	20	-6.80208000e-05	-2.25173000e-04	2.00189000e-01	2.25070000e-04
8.61666313e+01	2026-09-04T17:34:15.144150	0.00000000e+00	1	20	-6.65903000e-05	-1.55247000e-04	1.50159000e-01	1.55311000e-04
8.61860332e+01	2026-09-04T17:34:15.163839	0.00000000e+00	1	20	-5.88417000e-05	-9.59213000e-05	1.00119000e-01	9.58336000e-05
8.62227363e+01	2026-09-04T17:34:15.199990	0.00000000e+00	1	20	-6.54221000e-05	-4.54444000e-05	5.00859000e-02	4.54389000e-05
8.62332279e+01	2026-09-04T17:34:15.204039	0.00000000e+00	1	20	-5.84841000e-05	-1.46135000e-07	4.04835000e-05	1.37821000e-07
8.83292915e+01	2026-09-04T17:34:17.303952	0.00000000e+00	1	21	-6.11067000e-05	-2.68579000e-11	3.74079000e-05	1.61004000e-10
8.83383923e+01	2026-09-04T17:34:17.313896	0.00000000e+00	1	21	-8.48770000e-06	-1.79345000e-08	5.00446000e-02	3.99131000e-08
8.83464794e+01	2026-09-04T17:34:17.324178	0.00000000e+00	1	21	4.05312000e-07	-9.24912000e-08	1.00101000e-01	1.54660000e-07
8.83634252e+01	2026-09-04T17:34:17.334038	0.00000000e+00	1	21	-3.28541000e-05	-2.42677000e-07	1.50150000e-01	2.01455000e-07
8.83961687e+01	2026-09-04T17:34:17.374152	0.00000000e+00	1	21	-5.71489000e-05	-3.02757000e-07	2.00190000e-01	2.90921000e-07
8.84187448e+01	2026-09-04T17:34:17.393914	0.00000000e+00	1	21	-5.64098000e-05	-3.83684000e-07	2.50108000e-01	3.68661000e-07
8.84274034e+01	2026-09-04T17:34:17.403739	0.00000000e+00	1	21	-5.11169000e-05	-4.71669000e-07	3.00126000e-01	4.87073000e-07
8.84637014e+01	2026-09-04T17:34:17.440167	0.00000000e+00	1	21	-6.07252000e-05	-6.81112000e-07	3.50155000e-01	6.44314000e-07
8.84926521e+01	2026-09-04T17:34:17.470354	0.00000000e+00	1	21	-5.53370000e-05	-6.64334000e-07	4.00197000e-01	6.35386000e-07
8.85007879e+01	2026-09-04T17:34:17.474107	0.00000000e+00	1	21	-5.28336000e-05	-7.90658000e-07	4.50251000e-01	7.81394000e-07
8.85083996e+01	2026-09-04T17:34:17.484079	0.00000000e+00	1	21	-5.44310000e-05	-9.07412000e-07	5.00269000e-01	8.84837000e-07
8.85418560e+01	2026-09-04T17:34:17.519696	0.00000000e+00	1	21	-5.54323000e-05	-1.29151000e-06	5.50344000e-01	1.91478000e-06
8.85760946e+01	2026-09-04T17:34:17.554043	0.00000000e+00	1	21	-5.35488000e-05	-2.34644000e-06	6.00334000e-01	2.36768000e-06
8.85842322e+01	2026-09-04T17:34:17.554043	0.00000000e+00	1	21	-5.72205000e-05	-2.63069000e-06	6.50434000e-01	2.35402000e-06
8.86054687e+01	2026-09-04T17:34:17.583792	0.00000000e+00	1	21	-4.58956000e-05	-2.63296000e-06	7.00439000e-01	2.70977000e-06
8.86290701e+01	2026-09-04T17:34:17.606086	0.00000000e+00	1	21	-5.43594000e-05	-3.46667000e-06	7.50495000e-01	3.48321000e-06
8.86534570e+01	2026-09-04T17:34:17.631613	0.00000000e+00	1	21	-5.69582000e-05	-4.02452000e-06	8.00519000e-01	3.99814000e-06
8.86612776e+01	2026-09-04T17:34:17.634130	0.00000000e+00	1	21	-5.51701000e-05	-4.59277000e-06	8.50566000e-01	4.63671000e-06
8.86687909e+01	2026-09-04T17:34:17.644066	0.00000000e+00	1	21	-3.66449000e-05	-5.33494000e-06	9.00591000e-01	5.94021000e-06
8.87130635e+01	2026-09-04T17:34:17.683875	0.00000000e+00	1	21	-5.24521000e-05	-6.92505000e-06	9.50658000e-01	6.87919000e-06
8.87332142e+01	2026-09-04T17:34:17.711131	0.00000000e+00	1	21	-4.31061000e-05	-7.82982000e-06	1.00068000e+00	8.30555000e-06
8.87671968e+01	2026-09-04T17:34:17.743974	0.00000000e+00	1	21	-3.92437000e-05	-8.93428000e-06	1.05073000e+00	8.84416000e-06
8.87807426e+01	2026-09-04T17:34:17.758869	0.00000000e+00	1	21	-4.67062000e-05	-9.72529000e-06	1.10071000e+00	1.02055000e-05
8.88256134e+01	2026-09-04T17:34:17.803894	0.00000000e+00	1	21	-1.91927000e-05	-1.16434000e-05	1.15078000e+00	1.14534000e-05
8.88482983e+01	2026-09-04T17:34:17.824060	0.00000000e+00	1	21	-5.42641000e-05	-1.38871000e-05	1.20083000e+00	1.35480000e-05
8.88563112e+01	2026-09-04T17:34:17.833982	0.00000000e+00	1	21	-5.75066000e-05	-1.45777000e-05	1.25087000e+00	1.44821000e-05
8.88727199e+01	2026-09-04T17:34:17.847383	0.00000000e+00	1	21	-5.87702000e-05	-1.67310000e-05	1.30088000e+00	1.69891000e-05
8.89028313e+01	2026-09-04T17:34:17.873778	0.00000000e+00	1	21	-6.07252000e-05	-1.70345000e-05	1.35094000e+00	1.69884000e-05
8.89231602e+01	2026-09-04T17:34:17.900942	0.00000000e+00	1	21	--	--	1.40095000e+00	5.30145000e-04
8.89398585e+01	2026-09-04T17:34:17.916989	0.00000000e+00	1	21	--	--	1.45101000e+00	5.30142000e-04
8.89690276e+01	2026-09-04T17:34:17.944068	0.00000000e+00	1	21	--	--	1.50102000e+00	5.30140000e-04
8.89923611e+01	2026-09-04T17:34:17.965069	0.00000000e+00	1	21	--	--	1.55110000e+00	5.30145000e-04
8.89999634e+01	2026-09-04T17:34:17.974082	0.00000000e+00	1	21	--	--	1.60109000e+00	5.30145000e-04
8.90196884e+01	2026-09-04T17:34:17.997088	0.00000000e+00	1	21	--	--	1.65113000e+00	5.30146000e-04
8.90499684e+01	2026-09-04T17:34:18.024066	0.00000000e+00	1	21	--	--	1.70117000e+00	5.30141000e-04
8.90728435e+01	2026-09-04T17:34:18.046502	0.00000000e+00	1	21	--	--	1.75123000e+00	5.30136000e-04
8.90899665e+01	2026-09-04T17:34:18.064086	0.00000000e+00	1	21	--	--	1.80121000e+00	5.30141000e-04
8.91156522e+01	2026-09-04T17:34:18.093038	0.00000000e+00	1	21	--	--	1.85127000e+00	5.30144000e-04
8.91301682e+01	2026-09-04T17:34:18.103853	0.00000000e+00	1	21	--	--	1.90129000e+00	5.30147000e-04
8.91527444e+01	2026-09-04T17:34:18.124969	0.00000000e+00	1	21	--	--	1.95134000e+00	5.30147000e-04
8.91619233e+01	2026-09-04T17:34:18.133956	0.00000000e+00	1	21	--	--	2.00136000e+00	5.30142000e-04
8.91896330e+01	2026-09-04T17:34:18.164179	0.00000000e+00	1	21	--	--	2.00136000e+00	5.30144000e-04
8.92044948e+01	2026-09-04T17:34:18.174108	0.00000000e+00	1	21	--	--	1.95134000e+00	5.30144000e-04
8.92267310e+01	2026-09-04T17:34:18.204161	0.00000000e+00	1	21	--	--	1.90130000e+00	5.30141000e-04
8.92560701e+01	2026-09-04T17:34:18.234000	0.00000000e+00	1	21	--	--	1.85128000e+00	5.30148000e-04
8.92779901e+01	2026-09-04T17:34:18.253832	0.00000000e+00	1	21	--	--	1.80123000e+00	5.30143000e-04
8.92861496e+01	2026-09-04T17:34:18.264043	0.00000000e+00	1	21	--	--	1.75121000e+00	5.30143000e-04
8.93052553e+01	2026-09-04T17:34:18.283112	0.00000000e+00	1	21	--	--	1.70116000e+00	5.30145000e-04
8.93376378e+01	2026-09-04T17:34:18.315157	0.00000000e+00	1	21	--	--	1.65116000e+00	5.30141000e-04
8.93586571e+01	2026-09-04T17:34:18.333985	0.00000000e+00	1	21	--	--	1.60111000e+00	5.30144000e-04
8.93662690e+01	2026-09-04T17:34:18.344112	0.00000000e+00	1	21	--	--	1.55108000e+00	5.30142000e-04
8.93855974e+01	2026-09-04T17:34:18.363734	0.00000000e+00	1	21	--	--	1.50101000e+00	5.30139000e-04
8.94198549e+01	2026-09-04T17:34:18.395270	0.00000000e+00	1	21	--	--	1.45101000e+00	5.30138000e-04
8.94327738e+01	2026-09-04T17:34:18.411206	0.00000000e+00	1	21	--	--	1.40098000e+00	5.30137000e-04
8.94546276e+01	2026-09-04T17:34:18.427282	0.00000000e+00	1	21	--	--	1.35094000e+00	5.30144000e-04
8.94653409e+01	2026-09-04T17:34:18.443017	0.00000000e+00	1	21	--	--	1.30091000e+00	5.30141000e-04
8.94774224e+01	2026-09-04T17:34:18.453721	0.00000000e+00	1	21	--	--	1.25088000e+00	5.30140000e-04
8.94935212e+01	2026-09-04T17:34:18.466021	0.00000000e+00	1	21	--	--	1.20082000e+00	5.30138000e-04
8.95167999e+01	2026-09-04T17:34:18.493954	0.00000000e+00	1	21	--	--	1.15081000e+00	5.30142000e-04
8.95252253e+01	2026-09-04T17:34:18.501113	0.00000000e+00	1	21	--	--	1.10073000e+00	5.30138000e-04
8.95394663e+01	2026-09-04T17:34:18.516623	0.00000000e+00	1	21	--	--	1.05072000e+00	5.30143000e-04
8.95488916e+01	2026-09-04T17:34:18.526136	0.00000000e+00	1	21	--	--	1.00068000e+00	5.30142000e-04
8.95759467e+01	2026-09-04T17:34:18.553749	0.00000000e+00	1	21	--	--	9.50659000e-01	5.30147000e-04
8.95840937e+01	2026-09-04T17:34:18.553749	0.00000000e+00	1	21	--	--	9.00583000e-01	5.30144000e-04
8.96096822e+01	2026-09-04T17:34:18.585539	0.00000000e+00	1	21	--	--	8.50587000e-01	5.30138000e-04
8.96296157e+01	2026-09-04T17:34:18.603959	0.00000000e+00	1	21	--	--	8.00518000e-01	5.30143000e-04
8.96556038e+01	2026-09-04T17:34:18.633114	0.00000000e+00	1	21	--	--	7.50477000e-01	5.30145000e-04
8.96732511e+01	2026-09-04T17:34:18.648822	0.00000000e+00	1	21	--	--	7.00438000e-01	5.30143000e-04
8.96952824e+01	2026-09-04T17:34:18.665213	0.00000000e+00	1	21	--	--	6.50432000e-01	5.30149000e-04
8.97073858e+01	2026-09-04T17:34:18.683958	0.00000000e+00	1	21	--	--	6.00359000e-01	5.30145000e-04
8.97155096e+01	2026-09-04T17:34:18.693757	0.00000000e+00	1	21	--	--	5.50321000e-01	5.30147000e-04
8.97350048e+01	2026-09-04T17:34:18.712867	0.00000000e+00	1	21	--	--	5.00299000e-01	5.30143000e-04
8.97505370e+01	2026-09-04T17:34:18.728708	0.00000000e+00	1	21	--	--	4.50270000e-01	5.30151000e-04
8.97800450e+01	2026-09-04T17:34:18.753874	0.00000000e+00	1	21	1.54831000e-01	-5.30218000e-04	4.00195000e-01	5.30144000e-04
8.98324127e+01	2026-09-04T17:34:18.807270	0.00000000e+00	1	21	1.04807000e-01	-5.30227000e-04	3.50167000e-01	5.30146000e-04
8.98440410e+01	2026-09-04T17:34:18.814172	0.00000000e+00	1	21	5.48273000e-02	-5.30222000e-04	3.00124000e-01	5.30148000e-04
8.98776709e+01	2026-09-04T17:34:18.855027	0.00000000e+00	1	21	4.99489000e-03	-5.30224000e-04	2.50125000e-01	5.30141000e-04
8.99046613e+01	2026-09-04T17:34:18.873835	0.00000000e+00	1	21	-8.23259000e-05	-4.22311000e-04	2.00189000e-01	4.22185000e-04
8.99251717e+01	2026-09-04T17:34:18.902995	0.00000000e+00	1	21	-7.23362000e-05	-3.08934000e-04	1.50160000e-01	3.08906000e-04
8.99591329e+01	2026-09-04T17:34:18.934021	0.00000000e+00	1	21	-6.71148000e-05	-2.02131000e-04	1.00120000e-01	2.02131000e-04
8.99880942e+01	2026-09-04T17:34:18.965894	0.00000000e+00	1	21	-6.10113000e-05	-1.00665000e-04	5.00832000e-02	1.00724000e-04
8.99956342e+01	2026-09-04T17:34:18.973869	0.00000000e+00	1	21	-5.20229000e-05	-3.22878000e-07	4.06504000e-05	3.07336000e-07
9.20734276e+01	2026-09-04T17:34:21.043811	0.00000000e+00	1	22	-6.34432000e-05	-4.68850000e-11	4.16517000e-05	-1.52946000e-11
9.20932813e+01	2026-09-04T17:34:21.070655	0.00000000e+00	1	22	-4.62532000e-05	-7.94982000e-08	5.00784000e-02	8.72599000e-08
9.21256884e+01	2026-09-04T17:34:21.103695	0.00000000e+00	1	22	-3.88861000e-05	-2.21133000e-07	1.00105000e-01	2.35124000e-07
9.21469899e+01	2026-09-04T17:34:21.123841	0.00000000e+00	1	22	-5.73158000e-05	-2.95956000e-07	1.50159000e-01	2.98040000e-07
9.21559745e+01	2026-09-04T17:34:21.133878	0.00000000e+00	1	22	-5.25475000e-05	-4.11419000e-07	2.00197000e-01	4.05391000e-07
9.21776103e+01	2026-09-04T17:34:21.153861	0.00000000e+00	1	22	-5.13792000e-05	-5.29514000e-07	2.50124000e-01	5.59486000e-07
9.21853860e+01	2026-09-04T17:34:21.153861	0.00000000e+00	1	22	-5.48840000e-05	-7.33731000e-07	3.00137000e-01	7.35055000e-07
9.21940278e+01	2026-09-04T17:34:21.168422	0.00000000e+00	1	22	-5.03063000e-05	-8.41918000e-07	3.50162000e-01	8.48791000e-07
9.22075785e+01	2026-09-04T17:34:21.183721	0.00000000e+00	1	22	-5.85794000e-05	-1.03286000e-06	4.00179000e-01	9.98922000e-07
9.22374672e+01	2026-09-04T17:34:21.213819	0.00000000e+00	1	22	-6.13689000e-05	-1.16751000e-06	4.50255000e-01	1.13102000e-06
9.22473368e+01	2026-09-04T17:34:21.223913	0.00000000e+00	1	22	-5.55277000e-05	-1.24139000e-06	5.00269000e-01	1.40261000e-06
9.22799919e+01	2026-09-04T17:34:21.253705	0.00000000e+00	1	22	-5.61476000e-05	-2.07852000e-06	5.50340000e-01	1.77672000e-06
9.23131996e+01	2026-09-04T17:34:21.283691	0.00000000e+00	1	22	-6.05583000e-05	-2.99342000e-06	6.00362000e-01	2.99198000e-06
9.23419496e+01	2026-09-04T17:34:21.313963	0.00000000e+00	1	22	-4.92334000e-05	-3.90293000e-06	6.50421000e-01	3.94440000e-06
9.23633958e+01	2026-09-04T17:34:21.340998	0.00000000e+00	1	22	-5.34534000e-05	-4.41048000e-06	7.00456000e-01	4.46852000e-06
9.23954428e+01	2026-09-04T17:34:21.373872	0.00000000e+00	1	22	-5.08547000e-05	-4.61246000e-06	7.50485000e-01	4.60348000e-06
9.24035227e+01	2026-09-04T17:34:21.373872	0.00000000e+00	1	22	-5.77688000e-05	-5.19126000e-06	8.00514000e-01	5.14399000e-06
9.24272335e+01	2026-09-04T17:34:21.405632	0.00000000e+00	1	22	-5.31912000e-05	-5.02899000e-06	8.50596000e-01	4.95818000e-06
9.24598450e+01	2026-09-04T17:34:21.437809	0.00000000e+00	1	22	-4.63486000e-05	-5.31989000e-06	9.00587000e-01	5.30934000e-06
9.24686524e+01	2026-09-04T17:34:21.444091	0.00000000e+00	1	22	-5.16653000e-05	-6.29252000e-06	9.50646000e-01	7.38720000e-06
9.24909927e+01	2026-09-04T17:34:21.468934	0.00000000e+00	1	22	-4.32014000e-05	-8.78401000e-06	1.00073000e+00	8.22906000e-06
9.25187998e+01	2026-09-04T17:34:21.494038	0.00000000e+00	1	22	-3.34978000e-05	-8.96028000e-06	1.05074000e+00	9.12113000e-06
9.25280371e+01	2026-09-04T17:34:21.503756	0.00000000e+00	1	22	-2.23398000e-05	-9.86383000e-06	1.10072000e+00	1.00071000e-05
9.25544397e+01	2026-09-04T17:34:21.531924	0.00000000e+00	1	22	-5.82218000e-05	-1.09555000e-05	1.15080000e+00	1.11027000e-05
9.25878457e+01	2026-09-04T17:34:21.564325	0.00000000e+00	1	22	-5.13792000e-05	-1.38822000e-05	1.20065000e+00	5.18468000e-05
9.26026973e+01	2026-09-04T17:34:21.580210	0.00000000e+00	1	22	--	--	1.25089000e+00	5.30156000e-04
9.26264021e+01	2026-09-04T17:34:21.603874	0.00000000e+00	1	22	--	--	1.30090000e+00	5.30143000e-04
9.26535108e+01	2026-09-04T17:34:21.628802	0.00000000e+00	1	22	--	--	1.35094000e+00	5.30146000e-04
9.26820046e+01	2026-09-04T17:34:21.659778	0.00000000e+00	1	22	--	--	1.40097000e+00	5.30147000e-04
9.26902378e+01	2026-09-04T17:34:21.663865	0.00000000e+00	1	22	--	--	1.45103000e+00	5.30142000e-04
9.27214952e+01	2026-09-04T17:34:21.693968	0.00000000e+00	1	22	--	--	1.50104000e+00	5.30147000e-04
9.27512247e+01	2026-09-04T17:34:21.724105	0.00000000e+00	1	22	--	--	1.55110000e+00	5.30142000e-04
9.27774210e+01	2026-09-04T17:34:21.754751	0.00000000e+00	1	22	--	--	1.60110000e+00	5.30144000e-04
9.27855503e+01	2026-09-04T17:34:21.763839	0.00000000e+00	1	22	--	--	1.65114000e+00	5.30147000e-04
9.28098946e+01	2026-09-04T17:34:21.786576	0.00000000e+00	1	22	--	--	1.70116000e+00	5.30140000e-04
9.28448129e+01	2026-09-04T17:34:21.818597	0.00000000e+00	1	22	--	--	1.75120000e+00	5.30139000e-04
9.28528256e+01	2026-09-04T17:34:21.824103	0.00000000e+00	1	22	--	--	1.80123000e+00	5.30145000e-04
9.28868643e+01	2026-09-04T17:34:21.864047	0.00000000e+00	1	22	--	--	1.85129000e+00	5.30146000e-04
9.29182442e+01	2026-09-04T17:34:21.894038	0.00000000e+00	1	22	--	--	1.90131000e+00	5.30144000e-04
9.29260248e+01	2026-09-04T17:34:21.904082	0.00000000e+00	1	22	--	--	1.95135000e+00	5.30146000e-04
9.29335528e+01	2026-09-04T17:34:21.904082	0.00000000e+00	1	22	--	--	2.00137000e+00	5.30144000e-04
9.29467659e+01	2026-09-04T17:34:21.924071	0.00000000e+00	1	22	--	--	2.00137000e+00	5.30146000e-04
9.29693333e+01	2026-09-04T17:34:21.945868	0.00000000e+00	1	22	--	--	1.95134000e+00	5.30140000e-04
9.30003224e+01	2026-09-04T17:34:21.978323	0.00000000e+00	1	22	--	--	1.90130000e+00	5.30144000e-04
9.30337758e+01	2026-09-04T17:34:22.010121	0.00000000e+00	1	22	--	--	1.85128000e+00	5.30149000e-04
9.30472494e+01	2026-09-04T17:34:22.023872	0.00000000e+00	1	22	--	--	1.80124000e+00	5.30146000e-04
9.30779111e+01	2026-09-04T17:34:22.054150	0.00000000e+00	1	22	--	--	1.75122000e+00	5.30143000e-04
9.31113232e+01	2026-09-04T17:34:22.089774	0.00000000e+00	1	22	--	--	1.70116000e+00	5.30140000e-04
9.31327477e+01	2026-09-04T17:34:22.105608	0.00000000e+00	1	22	--	--	1.65114000e+00	5.30146000e-04
9.31403460e+01	2026-09-04T17:34:22.113677	0.00000000e+00	1	22	--	--	1.60111000e+00	5.30144000e-04
9.31546610e+01	2026-09-04T17:34:22.124105	0.00000000e+00	1	22	--	--	1.55106000e+00	5.30144000e-04
9.31799469e+01	2026-09-04T17:34:22.153836	0.00000000e+00	1	22	--	--	1.50101000e+00	5.30145000e-04
9.32081836e+01	2026-09-04T17:34:22.186113	0.00000000e+00	1	22	--	--	1.45101000e+00	5.30146000e-04
9.32163385e+01	2026-09-04T17:34:22.194117	0.00000000e+00	1	22	--	--	1.40096000e+00	5.30138000e-04
9.32403322e+01	2026-09-04T17:34:22.217299	0.00000000e+00	1	22	--	--	1.35095000e+00	5.30148000e-04
9.32720173e+01	2026-09-04T17:34:22.249366	0.00000000e+00	1	22	--	--	1.30087000e+00	5.30143000e-04
9.32804201e+01	2026-09-04T17:34:22.253822	0.00000000e+00	1	22	--	--	1.25088000e+00	5.30143000e-04
9.33033507e+01	2026-09-04T17:34:22.280834	0.00000000e+00	1	22	--	--	1.20083000e+00	5.30147000e-04
9.33182056e+01	2026-09-04T17:34:22.293761	0.00000000e+00	1	22	--	--	1.15080000e+00	5.30144000e-04
9.33673649e+01	2026-09-04T17:34:22.345788	0.00000000e+00	1	22	--	--	1.10075000e+00	5.30148000e-04
9.33760445e+01	2026-09-04T17:34:22.353710	0.00000000e+00	1	22	--	--	1.05075000e+00	5.30146000e-04
9.33996704e+01	2026-09-04T17:34:22.376334	0.00000000e+00	1	22	--	--	1.00070000e+00	5.30148000e-04
9.34176586e+01	2026-09-04T17:34:22.393900	0.00000000e+00	1	22	--	--	9.50677000e-01	5.30148000e-04
9.34464765e+01	2026-09-04T17:34:22.423870	0.00000000e+00	1	22	--	--	9.00616000e-01	5.30146000e-04
9.34548130e+01	2026-09-04T17:34:22.423870	0.00000000e+00	1	22	1.94714000e-01	-5.30228000e-04	8.50583000e-01	5.30151000e-04
9.34789673e+01	2026-09-04T17:34:22.455606	0.00000000e+00	1	22	1.45187000e-01	-5.30233000e-04	8.00512000e-01	5.30147000e-04
9.35102911e+01	2026-09-04T17:34:22.487651	0.00000000e+00	1	22	9.47562000e-02	-5.30228000e-04	7.50490000e-01	5.30150000e-04
9.35188708e+01	2026-09-04T17:34:22.493706	0.00000000e+00	1	22	4.61533000e-02	-5.30226000e-04	7.00444000e-01	5.30155000e-04
9.35424243e+01	2026-09-04T17:34:22.520093	0.00000000e+00	1	22	-8.74519000e-05	-5.25101000e-04	6.50436000e-01	5.25446000e-04
9.35747073e+01	2026-09-04T17:34:22.551472	0.00000000e+00	1	22	-8.91447000e-05	-4.63970000e-04	6.00355000e-01	4.63633000e-04
9.35849634e+01	2026-09-04T17:34:22.553981	0.00000000e+00	1	22	-8.64506000e-05	-4.00295000e-04	5.50319000e-01	4.00010000e-04
9.36184142e+01	2026-09-04T17:34:22.593943	0.00000000e+00	1	22	-7.80106000e-05	-3.36723000e-04	5.00289000e-01	3.36278000e-04
9.36534296e+01	2026-09-04T17:34:22.631417	0.00000000e+00	1	22	-7.85351000e-05	-2.72953000e-04	4.50274000e-01	2.72870000e-04
9.36617403e+01	2026-09-04T17:34:22.633939	0.00000000e+00	1	22	-7.11679000e-05	-2.12056000e-04	4.00200000e-01	2.12205000e-04
9.36850612e+01	2026-09-04T17:34:22.662467	0.00000000e+00	1	22	-6.88314000e-05	-1.56556000e-04	3.50186000e-01	1.56558000e-04
9.37173916e+01	2026-09-04T17:34:22.694134	0.00000000e+00	1	22	-6.19888000e-05	-1.09859000e-04	3.00124000e-01	1.09864000e-04
9.37378434e+01	2026-09-04T17:34:22.713906	0.00000000e+00	1	22	-6.46830000e-05	-7.48135000e-05	2.50115000e-01	7.47735000e-05
9.37579536e+01	2026-09-04T17:34:22.733986	0.00000000e+00	1	22	-5.91993000e-05	-5.01018000e-05	2.00194000e-01	5.00377000e-05
9.37798344e+01	2026-09-04T17:34:22.757136	0.00000000e+00	1	22	-6.11067000e-05	-3.27310000e-05	1.50163000e-01	3.27279000e-05
9.37949241e+01	2026-09-04T17:34:22.772991	0.00000000e+00	1	22	-5.64098000e-05	-1.98784000e-05	1.00125000e-01	1.98607000e-05
9.38027281e+01	2026-09-04T17:34:22.774000	0.00000000e+00	1	22	-5.40733000e-05	-9.41671000e-06	5.00725000e-02	9.39830000e-06
9.38265511e+01	2026-09-04T17:34:22.804867	0.00000000e+00	1	22	-5.45263000e-05	-2.88841000e-08	4.23670000e-05	2.88328000e-08
9.60481241e+01	2026-09-04T17:34:25.025719	0.00000000e+00	1	23	-6.29902000e-05	-1.50299000e-10	3.46184000e-05	2.56777000e-11
9.60565548e+01	2026-09-04T17:34:25.034076	0.00000000e+00	1	23	-6.34193000e-06	-3.39418000e-08	5.00355000e-02	5.61203000e-08
9.60705171e+01	2026-09-04T17:34:25.044099	0.00000000e+00	1	23	-3.34978000e-05	-2.65171000e-07	1.00100000e-01	2.20863000e-07
9.60894929e+01	2026-09-04T17:34:25.063723	0.00000000e+00	1	23	-6.03676000e-05	-3.05854000e-07	1.50150000e-01	3.35547000e-07
9.61051993e+01	2026-09-04T17:34:25.075403	0.00000000e+00	1	23	-5.91993000e-05	-4.51776000e-07	2.00182000e-01	4.43454000e-07
9.61222670e+01	2026-09-04T17:34:25.093852	0.00000000e+00	1	23	-5.99384000e-05	-6.03403000e-07	2.50104000e-01	6.13185000e-07
9.61432709e+01	2026-09-04T17:34:25.120910	0.00000000e+00	1	23	-5.83172000e-05	-7.80726000e-07	3.00103000e-01	7.73661000e-07
9.61510598e+01	2026-09-04T17:34:25.124059	0.00000000e+00	1	23	-5.48124000e-05	-9.68558000e-07	3.50142000e-01	9.62478000e-07
9.61629560e+01	2026-09-04T17:34:25.136894	0.00000000e+00	1	23	-6.33478000e-05	-1.14697000e-06	4.00203000e-01	1.12843000e-06
9.62063695e+01	2026-09-04T17:34:25.184493	0.00000000e+00	1	23	-5.80311000e-05	-1.35402000e-06	4.50267000e-01	1.34148000e-06
9.62141245e+01	2026-09-04T17:34:25.185004	0.00000000e+00	1	23	-5.69582000e-05	-1.61541000e-06	5.00262000e-01	1.64545000e-06
9.62223236e+01	2026-09-04T17:34:25.199953	0.00000000e+00	1	23	-5.92947000e-05	-1.83780000e-06	5.50313000e-01	1.94319000e-06
9.62460297e+01	2026-09-04T17:34:25.223833	0.00000000e+00	1	23	-5.48124000e-05	-2.17289000e-06	6.00345000e-01	2.15480000e-06
9.62632879e+01	2026-09-04T17:34:25.233922	0.00000000e+00	1	23	-5.66959000e-05	-2.46799000e-06	6.50429000e-01	2.39935000e-06
9.62861041e+01	2026-09-04T17:34:25.263903	0.00000000e+00	1	23	-5.09262000e-05	-3.84799000e-06	7.00443000e-01	3.85606000e-06
9.62942918e+01	2026-09-04T17:34:25.263903	0.00000000e+00	1	23	-6.40631000e-05	-4.27956000e-06	7.50489000e-01	4.21329000e-06
9.63200604e+01	2026-09-04T17:34:25.296432	0.00000000e+00	1	23	-5.74112000e-05	-5.04363000e-06	8.00514000e-01	5.11492000e-06
9.63328212e+01	2026-09-04T17:34:25.308438	0.00000000e+00	1	23	-5.40733000e-05	-5.78684000e-06	8.50559000e-01	6.25595000e-06
9.63549999e+01	2026-09-04T17:34:25.327440	0.00000000e+00	1	23	-5.54323000e-05	-7.06219000e-06	9.00583000e-01	7.06087000e-06
9.63626601e+01	2026-09-04T17:34:25.334103	0.00000000e+00	1	23	-4.34637000e-05	-8.00807000e-06	9.50623000e-01	8.02502000e-06
9.63813242e+01	2026-09-04T17:34:25.359164	0.00000000e+00	1	23	-6.72102000e-05	-8.17789000e-06	1.00068000e+00	5.30147000e-04
9.64174265e+01	2026-09-04T17:34:25.394152	0.00000000e+00	1	23	--	--	1.05074000e+00	5.30132000e-04
9.64319950e+01	2026-09-04T17:34:25.408613	0.00000000e+00	1	23	--	--	1.10074000e+00	5.30136000e-04
9.64402908e+01	2026-09-04T17:34:25.417424	0.00000000e+00	1	23	--	--	1.15082000e+00	5.30141000e-04
9.64487187e+01	2026-09-04T17:34:25.423936	0.00000000e+00	1	23	--	--	1.20082000e+00	5.30136000e-04
9.64567198e+01	2026-09-04T17:34:25.433774	0.00000000e+00	1	23	--	--	1.25089000e+00	5.30140000e-04
9.64687119e+01	2026-09-04T17:34:25.443942	0.00000000e+00	1	23	--	--	1.30090000e+00	5.30134000e-04
9.64947257e+01	2026-09-04T17:34:25.470954	0.00000000e+00	1	23	--	--	1.35096000e+00	5.30140000e-04
9.65246857e+01	2026-09-04T17:34:25.502423	0.00000000e+00	1	23	--	--	1.40096000e+00	5.30136000e-04
9.65365985e+01	2026-09-04T17:34:25.513977	0.00000000e+00	1	23	--	--	1.45102000e+00	5.30136000e-04
9.65541036e+01	2026-09-04T17:34:25.528645	0.00000000e+00	1	23	--	--	1.50101000e+00	5.30141000e-04
9.65823619e+01	2026-09-04T17:34:25.553842	0.00000000e+00	1	23	--	--	1.55106000e+00	5.30137000e-04
9.66038476e+01	2026-09-04T17:34:25.581436	0.00000000e+00	1	23	--	--	1.60110000e+00	5.30141000e-04
9.66123923e+01	2026-09-04T17:34:25.583943	0.00000000e+00	1	23	--	--	1.65112000e+00	5.30144000e-04
9.66358874e+01	2026-09-04T17:34:25.614104	0.00000000e+00	1	23	--	--	1.70116000e+00	5.30139000e-04
9.66553961e+01	2026-09-04T17:34:25.633678	0.00000000e+00	1	23	--	--	1.75122000e+00	5.30135000e-04
9.66823841e+01	2026-09-04T17:34:25.659855	0.00000000e+00	1	23	--	--	1.80123000e+00	5.30142000e-04
9.66952437e+01	2026-09-04T17:34:25.663741	0.00000000e+00	1	23	--	--	1.85126000e+00	5.30134000e-04
9.67273817e+01	2026-09-04T17:34:25.704100	0.00000000e+00	1	23	--	--	1.90129000e+00	5.30141000e-04
9.67385322e+01	2026-09-04T17:34:25.713813	0.00000000e+00	1	23	--	--	1.95134000e+00	5.30140000e-04
9.67622306e+01	2026-09-04T17:34:25.740518	0.00000000e+00	1	23	--	--	2.00137000e+00	5.30142000e-04
9.67687996e+01	2026-09-04T17:34:25.743926	0.00000000e+00	1	23	--	--	2.00137000e+00	5.30140000e-04
9.67940748e+01	2026-09-04T17:34:25.771832	0.00000000e+00	1	23	--	--	1.95132000e+00	5.30137000e-04
9.68076610e+01	2026-09-04T17:34:25.783758	0.00000000e+00	1	23	--	--	1.90132000e+00	5.30136000e-04
9.68297451e+01	2026-09-04T17:34:25.803714	0.00000000e+00	1	23	--	--	1.85127000e+00	5.30139000e-04
9.68377512e+01	2026-09-04T17:34:25.813916	0.00000000e+00	1	23	--	--	1.80121000e+00	5.30138000e-04
9.68482372e+01	2026-09-04T17:34:25.823696	0.00000000e+00	1	23	--	--	1.75122000e+00	5.30141000e-04
9.68757711e+01	2026-09-04T17:34:25.854185	0.00000000e+00	1	23	--	--	1.70115000e+00	5.30136000e-04
9.68866134e+01	2026-09-04T17:34:25.863894	0.00000000e+00	1	23	--	--	1.65115000e+00	5.30139000e-04
9.69063393e+01	2026-09-04T17:34:25.883714	0.00000000e+00	1	23	--	--	1.60109000e+00	5.30142000e-04
9.69141410e+01	2026-09-04T17:34:25.883714	0.00000000e+00	1	23	--	--	1.55106000e+00	5.30141000e-04
9.69436769e+01	2026-09-04T17:34:25.915494	0.00000000e+00	1	23	--	--	1.50102000e+00	5.30140000e-04
9.69701445e+01	2026-09-04T17:34:25.947500	0.00000000e+00	1	23	--	--	1.45100000e+00	5.30135000e-04
9.69783234e+01	2026-09-04T17:34:25.953679	0.00000000e+00	1	23	--	--	1.40096000e+00	5.30141000e-04
9.70014806e+01	2026-09-04T17:34:25.978909	0.00000000e+00	1	23	--	--	1.35096000e+00	5.30137000e-04
9.70372775e+01	2026-09-04T17:34:26.013963	0.00000000e+00	1	23	--	--	1.30089000e+00	5.30133000e-04
9.70651189e+01	2026-09-04T17:34:26.042527	0.00000000e+00	1	23	--	--	1.25088000e+00	5.30140000e-04
9.70733652e+01	2026-09-04T17:34:26.044035	0.00000000e+00	1	23	--	--	1.20083000e+00	5.30145000e-04
9.70979109e+01	2026-09-04T17:34:26.074676	0.00000000e+00	1	23	--	--	1.15081000e+00	5.30132000e-04
9.71222600e+01	2026-09-04T17:34:26.094028	0.00000000e+00	1	23	--	--	1.10075000e+00	5.30132000e-04
9.71326400e+01	2026-09-04T17:34:26.108992	0.00000000e+00	1	23	--	--	1.05074000e+00	5.30136000e-04
9.71407686e+01	2026-09-04T17:34:26.116046	0.00000000e+00	1	23	--	--	1.00068000e+00	5.30142000e-04
9.71488394e+01	2026-09-04T17:34:26.124094	0.00000000e+00	1	23	--	--	9.50648000e-01	5.30135000e-04
9.71613258e+01	2026-09-04T17:34:26.137356	0.00000000e+00	1	23	--	--	9.00598000e-01	5.30140000e-04
9.72083718e+01	2026-09-04T17:34:26.186156	0.00000000e+00	1	23	--	--	8.50583000e-01	5.30140000e-04
9.72223666e+01	2026-09-04T17:34:26.195913	0.00000000e+00	1	23	--	--	8.00510000e-01	5.30142000e-04
9.72607611e+01	2026-09-04T17:34:26.233810	0.00000000e+00	1	23	--	--	7.50496000e-01	5.30134000e-04
9.72695971e+01	2026-09-04T17:34:26.243696	0.00000000e+00	1	23	--	--	7.00429000e-01	5.30138000e-04
9.73098826e+01	2026-09-04T17:34:26.283909	0.00000000e+00	1	23	--	--	6.50407000e-01	5.30136000e-04
9.73347468e+01	2026-09-04T17:34:26.312094	0.00000000e+00	1	23	--	--	6.00340000e-01	5.30137000e-04
9.73426442e+01	2026-09-04T17:34:26.313735	0.00000000e+00	1	23	--	--	5.50330000e-01	5.30141000e-04
9.73666049e+01	2026-09-04T17:34:26.344005	0.00000000e+00	1	23	--	--	5.00280000e-01	5.30141000e-04
9.73892130e+01	2026-09-04T17:34:26.364001	0.00000000e+00	1	23	--	--	4.50256000e-01	5.30142000e-04
9.74139243e+01	2026-09-04T17:34:26.391453	0.00000000e+00	1	23	1.88687000e-01	-5.30219000e-04	4.00195000e-01	5.30141000e-04
9.74229918e+01	2026-09-04T17:34:26.394107	0.00000000e+00	1	23	1.38677000e-01	-5.30222000e-04	3.50151000e-01	5.30142000e-04
9.74523676e+01	2026-09-04T17:34:26.424004	0.00000000e+00	1	23	8.86128000e-02	-5.30226000e-04	3.00131000e-01	5.30141000e-04
9.74683429e+01	2026-09-04T17:34:26.444001	0.00000000e+00	1	23	3.85914000e-02	-5.30223000e-04	2.50112000e-01	5.30143000e-04
9.74771348e+01	2026-09-04T17:34:26.454085	0.00000000e+00	1	23	-8.95023000e-05	-5.01635000e-04	2.00184000e-01	5.01534000e-04
9.74998243e+01	2026-09-04T17:34:26.474030	0.00000000e+00	1	23	-7.46727000e-05	-3.76015000e-04	1.50150000e-01	3.75997000e-04
9.75074984e+01	2026-09-04T17:34:26.484036	0.00000000e+00	1	23	-6.91891000e-05	-2.50778000e-04	1.00116000e-01	2.50763000e-04
9.75396818e+01	2026-09-04T17:34:26.514020	0.00000000e+00	1	23	-5.87702000e-05	-1.25543000e-04	5.00728000e-02	1.25574000e-04
9.75518722e+01	2026-09-04T17:34:26.524013	0.00000000e+00	1	23	-4.64439000e-05	-3.67137000e-07	2.51770000e-05	2.46686000e-07
9.96151520e+01	2026-09-04T17:34:28.586269	0.00000000e+00	1	24	-4.96864000e-05	-1.98793000e-10	2.71559000e-05	1.25158000e-10
9.96228152e+01	2026-09-04T17:34:28.594059	0.00000000e+00	1	24	-1.06573000e-05	-1.83180000e-08	5.00620000e-02	5.97456000e-08
9.96719634e+01	2026-09-04T17:34:28.649451	0.00000000e+00	1	24	-4.38213000e-05	-1.26098000e-07	1.00093000e-01	1.50277000e-07
9.96876652e+01	2026-09-04T17:34:28.665662	0.00000000e+00	1	24	-5.12838000e-05	-2.03992000e-07	1.50150000e-01	2.12436000e-07
9.97093517e+01	2026-09-04T17:34:28.683829	0.00000000e+00	1	24	-5.86748000e-05	-3.05552000e-07	2.00184000e-01	3.07103000e-07
9.97239332e+01	2026-09-04T17:34:28.697481	0.00000000e+00	1	24	-5.70536000e-05	-4.32793000e-07	2.50090000e-01	5.29996000e-07
9.97492658e+01	2026-09-04T17:34:28.724058	0.00000000e+00	1	24	-5.43594000e-05	-5.63722000e-07	3.00113000e-01	5.81156000e-07
9.97718655e+01	2026-09-04T17:34:28.745411	0.00000000e+00	1	24	-5.47171000e-05	-7.38468000e-07	3.50139000e-01	7.51868000e-07
9.97802926e+01	2026-09-04T17:34:28.755714	0.00000000e+00	1	24	-5.65052000e-05	-8.91793000e-07	4.00187000e-01	8.35593000e-07
9.97946804e+01	2026-09-04T17:34:28.763655	0.00000000e+00	1	24	-5.37157000e-05	-1.35283000e-06	4.50254000e-01	1.27056000e-06
9.98192274e+01	2026-09-04T17:34:28.793840	0.00000000e+00	1	24	-5.45263000e-05	-1.90439000e-06	5.00243000e-01	1.99813000e-06
9.98473149e+01	2026-09-04T17:34:28.825160	0.00000000e+00	1	24	-5.11169000e-05	-2.30551000e-06	5.50328000e-01	2.35488000e-06
9.98552549e+01	2026-09-04T17:34:28.825160	0.00000000e+00	1	24	-4.25816000e-05	-2.42187000e-06	6.00336000e-01	2.45355000e-06
9.98635848e+01	2026-09-04T17:34:28.840910	0.00000000e+00	1	24	-5.18322000e-05	-3.08680000e-06	6.50435000e-01	3.77025000e-06
9.98932982e+01	2026-09-04T17:34:28.867400	0.00000000e+00	1	24	-6.15358000e-05	-4.13352000e-06	7.00422000e-01	4.09454000e-06
9.99082505e+01	2026-09-04T17:34:28.884203	0.00000000e+00	1	24	-5.30958000e-05	-4.33703000e-06	7.50449000e-01	4.12480000e-06
9.99161571e+01	2026-09-04T17:34:28.894137	0.00000000e+00	1	24	-4.77076000e-05	-6.55564000e-06	8.00112000e-01	6.56264000e-06
9.99238692e+01	2026-09-04T17:34:28.894137	0.00000000e+00	1	24	-6.88314000e-05	-1.75920000e-04	8.50581000e-01	1.58843000e-04
9.99419803e+01	2026-09-04T17:34:28.913736	0.00000000e+00	1	24	-6.46114000e-05	-1.77799000e-04	9.00576000e-01	1.10715000e-04
9.99780246e+01	2026-09-04T17:34:28.953755	0.00000000e+00	1	24	-5.89371000e-05	-1.15798000e-04	9.50664000e-01	1.07180000e-04
9.99897962e+01	2026-09-04T17:34:28.968103	0.00000000e+00	1	24	-6.38723000e-05	-1.05904000e-04	1.00068000e+00	9.15853000e-05
1.00014528e+02	2026-09-04T17:34:28.984069	0.00000000e+00	1	24	-5.87702000e-05	-1.02577000e-04	1.05072000e+00	9.92668000e-05
1.00053437e+02	2026-09-04T17:34:29.023886	0.00000000e+00	1	24	-5.98431000e-05	-8.41124000e-05	1.10073000e+00	8.04295000e-05
1.00075727e+02	2026-09-04T17:34:29.054068	0.00000000e+00	1	24	-5.91278000e-05	-9.59996000e-05	1.15080000e+00	9.33438000e-05
1.00084074e+02	2026-09-04T17:34:29.054068	0.00000000e+00	1	24	-6.67572000e-05	-9.95423000e-05	1.20083000e+00	9.54330000e-05
1.00117220e+02	2026-09-04T17:34:29.094022	0.00000000e+00	1	24	-5.75781000e-05	-8.60646000e-05	1.25088000e+00	7.84411000e-05
1.00140007e+02	2026-09-04T17:34:29.114178	0.00000000e+00	1	24	-5.96523000e-05	-8.85368000e-05	1.30088000e+00	8.67567000e-05
1.00147711e+02	2026-09-04T17:34:29.124107	0.00000000e+00	1	24	--	--	1.35095000e+00	5.30148000e-04
1.00194875e+02	2026-09-04T17:34:29.163973	0.00000000e+00	1	24	--	--	1.40095000e+00	5.30140000e-04
1.00218638e+02	2026-09-04T17:34:29.193971	0.00000000e+00	1	24	--	--	1.45102000e+00	5.30144000e-04
1.00226583e+02	2026-09-04T17:34:29.203771	0.00000000e+00	1	24	--	--	1.50102000e+00	5.30138000e-04
1.00245907e+02	2026-09-04T17:34:29.223741	0.00000000e+00	1	24	--	--	1.55108000e+00	5.30141000e-04
1.00269479e+02	2026-09-04T17:34:29.244131	0.00000000e+00	1	24	--	--	1.60109000e+00	5.30143000e-04
1.00293990e+02	2026-09-04T17:34:29.271384	0.00000000e+00	1	24	--	--	1.65113000e+00	5.30147000e-04
1.00311562e+02	2026-09-04T17:34:29.287183	0.00000000e+00	1	24	--	--	1.70115000e+00	5.30143000e-04
1.00343520e+02	2026-09-04T17:34:29.318890	0.00000000e+00	1	24	--	--	1.75120000e+00	5.30141000e-04
1.00362656e+02	2026-09-04T17:34:29.334782	0.00000000e+00	1	24	--	--	1.80122000e+00	5.30141000e-04
1.00370778e+02	2026-09-04T17:34:29.343917	0.00000000e+00	1	24	--	--	1.85127000e+00	5.30146000e-04
1.00400665e+02	2026-09-04T17:34:29.373975	0.00000000e+00	1	24	--	--	1.90130000e+00	5.30144000e-04
1.00424634e+02	2026-09-04T17:34:29.398584	0.00000000e+00	1	24	--	--	1.95133000e+00	5.30143000e-04
1.00432795e+02	2026-09-04T17:34:29.411046	0.00000000e+00	1	24	--	--	2.00136000e+00	5.30145000e-04
1.00449832e+02	2026-09-04T17:34:29.424472	0.00000000e+00	1	24	--	--	2.00135000e+00	5.30140000e-04
1.00480633e+02	2026-09-04T17:34:29.454082	0.00000000e+00	1	24	--	--	1.95134000e+00	5.30148000e-04
1.00488504e+02	2026-09-04T17:34:29.463773	0.00000000e+00	1	24	--	--	1.90129000e+00	5.30137000e-04
1.00496521e+02	2026-09-04T17:34:29.473982	0.00000000e+00	1	24	--	--	1.85128000e+00	5.30146000e-04
1.00512797e+02	2026-09-04T17:34:29.483691	0.00000000e+00	1	24	--	--	1.80122000e+00	5.30144000e-04
1.00531655e+02	2026-09-04T17:34:29.509701	0.00000000e+00	1	24	--	--	1.75120000e+00	5.30137000e-04
1.00553783e+02	2026-09-04T17:34:29.525840	0.00000000e+00	1	24	--	--	1.70117000e+00	5.30142000e-04
1.00562045e+02	2026-09-04T17:34:29.536259	0.00000000e+00	1	24	--	--	1.65113000e+00	5.30137000e-04
1.00595392e+02	2026-09-04T17:34:29.563931	0.00000000e+00	1	24	--	--	1.60110000e+00	5.30144000e-04
1.00626247e+02	2026-09-04T17:34:29.603947	0.00000000e+00	1	24	--	--	1.55108000e+00	5.30140000e-04
1.00648086e+02	2026-09-04T17:34:29.623865	0.00000000e+00	1	24	--	--	1.50102000e+00	5.30136000e-04
1.00655767e+02	2026-09-04T17:34:29.634106	0.00000000e+00	1	24	--	--	1.45103000e+00	5.30144000e-04
1.00673121e+02	2026-09-04T17:34:29.648743	0.00000000e+00	1	24	--	--	1.40096000e+00	5.30137000e-04
1.00706205e+02	2026-09-04T17:34:29.684156	0.00000000e+00	1	24	--	--	1.35095000e+00	5.30139000e-04
1.00758520e+02	2026-09-04T17:34:29.733772	0.00000000e+00	1	24	--	--	1.30089000e+00	5.30138000e-04
1.00786115e+02	2026-09-04T17:34:29.763899	0.00000000e+00	1	24	--	--	1.25087000e+00	5.30137000e-04
1.00794303e+02	2026-09-04T17:34:29.763899	0.00000000e+00	1	24	--	--	1.20083000e+00	5.30143000e-04
1.00818244e+02	2026-09-04T17:34:29.795592	0.00000000e+00	1	24	--	--	1.15080000e+00	5.30137000e-04
1.00830995e+02	2026-09-04T17:34:29.803857	0.00000000e+00	1	24	--	--	1.10072000e+00	5.30133000e-04
1.00854246e+02	2026-09-04T17:34:29.827687	0.00000000e+00	1	24	--	--	1.05073000e+00	5.30139000e-04
1.00862402e+02	2026-09-04T17:34:29.833773	0.00000000e+00	1	24	--	--	1.00069000e+00	5.30137000e-04
1.00870164e+02	2026-09-04T17:34:29.843940	0.00000000e+00	1	24	--	--	9.50655000e-01	5.30142000e-04
1.00888376e+02	2026-09-04T17:34:29.864129	0.00000000e+00	1	24	--	--	9.00595000e-01	5.30135000e-04
1.00912709e+02	2026-09-04T17:34:29.890315	0.00000000e+00	1	24	--	--	8.50595000e-01	5.30138000e-04
1.00924479e+02	2026-09-04T17:34:29.893897	0.00000000e+00	1	24	--	--	8.00519000e-01	5.30135000e-04
1.00944669e+02	2026-09-04T17:34:29.922034	0.00000000e+00	1	24	--	--	7.50485000e-01	5.30136000e-04
1.00977037e+02	2026-09-04T17:34:29.954061	0.00000000e+00	1	24	--	--	7.00424000e-01	5.30145000e-04
1.00994344e+02	2026-09-04T17:34:29.971194	0.00000000e+00	1	24	--	--	6.50410000e-01	5.30140000e-04
1.01002653e+02	2026-09-04T17:34:29.980820	0.00000000e+00	1	24	--	--	6.00358000e-01	5.30137000e-04
1.01032180e+02	2026-09-04T17:34:30.004043	0.00000000e+00	1	24	--	--	5.50323000e-01	5.30141000e-04
1.01056950e+02	2026-09-04T17:34:30.034690	0.00000000e+00	1	24	--	--	5.00275000e-01	5.30145000e-04
1.01071152e+02	2026-09-04T17:34:30.044143	0.00000000e+00	1	24	--	--	4.50264000e-01	5.30142000e-04
1.01093410e+02	2026-09-04T17:34:30.065839	0.00000000e+00	1	24	1.76490000e-01	-5.30219000e-04	4.00204000e-01	5.30143000e-04
1.01103980e+02	2026-09-04T17:34:30.081627	0.00000000e+00	1	24	1.26445000e-01	-5.30219000e-04	3.50164000e-01	5.30143000e-04
1.01152087e+02	2026-09-04T17:34:30.129920	0.00000000e+00	1	24	7.63720000e-02	-5.30219000e-04	3.00133000e-01	5.30144000e-04
1.01160004e+02	2026-09-04T17:34:30.133827	0.00000000e+00	1	24	2.63467000e-02	-5.30219000e-04	2.50108000e-01	5.30144000e-04
1.01184205e+02	2026-09-04T17:34:30.161617	0.00000000e+00	1	24	-7.95364000e-05	-4.74348000e-04	2.00189000e-01	4.74322000e-04
1.01218125e+02	2026-09-04T17:34:30.196050	0.00000000e+00	1	24	-7.03573000e-05	-3.56029000e-04	1.50153000e-01	3.56003000e-04
1.01234768e+02	2026-09-04T17:34:30.211955	0.00000000e+00	1	24	-6.16312000e-05	-2.37578000e-04	1.00114000e-01	2.37589000e-04
1.01242507e+02	2026-09-04T17:34:30.214099	0.00000000e+00	1	24	-5.30005000e-05	-1.19012000e-04	5.00792000e-02	1.19074000e-04
1.01263010e+02	2026-09-04T17:34:30.240876	0.00000000e+00	1	24	-4.14848000e-05	-3.57980000e-07	3.31879000e-05	2.41145000e-07
1.03506382e+02	2026-09-04T17:34:32.483987	0.00000000e+00	1	25	-5.21898000e-05	-1.27447000e-10	3.26395000e-05	-3.55244000e-12
1.03514230e+02	2026-09-04T17:34:32.483987	0.00000000e+00	1	25	1.03951000e-05	-2.59053000e-08	5.00263000e-02	4.91085000e-08
1.03533403e+02	2026-09-04T17:34:32.511191	0.00000000e+00	1	25	-2.60353000e-05	-2.13491000e-07	1.00098000e-01	2.34175000e-07
1.03566763e+02	2026-09-04T17:34:32.543781	0.00000000e+00	1	25	-4.92334000e-05	-3.16122000e-07	1.50153000e-01	3.09168000e-07
1.03577749e+02	2026-09-04T17:34:32.553766	0.00000000e+00	1	25	-5.22852000e-05	-4.79543000e-07	2.00186000e-01	4.77717000e-07
1.03602103e+02	2026-09-04T17:34:32.575731	0.00000000e+00	1	25	-4.32968000e-05	-6.67910000e-07	2.50094000e-01	6.73062000e-07
1.03619725e+02	2026-09-04T17:34:32.593861	0.00000000e+00	1	25	-5.19276000e-05	-9.36846000e-07	3.00112000e-01	9.18634000e-07
1.03628603e+02	2026-09-04T17:34:32.603783	0.00000000e+00	1	25	-5.39064000e-05	-1.09507000e-06	3.50183000e-01	1.42740000e-06
1.03666845e+02	2026-09-04T17:34:32.643743	0.00000000e+00	1	25	-4.83274000e-05	-1.72759000e-06	4.00197000e-01	1.69730000e-06
1.03693180e+02	2026-09-04T17:34:32.671093	0.00000000e+00	1	25	-4.58002000e-05	-2.18429000e-06	4.50269000e-01	2.17594000e-06
1.03700802e+02	2026-09-04T17:34:32.673946	0.00000000e+00	1	25	-4.46320000e-05	-2.52232000e-06	5.00299000e-01	2.55341000e-06
1.03708788e+02	2026-09-04T17:34:32.687065	0.00000000e+00	1	25	-4.17709000e-05	-3.03421000e-06	5.50309000e-01	2.74971000e-06
1.03758417e+02	2026-09-04T17:34:32.734802	0.00000000e+00	1	25	-4.77791000e-05	-3.11189000e-06	6.00360000e-01	3.12987000e-06
1.03788799e+02	2026-09-04T17:34:32.766336	0.00000000e+00	1	25	-3.86953000e-05	-3.51737000e-06	6.50439000e-01	3.37089000e-06
1.03796513e+02	2026-09-04T17:34:32.774095	0.00000000e+00	1	25	-2.62022000e-05	-4.80163000e-06	7.00411000e-01	5.05089000e-06
1.03804273e+02	2026-09-04T17:34:32.782303	0.00000000e+00	1	25	-4.79698000e-05	-5.73476000e-06	7.50470000e-01	5.92003000e-06
1.03851773e+02	2026-09-04T17:34:32.829617	0.00000000e+00	1	25	-5.07593000e-05	-7.04460000e-06	8.00514000e-01	6.93911000e-06
1.03860489e+02	2026-09-04T17:34:32.833933	0.00000000e+00	1	25	-4.82321000e-05	-7.49905000e-06	8.50588000e-01	6.77066000e-06
1.03883978e+02	2026-09-04T17:34:32.861437	0.00000000e+00	1	25	-4.63486000e-05	-6.37045000e-06	9.00586000e-01	6.26434000e-06
1.03913656e+02	2026-09-04T17:34:32.883912	0.00000000e+00	1	25	-4.14133000e-05	-6.93177000e-06	9.50655000e-01	6.91394000e-06
1.03932119e+02	2026-09-04T17:34:32.909182	0.00000000e+00	1	25	-5.20945000e-05	-9.57574000e-06	1.00065000e+00	1.03352000e-05
1.03954741e+02	2026-09-04T17:34:32.926054	0.00000000e+00	1	25	-7.86781000e-06	-1.15388000e-05	1.05073000e+00	1.12285000e-05
1.03980508e+02	2026-09-04T17:34:32.956948	0.00000000e+00	1	25	-5.25475000e-05	-9.90390000e-06	1.10075000e+00	9.94412000e-06
1.04000653e+02	2026-09-04T17:34:32.973824	0.00000000e+00	1	25	1.47820000e-06	-1.53435000e-05	1.15065000e+00	1.40485000e-05
1.04027455e+02	2026-09-04T17:34:33.004816	0.00000000e+00	1	25	-5.08547000e-05	-1.80887000e-05	1.20084000e+00	1.82246000e-05
1.04035217e+02	2026-09-04T17:34:33.004816	0.00000000e+00	1	25	-4.75168000e-05	-1.92533000e-05	1.25087000e+00	1.71863000e-05
1.04059559e+02	2026-09-04T17:34:33.036393	0.00000000e+00	1	25	-4.89473000e-05	-1.97660000e-05	1.30091000e+00	2.00501000e-05
1.04084174e+02	2026-09-04T17:34:33.054140	0.00000000e+00	1	25	-4.43697000e-05	-2.34662000e-05	1.35095000e+00	2.30165000e-05
1.04106462e+02	2026-09-04T17:34:33.083700	0.00000000e+00	1	25	-4.27485000e-05	-2.44063000e-05	1.40095000e+00	2.43106000e-05
1.04114360e+02	2026-09-04T17:34:33.083700	0.00000000e+00	1	25	-4.71592000e-05	-2.70001000e-05	1.45102000e+00	2.62825000e-05
1.04137203e+02	2026-09-04T17:34:33.114913	0.00000000e+00	1	25	-4.71592000e-05	-2.71544000e-05	1.50103000e+00	2.67448000e-05
1.04160337e+02	2026-09-04T17:34:33.133857	0.00000000e+00	1	25	-4.97580000e-05	-3.19158000e-05	1.55108000e+00	3.13710000e-05
1.04167963e+02	2026-09-04T17:34:33.143963	0.00000000e+00	1	25	-3.88861000e-05	-4.16591000e-05	1.60108000e+00	5.30132000e-04
1.04193120e+02	2026-09-04T17:34:33.163953	0.00000000e+00	1	25	--	--	1.65113000e+00	5.30143000e-04
1.04213476e+02	2026-09-04T17:34:33.184049	0.00000000e+00	1	25	--	--	1.70114000e+00	5.30138000e-04
1.04233771e+02	2026-09-04T17:34:33.209837	0.00000000e+00	1	25	--	--	1.75122000e+00	5.30141000e-04
1.04264548e+02	2026-09-04T17:34:33.241940	0.00000000e+00	1	25	--	--	1.80122000e+00	5.30143000e-04
1.04272999e+02	2026-09-04T17:34:33.243948	0.00000000e+00	1	25	--	--	1.85127000e+00	5.30139000e-04
1.04296491e+02	2026-09-04T17:34:33.273889	0.00000000e+00	1	25	--	--	1.90129000e+00	5.30144000e-04
1.04328761e+02	2026-09-04T17:34:33.306062	0.00000000e+00	1	25	--	--	1.95134000e+00	5.30140000e-04
1.04337533e+02	2026-09-04T17:34:33.314901	0.00000000e+00	1	25	--	--	2.00136000e+00	5.30143000e-04
1.04344600e+02	2026-09-04T17:34:33.322073	0.00000000e+00	1	25	--	--	2.00136000e+00	5.30142000e-04
1.04399717e+02	2026-09-04T17:34:33.374056	0.00000000e+00	1	25	--	--	1.95134000e+00	5.30149000e-04
1.04423904e+02	2026-09-04T17:34:33.401482	0.00000000e+00	1	25	--	--	1.90128000e+00	5.30142000e-04
1.04452727e+02	2026-09-04T17:34:33.427873	0.00000000e+00	1	25	--	--	1.85128000e+00	5.30142000e-04
1.04473242e+02	2026-09-04T17:34:33.449781	0.00000000e+00	1	25	--	--	1.80122000e+00	5.30143000e-04
1.04503876e+02	2026-09-04T17:34:33.481536	0.00000000e+00	1	25	--	--	1.75122000e+00	5.30145000e-04
1.04512236e+02	2026-09-04T17:34:33.486091	0.00000000e+00	1	25	--	--	1.70114000e+00	5.30143000e-04
1.04536237e+02	2026-09-04T17:34:33.514029	0.00000000e+00	1	25	--	--	1.65113000e+00	5.30144000e-04
1.04559979e+02	2026-09-04T17:34:33.533860	0.00000000e+00	1	25	--	--	1.60111000e+00	5.30146000e-04
1.04568758e+02	2026-09-04T17:34:33.546154	0.00000000e+00	1	25	--	--	1.55105000e+00	5.30140000e-04
1.04577339e+02	2026-09-04T17:34:33.553950	0.00000000e+00	1	25	--	--	1.50100000e+00	5.30144000e-04
1.04598895e+02	2026-09-04T17:34:33.576775	0.00000000e+00	1	25	--	--	1.45101000e+00	5.30139000e-04
1.04626426e+02	2026-09-04T17:34:33.604123	0.00000000e+00	1	25	--	--	1.40097000e+00	5.30139000e-04
1.04645847e+02	2026-09-04T17:34:33.623899	0.00000000e+00	1	25	--	--	1.35094000e+00	5.30144000e-04
1.04667203e+02	2026-09-04T17:34:33.643880	0.00000000e+00	1	25	--	--	1.30089000e+00	5.30141000e-04
1.04675496e+02	2026-09-04T17:34:33.650465	0.00000000e+00	1	25	--	--	1.25086000e+00	5.30142000e-04
1.04687908e+02	2026-09-04T17:34:33.663854	0.00000000e+00	1	25	--	--	1.20082000e+00	5.30135000e-04
1.04702815e+02	2026-09-04T17:34:33.673703	0.00000000e+00	1	25	--	--	1.15081000e+00	5.30138000e-04
1.04719180e+02	2026-09-04T17:34:33.693737	0.00000000e+00	1	25	--	--	1.10072000e+00	5.30137000e-04
1.04727284e+02	2026-09-04T17:34:33.704058	0.00000000e+00	1	25	--	--	1.05074000e+00	5.30135000e-04
1.04735043e+02	2026-09-04T17:34:33.704058	0.00000000e+00	1	25	--	--	1.00071000e+00	5.30140000e-04
1.04757107e+02	2026-09-04T17:34:33.734826	0.00000000e+00	1	25	--	--	9.50633000e-01	5.30143000e-04
1.04788805e+02	2026-09-04T17:34:33.766460	0.00000000e+00	1	25	--	--	9.00590000e-01	5.30144000e-04
1.04803149e+02	2026-09-04T17:34:33.774138	0.00000000e+00	1	25	--	--	8.50569000e-01	5.30144000e-04
1.04825477e+02	2026-09-04T17:34:33.798204	0.00000000e+00	1	25	--	--	8.00520000e-01	5.30142000e-04
1.04844705e+02	2026-09-04T17:34:33.815390	0.00000000e+00	1	25	--	--	7.50476000e-01	5.30138000e-04
1.04861690e+02	2026-09-04T17:34:33.833675	0.00000000e+00	1	25	--	--	7.00431000e-01	5.30140000e-04
1.04879911e+02	2026-09-04T17:34:33.854125	0.00000000e+00	1	25	--	--	6.50425000e-01	5.30143000e-04
1.04888126e+02	2026-09-04T17:34:33.864072	0.00000000e+00	1	25	--	--	6.00353000e-01	5.30144000e-04
1.04895743e+02	2026-09-04T17:34:33.873858	0.00000000e+00	1	25	--	--	5.50335000e-01	5.30146000e-04
1.04915457e+02	2026-09-04T17:34:33.892920	0.00000000e+00	1	25	--	--	5.00273000e-01	5.30143000e-04
1.04947867e+02	2026-09-04T17:34:33.924040	0.00000000e+00	1	25	--	--	4.50261000e-01	5.30146000e-04
1.04978268e+02	2026-09-04T17:34:33.955635	0.00000000e+00	1	25	2.03970000e-01	-5.30226000e-04	4.00194000e-01	5.30149000e-04
1.04987150e+02	2026-09-04T17:34:33.963918	0.00000000e+00	1	25	1.53929000e-01	-5.30225000e-04	3.50180000e-01	5.30149000e-04
1.05009549e+02	2026-09-04T17:34:33.987105	0.00000000e+00	1	25	1.03857000e-01	-5.30222000e-04	3.00119000e-01	5.30148000e-04
1.05028178e+02	2026-09-04T17:34:34.003808	0.00000000e+00	1	25	5.38160000e-02	-5.30228000e-04	2.50109000e-01	5.30149000e-04
1.05056780e+02	2026-09-04T17:34:34.033906	0.00000000e+00	1	25	3.80423000e-03	-5.30227000e-04	2.00184000e-01	5.30148000e-04
1.05065641e+02	2026-09-04T17:34:34.043719	0.00000000e+00	1	25	-6.96421000e-05	-4.05973000e-04	1.50152000e-01	4.05877000e-04
1.05088153e+02	2026-09-04T17:34:34.065759	0.00000000e+00	1	25	-6.80208000e-05	-2.70924000e-04	1.00113000e-01	2.70914000e-04
1.05129757e+02	2026-09-04T17:34:34.103794	0.00000000e+00	1	25	-5.65052000e-05	-1.35691000e-04	5.00706000e-02	1.35716000e-04
1.05138502e+02	2026-09-04T17:34:34.115854	0.00000000e+00	1	25	-4.73499000e-05	-3.79908000e-07	2.44617000e-05	2.40244000e-07
1.07199163e+02	2026-09-04T17:34:36.173721	0.00000000e+00	1	26	-5.83172000e-05	-1.94657000e-10	3.68834000e-05	1.54638000e-10
1.07240209e+02	2026-09-04T17:34:36.217702	0.00000000e+00	1	26	-1.19925000e-05	-1.82814000e-08	5.00459000e-02	3.52521000e-08
1.07259152e+02	2026-09-04T17:34:36.237082	0.00000000e+00	1	26	-3.85284000e-05	-1.44072000e-07	1.00088000e-01	9.97738000e-08
1.07271225e+02	2026-09-04T17:34:36.245853	0.00000000e+00	1	26	-5.63383000e-05	-3.42758000e-07	1.50127000e-01	3.08062000e-07
1.07286070e+02	2026-09-04T17:34:36.264065	0.00000000e+00	1	26	-5.35488000e-05	-3.71151000e-07	2.00187000e-01	4.44552000e-07
1.07294508e+02	2026-09-04T17:34:36.272811	0.00000000e+00	1	26	-5.75066000e-05	-6.19235000e-07	2.50112000e-01	5.93668000e-07
1.07317558e+02	2026-09-04T17:34:36.293884	0.00000000e+00	1	26	-5.89371000e-05	-7.15103000e-07	3.00111000e-01	6.94489000e-07
1.07325488e+02	2026-09-04T17:34:36.303826	0.00000000e+00	1	26	-5.51701000e-05	-8.04582000e-07	3.50172000e-01	7.68681000e-07
1.07353735e+02	2026-09-04T17:34:36.324260	0.00000000e+00	1	26	-6.11067000e-05	-8.41554000e-07	4.00194000e-01	8.99257000e-07
1.07369464e+02	2026-09-04T17:34:36.344133	0.00000000e+00	1	26	-5.41687000e-05	-9.95473000e-07	4.50264000e-01	9.94735000e-07
1.07379803e+02	2026-09-04T17:34:36.355923	0.00000000e+00	1	26	-5.49793000e-05	-1.12734000e-06	5.00276000e-01	1.18597000e-06
1.07390153e+02	2026-09-04T17:34:36.367642	0.00000000e+00	1	26	-6.91891000e-05	-1.34191000e-06	5.50311000e-01	1.82794000e-06
1.07421431e+02	2026-09-04T17:34:36.393922	0.00000000e+00	1	26	-5.83887000e-05	-1.90689000e-06	6.00369000e-01	2.28296000e-06
1.07455507e+02	2026-09-04T17:34:36.433787	0.00000000e+00	1	26	-5.12123000e-05	-2.46051000e-06	6.50441000e-01	2.47688000e-06
1.07463410e+02	2026-09-04T17:34:36.433787	0.00000000e+00	1	26	-5.06639000e-05	-2.80810000e-06	7.00440000e-01	2.86495000e-06
1.07496890e+02	2026-09-04T17:34:36.473710	0.00000000e+00	1	26	-5.34534000e-05	-2.93820000e-06	7.50502000e-01	2.95907000e-06
1.07508255e+02	2026-09-04T17:34:36.483886	0.00000000e+00	1	26	-4.74215000e-05	-3.50136000e-06	8.00502000e-01	3.44654000e-06
1.07533945e+02	2026-09-04T17:34:36.511383	0.00000000e+00	1	26	-4.25816000e-05	-4.02620000e-06	8.50585000e-01	4.20487000e-06
1.07543160e+02	2026-09-04T17:34:36.518112	0.00000000e+00	1	26	-3.81708000e-05	-5.51534000e-06	9.00589000e-01	5.70878000e-06
1.07565863e+02	2026-09-04T17:34:36.543818	0.00000000e+00	1	26	-5.55992000e-05	-5.93482000e-06	9.50664000e-01	5.81407000e-06
1.07595347e+02	2026-09-04T17:34:36.573807	0.00000000e+00	1	26	-4.81367000e-05	-6.13522000e-06	1.00066000e+00	5.91988000e-06
1.07628728e+02	2026-09-04T17:34:36.606579	0.00000000e+00	1	26	-5.23806000e-05	-7.03986000e-06	1.05075000e+00	6.98493000e-06
1.07636491e+02	2026-09-04T17:34:36.614008	0.00000000e+00	1	26	-4.63486000e-05	-7.94566000e-06	1.10072000e+00	8.07245000e-06
1.07645022e+02	2026-09-04T17:34:36.622319	0.00000000e+00	1	26	-4.39167000e-05	-9.14981000e-06	1.15080000e+00	8.75877000e-06
1.07681615e+02	2026-09-04T17:34:36.654072	0.00000000e+00	1	26	-9.48906000e-06	-1.29773000e-05	1.20078000e+00	1.20744000e-05
1.07708022e+02	2026-09-04T17:34:36.685716	0.00000000e+00	1	26	-5.74112000e-05	-1.40896000e-05	1.25088000e+00	1.27447000e-05
1.07715771e+02	2026-09-04T17:34:36.693905	0.00000000e+00	1	26	-6.07252000e-05	-1.56847000e-05	1.30098000e+00	1.35885000e-05
1.07730723e+02	2026-09-04T17:34:36.703894	0.00000000e+00	1	26	-5.19276000e-05	-1.87772000e-05	1.35092000e+00	1.82822000e-05
1.07745144e+02	2026-09-04T17:34:36.719081	0.00000000e+00	1	26	-5.62429000e-05	-2.11549000e-05	1.40097000e+00	2.06704000e-05
1.07771578e+02	2026-09-04T17:34:36.749021	0.00000000e+00	1	26	--	--	1.45101000e+00	5.30146000e-04
1.07783958e+02	2026-09-04T17:34:36.759496	0.00000000e+00	1	26	--	--	1.50101000e+00	5.30138000e-04
1.07803438e+02	2026-09-04T17:34:36.780733	0.00000000e+00	1	26	--	--	1.55107000e+00	5.30141000e-04
1.07841672e+02	2026-09-04T17:34:36.818426	0.00000000e+00	1	26	--	--	1.60111000e+00	5.30143000e-04
1.07866489e+02	2026-09-04T17:34:36.844862	0.00000000e+00	1	26	--	--	1.65113000e+00	5.30141000e-04
1.07874836e+02	2026-09-04T17:34:36.845387	0.00000000e+00	1	26	--	--	1.70116000e+00	5.30142000e-04
1.07898308e+02	2026-09-04T17:34:36.875690	0.00000000e+00	1	26	--	--	1.75121000e+00	5.30140000e-04
1.07938174e+02	2026-09-04T17:34:36.913780	0.00000000e+00	1	26	--	--	1.80122000e+00	5.30141000e-04
1.07949513e+02	2026-09-04T17:34:36.924024	0.00000000e+00	1	26	--	--	1.85128000e+00	5.30141000e-04
1.07957228e+02	2026-09-04T17:34:36.933835	0.00000000e+00	1	26	--	--	1.90127000e+00	5.30144000e-04
1.07976966e+02	2026-09-04T17:34:36.954745	0.00000000e+00	1	26	--	--	1.95134000e+00	5.30141000e-04
1.08009218e+02	2026-09-04T17:34:36.986267	0.00000000e+00	1	26	--	--	2.00135000e+00	5.30145000e-04
1.08030621e+02	2026-09-04T17:34:37.004018	0.00000000e+00	1	26	--	--	2.00136000e+00	5.30143000e-04
1.08038447e+02	2026-09-04T17:34:37.014059	0.00000000e+00	1	26	--	--	1.95134000e+00	5.30138000e-04
1.08078009e+02	2026-09-04T17:34:37.053758	0.00000000e+00	1	26	--	--	1.90128000e+00	5.30144000e-04
1.08106165e+02	2026-09-04T17:34:37.084092	0.00000000e+00	1	26	--	--	1.85128000e+00	5.30139000e-04
1.08113985e+02	2026-09-04T17:34:37.090791	0.00000000e+00	1	26	--	--	1.80122000e+00	5.30142000e-04
1.08134834e+02	2026-09-04T17:34:37.112328	0.00000000e+00	1	26	--	--	1.75121000e+00	5.30141000e-04
1.08152279e+02	2026-09-04T17:34:37.128355	0.00000000e+00	1	26	--	--	1.70116000e+00	5.30140000e-04
1.08188443e+02	2026-09-04T17:34:37.163897	0.00000000e+00	1	26	--	--	1.65113000e+00	5.30142000e-04
1.08196052e+02	2026-09-04T17:34:37.174109	0.00000000e+00	1	26	--	--	1.60109000e+00	5.30141000e-04
1.08228471e+02	2026-09-04T17:34:37.206816	0.00000000e+00	1	26	--	--	1.55106000e+00	5.30139000e-04
1.08267333e+02	2026-09-04T17:34:37.243901	0.00000000e+00	1	26	--	--	1.50101000e+00	5.30146000e-04
1.08274759e+02	2026-09-04T17:34:37.243901	0.00000000e+00	1	26	--	--	1.45101000e+00	5.30141000e-04
1.08297403e+02	2026-09-04T17:34:37.273968	0.00000000e+00	1	26	--	--	1.40096000e+00	5.30139000e-04
1.08323788e+02	2026-09-04T17:34:37.301948	0.00000000e+00	1	26	--	--	1.35095000e+00	5.30135000e-04
1.08355070e+02	2026-09-04T17:34:37.332896	0.00000000e+00	1	26	--	--	1.30090000e+00	5.30136000e-04
1.08362778e+02	2026-09-04T17:34:37.333906	0.00000000e+00	1	26	--	--	1.25089000e+00	5.30139000e-04
1.08370449e+02	2026-09-04T17:34:37.348602	0.00000000e+00	1	26	--	--	1.20082000e+00	5.30140000e-04
1.08424713e+02	2026-09-04T17:34:37.400438	0.00000000e+00	1	26	--	--	1.15080000e+00	5.30140000e-04
1.08436724e+02	2026-09-04T17:34:37.414021	0.00000000e+00	1	26	--	--	1.10074000e+00	5.30133000e-04
1.08444750e+02	2026-09-04T17:34:37.421756	0.00000000e+00	1	26	--	--	1.05073000e+00	5.30141000e-04
1.08465290e+02	2026-09-04T17:34:37.443000	0.00000000e+00	1	26	--	--	1.00068000e+00	5.30137000e-04
1.08479949e+02	2026-09-04T17:34:37.453750	0.00000000e+00	1	26	--	--	9.50629000e-01	5.30138000e-04
1.08517222e+02	2026-09-04T17:34:37.494105	0.00000000e+00	1	26	--	--	9.00603000e-01	5.30141000e-04
1.08524790e+02	2026-09-04T17:34:37.494105	0.00000000e+00	1	26	--	--	8.50565000e-01	5.30142000e-04
1.08544560e+02	2026-09-04T17:34:37.522652	0.00000000e+00	1	26	--	--	8.00512000e-01	5.30145000e-04
1.08579731e+02	2026-09-04T17:34:37.554014	0.00000000e+00	1	26	--	--	7.50494000e-01	5.30142000e-04
1.08596364e+02	2026-09-04T17:34:37.573846	0.00000000e+00	1	26	1.96197000e-01	-5.30216000e-04	7.00433000e-01	5.30144000e-04
1.08604517e+02	2026-09-04T17:34:37.573846	0.00000000e+00	1	26	1.46408000e-01	-5.30224000e-04	6.50418000e-01	5.30142000e-04
1.08623662e+02	2026-09-04T17:34:37.601593	0.00000000e+00	1	26	9.65274000e-02	-5.30229000e-04	6.00332000e-01	5.30148000e-04
1.08661672e+02	2026-09-04T17:34:37.633802	0.00000000e+00	1	26	4.70303000e-02	-5.30225000e-04	5.50294000e-01	5.30145000e-04
1.08674749e+02	2026-09-04T17:34:37.651907	0.00000000e+00	1	26	-8.92401000e-05	-5.25815000e-04	5.00246000e-01	5.25441000e-04
1.08682571e+02	2026-09-04T17:34:37.653924	0.00000000e+00	1	26	-7.61032000e-05	-4.42211000e-04	4.50250000e-01	4.41972000e-04
1.08691572e+02	2026-09-04T17:34:37.668286	0.00000000e+00	1	26	-7.65562000e-05	-3.61303000e-04	4.00201000e-01	3.61110000e-04
1.08699015e+02	2026-09-04T17:34:37.675918	0.00000000e+00	1	26	-6.43253000e-05	-2.84448000e-04	3.50164000e-01	2.84456000e-04
1.08715228e+02	2026-09-04T17:34:37.689923	0.00000000e+00	1	26	-6.39677000e-05	-2.18119000e-04	3.00145000e-01	2.18081000e-04
1.08734863e+02	2026-09-04T17:34:37.713018	0.00000000e+00	1	26	-5.72205000e-05	-1.57411000e-04	2.50124000e-01	1.57488000e-04
1.08767517e+02	2026-09-04T17:34:37.745522	0.00000000e+00	1	26	-4.98533000e-05	-1.08678000e-04	2.00190000e-01	1.08734000e-04
1.08775416e+02	2026-09-04T17:34:37.753861	0.00000000e+00	1	26	-5.74112000e-05	-7.18366000e-05	1.50155000e-01	7.18199000e-05
1.08798384e+02	2026-09-04T17:34:37.776492	0.00000000e+00	1	26	-5.22852000e-05	-4.36511000e-05	1.00118000e-01	4.36626000e-05
1.08846462e+02	2026-09-04T17:34:37.823893	0.00000000e+00	1	26	-5.47171000e-05	-2.07539000e-05	5.00749000e-02	2.07358000e-05
1.08854099e+02	2026-09-04T17:34:37.823893	0.00000000e+00	1	26	-4.86851000e-05	-6.06615000e-08	3.17335000e-05	5.67559000e-08
1.11033025e+02	2026-09-04T17:34:40.008879	0.00000000e+00	1	27	-4.85897000e-05	-1.21737000e-10	3.92914000e-05	1.69098000e-10
1.11053909e+02	2026-09-04T17:34:40.031141	0.00000000e+00	1	27	-9.48906000e-06	-2.37507000e-08	5.00721000e-02	5.51322000e-08
1.11074890e+02	2026-09-04T17:34:40.047139	0.00000000e+00	1	27	-1.36137000e-05	-7.86946000e-08	1.00094000e-01	9.07268000e-08
1.11084626e+02	2026-09-04T17:34:40.053646	0.00000000e+00	1	27	-2.11716000e-05	-1.99465000e-07	1.50135000e-01	2.11610000e-07
1.11141654e+02	2026-09-04T17:34:40.119214	0.00000000e+00	1	27	-4.71592000e-05	-2.75595000e-07	2.00191000e-01	2.69903000e-07
1.11164418e+02	2026-09-04T17:34:40.141943	0.00000000e+00	1	27	-4.59909000e-05	-3.54405000e-07	2.50120000e-01	3.59239000e-07
1.11179665e+02	2026-09-04T17:34:40.157625	0.00000000e+00	1	27	-4.45604000e-05	-4.37419000e-07	3.00126000e-01	4.36895000e-07
1.11219883e+02	2026-09-04T17:34:40.193862	0.00000000e+00	1	27	-3.65496000e-05	-6.24933000e-07	3.50158000e-01	6.47757000e-07
1.11227458e+02	2026-09-04T17:34:40.205862	0.00000000e+00	1	27	-4.33922000e-05	-7.35187000e-07	4.00217000e-01	6.04924000e-07
1.11248952e+02	2026-09-04T17:34:40.224273	0.00000000e+00	1	27	-3.96013000e-05	-9.45508000e-07	4.50235000e-01	9.23589000e-07
1.11258458e+02	2026-09-04T17:34:40.233774	0.00000000e+00	1	27	-4.14848000e-05	-1.00440000e-06	5.00286000e-01	1.68703000e-06
1.11302381e+02	2026-09-04T17:34:40.279173	0.00000000e+00	1	27	-4.00543000e-05	-1.60801000e-06	5.50348000e-01	1.66584000e-06
1.11323010e+02	2026-09-04T17:34:40.301339	0.00000000e+00	1	27	-3.95060000e-05	-2.33878000e-06	6.00345000e-01	2.35772000e-06
1.11331518e+02	2026-09-04T17:34:40.303896	0.00000000e+00	1	27	-4.22955000e-05	-2.57962000e-06	6.50420000e-01	2.57890000e-06
1.11346235e+02	2026-09-04T17:34:40.324117	0.00000000e+00	1	27	-4.32968000e-05	-3.05305000e-06	7.00437000e-01	3.01289000e-06
1.11358654e+02	2026-09-04T17:34:40.333945	0.00000000e+00	1	27	-4.32014000e-05	-3.50018000e-06	7.50498000e-01	3.61737000e-06
1.11382842e+02	2026-09-04T17:34:40.359419	0.00000000e+00	1	27	-5.80311000e-05	-5.68072000e-06	8.00515000e-01	5.62707000e-06
1.11402771e+02	2026-09-04T17:34:40.380588	0.00000000e+00	1	27	-3.88861000e-05	-7.10186000e-06	8.50584000e-01	7.00585000e-06
1.11435944e+02	2026-09-04T17:34:40.413983	0.00000000e+00	1	27	-4.01497000e-05	-7.10313000e-06	9.00592000e-01	6.83174000e-06
1.11457611e+02	2026-09-04T17:34:40.434096	0.00000000e+00	1	27	-2.00033000e-05	-6.47864000e-06	9.50662000e-01	6.53717000e-06
1.11465228e+02	2026-09-04T17:34:40.438689	0.00000000e+00	1	27	-4.24862000e-05	-7.34095000e-06	1.00069000e+00	7.31487000e-06
1.11497320e+02	2026-09-04T17:34:40.473948	0.00000000e+00	1	27	-8.32081000e-06	-8.46809000e-06	1.05073000e+00	7.88103000e-06
1.11546855e+02	2026-09-04T17:34:40.524860	0.00000000e+00	1	27	-8.48770000e-06	-1.03912000e-05	1.10078000e+00	9.52670000e-06
1.11557496e+02	2026-09-04T17:34:40.534341	0.00000000e+00	1	27	-4.51803000e-05	-1.00048000e-05	1.15078000e+00	1.02959000e-05
1.11574299e+02	2026-09-04T17:34:40.548973	0.00000000e+00	1	27	-4.63486000e-05	-1.08385000e-05	1.20081000e+00	1.10915000e-05
1.11593909e+02	2026-09-04T17:34:40.571748	0.00000000e+00	1	27	--	--	1.25089000e+00	5.30145000e-04
1.11619606e+02	2026-09-04T17:34:40.594170	0.00000000e+00	1	27	--	--	1.30090000e+00	5.30136000e-04
1.11641855e+02	2026-09-04T17:34:40.619719	0.00000000e+00	1	27	--	--	1.35094000e+00	5.30140000e-04
1.11671987e+02	2026-09-04T17:34:40.646280	0.00000000e+00	1	27	--	--	1.40096000e+00	5.30138000e-04
1.11695335e+02	2026-09-04T17:34:40.673769	0.00000000e+00	1	27	--	--	1.45101000e+00	5.30135000e-04
1.11703120e+02	2026-09-04T17:34:40.673769	0.00000000e+00	1	27	--	--	1.50101000e+00	5.30141000e-04
1.11721681e+02	2026-09-04T17:34:40.699406	0.00000000e+00	1	27	--	--	1.55107000e+00	5.30133000e-04
1.11753153e+02	2026-09-04T17:34:40.730973	0.00000000e+00	1	27	--	--	1.60111000e+00	5.30137000e-04
1.11785295e+02	2026-09-04T17:34:40.763059	0.00000000e+00	1	27	--	--	1.65114000e+00	5.30138000e-04
1.11793201e+02	2026-09-04T17:34:40.764194	0.00000000e+00	1	27	--	--	1.70116000e+00	5.30140000e-04
1.11802735e+02	2026-09-04T17:34:40.779044	0.00000000e+00	1	27	--	--	1.75119000e+00	5.30141000e-04
1.11829003e+02	2026-09-04T17:34:40.803743	0.00000000e+00	1	27	--	--	1.80126000e+00	5.30138000e-04
1.11843170e+02	2026-09-04T17:34:40.819181	0.00000000e+00	1	27	--	--	1.85127000e+00	5.30140000e-04
1.11865413e+02	2026-09-04T17:34:40.843865	0.00000000e+00	1	27	--	--	1.90131000e+00	5.30141000e-04
1.11873822e+02	2026-09-04T17:34:40.843865	0.00000000e+00	1	27	--	--	1.95132000e+00	5.30144000e-04
1.11899824e+02	2026-09-04T17:34:40.873819	0.00000000e+00	1	27	--	--	2.00137000e+00	5.30142000e-04
1.11921147e+02	2026-09-04T17:34:40.899161	0.00000000e+00	1	27	--	--	2.00136000e+00	5.30138000e-04
1.11944754e+02	2026-09-04T17:34:40.922511	0.00000000e+00	1	27	--	--	1.95135000e+00	5.30138000e-04
1.11952238e+02	2026-09-04T17:34:40.924228	0.00000000e+00	1	27	--	--	1.90129000e+00	5.30139000e-04
1.11961426e+02	2026-09-04T17:34:40.938373	0.00000000e+00	1	27	--	--	1.85127000e+00	5.30143000e-04
1.11996318e+02	2026-09-04T17:34:40.973726	0.00000000e+00	1	27	--	--	1.80124000e+00	5.30144000e-04
1.12006460e+02	2026-09-04T17:34:40.984026	0.00000000e+00	1	27	--	--	1.75122000e+00	5.30142000e-04
1.12027486e+02	2026-09-04T17:34:41.003763	0.00000000e+00	1	27	--	--	1.70115000e+00	5.30139000e-04
1.12035223e+02	2026-09-04T17:34:41.003763	0.00000000e+00	1	27	--	--	1.65114000e+00	5.30140000e-04
1.12051333e+02	2026-09-04T17:34:41.028988	0.00000000e+00	1	27	--	--	1.60110000e+00	5.30137000e-04
1.12084717e+02	2026-09-04T17:34:41.059128	0.00000000e+00	1	27	--	--	1.55105000e+00	5.30138000e-04
1.12115339e+02	2026-09-04T17:34:41.090418	0.00000000e+00	1	27	--	--	1.50102000e+00	5.30143000e-04
1.12149586e+02	2026-09-04T17:34:41.123983	0.00000000e+00	1	27	--	--	1.45101000e+00	5.30138000e-04
1.12171885e+02	2026-09-04T17:34:41.144083	0.00000000e+00	1	27	--	--	1.40094000e+00	5.30141000e-04
1.12181970e+02	2026-09-04T17:34:41.159867	0.00000000e+00	1	27	--	--	1.35094000e+00	5.30137000e-04
1.12225007e+02	2026-09-04T17:34:41.202635	0.00000000e+00	1	27	--	--	1.30087000e+00	5.30141000e-04
1.12246597e+02	2026-09-04T17:34:41.224128	0.00000000e+00	1	27	--	--	1.25088000e+00	5.30140000e-04
1.12254612e+02	2026-09-04T17:34:41.224128	0.00000000e+00	1	27	--	--	1.20081000e+00	5.30141000e-04
1.12278749e+02	2026-09-04T17:34:41.255803	0.00000000e+00	1	27	--	--	1.15081000e+00	5.30143000e-04
1.12310468e+02	2026-09-04T17:34:41.287722	0.00000000e+00	1	27	--	--	1.10073000e+00	5.30144000e-04
1.12331600e+02	2026-09-04T17:34:41.304475	0.00000000e+00	1	27	--	--	1.05074000e+00	5.30147000e-04
1.12339619e+02	2026-09-04T17:34:41.313900	0.00000000e+00	1	27	--	--	1.00066000e+00	5.30141000e-04
1.12378768e+02	2026-09-04T17:34:41.354047	0.00000000e+00	1	27	--	--	9.50646000e-01	5.30147000e-04
1.12406152e+02	2026-09-04T17:34:41.383908	0.00000000e+00	1	27	--	--	9.00569000e-01	5.30144000e-04
1.12446803e+02	2026-09-04T17:34:41.423852	0.00000000e+00	1	27	--	--	8.50573000e-01	5.30150000e-04
1.12457022e+02	2026-09-04T17:34:41.435351	0.00000000e+00	1	27	--	--	8.00496000e-01	5.30154000e-04
1.12478707e+02	2026-09-04T17:34:41.454013	0.00000000e+00	1	27	1.54915000e-01	-5.30233000e-04	7.50469000e-01	5.30148000e-04
1.12486217e+02	2026-09-04T17:34:41.463959	0.00000000e+00	1	27	1.04756000e-01	-5.30231000e-04	7.00428000e-01	5.30152000e-04
1.12501004e+02	2026-09-04T17:34:41.478721	0.00000000e+00	1	27	5.50768000e-02	-5.30232000e-04	6.50409000e-01	5.30151000e-04
1.12511402e+02	2026-09-04T17:34:41.489002	0.00000000e+00	1	27	4.14710000e-03	-5.30231000e-04	6.00345000e-01	5.30151000e-04
1.12539263e+02	2026-09-04T17:34:41.514134	0.00000000e+00	1	27	-6.86407000e-05	-4.59580000e-04	5.50304000e-01	4.59549000e-04
1.12547350e+02	2026-09-04T17:34:41.523838	0.00000000e+00	1	27	-7.33376000e-05	-3.83590000e-04	5.00272000e-01	3.83908000e-04
1.12567560e+02	2026-09-04T17:34:41.545506	0.00000000e+00	1	27	-6.27041000e-05	-3.10285000e-04	4.50269000e-01	3.10296000e-04
1.12587854e+02	2026-09-04T17:34:41.564041	0.00000000e+00	1	27	-6.59466000e-05	-2.42589000e-04	4.00175000e-01	2.42423000e-04
1.12617592e+02	2026-09-04T17:34:41.593694	0.00000000e+00	1	27	-6.02961000e-05	-1.82166000e-04	3.50169000e-01	1.82265000e-04
1.12625524e+02	2026-09-04T17:34:41.593694	0.00000000e+00	1	27	-5.83172000e-05	-1.34958000e-04	3.00121000e-01	1.34896000e-04
1.12657184e+02	2026-09-04T17:34:41.634077	0.00000000e+00	1	27	-6.03676000e-05	-9.53524000e-05	2.50090000e-01	9.53116000e-05
1.12696062e+02	2026-09-04T17:34:41.674076	0.00000000e+00	1	27	-5.29051000e-05	-6.60079000e-05	2.00186000e-01	6.59534000e-05
1.12704034e+02	2026-09-04T17:34:41.679262	0.00000000e+00	1	27	-4.87804000e-05	-4.42372000e-05	1.50149000e-01	4.42132000e-05
1.12727512e+02	2026-09-04T17:34:41.704905	0.00000000e+00	1	27	-4.95911000e-05	-2.73232000e-05	1.00111000e-01	2.72857000e-05
1.12755715e+02	2026-09-04T17:34:41.733935	0.00000000e+00	1	27	-5.91993000e-05	-1.30967000e-05	5.00709000e-02	1.30780000e-05
1.12779607e+02	2026-09-04T17:34:41.754021	0.00000000e+00	1	27	-4.58956000e-05	-3.49693000e-08	2.96831000e-05	3.41455000e-08
1.14955462e+02	2026-09-04T17:34:43.932620	0.00000000e+00	1	28	-5.04017000e-05	-1.19627000e-10	3.75032000e-05	3.52669000e-10
1.14963895e+02	2026-09-04T17:34:43.934211	0.00000000e+00	1	28	-4.72069000e-06	-1.07022000e-08	5.00547000e-02	2.77570000e-08
1.14986588e+02	2026-09-04T17:34:43.963978	0.00000000e+00	1	28	-3.08752000e-05	-1.02640000e-07	1.00103000e-01	9.29596000e-08
1.15017295e+02	2026-09-04T17:34:43.993780	0.00000000e+00	1	28	-4.13179000e-05	-1.77191000e-07	1.50139000e-01	2.16101000e-07
1.15047693e+02	2026-09-04T17:34:44.025593	0.00000000e+00	1	28	-4.41790000e-05	-2.38816000e-07	2.00184000e-01	2.44048000e-07
1.15070345e+02	2026-09-04T17:34:44.043753	0.00000000e+00	1	28	-5.02110000e-05	-3.09280000e-07	2.50086000e-01	3.22623000e-07
1.15080041e+02	2026-09-04T17:34:44.053888	0.00000000e+00	1	28	-5.09262000e-05	-4.25324000e-07	3.00127000e-01	4.19412000e-07
1.15116165e+02	2026-09-04T17:34:44.093999	0.00000000e+00	1	28	-4.60863000e-05	-5.77349000e-07	3.50167000e-01	5.80093000e-07
1.15128308e+02	2026-09-04T17:34:44.103914	0.00000000e+00	1	28	-4.26531000e-05	-7.34903000e-07	4.00191000e-01	7.14142000e-07
1.15151146e+02	2026-09-04T17:34:44.126003	0.00000000e+00	1	28	-3.98636000e-05	-8.54125000e-07	4.50256000e-01	8.47367000e-07
1.15159052e+02	2026-09-04T17:34:44.133920	0.00000000e+00	1	28	-4.77791000e-05	-1.01409000e-06	5.00255000e-01	1.04043000e-06
1.15177086e+02	2026-09-04T17:34:44.154102	0.00000000e+00	1	28	-5.40018000e-05	-1.23827000e-06	5.50307000e-01	1.24969000e-06
1.15191694e+02	2026-09-04T17:34:44.169024	0.00000000e+00	1	28	-4.92334000e-05	-1.47580000e-06	6.00345000e-01	1.48373000e-06
1.15219162e+02	2026-09-04T17:34:44.193782	0.00000000e+00	1	28	-4.41074000e-05	-1.70024000e-06	6.50396000e-01	1.70174000e-06
1.15226859e+02	2026-09-04T17:34:44.204134	0.00000000e+00	1	28	-4.90427000e-05	-2.04385000e-06	7.00440000e-01	2.03638000e-06
1.15247402e+02	2026-09-04T17:34:44.224820	0.00000000e+00	1	28	-4.85182000e-05	-2.11105000e-06	7.50471000e-01	2.15059000e-06
1.15270579e+02	2026-09-04T17:34:44.243934	0.00000000e+00	1	28	-5.12838000e-05	-2.28675000e-06	8.00493000e-01	2.30871000e-06
1.15296003e+02	2026-09-04T17:34:44.274242	0.00000000e+00	1	28	-3.91483000e-05	-2.95085000e-06	8.50562000e-01	2.95360000e-06
1.15303892e+02	2026-09-04T17:34:44.274242	0.00000000e+00	1	28	-3.47376000e-05	-3.06271000e-06	9.00604000e-01	2.95676000e-06
1.15327506e+02	2026-09-04T17:34:44.304923	0.00000000e+00	1	28	-4.77076000e-05	-5.06149000e-06	9.50638000e-01	5.11417000e-06
1.15372068e+02	2026-09-04T17:34:44.348821	0.00000000e+00	1	28	-5.44310000e-05	-5.65776000e-06	1.00068000e+00	5.68207000e-06
1.15394746e+02	2026-09-04T17:34:44.368857	0.00000000e+00	1	28	-6.02007000e-05	-8.51735000e-06	1.05073000e+00	7.92553000e-06
1.15402585e+02	2026-09-04T17:34:44.374090	0.00000000e+00	1	28	-4.42743000e-05	-8.96665000e-06	1.10074000e+00	8.86116000e-06
1.15418867e+02	2026-09-04T17:34:44.393757	0.00000000e+00	1	28	-1.86443000e-05	-1.00751000e-05	1.15078000e+00	8.55341000e-06
1.15453626e+02	2026-09-04T17:34:44.427433	0.00000000e+00	1	28	-5.07593000e-05	-1.07201000e-05	1.20083000e+00	1.00446000e-05
1.15476664e+02	2026-09-04T17:34:44.453821	0.00000000e+00	1	28	-1.25408000e-05	-1.05584000e-05	1.25087000e+00	1.00915000e-05
1.15500657e+02	2026-09-04T17:34:44.478711	0.00000000e+00	1	28	-4.83274000e-05	-1.05285000e-05	1.30090000e+00	1.20452000e-05
1.15533108e+02	2026-09-04T17:34:44.506473	0.00000000e+00	1	28	-4.73499000e-05	-1.26239000e-05	1.35093000e+00	1.40876000e-05
1.15554690e+02	2026-09-04T17:34:44.526788	0.00000000e+00	1	28	-4.91381000e-05	-1.78944000e-05	1.40097000e+00	1.79903000e-05
1.15572162e+02	2026-09-04T17:34:44.549016	0.00000000e+00	1	28	-5.07593000e-05	-1.67143000e-05	1.45101000e+00	1.53900000e-05
1.15606047e+02	2026-09-04T17:34:44.583882	0.00000000e+00	1	28	-4.68016000e-05	-2.19158000e-05	1.50101000e+00	2.06364000e-05
1.15613968e+02	2026-09-04T17:34:44.583882	0.00000000e+00	1	28	-4.95911000e-05	-2.22308000e-05	1.55107000e+00	2.16416000e-05
1.15632527e+02	2026-09-04T17:34:44.610400	0.00000000e+00	1	28	-4.83274000e-05	-2.68818000e-05	1.60110000e+00	2.71416000e-05
1.15646074e+02	2026-09-04T17:34:44.623862	0.00000000e+00	1	28	-4.81367000e-05	-2.74122000e-05	1.65113000e+00	2.81075000e-05
1.15675235e+02	2026-09-04T17:34:44.653254	0.00000000e+00	1	28	-4.45604000e-05	-2.83206000e-05	1.70117000e+00	2.81223000e-05
1.15696777e+02	2026-09-04T17:34:44.674111	0.00000000e+00	1	28	-4.97580000e-05	-4.08060000e-05	1.75122000e+00	4.15529000e-05
1.15704814e+02	2026-09-04T17:34:44.674111	0.00000000e+00	1	28	-5.59807000e-05	-4.86732000e-05	1.80122000e+00	4.85536000e-05
1.15736632e+02	2026-09-04T17:34:44.713660	0.00000000e+00	1	28	--	--	1.85127000e+00	5.30148000e-04
1.15751454e+02	2026-09-04T17:34:44.727477	0.00000000e+00	1	28	--	--	1.90128000e+00	5.30142000e-04
1.15775596e+02	2026-09-04T17:34:44.754040	0.00000000e+00	1	28	--	--	1.95136000e+00	5.30140000e-04
1.15797780e+02	2026-09-04T17:34:44.773969	0.00000000e+00	1	28	--	--	2.00135000e+00	5.30143000e-04
1.15804599e+02	2026-09-04T17:34:44.773969	0.00000000e+00	1	28	--	--	2.00136000e+00	5.30142000e-04
1.15829191e+02	2026-09-04T17:34:44.804077	0.00000000e+00	1	28	--	--	1.95134000e+00	5.30146000e-04
1.15864705e+02	2026-09-04T17:34:44.838866	0.00000000e+00	1	28	--	--	1.90129000e+00	5.30140000e-04
1.15887557e+02	2026-09-04T17:34:44.865316	0.00000000e+00	1	28	--	--	1.85127000e+00	5.30143000e-04
1.15895542e+02	2026-09-04T17:34:44.873979	0.00000000e+00	1	28	--	--	1.80123000e+00	5.30137000e-04
1.15920995e+02	2026-09-04T17:34:44.896979	0.00000000e+00	1	28	--	--	1.75120000e+00	5.30142000e-04
1.15951661e+02	2026-09-04T17:34:44.928113	0.00000000e+00	1	28	--	--	1.70115000e+00	5.30140000e-04
1.15971801e+02	2026-09-04T17:34:44.943635	0.00000000e+00	1	28	--	--	1.65114000e+00	5.30142000e-04
1.15979385e+02	2026-09-04T17:34:44.953795	0.00000000e+00	1	28	--	--	1.60109000e+00	5.30142000e-04
1.16014054e+02	2026-09-04T17:34:44.991591	0.00000000e+00	1	28	--	--	1.55105000e+00	5.30141000e-04
1.16035738e+02	2026-09-04T17:34:45.013740	0.00000000e+00	1	28	--	--	1.50103000e+00	5.30143000e-04
1.16043352e+02	2026-09-04T17:34:45.013740	0.00000000e+00	1	28	--	--	1.45099000e+00	5.30136000e-04
1.16051197e+02	2026-09-04T17:34:45.028177	0.00000000e+00	1	28	--	--	1.40096000e+00	5.30141000e-04
1.16058745e+02	2026-09-04T17:34:45.034088	0.00000000e+00	1	28	--	--	1.35095000e+00	5.30141000e-04
1.16080251e+02	2026-09-04T17:34:45.055700	0.00000000e+00	1	28	--	--	1.30088000e+00	5.30136000e-04
1.16107354e+02	2026-09-04T17:34:45.084099	0.00000000e+00	1	28	--	--	1.25089000e+00	5.30137000e-04
1.16115897e+02	2026-09-04T17:34:45.094030	0.00000000e+00	1	28	--	--	1.20082000e+00	5.30136000e-04
1.16124413e+02	2026-09-04T17:34:45.098247	0.00000000e+00	1	28	--	--	1.15079000e+00	5.30138000e-04
1.16158377e+02	2026-09-04T17:34:45.135422	0.00000000e+00	1	28	--	--	1.10073000e+00	5.30141000e-04
1.16189387e+02	2026-09-04T17:34:45.167596	0.00000000e+00	1	28	--	--	1.05072000e+00	5.30141000e-04
1.16211991e+02	2026-09-04T17:34:45.183857	0.00000000e+00	1	28	--	--	1.00069000e+00	5.30138000e-04
1.16221478e+02	2026-09-04T17:34:45.199903	0.00000000e+00	1	28	--	--	9.50658000e-01	5.30137000e-04
1.16260254e+02	2026-09-04T17:34:45.233964	0.00000000e+00	1	28	--	--	9.00595000e-01	5.30144000e-04
1.16286115e+02	2026-09-04T17:34:45.263808	0.00000000e+00	1	28	--	--	8.50585000e-01	5.30143000e-04
1.16293949e+02	2026-09-04T17:34:45.263808	0.00000000e+00	1	28	--	--	8.00515000e-01	5.30143000e-04
1.16301756e+02	2026-09-04T17:34:45.279758	0.00000000e+00	1	28	--	--	7.50489000e-01	5.30138000e-04
1.16331526e+02	2026-09-04T17:34:45.309239	0.00000000e+00	1	28	--	--	7.00431000e-01	5.30141000e-04
1.16347534e+02	2026-09-04T17:34:45.324162	0.00000000e+00	1	28	--	--	6.50409000e-01	5.30141000e-04
1.16357347e+02	2026-09-04T17:34:45.334058	0.00000000e+00	1	28	--	--	6.00359000e-01	5.30136000e-04
1.16365201e+02	2026-09-04T17:34:45.343390	0.00000000e+00	1	28	--	--	5.50335000e-01	5.30141000e-04
1.16393808e+02	2026-09-04T17:34:45.368667	0.00000000e+00	1	28	--	--	5.00294000e-01	5.30135000e-04
1.16445354e+02	2026-09-04T17:34:45.423057	0.00000000e+00	1	28	--	--	4.50255000e-01	5.30142000e-04
1.16461656e+02	2026-09-04T17:34:45.438799	0.00000000e+00	1	28	--	--	4.00188000e-01	5.30147000e-04
1.16500373e+02	2026-09-04T17:34:45.474059	0.00000000e+00	1	28	1.70163000e-01	-5.30225000e-04	3.50176000e-01	5.30143000e-04
1.16523420e+02	2026-09-04T17:34:45.501712	0.00000000e+00	1	28	1.20174000e-01	-5.30222000e-04	3.00120000e-01	5.30143000e-04
1.16531248e+02	2026-09-04T17:34:45.503794	0.00000000e+00	1	28	7.01412000e-02	-5.30226000e-04	2.50097000e-01	5.30144000e-04
1.16540015e+02	2026-09-04T17:34:45.516892	0.00000000e+00	1	28	2.01589000e-02	-5.30226000e-04	2.00185000e-01	5.30144000e-04
1.16570627e+02	2026-09-04T17:34:45.548992	0.00000000e+00	1	28	-7.50303000e-05	-4.38622000e-04	1.50148000e-01	4.38440000e-04
1.16593894e+02	2026-09-04T17:34:45.564902	0.00000000e+00	1	28	-7.02620000e-05	-2.88807000e-04	1.00113000e-01	2.88832000e-04
1.16602474e+02	2026-09-04T17:34:45.580639	0.00000000e+00	1	28	-5.73158000e-05	-1.43332000e-04	5.00732000e-02	1.43375000e-04
1.16636859e+02	2026-09-04T17:34:45.613806	0.00000000e+00	1	28	-4.40121000e-05	-4.00973000e-07	3.24726000e-05	3.88191000e-07
1.18966141e+02	2026-09-04T17:34:47.943648	0.00000000e+00	1	29	-5.83887000e-05	4.39763000e-11	3.44515000e-05	1.10865000e-10
1.18982521e+02	2026-09-04T17:34:47.955451	0.00000000e+00	1	29	-3.62873000e-05	-4.75111000e-08	5.00707000e-02	5.85899000e-08
1.19026744e+02	2026-09-04T17:34:48.003891	0.00000000e+00	1	29	-4.17709000e-05	-1.34523000e-07	1.00107000e-01	1.51627000e-07
1.19040473e+02	2026-09-04T17:34:48.014178	0.00000000e+00	1	29	-5.96523000e-05	-2.01992000e-07	1.50148000e-01	1.97653000e-07
1.19063190e+02	2026-09-04T17:34:48.035250	0.00000000e+00	1	29	-5.85794000e-05	-2.81878000e-07	2.00194000e-01	2.83301000e-07
1.19073291e+02	2026-09-04T17:34:48.051033	0.00000000e+00	1	29	-6.03676000e-05	-3.66427000e-07	2.50104000e-01	3.23529000e-07
1.19103799e+02	2026-09-04T17:34:48.073942	0.00000000e+00	1	29	-5.54323000e-05	-4.29454000e-07	3.00141000e-01	4.34651000e-07
1.19127655e+02	2026-09-04T17:34:48.103654	0.00000000e+00	1	29	-5.40733000e-05	-5.06839000e-07	3.50159000e-01	5.48304000e-07
1.19135456e+02	2026-09-04T17:34:48.113731	0.00000000e+00	1	29	-5.66006000e-05	-6.82174000e-07	4.00208000e-01	6.24368000e-07
1.19187639e+02	2026-09-04T17:34:48.164101	0.00000000e+00	1	29	-4.73499000e-05	-8.09109000e-07	4.50244000e-01	7.86977000e-07
1.19216737e+02	2026-09-04T17:34:48.194214	0.00000000e+00	1	29	-5.29051000e-05	-8.97881000e-07	5.00261000e-01	9.64969000e-07
1.19227466e+02	2026-09-04T17:34:48.203833	0.00000000e+00	1	29	-5.65052000e-05	-1.15535000e-06	5.50321000e-01	1.16568000e-06
1.19250859e+02	2026-09-04T17:34:48.225985	0.00000000e+00	1	29	-5.38111000e-05	-1.35017000e-06	6.00345000e-01	1.34775000e-06
1.19260055e+02	2026-09-04T17:34:48.236477	0.00000000e+00	1	29	-5.39064000e-05	-1.79963000e-06	6.50414000e-01	1.63573000e-06
1.19290237e+02	2026-09-04T17:34:48.263777	0.00000000e+00	1	29	-6.56843000e-05	-1.63929000e-06	7.00434000e-01	1.54613000e-06
1.19322920e+02	2026-09-04T17:34:48.293935	0.00000000e+00	1	29	-5.62429000e-05	-2.07764000e-06	7.50508000e-01	2.00721000e-06
1.19350306e+02	2026-09-04T17:34:48.324058	0.00000000e+00	1	29	-5.65052000e-05	-2.20173000e-06	8.00522000e-01	2.21628000e-06
1.19375681e+02	2026-09-04T17:34:48.353165	0.00000000e+00	1	29	-4.51803000e-05	-2.51233000e-06	8.50566000e-01	2.74884000e-06
1.19384558e+02	2026-09-04T17:34:48.354362	0.00000000e+00	1	29	-6.39677000e-05	-3.23928000e-06	9.00597000e-01	3.09072000e-06
1.19408384e+02	2026-09-04T17:34:48.385086	0.00000000e+00	1	29	-4.07696000e-05	-3.84189000e-06	9.50673000e-01	3.81545000e-06
1.19439562e+02	2026-09-04T17:34:48.416742	0.00000000e+00	1	29	-4.05073000e-05	-4.26895000e-06	1.00066000e+00	4.74964000e-06
1.19447331e+02	2026-09-04T17:34:48.423862	0.00000000e+00	1	29	-5.40733000e-05	-5.61547000e-06	1.05072000e+00	5.45886000e-06
1.19470147e+02	2026-09-04T17:34:48.447951	0.00000000e+00	1	29	2.42472000e-05	-8.60350000e-06	1.10074000e+00	8.40924000e-06
1.19498953e+02	2026-09-04T17:34:48.474604	0.00000000e+00	1	29	-2.21491000e-05	-1.05985000e-05	1.15076000e+00	1.11593000e-05
1.19525086e+02	2026-09-04T17:34:48.501009	0.00000000e+00	1	29	-5.58853000e-05	-1.04820000e-05	1.20084000e+00	7.59948000e-06
1.19549935e+02	2026-09-04T17:34:48.527360	0.00000000e+00	1	29	-4.11272000e-05	-8.49290000e-06	1.25090000e+00	8.61174000e-06
1.19569835e+02	2026-09-04T17:34:48.544024	0.00000000e+00	1	29	-2.41280000e-05	-8.69123000e-06	1.30088000e+00	9.39954000e-06
1.19598171e+02	2026-09-04T17:34:48.574853	0.00000000e+00	1	29	-1.58548000e-05	-1.20586000e-05	1.35079000e+00	1.45077000e-05
1.19610776e+02	2026-09-04T17:34:48.585358	0.00000000e+00	1	29	-5.65052000e-05	-1.80229000e-05	1.40096000e+00	1.71885000e-05
1.19652207e+02	2026-09-04T17:34:48.623878	0.00000000e+00	1	29	-5.35488000e-05	-1.98693000e-05	1.45101000e+00	1.83631000e-05
1.19678821e+02	2026-09-04T17:34:48.656445	0.00000000e+00	1	29	-5.75066000e-05	-2.32920000e-05	1.50100000e+00	2.39205000e-05
1.19687977e+02	2026-09-04T17:34:48.663821	0.00000000e+00	1	29	-5.71489000e-05	-2.62255000e-05	1.55111000e+00	2.56661000e-05
1.19708610e+02	2026-09-04T17:34:48.686021	0.00000000e+00	1	29	--	--	1.60110000e+00	5.30150000e-04
1.19741763e+02	2026-09-04T17:34:48.718036	0.00000000e+00	1	29	--	--	1.65113000e+00	5.30149000e-04
1.19755552e+02	2026-09-04T17:34:48.723779	0.00000000e+00	1	29	--	--	1.70115000e+00	5.30147000e-04
1.19778377e+02	2026-09-04T17:34:48.754130	0.00000000e+00	1	29	--	--	1.75121000e+00	5.30149000e-04
1.19786551e+02	2026-09-04T17:34:48.763851	0.00000000e+00	1	29	--	--	1.80122000e+00	5.30141000e-04
1.19836296e+02	2026-09-04T17:34:48.813686	0.00000000e+00	1	29	--	--	1.85127000e+00	5.30145000e-04
1.19844488e+02	2026-09-04T17:34:48.813686	0.00000000e+00	1	29	--	--	1.90131000e+00	5.30145000e-04
1.19868262e+02	2026-09-04T17:34:48.845590	0.00000000e+00	1	29	--	--	1.95134000e+00	5.30147000e-04
1.19881482e+02	2026-09-04T17:34:48.856019	0.00000000e+00	1	29	--	--	2.00137000e+00	5.30142000e-04
1.19912688e+02	2026-09-04T17:34:48.883741	0.00000000e+00	1	29	--	--	2.00135000e+00	5.30150000e-04
1.19932171e+02	2026-09-04T17:34:48.909990	0.00000000e+00	1	29	--	--	1.95134000e+00	5.30144000e-04
1.19940431e+02	2026-09-04T17:34:48.913823	0.00000000e+00	1	29	--	--	1.90129000e+00	5.30142000e-04
1.19965468e+02	2026-09-04T17:34:48.941547	0.00000000e+00	1	29	--	--	1.85125000e+00	5.30151000e-04
1.19976116e+02	2026-09-04T17:34:48.953964	0.00000000e+00	1	29	--	--	1.80123000e+00	5.30145000e-04
1.20000622e+02	2026-09-04T17:34:48.973807	0.00000000e+00	1	29	--	--	1.75123000e+00	5.30142000e-04
1.20009760e+02	2026-09-04T17:34:48.984070	0.00000000e+00	1	29	--	--	1.70114000e+00	5.30146000e-04
1.20047579e+02	2026-09-04T17:34:49.023926	0.00000000e+00	1	29	--	--	1.65113000e+00	5.30152000e-04
1.20059846e+02	2026-09-04T17:34:49.037707	0.00000000e+00	1	29	--	--	1.60112000e+00	5.30144000e-04
1.20085104e+02	2026-09-04T17:34:49.053935	0.00000000e+00	1	29	--	--	1.55108000e+00	5.30142000e-04
1.20119212e+02	2026-09-04T17:34:49.094135	0.00000000e+00	1	29	--	--	1.50102000e+00	5.30146000e-04
1.20127941e+02	2026-09-04T17:34:49.103864	0.00000000e+00	1	29	--	--	1.45102000e+00	5.30145000e-04
1.20156977e+02	2026-09-04T17:34:49.133866	0.00000000e+00	1	29	--	--	1.40096000e+00	5.30144000e-04
1.20164849e+02	2026-09-04T17:34:49.133866	0.00000000e+00	1	29	--	--	1.35095000e+00	5.30144000e-04
1.20201848e+02	2026-09-04T17:34:49.173950	0.00000000e+00	1	29	--	--	1.30089000e+00	5.30135000e-04
1.20252294e+02	2026-09-04T17:34:49.229661	0.00000000e+00	1	29	--	--	1.25089000e+00	5.30140000e-04
1.20260628e+02	2026-09-04T17:34:49.233664	0.00000000e+00	1	29	--	--	1.20083000e+00	5.30143000e-04
1.20286103e+02	2026-09-04T17:34:49.263927	0.00000000e+00	1	29	--	--	1.15080000e+00	5.30144000e-04
1.20315147e+02	2026-09-04T17:34:49.292807	0.00000000e+00	1	29	--	--	1.10074000e+00	5.30140000e-04
1.20323216e+02	2026-09-04T17:34:49.293817	0.00000000e+00	1	29	--	--	1.05074000e+00	5.30140000e-04
1.20347764e+02	2026-09-04T17:34:49.325144	0.00000000e+00	1	29	--	--	1.00070000e+00	5.30142000e-04
1.20379737e+02	2026-09-04T17:34:49.356740	0.00000000e+00	1	29	--	--	9.50670000e-01	5.30138000e-04
1.20396368e+02	2026-09-04T17:34:49.373891	0.00000000e+00	1	29	--	--	9.00600000e-01	5.30139000e-04
1.20405276e+02	2026-09-04T17:34:49.383013	0.00000000e+00	1	29	--	--	8.50569000e-01	5.30144000e-04
1.20425979e+02	2026-09-04T17:34:49.403789	0.00000000e+00	1	29	--	--	8.00494000e-01	5.30140000e-04
1.20449519e+02	2026-09-04T17:34:49.423989	0.00000000e+00	1	29	--	--	7.50483000e-01	5.30139000e-04
1.20474646e+02	2026-09-04T17:34:49.451100	0.00000000e+00	1	29	--	--	7.00430000e-01	5.30144000e-04
1.20484333e+02	2026-09-04T17:34:49.453663	0.00000000e+00	1	29	--	--	6.50424000e-01	5.30145000e-04
1.20492578e+02	2026-09-04T17:34:49.469544	0.00000000e+00	1	29	--	--	6.00357000e-01	5.30148000e-04
1.20501331e+02	2026-09-04T17:34:49.477597	0.00000000e+00	1	29	--	--	5.50322000e-01	5.30146000e-04
1.20521638e+02	2026-09-04T17:34:49.499158	0.00000000e+00	1	29	--	--	5.00269000e-01	5.30144000e-04
1.20553233e+02	2026-09-04T17:34:49.530584	0.00000000e+00	1	29	--	--	4.50264000e-01	5.30145000e-04
1.20561848e+02	2026-09-04T17:34:49.533826	0.00000000e+00	1	29	--	--	4.00181000e-01	5.30147000e-04
1.20593614e+02	2026-09-04T17:34:49.563679	0.00000000e+00	1	29	1.63329000e-01	-5.30226000e-04	3.50157000e-01	5.30143000e-04
1.20616383e+02	2026-09-04T17:34:49.593761	0.00000000e+00	1	29	1.13205000e-01	-5.30227000e-04	3.00128000e-01	5.30144000e-04
1.20637787e+02	2026-09-04T17:34:49.614034	0.00000000e+00	1	29	6.31616000e-02	-5.30230000e-04	2.50098000e-01	5.30146000e-04
1.20645486e+02	2026-09-04T17:34:49.614034	0.00000000e+00	1	29	1.31814000e-02	-5.30232000e-04	2.00185000e-01	5.30144000e-04
1.20653545e+02	2026-09-04T17:34:49.625837	0.00000000e+00	1	29	-7.71999000e-05	-4.22165000e-04	1.50150000e-01	4.22092000e-04
1.20669414e+02	2026-09-04T17:34:49.643914	0.00000000e+00	1	29	-6.95467000e-05	-2.78610000e-04	1.00114000e-01	2.78607000e-04
1.20708245e+02	2026-09-04T17:34:49.684017	0.00000000e+00	1	29	-5.88417000e-05	-1.38458000e-04	5.00735000e-02	1.38456000e-04
1.20716910e+02	2026-09-04T17:34:49.693641	0.00000000e+00	1	29	-4.84228000e-05	-3.93906000e-07	2.40803000e-05	2.45228000e-07
1.22857760e+02	2026-09-04T17:34:51.834054	0.00000000e+00	1	30	-5.08547000e-05	-3.36516000e-10	3.35455000e-05	3.91555000e-10
1.22866363e+02	2026-09-04T17:34:51.843788	0.00000000e+00	1	30	6.46114000e-05	-5.49636000e-08	4.99976000e-02	9.62506000e-08
1.22887502e+02	2026-09-04T17:34:51.864910	0.00000000e+00	1	30	-1.90020000e-05	-4.07169000e-07	1.00101000e-01	4.00213000e-07
1.22902571e+02	2026-09-04T17:34:51.880573	0.00000000e+00	1	30	-4.26531000e-05	-5.52346000e-07	1.50149000e-01	5.77512000e-07
1.22946976e+02	2026-09-04T17:34:51.923881	0.00000000e+00	1	30	-5.99384000e-05	-8.43216000e-07	2.00186000e-01	8.33476000e-07
1.22970097e+02	2026-09-04T17:34:51.943684	0.00000000e+00	1	30	-4.92334000e-05	-1.13452000e-06	2.50100000e-01	1.25923000e-06
1.22997764e+02	2026-09-04T17:34:51.975607	0.00000000e+00	1	30	-5.02110000e-05	-1.53842000e-06	3.00124000e-01	1.31096000e-06
1.23030475e+02	2026-09-04T17:34:52.007247	0.00000000e+00	1	30	-5.12123000e-05	-1.65360000e-06	3.50164000e-01	1.66464000e-06
1.23052467e+02	2026-09-04T17:34:52.027675	0.00000000e+00	1	30	-4.50850000e-05	-1.97351000e-06	4.00192000e-01	2.09321000e-06
1.23060131e+02	2026-09-04T17:34:52.033937	0.00000000e+00	1	30	-5.30958000e-05	-2.63226000e-06	4.50260000e-01	2.44691000e-06
1.23083901e+02	2026-09-04T17:34:52.056079	0.00000000e+00	1	30	-4.24862000e-05	-2.97787000e-06	5.00302000e-01	2.89910000e-06
1.23100377e+02	2026-09-04T17:34:52.073892	0.00000000e+00	1	30	-4.86851000e-05	-3.22534000e-06	5.50337000e-01	3.20302000e-06
1.23129891e+02	2026-09-04T17:34:52.103934	0.00000000e+00	1	30	-4.80652000e-05	-3.80709000e-06	6.00351000e-01	3.85409000e-06
1.23137924e+02	2026-09-04T17:34:52.114128	0.00000000e+00	1	30	-4.58956000e-05	-4.22309000e-06	6.50424000e-01	4.34847000e-06
1.23156159e+02	2026-09-04T17:34:52.133938	0.00000000e+00	1	30	-5.94854000e-05	-5.56808000e-06	7.00432000e-01	5.52827000e-06
1.23172061e+02	2026-09-04T17:34:52.149697	0.00000000e+00	1	30	-3.79801000e-05	-5.79777000e-06	7.50491000e-01	5.96662000e-06
1.23204658e+02	2026-09-04T17:34:52.181798	0.00000000e+00	1	30	-2.62022000e-05	-7.53478000e-06	8.00513000e-01	7.86593000e-06
1.23212254e+02	2026-09-04T17:34:52.183973	0.00000000e+00	1	30	-4.18425000e-05	-9.30548000e-06	8.50547000e-01	9.24789000e-06
1.23235983e+02	2026-09-04T17:34:52.213985	0.00000000e+00	1	30	1.57356000e-06	-1.56201000e-05	9.00597000e-01	1.68557000e-05
1.23249432e+02	2026-09-04T17:34:52.223844	0.00000000e+00	1	30	-5.33581000e-05	-1.51534000e-05	9.50669000e-01	1.59540000e-05
1.23278241e+02	2026-09-04T17:34:52.256123	0.00000000e+00	1	30	-5.77688000e-05	-1.48089000e-05	1.00070000e+00	1.66988000e-05
1.23287081e+02	2026-09-04T17:34:52.263745	0.00000000e+00	1	30	-5.07593000e-05	-1.62061000e-05	1.05073000e+00	1.62780000e-05
1.23294993e+02	2026-09-04T17:34:52.263745	0.00000000e+00	1	30	-4.82321000e-05	-2.02860000e-05	1.10074000e+00	5.30135000e-04
1.23315861e+02	2026-09-04T17:34:52.293728	0.00000000e+00	1	30	--	--	1.15080000e+00	5.30136000e-04
1.23328772e+02	2026-09-04T17:34:52.303879	0.00000000e+00	1	30	--	--	1.20083000e+00	5.30135000e-04
1.23378544e+02	2026-09-04T17:34:52.356218	0.00000000e+00	1	30	--	--	1.25086000e+00	5.30140000e-04
1.23387342e+02	2026-09-04T17:34:52.364070	0.00000000e+00	1	30	--	--	1.30090000e+00	5.30133000e-04
1.23397462e+02	2026-09-04T17:34:52.374826	0.00000000e+00	1	30	--	--	1.35093000e+00	5.30137000e-04
1.23411367e+02	2026-09-04T17:34:52.388326	0.00000000e+00	1	30	--	--	1.40098000e+00	5.30142000e-04
1.23458160e+02	2026-09-04T17:34:52.435456	0.00000000e+00	1	30	--	--	1.45101000e+00	5.30139000e-04
1.23466252e+02	2026-09-04T17:34:52.443626	0.00000000e+00	1	30	--	--	1.50102000e+00	5.30143000e-04
1.23491187e+02	2026-09-04T17:34:52.466895	0.00000000e+00	1	30	--	--	1.55107000e+00	5.30142000e-04
1.23513010e+02	2026-09-04T17:34:52.483847	0.00000000e+00	1	30	--	--	1.60112000e+00	5.30136000e-04
1.23537409e+02	2026-09-04T17:34:52.514840	0.00000000e+00	1	30	--	--	1.65115000e+00	5.30141000e-04
1.23545376e+02	2026-09-04T17:34:52.514840	0.00000000e+00	1	30	--	--	1.70115000e+00	5.30140000e-04
1.23571866e+02	2026-09-04T17:34:52.546826	0.00000000e+00	1	30	--	--	1.75119000e+00	5.30138000e-04
1.23594513e+02	2026-09-04T17:34:52.572744	0.00000000e+00	1	30	--	--	1.80122000e+00	5.30139000e-04
1.23616135e+02	2026-09-04T17:34:52.593820	0.00000000e+00	1	30	--	--	1.85127000e+00	5.30144000e-04
1.23623897e+02	2026-09-04T17:34:52.593820	0.00000000e+00	1	30	--	--	1.90131000e+00	5.30140000e-04
1.23650323e+02	2026-09-04T17:34:52.625871	0.00000000e+00	1	30	--	--	1.95132000e+00	5.30148000e-04
1.23679423e+02	2026-09-04T17:34:52.657304	0.00000000e+00	1	30	--	--	2.00137000e+00	5.30146000e-04
1.23686307e+02	2026-09-04T17:34:52.664705	0.00000000e+00	1	30	--	--	2.00134000e+00	5.30146000e-04
1.23694580e+02	2026-09-04T17:34:52.665227	0.00000000e+00	1	30	--	--	1.95134000e+00	5.30140000e-04
1.23719270e+02	2026-09-04T17:34:52.693731	0.00000000e+00	1	30	--	--	1.90130000e+00	5.30145000e-04
1.23744499e+02	2026-09-04T17:34:52.721202	0.00000000e+00	1	30	--	--	1.85127000e+00	5.30141000e-04
1.23758475e+02	2026-09-04T17:34:52.734067	0.00000000e+00	1	30	--	--	1.80121000e+00	5.30141000e-04
1.23781521e+02	2026-09-04T17:34:52.756696	0.00000000e+00	1	30	--	--	1.75120000e+00	5.30141000e-04
1.23789844e+02	2026-09-04T17:34:52.763772	0.00000000e+00	1	30	--	--	1.70114000e+00	5.30142000e-04
1.23821087e+02	2026-09-04T17:34:52.794064	0.00000000e+00	1	30	--	--	1.65112000e+00	5.30146000e-04
1.23858906e+02	2026-09-04T17:34:52.834065	0.00000000e+00	1	30	--	--	1.60110000e+00	5.30137000e-04
1.23866963e+02	2026-09-04T17:34:52.843820	0.00000000e+00	1	30	--	--	1.55107000e+00	5.30138000e-04
1.23886411e+02	2026-09-04T17:34:52.863822	0.00000000e+00	1	30	--	--	1.50102000e+00	5.30142000e-04
1.23894535e+02	2026-09-04T17:34:52.863822	0.00000000e+00	1	30	--	--	1.45102000e+00	5.30132000e-04
1.23919990e+02	2026-09-04T17:34:52.897735	0.00000000e+00	1	30	--	--	1.40095000e+00	5.30136000e-04
1.23942576e+02	2026-09-04T17:34:52.920036	0.00000000e+00	1	30	--	--	1.35095000e+00	5.30144000e-04
1.23966982e+02	2026-09-04T17:34:52.944177	0.00000000e+00	1	30	--	--	1.30091000e+00	5.30130000e-04
1.23991443e+02	2026-09-04T17:34:52.967956	0.00000000e+00	1	30	--	--	1.25088000e+00	5.30140000e-04
1.24017529e+02	2026-09-04T17:34:52.993875	0.00000000e+00	1	30	--	--	1.20082000e+00	5.30136000e-04
1.24027207e+02	2026-09-04T17:34:53.003850	0.00000000e+00	1	30	--	--	1.15079000e+00	5.30140000e-04
1.24046076e+02	2026-09-04T17:34:53.023845	0.00000000e+00	1	30	--	--	1.10076000e+00	5.30136000e-04
1.24066836e+02	2026-09-04T17:34:53.043693	0.00000000e+00	1	30	--	--	1.05073000e+00	5.30137000e-04
1.24081257e+02	2026-09-04T17:34:53.057083	0.00000000e+00	1	30	--	--	1.00067000e+00	5.30136000e-04
1.24099046e+02	2026-09-04T17:34:53.074052	0.00000000e+00	1	30	--	--	9.50641000e-01	5.30138000e-04
1.24108667e+02	2026-09-04T17:34:53.084069	0.00000000e+00	1	30	--	--	9.00574000e-01	5.30141000e-04
1.24116365e+02	2026-09-04T17:34:53.093627	0.00000000e+00	1	30	--	--	8.50571000e-01	5.30137000e-04
1.24124580e+02	2026-09-04T17:34:53.093627	0.00000000e+00	1	30	--	--	8.00522000e-01	5.30138000e-04
1.24165241e+02	2026-09-04T17:34:53.135643	0.00000000e+00	1	30	--	--	7.50469000e-01	5.30140000e-04
1.24190045e+02	2026-09-04T17:34:53.167348	0.00000000e+00	1	30	--	--	7.00426000e-01	5.30137000e-04
1.24199488e+02	2026-09-04T17:34:53.174042	0.00000000e+00	1	30	--	--	6.50433000e-01	5.30138000e-04
1.24208259e+02	2026-09-04T17:34:53.184054	0.00000000e+00	1	30	--	--	6.00332000e-01	5.30136000e-04
1.24233822e+02	2026-09-04T17:34:53.203914	0.00000000e+00	1	30	--	--	5.50337000e-01	5.30136000e-04
1.24259198e+02	2026-09-04T17:34:53.233980	0.00000000e+00	1	30	--	--	5.00282000e-01	5.30136000e-04
1.24267051e+02	2026-09-04T17:34:53.243891	0.00000000e+00	1	30	--	--	4.50271000e-01	5.30144000e-04
1.24316200e+02	2026-09-04T17:34:53.293901	0.00000000e+00	1	30	1.84196000e-01	-5.30223000e-04	4.00185000e-01	5.30135000e-04
1.24341628e+02	2026-09-04T17:34:53.313720	0.00000000e+00	1	30	1.34233000e-01	-5.30214000e-04	3.50164000e-01	5.30146000e-04
1.24363878e+02	2026-09-04T17:34:53.341366	0.00000000e+00	1	30	8.40663000e-02	-5.30220000e-04	3.00120000e-01	5.30143000e-04
1.24409786e+02	2026-09-04T17:34:53.384024	0.00000000e+00	1	30	3.40931000e-02	-5.30226000e-04	2.50090000e-01	5.30140000e-04
1.24432628e+02	2026-09-04T17:34:53.404903	0.00000000e+00	1	30	-8.92401000e-05	-4.89614000e-04	2.00181000e-01	4.89508000e-04
1.24440891e+02	2026-09-04T17:34:53.413830	0.00000000e+00	1	30	-7.35045000e-05	-3.62455000e-04	1.50152000e-01	3.62386000e-04
1.24473778e+02	2026-09-04T17:34:53.443831	0.00000000e+00	1	30	-7.79152000e-05	-2.39015000e-04	1.00113000e-01	2.38502000e-04
1.24497544e+02	2026-09-04T17:34:53.474032	0.00000000e+00	1	30	-6.37054000e-05	-1.18245000e-04	5.00721000e-02	1.18338000e-04
1.24505839e+02	2026-09-04T17:34:53.483798	0.00000000e+00	1	30	-5.44310000e-05	-3.29453000e-07	3.20911000e-05	3.21538000e-07
1.26660974e+02	2026-09-04T17:34:55.634105	0.00000000e+00	1	31	-5.80311000e-05	-2.10583000e-10	3.43561000e-05	2.11215000e-10
1.26679311e+02	2026-09-04T17:34:55.653726	0.00000000e+00	1	31	1.65939000e-05	-5.06756000e-08	5.00331000e-02	7.49607000e-08
1.26699625e+02	2026-09-04T17:34:55.674704	0.00000000e+00	1	31	-3.12328000e-05	-2.77065000e-07	1.00091000e-01	3.02112000e-07
1.26712726e+02	2026-09-04T17:34:55.684184	0.00000000e+00	1	31	-4.78745000e-05	-4.26954000e-07	1.50143000e-01	4.34190000e-07
1.26734152e+02	2026-09-04T17:34:55.711616	0.00000000e+00	1	31	-4.16756000e-05	-6.39172000e-07	2.00181000e-01	6.93500000e-07
1.26761241e+02	2026-09-04T17:34:55.733760	0.00000000e+00	1	31	-5.35488000e-05	-9.75895000e-07	2.50101000e-01	9.71300000e-07
1.26779493e+02	2026-09-04T17:34:55.753658	0.00000000e+00	1	31	-5.71489000e-05	-1.18047000e-06	3.00111000e-01	1.12011000e-06
1.26804360e+02	2026-09-04T17:34:55.775562	0.00000000e+00	1	31	-4.95911000e-05	-1.56571000e-06	3.50152000e-01	1.59939000e-06
1.26812027e+02	2026-09-04T17:34:55.783806	0.00000000e+00	1	31	-5.15699000e-05	-2.14085000e-06	4.00195000e-01	2.06154000e-06
1.26849658e+02	2026-09-04T17:34:55.824042	0.00000000e+00	1	31	-5.31912000e-05	-2.66992000e-06	4.50257000e-01	2.70510000e-06
1.26859630e+02	2026-09-04T17:34:55.833695	0.00000000e+00	1	31	-5.53370000e-05	-2.96408000e-06	5.00260000e-01	2.81293000e-06
1.26887035e+02	2026-09-04T17:34:55.864003	0.00000000e+00	1	31	-5.54323000e-05	-3.62147000e-06	5.50314000e-01	3.50057000e-06
1.26908716e+02	2026-09-04T17:34:55.886436	0.00000000e+00	1	31	-2.69175000e-05	-4.88220000e-06	6.00344000e-01	4.84134000e-06
1.26923600e+02	2026-09-04T17:34:55.893988	0.00000000e+00	1	31	-5.89371000e-05	-5.23350000e-06	6.50412000e-01	7.07845000e-06
1.26955345e+02	2026-09-04T17:34:55.928726	0.00000000e+00	1	31	-3.01600000e-05	-8.56022000e-06	7.00404000e-01	9.67932000e-06
1.26980743e+02	2026-09-04T17:34:55.953918	0.00000000e+00	1	31	-7.51019000e-06	-1.52840000e-05	7.50499000e-01	1.59197000e-05
1.26999180e+02	2026-09-04T17:34:55.973725	0.00000000e+00	1	31	-5.61476000e-05	-1.58580000e-05	8.00499000e-01	1.52446000e-05
1.27019390e+02	2026-09-04T17:34:55.993762	0.00000000e+00	1	31	--	--	8.50563000e-01	5.30143000e-04
1.27047219e+02	2026-09-04T17:34:56.024086	0.00000000e+00	1	31	--	--	9.00580000e-01	5.30133000e-04
1.27055028e+02	2026-09-04T17:34:56.032307	0.00000000e+00	1	31	--	--	9.50646000e-01	5.30134000e-04
1.27062950e+02	2026-09-04T17:34:56.040322	0.00000000e+00	1	31	--	--	1.00066000e+00	5.30141000e-04
1.27080758e+02	2026-09-04T17:34:56.053806	0.00000000e+00	1	31	--	--	1.05071000e+00	5.30134000e-04
1.27114666e+02	2026-09-04T17:34:56.088043	0.00000000e+00	1	31	--	--	1.10072000e+00	5.30137000e-04
1.27137542e+02	2026-09-04T17:34:56.113703	0.00000000e+00	1	31	--	--	1.15080000e+00	5.30130000e-04
1.27145800e+02	2026-09-04T17:34:56.124013	0.00000000e+00	1	31	--	--	1.20081000e+00	5.30138000e-04
1.27175545e+02	2026-09-04T17:34:56.152016	0.00000000e+00	1	31	--	--	1.25089000e+00	5.30136000e-04
1.27190794e+02	2026-09-04T17:34:56.164005	0.00000000e+00	1	31	--	--	1.30087000e+00	5.30134000e-04
1.27204361e+02	2026-09-04T17:34:56.173895	0.00000000e+00	1	31	--	--	1.35095000e+00	5.30137000e-04
1.27227782e+02	2026-09-04T17:34:56.205039	0.00000000e+00	1	31	--	--	1.40097000e+00	5.30137000e-04
1.27250868e+02	2026-09-04T17:34:56.223892	0.00000000e+00	1	31	--	--	1.45100000e+00	5.30132000e-04
1.27275541e+02	2026-09-04T17:34:56.252954	0.00000000e+00	1	31	--	--	1.50101000e+00	5.30130000e-04
1.27286487e+02	2026-09-04T17:34:56.263991	0.00000000e+00	1	31	--	--	1.55106000e+00	5.30136000e-04
1.27306803e+02	2026-09-04T17:34:56.284110	0.00000000e+00	1	31	--	--	1.60110000e+00	5.30141000e-04
1.27314765e+02	2026-09-04T17:34:56.284110	0.00000000e+00	1	31	--	--	1.65113000e+00	5.30134000e-04
1.27339977e+02	2026-09-04T17:34:56.315706	0.00000000e+00	1	31	--	--	1.70116000e+00	5.30133000e-04
1.27348860e+02	2026-09-04T17:34:56.324002	0.00000000e+00	1	31	--	--	1.75120000e+00	5.30142000e-04
1.27375664e+02	2026-09-04T17:34:56.347398	0.00000000e+00	1	31	--	--	1.80123000e+00	5.30133000e-04
1.27383345e+02	2026-09-04T17:34:56.360099	0.00000000e+00	1	31	--	--	1.85127000e+00	5.30137000e-04
1.27414622e+02	2026-09-04T17:34:56.383787	0.00000000e+00	1	31	--	--	1.90130000e+00	5.30136000e-04
1.27447454e+02	2026-09-04T17:34:56.424068	0.00000000e+00	1	31	--	--	1.95133000e+00	5.30136000e-04
1.27474639e+02	2026-09-04T17:34:56.443675	0.00000000e+00	1	31	--	--	2.00136000e+00	5.30135000e-04
1.27487602e+02	2026-09-04T17:34:56.463660	0.00000000e+00	1	31	--	--	2.00137000e+00	5.30137000e-04
1.27497368e+02	2026-09-04T17:34:56.474051	0.00000000e+00	1	31	--	--	1.95132000e+00	5.30140000e-04
1.27526800e+02	2026-09-04T17:34:56.503903	0.00000000e+00	1	31	--	--	1.90130000e+00	5.30142000e-04
1.27566338e+02	2026-09-04T17:34:56.543867	0.00000000e+00	1	31	--	--	1.85126000e+00	5.30143000e-04
1.27593390e+02	2026-09-04T17:34:56.570310	0.00000000e+00	1	31	--	--	1.80124000e+00	5.30135000e-04
1.27602181e+02	2026-09-04T17:34:56.573787	0.00000000e+00	1	31	--	--	1.75121000e+00	5.30135000e-04
1.27624112e+02	2026-09-04T17:34:56.601868	0.00000000e+00	1	31	--	--	1.70116000e+00	5.30136000e-04
1.27646692e+02	2026-09-04T17:34:56.624001	0.00000000e+00	1	31	--	--	1.65115000e+00	5.30136000e-04
1.27654931e+02	2026-09-04T17:34:56.624001	0.00000000e+00	1	31	--	--	1.60109000e+00	5.30138000e-04
1.27681131e+02	2026-09-04T17:34:56.658498	0.00000000e+00	1	31	--	--	1.55106000e+00	5.30136000e-04
1.27704372e+02	2026-09-04T17:34:56.681777	0.00000000e+00	1	31	--	--	1.50103000e+00	5.30137000e-04
1.27729728e+02	2026-09-04T17:34:56.703989	0.00000000e+00	1	31	--	--	1.45102000e+00	5.30138000e-04
1.27752999e+02	2026-09-04T17:34:56.730341	0.00000000e+00	1	31	--	--	1.40097000e+00	5.30132000e-04
1.27762508e+02	2026-09-04T17:34:56.734175	0.00000000e+00	1	31	--	--	1.35093000e+00	5.30137000e-04
1.27784786e+02	2026-09-04T17:34:56.762372	0.00000000e+00	1	31	--	--	1.30091000e+00	5.30135000e-04
1.27811288e+02	2026-09-04T17:34:56.783635	0.00000000e+00	1	31	--	--	1.25086000e+00	5.30131000e-04
1.27831359e+02	2026-09-04T17:34:56.809736	0.00000000e+00	1	31	--	--	1.20082000e+00	5.30133000e-04
1.27853130e+02	2026-09-04T17:34:56.825523	0.00000000e+00	1	31	--	--	1.15080000e+00	5.30136000e-04
1.27861033e+02	2026-09-04T17:34:56.833653	0.00000000e+00	1	31	--	--	1.10073000e+00	5.30137000e-04
1.27872006e+02	2026-09-04T17:34:56.843659	0.00000000e+00	1	31	--	--	1.05073000e+00	5.30140000e-04
1.27886569e+02	2026-09-04T17:34:56.863841	0.00000000e+00	1	31	--	--	1.00067000e+00	5.30136000e-04
1.27911867e+02	2026-09-04T17:34:56.889060	0.00000000e+00	1	31	--	--	9.50636000e-01	5.30132000e-04
1.27919707e+02	2026-09-04T17:34:56.893879	0.00000000e+00	1	31	--	--	9.00586000e-01	5.30133000e-04
1.27943205e+02	2026-09-04T17:34:56.920905	0.00000000e+00	1	31	--	--	8.50578000e-01	5.30137000e-04
1.27960232e+02	2026-09-04T17:34:56.936898	0.00000000e+00	1	31	--	--	8.00516000e-01	5.30136000e-04
1.27999529e+02	2026-09-04T17:34:56.973934	0.00000000e+00	1	31	--	--	7.50492000e-01	5.30136000e-04
1.28022909e+02	2026-09-04T17:34:57.000322	0.00000000e+00	1	31	--	--	7.00432000e-01	5.30136000e-04
1.28042821e+02	2026-09-04T17:34:57.016372	0.00000000e+00	1	31	--	--	6.50411000e-01	5.30135000e-04
1.28069429e+02	2026-09-04T17:34:57.043918	0.00000000e+00	1	31	--	--	6.00339000e-01	5.30138000e-04
1.28091763e+02	2026-09-04T17:34:57.063940	0.00000000e+00	1	31	--	--	5.50331000e-01	5.30141000e-04
1.28102261e+02	2026-09-04T17:34:57.079839	0.00000000e+00	1	31	--	--	5.00280000e-01	5.30136000e-04
1.28128836e+02	2026-09-04T17:34:57.103848	0.00000000e+00	1	31	--	--	4.50244000e-01	5.30141000e-04
1.28142289e+02	2026-09-04T17:34:57.113843	0.00000000e+00	1	31	1.57903000e-01	-5.30221000e-04	4.00176000e-01	5.30144000e-04
1.28166155e+02	2026-09-04T17:34:57.143714	0.00000000e+00	1	31	1.07869000e-01	-5.30221000e-04	3.50173000e-01	5.30143000e-04
1.28175044e+02	2026-09-04T17:34:57.143714	0.00000000e+00	1	31	5.80120000e-02	-5.30226000e-04	3.00109000e-01	5.30136000e-04
1.28187339e+02	2026-09-04T17:34:57.164086	0.00000000e+00	1	31	8.11098000e-03	-5.30222000e-04	2.50091000e-01	5.30140000e-04
1.28220306e+02	2026-09-04T17:34:57.193855	0.00000000e+00	1	31	-7.59363000e-05	-4.34368000e-04	2.00181000e-01	4.34277000e-04
1.28230122e+02	2026-09-04T17:34:57.207469	0.00000000e+00	1	31	-6.33478000e-05	-3.22295000e-04	1.50145000e-01	3.22155000e-04
1.28251038e+02	2026-09-04T17:34:57.223781	0.00000000e+00	1	31	-6.40631000e-05	-2.12934000e-04	1.00111000e-01	2.12844000e-04
1.28258748e+02	2026-09-04T17:34:57.233874	0.00000000e+00	1	31	-5.39064000e-05	-1.05855000e-04	5.00783000e-02	1.05927000e-04
1.28266629e+02	2026-09-04T17:34:57.244051	0.00000000e+00	1	31	-4.88758000e-05	-2.90239000e-07	2.89440000e-05	2.83341000e-07
1.30407237e+02	2026-09-04T17:34:59.383820	0.00000000e+00	1	32	-5.40733000e-05	-3.29208000e-10	3.24726000e-05	5.20492000e-10
1.30446293e+02	2026-09-04T17:34:59.414039	0.00000000e+00	1	32	-2.34127000e-05	-1.83443000e-07	5.00599000e-02	2.09061000e-07
1.30473667e+02	2026-09-04T17:34:59.443742	0.00000000e+00	1	32	-5.13792000e-05	-3.77379000e-07	1.00117000e-01	3.81299000e-07
1.30488109e+02	2026-09-04T17:34:59.464916	0.00000000e+00	1	32	-4.98533000e-05	-6.11660000e-07	1.50153000e-01	6.24527000e-07
1.30496063e+02	2026-09-04T17:34:59.473847	0.00000000e+00	1	32	-4.64439000e-05	-9.68967000e-07	2.00194000e-01	9.25573000e-07
1.30503956e+02	2026-09-04T17:34:59.473847	0.00000000e+00	1	32	-5.83887000e-05	-1.34472000e-06	2.50103000e-01	1.34718000e-06
1.30516444e+02	2026-09-04T17:34:59.493793	0.00000000e+00	1	32	-5.20945000e-05	-1.81794000e-06	3.00140000e-01	1.75688000e-06
1.30525979e+02	2026-09-04T17:34:59.503654	0.00000000e+00	1	32	-5.74112000e-05	-2.49125000e-06	3.50197000e-01	2.54170000e-06
1.30578110e+02	2026-09-04T17:34:59.555390	0.00000000e+00	1	32	-4.90427000e-05	-2.99263000e-06	4.00194000e-01	2.85747000e-06
1.30586295e+02	2026-09-04T17:34:59.563816	0.00000000e+00	1	32	-5.20229000e-05	-3.43716000e-06	4.50269000e-01	3.25483000e-06
1.30612960e+02	2026-09-04T17:34:59.587427	0.00000000e+00	1	32	-5.41687000e-05	-4.56604000e-06	5.00303000e-01	5.44379000e-06
1.30652240e+02	2026-09-04T17:34:59.624055	0.00000000e+00	1	32	-5.66006000e-05	-6.40667000e-06	5.50332000e-01	5.30153000e-04
1.30682320e+02	2026-09-04T17:34:59.659896	0.00000000e+00	1	32	1.73227000e-01	-5.30255000e-04	6.00356000e-01	5.30144000e-04
1.30704940e+02	2026-09-04T17:34:59.675695	0.00000000e+00	1	32	--	--	6.50429000e-01	5.30146000e-04
1.30730443e+02	2026-09-04T17:34:59.707206	0.00000000e+00	1	32	--	--	7.00421000e-01	5.30142000e-04
1.30741780e+02	2026-09-04T17:34:59.718014	0.00000000e+00	1	32	--	--	7.50487000e-01	5.30140000e-04
1.30754710e+02	2026-09-04T17:34:59.723984	0.00000000e+00	1	32	--	--	8.00525000e-01	5.30140000e-04
1.30776423e+02	2026-09-04T17:34:59.753947	0.00000000e+00	1	32	--	--	8.50567000e-01	5.30140000e-04
1.30811814e+02	2026-09-04T17:34:59.785548	0.00000000e+00	1	32	--	--	9.00583000e-01	5.30142000e-04
1.30821465e+02	2026-09-04T17:34:59.793854	0.00000000e+00	1	32	--	--	9.50656000e-01	5.30138000e-04
1.30843209e+02	2026-09-04T17:34:59.817078	0.00000000e+00	1	32	--	--	1.00069000e+00	5.30137000e-04
1.30851202e+02	2026-09-04T17:34:59.827346	0.00000000e+00	1	32	--	--	1.05073000e+00	5.30138000e-04
1.30858964e+02	2026-09-04T17:34:59.833883	0.00000000e+00	1	32	--	--	1.10073000e+00	5.30142000e-04
1.30876306e+02	2026-09-04T17:34:59.853655	0.00000000e+00	1	32	--	--	1.15080000e+00	5.30137000e-04
1.30887810e+02	2026-09-04T17:34:59.865300	0.00000000e+00	1	32	--	--	1.20083000e+00	5.30132000e-04
1.30901403e+02	2026-09-04T17:34:59.873871	0.00000000e+00	1	32	--	--	1.25088000e+00	5.30139000e-04
1.30927396e+02	2026-09-04T17:34:59.905177	0.00000000e+00	1	32	--	--	1.30090000e+00	5.30138000e-04
1.30935217e+02	2026-09-04T17:34:59.905177	0.00000000e+00	1	32	--	--	1.35095000e+00	5.30136000e-04
1.30943321e+02	2026-09-04T17:34:59.920890	0.00000000e+00	1	32	--	--	1.40096000e+00	5.30140000e-04
1.30994053e+02	2026-09-04T17:34:59.971472	0.00000000e+00	1	32	--	--	1.45102000e+00	5.30137000e-04
1.31001979e+02	2026-09-04T17:34:59.973985	0.00000000e+00	1	32	--	--	1.50099000e+00	5.30140000e-04
1.31025352e+02	2026-09-04T17:35:00.003037	0.00000000e+00	1	32	--	--	1.55109000e+00	5.30140000e-04
1.31061796e+02	2026-09-04T17:35:00.034716	0.00000000e+00	1	32	--	--	1.60111000e+00	5.30146000e-04
1.31070847e+02	2026-09-04T17:35:00.045157	0.00000000e+00	1	32	--	--	1.65116000e+00	5.30138000e-04
1.31092235e+02	2026-09-04T17:35:00.066449	0.00000000e+00	1	32	--	--	1.70116000e+00	5.30136000e-04
1.31099709e+02	2026-09-04T17:35:00.073886	0.00000000e+00	1	32	--	--	1.75121000e+00	5.30136000e-04
1.31109711e+02	2026-09-04T17:35:00.084023	0.00000000e+00	1	32	--	--	1.80122000e+00	5.30135000e-04
1.31121383e+02	2026-09-04T17:35:00.098253	0.00000000e+00	1	32	--	--	1.85125000e+00	5.30134000e-04
1.31150501e+02	2026-09-04T17:35:00.123943	0.00000000e+00	1	32	--	--	1.90128000e+00	5.30136000e-04
1.31174407e+02	2026-09-04T17:35:00.145436	0.00000000e+00	1	32	--	--	1.95135000e+00	5.30140000e-04
1.31182919e+02	2026-09-04T17:35:00.161101	0.00000000e+00	1	32	--	--	2.00135000e+00	5.30135000e-04
1.31220833e+02	2026-09-04T17:35:00.193964	0.00000000e+00	1	32	--	--	2.00135000e+00	5.30139000e-04
1.31237940e+02	2026-09-04T17:35:00.213903	0.00000000e+00	1	32	--	--	1.95134000e+00	5.30134000e-04
1.31262033e+02	2026-09-04T17:35:00.239699	0.00000000e+00	1	32	--	--	1.90129000e+00	5.30134000e-04
1.31269909e+02	2026-09-04T17:35:00.243887	0.00000000e+00	1	32	--	--	1.85128000e+00	5.30137000e-04
1.31293921e+02	2026-09-04T17:35:00.271423	0.00000000e+00	1	32	--	--	1.80124000e+00	5.30139000e-04
1.31327904e+02	2026-09-04T17:35:00.303976	0.00000000e+00	1	32	--	--	1.75120000e+00	5.30140000e-04
1.31357285e+02	2026-09-04T17:35:00.334888	0.00000000e+00	1	32	--	--	1.70115000e+00	5.30135000e-04
1.31366328e+02	2026-09-04T17:35:00.343698	0.00000000e+00	1	32	--	--	1.65113000e+00	5.30142000e-04
1.31393192e+02	2026-09-04T17:35:00.366687	0.00000000e+00	1	32	--	--	1.60109000e+00	5.30142000e-04
1.31411671e+02	2026-09-04T17:35:00.384051	0.00000000e+00	1	32	--	--	1.55109000e+00	5.30135000e-04
1.31420096e+02	2026-09-04T17:35:00.398457	0.00000000e+00	1	32	--	--	1.50101000e+00	5.30140000e-04
1.31441692e+02	2026-09-04T17:35:00.413915	0.00000000e+00	1	32	--	--	1.45102000e+00	5.30142000e-04
1.31449332e+02	2026-09-04T17:35:00.423875	0.00000000e+00	1	32	--	--	1.40097000e+00	5.30136000e-04
1.31474574e+02	2026-09-04T17:35:00.445682	0.00000000e+00	1	32	--	--	1.35093000e+00	5.30139000e-04
1.31497744e+02	2026-09-04T17:35:00.473861	0.00000000e+00	1	32	--	--	1.30089000e+00	5.30130000e-04
1.31519877e+02	2026-09-04T17:35:00.493631	0.00000000e+00	1	32	--	--	1.25087000e+00	5.30132000e-04
1.31527452e+02	2026-09-04T17:35:00.503694	0.00000000e+00	1	32	--	--	1.20084000e+00	5.30138000e-04
1.31540860e+02	2026-09-04T17:35:00.518932	0.00000000e+00	1	32	--	--	1.15080000e+00	5.30135000e-04
1.31566132e+02	2026-09-04T17:35:00.543917	0.00000000e+00	1	32	--	--	1.10073000e+00	5.30137000e-04
1.31577238e+02	2026-09-04T17:35:00.553901	0.00000000e+00	1	32	--	--	1.05073000e+00	5.30137000e-04
1.31589603e+02	2026-09-04T17:35:00.565875	0.00000000e+00	1	32	--	--	1.00067000e+00	5.30138000e-04
1.31597861e+02	2026-09-04T17:35:00.574069	0.00000000e+00	1	32	--	--	9.50648000e-01	5.30137000e-04
1.31605441e+02	2026-09-04T17:35:00.574069	0.00000000e+00	1	32	--	--	9.00583000e-01	5.30141000e-04
1.31633772e+02	2026-09-04T17:35:00.603652	0.00000000e+00	1	32	--	--	8.50585000e-01	5.30137000e-04
1.31650490e+02	2026-09-04T17:35:00.624075	0.00000000e+00	1	32	--	--	8.00506000e-01	5.30144000e-04
1.31667870e+02	2026-09-04T17:35:00.646181	0.00000000e+00	1	32	--	--	7.50494000e-01	5.30138000e-04
1.31699366e+02	2026-09-04T17:35:00.673692	0.00000000e+00	1	32	--	--	7.00422000e-01	5.30141000e-04
1.31732699e+02	2026-09-04T17:35:00.710558	0.00000000e+00	1	32	--	--	6.50396000e-01	5.30146000e-04
1.31749399e+02	2026-09-04T17:35:00.723958	0.00000000e+00	1	32	1.90180000e-01	-5.30218000e-04	6.00338000e-01	5.30138000e-04
1.31757457e+02	2026-09-04T17:35:00.733967	0.00000000e+00	1	32	1.40227000e-01	-5.30227000e-04	5.50303000e-01	5.30138000e-04
1.31765108e+02	2026-09-04T17:35:00.733967	0.00000000e+00	1	32	8.95159000e-02	-5.30226000e-04	5.00286000e-01	5.30145000e-04
1.31781025e+02	2026-09-04T17:35:00.753751	0.00000000e+00	1	32	3.93919000e-02	-5.30222000e-04	4.50252000e-01	5.30144000e-04
1.31807335e+02	2026-09-04T17:35:00.784064	0.00000000e+00	1	32	-9.64403000e-05	-5.17676000e-04	4.00180000e-01	5.17791000e-04
1.31817085e+02	2026-09-04T17:35:00.795200	0.00000000e+00	1	32	-8.79049000e-05	-4.53615000e-04	3.50169000e-01	4.53839000e-04
1.31838825e+02	2026-09-04T17:35:00.813858	0.00000000e+00	1	32	-8.86202000e-05	-3.88613000e-04	3.00124000e-01	3.92682000e-04
1.31846840e+02	2026-09-04T17:35:00.823785	0.00000000e+00	1	32	-8.19683000e-05	-3.31362000e-04	2.50103000e-01	3.31505000e-04
1.31902526e+02	2026-09-04T17:35:00.873789	0.00000000e+00	1	32	-6.94513000e-05	-2.68818000e-04	2.00187000e-01	2.68615000e-04
1.31911065e+02	2026-09-04T17:35:00.883806	0.00000000e+00	1	32	-7.35045000e-05	-2.02715000e-04	1.50153000e-01	2.03363000e-04
1.31933265e+02	2026-09-04T17:35:00.905412	0.00000000e+00	1	32	-6.27995000e-05	-1.35989000e-04	1.00115000e-01	1.36170000e-04
1.31948846e+02	2026-09-04T17:35:00.923955	0.00000000e+00	1	32	-5.89371000e-05	-6.82175000e-05	5.00755000e-02	6.81805000e-05
1.31979743e+02	2026-09-04T17:35:00.953826	0.00000000e+00	1	32	-5.35488000e-05	-2.18199000e-07	3.92914000e-05	1.87937000e-07
1.33827196e+02	2026-09-04T17:35:02.803638	0.00000000e+00	1	33	-5.80311000e-05	-5.61488000e-10	3.86715000e-05	6.76393000e-10
1.33851691e+02	2026-09-04T17:35:02.829138	0.00000000e+00	1	33	-3.33071000e-05	-2.19785000e-07	5.00609000e-02	2.38098000e-07
1.33871498e+02	2026-09-04T17:35:02.844939	0.00000000e+00	1	33	-6.13689000e-05	-4.33674000e-07	1.00121000e-01	4.31479000e-07
1.33896594e+02	2026-09-04T17:35:02.873747	0.00000000e+00	1	33	-6.14643000e-05	-7.72583000e-07	1.50149000e-01	7.67041000e-07
1.33918963e+02	2026-09-04T17:35:02.893816	0.00000000e+00	1	33	-5.27382000e-05	-1.01389000e-06	2.00183000e-01	1.07836000e-06
1.33947545e+02	2026-09-04T17:35:02.923956	0.00000000e+00	1	33	-5.95570000e-05	-1.69630000e-06	2.50105000e-01	1.60913000e-06
1.33956524e+02	2026-09-04T17:35:02.933852	0.00000000e+00	1	33	-6.10113000e-05	-2.04184000e-06	3.00130000e-01	1.84983000e-06
1.33976484e+02	2026-09-04T17:35:02.953930	0.00000000e+00	1	33	-8.11577000e-05	-3.31564000e-04	3.50164000e-01	3.29558000e-04
1.34003053e+02	2026-09-04T17:35:02.973750	0.00000000e+00	1	33	-8.88825000e-05	-3.78348000e-04	4.00190000e-01	3.80439000e-04
1.34025043e+02	2026-09-04T17:35:03.002513	0.00000000e+00	1	33	-8.86202000e-05	-4.50872000e-04	4.50257000e-01	4.56487000e-04
1.34058041e+02	2026-09-04T17:35:03.033846	0.00000000e+00	1	33	1.71629000e-01	-5.30221000e-04	5.00267000e-01	5.30144000e-04
1.34079577e+02	2026-09-04T17:35:03.053966	0.00000000e+00	1	33	--	--	5.50322000e-01	5.30144000e-04
1.34103949e+02	2026-09-04T17:35:03.081301	0.00000000e+00	1	33	--	--	6.00356000e-01	5.30138000e-04
1.34113070e+02	2026-09-04T17:35:03.083950	0.00000000e+00	1	33	--	--	6.50405000e-01	5.30142000e-04
1.34129560e+02	2026-09-04T17:35:03.107820	0.00000000e+00	1	33	--	--	7.00452000e-01	5.30136000e-04
1.34150714e+02	2026-09-04T17:35:03.128927	0.00000000e+00	1	33	--	--	7.50492000e-01	5.30144000e-04
1.34179090e+02	2026-09-04T17:35:03.154038	0.00000000e+00	1	33	--	--	8.00494000e-01	5.30137000e-04
1.34186945e+02	2026-09-04T17:35:03.163993	0.00000000e+00	1	33	--	--	8.50589000e-01	5.30140000e-04
1.34194500e+02	2026-09-04T17:35:03.171063	0.00000000e+00	1	33	--	--	9.00573000e-01	5.30135000e-04
1.34219738e+02	2026-09-04T17:35:03.196036	0.00000000e+00	1	33	--	--	9.50640000e-01	5.30140000e-04
1.34240466e+02	2026-09-04T17:35:03.213604	0.00000000e+00	1	33	--	--	1.00067000e+00	5.30139000e-04
1.34266735e+02	2026-09-04T17:35:03.243608	0.00000000e+00	1	33	--	--	1.05074000e+00	5.30136000e-04
1.34275299e+02	2026-09-04T17:35:03.253646	0.00000000e+00	1	33	--	--	1.10074000e+00	5.30137000e-04
1.34293260e+02	2026-09-04T17:35:03.271140	0.00000000e+00	1	33	--	--	1.15080000e+00	5.30137000e-04
1.34306353e+02	2026-09-04T17:35:03.283635	0.00000000e+00	1	33	--	--	1.20083000e+00	5.30139000e-04
1.34331001e+02	2026-09-04T17:35:03.303654	0.00000000e+00	1	33	--	--	1.25087000e+00	5.30140000e-04
1.34363161e+02	2026-09-04T17:35:03.337559	0.00000000e+00	1	33	--	--	1.30089000e+00	5.30133000e-04
1.34371345e+02	2026-09-04T17:35:03.343637	0.00000000e+00	1	33	--	--	1.35096000e+00	5.30138000e-04
1.34392046e+02	2026-09-04T17:35:03.369980	0.00000000e+00	1	33	--	--	1.40098000e+00	5.30135000e-04
1.34402196e+02	2026-09-04T17:35:03.373881	0.00000000e+00	1	33	--	--	1.45101000e+00	5.30132000e-04
1.34424192e+02	2026-09-04T17:35:03.401492	0.00000000e+00	1	33	--	--	1.50103000e+00	5.30136000e-04
1.34432241e+02	2026-09-04T17:35:03.404001	0.00000000e+00	1	33	--	--	1.55106000e+00	5.30138000e-04
1.34455914e+02	2026-09-04T17:35:03.433896	0.00000000e+00	1	33	--	--	1.60111000e+00	5.30138000e-04
1.34463834e+02	2026-09-04T17:35:03.433896	0.00000000e+00	1	33	--	--	1.65114000e+00	5.30134000e-04
1.34491784e+02	2026-09-04T17:35:03.468880	0.00000000e+00	1	33	--	--	1.70116000e+00	5.30139000e-04
1.34502801e+02	2026-09-04T17:35:03.480977	0.00000000e+00	1	33	--	--	1.75120000e+00	5.30137000e-04
1.34531716e+02	2026-09-04T17:35:03.503748	0.00000000e+00	1	33	--	--	1.80122000e+00	5.30136000e-04
1.34539380e+02	2026-09-04T17:35:03.514063	0.00000000e+00	1	33	--	--	1.85128000e+00	5.30136000e-04
1.34551734e+02	2026-09-04T17:35:03.528216	0.00000000e+00	1	33	--	--	1.90130000e+00	5.30140000e-04
1.34574654e+02	2026-09-04T17:35:03.543825	0.00000000e+00	1	33	--	--	1.95133000e+00	5.30138000e-04
1.34592244e+02	2026-09-04T17:35:03.563803	0.00000000e+00	1	33	--	--	2.00136000e+00	5.30142000e-04
1.34600548e+02	2026-09-04T17:35:03.575618	0.00000000e+00	1	33	--	--	2.00137000e+00	5.30138000e-04
1.34618755e+02	2026-09-04T17:35:03.593984	0.00000000e+00	1	33	--	--	1.95135000e+00	5.30142000e-04
1.34626711e+02	2026-09-04T17:35:03.603983	0.00000000e+00	1	33	--	--	1.90131000e+00	5.30139000e-04
1.34645296e+02	2026-09-04T17:35:03.622911	0.00000000e+00	1	33	--	--	1.85128000e+00	5.30139000e-04
1.34657263e+02	2026-09-04T17:35:03.633837	0.00000000e+00	1	33	--	--	1.80122000e+00	5.30139000e-04
1.34685681e+02	2026-09-04T17:35:03.663662	0.00000000e+00	1	33	--	--	1.75122000e+00	5.30142000e-04
1.34694513e+02	2026-09-04T17:35:03.671136	0.00000000e+00	1	33	--	--	1.70115000e+00	5.30140000e-04
1.34702286e+02	2026-09-04T17:35:03.673664	0.00000000e+00	1	33	--	--	1.65115000e+00	5.30139000e-04
1.34724157e+02	2026-09-04T17:35:03.701543	0.00000000e+00	1	33	--	--	1.60109000e+00	5.30137000e-04
1.34749306e+02	2026-09-04T17:35:03.727633	0.00000000e+00	1	33	--	--	1.55108000e+00	5.30137000e-04
1.34778845e+02	2026-09-04T17:35:03.753874	0.00000000e+00	1	33	--	--	1.50101000e+00	5.30141000e-04
1.34787305e+02	2026-09-04T17:35:03.765120	0.00000000e+00	1	33	--	--	1.45103000e+00	5.30143000e-04
1.34832700e+02	2026-09-04T17:35:03.807348	0.00000000e+00	1	33	--	--	1.40095000e+00	5.30138000e-04
1.34860314e+02	2026-09-04T17:35:03.836053	0.00000000e+00	1	33	--	--	1.35095000e+00	5.30137000e-04
1.34883089e+02	2026-09-04T17:35:03.860775	0.00000000e+00	1	33	--	--	1.30087000e+00	5.30141000e-04
1.34891122e+02	2026-09-04T17:35:03.863629	0.00000000e+00	1	33	--	--	1.25088000e+00	5.30136000e-04
1.34915963e+02	2026-09-04T17:35:03.893760	0.00000000e+00	1	33	--	--	1.20081000e+00	5.30138000e-04
1.34927092e+02	2026-09-04T17:35:03.903976	0.00000000e+00	1	33	--	--	1.15081000e+00	5.30142000e-04
1.34953341e+02	2026-09-04T17:35:03.923761	0.00000000e+00	1	33	--	--	1.10074000e+00	5.30135000e-04
1.34961689e+02	2026-09-04T17:35:03.939807	0.00000000e+00	1	33	--	--	1.05073000e+00	5.30140000e-04
1.35000012e+02	2026-09-04T17:35:03.974139	0.00000000e+00	1	33	--	--	1.00069000e+00	5.30133000e-04
1.35007645e+02	2026-09-04T17:35:03.983957	0.00000000e+00	1	33	--	--	9.50657000e-01	5.30137000e-04
1.35034025e+02	2026-09-04T17:35:04.003978	0.00000000e+00	1	33	--	--	9.00571000e-01	5.30134000e-04
1.35057966e+02	2026-09-04T17:35:04.035476	0.00000000e+00	1	33	--	--	8.50594000e-01	5.30139000e-04
1.35081210e+02	2026-09-04T17:35:04.053802	0.00000000e+00	1	33	--	--	8.00511000e-01	5.30138000e-04
1.35107637e+02	2026-09-04T17:35:04.083876	0.00000000e+00	1	33	--	--	7.50493000e-01	5.30145000e-04
1.35116777e+02	2026-09-04T17:35:04.094043	0.00000000e+00	1	33	--	--	7.00437000e-01	5.30143000e-04
1.35135923e+02	2026-09-04T17:35:04.113757	0.00000000e+00	1	33	--	--	6.50417000e-01	5.30141000e-04
1.35158675e+02	2026-09-04T17:35:04.133860	0.00000000e+00	1	33	--	--	6.00341000e-01	5.30139000e-04
1.35167016e+02	2026-09-04T17:35:04.143760	0.00000000e+00	1	33	--	--	5.50321000e-01	5.30141000e-04
1.35193920e+02	2026-09-04T17:35:04.171868	0.00000000e+00	1	33	--	--	5.00275000e-01	5.30144000e-04
1.35224742e+02	2026-09-04T17:35:04.195621	0.00000000e+00	1	33	1.71010000e-01	-5.30222000e-04	4.50277000e-01	5.30142000e-04
1.35245450e+02	2026-09-04T17:35:04.223645	0.00000000e+00	1	33	1.20928000e-01	-5.30221000e-04	4.00195000e-01	5.30146000e-04
1.35262317e+02	2026-09-04T17:35:04.233640	0.00000000e+00	1	33	7.15589000e-02	-5.30225000e-04	3.50169000e-01	5.30138000e-04
1.35273560e+02	2026-09-04T17:35:04.243998	0.00000000e+00	1	33	2.17848000e-02	-5.30228000e-04	3.00115000e-01	5.30141000e-04
1.35296824e+02	2026-09-04T17:35:04.274076	0.00000000e+00	1	33	-9.05991000e-05	-4.76286000e-04	2.50095000e-01	4.76040000e-04
1.35323343e+02	2026-09-04T17:35:04.295818	0.00000000e+00	1	33	-8.21352000e-05	-3.78854000e-04	2.00189000e-01	3.78787000e-04
1.35343803e+02	2026-09-04T17:35:04.321504	0.00000000e+00	1	33	-7.21455000e-05	-2.81695000e-04	1.50153000e-01	2.81616000e-04
1.35353494e+02	2026-09-04T17:35:04.323710	0.00000000e+00	1	33	-6.44207000e-05	-1.86290000e-04	1.00122000e-01	1.86229000e-04
1.35375219e+02	2026-09-04T17:35:04.352932	0.00000000e+00	1	33	-5.77688000e-05	-9.26961000e-05	5.00756000e-02	9.26218000e-05
1.35398521e+02	2026-09-04T17:35:04.376806	0.00000000e+00	1	33	-5.14746000e-05	-2.92073000e-07	3.46184000e-05	2.20173000e-07
1.37636090e+02	2026-09-04T17:35:06.613822	0.00000000e+00	1	34	-5.73158000e-05	-1.31750000e-10	3.57866000e-05	9.48429000e-11
1.37656320e+02	2026-09-04T17:35:06.634302	0.00000000e+00	1	34	-1.34468000e-05	-5.15703000e-08	5.00637000e-02	1.46612000e-07
1.37688500e+02	2026-09-04T17:35:06.664314	0.00000000e+00	1	34	-4.21286000e-05	-2.73433000e-07	1.00111000e-01	2.14468000e-07
1.37703421e+02	2026-09-04T17:35:06.674359	0.00000000e+00	1	34	-5.56946000e-05	-4.08898000e-07	1.50152000e-01	4.15900000e-07
1.37736741e+02	2026-09-04T17:35:06.713972	0.00000000e+00	1	34	-5.97477000e-05	-3.80568000e-07	2.00183000e-01	4.43330000e-07
1.37767757e+02	2026-09-04T17:35:06.744188	0.00000000e+00	1	34	-5.83887000e-05	-6.08838000e-07	2.50089000e-01	6.37768000e-07
1.37778639e+02	2026-09-04T17:35:06.754206	0.00000000e+00	1	34	-5.31912000e-05	-8.24455000e-07	3.00137000e-01	2.74595000e-04
1.37796837e+02	2026-09-04T17:35:06.774168	0.00000000e+00	1	34	-8.44717000e-05	-3.61310000e-04	3.50152000e-01	3.63454000e-04
1.37832253e+02	2026-09-04T17:35:06.803913	0.00000000e+00	1	34	-7.81775000e-05	-4.23202000e-04	4.00191000e-01	4.23201000e-04
1.37841952e+02	2026-09-04T17:35:06.817021	0.00000000e+00	1	34	-8.06093000e-05	-4.75902000e-04	4.50262000e-01	4.78328000e-04
1.37852936e+02	2026-09-04T17:35:06.825955	0.00000000e+00	1	34	2.08479000e-02	-5.30226000e-04	5.00273000e-01	5.30144000e-04
1.37880693e+02	2026-09-04T17:35:06.853952	0.00000000e+00	1	34	7.68483000e-02	-5.30222000e-04	5.50338000e-01	5.30144000e-04
1.37901691e+02	2026-09-04T17:35:06.879029	0.00000000e+00	1	34	1.33105000e-01	-5.30224000e-04	6.00354000e-01	5.30143000e-04
1.37925428e+02	2026-09-04T17:35:06.895135	0.00000000e+00	1	34	1.90285000e-01	-5.30219000e-04	6.50424000e-01	5.30143000e-04
1.37947951e+02	2026-09-04T17:35:06.923878	0.00000000e+00	1	34	--	--	7.00438000e-01	5.30141000e-04
1.37971515e+02	2026-09-04T17:35:06.944089	0.00000000e+00	1	34	--	--	7.50494000e-01	5.30143000e-04
1.37979913e+02	2026-09-04T17:35:06.953863	0.00000000e+00	1	34	--	--	8.00509000e-01	5.30141000e-04
1.38012323e+02	2026-09-04T17:35:06.990337	0.00000000e+00	1	34	--	--	8.50578000e-01	5.30147000e-04
1.38038510e+02	2026-09-04T17:35:07.013835	0.00000000e+00	1	34	--	--	9.00606000e-01	5.30141000e-04
1.38046975e+02	2026-09-04T17:35:07.024217	0.00000000e+00	1	34	--	--	9.50625000e-01	5.30144000e-04
1.38054793e+02	2026-09-04T17:35:07.024217	0.00000000e+00	1	34	--	--	1.00067000e+00	5.30135000e-04
1.38076881e+02	2026-09-04T17:35:07.054142	0.00000000e+00	1	34	--	--	1.05074000e+00	5.30140000e-04
1.38100122e+02	2026-09-04T17:35:07.073802	0.00000000e+00	1	34	--	--	1.10074000e+00	5.30139000e-04
1.38124514e+02	2026-09-04T17:35:07.102048	0.00000000e+00	1	34	--	--	1.15079000e+00	5.30137000e-04
1.38132554e+02	2026-09-04T17:35:07.104058	0.00000000e+00	1	34	--	--	1.20083000e+00	5.30129000e-04
1.38157146e+02	2026-09-04T17:35:07.134156	0.00000000e+00	1	34	--	--	1.25088000e+00	5.30137000e-04
1.38190297e+02	2026-09-04T17:35:07.165687	0.00000000e+00	1	34	--	--	1.30088000e+00	5.30132000e-04
1.38198636e+02	2026-09-04T17:35:07.173833	0.00000000e+00	1	34	--	--	1.35093000e+00	5.30133000e-04
1.38206939e+02	2026-09-04T17:35:07.183911	0.00000000e+00	1	34	--	--	1.40096000e+00	5.30135000e-04
1.38215190e+02	2026-09-04T17:35:07.183911	0.00000000e+00	1	34	--	--	1.45101000e+00	5.30132000e-04
1.38233135e+02	2026-09-04T17:35:07.204080	0.00000000e+00	1	34	--	--	1.50103000e+00	5.30135000e-04
1.38263055e+02	2026-09-04T17:35:07.234068	0.00000000e+00	1	34	--	--	1.55105000e+00	5.30133000e-04
1.38284523e+02	2026-09-04T17:35:07.261765	0.00000000e+00	1	34	--	--	1.60111000e+00	5.30132000e-04
1.38292755e+02	2026-09-04T17:35:07.263827	0.00000000e+00	1	34	--	--	1.65115000e+00	5.30137000e-04
1.38320819e+02	2026-09-04T17:35:07.294228	0.00000000e+00	1	34	--	--	1.70115000e+00	5.30137000e-04
1.38343481e+02	2026-09-04T17:35:07.313968	0.00000000e+00	1	34	--	--	1.75122000e+00	5.30142000e-04
1.38356634e+02	2026-09-04T17:35:07.334196	0.00000000e+00	1	34	--	--	1.80123000e+00	5.30142000e-04
1.38380375e+02	2026-09-04T17:35:07.358113	0.00000000e+00	1	34	--	--	1.85128000e+00	5.30138000e-04
1.38388940e+02	2026-09-04T17:35:07.363912	0.00000000e+00	1	34	--	--	1.90129000e+00	5.30132000e-04
1.38417006e+02	2026-09-04T17:35:07.394193	0.00000000e+00	1	34	--	--	1.95134000e+00	5.30135000e-04
1.38446665e+02	2026-09-04T17:35:07.423999	0.00000000e+00	1	34	--	--	2.00138000e+00	5.30137000e-04
1.38453493e+02	2026-09-04T17:35:07.423999	0.00000000e+00	1	34	--	--	2.00137000e+00	5.30138000e-04
1.38476147e+02	2026-09-04T17:35:07.454156	0.00000000e+00	1	34	--	--	1.95135000e+00	5.30137000e-04
1.38522848e+02	2026-09-04T17:35:07.496139	0.00000000e+00	1	34	--	--	1.90130000e+00	5.30138000e-04
1.38545790e+02	2026-09-04T17:35:07.524121	0.00000000e+00	1	34	--	--	1.85129000e+00	5.30136000e-04
1.38555390e+02	2026-09-04T17:35:07.533319	0.00000000e+00	1	34	--	--	1.80121000e+00	5.30135000e-04
1.38605626e+02	2026-09-04T17:35:07.581495	0.00000000e+00	1	34	--	--	1.75121000e+00	5.30139000e-04
1.38613428e+02	2026-09-04T17:35:07.584080	0.00000000e+00	1	34	--	--	1.70116000e+00	5.30132000e-04
1.38635594e+02	2026-09-04T17:35:07.613831	0.00000000e+00	1	34	--	--	1.65113000e+00	5.30142000e-04
1.38643836e+02	2026-09-04T17:35:07.613831	0.00000000e+00	1	34	--	--	1.60110000e+00	5.30141000e-04
1.38670743e+02	2026-09-04T17:35:07.645192	0.00000000e+00	1	34	--	--	1.55108000e+00	5.30137000e-04
1.38690052e+02	2026-09-04T17:35:07.663996	0.00000000e+00	1	34	--	--	1.50101000e+00	5.30140000e-04
1.38699035e+02	2026-09-04T17:35:07.676996	0.00000000e+00	1	34	--	--	1.45101000e+00	5.30133000e-04
1.38721860e+02	2026-09-04T17:35:07.693975	0.00000000e+00	1	34	--	--	1.40097000e+00	5.30136000e-04
1.38729875e+02	2026-09-04T17:35:07.703899	0.00000000e+00	1	34	--	--	1.35096000e+00	5.30138000e-04
1.38771838e+02	2026-09-04T17:35:07.743929	0.00000000e+00	1	34	--	--	1.30089000e+00	5.30132000e-04
1.38792527e+02	2026-09-04T17:35:07.763900	0.00000000e+00	1	34	--	--	1.25089000e+00	5.30137000e-04
1.38801482e+02	2026-09-04T17:35:07.773907	0.00000000e+00	1	34	--	--	1.20083000e+00	5.30135000e-04
1.38826601e+02	2026-09-04T17:35:07.803848	0.00000000e+00	1	34	--	--	1.15081000e+00	5.30136000e-04
1.38834924e+02	2026-09-04T17:35:07.803848	0.00000000e+00	1	34	--	--	1.10076000e+00	5.30136000e-04
1.38858680e+02	2026-09-04T17:35:07.835684	0.00000000e+00	1	34	--	--	1.05074000e+00	5.30140000e-04
1.38867581e+02	2026-09-04T17:35:07.843778	0.00000000e+00	1	34	--	--	1.00069000e+00	5.30136000e-04
1.38883718e+02	2026-09-04T17:35:07.853822	0.00000000e+00	1	34	--	--	9.50641000e-01	5.30144000e-04
1.38906788e+02	2026-09-04T17:35:07.884185	0.00000000e+00	1	34	--	--	9.00587000e-01	5.30133000e-04
1.38914878e+02	2026-09-04T17:35:07.884185	0.00000000e+00	1	34	--	--	8.50581000e-01	5.30139000e-04
1.38942205e+02	2026-09-04T17:35:07.915890	0.00000000e+00	1	34	--	--	8.00522000e-01	5.30141000e-04
1.38964058e+02	2026-09-04T17:35:07.942294	0.00000000e+00	1	34	--	--	7.50481000e-01	5.30141000e-04
1.38978179e+02	2026-09-04T17:35:07.954124	0.00000000e+00	1	34	--	--	7.00436000e-01	5.30143000e-04
1.39001924e+02	2026-09-04T17:35:07.979354	0.00000000e+00	1	34	--	--	6.50425000e-01	5.30139000e-04
1.39039782e+02	2026-09-04T17:35:08.013975	0.00000000e+00	1	34	1.78083000e-01	-5.30222000e-04	6.00355000e-01	5.30147000e-04
1.39048390e+02	2026-09-04T17:35:08.023952	0.00000000e+00	1	34	1.27909000e-01	-5.30226000e-04	5.50313000e-01	5.30146000e-04
1.39070552e+02	2026-09-04T17:35:08.043937	0.00000000e+00	1	34	7.73841000e-02	-5.30229000e-04	5.00294000e-01	5.30137000e-04
1.39082560e+02	2026-09-04T17:35:08.058888	0.00000000e+00	1	34	3.02754000e-02	-5.30223000e-04	4.50248000e-01	5.30147000e-04
1.39121810e+02	2026-09-04T17:35:08.098756	0.00000000e+00	1	34	-8.66413000e-05	-5.07029000e-04	4.00181000e-01	5.06501000e-04
1.39143923e+02	2026-09-04T17:35:08.121677	0.00000000e+00	1	34	-8.37565000e-05	-4.44443000e-04	3.50167000e-01	4.44437000e-04
1.39152377e+02	2026-09-04T17:35:08.124289	0.00000000e+00	1	34	-8.15153000e-05	-3.88336000e-04	3.00134000e-01	3.88237000e-04
1.39179155e+02	2026-09-04T17:35:08.154198	0.00000000e+00	1	34	-7.64847000e-05	-3.26411000e-04	2.50094000e-01	3.26701000e-04
1.39199456e+02	2026-09-04T17:35:08.174550	0.00000000e+00	1	34	-7.50303000e-05	-2.65223000e-04	2.00187000e-01	2.65060000e-04
1.39223432e+02	2026-09-04T17:35:08.201245	0.00000000e+00	1	34	-6.77586000e-05	-2.00712000e-04	1.50152000e-01	2.00608000e-04
1.39231641e+02	2026-09-04T17:35:08.203950	0.00000000e+00	1	34	-5.70536000e-05	-1.34649000e-04	1.00118000e-01	1.34746000e-04
1.39256012e+02	2026-09-04T17:35:08.233877	0.00000000e+00	1	34	-6.04630000e-05	-6.73891000e-05	5.00748000e-02	6.74356000e-05
1.39289469e+02	2026-09-04T17:35:08.264818	0.00000000e+00	1	34	-4.94957000e-05	-2.01464000e-07	4.21762000e-05	1.75962000e-07
1.41426643e+02	2026-09-04T17:35:10.403955	0.00000000e+00	1	35	-6.09159000e-05	-1.98293000e-10	3.81231000e-05	2.29967000e-10
1.41438798e+02	2026-09-04T17:35:10.413817	0.00000000e+00	1	35	-2.41280000e-05	-2.54363000e-08	5.00576000e-02	5.20341000e-08
1.41469536e+02	2026-09-04T17:35:10.446181	0.00000000e+00	1	35	-3.71695000e-05	-1.62974000e-07	1.00104000e-01	1.84933000e-07
1.41498097e+02	2026-09-04T17:35:10.475344	0.00000000e+00	1	35	-6.15358000e-05	-2.66731000e-07	1.50150000e-01	2.63583000e-07
1.41522024e+02	2026-09-04T17:35:10.493807	0.00000000e+00	1	35	-5.26428000e-05	-4.19886000e-07	2.00184000e-01	4.20734000e-07
1.41537047e+02	2026-09-04T17:35:10.513836	0.00000000e+00	1	35	-5.01156000e-05	-5.39473000e-07	2.50083000e-01	5.54085000e-07
1.41553130e+02	2026-09-04T17:35:10.523959	0.00000000e+00	1	35	-5.71489000e-05	-7.60260000e-07	3.00097000e-01	7.58278000e-07
1.41566834e+02	2026-09-04T17:35:10.544100	0.00000000e+00	1	35	-6.07252000e-05	-1.00595000e-06	3.50154000e-01	1.03198000e-06
1.41593239e+02	2026-09-04T17:35:10.570905	0.00000000e+00	1	35	-5.48840000e-05	-1.31978000e-06	4.00214000e-01	1.33200000e-06
1.41601042e+02	2026-09-04T17:35:10.577210	0.00000000e+00	1	35	-5.23806000e-05	-1.72638000e-06	4.50251000e-01	1.68272000e-06
1.41625805e+02	2026-09-04T17:35:10.604033	0.00000000e+00	1	35	-5.25475000e-05	-1.98746000e-06	5.00260000e-01	2.00958000e-06
1.41657836e+02	2026-09-04T17:35:10.634097	0.00000000e+00	1	35	-6.22749000e-05	-2.54860000e-06	5.50305000e-01	2.44531000e-06
1.41667938e+02	2026-09-04T17:35:10.643834	0.00000000e+00	1	35	-3.30448000e-05	-2.94391000e-06	6.00353000e-01	3.33762000e-06
1.41688423e+02	2026-09-04T17:35:10.665661	0.00000000e+00	1	35	-5.70536000e-05	-4.05968000e-06	6.50406000e-01	3.88440000e-06
1.41706430e+02	2026-09-04T17:35:10.684204	0.00000000e+00	1	35	-4.55379000e-05	-4.85495000e-06	7.00426000e-01	4.77132000e-06
1.41714468e+02	2026-09-04T17:35:10.684204	0.00000000e+00	1	35	-2.38419000e-06	-6.41182000e-06	7.50495000e-01	6.71300000e-06
1.41741614e+02	2026-09-04T17:35:10.714146	0.00000000e+00	1	35	-3.80754000e-05	-7.82160000e-06	8.00506000e-01	8.05675000e-06
1.41749542e+02	2026-09-04T17:35:10.724184	0.00000000e+00	1	35	-6.23465000e-05	-9.24629000e-06	8.50551000e-01	1.12359000e-05
1.41775061e+02	2026-09-04T17:35:10.744975	0.00000000e+00	1	35	-5.88894000e-06	-1.27009000e-05	9.00604000e-01	1.30981000e-05
1.41796344e+02	2026-09-04T17:35:10.774249	0.00000000e+00	1	35	-5.99384000e-05	-1.62491000e-05	9.50680000e-01	1.53021000e-05
1.41847622e+02	2026-09-04T17:35:10.825355	0.00000000e+00	1	35	--	--	1.00067000e+00	5.30155000e-04
1.41863801e+02	2026-09-04T17:35:10.841452	0.00000000e+00	1	35	--	--	1.05074000e+00	5.30143000e-04
1.41893698e+02	2026-09-04T17:35:10.864200	0.00000000e+00	1	35	--	--	1.10074000e+00	5.30140000e-04
1.41914461e+02	2026-09-04T17:35:10.890382	0.00000000e+00	1	35	--	--	1.15079000e+00	5.30139000e-04
1.41923154e+02	2026-09-04T17:35:10.893932	0.00000000e+00	1	35	--	--	1.20083000e+00	5.30142000e-04
1.41956229e+02	2026-09-04T17:35:10.933925	0.00000000e+00	1	35	--	--	1.25088000e+00	5.30137000e-04
1.42006288e+02	2026-09-04T17:35:10.984004	0.00000000e+00	1	35	--	--	1.30090000e+00	5.30133000e-04
1.42014945e+02	2026-09-04T17:35:10.984004	0.00000000e+00	1	35	--	--	1.35095000e+00	5.30136000e-04
1.42032336e+02	2026-09-04T17:35:11.003758	0.00000000e+00	1	35	--	--	1.40097000e+00	5.30134000e-04
1.42063757e+02	2026-09-04T17:35:11.033674	0.00000000e+00	1	35	--	--	1.45101000e+00	5.30137000e-04
1.42080643e+02	2026-09-04T17:35:11.058525	0.00000000e+00	1	35	--	--	1.50102000e+00	5.30136000e-04
1.42102028e+02	2026-09-04T17:35:11.079708	0.00000000e+00	1	35	--	--	1.55107000e+00	5.30136000e-04
1.42117967e+02	2026-09-04T17:35:11.095651	0.00000000e+00	1	35	--	--	1.60110000e+00	5.30135000e-04
1.42166673e+02	2026-09-04T17:35:11.144088	0.00000000e+00	1	35	--	--	1.65115000e+00	5.30136000e-04
1.42174771e+02	2026-09-04T17:35:11.144088	0.00000000e+00	1	35	--	--	1.70116000e+00	5.30136000e-04
1.42198258e+02	2026-09-04T17:35:11.175674	0.00000000e+00	1	35	--	--	1.75120000e+00	5.30138000e-04
1.42247622e+02	2026-09-04T17:35:11.223896	0.00000000e+00	1	35	--	--	1.80123000e+00	5.30137000e-04
1.42255678e+02	2026-09-04T17:35:11.233721	0.00000000e+00	1	35	--	--	1.85128000e+00	5.30140000e-04
1.42278524e+02	2026-09-04T17:35:11.255716	0.00000000e+00	1	35	--	--	1.90130000e+00	5.30133000e-04
1.42325954e+02	2026-09-04T17:35:11.303904	0.00000000e+00	1	35	--	--	1.95133000e+00	5.30137000e-04
1.42338288e+02	2026-09-04T17:35:11.313896	0.00000000e+00	1	35	--	--	2.00135000e+00	5.30139000e-04
1.42344980e+02	2026-09-04T17:35:11.319447	0.00000000e+00	1	35	--	--	2.00136000e+00	5.30130000e-04
1.42352963e+02	2026-09-04T17:35:11.323838	0.00000000e+00	1	35	--	--	1.95135000e+00	5.30136000e-04
1.42372297e+02	2026-09-04T17:35:11.343976	0.00000000e+00	1	35	--	--	1.90130000e+00	5.30138000e-04
1.42409461e+02	2026-09-04T17:35:11.384262	0.00000000e+00	1	35	--	--	1.85128000e+00	5.30135000e-04
1.42418254e+02	2026-09-04T17:35:11.393982	0.00000000e+00	1	35	--	--	1.80122000e+00	5.30137000e-04
1.42427298e+02	2026-09-04T17:35:11.403888	0.00000000e+00	1	35	--	--	1.75122000e+00	5.30134000e-04
1.42435118e+02	2026-09-04T17:35:11.403888	0.00000000e+00	1	35	--	--	1.70116000e+00	5.30135000e-04
1.42467365e+02	2026-09-04T17:35:11.443972	0.00000000e+00	1	35	--	--	1.65116000e+00	5.30140000e-04
1.42495135e+02	2026-09-04T17:35:11.463928	0.00000000e+00	1	35	--	--	1.60111000e+00	5.30136000e-04
1.42516747e+02	2026-09-04T17:35:11.494081	0.00000000e+00	1	35	--	--	1.55110000e+00	5.30140000e-04
1.42538182e+02	2026-09-04T17:35:11.514046	0.00000000e+00	1	35	--	--	1.50101000e+00	5.30136000e-04
1.42564767e+02	2026-09-04T17:35:11.541494	0.00000000e+00	1	35	--	--	1.45102000e+00	5.30138000e-04
1.42577340e+02	2026-09-04T17:35:11.553995	0.00000000e+00	1	35	--	--	1.40096000e+00	5.30134000e-04
1.42600339e+02	2026-09-04T17:35:11.574046	0.00000000e+00	1	35	--	--	1.35094000e+00	5.30131000e-04
1.42621939e+02	2026-09-04T17:35:11.600159	0.00000000e+00	1	35	--	--	1.30090000e+00	5.30123000e-04
1.42675663e+02	2026-09-04T17:35:11.653021	0.00000000e+00	1	35	--	--	1.25087000e+00	5.30138000e-04
1.42684653e+02	2026-09-04T17:35:11.654098	0.00000000e+00	1	35	--	--	1.20083000e+00	5.30130000e-04
1.42708998e+02	2026-09-04T17:35:11.685317	0.00000000e+00	1	35	--	--	1.15079000e+00	5.30134000e-04
1.42739814e+02	2026-09-04T17:35:11.716981	0.00000000e+00	1	35	--	--	1.10074000e+00	5.30137000e-04
1.42747958e+02	2026-09-04T17:35:11.724261	0.00000000e+00	1	35	--	--	1.05073000e+00	5.30130000e-04
1.42757005e+02	2026-09-04T17:35:11.733784	0.00000000e+00	1	35	--	--	1.00068000e+00	5.30136000e-04
1.42764828e+02	2026-09-04T17:35:11.733784	0.00000000e+00	1	35	--	--	9.50634000e-01	5.30136000e-04
1.42786893e+02	2026-09-04T17:35:11.764184	0.00000000e+00	1	35	--	--	9.00595000e-01	5.30132000e-04
1.42801514e+02	2026-09-04T17:35:11.779266	0.00000000e+00	1	35	--	--	8.50575000e-01	5.30140000e-04
1.42839135e+02	2026-09-04T17:35:11.813911	0.00000000e+00	1	35	--	--	8.00502000e-01	5.30137000e-04
1.42848433e+02	2026-09-04T17:35:11.823922	0.00000000e+00	1	35	--	--	7.50480000e-01	5.30136000e-04
1.42871164e+02	2026-09-04T17:35:11.848031	0.00000000e+00	1	35	--	--	7.00426000e-01	5.30136000e-04
1.42882030e+02	2026-09-04T17:35:11.859985	0.00000000e+00	1	35	--	--	6.50396000e-01	5.30139000e-04
1.42914085e+02	2026-09-04T17:35:11.891833	0.00000000e+00	1	35	--	--	6.00347000e-01	5.30135000e-04
1.42941977e+02	2026-09-04T17:35:11.913982	0.00000000e+00	1	35	--	--	5.50345000e-01	5.30137000e-04
1.42961949e+02	2026-09-04T17:35:11.939642	0.00000000e+00	1	35	--	--	5.00286000e-01	5.30138000e-04
1.42981237e+02	2026-09-04T17:35:11.957665	0.00000000e+00	1	35	1.72756000e-01	-5.30222000e-04	4.50260000e-01	5.30139000e-04
1.42990836e+02	2026-09-04T17:35:11.963830	0.00000000e+00	1	35	1.23842000e-01	-5.30222000e-04	4.00188000e-01	5.30140000e-04
1.43005217e+02	2026-09-04T17:35:11.982757	0.00000000e+00	1	35	7.41958000e-02	-5.30222000e-04	3.50171000e-01	5.30138000e-04
1.43032139e+02	2026-09-04T17:35:12.003815	0.00000000e+00	1	35	2.43689000e-02	-5.30215000e-04	3.00126000e-01	5.30138000e-04
1.43039692e+02	2026-09-04T17:35:12.014550	0.00000000e+00	1	35	-8.60930000e-05	-4.76344000e-04	2.50109000e-01	4.76279000e-04
1.43090479e+02	2026-09-04T17:35:12.067502	0.00000000e+00	1	35	-8.31366000e-05	-3.73506000e-04	2.00189000e-01	3.73235000e-04
1.43112575e+02	2026-09-04T17:35:12.088998	0.00000000e+00	1	35	-5.88417000e-05	-2.73038000e-04	1.50158000e-01	2.73122000e-04
1.43138287e+02	2026-09-04T17:35:12.115576	0.00000000e+00	1	35	-6.80208000e-05	-1.81864000e-04	1.00116000e-01	1.81499000e-04
1.43170646e+02	2026-09-04T17:35:12.147217	0.00000000e+00	1	35	-5.30005000e-05	-8.97616000e-05	5.00827000e-02	8.97348000e-05
1.43202122e+02	2026-09-04T17:35:12.179729	0.00000000e+00	1	35	-4.69685000e-05	-2.51899000e-07	3.78609000e-05	2.35911000e-07
1.45416659e+02	2026-09-04T17:35:14.393905	0.00000000e+00	1	36	-5.56946000e-05	2.36988000e-11	4.01020000e-05	2.16436000e-10
1.45441945e+02	2026-09-04T17:35:14.417454	0.00000000e+00	1	36	-3.96967000e-05	-9.60258000e-08	5.00650000e-02	9.97769000e-08
1.45473897e+02	2026-09-04T17:35:14.449313	0.00000000e+00	1	36	-3.15905000e-05	-2.23835000e-07	1.00104000e-01	2.29578000e-07
1.45503851e+02	2026-09-04T17:35:14.482169	0.00000000e+00	1	36	-4.84228000e-05	-4.44836000e-07	1.50153000e-01	4.59870000e-07
1.45511920e+02	2026-09-04T17:35:14.484418	0.00000000e+00	1	36	-5.13792000e-05	-5.70806000e-07	2.00191000e-01	5.68177000e-07
1.45538476e+02	2026-09-04T17:35:14.513906	0.00000000e+00	1	36	-4.70638000e-05	-7.14249000e-07	2.50125000e-01	9.15239000e-07
1.45572437e+02	2026-09-04T17:35:14.549142	0.00000000e+00	1	36	-5.03063000e-05	-1.37550000e-06	3.00141000e-01	1.39851000e-06
1.45601541e+02	2026-09-04T17:35:14.578810	0.00000000e+00	1	36	-5.35488000e-05	-1.56527000e-06	3.50171000e-01	1.75668000e-06
1.45610225e+02	2026-09-04T17:35:14.583830	0.00000000e+00	1	36	-4.49181000e-05	-2.44835000e-06	4.00202000e-01	2.27348000e-06
1.45635587e+02	2026-09-04T17:35:14.613814	0.00000000e+00	1	36	-9.17673000e-05	-5.13866000e-04	4.50270000e-01	5.14708000e-04
1.45661790e+02	2026-09-04T17:35:14.637045	0.00000000e+00	1	36	3.16150000e-02	-5.30215000e-04	5.00264000e-01	5.30142000e-04
1.45685603e+02	2026-09-04T17:35:14.658321	0.00000000e+00	1	36	8.18982000e-02	-5.30215000e-04	5.50329000e-01	5.30137000e-04
1.45695624e+02	2026-09-04T17:35:14.674019	0.00000000e+00	1	36	1.31828000e-01	-5.30224000e-04	6.00353000e-01	5.30137000e-04
1.45739770e+02	2026-09-04T17:35:14.714063	0.00000000e+00	1	36	1.88074000e-01	-5.30221000e-04	6.50432000e-01	5.30137000e-04
1.45753594e+02	2026-09-04T17:35:14.724264	0.00000000e+00	1	36	--	--	7.00440000e-01	5.30138000e-04
1.45777463e+02	2026-09-04T17:35:14.754194	0.00000000e+00	1	36	--	--	7.50532000e-01	5.30136000e-04
1.45797827e+02	2026-09-04T17:35:14.774235	0.00000000e+00	1	36	--	--	8.00531000e-01	5.30136000e-04
1.45825161e+02	2026-09-04T17:35:14.801016	0.00000000e+00	1	36	--	--	8.50594000e-01	5.30133000e-04
1.45836750e+02	2026-09-04T17:35:14.813837	0.00000000e+00	1	36	--	--	9.00609000e-01	5.30136000e-04
1.45877271e+02	2026-09-04T17:35:14.854122	0.00000000e+00	1	36	--	--	9.50634000e-01	5.30132000e-04
1.45910383e+02	2026-09-04T17:35:14.883953	0.00000000e+00	1	36	--	--	1.00067000e+00	5.30135000e-04
1.45934159e+02	2026-09-04T17:35:14.911845	0.00000000e+00	1	36	--	--	1.05073000e+00	5.30132000e-04
1.45950817e+02	2026-09-04T17:35:14.927675	0.00000000e+00	1	36	--	--	1.10074000e+00	5.30133000e-04
1.45990786e+02	2026-09-04T17:35:14.964020	0.00000000e+00	1	36	--	--	1.15081000e+00	5.30134000e-04
1.46014224e+02	2026-09-04T17:35:14.991735	0.00000000e+00	1	36	--	--	1.20082000e+00	5.30134000e-04
1.46022071e+02	2026-09-04T17:35:14.993938	0.00000000e+00	1	36	--	--	1.25089000e+00	5.30133000e-04
1.46049520e+02	2026-09-04T17:35:15.024070	0.00000000e+00	1	36	--	--	1.30089000e+00	5.30127000e-04
1.46071948e+02	2026-09-04T17:35:15.043767	0.00000000e+00	1	36	--	--	1.35095000e+00	5.30136000e-04
1.46094481e+02	2026-09-04T17:35:15.071777	0.00000000e+00	1	36	--	--	1.40095000e+00	5.30139000e-04
1.46103124e+02	2026-09-04T17:35:15.073860	0.00000000e+00	1	36	--	--	1.45101000e+00	5.30129000e-04
1.46128282e+02	2026-09-04T17:35:15.103972	0.00000000e+00	1	36	--	--	1.50102000e+00	5.30138000e-04
1.46150338e+02	2026-09-04T17:35:15.123889	0.00000000e+00	1	36	--	--	1.55109000e+00	5.30131000e-04
1.46173074e+02	2026-09-04T17:35:15.150681	0.00000000e+00	1	36	--	--	1.60111000e+00	5.30132000e-04
1.46181467e+02	2026-09-04T17:35:15.158734	0.00000000e+00	1	36	--	--	1.65113000e+00	5.30132000e-04
1.46207358e+02	2026-09-04T17:35:15.183722	0.00000000e+00	1	36	--	--	1.70117000e+00	5.30136000e-04
1.46236209e+02	2026-09-04T17:35:15.213934	0.00000000e+00	1	36	--	--	1.75122000e+00	5.30129000e-04
1.46258283e+02	2026-09-04T17:35:15.234147	0.00000000e+00	1	36	--	--	1.80123000e+00	5.30136000e-04
1.46266017e+02	2026-09-04T17:35:15.243935	0.00000000e+00	1	36	--	--	1.85128000e+00	5.30135000e-04
1.46297744e+02	2026-09-04T17:35:15.273947	0.00000000e+00	1	36	--	--	1.90130000e+00	5.30137000e-04
1.46325115e+02	2026-09-04T17:35:15.294248	0.00000000e+00	1	36	--	--	1.95135000e+00	5.30136000e-04
1.46348051e+02	2026-09-04T17:35:15.326044	0.00000000e+00	1	36	--	--	2.00137000e+00	5.30137000e-04
1.46393887e+02	2026-09-04T17:35:15.363922	0.00000000e+00	1	36	--	--	2.00136000e+00	5.30134000e-04
1.46416915e+02	2026-09-04T17:35:15.394084	0.00000000e+00	1	36	--	--	1.95134000e+00	5.30135000e-04
1.46425150e+02	2026-09-04T17:35:15.394084	0.00000000e+00	1	36	--	--	1.90129000e+00	5.30132000e-04
1.46459057e+02	2026-09-04T17:35:15.436501	0.00000000e+00	1	36	--	--	1.85128000e+00	5.30133000e-04
1.46484183e+02	2026-09-04T17:35:15.454146	0.00000000e+00	1	36	--	--	1.80123000e+00	5.30130000e-04
1.46506526e+02	2026-09-04T17:35:15.483875	0.00000000e+00	1	36	--	--	1.75121000e+00	5.30135000e-04
1.46536274e+02	2026-09-04T17:35:15.513738	0.00000000e+00	1	36	--	--	1.70118000e+00	5.30132000e-04
1.46566978e+02	2026-09-04T17:35:15.543957	0.00000000e+00	1	36	--	--	1.65114000e+00	5.30140000e-04
1.46586035e+02	2026-09-04T17:35:15.563918	0.00000000e+00	1	36	--	--	1.60112000e+00	5.30134000e-04
1.46618051e+02	2026-09-04T17:35:15.594938	0.00000000e+00	1	36	--	--	1.55106000e+00	5.30133000e-04
1.46638152e+02	2026-09-04T17:35:15.613942	0.00000000e+00	1	36	--	--	1.50102000e+00	5.30135000e-04
1.46665567e+02	2026-09-04T17:35:15.642998	0.00000000e+00	1	36	--	--	1.45101000e+00	5.30130000e-04
1.46674287e+02	2026-09-04T17:35:15.644004	0.00000000e+00	1	36	--	--	1.40098000e+00	5.30138000e-04
1.46698190e+02	2026-09-04T17:35:15.675021	0.00000000e+00	1	36	--	--	1.35096000e+00	5.30138000e-04
1.46733995e+02	2026-09-04T17:35:15.706548	0.00000000e+00	1	36	--	--	1.30091000e+00	5.30127000e-04
1.46742093e+02	2026-09-04T17:35:15.714191	0.00000000e+00	1	36	--	--	1.25088000e+00	5.30135000e-04
1.46765185e+02	2026-09-04T17:35:15.739122	0.00000000e+00	1	36	--	--	1.20081000e+00	5.30133000e-04
1.46797053e+02	2026-09-04T17:35:15.773767	0.00000000e+00	1	36	--	--	1.15082000e+00	5.30131000e-04
1.46821105e+02	2026-09-04T17:35:15.794034	0.00000000e+00	1	36	--	--	1.10074000e+00	5.30136000e-04
1.46843501e+02	2026-09-04T17:35:15.817206	0.00000000e+00	1	36	--	--	1.05075000e+00	5.30135000e-04
1.46851808e+02	2026-09-04T17:35:15.823842	0.00000000e+00	1	36	--	--	1.00067000e+00	5.30130000e-04
1.46869735e+02	2026-09-04T17:35:15.844079	0.00000000e+00	1	36	--	--	9.50642000e-01	5.30130000e-04
1.46911217e+02	2026-09-04T17:35:15.885367	0.00000000e+00	1	36	--	--	9.00614000e-01	5.30133000e-04
1.46935136e+02	2026-09-04T17:35:15.912853	0.00000000e+00	1	36	--	--	8.50588000e-01	5.30132000e-04
1.46967128e+02	2026-09-04T17:35:15.944697	0.00000000e+00	1	36	--	--	8.00524000e-01	5.30135000e-04
1.46991545e+02	2026-09-04T17:35:15.964132	0.00000000e+00	1	36	--	--	7.50494000e-01	5.30135000e-04
1.47013998e+02	2026-09-04T17:35:15.991729	0.00000000e+00	1	36	--	--	7.00424000e-01	5.30139000e-04
1.47028509e+02	2026-09-04T17:35:16.004130	0.00000000e+00	1	36	--	--	6.50425000e-01	5.30139000e-04
1.47078156e+02	2026-09-04T17:35:16.055520	0.00000000e+00	1	36	1.84364000e-01	-5.30220000e-04	6.00347000e-01	5.30138000e-04
1.47086228e+02	2026-09-04T17:35:16.063844	0.00000000e+00	1	36	1.35027000e-01	-5.30213000e-04	5.50326000e-01	5.30142000e-04
1.47110126e+02	2026-09-04T17:35:16.086957	0.00000000e+00	1	36	8.50065000e-02	-5.30216000e-04	5.00283000e-01	5.30141000e-04
1.47124101e+02	2026-09-04T17:35:16.093769	0.00000000e+00	1	36	3.44826000e-02	-5.30224000e-04	4.50265000e-01	5.30142000e-04
1.47150607e+02	2026-09-04T17:35:16.124175	0.00000000e+00	1	36	-7.48634000e-05	-5.11626000e-04	4.00213000e-01	5.11628000e-04
1.47172015e+02	2026-09-04T17:35:16.150419	0.00000000e+00	1	36	-8.23259000e-05	-4.49161000e-04	3.50185000e-01	4.48740000e-04
1.47203852e+02	2026-09-04T17:35:16.182065	0.00000000e+00	1	36	-7.23362000e-05	-3.90914000e-04	3.00117000e-01	3.90949000e-04
1.47235557e+02	2026-09-04T17:35:16.213789	0.00000000e+00	1	36	-7.16209000e-05	-3.29183000e-04	2.50123000e-01	3.29383000e-04
1.47243606e+02	2026-09-04T17:35:16.213789	0.00000000e+00	1	36	-7.45773000e-05	-2.66374000e-04	2.00191000e-01	2.66313000e-04
1.47267612e+02	2026-09-04T17:35:16.245226	0.00000000e+00	1	36	-6.78301000e-05	-2.01333000e-04	1.50161000e-01	2.00973000e-04
1.47299632e+02	2026-09-04T17:35:16.276970	0.00000000e+00	1	36	-6.43253000e-05	-1.35136000e-04	1.00121000e-01	1.35085000e-04
1.47312127e+02	2026-09-04T17:35:16.286573	0.00000000e+00	1	36	-5.77688000e-05	-6.77267000e-05	5.00818000e-02	6.76599000e-05
1.47324454e+02	2026-09-04T17:35:16.293813	0.00000000e+00	1	36	-5.39064000e-05	-2.15022000e-07	4.86612000e-05	1.88791000e-07
1.49536714e+02	2026-09-04T17:35:18.513853	0.00000000e+00	1	37	-6.13689000e-05	-1.73068000e-10	4.05550000e-05	2.47645000e-10
1.49545072e+02	2026-09-04T17:35:18.513853	0.00000000e+00	1	37	-1.83582000e-06	-3.17697000e-08	5.00734000e-02	9.23233000e-08
1.49596103e+02	2026-09-04T17:35:18.574047	0.00000000e+00	1	37	-3.28541000e-05	-2.41605000e-07	1.00106000e-01	2.60848000e-07
1.49616893e+02	2026-09-04T17:35:18.593851	0.00000000e+00	1	37	-5.50747000e-05	-3.89211000e-07	1.50152000e-01	3.93564000e-07
1.49624849e+02	2026-09-04T17:35:18.593851	0.00000000e+00	1	37	-6.11782000e-05	-6.28866000e-07	2.00195000e-01	6.23528000e-07
1.49638839e+02	2026-09-04T17:35:18.613780	0.00000000e+00	1	37	-5.24521000e-05	-9.36891000e-07	2.50125000e-01	9.37185000e-07
1.49693415e+02	2026-09-04T17:35:18.671025	0.00000000e+00	1	37	-4.93050000e-05	-1.35797000e-06	3.00124000e-01	1.35829000e-06
1.49722401e+02	2026-09-04T17:35:18.699723	0.00000000e+00	1	37	-5.91993000e-05	-2.17138000e-06	3.50152000e-01	2.15476000e-06
1.49730830e+02	2026-09-04T17:35:18.703730	0.00000000e+00	1	37	-4.95911000e-05	-2.61356000e-06	4.00194000e-01	2.70783000e-06
1.49742502e+02	2026-09-04T17:35:18.720672	0.00000000e+00	1	37	-6.46114000e-05	-2.81796000e-06	4.50252000e-01	3.43766000e-06
1.49762842e+02	2026-09-04T17:35:18.733703	0.00000000e+00	1	37	-5.50747000e-05	-4.07045000e-06	5.00285000e-01	4.03303000e-06
1.49781500e+02	2026-09-04T17:35:18.756969	0.00000000e+00	1	37	-5.43594000e-05	-4.63555000e-06	5.50331000e-01	4.68714000e-06
1.49805659e+02	2026-09-04T17:35:18.783786	0.00000000e+00	1	37	-5.46217000e-05	-6.06452000e-06	6.00384000e-01	6.00979000e-06
1.49813358e+02	2026-09-04T17:35:18.786832	0.00000000e+00	1	37	-5.84841000e-05	-6.77818000e-06	6.50434000e-01	6.90889000e-06
1.49842800e+02	2026-09-04T17:35:18.819738	0.00000000e+00	1	37	-7.41243000e-05	-7.92258000e-06	7.00447000e-01	7.78180000e-06
1.49858182e+02	2026-09-04T17:35:18.833735	0.00000000e+00	1	37	-5.66959000e-05	-8.61704000e-06	7.50485000e-01	8.48285000e-06
1.49874935e+02	2026-09-04T17:35:18.845703	0.00000000e+00	1	37	-6.86407000e-05	-9.67833000e-06	8.00508000e-01	9.39467000e-06
1.49895186e+02	2026-09-04T17:35:18.872951	0.00000000e+00	1	37	-2.17199000e-05	-1.20165000e-05	8.50523000e-01	1.20518000e-05
1.49907373e+02	2026-09-04T17:35:18.883941	0.00000000e+00	1	37	-6.29902000e-05	-1.44543000e-05	9.00598000e-01	1.42396000e-05
1.49927409e+02	2026-09-04T17:35:18.904860	0.00000000e+00	1	37	-6.02961000e-05	-1.87962000e-05	9.50657000e-01	1.63504000e-05
1.49942896e+02	2026-09-04T17:35:18.920933	0.00000000e+00	1	37	-5.64098000e-05	-1.61407000e-05	1.00070000e+00	5.30136000e-04
1.49975435e+02	2026-09-04T17:35:18.953745	0.00000000e+00	1	37	--	--	1.05075000e+00	5.30140000e-04
1.50006243e+02	2026-09-04T17:35:18.984116	0.00000000e+00	1	37	--	--	1.10075000e+00	5.30140000e-04
1.50014340e+02	2026-09-04T17:35:18.986835	0.00000000e+00	1	37	--	--	1.15079000e+00	5.30141000e-04
1.50022184e+02	2026-09-04T17:35:19.000209	0.00000000e+00	1	37	--	--	1.20082000e+00	5.30140000e-04
1.50059496e+02	2026-09-04T17:35:19.034074	0.00000000e+00	1	37	--	--	1.25090000e+00	5.30132000e-04
1.50072641e+02	2026-09-04T17:35:19.048459	0.00000000e+00	1	37	--	--	1.30090000e+00	5.30129000e-04
1.50091119e+02	2026-09-04T17:35:19.063798	0.00000000e+00	1	37	--	--	1.35094000e+00	5.30139000e-04
1.50098754e+02	2026-09-04T17:35:19.073858	0.00000000e+00	1	37	--	--	1.40099000e+00	5.30136000e-04
1.50106777e+02	2026-09-04T17:35:19.083853	0.00000000e+00	1	37	--	--	1.45102000e+00	5.30138000e-04
1.50116466e+02	2026-09-04T17:35:19.093660	0.00000000e+00	1	37	--	--	1.50102000e+00	5.30136000e-04
1.50159260e+02	2026-09-04T17:35:19.133770	0.00000000e+00	1	37	--	--	1.55106000e+00	5.30141000e-04
1.50182102e+02	2026-09-04T17:35:19.159530	0.00000000e+00	1	37	--	--	1.60109000e+00	5.30145000e-04
1.50192311e+02	2026-09-04T17:35:19.163820	0.00000000e+00	1	37	--	--	1.65115000e+00	5.30133000e-04
1.50208410e+02	2026-09-04T17:35:19.183665	0.00000000e+00	1	37	--	--	1.70114000e+00	5.30137000e-04
1.50218718e+02	2026-09-04T17:35:19.193847	0.00000000e+00	1	37	--	--	1.75121000e+00	5.30139000e-04
1.50240100e+02	2026-09-04T17:35:19.213621	0.00000000e+00	1	37	--	--	1.80123000e+00	5.30135000e-04
1.50262119e+02	2026-09-04T17:35:19.239714	0.00000000e+00	1	37	--	--	1.85129000e+00	5.30135000e-04
1.50270001e+02	2026-09-04T17:35:19.243854	0.00000000e+00	1	37	--	--	1.90129000e+00	5.30137000e-04
1.50277941e+02	2026-09-04T17:35:19.255680	0.00000000e+00	1	37	--	--	1.95132000e+00	5.30140000e-04
1.50326382e+02	2026-09-04T17:35:19.304068	0.00000000e+00	1	37	--	--	2.00138000e+00	5.30138000e-04
1.50336093e+02	2026-09-04T17:35:19.313889	0.00000000e+00	1	37	--	--	2.00136000e+00	5.30137000e-04
1.50350801e+02	2026-09-04T17:35:19.323827	0.00000000e+00	1	37	--	--	1.95134000e+00	5.30140000e-04
1.50372864e+02	2026-09-04T17:35:19.350611	0.00000000e+00	1	37	--	--	1.90128000e+00	5.30136000e-04
1.50409899e+02	2026-09-04T17:35:19.386909	0.00000000e+00	1	37	--	--	1.85129000e+00	5.30137000e-04
1.50434694e+02	2026-09-04T17:35:19.407955	0.00000000e+00	1	37	--	--	1.80121000e+00	5.30137000e-04
1.50476489e+02	2026-09-04T17:35:19.453911	0.00000000e+00	1	37	--	--	1.75123000e+00	5.30138000e-04
1.50502050e+02	2026-09-04T17:35:19.477782	0.00000000e+00	1	37	--	--	1.70114000e+00	5.30131000e-04
1.50515376e+02	2026-09-04T17:35:19.493735	0.00000000e+00	1	37	--	--	1.65114000e+00	5.30134000e-04
1.50556737e+02	2026-09-04T17:35:19.533751	0.00000000e+00	1	37	--	--	1.60111000e+00	5.30138000e-04
1.50571785e+02	2026-09-04T17:35:19.543685	0.00000000e+00	1	37	--	--	1.55108000e+00	5.30132000e-04
1.50595646e+02	2026-09-04T17:35:19.574066	0.00000000e+00	1	37	--	--	1.50101000e+00	5.30141000e-04
1.50604676e+02	2026-09-04T17:35:19.574066	0.00000000e+00	1	37	--	--	1.45100000e+00	5.30133000e-04
1.50627754e+02	2026-09-04T17:35:19.604945	0.00000000e+00	1	37	--	--	1.40095000e+00	5.30136000e-04
1.50640339e+02	2026-09-04T17:35:19.613682	0.00000000e+00	1	37	--	--	1.35095000e+00	5.30135000e-04
1.50671463e+02	2026-09-04T17:35:19.646837	0.00000000e+00	1	37	--	--	1.30090000e+00	5.30133000e-04
1.50679097e+02	2026-09-04T17:35:19.653641	0.00000000e+00	1	37	--	--	1.25087000e+00	5.30136000e-04
1.50686788e+02	2026-09-04T17:35:19.663841	0.00000000e+00	1	37	--	--	1.20083000e+00	5.30133000e-04
1.50694444e+02	2026-09-04T17:35:19.669531	0.00000000e+00	1	37	--	--	1.15081000e+00	5.30130000e-04
1.50702368e+02	2026-09-04T17:35:19.673623	0.00000000e+00	1	37	--	--	1.10074000e+00	5.30130000e-04
1.50720700e+02	2026-09-04T17:35:19.693862	0.00000000e+00	1	37	--	--	1.05074000e+00	5.30141000e-04
1.50766155e+02	2026-09-04T17:35:19.743897	0.00000000e+00	1	37	--	--	1.00068000e+00	5.30136000e-04
1.50785436e+02	2026-09-04T17:35:19.763625	0.00000000e+00	1	37	--	--	9.50638000e-01	5.30134000e-04
1.50794476e+02	2026-09-04T17:35:19.763625	0.00000000e+00	1	37	--	--	9.00581000e-01	5.30140000e-04
1.50822079e+02	2026-09-04T17:35:19.793951	0.00000000e+00	1	37	--	--	8.50588000e-01	5.30133000e-04
1.50842178e+02	2026-09-04T17:35:19.813683	0.00000000e+00	1	37	--	--	8.00506000e-01	5.30143000e-04
1.50863546e+02	2026-09-04T17:35:19.841338	0.00000000e+00	1	37	--	--	7.50517000e-01	5.30140000e-04
1.50871501e+02	2026-09-04T17:35:19.843843	0.00000000e+00	1	37	--	--	7.00451000e-01	5.30135000e-04
1.50879808e+02	2026-09-04T17:35:19.857972	0.00000000e+00	1	37	--	--	6.50408000e-01	5.30140000e-04
1.50907359e+02	2026-09-04T17:35:19.883614	0.00000000e+00	1	37	1.97307000e-01	-5.30218000e-04	6.00340000e-01	5.30140000e-04
1.50939569e+02	2026-09-04T17:35:19.913970	0.00000000e+00	1	37	1.47591000e-01	-5.30221000e-04	5.50305000e-01	5.30144000e-04
1.50948514e+02	2026-09-04T17:35:19.923822	0.00000000e+00	1	37	9.74679000e-02	-5.30221000e-04	5.00287000e-01	5.30138000e-04
1.50956525e+02	2026-09-04T17:35:19.933869	0.00000000e+00	1	37	4.76200000e-02	-5.30221000e-04	4.50237000e-01	5.30141000e-04
1.51016973e+02	2026-09-04T17:35:19.994060	0.00000000e+00	1	37	-8.43763000e-05	-5.27121000e-04	4.00183000e-01	5.26814000e-04
1.51038255e+02	2026-09-04T17:35:20.015719	0.00000000e+00	1	37	-7.97987000e-05	-4.62422000e-04	3.50176000e-01	4.62408000e-04
1.51047377e+02	2026-09-04T17:35:20.023582	0.00000000e+00	1	37	-7.51257000e-05	-4.04351000e-04	3.00107000e-01	4.04388000e-04
1.51056097e+02	2026-09-04T17:35:20.033618	0.00000000e+00	1	37	-7.77245000e-05	-3.40527000e-04	2.50108000e-01	3.40459000e-04
1.51063985e+02	2026-09-04T17:35:20.033618	0.00000000e+00	1	37	-6.46830000e-05	-2.76514000e-04	2.00195000e-01	2.76490000e-04
1.51087810e+02	2026-09-04T17:35:20.063603	0.00000000e+00	1	37	-6.69479000e-05	-2.08626000e-04	1.50154000e-01	2.08696000e-04
1.51096253e+02	2026-09-04T17:35:20.073960	0.00000000e+00	1	37	-6.66618000e-05	-1.40503000e-04	1.00119000e-01	1.40558000e-04
1.51110996e+02	2026-09-04T17:35:20.089304	0.00000000e+00	1	37	-5.84841000e-05	-7.09261000e-05	5.00816000e-02	7.07738000e-05
1.51130032e+02	2026-09-04T17:35:20.103594	0.00000000e+00	1	37	-5.14746000e-05	-2.22361000e-07	4.36306000e-05	1.92502000e-07
1.53286244e+02	2026-09-04T17:35:22.263790	0.00000000e+00	1	38	-6.41584000e-05	-2.91872000e-10	4.57764000e-05	2.61056000e-10
1.53309123e+02	2026-09-04T17:35:22.283765	0.00000000e+00	1	38	7.15256000e-06	-3.49303000e-08	5.00404000e-02	6.07192000e-08
1.53317491e+02	2026-09-04T17:35:22.295561	0.00000000e+00	1	38	-3.43800000e-05	-2.50676000e-07	1.00103000e-01	2.69784000e-07
1.53341504e+02	2026-09-04T17:35:22.313975	0.00000000e+00	1	38	-5.55277000e-05	-3.90622000e-07	1.50158000e-01	3.81672000e-07
1.53349096e+02	2026-09-04T17:35:22.327285	0.00000000e+00	1	38	-5.71489000e-05	-5.57063000e-07	2.00192000e-01	5.81045000e-07
1.53400961e+02	2026-09-04T17:35:22.375022	0.00000000e+00	1	38	-6.06537000e-05	-8.04831000e-07	2.50111000e-01	7.81486000e-07
1.53431461e+02	2026-09-04T17:35:22.408449	0.00000000e+00	1	38	-5.24521000e-05	-1.04956000e-06	3.00112000e-01	1.08202000e-06
1.53444797e+02	2026-09-04T17:35:22.418785	0.00000000e+00	1	38	-5.96523000e-05	-1.31545000e-06	3.50149000e-01	1.41391000e-06
1.53469633e+02	2026-09-04T17:35:22.443935	0.00000000e+00	1	38	-5.55277000e-05	-1.84728000e-06	4.00202000e-01	1.78672000e-06
1.53508304e+02	2026-09-04T17:35:22.483884	0.00000000e+00	1	38	-5.36442000e-05	-2.28476000e-06	4.50266000e-01	2.28962000e-06
1.53530818e+02	2026-09-04T17:35:22.503772	0.00000000e+00	1	38	-6.10113000e-05	-2.87553000e-06	5.00260000e-01	2.91154000e-06
1.53538784e+02	2026-09-04T17:35:22.513980	0.00000000e+00	1	38	-5.58853000e-05	-3.60526000e-06	5.50329000e-01	3.69387000e-06
1.53581814e+02	2026-09-04T17:35:22.554036	0.00000000e+00	1	38	-5.79596000e-05	-3.90103000e-06	6.00353000e-01	3.96743000e-06
1.53612001e+02	2026-09-04T17:35:22.583756	0.00000000e+00	1	38	-6.07252000e-05	-4.83454000e-06	6.50425000e-01	4.63666000e-06
1.53620119e+02	2026-09-04T17:35:22.593841	0.00000000e+00	1	38	-5.30958000e-05	-5.29740000e-06	7.00433000e-01	5.43023000e-06
1.53642335e+02	2026-09-04T17:35:22.614760	0.00000000e+00	1	38	-4.00543000e-05	-6.22031000e-06	7.50506000e-01	6.20847000e-06
1.53653231e+02	2026-09-04T17:35:22.630889	0.00000000e+00	1	38	-5.19276000e-05	-7.58254000e-06	8.00532000e-01	8.27883000e-06
1.53678135e+02	2026-09-04T17:35:22.653992	0.00000000e+00	1	38	-3.92437000e-05	-9.10085000e-06	8.50553000e-01	9.70699000e-06
1.53692082e+02	2026-09-04T17:35:22.663779	0.00000000e+00	1	38	1.09820000e-01	-7.82067000e-05	9.00591000e-01	5.30136000e-04
1.53710246e+02	2026-09-04T17:35:22.684011	0.00000000e+00	1	38	--	--	9.50647000e-01	5.30135000e-04
1.53733286e+02	2026-09-04T17:35:22.710643	0.00000000e+00	1	38	--	--	1.00070000e+00	5.30138000e-04
1.53748793e+02	2026-09-04T17:35:22.726544	0.00000000e+00	1	38	--	--	1.05073000e+00	5.30135000e-04
1.53794123e+02	2026-09-04T17:35:22.765673	0.00000000e+00	1	38	--	--	1.10074000e+00	5.30135000e-04
1.53828297e+02	2026-09-04T17:35:22.805577	0.00000000e+00	1	38	--	--	1.15078000e+00	5.30134000e-04
1.53875183e+02	2026-09-04T17:35:22.852851	0.00000000e+00	1	38	--	--	1.20083000e+00	5.30137000e-04
1.53883210e+02	2026-09-04T17:35:22.853857	0.00000000e+00	1	38	--	--	1.25087000e+00	5.30133000e-04
1.53907980e+02	2026-09-04T17:35:22.884738	0.00000000e+00	1	38	--	--	1.30090000e+00	5.30131000e-04
1.53927478e+02	2026-09-04T17:35:22.903682	0.00000000e+00	1	38	--	--	1.35095000e+00	5.30128000e-04
1.53941699e+02	2026-09-04T17:35:22.918584	0.00000000e+00	1	38	--	--	1.40097000e+00	5.30138000e-04
1.53954667e+02	2026-09-04T17:35:22.932616	0.00000000e+00	1	38	--	--	1.45101000e+00	5.30128000e-04
1.53962387e+02	2026-09-04T17:35:22.933626	0.00000000e+00	1	38	--	--	1.50101000e+00	5.30137000e-04
1.53970678e+02	2026-09-04T17:35:22.948686	0.00000000e+00	1	38	--	--	1.55106000e+00	5.30135000e-04
1.54005464e+02	2026-09-04T17:35:22.983834	0.00000000e+00	1	38	--	--	1.60111000e+00	5.30135000e-04
1.54018338e+02	2026-09-04T17:35:22.996572	0.00000000e+00	1	38	--	--	1.65113000e+00	5.30140000e-04
1.54039956e+02	2026-09-04T17:35:23.013909	0.00000000e+00	1	38	--	--	1.70116000e+00	5.30137000e-04
1.54058315e+02	2026-09-04T17:35:23.033644	0.00000000e+00	1	38	--	--	1.75119000e+00	5.30131000e-04
1.54086688e+02	2026-09-04T17:35:23.064047	0.00000000e+00	1	38	--	--	1.80122000e+00	5.30138000e-04
1.54104549e+02	2026-09-04T17:35:23.082721	0.00000000e+00	1	38	--	--	1.85128000e+00	5.30143000e-04
1.54112813e+02	2026-09-04T17:35:23.083731	0.00000000e+00	1	38	--	--	1.90128000e+00	5.30141000e-04
1.54120531e+02	2026-09-04T17:35:23.098657	0.00000000e+00	1	38	--	--	1.95133000e+00	5.30141000e-04
1.54144529e+02	2026-09-04T17:35:23.114908	0.00000000e+00	1	38	--	--	2.00137000e+00	5.30138000e-04
1.54154465e+02	2026-09-04T17:35:23.130607	0.00000000e+00	1	38	--	--	2.00137000e+00	5.30142000e-04
1.54164218e+02	2026-09-04T17:35:23.133715	0.00000000e+00	1	38	--	--	1.95133000e+00	5.30140000e-04
1.54199166e+02	2026-09-04T17:35:23.173782	0.00000000e+00	1	38	--	--	1.90129000e+00	5.30136000e-04
1.54236621e+02	2026-09-04T17:35:23.213882	0.00000000e+00	1	38	--	--	1.85127000e+00	5.30136000e-04
1.54246634e+02	2026-09-04T17:35:23.223908	0.00000000e+00	1	38	--	--	1.80123000e+00	5.30135000e-04
1.54295499e+02	2026-09-04T17:35:23.273889	0.00000000e+00	1	38	--	--	1.75124000e+00	5.30141000e-04
1.54303316e+02	2026-09-04T17:35:23.273889	0.00000000e+00	1	38	--	--	1.70116000e+00	5.30133000e-04
1.54311369e+02	2026-09-04T17:35:23.288994	0.00000000e+00	1	38	--	--	1.65116000e+00	5.30140000e-04
1.54347554e+02	2026-09-04T17:35:23.323884	0.00000000e+00	1	38	--	--	1.60110000e+00	5.30138000e-04
1.54371937e+02	2026-09-04T17:35:23.343657	0.00000000e+00	1	38	--	--	1.55109000e+00	5.30135000e-04
1.54404295e+02	2026-09-04T17:35:23.373810	0.00000000e+00	1	38	--	--	1.50101000e+00	5.30139000e-04
1.54434498e+02	2026-09-04T17:35:23.403721	0.00000000e+00	1	38	--	--	1.45102000e+00	5.30139000e-04
1.54458174e+02	2026-09-04T17:35:23.435487	0.00000000e+00	1	38	--	--	1.40098000e+00	5.30133000e-04
1.54466258e+02	2026-09-04T17:35:23.443922	0.00000000e+00	1	38	--	--	1.35095000e+00	5.30136000e-04
1.54489822e+02	2026-09-04T17:35:23.467282	0.00000000e+00	1	38	--	--	1.30088000e+00	5.30130000e-04
1.54505457e+02	2026-09-04T17:35:23.483047	0.00000000e+00	1	38	--	--	1.25088000e+00	5.30136000e-04
1.54516916e+02	2026-09-04T17:35:23.494021	0.00000000e+00	1	38	--	--	1.20083000e+00	5.30138000e-04
1.54536603e+02	2026-09-04T17:35:23.514067	0.00000000e+00	1	38	--	--	1.15081000e+00	5.30136000e-04
1.54544720e+02	2026-09-04T17:35:23.514067	0.00000000e+00	1	38	--	--	1.10073000e+00	5.30134000e-04
1.54568078e+02	2026-09-04T17:35:23.545607	0.00000000e+00	1	38	--	--	1.05073000e+00	5.30138000e-04
1.54602553e+02	2026-09-04T17:35:23.577336	0.00000000e+00	1	38	--	--	1.00070000e+00	5.30140000e-04
1.54631580e+02	2026-09-04T17:35:23.608903	0.00000000e+00	1	38	--	--	9.50660000e-01	5.30136000e-04
1.54639452e+02	2026-09-04T17:35:23.613802	0.00000000e+00	1	38	--	--	9.00598000e-01	5.30138000e-04
1.54662670e+02	2026-09-04T17:35:23.640397	0.00000000e+00	1	38	--	--	8.50587000e-01	5.30138000e-04
1.54701411e+02	2026-09-04T17:35:23.677956	0.00000000e+00	1	38	--	--	8.00534000e-01	5.30136000e-04
1.54726795e+02	2026-09-04T17:35:23.703908	0.00000000e+00	1	38	--	--	7.50472000e-01	5.30133000e-04
1.54734594e+02	2026-09-04T17:35:23.703908	0.00000000e+00	1	38	--	--	7.00444000e-01	5.30146000e-04
1.54758217e+02	2026-09-04T17:35:23.735699	0.00000000e+00	1	38	--	--	6.50436000e-01	5.30137000e-04
1.54793594e+02	2026-09-04T17:35:23.767279	0.00000000e+00	1	38	--	--	6.00374000e-01	5.30145000e-04
1.54816952e+02	2026-09-04T17:35:23.794107	0.00000000e+00	1	38	1.68774000e-01	-5.30221000e-04	5.50320000e-01	5.30143000e-04
1.54837010e+02	2026-09-04T17:35:23.814711	0.00000000e+00	1	38	1.18901000e-01	-5.30227000e-04	5.00277000e-01	5.30144000e-04
1.54844737e+02	2026-09-04T17:35:23.814711	0.00000000e+00	1	38	6.93194000e-02	-5.30216000e-04	4.50264000e-01	5.30146000e-04
1.54852450e+02	2026-09-04T17:35:23.830478	0.00000000e+00	1	38	1.93449000e-02	-5.30224000e-04	4.00196000e-01	5.30142000e-04
1.54878882e+02	2026-09-04T17:35:23.853763	0.00000000e+00	1	38	-8.82626000e-05	-4.88059000e-04	3.50171000e-01	4.87839000e-04
1.54914678e+02	2026-09-04T17:35:23.893010	0.00000000e+00	1	38	-7.10726000e-05	-4.20685000e-04	3.00132000e-01	4.20106000e-04
1.54922522e+02	2026-09-04T17:35:23.894040	0.00000000e+00	1	38	-7.97033000e-05	-3.61897000e-04	2.50108000e-01	3.61966000e-04
1.54930121e+02	2026-09-04T17:35:23.903735	0.00000000e+00	1	38	-7.17163000e-05	-2.93264000e-04	2.00197000e-01	2.93244000e-04
1.54974914e+02	2026-09-04T17:35:23.943685	0.00000000e+00	1	38	-6.42538000e-05	-2.22734000e-04	1.50165000e-01	2.22510000e-04
1.55010085e+02	2026-09-04T17:35:23.984831	0.00000000e+00	1	38	-5.71489000e-05	-1.50987000e-04	1.00125000e-01	1.50196000e-04
1.55221432e+02	2026-09-04T17:35:24.194230	0.00000000e+00	1	38	-5.54323000e-05	-7.54740000e-05	5.00882000e-02	7.54504000e-05
1.55254542e+02	2026-09-04T17:35:24.224048	0.00000000e+00	1	38	-5.07593000e-05	-2.36623000e-07	4.53234000e-05	2.03275000e-07
1.57429723e+02	2026-09-04T17:35:26.407291	0.00000000e+00	1	39	-5.97477000e-05	-1.18744000e-10	4.47035000e-05	3.26324000e-10
1.57455188e+02	2026-09-04T17:35:26.429773	0.00000000e+00	1	39	4.91142000e-06	-3.29351000e-08	5.00519000e-02	5.01323000e-08
1.57466956e+02	2026-09-04T17:35:26.445264	0.00000000e+00	1	39	-3.02553000e-05	-2.63098000e-07	1.00107000e-01	2.73493000e-07
1.57493800e+02	2026-09-04T17:35:26.471150	0.00000000e+00	1	39	-4.83274000e-05	-3.63944000e-07	1.50160000e-01	3.57207000e-07
1.57501958e+02	2026-09-04T17:35:26.473881	0.00000000e+00	1	39	-5.51701000e-05	-5.99066000e-07	2.00204000e-01	6.00701000e-07
1.57527172e+02	2026-09-04T17:35:26.503919	0.00000000e+00	1	39	-4.30107000e-05	-6.81650000e-07	2.50101000e-01	6.97815000e-07
1.57537995e+02	2026-09-04T17:35:26.513599	0.00000000e+00	1	39	-4.55379000e-05	-9.21273000e-07	3.00125000e-01	9.26301000e-07
1.57566740e+02	2026-09-04T17:35:26.543939	0.00000000e+00	1	39	-4.68016000e-05	-1.19321000e-06	3.50178000e-01	1.19351000e-06
1.57592362e+02	2026-09-04T17:35:26.565772	0.00000000e+00	1	39	-4.43697000e-05	-1.51320000e-06	4.00197000e-01	1.55169000e-06
1.57600126e+02	2026-09-04T17:35:26.573638	0.00000000e+00	1	39	-4.54426000e-05	-1.90510000e-06	4.50273000e-01	2.02262000e-06
1.57607449e+02	2026-09-04T17:35:26.583935	0.00000000e+00	1	39	-5.03063000e-05	-2.36660000e-06	5.00280000e-01	2.39726000e-06
1.57615321e+02	2026-09-04T17:35:26.593638	0.00000000e+00	1	39	-4.47273000e-05	-3.23915000e-06	5.50328000e-01	3.11969000e-06
1.57640083e+02	2026-09-04T17:35:26.613983	0.00000000e+00	1	39	-4.72546000e-05	-3.67490000e-06	6.00358000e-01	3.48656000e-06
1.57675377e+02	2026-09-04T17:35:26.645681	0.00000000e+00	1	39	-4.05073000e-05	-4.06445000e-06	6.50441000e-01	4.21064000e-06
1.57698287e+02	2026-09-04T17:35:26.675588	0.00000000e+00	1	39	-5.20945000e-05	-5.45805000e-06	7.00451000e-01	4.93750000e-06
1.57705971e+02	2026-09-04T17:35:26.683654	0.00000000e+00	1	39	-2.82764000e-05	-5.22575000e-06	7.50494000e-01	6.10737000e-06
1.57733118e+02	2026-09-04T17:35:26.711067	0.00000000e+00	1	39	-4.79698000e-05	-6.69369000e-06	8.00519000e-01	6.76228000e-06
1.57742345e+02	2026-09-04T17:35:26.717381	0.00000000e+00	1	39	-3.83377000e-05	-7.79711000e-06	8.50578000e-01	7.75778000e-06
1.57756725e+02	2026-09-04T17:35:26.733721	0.00000000e+00	1	39	-4.84228000e-05	-9.02216000e-06	9.00586000e-01	9.12909000e-06
1.57769318e+02	2026-09-04T17:35:26.745831	0.00000000e+00	1	39	-1.12772000e-05	-1.07736000e-05	9.50608000e-01	1.08438000e-05
1.57793036e+02	2026-09-04T17:35:26.770812	0.00000000e+00	1	39	-1.74046000e-05	-1.02962000e-05	1.00069000e+00	1.01315000e-05
1.57811141e+02	2026-09-04T17:35:26.786476	0.00000000e+00	1	39	-4.94957000e-05	-1.17581000e-05	1.05074000e+00	1.33852000e-05
1.57837301e+02	2026-09-04T17:35:26.813589	0.00000000e+00	1	39	-5.21898000e-05	-1.94411000e-05	1.10075000e+00	1.31555000e-05
1.57863473e+02	2026-09-04T17:35:26.833588	0.00000000e+00	1	39	--	--	1.15080000e+00	5.30146000e-04
1.57892651e+02	2026-09-04T17:35:26.865414	0.00000000e+00	1	39	--	--	1.20081000e+00	5.30133000e-04
1.57915356e+02	2026-09-04T17:35:26.892039	0.00000000e+00	1	39	--	--	1.25088000e+00	5.30134000e-04
1.57925687e+02	2026-09-04T17:35:26.903629	0.00000000e+00	1	39	--	--	1.30093000e+00	5.30132000e-04
1.57952333e+02	2026-09-04T17:35:26.930499	0.00000000e+00	1	39	--	--	1.35095000e+00	5.30137000e-04
1.57960760e+02	2026-09-04T17:35:26.933750	0.00000000e+00	1	39	--	--	1.40096000e+00	5.30132000e-04
1.57983595e+02	2026-09-04T17:35:26.960932	0.00000000e+00	1	39	--	--	1.45101000e+00	5.30133000e-04
1.58013495e+02	2026-09-04T17:35:26.983687	0.00000000e+00	1	39	--	--	1.50103000e+00	5.30135000e-04
1.58042081e+02	2026-09-04T17:35:27.013808	0.00000000e+00	1	39	--	--	1.55109000e+00	5.30139000e-04
1.58061969e+02	2026-09-04T17:35:27.039412	0.00000000e+00	1	39	--	--	1.60111000e+00	5.30135000e-04
1.58071164e+02	2026-09-04T17:35:27.045882	0.00000000e+00	1	39	--	--	1.65113000e+00	5.30139000e-04
1.58089053e+02	2026-09-04T17:35:27.063704	0.00000000e+00	1	39	--	--	1.70117000e+00	5.30141000e-04
1.58124932e+02	2026-09-04T17:35:27.102929	0.00000000e+00	1	39	--	--	1.75122000e+00	5.30135000e-04
1.58134714e+02	2026-09-04T17:35:27.103938	0.00000000e+00	1	39	--	--	1.80120000e+00	5.30138000e-04
1.58157286e+02	2026-09-04T17:35:27.135089	0.00000000e+00	1	39	--	--	1.85127000e+00	5.30140000e-04
1.58165075e+02	2026-09-04T17:35:27.135089	0.00000000e+00	1	39	--	--	1.90131000e+00	5.30142000e-04
1.58172752e+02	2026-09-04T17:35:27.150808	0.00000000e+00	1	39	--	--	1.95134000e+00	5.30141000e-04
1.58196916e+02	2026-09-04T17:35:27.173697	0.00000000e+00	1	39	--	--	2.00135000e+00	5.30144000e-04
1.58206226e+02	2026-09-04T17:35:27.183778	0.00000000e+00	1	39	--	--	2.00136000e+00	5.30141000e-04
1.58218621e+02	2026-09-04T17:35:27.195790	0.00000000e+00	1	39	--	--	1.95136000e+00	5.30138000e-04
1.58241466e+02	2026-09-04T17:35:27.216294	0.00000000e+00	1	39	--	--	1.90130000e+00	5.30132000e-04
1.58249287e+02	2026-09-04T17:35:27.224521	0.00000000e+00	1	39	--	--	1.85130000e+00	5.30133000e-04
1.58256765e+02	2026-09-04T17:35:27.234046	0.00000000e+00	1	39	--	--	1.80121000e+00	5.30132000e-04
1.58264581e+02	2026-09-04T17:35:27.234046	0.00000000e+00	1	39	--	--	1.75121000e+00	5.30134000e-04
1.58284460e+02	2026-09-04T17:35:27.261950	0.00000000e+00	1	39	--	--	1.70117000e+00	5.30132000e-04
1.58316690e+02	2026-09-04T17:35:27.293839	0.00000000e+00	1	39	--	--	1.65113000e+00	5.30137000e-04
1.58326336e+02	2026-09-04T17:35:27.303609	0.00000000e+00	1	39	--	--	1.60111000e+00	5.30135000e-04
1.58348560e+02	2026-09-04T17:35:27.325806	0.00000000e+00	1	39	--	--	1.55107000e+00	5.30137000e-04
1.58357162e+02	2026-09-04T17:35:27.333688	0.00000000e+00	1	39	--	--	1.50102000e+00	5.30138000e-04
1.58372699e+02	2026-09-04T17:35:27.346388	0.00000000e+00	1	39	--	--	1.45100000e+00	5.30132000e-04
1.58412684e+02	2026-09-04T17:35:27.389012	0.00000000e+00	1	39	--	--	1.40096000e+00	5.30133000e-04
1.58423775e+02	2026-09-04T17:35:27.393627	0.00000000e+00	1	39	--	--	1.35095000e+00	5.30135000e-04
1.58443308e+02	2026-09-04T17:35:27.420798	0.00000000e+00	1	39	--	--	1.30088000e+00	5.30131000e-04
1.58451427e+02	2026-09-04T17:35:27.424055	0.00000000e+00	1	39	--	--	1.25087000e+00	5.30137000e-04
1.58477190e+02	2026-09-04T17:35:27.453791	0.00000000e+00	1	39	--	--	1.20082000e+00	5.30138000e-04
1.58490416e+02	2026-09-04T17:35:27.468778	0.00000000e+00	1	39	--	--	1.15081000e+00	5.30131000e-04
1.58514105e+02	2026-09-04T17:35:27.486786	0.00000000e+00	1	39	--	--	1.10074000e+00	5.30134000e-04
1.58537952e+02	2026-09-04T17:35:27.515728	0.00000000e+00	1	39	--	--	1.05072000e+00	5.30136000e-04
1.58546225e+02	2026-09-04T17:35:27.523952	0.00000000e+00	1	39	--	--	1.00068000e+00	5.30130000e-04
1.58572475e+02	2026-09-04T17:35:27.547728	0.00000000e+00	1	39	--	--	9.50656000e-01	5.30133000e-04
1.58582828e+02	2026-09-04T17:35:27.558442	0.00000000e+00	1	39	--	--	9.00604000e-01	5.30129000e-04
1.58601795e+02	2026-09-04T17:35:27.579768	0.00000000e+00	1	39	--	--	8.50581000e-01	5.30135000e-04
1.58623405e+02	2026-09-04T17:35:27.595836	0.00000000e+00	1	39	--	--	8.00499000e-01	5.30132000e-04
1.58632205e+02	2026-09-04T17:35:27.603665	0.00000000e+00	1	39	--	--	7.50465000e-01	5.30144000e-04
1.58673784e+02	2026-09-04T17:35:27.646609	0.00000000e+00	1	39	--	--	7.00410000e-01	5.30139000e-04
1.58684529e+02	2026-09-04T17:35:27.653797	0.00000000e+00	1	39	--	--	6.50429000e-01	5.30138000e-04
1.58708704e+02	2026-09-04T17:35:27.683862	0.00000000e+00	1	39	--	--	6.00354000e-01	5.30140000e-04
1.58716417e+02	2026-09-04T17:35:27.693726	0.00000000e+00	1	39	--	--	5.50323000e-01	5.30141000e-04
1.58762738e+02	2026-09-04T17:35:27.738834	0.00000000e+00	1	39	--	--	5.00266000e-01	5.30142000e-04
1.58791730e+02	2026-09-04T17:35:27.763634	0.00000000e+00	1	39	1.70405000e-01	-5.30226000e-04	4.50262000e-01	5.30141000e-04
1.58814068e+02	2026-09-04T17:35:27.791374	0.00000000e+00	1	39	1.20248000e-01	-5.30225000e-04	4.00191000e-01	5.30142000e-04
1.58821840e+02	2026-09-04T17:35:27.793966	0.00000000e+00	1	39	7.01214000e-02	-5.30227000e-04	3.50148000e-01	5.30139000e-04
1.58846937e+02	2026-09-04T17:35:27.823834	0.00000000e+00	1	39	2.04482000e-02	-5.30224000e-04	3.00135000e-01	5.30138000e-04
1.58862162e+02	2026-09-04T17:35:27.833588	0.00000000e+00	1	39	-8.79765000e-05	-4.76574000e-04	2.50120000e-01	4.76743000e-04
1.58891418e+02	2026-09-04T17:35:27.863647	0.00000000e+00	1	39	-8.29458000e-05	-3.84350000e-04	2.00184000e-01	3.84413000e-04
1.58918810e+02	2026-09-04T17:35:27.893755	0.00000000e+00	1	39	-7.62939000e-05	-2.93148000e-04	1.50155000e-01	2.92876000e-04
1.58940141e+02	2026-09-04T17:35:27.913856	0.00000000e+00	1	39	-7.09057000e-05	-1.96000000e-04	1.00113000e-01	1.96114000e-04
1.58951466e+02	2026-09-04T17:35:27.923779	0.00000000e+00	1	39	-6.74009000e-05	-9.79886000e-05	5.00738000e-02	9.78973000e-05
1.58980206e+02	2026-09-04T17:35:27.956737	0.00000000e+00	1	39	-5.58853000e-05	-3.04345000e-07	3.70502000e-05	2.93206000e-07
1.60916673e+02	2026-09-04T17:35:29.893736	0.00000000e+00	1	40	-5.13792000e-05	-9.74536000e-11	3.31879000e-05	3.25775000e-10
1.60924968e+02	2026-09-04T17:35:29.902977	0.00000000e+00	1	40	-8.58307000e-06	-1.78361000e-08	5.00609000e-02	4.72667000e-08
1.60946625e+02	2026-09-04T17:35:29.923769	0.00000000e+00	1	40	-4.22239000e-05	-1.45206000e-07	1.00093000e-01	9.78899000e-08
1.60973283e+02	2026-09-04T17:35:29.950908	0.00000000e+00	1	40	-5.23806000e-05	-2.23694000e-07	1.50132000e-01	2.61272000e-07
1.60984903e+02	2026-09-04T17:35:29.953788	0.00000000e+00	1	40	-5.95570000e-05	-3.23472000e-07	2.00187000e-01	3.40787000e-07
1.61009451e+02	2026-09-04T17:35:29.983902	0.00000000e+00	1	40	-6.20842000e-05	-4.85760000e-07	2.50103000e-01	4.93321000e-07
1.61017202e+02	2026-09-04T17:35:29.993788	0.00000000e+00	1	40	-5.87702000e-05	-6.34408000e-07	3.00117000e-01	6.36934000e-07
1.61036556e+02	2026-09-04T17:35:30.013829	0.00000000e+00	1	40	-4.77076000e-05	-8.72807000e-07	3.50176000e-01	8.41339000e-07
1.61062848e+02	2026-09-04T17:35:30.033811	0.00000000e+00	1	40	-5.55277000e-05	-1.08677000e-06	4.00187000e-01	1.07061000e-06
1.61081573e+02	2026-09-04T17:35:30.057899	0.00000000e+00	1	40	-5.45263000e-05	-1.33400000e-06	4.50252000e-01	1.24706000e-06
1.61103692e+02	2026-09-04T17:35:30.077463	0.00000000e+00	1	40	-5.35488000e-05	-1.58166000e-06	5.00287000e-01	1.65830000e-06
1.61111276e+02	2026-09-04T17:35:30.083839	0.00000000e+00	1	40	-5.76735000e-05	-2.17958000e-06	5.50337000e-01	2.00834000e-06
1.61132028e+02	2026-09-04T17:35:30.109633	0.00000000e+00	1	40	-4.75168000e-05	-2.83485000e-06	6.00373000e-01	2.94208000e-06
1.61147131e+02	2026-09-04T17:35:30.125503	0.00000000e+00	1	40	-5.01156000e-05	-3.39497000e-06	6.50414000e-01	3.44495000e-06
1.61170654e+02	2026-09-04T17:35:30.148562	0.00000000e+00	1	40	-6.26326000e-05	-4.58896000e-06	7.00462000e-01	4.41349000e-06
1.61197397e+02	2026-09-04T17:35:30.174011	0.00000000e+00	1	40	-6.10113000e-05	-5.81820000e-06	7.50501000e-01	5.78954000e-06
1.61204941e+02	2026-09-04T17:35:30.174011	0.00000000e+00	1	40	--	--	8.00528000e-01	5.30139000e-04
1.61226150e+02	2026-09-04T17:35:30.203684	0.00000000e+00	1	40	--	--	8.50573000e-01	5.30137000e-04
1.61253509e+02	2026-09-04T17:35:30.230093	0.00000000e+00	1	40	--	--	9.00604000e-01	5.30129000e-04
1.61275336e+02	2026-09-04T17:35:30.251506	0.00000000e+00	1	40	--	--	9.50642000e-01	5.30138000e-04
1.61289107e+02	2026-09-04T17:35:30.267169	0.00000000e+00	1	40	--	--	1.00069000e+00	5.30130000e-04
1.61310333e+02	2026-09-04T17:35:30.283809	0.00000000e+00	1	40	--	--	1.05075000e+00	5.30125000e-04
1.61322086e+02	2026-09-04T17:35:30.298473	0.00000000e+00	1	40	--	--	1.10072000e+00	5.30133000e-04
1.61346764e+02	2026-09-04T17:35:30.323647	0.00000000e+00	1	40	--	--	1.15080000e+00	5.30129000e-04
1.61362130e+02	2026-09-04T17:35:30.339551	0.00000000e+00	1	40	--	--	1.20084000e+00	5.30129000e-04
1.61383997e+02	2026-09-04T17:35:30.361482	0.00000000e+00	1	40	--	--	1.25088000e+00	5.30129000e-04
1.61391740e+02	2026-09-04T17:35:30.363988	0.00000000e+00	1	40	--	--	1.30089000e+00	5.30128000e-04
1.61415613e+02	2026-09-04T17:35:30.393832	0.00000000e+00	1	40	--	--	1.35095000e+00	5.30129000e-04
1.61442874e+02	2026-09-04T17:35:30.413577	0.00000000e+00	1	40	--	--	1.40097000e+00	5.30133000e-04
1.61469625e+02	2026-09-04T17:35:30.443850	0.00000000e+00	1	40	--	--	1.45103000e+00	5.30135000e-04
1.61493998e+02	2026-09-04T17:35:30.471422	0.00000000e+00	1	40	--	--	1.50103000e+00	5.30132000e-04
1.61502123e+02	2026-09-04T17:35:30.473931	0.00000000e+00	1	40	--	--	1.55109000e+00	5.30129000e-04
1.61527278e+02	2026-09-04T17:35:30.503688	0.00000000e+00	1	40	--	--	1.60111000e+00	5.30135000e-04
1.61548500e+02	2026-09-04T17:35:30.523648	0.00000000e+00	1	40	--	--	1.65114000e+00	5.30133000e-04
1.61569722e+02	2026-09-04T17:35:30.543903	0.00000000e+00	1	40	--	--	1.70116000e+00	5.30137000e-04
1.61577479e+02	2026-09-04T17:35:30.553812	0.00000000e+00	1	40	--	--	1.75120000e+00	5.30131000e-04
1.61586281e+02	2026-09-04T17:35:30.563791	0.00000000e+00	1	40	--	--	1.80123000e+00	5.30131000e-04
1.61632680e+02	2026-09-04T17:35:30.608775	0.00000000e+00	1	40	--	--	1.85126000e+00	5.30132000e-04
1.61655295e+02	2026-09-04T17:35:30.633672	0.00000000e+00	1	40	--	--	1.90130000e+00	5.30135000e-04
1.61683925e+02	2026-09-04T17:35:30.661034	0.00000000e+00	1	40	--	--	1.95132000e+00	5.30136000e-04
1.61692084e+02	2026-09-04T17:35:30.663900	0.00000000e+00	1	40	--	--	2.00137000e+00	5.30135000e-04
1.61698794e+02	2026-09-04T17:35:30.676746	0.00000000e+00	1	40	--	--	2.00136000e+00	5.30133000e-04
1.61743211e+02	2026-09-04T17:35:30.716898	0.00000000e+00	1	40	--	--	1.95133000e+00	5.30132000e-04
1.61776391e+02	2026-09-04T17:35:30.753808	0.00000000e+00	1	40	--	--	1.90130000e+00	5.30135000e-04
1.61799117e+02	2026-09-04T17:35:30.773898	0.00000000e+00	1	40	--	--	1.85128000e+00	5.30133000e-04
1.61807103e+02	2026-09-04T17:35:30.783774	0.00000000e+00	1	40	--	--	1.80123000e+00	5.30133000e-04
1.61845808e+02	2026-09-04T17:35:30.823894	0.00000000e+00	1	40	--	--	1.75122000e+00	5.30133000e-04
1.61854914e+02	2026-09-04T17:35:30.823894	0.00000000e+00	1	40	--	--	1.70115000e+00	5.30133000e-04
1.61883558e+02	2026-09-04T17:35:30.853992	0.00000000e+00	1	40	--	--	1.65113000e+00	5.30132000e-04
1.61923996e+02	2026-09-04T17:35:30.901743	0.00000000e+00	1	40	--	--	1.60110000e+00	5.30125000e-04
1.61932462e+02	2026-09-04T17:35:30.903753	0.00000000e+00	1	40	--	--	1.55108000e+00	5.30126000e-04
1.61981507e+02	2026-09-04T17:35:30.959297	0.00000000e+00	1	40	--	--	1.50102000e+00	5.30132000e-04
1.61990360e+02	2026-09-04T17:35:30.967033	0.00000000e+00	1	40	--	--	1.45102000e+00	5.30135000e-04
1.62017252e+02	2026-09-04T17:35:30.993863	0.00000000e+00	1	40	--	--	1.40096000e+00	5.30130000e-04
1.62045460e+02	2026-09-04T17:35:31.023574	0.00000000e+00	1	40	--	--	1.35094000e+00	5.30127000e-04
1.62055040e+02	2026-09-04T17:35:31.023574	0.00000000e+00	1	40	--	--	1.30090000e+00	5.30124000e-04
1.62064686e+02	2026-09-04T17:35:31.039718	0.00000000e+00	1	40	--	--	1.25087000e+00	5.30127000e-04
1.62072666e+02	2026-09-04T17:35:31.048995	0.00000000e+00	1	40	--	--	1.20083000e+00	5.30133000e-04
1.62080363e+02	2026-09-04T17:35:31.056314	0.00000000e+00	1	40	--	--	1.15082000e+00	5.30128000e-04
1.62087943e+02	2026-09-04T17:35:31.063979	0.00000000e+00	1	40	--	--	1.10075000e+00	5.30132000e-04
1.62102501e+02	2026-09-04T17:35:31.078413	0.00000000e+00	1	40	--	--	1.05073000e+00	5.30129000e-04
1.62120800e+02	2026-09-04T17:35:31.093937	0.00000000e+00	1	40	--	--	1.00068000e+00	5.30132000e-04
1.62132623e+02	2026-09-04T17:35:31.107949	0.00000000e+00	1	40	--	--	9.50665000e-01	5.30135000e-04
1.62152902e+02	2026-09-04T17:35:31.123784	0.00000000e+00	1	40	--	--	9.00593000e-01	5.30130000e-04
1.62178033e+02	2026-09-04T17:35:31.154461	0.00000000e+00	1	40	--	--	8.50577000e-01	5.30132000e-04
1.62186368e+02	2026-09-04T17:35:31.163963	0.00000000e+00	1	40	--	--	8.00517000e-01	5.30134000e-04
1.62198316e+02	2026-09-04T17:35:31.173747	0.00000000e+00	1	40	--	--	7.50481000e-01	5.30133000e-04
1.62221792e+02	2026-09-04T17:35:31.199535	0.00000000e+00	1	40	--	--	7.00441000e-01	5.30132000e-04
1.62254235e+02	2026-09-04T17:35:31.231641	0.00000000e+00	1	40	--	--	6.50417000e-01	5.30137000e-04
1.62262098e+02	2026-09-04T17:35:31.233647	0.00000000e+00	1	40	--	--	6.00345000e-01	5.30135000e-04
1.62286083e+02	2026-09-04T17:35:31.263930	0.00000000e+00	1	40	--	--	5.50323000e-01	5.30135000e-04
1.62310679e+02	2026-09-04T17:35:31.283689	0.00000000e+00	1	40	--	--	5.00290000e-01	5.30137000e-04
1.62344008e+02	2026-09-04T17:35:31.318103	0.00000000e+00	1	40	--	--	4.50266000e-01	5.30136000e-04
1.62365148e+02	2026-09-04T17:35:31.342768	0.00000000e+00	1	40	1.67926000e-01	-5.30215000e-04	4.00191000e-01	5.30133000e-04
1.62373550e+02	2026-09-04T17:35:31.351799	0.00000000e+00	1	40	1.17982000e-01	-5.30219000e-04	3.50162000e-01	5.30136000e-04
1.62388068e+02	2026-09-04T17:35:31.363682	0.00000000e+00	1	40	6.80519000e-02	-5.30223000e-04	3.00119000e-01	5.30137000e-04
1.62413096e+02	2026-09-04T17:35:31.389962	0.00000000e+00	1	40	1.80644000e-02	-5.30218000e-04	2.50095000e-01	5.30136000e-04
1.62421563e+02	2026-09-04T17:35:31.396748	0.00000000e+00	1	40	-8.35657000e-05	-4.56842000e-04	2.00192000e-01	4.56668000e-04
1.62442911e+02	2026-09-04T17:35:31.413913	0.00000000e+00	1	40	-6.98090000e-05	-3.42997000e-04	1.50155000e-01	3.43127000e-04
1.62465015e+02	2026-09-04T17:35:31.437844	0.00000000e+00	1	40	-6.79255000e-05	-2.27516000e-04	1.00126000e-01	2.27527000e-04
1.62475779e+02	2026-09-04T17:35:31.453869	0.00000000e+00	1	40	-5.89371000e-05	-1.13416000e-04	5.00817000e-02	1.13313000e-04
1.62529782e+02	2026-09-04T17:35:31.505596	0.00000000e+00	1	40	-4.86851000e-05	-3.30833000e-07	3.46184000e-05	2.34152000e-07
1.64698141e+02	2026-09-04T17:35:33.675443	0.00000000e+00	1	41	-5.14746000e-05	-3.79693000e-10	3.91245000e-05	3.13175000e-10
1.64723708e+02	2026-09-04T17:35:33.693968	0.00000000e+00	1	41	9.48906000e-06	-6.03364000e-08	5.00423000e-02	8.11455000e-08
1.64746473e+02	2026-09-04T17:35:33.724050	0.00000000e+00	1	41	-3.02553000e-05	-2.60900000e-07	1.00103000e-01	2.86079000e-07
1.64760923e+02	2026-09-04T17:35:33.738893	0.00000000e+00	1	41	-5.05686000e-05	-4.23374000e-07	1.50158000e-01	4.24217000e-07
1.64782560e+02	2026-09-04T17:35:33.754961	0.00000000e+00	1	41	-5.62429000e-05	-6.88000000e-07	2.00189000e-01	7.03017000e-07
1.64790141e+02	2026-09-04T17:35:33.763792	0.00000000e+00	1	41	-5.69582000e-05	-8.92390000e-07	2.50107000e-01	9.27338000e-07
1.64801694e+02	2026-09-04T17:35:33.773881	0.00000000e+00	1	41	-5.60522000e-05	-1.10938000e-06	3.00137000e-01	1.10727000e-06
1.64824604e+02	2026-09-04T17:35:33.802306	0.00000000e+00	1	41	-4.68016000e-05	-1.58707000e-06	3.50185000e-01	1.58242000e-06
1.64835029e+02	2026-09-04T17:35:33.803815	0.00000000e+00	1	41	-3.78847000e-05	-2.19119000e-06	4.00197000e-01	2.34857000e-06
1.64850097e+02	2026-09-04T17:35:33.824040	0.00000000e+00	1	41	-4.91381000e-05	-3.04706000e-06	4.50248000e-01	3.10104000e-06
1.64872250e+02	2026-09-04T17:35:33.849675	0.00000000e+00	1	41	1.98369000e-01	-5.30257000e-04	5.00260000e-01	5.30143000e-04
1.64908405e+02	2026-09-04T17:35:33.884057	0.00000000e+00	1	41	--	--	5.50308000e-01	5.30142000e-04
1.64936906e+02	2026-09-04T17:35:33.913759	0.00000000e+00	1	41	--	--	6.00348000e-01	5.30138000e-04
1.64949806e+02	2026-09-04T17:35:33.923758	0.00000000e+00	1	41	--	--	6.50421000e-01	5.30140000e-04
1.64972967e+02	2026-09-04T17:35:33.944904	0.00000000e+00	1	41	--	--	7.00451000e-01	5.30142000e-04
1.64981453e+02	2026-09-04T17:35:33.953950	0.00000000e+00	1	41	--	--	7.50493000e-01	5.30135000e-04
1.65012570e+02	2026-09-04T17:35:33.983833	0.00000000e+00	1	41	--	--	8.00516000e-01	5.30136000e-04
1.65039490e+02	2026-09-04T17:35:34.015150	0.00000000e+00	1	41	--	--	8.50569000e-01	5.30133000e-04
1.65061895e+02	2026-09-04T17:35:34.039754	0.00000000e+00	1	41	--	--	9.00591000e-01	5.30136000e-04
1.65083243e+02	2026-09-04T17:35:34.060691	0.00000000e+00	1	41	--	--	9.50646000e-01	5.30128000e-04
1.65091988e+02	2026-09-04T17:35:34.063795	0.00000000e+00	1	41	--	--	1.00069000e+00	5.30136000e-04
1.65101792e+02	2026-09-04T17:35:34.073617	0.00000000e+00	1	41	--	--	1.05073000e+00	5.30133000e-04
1.65119928e+02	2026-09-04T17:35:34.093776	0.00000000e+00	1	41	--	--	1.10074000e+00	5.30132000e-04
1.65141456e+02	2026-09-04T17:35:34.118979	0.00000000e+00	1	41	--	--	1.15079000e+00	5.30132000e-04
1.65149593e+02	2026-09-04T17:35:34.123999	0.00000000e+00	1	41	--	--	1.20082000e+00	5.30136000e-04
1.65174511e+02	2026-09-04T17:35:34.150560	0.00000000e+00	1	41	--	--	1.25087000e+00	5.30135000e-04
1.65184472e+02	2026-09-04T17:35:34.153849	0.00000000e+00	1	41	--	--	1.30091000e+00	5.30133000e-04
1.65210061e+02	2026-09-04T17:35:34.183719	0.00000000e+00	1	41	--	--	1.35094000e+00	5.30145000e-04
1.65219511e+02	2026-09-04T17:35:34.193677	0.00000000e+00	1	41	--	--	1.40096000e+00	5.30139000e-04
1.65242234e+02	2026-09-04T17:35:34.214513	0.00000000e+00	1	41	--	--	1.45101000e+00	5.30138000e-04
1.65250096e+02	2026-09-04T17:35:34.224313	0.00000000e+00	1	41	--	--	1.50102000e+00	5.30138000e-04
1.65280581e+02	2026-09-04T17:35:34.256811	0.00000000e+00	1	41	--	--	1.55108000e+00	5.30138000e-04
1.65313086e+02	2026-09-04T17:35:34.283669	0.00000000e+00	1	41	--	--	1.60110000e+00	5.30137000e-04
1.65322024e+02	2026-09-04T17:35:34.293591	0.00000000e+00	1	41	--	--	1.65115000e+00	5.30134000e-04
1.65329869e+02	2026-09-04T17:35:34.303843	0.00000000e+00	1	41	--	--	1.70117000e+00	5.30137000e-04
1.65380317e+02	2026-09-04T17:35:34.356780	0.00000000e+00	1	41	--	--	1.75123000e+00	5.30143000e-04
1.65404439e+02	2026-09-04T17:35:34.373852	0.00000000e+00	1	41	--	--	1.80122000e+00	5.30133000e-04
1.65427531e+02	2026-09-04T17:35:34.404987	0.00000000e+00	1	41	--	--	1.85126000e+00	5.30142000e-04
1.65435895e+02	2026-09-04T17:35:34.413998	0.00000000e+00	1	41	--	--	1.90130000e+00	5.30136000e-04
1.65461381e+02	2026-09-04T17:35:34.437445	0.00000000e+00	1	41	--	--	1.95135000e+00	5.30138000e-04
1.65472718e+02	2026-09-04T17:35:34.447318	0.00000000e+00	1	41	--	--	2.00135000e+00	5.30138000e-04
1.65490457e+02	2026-09-04T17:35:34.468401	0.00000000e+00	1	41	--	--	2.00137000e+00	5.30133000e-04
1.65512383e+02	2026-09-04T17:35:34.483906	0.00000000e+00	1	41	--	--	1.95134000e+00	5.30133000e-04
1.65522110e+02	2026-09-04T17:35:34.499964	0.00000000e+00	1	41	--	--	1.90130000e+00	5.30132000e-04
1.65552479e+02	2026-09-04T17:35:34.523683	0.00000000e+00	1	41	--	--	1.85126000e+00	5.30137000e-04
1.65583025e+02	2026-09-04T17:35:34.558135	0.00000000e+00	1	41	--	--	1.80124000e+00	5.30137000e-04
1.65606264e+02	2026-09-04T17:35:34.583583	0.00000000e+00	1	41	--	--	1.75122000e+00	5.30133000e-04
1.65614244e+02	2026-09-04T17:35:34.583583	0.00000000e+00	1	41	--	--	1.70115000e+00	5.30138000e-04
1.65638932e+02	2026-09-04T17:35:34.616014	0.00000000e+00	1	41	--	--	1.65115000e+00	5.30139000e-04
1.65647426e+02	2026-09-04T17:35:34.623642	0.00000000e+00	1	41	--	--	1.60113000e+00	5.30131000e-04
1.65675681e+02	2026-09-04T17:35:34.653939	0.00000000e+00	1	41	--	--	1.55105000e+00	5.30137000e-04
1.65697475e+02	2026-09-04T17:35:34.675715	0.00000000e+00	1	41	--	--	1.50103000e+00	5.30139000e-04
1.65710291e+02	2026-09-04T17:35:34.683883	0.00000000e+00	1	41	--	--	1.45102000e+00	5.30134000e-04
1.65738903e+02	2026-09-04T17:35:34.716751	0.00000000e+00	1	41	--	--	1.40097000e+00	5.30131000e-04
1.65754931e+02	2026-09-04T17:35:34.723754	0.00000000e+00	1	41	--	--	1.35096000e+00	5.30133000e-04
1.65768905e+02	2026-09-04T17:35:34.743822	0.00000000e+00	1	41	--	--	1.30090000e+00	5.30133000e-04
1.65791655e+02	2026-09-04T17:35:34.769990	0.00000000e+00	1	41	--	--	1.25089000e+00	5.30136000e-04
1.65805683e+02	2026-09-04T17:35:34.783727	0.00000000e+00	1	41	--	--	1.20081000e+00	5.30132000e-04
1.65832760e+02	2026-09-04T17:35:34.803794	0.00000000e+00	1	41	--	--	1.15080000e+00	5.30136000e-04
1.65855052e+02	2026-09-04T17:35:34.832457	0.00000000e+00	1	41	--	--	1.10074000e+00	5.30135000e-04
1.65864605e+02	2026-09-04T17:35:34.833962	0.00000000e+00	1	41	--	--	1.05073000e+00	5.30135000e-04
1.65886501e+02	2026-09-04T17:35:34.864006	0.00000000e+00	1	41	--	--	1.00068000e+00	5.30137000e-04
1.65894760e+02	2026-09-04T17:35:34.864006	0.00000000e+00	1	41	--	--	9.50639000e-01	5.30135000e-04
1.65919922e+02	2026-09-04T17:35:34.895790	0.00000000e+00	1	41	--	--	9.00603000e-01	5.30133000e-04
1.65932781e+02	2026-09-04T17:35:34.903597	0.00000000e+00	1	41	--	--	8.50571000e-01	5.30136000e-04
1.65962838e+02	2026-09-04T17:35:34.933716	0.00000000e+00	1	41	--	--	8.00513000e-01	5.30134000e-04
1.65985668e+02	2026-09-04T17:35:34.963977	0.00000000e+00	1	41	--	--	7.50473000e-01	5.30136000e-04
1.65993175e+02	2026-09-04T17:35:34.969416	0.00000000e+00	1	41	--	--	7.00443000e-01	5.30138000e-04
1.66015624e+02	2026-09-04T17:35:34.993887	0.00000000e+00	1	41	--	--	6.50425000e-01	5.30137000e-04
1.66024254e+02	2026-09-04T17:35:35.000808	0.00000000e+00	1	41	--	--	6.00368000e-01	5.30136000e-04
1.66047828e+02	2026-09-04T17:35:35.024055	0.00000000e+00	1	41	--	--	5.50326000e-01	5.30142000e-04
1.66059599e+02	2026-09-04T17:35:35.033792	0.00000000e+00	1	41	--	--	5.00290000e-01	5.30140000e-04
1.66102013e+02	2026-09-04T17:35:35.073682	0.00000000e+00	1	41	1.63572000e-01	-5.30221000e-04	4.50261000e-01	5.30141000e-04
1.66128033e+02	2026-09-04T17:35:35.104021	0.00000000e+00	1	41	1.13991000e-01	-5.30224000e-04	4.00202000e-01	5.30136000e-04
1.66137547e+02	2026-09-04T17:35:35.113803	0.00000000e+00	1	41	6.31705000e-02	-5.30223000e-04	3.50165000e-01	5.30144000e-04
1.66156493e+02	2026-09-04T17:35:35.133930	0.00000000e+00	1	41	1.33661000e-02	-5.30223000e-04	3.00118000e-01	5.30137000e-04
1.66165157e+02	2026-09-04T17:35:35.133930	0.00000000e+00	1	41	-8.03471000e-05	-4.60083000e-04	2.50129000e-01	4.60060000e-04
1.66180351e+02	2026-09-04T17:35:35.153622	0.00000000e+00	1	41	-7.66516000e-05	-3.65735000e-04	2.00197000e-01	3.65536000e-04
1.66235455e+02	2026-09-04T17:35:35.213611	0.00000000e+00	1	41	-6.74725000e-05	-2.77824000e-04	1.50161000e-01	2.77757000e-04
1.66243436e+02	2026-09-04T17:35:35.213611	0.00000000e+00	1	41	-5.83887000e-05	-1.84560000e-04	1.00124000e-01	1.84564000e-04
1.66268684e+02	2026-09-04T17:35:35.246604	0.00000000e+00	1	41	-5.39064000e-05	-9.21929000e-05	5.00864000e-02	9.21512000e-05
1.66301058e+02	2026-09-04T17:35:35.276036	0.00000000e+00	1	41	-4.91381000e-05	-2.84281000e-07	4.53234000e-05	2.25147000e-07
1.68284599e+02	2026-09-04T17:35:37.255776	0.00000000e+00	1	42	-5.71489000e-05	-9.86695000e-11	3.87669000e-05	9.20415000e-11
1.68293757e+02	2026-09-04T17:35:37.271759	0.00000000e+00	1	42	1.05619000e-05	-4.37630000e-08	5.00634000e-02	1.13828000e-07
1.68323478e+02	2026-09-04T17:35:37.293887	0.00000000e+00	1	42	-3.62873000e-05	-2.77406000e-07	1.00113000e-01	2.37189000e-07
1.68359133e+02	2026-09-04T17:35:37.335463	0.00000000e+00	1	42	-5.75066000e-05	-4.00287000e-07	1.50153000e-01	3.90478000e-07
1.68379457e+02	2026-09-04T17:35:37.356015	0.00000000e+00	1	42	-5.40733000e-05	-5.79906000e-07	2.00192000e-01	5.82814000e-07
1.68387182e+02	2026-09-04T17:35:37.363794	0.00000000e+00	1	42	-5.06639000e-05	-8.13529000e-07	2.50128000e-01	8.11079000e-07
1.68403049e+02	2026-09-04T17:35:37.373807	0.00000000e+00	1	42	-6.10113000e-05	-1.10845000e-06	3.00126000e-01	1.09757000e-06
1.68452596e+02	2026-09-04T17:35:37.429975	0.00000000e+00	1	42	-5.68628000e-05	-1.41697000e-06	3.50171000e-01	1.42985000e-06
1.68460465e+02	2026-09-04T17:35:37.433752	0.00000000e+00	1	42	-5.23806000e-05	-1.77471000e-06	4.00201000e-01	1.78035000e-06
1.68487689e+02	2026-09-04T17:35:37.464014	0.00000000e+00	1	42	-5.22852000e-05	-2.25418000e-06	4.50264000e-01	2.35408000e-06
1.68501951e+02	2026-09-04T17:35:37.477279	0.00000000e+00	1	42	-5.23806000e-05	-2.79660000e-06	5.00297000e-01	2.87682000e-06
1.68529864e+02	2026-09-04T17:35:37.503764	0.00000000e+00	1	42	-4.96864000e-05	-3.30285000e-06	5.50332000e-01	3.43740000e-06
1.68584631e+02	2026-09-04T17:35:37.562616	0.00000000e+00	1	42	1.05916000e-01	-8.00017000e-06	6.00353000e-01	5.30148000e-04
1.68609861e+02	2026-09-04T17:35:37.583742	0.00000000e+00	1	42	--	--	6.50429000e-01	5.30142000e-04
1.68632049e+02	2026-09-04T17:35:37.609867	0.00000000e+00	1	42	--	--	7.00426000e-01	5.30140000e-04
1.68664017e+02	2026-09-04T17:35:37.641490	0.00000000e+00	1	42	--	--	7.50466000e-01	5.30139000e-04
1.68695555e+02	2026-09-04T17:35:37.673653	0.00000000e+00	1	42	--	--	8.00513000e-01	5.30136000e-04
1.68704278e+02	2026-09-04T17:35:37.677158	0.00000000e+00	1	42	--	--	8.50572000e-01	5.30136000e-04
1.68727324e+02	2026-09-04T17:35:37.704759	0.00000000e+00	1	42	--	--	9.00584000e-01	5.30137000e-04
1.68750597e+02	2026-09-04T17:35:37.723731	0.00000000e+00	1	42	--	--	9.50642000e-01	5.30137000e-04
1.68778275e+02	2026-09-04T17:35:37.753566	0.00000000e+00	1	42	--	--	1.00069000e+00	5.30136000e-04
1.68786957e+02	2026-09-04T17:35:37.763675	0.00000000e+00	1	42	--	--	1.05074000e+00	5.30134000e-04
1.68795872e+02	2026-09-04T17:35:37.773625	0.00000000e+00	1	42	--	--	1.10074000e+00	5.30140000e-04
1.68803120e+02	2026-09-04T17:35:37.778388	0.00000000e+00	1	42	--	--	1.15081000e+00	5.30132000e-04
1.68827697e+02	2026-09-04T17:35:37.803728	0.00000000e+00	1	42	--	--	1.20084000e+00	5.30132000e-04
1.68856329e+02	2026-09-04T17:35:37.833804	0.00000000e+00	1	42	--	--	1.25088000e+00	5.30133000e-04
1.68877596e+02	2026-09-04T17:35:37.853568	0.00000000e+00	1	42	--	--	1.30089000e+00	5.30130000e-04
1.68886150e+02	2026-09-04T17:35:37.863957	0.00000000e+00	1	42	--	--	1.35096000e+00	5.30136000e-04
1.68893415e+02	2026-09-04T17:35:37.863957	0.00000000e+00	1	42	--	--	1.40095000e+00	5.30132000e-04
1.68916163e+02	2026-09-04T17:35:37.893784	0.00000000e+00	1	42	--	--	1.45102000e+00	5.30133000e-04
1.68938336e+02	2026-09-04T17:35:37.913773	0.00000000e+00	1	42	--	--	1.50101000e+00	5.30132000e-04
1.68965783e+02	2026-09-04T17:35:37.943861	0.00000000e+00	1	42	--	--	1.55109000e+00	5.30135000e-04
1.68978825e+02	2026-09-04T17:35:37.957189	0.00000000e+00	1	42	--	--	1.60109000e+00	5.30136000e-04
1.69000568e+02	2026-09-04T17:35:37.973800	0.00000000e+00	1	42	--	--	1.65114000e+00	5.30137000e-04
1.69011323e+02	2026-09-04T17:35:37.988955	0.00000000e+00	1	42	--	--	1.70116000e+00	5.30137000e-04
1.69040175e+02	2026-09-04T17:35:38.013702	0.00000000e+00	1	42	--	--	1.75122000e+00	5.30140000e-04
1.69064815e+02	2026-09-04T17:35:38.036485	0.00000000e+00	1	42	--	--	1.80121000e+00	5.30136000e-04
1.69073096e+02	2026-09-04T17:35:38.043970	0.00000000e+00	1	42	--	--	1.85125000e+00	5.30144000e-04
1.69113793e+02	2026-09-04T17:35:38.087892	0.00000000e+00	1	42	--	--	1.90128000e+00	5.30137000e-04
1.69122429e+02	2026-09-04T17:35:38.100663	0.00000000e+00	1	42	--	--	1.95134000e+00	5.30135000e-04
1.69147653e+02	2026-09-04T17:35:38.123785	0.00000000e+00	1	42	--	--	2.00137000e+00	5.30138000e-04
1.69154578e+02	2026-09-04T17:35:38.131407	0.00000000e+00	1	42	--	--	2.00136000e+00	5.30137000e-04
1.69173989e+02	2026-09-04T17:35:38.147201	0.00000000e+00	1	42	--	--	1.95135000e+00	5.30136000e-04
1.69181675e+02	2026-09-04T17:35:38.157202	0.00000000e+00	1	42	--	--	1.90128000e+00	5.30133000e-04
1.69194056e+02	2026-09-04T17:35:38.163927	0.00000000e+00	1	42	--	--	1.85127000e+00	5.30136000e-04
1.69210598e+02	2026-09-04T17:35:38.183767	0.00000000e+00	1	42	--	--	1.80123000e+00	5.30134000e-04
1.69234496e+02	2026-09-04T17:35:38.210711	0.00000000e+00	1	42	--	--	1.75119000e+00	5.30137000e-04
1.69246673e+02	2026-09-04T17:35:38.223643	0.00000000e+00	1	42	--	--	1.70115000e+00	5.30138000e-04
1.69268370e+02	2026-09-04T17:35:38.243770	0.00000000e+00	1	42	--	--	1.65114000e+00	5.30141000e-04
1.69276567e+02	2026-09-04T17:35:38.253593	0.00000000e+00	1	42	--	--	1.60109000e+00	5.30136000e-04
1.69288686e+02	2026-09-04T17:35:38.263690	0.00000000e+00	1	42	--	--	1.55108000e+00	5.30136000e-04
1.69313165e+02	2026-09-04T17:35:38.289752	0.00000000e+00	1	42	--	--	1.50101000e+00	5.30137000e-04
1.69324990e+02	2026-09-04T17:35:38.300245	0.00000000e+00	1	42	--	--	1.45103000e+00	5.30134000e-04
1.69346845e+02	2026-09-04T17:35:38.323578	0.00000000e+00	1	42	--	--	1.40095000e+00	5.30133000e-04
1.69355534e+02	2026-09-04T17:35:38.331936	0.00000000e+00	1	42	--	--	1.35095000e+00	5.30139000e-04
1.69368051e+02	2026-09-04T17:35:38.343831	0.00000000e+00	1	42	--	--	1.30092000e+00	5.30133000e-04
1.69394243e+02	2026-09-04T17:35:38.368448	0.00000000e+00	1	42	--	--	1.25088000e+00	5.30129000e-04
1.69422794e+02	2026-09-04T17:35:38.400308	0.00000000e+00	1	42	--	--	1.20081000e+00	5.30133000e-04
1.69430392e+02	2026-09-04T17:35:38.403734	0.00000000e+00	1	42	--	--	1.15079000e+00	5.30132000e-04
1.69437753e+02	2026-09-04T17:35:38.416013	0.00000000e+00	1	42	--	--	1.10075000e+00	5.30137000e-04
1.69476153e+02	2026-09-04T17:35:38.453964	0.00000000e+00	1	42	--	--	1.05072000e+00	5.30130000e-04
1.69503510e+02	2026-09-04T17:35:38.480426	0.00000000e+00	1	42	--	--	1.00068000e+00	5.30134000e-04
1.69533726e+02	2026-09-04T17:35:38.511433	0.00000000e+00	1	42	--	--	9.50676000e-01	5.30137000e-04
1.69542298e+02	2026-09-04T17:35:38.513942	0.00000000e+00	1	42	--	--	9.00574000e-01	5.30133000e-04
1.69573711e+02	2026-09-04T17:35:38.543801	0.00000000e+00	1	42	--	--	8.50588000e-01	5.30134000e-04
1.69587570e+02	2026-09-04T17:35:38.563776	0.00000000e+00	1	42	--	--	8.00514000e-01	5.30131000e-04
1.69614632e+02	2026-09-04T17:35:38.590915	0.00000000e+00	1	42	--	--	7.50484000e-01	5.30135000e-04
1.69622024e+02	2026-09-04T17:35:38.593765	0.00000000e+00	1	42	--	--	7.00451000e-01	5.30130000e-04
1.69645002e+02	2026-09-04T17:35:38.622735	0.00000000e+00	1	42	--	--	6.50404000e-01	5.30140000e-04
1.69667449e+02	2026-09-04T17:35:38.643654	0.00000000e+00	1	42	--	--	6.00346000e-01	5.30137000e-04
1.69681919e+02	2026-09-04T17:35:38.657671	0.00000000e+00	1	42	--	--	5.50303000e-01	5.30141000e-04
1.69693149e+02	2026-09-04T17:35:38.669386	0.00000000e+00	1	42	--	--	5.00300000e-01	5.30135000e-04
1.69717222e+02	2026-09-04T17:35:38.693702	0.00000000e+00	1	42	2.01722000e-01	-5.30224000e-04	4.50271000e-01	5.30136000e-04
1.69739640e+02	2026-09-04T17:35:38.717205	0.00000000e+00	1	42	1.51715000e-01	-5.30221000e-04	4.00204000e-01	5.30136000e-04
1.69773128e+02	2026-09-04T17:35:38.751185	0.00000000e+00	1	42	1.01745000e-01	-5.30227000e-04	3.50179000e-01	5.30138000e-04
1.69802383e+02	2026-09-04T17:35:38.779632	0.00000000e+00	1	42	5.17762000e-02	-5.30223000e-04	3.00138000e-01	5.30139000e-04
1.69809738e+02	2026-09-04T17:35:38.783956	0.00000000e+00	1	42	1.64509000e-03	-5.30227000e-04	2.50120000e-01	5.30140000e-04
1.69817111e+02	2026-09-04T17:35:38.795508	0.00000000e+00	1	42	-8.09670000e-05	-4.36153000e-04	2.00188000e-01	4.36266000e-04
1.69858886e+02	2026-09-04T17:35:38.834341	0.00000000e+00	1	42	-7.57456000e-05	-3.28564000e-04	1.50156000e-01	3.28367000e-04
1.69885639e+02	2026-09-04T17:35:38.863554	0.00000000e+00	1	42	-6.57797000e-05	-2.17768000e-04	1.00122000e-01	2.17679000e-04
1.69895438e+02	2026-09-04T17:35:38.873620	0.00000000e+00	1	42	-6.15358000e-05	-1.08634000e-04	5.00824000e-02	1.08652000e-04
1.69918529e+02	2026-09-04T17:35:38.893883	0.00000000e+00	1	42	-5.15699000e-05	-3.43585000e-07	3.77655000e-05	2.43426000e-07
1.71927238e+02	2026-09-04T17:35:40.903831	0.00000000e+00	1	43	-6.06537000e-05	-2.56801000e-10	4.19140000e-05	3.77607000e-10
1.71985198e+02	2026-09-04T17:35:40.961170	0.00000000e+00	1	43	-3.17812000e-05	-1.59701000e-07	5.00654000e-02	1.82458000e-07
1.72005697e+02	2026-09-04T17:35:40.983762	0.00000000e+00	1	43	-5.80311000e-05	-4.07633000e-07	1.00123000e-01	3.95018000e-07
1.72029518e+02	2026-09-04T17:35:41.003719	0.00000000e+00	1	43	-5.48840000e-05	-5.17279000e-07	1.50161000e-01	5.21244000e-07
1.72037158e+02	2026-09-04T17:35:41.013768	0.00000000e+00	1	43	-5.86748000e-05	-9.56517000e-07	2.00196000e-01	9.47046000e-07
1.72056436e+02	2026-09-04T17:35:41.033990	0.00000000e+00	1	43	-5.65052000e-05	-1.20909000e-06	2.50108000e-01	1.26489000e-06
1.72077330e+02	2026-09-04T17:35:41.053762	0.00000000e+00	1	43	-5.01156000e-05	-1.51487000e-06	3.00137000e-01	1.61339000e-06
1.72089461e+02	2026-09-04T17:35:41.065604	0.00000000e+00	1	43	-5.74112000e-05	-1.97939000e-06	3.50191000e-01	1.88878000e-06
1.72135435e+02	2026-09-04T17:35:41.113582	0.00000000e+00	1	43	-4.52757000e-05	-2.36956000e-06	4.00193000e-01	2.35059000e-06
1.72143384e+02	2026-09-04T17:35:41.113582	0.00000000e+00	1	43	-5.37157000e-05	-3.17459000e-06	4.50252000e-01	3.10664000e-06
1.72175091e+02	2026-09-04T17:35:41.150963	0.00000000e+00	1	43	-4.85182000e-05	-3.46692000e-06	5.00283000e-01	3.57273000e-06
1.72208103e+02	2026-09-04T17:35:41.183859	0.00000000e+00	1	43	-5.53370000e-05	-4.40375000e-06	5.50336000e-01	4.23735000e-06
1.72217381e+02	2026-09-04T17:35:41.193932	0.00000000e+00	1	43	-4.93050000e-05	-4.99872000e-06	6.00366000e-01	4.90545000e-06
1.72224943e+02	2026-09-04T17:35:41.193932	0.00000000e+00	1	43	-6.24418000e-05	-5.64247000e-06	6.50440000e-01	5.42777000e-06
1.72247423e+02	2026-09-04T17:35:41.224732	0.00000000e+00	1	43	-5.12123000e-05	-6.52441000e-06	7.00418000e-01	6.39741000e-06
1.72268957e+02	2026-09-04T17:35:41.244008	0.00000000e+00	1	43	-5.05686000e-05	-7.54860000e-06	7.50492000e-01	7.79143000e-06
1.72295928e+02	2026-09-04T17:35:41.273877	0.00000000e+00	1	43	-3.38554000e-05	-9.28177000e-06	8.00518000e-01	9.38440000e-06
1.72304642e+02	2026-09-04T17:35:41.273877	0.00000000e+00	1	43	-2.16246000e-05	-1.13792000e-05	8.50523000e-01	1.17549000e-05
1.72320451e+02	2026-09-04T17:35:41.293973	0.00000000e+00	1	43	-5.66959000e-05	-1.17007000e-05	9.00601000e-01	1.25781000e-05
1.72342228e+02	2026-09-04T17:35:41.319884	0.00000000e+00	1	43	--	--	9.50668000e-01	5.30143000e-04
1.72375697e+02	2026-09-04T17:35:41.353914	0.00000000e+00	1	43	--	--	1.00068000e+00	5.30132000e-04
1.72389897e+02	2026-09-04T17:35:41.367259	0.00000000e+00	1	43	--	--	1.05071000e+00	5.30135000e-04
1.72412202e+02	2026-09-04T17:35:41.383929	0.00000000e+00	1	43	--	--	1.10073000e+00	5.30132000e-04
1.72420073e+02	2026-09-04T17:35:41.393987	0.00000000e+00	1	43	--	--	1.15079000e+00	5.30134000e-04
1.72459864e+02	2026-09-04T17:35:41.434032	0.00000000e+00	1	43	--	--	1.20082000e+00	5.30135000e-04
1.72488728e+02	2026-09-04T17:35:41.464018	0.00000000e+00	1	43	--	--	1.25089000e+00	5.30132000e-04
1.72517261e+02	2026-09-04T17:35:41.494811	0.00000000e+00	1	43	--	--	1.30091000e+00	5.30129000e-04
1.72541554e+02	2026-09-04T17:35:41.513849	0.00000000e+00	1	43	--	--	1.35092000e+00	5.30134000e-04
1.72566153e+02	2026-09-04T17:35:41.544032	0.00000000e+00	1	43	--	--	1.40095000e+00	5.30137000e-04
1.72574931e+02	2026-09-04T17:35:41.552823	0.00000000e+00	1	43	--	--	1.45101000e+00	5.30131000e-04
1.72586509e+02	2026-09-04T17:35:41.564012	0.00000000e+00	1	43	--	--	1.50100000e+00	5.30137000e-04
1.72594354e+02	2026-09-04T17:35:41.564012	0.00000000e+00	1	43	--	--	1.55108000e+00	5.30134000e-04
1.72616450e+02	2026-09-04T17:35:41.593781	0.00000000e+00	1	43	--	--	1.60110000e+00	5.30132000e-04
1.72637071e+02	2026-09-04T17:35:41.613662	0.00000000e+00	1	43	--	--	1.65115000e+00	5.30134000e-04
1.72644704e+02	2026-09-04T17:35:41.613662	0.00000000e+00	1	43	--	--	1.70117000e+00	5.30136000e-04
1.72670329e+02	2026-09-04T17:35:41.643845	0.00000000e+00	1	43	--	--	1.75121000e+00	5.30138000e-04
1.72687333e+02	2026-09-04T17:35:41.663630	0.00000000e+00	1	43	--	--	1.80122000e+00	5.30135000e-04
1.72711348e+02	2026-09-04T17:35:41.688731	0.00000000e+00	1	43	--	--	1.85129000e+00	5.30134000e-04
1.72727076e+02	2026-09-04T17:35:41.704628	0.00000000e+00	1	43	--	--	1.90130000e+00	5.30132000e-04
1.72752458e+02	2026-09-04T17:35:41.723590	0.00000000e+00	1	43	--	--	1.95135000e+00	5.30133000e-04
1.72782257e+02	2026-09-04T17:35:41.753910	0.00000000e+00	1	43	--	--	2.00136000e+00	5.30136000e-04
1.72788793e+02	2026-09-04T17:35:41.763792	0.00000000e+00	1	43	--	--	2.00136000e+00	5.30138000e-04
1.72834101e+02	2026-09-04T17:35:41.811152	0.00000000e+00	1	43	--	--	1.95134000e+00	5.30136000e-04
1.72854404e+02	2026-09-04T17:35:41.832464	0.00000000e+00	1	43	--	--	1.90130000e+00	5.30132000e-04
1.72877179e+02	2026-09-04T17:35:41.853800	0.00000000e+00	1	43	--	--	1.85126000e+00	5.30135000e-04
1.72884742e+02	2026-09-04T17:35:41.853800	0.00000000e+00	1	43	--	--	1.80123000e+00	5.30136000e-04
1.72936193e+02	2026-09-04T17:35:41.914017	0.00000000e+00	1	43	--	--	1.75122000e+00	5.30136000e-04
1.72966880e+02	2026-09-04T17:35:41.943905	0.00000000e+00	1	43	--	--	1.70115000e+00	5.30133000e-04
1.72974998e+02	2026-09-04T17:35:41.943905	0.00000000e+00	1	43	--	--	1.65114000e+00	5.30135000e-04
1.73009094e+02	2026-09-04T17:35:41.986064	0.00000000e+00	1	43	--	--	1.60110000e+00	5.30130000e-04
1.73019794e+02	2026-09-04T17:35:41.997038	0.00000000e+00	1	43	--	--	1.55108000e+00	5.30136000e-04
1.73029687e+02	2026-09-04T17:35:42.006753	0.00000000e+00	1	43	--	--	1.50103000e+00	5.30139000e-04
1.73044706e+02	2026-09-04T17:35:42.022771	0.00000000e+00	1	43	--	--	1.45101000e+00	5.30136000e-04
1.73053405e+02	2026-09-04T17:35:42.023774	0.00000000e+00	1	43	--	--	1.40097000e+00	5.30135000e-04
1.73067542e+02	2026-09-04T17:35:42.045477	0.00000000e+00	1	43	--	--	1.35095000e+00	5.30135000e-04
1.73092157e+02	2026-09-04T17:35:42.069595	0.00000000e+00	1	43	--	--	1.30092000e+00	5.30135000e-04
1.73136089e+02	2026-09-04T17:35:42.113860	0.00000000e+00	1	43	--	--	1.25088000e+00	5.30136000e-04
1.73158623e+02	2026-09-04T17:35:42.133834	0.00000000e+00	1	43	--	--	1.20081000e+00	5.30130000e-04
1.73166775e+02	2026-09-04T17:35:42.143917	0.00000000e+00	1	43	--	--	1.15078000e+00	5.30137000e-04
1.73189328e+02	2026-09-04T17:35:42.164910	0.00000000e+00	1	43	--	--	1.10075000e+00	5.30130000e-04
1.73207284e+02	2026-09-04T17:35:42.183909	0.00000000e+00	1	43	--	--	1.05071000e+00	5.30138000e-04
1.73217806e+02	2026-09-04T17:35:42.193874	0.00000000e+00	1	43	--	--	1.00068000e+00	5.30133000e-04
1.73245085e+02	2026-09-04T17:35:42.223170	0.00000000e+00	1	43	--	--	9.50649000e-01	5.30133000e-04
1.73267403e+02	2026-09-04T17:35:42.244923	0.00000000e+00	1	43	--	--	9.00601000e-01	5.30134000e-04
1.73275177e+02	2026-09-04T17:35:42.244923	0.00000000e+00	1	43	--	--	8.50590000e-01	5.30130000e-04
1.73282770e+02	2026-09-04T17:35:42.260889	0.00000000e+00	1	43	--	--	8.00494000e-01	5.30137000e-04
1.73313982e+02	2026-09-04T17:35:42.291905	0.00000000e+00	1	43	--	--	7.50468000e-01	5.30132000e-04
1.73338211e+02	2026-09-04T17:35:42.313974	0.00000000e+00	1	43	--	--	7.00450000e-01	5.30133000e-04
1.73352321e+02	2026-09-04T17:35:42.327780	0.00000000e+00	1	43	--	--	6.50419000e-01	5.30140000e-04
1.73360410e+02	2026-09-04T17:35:42.334095	0.00000000e+00	1	43	--	--	6.00341000e-01	5.30133000e-04
1.73390608e+02	2026-09-04T17:35:42.364203	0.00000000e+00	1	43	--	--	5.50328000e-01	5.30138000e-04
1.73424241e+02	2026-09-04T17:35:42.394019	0.00000000e+00	1	43	--	--	5.00279000e-01	5.30141000e-04
1.73445804e+02	2026-09-04T17:35:42.423634	0.00000000e+00	1	43	--	--	4.50271000e-01	5.30141000e-04
1.73453426e+02	2026-09-04T17:35:42.429802	0.00000000e+00	1	43	--	--	4.00208000e-01	5.30139000e-04
1.73461187e+02	2026-09-04T17:35:42.439214	0.00000000e+00	1	43	1.60442000e-01	-5.30221000e-04	3.50164000e-01	5.30137000e-04
1.73469629e+02	2026-09-04T17:35:42.445932	0.00000000e+00	1	43	1.10350000e-01	-5.30226000e-04	3.00126000e-01	5.30137000e-04
1.73488024e+02	2026-09-04T17:35:42.464152	0.00000000e+00	1	43	6.04229000e-02	-5.30223000e-04	2.50119000e-01	5.30136000e-04
1.73514145e+02	2026-09-04T17:35:42.483697	0.00000000e+00	1	43	1.05100000e-02	-5.30223000e-04	2.00188000e-01	5.30137000e-04
1.73537464e+02	2026-09-04T17:35:42.514782	0.00000000e+00	1	43	-7.76529000e-05	-4.19405000e-04	1.50152000e-01	4.19458000e-04
1.73545708e+02	2026-09-04T17:35:42.523768	0.00000000e+00	1	43	-6.82831000e-05	-2.79377000e-04	1.00114000e-01	2.79487000e-04
1.73568923e+02	2026-09-04T17:35:42.546629	0.00000000e+00	1	43	-5.10216000e-05	-1.39856000e-04	5.00764000e-02	1.39873000e-04
1.73600710e+02	2026-09-04T17:35:42.578301	0.00000000e+00	1	43	-4.87804000e-05	-4.01025000e-07	3.30925000e-05	2.58678000e-07
1.75826166e+02	2026-09-04T17:35:44.804566	0.00000000e+00	1	44	-5.87702000e-05	-2.32005000e-10	3.88622000e-05	3.52752000e-10
1.75835666e+02	2026-09-04T17:35:44.813724	0.00000000e+00	1	44	4.05073000e-05	-6.95865000e-08	5.00632000e-02	1.77819000e-07
1.75849486e+02	2026-09-04T17:35:44.825532	0.00000000e+00	1	44	-3.90768000e-05	-4.14414000e-07	1.00123000e-01	3.82342000e-07
1.75859480e+02	2026-09-04T17:35:44.833594	0.00000000e+00	1	44	-4.94957000e-05	-6.97353000e-07	1.50160000e-01	7.21126000e-07
1.75870321e+02	2026-09-04T17:35:44.844023	0.00000000e+00	1	44	-5.88417000e-05	-1.20658000e-06	2.00189000e-01	1.18598000e-06
1.75899171e+02	2026-09-04T17:35:44.875658	0.00000000e+00	1	44	-5.95570000e-05	-1.80815000e-06	2.50119000e-01	1.80697000e-06
1.75931845e+02	2026-09-04T17:35:44.904578	0.00000000e+00	1	44	-5.78642000e-05	-2.88045000e-06	3.00128000e-01	3.01241000e-06
1.75945855e+02	2026-09-04T17:35:44.913770	0.00000000e+00	1	44	6.37264000e-02	-5.30263000e-04	3.50171000e-01	5.30158000e-04
1.75973943e+02	2026-09-04T17:35:44.951163	0.00000000e+00	1	44	1.08388000e-01	-5.30225000e-04	4.00202000e-01	5.30147000e-04
1.75988985e+02	2026-09-04T17:35:44.964032	0.00000000e+00	1	44	1.80062000e-01	-5.30227000e-04	4.50281000e-01	5.30140000e-04
1.76000402e+02	2026-09-04T17:35:44.973826	0.00000000e+00	1	44	--	--	5.00302000e-01	5.30141000e-04
1.76020014e+02	2026-09-04T17:35:44.993865	0.00000000e+00	1	44	--	--	5.50333000e-01	5.30138000e-04
1.76042752e+02	2026-09-04T17:35:45.019699	0.00000000e+00	1	44	--	--	6.00359000e-01	5.30144000e-04
1.76050760e+02	2026-09-04T17:35:45.023864	0.00000000e+00	1	44	--	--	6.50410000e-01	5.30143000e-04
1.76073722e+02	2026-09-04T17:35:45.051553	0.00000000e+00	1	44	--	--	7.00430000e-01	5.30139000e-04
1.76109860e+02	2026-09-04T17:35:45.083984	0.00000000e+00	1	44	--	--	7.50473000e-01	5.30140000e-04
1.76122102e+02	2026-09-04T17:35:45.093629	0.00000000e+00	1	44	--	--	8.00491000e-01	5.30142000e-04
1.76144247e+02	2026-09-04T17:35:45.118158	0.00000000e+00	1	44	--	--	8.50597000e-01	5.30141000e-04
1.76151942e+02	2026-09-04T17:35:45.128317	0.00000000e+00	1	44	--	--	9.00588000e-01	5.30134000e-04
1.76183534e+02	2026-09-04T17:35:45.153680	0.00000000e+00	1	44	--	--	9.50663000e-01	5.30136000e-04
1.76220199e+02	2026-09-04T17:35:45.197382	0.00000000e+00	1	44	--	--	1.00068000e+00	5.30140000e-04
1.76241179e+02	2026-09-04T17:35:45.213991	0.00000000e+00	1	44	--	--	1.05074000e+00	5.30136000e-04
1.76248972e+02	2026-09-04T17:35:45.223944	0.00000000e+00	1	44	--	--	1.10074000e+00	5.30135000e-04
1.76260091e+02	2026-09-04T17:35:45.234030	0.00000000e+00	1	44	--	--	1.15080000e+00	5.30136000e-04
1.76283897e+02	2026-09-04T17:35:45.261323	0.00000000e+00	1	44	--	--	1.20080000e+00	5.30140000e-04
1.76292504e+02	2026-09-04T17:35:45.268793	0.00000000e+00	1	44	--	--	1.25089000e+00	5.30134000e-04
1.76313743e+02	2026-09-04T17:35:45.283580	0.00000000e+00	1	44	--	--	1.30089000e+00	5.30133000e-04
1.76335079e+02	2026-09-04T17:35:45.308833	0.00000000e+00	1	44	--	--	1.35095000e+00	5.30133000e-04
1.76343086e+02	2026-09-04T17:35:45.313903	0.00000000e+00	1	44	--	--	1.40098000e+00	5.30137000e-04
1.76361286e+02	2026-09-04T17:35:45.335944	0.00000000e+00	1	44	--	--	1.45101000e+00	5.30140000e-04
1.76370640e+02	2026-09-04T17:35:45.343749	0.00000000e+00	1	44	--	--	1.50100000e+00	5.30142000e-04
1.76395279e+02	2026-09-04T17:35:45.372077	0.00000000e+00	1	44	--	--	1.55106000e+00	5.30136000e-04
1.76404057e+02	2026-09-04T17:35:45.373717	0.00000000e+00	1	44	--	--	1.60109000e+00	5.30136000e-04
1.76417876e+02	2026-09-04T17:35:45.393787	0.00000000e+00	1	44	--	--	1.65113000e+00	5.30141000e-04
1.76425880e+02	2026-09-04T17:35:45.403951	0.00000000e+00	1	44	--	--	1.70115000e+00	5.30140000e-04
1.76481701e+02	2026-09-04T17:35:45.453836	0.00000000e+00	1	44	--	--	1.75121000e+00	5.30138000e-04
1.76492544e+02	2026-09-04T17:35:45.468846	0.00000000e+00	1	44	--	--	1.80122000e+00	5.30139000e-04
1.76502296e+02	2026-09-04T17:35:45.473752	0.00000000e+00	1	44	--	--	1.85128000e+00	5.30133000e-04
1.76525180e+02	2026-09-04T17:35:45.499085	0.00000000e+00	1	44	--	--	1.90128000e+00	5.30140000e-04
1.76533423e+02	2026-09-04T17:35:45.503601	0.00000000e+00	1	44	--	--	1.95134000e+00	5.30140000e-04
1.76550970e+02	2026-09-04T17:35:45.523974	0.00000000e+00	1	44	--	--	2.00137000e+00	5.30133000e-04
1.76590255e+02	2026-09-04T17:35:45.564237	0.00000000e+00	1	44	--	--	2.00135000e+00	5.30141000e-04
1.76617360e+02	2026-09-04T17:35:45.594654	0.00000000e+00	1	44	--	--	1.95134000e+00	5.30142000e-04
1.76625407e+02	2026-09-04T17:35:45.603785	0.00000000e+00	1	44	--	--	1.90127000e+00	5.30144000e-04
1.76652052e+02	2026-09-04T17:35:45.626301	0.00000000e+00	1	44	--	--	1.85126000e+00	5.30138000e-04
1.76662306e+02	2026-09-04T17:35:45.633695	0.00000000e+00	1	44	--	--	1.80122000e+00	5.30138000e-04
1.76694120e+02	2026-09-04T17:35:45.669028	0.00000000e+00	1	44	--	--	1.75121000e+00	5.30134000e-04
1.76715993e+02	2026-09-04T17:35:45.693773	0.00000000e+00	1	44	--	--	1.70115000e+00	5.30136000e-04
1.76728364e+02	2026-09-04T17:35:45.705597	0.00000000e+00	1	44	--	--	1.65115000e+00	5.30139000e-04
1.76753626e+02	2026-09-04T17:35:45.723871	0.00000000e+00	1	44	--	--	1.60111000e+00	5.30141000e-04
1.76776702e+02	2026-09-04T17:35:45.753882	0.00000000e+00	1	44	--	--	1.55107000e+00	5.30141000e-04
1.76807348e+02	2026-09-04T17:35:45.784914	0.00000000e+00	1	44	--	--	1.50105000e+00	5.30141000e-04
1.76815380e+02	2026-09-04T17:35:45.793734	0.00000000e+00	1	44	--	--	1.45102000e+00	5.30132000e-04
1.76839491e+02	2026-09-04T17:35:45.816346	0.00000000e+00	1	44	--	--	1.40096000e+00	5.30136000e-04
1.76853180e+02	2026-09-04T17:35:45.823806	0.00000000e+00	1	44	--	--	1.35093000e+00	5.30132000e-04
1.76878973e+02	2026-09-04T17:35:45.857136	0.00000000e+00	1	44	--	--	1.30088000e+00	5.30127000e-04
1.76892797e+02	2026-09-04T17:35:45.869149	0.00000000e+00	1	44	--	--	1.25087000e+00	5.30136000e-04
1.76900985e+02	2026-09-04T17:35:45.879066	0.00000000e+00	1	44	--	--	1.20083000e+00	5.30133000e-04
1.76922814e+02	2026-09-04T17:35:45.894833	0.00000000e+00	1	44	--	--	1.15080000e+00	5.30133000e-04
1.76933453e+02	2026-09-04T17:35:45.910479	0.00000000e+00	1	44	--	--	1.10073000e+00	5.30127000e-04
1.76959869e+02	2026-09-04T17:35:45.933652	0.00000000e+00	1	44	--	--	1.05074000e+00	5.30133000e-04
1.76979039e+02	2026-09-04T17:35:45.953846	0.00000000e+00	1	44	--	--	1.00070000e+00	5.30133000e-04
1.77000949e+02	2026-09-04T17:35:45.973792	0.00000000e+00	1	44	--	--	9.50651000e-01	5.30133000e-04
1.77009071e+02	2026-09-04T17:35:45.983621	0.00000000e+00	1	44	--	--	9.00602000e-01	5.30134000e-04
1.77028790e+02	2026-09-04T17:35:46.007178	0.00000000e+00	1	44	--	--	8.50593000e-01	5.30135000e-04
1.77063318e+02	2026-09-04T17:35:46.036921	0.00000000e+00	1	44	--	--	8.00523000e-01	5.30142000e-04
1.77075352e+02	2026-09-04T17:35:46.053570	0.00000000e+00	1	44	--	--	7.50515000e-01	5.30132000e-04
1.77089227e+02	2026-09-04T17:35:46.063970	0.00000000e+00	1	44	--	--	7.00430000e-01	5.30137000e-04
1.77146097e+02	2026-09-04T17:35:46.123607	0.00000000e+00	1	44	--	--	6.50440000e-01	5.30138000e-04
1.77157036e+02	2026-09-04T17:35:46.133681	0.00000000e+00	1	44	--	--	6.00345000e-01	5.30135000e-04
1.77165655e+02	2026-09-04T17:35:46.143547	0.00000000e+00	1	44	--	--	5.50319000e-01	5.30140000e-04
1.77188732e+02	2026-09-04T17:35:46.163805	0.00000000e+00	1	44	--	--	5.00264000e-01	5.30138000e-04
1.77196658e+02	2026-09-04T17:35:46.173654	0.00000000e+00	1	44	1.87064000e-01	-5.30227000e-04	4.50258000e-01	5.30140000e-04
1.77215926e+02	2026-09-04T17:35:46.193857	0.00000000e+00	1	44	1.37302000e-01	-5.30225000e-04	4.00226000e-01	5.30140000e-04
1.77247836e+02	2026-09-04T17:35:46.226053	0.00000000e+00	1	44	8.68759000e-02	-5.30221000e-04	3.50179000e-01	5.30140000e-04
1.77269712e+02	2026-09-04T17:35:46.243627	0.00000000e+00	1	44	3.70458000e-02	-5.30225000e-04	3.00120000e-01	5.30137000e-04
1.77277453e+02	2026-09-04T17:35:46.253714	0.00000000e+00	1	44	-8.81672000e-05	-5.03496000e-04	2.50107000e-01	5.03097000e-04
1.77285610e+02	2026-09-04T17:35:46.263645	0.00000000e+00	1	44	-7.90834000e-05	-4.01639000e-04	2.00185000e-01	4.11333000e-04
1.77293501e+02	2026-09-04T17:35:46.269263	0.00000000e+00	1	44	-7.73668000e-05	-3.07156000e-04	1.50155000e-01	3.07020000e-04
1.77323620e+02	2026-09-04T17:35:46.293558	0.00000000e+00	1	44	-6.76632000e-05	-2.03098000e-04	1.00120000e-01	2.02878000e-04
1.77350778e+02	2026-09-04T17:35:46.323627	0.00000000e+00	1	44	-5.90324000e-05	-1.01044000e-04	5.00802000e-02	1.01027000e-04
1.77373426e+02	2026-09-04T17:35:46.351808	0.00000000e+00	1	44	-5.28336000e-05	-3.02598000e-07	3.73125000e-05	2.36752000e-07
1.79387598e+02	2026-09-04T17:35:48.365397	0.00000000e+00	1	45	-4.78745000e-05	-4.40526000e-10	3.51667000e-05	7.44855000e-10
1.79416592e+02	2026-09-04T17:35:48.393688	0.00000000e+00	1	45	1.04904000e-04	-9.53607000e-08	5.00550000e-02	2.85177000e-07
1.79428157e+02	2026-09-04T17:35:48.403704	0.00000000e+00	1	45	-2.00033000e-05	-6.95351000e-07	1.00120000e-01	6.82033000e-07
1.79461038e+02	2026-09-04T17:35:48.433731	0.00000000e+00	1	45	-5.03063000e-05	-1.21382000e-06	1.50152000e-01	1.17472000e-06
1.79486298e+02	2026-09-04T17:35:48.463958	0.00000000e+00	1	45	-4.73499000e-05	-1.92165000e-06	2.00186000e-01	1.98345000e-06
1.79522623e+02	2026-09-04T17:35:48.498795	0.00000000e+00	1	45	-4.51803000e-05	-2.71096000e-06	2.50109000e-01	2.67448000e-06
1.79548816e+02	2026-09-04T17:35:48.526310	0.00000000e+00	1	45	-5.01156000e-05	-3.85620000e-06	3.00118000e-01	3.81155000e-06
1.79557046e+02	2026-09-04T17:35:48.533782	0.00000000e+00	1	45	-4.32968000e-05	-5.07193000e-06	3.50165000e-01	5.02532000e-06
1.79585321e+02	2026-09-04T17:35:48.557884	0.00000000e+00	1	45	-4.39167000e-05	-6.67929000e-06	4.00204000e-01	6.68157000e-06
1.79613688e+02	2026-09-04T17:35:48.589879	0.00000000e+00	1	45	-5.12838000e-05	-8.00464000e-06	4.50272000e-01	8.09543000e-06
1.79644150e+02	2026-09-04T17:35:48.622348	0.00000000e+00	1	45	-5.98431000e-06	-1.16805000e-05	5.00243000e-01	1.07588000e-05
1.79656205e+02	2026-09-04T17:35:48.633829	0.00000000e+00	1	45	-5.27382000e-05	-1.21659000e-05	5.50315000e-01	1.27043000e-05
1.79670196e+02	2026-09-04T17:35:48.643828	0.00000000e+00	1	45	-4.95911000e-05	-1.52637000e-05	6.00341000e-01	1.59713000e-05
1.79699774e+02	2026-09-04T17:35:48.677465	0.00000000e+00	1	45	-4.63486000e-05	-1.62343000e-05	6.50426000e-01	1.62086000e-05
1.79713772e+02	2026-09-04T17:35:48.686087	0.00000000e+00	1	45	-4.97580000e-05	-1.90126000e-05	7.00422000e-01	1.90523000e-05
1.79738599e+02	2026-09-04T17:35:48.716255	0.00000000e+00	1	45	--	--	7.50477000e-01	5.30145000e-04
1.79750734e+02	2026-09-04T17:35:48.723726	0.00000000e+00	1	45	--	--	8.00522000e-01	5.30133000e-04
1.79763046e+02	2026-09-04T17:35:48.738947	0.00000000e+00	1	45	--	--	8.50574000e-01	5.30132000e-04
1.79790296e+02	2026-09-04T17:35:48.766369	0.00000000e+00	1	45	--	--	9.00605000e-01	5.30132000e-04
1.79819354e+02	2026-09-04T17:35:48.795332	0.00000000e+00	1	45	--	--	9.50648000e-01	5.30134000e-04
1.79827491e+02	2026-09-04T17:35:48.803951	0.00000000e+00	1	45	--	--	1.00067000e+00	5.30132000e-04
1.79854860e+02	2026-09-04T17:35:48.827755	0.00000000e+00	1	45	--	--	1.05073000e+00	5.30135000e-04
1.79877061e+02	2026-09-04T17:35:48.853979	0.00000000e+00	1	45	--	--	1.10074000e+00	5.30130000e-04
1.79898996e+02	2026-09-04T17:35:48.873918	0.00000000e+00	1	45	--	--	1.15080000e+00	5.30132000e-04
1.79927945e+02	2026-09-04T17:35:48.905617	0.00000000e+00	1	45	--	--	1.20083000e+00	5.30135000e-04
1.79935856e+02	2026-09-04T17:35:48.913923	0.00000000e+00	1	45	--	--	1.25086000e+00	5.30131000e-04
1.79971894e+02	2026-09-04T17:35:48.943649	0.00000000e+00	1	45	--	--	1.30087000e+00	5.30127000e-04
1.80000097e+02	2026-09-04T17:35:48.973678	0.00000000e+00	1	45	--	--	1.35095000e+00	5.30132000e-04
1.80021720e+02	2026-09-04T17:35:48.999365	0.00000000e+00	1	45	--	--	1.40096000e+00	5.30134000e-04
1.80029817e+02	2026-09-04T17:35:49.003811	0.00000000e+00	1	45	--	--	1.45102000e+00	5.30132000e-04
1.80055510e+02	2026-09-04T17:35:49.031515	0.00000000e+00	1	45	--	--	1.50103000e+00	5.30135000e-04
1.80086422e+02	2026-09-04T17:35:49.063738	0.00000000e+00	1	45	--	--	1.55107000e+00	5.30133000e-04
1.80095526e+02	2026-09-04T17:35:49.073578	0.00000000e+00	1	45	--	--	1.60109000e+00	5.30130000e-04
1.80108621e+02	2026-09-04T17:35:49.084002	0.00000000e+00	1	45	--	--	1.65114000e+00	5.30137000e-04
1.80132232e+02	2026-09-04T17:35:49.109778	0.00000000e+00	1	45	--	--	1.70117000e+00	5.30131000e-04
1.80139941e+02	2026-09-04T17:35:49.113915	0.00000000e+00	1	45	--	--	1.75122000e+00	5.30136000e-04
1.80166969e+02	2026-09-04T17:35:49.144016	0.00000000e+00	1	45	--	--	1.80123000e+00	5.30138000e-04
1.80176080e+02	2026-09-04T17:35:49.153768	0.00000000e+00	1	45	--	--	1.85126000e+00	5.30137000e-04
1.80202958e+02	2026-09-04T17:35:49.173755	0.00000000e+00	1	45	--	--	1.90130000e+00	5.30134000e-04
1.80227509e+02	2026-09-04T17:35:49.205040	0.00000000e+00	1	45	--	--	1.95133000e+00	5.30133000e-04
1.80235356e+02	2026-09-04T17:35:49.205040	0.00000000e+00	1	45	--	--	2.00135000e+00	5.30135000e-04
1.80242386e+02	2026-09-04T17:35:49.213905	0.00000000e+00	1	45	--	--	2.00137000e+00	5.30133000e-04
1.80273087e+02	2026-09-04T17:35:49.243639	0.00000000e+00	1	45	--	--	1.95134000e+00	5.30132000e-04
1.80299999e+02	2026-09-04T17:35:49.273701	0.00000000e+00	1	45	--	--	1.90131000e+00	5.30135000e-04
1.80322725e+02	2026-09-04T17:35:49.300511	0.00000000e+00	1	45	--	--	1.85129000e+00	5.30129000e-04
1.80330426e+02	2026-09-04T17:35:49.303781	0.00000000e+00	1	45	--	--	1.80124000e+00	5.30133000e-04
1.80337928e+02	2026-09-04T17:35:49.316176	0.00000000e+00	1	45	--	--	1.75121000e+00	5.30130000e-04
1.80380749e+02	2026-09-04T17:35:49.353964	0.00000000e+00	1	45	--	--	1.70115000e+00	5.30133000e-04
1.80393462e+02	2026-09-04T17:35:49.366673	0.00000000e+00	1	45	--	--	1.65115000e+00	5.30129000e-04
1.80426096e+02	2026-09-04T17:35:49.403818	0.00000000e+00	1	45	--	--	1.60111000e+00	5.30133000e-04
1.80455385e+02	2026-09-04T17:35:49.426870	0.00000000e+00	1	45	--	--	1.55106000e+00	5.30132000e-04
1.80477423e+02	2026-09-04T17:35:49.454039	0.00000000e+00	1	45	--	--	1.50101000e+00	5.30132000e-04
1.80509541e+02	2026-09-04T17:35:49.486928	0.00000000e+00	1	45	--	--	1.45101000e+00	5.30140000e-04
1.80518479e+02	2026-09-04T17:35:49.493684	0.00000000e+00	1	45	--	--	1.40097000e+00	5.30132000e-04
1.80526306e+02	2026-09-04T17:35:49.503631	0.00000000e+00	1	45	--	--	1.35093000e+00	5.30130000e-04
1.80576730e+02	2026-09-04T17:35:49.553945	0.00000000e+00	1	45	--	--	1.30091000e+00	5.30130000e-04
1.80597638e+02	2026-09-04T17:35:49.573681	0.00000000e+00	1	45	--	--	1.25088000e+00	5.30133000e-04
1.80606455e+02	2026-09-04T17:35:49.583944	0.00000000e+00	1	45	--	--	1.20082000e+00	5.30132000e-04
1.80615324e+02	2026-09-04T17:35:49.593710	0.00000000e+00	1	45	--	--	1.15080000e+00	5.30132000e-04
1.80623046e+02	2026-09-04T17:35:49.593710	0.00000000e+00	1	45	--	--	1.10075000e+00	5.30131000e-04
1.80672917e+02	2026-09-04T17:35:49.649640	0.00000000e+00	1	45	--	--	1.05073000e+00	5.30135000e-04
1.80694298e+02	2026-09-04T17:35:49.666900	0.00000000e+00	1	45	--	--	1.00068000e+00	5.30133000e-04
1.80718990e+02	2026-09-04T17:35:49.696133	0.00000000e+00	1	45	--	--	9.50670000e-01	5.30129000e-04
1.80727056e+02	2026-09-04T17:35:49.703745	0.00000000e+00	1	45	--	--	9.00601000e-01	5.30132000e-04
1.80756030e+02	2026-09-04T17:35:49.733903	0.00000000e+00	1	45	--	--	8.50581000e-01	5.30131000e-04
1.80785264e+02	2026-09-04T17:35:49.759447	0.00000000e+00	1	45	--	--	8.00524000e-01	5.30132000e-04
1.80796828e+02	2026-09-04T17:35:49.773974	0.00000000e+00	1	45	--	--	7.50511000e-01	5.30127000e-04
1.80820195e+02	2026-09-04T17:35:49.793622	0.00000000e+00	1	45	--	--	7.00440000e-01	5.30133000e-04
1.80832756e+02	2026-09-04T17:35:49.807451	0.00000000e+00	1	45	--	--	6.50440000e-01	5.30136000e-04
1.80878338e+02	2026-09-04T17:35:49.856108	0.00000000e+00	1	45	--	--	6.00339000e-01	5.30135000e-04
1.80888582e+02	2026-09-04T17:35:49.863639	0.00000000e+00	1	45	--	--	5.50341000e-01	5.30139000e-04
1.80896159e+02	2026-09-04T17:35:49.873945	0.00000000e+00	1	45	--	--	5.00286000e-01	5.30136000e-04
1.80904179e+02	2026-09-04T17:35:49.873945	0.00000000e+00	1	45	1.92832000e-01	-5.30224000e-04	4.50264000e-01	5.30142000e-04
1.80925191e+02	2026-09-04T17:35:49.902936	0.00000000e+00	1	45	1.41763000e-01	-5.30215000e-04	4.00200000e-01	5.30135000e-04
1.80938271e+02	2026-09-04T17:35:49.913728	0.00000000e+00	1	45	9.15061000e-02	-5.30221000e-04	3.50170000e-01	5.30138000e-04
1.80962999e+02	2026-09-04T17:35:49.935351	0.00000000e+00	1	45	4.14531000e-02	-5.30225000e-04	3.00124000e-01	5.30140000e-04
1.80985288e+02	2026-09-04T17:35:49.953691	0.00000000e+00	1	45	-7.76529000e-05	-5.12395000e-04	2.50114000e-01	5.12293000e-04
1.80996452e+02	2026-09-04T17:35:49.973642	0.00000000e+00	1	45	-6.89268000e-05	-4.07923000e-04	2.00194000e-01	4.07946000e-04
1.81026219e+02	2026-09-04T17:35:50.003829	0.00000000e+00	1	45	-6.02007000e-05	-3.12791000e-04	1.50156000e-01	3.12928000e-04
1.81048012e+02	2026-09-04T17:35:50.023767	0.00000000e+00	1	45	-5.88417000e-05	-2.08520000e-04	1.00125000e-01	2.08496000e-04
1.81059292e+02	2026-09-04T17:35:50.033663	0.00000000e+00	1	45	-5.29051000e-05	-1.04021000e-04	5.00812000e-02	1.04008000e-04
1.81067551e+02	2026-09-04T17:35:50.045008	0.00000000e+00	1	45	-3.91483000e-05	-2.96449000e-07	4.19140000e-05	2.79045000e-07
1.83169566e+02	2026-09-04T17:35:52.144031	0.00000000e+00	1	46	-5.48840000e-05	-6.67727000e-10	3.41654000e-05	8.01563000e-10
1.83194378e+02	2026-09-04T17:35:52.169508	0.00000000e+00	1	46	-2.31504000e-05	-2.91276000e-07	5.00539000e-02	2.92423000e-07
1.83208224e+02	2026-09-04T17:35:52.185434	0.00000000e+00	1	46	-5.22852000e-05	-5.36064000e-07	1.00115000e-01	7.51280000e-07
1.83246833e+02	2026-09-04T17:35:52.223629	0.00000000e+00	1	46	-5.75066000e-05	-1.88887000e-06	1.50149000e-01	1.77068000e-06
1.83271829e+02	2026-09-04T17:35:52.249462	0.00000000e+00	1	46	-3.53813000e-05	-2.82217000e-06	2.00195000e-01	2.75777000e-06
1.83279636e+02	2026-09-04T17:35:52.253751	0.00000000e+00	1	46	-4.06027000e-05	-2.99060000e-06	2.50155000e-01	2.97499000e-06
1.83307116e+02	2026-09-04T17:35:52.283652	0.00000000e+00	1	46	-5.92947000e-05	-7.86034000e-06	3.00134000e-01	7.77816000e-06
1.83319584e+02	2026-09-04T17:35:52.297256	0.00000000e+00	1	46	-5.35488000e-05	-6.21623000e-06	3.50146000e-01	6.26592000e-06
1.83343640e+02	2026-09-04T17:35:52.313585	0.00000000e+00	1	46	-4.25816000e-05	-7.94672000e-06	4.00201000e-01	7.95683000e-06
1.83370112e+02	2026-09-04T17:35:52.347359	0.00000000e+00	1	46	-1.74761000e-05	-1.02908000e-05	4.50221000e-01	1.05637000e-05
1.83385160e+02	2026-09-04T17:35:52.363118	0.00000000e+00	1	46	-5.52416000e-05	-1.22856000e-05	5.00275000e-01	1.14900000e-05
1.83437612e+02	2026-09-04T17:35:52.414036	0.00000000e+00	1	46	-4.77076000e-05	-1.26675000e-05	5.50322000e-01	1.25847000e-05
1.83447297e+02	2026-09-04T17:35:52.423747	0.00000000e+00	1	46	-5.46217000e-05	-1.36140000e-05	6.00348000e-01	1.39065000e-05
1.83474003e+02	2026-09-04T17:35:52.452124	0.00000000e+00	1	46	-4.49896000e-05	-1.56731000e-05	6.50425000e-01	1.61960000e-05
1.83491111e+02	2026-09-04T17:35:52.467721	0.00000000e+00	1	46	-5.13792000e-05	-1.69523000e-05	7.00415000e-01	1.70796000e-05
1.83500034e+02	2026-09-04T17:35:52.473974	0.00000000e+00	1	46	-5.42641000e-05	-2.18008000e-05	7.50479000e-01	2.33964000e-05
1.83511443e+02	2026-09-04T17:35:52.488649	0.00000000e+00	1	46	-5.07593000e-05	-2.23398000e-05	8.00519000e-01	2.65793000e-05
1.83535984e+02	2026-09-04T17:35:52.513792	0.00000000e+00	1	46	-5.69582000e-05	-3.54072000e-05	8.50572000e-01	3.05908000e-05
1.83559041e+02	2026-09-04T17:35:52.537051	0.00000000e+00	1	46	--	--	9.00577000e-01	5.30142000e-04
1.83571613e+02	2026-09-04T17:35:52.543578	0.00000000e+00	1	46	--	--	9.50635000e-01	5.30132000e-04
1.83597094e+02	2026-09-04T17:35:52.573702	0.00000000e+00	1	46	--	--	1.00068000e+00	5.30138000e-04
1.83605352e+02	2026-09-04T17:35:52.573702	0.00000000e+00	1	46	--	--	1.05072000e+00	5.30138000e-04
1.83630357e+02	2026-09-04T17:35:52.604040	0.00000000e+00	1	46	--	--	1.10072000e+00	5.30137000e-04
1.83660356e+02	2026-09-04T17:35:52.633928	0.00000000e+00	1	46	--	--	1.15081000e+00	5.30132000e-04
1.83683402e+02	2026-09-04T17:35:52.653621	0.00000000e+00	1	46	--	--	1.20083000e+00	5.30139000e-04
1.83709090e+02	2026-09-04T17:35:52.683556	0.00000000e+00	1	46	--	--	1.25089000e+00	5.30135000e-04
1.83716716e+02	2026-09-04T17:35:52.693682	0.00000000e+00	1	46	--	--	1.30088000e+00	5.30134000e-04
1.83738588e+02	2026-09-04T17:35:52.713903	0.00000000e+00	1	46	--	--	1.35095000e+00	5.30136000e-04
1.83746308e+02	2026-09-04T17:35:52.723998	0.00000000e+00	1	46	--	--	1.40097000e+00	5.30133000e-04
1.83771227e+02	2026-09-04T17:35:52.743652	0.00000000e+00	1	46	--	--	1.45101000e+00	5.30137000e-04
1.83779776e+02	2026-09-04T17:35:52.754020	0.00000000e+00	1	46	--	--	1.50102000e+00	5.30133000e-04
1.83813908e+02	2026-09-04T17:35:52.791057	0.00000000e+00	1	46	--	--	1.55110000e+00	5.30133000e-04
1.83821846e+02	2026-09-04T17:35:52.793790	0.00000000e+00	1	46	--	--	1.60109000e+00	5.30130000e-04
1.83845095e+02	2026-09-04T17:35:52.822776	0.00000000e+00	1	46	--	--	1.65113000e+00	5.30144000e-04
1.83857655e+02	2026-09-04T17:35:52.833749	0.00000000e+00	1	46	--	--	1.70117000e+00	5.30136000e-04
1.83905180e+02	2026-09-04T17:35:52.879991	0.00000000e+00	1	46	--	--	1.75121000e+00	5.30135000e-04
1.83924564e+02	2026-09-04T17:35:52.902078	0.00000000e+00	1	46	--	--	1.80124000e+00	5.30139000e-04
1.83933260e+02	2026-09-04T17:35:52.904046	0.00000000e+00	1	46	--	--	1.85128000e+00	5.30136000e-04
1.83958786e+02	2026-09-04T17:35:52.933908	0.00000000e+00	1	46	--	--	1.90128000e+00	5.30137000e-04
1.83968561e+02	2026-09-04T17:35:52.944002	0.00000000e+00	1	46	--	--	1.95134000e+00	5.30139000e-04
1.83977247e+02	2026-09-04T17:35:52.953609	0.00000000e+00	1	46	--	--	2.00137000e+00	5.30141000e-04
1.83985224e+02	2026-09-04T17:35:52.953609	0.00000000e+00	1	46	--	--	2.00137000e+00	5.30142000e-04
1.83999277e+02	2026-09-04T17:35:52.973675	0.00000000e+00	1	46	--	--	1.95133000e+00	5.30136000e-04
1.84008686e+02	2026-09-04T17:35:52.986724	0.00000000e+00	1	46	--	--	1.90131000e+00	5.30140000e-04
1.84016800e+02	2026-09-04T17:35:52.993908	0.00000000e+00	1	46	--	--	1.85130000e+00	5.30133000e-04
1.84038962e+02	2026-09-04T17:35:53.013675	0.00000000e+00	1	46	--	--	1.80124000e+00	5.30133000e-04
1.84050805e+02	2026-09-04T17:35:53.028754	0.00000000e+00	1	46	--	--	1.75121000e+00	5.30138000e-04
1.84081468e+02	2026-09-04T17:35:53.059836	0.00000000e+00	1	46	--	--	1.70117000e+00	5.30137000e-04
1.84112257e+02	2026-09-04T17:35:53.083688	0.00000000e+00	1	46	--	--	1.65115000e+00	5.30137000e-04
1.84161725e+02	2026-09-04T17:35:53.138759	0.00000000e+00	1	46	--	--	1.60112000e+00	5.30140000e-04
1.84188569e+02	2026-09-04T17:35:53.163598	0.00000000e+00	1	46	--	--	1.55105000e+00	5.30140000e-04
1.84197496e+02	2026-09-04T17:35:53.173830	0.00000000e+00	1	46	--	--	1.50101000e+00	5.30136000e-04
1.84205079e+02	2026-09-04T17:35:53.173830	0.00000000e+00	1	46	--	--	1.45103000e+00	5.30142000e-04
1.84224458e+02	2026-09-04T17:35:53.202010	0.00000000e+00	1	46	--	--	1.40095000e+00	5.30134000e-04
1.84249500e+02	2026-09-04T17:35:53.224031	0.00000000e+00	1	46	--	--	1.35095000e+00	5.30134000e-04
1.84279903e+02	2026-09-04T17:35:53.253794	0.00000000e+00	1	46	--	--	1.30090000e+00	5.30132000e-04
1.84294072e+02	2026-09-04T17:35:53.268692	0.00000000e+00	1	46	--	--	1.25086000e+00	5.30132000e-04
1.84301703e+02	2026-09-04T17:35:53.273594	0.00000000e+00	1	46	--	--	1.20083000e+00	5.30132000e-04
1.84332840e+02	2026-09-04T17:35:53.308920	0.00000000e+00	1	46	--	--	1.15081000e+00	5.30133000e-04
1.84350317e+02	2026-09-04T17:35:53.328702	0.00000000e+00	1	46	--	--	1.10075000e+00	5.30132000e-04
1.84382808e+02	2026-09-04T17:35:53.361128	0.00000000e+00	1	46	--	--	1.05074000e+00	5.30133000e-04
1.84403937e+02	2026-09-04T17:35:53.376388	0.00000000e+00	1	46	--	--	1.00067000e+00	5.30133000e-04
1.84411816e+02	2026-09-04T17:35:53.383699	0.00000000e+00	1	46	--	--	9.50655000e-01	5.30133000e-04
1.84440366e+02	2026-09-04T17:35:53.413679	0.00000000e+00	1	46	--	--	9.00602000e-01	5.30132000e-04
1.84455732e+02	2026-09-04T17:35:53.433573	0.00000000e+00	1	46	--	--	8.50595000e-01	5.30132000e-04
1.84483725e+02	2026-09-04T17:35:53.455473	0.00000000e+00	1	46	--	--	8.00516000e-01	5.30133000e-04
1.84492061e+02	2026-09-04T17:35:53.468691	0.00000000e+00	1	46	--	--	7.50486000e-01	5.30135000e-04
1.84534404e+02	2026-09-04T17:35:53.505838	0.00000000e+00	1	46	--	--	7.00438000e-01	5.30132000e-04
1.84558693e+02	2026-09-04T17:35:53.534041	0.00000000e+00	1	46	--	--	6.50445000e-01	5.30135000e-04
1.84569003e+02	2026-09-04T17:35:53.543584	0.00000000e+00	1	46	--	--	6.00356000e-01	5.30138000e-04
1.84577260e+02	2026-09-04T17:35:53.553588	0.00000000e+00	1	46	--	--	5.50340000e-01	5.30137000e-04
1.84584728e+02	2026-09-04T17:35:53.560633	0.00000000e+00	1	46	--	--	5.00291000e-01	5.30140000e-04
1.84592547e+02	2026-09-04T17:35:53.568656	0.00000000e+00	1	46	--	--	4.50267000e-01	5.30137000e-04
1.84600324e+02	2026-09-04T17:35:53.573711	0.00000000e+00	1	46	1.62671000e-01	-5.30221000e-04	4.00192000e-01	5.30138000e-04
1.84609054e+02	2026-09-04T17:35:53.583563	0.00000000e+00	1	46	1.12602000e-01	-5.30224000e-04	3.50163000e-01	5.30140000e-04
1.84616777e+02	2026-09-04T17:35:53.593936	0.00000000e+00	1	46	6.26086000e-02	-5.30226000e-04	3.00135000e-01	5.30136000e-04
1.84628983e+02	2026-09-04T17:35:53.603768	0.00000000e+00	1	46	1.27028000e-02	-5.30224000e-04	2.50105000e-01	5.30140000e-04
1.84644287e+02	2026-09-04T17:35:53.613988	0.00000000e+00	1	46	-7.29561000e-05	-4.45156000e-04	2.00192000e-01	4.45343000e-04
1.84656809e+02	2026-09-04T17:35:53.633939	0.00000000e+00	1	46	-6.79255000e-05	-3.32770000e-04	1.50161000e-01	3.32740000e-04
1.84683099e+02	2026-09-04T17:35:53.660547	0.00000000e+00	1	46	-5.95570000e-05	-2.20888000e-04	1.00123000e-01	2.20904000e-04
1.84691154e+02	2026-09-04T17:35:53.668528	0.00000000e+00	1	46	-5.34534000e-05	-1.10171000e-04	5.00860000e-02	1.10212000e-04
1.84715088e+02	2026-09-04T17:35:53.692486	0.00000000e+00	1	46	-4.64439000e-05	-3.41614000e-07	4.39882000e-05	3.23071000e-07
1.86949291e+02	2026-09-04T17:35:55.923686	0.00000000e+00	1	47	-5.07593000e-05	-3.66342000e-10	3.87669000e-05	5.63967000e-10
1.86957598e+02	2026-09-04T17:35:55.933809	0.00000000e+00	1	47	5.40018000e-05	-6.49222000e-08	5.00648000e-02	1.88129000e-07
1.86973266e+02	2026-09-04T17:35:55.950500	0.00000000e+00	1	47	-2.87294000e-05	-3.93802000e-07	1.00120000e-01	3.50281000e-07
1.86996490e+02	2026-09-04T17:35:55.973750	0.00000000e+00	1	47	-5.20229000e-05	-6.48455000e-07	1.50159000e-01	6.97985000e-07
1.87010216e+02	2026-09-04T17:35:55.988275	0.00000000e+00	1	47	-5.14746000e-05	-9.63385000e-07	2.00198000e-01	9.50635000e-07
1.87033738e+02	2026-09-04T17:35:56.010076	0.00000000e+00	1	47	-4.74215000e-05	-1.39498000e-06	2.50100000e-01	1.45517000e-06
1.87046846e+02	2026-09-04T17:35:56.023764	0.00000000e+00	1	47	-4.75168000e-05	-1.55190000e-06	3.00142000e-01	1.90444000e-06
1.87069224e+02	2026-09-04T17:35:56.043994	0.00000000e+00	1	47	-3.96013000e-05	-2.64939000e-06	3.50183000e-01	2.60298000e-06
1.87082869e+02	2026-09-04T17:35:56.057486	0.00000000e+00	1	47	-4.76122000e-05	-3.56094000e-06	4.00195000e-01	3.41835000e-06
1.87132571e+02	2026-09-04T17:35:56.105223	0.00000000e+00	1	47	-8.94070000e-06	-4.91260000e-06	4.50271000e-01	5.29351000e-06
1.87142751e+02	2026-09-04T17:35:56.120920	0.00000000e+00	1	47	-6.02961000e-05	-6.08958000e-06	5.00264000e-01	5.01523000e-06
1.87181678e+02	2026-09-04T17:35:56.153994	0.00000000e+00	1	47	-3.24011000e-05	-5.91734000e-06	5.50321000e-01	6.12063000e-06
1.87208244e+02	2026-09-04T17:35:56.186060	0.00000000e+00	1	47	-5.59807000e-05	-6.71292000e-06	6.00366000e-01	6.58590000e-06
1.87243323e+02	2026-09-04T17:35:56.220915	0.00000000e+00	1	47	-5.17368000e-05	-9.74918000e-06	6.50409000e-01	9.86293000e-06
1.87251059e+02	2026-09-04T17:35:56.223885	0.00000000e+00	1	47	-1.21593000e-06	-1.20293000e-05	7.00377000e-01	1.23731000e-05
1.87267550e+02	2026-09-04T17:35:56.244021	0.00000000e+00	1	47	-4.72546000e-05	-1.47865000e-05	7.50544000e-01	1.47887000e-05
1.87292039e+02	2026-09-04T17:35:56.270240	0.00000000e+00	1	47	-5.25475000e-05	-1.69809000e-05	8.00509000e-01	1.72809000e-05
1.87304320e+02	2026-09-04T17:35:56.278368	0.00000000e+00	1	47	-4.38213000e-05	-1.72240000e-05	8.50594000e-01	1.67949000e-05
1.87328822e+02	2026-09-04T17:35:56.303962	0.00000000e+00	1	47	-5.40733000e-05	-1.61641000e-05	9.00601000e-01	1.59836000e-05
1.87337042e+02	2026-09-04T17:35:56.313661	0.00000000e+00	1	47	-4.88758000e-05	-1.87884000e-05	9.50650000e-01	5.30133000e-04
1.87361436e+02	2026-09-04T17:35:56.333643	0.00000000e+00	1	47	--	--	1.00068000e+00	5.30135000e-04
1.87377234e+02	2026-09-04T17:35:56.353977	0.00000000e+00	1	47	--	--	1.05074000e+00	5.30133000e-04
1.87403089e+02	2026-09-04T17:35:56.379060	0.00000000e+00	1	47	--	--	1.10074000e+00	5.30136000e-04
1.87412992e+02	2026-09-04T17:35:56.388609	0.00000000e+00	1	47	--	--	1.15079000e+00	5.30133000e-04
1.87428174e+02	2026-09-04T17:35:56.404041	0.00000000e+00	1	47	--	--	1.20081000e+00	5.30137000e-04
1.87441757e+02	2026-09-04T17:35:56.413951	0.00000000e+00	1	47	--	--	1.25087000e+00	5.30139000e-04
1.87465101e+02	2026-09-04T17:35:56.442734	0.00000000e+00	1	47	--	--	1.30092000e+00	5.30133000e-04
1.87478065e+02	2026-09-04T17:35:56.453973	0.00000000e+00	1	47	--	--	1.35095000e+00	5.30137000e-04
1.87509664e+02	2026-09-04T17:35:56.484531	0.00000000e+00	1	47	--	--	1.40097000e+00	5.30135000e-04
1.87536144e+02	2026-09-04T17:35:56.513690	0.00000000e+00	1	47	--	--	1.45101000e+00	5.30141000e-04
1.87543748e+02	2026-09-04T17:35:56.521806	0.00000000e+00	1	47	--	--	1.50101000e+00	5.30140000e-04
1.87593922e+02	2026-09-04T17:35:56.569594	0.00000000e+00	1	47	--	--	1.55105000e+00	5.30132000e-04
1.87602445e+02	2026-09-04T17:35:56.576414	0.00000000e+00	1	47	--	--	1.60108000e+00	5.30139000e-04
1.87617793e+02	2026-09-04T17:35:56.593993	0.00000000e+00	1	47	--	--	1.65115000e+00	5.30137000e-04
1.87632078e+02	2026-09-04T17:35:56.603676	0.00000000e+00	1	47	--	--	1.70114000e+00	5.30137000e-04
1.87655953e+02	2026-09-04T17:35:56.634327	0.00000000e+00	1	47	--	--	1.75122000e+00	5.30139000e-04
1.87682759e+02	2026-09-04T17:35:56.659279	0.00000000e+00	1	47	--	--	1.80121000e+00	5.30136000e-04
1.87706935e+02	2026-09-04T17:35:56.683706	0.00000000e+00	1	47	--	--	1.85126000e+00	5.30136000e-04
1.87734833e+02	2026-09-04T17:35:56.712642	0.00000000e+00	1	47	--	--	1.90128000e+00	5.30134000e-04
1.87742935e+02	2026-09-04T17:35:56.713645	0.00000000e+00	1	47	--	--	1.95134000e+00	5.30137000e-04
1.87750582e+02	2026-09-04T17:35:56.728712	0.00000000e+00	1	47	--	--	2.00135000e+00	5.30141000e-04
1.87776230e+02	2026-09-04T17:35:56.753738	0.00000000e+00	1	47	--	--	2.00135000e+00	5.30134000e-04
1.87788324e+02	2026-09-04T17:35:56.763843	0.00000000e+00	1	47	--	--	1.95133000e+00	5.30139000e-04
1.87815904e+02	2026-09-04T17:35:56.793691	0.00000000e+00	1	47	--	--	1.90130000e+00	5.30136000e-04
1.87824856e+02	2026-09-04T17:35:56.801506	0.00000000e+00	1	47	--	--	1.85128000e+00	5.30133000e-04
1.87851952e+02	2026-09-04T17:35:56.823927	0.00000000e+00	1	47	--	--	1.80121000e+00	5.30137000e-04
1.87881709e+02	2026-09-04T17:35:56.855526	0.00000000e+00	1	47	--	--	1.75121000e+00	5.30133000e-04
1.87898217e+02	2026-09-04T17:35:56.873547	0.00000000e+00	1	47	--	--	1.70116000e+00	5.30137000e-04
1.87905860e+02	2026-09-04T17:35:56.884040	0.00000000e+00	1	47	--	--	1.65112000e+00	5.30137000e-04
1.87916488e+02	2026-09-04T17:35:56.893749	0.00000000e+00	1	47	--	--	1.60110000e+00	5.30138000e-04
1.87924152e+02	2026-09-04T17:35:56.897494	0.00000000e+00	1	47	--	--	1.55107000e+00	5.30138000e-04
1.87973973e+02	2026-09-04T17:35:56.951296	0.00000000e+00	1	47	--	--	1.50100000e+00	5.30132000e-04
1.88006414e+02	2026-09-04T17:35:56.983819	0.00000000e+00	1	47	--	--	1.45103000e+00	5.30133000e-04
1.88015402e+02	2026-09-04T17:35:56.993442	0.00000000e+00	1	47	--	--	1.40096000e+00	5.30136000e-04
1.88037464e+02	2026-09-04T17:35:57.015122	0.00000000e+00	1	47	--	--	1.35093000e+00	5.30133000e-04
1.88067273e+02	2026-09-04T17:35:57.043836	0.00000000e+00	1	47	--	--	1.30091000e+00	5.30136000e-04
1.88098487e+02	2026-09-04T17:35:57.073709	0.00000000e+00	1	47	--	--	1.25086000e+00	5.30138000e-04
1.88122189e+02	2026-09-04T17:35:57.094970	0.00000000e+00	1	47	--	--	1.20081000e+00	5.30137000e-04
1.88129827e+02	2026-09-04T17:35:57.105489	0.00000000e+00	1	47	--	--	1.15080000e+00	5.30132000e-04
1.88137294e+02	2026-09-04T17:35:57.113781	0.00000000e+00	1	47	--	--	1.10073000e+00	5.30133000e-04
1.88145103e+02	2026-09-04T17:35:57.113781	0.00000000e+00	1	47	--	--	1.05073000e+00	5.30136000e-04
1.88158126e+02	2026-09-04T17:35:57.133871	0.00000000e+00	1	47	--	--	1.00066000e+00	5.30133000e-04
1.88172282e+02	2026-09-04T17:35:57.143641	0.00000000e+00	1	47	--	--	9.50672000e-01	5.30133000e-04
1.88197917e+02	2026-09-04T17:35:57.173842	0.00000000e+00	1	47	--	--	9.00590000e-01	5.30134000e-04
1.88212513e+02	2026-09-04T17:35:57.189843	0.00000000e+00	1	47	--	--	8.50563000e-01	5.30137000e-04
1.88233738e+02	2026-09-04T17:35:57.205600	0.00000000e+00	1	47	--	--	8.00506000e-01	5.30131000e-04
1.88241338e+02	2026-09-04T17:35:57.215974	0.00000000e+00	1	47	--	--	7.50503000e-01	5.30132000e-04
1.88284007e+02	2026-09-04T17:35:57.261444	0.00000000e+00	1	47	--	--	7.00433000e-01	5.30135000e-04
1.88298649e+02	2026-09-04T17:35:57.273624	0.00000000e+00	1	47	--	--	6.50414000e-01	5.30138000e-04
1.88320223e+02	2026-09-04T17:35:57.293934	0.00000000e+00	1	47	--	--	6.00346000e-01	5.30137000e-04
1.88341588e+02	2026-09-04T17:35:57.315635	0.00000000e+00	1	47	--	--	5.50323000e-01	5.30139000e-04
1.88349663e+02	2026-09-04T17:35:57.326033	0.00000000e+00	1	47	--	--	5.00273000e-01	5.30138000e-04
1.88357326e+02	2026-09-04T17:35:57.333872	0.00000000e+00	1	47	2.02403000e-01	-5.30227000e-04	4.50274000e-01	5.30138000e-04
1.88364935e+02	2026-09-04T17:35:57.333872	0.00000000e+00	1	47	1.52268000e-01	-5.30222000e-04	4.00180000e-01	5.30142000e-04
1.88377837e+02	2026-09-04T17:35:57.353976	0.00000000e+00	1	47	1.02210000e-01	-5.30216000e-04	3.50168000e-01	5.30137000e-04
1.88433758e+02	2026-09-04T17:35:57.410685	0.00000000e+00	1	47	5.22054000e-02	-5.30224000e-04	3.00117000e-01	5.30137000e-04
1.88442004e+02	2026-09-04T17:35:57.413536	0.00000000e+00	1	47	2.14102000e-03	-5.30222000e-04	2.50108000e-01	5.30138000e-04
1.88465268e+02	2026-09-04T17:35:57.442735	0.00000000e+00	1	47	-7.38621000e-05	-4.41887000e-04	2.00186000e-01	4.41176000e-04
1.88491750e+02	2026-09-04T17:35:57.463796	0.00000000e+00	1	47	-6.63996000e-05	-3.27952000e-04	1.50151000e-01	3.28065000e-04
1.88500430e+02	2026-09-04T17:35:57.477837	0.00000000e+00	1	47	-6.16312000e-05	-2.16724000e-04	1.00116000e-01	2.16814000e-04
1.88520332e+02	2026-09-04T17:35:57.493688	0.00000000e+00	1	47	-5.11169000e-05	-1.07997000e-04	5.00802000e-02	1.08059000e-04
1.88529273e+02	2026-09-04T17:35:57.506529	0.00000000e+00	1	47	-4.67062000e-05	-3.17686000e-07	3.38078000e-05	2.21398000e-07
1.90550039e+02	2026-09-04T17:35:59.523595	0.00000000e+00	1	48	-5.62429000e-05	-3.34239000e-10	3.92914000e-05	4.05765000e-10
1.90572416e+02	2026-09-04T17:35:59.547728	0.00000000e+00	1	48	-2.02656000e-06	-4.97758000e-08	5.00460000e-02	6.76848000e-08
1.90596884e+02	2026-09-04T17:35:59.573729	0.00000000e+00	1	48	-1.94550000e-05	-2.53166000e-07	1.00105000e-01	2.79286000e-07
1.90623020e+02	2026-09-04T17:35:59.600406	0.00000000e+00	1	48	-5.65052000e-05	-4.24546000e-07	1.50152000e-01	4.18380000e-07
1.90631397e+02	2026-09-04T17:35:59.604029	0.00000000e+00	1	48	-5.15699000e-05	-7.09058000e-07	2.00188000e-01	7.19096000e-07
1.90664618e+02	2026-09-04T17:35:59.641781	0.00000000e+00	1	48	-4.57287000e-05	-1.08384000e-06	2.50111000e-01	1.11561000e-06
1.90679714e+02	2026-09-04T17:35:59.653682	0.00000000e+00	1	48	-4.19378000e-05	-1.49680000e-06	3.00143000e-01	1.48521000e-06
1.90689473e+02	2026-09-04T17:35:59.665814	0.00000000e+00	1	48	-5.26428000e-05	-1.92261000e-06	3.50173000e-01	1.93925000e-06
1.90697531e+02	2026-09-04T17:35:59.673789	0.00000000e+00	1	48	-4.14133000e-05	-2.52386000e-06	4.00201000e-01	2.51567000e-06
1.90714080e+02	2026-09-04T17:35:59.691280	0.00000000e+00	1	48	-4.22239000e-05	-3.32256000e-06	4.50268000e-01	3.27409000e-06
1.90738119e+02	2026-09-04T17:35:59.713730	0.00000000e+00	1	48	-4.16756000e-05	-4.01187000e-06	5.00274000e-01	4.09599000e-06
1.90746614e+02	2026-09-04T17:35:59.723782	0.00000000e+00	1	48	-4.38213000e-05	-5.32148000e-06	5.50303000e-01	5.35254000e-06
1.90765333e+02	2026-09-04T17:35:59.743020	0.00000000e+00	1	48	-4.22955000e-05	-6.42431000e-06	6.00349000e-01	6.32765000e-06
1.90779676e+02	2026-09-04T17:35:59.753803	0.00000000e+00	1	48	-4.91381000e-05	-7.20103000e-06	6.50426000e-01	7.36875000e-06
1.90804966e+02	2026-09-04T17:35:59.777855	0.00000000e+00	1	48	-4.58956000e-05	-8.43494000e-06	7.00440000e-01	8.24141000e-06
1.90825573e+02	2026-09-04T17:35:59.803637	0.00000000e+00	1	48	-5.78642000e-05	-9.26685000e-06	7.50446000e-01	9.19077000e-06
1.90848387e+02	2026-09-04T17:35:59.824029	0.00000000e+00	1	48	-1.91927000e-05	-1.01187000e-05	8.00487000e-01	1.07924000e-05
1.90879479e+02	2026-09-04T17:35:59.853898	0.00000000e+00	1	48	-5.05686000e-05	-1.22868000e-05	8.50583000e-01	1.26281000e-05
1.90910658e+02	2026-09-04T17:35:59.885673	0.00000000e+00	1	48	-5.11169000e-05	-1.49717000e-05	9.00599000e-01	1.50861000e-05
1.90920343e+02	2026-09-04T17:35:59.893985	0.00000000e+00	1	48	--	--	9.50646000e-01	5.30138000e-04
1.90934122e+02	2026-09-04T17:35:59.903727	0.00000000e+00	1	48	--	--	1.00068000e+00	5.30134000e-04
1.90956423e+02	2026-09-04T17:35:59.933888	0.00000000e+00	1	48	--	--	1.05072000e+00	5.30129000e-04
1.90979297e+02	2026-09-04T17:35:59.953987	0.00000000e+00	1	48	--	--	1.10075000e+00	5.30130000e-04
1.91005359e+02	2026-09-04T17:35:59.983722	0.00000000e+00	1	48	--	--	1.15080000e+00	5.30132000e-04
1.91016845e+02	2026-09-04T17:35:59.993792	0.00000000e+00	1	48	--	--	1.20081000e+00	5.30137000e-04
1.91040009e+02	2026-09-04T17:36:00.018018	0.00000000e+00	1	48	--	--	1.25087000e+00	5.30135000e-04
1.91051612e+02	2026-09-04T17:36:00.029003	0.00000000e+00	1	48	--	--	1.30092000e+00	5.30122000e-04
1.91086814e+02	2026-09-04T17:36:00.063903	0.00000000e+00	1	48	--	--	1.35094000e+00	5.30133000e-04
1.91115276e+02	2026-09-04T17:36:00.093536	0.00000000e+00	1	48	--	--	1.40096000e+00	5.30125000e-04
1.91123783e+02	2026-09-04T17:36:00.093536	0.00000000e+00	1	48	--	--	1.45100000e+00	5.30135000e-04
1.91146493e+02	2026-09-04T17:36:00.123788	0.00000000e+00	1	48	--	--	1.50101000e+00	5.30133000e-04
1.91170816e+02	2026-09-04T17:36:00.143608	0.00000000e+00	1	48	--	--	1.55108000e+00	5.30132000e-04
1.91196554e+02	2026-09-04T17:36:00.173903	0.00000000e+00	1	48	--	--	1.60109000e+00	5.30133000e-04
1.91225267e+02	2026-09-04T17:36:00.203549	0.00000000e+00	1	48	--	--	1.65115000e+00	5.30135000e-04
1.91233416e+02	2026-09-04T17:36:00.203549	0.00000000e+00	1	48	--	--	1.70115000e+00	5.30135000e-04
1.91257134e+02	2026-09-04T17:36:00.234772	0.00000000e+00	1	48	--	--	1.75119000e+00	5.30132000e-04
1.91271088e+02	2026-09-04T17:36:00.243549	0.00000000e+00	1	48	--	--	1.80121000e+00	5.30135000e-04
1.91307078e+02	2026-09-04T17:36:00.283687	0.00000000e+00	1	48	--	--	1.85130000e+00	5.30132000e-04
1.91318840e+02	2026-09-04T17:36:00.293559	0.00000000e+00	1	48	--	--	1.90129000e+00	5.30133000e-04
1.91340085e+02	2026-09-04T17:36:00.313674	0.00000000e+00	1	48	--	--	1.95133000e+00	5.30132000e-04
1.91352027e+02	2026-09-04T17:36:00.329558	0.00000000e+00	1	48	--	--	2.00135000e+00	5.30137000e-04
1.91379333e+02	2026-09-04T17:36:00.353634	0.00000000e+00	1	48	--	--	2.00135000e+00	5.30136000e-04
1.91388486e+02	2026-09-04T17:36:00.363962	0.00000000e+00	1	48	--	--	1.95134000e+00	5.30136000e-04
1.91410588e+02	2026-09-04T17:36:00.383742	0.00000000e+00	1	48	--	--	1.90129000e+00	5.30135000e-04
1.91424053e+02	2026-09-04T17:36:00.393862	0.00000000e+00	1	48	--	--	1.85126000e+00	5.30138000e-04
1.91447268e+02	2026-09-04T17:36:00.424858	0.00000000e+00	1	48	--	--	1.80122000e+00	5.30133000e-04
1.91463788e+02	2026-09-04T17:36:00.440817	0.00000000e+00	1	48	--	--	1.75120000e+00	5.30128000e-04
1.91500756e+02	2026-09-04T17:36:00.478393	0.00000000e+00	1	48	--	--	1.70117000e+00	5.30136000e-04
1.91511193e+02	2026-09-04T17:36:00.488678	0.00000000e+00	1	48	--	--	1.65114000e+00	5.30132000e-04
1.91518744e+02	2026-09-04T17:36:00.493695	0.00000000e+00	1	48	--	--	1.60111000e+00	5.30132000e-04
1.91526458e+02	2026-09-04T17:36:00.504750	0.00000000e+00	1	48	--	--	1.55107000e+00	5.30129000e-04
1.91551232e+02	2026-09-04T17:36:00.523726	0.00000000e+00	1	48	--	--	1.50101000e+00	5.30135000e-04
1.91575103e+02	2026-09-04T17:36:00.552198	0.00000000e+00	1	48	--	--	1.45101000e+00	5.30129000e-04
1.91584977e+02	2026-09-04T17:36:00.553709	0.00000000e+00	1	48	--	--	1.40095000e+00	5.30133000e-04
1.91600658e+02	2026-09-04T17:36:00.578668	0.00000000e+00	1	48	--	--	1.35092000e+00	5.30129000e-04
1.91631207e+02	2026-09-04T17:36:00.603775	0.00000000e+00	1	48	--	--	1.30088000e+00	5.30126000e-04
1.91655089e+02	2026-09-04T17:36:00.631300	0.00000000e+00	1	48	--	--	1.25087000e+00	5.30136000e-04
1.91663995e+02	2026-09-04T17:36:00.633806	0.00000000e+00	1	48	--	--	1.20082000e+00	5.30135000e-04
1.91687124e+02	2026-09-04T17:36:00.663818	0.00000000e+00	1	48	--	--	1.15079000e+00	5.30133000e-04
1.91699963e+02	2026-09-04T17:36:00.673820	0.00000000e+00	1	48	--	--	1.10073000e+00	5.30130000e-04
1.91733073e+02	2026-09-04T17:36:00.710658	0.00000000e+00	1	48	--	--	1.05075000e+00	5.30133000e-04
1.91770877e+02	2026-09-04T17:36:00.743849	0.00000000e+00	1	48	--	--	1.00068000e+00	5.30130000e-04
1.91778773e+02	2026-09-04T17:36:00.753825	0.00000000e+00	1	48	--	--	9.50654000e-01	5.30133000e-04
1.91801157e+02	2026-09-04T17:36:00.778978	0.00000000e+00	1	48	--	--	9.00595000e-01	5.30135000e-04
1.91809103e+02	2026-09-04T17:36:00.783851	0.00000000e+00	1	48	--	--	8.50587000e-01	5.30133000e-04
1.91833767e+02	2026-09-04T17:36:00.806470	0.00000000e+00	1	48	--	--	8.00511000e-01	5.30136000e-04
1.91845385e+02	2026-09-04T17:36:00.823589	0.00000000e+00	1	48	--	--	7.50483000e-01	5.30136000e-04
1.91876504e+02	2026-09-04T17:36:00.853597	0.00000000e+00	1	48	--	--	7.00414000e-01	5.30130000e-04
1.91884411e+02	2026-09-04T17:36:00.853597	0.00000000e+00	1	48	--	--	6.50424000e-01	5.30138000e-04
1.91906564e+02	2026-09-04T17:36:00.883957	0.00000000e+00	1	48	--	--	6.00355000e-01	5.30134000e-04
1.91924183e+02	2026-09-04T17:36:00.899848	0.00000000e+00	1	48	--	--	5.50335000e-01	5.30134000e-04
1.91950011e+02	2026-09-04T17:36:00.923712	0.00000000e+00	1	48	--	--	5.00302000e-01	5.30132000e-04
1.91965699e+02	2026-09-04T17:36:00.943739	0.00000000e+00	1	48	1.63163000e-01	-5.30218000e-04	4.50275000e-01	5.30135000e-04
1.91977539e+02	2026-09-04T17:36:00.953561	0.00000000e+00	1	48	1.13306000e-01	-5.30220000e-04	4.00192000e-01	5.30135000e-04
1.92001411e+02	2026-09-04T17:36:00.979027	0.00000000e+00	1	48	6.34614000e-02	-5.30222000e-04	3.50174000e-01	5.30136000e-04
1.92033810e+02	2026-09-04T17:36:01.011695	0.00000000e+00	1	48	1.38785000e-02	-5.30221000e-04	3.00136000e-01	5.30135000e-04
1.92060490e+02	2026-09-04T17:36:01.034002	0.00000000e+00	1	48	-7.97987000e-05	-4.61295000e-04	2.50120000e-01	4.61319000e-04
1.92069403e+02	2026-09-04T17:36:01.043968	0.00000000e+00	1	48	-7.32422000e-05	-3.84502000e-04	2.00192000e-01	3.84336000e-04
1.92077207e+02	2026-09-04T17:36:01.053669	0.00000000e+00	1	48	-7.22408000e-05	-2.86553000e-04	1.50152000e-01	2.86346000e-04
1.92095850e+02	2026-09-04T17:36:01.073674	0.00000000e+00	1	48	-5.93901000e-05	-1.89869000e-04	1.00121000e-01	1.90065000e-04
1.92129567e+02	2026-09-04T17:36:01.105513	0.00000000e+00	1	48	-5.33581000e-05	-9.46538000e-05	5.00777000e-02	9.45623000e-05
1.92152204e+02	2026-09-04T17:36:01.123796	0.00000000e+00	1	48	-5.19276000e-05	-2.70632000e-07	3.90291000e-05	2.74121000e-07
1.94114282e+02	2026-09-04T17:36:03.091873	0.00000000e+00	1	49	-5.84841000e-05	-3.15571000e-10	3.22819000e-05	2.65718000e-10
1.94143626e+02	2026-09-04T17:36:03.121564	0.00000000e+00	1	49	-3.62396000e-06	-5.38983000e-08	5.00387000e-02	7.27553000e-08
1.94157725e+02	2026-09-04T17:36:03.136041	0.00000000e+00	1	49	-3.48330000e-05	-2.69106000e-07	1.00095000e-01	2.84067000e-07
1.94170562e+02	2026-09-04T17:36:03.148683	0.00000000e+00	1	49	-5.83887000e-05	-3.96190000e-07	1.50151000e-01	3.90444000e-07
1.94178176e+02	2026-09-04T17:36:03.156158	0.00000000e+00	1	49	-4.81367000e-05	-5.78906000e-07	2.00184000e-01	6.04316000e-07
1.94213217e+02	2026-09-04T17:36:03.191228	0.00000000e+00	1	49	-6.17266000e-05	-8.56138000e-07	2.50119000e-01	8.42835000e-07
1.94221204e+02	2026-09-04T17:36:03.199240	0.00000000e+00	1	49	-5.41687000e-05	-1.22081000e-06	3.00120000e-01	1.22118000e-06
1.94240391e+02	2026-09-04T17:36:03.218274	0.00000000e+00	1	49	-5.87702000e-05	-1.59095000e-06	3.50163000e-01	2.10324000e-06
1.94264702e+02	2026-09-04T17:36:03.242297	0.00000000e+00	1	49	-5.29051000e-05	-2.68684000e-06	4.00190000e-01	2.72124000e-06
1.94288309e+02	2026-09-04T17:36:03.266634	0.00000000e+00	1	49	-4.85182000e-05	-3.72249000e-06	4.50256000e-01	3.86988000e-06
1.94297322e+02	2026-09-04T17:36:03.275165	0.00000000e+00	1	49	-5.83887000e-05	-4.57306000e-06	5.00281000e-01	4.46551000e-06
1.94306214e+02	2026-09-04T17:36:03.284158	0.00000000e+00	1	49	-6.04630000e-05	-5.77687000e-06	5.50329000e-01	5.63850000e-06
1.94315803e+02	2026-09-04T17:36:03.293766	0.00000000e+00	1	49	-2.30551000e-05	-7.35342000e-06	6.00306000e-01	8.09621000e-06
1.94333675e+02	2026-09-04T17:36:03.311807	0.00000000e+00	1	49	-7.22408000e-05	-9.38852000e-06	6.50427000e-01	6.91978000e-06
1.94365292e+02	2026-09-04T17:36:03.343590	0.00000000e+00	1	49	-6.34432000e-05	-9.91509000e-06	7.00402000e-01	9.38656000e-06
1.94388295e+02	2026-09-04T17:36:03.365857	0.00000000e+00	1	49	-1.18971000e-05	-1.10725000e-05	7.50448000e-01	1.19666000e-05
1.94401213e+02	2026-09-04T17:36:03.379158	0.00000000e+00	1	49	-5.52416000e-05	-1.47756000e-05	8.00504000e-01	1.48496000e-05
1.94419373e+02	2026-09-04T17:36:03.396885	0.00000000e+00	1	49	-5.41687000e-05	-1.40446000e-05	8.50578000e-01	1.42157000e-05
1.94437576e+02	2026-09-04T17:36:03.415914	0.00000000e+00	1	49	-4.93050000e-05	-1.82442000e-05	9.00582000e-01	1.78573000e-05
1.94450361e+02	2026-09-04T17:36:03.428186	0.00000000e+00	1	49	-5.90324000e-05	-1.94970000e-05	9.50649000e-01	1.90596000e-05
1.94462815e+02	2026-09-04T17:36:03.440699	0.00000000e+00	1	49	-5.55992000e-05	-2.14026000e-05	1.00068000e+00	2.05403000e-05
1.94475066e+02	2026-09-04T17:36:03.452830	0.00000000e+00	1	49	--	--	1.05071000e+00	5.30141000e-04
1.94504246e+02	2026-09-04T17:36:03.474526	0.00000000e+00	1	49	--	--	1.10073000e+00	5.30136000e-04
1.94513329e+02	2026-09-04T17:36:03.490484	0.00000000e+00	1	49	--	--	1.15080000e+00	5.30135000e-04
1.94569249e+02	2026-09-04T17:36:03.543837	0.00000000e+00	1	49	--	--	1.20083000e+00	5.30135000e-04
1.94596419e+02	2026-09-04T17:36:03.573657	0.00000000e+00	1	49	--	--	1.25087000e+00	5.30135000e-04
1.94604050e+02	2026-09-04T17:36:03.573657	0.00000000e+00	1	49	--	--	1.30090000e+00	5.30132000e-04
1.94614192e+02	2026-09-04T17:36:03.586447	0.00000000e+00	1	49	--	--	1.35093000e+00	5.30136000e-04
1.94627703e+02	2026-09-04T17:36:03.603989	0.00000000e+00	1	49	--	--	1.40096000e+00	5.30135000e-04
1.94638346e+02	2026-09-04T17:36:03.615589	0.00000000e+00	1	49	--	--	1.45103000e+00	5.30139000e-04
1.94687513e+02	2026-09-04T17:36:03.665006	0.00000000e+00	1	49	--	--	1.50101000e+00	5.30139000e-04
1.94695372e+02	2026-09-04T17:36:03.665006	0.00000000e+00	1	49	--	--	1.55106000e+00	5.30140000e-04
1.94722526e+02	2026-09-04T17:36:03.696572	0.00000000e+00	1	49	--	--	1.60108000e+00	5.30139000e-04
1.94732867e+02	2026-09-04T17:36:03.703676	0.00000000e+00	1	49	--	--	1.65112000e+00	5.30144000e-04
1.94749703e+02	2026-09-04T17:36:03.723710	0.00000000e+00	1	49	--	--	1.70115000e+00	5.30137000e-04
1.94759585e+02	2026-09-04T17:36:03.736413	0.00000000e+00	1	49	--	--	1.75119000e+00	5.30142000e-04
1.94767093e+02	2026-09-04T17:36:03.743986	0.00000000e+00	1	49	--	--	1.80123000e+00	5.30138000e-04
1.94788696e+02	2026-09-04T17:36:03.763713	0.00000000e+00	1	49	--	--	1.85128000e+00	5.30142000e-04
1.94797716e+02	2026-09-04T17:36:03.773532	0.00000000e+00	1	49	--	--	1.90129000e+00	5.30138000e-04
1.94817909e+02	2026-09-04T17:36:03.793934	0.00000000e+00	1	49	--	--	1.95133000e+00	5.30143000e-04
1.94854753e+02	2026-09-04T17:36:03.827410	0.00000000e+00	1	49	--	--	2.00137000e+00	5.30139000e-04
1.94868057e+02	2026-09-04T17:36:03.844229	0.00000000e+00	1	49	--	--	2.00135000e+00	5.30139000e-04
1.94876454e+02	2026-09-04T17:36:03.853606	0.00000000e+00	1	49	--	--	1.95133000e+00	5.30141000e-04
1.94895565e+02	2026-09-04T17:36:03.873789	0.00000000e+00	1	49	--	--	1.90129000e+00	5.30139000e-04
1.94927360e+02	2026-09-04T17:36:03.904563	0.00000000e+00	1	49	--	--	1.85126000e+00	5.30138000e-04
1.94948115e+02	2026-09-04T17:36:03.923574	0.00000000e+00	1	49	--	--	1.80123000e+00	5.30142000e-04
1.94956604e+02	2026-09-04T17:36:03.933939	0.00000000e+00	1	49	--	--	1.75121000e+00	5.30136000e-04
1.94978939e+02	2026-09-04T17:36:03.953570	0.00000000e+00	1	49	--	--	1.70116000e+00	5.30132000e-04
1.94986602e+02	2026-09-04T17:36:03.963631	0.00000000e+00	1	49	--	--	1.65113000e+00	5.30141000e-04
1.95018546e+02	2026-09-04T17:36:03.995854	0.00000000e+00	1	49	--	--	1.60111000e+00	5.30135000e-04
1.95055353e+02	2026-09-04T17:36:04.033631	0.00000000e+00	1	49	--	--	1.55107000e+00	5.30133000e-04
1.95067919e+02	2026-09-04T17:36:04.043523	0.00000000e+00	1	49	--	--	1.50100000e+00	5.30141000e-04
1.95081801e+02	2026-09-04T17:36:04.053541	0.00000000e+00	1	49	--	--	1.45102000e+00	5.30137000e-04
1.95105623e+02	2026-09-04T17:36:04.083520	0.00000000e+00	1	49	--	--	1.40096000e+00	5.30140000e-04
1.95131863e+02	2026-09-04T17:36:04.107950	0.00000000e+00	1	49	--	--	1.35092000e+00	5.30136000e-04
1.95157021e+02	2026-09-04T17:36:04.133748	0.00000000e+00	1	49	--	--	1.30087000e+00	5.30135000e-04
1.95165661e+02	2026-09-04T17:36:04.143710	0.00000000e+00	1	49	--	--	1.25087000e+00	5.30136000e-04
1.95188518e+02	2026-09-04T17:36:04.163879	0.00000000e+00	1	49	--	--	1.20083000e+00	5.30132000e-04
1.95196191e+02	2026-09-04T17:36:04.173865	0.00000000e+00	1	49	--	--	1.15078000e+00	5.30132000e-04
1.95213937e+02	2026-09-04T17:36:04.188414	0.00000000e+00	1	49	--	--	1.10073000e+00	5.30133000e-04
1.95263508e+02	2026-09-04T17:36:04.240753	0.00000000e+00	1	49	--	--	1.05072000e+00	5.30137000e-04
1.95271733e+02	2026-09-04T17:36:04.243586	0.00000000e+00	1	49	--	--	1.00067000e+00	5.30140000e-04
1.95295492e+02	2026-09-04T17:36:04.273739	0.00000000e+00	1	49	--	--	9.50625000e-01	5.30139000e-04
1.95347157e+02	2026-09-04T17:36:04.323687	0.00000000e+00	1	49	--	--	9.00587000e-01	5.30138000e-04
1.95374602e+02	2026-09-04T17:36:04.351838	0.00000000e+00	1	49	--	--	8.50561000e-01	5.30134000e-04
1.95382968e+02	2026-09-04T17:36:04.355450	0.00000000e+00	1	49	--	--	8.00504000e-01	5.30139000e-04
1.95408198e+02	2026-09-04T17:36:04.383796	0.00000000e+00	1	49	--	--	7.50484000e-01	5.30143000e-04
1.95418941e+02	2026-09-04T17:36:04.395745	0.00000000e+00	1	49	--	--	7.00422000e-01	5.30135000e-04
1.95446242e+02	2026-09-04T17:36:04.423838	0.00000000e+00	1	49	--	--	6.50417000e-01	5.30140000e-04
1.95460573e+02	2026-09-04T17:36:04.433696	0.00000000e+00	1	49	--	--	6.00354000e-01	5.30144000e-04
1.95468602e+02	2026-09-04T17:36:04.446733	0.00000000e+00	1	49	--	--	5.50320000e-01	5.30137000e-04
1.95510839e+02	2026-09-04T17:36:04.487123	0.00000000e+00	1	49	1.87226000e-01	-5.30223000e-04	5.00297000e-01	5.30141000e-04
1.95532862e+02	2026-09-04T17:36:04.510246	0.00000000e+00	1	49	1.37250000e-01	-5.30220000e-04	4.50259000e-01	5.30136000e-04
1.95541963e+02	2026-09-04T17:36:04.519938	0.00000000e+00	1	49	8.69684000e-02	-5.30216000e-04	4.00183000e-01	5.30145000e-04
1.95563373e+02	2026-09-04T17:36:04.541132	0.00000000e+00	1	49	3.68765000e-02	-5.30224000e-04	3.50151000e-01	5.30141000e-04
1.95571551e+02	2026-09-04T17:36:04.543834	0.00000000e+00	1	49	-8.59976000e-05	-5.08844000e-04	3.00119000e-01	5.08266000e-04
1.95596091e+02	2026-09-04T17:36:04.573944	0.00000000e+00	1	49	-8.35657000e-05	-4.24200000e-04	2.50112000e-01	4.24204000e-04
1.95607649e+02	2026-09-04T17:36:04.583907	0.00000000e+00	1	49	-7.11679000e-05	-3.50759000e-04	2.00181000e-01	3.50918000e-04
1.95626580e+02	2026-09-04T17:36:04.604961	0.00000000e+00	1	49	-7.11679000e-05	-2.61942000e-04	1.50153000e-01	2.62070000e-04
1.95650344e+02	2026-09-04T17:36:04.623848	0.00000000e+00	1	49	-6.03676000e-05	-1.74156000e-04	1.00119000e-01	1.73936000e-04
1.95673756e+02	2026-09-04T17:36:04.651532	0.00000000e+00	1	49	-5.98431000e-05	-8.69337000e-05	5.00760000e-02	8.67580000e-05
1.95706720e+02	2026-09-04T17:36:04.683962	0.00000000e+00	1	49	-4.97580000e-05	-2.56156000e-07	3.08514000e-05	2.42905000e-07
1.97802508e+02	2026-09-04T17:36:06.777713	0.00000000e+00	1	50	-5.56946000e-05	-1.67024000e-10	3.22819000e-05	2.19703000e-10
1.97818627e+02	2026-09-04T17:36:06.794109	0.00000000e+00	1	50	2.99931000e-05	-5.32385000e-08	5.00139000e-02	8.34382000e-08
1.97826616e+02	2026-09-04T17:36:06.804645	0.00000000e+00	1	50	-2.99931000e-05	-3.19041000e-07	1.00086000e-01	3.39984000e-07
1.97838951e+02	2026-09-04T17:36:06.813601	0.00000000e+00	1	50	-5.14746000e-05	-4.91896000e-07	1.50146000e-01	4.92013000e-07
1.97868153e+02	2026-09-04T17:36:06.843618	0.00000000e+00	1	50	-5.46217000e-05	-9.49309000e-07	2.00177000e-01	9.56755000e-07
1.97892519e+02	2026-09-04T17:36:06.867882	0.00000000e+00	1	50	-5.41687000e-05	-1.31344000e-06	2.50100000e-01	1.26453000e-06
1.97916997e+02	2026-09-04T17:36:06.893644	0.00000000e+00	1	50	-4.62532000e-05	-1.72109000e-06	3.00128000e-01	1.71694000e-06
1.97925396e+02	2026-09-04T17:36:06.903655	0.00000000e+00	1	50	-4.79698000e-05	-2.10265000e-06	3.50159000e-01	2.12320000e-06
1.97953704e+02	2026-09-04T17:36:06.931037	0.00000000e+00	1	50	-4.51803000e-05	-3.56086000e-06	4.00188000e-01	3.58143000e-06
1.97969059e+02	2026-09-04T17:36:06.946711	0.00000000e+00	1	50	-3.65496000e-05	-4.47539000e-06	4.50260000e-01	4.88370000e-06
1.97997645e+02	2026-09-04T17:36:06.973697	0.00000000e+00	1	50	-3.85284000e-05	-5.48047000e-06	5.00270000e-01	5.56617000e-06
1.98027891e+02	2026-09-04T17:36:07.003899	0.00000000e+00	1	50	-4.85182000e-05	-5.64928000e-06	5.50301000e-01	5.70787000e-06
1.98036805e+02	2026-09-04T17:36:07.013813	0.00000000e+00	1	50	-2.14338000e-05	-6.17295000e-06	6.00341000e-01	6.80157000e-06
1.98044463e+02	2026-09-04T17:36:07.013813	0.00000000e+00	1	50	-3.96967000e-05	-8.02914000e-06	6.50421000e-01	7.95748000e-06
1.98067485e+02	2026-09-04T17:36:07.043766	0.00000000e+00	1	50	-1.33514000e-05	-1.06840000e-05	7.00397000e-01	1.09451000e-05
1.98082575e+02	2026-09-04T17:36:07.059983	0.00000000e+00	1	50	-5.24521000e-05	-1.21361000e-05	7.50447000e-01	1.21995000e-05
1.98095932e+02	2026-09-04T17:36:07.073754	0.00000000e+00	1	50	-4.58002000e-05	-1.50316000e-05	8.00504000e-01	1.51441000e-05
1.98123501e+02	2026-09-04T17:36:07.093766	0.00000000e+00	1	50	-5.72205000e-05	-1.80553000e-05	8.50582000e-01	1.84450000e-05
1.98144096e+02	2026-09-04T17:36:07.121400	0.00000000e+00	1	50	--	--	9.00570000e-01	5.30142000e-04
1.98175953e+02	2026-09-04T17:36:07.153880	0.00000000e+00	1	50	--	--	9.50667000e-01	5.30142000e-04
1.98186742e+02	2026-09-04T17:36:07.163794	0.00000000e+00	1	50	--	--	1.00067000e+00	5.30132000e-04
1.98206419e+02	2026-09-04T17:36:07.184552	0.00000000e+00	1	50	--	--	1.05071000e+00	5.30132000e-04
1.98227388e+02	2026-09-04T17:36:07.203815	0.00000000e+00	1	50	--	--	1.10073000e+00	5.30132000e-04
1.98235542e+02	2026-09-04T17:36:07.213816	0.00000000e+00	1	50	--	--	1.15079000e+00	5.30130000e-04
1.98268363e+02	2026-09-04T17:36:07.243631	0.00000000e+00	1	50	--	--	1.20082000e+00	5.30132000e-04
1.98299338e+02	2026-09-04T17:36:07.273726	0.00000000e+00	1	50	--	--	1.25084000e+00	5.30130000e-04
1.98322862e+02	2026-09-04T17:36:07.299270	0.00000000e+00	1	50	--	--	1.30089000e+00	5.30133000e-04
1.98331725e+02	2026-09-04T17:36:07.303753	0.00000000e+00	1	50	--	--	1.35093000e+00	5.30140000e-04
1.98354012e+02	2026-09-04T17:36:07.331437	0.00000000e+00	1	50	--	--	1.40096000e+00	5.30129000e-04
1.98362183e+02	2026-09-04T17:36:07.333902	0.00000000e+00	1	50	--	--	1.45101000e+00	5.30132000e-04
1.98394606e+02	2026-09-04T17:36:07.363866	0.00000000e+00	1	50	--	--	1.50101000e+00	5.30138000e-04
1.98418930e+02	2026-09-04T17:36:07.396028	0.00000000e+00	1	50	--	--	1.55106000e+00	5.30132000e-04
1.98437711e+02	2026-09-04T17:36:07.413960	0.00000000e+00	1	50	--	--	1.60108000e+00	5.30133000e-04
1.98445874e+02	2026-09-04T17:36:07.423856	0.00000000e+00	1	50	--	--	1.65113000e+00	5.30136000e-04
1.98465764e+02	2026-09-04T17:36:07.443964	0.00000000e+00	1	50	--	--	1.70114000e+00	5.30137000e-04
1.98486720e+02	2026-09-04T17:36:07.463651	0.00000000e+00	1	50	--	--	1.75120000e+00	5.30127000e-04
1.98521552e+02	2026-09-04T17:36:07.495688	0.00000000e+00	1	50	--	--	1.80121000e+00	5.30132000e-04
1.98545002e+02	2026-09-04T17:36:07.522761	0.00000000e+00	1	50	--	--	1.85126000e+00	5.30132000e-04
1.98553379e+02	2026-09-04T17:36:07.523770	0.00000000e+00	1	50	--	--	1.90128000e+00	5.30132000e-04
1.98576784e+02	2026-09-04T17:36:07.554030	0.00000000e+00	1	50	--	--	1.95133000e+00	5.30134000e-04
1.98613263e+02	2026-09-04T17:36:07.588913	0.00000000e+00	1	50	--	--	2.00134000e+00	5.30132000e-04
1.98634993e+02	2026-09-04T17:36:07.605529	0.00000000e+00	1	50	--	--	2.00136000e+00	5.30131000e-04
1.98650521e+02	2026-09-04T17:36:07.623771	0.00000000e+00	1	50	--	--	1.95133000e+00	5.30133000e-04
1.98658711e+02	2026-09-04T17:36:07.636813	0.00000000e+00	1	50	--	--	1.90127000e+00	5.30134000e-04
1.98719605e+02	2026-09-04T17:36:07.695184	0.00000000e+00	1	50	--	--	1.85125000e+00	5.30127000e-04
1.98745177e+02	2026-09-04T17:36:07.719939	0.00000000e+00	1	50	--	--	1.80121000e+00	5.30131000e-04
1.98753927e+02	2026-09-04T17:36:07.723760	0.00000000e+00	1	50	--	--	1.75119000e+00	5.30132000e-04
1.98803179e+02	2026-09-04T17:36:07.779711	0.00000000e+00	1	50	--	--	1.70115000e+00	5.30129000e-04
1.98831406e+02	2026-09-04T17:36:07.803685	0.00000000e+00	1	50	--	--	1.65113000e+00	5.30129000e-04
1.98854422e+02	2026-09-04T17:36:07.827142	0.00000000e+00	1	50	--	--	1.60110000e+00	5.30129000e-04
1.98862586e+02	2026-09-04T17:36:07.833779	0.00000000e+00	1	50	--	--	1.55105000e+00	5.30128000e-04
1.98881655e+02	2026-09-04T17:36:07.859034	0.00000000e+00	1	50	--	--	1.50102000e+00	5.30126000e-04
1.98910203e+02	2026-09-04T17:36:07.883850	0.00000000e+00	1	50	--	--	1.45101000e+00	5.30129000e-04
1.98921759e+02	2026-09-04T17:36:07.893971	0.00000000e+00	1	50	--	--	1.40096000e+00	5.30129000e-04
1.98945844e+02	2026-09-04T17:36:07.923748	0.00000000e+00	1	50	--	--	1.35092000e+00	5.30127000e-04
1.98958568e+02	2026-09-04T17:36:07.933618	0.00000000e+00	1	50	--	--	1.30091000e+00	5.30124000e-04
1.98981156e+02	2026-09-04T17:36:07.953961	0.00000000e+00	1	50	--	--	1.25086000e+00	5.30126000e-04
1.98989439e+02	2026-09-04T17:36:07.964640	0.00000000e+00	1	50	--	--	1.20082000e+00	5.30128000e-04
1.99033621e+02	2026-09-04T17:36:08.003893	0.00000000e+00	1	50	--	--	1.15079000e+00	5.30124000e-04
1.99057607e+02	2026-09-04T17:36:08.033604	0.00000000e+00	1	50	--	--	1.10073000e+00	5.30124000e-04
1.99065785e+02	2026-09-04T17:36:08.043909	0.00000000e+00	1	50	--	--	1.05073000e+00	5.30125000e-04
1.99087980e+02	2026-09-04T17:36:08.065509	0.00000000e+00	1	50	--	--	1.00067000e+00	5.30129000e-04
1.99096844e+02	2026-09-04T17:36:08.074005	0.00000000e+00	1	50	--	--	9.50627000e-01	5.30129000e-04
1.99123503e+02	2026-09-04T17:36:08.097238	0.00000000e+00	1	50	--	--	9.00594000e-01	5.30129000e-04
1.99135342e+02	2026-09-04T17:36:08.112948	0.00000000e+00	1	50	--	--	8.50577000e-01	5.30124000e-04
1.99154200e+02	2026-09-04T17:36:08.130630	0.00000000e+00	1	50	--	--	8.00503000e-01	5.30133000e-04
1.99162927e+02	2026-09-04T17:36:08.133716	0.00000000e+00	1	50	--	--	7.50488000e-01	5.30135000e-04
1.99186314e+02	2026-09-04T17:36:08.163712	0.00000000e+00	1	50	--	--	7.00427000e-01	5.30129000e-04
1.99194065e+02	2026-09-04T17:36:08.163712	0.00000000e+00	1	50	--	--	6.50418000e-01	5.30133000e-04
1.99214100e+02	2026-09-04T17:36:08.191306	0.00000000e+00	1	50	--	--	6.00349000e-01	5.30126000e-04
1.99261298e+02	2026-09-04T17:36:08.238863	0.00000000e+00	1	50	1.59233000e-01	-5.30212000e-04	5.50294000e-01	5.30131000e-04
1.99270886e+02	2026-09-04T17:36:08.244007	0.00000000e+00	1	50	1.09312000e-01	-5.30215000e-04	5.00282000e-01	5.30130000e-04
1.99286396e+02	2026-09-04T17:36:08.263758	0.00000000e+00	1	50	6.02466000e-02	-5.30218000e-04	4.50251000e-01	5.30134000e-04
1.99308955e+02	2026-09-04T17:36:08.286670	0.00000000e+00	1	50	9.82330000e-03	-5.30221000e-04	4.00183000e-01	5.30139000e-04
1.99325010e+02	2026-09-04T17:36:08.302621	0.00000000e+00	1	50	-7.69138000e-05	-4.75520000e-04	3.50145000e-01	4.75674000e-04
1.99335558e+02	2026-09-04T17:36:08.313810	0.00000000e+00	1	50	-6.64949000e-05	-4.07343000e-04	3.00141000e-01	4.07189000e-04
1.99349785e+02	2026-09-04T17:36:08.323679	0.00000000e+00	1	50	-6.49691000e-05	-3.38650000e-04	2.50090000e-01	3.38896000e-04
1.99373031e+02	2026-09-04T17:36:08.349572	0.00000000e+00	1	50	-6.11067000e-05	-2.77791000e-04	2.00185000e-01	2.77700000e-04
1.99391520e+02	2026-09-04T17:36:08.368396	0.00000000e+00	1	50	-5.17368000e-05	-2.12008000e-04	1.50150000e-01	2.12065000e-04
1.99399170e+02	2026-09-04T17:36:08.373762	0.00000000e+00	1	50	-4.30107000e-05	-1.41838000e-04	1.00112000e-01	1.41896000e-04
1.99407217e+02	2026-09-04T17:36:08.383882	0.00000000e+00	1	50	-3.86238000e-05	-7.26016000e-05	5.00738000e-02	7.24902000e-05
1.99419211e+02	2026-09-04T17:36:08.397227	0.00000000e+00	1	50	-3.78132000e-05	-1.87342000e-07	2.95877000e-05	1.81808000e-07