Time elapsed	Time stamp	Sweep_WaitingTimes Value	Sweep_WaitingTimes Index	Loop2 Index	SMU_BE_reset Voltage	SMU_BE_reset Current	SMU_TE_reset Voltage	SMU_TE_reset Current
s					V	A	V	A

6.32403800e+00	2026-09-04T17:32:55.298869	0.00000000e+00	1	1	-5.43594000e-05	-1.15953000e-07	3.24726000e-05	1.11382000e-07
6.37319830e+00	2026-09-04T17:32:55.350830	0.00000000e+00	1	1	-1.02544000e-04	3.79580000e-05	-4.99018000e-02	-3.78702000e-05
6.40017670e+00	2026-09-04T17:32:55.377277	0.00000000e+00	1	1	-6.38723000e-05	8.05785000e-05	-9.99925000e-02	-8.05146000e-05
6.41194780e+00	2026-09-04T17:32:55.389864	0.00000000e+00	1	1	-5.66006000e-05	1.31295000e-04	-1.50039000e-01	-1.31081000e-04
6.42698750e+00	2026-09-04T17:32:55.404129	0.00000000e+00	1	1	-5.70536000e-05	1.92564000e-04	-2.00071000e-01	-1.92527000e-04
6.43584740e+00	2026-09-04T17:32:55.414090	0.00000000e+00	1	1	-5.75066000e-05	2.61913000e-04	-2.50203000e-01	-2.60291000e-04
6.45892810e+00	2026-09-04T17:32:55.435866	0.00000000e+00	1	1	-5.77688000e-05	3.08894000e-04	-3.00270000e-01	-3.02979000e-04
6.47182360e+00	2026-09-04T17:32:55.449652	0.00000000e+00	1	1	-6.56843000e-05	3.59386000e-04	-3.50292000e-01	-3.57768000e-04
6.50101310e+00	2026-09-04T17:32:55.477599	0.00000000e+00	1	1	-6.91891000e-05	4.43956000e-04	-4.00378000e-01	-4.42961000e-04
6.51009070e+00	2026-09-04T17:32:55.487761	0.00000000e+00	1	1	-6.11067000e-05	5.02247000e-04	-4.50355000e-01	-4.86335000e-04
6.53201440e+00	2026-09-04T17:32:55.509649	0.00000000e+00	1	1	-6.09159000e-05	1.22054000e-04	-5.00433000e-01	-1.19482000e-04
6.56462680e+00	2026-09-04T17:32:55.541671	0.00000000e+00	1	1	-6.45161000e-05	8.44290000e-05	-5.50465000e-01	-8.55791000e-05
6.58878250e+00	2026-09-04T17:32:55.564006	0.00000000e+00	1	1	-5.77688000e-05	9.52998000e-05	-6.00503000e-01	-9.55946000e-05
6.61218300e+00	2026-09-04T17:32:55.589817	0.00000000e+00	1	1	-6.11782000e-05	9.65050000e-05	-6.50519000e-01	-9.32770000e-05
6.62384050e+00	2026-09-04T17:32:55.602182	0.00000000e+00	1	1	-5.67913000e-05	1.20356000e-04	-7.00606000e-01	-1.03701000e-04
6.64514040e+00	2026-09-04T17:32:55.621596	0.00000000e+00	1	1	-6.11067000e-05	1.12905000e-04	-7.50623000e-01	-1.14273000e-04
6.66618860e+00	2026-09-04T17:32:55.644032	0.00000000e+00	1	1	-6.27041000e-05	1.25191000e-04	-8.00681000e-01	-1.28536000e-04
6.67391600e+00	2026-09-04T17:32:55.644032	0.00000000e+00	1	1	-5.33581000e-05	1.58661000e-04	-8.50696000e-01	-1.51475000e-04
6.70316590e+00	2026-09-04T17:32:55.674221	0.00000000e+00	1	1	-6.11782000e-05	1.76764000e-04	-9.00748000e-01	-1.78681000e-04
6.73012420e+00	2026-09-04T17:32:55.704249	0.00000000e+00	1	1	-6.19888000e-05	2.20537000e-04	-9.50782000e-01	-2.24859000e-04
6.74945740e+00	2026-09-04T17:32:55.726224	0.00000000e+00	1	1	-2.77281000e-05	2.65775000e-04	-1.00082000e+00	-2.01192000e-04
6.75747500e+00	2026-09-04T17:32:55.734254	0.00000000e+00	1	1	-6.60419000e-05	1.85245000e-04	-1.05086000e+00	-1.63360000e-04
6.76558250e+00	2026-09-04T17:32:55.743872	0.00000000e+00	1	1	-6.48737000e-05	1.51862000e-04	-1.10090000e+00	-1.54829000e-04
6.78656570e+00	2026-09-04T17:32:55.764194	0.00000000e+00	1	1	-5.87702000e-05	1.47957000e-04	-1.15096000e+00	-1.44904000e-04
6.81805780e+00	2026-09-04T17:32:55.795740	0.00000000e+00	1	1	-5.42641000e-05	1.44048000e-04	-1.20098000e+00	-1.40669000e-04
6.83634740e+00	2026-09-04T17:32:55.813827	0.00000000e+00	1	1	-5.47171000e-05	1.49781000e-04	-1.25102000e+00	-1.52406000e-04
6.84400750e+00	2026-09-04T17:32:55.822133	0.00000000e+00	1	1	-4.75168000e-05	1.55240000e-04	-1.30106000e+00	-1.42608000e-04
6.86667020e+00	2026-09-04T17:32:55.844187	0.00000000e+00	1	1	-5.95570000e-05	1.26966000e-04	-1.35111000e+00	-1.28233000e-04
6.90347660e+00	2026-09-04T17:32:55.880036	0.00000000e+00	1	1	-5.13792000e-05	1.27293000e-04	-1.40111000e+00	-1.26509000e-04
6.91656470e+00	2026-09-04T17:32:55.893821	0.00000000e+00	1	1	-4.11272000e-05	1.48040000e-04	-1.45116000e+00	-1.40052000e-04
6.92416050e+00	2026-09-04T17:32:55.901355	0.00000000e+00	1	1	-5.66959000e-05	1.51661000e-04	-1.50119000e+00	-1.50550000e-04
6.93180540e+00	2026-09-04T17:32:55.909632	0.00000000e+00	1	1	-6.74725000e-05	1.60103000e-04	-1.55124000e+00	-1.62017000e-04
6.94612940e+00	2026-09-04T17:32:55.923755	0.00000000e+00	1	1	-5.65052000e-05	1.68418000e-04	-1.60126000e+00	-1.51415000e-04
6.97802920e+00	2026-09-04T17:32:55.955858	0.00000000e+00	1	1	-6.36101000e-05	1.84918000e-04	-1.65131000e+00	-1.69445000e-04
6.99950060e+00	2026-09-04T17:32:55.974019	0.00000000e+00	1	1	-6.48737000e-05	1.86326000e-04	-1.70135000e+00	-1.74903000e-04
7.00738990e+00	2026-09-04T17:32:55.984147	0.00000000e+00	1	1	-6.04630000e-05	2.03638000e-04	-1.75137000e+00	-2.00087000e-04
7.01526700e+00	2026-09-04T17:32:55.987560	0.00000000e+00	1	1	-5.03063000e-05	2.15287000e-04	-1.80139000e+00	-2.05999000e-04
7.02575850e+00	2026-09-04T17:32:56.004089	0.00000000e+00	1	1	-4.77076000e-05	2.28237000e-04	-1.85144000e+00	-2.10249000e-04
7.05146630e+00	2026-09-04T17:32:56.024103	0.00000000e+00	1	1	-5.66959000e-05	2.35285000e-04	-1.90147000e+00	-2.31215000e-04
7.07174830e+00	2026-09-04T17:32:56.049838	0.00000000e+00	1	1	-5.73158000e-05	2.57075000e-04	-1.95153000e+00	-2.53879000e-04
7.09785150e+00	2026-09-04T17:32:56.075815	0.00000000e+00	1	1	-5.39064000e-05	2.61366000e-04	-2.00153000e+00	-2.51505000e-04
7.11924380e+00	2026-09-04T17:32:56.095890	0.00000000e+00	1	1	-6.11782000e-05	2.85740000e-04	-2.05166000e+00	-2.85346000e-04
7.14231210e+00	2026-09-04T17:32:56.115562	0.00000000e+00	1	1	-7.30515000e-05	3.40709000e-04	-2.10176000e+00	-3.37869000e-04
7.15081390e+00	2026-09-04T17:32:56.123888	0.00000000e+00	1	1	-5.20945000e-05	3.47587000e-04	-2.15189000e+00	-3.43405000e-04
7.15902250e+00	2026-09-04T17:32:56.133898	0.00000000e+00	1	1	-5.54323000e-05	3.90104000e-04	-2.20191000e+00	-3.79549000e-04
7.16575570e+00	2026-09-04T17:32:56.143884	0.00000000e+00	1	1	-7.11679000e-05	3.68518000e-04	-2.20192000e+00	-3.66503000e-04
7.18103170e+00	2026-09-04T17:32:56.158423	0.00000000e+00	1	1	-5.78642000e-05	3.13794000e-04	-2.15196000e+00	-3.15951000e-04
7.19396540e+00	2026-09-04T17:32:56.170845	0.00000000e+00	1	1	-6.32525000e-05	2.79970000e-04	-2.10164000e+00	-2.76613000e-04
7.20776500e+00	2026-09-04T17:32:56.185925	0.00000000e+00	1	1	-6.27995000e-05	2.52377000e-04	-2.05189000e+00	-2.53340000e-04
7.22792370e+00	2026-09-04T17:32:56.205959	0.00000000e+00	1	1	-5.97477000e-05	2.29795000e-04	-2.00152000e+00	-2.28746000e-04
7.23610250e+00	2026-09-04T17:32:56.214223	0.00000000e+00	1	1	-6.02007000e-05	2.10554000e-04	-1.95148000e+00	-2.09057000e-04
7.24388640e+00	2026-09-04T17:32:56.222262	0.00000000e+00	1	1	-6.14643000e-05	1.93366000e-04	-1.90147000e+00	-1.92922000e-04
7.25997840e+00	2026-09-04T17:32:56.238351	0.00000000e+00	1	1	-5.90324000e-05	1.72703000e-04	-1.85147000e+00	-1.73512000e-04
7.27640090e+00	2026-09-04T17:32:56.254254	0.00000000e+00	1	1	-6.08206000e-05	1.60326000e-04	-1.80138000e+00	-1.58666000e-04
7.29461860e+00	2026-09-04T17:32:56.271854	0.00000000e+00	1	1	-5.96523000e-05	1.44013000e-04	-1.75136000e+00	-1.43256000e-04
7.31644160e+00	2026-09-04T17:32:56.293969	0.00000000e+00	1	1	-6.27995000e-05	1.31841000e-04	-1.70131000e+00	-1.31260000e-04
7.32384930e+00	2026-09-04T17:32:56.293969	0.00000000e+00	1	1	-5.91993000e-05	1.17421000e-04	-1.65134000e+00	-1.17735000e-04
7.34424810e+00	2026-09-04T17:32:56.320786	0.00000000e+00	1	1	-5.88417000e-05	1.08596000e-04	-1.60128000e+00	-1.07793000e-04
7.35601520e+00	2026-09-04T17:32:56.334039	0.00000000e+00	1	1	-6.19888000e-05	9.80343000e-05	-1.55124000e+00	-9.79908000e-05
7.36902380e+00	2026-09-04T17:32:56.343912	0.00000000e+00	1	1	-5.85794000e-05	8.86618000e-05	-1.50118000e+00	-8.82758000e-05
7.39162750e+00	2026-09-04T17:32:56.368029	0.00000000e+00	1	1	-5.49793000e-05	8.06267000e-05	-1.45115000e+00	-8.02542000e-05
7.40282510e+00	2026-09-04T17:32:56.380155	0.00000000e+00	1	1	-6.27995000e-05	7.20805000e-05	-1.40114000e+00	-7.22423000e-05
7.42246320e+00	2026-09-04T17:32:56.399953	0.00000000e+00	1	1	-6.30856000e-05	6.42143000e-05	-1.35112000e+00	-6.39859000e-05
7.44768170e+00	2026-09-04T17:32:56.423988	0.00000000e+00	1	1	-6.18219000e-05	5.73273000e-05	-1.30105000e+00	-5.74497000e-05
7.45575240e+00	2026-09-04T17:32:56.433902	0.00000000e+00	1	1	-6.27041000e-05	5.14286000e-05	-1.25105000e+00	-5.16309000e-05
7.46394020e+00	2026-09-04T17:32:56.433902	0.00000000e+00	1	1	-6.81162000e-05	4.57949000e-05	-1.20097000e+00	-4.59357000e-05
7.48397200e+00	2026-09-04T17:32:56.460871	0.00000000e+00	1	1	-6.27041000e-05	4.02990000e-05	-1.15097000e+00	-4.01923000e-05
7.50734720e+00	2026-09-04T17:32:56.484092	0.00000000e+00	1	1	-5.91993000e-05	3.51959000e-05	-1.10090000e+00	-3.53162000e-05
7.52138880e+00	2026-09-04T17:32:56.499513	0.00000000e+00	1	1	-6.54936000e-05	3.08157000e-05	-1.05085000e+00	-3.06479000e-05
7.54222730e+00	2026-09-04T17:32:56.520101	0.00000000e+00	1	1	-6.14643000e-05	2.65751000e-05	-1.00082000e+00	-2.66440000e-05
7.56658410e+00	2026-09-04T17:32:56.543945	0.00000000e+00	1	1	-6.89268000e-05	2.28914000e-05	-9.50789000e-01	-2.27476000e-05
7.59219750e+00	2026-09-04T17:32:56.570462	0.00000000e+00	1	1	-6.96421000e-05	1.91030000e-05	-9.00756000e-01	-1.91580000e-05
7.61441280e+00	2026-09-04T17:32:56.591810	0.00000000e+00	1	1	-6.38008000e-05	1.57604000e-05	-8.50682000e-01	-1.57420000e-05
7.62224380e+00	2026-09-04T17:32:56.599856	0.00000000e+00	1	1	-7.24316000e-05	1.28493000e-05	-8.00679000e-01	-1.29019000e-05
7.64657270e+00	2026-09-04T17:32:56.624027	0.00000000e+00	1	1	-6.04630000e-05	1.05288000e-05	-7.50643000e-01	-1.04372000e-05
7.66047560e+00	2026-09-04T17:32:56.637917	0.00000000e+00	1	1	-5.47171000e-05	8.58222000e-06	-7.00606000e-01	-8.22235000e-06
7.68562520e+00	2026-09-04T17:32:56.663942	0.00000000e+00	1	1	-6.34432000e-05	6.49819000e-06	-6.50537000e-01	-6.48100000e-06
7.69903050e+00	2026-09-04T17:32:56.674235	0.00000000e+00	1	1	-6.58512000e-05	4.81930000e-06	-6.00512000e-01	-4.90772000e-06
7.72044970e+00	2026-09-04T17:32:56.697886	0.00000000e+00	1	1	-6.99997000e-05	3.69007000e-06	-5.50448000e-01	-3.70085000e-06
7.72934850e+00	2026-09-04T17:32:56.707685	0.00000000e+00	1	1	-6.89983000e-05	2.88086000e-06	-5.00426000e-01	-2.88608000e-06
7.73762350e+00	2026-09-04T17:32:56.714215	0.00000000e+00	1	1	-6.83785000e-05	2.17571000e-06	-4.50363000e-01	-2.24402000e-06
7.74587420e+00	2026-09-04T17:32:56.724190	0.00000000e+00	1	1	-6.45161000e-05	1.65599000e-06	-4.00368000e-01	-1.59744000e-06
7.75755470e+00	2026-09-04T17:32:56.735264	0.00000000e+00	1	1	-6.12736000e-05	1.28152000e-06	-3.50312000e-01	-1.21490000e-06
7.77993400e+00	2026-09-04T17:32:56.754094	0.00000000e+00	1	1	-6.60419000e-05	8.60416000e-07	-3.00262000e-01	-8.45976000e-07
7.80546120e+00	2026-09-04T17:32:56.783859	0.00000000e+00	1	1	-6.37054000e-05	5.85940000e-07	-2.50208000e-01	-5.52791000e-07
7.83329510e+00	2026-09-04T17:32:56.804110	0.00000000e+00	1	1	-6.37054000e-05	3.62764000e-07	-2.00071000e-01	-3.51073000e-07
7.85177610e+00	2026-09-04T17:32:56.829645	0.00000000e+00	1	1	-6.39677000e-05	2.02362000e-07	-1.50040000e-01	-1.98118000e-07
7.86311850e+00	2026-09-04T17:32:56.839983	0.00000000e+00	1	1	-5.86748000e-05	1.22802000e-07	-9.99959000e-02	-1.35211000e-07
7.87695370e+00	2026-09-04T17:32:56.854074	0.00000000e+00	1	1	-7.07150000e-05	5.55781000e-08	-4.99634000e-02	-4.88081000e-08
7.99395010e+00	2026-09-04T17:32:56.971189	0.00000000e+00	1	1	-5.99384000e-05	2.69390000e-09	3.24726000e-05	-1.74638000e-09
1.05228533e+01	2026-09-04T17:32:59.501358	0.00000000e+00	1	2	-5.75066000e-05	-2.16782000e-08	3.04937000e-05	3.06072000e-08
1.05571192e+01	2026-09-04T17:32:59.534928	0.00000000e+00	1	2	-1.11723000e-04	1.13804000e-05	-4.99201000e-02	-1.14176000e-05
1.05856013e+01	2026-09-04T17:32:59.563740	0.00000000e+00	1	2	-7.08103000e-05	2.47502000e-05	-9.99926000e-02	-2.47675000e-05
1.06197613e+01	2026-09-04T17:32:59.597952	0.00000000e+00	1	2	-7.16209000e-05	4.17526000e-05	-1.50038000e-01	-4.18158000e-05
1.06306558e+01	2026-09-04T17:32:59.609115	0.00000000e+00	1	2	-7.48634000e-05	6.57717000e-05	-2.00069000e-01	-6.56810000e-05
1.06386658e+01	2026-09-04T17:32:59.617012	0.00000000e+00	1	2	-7.21455000e-05	1.00618000e-04	-2.50208000e-01	-1.00062000e-04
1.06672928e+01	2026-09-04T17:32:59.645298	0.00000000e+00	1	2	-7.41243000e-05	1.49340000e-04	-3.00252000e-01	-1.48855000e-04
1.06928737e+01	2026-09-04T17:32:59.670896	0.00000000e+00	1	2	-7.07150000e-05	2.08540000e-04	-3.50297000e-01	-2.06663000e-04
1.07017228e+01	2026-09-04T17:32:59.679412	0.00000000e+00	1	2	-8.29458000e-05	2.78475000e-04	-4.00337000e-01	-2.53210000e-04
1.07093040e+01	2026-09-04T17:32:59.686931	0.00000000e+00	1	2	-9.02414000e-05	3.46064000e-04	-4.50374000e-01	-3.51958000e-04
1.07222933e+01	2026-09-04T17:32:59.700454	0.00000000e+00	1	2	-6.29902000e-05	3.79868000e-04	-5.00439000e-01	-3.34113000e-04
1.07392242e+01	2026-09-04T17:32:59.717107	0.00000000e+00	1	2	-7.45773000e-05	7.79818000e-05	-5.50461000e-01	-7.45209000e-05
1.07515581e+01	2026-09-04T17:32:59.729435	0.00000000e+00	1	2	-6.92844000e-05	8.13728000e-05	-6.00523000e-01	-8.21965000e-05
1.07824659e+01	2026-09-04T17:32:59.760616	0.00000000e+00	1	2	-7.53880000e-05	7.68083000e-05	-6.50533000e-01	-7.38396000e-05
1.08040356e+01	2026-09-04T17:32:59.782072	0.00000000e+00	1	2	-6.82116000e-05	8.18080000e-05	-7.00565000e-01	-8.84219000e-05
1.08309550e+01	2026-09-04T17:32:59.809040	0.00000000e+00	1	2	-7.03573000e-05	8.74318000e-05	-7.50608000e-01	-8.99328000e-05
1.08498605e+01	2026-09-04T17:32:59.828089	0.00000000e+00	1	2	-6.39677000e-05	9.67221000e-05	-8.00673000e-01	-9.87649000e-05
1.08727722e+01	2026-09-04T17:32:59.850883	0.00000000e+00	1	2	-7.20739000e-05	1.11421000e-04	-8.50693000e-01	-1.10728000e-04
1.08919882e+01	2026-09-04T17:32:59.870100	0.00000000e+00	1	2	-7.25269000e-05	1.33804000e-04	-9.00757000e-01	-1.29675000e-04
1.09176764e+01	2026-09-04T17:32:59.896030	0.00000000e+00	1	2	-6.99997000e-05	1.51038000e-04	-9.50766000e-01	-1.50665000e-04
1.09308593e+01	2026-09-04T17:32:59.909065	0.00000000e+00	1	2	-6.92844000e-05	1.93942000e-04	-1.00081000e+00	-2.11754000e-04
1.09522808e+01	2026-09-04T17:32:59.929914	0.00000000e+00	1	2	-7.25985000e-05	1.47813000e-04	-1.05084000e+00	-1.41841000e-04
1.09605764e+01	2026-09-04T17:32:59.938193	0.00000000e+00	1	2	-6.42538000e-05	1.42118000e-04	-1.10091000e+00	-1.40075000e-04
1.09686390e+01	2026-09-04T17:32:59.946240	0.00000000e+00	1	2	-6.87361000e-05	1.45642000e-04	-1.15097000e+00	-1.42026000e-04
1.09914961e+01	2026-09-04T17:32:59.969776	0.00000000e+00	1	2	-6.74725000e-05	1.06418000e-04	-1.20099000e+00	-1.02878000e-04
1.10168462e+01	2026-09-04T17:32:59.994267	0.00000000e+00	1	2	-6.76632000e-05	1.11227000e-04	-1.25101000e+00	-1.13307000e-04
1.10245191e+01	2026-09-04T17:33:00.002154	0.00000000e+00	1	2	-6.69479000e-05	1.10651000e-04	-1.30104000e+00	-1.06496000e-04
1.10324718e+01	2026-09-04T17:33:00.010242	0.00000000e+00	1	2	-7.32422000e-05	1.17471000e-04	-1.35111000e+00	-1.19041000e-04
1.10406104e+01	2026-09-04T17:33:00.018290	0.00000000e+00	1	2	-6.16312000e-05	1.32733000e-04	-1.40111000e+00	-1.13495000e-04
1.10536289e+01	2026-09-04T17:33:00.031760	0.00000000e+00	1	2	-6.72102000e-05	1.17521000e-04	-1.45116000e+00	-1.19388000e-04
1.10706247e+01	2026-09-04T17:33:00.048411	0.00000000e+00	1	2	-6.91891000e-05	1.21298000e-04	-1.50118000e+00	-1.21424000e-04
1.10785052e+01	2026-09-04T17:33:00.054049	0.00000000e+00	1	2	-7.27892000e-05	1.35196000e-04	-1.55125000e+00	-1.35404000e-04
1.10917246e+01	2026-09-04T17:33:00.069730	0.00000000e+00	1	2	-7.01666000e-05	1.41142000e-04	-1.60125000e+00	-1.38316000e-04
1.11240439e+01	2026-09-04T17:33:00.101512	0.00000000e+00	1	2	-7.42197000e-05	1.35703000e-04	-1.65130000e+00	-1.36164000e-04
1.11319004e+01	2026-09-04T17:33:00.104071	0.00000000e+00	1	2	-6.49691000e-05	1.53215000e-04	-1.70133000e+00	-1.54143000e-04
1.11614495e+01	2026-09-04T17:33:00.133998	0.00000000e+00	1	2	-6.70195000e-05	1.62432000e-04	-1.75136000e+00	-1.60201000e-04
1.11693672e+01	2026-09-04T17:33:00.144005	0.00000000e+00	1	2	-6.73056000e-05	1.79556000e-04	-1.80138000e+00	-1.76132000e-04
1.12194096e+01	2026-09-04T17:33:00.197330	0.00000000e+00	1	2	-7.22408000e-05	2.01373000e-04	-1.85143000e+00	-1.97652000e-04
1.12272567e+01	2026-09-04T17:33:00.203800	0.00000000e+00	1	2	-6.63996000e-05	2.27357000e-04	-1.90144000e+00	-2.26387000e-04
1.12348611e+01	2026-09-04T17:33:00.212981	0.00000000e+00	1	2	-7.03573000e-05	2.56737000e-04	-1.95150000e+00	-2.40168000e-04
1.12670145e+01	2026-09-04T17:33:00.244258	0.00000000e+00	1	2	-6.88314000e-05	2.52601000e-04	-2.00152000e+00	-2.47549000e-04
1.12748326e+01	2026-09-04T17:33:00.244258	0.00000000e+00	1	2	-6.86407000e-05	2.88231000e-04	-2.05181000e+00	-2.84856000e-04
1.12985900e+01	2026-09-04T17:33:00.275783	0.00000000e+00	1	2	-6.54221000e-05	2.98608000e-04	-2.10173000e+00	-2.92694000e-04
1.13105152e+01	2026-09-04T17:33:00.284185	0.00000000e+00	1	2	-7.25985000e-05	3.27699000e-04	-2.15205000e+00	-3.22748000e-04
1.13181304e+01	2026-09-04T17:33:00.293824	0.00000000e+00	1	2	-7.76529000e-05	3.92354000e-04	-2.20191000e+00	-3.81399000e-04
1.13247173e+01	2026-09-04T17:33:00.293824	0.00000000e+00	1	2	-7.48634000e-05	3.69224000e-04	-2.20188000e+00	-3.60238000e-04
1.13383520e+01	2026-09-04T17:33:00.314011	0.00000000e+00	1	2	-6.85692000e-05	3.12667000e-04	-2.15194000e+00	-3.09733000e-04
1.13553237e+01	2026-09-04T17:33:00.332077	0.00000000e+00	1	2	-7.45773000e-05	2.81662000e-04	-2.10167000e+00	-2.83352000e-04
1.13780970e+01	2026-09-04T17:33:00.355545	0.00000000e+00	1	2	-7.09057000e-05	2.54410000e-04	-2.05178000e+00	-2.52214000e-04
1.14010494e+01	2026-09-04T17:33:00.373902	0.00000000e+00	1	2	-7.55787000e-05	2.29900000e-04	-2.00152000e+00	-2.32505000e-04
1.14250472e+01	2026-09-04T17:33:00.402860	0.00000000e+00	1	2	-7.05481000e-05	2.08536000e-04	-1.95151000e+00	-2.10035000e-04
1.14521558e+01	2026-09-04T17:33:00.425603	0.00000000e+00	1	2	-7.52926000e-05	1.92062000e-04	-1.90147000e+00	-1.90225000e-04
1.14723774e+01	2026-09-04T17:33:00.450194	0.00000000e+00	1	2	-6.46830000e-05	1.73563000e-04	-1.85144000e+00	-1.74300000e-04
1.14985442e+01	2026-09-04T17:33:00.474101	0.00000000e+00	1	2	-7.22408000e-05	1.60299000e-04	-1.80139000e+00	-1.59752000e-04
1.15067112e+01	2026-09-04T17:33:00.484050	0.00000000e+00	1	2	-7.07150000e-05	1.44161000e-04	-1.75137000e+00	-1.46148000e-04
1.15143722e+01	2026-09-04T17:33:00.484050	0.00000000e+00	1	2	-7.47681000e-05	1.32556000e-04	-1.70131000e+00	-1.31876000e-04
1.15301634e+01	2026-09-04T17:33:00.504146	0.00000000e+00	1	2	-7.42197000e-05	1.19623000e-04	-1.65132000e+00	-1.18659000e-04
1.15566987e+01	2026-09-04T17:33:00.533956	0.00000000e+00	1	2	-6.41584000e-05	1.08171000e-04	-1.60127000e+00	-1.07662000e-04
1.15645344e+01	2026-09-04T17:33:00.533956	0.00000000e+00	1	2	-6.58512000e-05	9.74164000e-05	-1.55124000e+00	-9.66692000e-05
1.15823212e+01	2026-09-04T17:33:00.553896	0.00000000e+00	1	2	-7.79152000e-05	8.80435000e-05	-1.50121000e+00	-8.74628000e-05
1.16043679e+01	2026-09-04T17:33:00.577629	0.00000000e+00	1	2	-7.14302000e-05	7.84519000e-05	-1.45116000e+00	-7.83590000e-05
1.16120742e+01	2026-09-04T17:33:00.583947	0.00000000e+00	1	2	-7.29561000e-05	6.99908000e-05	-1.40110000e+00	-7.04697000e-05
1.16203744e+01	2026-09-04T17:33:00.598652	0.00000000e+00	1	2	-6.74009000e-05	6.25764000e-05	-1.35110000e+00	-6.30924000e-05
1.16282875e+01	2026-09-04T17:33:00.606017	0.00000000e+00	1	2	-7.13587000e-05	5.66176000e-05	-1.30104000e+00	-5.62254000e-05
1.16475835e+01	2026-09-04T17:33:00.625669	0.00000000e+00	1	2	-6.82831000e-05	5.03285000e-05	-1.25102000e+00	-4.97968000e-05
1.16689474e+01	2026-09-04T17:33:00.643782	0.00000000e+00	1	2	-6.46830000e-05	4.39266000e-05	-1.20099000e+00	-4.39407000e-05
1.16766567e+01	2026-09-04T17:33:00.653947	0.00000000e+00	1	2	-7.01666000e-05	3.90662000e-05	-1.15097000e+00	-3.89116000e-05
1.16964575e+01	2026-09-04T17:33:00.674595	0.00000000e+00	1	2	-6.99997000e-05	3.37003000e-05	-1.10090000e+00	-3.40158000e-05
1.17092073e+01	2026-09-04T17:33:00.684046	0.00000000e+00	1	2	-6.50644000e-05	2.95214000e-05	-1.05085000e+00	-2.97615000e-05
1.17314277e+01	2026-09-04T17:33:00.705160	0.00000000e+00	1	2	-7.39574000e-05	2.59423000e-05	-1.00083000e+00	-2.57876000e-05
1.17437738e+01	2026-09-04T17:33:00.721077	0.00000000e+00	1	2	-7.17878000e-05	2.21416000e-05	-9.50779000e-01	-2.17247000e-05
1.17673341e+01	2026-09-04T17:33:00.743838	0.00000000e+00	1	2	-6.46114000e-05	1.85253000e-05	-9.00748000e-01	-1.84736000e-05
1.17909863e+01	2026-09-04T17:33:00.768892	0.00000000e+00	1	2	-6.79255000e-05	1.50321000e-05	-8.50679000e-01	-1.49778000e-05
1.18227810e+01	2026-09-04T17:33:00.800625	0.00000000e+00	1	2	-6.73056000e-05	1.21627000e-05	-8.00689000e-01	-1.21308000e-05
1.18355985e+01	2026-09-04T17:33:00.803966	0.00000000e+00	1	2	-5.69582000e-05	9.78730000e-06	-7.50614000e-01	-9.62240000e-06
1.18606909e+01	2026-09-04T17:33:00.834129	0.00000000e+00	1	2	-7.70092000e-05	7.77824000e-06	-7.00580000e-01	-7.63981000e-06
1.18691741e+01	2026-09-04T17:33:00.844174	0.00000000e+00	1	2	-7.24316000e-05	6.02914000e-06	-6.50536000e-01	-5.84052000e-06
1.19184842e+01	2026-09-04T17:33:00.895856	0.00000000e+00	1	2	-7.19786000e-05	4.49171000e-06	-6.00507000e-01	-4.54261000e-06
1.19267886e+01	2026-09-04T17:33:00.904101	0.00000000e+00	1	2	-6.67572000e-05	3.56104000e-06	-5.50449000e-01	-3.44453000e-06
1.19501951e+01	2026-09-04T17:33:00.927605	0.00000000e+00	1	2	-7.39574000e-05	2.55834000e-06	-5.00411000e-01	-2.52799000e-06
1.19815782e+01	2026-09-04T17:33:00.959438	0.00000000e+00	1	2	-6.51360000e-05	1.85960000e-06	-4.50353000e-01	-1.83664000e-06
1.19898255e+01	2026-09-04T17:33:00.964161	0.00000000e+00	1	2	-7.09772000e-05	1.28359000e-06	-4.00345000e-01	-1.32738000e-06
1.20033836e+01	2026-09-04T17:33:00.976245	0.00000000e+00	1	2	-7.03573000e-05	9.55759000e-07	-3.50291000e-01	-8.97615000e-07
1.20217324e+01	2026-09-04T17:33:00.993885	0.00000000e+00	1	2	-6.46114000e-05	5.86278000e-07	-3.00258000e-01	-6.13300000e-07
1.20449820e+01	2026-09-04T17:33:01.022386	0.00000000e+00	1	2	-7.10726000e-05	4.65195000e-07	-2.50219000e-01	-4.68067000e-07
1.20760853e+01	2026-09-04T17:33:01.053885	0.00000000e+00	1	2	-6.62327000e-05	2.82106000e-07	-2.00071000e-01	-2.79207000e-07
1.20843394e+01	2026-09-04T17:33:01.053885	0.00000000e+00	1	2	-6.96421000e-05	1.68144000e-07	-1.50035000e-01	-1.71560000e-07
1.21091307e+01	2026-09-04T17:33:01.086569	0.00000000e+00	1	2	-7.82728000e-05	1.12278000e-07	-9.99838000e-02	-9.04175000e-08
1.22152947e+01	2026-09-04T17:33:01.184047	0.00000000e+00	1	2	-7.07150000e-05	3.80591000e-08	-4.99556000e-02	-3.85622000e-08
1.22717929e+01	2026-09-04T17:33:01.244024	0.00000000e+00	1	2	-4.70638000e-05	2.17856000e-08	1.85013000e-05	-1.44660000e-08
1.48363145e+01	2026-09-04T17:33:03.813801	0.00000000e+00	1	3	-3.65496000e-05	-5.53240000e-09	2.28405000e-05	2.14778000e-08
1.48591865e+01	2026-09-04T17:33:03.836906	0.00000000e+00	1	3	-1.14775000e-04	1.26869000e-05	-4.99148000e-02	-1.28134000e-05
1.48901797e+01	2026-09-04T17:33:03.865906	0.00000000e+00	1	3	-6.19173000e-05	2.77564000e-05	-9.99963000e-02	-2.77317000e-05
1.49152409e+01	2026-09-04T17:33:03.885185	0.00000000e+00	1	3	-6.27995000e-05	4.68326000e-05	-1.50037000e-01	-4.68160000e-05
1.49394727e+01	2026-09-04T17:33:03.916986	0.00000000e+00	1	3	-6.39677000e-05	7.31490000e-05	-2.00073000e-01	-7.30525000e-05
1.49644153e+01	2026-09-04T17:33:03.933955	0.00000000e+00	1	3	-6.28948000e-05	1.17774000e-04	-2.50197000e-01	-1.26349000e-04
1.49771143e+01	2026-09-04T17:33:03.954001	0.00000000e+00	1	3	-6.54221000e-05	1.91033000e-04	-3.00248000e-01	-1.90130000e-04
1.49850426e+01	2026-09-04T17:33:03.954001	0.00000000e+00	1	3	-6.06537000e-05	2.48290000e-04	-3.50303000e-01	-2.12184000e-04
1.50128344e+01	2026-09-04T17:33:03.983794	0.00000000e+00	1	3	-6.53267000e-05	2.68616000e-04	-4.00374000e-01	-2.62699000e-04
1.50375167e+01	2026-09-04T17:33:04.014133	0.00000000e+00	1	3	-5.54323000e-05	3.05445000e-04	-4.50377000e-01	-2.88263000e-04
1.50502860e+01	2026-09-04T17:33:04.027489	0.00000000e+00	1	3	-5.77688000e-05	1.55180000e-04	-5.00429000e-01	-1.42287000e-04
1.50726184e+01	2026-09-04T17:33:04.044118	0.00000000e+00	1	3	-8.94308000e-05	1.35145000e-04	-5.50475000e-01	-1.47824000e-04
1.50802940e+01	2026-09-04T17:33:04.054049	0.00000000e+00	1	3	-7.44104000e-05	1.51499000e-04	-6.00519000e-01	-1.07769000e-04
1.51300358e+01	2026-09-04T17:33:04.107508	0.00000000e+00	1	3	-5.38111000e-05	8.61275000e-05	-6.50524000e-01	-8.58746000e-05
1.51434415e+01	2026-09-04T17:33:04.113798	0.00000000e+00	1	3	-5.94854000e-05	9.68079000e-05	-7.00588000e-01	-9.67652000e-05
1.51747051e+01	2026-09-04T17:33:04.144079	0.00000000e+00	1	3	-6.55890000e-05	1.09460000e-04	-7.50604000e-01	-1.09310000e-04
1.51911965e+01	2026-09-04T17:33:04.166145	0.00000000e+00	1	3	-6.30856000e-05	1.24797000e-04	-8.00685000e-01	-1.21883000e-04
1.52141104e+01	2026-09-04T17:33:04.187789	0.00000000e+00	1	3	-5.33581000e-05	1.39100000e-04	-8.50682000e-01	-1.38949000e-04
1.52216722e+01	2026-09-04T17:33:04.193914	0.00000000e+00	1	3	-6.19173000e-05	1.68991000e-04	-9.00758000e-01	-1.71162000e-04
1.52295622e+01	2026-09-04T17:33:04.203986	0.00000000e+00	1	3	-6.05583000e-05	2.04718000e-04	-9.50776000e-01	-2.01821000e-04
1.52435479e+01	2026-09-04T17:33:04.218617	0.00000000e+00	1	3	-5.38111000e-05	1.38676000e-04	-1.00083000e+00	-1.28147000e-04
1.52664031e+01	2026-09-04T17:33:04.244592	0.00000000e+00	1	3	-5.89371000e-05	1.35101000e-04	-1.05084000e+00	-1.33614000e-04
1.52886455e+01	2026-09-04T17:33:04.266937	0.00000000e+00	1	3	-6.22749000e-05	1.04865000e-04	-1.10089000e+00	-1.02379000e-04
1.53130351e+01	2026-09-04T17:33:04.284123	0.00000000e+00	1	3	-6.49691000e-05	1.10994000e-04	-1.15097000e+00	-9.59199000e-05
1.53365403e+01	2026-09-04T17:33:04.314122	0.00000000e+00	1	3	-7.23362000e-05	9.95796000e-05	-1.20097000e+00	-9.95166000e-05
1.53521119e+01	2026-09-04T17:33:04.330133	0.00000000e+00	1	3	-6.05583000e-05	9.73090000e-05	-1.25102000e+00	-9.05882000e-05
1.53764631e+01	2026-09-04T17:33:04.354062	0.00000000e+00	1	3	-6.74009000e-05	9.93750000e-05	-1.30105000e+00	-9.72915000e-05
1.53886052e+01	2026-09-04T17:33:04.366221	0.00000000e+00	1	3	-6.55890000e-05	1.02577000e-04	-1.35111000e+00	-1.01582000e-04
1.53961993e+01	2026-09-04T17:33:04.373966	0.00000000e+00	1	3	-6.70195000e-05	1.09795000e-04	-1.40111000e+00	-1.01749000e-04
1.54155370e+01	2026-09-04T17:33:04.393925	0.00000000e+00	1	3	-5.84841000e-05	9.85240000e-05	-1.45116000e+00	-9.87201000e-05
1.54438609e+01	2026-09-04T17:33:04.414199	0.00000000e+00	1	3	-5.61476000e-05	1.06459000e-04	-1.50119000e+00	-1.02501000e-04
1.54730393e+01	2026-09-04T17:33:04.443838	0.00000000e+00	1	3	-5.68628000e-05	1.06415000e-04	-1.55125000e+00	-1.03146000e-04
1.54929328e+01	2026-09-04T17:33:04.466211	0.00000000e+00	1	3	-6.70195000e-05	1.12400000e-04	-1.60124000e+00	-1.09978000e-04
1.55164851e+01	2026-09-04T17:33:04.493831	0.00000000e+00	1	3	-6.79255000e-05	1.24083000e-04	-1.65130000e+00	-1.24944000e-04
1.55262510e+01	2026-09-04T17:33:04.503920	0.00000000e+00	1	3	-6.59466000e-05	1.34724000e-04	-1.70131000e+00	-1.31334000e-04
1.55535452e+01	2026-09-04T17:33:04.523825	0.00000000e+00	1	3	-6.56843000e-05	1.50393000e-04	-1.75136000e+00	-1.48930000e-04
1.55742359e+01	2026-09-04T17:33:04.551749	0.00000000e+00	1	3	-6.22749000e-05	1.64592000e-04	-1.80137000e+00	-1.64089000e-04
1.55863328e+01	2026-09-04T17:33:04.564092	0.00000000e+00	1	3	-6.37054000e-05	1.78163000e-04	-1.85145000e+00	-1.73994000e-04
1.56059848e+01	2026-09-04T17:33:04.583858	0.00000000e+00	1	3	-5.94854000e-05	1.82710000e-04	-1.90149000e+00	-1.78908000e-04
1.56541677e+01	2026-09-04T17:33:04.631656	0.00000000e+00	1	3	-6.54221000e-05	2.02575000e-04	-1.95153000e+00	-2.02152000e-04
1.56620206e+01	2026-09-04T17:33:04.634163	0.00000000e+00	1	3	-6.63996000e-05	2.26182000e-04	-2.00151000e+00	-2.27742000e-04
1.56852594e+01	2026-09-04T17:33:04.663001	0.00000000e+00	1	3	-6.92844000e-05	2.44982000e-04	-2.05163000e+00	-2.47850000e-04
1.56975815e+01	2026-09-04T17:33:04.673782	0.00000000e+00	1	3	-6.36101000e-05	2.82399000e-04	-2.10178000e+00	-2.86039000e-04
1.57173251e+01	2026-09-04T17:33:04.695087	0.00000000e+00	1	3	-6.46830000e-05	3.08722000e-04	-2.15220000e+00	-3.07307000e-04
1.57427292e+01	2026-09-04T17:33:04.713995	0.00000000e+00	1	3	-6.82116000e-05	3.41084000e-04	-2.20178000e+00	-3.43323000e-04
1.57497928e+01	2026-09-04T17:33:04.726646	0.00000000e+00	1	3	-6.69479000e-05	3.43684000e-04	-2.20199000e+00	-3.46302000e-04
1.57579048e+01	2026-09-04T17:33:04.734014	0.00000000e+00	1	3	-6.03676000e-05	3.03709000e-04	-2.15198000e+00	-2.99090000e-04
1.57715239e+01	2026-09-04T17:33:04.743863	0.00000000e+00	1	3	-6.19888000e-05	2.75655000e-04	-2.10169000e+00	-2.73651000e-04
1.57919273e+01	2026-09-04T17:33:04.766015	0.00000000e+00	1	3	-6.70195000e-05	2.49426000e-04	-2.05175000e+00	-2.49617000e-04
1.58172424e+01	2026-09-04T17:33:04.794014	0.00000000e+00	1	3	-6.47783000e-05	2.28357000e-04	-2.00154000e+00	-2.28203000e-04
1.58252324e+01	2026-09-04T17:33:04.800407	0.00000000e+00	1	3	-5.75781000e-05	2.05638000e-04	-1.95150000e+00	-2.04391000e-04
1.58758165e+01	2026-09-04T17:33:04.854053	0.00000000e+00	1	3	-5.72205000e-05	1.84222000e-04	-1.90146000e+00	-1.83993000e-04
1.58837417e+01	2026-09-04T17:33:04.854053	0.00000000e+00	1	3	-6.08206000e-05	1.66546000e-04	-1.85143000e+00	-1.66960000e-04
1.59128970e+01	2026-09-04T17:33:04.885413	0.00000000e+00	1	3	-6.00100000e-05	1.50433000e-04	-1.80137000e+00	-1.49914000e-04
1.59217908e+01	2026-09-04T17:33:04.894048	0.00000000e+00	1	3	-6.50644000e-05	1.37780000e-04	-1.75137000e+00	-1.37025000e-04
1.59293630e+01	2026-09-04T17:33:04.903820	0.00000000e+00	1	3	-6.19888000e-05	1.25327000e-04	-1.70135000e+00	-1.24531000e-04
1.59418622e+01	2026-09-04T17:33:04.916789	0.00000000e+00	1	3	-6.42538000e-05	1.12689000e-04	-1.65130000e+00	-1.14284000e-04
1.59664198e+01	2026-09-04T17:33:04.944057	0.00000000e+00	1	3	-6.19888000e-05	1.04653000e-04	-1.60125000e+00	-1.04526000e-04
1.59860137e+01	2026-09-04T17:33:04.963862	0.00000000e+00	1	3	-7.45058000e-05	9.44753000e-05	-1.55125000e+00	-9.47106000e-05
1.60177225e+01	2026-09-04T17:33:04.995641	0.00000000e+00	1	3	-6.86407000e-05	8.51074000e-05	-1.50118000e+00	-8.49821000e-05
1.60256884e+01	2026-09-04T17:33:05.003935	0.00000000e+00	1	3	-7.02620000e-05	7.70015000e-05	-1.45118000e+00	-7.73868000e-05
1.60333604e+01	2026-09-04T17:33:05.011515	0.00000000e+00	1	3	-6.56843000e-05	6.93090000e-05	-1.40111000e+00	-7.01769000e-05
1.60600607e+01	2026-09-04T17:33:05.033777	0.00000000e+00	1	3	-6.71148000e-05	6.28503000e-05	-1.35110000e+00	-6.25816000e-05
1.60817183e+01	2026-09-04T17:33:05.059155	0.00000000e+00	1	3	-6.89268000e-05	5.59897000e-05	-1.30106000e+00	-5.63249000e-05
1.61132842e+01	2026-09-04T17:33:05.091142	0.00000000e+00	1	3	-6.03676000e-05	5.00064000e-05	-1.25102000e+00	-5.00011000e-05
1.61214122e+01	2026-09-04T17:33:05.094011	0.00000000e+00	1	3	-6.43253000e-05	4.41796000e-05	-1.20098000e+00	-4.44605000e-05
1.61484990e+01	2026-09-04T17:33:05.123826	0.00000000e+00	1	3	-6.76632000e-05	3.85292000e-05	-1.15096000e+00	-3.84382000e-05
1.61569564e+01	2026-09-04T17:33:05.134079	0.00000000e+00	1	3	-6.46830000e-05	3.37523000e-05	-1.10089000e+00	-3.38040000e-05
1.61766521e+01	2026-09-04T17:33:05.154095	0.00000000e+00	1	3	-6.36101000e-05	2.92437000e-05	-1.05083000e+00	-2.92158000e-05
1.62083810e+01	2026-09-04T17:33:05.186446	0.00000000e+00	1	3	-6.63042000e-05	2.52166000e-05	-1.00083000e+00	-2.50322000e-05
1.62167753e+01	2026-09-04T17:33:05.193929	0.00000000e+00	1	3	-6.83785000e-05	2.13752000e-05	-9.50775000e-01	-2.13822000e-05
1.62318447e+01	2026-09-04T17:33:05.203915	0.00000000e+00	1	3	-6.76632000e-05	1.75942000e-05	-9.00747000e-01	-1.77631000e-05
1.62508191e+01	2026-09-04T17:33:05.223970	0.00000000e+00	1	3	-7.13587000e-05	1.51665000e-05	-8.50682000e-01	-1.50799000e-05
1.62716949e+01	2026-09-04T17:33:05.249449	0.00000000e+00	1	3	-5.94854000e-05	1.24547000e-05	-8.00671000e-01	-1.23797000e-05
1.62965965e+01	2026-09-04T17:33:05.274184	0.00000000e+00	1	3	-6.36101000e-05	1.04366000e-05	-7.50634000e-01	-9.73380000e-06
1.63075327e+01	2026-09-04T17:33:05.283787	0.00000000e+00	1	3	-6.89983000e-05	8.12889000e-06	-7.00598000e-01	-7.99816000e-06
1.63175856e+01	2026-09-04T17:33:05.294024	0.00000000e+00	1	3	-7.78198000e-05	6.41370000e-06	-6.50510000e-01	-6.40996000e-06
1.63664022e+01	2026-09-04T17:33:05.344229	0.00000000e+00	1	3	-7.15256000e-05	4.98045000e-06	-6.00525000e-01	-4.81227000e-06
1.63742796e+01	2026-09-04T17:33:05.344229	0.00000000e+00	1	3	-6.99997000e-05	3.88560000e-06	-5.50461000e-01	-3.95705000e-06
1.63821034e+01	2026-09-04T17:33:05.360172	0.00000000e+00	1	3	-6.64949000e-05	2.93256000e-06	-5.00413000e-01	-3.14154000e-06
1.64240040e+01	2026-09-04T17:33:05.393794	0.00000000e+00	1	3	-6.41584000e-05	2.30888000e-06	-4.50383000e-01	-2.32086000e-06
1.64462216e+01	2026-09-04T17:33:05.424451	0.00000000e+00	1	3	-6.73056000e-05	1.43239000e-06	-4.00360000e-01	-1.43651000e-06
1.64546902e+01	2026-09-04T17:33:05.424451	0.00000000e+00	1	3	-7.29561000e-05	9.19050000e-07	-3.50290000e-01	-8.56983000e-07
1.64709373e+01	2026-09-04T17:33:05.443876	0.00000000e+00	1	3	-6.82116000e-05	5.79187000e-07	-3.00241000e-01	-6.18570000e-07
1.64980879e+01	2026-09-04T17:33:05.473823	0.00000000e+00	1	3	-6.93798000e-05	3.85518000e-07	-2.50188000e-01	-3.60327000e-07
1.65056875e+01	2026-09-04T17:33:05.484068	0.00000000e+00	1	3	-7.04527000e-05	2.28001000e-07	-2.00071000e-01	-2.29153000e-07
1.65252729e+01	2026-09-04T17:33:05.503764	0.00000000e+00	1	3	-6.77586000e-05	1.33548000e-07	-1.50040000e-01	-1.14648000e-07
1.65519606e+01	2026-09-04T17:33:05.524010	0.00000000e+00	1	3	-7.04527000e-05	7.34696000e-08	-9.99836000e-02	-7.91028000e-08
1.66680383e+01	2026-09-04T17:33:05.645568	0.00000000e+00	1	3	-7.19786000e-05	3.86186000e-08	-4.99518000e-02	-3.80298000e-08
1.66765062e+01	2026-09-04T17:33:05.654197	0.00000000e+00	1	3	-4.27485000e-05	2.42241000e-08	2.91348000e-05	-1.58358000e-08
1.94390201e+01	2026-09-04T17:33:08.413880	0.00000000e+00	1	4	-5.03063000e-05	-1.58303000e-08	4.36306000e-05	1.66754000e-08
1.94469478e+01	2026-09-04T17:33:08.424961	0.00000000e+00	1	4	-5.91278000e-05	5.70161000e-06	-4.99484000e-02	-5.69592000e-06
1.94793134e+01	2026-09-04T17:33:08.456873	0.00000000e+00	1	4	-1.08314000e-04	1.18518000e-05	-9.99522000e-02	-1.18798000e-05
1.95153583e+01	2026-09-04T17:33:08.488735	0.00000000e+00	1	4	-6.32525000e-05	1.89861000e-05	-1.50036000e-01	-1.89787000e-05
1.95443124e+01	2026-09-04T17:33:08.520392	0.00000000e+00	1	4	-6.38723000e-05	2.72461000e-05	-2.00072000e-01	-2.72527000e-05
1.95746188e+01	2026-09-04T17:33:08.552117	0.00000000e+00	1	4	-5.58853000e-05	3.72302000e-05	-2.50211000e-01	-3.72462000e-05
1.95870444e+01	2026-09-04T17:33:08.563879	0.00000000e+00	1	4	-6.35147000e-05	4.96509000e-05	-3.00265000e-01	-4.96941000e-05
1.96120303e+01	2026-09-04T17:33:08.583892	0.00000000e+00	1	4	-6.57797000e-05	2.13182000e-04	-3.50271000e-01	-3.96997000e-04
1.96322112e+01	2026-09-04T17:33:08.604136	0.00000000e+00	1	4	-7.59363000e-05	6.10827000e-04	-4.00388000e-01	-6.45833000e-04
1.96582921e+01	2026-09-04T17:33:08.634168	0.00000000e+00	1	4	-2.43187000e-05	5.15834000e-04	-4.50368000e-01	-3.98674000e-04
1.96657793e+01	2026-09-04T17:33:08.643776	0.00000000e+00	1	4	-5.99384000e-05	3.58271000e-04	-5.00418000e-01	-3.48089000e-04
1.96816219e+01	2026-09-04T17:33:08.654093	0.00000000e+00	1	4	-6.09159000e-05	3.71365000e-04	-5.50467000e-01	-3.59725000e-04
1.97027387e+01	2026-09-04T17:33:08.679396	0.00000000e+00	1	4	-5.87702000e-05	3.56236000e-04	-6.00510000e-01	-3.52957000e-04
1.97236342e+01	2026-09-04T17:33:08.698041	0.00000000e+00	1	4	-6.70195000e-05	3.89599000e-04	-6.50518000e-01	-3.82294000e-04
1.97315491e+01	2026-09-04T17:33:08.703959	0.00000000e+00	1	4	-8.07047000e-05	4.49560000e-04	-7.00603000e-01	-4.83381000e-04
1.97653786e+01	2026-09-04T17:33:08.743470	0.00000000e+00	1	4	-6.19888000e-05	3.25428000e-04	-7.50612000e-01	-2.22147000e-04
1.97871537e+01	2026-09-04T17:33:08.764094	0.00000000e+00	1	4	-6.45161000e-05	1.90510000e-04	-8.00665000e-01	-1.75229000e-04
1.97953494e+01	2026-09-04T17:33:08.764094	0.00000000e+00	1	4	-5.48840000e-05	1.66397000e-04	-8.50672000e-01	-1.54003000e-04
1.98264635e+01	2026-09-04T17:33:08.804137	0.00000000e+00	1	4	-6.09159000e-05	1.46824000e-04	-9.00759000e-01	-1.39431000e-04
1.98453914e+01	2026-09-04T17:33:08.823029	0.00000000e+00	1	4	-5.90324000e-05	1.35524000e-04	-9.50779000e-01	-1.27149000e-04
1.98711909e+01	2026-09-04T17:33:08.844225	0.00000000e+00	1	4	-6.18219000e-05	1.41486000e-04	-1.00082000e+00	-1.30526000e-04
1.98934698e+01	2026-09-04T17:33:08.871019	0.00000000e+00	1	4	-5.95570000e-05	1.12711000e-04	-1.05083000e+00	-1.06570000e-04
1.99202019e+01	2026-09-04T17:33:08.897946	0.00000000e+00	1	4	-6.44207000e-05	1.21609000e-04	-1.10090000e+00	-1.15099000e-04
1.99285142e+01	2026-09-04T17:33:08.904154	0.00000000e+00	1	4	-6.16312000e-05	1.21972000e-04	-1.15098000e+00	-1.17076000e-04
1.99362893e+01	2026-09-04T17:33:08.913831	0.00000000e+00	1	4	-6.69479000e-05	9.81354000e-05	-1.20099000e+00	-9.68239000e-05
1.99506173e+01	2026-09-04T17:33:08.924241	0.00000000e+00	1	4	-6.02007000e-05	1.09882000e-04	-1.25102000e+00	-1.01510000e-04
1.99733117e+01	2026-09-04T17:33:08.950721	0.00000000e+00	1	4	-6.19888000e-05	1.09379000e-04	-1.30105000e+00	-1.05748000e-04
1.99955901e+01	2026-09-04T17:33:08.973911	0.00000000e+00	1	4	-6.42538000e-05	1.09981000e-04	-1.35110000e+00	-1.11367000e-04
2.00031341e+01	2026-09-04T17:33:08.973911	0.00000000e+00	1	4	-6.33478000e-05	1.16396000e-04	-1.40112000e+00	-1.17572000e-04
2.00529368e+01	2026-09-04T17:33:09.030310	0.00000000e+00	1	4	-6.00100000e-05	1.18220000e-04	-1.45114000e+00	-1.16850000e-04
2.00615418e+01	2026-09-04T17:33:09.034151	0.00000000e+00	1	4	-7.04527000e-05	1.20017000e-04	-1.50119000e+00	-1.17073000e-04
2.00845899e+01	2026-09-04T17:33:09.062130	0.00000000e+00	1	4	-6.12736000e-05	1.25867000e-04	-1.55125000e+00	-1.25064000e-04
2.01158915e+01	2026-09-04T17:33:09.093782	0.00000000e+00	1	4	-6.66618000e-05	1.03210000e-04	-1.60125000e+00	-1.03153000e-04
2.01238014e+01	2026-09-04T17:33:09.098405	0.00000000e+00	1	4	-7.03573000e-05	1.13451000e-04	-1.65130000e+00	-1.15239000e-04
2.01318835e+01	2026-09-04T17:33:09.109610	0.00000000e+00	1	4	-6.37054000e-05	1.23059000e-04	-1.70131000e+00	-1.28656000e-04
2.01703873e+01	2026-09-04T17:33:09.143964	0.00000000e+00	1	4	-6.66618000e-05	1.36075000e-04	-1.75136000e+00	-1.36704000e-04
2.01957301e+01	2026-09-04T17:33:09.174233	0.00000000e+00	1	4	-6.88314000e-05	1.52882000e-04	-1.80137000e+00	-1.51263000e-04
2.02035131e+01	2026-09-04T17:33:09.174233	0.00000000e+00	1	4	-6.69479000e-05	1.67731000e-04	-1.85144000e+00	-1.67515000e-04
2.02167442e+01	2026-09-04T17:33:09.193935	0.00000000e+00	1	4	-7.17163000e-05	1.83991000e-04	-1.90146000e+00	-1.83192000e-04
2.02433672e+01	2026-09-04T17:33:09.221154	0.00000000e+00	1	4	-7.14302000e-05	2.02919000e-04	-1.95149000e+00	-2.02994000e-04
2.02516667e+01	2026-09-04T17:33:09.224030	0.00000000e+00	1	4	-6.38008000e-05	2.30228000e-04	-2.00154000e+00	-2.26124000e-04
2.02751072e+01	2026-09-04T17:33:09.252808	0.00000000e+00	1	4	-7.40528000e-05	2.51213000e-04	-2.05168000e+00	-2.44258000e-04
2.02945596e+01	2026-09-04T17:33:09.268811	0.00000000e+00	1	4	-6.40631000e-05	2.78430000e-04	-2.10164000e+00	-2.76480000e-04
2.03120126e+01	2026-09-04T17:33:09.284920	0.00000000e+00	1	4	-6.39677000e-05	3.15594000e-04	-2.15210000e+00	-3.08376000e-04
2.03198908e+01	2026-09-04T17:33:09.298326	0.00000000e+00	1	4	-6.19173000e-05	3.79830000e-04	-2.20197000e+00	-3.75013000e-04
2.03264931e+01	2026-09-04T17:33:09.303954	0.00000000e+00	1	4	-6.38723000e-05	3.67908000e-04	-2.20195000e+00	-3.61763000e-04
2.03507732e+01	2026-09-04T17:33:09.323821	0.00000000e+00	1	4	-7.55787000e-05	3.13998000e-04	-2.15191000e+00	-3.12175000e-04
2.03586350e+01	2026-09-04T17:33:09.333781	0.00000000e+00	1	4	-7.03573000e-05	2.82367000e-04	-2.10160000e+00	-2.80749000e-04
2.03665787e+01	2026-09-04T17:33:09.344237	0.00000000e+00	1	4	-6.89268000e-05	2.52725000e-04	-2.05170000e+00	-2.52704000e-04
2.03871894e+01	2026-09-04T17:33:09.364875	0.00000000e+00	1	4	-6.61373000e-05	2.26380000e-04	-2.00151000e+00	-2.27082000e-04
2.04086436e+01	2026-09-04T17:33:09.383900	0.00000000e+00	1	4	-6.76632000e-05	2.06898000e-04	-1.95151000e+00	-2.07723000e-04
2.04217149e+01	2026-09-04T17:33:09.398468	0.00000000e+00	1	4	-6.21796000e-05	1.86797000e-04	-1.90147000e+00	-1.86343000e-04
2.04298388e+01	2026-09-04T17:33:09.404258	0.00000000e+00	1	4	-6.19173000e-05	1.70411000e-04	-1.85143000e+00	-1.70035000e-04
2.04440989e+01	2026-09-04T17:33:09.413810	0.00000000e+00	1	4	-6.32525000e-05	1.55835000e-04	-1.80139000e+00	-1.56841000e-04
2.04713964e+01	2026-09-04T17:33:09.444063	0.00000000e+00	1	4	-6.48737000e-05	1.41725000e-04	-1.75136000e+00	-1.41797000e-04
2.04792939e+01	2026-09-04T17:33:09.453790	0.00000000e+00	1	4	-6.29902000e-05	1.29488000e-04	-1.70131000e+00	-1.28842000e-04
2.04984156e+01	2026-09-04T17:33:09.475641	0.00000000e+00	1	4	-6.68526000e-05	1.18011000e-04	-1.65132000e+00	-1.17458000e-04
2.05189062e+01	2026-09-04T17:33:09.494229	0.00000000e+00	1	4	-6.74725000e-05	1.07523000e-04	-1.60125000e+00	-1.06470000e-04
2.05270018e+01	2026-09-04T17:33:09.503900	0.00000000e+00	1	4	-6.57797000e-05	9.71733000e-05	-1.55125000e+00	-9.67700000e-05
2.05458366e+01	2026-09-04T17:33:09.524294	0.00000000e+00	1	4	-6.38008000e-05	8.78229000e-05	-1.50119000e+00	-8.72300000e-05
2.05596214e+01	2026-09-04T17:33:09.533996	0.00000000e+00	1	4	-6.45161000e-05	7.89051000e-05	-1.45115000e+00	-7.90185000e-05
2.05873570e+01	2026-09-04T17:33:09.564277	0.00000000e+00	1	4	-6.24418000e-05	7.14416000e-05	-1.40110000e+00	-7.11001000e-05
2.06131561e+01	2026-09-04T17:33:09.586512	0.00000000e+00	1	4	-6.35147000e-05	6.44972000e-05	-1.35111000e+00	-6.37407000e-05
2.06216647e+01	2026-09-04T17:33:09.598767	0.00000000e+00	1	4	-6.08206000e-05	5.67744000e-05	-1.30106000e+00	-5.72065000e-05
2.06407388e+01	2026-09-04T17:33:09.618458	0.00000000e+00	1	4	-6.65903000e-05	5.09624000e-05	-1.25104000e+00	-5.14049000e-05
2.06616252e+01	2026-09-04T17:33:09.633907	0.00000000e+00	1	4	-6.50644000e-05	4.53084000e-05	-1.20097000e+00	-4.53240000e-05
2.06699220e+01	2026-09-04T17:33:09.644004	0.00000000e+00	1	4	-6.21796000e-05	4.02523000e-05	-1.15095000e+00	-4.01571000e-05
2.07003659e+01	2026-09-04T17:33:09.674089	0.00000000e+00	1	4	-6.43253000e-05	3.48939000e-05	-1.10090000e+00	-3.47328000e-05
2.07081171e+01	2026-09-04T17:33:09.684304	0.00000000e+00	1	4	-5.84841000e-05	2.99262000e-05	-1.05086000e+00	-2.99648000e-05
2.07157649e+01	2026-09-04T17:33:09.694255	0.00000000e+00	1	4	-6.26326000e-05	2.60794000e-05	-1.00082000e+00	-2.61819000e-05
2.07297840e+01	2026-09-04T17:33:09.704133	0.00000000e+00	1	4	-6.85692000e-05	2.27201000e-05	-9.50788000e-01	-2.26772000e-05
2.07569201e+01	2026-09-04T17:33:09.734005	0.00000000e+00	1	4	-6.39677000e-05	1.90478000e-05	-9.00727000e-01	-1.89249000e-05
2.07645306e+01	2026-09-04T17:33:09.734005	0.00000000e+00	1	4	-6.40631000e-05	1.59724000e-05	-8.50695000e-01	-1.60551000e-05
2.07869807e+01	2026-09-04T17:33:09.764210	0.00000000e+00	1	4	-6.26326000e-05	1.27023000e-05	-8.00687000e-01	-1.27251000e-05
2.08168351e+01	2026-09-04T17:33:09.794209	0.00000000e+00	1	4	-6.51360000e-05	1.01763000e-05	-7.50609000e-01	-1.02545000e-05
2.08250497e+01	2026-09-04T17:33:09.799107	0.00000000e+00	1	4	-4.45604000e-05	8.19948000e-06	-7.00571000e-01	-8.05748000e-06
2.08430314e+01	2026-09-04T17:33:09.813986	0.00000000e+00	1	4	-7.58410000e-05	6.61072000e-06	-6.50529000e-01	-6.53671000e-06
2.08688787e+01	2026-09-04T17:33:09.844228	0.00000000e+00	1	4	-6.79255000e-05	5.02166000e-06	-6.00507000e-01	-4.97523000e-06
2.08848016e+01	2026-09-04T17:33:09.858058	0.00000000e+00	1	4	-7.16209000e-05	3.73605000e-06	-5.50437000e-01	-3.73273000e-06
2.09061996e+01	2026-09-04T17:33:09.883964	0.00000000e+00	1	4	-7.12633000e-05	2.89325000e-06	-5.00426000e-01	-2.95500000e-06
2.09138975e+01	2026-09-04T17:33:09.891296	0.00000000e+00	1	4	-6.68526000e-05	2.20100000e-06	-4.50369000e-01	-2.15462000e-06
2.09218905e+01	2026-09-04T17:33:09.899360	0.00000000e+00	1	4	-6.30856000e-05	1.61001000e-06	-4.00369000e-01	-1.60676000e-06
2.09294928e+01	2026-09-04T17:33:09.907440	0.00000000e+00	1	4	-5.85794000e-05	1.15199000e-06	-3.50284000e-01	-1.14932000e-06
2.09445099e+01	2026-09-04T17:33:09.921582	0.00000000e+00	1	4	-6.20842000e-05	8.07639000e-07	-3.00276000e-01	-8.46956000e-07
2.09689128e+01	2026-09-04T17:33:09.944197	0.00000000e+00	1	4	-6.77586000e-05	6.07213000e-07	-2.50209000e-01	-5.94172000e-07
2.09925017e+01	2026-09-04T17:33:09.969890	0.00000000e+00	1	4	-6.77586000e-05	4.00337000e-07	-2.00075000e-01	-3.88557000e-07
2.10127184e+01	2026-09-04T17:33:09.989995	0.00000000e+00	1	4	-6.37054000e-05	2.57887000e-07	-1.50041000e-01	-2.59951000e-07
2.10279160e+01	2026-09-04T17:33:10.006199	0.00000000e+00	1	4	-6.27041000e-05	1.20622000e-07	-9.99920000e-02	-1.18164000e-07
2.10355071e+01	2026-09-04T17:33:10.012208	0.00000000e+00	1	4	-6.34432000e-05	6.12098000e-08	-4.99527000e-02	-5.51752000e-08
2.11402708e+01	2026-09-04T17:33:10.118109	0.00000000e+00	1	4	-4.07696000e-05	3.27787000e-08	2.03133000e-05	-2.16211000e-08
2.35516664e+01	2026-09-04T17:33:12.524110	0.00000000e+00	1	5	-4.11272000e-05	-6.82387000e-09	3.25441000e-05	2.09413000e-08
2.35738394e+01	2026-09-04T17:33:12.551377	0.00000000e+00	1	5	-7.28846000e-05	9.89861000e-06	-4.99516000e-02	-9.93512000e-06
2.36082155e+01	2026-09-04T17:33:12.583838	0.00000000e+00	1	5	-1.06502000e-04	2.07189000e-05	-9.99437000e-02	-2.03009000e-05
2.36365643e+01	2026-09-04T17:33:12.614159	0.00000000e+00	1	5	-6.32525000e-05	3.22531000e-05	-1.50039000e-01	-3.21904000e-05
2.36446339e+01	2026-09-04T17:33:12.617579	0.00000000e+00	1	5	-6.16312000e-05	4.56400000e-05	-2.00076000e-01	-4.57314000e-05
2.36684573e+01	2026-09-04T17:33:12.645883	0.00000000e+00	1	5	-6.98090000e-05	6.12434000e-05	-2.50190000e-01	-6.12444000e-05
2.36970548e+01	2026-09-04T17:33:12.674126	0.00000000e+00	1	5	-6.13689000e-05	8.00082000e-05	-3.00273000e-01	-7.99708000e-05
2.37165790e+01	2026-09-04T17:33:12.694067	0.00000000e+00	1	5	-6.43253000e-05	1.02426000e-04	-3.50304000e-01	-9.78615000e-05
2.37366766e+01	2026-09-04T17:33:12.713918	0.00000000e+00	1	5	-6.45161000e-05	1.25809000e-04	-4.00370000e-01	-1.25775000e-04
2.37644974e+01	2026-09-04T17:33:12.741908	0.00000000e+00	1	5	-6.46830000e-05	1.50099000e-04	-4.50380000e-01	-1.48364000e-04
2.37968326e+01	2026-09-04T17:33:12.774198	0.00000000e+00	1	5	-6.82116000e-05	1.83630000e-04	-5.00443000e-01	-1.79412000e-04
2.38051270e+01	2026-09-04T17:33:12.774198	0.00000000e+00	1	5	-6.78301000e-05	2.20754000e-04	-5.50475000e-01	-2.15783000e-04
2.38289795e+01	2026-09-04T17:33:12.807189	0.00000000e+00	1	5	-6.13689000e-05	2.25678000e-04	-6.00518000e-01	-2.22573000e-04
2.38425354e+01	2026-09-04T17:33:12.816352	0.00000000e+00	1	5	-6.61373000e-05	2.68757000e-04	-6.50512000e-01	-2.35714000e-04
2.38813266e+01	2026-09-04T17:33:12.858966	0.00000000e+00	1	5	-6.12736000e-05	2.72801000e-04	-7.00592000e-01	-2.71157000e-04
2.39065359e+01	2026-09-04T17:33:12.884362	0.00000000e+00	1	5	-5.87702000e-05	2.86839000e-04	-7.50623000e-01	-2.79446000e-04
2.39390548e+01	2026-09-04T17:33:12.916450	0.00000000e+00	1	5	-6.68526000e-05	2.37854000e-04	-8.00687000e-01	-2.39345000e-04
2.39470118e+01	2026-09-04T17:33:12.924001	0.00000000e+00	1	5	-5.32627000e-05	2.56205000e-04	-8.50707000e-01	-2.50949000e-04
2.39703205e+01	2026-09-04T17:33:12.948046	0.00000000e+00	1	5	-5.89371000e-05	2.25378000e-04	-9.00752000e-01	-1.87944000e-04
2.39921434e+01	2026-09-04T17:33:12.969397	0.00000000e+00	1	5	-6.01053000e-05	1.97147000e-04	-9.50789000e-01	-1.80701000e-04
2.40172192e+01	2026-09-04T17:33:12.995094	0.00000000e+00	1	5	-6.12736000e-05	1.20736000e-04	-1.00084000e+00	-1.14206000e-04
2.40250971e+01	2026-09-04T17:33:12.995094	0.00000000e+00	1	5	-6.02961000e-05	1.26774000e-04	-1.05085000e+00	-1.11815000e-04
2.40396417e+01	2026-09-04T17:33:13.014079	0.00000000e+00	1	5	-6.17266000e-05	1.12209000e-04	-1.10093000e+00	-1.04768000e-04
2.40527575e+01	2026-09-04T17:33:13.026700	0.00000000e+00	1	5	-6.29902000e-05	9.33664000e-05	-1.15095000e+00	-8.84312000e-05
2.40721646e+01	2026-09-04T17:33:13.044067	0.00000000e+00	1	5	-6.79255000e-05	9.92029000e-05	-1.20098000e+00	-9.58830000e-05
2.40796354e+01	2026-09-04T17:33:13.053941	0.00000000e+00	1	5	-6.40631000e-05	8.99908000e-05	-1.25104000e+00	-8.89482000e-05
2.41283294e+01	2026-09-04T17:33:13.105799	0.00000000e+00	1	5	-6.53267000e-05	6.70304000e-05	-1.30105000e+00	-6.76782000e-05
2.41361208e+01	2026-09-04T17:33:13.114096	0.00000000e+00	1	5	-6.47783000e-05	7.81586000e-05	-1.35112000e+00	-7.90084000e-05
2.41598820e+01	2026-09-04T17:33:13.137471	0.00000000e+00	1	5	-6.63996000e-05	8.27365000e-05	-1.40111000e+00	-8.14126000e-05
2.41886467e+01	2026-09-04T17:33:13.164208	0.00000000e+00	1	5	-7.56741000e-05	8.91825000e-05	-1.45116000e+00	-8.87551000e-05
2.41971422e+01	2026-09-04T17:33:13.174083	0.00000000e+00	1	5	-6.56843000e-05	9.66014000e-05	-1.50117000e+00	-9.80306000e-05
2.42053085e+01	2026-09-04T17:33:13.174083	0.00000000e+00	1	5	-7.50303000e-05	1.01872000e-04	-1.55125000e+00	-9.92093000e-05
2.42553401e+01	2026-09-04T17:33:13.233062	0.00000000e+00	1	5	-6.65903000e-05	1.07282000e-04	-1.60126000e+00	-1.08110000e-04
2.42634939e+01	2026-09-04T17:33:13.234161	0.00000000e+00	1	5	-6.99997000e-05	1.18942000e-04	-1.65129000e+00	-1.19111000e-04
2.42867111e+01	2026-09-04T17:33:13.264189	0.00000000e+00	1	5	-7.03573000e-05	1.25942000e-04	-1.70135000e+00	-1.25447000e-04
2.43095449e+01	2026-09-04T17:33:13.284225	0.00000000e+00	1	5	-6.46114000e-05	1.36932000e-04	-1.75138000e+00	-1.37848000e-04
2.43343818e+01	2026-09-04T17:33:13.312257	0.00000000e+00	1	5	-6.38008000e-05	1.44068000e-04	-1.80139000e+00	-1.44846000e-04
2.43423414e+01	2026-09-04T17:33:13.314264	0.00000000e+00	1	5	-7.17878000e-05	1.64630000e-04	-1.85146000e+00	-1.66020000e-04
2.43584073e+01	2026-09-04T17:33:13.333886	0.00000000e+00	1	5	-6.68526000e-05	1.84710000e-04	-1.90148000e+00	-1.83046000e-04
2.43799484e+01	2026-09-04T17:33:13.353871	0.00000000e+00	1	5	-6.64949000e-05	2.06010000e-04	-1.95150000e+00	-2.07923000e-04
2.44018665e+01	2026-09-04T17:33:13.379598	0.00000000e+00	1	5	-6.87361000e-05	2.22118000e-04	-2.00153000e+00	-2.26496000e-04
2.44156858e+01	2026-09-04T17:33:13.384184	0.00000000e+00	1	5	-6.94513000e-05	2.46986000e-04	-2.05167000e+00	-2.50802000e-04
2.44408118e+01	2026-09-04T17:33:13.414068	0.00000000e+00	1	5	-6.17266000e-05	2.74169000e-04	-2.10183000e+00	-2.79660000e-04
2.44484087e+01	2026-09-04T17:33:13.423789	0.00000000e+00	1	5	-6.74725000e-05	3.37794000e-04	-2.15202000e+00	-3.02485000e-04
2.44899653e+01	2026-09-04T17:33:13.464147	0.00000000e+00	1	5	-7.74622000e-05	3.35644000e-04	-2.20196000e+00	-3.37770000e-04
2.45013795e+01	2026-09-04T17:33:13.475286	0.00000000e+00	1	5	-5.98431000e-05	3.37194000e-04	-2.20197000e+00	-3.38944000e-04
2.45182610e+01	2026-09-04T17:33:13.494002	0.00000000e+00	1	5	-7.09057000e-05	3.04219000e-04	-2.15210000e+00	-3.02519000e-04
2.45261541e+01	2026-09-04T17:33:13.504077	0.00000000e+00	1	5	-6.96421000e-05	2.71377000e-04	-2.10170000e+00	-2.72502000e-04
2.45467875e+01	2026-09-04T17:33:13.523889	0.00000000e+00	1	5	-7.10726000e-05	2.46825000e-04	-2.05191000e+00	-2.46615000e-04
2.45605456e+01	2026-09-04T17:33:13.539023	0.00000000e+00	1	5	-7.50303000e-05	2.24883000e-04	-2.00153000e+00	-2.26821000e-04
2.46036718e+01	2026-09-04T17:33:13.581850	0.00000000e+00	1	5	-7.57456000e-05	2.02631000e-04	-1.95151000e+00	-2.05826000e-04
2.46256133e+01	2026-09-04T17:33:13.604039	0.00000000e+00	1	5	-7.38621000e-05	1.88470000e-04	-1.90150000e+00	-1.87904000e-04
2.46561027e+01	2026-09-04T17:33:13.634064	0.00000000e+00	1	5	-7.29561000e-05	1.70907000e-04	-1.85144000e+00	-1.70119000e-04
2.46790138e+01	2026-09-04T17:33:13.653867	0.00000000e+00	1	5	-6.67572000e-05	1.56661000e-04	-1.80138000e+00	-1.56081000e-04
2.46913567e+01	2026-09-04T17:33:13.666948	0.00000000e+00	1	5	-7.00951000e-05	1.42796000e-04	-1.75139000e+00	-1.42142000e-04
2.47176048e+01	2026-09-04T17:33:13.693974	0.00000000e+00	1	5	-7.06196000e-05	1.30266000e-04	-1.70134000e+00	-1.30179000e-04
2.47360749e+01	2026-09-04T17:33:13.713926	0.00000000e+00	1	5	-7.52926000e-05	1.19296000e-04	-1.65129000e+00	-1.18380000e-04
2.47440498e+01	2026-09-04T17:33:13.713926	0.00000000e+00	1	5	-7.17878000e-05	1.08768000e-04	-1.60127000e+00	-1.08779000e-04
2.47523255e+01	2026-09-04T17:33:13.730046	0.00000000e+00	1	5	-6.85692000e-05	9.85455000e-05	-1.55124000e+00	-9.92837000e-05
2.47778368e+01	2026-09-04T17:33:13.754048	0.00000000e+00	1	5	-6.94513000e-05	8.95347000e-05	-1.50120000e+00	-8.94821000e-05
2.47863780e+01	2026-09-04T17:33:13.763949	0.00000000e+00	1	5	-7.18832000e-05	8.12752000e-05	-1.45118000e+00	-8.11929000e-05
2.47939010e+01	2026-09-04T17:33:13.763949	0.00000000e+00	1	5	-6.92844000e-05	7.33379000e-05	-1.40114000e+00	-7.34111000e-05
2.48082338e+01	2026-09-04T17:33:13.783810	0.00000000e+00	1	5	-7.81775000e-05	6.62475000e-05	-1.35111000e+00	-6.55949000e-05
2.48309127e+01	2026-09-04T17:33:13.808733	0.00000000e+00	1	5	-7.31468000e-05	5.89245000e-05	-1.30105000e+00	-5.89802000e-05
2.48515057e+01	2026-09-04T17:33:13.824282	0.00000000e+00	1	5	-7.26938000e-05	5.29998000e-05	-1.25105000e+00	-5.28936000e-05
2.48621494e+01	2026-09-04T17:33:13.840234	0.00000000e+00	1	5	-7.30515000e-05	4.69097000e-05	-1.20099000e+00	-4.69471000e-05
2.48897977e+01	2026-09-04T17:33:13.864013	0.00000000e+00	1	5	-6.83785000e-05	4.13493000e-05	-1.15097000e+00	-4.14468000e-05
2.48972532e+01	2026-09-04T17:33:13.873805	0.00000000e+00	1	5	-7.52926000e-05	3.63315000e-05	-1.10091000e+00	-3.63623000e-05
2.49046863e+01	2026-09-04T17:33:13.882462	0.00000000e+00	1	5	-6.63996000e-05	3.18787000e-05	-1.05085000e+00	-3.19445000e-05
2.49269628e+01	2026-09-04T17:33:13.903907	0.00000000e+00	1	5	-7.14302000e-05	2.70359000e-05	-1.00082000e+00	-2.69711000e-05
2.49574510e+01	2026-09-04T17:33:13.934919	0.00000000e+00	1	5	-7.83682000e-05	2.41388000e-05	-9.50802000e-01	-2.38825000e-05
2.49658738e+01	2026-09-04T17:33:13.943888	0.00000000e+00	1	5	-6.92844000e-05	2.03666000e-05	-9.00743000e-01	-2.03274000e-05
2.49898835e+01	2026-09-04T17:33:13.966516	0.00000000e+00	1	5	-6.69479000e-05	1.67523000e-05	-8.50697000e-01	-1.65942000e-05
2.50041561e+01	2026-09-04T17:33:13.982485	0.00000000e+00	1	5	-6.05583000e-05	1.38567000e-05	-8.00684000e-01	-1.40951000e-05
2.50361824e+01	2026-09-04T17:33:14.013791	0.00000000e+00	1	5	-7.21455000e-05	1.18552000e-05	-7.50637000e-01	-1.16102000e-05
2.50576626e+01	2026-09-04T17:33:14.033891	0.00000000e+00	1	5	-6.05583000e-05	9.63604000e-06	-7.00605000e-01	-9.52332000e-06
2.50828301e+01	2026-09-04T17:33:14.060666	0.00000000e+00	1	5	-8.23975000e-05	7.72548000e-06	-6.50515000e-01	-7.59038000e-06
2.51146943e+01	2026-09-04T17:33:14.092513	0.00000000e+00	1	5	-7.88927000e-05	5.84301000e-06	-6.00537000e-01	-5.88478000e-06
2.51228610e+01	2026-09-04T17:33:14.094114	0.00000000e+00	1	5	-7.23362000e-05	4.63334000e-06	-5.50458000e-01	-4.62772000e-06
2.51305001e+01	2026-09-04T17:33:14.104032	0.00000000e+00	1	5	-7.39574000e-05	3.52408000e-06	-5.00424000e-01	-3.58599000e-06
2.51704170e+01	2026-09-04T17:33:14.143875	0.00000000e+00	1	5	-7.72715000e-05	2.73491000e-06	-4.50361000e-01	-2.74237000e-06
2.51945049e+01	2026-09-04T17:33:14.172321	0.00000000e+00	1	5	-6.54221000e-05	2.03254000e-06	-4.00365000e-01	-2.00840000e-06
2.52021633e+01	2026-09-04T17:33:14.173942	0.00000000e+00	1	5	-7.26938000e-05	1.59093000e-06	-3.50318000e-01	-1.55244000e-06
2.52166760e+01	2026-09-04T17:33:14.194146	0.00000000e+00	1	5	-6.99997000e-05	1.06529000e-06	-3.00273000e-01	-1.06353000e-06
2.52385403e+01	2026-09-04T17:33:14.214287	0.00000000e+00	1	5	-7.49350000e-05	7.11256000e-07	-2.50207000e-01	-7.19826000e-07
2.52510524e+01	2026-09-04T17:33:14.223917	0.00000000e+00	1	5	-7.67469000e-05	4.85032000e-07	-2.00078000e-01	-4.87718000e-07
2.52742164e+01	2026-09-04T17:33:14.251750	0.00000000e+00	1	5	-6.85692000e-05	2.80980000e-07	-1.50039000e-01	-2.79045000e-07
2.53054541e+01	2026-09-04T17:33:14.283147	0.00000000e+00	1	5	-7.34091000e-05	1.63475000e-07	-9.99932000e-02	-1.65084000e-07
2.53134412e+01	2026-09-04T17:33:14.284262	0.00000000e+00	1	5	-7.56741000e-05	5.70198000e-08	-4.99570000e-02	-5.82967000e-08
2.54335487e+01	2026-09-04T17:33:14.410985	0.00000000e+00	1	5	-7.07150000e-05	1.82369000e-09	3.29971000e-05	-6.67822000e-10
2.78613000e+01	2026-09-04T17:33:16.833782	0.00000000e+00	1	6	-6.69479000e-05	-1.10260000e-07	3.61443000e-05	1.10334000e-07
2.79121068e+01	2026-09-04T17:33:16.889694	0.00000000e+00	1	6	-1.07503000e-04	3.50451000e-05	-4.99031000e-02	-3.50100000e-05
2.79457138e+01	2026-09-04T17:33:16.924220	0.00000000e+00	1	6	-6.30856000e-05	7.42459000e-05	-9.99980000e-02	-7.41299000e-05
2.79755651e+01	2026-09-04T17:33:16.953886	0.00000000e+00	1	6	-6.53267000e-05	1.18863000e-04	-1.50042000e-01	-1.18513000e-04
2.80072707e+01	2026-09-04T17:33:16.985117	0.00000000e+00	1	6	-6.85692000e-05	1.68082000e-04	-2.00075000e-01	-1.67634000e-04
2.80156186e+01	2026-09-04T17:33:16.994130	0.00000000e+00	1	6	-6.46830000e-05	1.76178000e-04	-2.50208000e-01	-1.74561000e-04
2.80394844e+01	2026-09-04T17:33:17.016830	0.00000000e+00	1	6	-6.54936000e-05	2.05032000e-04	-3.00264000e-01	-2.01477000e-04
2.80709991e+01	2026-09-04T17:33:17.048718	0.00000000e+00	1	6	-6.28948000e-05	2.58870000e-04	-3.50303000e-01	-2.58333000e-04
2.80849971e+01	2026-09-04T17:33:17.059030	0.00000000e+00	1	6	-6.65903000e-05	3.41758000e-04	-4.00372000e-01	-3.41921000e-04
2.81114595e+01	2026-09-04T17:33:17.083912	0.00000000e+00	1	6	-6.97374000e-05	3.95549000e-04	-4.50365000e-01	-3.94949000e-04
2.81344680e+01	2026-09-04T17:33:17.111981	0.00000000e+00	1	6	-6.70195000e-05	4.47302000e-04	-5.00437000e-01	-4.44640000e-04
2.81652718e+01	2026-09-04T17:33:17.139376	0.00000000e+00	1	6	-7.04527000e-05	5.00487000e-04	-5.50461000e-01	-4.48854000e-04
2.81929463e+01	2026-09-04T17:33:17.169127	0.00000000e+00	1	6	-6.94513000e-05	4.55117000e-04	-6.00522000e-01	-4.52859000e-04
2.82189495e+01	2026-09-04T17:33:17.194004	0.00000000e+00	1	6	-4.49181000e-05	3.61441000e-04	-6.50536000e-01	-3.33450000e-04
2.82269413e+01	2026-09-04T17:33:17.203993	0.00000000e+00	1	6	-1.08242000e-05	2.03390000e-04	-7.00594000e-01	-1.43730000e-04
2.82462332e+01	2026-09-04T17:33:17.224187	0.00000000e+00	1	6	-6.59466000e-05	1.59479000e-04	-7.50614000e-01	-1.62009000e-04
2.82545181e+01	2026-09-04T17:33:17.224187	0.00000000e+00	1	6	-6.64949000e-05	1.88965000e-04	-8.00693000e-01	-1.87140000e-04
2.82687750e+01	2026-09-04T17:33:17.244094	0.00000000e+00	1	6	-6.03676000e-05	2.00122000e-04	-8.50699000e-01	-1.89701000e-04
2.82915232e+01	2026-09-04T17:33:17.265946	0.00000000e+00	1	6	-6.38723000e-05	1.99358000e-04	-9.00752000e-01	-1.90484000e-04
2.83138909e+01	2026-09-04T17:33:17.286848	0.00000000e+00	1	6	-6.99997000e-05	1.80469000e-04	-9.50795000e-01	-1.67491000e-04
2.83249750e+01	2026-09-04T17:33:17.302717	0.00000000e+00	1	6	-5.90324000e-05	1.40896000e-04	-1.00083000e+00	-1.14989000e-04
2.83521919e+01	2026-09-04T17:33:17.329058	0.00000000e+00	1	6	-6.86407000e-05	1.17483000e-04	-1.05083000e+00	-2.43628000e-04
2.83740665e+01	2026-09-04T17:33:17.351485	0.00000000e+00	1	6	-6.54936000e-05	1.50881000e-04	-1.10091000e+00	-1.37348000e-04
2.84052896e+01	2026-09-04T17:33:17.383118	0.00000000e+00	1	6	-6.56843000e-05	9.03410000e-05	-1.15097000e+00	-8.89518000e-05
2.84181028e+01	2026-09-04T17:33:17.394295	0.00000000e+00	1	6	-6.74009000e-05	9.31975000e-05	-1.20098000e+00	-9.35245000e-05
2.84375675e+01	2026-09-04T17:33:17.415514	0.00000000e+00	1	6	-6.63042000e-05	7.85494000e-05	-1.25103000e+00	-7.88124000e-05
2.84696064e+01	2026-09-04T17:33:17.447420	0.00000000e+00	1	6	-6.75678000e-05	8.42838000e-05	-1.30106000e+00	-8.34619000e-05
2.84775469e+01	2026-09-04T17:33:17.454033	0.00000000e+00	1	6	-6.70195000e-05	8.96283000e-05	-1.35111000e+00	-8.65988000e-05
2.85017439e+01	2026-09-04T17:33:17.479211	0.00000000e+00	1	6	-6.50644000e-05	8.51243000e-05	-1.40111000e+00	-8.64562000e-05
2.85314553e+01	2026-09-04T17:33:17.509347	0.00000000e+00	1	6	-7.25985000e-05	9.45464000e-05	-1.45114000e+00	-9.49786000e-05
2.85541122e+01	2026-09-04T17:33:17.527086	0.00000000e+00	1	6	-6.89268000e-05	1.02257000e-04	-1.50119000e+00	-1.01750000e-04
2.85716884e+01	2026-09-04T17:33:17.549107	0.00000000e+00	1	6	-7.22408000e-05	1.11679000e-04	-1.55124000e+00	-1.10701000e-04
2.85958509e+01	2026-09-04T17:33:17.574175	0.00000000e+00	1	6	-6.73056000e-05	1.10664000e-04	-1.60126000e+00	-1.01823000e-04
2.86180772e+01	2026-09-04T17:33:17.594216	0.00000000e+00	1	6	-6.87361000e-05	1.08263000e-04	-1.65131000e+00	-1.07969000e-04
2.86307678e+01	2026-09-04T17:33:17.607457	0.00000000e+00	1	6	-6.82116000e-05	1.18405000e-04	-1.70133000e+00	-1.29119000e-04
2.86564995e+01	2026-09-04T17:33:17.633922	0.00000000e+00	1	6	-7.39574000e-05	1.41676000e-04	-1.75138000e+00	-1.40984000e-04
2.86780366e+01	2026-09-04T17:33:17.655565	0.00000000e+00	1	6	-7.03573000e-05	1.53217000e-04	-1.80138000e+00	-1.53532000e-04
2.87051741e+01	2026-09-04T17:33:17.679287	0.00000000e+00	1	6	-7.65562000e-05	1.62377000e-04	-1.85146000e+00	-1.56926000e-04
2.87260733e+01	2026-09-04T17:33:17.704317	0.00000000e+00	1	6	-6.96421000e-05	1.74627000e-04	-1.90148000e+00	-1.74252000e-04
2.87339182e+01	2026-09-04T17:33:17.704317	0.00000000e+00	1	6	-7.88212000e-05	1.88275000e-04	-1.95151000e+00	-1.87747000e-04
2.87465632e+01	2026-09-04T17:33:17.723934	0.00000000e+00	1	6	-7.23362000e-05	2.14596000e-04	-2.00153000e+00	-2.13785000e-04
2.87716331e+01	2026-09-04T17:33:17.749208	0.00000000e+00	1	6	-7.23362000e-05	2.37351000e-04	-2.05173000e+00	-2.35664000e-04
2.87798825e+01	2026-09-04T17:33:17.753938	0.00000000e+00	1	6	-7.15256000e-05	2.67154000e-04	-2.10157000e+00	-2.68982000e-04
2.87876176e+01	2026-09-04T17:33:17.764005	0.00000000e+00	1	6	-6.83785000e-05	2.98759000e-04	-2.15205000e+00	-3.00579000e-04
2.88217870e+01	2026-09-04T17:33:17.798826	0.00000000e+00	1	6	-7.23362000e-05	3.24045000e-04	-2.20206000e+00	-3.19166000e-04
2.88407049e+01	2026-09-04T17:33:17.816715	0.00000000e+00	1	6	-6.96421000e-05	3.24815000e-04	-2.20210000e+00	-3.22945000e-04
2.88484045e+01	2026-09-04T17:33:17.824395	0.00000000e+00	1	6	-7.20739000e-05	2.83535000e-04	-2.15204000e+00	-2.86328000e-04
2.88563073e+01	2026-09-04T17:33:17.834013	0.00000000e+00	1	6	-7.68423000e-05	2.62970000e-04	-2.10176000e+00	-2.64984000e-04
2.88648495e+01	2026-09-04T17:33:17.834013	0.00000000e+00	1	6	-7.03573000e-05	2.41015000e-04	-2.05192000e+00	-2.40404000e-04
2.88848285e+01	2026-09-04T17:33:17.861587	0.00000000e+00	1	6	-7.93457000e-05	2.19651000e-04	-2.00152000e+00	-2.17852000e-04
2.89172755e+01	2026-09-04T17:33:17.893789	0.00000000e+00	1	6	-7.36952000e-05	1.95999000e-04	-1.95154000e+00	-1.96823000e-04
2.89248061e+01	2026-09-04T17:33:17.899142	0.00000000e+00	1	6	-6.80208000e-05	1.77439000e-04	-1.90148000e+00	-1.77570000e-04
2.89482291e+01	2026-09-04T17:33:17.925793	0.00000000e+00	1	6	-7.29561000e-05	1.65241000e-04	-1.85144000e+00	-1.64468000e-04
2.89561266e+01	2026-09-04T17:33:17.934243	0.00000000e+00	1	6	-7.74622000e-05	1.50235000e-04	-1.80139000e+00	-1.49767000e-04
2.89801925e+01	2026-09-04T17:33:17.957644	0.00000000e+00	1	6	-6.99997000e-05	1.34597000e-04	-1.75137000e+00	-1.36551000e-04
2.89947784e+01	2026-09-04T17:33:17.969228	0.00000000e+00	1	6	-7.30515000e-05	1.23924000e-04	-1.70134000e+00	-1.23155000e-04
2.90158140e+01	2026-09-04T17:33:17.993988	0.00000000e+00	1	6	-7.10726000e-05	1.12100000e-04	-1.65131000e+00	-1.12040000e-04
2.90279540e+01	2026-09-04T17:33:18.005793	0.00000000e+00	1	6	-7.37667000e-05	1.01937000e-04	-1.60126000e+00	-1.01894000e-04
2.90530953e+01	2026-09-04T17:33:18.023900	0.00000000e+00	1	6	-7.54833000e-05	9.24176000e-05	-1.55125000e+00	-9.23244000e-05
2.90664505e+01	2026-09-04T17:33:18.043963	0.00000000e+00	1	6	-7.57456000e-05	8.31915000e-05	-1.50121000e+00	-8.28836000e-05
2.90741773e+01	2026-09-04T17:33:18.048001	0.00000000e+00	1	6	-6.75678000e-05	7.55889000e-05	-1.45117000e+00	-7.55670000e-05
2.91064374e+01	2026-09-04T17:33:18.084061	0.00000000e+00	1	6	-6.26326000e-05	6.71377000e-05	-1.40113000e+00	-6.70760000e-05
2.91141553e+01	2026-09-04T17:33:18.085919	0.00000000e+00	1	6	-6.47783000e-05	6.10054000e-05	-1.35112000e+00	-6.10690000e-05
2.91216458e+01	2026-09-04T17:33:18.094240	0.00000000e+00	1	6	-6.66618000e-05	5.49243000e-05	-1.30107000e+00	-5.48947000e-05
2.91554131e+01	2026-09-04T17:33:18.133932	0.00000000e+00	1	6	-6.67572000e-05	4.90553000e-05	-1.25103000e+00	-4.89058000e-05
2.91632804e+01	2026-09-04T17:33:18.133932	0.00000000e+00	1	6	-6.76632000e-05	4.29688000e-05	-1.20099000e+00	-4.29888000e-05
2.91865387e+01	2026-09-04T17:33:18.163830	0.00000000e+00	1	6	-7.15256000e-05	3.75735000e-05	-1.15099000e+00	-3.79141000e-05
2.92062644e+01	2026-09-04T17:33:18.184201	0.00000000e+00	1	6	-6.88314000e-05	3.33102000e-05	-1.10092000e+00	-3.34098000e-05
2.92336912e+01	2026-09-04T17:33:18.211012	0.00000000e+00	1	6	-6.97374000e-05	2.89978000e-05	-1.05085000e+00	-2.90693000e-05
2.92413866e+01	2026-09-04T17:33:18.217264	0.00000000e+00	1	6	-7.52926000e-05	2.51941000e-05	-1.00083000e+00	-2.51253000e-05
2.92572619e+01	2026-09-04T17:33:18.233963	0.00000000e+00	1	6	-6.82116000e-05	2.14701000e-05	-9.50773000e-01	-2.14320000e-05
2.92813241e+01	2026-09-04T17:33:18.258567	0.00000000e+00	1	6	-6.71148000e-05	1.85480000e-05	-9.00754000e-01	-1.85198000e-05
2.92888491e+01	2026-09-04T17:33:18.263876	0.00000000e+00	1	6	-6.73056000e-05	1.55115000e-05	-8.50703000e-01	-1.54822000e-05
2.93128999e+01	2026-09-04T17:33:18.289832	0.00000000e+00	1	6	-6.22749000e-05	1.28076000e-05	-8.00688000e-01	-1.27657000e-05
2.93442005e+01	2026-09-04T17:33:18.321551	0.00000000e+00	1	6	-6.46114000e-05	1.04241000e-05	-7.50629000e-01	-1.03427000e-05
2.93761603e+01	2026-09-04T17:33:18.354117	0.00000000e+00	1	6	-5.51701000e-05	8.47301000e-06	-7.00601000e-01	-8.45789000e-06
2.93897971e+01	2026-09-04T17:33:18.364139	0.00000000e+00	1	6	-8.00610000e-05	6.63838000e-06	-6.50545000e-01	-6.63959000e-06
2.94211518e+01	2026-09-04T17:33:18.399375	0.00000000e+00	1	6	-7.64847000e-05	5.15076000e-06	-6.00522000e-01	-5.20127000e-06
2.94291267e+01	2026-09-04T17:33:18.403903	0.00000000e+00	1	6	-6.38723000e-05	4.02079000e-06	-5.50467000e-01	-4.09190000e-06
2.94372095e+01	2026-09-04T17:33:18.414030	0.00000000e+00	1	6	-6.38723000e-05	3.17289000e-06	-5.00426000e-01	-3.12008000e-06
2.94877138e+01	2026-09-04T17:33:18.465494	0.00000000e+00	1	6	-6.76632000e-05	2.41791000e-06	-4.50377000e-01	-2.37744000e-06
2.94959439e+01	2026-09-04T17:33:18.474248	0.00000000e+00	1	6	-6.58512000e-05	1.82327000e-06	-4.00365000e-01	-1.83266000e-06
2.95192320e+01	2026-09-04T17:33:18.496975	0.00000000e+00	1	6	-7.07150000e-05	1.35565000e-06	-3.50318000e-01	-1.28553000e-06
2.95507370e+01	2026-09-04T17:33:18.523981	0.00000000e+00	1	6	-6.51360000e-05	8.91279000e-07	-3.00281000e-01	-9.53517000e-07
2.95631474e+01	2026-09-04T17:33:18.534140	0.00000000e+00	1	6	-6.75678000e-05	6.83927000e-07	-2.50199000e-01	-6.74523000e-07
2.95868683e+01	2026-09-04T17:33:18.564240	0.00000000e+00	1	6	-7.51257000e-05	4.43537000e-07	-2.00081000e-01	-4.05547000e-07
2.96074412e+01	2026-09-04T17:33:18.583816	0.00000000e+00	1	6	-6.57797000e-05	2.65555000e-07	-1.50043000e-01	-2.87787000e-07
2.96342233e+01	2026-09-04T17:33:18.612070	0.00000000e+00	1	6	-6.51360000e-05	1.53647000e-07	-9.99950000e-02	-1.65020000e-07
2.96462336e+01	2026-09-04T17:33:18.624109	0.00000000e+00	1	6	-6.46830000e-05	5.73574000e-08	-4.99493000e-02	-6.15658000e-08
2.97498806e+01	2026-09-04T17:33:18.725184	0.00000000e+00	1	6	-3.78847000e-05	3.61097000e-08	1.55449000e-05	-2.34550000e-08
3.24137338e+01	2026-09-04T17:33:21.384200	0.00000000e+00	1	7	-3.78132000e-05	-1.20595000e-08	2.54393000e-05	2.88504000e-08
3.24364179e+01	2026-09-04T17:33:21.414216	0.00000000e+00	1	7	-1.46604000e-04	1.81212000e-05	-4.99008000e-02	-1.81795000e-05
3.24637859e+01	2026-09-04T17:33:21.439210	0.00000000e+00	1	7	-7.39574000e-05	3.81270000e-05	-9.99934000e-02	-3.80609000e-05
3.24901993e+01	2026-09-04T17:33:21.464236	0.00000000e+00	1	7	-7.16209000e-05	6.07764000e-05	-1.50035000e-01	-6.08785000e-05
3.25168413e+01	2026-09-04T17:33:21.494250	0.00000000e+00	1	7	-6.93798000e-05	8.75390000e-05	-2.00076000e-01	-8.75349000e-05
3.25362013e+01	2026-09-04T17:33:21.514129	0.00000000e+00	1	7	-6.80208000e-05	1.19469000e-04	-2.50230000e-01	-1.19285000e-04
3.25640974e+01	2026-09-04T17:33:21.541894	0.00000000e+00	1	7	-6.51360000e-05	1.58777000e-04	-3.00265000e-01	-1.58568000e-04
3.25722314e+01	2026-09-04T17:33:21.543988	0.00000000e+00	1	7	-6.84738000e-05	2.05595000e-04	-3.50312000e-01	-2.05705000e-04
3.25801916e+01	2026-09-04T17:33:21.557812	0.00000000e+00	1	7	-7.06196000e-05	2.59830000e-04	-4.00375000e-01	-2.59554000e-04
3.26024027e+01	2026-09-04T17:33:21.579010	0.00000000e+00	1	7	-6.74725000e-05	3.98295000e-04	-4.50386000e-01	-3.92160000e-04
3.26134088e+01	2026-09-04T17:33:21.584099	0.00000000e+00	1	7	-1.12534000e-04	5.53518000e-04	-5.00426000e-01	-6.46820000e-04
3.26326192e+01	2026-09-04T17:33:21.610564	0.00000000e+00	1	7	-5.87702000e-05	2.24718000e-04	-5.50464000e-01	-2.09662000e-04
3.26403102e+01	2026-09-04T17:33:21.613928	0.00000000e+00	1	7	-6.17266000e-05	1.78888000e-04	-6.00516000e-01	-1.67684000e-04
3.26489958e+01	2026-09-04T17:33:21.626590	0.00000000e+00	1	7	-6.15358000e-05	1.36002000e-04	-6.50545000e-01	-1.01620000e-04
3.26972629e+01	2026-09-04T17:33:21.673910	0.00000000e+00	1	7	-6.46830000e-05	8.01980000e-05	-7.00601000e-01	-7.93610000e-05
3.27099851e+01	2026-09-04T17:33:21.683864	0.00000000e+00	1	7	-6.10113000e-05	8.43694000e-05	-7.50629000e-01	-8.17325000e-05
3.27323047e+01	2026-09-04T17:33:21.705921	0.00000000e+00	1	7	-6.92844000e-05	8.44530000e-05	-8.00696000e-01	-8.16587000e-05
3.27408966e+01	2026-09-04T17:33:21.716717	0.00000000e+00	1	7	-6.25372000e-05	7.77772000e-05	-8.50680000e-01	-8.17753000e-05
3.27716538e+01	2026-09-04T17:33:21.749011	0.00000000e+00	1	7	-6.74009000e-05	8.55962000e-05	-9.00746000e-01	-8.71547000e-05
3.27924070e+01	2026-09-04T17:33:21.769768	0.00000000e+00	1	7	-6.41584000e-05	7.73974000e-05	-9.50796000e-01	-8.14985000e-05
3.28088666e+01	2026-09-04T17:33:21.785788	0.00000000e+00	1	7	-6.68526000e-05	7.18080000e-05	-1.00082000e+00	-6.96975000e-05
3.28334080e+01	2026-09-04T17:33:21.804089	0.00000000e+00	1	7	-6.84738000e-05	7.48489000e-05	-1.05085000e+00	-6.89756000e-05
3.28566321e+01	2026-09-04T17:33:21.834035	0.00000000e+00	1	7	-6.21796000e-05	5.98724000e-05	-1.10092000e+00	-5.97094000e-05
3.28650348e+01	2026-09-04T17:33:21.834035	0.00000000e+00	1	7	-6.28948000e-05	6.89399000e-05	-1.15097000e+00	-7.23281000e-05
3.28905341e+01	2026-09-04T17:33:21.865691	0.00000000e+00	1	7	-7.14302000e-05	6.27154000e-05	-1.20100000e+00	-6.17692000e-05
3.29047674e+01	2026-09-04T17:33:21.881767	0.00000000e+00	1	7	-6.87361000e-05	6.70215000e-05	-1.25104000e+00	-6.76606000e-05
3.29125716e+01	2026-09-04T17:33:21.883894	0.00000000e+00	1	7	-6.82831000e-05	7.39587000e-05	-1.30107000e+00	-6.66338000e-05
3.29365100e+01	2026-09-04T17:33:21.914114	0.00000000e+00	1	7	-6.90937000e-05	7.15029000e-05	-1.35110000e+00	-7.23365000e-05
3.29637805e+01	2026-09-04T17:33:21.940365	0.00000000e+00	1	7	-6.62327000e-05	7.79914000e-05	-1.40113000e+00	-7.60530000e-05
3.29882317e+01	2026-09-04T17:33:21.963876	0.00000000e+00	1	7	-6.57797000e-05	8.47355000e-05	-1.45115000e+00	-8.49543000e-05
3.29956427e+01	2026-09-04T17:33:21.974068	0.00000000e+00	1	7	-6.71148000e-05	9.15798000e-05	-1.50119000e+00	-9.12006000e-05
3.30114187e+01	2026-09-04T17:33:21.988938	0.00000000e+00	1	7	-6.89268000e-05	9.27081000e-05	-1.55125000e+00	-9.39435000e-05
3.30344461e+01	2026-09-04T17:33:22.009061	0.00000000e+00	1	7	-6.87361000e-05	1.02218000e-04	-1.60127000e+00	-1.02331000e-04
3.30467482e+01	2026-09-04T17:33:22.025179	0.00000000e+00	1	7	-6.58512000e-05	1.08645000e-04	-1.65131000e+00	-1.09843000e-04
3.30957718e+01	2026-09-04T17:33:22.074272	0.00000000e+00	1	7	-6.77586000e-05	1.21610000e-04	-1.70134000e+00	-1.20985000e-04
3.31039210e+01	2026-09-04T17:33:22.074272	0.00000000e+00	1	7	-6.42538000e-05	1.31919000e-04	-1.75137000e+00	-1.34151000e-04
3.31279487e+01	2026-09-04T17:33:22.105244	0.00000000e+00	1	7	-7.35998000e-05	1.50457000e-04	-1.80139000e+00	-1.49077000e-04
3.31565144e+01	2026-09-04T17:33:22.134291	0.00000000e+00	1	7	-6.61373000e-05	1.65772000e-04	-1.85145000e+00	-1.66079000e-04
3.31809491e+01	2026-09-04T17:33:22.154033	0.00000000e+00	1	7	-7.17163000e-05	1.76514000e-04	-1.90147000e+00	-1.76124000e-04
3.31892414e+01	2026-09-04T17:33:22.164193	0.00000000e+00	1	7	-7.25985000e-05	1.97781000e-04	-1.95151000e+00	-1.98338000e-04
3.32215342e+01	2026-09-04T17:33:22.193868	0.00000000e+00	1	7	-7.00951000e-05	2.14264000e-04	-2.00154000e+00	-2.12921000e-04
3.32435289e+01	2026-09-04T17:33:22.216874	0.00000000e+00	1	7	-6.91891000e-05	2.30234000e-04	-2.05180000e+00	-2.31171000e-04
3.32551032e+01	2026-09-04T17:33:22.232845	0.00000000e+00	1	7	-7.57456000e-05	2.62780000e-04	-2.10171000e+00	-2.52216000e-04
3.32831662e+01	2026-09-04T17:33:22.259123	0.00000000e+00	1	7	-7.52211000e-05	2.84546000e-04	-2.15200000e+00	-2.84157000e-04
3.33070532e+01	2026-09-04T17:33:22.283921	0.00000000e+00	1	7	-7.21455000e-05	3.15554000e-04	-2.20212000e+00	-3.11897000e-04
3.33146511e+01	2026-09-04T17:33:22.283921	0.00000000e+00	1	7	-7.45773000e-05	3.12682000e-04	-2.20192000e+00	-3.12387000e-04
3.33281013e+01	2026-09-04T17:33:22.303867	0.00000000e+00	1	7	-6.92844000e-05	2.70983000e-04	-2.15198000e+00	-2.73647000e-04
3.33501005e+01	2026-09-04T17:33:22.328022	0.00000000e+00	1	7	-7.11679000e-05	2.46415000e-04	-2.10192000e+00	-2.45024000e-04
3.33787770e+01	2026-09-04T17:33:22.354884	0.00000000e+00	1	7	-7.76529000e-05	2.27812000e-04	-2.05174000e+00	-2.28721000e-04
3.33874395e+01	2026-09-04T17:33:22.363829	0.00000000e+00	1	7	-7.15256000e-05	2.07381000e-04	-2.00151000e+00	-2.06688000e-04
3.33955883e+01	2026-09-04T17:33:22.373786	0.00000000e+00	1	7	-6.74009000e-05	1.87973000e-04	-1.95152000e+00	-1.88319000e-04
3.34289207e+01	2026-09-04T17:33:22.407365	0.00000000e+00	1	7	-7.10726000e-05	1.71609000e-04	-1.90146000e+00	-1.72609000e-04
3.34509170e+01	2026-09-04T17:33:22.424332	0.00000000e+00	1	7	-6.94513000e-05	1.58378000e-04	-1.85144000e+00	-1.59146000e-04
3.34609837e+01	2026-09-04T17:33:22.438887	0.00000000e+00	1	7	-6.99043000e-05	1.45056000e-04	-1.80139000e+00	-1.43706000e-04
3.34895203e+01	2026-09-04T17:33:22.464228	0.00000000e+00	1	7	-7.70092000e-05	1.31420000e-04	-1.75136000e+00	-1.31567000e-04
3.34972677e+01	2026-09-04T17:33:22.473871	0.00000000e+00	1	7	-7.01666000e-05	1.19816000e-04	-1.70133000e+00	-1.20076000e-04
3.35047419e+01	2026-09-04T17:33:22.473871	0.00000000e+00	1	7	-6.81162000e-05	1.09128000e-04	-1.65130000e+00	-1.09274000e-04
3.35244321e+01	2026-09-04T17:33:22.501946	0.00000000e+00	1	7	-7.06196000e-05	1.00333000e-04	-1.60127000e+00	-1.00025000e-04
3.35393182e+01	2026-09-04T17:33:22.517713	0.00000000e+00	1	7	-7.11679000e-05	9.07772000e-05	-1.55124000e+00	-9.06350000e-05
3.35644147e+01	2026-09-04T17:33:22.534062	0.00000000e+00	1	7	-7.16209000e-05	8.18928000e-05	-1.50119000e+00	-8.19691000e-05
3.35878965e+01	2026-09-04T17:33:22.565744	0.00000000e+00	1	7	-7.00951000e-05	7.38142000e-05	-1.45118000e+00	-7.45998000e-05
3.36182698e+01	2026-09-04T17:33:22.593929	0.00000000e+00	1	7	-6.63996000e-05	6.69814000e-05	-1.40111000e+00	-6.66011000e-05
3.36421495e+01	2026-09-04T17:33:22.614055	0.00000000e+00	1	7	-6.80208000e-05	5.98416000e-05	-1.35111000e+00	-5.97919000e-05
3.36522267e+01	2026-09-04T17:33:22.629903	0.00000000e+00	1	7	-6.85692000e-05	5.33465000e-05	-1.30105000e+00	-5.32649000e-05
3.36822041e+01	2026-09-04T17:33:22.659132	0.00000000e+00	1	7	-6.88314000e-05	4.71148000e-05	-1.25104000e+00	-4.71062000e-05
3.37041709e+01	2026-09-04T17:33:22.677616	0.00000000e+00	1	7	-6.89983000e-05	4.21241000e-05	-1.20098000e+00	-4.19644000e-05
3.37162565e+01	2026-09-04T17:33:22.693946	0.00000000e+00	1	7	-6.72102000e-05	3.70435000e-05	-1.15097000e+00	-3.65129000e-05
3.37451449e+01	2026-09-04T17:33:22.722874	0.00000000e+00	1	7	-6.83785000e-05	3.18696000e-05	-1.10090000e+00	-3.18984000e-05
3.37730445e+01	2026-09-04T17:33:22.749290	0.00000000e+00	1	7	-6.97374000e-05	2.79188000e-05	-1.05085000e+00	-2.80050000e-05
3.37953297e+01	2026-09-04T17:33:22.773204	0.00000000e+00	1	7	-6.44207000e-05	2.42452000e-05	-1.00082000e+00	-2.42472000e-05
3.38030627e+01	2026-09-04T17:33:22.774276	0.00000000e+00	1	7	-6.45161000e-05	2.09631000e-05	-9.50777000e-01	-2.08733000e-05
3.38276520e+01	2026-09-04T17:33:22.805015	0.00000000e+00	1	7	-6.61373000e-05	1.76043000e-05	-9.00739000e-01	-1.77436000e-05
3.38491112e+01	2026-09-04T17:33:22.824051	0.00000000e+00	1	7	-6.44207000e-05	1.49383000e-05	-8.50693000e-01	-1.49189000e-05
3.38755276e+01	2026-09-04T17:33:22.854005	0.00000000e+00	1	7	-6.60419000e-05	1.24245000e-05	-8.00685000e-01	-1.25624000e-05
3.38838091e+01	2026-09-04T17:33:22.854005	0.00000000e+00	1	7	-6.33478000e-05	1.02532000e-05	-7.50607000e-01	-1.03150000e-05
3.39081855e+01	2026-09-04T17:33:22.884979	0.00000000e+00	1	7	-4.37498000e-05	8.48912000e-06	-7.00607000e-01	-8.34635000e-06
3.39388962e+01	2026-09-04T17:33:22.916800	0.00000000e+00	1	7	-6.72102000e-05	6.90025000e-06	-6.50531000e-01	-6.83690000e-06
3.39467220e+01	2026-09-04T17:33:22.923846	0.00000000e+00	1	7	-6.43253000e-05	5.47992000e-06	-6.00523000e-01	-5.40934000e-06
3.39619871e+01	2026-09-04T17:33:22.939912	0.00000000e+00	1	7	-7.72715000e-05	4.38892000e-06	-5.50462000e-01	-4.37718000e-06
3.39875073e+01	2026-09-04T17:33:22.965209	0.00000000e+00	1	7	-7.12633000e-05	3.50899000e-06	-5.00413000e-01	-3.53003000e-06
3.39954120e+01	2026-09-04T17:33:22.969079	0.00000000e+00	1	7	-6.84738000e-05	2.72002000e-06	-4.50366000e-01	-2.80767000e-06
3.40206821e+01	2026-09-04T17:33:22.996870	0.00000000e+00	1	7	-6.98090000e-05	2.02619000e-06	-4.00370000e-01	-2.08265000e-06
3.40336303e+01	2026-09-04T17:33:23.008944	0.00000000e+00	1	7	-7.44104000e-05	1.54421000e-06	-3.50296000e-01	-1.50654000e-06
3.40561445e+01	2026-09-04T17:33:23.034191	0.00000000e+00	1	7	-6.62327000e-05	1.16926000e-06	-3.00262000e-01	-1.17020000e-06
3.40636821e+01	2026-09-04T17:33:23.034191	0.00000000e+00	1	7	-6.91891000e-05	8.53412000e-07	-2.50198000e-01	-8.77701000e-07
3.40761770e+01	2026-09-04T17:33:23.053771	0.00000000e+00	1	7	-6.09159000e-05	5.62036000e-07	-2.00079000e-01	-5.40576000e-07
3.40892494e+01	2026-09-04T17:33:23.064275	0.00000000e+00	1	7	-6.96421000e-05	3.42462000e-07	-1.50043000e-01	-3.42046000e-07
3.41152931e+01	2026-09-04T17:33:23.092866	0.00000000e+00	1	7	-6.54936000e-05	2.24633000e-07	-1.00006000e-01	-2.22294000e-07
3.41231377e+01	2026-09-04T17:33:23.093941	0.00000000e+00	1	7	-6.21796000e-05	1.02315000e-07	-4.99593000e-02	-1.01571000e-07
3.41481848e+01	2026-09-04T17:33:23.124212	0.00000000e+00	1	7	-6.39677000e-05	-1.72138000e-10	3.20911000e-05	-9.55462000e-11
3.67943248e+01	2026-09-04T17:33:25.768970	0.00000000e+00	1	8	-5.80311000e-05	-4.02925000e-08	2.84195000e-05	4.14604000e-08
3.68189963e+01	2026-09-04T17:33:25.793949	0.00000000e+00	1	8	7.17282000e-04	-1.87464000e-08	-4.99103000e-02	-1.54208000e-05
3.68463926e+01	2026-09-04T17:33:25.823871	0.00000000e+00	1	8	-1.08933000e-04	7.00473000e-05	-9.99961000e-02	-7.00692000e-05
3.68797516e+01	2026-09-04T17:33:25.856060	0.00000000e+00	1	8	-5.84841000e-05	1.11147000e-04	-1.50037000e-01	-1.11261000e-04
3.68979593e+01	2026-09-04T17:33:25.873930	0.00000000e+00	1	8	-6.11782000e-05	1.59060000e-04	-2.00076000e-01	-1.58726000e-04
3.69267071e+01	2026-09-04T17:33:25.904108	0.00000000e+00	1	8	-6.00100000e-05	2.17607000e-04	-2.50201000e-01	-2.18323000e-04
3.69355681e+01	2026-09-04T17:33:25.904108	0.00000000e+00	1	8	-6.18219000e-05	2.89916000e-04	-3.00260000e-01	-2.88504000e-04
3.69517501e+01	2026-09-04T17:33:25.925736	0.00000000e+00	1	8	-6.01053000e-05	3.67992000e-04	-3.50297000e-01	-3.67344000e-04
3.69771495e+01	2026-09-04T17:33:25.953957	0.00000000e+00	1	8	-5.90324000e-05	4.20475000e-04	-4.00311000e-01	-4.36968000e-04
3.69848103e+01	2026-09-04T17:33:25.962565	0.00000000e+00	1	8	-5.66959000e-05	6.25539000e-04	-4.50390000e-01	-5.70729000e-04
3.70053995e+01	2026-09-04T17:33:25.983220	0.00000000e+00	1	8	-6.51360000e-05	2.49862000e-04	-5.00437000e-01	-2.47675000e-04
3.70376552e+01	2026-09-04T17:33:26.014998	0.00000000e+00	1	8	-5.77688000e-05	1.95928000e-04	-5.50472000e-01	-1.95564000e-04
3.70455798e+01	2026-09-04T17:33:26.017015	0.00000000e+00	1	8	-5.47171000e-05	1.87665000e-04	-6.00518000e-01	-1.77555000e-04
3.70689465e+01	2026-09-04T17:33:26.046707	0.00000000e+00	1	8	-6.51360000e-05	1.39774000e-04	-6.50522000e-01	-1.33446000e-04
3.70844962e+01	2026-09-04T17:33:26.062479	0.00000000e+00	1	8	-5.66959000e-05	1.40381000e-04	-7.00590000e-01	-1.16290000e-04
3.71074610e+01	2026-09-04T17:33:26.084160	0.00000000e+00	1	8	-5.28336000e-05	1.23214000e-04	-7.50633000e-01	-1.16632000e-04
3.71150905e+01	2026-09-04T17:33:26.089301	0.00000000e+00	1	8	-5.07593000e-05	1.09235000e-04	-8.00674000e-01	-9.45371000e-05
3.71483037e+01	2026-09-04T17:33:26.126236	0.00000000e+00	1	8	-5.61476000e-05	1.00069000e-04	-8.50693000e-01	-8.67233000e-05
3.71696035e+01	2026-09-04T17:33:26.143915	0.00000000e+00	1	8	-4.96864000e-05	8.56888000e-05	-9.00750000e-01	-7.73871000e-05
3.71794907e+01	2026-09-04T17:33:26.153971	0.00000000e+00	1	8	-5.88417000e-05	8.71801000e-05	-9.50779000e-01	-7.60639000e-05
3.72280580e+01	2026-09-04T17:33:26.205110	0.00000000e+00	1	8	-5.63383000e-05	7.19269000e-05	-1.00083000e+00	-7.19286000e-05
3.72356630e+01	2026-09-04T17:33:26.213887	0.00000000e+00	1	8	-5.91278000e-05	9.58363000e-05	-1.05084000e+00	-9.30860000e-05
3.72589864e+01	2026-09-04T17:33:26.236620	0.00000000e+00	1	8	-6.01053000e-05	8.22896000e-05	-1.10090000e+00	-8.11242000e-05
3.72898827e+01	2026-09-04T17:33:26.263912	0.00000000e+00	1	8	-5.04971000e-05	1.01946000e-04	-1.15098000e+00	-7.86443000e-05
3.73116378e+01	2026-09-04T17:33:26.289081	0.00000000e+00	1	8	-6.13689000e-05	1.15956000e-04	-1.20098000e+00	-9.71252000e-05
3.73385557e+01	2026-09-04T17:33:26.316387	0.00000000e+00	1	8	-6.06537000e-05	1.19289000e-04	-1.25103000e+00	-1.05130000e-04
3.73604062e+01	2026-09-04T17:33:26.334166	0.00000000e+00	1	8	-6.16312000e-05	1.17500000e-04	-1.30104000e+00	-1.15480000e-04
3.73864258e+01	2026-09-04T17:33:26.364130	0.00000000e+00	1	8	-6.02007000e-05	8.83942000e-05	-1.35112000e+00	-8.65239000e-05
3.74004836e+01	2026-09-04T17:33:26.374923	0.00000000e+00	1	8	-5.92947000e-05	9.85818000e-05	-1.40112000e+00	-1.03881000e-04
3.74180010e+01	2026-09-04T17:33:26.396057	0.00000000e+00	1	8	-6.27041000e-05	9.44509000e-05	-1.45116000e+00	-1.00527000e-04
3.74399940e+01	2026-09-04T17:33:26.413862	0.00000000e+00	1	8	-5.81265000e-05	8.70381000e-05	-1.50120000e+00	-8.57043000e-05
3.74497656e+01	2026-09-04T17:33:26.428224	0.00000000e+00	1	8	-6.53267000e-05	9.46708000e-05	-1.55124000e+00	-9.21137000e-05
3.74972680e+01	2026-09-04T17:33:26.475168	0.00000000e+00	1	8	-6.30856000e-05	9.72861000e-05	-1.60126000e+00	-9.98368000e-05
3.75172961e+01	2026-09-04T17:33:26.494199	0.00000000e+00	1	8	-5.32627000e-05	1.05280000e-04	-1.65133000e+00	-1.06222000e-04
3.75455694e+01	2026-09-04T17:33:26.523022	0.00000000e+00	1	8	-6.53267000e-05	1.12726000e-04	-1.70132000e+00	-1.13485000e-04
3.75688464e+01	2026-09-04T17:33:26.543914	0.00000000e+00	1	8	-6.69479000e-05	1.25496000e-04	-1.75137000e+00	-1.30970000e-04
3.75971574e+01	2026-09-04T17:33:26.574315	0.00000000e+00	1	8	-6.39677000e-05	1.34056000e-04	-1.80139000e+00	-1.33850000e-04
3.76047475e+01	2026-09-04T17:33:26.580647	0.00000000e+00	1	8	-6.52313000e-05	1.45434000e-04	-1.85145000e+00	-1.45181000e-04
3.76264083e+01	2026-09-04T17:33:26.604160	0.00000000e+00	1	8	-5.89371000e-05	1.64259000e-04	-1.90147000e+00	-1.63292000e-04
3.76563368e+01	2026-09-04T17:33:26.634126	0.00000000e+00	1	8	-6.73056000e-05	1.85070000e-04	-1.95151000e+00	-1.83906000e-04
3.76641928e+01	2026-09-04T17:33:26.634126	0.00000000e+00	1	8	-6.10113000e-05	2.03821000e-04	-2.00153000e+00	-2.03420000e-04
3.76718772e+01	2026-09-04T17:33:26.649963	0.00000000e+00	1	8	-5.94854000e-05	2.32443000e-04	-2.05171000e+00	-2.21928000e-04
3.77074334e+01	2026-09-04T17:33:26.684029	0.00000000e+00	1	8	-5.54323000e-05	2.49300000e-04	-2.10165000e+00	-2.47171000e-04
3.77151426e+01	2026-09-04T17:33:26.684029	0.00000000e+00	1	8	-6.28948000e-05	2.74434000e-04	-2.15197000e+00	-2.69704000e-04
3.77360889e+01	2026-09-04T17:33:26.713763	0.00000000e+00	1	8	-6.17266000e-05	3.09371000e-04	-2.20204000e+00	-3.14771000e-04
3.77569972e+01	2026-09-04T17:33:26.733919	0.00000000e+00	1	8	-6.32525000e-05	3.12393000e-04	-2.20197000e+00	-3.06584000e-04
3.77862779e+01	2026-09-04T17:33:26.763924	0.00000000e+00	1	8	-6.19173000e-05	2.77732000e-04	-2.15194000e+00	-2.75853000e-04
3.77938188e+01	2026-09-04T17:33:26.763924	0.00000000e+00	1	8	-6.38008000e-05	2.53004000e-04	-2.10184000e+00	-2.52891000e-04
3.78285934e+01	2026-09-04T17:33:26.804255	0.00000000e+00	1	8	-6.96421000e-05	2.26369000e-04	-2.05185000e+00	-2.27308000e-04
3.78517952e+01	2026-09-04T17:33:26.824100	0.00000000e+00	1	8	-6.47783000e-05	2.07213000e-04	-2.00153000e+00	-2.04542000e-04
3.78623873e+01	2026-09-04T17:33:26.840128	0.00000000e+00	1	8	-6.35147000e-05	1.84657000e-04	-1.95152000e+00	-1.87756000e-04
3.79111459e+01	2026-09-04T17:33:26.888424	0.00000000e+00	1	8	-6.54936000e-05	1.74939000e-04	-1.90147000e+00	-1.73500000e-04
3.79190636e+01	2026-09-04T17:33:26.894151	0.00000000e+00	1	8	-6.49691000e-05	1.59526000e-04	-1.85144000e+00	-1.59580000e-04
3.79417888e+01	2026-09-04T17:33:26.919894	0.00000000e+00	1	8	-6.25372000e-05	1.42461000e-04	-1.80139000e+00	-1.43402000e-04
3.79551964e+01	2026-09-04T17:33:26.928884	0.00000000e+00	1	8	-6.40631000e-05	1.29879000e-04	-1.75137000e+00	-1.30098000e-04
3.79769556e+01	2026-09-04T17:33:26.954294	0.00000000e+00	1	8	-6.34432000e-05	1.19283000e-04	-1.70132000e+00	-1.19478000e-04
3.79851474e+01	2026-09-04T17:33:26.954294	0.00000000e+00	1	8	-6.12736000e-05	1.09426000e-04	-1.65131000e+00	-1.08507000e-04
3.79983429e+01	2026-09-04T17:33:26.974147	0.00000000e+00	1	8	-6.03676000e-05	9.89513000e-05	-1.60126000e+00	-9.89403000e-05
3.80210057e+01	2026-09-04T17:33:26.999045	0.00000000e+00	1	8	-6.19173000e-05	8.82542000e-05	-1.55125000e+00	-8.79764000e-05
3.80418162e+01	2026-09-04T17:33:27.014178	0.00000000e+00	1	8	-6.38723000e-05	7.98223000e-05	-1.50120000e+00	-7.94987000e-05
3.80525574e+01	2026-09-04T17:33:27.030244	0.00000000e+00	1	8	-6.03676000e-05	7.21655000e-05	-1.45115000e+00	-7.22134000e-05
3.80834262e+01	2026-09-04T17:33:27.056962	0.00000000e+00	1	8	-6.64949000e-05	6.48500000e-05	-1.40110000e+00	-6.49080000e-05
3.81065134e+01	2026-09-04T17:33:27.084168	0.00000000e+00	1	8	-6.74009000e-05	5.86742000e-05	-1.35111000e+00	-5.88348000e-05
3.81238654e+01	2026-09-04T17:33:27.098992	0.00000000e+00	1	8	-7.21455000e-05	5.27390000e-05	-1.30105000e+00	-5.28711000e-05
3.81475924e+01	2026-09-04T17:33:27.124968	0.00000000e+00	1	8	-6.83785000e-05	4.70288000e-05	-1.25102000e+00	-4.67359000e-05
3.81555095e+01	2026-09-04T17:33:27.134022	0.00000000e+00	1	8	-6.29902000e-05	4.13568000e-05	-1.20098000e+00	-4.11319000e-05
3.81794651e+01	2026-09-04T17:33:27.156843	0.00000000e+00	1	8	-6.15358000e-05	3.59666000e-05	-1.15096000e+00	-3.60119000e-05
3.82004080e+01	2026-09-04T17:33:27.173983	0.00000000e+00	1	8	-6.03676000e-05	3.10294000e-05	-1.10090000e+00	-3.08977000e-05
3.82169765e+01	2026-09-04T17:33:27.194676	0.00000000e+00	1	8	-7.17878000e-05	2.72307000e-05	-1.05084000e+00	-2.72925000e-05
3.82246407e+01	2026-09-04T17:33:27.199388	0.00000000e+00	1	8	-6.23465000e-05	2.34094000e-05	-1.00083000e+00	-2.33683000e-05
3.82631752e+01	2026-09-04T17:33:27.236471	0.00000000e+00	1	8	-6.59466000e-05	1.97758000e-05	-9.50803000e-01	-1.96137000e-05
3.82811549e+01	2026-09-04T17:33:27.253959	0.00000000e+00	1	8	-6.23465000e-05	1.64744000e-05	-9.00750000e-01	-1.65484000e-05
3.82947433e+01	2026-09-04T17:33:27.268479	0.00000000e+00	1	8	-6.54221000e-05	1.39187000e-05	-8.50691000e-01	-1.36756000e-05
3.83229970e+01	2026-09-04T17:33:27.300182	0.00000000e+00	1	8	-6.29902000e-05	1.14234000e-05	-8.00691000e-01	-1.14356000e-05
3.83372022e+01	2026-09-04T17:33:27.313913	0.00000000e+00	1	8	-4.89473000e-05	9.47091000e-06	-7.50630000e-01	-9.32487000e-06
3.83748016e+01	2026-09-04T17:33:27.349261	0.00000000e+00	1	8	-7.21455000e-05	7.70617000e-06	-7.00598000e-01	-7.52572000e-06
3.84021701e+01	2026-09-04T17:33:27.379969	0.00000000e+00	1	8	-6.94513000e-05	6.03734000e-06	-6.50546000e-01	-6.05997000e-06
3.84155099e+01	2026-09-04T17:33:27.390629	0.00000000e+00	1	8	-6.41584000e-05	4.87472000e-06	-6.00514000e-01	-5.01715000e-06
3.84410413e+01	2026-09-04T17:33:27.414151	0.00000000e+00	1	8	-6.54221000e-05	3.92826000e-06	-5.50464000e-01	-3.93831000e-06
3.84493274e+01	2026-09-04T17:33:27.423901	0.00000000e+00	1	8	-6.62327000e-05	3.13074000e-06	-5.00438000e-01	-3.13751000e-06
3.84889860e+01	2026-09-04T17:33:27.463905	0.00000000e+00	1	8	-6.71148000e-05	2.32468000e-06	-4.50373000e-01	-2.30390000e-06
3.85140159e+01	2026-09-04T17:33:27.492151	0.00000000e+00	1	8	-6.81162000e-05	1.58349000e-06	-4.00373000e-01	-1.61777000e-06
3.85227200e+01	2026-09-04T17:33:27.494822	0.00000000e+00	1	8	-7.35998000e-05	1.19764000e-06	-3.50314000e-01	-1.17261000e-06
3.85466016e+01	2026-09-04T17:33:27.524172	0.00000000e+00	1	8	-7.42197000e-05	8.21620000e-07	-3.00266000e-01	-7.87019000e-07
3.85771883e+01	2026-09-04T17:33:27.555012	0.00000000e+00	1	8	-6.84738000e-05	5.48192000e-07	-2.50206000e-01	-5.36117000e-07
3.86106389e+01	2026-09-04T17:33:27.587199	0.00000000e+00	1	8	-7.70092000e-05	3.66257000e-07	-2.00077000e-01	-3.57433000e-07
3.86188305e+01	2026-09-04T17:33:27.595235	0.00000000e+00	1	8	-7.18832000e-05	2.07147000e-07	-1.50041000e-01	-2.06896000e-07
3.86273480e+01	2026-09-04T17:33:27.604192	0.00000000e+00	1	8	-6.61373000e-05	1.02214000e-07	-9.99956000e-02	-1.13080000e-07
3.86350585e+01	2026-09-04T17:33:27.604192	0.00000000e+00	1	8	-7.63893000e-05	4.58069000e-08	-4.99510000e-02	-4.27239000e-08
3.87385336e+01	2026-09-04T17:33:27.714692	0.00000000e+00	1	8	-4.55379000e-05	3.00140000e-08	2.19345000e-05	-1.98254000e-08
4.13441086e+01	2026-09-04T17:33:30.317790	0.00000000e+00	1	9	-5.64098000e-05	-6.27836000e-08	3.85046000e-05	6.45654000e-08
4.13558621e+01	2026-09-04T17:33:30.333949	0.00000000e+00	1	9	-1.10650000e-04	2.30123000e-05	-4.98944000e-02	-2.28708000e-05
4.14090109e+01	2026-09-04T17:33:30.383990	0.00000000e+00	1	9	-6.75678000e-05	4.76513000e-05	-9.99963000e-02	-4.76630000e-05
4.14176633e+01	2026-09-04T17:33:30.396143	0.00000000e+00	1	9	-6.75678000e-05	7.61993000e-05	-1.50028000e-01	-7.59747000e-05
4.14496412e+01	2026-09-04T17:33:30.427893	0.00000000e+00	1	9	-6.40631000e-05	1.10280000e-04	-2.00069000e-01	-1.09913000e-04
4.14764173e+01	2026-09-04T17:33:30.454323	0.00000000e+00	1	9	-6.54221000e-05	1.52106000e-04	-2.50190000e-01	-1.51652000e-04
4.14984425e+01	2026-09-04T17:33:30.476709	0.00000000e+00	1	9	-6.79255000e-05	2.01329000e-04	-3.00269000e-01	-2.01473000e-04
4.15129774e+01	2026-09-04T17:33:30.486296	0.00000000e+00	1	9	-6.63996000e-05	2.61243000e-04	-3.50308000e-01	-3.65668000e-04
4.15377901e+01	2026-09-04T17:33:30.514191	0.00000000e+00	1	9	-5.65052000e-05	4.21104000e-04	-4.00339000e-01	-4.30816000e-04
4.15452855e+01	2026-09-04T17:33:30.523752	0.00000000e+00	1	9	-4.67062000e-05	3.66240000e-04	-4.50338000e-01	-3.92438000e-04
4.15950773e+01	2026-09-04T17:33:30.571735	0.00000000e+00	1	9	-7.06196000e-05	2.46725000e-04	-5.00415000e-01	-2.40722000e-04
4.16028802e+01	2026-09-04T17:33:30.573828	0.00000000e+00	1	9	-5.20229000e-05	2.48097000e-04	-5.50471000e-01	-2.39993000e-04
4.16258287e+01	2026-09-04T17:33:30.603754	0.00000000e+00	1	9	-6.92844000e-05	1.96729000e-04	-6.00490000e-01	-2.00642000e-04
4.16551993e+01	2026-09-04T17:33:30.626181	0.00000000e+00	1	9	-5.80311000e-05	1.68119000e-04	-6.50524000e-01	-1.65446000e-04
4.16776475e+01	2026-09-04T17:33:30.653818	0.00000000e+00	1	9	-6.38723000e-05	1.73754000e-04	-7.00586000e-01	-1.73989000e-04
4.16852602e+01	2026-09-04T17:33:30.653818	0.00000000e+00	1	9	-3.76225000e-05	1.54608000e-04	-7.50625000e-01	-1.14932000e-04
4.17003704e+01	2026-09-04T17:33:30.673887	0.00000000e+00	1	9	-6.26326000e-05	1.50577000e-04	-8.00699000e-01	-1.15601000e-04
4.17362160e+01	2026-09-04T17:33:30.713978	0.00000000e+00	1	9	-6.66618000e-05	1.00926000e-04	-8.50662000e-01	-1.00139000e-04
4.17445495e+01	2026-09-04T17:33:30.713978	0.00000000e+00	1	9	-7.27892000e-05	2.57078000e-04	-9.00728000e-01	-2.53380000e-04
4.17700407e+01	2026-09-04T17:33:30.745696	0.00000000e+00	1	9	-5.79596000e-05	6.55251000e-05	-9.50769000e-01	-6.61116000e-05
4.18002199e+01	2026-09-04T17:33:30.777639	0.00000000e+00	1	9	-5.73158000e-05	7.00987000e-05	-1.00082000e+00	-7.01534000e-05
4.18083813e+01	2026-09-04T17:33:30.783813	0.00000000e+00	1	9	-6.52313000e-05	7.68421000e-05	-1.05085000e+00	-7.71963000e-05
4.18327594e+01	2026-09-04T17:33:30.810459	0.00000000e+00	1	9	-6.77586000e-05	7.92399000e-05	-1.10090000e+00	-7.82961000e-05
4.18635352e+01	2026-09-04T17:33:30.841475	0.00000000e+00	1	9	-6.11067000e-05	8.25895000e-05	-1.15096000e+00	-8.20215000e-05
4.18719149e+01	2026-09-04T17:33:30.844092	0.00000000e+00	1	9	-6.05583000e-05	8.89345000e-05	-1.20097000e+00	-8.86066000e-05
4.18979487e+01	2026-09-04T17:33:30.874139	0.00000000e+00	1	9	-5.82218000e-05	9.16193000e-05	-1.25103000e+00	-9.19422000e-05
4.19273333e+01	2026-09-04T17:33:30.905029	0.00000000e+00	1	9	-6.32525000e-05	9.83723000e-05	-1.30106000e+00	-9.86860000e-05
4.19355600e+01	2026-09-04T17:33:30.913853	0.00000000e+00	1	9	-6.61373000e-05	1.07319000e-04	-1.35110000e+00	-1.07214000e-04
4.19556521e+01	2026-09-04T17:33:30.934115	0.00000000e+00	1	9	-6.12736000e-05	1.11435000e-04	-1.40111000e+00	-1.10631000e-04
4.19797420e+01	2026-09-04T17:33:30.953854	0.00000000e+00	1	9	-6.12736000e-05	1.16154000e-04	-1.45115000e+00	-1.15527000e-04
4.19872869e+01	2026-09-04T17:33:30.963994	0.00000000e+00	1	9	-6.13689000e-05	1.22249000e-04	-1.50119000e+00	-1.21978000e-04
4.20101161e+01	2026-09-04T17:33:30.987642	0.00000000e+00	1	9	-6.34432000e-05	1.12348000e-04	-1.55124000e+00	-1.10619000e-04
4.20426487e+01	2026-09-04T17:33:31.020057	0.00000000e+00	1	9	-6.11067000e-05	1.17326000e-04	-1.60124000e+00	-1.16200000e-04
4.20508204e+01	2026-09-04T17:33:31.024100	0.00000000e+00	1	9	-5.73158000e-05	1.25124000e-04	-1.65129000e+00	-1.25651000e-04
4.20737927e+01	2026-09-04T17:33:31.051555	0.00000000e+00	1	9	-6.25372000e-05	1.30326000e-04	-1.70133000e+00	-1.22949000e-04
4.21022871e+01	2026-09-04T17:33:31.079317	0.00000000e+00	1	9	-6.76632000e-05	1.31229000e-04	-1.75139000e+00	-1.31899000e-04
4.21348534e+01	2026-09-04T17:33:31.108856	0.00000000e+00	1	9	-6.77586000e-05	1.45162000e-04	-1.80140000e+00	-1.46009000e-04
4.21587121e+01	2026-09-04T17:33:31.134017	0.00000000e+00	1	9	-6.68526000e-05	1.54728000e-04	-1.85144000e+00	-1.49606000e-04
4.21664318e+01	2026-09-04T17:33:31.144175	0.00000000e+00	1	9	-6.24418000e-05	1.67942000e-04	-1.90147000e+00	-1.71035000e-04
4.21865779e+01	2026-09-04T17:33:31.164044	0.00000000e+00	1	9	-6.86407000e-05	1.68755000e-04	-1.95150000e+00	-1.69862000e-04
4.22099570e+01	2026-09-04T17:33:31.184085	0.00000000e+00	1	9	-7.81775000e-05	1.93456000e-04	-2.00151000e+00	-1.91277000e-04
4.22240366e+01	2026-09-04T17:33:31.198915	0.00000000e+00	1	9	-6.76632000e-05	2.13081000e-04	-2.05176000e+00	-2.10317000e-04
4.22318812e+01	2026-09-04T17:33:31.204039	0.00000000e+00	1	9	-6.99997000e-05	2.30079000e-04	-2.10176000e+00	-2.29677000e-04
4.22723956e+01	2026-09-04T17:33:31.249267	0.00000000e+00	1	9	-6.78301000e-05	2.61607000e-04	-2.15195000e+00	-2.68802000e-04
4.22975982e+01	2026-09-04T17:33:31.275115	0.00000000e+00	1	9	-6.91891000e-05	2.98485000e-04	-2.20188000e+00	-2.97417000e-04
4.23043141e+01	2026-09-04T17:33:31.275115	0.00000000e+00	1	9	-7.09057000e-05	2.98250000e-04	-2.20194000e+00	-3.00139000e-04
4.23119516e+01	2026-09-04T17:33:31.284150	0.00000000e+00	1	9	-6.26326000e-05	2.65566000e-04	-2.15192000e+00	-2.67800000e-04
4.23437745e+01	2026-09-04T17:33:31.319032	0.00000000e+00	1	9	-7.08103000e-05	2.41460000e-04	-2.10184000e+00	-2.42211000e-04
4.23669723e+01	2026-09-04T17:33:31.344053	0.00000000e+00	1	9	-6.84738000e-05	2.19012000e-04	-2.05173000e+00	-2.19128000e-04
4.23810556e+01	2026-09-04T17:33:31.359122	0.00000000e+00	1	9	-6.68526000e-05	1.97550000e-04	-2.00153000e+00	-1.96641000e-04
4.24019622e+01	2026-09-04T17:33:31.378991	0.00000000e+00	1	9	-6.69479000e-05	1.80607000e-04	-1.95151000e+00	-1.79986000e-04
4.24255553e+01	2026-09-04T17:33:31.403879	0.00000000e+00	1	9	-6.49691000e-05	1.64280000e-04	-1.90149000e+00	-1.65681000e-04
4.24337289e+01	2026-09-04T17:33:31.403879	0.00000000e+00	1	9	-6.71148000e-05	1.51916000e-04	-1.85143000e+00	-1.51197000e-04
4.24586035e+01	2026-09-04T17:33:31.433929	0.00000000e+00	1	9	-6.86407000e-05	1.38591000e-04	-1.80138000e+00	-1.39250000e-04
4.24884066e+01	2026-09-04T17:33:31.465900	0.00000000e+00	1	9	-6.43253000e-05	1.26585000e-04	-1.75136000e+00	-1.26337000e-04
4.24975010e+01	2026-09-04T17:33:31.473964	0.00000000e+00	1	9	-7.16209000e-05	1.16533000e-04	-1.70135000e+00	-1.16636000e-04
4.25114330e+01	2026-09-04T17:33:31.489190	0.00000000e+00	1	9	-7.17163000e-05	1.05125000e-04	-1.65131000e+00	-1.05295000e-04
4.25261392e+01	2026-09-04T17:33:31.503815	0.00000000e+00	1	9	-6.85692000e-05	9.71479000e-05	-1.60126000e+00	-9.70006000e-05
4.25422876e+01	2026-09-04T17:33:31.519319	0.00000000e+00	1	9	-6.75678000e-05	8.77148000e-05	-1.55124000e+00	-8.76928000e-05
4.25497300e+01	2026-09-04T17:33:31.523936	0.00000000e+00	1	9	-7.06196000e-05	7.95228000e-05	-1.50120000e+00	-7.96629000e-05
4.25711509e+01	2026-09-04T17:33:31.545297	0.00000000e+00	1	9	-6.98090000e-05	7.28666000e-05	-1.45118000e+00	-7.27057000e-05
4.25838029e+01	2026-09-04T17:33:31.561370	0.00000000e+00	1	9	-6.62327000e-05	6.62773000e-05	-1.40109000e+00	-6.56376000e-05
4.26142452e+01	2026-09-04T17:33:31.583829	0.00000000e+00	1	9	-6.84738000e-05	5.89521000e-05	-1.35111000e+00	-5.91129000e-05
4.26529985e+01	2026-09-04T17:33:31.626517	0.00000000e+00	1	9	-7.08103000e-05	5.29182000e-05	-1.30105000e+00	-5.28831000e-05
4.26838999e+01	2026-09-04T17:33:31.657090	0.00000000e+00	1	9	-6.87361000e-05	4.70227000e-05	-1.25104000e+00	-4.70187000e-05
4.26950983e+01	2026-09-04T17:33:31.672768	0.00000000e+00	1	9	-7.13587000e-05	4.17264000e-05	-1.20095000e+00	-4.14860000e-05
4.27122136e+01	2026-09-04T17:33:31.688915	0.00000000e+00	1	9	-6.47783000e-05	3.64934000e-05	-1.15097000e+00	-3.63892000e-05
4.27331717e+01	2026-09-04T17:33:31.706036	0.00000000e+00	1	9	-6.86407000e-05	3.20524000e-05	-1.10090000e+00	-3.23136000e-05
4.27407989e+01	2026-09-04T17:33:31.715787	0.00000000e+00	1	9	-6.58512000e-05	2.84999000e-05	-1.05084000e+00	-2.84447000e-05
4.27893728e+01	2026-09-04T17:33:31.764229	0.00000000e+00	1	9	-6.45161000e-05	2.47614000e-05	-1.00082000e+00	-2.46991000e-05
4.28112667e+01	2026-09-04T17:33:31.784146	0.00000000e+00	1	9	-6.60419000e-05	2.09344000e-05	-9.50774000e-01	-2.08910000e-05
4.28223156e+01	2026-09-04T17:33:31.800408	0.00000000e+00	1	9	-6.94513000e-05	1.80566000e-05	-9.00735000e-01	-1.73536000e-05
4.28528371e+01	2026-09-04T17:33:31.826633	0.00000000e+00	1	9	-8.40187000e-05	1.46301000e-05	-8.50675000e-01	-1.49031000e-05
4.28606321e+01	2026-09-04T17:33:31.833866	0.00000000e+00	1	9	-6.38008000e-05	1.21709000e-05	-8.00667000e-01	-1.22875000e-05
4.28685121e+01	2026-09-04T17:33:31.843969	0.00000000e+00	1	9	-6.54936000e-05	1.02472000e-05	-7.50621000e-01	-1.01204000e-05
4.28827331e+01	2026-09-04T17:33:31.858950	0.00000000e+00	1	9	-4.27485000e-05	8.26837000e-06	-7.00587000e-01	-8.13426000e-06
4.28987353e+01	2026-09-04T17:33:31.873926	0.00000000e+00	1	9	-6.65903000e-05	6.58438000e-06	-6.50546000e-01	-6.59482000e-06
4.29213556e+01	2026-09-04T17:33:31.899429	0.00000000e+00	1	9	-6.74725000e-05	5.24842000e-06	-6.00528000e-01	-5.21621000e-06
4.29287213e+01	2026-09-04T17:33:31.904148	0.00000000e+00	1	9	-6.86407000e-05	4.20140000e-06	-5.50433000e-01	-4.13521000e-06
4.29430634e+01	2026-09-04T17:33:31.918793	0.00000000e+00	1	9	-7.08103000e-05	3.18178000e-06	-5.00418000e-01	-3.10294000e-06
4.29654519e+01	2026-09-04T17:33:31.943045	0.00000000e+00	1	9	-7.79152000e-05	2.35390000e-06	-4.50348000e-01	-2.43241000e-06
4.29736184e+01	2026-09-04T17:33:31.949359	0.00000000e+00	1	9	-7.04527000e-05	1.80799000e-06	-4.00331000e-01	-1.76928000e-06
4.29974637e+01	2026-09-04T17:33:31.974933	0.00000000e+00	1	9	-5.82218000e-05	1.29224000e-06	-3.50294000e-01	-1.19718000e-06
4.30278494e+01	2026-09-04T17:33:32.003879	0.00000000e+00	1	9	-6.83785000e-05	8.87723000e-07	-3.00286000e-01	-8.53464000e-07
4.30527318e+01	2026-09-04T17:33:32.024120	0.00000000e+00	1	9	-5.95570000e-05	6.33973000e-07	-2.50217000e-01	-6.06330000e-07
4.30605271e+01	2026-09-04T17:33:32.038660	0.00000000e+00	1	9	-6.03676000e-05	4.01466000e-07	-2.00078000e-01	-3.80611000e-07
4.30900058e+01	2026-09-04T17:33:32.063829	0.00000000e+00	1	9	-6.12736000e-05	2.20113000e-07	-1.50045000e-01	-2.17772000e-07
4.31123564e+01	2026-09-04T17:33:32.085712	0.00000000e+00	1	9	-6.46114000e-05	1.03084000e-07	-9.99961000e-02	-1.02116000e-07
4.31200458e+01	2026-09-04T17:33:32.093764	0.00000000e+00	1	9	-7.45773000e-05	4.32089000e-08	-4.99569000e-02	-3.48308000e-08
4.32237005e+01	2026-09-04T17:33:32.199963	0.00000000e+00	1	9	-5.35488000e-05	1.90975000e-08	3.24726000e-05	-1.24248000e-08
4.57304697e+01	2026-09-04T17:33:34.704113	0.00000000e+00	1	10	-5.28336000e-05	-6.66802000e-09	4.05550000e-05	1.83003000e-08
4.57473279e+01	2026-09-04T17:33:34.723806	0.00000000e+00	1	10	-7.33376000e-05	8.27429000e-06	-4.99573000e-02	-8.27183000e-06
4.57748029e+01	2026-09-04T17:33:34.749157	0.00000000e+00	1	10	-1.60646000e-04	1.71158000e-05	-9.99462000e-02	-1.71494000e-05
4.58037585e+01	2026-09-04T17:33:34.781347	0.00000000e+00	1	10	-7.19786000e-05	2.73895000e-05	-1.50039000e-01	-2.73963000e-05
4.58117904e+01	2026-09-04T17:33:34.784107	0.00000000e+00	1	10	-7.02620000e-05	3.93600000e-05	-2.00072000e-01	-3.93859000e-05
4.58357678e+01	2026-09-04T17:33:34.814161	0.00000000e+00	1	10	-6.74009000e-05	5.40582000e-05	-2.50195000e-01	-5.40643000e-05
4.58686368e+01	2026-09-04T17:33:34.845109	0.00000000e+00	1	10	-7.60317000e-05	7.25414000e-05	-3.00247000e-01	-7.24441000e-05
4.58885015e+01	2026-09-04T17:33:34.863974	0.00000000e+00	1	10	-7.17163000e-05	9.63661000e-05	-3.50300000e-01	-9.63019000e-05
4.58962963e+01	2026-09-04T17:33:34.873778	0.00000000e+00	1	10	-7.66516000e-05	1.27489000e-04	-4.00358000e-01	-1.27380000e-04
4.59107129e+01	2026-09-04T17:33:34.883802	0.00000000e+00	1	10	-7.58410000e-05	1.67115000e-04	-4.50365000e-01	-1.66551000e-04
4.59347230e+01	2026-09-04T17:33:34.908369	0.00000000e+00	1	10	-9.03130000e-05	1.94793000e-04	-5.00401000e-01	-2.00774000e-04
4.59429928e+01	2026-09-04T17:33:34.914167	0.00000000e+00	1	10	-1.80149000e-04	3.59971000e-04	-5.50589000e-01	-2.33198000e-04
4.59623666e+01	2026-09-04T17:33:34.939873	0.00000000e+00	1	10	-7.25269000e-05	2.04335000e-04	-6.00510000e-01	-2.02252000e-04
4.59759586e+01	2026-09-04T17:33:34.953962	0.00000000e+00	1	10	-7.77245000e-05	2.53670000e-04	-6.50517000e-01	-2.30044000e-04
4.59995309e+01	2026-09-04T17:33:34.973742	0.00000000e+00	1	10	-6.38723000e-05	2.78064000e-04	-7.00605000e-01	-2.64502000e-04
4.60075146e+01	2026-09-04T17:33:34.983861	0.00000000e+00	1	10	-7.74622000e-05	3.04924000e-04	-7.50618000e-01	-2.96545000e-04
4.60424529e+01	2026-09-04T17:33:35.020047	0.00000000e+00	1	10	-7.14302000e-05	3.63941000e-04	-8.00685000e-01	-2.29338000e-04
4.60653795e+01	2026-09-04T17:33:35.036044	0.00000000e+00	1	10	-6.90937000e-05	2.13646000e-04	-8.50688000e-01	-2.00172000e-04
4.60732429e+01	2026-09-04T17:33:35.051690	0.00000000e+00	1	10	-6.02961000e-05	1.94464000e-04	-9.00751000e-01	-1.52119000e-04
4.61241445e+01	2026-09-04T17:33:35.101021	0.00000000e+00	1	10	-6.25372000e-05	1.45926000e-04	-9.50774000e-01	-1.34769000e-04
4.61322193e+01	2026-09-04T17:33:35.104086	0.00000000e+00	1	10	-6.42538000e-05	1.41376000e-04	-1.00083000e+00	-1.33134000e-04
4.61534595e+01	2026-09-04T17:33:35.131357	0.00000000e+00	1	10	-6.37054000e-05	1.23529000e-04	-1.05084000e+00	-1.14313000e-04
4.61857747e+01	2026-09-04T17:33:35.163991	0.00000000e+00	1	10	-7.48634000e-05	1.10463000e-04	-1.10092000e+00	-1.13117000e-04
4.61943360e+01	2026-09-04T17:33:35.163991	0.00000000e+00	1	10	-6.14643000e-05	1.22965000e-04	-1.15095000e+00	-1.13400000e-04
4.62163511e+01	2026-09-04T17:33:35.194045	0.00000000e+00	1	10	-6.63996000e-05	1.03969000e-04	-1.20097000e+00	-1.05895000e-04
4.62388628e+01	2026-09-04T17:33:35.213897	0.00000000e+00	1	10	-6.82116000e-05	1.12947000e-04	-1.25102000e+00	-1.07537000e-04
4.62530215e+01	2026-09-04T17:33:35.230769	0.00000000e+00	1	10	-6.70195000e-05	1.26122000e-04	-1.30106000e+00	-1.19365000e-04
4.62612221e+01	2026-09-04T17:33:35.238989	0.00000000e+00	1	10	-7.16209000e-05	1.18030000e-04	-1.35111000e+00	-1.13979000e-04
4.62691877e+01	2026-09-04T17:33:35.246132	0.00000000e+00	1	10	-6.52313000e-05	1.11953000e-04	-1.40111000e+00	-1.07338000e-04
4.62767905e+01	2026-09-04T17:33:35.254169	0.00000000e+00	1	10	-7.35045000e-05	1.13571000e-04	-1.45117000e+00	-1.10259000e-04
4.62909979e+01	2026-09-04T17:33:35.268440	0.00000000e+00	1	10	-7.47681000e-05	1.21848000e-04	-1.50120000e+00	-1.20930000e-04
4.63140609e+01	2026-09-04T17:33:35.290155	0.00000000e+00	1	10	-7.36952000e-05	1.17783000e-04	-1.55125000e+00	-1.18574000e-04
4.63221525e+01	2026-09-04T17:33:35.294169	0.00000000e+00	1	10	-6.58512000e-05	1.33240000e-04	-1.60126000e+00	-1.31950000e-04
4.63440998e+01	2026-09-04T17:33:35.321727	0.00000000e+00	1	10	-6.68526000e-05	1.30114000e-04	-1.65131000e+00	-1.30417000e-04
4.63771706e+01	2026-09-04T17:33:35.353946	0.00000000e+00	1	10	-7.12633000e-05	1.37474000e-04	-1.70133000e+00	-1.35479000e-04
4.63855340e+01	2026-09-04T17:33:35.364000	0.00000000e+00	1	10	-7.00951000e-05	1.61857000e-04	-1.75138000e+00	-1.62976000e-04
4.64084532e+01	2026-09-04T17:33:35.385991	0.00000000e+00	1	10	-7.39574000e-05	1.53426000e-04	-1.80138000e+00	-1.43798000e-04
4.64325557e+01	2026-09-04T17:33:35.404138	0.00000000e+00	1	10	-6.59466000e-05	1.64170000e-04	-1.85144000e+00	-1.62705000e-04
4.64564784e+01	2026-09-04T17:33:35.433948	0.00000000e+00	1	10	-6.54936000e-05	1.74315000e-04	-1.90148000e+00	-1.73969000e-04
4.64649098e+01	2026-09-04T17:33:35.433948	0.00000000e+00	1	10	-6.99043000e-05	1.92321000e-04	-1.95152000e+00	-1.93321000e-04
4.64887458e+01	2026-09-04T17:33:35.465785	0.00000000e+00	1	10	-6.86407000e-05	2.09031000e-04	-2.00153000e+00	-2.08812000e-04
4.65074084e+01	2026-09-04T17:33:35.484059	0.00000000e+00	1	10	-7.19786000e-05	2.32633000e-04	-2.05178000e+00	-2.33823000e-04
4.65150757e+01	2026-09-04T17:33:35.491761	0.00000000e+00	1	10	-6.51360000e-05	2.72587000e-04	-2.10179000e+00	-2.76005000e-04
4.65464962e+01	2026-09-04T17:33:35.524004	0.00000000e+00	1	10	-6.95467000e-05	2.87954000e-04	-2.15193000e+00	-2.85151000e-04
4.65632166e+01	2026-09-04T17:33:35.533909	0.00000000e+00	1	10	-6.75678000e-05	3.20281000e-04	-2.20188000e+00	-3.15809000e-04
4.65863100e+01	2026-09-04T17:33:35.564038	0.00000000e+00	1	10	-6.67572000e-05	3.06578000e-04	-2.20199000e+00	-3.02946000e-04
4.65941207e+01	2026-09-04T17:33:35.564038	0.00000000e+00	1	10	-7.06196000e-05	2.72286000e-04	-2.15197000e+00	-2.68786000e-04
4.66108742e+01	2026-09-04T17:33:35.583847	0.00000000e+00	1	10	-6.58512000e-05	2.41596000e-04	-2.10169000e+00	-2.41407000e-04
4.66244352e+01	2026-09-04T17:33:35.601189	0.00000000e+00	1	10	-6.78301000e-05	2.17890000e-04	-2.05186000e+00	-2.19397000e-04
4.66502045e+01	2026-09-04T17:33:35.628071	0.00000000e+00	1	10	-6.04630000e-05	1.99634000e-04	-2.00150000e+00	-1.98697000e-04
4.66847772e+01	2026-09-04T17:33:35.655903	0.00000000e+00	1	10	-6.29902000e-05	1.83193000e-04	-1.95150000e+00	-1.85878000e-04
4.66936170e+01	2026-09-04T17:33:35.671660	0.00000000e+00	1	10	-7.60317000e-05	1.68316000e-04	-1.90148000e+00	-1.68256000e-04
4.67012749e+01	2026-09-04T17:33:35.674167	0.00000000e+00	1	10	-6.89983000e-05	1.53716000e-04	-1.85145000e+00	-1.53142000e-04
4.67087601e+01	2026-09-04T17:33:35.683898	0.00000000e+00	1	10	-6.46830000e-05	1.39936000e-04	-1.80141000e+00	-1.38497000e-04
4.67411821e+01	2026-09-04T17:33:35.719253	0.00000000e+00	1	10	-6.74725000e-05	1.26826000e-04	-1.75138000e+00	-1.27508000e-04
4.67651510e+01	2026-09-04T17:33:35.735280	0.00000000e+00	1	10	-6.85692000e-05	1.16761000e-04	-1.70133000e+00	-1.15718000e-04
4.67729654e+01	2026-09-04T17:33:35.750964	0.00000000e+00	1	10	-6.68526000e-05	1.07220000e-04	-1.65133000e+00	-1.07013000e-04
4.68130309e+01	2026-09-04T17:33:35.784150	0.00000000e+00	1	10	-6.92844000e-05	9.63985000e-05	-1.60124000e+00	-9.63386000e-05
4.68404628e+01	2026-09-04T17:33:35.814153	0.00000000e+00	1	10	-6.46830000e-05	8.77000000e-05	-1.55124000e+00	-8.78950000e-05
4.68485945e+01	2026-09-04T17:33:35.824931	0.00000000e+00	1	10	-7.80106000e-05	7.96903000e-05	-1.50119000e+00	-7.97418000e-05
4.68562673e+01	2026-09-04T17:33:35.833854	0.00000000e+00	1	10	-6.98090000e-05	7.19547000e-05	-1.45116000e+00	-7.17825000e-05
4.68637571e+01	2026-09-04T17:33:35.833854	0.00000000e+00	1	10	-6.64949000e-05	6.47741000e-05	-1.40111000e+00	-6.48318000e-05
4.68791346e+01	2026-09-04T17:33:35.854197	0.00000000e+00	1	10	-6.99997000e-05	5.76363000e-05	-1.35113000e+00	-5.79079000e-05
4.69027038e+01	2026-09-04T17:33:35.877671	0.00000000e+00	1	10	-6.97374000e-05	5.14270000e-05	-1.30105000e+00	-5.15928000e-05
4.69104318e+01	2026-09-04T17:33:35.888126	0.00000000e+00	1	10	-6.64949000e-05	4.59667000e-05	-1.25104000e+00	-4.60711000e-05
4.69317091e+01	2026-09-04T17:33:35.909669	0.00000000e+00	1	10	-6.63996000e-05	4.06162000e-05	-1.20096000e+00	-4.03907000e-05
4.69655940e+01	2026-09-04T17:33:35.943986	0.00000000e+00	1	10	-7.09772000e-05	3.50197000e-05	-1.15096000e+00	-3.48961000e-05
4.69740663e+01	2026-09-04T17:33:35.943986	0.00000000e+00	1	10	-6.79255000e-05	3.08296000e-05	-1.10090000e+00	-3.07520000e-05
4.69958562e+01	2026-09-04T17:33:35.974189	0.00000000e+00	1	10	-6.81162000e-05	2.69217000e-05	-1.05086000e+00	-2.70535000e-05
4.70039594e+01	2026-09-04T17:33:35.974189	0.00000000e+00	1	10	-6.97374000e-05	2.34905000e-05	-1.00082000e+00	-2.34452000e-05
4.70301347e+01	2026-09-04T17:33:36.004878	0.00000000e+00	1	10	-6.64949000e-05	1.99789000e-05	-9.50777000e-01	-1.99130000e-05
4.70496210e+01	2026-09-04T17:33:36.024079	0.00000000e+00	1	10	-6.87361000e-05	1.68792000e-05	-9.00749000e-01	-1.68735000e-05
4.70573816e+01	2026-09-04T17:33:36.033919	0.00000000e+00	1	10	-6.37054000e-05	1.43052000e-05	-8.50681000e-01	-1.41030000e-05
4.70817505e+01	2026-09-04T17:33:36.054014	0.00000000e+00	1	10	-6.67572000e-05	1.16072000e-05	-8.00678000e-01	-1.17679000e-05
4.71090710e+01	2026-09-04T17:33:36.084072	0.00000000e+00	1	10	-5.01156000e-05	9.55020000e-06	-7.50621000e-01	-9.46496000e-06
4.71216369e+01	2026-09-04T17:33:36.094624	0.00000000e+00	1	10	-7.66516000e-05	7.66495000e-06	-7.00585000e-01	-7.70322000e-06
4.71597579e+01	2026-09-04T17:33:36.133872	0.00000000e+00	1	10	-6.36101000e-05	6.04141000e-06	-6.50525000e-01	-6.01061000e-06
4.71779850e+01	2026-09-04T17:33:36.154142	0.00000000e+00	1	10	-8.18729000e-05	4.78717000e-06	-6.00504000e-01	-4.73420000e-06
4.71856253e+01	2026-09-04T17:33:36.164107	0.00000000e+00	1	10	-7.14302000e-05	3.69614000e-06	-5.50450000e-01	-3.59816000e-06
4.72150806e+01	2026-09-04T17:33:36.184146	0.00000000e+00	1	10	-6.75678000e-05	2.62879000e-06	-5.00422000e-01	-2.57586000e-06
4.72400062e+01	2026-09-04T17:33:36.213797	0.00000000e+00	1	10	-7.52211000e-05	2.03364000e-06	-4.50349000e-01	-2.01227000e-06
4.72475054e+01	2026-09-04T17:33:36.223782	0.00000000e+00	1	10	-6.66618000e-05	1.43004000e-06	-4.00365000e-01	-1.44819000e-06
4.72795184e+01	2026-09-04T17:33:36.253950	0.00000000e+00	1	10	-6.27995000e-05	1.01902000e-06	-3.50307000e-01	-1.02540000e-06
4.73039272e+01	2026-09-04T17:33:36.275138	0.00000000e+00	1	10	-6.00100000e-05	6.93747000e-07	-3.00275000e-01	-7.13975000e-07
4.73174559e+01	2026-09-04T17:33:36.294104	0.00000000e+00	1	10	-6.92844000e-05	4.65638000e-07	-2.50217000e-01	-4.64337000e-07
4.73255635e+01	2026-09-04T17:33:36.301698	0.00000000e+00	1	10	-6.44207000e-05	2.83429000e-07	-2.00078000e-01	-3.02215000e-07
4.73402603e+01	2026-09-04T17:33:36.313717	0.00000000e+00	1	10	-6.31571000e-05	1.81545000e-07	-1.50046000e-01	-1.71282000e-07
4.73523038e+01	2026-09-04T17:33:36.323909	0.00000000e+00	1	10	-7.43151000e-05	9.20632000e-08	-9.99965000e-02	-8.91002000e-08
4.74560714e+01	2026-09-04T17:33:36.434052	0.00000000e+00	1	10	-4.72546000e-05	6.28310000e-08	-4.99562000e-02	-3.67685000e-08
4.75049987e+01	2026-09-04T17:33:36.482422	0.00000000e+00	1	10	-6.11782000e-05	2.25142000e-09	3.89338000e-05	-1.49194000e-09
5.00209663e+01	2026-09-04T17:33:38.993903	0.00000000e+00	1	11	-5.52416000e-05	-4.04701000e-09	2.67029000e-05	1.18505000e-08
5.00285499e+01	2026-09-04T17:33:39.006539	0.00000000e+00	1	11	-8.21352000e-05	6.21718000e-06	-4.99449000e-02	-6.20961000e-06
5.00639008e+01	2026-09-04T17:33:39.040652	0.00000000e+00	1	11	-1.22881000e-04	1.30615000e-05	-9.99523000e-02	-1.30103000e-05
5.00921067e+01	2026-09-04T17:33:39.069893	0.00000000e+00	1	11	-6.91891000e-05	2.09924000e-05	-1.50030000e-01	-2.10478000e-05
5.00997731e+01	2026-09-04T17:33:39.074206	0.00000000e+00	1	11	-7.74622000e-05	3.06753000e-05	-2.00077000e-01	-3.06921000e-05
5.01072561e+01	2026-09-04T17:33:39.085652	0.00000000e+00	1	11	-7.35045000e-05	4.30719000e-05	-2.50194000e-01	-4.30449000e-05
5.01555249e+01	2026-09-04T17:33:39.133904	0.00000000e+00	1	11	-7.08103000e-05	5.96098000e-05	-3.00258000e-01	-5.96191000e-05
5.01630766e+01	2026-09-04T17:33:39.133904	0.00000000e+00	1	11	-7.66516000e-05	8.15747000e-05	-3.50291000e-01	-8.18482000e-05
5.01704373e+01	2026-09-04T17:33:39.144048	0.00000000e+00	1	11	-7.05481000e-05	1.11344000e-04	-4.00354000e-01	-1.10806000e-04
5.02077898e+01	2026-09-04T17:33:39.183909	0.00000000e+00	1	11	-6.70195000e-05	1.42025000e-04	-4.50379000e-01	-1.38806000e-04
5.02153763e+01	2026-09-04T17:33:39.193827	0.00000000e+00	1	11	-1.57952000e-04	4.85517000e-04	-5.00388000e-01	-5.36854000e-04
5.02355115e+01	2026-09-04T17:33:39.213769	0.00000000e+00	1	11	-7.25269000e-05	7.89490000e-05	-5.50443000e-01	-7.77264000e-05
5.02693536e+01	2026-09-04T17:33:39.245372	0.00000000e+00	1	11	-7.34091000e-05	8.95079000e-05	-6.00528000e-01	-8.81303000e-05
5.02772505e+01	2026-09-04T17:33:39.253694	0.00000000e+00	1	11	-7.89881000e-05	1.07922000e-04	-6.50531000e-01	-1.06253000e-04
5.02889348e+01	2026-09-04T17:33:39.263967	0.00000000e+00	1	11	-7.48634000e-05	1.32963000e-04	-7.00593000e-01	-1.31870000e-04
5.02960760e+01	2026-09-04T17:33:39.274065	0.00000000e+00	1	11	-7.37667000e-05	1.51262000e-04	-7.50603000e-01	-1.48438000e-04
5.03179449e+01	2026-09-04T17:33:39.293787	0.00000000e+00	1	11	-7.78198000e-05	1.63817000e-04	-8.00670000e-01	-1.61828000e-04
5.03473455e+01	2026-09-04T17:33:39.324769	0.00000000e+00	1	11	-7.60317000e-05	1.77372000e-04	-8.50674000e-01	-1.76659000e-04
5.03546632e+01	2026-09-04T17:33:39.324769	0.00000000e+00	1	11	-7.32422000e-05	2.18214000e-04	-9.00754000e-01	-2.09524000e-04
5.03694065e+01	2026-09-04T17:33:39.343916	0.00000000e+00	1	11	-7.50303000e-05	2.19283000e-04	-9.50778000e-01	-2.19900000e-04
5.03950975e+01	2026-09-04T17:33:39.372831	0.00000000e+00	1	11	-7.60317000e-05	1.86563000e-04	-1.00083000e+00	-1.88014000e-04
5.04024658e+01	2026-09-04T17:33:39.373842	0.00000000e+00	1	11	-6.46114000e-05	2.01285000e-04	-1.05085000e+00	-1.81902000e-04
5.04097020e+01	2026-09-04T17:33:39.384093	0.00000000e+00	1	11	-6.38723000e-05	1.95278000e-04	-1.10090000e+00	-1.59855000e-04
5.04609295e+01	2026-09-04T17:33:39.435602	0.00000000e+00	1	11	-7.20739000e-05	1.52590000e-04	-1.15097000e+00	-1.43586000e-04
5.04685801e+01	2026-09-04T17:33:39.444059	0.00000000e+00	1	11	-6.99043000e-05	1.53003000e-04	-1.20097000e+00	-1.39779000e-04
5.04898024e+01	2026-09-04T17:33:39.467282	0.00000000e+00	1	11	-7.18832000e-05	1.38154000e-04	-1.25104000e+00	-1.30565000e-04
5.05039523e+01	2026-09-04T17:33:39.474009	0.00000000e+00	1	11	-6.99043000e-05	1.43310000e-04	-1.30106000e+00	-1.32330000e-04
5.05288151e+01	2026-09-04T17:33:39.504534	0.00000000e+00	1	11	-7.70092000e-05	1.50400000e-04	-1.35113000e+00	-1.36413000e-04
5.05528564e+01	2026-09-04T17:33:39.530202	0.00000000e+00	1	11	-7.77245000e-05	1.15863000e-04	-1.40113000e+00	-1.14919000e-04
5.05860274e+01	2026-09-04T17:33:39.563751	0.00000000e+00	1	11	-7.51257000e-05	1.09201000e-04	-1.45117000e+00	-1.10579000e-04
5.05938757e+01	2026-09-04T17:33:39.565779	0.00000000e+00	1	11	-6.75678000e-05	1.36668000e-04	-1.50121000e+00	-1.20922000e-04
5.06168344e+01	2026-09-04T17:33:39.594152	0.00000000e+00	1	11	-6.89983000e-05	1.40066000e-04	-1.55123000e+00	-1.32872000e-04
5.06320846e+01	2026-09-04T17:33:39.610189	0.00000000e+00	1	11	-6.66618000e-05	1.45402000e-04	-1.60124000e+00	-1.24890000e-04
5.06558338e+01	2026-09-04T17:33:39.633731	0.00000000e+00	1	11	-7.10726000e-05	1.42804000e-04	-1.65131000e+00	-1.42918000e-04
5.06800592e+01	2026-09-04T17:33:39.657509	0.00000000e+00	1	11	-7.37667000e-05	1.46291000e-04	-1.70134000e+00	-1.47346000e-04
5.07131310e+01	2026-09-04T17:33:39.689082	0.00000000e+00	1	11	-7.89881000e-05	1.49469000e-04	-1.75136000e+00	-1.48944000e-04
5.07214990e+01	2026-09-04T17:33:39.699099	0.00000000e+00	1	11	-7.86305000e-05	1.74236000e-04	-1.80140000e+00	-1.67113000e-04
5.07432630e+01	2026-09-04T17:33:39.721132	0.00000000e+00	1	11	-6.83785000e-05	1.83196000e-04	-1.85144000e+00	-1.82273000e-04
5.07517879e+01	2026-09-04T17:33:39.723749	0.00000000e+00	1	11	-6.46114000e-05	2.01202000e-04	-1.90146000e+00	-1.99824000e-04
5.07777684e+01	2026-09-04T17:33:39.753773	0.00000000e+00	1	11	-6.96421000e-05	2.10502000e-04	-1.95150000e+00	-2.11916000e-04
5.07968533e+01	2026-09-04T17:33:39.773911	0.00000000e+00	1	11	-7.27892000e-05	2.42877000e-04	-2.00150000e+00	-2.42096000e-04
5.08050054e+01	2026-09-04T17:33:39.773911	0.00000000e+00	1	11	-7.68423000e-05	2.83729000e-04	-2.05178000e+00	-2.72994000e-04
5.08344694e+01	2026-09-04T17:33:39.811041	0.00000000e+00	1	11	-7.55787000e-05	2.80726000e-04	-2.10171000e+00	-2.81888000e-04
5.08474108e+01	2026-09-04T17:33:39.824152	0.00000000e+00	1	11	-7.17878000e-05	3.36904000e-04	-2.15187000e+00	-3.12923000e-04
5.08631648e+01	2026-09-04T17:33:39.839265	0.00000000e+00	1	11	-8.33988000e-05	3.41479000e-04	-2.20194000e+00	-3.49641000e-04
5.08707610e+01	2026-09-04T17:33:39.848394	0.00000000e+00	1	11	-6.89268000e-05	3.39319000e-04	-2.20177000e+00	-3.22061000e-04
5.08920153e+01	2026-09-04T17:33:39.863855	0.00000000e+00	1	11	-7.51257000e-05	2.85109000e-04	-2.15202000e+00	-2.85925000e-04
5.09099340e+01	2026-09-04T17:33:39.884085	0.00000000e+00	1	11	-7.86305000e-05	2.55854000e-04	-2.10183000e+00	-2.54827000e-04
5.09350112e+01	2026-09-04T17:33:39.911800	0.00000000e+00	1	11	-8.21352000e-05	2.28720000e-04	-2.05186000e+00	-2.30172000e-04
5.09428562e+01	2026-09-04T17:33:39.913907	0.00000000e+00	1	11	-7.62939000e-05	2.09027000e-04	-2.00155000e+00	-2.09094000e-04
5.09658323e+01	2026-09-04T17:33:39.943922	0.00000000e+00	1	11	-6.76632000e-05	1.88545000e-04	-1.95149000e+00	-1.89667000e-04
5.09973166e+01	2026-09-04T17:33:39.975054	0.00000000e+00	1	11	-7.43151000e-05	1.70250000e-04	-1.90148000e+00	-1.73397000e-04
5.10189329e+01	2026-09-04T17:33:39.994121	0.00000000e+00	1	11	-7.98941000e-05	1.56429000e-04	-1.85145000e+00	-1.56287000e-04
5.10268674e+01	2026-09-04T17:33:40.003882	0.00000000e+00	1	11	-7.61986000e-05	1.40706000e-04	-1.80139000e+00	-1.39365000e-04
5.10780044e+01	2026-09-04T17:33:40.055259	0.00000000e+00	1	11	-7.15256000e-05	1.32239000e-04	-1.75139000e+00	-1.31787000e-04
5.10864287e+01	2026-09-04T17:33:40.064031	0.00000000e+00	1	11	-7.40528000e-05	1.19232000e-04	-1.70134000e+00	-1.19503000e-04
5.11046540e+01	2026-09-04T17:33:40.078967	0.00000000e+00	1	11	-8.31366000e-05	1.08664000e-04	-1.65132000e+00	-1.08644000e-04
5.11249291e+01	2026-09-04T17:33:40.102910	0.00000000e+00	1	11	-7.71046000e-05	9.84952000e-05	-1.60125000e+00	-9.75121000e-05
5.11381316e+01	2026-09-04T17:33:40.114161	0.00000000e+00	1	11	-7.39574000e-05	8.78587000e-05	-1.55123000e+00	-8.72035000e-05
5.11565823e+01	2026-09-04T17:33:40.134017	0.00000000e+00	1	11	-7.86305000e-05	7.86393000e-05	-1.50119000e+00	-7.91250000e-05
5.11882082e+01	2026-09-04T17:33:40.165336	0.00000000e+00	1	11	-7.44104000e-05	7.09040000e-05	-1.45117000e+00	-7.14652000e-05
5.11973618e+01	2026-09-04T17:33:40.173989	0.00000000e+00	1	11	-7.48634000e-05	6.39733000e-05	-1.40110000e+00	-6.45500000e-05
5.12194174e+01	2026-09-04T17:33:40.197252	0.00000000e+00	1	11	-7.08103000e-05	5.79467000e-05	-1.35111000e+00	-5.78509000e-05
5.12316412e+01	2026-09-04T17:33:40.205829	0.00000000e+00	1	11	-7.60317000e-05	5.18410000e-05	-1.30106000e+00	-5.17739000e-05
5.12543548e+01	2026-09-04T17:33:40.229194	0.00000000e+00	1	11	-7.83682000e-05	4.56747000e-05	-1.25102000e+00	-4.54707000e-05
5.12626356e+01	2026-09-04T17:33:40.234219	0.00000000e+00	1	11	-7.35998000e-05	4.08275000e-05	-1.20098000e+00	-4.07986000e-05
5.12830370e+01	2026-09-04T17:33:40.260880	0.00000000e+00	1	11	-7.09057000e-05	3.57067000e-05	-1.15098000e+00	-3.58274000e-05
5.13161773e+01	2026-09-04T17:33:40.294177	0.00000000e+00	1	11	-7.52926000e-05	3.14332000e-05	-1.10090000e+00	-3.13400000e-05
5.13244956e+01	2026-09-04T17:33:40.294177	0.00000000e+00	1	11	-7.49350000e-05	2.75260000e-05	-1.05083000e+00	-2.75295000e-05
5.13475943e+01	2026-09-04T17:33:40.325045	0.00000000e+00	1	11	-8.08001000e-05	2.35837000e-05	-1.00083000e+00	-2.38178000e-05
5.13795777e+01	2026-09-04T17:33:40.357096	0.00000000e+00	1	11	-7.19786000e-05	2.03364000e-05	-9.50763000e-01	-2.01995000e-05
5.13881423e+01	2026-09-04T17:33:40.363751	0.00000000e+00	1	11	-7.50303000e-05	1.72195000e-05	-9.00750000e-01	-1.72598000e-05
5.14111916e+01	2026-09-04T17:33:40.388994	0.00000000e+00	1	11	-7.43151000e-05	1.43495000e-05	-8.50703000e-01	-1.42741000e-05
5.14307026e+01	2026-09-04T17:33:40.406409	0.00000000e+00	1	11	-7.15256000e-05	1.18165000e-05	-8.00694000e-01	-1.18563000e-05
5.14499090e+01	2026-09-04T17:33:40.423877	0.00000000e+00	1	11	-6.72102000e-05	9.74782000e-06	-7.50635000e-01	-9.80731000e-06
5.14755329e+01	2026-09-04T17:33:40.454013	0.00000000e+00	1	11	-8.68082000e-05	8.09316000e-06	-7.00589000e-01	-8.02967000e-06
5.15068472e+01	2026-09-04T17:33:40.484258	0.00000000e+00	1	11	-7.80821000e-05	6.60849000e-06	-6.50514000e-01	-6.57136000e-06
5.15153817e+01	2026-09-04T17:33:40.493841	0.00000000e+00	1	11	-7.69138000e-05	5.25426000e-06	-6.00520000e-01	-5.24817000e-06
5.15382120e+01	2026-09-04T17:33:40.515852	0.00000000e+00	1	11	-8.12292000e-05	3.99504000e-06	-5.50443000e-01	-4.01340000e-06
5.15592480e+01	2026-09-04T17:33:40.534266	0.00000000e+00	1	11	-7.02620000e-05	3.11216000e-06	-5.00423000e-01	-3.10694000e-06
5.15864839e+01	2026-09-04T17:33:40.563917	0.00000000e+00	1	11	-7.95364000e-05	2.24025000e-06	-4.50362000e-01	-2.25078000e-06
5.15946234e+01	2026-09-04T17:33:40.563917	0.00000000e+00	1	11	-7.22408000e-05	1.72661000e-06	-4.00373000e-01	-1.74173000e-06
5.16212229e+01	2026-09-04T17:33:40.595823	0.00000000e+00	1	11	-7.75576000e-05	1.25095000e-06	-3.50301000e-01	-1.24321000e-06
5.16502533e+01	2026-09-04T17:33:40.627621	0.00000000e+00	1	11	-7.04527000e-05	8.89756000e-07	-3.00251000e-01	-8.94324000e-07
5.16728833e+01	2026-09-04T17:33:40.649164	0.00000000e+00	1	11	-6.64949000e-05	6.07452000e-07	-2.50210000e-01	-5.89971000e-07
5.16813377e+01	2026-09-04T17:33:40.658958	0.00000000e+00	1	11	-7.17163000e-05	3.92139000e-07	-2.00079000e-01	-3.73001000e-07
5.17046852e+01	2026-09-04T17:33:40.676059	0.00000000e+00	1	11	-6.87361000e-05	2.19870000e-07	-1.50040000e-01	-2.08399000e-07
5.17128256e+01	2026-09-04T17:33:40.683987	0.00000000e+00	1	11	-7.17163000e-05	1.14462000e-07	-9.99970000e-02	-1.09837000e-07
5.17640187e+01	2026-09-04T17:33:40.738936	0.00000000e+00	1	11	-7.66516000e-05	4.49328000e-08	-4.99609000e-02	-4.57590000e-08
5.18723359e+01	2026-09-04T17:33:40.849987	0.00000000e+00	1	11	-6.54221000e-05	1.18195000e-08	3.48091000e-05	-4.55070000e-10
5.45393327e+01	2026-09-04T17:33:43.514110	0.00000000e+00	1	12	-3.17812000e-05	-4.02199000e-08	1.49965000e-05	4.49162000e-08
5.45471820e+01	2026-09-04T17:33:43.524064	0.00000000e+00	1	12	-1.04880000e-04	3.46941000e-05	-4.99015000e-02	-3.45367000e-05
5.45697340e+01	2026-09-04T17:33:43.543727	0.00000000e+00	1	12	-5.23806000e-05	7.54264000e-05	-9.99955000e-02	-7.55534000e-05
5.45934938e+01	2026-09-04T17:33:43.568980	0.00000000e+00	1	12	-6.18219000e-05	1.26756000e-04	-1.50041000e-01	-1.26703000e-04
5.46181835e+01	2026-09-04T17:33:43.594270	0.00000000e+00	1	12	-5.82218000e-05	1.90298000e-04	-2.00077000e-01	-1.90027000e-04
5.46426597e+01	2026-09-04T17:33:43.615993	0.00000000e+00	1	12	-6.18219000e-05	2.66354000e-04	-2.50216000e-01	-2.66059000e-04
5.46503297e+01	2026-09-04T17:33:43.623904	0.00000000e+00	1	12	-6.06537000e-05	3.24133000e-04	-3.00252000e-01	-3.20480000e-04
5.46675283e+01	2026-09-04T17:33:43.643883	0.00000000e+00	1	12	-5.55992000e-05	3.98026000e-04	-3.50298000e-01	-3.94189000e-04
5.46932200e+01	2026-09-04T17:33:43.669157	0.00000000e+00	1	12	-7.27892000e-05	4.74726000e-04	-4.00356000e-01	-4.85440000e-04
5.47016545e+01	2026-09-04T17:33:43.674290	0.00000000e+00	1	12	-6.02007000e-05	5.48813000e-04	-4.50371000e-01	-5.35816000e-04
5.47494205e+01	2026-09-04T17:33:43.727826	0.00000000e+00	1	12	-5.55992000e-05	5.93491000e-05	-5.00417000e-01	-5.93154000e-05
5.47751853e+01	2026-09-04T17:33:43.744266	0.00000000e+00	1	12	-6.24418000e-05	6.82796000e-05	-5.50454000e-01	-6.91297000e-05
5.48010011e+01	2026-09-04T17:33:43.775972	0.00000000e+00	1	12	-5.64098000e-05	7.47177000e-05	-6.00525000e-01	-5.90232000e-05
5.48206506e+01	2026-09-04T17:33:43.794246	0.00000000e+00	1	12	-5.98431000e-05	6.25804000e-05	-6.50516000e-01	-6.87074000e-05
5.48286382e+01	2026-09-04T17:33:43.804119	0.00000000e+00	1	12	-5.93901000e-05	6.81023000e-05	-7.00595000e-01	-6.80892000e-05
5.48601890e+01	2026-09-04T17:33:43.834617	0.00000000e+00	1	12	-6.40631000e-05	8.79487000e-05	-7.50638000e-01	-7.96025000e-05
5.48882095e+01	2026-09-04T17:33:43.863811	0.00000000e+00	1	12	-6.15358000e-05	9.62809000e-05	-8.00670000e-01	-9.62513000e-05
5.49087913e+01	2026-09-04T17:33:43.886711	0.00000000e+00	1	12	-5.67913000e-05	1.05940000e-04	-8.50675000e-01	-1.01048000e-04
5.49394355e+01	2026-09-04T17:33:43.914108	0.00000000e+00	1	12	-6.20842000e-05	1.26634000e-04	-9.00749000e-01	-1.21247000e-04
5.49620956e+01	2026-09-04T17:33:43.934254	0.00000000e+00	1	12	-6.46830000e-05	1.46048000e-04	-9.50762000e-01	-1.43735000e-04
5.49720306e+01	2026-09-04T17:33:43.949891	0.00000000e+00	1	12	-5.91278000e-05	1.79935000e-04	-1.00083000e+00	-1.38041000e-04
5.50071165e+01	2026-09-04T17:33:43.984245	0.00000000e+00	1	12	-5.30958000e-05	1.43863000e-04	-1.05083000e+00	-1.40384000e-04
5.50146493e+01	2026-09-04T17:33:43.984245	0.00000000e+00	1	12	-6.45161000e-05	1.32973000e-04	-1.10091000e+00	-1.31771000e-04
5.50363882e+01	2026-09-04T17:33:44.013924	0.00000000e+00	1	12	-5.50747000e-05	1.27853000e-04	-1.15098000e+00	-1.19112000e-04
5.50596031e+01	2026-09-04T17:33:44.033872	0.00000000e+00	1	12	-6.46114000e-05	1.22247000e-04	-1.20099000e+00	-1.20975000e-04
5.50884633e+01	2026-09-04T17:33:44.064242	0.00000000e+00	1	12	-5.86748000e-05	1.14201000e-04	-1.25103000e+00	-1.13816000e-04
5.50962322e+01	2026-09-04T17:33:44.074256	0.00000000e+00	1	12	-6.69479000e-05	1.19682000e-04	-1.30105000e+00	-1.15844000e-04
5.51161816e+01	2026-09-04T17:33:44.094009	0.00000000e+00	1	12	-5.68628000e-05	1.04075000e-04	-1.35112000e+00	-9.73820000e-05
5.51512642e+01	2026-09-04T17:33:44.126299	0.00000000e+00	1	12	-5.99384000e-05	1.03289000e-04	-1.40113000e+00	-1.00857000e-04
5.51625565e+01	2026-09-04T17:33:44.134110	0.00000000e+00	1	12	-6.03676000e-05	1.08256000e-04	-1.45117000e+00	-1.12852000e-04
5.52118133e+01	2026-09-04T17:33:44.189203	0.00000000e+00	1	12	-6.30856000e-05	1.14890000e-04	-1.50119000e+00	-1.15392000e-04
5.52214761e+01	2026-09-04T17:33:44.193813	0.00000000e+00	1	12	-6.21796000e-05	1.21134000e-04	-1.55125000e+00	-1.20267000e-04
5.52435101e+01	2026-09-04T17:33:44.221013	0.00000000e+00	1	12	-6.25372000e-05	1.21953000e-04	-1.60125000e+00	-1.24162000e-04
5.52522705e+01	2026-09-04T17:33:44.223767	0.00000000e+00	1	12	-5.77688000e-05	1.38821000e-04	-1.65132000e+00	-1.39572000e-04
5.52766053e+01	2026-09-04T17:33:44.254021	0.00000000e+00	1	12	-5.96523000e-05	1.50036000e-04	-1.70131000e+00	-1.47567000e-04
5.53064145e+01	2026-09-04T17:33:44.284211	0.00000000e+00	1	12	-5.62429000e-05	1.41932000e-04	-1.75140000e+00	-1.41218000e-04
5.53145074e+01	2026-09-04T17:33:44.284211	0.00000000e+00	1	12	-7.33376000e-05	1.56255000e-04	-1.80139000e+00	-1.56556000e-04
5.53400465e+01	2026-09-04T17:33:44.315762	0.00000000e+00	1	12	-6.58512000e-05	1.73497000e-04	-1.85142000e+00	-1.72207000e-04
5.53587824e+01	2026-09-04T17:33:44.334024	0.00000000e+00	1	12	-6.63042000e-05	1.91302000e-04	-1.90148000e+00	-1.91404000e-04
5.53663802e+01	2026-09-04T17:33:44.343865	0.00000000e+00	1	12	-6.04630000e-05	2.20677000e-04	-1.95152000e+00	-2.16751000e-04
5.53859125e+01	2026-09-04T17:33:44.363798	0.00000000e+00	1	12	-6.89983000e-05	2.29867000e-04	-2.00151000e+00	-2.30666000e-04
5.53938450e+01	2026-09-04T17:33:44.363798	0.00000000e+00	1	12	-6.63996000e-05	2.66143000e-04	-2.05173000e+00	-2.64268000e-04
5.54103665e+01	2026-09-04T17:33:44.384001	0.00000000e+00	1	12	-6.48737000e-05	2.80204000e-04	-2.10160000e+00	-2.80016000e-04
5.54340122e+01	2026-09-04T17:33:44.411735	0.00000000e+00	1	12	-6.93798000e-05	2.97916000e-04	-2.15201000e+00	-2.96429000e-04
5.54421582e+01	2026-09-04T17:33:44.413844	0.00000000e+00	1	12	-6.73056000e-05	3.54493000e-04	-2.20194000e+00	-3.38780000e-04
5.54486459e+01	2026-09-04T17:33:44.424260	0.00000000e+00	1	12	-6.22749000e-05	3.31393000e-04	-2.20185000e+00	-3.24592000e-04
5.54735490e+01	2026-09-04T17:33:44.444168	0.00000000e+00	1	12	-6.72102000e-05	2.88354000e-04	-2.15206000e+00	-2.85583000e-04
5.54935680e+01	2026-09-04T17:33:44.468946	0.00000000e+00	1	12	-6.93798000e-05	2.50612000e-04	-2.10180000e+00	-2.55716000e-04
5.55110703e+01	2026-09-04T17:33:44.484212	0.00000000e+00	1	12	-6.27041000e-05	2.26211000e-04	-2.05175000e+00	-2.26321000e-04
5.55484783e+01	2026-09-04T17:33:44.523902	0.00000000e+00	1	12	-6.21796000e-05	2.01283000e-04	-2.00152000e+00	-2.03043000e-04
5.55684800e+01	2026-09-04T17:33:44.544126	0.00000000e+00	1	12	-6.45161000e-05	1.86635000e-04	-1.95150000e+00	-1.85754000e-04
5.55762877e+01	2026-09-04T17:33:44.554143	0.00000000e+00	1	12	-6.13689000e-05	1.67494000e-04	-1.90147000e+00	-1.67980000e-04
5.56068941e+01	2026-09-04T17:33:44.584021	0.00000000e+00	1	12	-5.91278000e-05	1.51890000e-04	-1.85144000e+00	-1.52509000e-04
5.56330373e+01	2026-09-04T17:33:44.610658	0.00000000e+00	1	12	-7.03573000e-05	1.39700000e-04	-1.80139000e+00	-1.39285000e-04
5.56409139e+01	2026-09-04T17:33:44.619025	0.00000000e+00	1	12	-6.11782000e-05	1.27401000e-04	-1.75140000e+00	-1.27500000e-04
5.56896940e+01	2026-09-04T17:33:44.666728	0.00000000e+00	1	12	-5.96523000e-05	1.15823000e-04	-1.70132000e+00	-1.15528000e-04
5.57008998e+01	2026-09-04T17:33:44.674276	0.00000000e+00	1	12	-6.02007000e-05	1.06618000e-04	-1.65129000e+00	-1.06732000e-04
5.57089689e+01	2026-09-04T17:33:44.683827	0.00000000e+00	1	12	-5.91278000e-05	9.67176000e-05	-1.60125000e+00	-9.66945000e-05
5.57380521e+01	2026-09-04T17:33:44.714058	0.00000000e+00	1	12	-6.46830000e-05	8.73168000e-05	-1.55123000e+00	-8.73023000e-05
5.57582519e+01	2026-09-04T17:33:44.733861	0.00000000e+00	1	12	-6.49691000e-05	7.90193000e-05	-1.50120000e+00	-7.86908000e-05
5.57661421e+01	2026-09-04T17:33:44.743950	0.00000000e+00	1	12	-5.55992000e-05	7.16103000e-05	-1.45117000e+00	-7.16441000e-05
5.57974807e+01	2026-09-04T17:33:44.773896	0.00000000e+00	1	12	-6.11067000e-05	6.46885000e-05	-1.40113000e+00	-6.44968000e-05
5.58252484e+01	2026-09-04T17:33:44.799320	0.00000000e+00	1	12	-5.81265000e-05	5.77845000e-05	-1.35111000e+00	-5.79127000e-05
5.58338093e+01	2026-09-04T17:33:44.810548	0.00000000e+00	1	12	-5.72205000e-05	5.15276000e-05	-1.30106000e+00	-5.16682000e-05
5.58420248e+01	2026-09-04T17:33:44.813858	0.00000000e+00	1	12	-5.86748000e-05	4.57622000e-05	-1.25102000e+00	-4.59717000e-05
5.58595009e+01	2026-09-04T17:33:44.835855	0.00000000e+00	1	12	-6.54936000e-05	4.10817000e-05	-1.20094000e+00	-4.09849000e-05
5.58789761e+01	2026-09-04T17:33:44.857121	0.00000000e+00	1	12	-6.17266000e-05	3.52878000e-05	-1.15095000e+00	-3.55255000e-05
5.59006347e+01	2026-09-04T17:33:44.874104	0.00000000e+00	1	12	-6.05583000e-05	3.14793000e-05	-1.10092000e+00	-3.16475000e-05
5.59087348e+01	2026-09-04T17:33:44.883868	0.00000000e+00	1	12	-5.95570000e-05	2.74088000e-05	-1.05086000e+00	-2.75391000e-05
5.59401075e+01	2026-09-04T17:33:44.914136	0.00000000e+00	1	12	-5.92947000e-05	2.33165000e-05	-1.00083000e+00	-2.32996000e-05
5.59627802e+01	2026-09-04T17:33:44.935416	0.00000000e+00	1	12	-5.61476000e-05	2.01863000e-05	-9.50783000e-01	-2.01259000e-05
5.59718967e+01	2026-09-04T17:33:44.945858	0.00000000e+00	1	12	-5.96523000e-05	1.72128000e-05	-9.00750000e-01	-1.71659000e-05
5.60075968e+01	2026-09-04T17:33:44.983976	0.00000000e+00	1	12	-5.71489000e-05	1.42857000e-05	-8.50670000e-01	-1.43657000e-05
5.60153822e+01	2026-09-04T17:33:44.983976	0.00000000e+00	1	12	-6.43253000e-05	1.18681000e-05	-8.00677000e-01	-1.18274000e-05
5.60363746e+01	2026-09-04T17:33:45.014164	0.00000000e+00	1	12	-4.81367000e-05	9.87944000e-06	-7.50627000e-01	-9.63331000e-06
5.60681908e+01	2026-09-04T17:33:45.045106	0.00000000e+00	1	12	-7.15256000e-05	7.89238000e-06	-7.00595000e-01	-7.93422000e-06
5.60767652e+01	2026-09-04T17:33:45.053969	0.00000000e+00	1	12	-7.12633000e-05	6.54665000e-06	-6.50539000e-01	-6.48590000e-06
5.60992800e+01	2026-09-04T17:33:45.077732	0.00000000e+00	1	12	-6.35147000e-05	5.06548000e-06	-6.00532000e-01	-5.03348000e-06
5.61156438e+01	2026-09-04T17:33:45.093751	0.00000000e+00	1	12	-6.31571000e-05	4.02243000e-06	-5.50481000e-01	-4.02550000e-06
5.61277104e+01	2026-09-04T17:33:45.103801	0.00000000e+00	1	12	-6.44207000e-05	3.11053000e-06	-5.00414000e-01	-3.10000000e-06
5.61516992e+01	2026-09-04T17:33:45.125193	0.00000000e+00	1	12	-6.34432000e-05	2.35319000e-06	-4.50376000e-01	-2.32398000e-06
5.61609570e+01	2026-09-04T17:33:45.134067	0.00000000e+00	1	12	-6.11782000e-05	1.77200000e-06	-4.00373000e-01	-1.66642000e-06
5.61931831e+01	2026-09-04T17:33:45.166984	0.00000000e+00	1	12	-5.96523000e-05	1.28485000e-06	-3.50304000e-01	-1.25282000e-06
5.62281390e+01	2026-09-04T17:33:45.205515	0.00000000e+00	1	12	-5.36442000e-05	8.75130000e-07	-3.00271000e-01	-9.02831000e-07
5.62424767e+01	2026-09-04T17:33:45.214078	0.00000000e+00	1	12	-6.63996000e-05	5.78989000e-07	-2.50195000e-01	-6.10575000e-07
5.62727565e+01	2026-09-04T17:33:45.249273	0.00000000e+00	1	12	-6.53267000e-05	3.98165000e-07	-2.00076000e-01	-4.26737000e-07
5.62968905e+01	2026-09-04T17:33:45.273814	0.00000000e+00	1	12	-6.84738000e-05	2.82865000e-07	-1.50043000e-01	-2.82682000e-07
5.63144112e+01	2026-09-04T17:33:45.285289	0.00000000e+00	1	12	-6.47783000e-05	1.42594000e-07	-9.99989000e-02	-1.47395000e-07
5.63554438e+01	2026-09-04T17:33:45.333176	0.00000000e+00	1	12	-7.26938000e-05	5.10929000e-08	-4.99537000e-02	-5.37589000e-08
5.64588994e+01	2026-09-04T17:33:45.433922	0.00000000e+00	1	12	-3.78847000e-05	3.36691000e-08	2.37226000e-05	-2.20952000e-08
5.91747317e+01	2026-09-04T17:33:48.151457	0.00000000e+00	1	13	-5.91993000e-05	-4.08102000e-08	2.94924000e-05	4.41489000e-08
5.91868422e+01	2026-09-04T17:33:48.164092	0.00000000e+00	1	13	6.37603000e-04	5.97893000e-08	-4.98991000e-02	-1.54085000e-05
5.92041238e+01	2026-09-04T17:33:48.178326	0.00000000e+00	1	13	-1.13440000e-04	3.32390000e-05	-9.99892000e-02	-3.33136000e-05
5.92384803e+01	2026-09-04T17:33:48.216154	0.00000000e+00	1	13	-7.35045000e-05	5.55463000e-05	-1.50031000e-01	-5.56303000e-05
5.92615153e+01	2026-09-04T17:33:48.233967	0.00000000e+00	1	13	-6.71148000e-05	8.63016000e-05	-2.00072000e-01	-8.61486000e-05
5.92695714e+01	2026-09-04T17:33:48.248006	0.00000000e+00	1	13	-6.92844000e-05	1.29329000e-04	-2.50186000e-01	-1.29232000e-04
5.93026231e+01	2026-09-04T17:33:48.280057	0.00000000e+00	1	13	-6.82831000e-05	1.88597000e-04	-3.00243000e-01	-1.88802000e-04
5.93270539e+01	2026-09-04T17:33:48.303893	0.00000000e+00	1	13	-7.12633000e-05	2.55506000e-04	-3.50300000e-01	-2.52340000e-04
5.93498549e+01	2026-09-04T17:33:48.327498	0.00000000e+00	1	13	-6.91891000e-05	2.83706000e-04	-4.00363000e-01	-2.79946000e-04
5.93877683e+01	2026-09-04T17:33:48.364066	0.00000000e+00	1	13	-7.40528000e-05	3.45616000e-04	-4.50379000e-01	-3.45722000e-04
5.94126882e+01	2026-09-04T17:33:48.390014	0.00000000e+00	1	13	-7.56741000e-05	3.75868000e-04	-5.00402000e-01	-3.74177000e-04
5.94262569e+01	2026-09-04T17:33:48.404149	0.00000000e+00	1	13	-7.35045000e-05	4.28439000e-04	-5.50453000e-01	-4.25839000e-04
5.94530100e+01	2026-09-04T17:33:48.428913	0.00000000e+00	1	13	-6.79255000e-05	4.78562000e-04	-6.00510000e-01	-4.68667000e-04
5.94760220e+01	2026-09-04T17:33:48.453803	0.00000000e+00	1	13	-7.76529000e-05	6.59754000e-04	-6.50539000e-01	-6.51351000e-04
5.94938198e+01	2026-09-04T17:33:48.469853	0.00000000e+00	1	13	-7.40528000e-05	7.35311000e-04	-7.00577000e-01	-7.00286000e-04
5.95283169e+01	2026-09-04T17:33:48.504340	0.00000000e+00	1	13	-5.22852000e-05	6.80938000e-04	-7.50657000e-01	-6.26916000e-04
5.95563296e+01	2026-09-04T17:33:48.534049	0.00000000e+00	1	13	-6.76632000e-05	1.78704000e-04	-8.00681000e-01	-1.80883000e-04
5.95645166e+01	2026-09-04T17:33:48.534049	0.00000000e+00	1	13	-6.22749000e-05	1.96687000e-04	-8.50693000e-01	-2.00981000e-04
5.95902884e+01	2026-09-04T17:33:48.568316	0.00000000e+00	1	13	-7.15256000e-05	2.51961000e-04	-9.00747000e-01	-2.44094000e-04
5.96133044e+01	2026-09-04T17:33:48.589213	0.00000000e+00	1	13	-6.48737000e-05	2.20986000e-04	-9.50764000e-01	-2.24259000e-04
5.96366886e+01	2026-09-04T17:33:48.614173	0.00000000e+00	1	13	-6.72102000e-05	9.52962000e-05	-1.00084000e+00	-8.73402000e-05
5.96555880e+01	2026-09-04T17:33:48.632531	0.00000000e+00	1	13	-6.76632000e-05	9.42908000e-05	-1.05085000e+00	-9.88440000e-05
5.96636846e+01	2026-09-04T17:33:48.634180	0.00000000e+00	1	13	-6.36101000e-05	9.48102000e-05	-1.10090000e+00	-9.26153000e-05
5.96834369e+01	2026-09-04T17:33:48.660890	0.00000000e+00	1	13	-7.41243000e-05	9.07962000e-05	-1.15094000e+00	-8.99741000e-05
5.96917753e+01	2026-09-04T17:33:48.668554	0.00000000e+00	1	13	-7.35045000e-05	9.17457000e-05	-1.20098000e+00	-7.96646000e-05
5.97277632e+01	2026-09-04T17:33:48.704117	0.00000000e+00	1	13	-7.39574000e-05	7.72059000e-05	-1.25103000e+00	-7.51806000e-05
5.97461184e+01	2026-09-04T17:33:48.723949	0.00000000e+00	1	13	-7.97033000e-05	8.32396000e-05	-1.30103000e+00	-8.42851000e-05
5.97543788e+01	2026-09-04T17:33:48.723949	0.00000000e+00	1	13	-7.65562000e-05	8.64227000e-05	-1.35111000e+00	-8.69592000e-05
5.97820483e+01	2026-09-04T17:33:48.755979	0.00000000e+00	1	13	-6.83785000e-05	9.42953000e-05	-1.40110000e+00	-9.37533000e-05
5.98005316e+01	2026-09-04T17:33:48.773892	0.00000000e+00	1	13	-7.09057000e-05	9.50455000e-05	-1.45115000e+00	-9.57171000e-05
5.98087526e+01	2026-09-04T17:33:48.784072	0.00000000e+00	1	13	-7.66516000e-05	1.04466000e-04	-1.50118000e+00	-1.09109000e-04
5.98388318e+01	2026-09-04T17:33:48.814030	0.00000000e+00	1	13	-7.60317000e-05	1.16651000e-04	-1.55126000e+00	-1.17064000e-04
5.98668050e+01	2026-09-04T17:33:48.843846	0.00000000e+00	1	13	-7.00951000e-05	1.23560000e-04	-1.60125000e+00	-1.23142000e-04
5.98897011e+01	2026-09-04T17:33:48.867019	0.00000000e+00	1	13	-6.89268000e-05	1.23671000e-04	-1.65131000e+00	-1.22792000e-04
5.99027405e+01	2026-09-04T17:33:48.878923	0.00000000e+00	1	13	-6.71148000e-05	1.29976000e-04	-1.70131000e+00	-1.30168000e-04
5.99306362e+01	2026-09-04T17:33:48.903962	0.00000000e+00	1	13	-7.65562000e-05	1.22000000e-04	-1.75135000e+00	-1.29671000e-04
5.99533773e+01	2026-09-04T17:33:48.930898	0.00000000e+00	1	13	-7.15256000e-05	1.30970000e-04	-1.80139000e+00	-1.26372000e-04
5.99831115e+01	2026-09-04T17:33:48.957202	0.00000000e+00	1	13	-6.67572000e-05	1.42156000e-04	-1.85145000e+00	-1.40941000e-04
5.99948381e+01	2026-09-04T17:33:48.968621	0.00000000e+00	1	13	-6.77586000e-05	1.48254000e-04	-1.90147000e+00	-1.49575000e-04
6.00167017e+01	2026-09-04T17:33:48.994167	0.00000000e+00	1	13	-7.14302000e-05	1.66902000e-04	-1.95149000e+00	-1.70827000e-04
6.00524336e+01	2026-09-04T17:33:49.026104	0.00000000e+00	1	13	-7.35045000e-05	1.88377000e-04	-2.00155000e+00	-1.87963000e-04
6.00604230e+01	2026-09-04T17:33:49.033965	0.00000000e+00	1	13	-6.65903000e-05	2.08237000e-04	-2.05182000e+00	-2.08184000e-04
6.00687599e+01	2026-09-04T17:33:49.044200	0.00000000e+00	1	13	-6.76632000e-05	2.29594000e-04	-2.10169000e+00	-2.31334000e-04
6.00762571e+01	2026-09-04T17:33:49.054102	0.00000000e+00	1	13	-6.79255000e-05	2.69545000e-04	-2.15199000e+00	-2.71894000e-04
6.00942314e+01	2026-09-04T17:33:49.068596	0.00000000e+00	1	13	-6.24418000e-05	3.25220000e-04	-2.20206000e+00	-3.26799000e-04
6.01196110e+01	2026-09-04T17:33:49.093947	0.00000000e+00	1	13	-6.55890000e-05	3.11914000e-04	-2.20192000e+00	-3.11668000e-04
6.01435497e+01	2026-09-04T17:33:49.121015	0.00000000e+00	1	13	-6.81162000e-05	2.75760000e-04	-2.15203000e+00	-2.73013000e-04
6.01566847e+01	2026-09-04T17:33:49.133888	0.00000000e+00	1	13	-5.91993000e-05	2.48944000e-04	-2.10170000e+00	-2.45506000e-04
6.01848997e+01	2026-09-04T17:33:49.158873	0.00000000e+00	1	13	-7.27892000e-05	2.17912000e-04	-2.05189000e+00	-2.20899000e-04
6.02074740e+01	2026-09-04T17:33:49.184913	0.00000000e+00	1	13	-6.52313000e-05	1.99179000e-04	-2.00152000e+00	-1.97997000e-04
6.02337926e+01	2026-09-04T17:33:49.209093	0.00000000e+00	1	13	-6.63042000e-05	1.77515000e-04	-1.95148000e+00	-1.78946000e-04
6.02471424e+01	2026-09-04T17:33:49.223822	0.00000000e+00	1	13	-7.05481000e-05	1.62358000e-04	-1.90148000e+00	-1.61948000e-04
6.02708795e+01	2026-09-04T17:33:49.248586	0.00000000e+00	1	13	-7.74622000e-05	1.48792000e-04	-1.85146000e+00	-1.48794000e-04
6.03034241e+01	2026-09-04T17:33:49.279054	0.00000000e+00	1	13	-6.78301000e-05	1.34566000e-04	-1.80138000e+00	-1.34421000e-04
6.03112547e+01	2026-09-04T17:33:49.289329	0.00000000e+00	1	13	-6.50644000e-05	1.22387000e-04	-1.75136000e+00	-1.22661000e-04
6.03331375e+01	2026-09-04T17:33:49.310652	0.00000000e+00	1	13	-6.95467000e-05	1.11466000e-04	-1.70133000e+00	-1.11893000e-04
6.03690945e+01	2026-09-04T17:33:49.343906	0.00000000e+00	1	13	-6.65903000e-05	1.01906000e-04	-1.65131000e+00	-1.01750000e-04
6.03774967e+01	2026-09-04T17:33:49.354028	0.00000000e+00	1	13	-6.83785000e-05	9.36560000e-05	-1.60124000e+00	-9.34812000e-05
6.03895165e+01	2026-09-04T17:33:49.364086	0.00000000e+00	1	13	-6.22749000e-05	8.44989000e-05	-1.55126000e+00	-8.46744000e-05
6.04171711e+01	2026-09-04T17:33:49.394230	0.00000000e+00	1	13	-6.88314000e-05	7.65683000e-05	-1.50122000e+00	-7.66256000e-05
6.04355500e+01	2026-09-04T17:33:49.409140	0.00000000e+00	1	13	-6.63996000e-05	6.85007000e-05	-1.45118000e+00	-6.87957000e-05
6.04595342e+01	2026-09-04T17:33:49.436985	0.00000000e+00	1	13	-6.70195000e-05	6.18200000e-05	-1.40111000e+00	-6.15732000e-05
6.04903360e+01	2026-09-04T17:33:49.464148	0.00000000e+00	1	13	-6.91891000e-05	5.65028000e-05	-1.35111000e+00	-5.57901000e-05
6.05127604e+01	2026-09-04T17:33:49.485237	0.00000000e+00	1	13	-6.76632000e-05	4.98993000e-05	-1.30105000e+00	-4.95968000e-05
6.05217006e+01	2026-09-04T17:33:49.493873	0.00000000e+00	1	13	-6.28948000e-05	4.45319000e-05	-1.25103000e+00	-4.42782000e-05
6.05341643e+01	2026-09-04T17:33:49.511422	0.00000000e+00	1	13	-6.33478000e-05	3.93224000e-05	-1.20095000e+00	-3.86951000e-05
6.05595129e+01	2026-09-04T17:33:49.533781	0.00000000e+00	1	13	-6.89983000e-05	3.42440000e-05	-1.15095000e+00	-3.38692000e-05
6.05670445e+01	2026-09-04T17:33:49.543733	0.00000000e+00	1	13	-6.36101000e-05	2.97635000e-05	-1.10089000e+00	-2.95974000e-05
6.05875722e+01	2026-09-04T17:33:49.565073	0.00000000e+00	1	13	-6.62327000e-05	2.58032000e-05	-1.05086000e+00	-2.55293000e-05
6.06192782e+01	2026-09-04T17:33:49.596764	0.00000000e+00	1	13	-6.64949000e-05	2.26047000e-05	-1.00081000e+00	-2.25721000e-05
6.06313606e+01	2026-09-04T17:33:49.604182	0.00000000e+00	1	13	-6.19173000e-05	1.93221000e-05	-9.50795000e-01	-1.98274000e-05
6.06388316e+01	2026-09-04T17:33:49.613801	0.00000000e+00	1	13	-6.58512000e-05	1.68015000e-05	-9.00728000e-01	-1.67833000e-05
6.06464920e+01	2026-09-04T17:33:49.624080	0.00000000e+00	1	13	-6.40631000e-05	1.42499000e-05	-8.50688000e-01	-1.43596000e-05
6.06666082e+01	2026-09-04T17:33:49.643956	0.00000000e+00	1	13	-6.63042000e-05	1.19376000e-05	-8.00682000e-01	-1.19283000e-05
6.06917297e+01	2026-09-04T17:33:49.669590	0.00000000e+00	1	13	-5.40733000e-05	9.75257000e-06	-7.50618000e-01	-9.71265000e-06
6.07092163e+01	2026-09-04T17:33:49.684241	0.00000000e+00	1	13	-7.21455000e-05	8.21099000e-06	-7.00586000e-01	-8.09798000e-06
6.07171064e+01	2026-09-04T17:33:49.693720	0.00000000e+00	1	13	-6.17266000e-05	6.35297000e-06	-6.50527000e-01	-6.37991000e-06
6.07248061e+01	2026-09-04T17:33:49.693720	0.00000000e+00	1	13	-6.89983000e-05	5.05939000e-06	-6.00525000e-01	-5.06424000e-06
6.07455552e+01	2026-09-04T17:33:49.723052	0.00000000e+00	1	13	-6.89268000e-05	3.93207000e-06	-5.50462000e-01	-3.94021000e-06
6.07825576e+01	2026-09-04T17:33:49.755330	0.00000000e+00	1	13	-7.52211000e-05	2.99574000e-06	-5.00416000e-01	-2.99082000e-06
6.08205798e+01	2026-09-04T17:33:49.794056	0.00000000e+00	1	13	-6.80208000e-05	2.34523000e-06	-4.50360000e-01	-2.33754000e-06
6.08333295e+01	2026-09-04T17:33:49.809322	0.00000000e+00	1	13	-7.61986000e-05	1.72562000e-06	-4.00359000e-01	-1.70040000e-06
6.08414462e+01	2026-09-04T17:33:49.819713	0.00000000e+00	1	13	-7.77245000e-05	1.27000000e-06	-3.50299000e-01	-1.22234000e-06
6.08716222e+01	2026-09-04T17:33:49.845943	0.00000000e+00	1	13	-7.03573000e-05	8.73927000e-07	-3.00266000e-01	-8.84943000e-07
6.09017576e+01	2026-09-04T17:33:49.874282	0.00000000e+00	1	13	-6.69479000e-05	5.92561000e-07	-2.50210000e-01	-5.91382000e-07
6.09211545e+01	2026-09-04T17:33:49.899018	0.00000000e+00	1	13	-5.97477000e-05	3.75316000e-07	-2.00073000e-01	-3.69445000e-07
6.09356689e+01	2026-09-04T17:33:49.913867	0.00000000e+00	1	13	-5.86748000e-05	2.26634000e-07	-1.50042000e-01	-2.66356000e-07
6.09625098e+01	2026-09-04T17:33:49.934256	0.00000000e+00	1	13	-6.40631000e-05	1.57030000e-07	-1.00000000e-01	-1.66055000e-07
6.09845444e+01	2026-09-04T17:33:49.962449	0.00000000e+00	1	13	-6.24418000e-05	6.37574000e-08	-4.99546000e-02	-6.34026000e-08
6.10882833e+01	2026-09-04T17:33:50.063948	0.00000000e+00	1	13	-3.24965000e-05	3.92831000e-08	1.88589000e-05	-2.58856000e-08
6.37214805e+01	2026-09-04T17:33:52.699729	0.00000000e+00	1	14	-5.45263000e-05	-3.97085000e-09	3.44515000e-05	1.53482000e-08
6.37436462e+01	2026-09-04T17:33:52.715580	0.00000000e+00	1	14	-7.25985000e-05	5.76319000e-06	-4.99580000e-02	-5.74005000e-06
6.37637698e+01	2026-09-04T17:33:52.742099	0.00000000e+00	1	14	-1.18017000e-04	1.27431000e-05	-9.99584000e-02	-1.27821000e-05
6.37957216e+01	2026-09-04T17:33:52.774140	0.00000000e+00	1	14	-7.35998000e-05	2.19861000e-05	-1.50036000e-01	-2.19748000e-05
6.38241443e+01	2026-09-04T17:33:52.799199	0.00000000e+00	1	14	-7.68423000e-05	3.40767000e-05	-2.00080000e-01	-3.40491000e-05
6.38318630e+01	2026-09-04T17:33:52.803808	0.00000000e+00	1	14	-6.79255000e-05	4.98178000e-05	-2.50213000e-01	-4.95821000e-05
6.38700115e+01	2026-09-04T17:33:52.844105	0.00000000e+00	1	14	-7.70092000e-05	6.99543000e-05	-3.00251000e-01	-6.99650000e-05
6.38877070e+01	2026-09-04T17:33:52.864182	0.00000000e+00	1	14	-6.99043000e-05	9.58921000e-05	-3.50291000e-01	-9.58350000e-05
6.38960848e+01	2026-09-04T17:33:52.874160	0.00000000e+00	1	14	-7.36952000e-05	1.26557000e-04	-4.00335000e-01	-1.25530000e-04
6.39381168e+01	2026-09-04T17:33:52.916146	0.00000000e+00	1	14	-6.54936000e-05	1.62021000e-04	-4.50371000e-01	-1.62218000e-04
6.39507697e+01	2026-09-04T17:33:52.928188	0.00000000e+00	1	14	-6.70195000e-05	2.02929000e-04	-5.00418000e-01	-2.03136000e-04
6.39591406e+01	2026-09-04T17:33:52.936233	0.00000000e+00	1	14	-7.02620000e-05	2.53071000e-04	-5.50444000e-01	-2.84476000e-04
6.39815266e+01	2026-09-04T17:33:52.954021	0.00000000e+00	1	14	-8.59976000e-05	3.58950000e-04	-6.00502000e-01	-3.76702000e-04
6.40091713e+01	2026-09-04T17:33:52.985854	0.00000000e+00	1	14	-6.41584000e-05	2.67971000e-04	-6.50535000e-01	-2.65806000e-04
6.40229942e+01	2026-09-04T17:33:52.998960	0.00000000e+00	1	14	-6.67572000e-05	2.58926000e-04	-7.00580000e-01	-2.25509000e-04
6.40453335e+01	2026-09-04T17:33:53.018056	0.00000000e+00	1	14	-6.35147000e-05	2.36063000e-04	-7.50617000e-01	-2.27547000e-04
6.40559706e+01	2026-09-04T17:33:53.033996	0.00000000e+00	1	14	-6.72102000e-05	2.18898000e-04	-8.00672000e-01	-2.02132000e-04
6.40846183e+01	2026-09-04T17:33:53.059271	0.00000000e+00	1	14	-6.74009000e-05	2.14512000e-04	-8.50678000e-01	-2.14546000e-04
6.41040278e+01	2026-09-04T17:33:53.081911	0.00000000e+00	1	14	-6.99043000e-05	2.09716000e-04	-9.00753000e-01	-2.08654000e-04
6.41119989e+01	2026-09-04T17:33:53.083920	0.00000000e+00	1	14	-7.35045000e-05	2.26543000e-04	-9.50767000e-01	-2.36599000e-04
6.41387988e+01	2026-09-04T17:33:53.114033	0.00000000e+00	1	14	-6.87361000e-05	2.54383000e-04	-1.00084000e+00	-2.49897000e-04
6.41678060e+01	2026-09-04T17:33:53.145301	0.00000000e+00	1	14	-6.99997000e-05	1.30548000e-04	-1.05085000e+00	-1.34419000e-04
6.41759640e+01	2026-09-04T17:33:53.154238	0.00000000e+00	1	14	-6.36101000e-05	1.29800000e-04	-1.10091000e+00	-1.33760000e-04
6.41994288e+01	2026-09-04T17:33:53.176798	0.00000000e+00	1	14	-6.01053000e-05	1.51971000e-04	-1.15098000e+00	-1.50796000e-04
6.42223556e+01	2026-09-04T17:33:53.198974	0.00000000e+00	1	14	-6.27995000e-05	1.41749000e-04	-1.20096000e+00	-1.36567000e-04
6.42481936e+01	2026-09-04T17:33:53.225597	0.00000000e+00	1	14	-6.76632000e-05	1.35990000e-04	-1.25102000e+00	-1.36386000e-04
6.42558810e+01	2026-09-04T17:33:53.234146	0.00000000e+00	1	14	-7.04527000e-05	1.42156000e-04	-1.30106000e+00	-1.38288000e-04
6.42799916e+01	2026-09-04T17:33:53.257200	0.00000000e+00	1	14	-7.44104000e-05	1.60434000e-04	-1.35111000e+00	-1.43070000e-04
6.42937072e+01	2026-09-04T17:33:53.269022	0.00000000e+00	1	14	-5.98431000e-05	1.31209000e-04	-1.40110000e+00	-1.44826000e-04
6.43160222e+01	2026-09-04T17:33:53.294239	0.00000000e+00	1	14	-7.08103000e-05	1.28220000e-04	-1.45118000e+00	-1.27735000e-04
6.43233676e+01	2026-09-04T17:33:53.299366	0.00000000e+00	1	14	-6.81162000e-05	1.41866000e-04	-1.50118000e+00	-1.42540000e-04
6.43353298e+01	2026-09-04T17:33:53.313735	0.00000000e+00	1	14	-6.47783000e-05	1.51044000e-04	-1.55128000e+00	-1.06250000e-04
6.43503549e+01	2026-09-04T17:33:53.323858	0.00000000e+00	1	14	-6.95467000e-05	1.01045000e-04	-1.60123000e+00	-1.01077000e-04
6.43675637e+01	2026-09-04T17:33:53.344201	0.00000000e+00	1	14	-7.15256000e-05	1.09537000e-04	-1.65130000e+00	-1.09237000e-04
6.43907180e+01	2026-09-04T17:33:53.368583	0.00000000e+00	1	14	-6.97374000e-05	1.27128000e-04	-1.70130000e+00	-1.28906000e-04
6.44121840e+01	2026-09-04T17:33:53.389322	0.00000000e+00	1	14	-6.85692000e-05	1.35538000e-04	-1.75138000e+00	-1.35167000e-04
6.44301303e+01	2026-09-04T17:33:53.404296	0.00000000e+00	1	14	-6.53267000e-05	1.47799000e-04	-1.80138000e+00	-1.48600000e-04
6.44538018e+01	2026-09-04T17:33:53.431275	0.00000000e+00	1	14	-6.78301000e-05	1.70417000e-04	-1.85143000e+00	-1.67669000e-04
6.44782524e+01	2026-09-04T17:33:53.454245	0.00000000e+00	1	14	-7.49350000e-05	1.87025000e-04	-1.90147000e+00	-1.89027000e-04
6.44909552e+01	2026-09-04T17:33:53.469297	0.00000000e+00	1	14	-8.07047000e-05	2.12967000e-04	-1.95149000e+00	-2.18651000e-04
6.44986504e+01	2026-09-04T17:33:53.474083	0.00000000e+00	1	14	-7.32422000e-05	2.26836000e-04	-2.00152000e+00	-2.26610000e-04
6.45379941e+01	2026-09-04T17:33:53.514192	0.00000000e+00	1	14	-7.15256000e-05	2.40238000e-04	-2.05158000e+00	-2.38455000e-04
6.45548340e+01	2026-09-04T17:33:53.529255	0.00000000e+00	1	14	-7.34091000e-05	2.61554000e-04	-2.10175000e+00	-2.59259000e-04
6.45625169e+01	2026-09-04T17:33:53.533878	0.00000000e+00	1	14	-7.45773000e-05	2.94563000e-04	-2.15182000e+00	-2.89539000e-04
6.45961862e+01	2026-09-04T17:33:53.574371	0.00000000e+00	1	14	-7.63893000e-05	3.28526000e-04	-2.20196000e+00	-3.29744000e-04
6.46072929e+01	2026-09-04T17:33:53.584037	0.00000000e+00	1	14	-6.65903000e-05	3.19735000e-04	-2.20170000e+00	-3.17794000e-04
6.46319926e+01	2026-09-04T17:33:53.605189	0.00000000e+00	1	14	-7.53880000e-05	2.83120000e-04	-2.15190000e+00	-2.78939000e-04
6.46401344e+01	2026-09-04T17:33:53.613854	0.00000000e+00	1	14	-7.30515000e-05	2.53224000e-04	-2.10157000e+00	-2.54660000e-04
6.46521588e+01	2026-09-04T17:33:53.628943	0.00000000e+00	1	14	-7.25269000e-05	2.28206000e-04	-2.05171000e+00	-2.26201000e-04
6.46754571e+01	2026-09-04T17:33:53.652363	0.00000000e+00	1	14	-7.81775000e-05	2.07485000e-04	-2.00150000e+00	-2.07698000e-04
6.46850366e+01	2026-09-04T17:33:53.662788	0.00000000e+00	1	14	-7.50303000e-05	1.86286000e-04	-1.95149000e+00	-1.86725000e-04
6.47062987e+01	2026-09-04T17:33:53.683964	0.00000000e+00	1	14	-6.88314000e-05	1.70138000e-04	-1.90146000e+00	-1.68588000e-04
6.47142665e+01	2026-09-04T17:33:53.683964	0.00000000e+00	1	14	-7.62939000e-05	1.53335000e-04	-1.85143000e+00	-1.53182000e-04
6.47265418e+01	2026-09-04T17:33:53.703692	0.00000000e+00	1	14	-7.71046000e-05	1.39915000e-04	-1.80139000e+00	-1.40147000e-04
6.47551156e+01	2026-09-04T17:33:53.732036	0.00000000e+00	1	14	-7.46727000e-05	1.25399000e-04	-1.75138000e+00	-1.25251000e-04
6.47642231e+01	2026-09-04T17:33:53.742472	0.00000000e+00	1	14	-8.00610000e-05	1.14103000e-04	-1.70133000e+00	-1.14380000e-04
6.47862731e+01	2026-09-04T17:33:53.764020	0.00000000e+00	1	14	-7.61032000e-05	1.04257000e-04	-1.65129000e+00	-1.04080000e-04
6.48217215e+01	2026-09-04T17:33:53.796338	0.00000000e+00	1	14	-7.71046000e-05	9.58035000e-05	-1.60125000e+00	-9.62516000e-05
6.48339929e+01	2026-09-04T17:33:53.812302	0.00000000e+00	1	14	-7.39574000e-05	8.84153000e-05	-1.55121000e+00	-8.86831000e-05
6.48561920e+01	2026-09-04T17:33:53.833891	0.00000000e+00	1	14	-7.42197000e-05	8.03132000e-05	-1.50119000e+00	-7.99774000e-05
6.48639918e+01	2026-09-04T17:33:53.833891	0.00000000e+00	1	14	-7.55787000e-05	7.33553000e-05	-1.45119000e+00	-7.27998000e-05
6.48905591e+01	2026-09-04T17:33:53.863984	0.00000000e+00	1	14	-7.36952000e-05	6.64719000e-05	-1.40110000e+00	-6.65405000e-05
6.49077433e+01	2026-09-04T17:33:53.883940	0.00000000e+00	1	14	-6.94513000e-05	6.03884000e-05	-1.35111000e+00	-6.06802000e-05
6.49296171e+01	2026-09-04T17:33:53.907446	0.00000000e+00	1	14	-7.71999000e-05	5.50949000e-05	-1.30106000e+00	-5.51273000e-05
6.49430514e+01	2026-09-04T17:33:53.918977	0.00000000e+00	1	14	-7.71046000e-05	4.95435000e-05	-1.25104000e+00	-4.95817000e-05
6.49790608e+01	2026-09-04T17:33:53.954806	0.00000000e+00	1	14	-7.45773000e-05	4.42407000e-05	-1.20097000e+00	-4.43138000e-05
6.49875653e+01	2026-09-04T17:33:53.963952	0.00000000e+00	1	14	-7.52926000e-05	3.97346000e-05	-1.15094000e+00	-3.97287000e-05
6.49954299e+01	2026-09-04T17:33:53.973649	0.00000000e+00	1	14	-6.85692000e-05	3.51387000e-05	-1.10090000e+00	-3.51708000e-05
6.50160922e+01	2026-09-04T17:33:53.993938	0.00000000e+00	1	14	-6.54221000e-05	3.11632000e-05	-1.05083000e+00	-3.11763000e-05
6.50257982e+01	2026-09-04T17:33:54.004110	0.00000000e+00	1	14	-7.68423000e-05	2.69463000e-05	-1.00083000e+00	-2.71871000e-05
6.50513372e+01	2026-09-04T17:33:54.023837	0.00000000e+00	1	14	-6.99997000e-05	2.35216000e-05	-9.50781000e-01	-2.34663000e-05
6.50590958e+01	2026-09-04T17:33:54.034147	0.00000000e+00	1	14	-7.27892000e-05	2.02332000e-05	-9.00740000e-01	-2.01297000e-05
6.50713178e+01	2026-09-04T17:33:54.049128	0.00000000e+00	1	14	-7.01666000e-05	1.71117000e-05	-8.50680000e-01	-1.68610000e-05
6.50890574e+01	2026-09-04T17:33:54.066028	0.00000000e+00	1	14	-6.42538000e-05	1.40669000e-05	-8.00693000e-01	-1.39845000e-05
6.51021228e+01	2026-09-04T17:33:54.079106	0.00000000e+00	1	14	-7.62939000e-05	1.17284000e-05	-7.50610000e-01	-1.16564000e-05
6.51255492e+01	2026-09-04T17:33:54.102988	0.00000000e+00	1	14	-6.32525000e-05	9.62283000e-06	-7.00613000e-01	-9.32056000e-06
6.51510377e+01	2026-09-04T17:33:54.128934	0.00000000e+00	1	14	-7.16209000e-05	7.86607000e-06	-6.50521000e-01	-7.90138000e-06
6.51617055e+01	2026-09-04T17:33:54.138892	0.00000000e+00	1	14	-7.72715000e-05	6.41937000e-06	-6.00519000e-01	-6.41453000e-06
6.51696506e+01	2026-09-04T17:33:54.144070	0.00000000e+00	1	14	-7.61986000e-05	5.27195000e-06	-5.50469000e-01	-5.25097000e-06
6.51781800e+01	2026-09-04T17:33:54.153798	0.00000000e+00	1	14	-7.80106000e-05	4.17715000e-06	-5.00414000e-01	-4.10345000e-06
6.51857672e+01	2026-09-04T17:33:54.163815	0.00000000e+00	1	14	-7.35045000e-05	3.25946000e-06	-4.50359000e-01	-3.19782000e-06
6.51976893e+01	2026-09-04T17:33:54.174082	0.00000000e+00	1	14	-7.56741000e-05	2.36313000e-06	-4.00331000e-01	-2.32575000e-06
6.52288033e+01	2026-09-04T17:33:54.203786	0.00000000e+00	1	14	-7.84397000e-05	1.58402000e-06	-3.50282000e-01	-1.57615000e-06
6.52365298e+01	2026-09-04T17:33:54.213715	0.00000000e+00	1	14	-7.01666000e-05	1.16351000e-06	-3.00241000e-01	-1.07876000e-06
6.52904194e+01	2026-09-04T17:33:54.268848	0.00000000e+00	1	14	-7.76529000e-05	7.55871000e-07	-2.50208000e-01	-7.13992000e-07
6.53164725e+01	2026-09-04T17:33:54.294000	0.00000000e+00	1	14	-7.15256000e-05	5.13256000e-07	-2.00075000e-01	-5.03406000e-07
6.53499727e+01	2026-09-04T17:33:54.325088	0.00000000e+00	1	14	-7.44104000e-05	3.51281000e-07	-1.50037000e-01	-3.48733000e-07
6.53594654e+01	2026-09-04T17:33:54.334176	0.00000000e+00	1	14	-7.00951000e-05	1.94856000e-07	-9.99942000e-02	-1.96678000e-07
6.53675687e+01	2026-09-04T17:33:54.343823	0.00000000e+00	1	14	-7.63893000e-05	8.66212000e-08	-4.99541000e-02	-8.16837000e-08
6.54704924e+01	2026-09-04T17:33:54.444029	0.00000000e+00	1	14	-2.74658000e-05	4.82222000e-08	6.62804000e-06	-3.13985000e-08
6.80518977e+01	2026-09-04T17:33:57.028884	0.00000000e+00	1	15	-5.88417000e-05	-5.01361000e-09	3.12090000e-05	1.41518000e-08
6.80711083e+01	2026-09-04T17:33:57.048975	0.00000000e+00	1	15	-7.52926000e-05	6.01747000e-06	-4.99445000e-02	-6.01165000e-06
6.80943844e+01	2026-09-04T17:33:57.069125	0.00000000e+00	1	15	-1.23501000e-04	1.26055000e-05	-9.99504000e-02	-1.26162000e-05
6.81143033e+01	2026-09-04T17:33:57.089063	0.00000000e+00	1	15	-7.06196000e-05	2.03083000e-05	-1.50031000e-01	-2.03094000e-05
6.81353635e+01	2026-09-04T17:33:57.113173	0.00000000e+00	1	15	-7.69138000e-05	2.94887000e-05	-2.00067000e-01	-2.94867000e-05
6.81663001e+01	2026-09-04T17:33:57.144093	0.00000000e+00	1	15	-6.67572000e-05	4.08882000e-05	-2.50192000e-01	-4.08475000e-05
6.81742306e+01	2026-09-04T17:33:57.144093	0.00000000e+00	1	15	-6.85692000e-05	5.54318000e-05	-3.00244000e-01	-5.54214000e-05
6.81820358e+01	2026-09-04T17:33:57.160053	0.00000000e+00	1	15	-7.09057000e-05	7.45146000e-05	-3.50278000e-01	-7.45767000e-05
6.82170410e+01	2026-09-04T17:33:57.194098	0.00000000e+00	1	15	-6.89268000e-05	1.00490000e-04	-4.00325000e-01	-1.00296000e-04
6.82464588e+01	2026-09-04T17:33:57.223951	0.00000000e+00	1	15	-7.04527000e-05	1.35804000e-04	-4.50341000e-01	-1.35687000e-04
6.82548474e+01	2026-09-04T17:33:57.223951	0.00000000e+00	1	15	-7.03573000e-05	1.80039000e-04	-5.00421000e-01	-1.79764000e-04
6.82826941e+01	2026-09-04T17:33:57.255726	0.00000000e+00	1	15	-7.36952000e-05	2.30702000e-04	-5.50464000e-01	-2.30713000e-04
6.83099342e+01	2026-09-04T17:33:57.287626	0.00000000e+00	1	15	-7.41243000e-05	2.85857000e-04	-6.00496000e-01	-2.85209000e-04
6.83181596e+01	2026-09-04T17:33:57.293829	0.00000000e+00	1	15	-7.09057000e-05	3.43059000e-04	-6.50484000e-01	-3.43475000e-04
6.83261152e+01	2026-09-04T17:33:57.303938	0.00000000e+00	1	15	-7.35998000e-05	4.06879000e-04	-7.00591000e-01	-4.84229000e-04
6.83636739e+01	2026-09-04T17:33:57.339113	0.00000000e+00	1	15	-6.54221000e-05	4.81278000e-04	-7.50639000e-01	-4.65846000e-04
6.83714437e+01	2026-09-04T17:33:57.344215	0.00000000e+00	1	15	-4.64439000e-05	4.78534000e-04	-8.00669000e-01	-4.24031000e-04
6.83793261e+01	2026-09-04T17:33:57.354271	0.00000000e+00	1	15	-5.46217000e-05	4.83030000e-04	-8.50685000e-01	-4.32371000e-04
6.83870107e+01	2026-09-04T17:33:57.363966	0.00000000e+00	1	15	-6.95467000e-05	3.41514000e-04	-9.00738000e-01	-3.27912000e-04
6.84149573e+01	2026-09-04T17:33:57.393066	0.00000000e+00	1	15	-7.09772000e-05	2.85142000e-04	-9.50773000e-01	-2.71561000e-04
6.84405156e+01	2026-09-04T17:33:57.414137	0.00000000e+00	1	15	-5.59807000e-05	2.82796000e-04	-1.00082000e+00	-2.47291000e-04
6.84482502e+01	2026-09-04T17:33:57.423990	0.00000000e+00	1	15	-6.71148000e-05	2.38912000e-04	-1.05086000e+00	-2.26334000e-04
6.84635595e+01	2026-09-04T17:33:57.438879	0.00000000e+00	1	15	-6.96421000e-05	2.15368000e-04	-1.10090000e+00	-2.05019000e-04
6.84772651e+01	2026-09-04T17:33:57.453922	0.00000000e+00	1	15	-5.06639000e-05	1.72181000e-04	-1.15097000e+00	-1.68875000e-04
6.84936442e+01	2026-09-04T17:33:57.468985	0.00000000e+00	1	15	-6.61373000e-05	1.54516000e-04	-1.20094000e+00	-1.48342000e-04
6.85166989e+01	2026-09-04T17:33:57.494853	0.00000000e+00	1	15	-6.77586000e-05	1.37097000e-04	-1.25103000e+00	-1.36310000e-04
6.85327838e+01	2026-09-04T17:33:57.510323	0.00000000e+00	1	15	-7.57456000e-05	1.49196000e-04	-1.30104000e+00	-1.21889000e-04
6.85574630e+01	2026-09-04T17:33:57.534157	0.00000000e+00	1	15	-7.50303000e-05	1.37331000e-04	-1.35112000e+00	-1.32967000e-04
6.85803999e+01	2026-09-04T17:33:57.558215	0.00000000e+00	1	15	-6.88314000e-05	1.24837000e-04	-1.40112000e+00	-1.11654000e-04
6.85938171e+01	2026-09-04T17:33:57.569163	0.00000000e+00	1	15	-6.26326000e-05	1.24621000e-04	-1.45115000e+00	-1.16419000e-04
6.86212257e+01	2026-09-04T17:33:57.599182	0.00000000e+00	1	15	-7.21455000e-05	1.18590000e-04	-1.50119000e+00	-1.20562000e-04
6.86440620e+01	2026-09-04T17:33:57.621702	0.00000000e+00	1	15	-7.36952000e-05	1.16760000e-04	-1.55124000e+00	-1.17476000e-04
6.86526336e+01	2026-09-04T17:33:57.623824	0.00000000e+00	1	15	-8.46624000e-05	1.31712000e-04	-1.60125000e+00	-1.34112000e-04
6.86764154e+01	2026-09-04T17:33:57.653889	0.00000000e+00	1	15	-7.37667000e-05	1.34805000e-04	-1.65133000e+00	-1.37283000e-04
6.87077803e+01	2026-09-04T17:33:57.685141	0.00000000e+00	1	15	-7.82728000e-05	1.43317000e-04	-1.70134000e+00	-1.38103000e-04
6.87160006e+01	2026-09-04T17:33:57.693782	0.00000000e+00	1	15	-7.39574000e-05	1.51184000e-04	-1.75138000e+00	-1.49606000e-04
6.87283658e+01	2026-09-04T17:33:57.703736	0.00000000e+00	1	15	-7.68423000e-05	1.61671000e-04	-1.80140000e+00	-1.58115000e-04
6.87555596e+01	2026-09-04T17:33:57.733904	0.00000000e+00	1	15	-7.25985000e-05	1.72868000e-04	-1.85146000e+00	-1.70740000e-04
6.87643791e+01	2026-09-04T17:33:57.733904	0.00000000e+00	1	15	-7.17878000e-05	1.88039000e-04	-1.90148000e+00	-1.88738000e-04
6.87871929e+01	2026-09-04T17:33:57.764813	0.00000000e+00	1	15	-6.82116000e-05	1.99590000e-04	-1.95149000e+00	-1.96649000e-04
6.88114057e+01	2026-09-04T17:33:57.788826	0.00000000e+00	1	15	-7.42197000e-05	2.19645000e-04	-2.00152000e+00	-2.19932000e-04
6.88285949e+01	2026-09-04T17:33:57.804011	0.00000000e+00	1	15	-7.79152000e-05	2.39029000e-04	-2.05164000e+00	-2.40061000e-04
6.88366762e+01	2026-09-04T17:33:57.814125	0.00000000e+00	1	15	-6.75678000e-05	2.62321000e-04	-2.10160000e+00	-2.56114000e-04
6.88446934e+01	2026-09-04T17:33:57.814125	0.00000000e+00	1	15	-6.98090000e-05	2.97644000e-04	-2.15185000e+00	-2.97312000e-04
6.88667824e+01	2026-09-04T17:33:57.844179	0.00000000e+00	1	15	-6.81162000e-05	3.16895000e-04	-2.20210000e+00	-2.94548000e-04
6.88809300e+01	2026-09-04T17:33:57.859075	0.00000000e+00	1	15	-6.84738000e-05	2.95995000e-04	-2.20197000e+00	-2.96000000e-04
6.89115849e+01	2026-09-04T17:33:57.889318	0.00000000e+00	1	15	-7.38621000e-05	2.62083000e-04	-2.15197000e+00	-2.62751000e-04
6.89193750e+01	2026-09-04T17:33:57.894015	0.00000000e+00	1	15	-6.75678000e-05	2.38054000e-04	-2.10160000e+00	-2.38409000e-04
6.89271342e+01	2026-09-04T17:33:57.904014	0.00000000e+00	1	15	-7.71046000e-05	2.12646000e-04	-2.05173000e+00	-2.12801000e-04
6.89512087e+01	2026-09-04T17:33:57.928861	0.00000000e+00	1	15	-7.00951000e-05	1.94316000e-04	-2.00155000e+00	-1.93761000e-04
6.89826251e+01	2026-09-04T17:33:57.960361	0.00000000e+00	1	15	-6.53267000e-05	1.77182000e-04	-1.95150000e+00	-1.77686000e-04
6.89905991e+01	2026-09-04T17:33:57.964239	0.00000000e+00	1	15	-7.07150000e-05	1.62731000e-04	-1.90148000e+00	-1.62775000e-04
6.90140797e+01	2026-09-04T17:33:57.991960	0.00000000e+00	1	15	-6.75678000e-05	1.48723000e-04	-1.85144000e+00	-1.48610000e-04
6.90297746e+01	2026-09-04T17:33:58.008082	0.00000000e+00	1	15	-7.10726000e-05	1.36555000e-04	-1.80138000e+00	-1.36188000e-04
6.90576347e+01	2026-09-04T17:33:58.033963	0.00000000e+00	1	15	-6.84738000e-05	1.24624000e-04	-1.75140000e+00	-1.24321000e-04
6.90791483e+01	2026-09-04T17:33:58.055906	0.00000000e+00	1	15	-7.32422000e-05	1.13719000e-04	-1.70131000e+00	-1.13185000e-04
6.91030497e+01	2026-09-04T17:33:58.079229	0.00000000e+00	1	15	-7.20739000e-05	1.03566000e-04	-1.65128000e+00	-1.03432000e-04
6.91313152e+01	2026-09-04T17:33:58.103821	0.00000000e+00	1	15	-6.78301000e-05	9.34928000e-05	-1.60123000e+00	-9.31145000e-05
6.91474784e+01	2026-09-04T17:33:58.123786	0.00000000e+00	1	15	-7.27892000e-05	8.42647000e-05	-1.55122000e+00	-8.43998000e-05
6.91760896e+01	2026-09-04T17:33:58.154024	0.00000000e+00	1	15	-7.19786000e-05	7.65937000e-05	-1.50119000e+00	-7.65486000e-05
6.91856367e+01	2026-09-04T17:33:58.164055	0.00000000e+00	1	15	-7.73668000e-05	6.91534000e-05	-1.45115000e+00	-6.92814000e-05
6.92059252e+01	2026-09-04T17:33:58.183729	0.00000000e+00	1	15	-6.29902000e-05	6.31412000e-05	-1.40111000e+00	-6.27287000e-05
6.92211270e+01	2026-09-04T17:33:58.199179	0.00000000e+00	1	15	-7.24316000e-05	5.63102000e-05	-1.35110000e+00	-5.67331000e-05
6.92510680e+01	2026-09-04T17:33:58.225715	0.00000000e+00	1	15	-6.95467000e-05	5.10639000e-05	-1.30106000e+00	-5.07273000e-05
6.92738184e+01	2026-09-04T17:33:58.246937	0.00000000e+00	1	15	-6.34432000e-05	4.60623000e-05	-1.25102000e+00	-4.58421000e-05
6.92817535e+01	2026-09-04T17:33:58.253848	0.00000000e+00	1	15	-7.17163000e-05	4.12982000e-05	-1.20095000e+00	-4.09268000e-05
6.93075800e+01	2026-09-04T17:33:58.283825	0.00000000e+00	1	15	-6.67572000e-05	3.63119000e-05	-1.15097000e+00	-3.61857000e-05
6.93222247e+01	2026-09-04T17:33:58.298993	0.00000000e+00	1	15	-6.67572000e-05	3.20041000e-05	-1.10089000e+00	-3.18036000e-05
6.93302743e+01	2026-09-04T17:33:58.304104	0.00000000e+00	1	15	-7.17163000e-05	2.78928000e-05	-1.05083000e+00	-2.80285000e-05
6.93524775e+01	2026-09-04T17:33:58.326398	0.00000000e+00	1	15	-6.82116000e-05	2.42391000e-05	-1.00082000e+00	-2.42631000e-05
6.93601595e+01	2026-09-04T17:33:58.333741	0.00000000e+00	1	15	-7.24316000e-05	2.09242000e-05	-9.50772000e-01	-2.08620000e-05
6.93736674e+01	2026-09-04T17:33:58.348783	0.00000000e+00	1	15	-6.66618000e-05	1.78215000e-05	-9.00730000e-01	-1.78783000e-05
6.93980577e+01	2026-09-04T17:33:58.374141	0.00000000e+00	1	15	-6.64949000e-05	1.47730000e-05	-8.50691000e-01	-1.46876000e-05
6.94058163e+01	2026-09-04T17:33:58.384062	0.00000000e+00	1	15	-7.44104000e-05	1.25652000e-05	-8.00696000e-01	-1.27362000e-05
6.94307069e+01	2026-09-04T17:33:58.405850	0.00000000e+00	1	15	-7.42197000e-05	1.05525000e-05	-7.50623000e-01	-1.04529000e-05
6.94411104e+01	2026-09-04T17:33:58.419302	0.00000000e+00	1	15	-5.91993000e-05	8.84371000e-06	-7.00614000e-01	-8.55368000e-06
6.94588793e+01	2026-09-04T17:33:58.433969	0.00000000e+00	1	15	-9.11236000e-05	6.96603000e-06	-6.50534000e-01	-7.02528000e-06
6.94826419e+01	2026-09-04T17:33:58.454291	0.00000000e+00	1	15	-8.25882000e-05	5.79929000e-06	-6.00507000e-01	-5.80217000e-06
6.94902950e+01	2026-09-04T17:33:58.463902	0.00000000e+00	1	15	-7.67469000e-05	4.55713000e-06	-5.50460000e-01	-4.47951000e-06
6.95124275e+01	2026-09-04T17:33:58.485842	0.00000000e+00	1	15	-8.07047000e-05	3.42625000e-06	-5.00432000e-01	-3.41080000e-06
6.95208962e+01	2026-09-04T17:33:58.498814	0.00000000e+00	1	15	-7.85351000e-05	2.68722000e-06	-4.50347000e-01	-2.68725000e-06
6.95295681e+01	2026-09-04T17:33:58.504011	0.00000000e+00	1	15	-8.34942000e-05	1.99093000e-06	-4.00357000e-01	-1.90329000e-06
6.95619210e+01	2026-09-04T17:33:58.539114	0.00000000e+00	1	15	-7.77245000e-05	1.36881000e-06	-3.50291000e-01	-1.40500000e-06
6.95704878e+01	2026-09-04T17:33:58.548878	0.00000000e+00	1	15	-7.71046000e-05	9.60711000e-07	-3.00247000e-01	-9.31833000e-07
6.95921538e+01	2026-09-04T17:33:58.565779	0.00000000e+00	1	15	-7.38621000e-05	6.96985000e-07	-2.50203000e-01	-6.98198000e-07
6.96078149e+01	2026-09-04T17:33:58.584157	0.00000000e+00	1	15	-8.08716000e-05	4.69220000e-07	-2.00081000e-01	-4.62607000e-07
6.96369528e+01	2026-09-04T17:33:58.613868	0.00000000e+00	1	15	-8.21352000e-05	2.53042000e-07	-1.50040000e-01	-2.62508000e-07
6.96463701e+01	2026-09-04T17:33:58.623717	0.00000000e+00	1	15	-7.78198000e-05	1.45721000e-07	-9.99971000e-02	-1.41002000e-07
6.96673564e+01	2026-09-04T17:33:58.645285	0.00000000e+00	1	15	-7.96318000e-05	6.89132000e-08	-4.99513000e-02	-7.33739000e-08
6.97707614e+01	2026-09-04T17:33:58.743874	0.00000000e+00	1	15	-3.94344000e-05	4.60406000e-08	1.38283000e-05	-2.99675000e-08
7.14919762e+01	2026-09-04T17:34:00.469970	0.00000000e+00	1	16	-4.32968000e-05	-6.85568000e-09	3.00407000e-05	2.39998000e-08
7.15277167e+01	2026-09-04T17:34:00.506063	0.00000000e+00	1	16	-1.11723000e-04	1.21716000e-05	-4.99112000e-02	-1.21874000e-05
7.15518843e+01	2026-09-04T17:34:00.530196	0.00000000e+00	1	16	-7.51257000e-05	2.61026000e-05	-9.99934000e-02	-2.61265000e-05
7.15681340e+01	2026-09-04T17:34:00.546213	0.00000000e+00	1	16	-6.82116000e-05	4.34902000e-05	-1.50034000e-01	-4.33968000e-05
7.15757521e+01	2026-09-04T17:34:00.553976	0.00000000e+00	1	16	-6.59466000e-05	6.63999000e-05	-2.00069000e-01	-6.64140000e-05
7.15835868e+01	2026-09-04T17:34:00.561987	0.00000000e+00	1	16	-7.26938000e-05	9.76924000e-05	-2.50188000e-01	-9.77595000e-05
7.15912608e+01	2026-09-04T17:34:00.569460	0.00000000e+00	1	16	-6.51360000e-05	1.28456000e-04	-3.00259000e-01	-1.16448000e-04
7.16072575e+01	2026-09-04T17:34:00.585045	0.00000000e+00	1	16	-6.90937000e-05	1.49802000e-04	-3.50283000e-01	-1.46332000e-04
7.16230063e+01	2026-09-04T17:34:00.600559	0.00000000e+00	1	16	-6.87361000e-05	1.73957000e-04	-4.00363000e-01	-1.74000000e-04
7.16365286e+01	2026-09-04T17:34:00.614570	0.00000000e+00	1	16	-7.11679000e-05	2.09210000e-04	-4.50365000e-01	-2.09255000e-04
7.16448111e+01	2026-09-04T17:34:00.622946	0.00000000e+00	1	16	-7.25269000e-05	2.44761000e-04	-5.00414000e-01	-2.41486000e-04
7.16528876e+01	2026-09-04T17:34:00.630992	0.00000000e+00	1	16	-7.30515000e-05	2.83611000e-04	-5.50459000e-01	-2.78588000e-04
7.16681538e+01	2026-09-04T17:34:00.645858	0.00000000e+00	1	16	-7.63893000e-05	3.27027000e-04	-6.00525000e-01	-3.24058000e-04
7.17018676e+01	2026-09-04T17:34:00.679686	0.00000000e+00	1	16	-7.51257000e-05	3.60001000e-04	-6.50508000e-01	-3.59228000e-04
7.17094975e+01	2026-09-04T17:34:00.687715	0.00000000e+00	1	16	-7.50303000e-05	4.10686000e-04	-7.00592000e-01	-4.05085000e-04
7.17253746e+01	2026-09-04T17:34:00.703804	0.00000000e+00	1	16	-6.43253000e-05	3.01085000e-04	-7.50594000e-01	-2.92667000e-04
7.17413372e+01	2026-09-04T17:34:00.719722	0.00000000e+00	1	16	-6.84738000e-05	2.82001000e-04	-8.00696000e-01	-2.78031000e-04
7.17515566e+01	2026-09-04T17:34:00.729819	0.00000000e+00	1	16	-7.18832000e-05	2.91571000e-04	-8.50690000e-01	-3.14719000e-04
7.17628938e+01	2026-09-04T17:34:00.740693	0.00000000e+00	1	16	-6.68526000e-05	3.62442000e-04	-9.00744000e-01	-3.13962000e-04
7.18045422e+01	2026-09-04T17:34:00.782042	0.00000000e+00	1	16	-7.60317000e-05	3.71921000e-04	-9.50765000e-01	-3.68205000e-04
7.18224482e+01	2026-09-04T17:34:00.800462	0.00000000e+00	1	16	-6.66618000e-05	4.06210000e-04	-1.00082000e+00	-3.81668000e-04
7.18301080e+01	2026-09-04T17:34:00.807975	0.00000000e+00	1	16	-6.96421000e-05	4.73421000e-04	-1.05085000e+00	-4.56168000e-04
7.18375258e+01	2026-09-04T17:34:00.815498	0.00000000e+00	1	16	-7.43151000e-05	4.85419000e-04	-1.10093000e+00	-4.55417000e-04
7.18453926e+01	2026-09-04T17:34:00.823842	0.00000000e+00	1	16	-7.27892000e-05	3.62170000e-04	-1.15095000e+00	-3.57076000e-04
7.18610608e+01	2026-09-04T17:34:00.838647	0.00000000e+00	1	16	-7.42197000e-05	3.17276000e-04	-1.20099000e+00	-3.16265000e-04
7.18761458e+01	2026-09-04T17:34:00.854157	0.00000000e+00	1	16	-6.95467000e-05	3.20969000e-04	-1.25101000e+00	-3.07630000e-04
7.18872171e+01	2026-09-04T17:34:00.864838	0.00000000e+00	1	16	-6.85692000e-05	3.22264000e-04	-1.30105000e+00	-3.19207000e-04
7.19170784e+01	2026-09-04T17:34:00.894965	0.00000000e+00	1	16	-7.75576000e-05	1.10455000e-04	-1.35111000e+00	-1.10325000e-04
7.19322927e+01	2026-09-04T17:34:00.910481	0.00000000e+00	1	16	-7.31468000e-05	1.24232000e-04	-1.40111000e+00	-1.23570000e-04
7.19473529e+01	2026-09-04T17:34:00.925520	0.00000000e+00	1	16	-7.31468000e-05	1.37488000e-04	-1.45118000e+00	-1.36032000e-04
7.19550031e+01	2026-09-04T17:34:00.932905	0.00000000e+00	1	16	-7.36952000e-05	1.57725000e-04	-1.50119000e+00	-1.56241000e-04
7.19627956e+01	2026-09-04T17:34:00.940443	0.00000000e+00	1	16	-7.92503000e-05	1.75034000e-04	-1.55125000e+00	-1.75903000e-04
7.19783514e+01	2026-09-04T17:34:00.956521	0.00000000e+00	1	16	-7.20739000e-05	1.89623000e-04	-1.60127000e+00	-1.85467000e-04
7.19868852e+01	2026-09-04T17:34:00.964941	0.00000000e+00	1	16	-7.35045000e-05	2.13054000e-04	-1.65130000e+00	-2.10072000e-04
7.20025181e+01	2026-09-04T17:34:00.980453	0.00000000e+00	1	16	-6.40631000e-05	2.26414000e-04	-1.70135000e+00	-2.23279000e-04
7.20134994e+01	2026-09-04T17:34:00.991895	0.00000000e+00	1	16	-7.67469000e-05	2.46365000e-04	-1.75136000e+00	-2.22023000e-04
7.20450796e+01	2026-09-04T17:34:01.022391	0.00000000e+00	1	16	-7.71999000e-05	2.56489000e-04	-1.80138000e+00	-2.51561000e-04
7.20638072e+01	2026-09-04T17:34:01.042120	0.00000000e+00	1	16	-7.00951000e-05	2.73633000e-04	-1.85142000e+00	-2.67747000e-04
7.20918815e+01	2026-09-04T17:34:01.069436	0.00000000e+00	1	16	-7.72715000e-05	3.01641000e-04	-1.90146000e+00	-2.99973000e-04
7.21072683e+01	2026-09-04T17:34:01.085080	0.00000000e+00	1	16	-7.29561000e-05	3.23728000e-04	-1.95149000e+00	-3.20477000e-04
7.21252554e+01	2026-09-04T17:34:01.102288	0.00000000e+00	1	16	-7.57456000e-05	3.48711000e-04	-2.00153000e+00	-3.35495000e-04
7.21403689e+01	2026-09-04T17:34:01.118335	0.00000000e+00	1	16	-7.11679000e-05	3.67056000e-04	-2.05166000e+00	-3.57942000e-04
7.21478667e+01	2026-09-04T17:34:01.124745	0.00000000e+00	1	16	-7.60317000e-05	3.41761000e-04	-2.10164000e+00	-3.40761000e-04
7.21553646e+01	2026-09-04T17:34:01.124745	0.00000000e+00	1	16	-6.91891000e-05	3.77356000e-04	-2.15198000e+00	-3.68749000e-04
7.21681228e+01	2026-09-04T17:34:01.144129	0.00000000e+00	1	16	-6.29902000e-05	4.01320000e-04	-2.20178000e+00	-3.86221000e-04
7.21751885e+01	2026-09-04T17:34:01.150968	0.00000000e+00	1	16	-7.89881000e-05	3.69215000e-04	-2.20202000e+00	-3.67756000e-04
7.22125536e+01	2026-09-04T17:34:01.189820	0.00000000e+00	1	16	-8.22306000e-05	3.14715000e-04	-2.15193000e+00	-3.16150000e-04
7.22203687e+01	2026-09-04T17:34:01.193799	0.00000000e+00	1	16	-7.88212000e-05	2.79217000e-04	-2.10165000e+00	-2.81287000e-04
7.22421251e+01	2026-09-04T17:34:01.219507	0.00000000e+00	1	16	-7.71999000e-05	2.49255000e-04	-2.05163000e+00	-2.48961000e-04
7.22565965e+01	2026-09-04T17:34:01.233934	0.00000000e+00	1	16	-7.68423000e-05	2.23103000e-04	-2.00151000e+00	-2.27453000e-04
7.22840791e+01	2026-09-04T17:34:01.261643	0.00000000e+00	1	16	-7.38621000e-05	2.07097000e-04	-1.95150000e+00	-2.06881000e-04
7.23052290e+01	2026-09-04T17:34:01.283636	0.00000000e+00	1	16	-7.68423000e-05	1.86831000e-04	-1.90146000e+00	-1.85699000e-04
7.23359805e+01	2026-09-04T17:34:01.313705	0.00000000e+00	1	16	-7.69138000e-05	1.66847000e-04	-1.85144000e+00	-1.67674000e-04
7.23493615e+01	2026-09-04T17:34:01.323711	0.00000000e+00	1	16	-7.83682000e-05	1.53151000e-04	-1.80140000e+00	-1.53854000e-04
7.23718098e+01	2026-09-04T17:34:01.345272	0.00000000e+00	1	16	-7.47681000e-05	1.37691000e-04	-1.75138000e+00	-1.38526000e-04
7.23805158e+01	2026-09-04T17:34:01.353837	0.00000000e+00	1	16	-7.12633000e-05	1.26229000e-04	-1.70133000e+00	-1.26236000e-04
7.24191667e+01	2026-09-04T17:34:01.394172	0.00000000e+00	1	16	-7.66516000e-05	1.14078000e-04	-1.65131000e+00	-1.13775000e-04
7.24267526e+01	2026-09-04T17:34:01.403829	0.00000000e+00	1	16	-7.61986000e-05	1.02765000e-04	-1.60125000e+00	-1.02653000e-04
7.24458841e+01	2026-09-04T17:34:01.423792	0.00000000e+00	1	16	-8.03471000e-05	9.33400000e-05	-1.55124000e+00	-9.30804000e-05
7.24600666e+01	2026-09-04T17:34:01.434005	0.00000000e+00	1	16	-8.28505000e-05	8.41886000e-05	-1.50119000e+00	-8.46047000e-05
7.24907954e+01	2026-09-04T17:34:01.465897	0.00000000e+00	1	16	-7.89881000e-05	7.66482000e-05	-1.45119000e+00	-7.66076000e-05
7.24985318e+01	2026-09-04T17:34:01.474130	0.00000000e+00	1	16	-7.45773000e-05	6.93682000e-05	-1.40110000e+00	-6.96570000e-05
7.25061002e+01	2026-09-04T17:34:01.483928	0.00000000e+00	1	16	-8.33035000e-05	6.26994000e-05	-1.35111000e+00	-6.29408000e-05
7.25258210e+01	2026-09-04T17:34:01.503794	0.00000000e+00	1	16	-8.72612000e-05	5.57052000e-05	-1.30105000e+00	-5.56037000e-05
7.25585556e+01	2026-09-04T17:34:01.535039	0.00000000e+00	1	16	-7.93457000e-05	4.97219000e-05	-1.25100000e+00	-4.99654000e-05
7.25714066e+01	2026-09-04T17:34:01.543882	0.00000000e+00	1	16	-8.08716000e-05	4.46378000e-05	-1.20099000e+00	-4.46858000e-05
7.25934577e+01	2026-09-04T17:34:01.566608	0.00000000e+00	1	16	-7.61986000e-05	3.96297000e-05	-1.15096000e+00	-3.99287000e-05
7.26020376e+01	2026-09-04T17:34:01.579918	0.00000000e+00	1	16	-7.66516000e-05	3.49222000e-05	-1.10090000e+00	-3.54306000e-05
7.26152732e+01	2026-09-04T17:34:01.593696	0.00000000e+00	1	16	-7.64847000e-05	3.08666000e-05	-1.05087000e+00	-3.05109000e-05
7.26347527e+01	2026-09-04T17:34:01.603764	0.00000000e+00	1	16	-7.45058000e-05	2.70096000e-05	-1.00084000e+00	-2.69362000e-05
7.26566534e+01	2026-09-04T17:34:01.633935	0.00000000e+00	1	16	-7.45773000e-05	2.30383000e-05	-9.50774000e-01	-2.29897000e-05
7.26643783e+01	2026-09-04T17:34:01.638634	0.00000000e+00	1	16	-7.59363000e-05	1.97116000e-05	-9.00728000e-01	-1.97356000e-05
7.26840278e+01	2026-09-04T17:34:01.661875	0.00000000e+00	1	16	-7.35998000e-05	1.65834000e-05	-8.50663000e-01	-1.63488000e-05
7.26993700e+01	2026-09-04T17:34:01.673886	0.00000000e+00	1	16	-6.75678000e-05	1.38008000e-05	-8.00690000e-01	-1.39406000e-05
7.27266340e+01	2026-09-04T17:34:01.704357	0.00000000e+00	1	16	-7.60317000e-05	1.17921000e-05	-7.50633000e-01	-1.19511000e-05
7.27607335e+01	2026-09-04T17:34:01.737730	0.00000000e+00	1	16	-5.44310000e-05	9.74118000e-06	-7.00600000e-01	-9.62354000e-06
7.27756345e+01	2026-09-04T17:34:01.753852	0.00000000e+00	1	16	-8.82626000e-05	7.75040000e-06	-6.50543000e-01	-7.78248000e-06
7.27900319e+01	2026-09-04T17:34:01.764003	0.00000000e+00	1	16	-8.20398000e-05	6.28581000e-06	-6.00514000e-01	-6.27433000e-06
7.27978944e+01	2026-09-04T17:34:01.773865	0.00000000e+00	1	16	-8.79049000e-05	4.98626000e-06	-5.50459000e-01	-4.93520000e-06
7.28057986e+01	2026-09-04T17:34:01.783801	0.00000000e+00	1	16	-7.77245000e-05	3.96501000e-06	-5.00422000e-01	-3.83963000e-06
7.28195888e+01	2026-09-04T17:34:01.794080	0.00000000e+00	1	16	-7.54833000e-05	2.98784000e-06	-4.50356000e-01	-2.95350000e-06
7.28499381e+01	2026-09-04T17:34:01.826183	0.00000000e+00	1	16	-8.59261000e-05	2.23200000e-06	-4.00337000e-01	-2.24858000e-06
7.28581378e+01	2026-09-04T17:34:01.833906	0.00000000e+00	1	16	-7.82728000e-05	1.66660000e-06	-3.50300000e-01	-1.66579000e-06
7.28764379e+01	2026-09-04T17:34:01.854021	0.00000000e+00	1	16	-7.95364000e-05	1.25074000e-06	-3.00248000e-01	-1.25943000e-06
7.29087312e+01	2026-09-04T17:34:01.885990	0.00000000e+00	1	16	-7.48634000e-05	9.00844000e-07	-2.50200000e-01	-8.68654000e-07
7.29228171e+01	2026-09-04T17:34:01.893972	0.00000000e+00	1	16	-7.80106000e-05	6.26129000e-07	-2.00077000e-01	-6.07787000e-07
7.29773386e+01	2026-09-04T17:34:01.953907	0.00000000e+00	1	16	-6.74009000e-05	3.45530000e-07	-1.50036000e-01	-3.43172000e-07
7.29855762e+01	2026-09-04T17:34:01.963706	0.00000000e+00	1	16	-7.36952000e-05	2.03345000e-07	-9.99968000e-02	-2.10228000e-07
7.30359708e+01	2026-09-04T17:34:02.013989	0.00000000e+00	1	16	-7.06196000e-05	1.23268000e-07	-4.99643000e-02	-8.46698000e-08
7.30962400e+01	2026-09-04T17:34:02.073831	0.00000000e+00	1	16	-7.18832000e-05	-5.74195000e-10	3.79562000e-05	-4.35650000e-10
7.49586316e+01	2026-09-04T17:34:03.933902	0.00000000e+00	1	17	-6.84738000e-05	-4.32935000e-07	4.50611000e-05	3.99719000e-07
7.49872581e+01	2026-09-04T17:34:03.963765	0.00000000e+00	1	17	-6.63042000e-05	1.20467000e-04	-4.99473000e-02	-1.20351000e-04
7.50104251e+01	2026-09-04T17:34:03.987174	0.00000000e+00	1	17	-7.13587000e-05	2.41690000e-04	-9.99890000e-02	-2.41543000e-04
7.50192182e+01	2026-09-04T17:34:03.995400	0.00000000e+00	1	17	-7.39574000e-05	3.63403000e-04	-1.50029000e-01	-3.63211000e-04
7.50357488e+01	2026-09-04T17:34:04.013906	0.00000000e+00	1	17	-7.42197000e-05	4.85789000e-04	-2.00063000e-01	-4.85686000e-04
7.50534812e+01	2026-09-04T17:34:04.023994	0.00000000e+00	1	17	-7.29561000e-05	6.08880000e-04	-2.50200000e-01	-6.08838000e-04
7.50873051e+01	2026-09-04T17:34:04.064959	0.00000000e+00	1	17	-8.41141000e-05	7.32816000e-04	-3.00259000e-01	-7.32606000e-04
7.51167796e+01	2026-09-04T17:34:04.093936	0.00000000e+00	1	17	-7.62939000e-05	8.57472000e-04	-3.50275000e-01	-8.57480000e-04
7.51387346e+01	2026-09-04T17:34:04.113729	0.00000000e+00	1	17	-7.41243000e-05	9.82816000e-04	-4.00355000e-01	-9.81765000e-04
7.51466786e+01	2026-09-04T17:34:04.124183	0.00000000e+00	1	17	-1.09124000e-04	9.67568000e-04	-4.50341000e-01	-9.67460000e-04
7.51798695e+01	2026-09-04T17:34:04.154499	0.00000000e+00	1	17	-7.59363000e-05	1.08285000e-03	-5.00372000e-01	-1.15959000e-03
7.52043794e+01	2026-09-04T17:34:04.175784	0.00000000e+00	1	17	-6.97374000e-05	1.27262000e-03	-5.50453000e-01	-1.27074000e-03
7.52184694e+01	2026-09-04T17:34:04.194111	0.00000000e+00	1	17	-6.85692000e-05	1.38499000e-03	-6.00491000e-01	-1.38163000e-03
7.52261058e+01	2026-09-04T17:34:04.204096	0.00000000e+00	1	17	-6.84738000e-05	1.49229000e-03	-6.50516000e-01	-1.48531000e-03
7.52459664e+01	2026-09-04T17:34:04.223744	0.00000000e+00	1	17	-5.83887000e-05	1.58716000e-03	-7.00587000e-01	-1.58609000e-03
7.52534797e+01	2026-09-04T17:34:04.223744	0.00000000e+00	1	17	-6.62327000e-05	1.71451000e-03	-7.50597000e-01	-1.71733000e-03
7.52620550e+01	2026-09-04T17:34:04.239749	0.00000000e+00	1	17	-6.38723000e-05	1.80327000e-03	-8.00664000e-01	-1.73041000e-03
7.52967339e+01	2026-09-04T17:34:04.274065	0.00000000e+00	1	17	-6.30856000e-05	2.12317000e-04	-8.50689000e-01	-2.11298000e-04
7.53267830e+01	2026-09-04T17:34:04.303978	0.00000000e+00	1	17	-7.23362000e-05	2.44090000e-04	-9.00724000e-01	-2.41768000e-04
7.53352180e+01	2026-09-04T17:34:04.303978	0.00000000e+00	1	17	-6.67572000e-05	2.86875000e-04	-9.50755000e-01	-2.79836000e-04
7.53654149e+01	2026-09-04T17:34:04.334905	0.00000000e+00	1	17	-6.64949000e-05	2.84568000e-04	-1.00083000e+00	-2.82504000e-04
7.53882850e+01	2026-09-04T17:34:04.366467	0.00000000e+00	1	17	-6.50644000e-05	3.37378000e-04	-1.05084000e+00	-3.04397000e-04
7.54200545e+01	2026-09-04T17:34:04.398241	0.00000000e+00	1	17	-6.79255000e-05	3.43107000e-04	-1.10089000e+00	-3.05387000e-04
7.54414559e+01	2026-09-04T17:34:04.414021	0.00000000e+00	1	17	-5.65052000e-05	3.34041000e-04	-1.15095000e+00	-3.31615000e-04
7.54499977e+01	2026-09-04T17:34:04.424083	0.00000000e+00	1	17	-6.58512000e-05	3.57597000e-04	-1.20099000e+00	-3.48709000e-04
7.54943431e+01	2026-09-04T17:34:04.464042	0.00000000e+00	1	17	-6.59466000e-05	3.26893000e-04	-1.25104000e+00	-3.10543000e-04
7.55150265e+01	2026-09-04T17:34:04.492890	0.00000000e+00	1	17	-6.55890000e-05	6.07777000e-05	-1.30105000e+00	-6.19198000e-05
7.55288902e+01	2026-09-04T17:34:04.503708	0.00000000e+00	1	17	-6.03676000e-05	6.87879000e-05	-1.35109000e+00	-6.87525000e-05
7.55601375e+01	2026-09-04T17:34:04.533857	0.00000000e+00	1	17	-7.02620000e-05	7.75500000e-05	-1.40111000e+00	-7.74445000e-05
7.55686234e+01	2026-09-04T17:34:04.543934	0.00000000e+00	1	17	-7.05481000e-05	8.68483000e-05	-1.45115000e+00	-8.70133000e-05
7.55764642e+01	2026-09-04T17:34:04.553965	0.00000000e+00	1	17	-6.62327000e-05	9.66727000e-05	-1.50119000e+00	-9.83121000e-05
7.55947760e+01	2026-09-04T17:34:04.572775	0.00000000e+00	1	17	-6.13689000e-05	1.12447000e-04	-1.55125000e+00	-1.11642000e-04
7.56263363e+01	2026-09-04T17:34:04.604152	0.00000000e+00	1	17	-6.57797000e-05	1.27028000e-04	-1.60124000e+00	-1.25412000e-04
7.56340160e+01	2026-09-04T17:34:04.604152	0.00000000e+00	1	17	-6.29902000e-05	1.43875000e-04	-1.65128000e+00	-1.41343000e-04
7.56415386e+01	2026-09-04T17:34:04.619883	0.00000000e+00	1	17	-6.55890000e-05	1.85284000e-04	-1.70132000e+00	-1.63640000e-04
7.56700361e+01	2026-09-04T17:34:04.643978	0.00000000e+00	1	17	-6.41584000e-05	1.93744000e-04	-1.75134000e+00	-1.90085000e-04
7.56841137e+01	2026-09-04T17:34:04.660915	0.00000000e+00	1	17	-5.99384000e-05	2.10845000e-04	-1.80140000e+00	-2.02652000e-04
7.57055034e+01	2026-09-04T17:34:04.683021	0.00000000e+00	1	17	-6.92844000e-05	2.19548000e-04	-1.85144000e+00	-2.10354000e-04
7.57385744e+01	2026-09-04T17:34:04.714956	0.00000000e+00	1	17	-6.29902000e-05	2.40779000e-04	-1.90145000e+00	-2.39593000e-04
7.57518379e+01	2026-09-04T17:34:04.723964	0.00000000e+00	1	17	-7.35045000e-05	2.79626000e-04	-1.95148000e+00	-3.29486000e-04
7.58069008e+01	2026-09-04T17:34:04.784079	0.00000000e+00	1	17	-6.05583000e-05	3.31251000e-04	-2.00152000e+00	-3.32974000e-04
7.58154905e+01	2026-09-04T17:34:04.793948	0.00000000e+00	1	17	-6.63996000e-05	4.00853000e-04	-2.05177000e+00	-3.83786000e-04
7.58370706e+01	2026-09-04T17:34:04.814165	0.00000000e+00	1	17	-6.11067000e-05	4.08415000e-04	-2.10169000e+00	-3.84786000e-04
7.58536323e+01	2026-09-04T17:34:04.826936	0.00000000e+00	1	17	-6.27995000e-05	4.19749000e-04	-2.15176000e+00	-4.03336000e-04
7.58816954e+01	2026-09-04T17:34:04.858924	0.00000000e+00	1	17	-6.63042000e-05	4.82644000e-04	-2.20181000e+00	-4.51435000e-04
7.59020566e+01	2026-09-04T17:34:04.880273	0.00000000e+00	1	17	-7.08103000e-05	4.41784000e-04	-2.20174000e+00	-4.37190000e-04
7.59160985e+01	2026-09-04T17:34:04.893858	0.00000000e+00	1	17	-6.90937000e-05	3.68440000e-04	-2.15197000e+00	-3.71234000e-04
7.59448279e+01	2026-09-04T17:34:04.922793	0.00000000e+00	1	17	-6.27995000e-05	3.17905000e-04	-2.10152000e+00	-3.20759000e-04
7.59528115e+01	2026-09-04T17:34:04.923797	0.00000000e+00	1	17	-5.71489000e-05	2.80390000e-04	-2.05164000e+00	-2.80367000e-04
7.59604805e+01	2026-09-04T17:34:04.938661	0.00000000e+00	1	17	-6.82831000e-05	2.48603000e-04	-2.00151000e+00	-2.50626000e-04
7.60083283e+01	2026-09-04T17:34:04.985865	0.00000000e+00	1	17	-6.74725000e-05	2.22590000e-04	-1.95151000e+00	-2.21622000e-04
7.60220486e+01	2026-09-04T17:34:04.994080	0.00000000e+00	1	17	-6.69479000e-05	1.98984000e-04	-1.90147000e+00	-1.98539000e-04
7.60435528e+01	2026-09-04T17:34:05.017377	0.00000000e+00	1	17	-6.77586000e-05	1.76849000e-04	-1.85143000e+00	-1.76300000e-04
7.60512211e+01	2026-09-04T17:34:05.027710	0.00000000e+00	1	17	-6.99043000e-05	1.60518000e-04	-1.80139000e+00	-1.59950000e-04
7.60822017e+01	2026-09-04T17:34:05.053747	0.00000000e+00	1	17	-6.65903000e-05	1.45790000e-04	-1.75136000e+00	-1.44532000e-04
7.61088966e+01	2026-09-04T17:34:05.083814	0.00000000e+00	1	17	-6.65903000e-05	1.32081000e-04	-1.70132000e+00	-1.31836000e-04
7.61286474e+01	2026-09-04T17:34:05.105767	0.00000000e+00	1	17	-7.26938000e-05	1.18911000e-04	-1.65130000e+00	-1.18729000e-04
7.61476601e+01	2026-09-04T17:34:05.123797	0.00000000e+00	1	17	-7.08103000e-05	1.08097000e-04	-1.60124000e+00	-1.07399000e-04
7.61706233e+01	2026-09-04T17:34:05.144062	0.00000000e+00	1	17	-7.03573000e-05	9.90690000e-05	-1.55123000e+00	-9.88504000e-05
7.61983914e+01	2026-09-04T17:34:05.175867	0.00000000e+00	1	17	-6.72102000e-05	8.84479000e-05	-1.50119000e+00	-8.81861000e-05
7.62317005e+01	2026-09-04T17:34:05.207382	0.00000000e+00	1	17	-6.97374000e-05	8.08030000e-05	-1.45116000e+00	-8.00260000e-05
7.62616234e+01	2026-09-04T17:34:05.239108	0.00000000e+00	1	17	-6.65903000e-05	7.33342000e-05	-1.40112000e+00	-7.34109000e-05
7.62721124e+01	2026-09-04T17:34:05.243801	0.00000000e+00	1	17	-6.72102000e-05	6.61118000e-05	-1.35110000e+00	-6.58426000e-05
7.63090922e+01	2026-09-04T17:34:05.286203	0.00000000e+00	1	17	-7.52211000e-05	5.83359000e-05	-1.30106000e+00	-5.83373000e-05
7.63176310e+01	2026-09-04T17:34:05.293976	0.00000000e+00	1	17	-6.92844000e-05	5.17562000e-05	-1.25101000e+00	-5.16127000e-05
7.63409030e+01	2026-09-04T17:34:05.318258	0.00000000e+00	1	17	-6.66618000e-05	4.66721000e-05	-1.20096000e+00	-4.66599000e-05
7.63539878e+01	2026-09-04T17:34:05.323871	0.00000000e+00	1	17	-6.28948000e-05	4.09167000e-05	-1.15094000e+00	-4.09745000e-05
7.63865865e+01	2026-09-04T17:34:05.363895	0.00000000e+00	1	17	-7.00951000e-05	3.58267000e-05	-1.10089000e+00	-3.61657000e-05
7.64157574e+01	2026-09-04T17:34:05.394180	0.00000000e+00	1	17	-7.25985000e-05	3.09366000e-05	-1.05084000e+00	-3.09492000e-05
7.64382497e+01	2026-09-04T17:34:05.414008	0.00000000e+00	1	17	-6.46114000e-05	2.68127000e-05	-1.00082000e+00	-2.67157000e-05
7.64512505e+01	2026-09-04T17:34:05.424008	0.00000000e+00	1	17	-6.58512000e-05	2.28896000e-05	-9.50777000e-01	-2.31015000e-05
7.64845788e+01	2026-09-04T17:34:05.461397	0.00000000e+00	1	17	-6.79255000e-05	1.94926000e-05	-9.00740000e-01	-1.97278000e-05
7.65147623e+01	2026-09-04T17:34:05.493164	0.00000000e+00	1	17	-6.96421000e-05	1.64541000e-05	-8.50675000e-01	-1.65013000e-05
7.65225058e+01	2026-09-04T17:34:05.494168	0.00000000e+00	1	17	-6.73056000e-05	1.36430000e-05	-8.00677000e-01	-1.36186000e-05
7.65300107e+01	2026-09-04T17:34:05.503763	0.00000000e+00	1	17	-7.07150000e-05	1.12905000e-05	-7.50629000e-01	-1.11507000e-05
7.65609509e+01	2026-09-04T17:34:05.533858	0.00000000e+00	1	17	-5.30958000e-05	9.18288000e-06	-7.00593000e-01	-9.04637000e-06
7.65760821e+01	2026-09-04T17:34:05.553747	0.00000000e+00	1	17	-7.09057000e-05	7.09986000e-06	-6.50512000e-01	-7.06164000e-06
7.65953733e+01	2026-09-04T17:34:05.573123	0.00000000e+00	1	17	-7.35998000e-05	5.60332000e-06	-6.00514000e-01	-5.71269000e-06
7.66249083e+01	2026-09-04T17:34:05.598711	0.00000000e+00	1	17	-7.49350000e-05	4.39354000e-06	-5.50464000e-01	-4.37725000e-06
7.66477863e+01	2026-09-04T17:34:05.623684	0.00000000e+00	1	17	-7.21455000e-05	3.40686000e-06	-5.00412000e-01	-3.39908000e-06
7.66557131e+01	2026-09-04T17:34:05.634003	0.00000000e+00	1	17	-7.10726000e-05	2.68131000e-06	-4.50346000e-01	-2.66268000e-06
7.67058871e+01	2026-09-04T17:34:05.683750	0.00000000e+00	1	17	-6.97374000e-05	1.90244000e-06	-4.00359000e-01	-1.93710000e-06
7.67139459e+01	2026-09-04T17:34:05.688430	0.00000000e+00	1	17	-6.65903000e-05	1.43085000e-06	-3.50295000e-01	-1.42684000e-06
7.67445096e+01	2026-09-04T17:34:05.714895	0.00000000e+00	1	17	-6.50644000e-05	1.06695000e-06	-3.00242000e-01	-1.05831000e-06
7.67615399e+01	2026-09-04T17:34:05.734134	0.00000000e+00	1	17	-7.11679000e-05	6.79715000e-07	-2.50200000e-01	-6.84064000e-07
7.67849892e+01	2026-09-04T17:34:05.762600	0.00000000e+00	1	17	-6.74009000e-05	4.61944000e-07	-2.00073000e-01	-4.52796000e-07
7.68162934e+01	2026-09-04T17:34:05.793944	0.00000000e+00	1	17	-7.45773000e-05	2.80601000e-07	-1.50041000e-01	-2.80341000e-07
7.68304681e+01	2026-09-04T17:34:05.807008	0.00000000e+00	1	17	-7.32422000e-05	1.64856000e-07	-9.99951000e-02	-1.71776000e-07
7.68539257e+01	2026-09-04T17:34:05.825675	0.00000000e+00	1	17	-7.71046000e-05	6.93430000e-08	-4.99518000e-02	-6.41634000e-08
7.69622672e+01	2026-09-04T17:34:05.937198	0.00000000e+00	1	17	-5.17368000e-05	1.52830000e-08	4.01974000e-05	-9.50325000e-10
7.88525044e+01	2026-09-04T17:34:07.823676	0.00000000e+00	1	18	-3.64542000e-05	-2.78299000e-08	2.37226000e-05	3.80076000e-08
7.88606947e+01	2026-09-04T17:34:07.833734	0.00000000e+00	1	18	-1.15681000e-04	2.62430000e-05	-4.98966000e-02	-2.62477000e-05
7.88993910e+01	2026-09-04T17:34:07.873710	0.00000000e+00	1	18	-7.73668000e-05	5.69710000e-05	-9.99891000e-02	-5.69707000e-05
7.89193254e+01	2026-09-04T17:34:07.893951	0.00000000e+00	1	18	-6.88314000e-05	9.62094000e-05	-1.50027000e-01	-9.62050000e-05
7.89322971e+01	2026-09-04T17:34:07.904057	0.00000000e+00	1	18	-7.50303000e-05	1.49196000e-04	-2.00072000e-01	-1.48961000e-04
7.89570555e+01	2026-09-04T17:34:07.934823	0.00000000e+00	1	18	-7.04527000e-05	2.19823000e-04	-2.50190000e-01	-2.19663000e-04
7.89647444e+01	2026-09-04T17:34:07.934823	0.00000000e+00	1	18	-6.98090000e-05	3.07174000e-04	-3.00229000e-01	-3.07190000e-04
7.89729256e+01	2026-09-04T17:34:07.950644	0.00000000e+00	1	18	-7.33376000e-05	4.06722000e-04	-3.50296000e-01	-4.06011000e-04
7.89970965e+01	2026-09-04T17:34:07.974116	0.00000000e+00	1	18	-7.43151000e-05	5.10567000e-04	-4.00344000e-01	-5.10778000e-04
7.90109112e+01	2026-09-04T17:34:07.989038	0.00000000e+00	1	18	-7.49350000e-05	6.16270000e-04	-4.50345000e-01	-6.14951000e-04
7.90189233e+01	2026-09-04T17:34:07.993975	0.00000000e+00	1	18	-5.77688000e-05	7.43044000e-04	-5.00415000e-01	-6.86293000e-04
7.90266228e+01	2026-09-04T17:34:08.003766	0.00000000e+00	1	18	-7.11679000e-05	7.29027000e-04	-5.50442000e-01	-7.08073000e-04
7.90344176e+01	2026-09-04T17:34:08.003766	0.00000000e+00	1	18	-5.07593000e-05	7.41258000e-04	-6.00530000e-01	-6.88421000e-04
7.90723217e+01	2026-09-04T17:34:08.047692	0.00000000e+00	1	18	-6.99043000e-05	5.52264000e-04	-6.50553000e-01	-5.07733000e-04
7.90953919e+01	2026-09-04T17:34:08.064076	0.00000000e+00	1	18	-6.74725000e-05	4.78228000e-04	-7.00581000e-01	-4.57710000e-04
7.91154327e+01	2026-09-04T17:34:08.093139	0.00000000e+00	1	18	-6.41584000e-05	3.54476000e-04	-7.50617000e-01	-3.54415000e-04
7.91228699e+01	2026-09-04T17:34:08.094143	0.00000000e+00	1	18	-6.55890000e-05	3.61250000e-04	-8.00677000e-01	-3.42314000e-04
7.91311123e+01	2026-09-04T17:34:08.109166	0.00000000e+00	1	18	-5.99384000e-05	3.22047000e-04	-8.50708000e-01	-2.64271000e-04
7.91608684e+01	2026-09-04T17:34:08.133693	0.00000000e+00	1	18	-7.17163000e-05	2.72228000e-04	-9.00769000e-01	-2.62099000e-04
7.91718439e+01	2026-09-04T17:34:08.143886	0.00000000e+00	1	18	-5.83172000e-05	2.54713000e-04	-9.50799000e-01	-2.17200000e-04
7.91953478e+01	2026-09-04T17:34:08.173091	0.00000000e+00	1	18	-6.84738000e-05	1.79152000e-04	-1.00082000e+00	-1.76141000e-04
7.92034233e+01	2026-09-04T17:34:08.174098	0.00000000e+00	1	18	-7.25985000e-05	1.93976000e-04	-1.05083000e+00	-1.88764000e-04
7.92175275e+01	2026-09-04T17:34:08.194189	0.00000000e+00	1	18	-7.37667000e-05	1.72336000e-04	-1.10090000e+00	-1.72405000e-04
7.92460851e+01	2026-09-04T17:34:08.224173	0.00000000e+00	1	18	-6.65903000e-05	5.80824000e-05	-1.15097000e+00	-3.91310000e-05
7.92583190e+01	2026-09-04T17:34:08.233703	0.00000000e+00	1	18	-7.38621000e-05	4.46525000e-05	-1.20097000e+00	-4.06769000e-05
7.93056150e+01	2026-09-04T17:34:08.273794	0.00000000e+00	1	18	-7.24316000e-05	4.76630000e-05	-1.25103000e+00	-4.78623000e-05
7.93275242e+01	2026-09-04T17:34:08.303833	0.00000000e+00	1	18	-6.77586000e-05	5.40469000e-05	-1.30104000e+00	-5.50436000e-05
7.93350233e+01	2026-09-04T17:34:08.303833	0.00000000e+00	1	18	-6.94513000e-05	6.04859000e-05	-1.35111000e+00	-5.98515000e-05
7.93556823e+01	2026-09-04T17:34:08.334050	0.00000000e+00	1	18	-7.22408000e-05	5.46413000e-05	-1.40111000e+00	-5.61516000e-05
7.93847097e+01	2026-09-04T17:34:08.355259	0.00000000e+00	1	18	-6.73056000e-05	6.36608000e-05	-1.45117000e+00	-6.38604000e-05
7.94078946e+01	2026-09-04T17:34:08.383826	0.00000000e+00	1	18	-7.06196000e-05	6.76793000e-05	-1.50121000e+00	-6.84759000e-05
7.94154066e+01	2026-09-04T17:34:08.393833	0.00000000e+00	1	18	-7.58410000e-05	7.68183000e-05	-1.55123000e+00	-7.56904000e-05
7.94270318e+01	2026-09-04T17:34:08.403835	0.00000000e+00	1	18	-6.70195000e-05	8.40229000e-05	-1.60126000e+00	-8.40068000e-05
7.94551995e+01	2026-09-04T17:34:08.431885	0.00000000e+00	1	18	-7.32422000e-05	9.24760000e-05	-1.65131000e+00	-9.28565000e-05
7.94640863e+01	2026-09-04T17:34:08.433896	0.00000000e+00	1	18	-7.60317000e-05	1.02424000e-04	-1.70134000e+00	-1.04540000e-04
7.94770978e+01	2026-09-04T17:34:08.453867	0.00000000e+00	1	18	-7.68423000e-05	1.11411000e-04	-1.75137000e+00	-1.12555000e-04
7.94846340e+01	2026-09-04T17:34:08.453867	0.00000000e+00	1	18	-7.44104000e-05	1.25344000e-04	-1.80136000e+00	-1.24710000e-04
7.95178962e+01	2026-09-04T17:34:08.495667	0.00000000e+00	1	18	-7.44104000e-05	1.39566000e-04	-1.85144000e+00	-1.38288000e-04
7.95395448e+01	2026-09-04T17:34:08.513805	0.00000000e+00	1	18	-7.57456000e-05	1.54004000e-04	-1.90145000e+00	-1.53251000e-04
7.95516610e+01	2026-09-04T17:34:08.527858	0.00000000e+00	1	18	-7.40528000e-05	1.79098000e-04	-1.95151000e+00	-1.80740000e-04
7.95813787e+01	2026-09-04T17:34:08.559070	0.00000000e+00	1	18	-7.68423000e-05	2.00743000e-04	-2.00151000e+00	-2.08074000e-04
7.96024915e+01	2026-09-04T17:34:08.574990	0.00000000e+00	1	18	-7.14302000e-05	2.28128000e-04	-2.05172000e+00	-2.27929000e-04
7.96100185e+01	2026-09-04T17:34:08.583920	0.00000000e+00	1	18	-7.82728000e-05	2.70682000e-04	-2.10167000e+00	-2.69394000e-04
7.96317278e+01	2026-09-04T17:34:08.606517	0.00000000e+00	1	18	-7.76529000e-05	3.46544000e-04	-2.15182000e+00	-3.58443000e-04
7.96601026e+01	2026-09-04T17:34:08.638149	0.00000000e+00	1	18	-7.34091000e-05	4.46733000e-04	-2.20181000e+00	-4.25468000e-04
7.96808647e+01	2026-09-04T17:34:08.653923	0.00000000e+00	1	18	-8.15868000e-05	4.20441000e-04	-2.20181000e+00	-4.21363000e-04
7.96916187e+01	2026-09-04T17:34:08.669703	0.00000000e+00	1	18	-7.35998000e-05	3.60207000e-04	-2.15194000e+00	-3.55322000e-04
7.97275831e+01	2026-09-04T17:34:08.704057	0.00000000e+00	1	18	-6.85692000e-05	3.09047000e-04	-2.10172000e+00	-3.10061000e-04
7.97361262e+01	2026-09-04T17:34:08.714083	0.00000000e+00	1	18	-7.16209000e-05	2.70554000e-04	-2.05153000e+00	-2.69553000e-04
7.97560822e+01	2026-09-04T17:34:08.733990	0.00000000e+00	1	18	-7.31468000e-05	2.41234000e-04	-2.00151000e+00	-2.40288000e-04
7.97797186e+01	2026-09-04T17:34:08.754059	0.00000000e+00	1	18	-7.19786000e-05	2.14735000e-04	-1.95150000e+00	-2.14695000e-04
7.98008930e+01	2026-09-04T17:34:08.774004	0.00000000e+00	1	18	-7.33376000e-05	1.90753000e-04	-1.90146000e+00	-1.91259000e-04
7.98223443e+01	2026-09-04T17:34:08.800122	0.00000000e+00	1	18	-7.25269000e-05	1.73909000e-04	-1.85144000e+00	-1.73547000e-04
7.98351899e+01	2026-09-04T17:34:08.803933	0.00000000e+00	1	18	-7.20739000e-05	1.57821000e-04	-1.80138000e+00	-1.58059000e-04
7.98854644e+01	2026-09-04T17:34:08.862970	0.00000000e+00	1	18	-6.71148000e-05	1.41484000e-04	-1.75136000e+00	-1.41535000e-04
7.98934287e+01	2026-09-04T17:34:08.863977	0.00000000e+00	1	18	-6.96421000e-05	1.27343000e-04	-1.70133000e+00	-1.27305000e-04
7.99220333e+01	2026-09-04T17:34:08.898230	0.00000000e+00	1	18	-7.37667000e-05	1.17156000e-04	-1.65131000e+00	-1.16579000e-04
7.99434851e+01	2026-09-04T17:34:08.916187	0.00000000e+00	1	18	-6.75678000e-05	1.05494000e-04	-1.60124000e+00	-1.05874000e-04
7.99645339e+01	2026-09-04T17:34:08.942035	0.00000000e+00	1	18	-7.14302000e-05	9.65688000e-05	-1.55123000e+00	-9.64640000e-05
7.99827935e+01	2026-09-04T17:34:08.957991	0.00000000e+00	1	18	-6.72102000e-05	8.68303000e-05	-1.50118000e+00	-8.78037000e-05
8.00199565e+01	2026-09-04T17:34:08.994201	0.00000000e+00	1	18	-7.68423000e-05	7.92522000e-05	-1.45117000e+00	-7.95857000e-05
8.00440583e+01	2026-09-04T17:34:09.021461	0.00000000e+00	1	18	-6.89983000e-05	7.11339000e-05	-1.40113000e+00	-7.13389000e-05
8.00579011e+01	2026-09-04T17:34:09.033696	0.00000000e+00	1	18	-6.60419000e-05	6.35543000e-05	-1.35111000e+00	-6.34316000e-05
8.01072947e+01	2026-09-04T17:34:09.085188	0.00000000e+00	1	18	-7.40528000e-05	5.68474000e-05	-1.30105000e+00	-5.67383000e-05
8.01157912e+01	2026-09-04T17:34:09.093752	0.00000000e+00	1	18	-7.19786000e-05	5.08895000e-05	-1.25102000e+00	-5.07605000e-05
8.01434049e+01	2026-09-04T17:34:09.117391	0.00000000e+00	1	18	-6.82116000e-05	4.51002000e-05	-1.20095000e+00	-4.52478000e-05
8.01721523e+01	2026-09-04T17:34:09.149497	0.00000000e+00	1	18	-7.04527000e-05	4.04558000e-05	-1.15095000e+00	-4.02132000e-05
8.01798583e+01	2026-09-04T17:34:09.154133	0.00000000e+00	1	18	-6.27995000e-05	3.49004000e-05	-1.10089000e+00	-3.48888000e-05
8.02041331e+01	2026-09-04T17:34:09.181314	0.00000000e+00	1	18	-7.13587000e-05	3.03349000e-05	-1.05084000e+00	-3.04438000e-05
8.02289105e+01	2026-09-04T17:34:09.203754	0.00000000e+00	1	18	-6.68526000e-05	2.61215000e-05	-1.00084000e+00	-2.62024000e-05
8.02372911e+01	2026-09-04T17:34:09.213943	0.00000000e+00	1	18	-7.68423000e-05	2.28286000e-05	-9.50776000e-01	-2.30452000e-05
8.02453917e+01	2026-09-04T17:34:09.223676	0.00000000e+00	1	18	-6.30856000e-05	1.90841000e-05	-9.00732000e-01	-1.90471000e-05
8.02672531e+01	2026-09-04T17:34:09.244847	0.00000000e+00	1	18	-5.93901000e-05	1.61523000e-05	-8.50682000e-01	-1.58104000e-05
8.02945756e+01	2026-09-04T17:34:09.271506	0.00000000e+00	1	18	-6.22749000e-05	1.33115000e-05	-8.00670000e-01	-1.32356000e-05
8.03150110e+01	2026-09-04T17:34:09.292780	0.00000000e+00	1	18	-6.92844000e-05	1.09555000e-05	-7.50618000e-01	-1.09043000e-05
8.03227408e+01	2026-09-04T17:34:09.293789	0.00000000e+00	1	18	-5.71489000e-05	8.93400000e-06	-7.00587000e-01	-8.80503000e-06
8.03404620e+01	2026-09-04T17:34:09.313714	0.00000000e+00	1	18	-8.11577000e-05	7.16629000e-06	-6.50523000e-01	-7.10837000e-06
8.03663870e+01	2026-09-04T17:34:09.343980	0.00000000e+00	1	18	-6.71148000e-05	5.73795000e-06	-6.00491000e-01	-5.71560000e-06
8.03763431e+01	2026-09-04T17:34:09.354064	0.00000000e+00	1	18	-7.73668000e-05	4.56511000e-06	-5.50451000e-01	-4.50179000e-06
8.04172668e+01	2026-09-04T17:34:09.394165	0.00000000e+00	1	18	-6.99997000e-05	3.44866000e-06	-5.00423000e-01	-3.41533000e-06
8.04326411e+01	2026-09-04T17:34:09.404100	0.00000000e+00	1	18	-6.67572000e-05	2.53518000e-06	-4.50355000e-01	-2.52469000e-06
8.04566557e+01	2026-09-04T17:34:09.434015	0.00000000e+00	1	18	-6.92844000e-05	1.92179000e-06	-4.00316000e-01	-1.89754000e-06
8.04645143e+01	2026-09-04T17:34:09.434015	0.00000000e+00	1	18	-6.69479000e-05	1.40088000e-06	-3.50284000e-01	-1.41805000e-06
8.04905841e+01	2026-09-04T17:34:09.467608	0.00000000e+00	1	18	-6.76632000e-05	1.06944000e-06	-3.00243000e-01	-1.05653000e-06
8.05035338e+01	2026-09-04T17:34:09.481471	0.00000000e+00	1	18	-6.54936000e-05	7.29604000e-07	-2.50215000e-01	-7.23587000e-07
8.05273900e+01	2026-09-04T17:34:09.504045	0.00000000e+00	1	18	-7.48634000e-05	4.91608000e-07	-2.00068000e-01	-4.99698000e-07
8.05350979e+01	2026-09-04T17:34:09.513110	0.00000000e+00	1	18	-6.59466000e-05	3.13691000e-07	-1.50035000e-01	-3.09786000e-07
8.05431540e+01	2026-09-04T17:34:09.514113	0.00000000e+00	1	18	-7.08103000e-05	1.78663000e-07	-9.99871000e-02	-1.75500000e-07
8.05677302e+01	2026-09-04T17:34:09.544006	0.00000000e+00	1	18	-6.79255000e-05	8.66721000e-08	-4.99498000e-02	-8.07695000e-08
8.06715882e+01	2026-09-04T17:34:09.643849	0.00000000e+00	1	18	-3.07083000e-05	5.08522000e-08	1.13010000e-05	-3.33828000e-08
8.25707984e+01	2026-09-04T17:34:11.544072	0.00000000e+00	1	19	-4.82321000e-05	-2.03326000e-08	1.32799000e-05	3.29900000e-08
8.25854043e+01	2026-09-04T17:34:11.563722	0.00000000e+00	1	19	-1.15490000e-04	2.51280000e-05	-4.98986000e-02	-2.51284000e-05
8.26123003e+01	2026-09-04T17:34:11.583880	0.00000000e+00	1	19	-6.70195000e-05	5.48117000e-05	-9.99925000e-02	-5.48034000e-05
8.26453954e+01	2026-09-04T17:34:11.615140	0.00000000e+00	1	19	-7.31468000e-05	9.26340000e-05	-1.50033000e-01	-9.26306000e-05
8.26702613e+01	2026-09-04T17:34:11.647390	0.00000000e+00	1	19	-7.35998000e-05	1.43209000e-04	-2.00075000e-01	-1.43361000e-04
8.27025823e+01	2026-09-04T17:34:11.679160	0.00000000e+00	1	19	-7.59363000e-05	2.09611000e-04	-2.50214000e-01	-2.09603000e-04
8.27151114e+01	2026-09-04T17:34:11.684158	0.00000000e+00	1	19	-7.12633000e-05	2.91193000e-04	-3.00257000e-01	-2.91481000e-04
8.27603503e+01	2026-09-04T17:34:11.734227	0.00000000e+00	1	19	-7.08103000e-05	3.92839000e-04	-3.50281000e-01	-3.95888000e-04
8.27741677e+01	2026-09-04T17:34:11.744133	0.00000000e+00	1	19	-1.54614000e-04	7.26925000e-04	-4.00320000e-01	-9.10026000e-04
8.27968463e+01	2026-09-04T17:34:11.775293	0.00000000e+00	1	19	-7.57456000e-05	9.82784000e-04	-4.50363000e-01	-9.85182000e-04
8.28060153e+01	2026-09-04T17:34:11.783744	0.00000000e+00	1	19	-1.08314000e-04	1.05790000e-03	-5.00521000e-01	-8.63488000e-04
8.28278743e+01	2026-09-04T17:34:11.805909	0.00000000e+00	1	19	-5.84841000e-05	5.09127000e-04	-5.50471000e-01	-4.65345000e-04
8.28570968e+01	2026-09-04T17:34:11.834112	0.00000000e+00	1	19	-6.46114000e-05	4.63849000e-04	-6.00515000e-01	-4.50165000e-04
8.28759184e+01	2026-09-04T17:34:11.853814	0.00000000e+00	1	19	-7.27892000e-05	3.06926000e-04	-6.50526000e-01	-2.80397000e-04
8.28986259e+01	2026-09-04T17:34:11.873958	0.00000000e+00	1	19	-6.60419000e-05	2.90392000e-04	-7.00605000e-01	-2.76269000e-04
8.29240720e+01	2026-09-04T17:34:11.901515	0.00000000e+00	1	19	-5.77688000e-05	1.97051000e-04	-7.50634000e-01	-1.79644000e-04
8.29322218e+01	2026-09-04T17:34:11.904023	0.00000000e+00	1	19	-6.29902000e-05	1.76845000e-04	-8.00683000e-01	-1.83366000e-04
8.29559978e+01	2026-09-04T17:34:11.933789	0.00000000e+00	1	19	-6.92844000e-05	5.31921000e-05	-8.50683000e-01	-5.45716000e-05
8.29880447e+01	2026-09-04T17:34:11.965358	0.00000000e+00	1	19	-7.20739000e-05	5.93140000e-05	-9.00739000e-01	-6.06427000e-05
8.29963309e+01	2026-09-04T17:34:11.973683	0.00000000e+00	1	19	-6.45161000e-05	6.75557000e-05	-9.50770000e-01	-6.71295000e-05
8.30188836e+01	2026-09-04T17:34:11.996383	0.00000000e+00	1	19	-6.63996000e-05	6.12524000e-05	-1.00082000e+00	-6.19467000e-05
8.30299450e+01	2026-09-04T17:34:12.003818	0.00000000e+00	1	19	-6.88314000e-05	7.65776000e-05	-1.05085000e+00	-7.31280000e-05
8.30545055e+01	2026-09-04T17:34:12.027918	0.00000000e+00	1	19	-7.21455000e-05	4.88638000e-05	-1.10089000e+00	-5.38381000e-05
8.30621336e+01	2026-09-04T17:34:12.033824	0.00000000e+00	1	19	-7.19786000e-05	6.74171000e-05	-1.15096000e+00	-6.46076000e-05
8.30817508e+01	2026-09-04T17:34:12.059616	0.00000000e+00	1	19	-7.79152000e-05	5.06990000e-05	-1.20093000e+00	-5.05622000e-05
8.31232437e+01	2026-09-04T17:34:12.096602	0.00000000e+00	1	19	-7.49350000e-05	5.90488000e-05	-1.25103000e+00	-5.92126000e-05
8.31453989e+01	2026-09-04T17:34:12.123036	0.00000000e+00	1	19	-6.98090000e-05	6.76863000e-05	-1.30104000e+00	-6.50668000e-05
8.31720751e+01	2026-09-04T17:34:12.148705	0.00000000e+00	1	19	-7.45773000e-05	7.79102000e-05	-1.35111000e+00	-7.64588000e-05
8.31968536e+01	2026-09-04T17:34:12.173809	0.00000000e+00	1	19	-7.07150000e-05	8.27894000e-05	-1.40112000e+00	-8.22466000e-05
8.32046147e+01	2026-09-04T17:34:12.173809	0.00000000e+00	1	19	-6.74009000e-05	8.61390000e-05	-1.45115000e+00	-8.38013000e-05
8.32247004e+01	2026-09-04T17:34:12.202426	0.00000000e+00	1	19	-7.04527000e-05	8.55332000e-05	-1.50119000e+00	-8.61470000e-05
8.32462976e+01	2026-09-04T17:34:12.223766	0.00000000e+00	1	19	-7.32422000e-05	9.97210000e-05	-1.55123000e+00	-9.90291000e-05
8.32604366e+01	2026-09-04T17:34:12.233914	0.00000000e+00	1	19	-7.10726000e-05	1.03140000e-04	-1.60125000e+00	-1.01522000e-04
8.32843786e+01	2026-09-04T17:34:12.254550	0.00000000e+00	1	19	-6.82116000e-05	1.15525000e-04	-1.65132000e+00	-1.13541000e-04
8.32923319e+01	2026-09-04T17:34:12.270671	0.00000000e+00	1	19	-6.54221000e-05	1.23470000e-04	-1.70132000e+00	-1.20242000e-04
8.33246210e+01	2026-09-04T17:34:12.302419	0.00000000e+00	1	19	-6.72102000e-05	1.33866000e-04	-1.75138000e+00	-1.33623000e-04
8.33336796e+01	2026-09-04T17:34:12.303929	0.00000000e+00	1	19	-7.18832000e-05	1.35914000e-04	-1.80137000e+00	-1.35109000e-04
8.33563589e+01	2026-09-04T17:34:12.334100	0.00000000e+00	1	19	-6.70195000e-05	1.48908000e-04	-1.85144000e+00	-1.50122000e-04
8.33640936e+01	2026-09-04T17:34:12.334100	0.00000000e+00	1	19	-7.51257000e-05	1.62511000e-04	-1.90146000e+00	-1.63150000e-04
8.33886936e+01	2026-09-04T17:34:12.366174	0.00000000e+00	1	19	-7.01666000e-05	1.84468000e-04	-1.95152000e+00	-1.87442000e-04
8.34042485e+01	2026-09-04T17:34:12.381820	0.00000000e+00	1	19	-6.90937000e-05	2.06541000e-04	-2.00151000e+00	-2.10038000e-04
8.34341122e+01	2026-09-04T17:34:12.404026	0.00000000e+00	1	19	-6.99997000e-05	2.28469000e-04	-2.05176000e+00	-2.33006000e-04
8.34681209e+01	2026-09-04T17:34:12.445811	0.00000000e+00	1	19	-6.75678000e-05	2.97185000e-04	-2.10168000e+00	-2.98239000e-04
8.34937543e+01	2026-09-04T17:34:12.471801	0.00000000e+00	1	19	-6.95467000e-05	3.50506000e-04	-2.15201000e+00	-3.50755000e-04
8.35156555e+01	2026-09-04T17:34:12.493872	0.00000000e+00	1	19	-7.80821000e-05	4.33274000e-04	-2.20209000e+00	-4.24970000e-04
8.35344129e+01	2026-09-04T17:34:12.509131	0.00000000e+00	1	19	-6.86407000e-05	4.22198000e-04	-2.20191000e+00	-4.13533000e-04
8.35441252e+01	2026-09-04T17:34:12.513745	0.00000000e+00	1	19	-7.68423000e-05	3.65353000e-04	-2.15204000e+00	-3.62441000e-04
8.35668033e+01	2026-09-04T17:34:12.543942	0.00000000e+00	1	19	-7.05481000e-05	3.19660000e-04	-2.10163000e+00	-3.18876000e-04
8.35745685e+01	2026-09-04T17:34:12.543942	0.00000000e+00	1	19	-6.95467000e-05	2.81652000e-04	-2.05168000e+00	-2.81381000e-04
8.35875941e+01	2026-09-04T17:34:12.564146	0.00000000e+00	1	19	-7.03573000e-05	2.48022000e-04	-2.00150000e+00	-2.49527000e-04
8.36014708e+01	2026-09-04T17:34:12.573802	0.00000000e+00	1	19	-6.89268000e-05	2.18205000e-04	-1.95150000e+00	-2.19310000e-04
8.36205105e+01	2026-09-04T17:34:12.596938	0.00000000e+00	1	19	-7.51257000e-05	1.95773000e-04	-1.90148000e+00	-1.96102000e-04
8.36420646e+01	2026-09-04T17:34:12.619605	0.00000000e+00	1	19	-7.51257000e-05	1.75680000e-04	-1.85144000e+00	-1.77452000e-04
8.36730295e+01	2026-09-04T17:34:12.643710	0.00000000e+00	1	19	-6.55890000e-05	1.60022000e-04	-1.80139000e+00	-1.60118000e-04
8.36952183e+01	2026-09-04T17:34:12.667462	0.00000000e+00	1	19	-7.53880000e-05	1.45947000e-04	-1.75137000e+00	-1.45734000e-04
8.37031420e+01	2026-09-04T17:34:12.678195	0.00000000e+00	1	19	-7.11679000e-05	1.32287000e-04	-1.70133000e+00	-1.32761000e-04
8.37220974e+01	2026-09-04T17:34:12.699557	0.00000000e+00	1	19	-7.11679000e-05	1.19797000e-04	-1.65131000e+00	-1.18089000e-04
8.37552501e+01	2026-09-04T17:34:12.731218	0.00000000e+00	1	19	-6.80208000e-05	1.07803000e-04	-1.60125000e+00	-1.08050000e-04
8.37658553e+01	2026-09-04T17:34:12.744008	0.00000000e+00	1	19	-7.16209000e-05	9.85854000e-05	-1.55123000e+00	-9.80526000e-05
8.37782417e+01	2026-09-04T17:34:12.753970	0.00000000e+00	1	19	-7.37667000e-05	8.82026000e-05	-1.50120000e+00	-8.80724000e-05
8.37860972e+01	2026-09-04T17:34:12.763880	0.00000000e+00	1	19	-7.13587000e-05	7.95316000e-05	-1.45116000e+00	-7.92429000e-05
8.37941961e+01	2026-09-04T17:34:12.763880	0.00000000e+00	1	19	-6.98090000e-05	7.15378000e-05	-1.40113000e+00	-7.14960000e-05
8.38162567e+01	2026-09-04T17:34:12.793794	0.00000000e+00	1	19	-7.33376000e-05	6.45144000e-05	-1.35109000e+00	-6.42789000e-05
8.38261926e+01	2026-09-04T17:34:12.804063	0.00000000e+00	1	19	-7.55787000e-05	5.79741000e-05	-1.30105000e+00	-5.84005000e-05
8.38521379e+01	2026-09-04T17:34:12.825561	0.00000000e+00	1	19	-6.92844000e-05	5.13784000e-05	-1.25103000e+00	-5.11792000e-05
8.38635712e+01	2026-09-04T17:34:12.841423	0.00000000e+00	1	19	-6.97374000e-05	4.52873000e-05	-1.20097000e+00	-4.56031000e-05
8.39118717e+01	2026-09-04T17:34:12.889651	0.00000000e+00	1	19	-6.88314000e-05	3.96743000e-05	-1.15095000e+00	-3.98970000e-05
8.39258838e+01	2026-09-04T17:34:12.903976	0.00000000e+00	1	19	-6.91891000e-05	3.46362000e-05	-1.10089000e+00	-3.48596000e-05
8.39760029e+01	2026-09-04T17:34:12.953799	0.00000000e+00	1	19	-7.18832000e-05	3.00726000e-05	-1.05084000e+00	-3.01431000e-05
8.39844566e+01	2026-09-04T17:34:12.953799	0.00000000e+00	1	19	-6.93798000e-05	2.63224000e-05	-1.00082000e+00	-2.62329000e-05
8.40086894e+01	2026-09-04T17:34:12.985828	0.00000000e+00	1	19	-7.05481000e-05	2.20701000e-05	-9.50796000e-01	-2.21595000e-05
8.40219284e+01	2026-09-04T17:34:12.997727	0.00000000e+00	1	19	-6.54936000e-05	1.88150000e-05	-9.00726000e-01	-1.90405000e-05
8.40387330e+01	2026-09-04T17:34:13.014040	0.00000000e+00	1	19	-6.83785000e-05	1.62189000e-05	-8.50681000e-01	-1.61276000e-05
8.40616045e+01	2026-09-04T17:34:13.034224	0.00000000e+00	1	19	-6.50644000e-05	1.33130000e-05	-8.00664000e-01	-1.32608000e-05
8.40723268e+01	2026-09-04T17:34:13.050355	0.00000000e+00	1	19	-6.30856000e-05	1.08561000e-05	-7.50625000e-01	-1.06757000e-05
8.41076650e+01	2026-09-04T17:34:13.084148	0.00000000e+00	1	19	-5.70536000e-05	8.76453000e-06	-7.00593000e-01	-8.60893000e-06
8.41362005e+01	2026-09-04T17:34:13.113970	0.00000000e+00	1	19	-7.69138000e-05	7.05967000e-06	-6.50516000e-01	-7.06122000e-06
8.41446817e+01	2026-09-04T17:34:13.113970	0.00000000e+00	1	19	-7.73668000e-05	5.75709000e-06	-6.00503000e-01	-5.76292000e-06
8.41735716e+01	2026-09-04T17:34:13.145639	0.00000000e+00	1	19	-6.82116000e-05	4.60168000e-06	-5.50450000e-01	-4.56695000e-06
8.41959167e+01	2026-09-04T17:34:13.174152	0.00000000e+00	1	19	-7.21455000e-05	3.51165000e-06	-5.00410000e-01	-3.52826000e-06
8.42161078e+01	2026-09-04T17:34:13.193853	0.00000000e+00	1	19	-7.05481000e-05	2.71025000e-06	-4.50345000e-01	-2.70700000e-06
8.42383664e+01	2026-09-04T17:34:13.213936	0.00000000e+00	1	19	-7.67469000e-05	1.97429000e-06	-4.00336000e-01	-1.94649000e-06
8.42640079e+01	2026-09-04T17:34:13.241340	0.00000000e+00	1	19	-7.61986000e-05	1.52198000e-06	-3.50287000e-01	-1.45472000e-06
8.42729167e+01	2026-09-04T17:34:13.244239	0.00000000e+00	1	19	-7.21455000e-05	1.04767000e-06	-3.00259000e-01	-1.12218000e-06
8.42982067e+01	2026-09-04T17:34:13.273856	0.00000000e+00	1	19	-7.54833000e-05	7.82208000e-07	-2.50210000e-01	-7.79793000e-07
8.43265441e+01	2026-09-04T17:34:13.303770	0.00000000e+00	1	19	-7.39574000e-05	4.92710000e-07	-2.00066000e-01	-4.60175000e-07
8.43346398e+01	2026-09-04T17:34:13.303770	0.00000000e+00	1	19	-7.09772000e-05	2.99211000e-07	-1.50028000e-01	-2.84294000e-07
8.43605985e+01	2026-09-04T17:34:13.338847	0.00000000e+00	1	19	-6.64949000e-05	1.72122000e-07	-9.99872000e-02	-1.66005000e-07
8.43684944e+01	2026-09-04T17:34:13.343859	0.00000000e+00	1	19	-7.40528000e-05	6.92980000e-08	-4.99582000e-02	-7.08434000e-08
8.44862302e+01	2026-09-04T17:34:13.463941	0.00000000e+00	1	19	-6.56843000e-05	2.80006000e-09	4.17233000e-05	-8.90613000e-10
8.63529723e+01	2026-09-04T17:34:15.324122	0.00000000e+00	1	20	-7.36952000e-05	-1.60066000e-07	4.47035000e-05	1.53551000e-07
8.63725764e+01	2026-09-04T17:34:15.343957	0.00000000e+00	1	20	-1.14965000e-04	4.52898000e-05	-4.98980000e-02	-4.51146000e-05
8.63893698e+01	2026-09-04T17:34:15.363661	0.00000000e+00	1	20	-7.67469000e-05	9.57426000e-05	-9.99896000e-02	-9.56853000e-05
8.63975073e+01	2026-09-04T17:34:15.374125	0.00000000e+00	1	20	-7.26938000e-05	1.54599000e-04	-1.50034000e-01	-1.54541000e-04
8.64338369e+01	2026-09-04T17:34:15.403683	0.00000000e+00	1	20	-7.32422000e-05	2.22611000e-04	-2.00067000e-01	-2.22719000e-04
8.64516489e+01	2026-09-04T17:34:15.423986	0.00000000e+00	1	20	-8.08001000e-05	2.96590000e-04	-2.50209000e-01	-2.95898000e-04
8.64732988e+01	2026-09-04T17:34:15.451023	0.00000000e+00	1	20	-7.92503000e-05	3.55230000e-04	-3.00252000e-01	-3.49876000e-04
8.64950640e+01	2026-09-04T17:34:15.466945	0.00000000e+00	1	20	-7.64847000e-05	4.22718000e-04	-3.50287000e-01	-4.20761000e-04
8.65028499e+01	2026-09-04T17:34:15.474010	0.00000000e+00	1	20	-7.78198000e-05	4.91814000e-04	-4.00337000e-01	-4.91180000e-04
8.65447182e+01	2026-09-04T17:34:15.522023	0.00000000e+00	1	20	-6.70195000e-05	3.02936000e-04	-4.50360000e-01	-3.19691000e-04
8.65652465e+01	2026-09-04T17:34:15.540457	0.00000000e+00	1	20	-7.57456000e-05	2.08528000e-04	-5.00432000e-01	-2.09542000e-04
8.65844220e+01	2026-09-04T17:34:15.562896	0.00000000e+00	1	20	-7.28846000e-05	1.52552000e-04	-5.50454000e-01	-1.43117000e-04
8.65922586e+01	2026-09-04T17:34:15.563929	0.00000000e+00	1	20	-7.13587000e-05	1.46359000e-04	-6.00519000e-01	-1.38087000e-04
8.66216975e+01	2026-09-04T17:34:15.599212	0.00000000e+00	1	20	-7.12633000e-05	1.10757000e-04	-6.50517000e-01	-1.10747000e-04
8.66435016e+01	2026-09-04T17:34:15.620494	0.00000000e+00	1	20	-7.74622000e-05	1.20411000e-04	-7.00567000e-01	-1.19194000e-04
8.66640857e+01	2026-09-04T17:34:15.641961	0.00000000e+00	1	20	-7.44104000e-05	1.05270000e-04	-7.50637000e-01	-1.01021000e-04
8.66718884e+01	2026-09-04T17:34:15.644082	0.00000000e+00	1	20	-6.75678000e-05	1.11358000e-04	-8.00676000e-01	-1.06594000e-04
8.67006975e+01	2026-09-04T17:34:15.673725	0.00000000e+00	1	20	-7.31468000e-05	8.66921000e-05	-8.50678000e-01	-8.61095000e-05
8.67223583e+01	2026-09-04T17:34:15.700487	0.00000000e+00	1	20	-7.65562000e-05	9.68801000e-05	-9.00731000e-01	-9.45030000e-05
8.67438281e+01	2026-09-04T17:34:15.721744	0.00000000e+00	1	20	-7.38621000e-05	7.90747000e-05	-9.50790000e-01	-7.81250000e-05
8.67517603e+01	2026-09-04T17:34:15.723754	0.00000000e+00	1	20	-7.17163000e-05	9.32328000e-05	-1.00084000e+00	-9.26791000e-05
8.67807237e+01	2026-09-04T17:34:15.758823	0.00000000e+00	1	20	-6.79255000e-05	8.24520000e-05	-1.05084000e+00	-8.29774000e-05
8.67973743e+01	2026-09-04T17:34:15.774049	0.00000000e+00	1	20	-7.37667000e-05	8.90108000e-05	-1.10090000e+00	-8.84297000e-05
8.68050573e+01	2026-09-04T17:34:15.778932	0.00000000e+00	1	20	-7.24316000e-05	9.10932000e-05	-1.15096000e+00	-9.15182000e-05
8.68263355e+01	2026-09-04T17:34:15.803880	0.00000000e+00	1	20	-8.02517000e-05	9.88379000e-05	-1.20096000e+00	-9.10062000e-05
8.68349843e+01	2026-09-04T17:34:15.803880	0.00000000e+00	1	20	-7.53880000e-05	1.00154000e-04	-1.25102000e+00	-9.22515000e-05
8.68614017e+01	2026-09-04T17:34:15.833908	0.00000000e+00	1	20	-6.82831000e-05	1.00440000e-04	-1.30105000e+00	-9.93458000e-05
8.68786796e+01	2026-09-04T17:34:15.853776	0.00000000e+00	1	20	-7.63893000e-05	1.02561000e-04	-1.35112000e+00	-9.45667000e-05
8.69025492e+01	2026-09-04T17:34:15.880024	0.00000000e+00	1	20	-7.92503000e-05	8.51889000e-05	-1.40111000e+00	-8.53169000e-05
8.69304378e+01	2026-09-04T17:34:15.908832	0.00000000e+00	1	20	-7.50303000e-05	9.85001000e-05	-1.45116000e+00	-9.54261000e-05
8.69669188e+01	2026-09-04T17:34:15.944279	0.00000000e+00	1	20	-8.00610000e-05	1.06826000e-04	-1.50118000e+00	-1.06803000e-04
8.69802556e+01	2026-09-04T17:34:15.954714	0.00000000e+00	1	20	-6.98090000e-05	1.11790000e-04	-1.55125000e+00	-1.12612000e-04
8.70139107e+01	2026-09-04T17:34:15.991963	0.00000000e+00	1	20	-7.80106000e-05	1.17936000e-04	-1.60125000e+00	-1.12152000e-04
8.70357633e+01	2026-09-04T17:34:16.013947	0.00000000e+00	1	20	-7.66516000e-05	1.21353000e-04	-1.65131000e+00	-1.22097000e-04
8.70435171e+01	2026-09-04T17:34:16.013947	0.00000000e+00	1	20	-7.24316000e-05	1.29488000e-04	-1.70132000e+00	-1.31224000e-04
8.70621717e+01	2026-09-04T17:34:16.039828	0.00000000e+00	1	20	-7.62939000e-05	1.42765000e-04	-1.75136000e+00	-1.49464000e-04
8.70901456e+01	2026-09-04T17:34:16.065906	0.00000000e+00	1	20	-7.75576000e-05	1.65584000e-04	-1.80137000e+00	-1.66278000e-04
8.70976722e+01	2026-09-04T17:34:16.073938	0.00000000e+00	1	20	-7.37667000e-05	1.79010000e-04	-1.85144000e+00	-1.82056000e-04
8.71053569e+01	2026-09-04T17:34:16.073938	0.00000000e+00	1	20	-7.16209000e-05	2.06815000e-04	-1.90145000e+00	-2.10466000e-04
8.71324914e+01	2026-09-04T17:34:16.104003	0.00000000e+00	1	20	-7.45773000e-05	2.00043000e-04	-1.95150000e+00	-1.98072000e-04
8.71532867e+01	2026-09-04T17:34:16.124122	0.00000000e+00	1	20	-7.61032000e-05	2.21040000e-04	-2.00153000e+00	-2.20859000e-04
8.71736734e+01	2026-09-04T17:34:16.150981	0.00000000e+00	1	20	-6.87361000e-05	2.39861000e-04	-2.05161000e+00	-2.32078000e-04
8.71884934e+01	2026-09-04T17:34:16.163949	0.00000000e+00	1	20	-7.98941000e-05	2.60795000e-04	-2.10160000e+00	-2.76899000e-04
8.72189304e+01	2026-09-04T17:34:16.194162	0.00000000e+00	1	20	-7.82728000e-05	3.31796000e-04	-2.15199000e+00	-3.36089000e-04
8.72265068e+01	2026-09-04T17:34:16.203897	0.00000000e+00	1	20	-8.10623000e-05	4.14085000e-04	-2.20186000e+00	-4.16138000e-04
8.72330377e+01	2026-09-04T17:34:16.203897	0.00000000e+00	1	20	-7.27892000e-05	4.13000000e-04	-2.20193000e+00	-4.08206000e-04
8.72537441e+01	2026-09-04T17:34:16.231053	0.00000000e+00	1	20	-7.51257000e-05	3.54134000e-04	-2.15190000e+00	-3.55935000e-04
8.72962191e+01	2026-09-04T17:34:16.274199	0.00000000e+00	1	20	-7.80106000e-05	3.10808000e-04	-2.10161000e+00	-3.09366000e-04
8.73173703e+01	2026-09-04T17:34:16.294932	0.00000000e+00	1	20	-8.45671000e-05	2.74093000e-04	-2.05168000e+00	-2.73527000e-04
8.73259224e+01	2026-09-04T17:34:16.303702	0.00000000e+00	1	20	-7.54833000e-05	2.45177000e-04	-2.00150000e+00	-2.44354000e-04
8.73494181e+01	2026-09-04T17:34:16.326735	0.00000000e+00	1	20	-7.04527000e-05	2.16169000e-04	-1.95148000e+00	-2.15915000e-04
8.73742118e+01	2026-09-04T17:34:16.344147	0.00000000e+00	1	20	-7.61032000e-05	1.94397000e-04	-1.90148000e+00	-1.94177000e-04
8.73963315e+01	2026-09-04T17:34:16.374042	0.00000000e+00	1	20	-7.63893000e-05	1.76774000e-04	-1.85144000e+00	-1.75300000e-04
8.74050149e+01	2026-09-04T17:34:16.374042	0.00000000e+00	1	20	-7.55787000e-05	1.58593000e-04	-1.80137000e+00	-1.58333000e-04
8.74236974e+01	2026-09-04T17:34:16.400107	0.00000000e+00	1	20	-8.14199000e-05	1.44538000e-04	-1.75136000e+00	-1.44872000e-04
8.74466944e+01	2026-09-04T17:34:16.423761	0.00000000e+00	1	20	-8.23259000e-05	1.31527000e-04	-1.70133000e+00	-1.31673000e-04
8.74553067e+01	2026-09-04T17:34:16.423761	0.00000000e+00	1	20	-7.84397000e-05	1.19190000e-04	-1.65131000e+00	-1.18985000e-04
8.74752921e+01	2026-09-04T17:34:16.453133	0.00000000e+00	1	20	-8.01563000e-05	1.07251000e-04	-1.60125000e+00	-1.06996000e-04
8.74903129e+01	2026-09-04T17:34:16.464131	0.00000000e+00	1	20	-7.39574000e-05	9.81142000e-05	-1.55123000e+00	-9.74269000e-05
8.75193876e+01	2026-09-04T17:34:16.493958	0.00000000e+00	1	20	-7.59363000e-05	8.83990000e-05	-1.50117000e+00	-8.83864000e-05
8.75269107e+01	2026-09-04T17:34:16.504079	0.00000000e+00	1	20	-8.47578000e-05	8.00813000e-05	-1.45117000e+00	-7.97701000e-05
8.75350174e+01	2026-09-04T17:34:16.511692	0.00000000e+00	1	20	-7.90834000e-05	7.19521000e-05	-1.40109000e+00	-7.18744000e-05
8.75552775e+01	2026-09-04T17:34:16.533462	0.00000000e+00	1	20	-7.31468000e-05	6.51036000e-05	-1.35110000e+00	-6.48552000e-05
8.75877031e+01	2026-09-04T17:34:16.564733	0.00000000e+00	1	20	-7.45058000e-05	5.81515000e-05	-1.30105000e+00	-5.82944000e-05
8.76190685e+01	2026-09-04T17:34:16.597386	0.00000000e+00	1	20	-7.27892000e-05	5.20884000e-05	-1.25100000e+00	-5.21174000e-05
8.76288513e+01	2026-09-04T17:34:16.604025	0.00000000e+00	1	20	-8.10623000e-05	4.62667000e-05	-1.20097000e+00	-4.64799000e-05
8.76622888e+01	2026-09-04T17:34:16.633788	0.00000000e+00	1	20	-7.34091000e-05	4.09231000e-05	-1.15096000e+00	-4.09811000e-05
8.76821828e+01	2026-09-04T17:34:16.659612	0.00000000e+00	1	20	-7.54833000e-05	3.62950000e-05	-1.10090000e+00	-3.60139000e-05
8.76918146e+01	2026-09-04T17:34:16.663739	0.00000000e+00	1	20	-7.47681000e-05	3.15250000e-05	-1.05084000e+00	-3.15651000e-05
8.77467009e+01	2026-09-04T17:34:16.724147	0.00000000e+00	1	20	-8.00610000e-05	2.70329000e-05	-1.00081000e+00	-2.72055000e-05
8.77555206e+01	2026-09-04T17:34:16.724147	0.00000000e+00	1	20	-7.52211000e-05	2.31925000e-05	-9.50780000e-01	-2.32937000e-05
8.77787624e+01	2026-09-04T17:34:16.755572	0.00000000e+00	1	20	-7.71999000e-05	1.95950000e-05	-9.00723000e-01	-2.00129000e-05
8.78001314e+01	2026-09-04T17:34:16.774125	0.00000000e+00	1	20	-7.98941000e-05	1.72920000e-05	-8.50687000e-01	-1.70120000e-05
8.78078790e+01	2026-09-04T17:34:16.783834	0.00000000e+00	1	20	-7.21455000e-05	1.43951000e-05	-8.00660000e-01	-1.43312000e-05
8.78392892e+01	2026-09-04T17:34:16.816000	0.00000000e+00	1	20	-6.85692000e-05	1.17670000e-05	-7.50621000e-01	-1.18994000e-05
8.78728042e+01	2026-09-04T17:34:16.850836	0.00000000e+00	1	20	-6.58512000e-05	9.75028000e-06	-7.00581000e-01	-9.72229000e-06
8.78972151e+01	2026-09-04T17:34:16.873753	0.00000000e+00	1	20	-7.97033000e-05	7.80095000e-06	-6.50544000e-01	-7.60852000e-06
8.79048176e+01	2026-09-04T17:34:16.882969	0.00000000e+00	1	20	-8.11577000e-05	6.07134000e-06	-6.00518000e-01	-6.05685000e-06
8.79186120e+01	2026-09-04T17:34:16.893860	0.00000000e+00	1	20	-7.86305000e-05	4.92340000e-06	-5.50447000e-01	-4.84158000e-06
8.79514442e+01	2026-09-04T17:34:16.923936	0.00000000e+00	1	20	-7.65562000e-05	3.67365000e-06	-5.00422000e-01	-3.64414000e-06
8.79597394e+01	2026-09-04T17:34:16.933783	0.00000000e+00	1	20	-7.77245000e-05	2.80698000e-06	-4.50345000e-01	-2.77587000e-06
8.79754145e+01	2026-09-04T17:34:16.946537	0.00000000e+00	1	20	-7.59363000e-05	2.06190000e-06	-4.00353000e-01	-2.03889000e-06
8.79832900e+01	2026-09-04T17:34:16.956639	0.00000000e+00	1	20	-7.91788000e-05	1.52588000e-06	-3.50297000e-01	-1.52757000e-06
8.80106504e+01	2026-09-04T17:34:16.984167	0.00000000e+00	1	20	-7.70092000e-05	1.14048000e-06	-3.00253000e-01	-1.11512000e-06
8.80324075e+01	2026-09-04T17:34:17.010625	0.00000000e+00	1	20	-7.61986000e-05	7.48315000e-07	-2.50204000e-01	-7.58670000e-07
8.80710411e+01	2026-09-04T17:34:17.044086	0.00000000e+00	1	20	-7.07150000e-05	5.03886000e-07	-2.00068000e-01	-4.99417000e-07
8.80952273e+01	2026-09-04T17:34:17.072880	0.00000000e+00	1	20	-6.99997000e-05	3.12019000e-07	-1.50035000e-01	-3.16182000e-07
8.81034666e+01	2026-09-04T17:34:17.073890	0.00000000e+00	1	20	-6.88314000e-05	1.81071000e-07	-9.99939000e-02	-1.81297000e-07
8.81272692e+01	2026-09-04T17:34:17.105072	0.00000000e+00	1	20	-7.49350000e-05	8.41378000e-08	-4.99563000e-02	-7.81525000e-08
8.82307883e+01	2026-09-04T17:34:17.203816	0.00000000e+00	1	20	-2.74658000e-05	4.82711000e-08	1.55449000e-05	-3.17814000e-08
9.00862667e+01	2026-09-04T17:34:19.063892	0.00000000e+00	1	21	-6.63996000e-05	-3.44421000e-07	4.45127000e-05	3.42871000e-07
9.01198000e+01	2026-09-04T17:34:19.094043	0.00000000e+00	1	21	-1.13440000e-04	9.96920000e-05	-4.99066000e-02	-9.96251000e-05
9.01372181e+01	2026-09-04T17:34:19.113740	0.00000000e+00	1	21	-7.09057000e-05	2.02503000e-04	-9.99933000e-02	-2.02473000e-04
9.01640216e+01	2026-09-04T17:34:19.141605	0.00000000e+00	1	21	-7.15256000e-05	3.09701000e-04	-1.50038000e-01	-3.09469000e-04
9.01963477e+01	2026-09-04T17:34:19.174161	0.00000000e+00	1	21	-7.02620000e-05	4.22610000e-04	-2.00068000e-01	-4.22402000e-04
9.02267785e+01	2026-09-04T17:34:19.204134	0.00000000e+00	1	21	-7.06196000e-05	5.42074000e-04	-2.50183000e-01	-5.42052000e-04
9.02412719e+01	2026-09-04T17:34:19.214141	0.00000000e+00	1	21	-7.78198000e-05	6.66554000e-04	-3.00249000e-01	-6.60360000e-04
9.02637481e+01	2026-09-04T17:34:19.236038	0.00000000e+00	1	21	-7.31468000e-05	9.44837000e-04	-3.50275000e-01	-9.47242000e-04
9.02717503e+01	2026-09-04T17:34:19.244108	0.00000000e+00	1	21	-1.11914000e-04	1.15420000e-03	-4.00331000e-01	-1.06246000e-03
9.02867074e+01	2026-09-04T17:34:19.264156	0.00000000e+00	1	21	-7.00951000e-05	1.19496000e-03	-4.50357000e-01	-1.19480000e-03
9.03008258e+01	2026-09-04T17:34:19.273885	0.00000000e+00	1	21	-7.12633000e-05	1.34057000e-03	-5.00397000e-01	-1.34341000e-03
9.03229883e+01	2026-09-04T17:34:19.300367	0.00000000e+00	1	21	-7.12633000e-05	1.48738000e-03	-5.50456000e-01	-1.48780000e-03
9.03307933e+01	2026-09-04T17:34:19.303918	0.00000000e+00	1	21	-6.89983000e-05	1.62107000e-03	-6.00492000e-01	-1.62249000e-03
9.03543795e+01	2026-09-04T17:34:19.331793	0.00000000e+00	1	21	-7.61032000e-05	1.75943000e-03	-6.50535000e-01	-1.76060000e-03
9.03809723e+01	2026-09-04T17:34:19.353803	0.00000000e+00	1	21	-6.76632000e-05	1.88713000e-03	-7.00589000e-01	-1.88740000e-03
9.04021066e+01	2026-09-04T17:34:19.379510	0.00000000e+00	1	21	-6.89268000e-05	1.99494000e-03	-7.50621000e-01	-1.98975000e-03
9.04097480e+01	2026-09-04T17:34:19.383927	0.00000000e+00	1	21	-6.38723000e-05	3.42067000e-04	-8.00690000e-01	-3.28948000e-04
9.04427455e+01	2026-09-04T17:34:19.414049	0.00000000e+00	1	21	-6.88314000e-05	3.13595000e-04	-8.50664000e-01	-3.01182000e-04
9.04659128e+01	2026-09-04T17:34:19.443757	0.00000000e+00	1	21	-7.14302000e-05	2.31125000e-05	-9.00732000e-01	-2.28120000e-05
9.04939432e+01	2026-09-04T17:34:19.463763	0.00000000e+00	1	21	-7.75576000e-05	2.54449000e-05	-9.50774000e-01	-2.55347000e-05
9.05087256e+01	2026-09-04T17:34:19.483787	0.00000000e+00	1	21	-6.80208000e-05	2.91444000e-05	-1.00082000e+00	-2.88632000e-05
9.05177604e+01	2026-09-04T17:34:19.494125	0.00000000e+00	1	21	-7.71999000e-05	3.33964000e-05	-1.05084000e+00	-3.30076000e-05
9.05253509e+01	2026-09-04T17:34:19.503803	0.00000000e+00	1	21	-7.34091000e-05	3.79023000e-05	-1.10088000e+00	-3.80137000e-05
9.05419046e+01	2026-09-04T17:34:19.517322	0.00000000e+00	1	21	-6.73056000e-05	4.29778000e-05	-1.15097000e+00	-4.34158000e-05
9.05662273e+01	2026-09-04T17:34:19.544089	0.00000000e+00	1	21	-6.65903000e-05	4.91267000e-05	-1.20097000e+00	-4.89307000e-05
9.05932794e+01	2026-09-04T17:34:19.571038	0.00000000e+00	1	21	-6.62327000e-05	5.62278000e-05	-1.25102000e+00	-5.58142000e-05
9.06081455e+01	2026-09-04T17:34:19.583835	0.00000000e+00	1	21	-7.13587000e-05	6.32404000e-05	-1.30104000e+00	-6.24132000e-05
9.06408606e+01	2026-09-04T17:34:19.619269	0.00000000e+00	1	21	-7.16209000e-05	7.18156000e-05	-1.35111000e+00	-7.14567000e-05
9.06870936e+01	2026-09-04T17:34:19.663761	0.00000000e+00	1	21	-7.35045000e-05	8.21211000e-05	-1.40111000e+00	-8.05206000e-05
9.07099318e+01	2026-09-04T17:34:19.684115	0.00000000e+00	1	21	-7.31468000e-05	9.71045000e-05	-1.45117000e+00	-9.66380000e-05
9.07199538e+01	2026-09-04T17:34:19.693923	0.00000000e+00	1	21	-7.08103000e-05	1.33521000e-04	-1.50119000e+00	-7.70599000e-05
9.07546524e+01	2026-09-04T17:34:19.731106	0.00000000e+00	1	21	-7.22408000e-05	8.37887000e-05	-1.55121000e+00	-8.37278000e-05
9.07673447e+01	2026-09-04T17:34:19.744150	0.00000000e+00	1	21	-6.81162000e-05	9.35534000e-05	-1.60123000e+00	-9.43703000e-05
9.07901111e+01	2026-09-04T17:34:19.763699	0.00000000e+00	1	21	-7.21455000e-05	1.06263000e-04	-1.65132000e+00	-1.05212000e-04
9.08186663e+01	2026-09-04T17:34:19.794985	0.00000000e+00	1	21	-7.23362000e-05	1.15632000e-04	-1.70133000e+00	-1.16148000e-04
9.08437163e+01	2026-09-04T17:34:19.813964	0.00000000e+00	1	21	-7.16209000e-05	1.26631000e-04	-1.75136000e+00	-1.25696000e-04
9.08649918e+01	2026-09-04T17:34:19.842856	0.00000000e+00	1	21	-7.61032000e-05	1.37549000e-04	-1.80137000e+00	-1.36538000e-04
9.08726459e+01	2026-09-04T17:34:19.843864	0.00000000e+00	1	21	-7.47681000e-05	1.48192000e-04	-1.85143000e+00	-1.48689000e-04
9.08811941e+01	2026-09-04T17:34:19.858886	0.00000000e+00	1	21	-6.84738000e-05	1.67239000e-04	-1.90146000e+00	-1.66702000e-04
9.09209008e+01	2026-09-04T17:34:19.893815	0.00000000e+00	1	21	-7.99894000e-05	1.85080000e-04	-1.95149000e+00	-1.90814000e-04
9.09287479e+01	2026-09-04T17:34:19.904269	0.00000000e+00	1	21	-7.48634000e-05	2.09107000e-04	-2.00149000e+00	-2.13423000e-04
9.09780641e+01	2026-09-04T17:34:19.955638	0.00000000e+00	1	21	-6.74725000e-05	2.45002000e-04	-2.05168000e+00	-2.44378000e-04
9.09917951e+01	2026-09-04T17:34:19.966390	0.00000000e+00	1	21	-7.93457000e-05	2.79159000e-04	-2.10185000e+00	-2.81335000e-04
9.10136897e+01	2026-09-04T17:34:19.987476	0.00000000e+00	1	21	-7.96318000e-05	3.39482000e-04	-2.15184000e+00	-3.43973000e-04
9.10234632e+01	2026-09-04T17:34:19.993883	0.00000000e+00	1	21	-8.97884000e-05	4.35910000e-04	-2.20208000e+00	-4.50726000e-04
9.10511133e+01	2026-09-04T17:34:20.023835	0.00000000e+00	1	21	-7.29561000e-05	4.24284000e-04	-2.20188000e+00	-4.22182000e-04
9.10674262e+01	2026-09-04T17:34:20.044039	0.00000000e+00	1	21	-7.04527000e-05	3.81612000e-04	-2.15192000e+00	-3.74365000e-04
9.10892064e+01	2026-09-04T17:34:20.066882	0.00000000e+00	1	21	-7.29561000e-05	3.21411000e-04	-2.10165000e+00	-3.21389000e-04
9.11048910e+01	2026-09-04T17:34:20.082574	0.00000000e+00	1	21	-7.54833000e-05	2.80682000e-04	-2.05182000e+00	-2.81730000e-04
9.11139025e+01	2026-09-04T17:34:20.084083	0.00000000e+00	1	21	-7.72715000e-05	2.50801000e-04	-2.00153000e+00	-2.51059000e-04
9.11281122e+01	2026-09-04T17:34:20.104190	0.00000000e+00	1	21	-7.48634000e-05	2.25914000e-04	-1.95149000e+00	-2.25674000e-04
9.11525194e+01	2026-09-04T17:34:20.129762	0.00000000e+00	1	21	-8.02517000e-05	2.01138000e-04	-1.90147000e+00	-2.02058000e-04
9.11674499e+01	2026-09-04T17:34:20.145888	0.00000000e+00	1	21	-7.74622000e-05	1.83560000e-04	-1.85143000e+00	-1.81592000e-04
9.11926152e+01	2026-09-04T17:34:20.163687	0.00000000e+00	1	21	-7.61986000e-05	1.63671000e-04	-1.80138000e+00	-1.63296000e-04
9.12158987e+01	2026-09-04T17:34:20.193762	0.00000000e+00	1	21	-7.59363000e-05	1.49435000e-04	-1.75137000e+00	-1.49781000e-04
9.12310642e+01	2026-09-04T17:34:20.203823	0.00000000e+00	1	21	-8.31366000e-05	1.35923000e-04	-1.70132000e+00	-1.36450000e-04
9.12614655e+01	2026-09-04T17:34:20.233963	0.00000000e+00	1	21	-7.76529000e-05	1.24274000e-04	-1.65132000e+00	-1.23371000e-04
9.12692860e+01	2026-09-04T17:34:20.243874	0.00000000e+00	1	21	-7.80106000e-05	1.12855000e-04	-1.60125000e+00	-1.12360000e-04
9.12770159e+01	2026-09-04T17:34:20.253935	0.00000000e+00	1	21	-8.31366000e-05	1.02322000e-04	-1.55126000e+00	-1.02151000e-04
9.12952599e+01	2026-09-04T17:34:20.273683	0.00000000e+00	1	21	-7.97987000e-05	9.22405000e-05	-1.50120000e+00	-9.12324000e-05
9.13265803e+01	2026-09-04T17:34:20.304208	0.00000000e+00	1	21	-7.09057000e-05	8.28363000e-05	-1.45116000e+00	-8.27793000e-05
9.13504210e+01	2026-09-04T17:34:20.323888	0.00000000e+00	1	21	-7.65562000e-05	7.49833000e-05	-1.40112000e+00	-7.51133000e-05
9.13579947e+01	2026-09-04T17:34:20.333906	0.00000000e+00	1	21	-7.53880000e-05	6.74662000e-05	-1.35111000e+00	-6.72049000e-05
9.13822227e+01	2026-09-04T17:34:20.353764	0.00000000e+00	1	21	-7.64847000e-05	6.03095000e-05	-1.30104000e+00	-5.98332000e-05
9.14045845e+01	2026-09-04T17:34:20.374011	0.00000000e+00	1	21	-7.32422000e-05	5.37924000e-05	-1.25104000e+00	-5.39991000e-05
9.14239542e+01	2026-09-04T17:34:20.401792	0.00000000e+00	1	21	-7.57456000e-05	4.85630000e-05	-1.20097000e+00	-4.84651000e-05
9.14383352e+01	2026-09-04T17:34:20.413894	0.00000000e+00	1	21	-7.67469000e-05	4.25445000e-05	-1.15095000e+00	-4.28360000e-05
9.14550792e+01	2026-09-04T17:34:20.424101	0.00000000e+00	1	21	-7.30515000e-05	3.74177000e-05	-1.10089000e+00	-3.74116000e-05
9.14772886e+01	2026-09-04T17:34:20.453997	0.00000000e+00	1	21	-8.08001000e-05	3.28068000e-05	-1.05084000e+00	-3.25951000e-05
9.14848077e+01	2026-09-04T17:34:20.453997	0.00000000e+00	1	21	-7.35045000e-05	2.86175000e-05	-1.00081000e+00	-2.85043000e-05
9.15040548e+01	2026-09-04T17:34:20.481853	0.00000000e+00	1	21	-7.68423000e-05	2.46129000e-05	-9.50785000e-01	-2.43574000e-05
9.15366447e+01	2026-09-04T17:34:20.513829	0.00000000e+00	1	21	-7.88212000e-05	2.08178000e-05	-9.00742000e-01	-2.08062000e-05
9.15503941e+01	2026-09-04T17:34:20.524488	0.00000000e+00	1	21	-6.93798000e-05	1.71708000e-05	-8.50683000e-01	-1.71606000e-05
9.15578825e+01	2026-09-04T17:34:20.533803	0.00000000e+00	1	21	-3.08037000e-05	1.46658000e-05	-8.00678000e-01	-1.45833000e-05
9.15653799e+01	2026-09-04T17:34:20.533803	0.00000000e+00	1	21	-7.37667000e-05	1.24279000e-05	-7.50610000e-01	-1.22038000e-05
9.15844423e+01	2026-09-04T17:34:20.561859	0.00000000e+00	1	21	-6.77586000e-05	1.02802000e-05	-7.00601000e-01	-9.95122000e-06
9.16154899e+01	2026-09-04T17:34:20.593914	0.00000000e+00	1	21	-7.00951000e-05	8.13015000e-06	-6.50531000e-01	-8.16030000e-06
9.16377385e+01	2026-09-04T17:34:20.613934	0.00000000e+00	1	21	-7.55787000e-05	7.05893000e-06	-6.00502000e-01	-6.94302000e-06
9.16452451e+01	2026-09-04T17:34:20.613934	0.00000000e+00	1	21	-7.93457000e-05	5.67924000e-06	-5.50437000e-01	-5.57383000e-06
9.16665320e+01	2026-09-04T17:34:20.643959	0.00000000e+00	1	21	-7.13587000e-05	3.94868000e-06	-5.00418000e-01	-3.91425000e-06
9.16902968e+01	2026-09-04T17:34:20.663685	0.00000000e+00	1	21	-7.98941000e-05	2.94369000e-06	-4.50361000e-01	-3.01074000e-06
9.17158703e+01	2026-09-04T17:34:20.693944	0.00000000e+00	1	21	-7.34091000e-05	2.32648000e-06	-4.00338000e-01	-2.27602000e-06
9.17241182e+01	2026-09-04T17:34:20.693944	0.00000000e+00	1	21	-7.58410000e-05	1.69284000e-06	-3.50284000e-01	-1.68816000e-06
9.17434974e+01	2026-09-04T17:34:20.721046	0.00000000e+00	1	21	-7.16209000e-05	1.51102000e-06	-3.00265000e-01	-1.58707000e-06
9.17771045e+01	2026-09-04T17:34:20.753937	0.00000000e+00	1	21	-6.97374000e-05	1.38428000e-06	-2.50204000e-01	-1.39690000e-06
9.17894552e+01	2026-09-04T17:34:20.763942	0.00000000e+00	1	21	-7.16209000e-05	7.44628000e-07	-2.00075000e-01	-6.79445000e-07
9.18145852e+01	2026-09-04T17:34:20.783858	0.00000000e+00	1	21	-6.71148000e-05	4.21062000e-07	-1.50039000e-01	-4.08636000e-07
9.18402457e+01	2026-09-04T17:34:20.815751	0.00000000e+00	1	21	-6.92844000e-05	2.33204000e-07	-9.99997000e-02	-2.37180000e-07
9.18615962e+01	2026-09-04T17:34:20.834000	0.00000000e+00	1	21	-6.63996000e-05	9.15010000e-08	-4.99561000e-02	-8.82462000e-08
9.19816378e+01	2026-09-04T17:34:20.958993	0.00000000e+00	1	21	-7.09057000e-05	2.72098000e-09	4.46081000e-05	-1.60353000e-09
9.40282794e+01	2026-09-04T17:34:23.006337	0.00000000e+00	1	22	-5.42641000e-05	-6.89877000e-09	3.35455000e-05	2.06774000e-08
9.40420774e+01	2026-09-04T17:34:23.013833	0.00000000e+00	1	22	-7.73668000e-05	9.53416000e-06	-4.99525000e-02	-9.54093000e-06
9.40616108e+01	2026-09-04T17:34:23.034130	0.00000000e+00	1	22	-1.20091000e-04	2.06091000e-05	-9.99384000e-02	-2.04968000e-05
9.40786257e+01	2026-09-04T17:34:23.053682	0.00000000e+00	1	22	-8.07047000e-05	3.45831000e-05	-1.50039000e-01	-3.45815000e-05
9.40866676e+01	2026-09-04T17:34:23.063939	0.00000000e+00	1	22	-7.38621000e-05	5.36648000e-05	-2.00073000e-01	-5.36240000e-05
9.40946645e+01	2026-09-04T17:34:23.063939	0.00000000e+00	1	22	-7.20739000e-05	8.00618000e-05	-2.50196000e-01	-8.01107000e-05
9.41284713e+01	2026-09-04T17:34:23.106263	0.00000000e+00	1	22	-7.74622000e-05	1.15663000e-04	-3.00265000e-01	-1.15530000e-04
9.41555336e+01	2026-09-04T17:34:23.133734	0.00000000e+00	1	22	-7.84397000e-05	1.59126000e-04	-3.50291000e-01	-1.58958000e-04
9.41733553e+01	2026-09-04T17:34:23.143810	0.00000000e+00	1	22	-7.71999000e-05	2.07794000e-04	-4.00359000e-01	-2.07972000e-04
9.41974476e+01	2026-09-04T17:34:23.174047	0.00000000e+00	1	22	-7.95364000e-05	2.60420000e-04	-4.50333000e-01	-2.60404000e-04
9.42053143e+01	2026-09-04T17:34:23.183759	0.00000000e+00	1	22	-8.02517000e-05	3.12900000e-04	-5.00410000e-01	-3.12746000e-04
9.42356074e+01	2026-09-04T17:34:23.213759	0.00000000e+00	1	22	-7.91788000e-05	3.67196000e-04	-5.50455000e-01	-3.66676000e-04
9.42615642e+01	2026-09-04T17:34:23.233770	0.00000000e+00	1	22	-8.03471000e-05	2.79269000e-04	-6.00509000e-01	-2.71991000e-04
9.42874400e+01	2026-09-04T17:34:23.265265	0.00000000e+00	1	22	-6.74009000e-05	2.22201000e-04	-6.50520000e-01	-2.22039000e-04
9.42959163e+01	2026-09-04T17:34:23.273736	0.00000000e+00	1	22	-7.36952000e-05	2.31245000e-04	-7.00589000e-01	-2.25661000e-04
9.43207047e+01	2026-09-04T17:34:23.297639	0.00000000e+00	1	22	-7.64847000e-05	1.70632000e-04	-7.50622000e-01	-1.65136000e-04
9.43471030e+01	2026-09-04T17:34:23.323845	0.00000000e+00	1	22	-7.39574000e-05	1.83386000e-04	-8.00675000e-01	-1.73189000e-04
9.43674116e+01	2026-09-04T17:34:23.344837	0.00000000e+00	1	22	-7.33376000e-05	1.58303000e-04	-8.50686000e-01	-1.53773000e-04
9.43755317e+01	2026-09-04T17:34:23.353765	0.00000000e+00	1	22	-7.46727000e-05	1.67639000e-04	-9.00754000e-01	-1.62479000e-04
9.43991160e+01	2026-09-04T17:34:23.376405	0.00000000e+00	1	22	-7.83682000e-05	1.33234000e-04	-9.50784000e-01	-1.33060000e-04
9.44146828e+01	2026-09-04T17:34:23.392353	0.00000000e+00	1	22	-7.88212000e-05	2.02693000e-05	-1.00083000e+00	-2.04295000e-05
9.44297054e+01	2026-09-04T17:34:23.406446	0.00000000e+00	1	22	-7.80821000e-05	2.25276000e-05	-1.05085000e+00	-2.27434000e-05
9.44513678e+01	2026-09-04T17:34:23.424781	0.00000000e+00	1	22	-7.74622000e-05	2.62771000e-05	-1.10091000e+00	-2.63304000e-05
9.44622684e+01	2026-09-04T17:34:23.439967	0.00000000e+00	1	22	-7.74622000e-05	2.98168000e-05	-1.15096000e+00	-3.09587000e-05
9.45031820e+01	2026-09-04T17:34:23.474101	0.00000000e+00	1	22	-7.05481000e-05	3.44394000e-05	-1.20098000e+00	-3.39112000e-05
9.45259041e+01	2026-09-04T17:34:23.503935	0.00000000e+00	1	22	-8.20398000e-05	3.92115000e-05	-1.25102000e+00	-3.93489000e-05
9.45342675e+01	2026-09-04T17:34:23.506558	0.00000000e+00	1	22	-7.17878000e-05	4.35118000e-05	-1.30105000e+00	-4.35746000e-05
9.45554804e+01	2026-09-04T17:34:23.529480	0.00000000e+00	1	22	-7.84397000e-05	5.04435000e-05	-1.35112000e+00	-5.06172000e-05
9.45845813e+01	2026-09-04T17:34:23.553911	0.00000000e+00	1	22	-7.28846000e-05	5.78431000e-05	-1.40112000e+00	-5.80571000e-05
9.46054970e+01	2026-09-04T17:34:23.582976	0.00000000e+00	1	22	-6.62327000e-05	6.43629000e-05	-1.45116000e+00	-6.48136000e-05
9.46137707e+01	2026-09-04T17:34:23.583984	0.00000000e+00	1	22	-7.47681000e-05	7.18517000e-05	-1.50120000e+00	-7.24125000e-05
9.46371925e+01	2026-09-04T17:34:23.614066	0.00000000e+00	1	22	-8.14199000e-05	8.31260000e-05	-1.55124000e+00	-8.29225000e-05
9.46682812e+01	2026-09-04T17:34:23.646609	0.00000000e+00	1	22	-7.65562000e-05	9.27431000e-05	-1.60124000e+00	-9.19942000e-05
9.46760841e+01	2026-09-04T17:34:23.654050	0.00000000e+00	1	22	-6.70195000e-05	9.99454000e-05	-1.65131000e+00	-1.00555000e-04
9.46867959e+01	2026-09-04T17:34:23.664077	0.00000000e+00	1	22	-8.27789000e-05	1.12939000e-04	-1.70132000e+00	-1.12610000e-04
9.47307025e+01	2026-09-04T17:34:23.706716	0.00000000e+00	1	22	-7.17878000e-05	1.25980000e-04	-1.75139000e+00	-1.25319000e-04
9.47546707e+01	2026-09-04T17:34:23.725975	0.00000000e+00	1	22	-7.63893000e-05	1.36825000e-04	-1.80139000e+00	-1.35990000e-04
9.47623936e+01	2026-09-04T17:34:23.734050	0.00000000e+00	1	22	-7.92503000e-05	1.48565000e-04	-1.85144000e+00	-1.49867000e-04
9.47939843e+01	2026-09-04T17:34:23.770654	0.00000000e+00	1	22	-7.57456000e-05	1.66890000e-04	-1.90146000e+00	-1.69707000e-04
9.48164054e+01	2026-09-04T17:34:23.793916	0.00000000e+00	1	22	-8.09670000e-05	1.90422000e-04	-1.95150000e+00	-1.91874000e-04
9.48240793e+01	2026-09-04T17:34:23.793916	0.00000000e+00	1	22	-7.47681000e-05	2.00908000e-04	-2.00151000e+00	-1.99253000e-04
9.48406677e+01	2026-09-04T17:34:23.814078	0.00000000e+00	1	22	-7.99894000e-05	2.26099000e-04	-2.05176000e+00	-2.29021000e-04
9.48703656e+01	2026-09-04T17:34:23.844108	0.00000000e+00	1	22	-8.22306000e-05	2.79998000e-04	-2.10165000e+00	-2.84154000e-04
9.48992801e+01	2026-09-04T17:34:23.874083	0.00000000e+00	1	22	-7.69138000e-05	3.67974000e-04	-2.15200000e+00	-3.57955000e-04
9.49164375e+01	2026-09-04T17:34:23.894207	0.00000000e+00	1	22	-7.71999000e-05	4.70098000e-04	-2.20186000e+00	-4.70308000e-04
9.49420804e+01	2026-09-04T17:34:23.916000	0.00000000e+00	1	22	-7.36952000e-05	4.16389000e-04	-2.20210000e+00	-4.22888000e-04
9.49497743e+01	2026-09-04T17:34:23.923808	0.00000000e+00	1	22	-7.18832000e-05	3.55251000e-04	-2.15191000e+00	-3.56041000e-04
9.49576074e+01	2026-09-04T17:34:23.934148	0.00000000e+00	1	22	-8.36611000e-05	3.09501000e-04	-2.10182000e+00	-3.05341000e-04
9.49656577e+01	2026-09-04T17:34:23.934148	0.00000000e+00	1	22	-8.43763000e-05	2.69372000e-04	-2.05173000e+00	-2.68298000e-04
9.49992503e+01	2026-09-04T17:34:23.974146	0.00000000e+00	1	22	-7.71999000e-05	2.41028000e-04	-2.00155000e+00	-2.40973000e-04
9.50227591e+01	2026-09-04T17:34:23.995625	0.00000000e+00	1	22	-7.92503000e-05	2.14552000e-04	-1.95148000e+00	-2.16076000e-04
9.50417526e+01	2026-09-04T17:34:24.014128	0.00000000e+00	1	22	-8.08716000e-05	1.91576000e-04	-1.90145000e+00	-1.92665000e-04
9.50662639e+01	2026-09-04T17:34:24.043821	0.00000000e+00	1	22	-7.63893000e-05	1.75327000e-04	-1.85143000e+00	-1.74700000e-04
9.50801444e+01	2026-09-04T17:34:24.053816	0.00000000e+00	1	22	-7.70092000e-05	1.58718000e-04	-1.80138000e+00	-1.58812000e-04
9.51024900e+01	2026-09-04T17:34:24.075723	0.00000000e+00	1	22	-8.06093000e-05	1.43950000e-04	-1.75138000e+00	-1.43460000e-04
9.51131158e+01	2026-09-04T17:34:24.090760	0.00000000e+00	1	22	-7.70092000e-05	1.30275000e-04	-1.70131000e+00	-1.31384000e-04
9.51568614e+01	2026-09-04T17:34:24.133719	0.00000000e+00	1	22	-8.10623000e-05	1.19063000e-04	-1.65131000e+00	-1.18955000e-04
9.51759133e+01	2026-09-04T17:34:24.153826	0.00000000e+00	1	22	-8.15868000e-05	1.07700000e-04	-1.60124000e+00	-1.07535000e-04
9.51842678e+01	2026-09-04T17:34:24.153826	0.00000000e+00	1	22	-7.05481000e-05	9.75507000e-05	-1.55123000e+00	-9.70881000e-05
9.52070256e+01	2026-09-04T17:34:24.183797	0.00000000e+00	1	22	-6.88314000e-05	8.91412000e-05	-1.50117000e+00	-8.84686000e-05
9.52389200e+01	2026-09-04T17:34:24.213810	0.00000000e+00	1	22	-8.02517000e-05	7.93389000e-05	-1.45116000e+00	-8.02706000e-05
9.52610790e+01	2026-09-04T17:34:24.233899	0.00000000e+00	1	22	-8.02517000e-05	7.17332000e-05	-1.40111000e+00	-7.25648000e-05
9.52715994e+01	2026-09-04T17:34:24.249415	0.00000000e+00	1	22	-7.79152000e-05	6.48079000e-05	-1.35111000e+00	-6.49607000e-05
9.53091489e+01	2026-09-04T17:34:24.284090	0.00000000e+00	1	22	-7.45058000e-05	5.83465000e-05	-1.30106000e+00	-5.81803000e-05
9.53171576e+01	2026-09-04T17:34:24.294086	0.00000000e+00	1	22	-7.68423000e-05	5.20844000e-05	-1.25104000e+00	-5.18214000e-05
9.53482538e+01	2026-09-04T17:34:24.323851	0.00000000e+00	1	22	-7.49350000e-05	4.59912000e-05	-1.20097000e+00	-4.59870000e-05
9.53753718e+01	2026-09-04T17:34:24.343948	0.00000000e+00	1	22	-7.88212000e-05	4.03580000e-05	-1.15095000e+00	-4.00183000e-05
9.53872659e+01	2026-09-04T17:34:24.363777	0.00000000e+00	1	22	-7.56741000e-05	3.51106000e-05	-1.10089000e+00	-3.50909000e-05
9.53957818e+01	2026-09-04T17:34:24.373787	0.00000000e+00	1	22	-7.17878000e-05	3.05390000e-05	-1.05084000e+00	-3.04913000e-05
9.54473632e+01	2026-09-04T17:34:24.424213	0.00000000e+00	1	22	-7.40528000e-05	2.60473000e-05	-1.00084000e+00	-2.59590000e-05
9.54779087e+01	2026-09-04T17:34:24.456176	0.00000000e+00	1	22	-7.99894000e-05	2.22204000e-05	-9.50763000e-01	-2.22945000e-05
9.54856138e+01	2026-09-04T17:34:24.456176	0.00000000e+00	1	22	-7.48634000e-05	1.91153000e-05	-9.00749000e-01	-1.92250000e-05
9.55021860e+01	2026-09-04T17:34:24.473977	0.00000000e+00	1	22	-7.71999000e-05	1.65105000e-05	-8.50698000e-01	-1.64435000e-05
9.55227002e+01	2026-09-04T17:34:24.493902	0.00000000e+00	1	22	-7.36952000e-05	1.35129000e-05	-8.00689000e-01	-1.34907000e-05
9.55464873e+01	2026-09-04T17:34:24.524030	0.00000000e+00	1	22	-7.76529000e-05	1.10498000e-05	-7.50610000e-01	-1.10088000e-05
9.55540982e+01	2026-09-04T17:34:24.529897	0.00000000e+00	1	22	-7.46727000e-05	9.08032000e-06	-7.00585000e-01	-9.08035000e-06
9.55741075e+01	2026-09-04T17:34:24.551500	0.00000000e+00	1	22	-7.52211000e-05	7.28399000e-06	-6.50539000e-01	-7.24467000e-06
9.55974201e+01	2026-09-04T17:34:24.574109	0.00000000e+00	1	22	-7.61986000e-05	5.67007000e-06	-6.00541000e-01	-5.66742000e-06
9.56218026e+01	2026-09-04T17:34:24.599310	0.00000000e+00	1	22	-8.08716000e-05	4.27043000e-06	-5.50475000e-01	-4.30552000e-06
9.56294972e+01	2026-09-04T17:34:24.607503	0.00000000e+00	1	22	-7.45773000e-05	3.36872000e-06	-5.00433000e-01	-3.31648000e-06
9.56375160e+01	2026-09-04T17:34:24.615300	0.00000000e+00	1	22	-7.96318000e-05	2.56036000e-06	-4.50339000e-01	-2.49846000e-06
9.56853788e+01	2026-09-04T17:34:24.662649	0.00000000e+00	1	22	-6.68526000e-05	1.82084000e-06	-4.00375000e-01	-1.83374000e-06
9.56936158e+01	2026-09-04T17:34:24.664013	0.00000000e+00	1	22	-7.43151000e-05	1.35932000e-06	-3.50300000e-01	-1.36344000e-06
9.57176804e+01	2026-09-04T17:34:24.694042	0.00000000e+00	1	22	-7.20739000e-05	9.94611000e-07	-3.00282000e-01	-1.00358000e-06
9.57485374e+01	2026-09-04T17:34:24.725858	0.00000000e+00	1	22	-7.41243000e-05	6.58884000e-07	-2.50215000e-01	-6.71520000e-07
9.57612785e+01	2026-09-04T17:34:24.733943	0.00000000e+00	1	22	-6.88314000e-05	4.36863000e-07	-2.00083000e-01	-4.46248000e-07
9.57829714e+01	2026-09-04T17:34:24.757287	0.00000000e+00	1	22	-7.04527000e-05	2.83783000e-07	-1.50044000e-01	-2.85545000e-07
9.58112023e+01	2026-09-04T17:34:24.789008	0.00000000e+00	1	22	-7.79152000e-05	1.76311000e-07	-1.00003000e-01	-1.75338000e-07
9.58194165e+01	2026-09-04T17:34:24.793919	0.00000000e+00	1	22	-7.45058000e-05	6.16287000e-08	-4.99624000e-02	-6.08772000e-08
9.59410778e+01	2026-09-04T17:34:24.915323	0.00000000e+00	1	22	-6.84738000e-05	1.42151000e-09	3.58820000e-05	-8.99184000e-10
9.76706037e+01	2026-09-04T17:34:26.647683	0.00000000e+00	1	23	-6.94513000e-05	-4.06637000e-07	3.84092000e-05	4.08484000e-07
9.76787860e+01	2026-09-04T17:34:26.653902	0.00000000e+00	1	23	-6.71148000e-05	1.24631000e-04	-4.99648000e-02	-1.24509000e-04
9.77056757e+01	2026-09-04T17:34:26.684094	0.00000000e+00	1	23	-6.92844000e-05	2.49818000e-04	-1.00005000e-01	-2.49676000e-04
9.77366482e+01	2026-09-04T17:34:26.714256	0.00000000e+00	1	23	-7.20739000e-05	3.75194000e-04	-1.50043000e-01	-3.74998000e-04
9.77633468e+01	2026-09-04T17:34:26.741711	0.00000000e+00	1	23	-7.55787000e-05	5.00711000e-04	-2.00079000e-01	-5.00510000e-04
9.77861246e+01	2026-09-04T17:34:26.764156	0.00000000e+00	1	23	-6.99997000e-05	6.26750000e-04	-2.50208000e-01	-6.26524000e-04
9.77939089e+01	2026-09-04T17:34:26.764156	0.00000000e+00	1	23	-7.50303000e-05	7.53413000e-04	-3.00271000e-01	-7.53022000e-04
9.78223555e+01	2026-09-04T17:34:26.793679	0.00000000e+00	1	23	-7.46727000e-05	8.80616000e-04	-3.50294000e-01	-8.80341000e-04
9.78384031e+01	2026-09-04T17:34:26.813971	0.00000000e+00	1	23	-1.03641000e-04	1.07239000e-03	-4.00308000e-01	-1.19879000e-03
9.78504422e+01	2026-09-04T17:34:26.823934	0.00000000e+00	1	23	-7.18832000e-05	1.34543000e-03	-4.50342000e-01	-1.34568000e-03
9.78583980e+01	2026-09-04T17:34:26.836722	0.00000000e+00	1	23	-7.39574000e-05	1.49096000e-03	-5.00418000e-01	-1.49198000e-03
9.78981002e+01	2026-09-04T17:34:26.873682	0.00000000e+00	1	23	-6.17266000e-05	1.63549000e-03	-5.50452000e-01	-1.63501000e-03
9.79217891e+01	2026-09-04T17:34:26.899676	0.00000000e+00	1	23	-7.08103000e-05	1.77973000e-03	-6.00508000e-01	-1.78046000e-03
9.79293456e+01	2026-09-04T17:34:26.903797	0.00000000e+00	1	23	-6.59466000e-05	1.92533000e-03	-6.50550000e-01	-1.92747000e-03
9.79411433e+01	2026-09-04T17:34:26.915497	0.00000000e+00	1	23	-7.16209000e-05	2.08236000e-03	-7.00580000e-01	-2.09523000e-03
9.79691264e+01	2026-09-04T17:34:26.947133	0.00000000e+00	1	23	-6.94513000e-05	2.22944000e-03	-7.50612000e-01	-2.23808000e-03
9.79907776e+01	2026-09-04T17:34:26.964027	0.00000000e+00	1	23	-7.18832000e-05	2.36583000e-03	-8.00686000e-01	-2.36602000e-03
9.79988726e+01	2026-09-04T17:34:26.974090	0.00000000e+00	1	23	-7.13587000e-05	2.44199000e-03	-8.50687000e-01	-2.39638000e-03
9.80241694e+01	2026-09-04T17:34:26.994950	0.00000000e+00	1	23	-7.31468000e-05	4.20383000e-05	-9.00766000e-01	-4.13630000e-05
9.80384375e+01	2026-09-04T17:34:27.014024	0.00000000e+00	1	23	-7.13587000e-05	5.74623000e-05	-9.50776000e-01	-5.52610000e-05
9.80663979e+01	2026-09-04T17:34:27.043918	0.00000000e+00	1	23	-7.09057000e-05	6.07430000e-05	-1.00082000e+00	-5.88313000e-05
9.80792962e+01	2026-09-04T17:34:27.054079	0.00000000e+00	1	23	-7.25985000e-05	7.48621000e-05	-1.05084000e+00	-7.09989000e-05
9.81022279e+01	2026-09-04T17:34:27.076307	0.00000000e+00	1	23	-6.85692000e-05	8.87788000e-05	-1.10090000e+00	-8.34907000e-05
9.81138986e+01	2026-09-04T17:34:27.091519	0.00000000e+00	1	23	-7.43151000e-05	8.53277000e-05	-1.15098000e+00	-7.66389000e-05
9.81615414e+01	2026-09-04T17:34:27.139312	0.00000000e+00	1	23	-6.89983000e-05	8.56601000e-05	-1.20094000e+00	-8.95911000e-05
9.81691886e+01	2026-09-04T17:34:27.143917	0.00000000e+00	1	23	-7.05481000e-05	9.89002000e-05	-1.25105000e+00	-9.23967000e-05
9.81944611e+01	2026-09-04T17:34:27.171076	0.00000000e+00	1	23	-6.63042000e-05	9.97431000e-05	-1.30105000e+00	-9.56209000e-05
9.82252299e+01	2026-09-04T17:34:27.203675	0.00000000e+00	1	23	-6.56843000e-05	1.02072000e-04	-1.35112000e+00	-9.88991000e-05
9.82385171e+01	2026-09-04T17:34:27.213913	0.00000000e+00	1	23	-7.26938000e-05	1.24211000e-04	-1.40113000e+00	-1.21928000e-04
9.82782645e+01	2026-09-04T17:34:27.253888	0.00000000e+00	1	23	-7.11679000e-05	1.34257000e-04	-1.45117000e+00	-1.39605000e-04
9.83035693e+01	2026-09-04T17:34:27.281297	0.00000000e+00	1	23	-7.16209000e-05	1.13559000e-04	-1.50120000e+00	-1.13324000e-04
9.83115785e+01	2026-09-04T17:34:27.284082	0.00000000e+00	1	23	-6.14643000e-05	1.30243000e-04	-1.55127000e+00	-1.23144000e-04
9.83347716e+01	2026-09-04T17:34:27.312658	0.00000000e+00	1	23	-6.77586000e-05	1.31025000e-04	-1.60127000e+00	-1.29601000e-04
9.83499507e+01	2026-09-04T17:34:27.323947	0.00000000e+00	1	23	-7.21455000e-05	1.60310000e-04	-1.65132000e+00	-1.31571000e-04
9.83822583e+01	2026-09-04T17:34:27.360514	0.00000000e+00	1	23	-7.39574000e-05	1.16930000e-04	-1.70132000e+00	-1.14188000e-04
9.84052826e+01	2026-09-04T17:34:27.378062	0.00000000e+00	1	23	-7.33376000e-05	1.27593000e-04	-1.75138000e+00	-1.28664000e-04
9.84207109e+01	2026-09-04T17:34:27.394117	0.00000000e+00	1	23	-6.91891000e-05	1.39067000e-04	-1.80139000e+00	-1.38319000e-04
9.84293522e+01	2026-09-04T17:34:27.407753	0.00000000e+00	1	23	-6.63042000e-05	1.54179000e-04	-1.85145000e+00	-1.57465000e-04
9.84591212e+01	2026-09-04T17:34:27.434028	0.00000000e+00	1	23	-6.69479000e-05	1.73284000e-04	-1.90147000e+00	-1.75363000e-04
9.84674928e+01	2026-09-04T17:34:27.444085	0.00000000e+00	1	23	-6.80208000e-05	1.94121000e-04	-1.95150000e+00	-1.93651000e-04
9.84752444e+01	2026-09-04T17:34:27.451864	0.00000000e+00	1	23	-7.52926000e-05	2.18353000e-04	-2.00154000e+00	-2.21566000e-04
9.84940421e+01	2026-09-04T17:34:27.471719	0.00000000e+00	1	23	-6.83785000e-05	2.52294000e-04	-2.05192000e+00	-2.52745000e-04
9.85075299e+01	2026-09-04T17:34:27.484051	0.00000000e+00	1	23	-7.20739000e-05	2.83314000e-04	-2.10171000e+00	-2.82315000e-04
9.85392765e+01	2026-09-04T17:34:27.517030	0.00000000e+00	1	23	-6.93798000e-05	3.35560000e-04	-2.15197000e+00	-3.40801000e-04
9.85484883e+01	2026-09-04T17:34:27.525426	0.00000000e+00	1	23	-6.85692000e-05	4.30093000e-04	-2.20212000e+00	-4.33166000e-04
9.85552769e+01	2026-09-04T17:34:27.533680	0.00000000e+00	1	23	-6.00100000e-05	4.27137000e-04	-2.20191000e+00	-4.25459000e-04
9.85740412e+01	2026-09-04T17:34:27.551695	0.00000000e+00	1	23	-6.78301000e-05	3.43300000e-04	-2.15202000e+00	-3.41497000e-04
9.85916533e+01	2026-09-04T17:34:27.568919	0.00000000e+00	1	23	-7.58410000e-05	3.00840000e-04	-2.10194000e+00	-3.01354000e-04
9.86018127e+01	2026-09-04T17:34:27.574087	0.00000000e+00	1	23	-6.89983000e-05	2.64486000e-04	-2.05174000e+00	-2.67776000e-04
9.86288653e+01	2026-09-04T17:34:27.607251	0.00000000e+00	1	23	-6.89983000e-05	2.37165000e-04	-2.00154000e+00	-2.35507000e-04
9.86366691e+01	2026-09-04T17:34:27.614091	0.00000000e+00	1	23	-6.75678000e-05	2.11127000e-04	-1.95149000e+00	-2.11295000e-04
9.86662960e+01	2026-09-04T17:34:27.643753	0.00000000e+00	1	23	-6.94513000e-05	1.90522000e-04	-1.90147000e+00	-1.89733000e-04
9.86865254e+01	2026-09-04T17:34:27.664060	0.00000000e+00	1	23	-7.26938000e-05	1.72704000e-04	-1.85143000e+00	-1.73680000e-04
9.86966488e+01	2026-09-04T17:34:27.674152	0.00000000e+00	1	23	-7.27892000e-05	1.57481000e-04	-1.80140000e+00	-1.57084000e-04
9.87212657e+01	2026-09-04T17:34:27.694718	0.00000000e+00	1	23	-7.45058000e-05	1.43997000e-04	-1.75139000e+00	-1.43563000e-04
9.87297889e+01	2026-09-04T17:34:27.704069	0.00000000e+00	1	23	-6.05583000e-05	1.30864000e-04	-1.70132000e+00	-1.30982000e-04
9.87452604e+01	2026-09-04T17:34:27.713796	0.00000000e+00	1	23	-6.74009000e-05	1.19575000e-04	-1.65131000e+00	-1.20672000e-04
9.87561950e+01	2026-09-04T17:34:27.733900	0.00000000e+00	1	23	-7.33376000e-05	1.07691000e-04	-1.60125000e+00	-1.07095000e-04
9.87859952e+01	2026-09-04T17:34:27.763847	0.00000000e+00	1	23	-7.17163000e-05	9.66808000e-05	-1.55125000e+00	-9.65717000e-05
9.88125675e+01	2026-09-04T17:34:27.789948	0.00000000e+00	1	23	-6.64949000e-05	8.77968000e-05	-1.50120000e+00	-8.77952000e-05
9.88338580e+01	2026-09-04T17:34:27.809762	0.00000000e+00	1	23	-6.93798000e-05	7.95409000e-05	-1.45117000e+00	-7.98124000e-05
9.88516037e+01	2026-09-04T17:34:27.823790	0.00000000e+00	1	23	-6.96421000e-05	7.17662000e-05	-1.40112000e+00	-7.18607000e-05
9.88762862e+01	2026-09-04T17:34:27.854092	0.00000000e+00	1	23	-7.47681000e-05	6.37321000e-05	-1.35110000e+00	-6.37604000e-05
9.88839605e+01	2026-09-04T17:34:27.854092	0.00000000e+00	1	23	-6.96421000e-05	5.70347000e-05	-1.30105000e+00	-5.69949000e-05
9.88917365e+01	2026-09-04T17:34:27.864565	0.00000000e+00	1	23	-6.88314000e-05	5.05774000e-05	-1.25104000e+00	-5.08021000e-05
9.89223858e+01	2026-09-04T17:34:27.899924	0.00000000e+00	1	23	-6.79255000e-05	4.53036000e-05	-1.20099000e+00	-4.49575000e-05
9.89456781e+01	2026-09-04T17:34:27.923948	0.00000000e+00	1	23	-7.17163000e-05	3.93956000e-05	-1.15096000e+00	-3.95753000e-05
9.89533829e+01	2026-09-04T17:34:27.923948	0.00000000e+00	1	23	-7.28846000e-05	3.51487000e-05	-1.10092000e+00	-3.53726000e-05
9.89720296e+01	2026-09-04T17:34:27.949822	0.00000000e+00	1	23	-6.83785000e-05	3.03018000e-05	-1.05084000e+00	-3.00117000e-05
9.90055325e+01	2026-09-04T17:34:27.983694	0.00000000e+00	1	23	-5.91993000e-05	2.57338000e-05	-1.00085000e+00	-2.57231000e-05
9.90193497e+01	2026-09-04T17:34:27.997537	0.00000000e+00	1	23	-6.54221000e-05	2.22030000e-05	-9.50792000e-01	-2.17610000e-05
9.90418701e+01	2026-09-04T17:34:28.014028	0.00000000e+00	1	23	-7.16209000e-05	2.01543000e-05	-9.00747000e-01	-1.91604000e-05
9.90524437e+01	2026-09-04T17:34:28.029233	0.00000000e+00	1	23	-7.20739000e-05	1.62473000e-05	-8.50697000e-01	-1.60645000e-05
9.90926530e+01	2026-09-04T17:34:28.063792	0.00000000e+00	1	23	-6.64949000e-05	1.34973000e-05	-8.00687000e-01	-1.34084000e-05
9.91154368e+01	2026-09-04T17:34:28.093710	0.00000000e+00	1	23	-6.78301000e-05	1.10185000e-05	-7.50637000e-01	-1.10487000e-05
9.91432428e+01	2026-09-04T17:34:28.114028	0.00000000e+00	1	23	-5.01156000e-05	9.22494000e-06	-7.00578000e-01	-9.28398000e-06
9.91676793e+01	2026-09-04T17:34:28.144099	0.00000000e+00	1	23	-6.35147000e-05	7.51315000e-06	-6.50562000e-01	-7.49108000e-06
9.91754020e+01	2026-09-04T17:34:28.144099	0.00000000e+00	1	23	-6.82116000e-05	6.04926000e-06	-6.00508000e-01	-6.00162000e-06
9.91950564e+01	2026-09-04T17:34:28.172917	0.00000000e+00	1	23	-7.60317000e-05	4.61150000e-06	-5.50466000e-01	-4.51284000e-06
9.92116056e+01	2026-09-04T17:34:28.188760	0.00000000e+00	1	23	-6.82116000e-05	3.50833000e-06	-5.00423000e-01	-3.78560000e-06
9.92407496e+01	2026-09-04T17:34:28.214140	0.00000000e+00	1	23	-6.82831000e-05	2.89174000e-06	-4.50361000e-01	-2.88140000e-06
9.92631361e+01	2026-09-04T17:34:28.236058	0.00000000e+00	1	23	-7.09057000e-05	1.93263000e-06	-4.00375000e-01	-1.92163000e-06
9.92741732e+01	2026-09-04T17:34:28.251831	0.00000000e+00	1	23	-6.33478000e-05	1.45903000e-06	-3.50296000e-01	-1.41879000e-06
9.93059184e+01	2026-09-04T17:34:28.284112	0.00000000e+00	1	23	-6.88314000e-05	1.02927000e-06	-3.00261000e-01	-1.04974000e-06
9.93322750e+01	2026-09-04T17:34:28.310316	0.00000000e+00	1	23	-7.28846000e-05	7.99037000e-07	-2.50198000e-01	-7.99206000e-07
9.93542469e+01	2026-09-04T17:34:28.331681	0.00000000e+00	1	23	-6.99997000e-05	5.12608000e-07	-2.00085000e-01	-5.52298000e-07
9.93874696e+01	2026-09-04T17:34:28.363870	0.00000000e+00	1	23	-6.37054000e-05	3.55900000e-07	-1.50049000e-01	-3.57509000e-07
9.94179968e+01	2026-09-04T17:34:28.395386	0.00000000e+00	1	23	-7.10726000e-05	2.26991000e-07	-1.00004000e-01	-2.29473000e-07
9.94259468e+01	2026-09-04T17:34:28.403857	0.00000000e+00	1	23	-6.67572000e-05	1.01949000e-07	-4.99694000e-02	-8.21117000e-08
9.94808547e+01	2026-09-04T17:34:28.459122	0.00000000e+00	1	23	-7.01666000e-05	-6.86157000e-10	3.60727000e-05	-4.78744000e-10
1.01401651e+02	2026-09-04T17:34:30.373667	0.00000000e+00	1	24	-6.03676000e-05	-3.76453000e-07	3.57866000e-05	3.79098000e-07
1.01422140e+02	2026-09-04T17:34:30.399554	0.00000000e+00	1	24	-6.27041000e-05	1.18322000e-04	-4.99587000e-02	-1.18205000e-04
1.01449108e+02	2026-09-04T17:34:30.425923	0.00000000e+00	1	24	-6.90937000e-05	2.37267000e-04	-9.99932000e-02	-2.37143000e-04
1.01475623e+02	2026-09-04T17:34:30.454069	0.00000000e+00	1	24	-7.72715000e-05	3.56350000e-04	-1.50043000e-01	-3.56204000e-04
1.01493326e+02	2026-09-04T17:34:30.464037	0.00000000e+00	1	24	-7.61032000e-05	4.75553000e-04	-2.00074000e-01	-4.75352000e-04
1.01517208e+02	2026-09-04T17:34:30.494924	0.00000000e+00	1	24	-7.34091000e-05	5.95132000e-04	-2.50212000e-01	-5.94965000e-04
1.01524801e+02	2026-09-04T17:34:30.494924	0.00000000e+00	1	24	-7.59363000e-05	7.14404000e-04	-3.00239000e-01	-7.14388000e-04
1.01532367e+02	2026-09-04T17:34:30.503933	0.00000000e+00	1	24	-7.44104000e-05	8.33961000e-04	-3.50308000e-01	-8.34064000e-04
1.01555802e+02	2026-09-04T17:34:30.533879	0.00000000e+00	1	24	-7.78198000e-05	9.53552000e-04	-4.00373000e-01	-9.53213000e-04
1.01576663e+02	2026-09-04T17:34:30.554124	0.00000000e+00	1	24	-1.04427000e-04	1.23972000e-03	-4.50333000e-01	-1.20809000e-03
1.01589981e+02	2026-09-04T17:34:30.564035	0.00000000e+00	1	24	-5.94854000e-05	1.34798000e-03	-5.00414000e-01	-1.34891000e-03
1.01612759e+02	2026-09-04T17:34:30.590208	0.00000000e+00	1	24	-7.08103000e-05	1.48196000e-03	-5.50446000e-01	-1.48303000e-03
1.01642080e+02	2026-09-04T17:34:30.613792	0.00000000e+00	1	24	-6.31571000e-05	1.61030000e-03	-6.00512000e-01	-1.61303000e-03
1.01665428e+02	2026-09-04T17:34:30.638001	0.00000000e+00	1	24	-6.54221000e-05	1.74115000e-03	-6.50523000e-01	-1.74311000e-03
1.01673507e+02	2026-09-04T17:34:30.649150	0.00000000e+00	1	24	-6.38008000e-05	1.86081000e-03	-7.00573000e-01	-1.85343000e-03
1.01692179e+02	2026-09-04T17:34:30.669595	0.00000000e+00	1	24	-6.17266000e-05	1.83163000e-03	-7.50630000e-01	-1.79322000e-03
1.01727566e+02	2026-09-04T17:34:30.704016	0.00000000e+00	1	24	-6.44207000e-05	1.17622000e-05	-8.00677000e-01	-1.17230000e-05
1.01756247e+02	2026-09-04T17:34:30.733677	0.00000000e+00	1	24	-6.31571000e-05	1.40927000e-05	-8.50679000e-01	-1.40968000e-05
1.01764369e+02	2026-09-04T17:34:30.733677	0.00000000e+00	1	24	-5.95570000e-05	1.68446000e-05	-9.00751000e-01	-1.68513000e-05
1.01787340e+02	2026-09-04T17:34:30.765102	0.00000000e+00	1	24	-6.21796000e-05	1.94991000e-05	-9.50769000e-01	-1.82402000e-05
1.01818829e+02	2026-09-04T17:34:30.796596	0.00000000e+00	1	24	-6.79255000e-05	2.08928000e-05	-1.00082000e+00	-2.09357000e-05
1.01841113e+02	2026-09-04T17:34:30.814009	0.00000000e+00	1	24	-5.33581000e-05	2.43115000e-05	-1.05084000e+00	-2.45479000e-05
1.01854427e+02	2026-09-04T17:34:30.828408	0.00000000e+00	1	24	-5.95570000e-05	2.85283000e-05	-1.10089000e+00	-2.89327000e-05
1.01889442e+02	2026-09-04T17:34:30.863773	0.00000000e+00	1	24	-5.83172000e-05	3.28607000e-05	-1.15095000e+00	-3.29103000e-05
1.01914160e+02	2026-09-04T17:34:30.891519	0.00000000e+00	1	24	-6.18219000e-05	3.71667000e-05	-1.20097000e+00	-3.72629000e-05
1.01922173e+02	2026-09-04T17:34:30.894027	0.00000000e+00	1	24	-6.10113000e-05	4.22244000e-05	-1.25101000e+00	-4.23109000e-05
1.01946377e+02	2026-09-04T17:34:30.924140	0.00000000e+00	1	24	-6.14643000e-05	4.67372000e-05	-1.30102000e+00	-4.69994000e-05
1.01959692e+02	2026-09-04T17:34:30.933749	0.00000000e+00	1	24	-6.30856000e-05	5.45200000e-05	-1.35110000e+00	-5.38475000e-05
1.01975336e+02	2026-09-04T17:34:30.943738	0.00000000e+00	1	24	-6.68526000e-05	5.90963000e-05	-1.40111000e+00	-5.91513000e-05
1.01998564e+02	2026-09-04T17:34:30.973903	0.00000000e+00	1	24	-6.36101000e-05	6.66353000e-05	-1.45116000e+00	-6.90712000e-05
1.02010354e+02	2026-09-04T17:34:30.986998	0.00000000e+00	1	24	-6.74725000e-05	7.69078000e-05	-1.50120000e+00	-7.78211000e-05
1.02034253e+02	2026-09-04T17:34:31.003793	0.00000000e+00	1	24	-6.40631000e-05	8.67400000e-05	-1.55123000e+00	-9.02738000e-05
1.02056414e+02	2026-09-04T17:34:31.033989	0.00000000e+00	1	24	-6.62327000e-05	9.75078000e-05	-1.60125000e+00	-9.89556000e-05
1.02064701e+02	2026-09-04T17:34:31.033989	0.00000000e+00	1	24	-6.46830000e-05	1.09006000e-04	-1.65130000e+00	-1.08161000e-04
1.02081658e+02	2026-09-04T17:34:31.054086	0.00000000e+00	1	24	-7.12633000e-05	1.19462000e-04	-1.70131000e+00	-1.19317000e-04
1.02101110e+02	2026-09-04T17:34:31.073735	0.00000000e+00	1	24	-6.80208000e-05	1.34923000e-04	-1.75136000e+00	-1.34861000e-04
1.02125123e+02	2026-09-04T17:34:31.097244	0.00000000e+00	1	24	-6.41584000e-05	1.44828000e-04	-1.80138000e+00	-1.42393000e-04
1.02133166e+02	2026-09-04T17:34:31.104022	0.00000000e+00	1	24	-6.12736000e-05	1.54265000e-04	-1.85142000e+00	-1.53889000e-04
1.02184505e+02	2026-09-04T17:34:31.159794	0.00000000e+00	1	24	-6.43253000e-05	1.76782000e-04	-1.90147000e+00	-1.77458000e-04
1.02214243e+02	2026-09-04T17:34:31.191655	0.00000000e+00	1	24	-6.09159000e-05	2.00668000e-04	-1.95149000e+00	-1.99839000e-04
1.02227970e+02	2026-09-04T17:34:31.204128	0.00000000e+00	1	24	-6.63042000e-05	2.13916000e-04	-2.00150000e+00	-2.12438000e-04
1.02268517e+02	2026-09-04T17:34:31.243889	0.00000000e+00	1	24	-6.52313000e-05	2.32663000e-04	-2.05189000e+00	-2.33175000e-04
1.02276621e+02	2026-09-04T17:34:31.254049	0.00000000e+00	1	24	-6.19173000e-05	2.69829000e-04	-2.10176000e+00	-2.71013000e-04
1.02312831e+02	2026-09-04T17:34:31.287252	0.00000000e+00	1	24	-6.14643000e-05	3.22915000e-04	-2.15194000e+00	-3.27718000e-04
1.02357574e+02	2026-09-04T17:34:31.334935	0.00000000e+00	1	24	-6.61373000e-05	4.37956000e-04	-2.20176000e+00	-4.34620000e-04
1.02374837e+02	2026-09-04T17:34:31.351813	0.00000000e+00	1	24	-6.81162000e-05	4.30566000e-04	-2.20194000e+00	-4.30552000e-04
1.02405664e+02	2026-09-04T17:34:31.384124	0.00000000e+00	1	24	-6.57797000e-05	3.67083000e-04	-2.15202000e+00	-3.68572000e-04
1.02413369e+02	2026-09-04T17:34:31.384124	0.00000000e+00	1	24	-6.05583000e-05	3.14096000e-04	-2.10166000e+00	-3.11283000e-04
1.02445372e+02	2026-09-04T17:34:31.423700	0.00000000e+00	1	24	-6.16312000e-05	2.74667000e-04	-2.05180000e+00	-2.74085000e-04
1.02476471e+02	2026-09-04T17:34:31.454150	0.00000000e+00	1	24	-6.07252000e-05	2.40115000e-04	-2.00153000e+00	-2.41184000e-04
1.02486716e+02	2026-09-04T17:34:31.464081	0.00000000e+00	1	24	-6.30856000e-05	2.16971000e-04	-1.95150000e+00	-2.17489000e-04
1.02494527e+02	2026-09-04T17:34:31.464081	0.00000000e+00	1	24	-6.38008000e-05	1.97817000e-04	-1.90146000e+00	-1.94759000e-04
1.02516601e+02	2026-09-04T17:34:31.493997	0.00000000e+00	1	24	-6.46830000e-05	1.76042000e-04	-1.85144000e+00	-1.74630000e-04
1.02532126e+02	2026-09-04T17:34:31.509690	0.00000000e+00	1	24	-5.88417000e-05	1.57003000e-04	-1.80140000e+00	-1.56817000e-04
1.02579238e+02	2026-09-04T17:34:31.557119	0.00000000e+00	1	24	-6.21796000e-05	1.41950000e-04	-1.75137000e+00	-1.41858000e-04
1.02587021e+02	2026-09-04T17:34:31.564126	0.00000000e+00	1	24	-6.56843000e-05	1.29251000e-04	-1.70132000e+00	-1.28677000e-04
1.02595006e+02	2026-09-04T17:34:31.572864	0.00000000e+00	1	24	-6.20842000e-05	1.17834000e-04	-1.65130000e+00	-1.17632000e-04
1.02634999e+02	2026-09-04T17:34:31.613109	0.00000000e+00	1	24	-5.96523000e-05	1.07125000e-04	-1.60125000e+00	-1.06977000e-04
1.02646692e+02	2026-09-04T17:34:31.623927	0.00000000e+00	1	24	-5.80311000e-05	9.71297000e-05	-1.55123000e+00	-9.75062000e-05
1.02674048e+02	2026-09-04T17:34:31.651515	0.00000000e+00	1	24	-6.44207000e-05	8.90930000e-05	-1.50119000e+00	-8.90269000e-05
1.02720980e+02	2026-09-04T17:34:31.693996	0.00000000e+00	1	24	-6.57797000e-05	8.00764000e-05	-1.45117000e+00	-8.01386000e-05
1.02743590e+02	2026-09-04T17:34:31.715754	0.00000000e+00	1	24	-6.43253000e-05	7.17138000e-05	-1.40110000e+00	-7.17019000e-05
1.02751260e+02	2026-09-04T17:34:31.723682	0.00000000e+00	1	24	-6.28948000e-05	6.45951000e-05	-1.35111000e+00	-6.42380000e-05
1.02768045e+02	2026-09-04T17:34:31.743772	0.00000000e+00	1	24	-6.41584000e-05	5.76805000e-05	-1.30106000e+00	-5.78857000e-05
1.02799458e+02	2026-09-04T17:34:31.773763	0.00000000e+00	1	24	-6.12736000e-05	5.14502000e-05	-1.25103000e+00	-5.11782000e-05
1.02807406e+02	2026-09-04T17:34:31.784094	0.00000000e+00	1	24	-6.21796000e-05	4.60264000e-05	-1.20097000e+00	-4.59488000e-05
1.02815176e+02	2026-09-04T17:34:31.784094	0.00000000e+00	1	24	-6.76632000e-05	4.07313000e-05	-1.15095000e+00	-4.06746000e-05
1.02834055e+02	2026-09-04T17:34:31.811642	0.00000000e+00	1	24	-6.54221000e-05	3.60114000e-05	-1.10088000e+00	-3.60853000e-05
1.02870725e+02	2026-09-04T17:34:31.843748	0.00000000e+00	1	24	-5.79596000e-05	3.24100000e-05	-1.05083000e+00	-3.23312000e-05
1.02882448e+02	2026-09-04T17:34:31.859927	0.00000000e+00	1	24	-5.96523000e-05	2.88474000e-05	-1.00082000e+00	-2.82123000e-05
1.02903159e+02	2026-09-04T17:34:31.875618	0.00000000e+00	1	24	-5.79596000e-05	2.54563000e-05	-9.50787000e-01	-2.55620000e-05
1.02919681e+02	2026-09-04T17:34:31.894068	0.00000000e+00	1	24	-6.29902000e-05	2.19604000e-05	-9.00735000e-01	-2.17864000e-05
1.02928274e+02	2026-09-04T17:34:31.903799	0.00000000e+00	1	24	-6.36101000e-05	1.91644000e-05	-8.50703000e-01	-1.85604000e-05
1.02976178e+02	2026-09-04T17:34:31.953921	0.00000000e+00	1	24	-5.79596000e-05	1.54473000e-05	-8.00688000e-01	-1.53389000e-05
1.02983728e+02	2026-09-04T17:34:31.953921	0.00000000e+00	1	24	-6.12736000e-05	1.30537000e-05	-7.50618000e-01	-1.28860000e-05
1.03008350e+02	2026-09-04T17:34:31.985744	0.00000000e+00	1	24	-6.52313000e-05	1.06371000e-05	-7.00582000e-01	-1.05474000e-05
1.03031888e+02	2026-09-04T17:34:32.003661	0.00000000e+00	1	24	-5.57899000e-05	8.85541000e-06	-6.50508000e-01	-8.74329000e-06
1.03055241e+02	2026-09-04T17:34:32.033107	0.00000000e+00	1	24	-6.74725000e-05	7.20062000e-06	-6.00521000e-01	-7.19568000e-06
1.03062713e+02	2026-09-04T17:34:32.034115	0.00000000e+00	1	24	-6.66618000e-05	5.95924000e-06	-5.50447000e-01	-5.94943000e-06
1.03071342e+02	2026-09-04T17:34:32.048968	0.00000000e+00	1	24	-5.88417000e-05	4.43804000e-06	-5.00416000e-01	-4.37033000e-06
1.03119141e+02	2026-09-04T17:34:32.097290	0.00000000e+00	1	24	-7.49350000e-05	3.58318000e-06	-4.50382000e-01	-3.60086000e-06
1.03127226e+02	2026-09-04T17:34:32.103967	0.00000000e+00	1	24	-5.84841000e-05	2.74468000e-06	-4.00377000e-01	-2.66838000e-06
1.03150678e+02	2026-09-04T17:34:32.128890	0.00000000e+00	1	24	-6.97374000e-05	2.11974000e-06	-3.50295000e-01	-1.96512000e-06
1.03180134e+02	2026-09-04T17:34:32.154092	0.00000000e+00	1	24	-5.74112000e-05	1.37052000e-06	-3.00270000e-01	-1.36164000e-06
1.03203120e+02	2026-09-04T17:34:32.175981	0.00000000e+00	1	24	-6.21796000e-05	9.54725000e-07	-2.50200000e-01	-9.53681000e-07
1.03216568e+02	2026-09-04T17:34:32.193834	0.00000000e+00	1	24	-6.30856000e-05	6.77758000e-07	-2.00079000e-01	-6.75196000e-07
1.03225742e+02	2026-09-04T17:34:32.204042	0.00000000e+00	1	24	-5.14746000e-05	4.15528000e-07	-1.50043000e-01	-4.30281000e-07
1.03237732e+02	2026-09-04T17:34:32.213783	0.00000000e+00	1	24	-6.15358000e-05	2.43981000e-07	-1.00000000e-01	-2.40757000e-07
1.03262360e+02	2026-09-04T17:34:32.239834	0.00000000e+00	1	24	-7.64847000e-05	1.31736000e-07	-4.99638000e-02	-1.02098000e-07
1.03323375e+02	2026-09-04T17:34:32.294081	0.00000000e+00	1	24	-6.82831000e-05	-1.49012000e-11	3.17335000e-05	1.66047000e-10
1.05243591e+02	2026-09-04T17:34:34.215817	0.00000000e+00	1	25	-5.91278000e-05	-4.13587000e-07	3.23772000e-05	4.09194000e-07
1.05279518e+02	2026-09-04T17:34:34.257706	0.00000000e+00	1	25	-5.80311000e-05	1.34830000e-04	-4.99620000e-02	-1.34714000e-04
1.05306478e+02	2026-09-04T17:34:34.284051	0.00000000e+00	1	25	-6.02007000e-05	2.70140000e-04	-1.00001000e-01	-2.70015000e-04
1.05337835e+02	2026-09-04T17:34:34.316192	0.00000000e+00	1	25	-6.41584000e-05	4.05308000e-04	-1.50046000e-01	-4.05153000e-04
1.05347166e+02	2026-09-04T17:34:34.324124	0.00000000e+00	1	25	-6.25372000e-05	5.40241000e-04	-2.00075000e-01	-5.40037000e-04
1.05355164e+02	2026-09-04T17:34:34.331543	0.00000000e+00	1	25	-7.07150000e-05	6.74895000e-04	-2.50230000e-01	-6.74708000e-04
1.05362775e+02	2026-09-04T17:34:34.339686	0.00000000e+00	1	25	-6.45161000e-05	8.09362000e-04	-3.00250000e-01	-8.09313000e-04
1.05370982e+02	2026-09-04T17:34:34.343695	0.00000000e+00	1	25	-6.54936000e-05	9.43004000e-04	-3.50314000e-01	-9.42774000e-04
1.05385900e+02	2026-09-04T17:34:34.363892	0.00000000e+00	1	25	-1.00303000e-04	1.12486000e-03	-4.00316000e-01	-1.15909000e-03
1.05405892e+02	2026-09-04T17:34:34.384018	0.00000000e+00	1	25	-5.92947000e-05	1.30087000e-03	-4.50384000e-01	-1.30124000e-03
1.05428170e+02	2026-09-04T17:34:34.403837	0.00000000e+00	1	25	-6.48737000e-05	1.44324000e-03	-5.00423000e-01	-1.44385000e-03
1.05435741e+02	2026-09-04T17:34:34.413876	0.00000000e+00	1	25	-6.63042000e-05	1.58521000e-03	-5.50479000e-01	-1.58585000e-03
1.05454567e+02	2026-09-04T17:34:34.432047	0.00000000e+00	1	25	-6.03676000e-05	1.72726000e-03	-6.00523000e-01	-1.72679000e-03
1.05489483e+02	2026-09-04T17:34:34.463958	0.00000000e+00	1	25	-6.21796000e-05	1.87214000e-03	-6.50515000e-01	-1.87334000e-03
1.05518594e+02	2026-09-04T17:34:34.495942	0.00000000e+00	1	25	-6.49691000e-05	2.00748000e-03	-7.00593000e-01	-2.00738000e-03
1.05526504e+02	2026-09-04T17:34:34.503998	0.00000000e+00	1	25	-6.64949000e-05	2.14172000e-03	-7.50607000e-01	-2.14123000e-03
1.05550821e+02	2026-09-04T17:34:34.527790	0.00000000e+00	1	25	-6.75678000e-05	2.27561000e-03	-8.00687000e-01	-2.27773000e-03
1.05576316e+02	2026-09-04T17:34:34.553896	0.00000000e+00	1	25	-5.87702000e-05	2.46877000e-03	-8.50686000e-01	-2.48204000e-03
1.05602850e+02	2026-09-04T17:34:34.575589	0.00000000e+00	1	25	-6.32525000e-05	2.66190000e-03	-9.00742000e-01	-2.65893000e-03
1.05617895e+02	2026-09-04T17:34:34.593710	0.00000000e+00	1	25	-6.06537000e-05	7.33947000e-05	-9.50787000e-01	-7.10674000e-05
1.05640723e+02	2026-09-04T17:34:34.616567	0.00000000e+00	1	25	-5.87702000e-05	7.91246000e-05	-1.00083000e+00	-7.88636000e-05
1.05665991e+02	2026-09-04T17:34:34.643906	0.00000000e+00	1	25	-6.82116000e-05	8.80664000e-05	-1.05084000e+00	-8.80350000e-05
1.05693712e+02	2026-09-04T17:34:34.671142	0.00000000e+00	1	25	-7.34091000e-05	1.16284000e-04	-1.10091000e+00	-1.07680000e-04
1.05706110e+02	2026-09-04T17:34:34.683851	0.00000000e+00	1	25	-6.39677000e-05	1.22702000e-04	-1.15097000e+00	-1.23460000e-04
1.05725243e+02	2026-09-04T17:34:34.703026	0.00000000e+00	1	25	-6.34432000e-05	1.35007000e-04	-1.20099000e+00	-1.39421000e-04
1.05759911e+02	2026-09-04T17:34:34.735122	0.00000000e+00	1	25	-6.89268000e-05	1.34927000e-04	-1.25104000e+00	-1.33469000e-04
1.05777081e+02	2026-09-04T17:34:34.753921	0.00000000e+00	1	25	-6.09159000e-05	1.49215000e-04	-1.30105000e+00	-1.52941000e-04
1.05784585e+02	2026-09-04T17:34:34.761739	0.00000000e+00	1	25	-6.31571000e-05	1.52555000e-04	-1.35112000e+00	-1.56747000e-04
1.05805116e+02	2026-09-04T17:34:34.782936	0.00000000e+00	1	25	-5.75781000e-05	1.54933000e-04	-1.40111000e+00	-1.51553000e-04
1.05844470e+02	2026-09-04T17:34:34.822746	0.00000000e+00	1	25	-6.99043000e-05	1.57393000e-04	-1.45117000e+00	-1.50194000e-04
1.05868516e+02	2026-09-04T17:34:34.845728	0.00000000e+00	1	25	-6.42538000e-05	1.17044000e-04	-1.50120000e+00	-1.17538000e-04
1.05876844e+02	2026-09-04T17:34:34.854083	0.00000000e+00	1	25	-6.86407000e-05	1.32454000e-04	-1.55124000e+00	-1.25664000e-04
1.05931237e+02	2026-09-04T17:34:34.908993	0.00000000e+00	1	25	-6.94513000e-05	1.20581000e-04	-1.60125000e+00	-1.20788000e-04
1.05939309e+02	2026-09-04T17:34:34.916606	0.00000000e+00	1	25	-6.46114000e-05	1.34407000e-04	-1.65132000e+00	-1.33631000e-04
1.05962459e+02	2026-09-04T17:34:34.939837	0.00000000e+00	1	25	-6.27995000e-05	1.28578000e-04	-1.70133000e+00	-1.22553000e-04
1.05984474e+02	2026-09-04T17:34:34.961884	0.00000000e+00	1	25	-6.31571000e-05	1.45673000e-04	-1.75135000e+00	-1.43913000e-04
1.05999795e+02	2026-09-04T17:34:34.974126	0.00000000e+00	1	25	-7.08103000e-05	1.63223000e-04	-1.80138000e+00	-1.64798000e-04
1.06025968e+02	2026-09-04T17:34:35.003742	0.00000000e+00	1	25	-6.73056000e-05	1.78527000e-04	-1.85145000e+00	-1.78543000e-04
1.06033740e+02	2026-09-04T17:34:35.003742	0.00000000e+00	1	25	-5.27382000e-05	1.87736000e-04	-1.90147000e+00	-1.79173000e-04
1.06041474e+02	2026-09-04T17:34:35.019614	0.00000000e+00	1	25	-6.76632000e-05	1.95748000e-04	-1.95149000e+00	-1.92991000e-04
1.06077087e+02	2026-09-04T17:34:35.053948	0.00000000e+00	1	25	-6.98090000e-05	2.17625000e-04	-2.00153000e+00	-2.17775000e-04
1.06105961e+02	2026-09-04T17:34:35.083860	0.00000000e+00	1	25	-7.10726000e-05	2.54571000e-04	-2.05176000e+00	-2.58788000e-04
1.06114154e+02	2026-09-04T17:34:35.085894	0.00000000e+00	1	25	-6.91891000e-05	2.53286000e-04	-2.10182000e+00	-2.54455000e-04
1.06137470e+02	2026-09-04T17:34:35.115080	0.00000000e+00	1	25	-7.53880000e-05	3.29505000e-04	-2.15197000e+00	-3.35945000e-04
1.06148789e+02	2026-09-04T17:34:35.123844	0.00000000e+00	1	25	-6.51360000e-05	4.21451000e-04	-2.20206000e+00	-4.36903000e-04
1.06186846e+02	2026-09-04T17:34:35.163759	0.00000000e+00	1	25	-6.38723000e-05	4.30723000e-04	-2.20215000e+00	-4.21878000e-04
1.06194611e+02	2026-09-04T17:34:35.163759	0.00000000e+00	1	25	-6.53267000e-05	3.61810000e-04	-2.15198000e+00	-3.60017000e-04
1.06217517e+02	2026-09-04T17:34:35.194812	0.00000000e+00	1	25	-6.60419000e-05	3.13470000e-04	-2.10165000e+00	-3.17059000e-04
1.06249246e+02	2026-09-04T17:34:35.226541	0.00000000e+00	1	25	-7.08103000e-05	2.81011000e-04	-2.05174000e+00	-2.79039000e-04
1.06260797e+02	2026-09-04T17:34:35.233888	0.00000000e+00	1	25	-6.93798000e-05	2.46135000e-04	-2.00151000e+00	-2.46045000e-04
1.06286883e+02	2026-09-04T17:34:35.263958	0.00000000e+00	1	25	-6.69479000e-05	2.16618000e-04	-1.95150000e+00	-2.16323000e-04
1.06294544e+02	2026-09-04T17:34:35.263958	0.00000000e+00	1	25	-6.97374000e-05	1.95107000e-04	-1.90148000e+00	-1.94301000e-04
1.06327846e+02	2026-09-04T17:34:35.305467	0.00000000e+00	1	25	-6.31571000e-05	1.75700000e-04	-1.85144000e+00	-1.77162000e-04
1.06359726e+02	2026-09-04T17:34:35.337384	0.00000000e+00	1	25	-6.66618000e-05	1.59529000e-04	-1.80138000e+00	-1.59088000e-04
1.06380655e+02	2026-09-04T17:34:35.354098	0.00000000e+00	1	25	-6.54221000e-05	1.43389000e-04	-1.75137000e+00	-1.44223000e-04
1.06388243e+02	2026-09-04T17:34:35.364056	0.00000000e+00	1	25	-6.30856000e-05	1.30056000e-04	-1.70135000e+00	-1.30303000e-04
1.06409572e+02	2026-09-04T17:34:35.384777	0.00000000e+00	1	25	-6.65903000e-05	1.19026000e-04	-1.65131000e+00	-1.18855000e-04
1.06424676e+02	2026-09-04T17:34:35.400746	0.00000000e+00	1	25	-6.46114000e-05	1.07134000e-04	-1.60125000e+00	-1.06785000e-04
1.06437877e+02	2026-09-04T17:34:35.413939	0.00000000e+00	1	25	-6.57797000e-05	9.68780000e-05	-1.55126000e+00	-9.75686000e-05
1.06449753e+02	2026-09-04T17:34:35.427548	0.00000000e+00	1	25	-6.40631000e-05	8.80468000e-05	-1.50120000e+00	-8.81215000e-05
1.06458192e+02	2026-09-04T17:34:35.433992	0.00000000e+00	1	25	-6.58512000e-05	8.03797000e-05	-1.45115000e+00	-8.04264000e-05
1.06465728e+02	2026-09-04T17:34:35.443800	0.00000000e+00	1	25	-6.02007000e-05	7.22316000e-05	-1.40112000e+00	-7.20937000e-05
1.06489681e+02	2026-09-04T17:34:35.464865	0.00000000e+00	1	25	-6.53267000e-05	6.47653000e-05	-1.35111000e+00	-6.40640000e-05
1.06518443e+02	2026-09-04T17:34:35.496729	0.00000000e+00	1	25	-6.93798000e-05	5.74212000e-05	-1.30105000e+00	-5.69022000e-05
1.06541342e+02	2026-09-04T17:34:35.517201	0.00000000e+00	1	25	-6.22749000e-05	5.03095000e-05	-1.25103000e+00	-5.04181000e-05
1.06549686e+02	2026-09-04T17:34:35.523878	0.00000000e+00	1	25	-6.34432000e-05	4.54612000e-05	-1.20098000e+00	-4.56135000e-05
1.06564716e+02	2026-09-04T17:34:35.539230	0.00000000e+00	1	25	-6.78301000e-05	4.05296000e-05	-1.15098000e+00	-4.04922000e-05
1.06590833e+02	2026-09-04T17:34:35.564081	0.00000000e+00	1	25	-6.38723000e-05	3.58079000e-05	-1.10091000e+00	-3.54790000e-05
1.06599149e+02	2026-09-04T17:34:35.577237	0.00000000e+00	1	25	-6.51360000e-05	3.11364000e-05	-1.05086000e+00	-3.07709000e-05
1.06620763e+02	2026-09-04T17:34:35.593795	0.00000000e+00	1	25	-6.59466000e-05	2.68244000e-05	-1.00083000e+00	-2.67572000e-05
1.06631720e+02	2026-09-04T17:34:35.609385	0.00000000e+00	1	25	-6.66618000e-05	2.31266000e-05	-9.50769000e-01	-2.29451000e-05
1.06675459e+02	2026-09-04T17:34:35.651421	0.00000000e+00	1	25	-6.81162000e-05	1.95425000e-05	-9.00743000e-01	-1.94328000e-05
1.06695432e+02	2026-09-04T17:34:35.672937	0.00000000e+00	1	25	-6.33478000e-05	1.64933000e-05	-8.50687000e-01	-1.63417000e-05
1.06703694e+02	2026-09-04T17:34:35.673946	0.00000000e+00	1	25	-6.71148000e-05	1.37379000e-05	-8.00686000e-01	-1.37920000e-05
1.06728298e+02	2026-09-04T17:34:35.705066	0.00000000e+00	1	25	-6.63996000e-05	1.13239000e-05	-7.50612000e-01	-1.11690000e-05
1.06757241e+02	2026-09-04T17:34:35.733942	0.00000000e+00	1	25	-4.65393000e-05	9.31234000e-06	-7.00597000e-01	-9.33080000e-06
1.06779281e+02	2026-09-04T17:34:35.754048	0.00000000e+00	1	25	-7.35998000e-05	7.47285000e-06	-6.50524000e-01	-7.53104000e-06
1.06788744e+02	2026-09-04T17:34:35.764074	0.00000000e+00	1	25	-7.25269000e-05	6.08271000e-06	-6.00518000e-01	-6.05105000e-06
1.06826373e+02	2026-09-04T17:34:35.803956	0.00000000e+00	1	25	-6.85692000e-05	4.70709000e-06	-5.50454000e-01	-4.72862000e-06
1.06836686e+02	2026-09-04T17:34:35.813917	0.00000000e+00	1	25	-6.59466000e-05	3.69115000e-06	-5.00429000e-01	-3.65973000e-06
1.06855116e+02	2026-09-04T17:34:35.832912	0.00000000e+00	1	25	-7.34091000e-05	2.84608000e-06	-4.50384000e-01	-2.84775000e-06
1.06870960e+02	2026-09-04T17:34:35.848834	0.00000000e+00	1	25	-6.69479000e-05	2.04978000e-06	-4.00367000e-01	-2.14795000e-06
1.06895855e+02	2026-09-04T17:34:35.873931	0.00000000e+00	1	25	-6.72102000e-05	1.56237000e-06	-3.50291000e-01	-1.56079000e-06
1.06911549e+02	2026-09-04T17:34:35.886684	0.00000000e+00	1	25	-6.16312000e-05	1.10707000e-06	-3.00254000e-01	-1.13114000e-06
1.06934241e+02	2026-09-04T17:34:35.911919	0.00000000e+00	1	25	-6.39677000e-05	7.85734000e-07	-2.50197000e-01	-7.75802000e-07
1.06957951e+02	2026-09-04T17:34:35.934007	0.00000000e+00	1	25	-6.71148000e-05	5.24916000e-07	-2.00080000e-01	-5.24212000e-07
1.06982204e+02	2026-09-04T17:34:35.960115	0.00000000e+00	1	25	-5.91993000e-05	3.38509000e-07	-1.50053000e-01	-3.50870000e-07
1.07003287e+02	2026-09-04T17:34:35.975854	0.00000000e+00	1	25	-6.87361000e-05	2.05099000e-07	-9.99995000e-02	-1.88690000e-07
1.07011062e+02	2026-09-04T17:34:35.986374	0.00000000e+00	1	25	-7.46727000e-05	8.67594000e-08	-4.99563000e-02	-6.87747000e-08
1.07126298e+02	2026-09-04T17:34:36.103941	0.00000000e+00	1	25	-6.38008000e-05	5.00936000e-09	3.71456000e-05	-3.44301000e-09
1.09069658e+02	2026-09-04T17:34:38.046871	0.00000000e+00	1	26	-5.56946000e-05	-5.35625000e-08	3.51667000e-05	5.66414000e-08
1.09089520e+02	2026-09-04T17:34:38.063804	0.00000000e+00	1	26	1.45197000e-05	-4.28499000e-08	-4.99007000e-02	-2.06549000e-05
1.09108228e+02	2026-09-04T17:34:38.083639	0.00000000e+00	1	26	-1.13249000e-04	4.40013000e-05	-9.99944000e-02	-4.40406000e-05
1.09134903e+02	2026-09-04T17:34:38.109823	0.00000000e+00	1	26	-6.77586000e-05	7.29948000e-05	-1.50039000e-01	-7.29847000e-05
1.09164842e+02	2026-09-04T17:34:38.142161	0.00000000e+00	1	26	-7.09057000e-05	1.10672000e-04	-2.00073000e-01	-1.10459000e-04
1.09177129e+02	2026-09-04T17:34:38.153933	0.00000000e+00	1	26	-7.35998000e-05	1.59301000e-04	-2.50203000e-01	-1.59267000e-04
1.09196363e+02	2026-09-04T17:34:38.173790	0.00000000e+00	1	26	-7.34091000e-05	2.18195000e-04	-3.00259000e-01	-2.18207000e-04
1.09243265e+02	2026-09-04T17:34:38.219415	0.00000000e+00	1	26	-7.35998000e-05	2.78577000e-04	-3.50292000e-01	-2.64608000e-04
1.09265875e+02	2026-09-04T17:34:38.243888	0.00000000e+00	1	26	-7.30515000e-05	3.14424000e-04	-4.00370000e-01	-3.09800000e-04
1.09274441e+02	2026-09-04T17:34:38.243888	0.00000000e+00	1	26	-7.24316000e-05	3.49639000e-04	-4.50373000e-01	-3.48657000e-04
1.09302579e+02	2026-09-04T17:34:38.273891	0.00000000e+00	1	26	-7.09772000e-05	4.92118000e-04	-5.00406000e-01	-4.91867000e-04
1.09323486e+02	2026-09-04T17:34:38.301305	0.00000000e+00	1	26	-7.23362000e-05	5.21007000e-04	-5.50447000e-01	-5.18452000e-04
1.09331648e+02	2026-09-04T17:34:38.303759	0.00000000e+00	1	26	-6.35147000e-05	2.10252000e-04	-6.00498000e-01	-1.95523000e-04
1.09339007e+02	2026-09-04T17:34:38.317151	0.00000000e+00	1	26	-6.33478000e-05	1.70828000e-04	-6.50546000e-01	-1.37567000e-04
1.09387223e+02	2026-09-04T17:34:38.363836	0.00000000e+00	1	26	-6.83785000e-05	1.30068000e-04	-7.00568000e-01	-1.29158000e-04
1.09402932e+02	2026-09-04T17:34:38.379603	0.00000000e+00	1	26	-6.57797000e-05	1.32336000e-04	-7.50638000e-01	-1.27947000e-04
1.09423037e+02	2026-09-04T17:34:38.395459	0.00000000e+00	1	26	-6.37054000e-05	1.44378000e-04	-8.00679000e-01	-1.36525000e-04
1.09430415e+02	2026-09-04T17:34:38.403737	0.00000000e+00	1	26	-5.97477000e-05	1.31290000e-04	-8.50672000e-01	-1.35481000e-04
1.09440692e+02	2026-09-04T17:34:38.414039	0.00000000e+00	1	26	-6.70195000e-05	1.32734000e-04	-9.00772000e-01	-1.37237000e-04
1.09465726e+02	2026-09-04T17:34:38.443901	0.00000000e+00	1	26	-6.58512000e-05	7.02583000e-05	-9.50772000e-01	-6.94653000e-05
1.09496080e+02	2026-09-04T17:34:38.473878	0.00000000e+00	1	26	-6.65903000e-05	7.32488000e-05	-1.00081000e+00	-7.27650000e-05
1.09503561e+02	2026-09-04T17:34:38.473878	0.00000000e+00	1	26	-6.74009000e-05	8.25246000e-05	-1.05082000e+00	-8.29677000e-05
1.09510793e+02	2026-09-04T17:34:38.483964	0.00000000e+00	1	26	-6.55890000e-05	8.78413000e-05	-1.10089000e+00	-8.42389000e-05
1.09526756e+02	2026-09-04T17:34:38.503977	0.00000000e+00	1	26	-6.96421000e-05	8.73965000e-05	-1.15095000e+00	-8.03431000e-05
1.09560103e+02	2026-09-04T17:34:38.537602	0.00000000e+00	1	26	-5.67913000e-05	5.90810000e-05	-1.20098000e+00	-4.06848000e-05
1.09581144e+02	2026-09-04T17:34:38.553977	0.00000000e+00	1	26	-6.78301000e-05	3.94536000e-05	-1.25102000e+00	-3.95044000e-05
1.09588622e+02	2026-09-04T17:34:38.563596	0.00000000e+00	1	26	-6.97374000e-05	4.38725000e-05	-1.30103000e+00	-4.39338000e-05
1.09605743e+02	2026-09-04T17:34:38.583972	0.00000000e+00	1	26	-6.12736000e-05	4.94512000e-05	-1.35111000e+00	-4.88741000e-05
1.09655990e+02	2026-09-04T17:34:38.633917	0.00000000e+00	1	26	-6.79255000e-05	5.61391000e-05	-1.40111000e+00	-5.58153000e-05
1.09663653e+02	2026-09-04T17:34:38.633917	0.00000000e+00	1	26	-6.75678000e-05	6.05525000e-05	-1.45117000e+00	-6.01998000e-05
1.09688707e+02	2026-09-04T17:34:38.665079	0.00000000e+00	1	26	-6.57797000e-05	6.96574000e-05	-1.50118000e+00	-7.05061000e-05
1.09713082e+02	2026-09-04T17:34:38.683721	0.00000000e+00	1	26	-6.95467000e-05	7.37130000e-05	-1.55124000e+00	-7.46832000e-05
1.09735794e+02	2026-09-04T17:34:38.713679	0.00000000e+00	1	26	-6.72102000e-05	8.50593000e-05	-1.60125000e+00	-8.52869000e-05
1.09744601e+02	2026-09-04T17:34:38.720038	0.00000000e+00	1	26	-6.59466000e-05	9.47726000e-05	-1.65130000e+00	-9.45086000e-05
1.09767216e+02	2026-09-04T17:34:38.744631	0.00000000e+00	1	26	-7.07150000e-05	1.03774000e-04	-1.70134000e+00	-1.04099000e-04
1.09799425e+02	2026-09-04T17:34:38.775908	0.00000000e+00	1	26	-6.54221000e-05	1.18519000e-04	-1.75138000e+00	-1.18340000e-04
1.09808028e+02	2026-09-04T17:34:38.783793	0.00000000e+00	1	26	-6.75678000e-05	1.28158000e-04	-1.80138000e+00	-1.27651000e-04
1.09816462e+02	2026-09-04T17:34:38.793713	0.00000000e+00	1	26	-7.01666000e-05	1.41716000e-04	-1.85145000e+00	-1.43071000e-04
1.09823774e+02	2026-09-04T17:34:38.793713	0.00000000e+00	1	26	-6.89268000e-05	1.54966000e-04	-1.90147000e+00	-1.54880000e-04
1.09842301e+02	2026-09-04T17:34:38.820145	0.00000000e+00	1	26	-6.31571000e-05	1.76011000e-04	-1.95150000e+00	-1.75813000e-04
1.09862099e+02	2026-09-04T17:34:38.839199	0.00000000e+00	1	26	-6.36101000e-05	2.01770000e-04	-2.00152000e+00	-2.02865000e-04
1.09876744e+02	2026-09-04T17:34:38.855172	0.00000000e+00	1	26	-6.58512000e-05	2.23325000e-04	-2.05171000e+00	-2.29296000e-04
1.09898901e+02	2026-09-04T17:34:38.873844	0.00000000e+00	1	26	-6.82116000e-05	2.65486000e-04	-2.10157000e+00	-2.68203000e-04
1.09906511e+02	2026-09-04T17:34:38.883980	0.00000000e+00	1	26	-6.95467000e-05	3.35668000e-04	-2.15213000e+00	-3.37649000e-04
1.09921950e+02	2026-09-04T17:34:38.893601	0.00000000e+00	1	26	-6.53267000e-05	4.11741000e-04	-2.20200000e+00	-3.99216000e-04
1.09928503e+02	2026-09-04T17:34:38.903653	0.00000000e+00	1	26	-7.03573000e-05	3.91610000e-04	-2.20194000e+00	-3.91320000e-04
1.09953596e+02	2026-09-04T17:34:38.923792	0.00000000e+00	1	26	-6.59466000e-05	3.39290000e-04	-2.15194000e+00	-3.42265000e-04
1.09973200e+02	2026-09-04T17:34:38.950640	0.00000000e+00	1	26	-6.39677000e-05	2.96256000e-04	-2.10165000e+00	-2.98275000e-04
1.09980630e+02	2026-09-04T17:34:38.953840	0.00000000e+00	1	26	-6.52313000e-05	2.59989000e-04	-2.05159000e+00	-2.57021000e-04
1.09987743e+02	2026-09-04T17:34:38.963578	0.00000000e+00	1	26	-6.41584000e-05	2.27385000e-04	-2.00153000e+00	-2.31529000e-04
1.10018695e+02	2026-09-04T17:34:38.993665	0.00000000e+00	1	26	-6.09159000e-05	2.03159000e-04	-1.95150000e+00	-2.03559000e-04
1.10050846e+02	2026-09-04T17:34:39.023956	0.00000000e+00	1	26	-6.75678000e-05	1.83910000e-04	-1.90146000e+00	-1.81966000e-04
1.10073074e+02	2026-09-04T17:34:39.045925	0.00000000e+00	1	26	-6.63042000e-05	1.64787000e-04	-1.85144000e+00	-1.64626000e-04
1.10081902e+02	2026-09-04T17:34:39.053967	0.00000000e+00	1	26	-6.68526000e-05	1.48861000e-04	-1.80140000e+00	-1.48799000e-04
1.10116376e+02	2026-09-04T17:34:39.094015	0.00000000e+00	1	26	-6.24418000e-05	1.33255000e-04	-1.75135000e+00	-1.33790000e-04
1.10138145e+02	2026-09-04T17:34:39.113791	0.00000000e+00	1	26	-5.64098000e-05	1.20816000e-04	-1.70132000e+00	-1.20992000e-04
1.10146160e+02	2026-09-04T17:34:39.123835	0.00000000e+00	1	26	-6.77586000e-05	1.09509000e-04	-1.65131000e+00	-1.08900000e-04
1.10176450e+02	2026-09-04T17:34:39.153794	0.00000000e+00	1	26	-6.18219000e-05	1.00407000e-04	-1.60124000e+00	-1.00141000e-04
1.10227012e+02	2026-09-04T17:34:39.204708	0.00000000e+00	1	26	-6.03676000e-05	9.06589000e-05	-1.55124000e+00	-9.01851000e-05
1.10242633e+02	2026-09-04T17:34:39.220294	0.00000000e+00	1	26	-6.02961000e-05	8.09614000e-05	-1.50119000e+00	-8.15665000e-05
1.10285902e+02	2026-09-04T17:34:39.264075	0.00000000e+00	1	26	-5.63383000e-05	7.33936000e-05	-1.45117000e+00	-7.31700000e-05
1.10293876e+02	2026-09-04T17:34:39.270244	0.00000000e+00	1	26	-6.14643000e-05	6.59565000e-05	-1.40111000e+00	-6.56699000e-05
1.10301220e+02	2026-09-04T17:34:39.274024	0.00000000e+00	1	26	-6.16312000e-05	5.90226000e-05	-1.35112000e+00	-5.90568000e-05
1.10322189e+02	2026-09-04T17:34:39.300323	0.00000000e+00	1	26	-6.87361000e-05	5.31003000e-05	-1.30104000e+00	-5.30902000e-05
1.10343225e+02	2026-09-04T17:34:39.320353	0.00000000e+00	1	26	-6.09159000e-05	4.73747000e-05	-1.25102000e+00	-4.72953000e-05
1.10358187e+02	2026-09-04T17:34:39.333989	0.00000000e+00	1	26	-5.66006000e-05	4.19915000e-05	-1.20096000e+00	-4.18028000e-05
1.10368437e+02	2026-09-04T17:34:39.343896	0.00000000e+00	1	26	-6.33478000e-05	3.72294000e-05	-1.15097000e+00	-3.74523000e-05
1.10391092e+02	2026-09-04T17:34:39.363697	0.00000000e+00	1	26	-5.57899000e-05	3.28366000e-05	-1.10090000e+00	-3.31180000e-05
1.10402963e+02	2026-09-04T17:34:39.379788	0.00000000e+00	1	26	-6.19888000e-05	2.86740000e-05	-1.05082000e+00	-2.86724000e-05
1.10432475e+02	2026-09-04T17:34:39.403937	0.00000000e+00	1	26	-5.95570000e-05	2.51364000e-05	-1.00082000e+00	-2.49793000e-05
1.10454755e+02	2026-09-04T17:34:39.427397	0.00000000e+00	1	26	-5.32627000e-05	2.16164000e-05	-9.50762000e-01	-2.15970000e-05
1.10462082e+02	2026-09-04T17:34:39.433867	0.00000000e+00	1	26	-5.89371000e-05	1.83623000e-05	-9.00738000e-01	-1.83452000e-05
1.10482122e+02	2026-09-04T17:34:39.459290	0.00000000e+00	1	26	-5.91278000e-05	1.56651000e-05	-8.50679000e-01	-1.59103000e-05
1.10498244e+02	2026-09-04T17:34:39.475033	0.00000000e+00	1	26	-5.76735000e-05	1.33753000e-05	-8.00663000e-01	-1.30774000e-05
1.10519426e+02	2026-09-04T17:34:39.493580	0.00000000e+00	1	26	-6.02007000e-05	1.09294000e-05	-7.50612000e-01	-1.08742000e-05
1.10527389e+02	2026-09-04T17:34:39.503598	0.00000000e+00	1	26	-4.52757000e-05	8.82543000e-06	-7.00573000e-01	-8.78920000e-06
1.10555465e+02	2026-09-04T17:34:39.533755	0.00000000e+00	1	26	-6.51360000e-05	7.22099000e-06	-6.50511000e-01	-7.21295000e-06
1.10574889e+02	2026-09-04T17:34:39.549096	0.00000000e+00	1	26	-5.80311000e-05	5.86195000e-06	-6.00502000e-01	-5.96247000e-06
1.10600046e+02	2026-09-04T17:34:39.574109	0.00000000e+00	1	26	-6.63996000e-05	4.76235000e-06	-5.50462000e-01	-4.82442000e-06
1.10622583e+02	2026-09-04T17:34:39.600417	0.00000000e+00	1	26	-6.88314000e-05	3.69518000e-06	-5.00422000e-01	-3.36634000e-06
1.10653856e+02	2026-09-04T17:34:39.631922	0.00000000e+00	1	26	-5.92947000e-05	2.57462000e-06	-4.50372000e-01	-2.52493000e-06
1.10675205e+02	2026-09-04T17:34:39.652659	0.00000000e+00	1	26	-6.01053000e-05	1.92244000e-06	-4.00328000e-01	-1.96048000e-06
1.10683687e+02	2026-09-04T17:34:39.653794	0.00000000e+00	1	26	-5.07593000e-05	1.43180000e-06	-3.50275000e-01	-1.46121000e-06
1.10701605e+02	2026-09-04T17:34:39.679511	0.00000000e+00	1	26	-6.27995000e-05	1.01624000e-06	-3.00252000e-01	-1.00232000e-06
1.10736023e+02	2026-09-04T17:34:39.713709	0.00000000e+00	1	26	-5.96523000e-05	6.95656000e-07	-2.50200000e-01	-7.28538000e-07
1.10765464e+02	2026-09-04T17:34:39.743866	0.00000000e+00	1	26	-6.11782000e-05	4.80408000e-07	-2.00074000e-01	-4.76676000e-07
1.10773133e+02	2026-09-04T17:34:39.743866	0.00000000e+00	1	26	-6.22749000e-05	3.04423000e-07	-1.50036000e-01	-3.01157000e-07
1.10780505e+02	2026-09-04T17:34:39.753841	0.00000000e+00	1	26	-6.45161000e-05	1.73566000e-07	-9.99959000e-02	-1.63310000e-07
1.10804144e+02	2026-09-04T17:34:39.775374	0.00000000e+00	1	26	-5.45263000e-05	7.39342000e-08	-4.99494000e-02	-6.28241000e-08
1.10907386e+02	2026-09-04T17:34:39.884018	0.00000000e+00	1	26	-2.22445000e-05	4.09765000e-08	1.25647000e-05	-2.71663000e-08
1.12972629e+02	2026-09-04T17:34:41.943939	0.00000000e+00	1	27	-4.49896000e-05	-1.00893000e-08	2.15769000e-05	2.48136000e-08
1.12981131e+02	2026-09-04T17:34:41.953776	0.00000000e+00	1	27	-1.48320000e-04	2.71995000e-08	-4.99141000e-02	-1.30436000e-05
1.13025748e+02	2026-09-04T17:34:41.999084	0.00000000e+00	1	27	-1.07050000e-04	2.76318000e-05	-9.99940000e-02	-2.76723000e-05
1.13044921e+02	2026-09-04T17:34:42.023077	0.00000000e+00	1	27	-6.20842000e-05	4.52972000e-05	-1.50041000e-01	-4.52717000e-05
1.13066653e+02	2026-09-04T17:34:42.044005	0.00000000e+00	1	27	-6.19173000e-05	6.80649000e-05	-2.00076000e-01	-6.80685000e-05
1.13074887e+02	2026-09-04T17:34:42.044005	0.00000000e+00	1	27	-6.46114000e-05	9.85815000e-05	-2.50229000e-01	-9.86618000e-05
1.13093308e+02	2026-09-04T17:34:42.071073	0.00000000e+00	1	27	-6.45161000e-05	1.34461000e-04	-3.00262000e-01	-1.32130000e-04
1.13131338e+02	2026-09-04T17:34:42.109207	0.00000000e+00	1	27	-6.35147000e-05	1.75701000e-04	-3.50279000e-01	-1.75440000e-04
1.13156534e+02	2026-09-04T17:34:42.133917	0.00000000e+00	1	27	-6.46114000e-05	2.10470000e-04	-4.00369000e-01	-2.08515000e-04
1.13164463e+02	2026-09-04T17:34:42.133917	0.00000000e+00	1	27	-6.31571000e-05	2.45486000e-04	-4.50348000e-01	-2.41009000e-04
1.13189122e+02	2026-09-04T17:34:42.165797	0.00000000e+00	1	27	-6.01053000e-05	3.52958000e-04	-5.00439000e-01	-3.73538000e-04
1.13212895e+02	2026-09-04T17:34:42.189206	0.00000000e+00	1	27	-6.22749000e-05	4.01270000e-04	-5.50475000e-01	-3.90341000e-04
1.13236320e+02	2026-09-04T17:34:42.214125	0.00000000e+00	1	27	-5.54323000e-05	6.47067000e-05	-6.00532000e-01	-6.14601000e-05
1.13257421e+02	2026-09-04T17:34:42.234102	0.00000000e+00	1	27	-5.86748000e-05	2.85215000e-05	-6.50558000e-01	-2.45520000e-05
1.13293683e+02	2026-09-04T17:34:42.269232	0.00000000e+00	1	27	-6.07252000e-05	3.57412000e-05	-7.00585000e-01	-2.63994000e-05
1.13316759e+02	2026-09-04T17:34:42.294203	0.00000000e+00	1	27	-6.26326000e-05	2.30540000e-05	-7.50641000e-01	-1.85593000e-05
1.13325006e+02	2026-09-04T17:34:42.294203	0.00000000e+00	1	27	-6.13689000e-05	2.17175000e-05	-8.00685000e-01	-2.34230000e-05
1.13348680e+02	2026-09-04T17:34:42.325672	0.00000000e+00	1	27	-6.95467000e-05	2.27984000e-05	-8.50683000e-01	-2.26269000e-05
1.13371598e+02	2026-09-04T17:34:42.348804	0.00000000e+00	1	27	-6.52313000e-05	2.41603000e-05	-9.00731000e-01	-2.69127000e-05
1.13381367e+02	2026-09-04T17:34:42.357585	0.00000000e+00	1	27	-6.38008000e-05	2.63486000e-05	-9.50796000e-01	-2.22964000e-05
1.13400720e+02	2026-09-04T17:34:42.374079	0.00000000e+00	1	27	-6.02007000e-05	2.41748000e-05	-1.00081000e+00	-2.38795000e-05
1.13409919e+02	2026-09-04T17:34:42.383675	0.00000000e+00	1	27	-6.58512000e-05	2.56809000e-05	-1.05085000e+00	-2.72310000e-05
1.13452791e+02	2026-09-04T17:34:42.428994	0.00000000e+00	1	27	-6.11067000e-05	3.04973000e-05	-1.10090000e+00	-3.06869000e-05
1.13475607e+02	2026-09-04T17:34:42.452966	0.00000000e+00	1	27	-6.67572000e-05	3.48436000e-05	-1.15096000e+00	-3.47421000e-05
1.13483880e+02	2026-09-04T17:34:42.454111	0.00000000e+00	1	27	-6.84738000e-05	3.85053000e-05	-1.20095000e+00	-3.79927000e-05
1.13507076e+02	2026-09-04T17:34:42.484126	0.00000000e+00	1	27	-6.33478000e-05	4.30292000e-05	-1.25102000e+00	-4.30234000e-05
1.13531731e+02	2026-09-04T17:34:42.509108	0.00000000e+00	1	27	-6.65903000e-05	4.66980000e-05	-1.30105000e+00	-4.59167000e-05
1.13554800e+02	2026-09-04T17:34:42.532822	0.00000000e+00	1	27	-6.01053000e-05	5.42747000e-05	-1.35109000e+00	-5.18493000e-05
1.13563068e+02	2026-09-04T17:34:42.533852	0.00000000e+00	1	27	-5.97477000e-05	5.75943000e-05	-1.40110000e+00	-5.69392000e-05
1.13586540e+02	2026-09-04T17:34:42.564057	0.00000000e+00	1	27	-5.63383000e-05	6.33587000e-05	-1.45117000e+00	-6.32763000e-05
1.13619346e+02	2026-09-04T17:34:42.596148	0.00000000e+00	1	27	-6.02961000e-05	6.81131000e-05	-1.50120000e+00	-6.86662000e-05
1.13627142e+02	2026-09-04T17:34:42.604183	0.00000000e+00	1	27	-5.93901000e-05	8.00412000e-05	-1.55124000e+00	-7.94107000e-05
1.13649842e+02	2026-09-04T17:34:42.628241	0.00000000e+00	1	27	-6.52313000e-05	8.48713000e-05	-1.60124000e+00	-8.47479000e-05
1.13662587e+02	2026-09-04T17:34:42.637829	0.00000000e+00	1	27	-5.68628000e-05	9.40383000e-05	-1.65129000e+00	-9.34897000e-05
1.13689836e+02	2026-09-04T17:34:42.664146	0.00000000e+00	1	27	-6.19173000e-05	1.04874000e-04	-1.70133000e+00	-1.04326000e-04
1.13707094e+02	2026-09-04T17:34:42.684178	0.00000000e+00	1	27	-6.19888000e-05	1.15282000e-04	-1.75135000e+00	-1.15870000e-04
1.13728966e+02	2026-09-04T17:34:42.706686	0.00000000e+00	1	27	-5.98431000e-05	1.30598000e-04	-1.80138000e+00	-1.30232000e-04
1.13736816e+02	2026-09-04T17:34:42.713657	0.00000000e+00	1	27	-5.58853000e-05	1.43515000e-04	-1.85144000e+00	-1.41849000e-04
1.13750603e+02	2026-09-04T17:34:42.728990	0.00000000e+00	1	27	-6.17266000e-05	1.59894000e-04	-1.90147000e+00	-1.60765000e-04
1.13766973e+02	2026-09-04T17:34:42.743960	0.00000000e+00	1	27	-6.13689000e-05	1.76604000e-04	-1.95150000e+00	-1.77318000e-04
1.13783331e+02	2026-09-04T17:34:42.756691	0.00000000e+00	1	27	-6.46830000e-05	1.96972000e-04	-2.00150000e+00	-1.99407000e-04
1.13792064e+02	2026-09-04T17:34:42.765957	0.00000000e+00	1	27	-7.11679000e-05	2.29023000e-04	-2.05188000e+00	-2.30598000e-04
1.13822902e+02	2026-09-04T17:34:42.798988	0.00000000e+00	1	27	-5.93901000e-05	2.69715000e-04	-2.10172000e+00	-2.70494000e-04
1.13832821e+02	2026-09-04T17:34:42.808998	0.00000000e+00	1	27	-6.89268000e-05	3.28729000e-04	-2.15197000e+00	-3.38245000e-04
1.13858864e+02	2026-09-04T17:34:42.835995	0.00000000e+00	1	27	-7.17163000e-05	4.20538000e-04	-2.20199000e+00	-4.21481000e-04
1.13866748e+02	2026-09-04T17:34:42.843852	0.00000000e+00	1	27	-6.52313000e-05	4.05207000e-04	-2.20176000e+00	-4.07428000e-04
1.13890799e+02	2026-09-04T17:34:42.868111	0.00000000e+00	1	27	-5.89371000e-05	3.34555000e-04	-2.15209000e+00	-3.32586000e-04
1.13908967e+02	2026-09-04T17:34:42.884084	0.00000000e+00	1	27	-6.03676000e-05	2.99484000e-04	-2.10170000e+00	-3.02624000e-04
1.13955012e+02	2026-09-04T17:34:42.932675	0.00000000e+00	1	27	-6.68526000e-05	2.64018000e-04	-2.05171000e+00	-2.62458000e-04
1.13963528e+02	2026-09-04T17:34:42.933785	0.00000000e+00	1	27	-6.58512000e-05	2.34676000e-04	-2.00152000e+00	-2.35135000e-04
1.13987774e+02	2026-09-04T17:34:42.965206	0.00000000e+00	1	27	-6.35147000e-05	2.07166000e-04	-1.95149000e+00	-2.06206000e-04
1.14007500e+02	2026-09-04T17:34:42.984019	0.00000000e+00	1	27	-5.94854000e-05	1.86409000e-04	-1.90146000e+00	-1.87453000e-04
1.14034784e+02	2026-09-04T17:34:43.012537	0.00000000e+00	1	27	-6.33478000e-05	1.68749000e-04	-1.85145000e+00	-1.68257000e-04
1.14042821e+02	2026-09-04T17:34:43.014131	0.00000000e+00	1	27	-5.86748000e-05	1.51985000e-04	-1.80138000e+00	-1.51684000e-04
1.14066124e+02	2026-09-04T17:34:43.043830	0.00000000e+00	1	27	-6.81162000e-05	1.37998000e-04	-1.75136000e+00	-1.38030000e-04
1.14080762e+02	2026-09-04T17:34:43.059216	0.00000000e+00	1	27	-6.19888000e-05	1.25753000e-04	-1.70134000e+00	-1.26171000e-04
1.14103294e+02	2026-09-04T17:34:43.075264	0.00000000e+00	1	27	-6.28948000e-05	1.14124000e-04	-1.65130000e+00	-1.14559000e-04
1.14110977e+02	2026-09-04T17:34:43.083858	0.00000000e+00	1	27	-6.15358000e-05	1.04128000e-04	-1.60125000e+00	-1.04288000e-04
1.14148629e+02	2026-09-04T17:34:43.123975	0.00000000e+00	1	27	-6.10113000e-05	9.36394000e-05	-1.55122000e+00	-9.37462000e-05
1.14178091e+02	2026-09-04T17:34:43.153822	0.00000000e+00	1	27	-5.70536000e-05	8.53404000e-05	-1.50120000e+00	-8.53903000e-05
1.14187595e+02	2026-09-04T17:34:43.163881	0.00000000e+00	1	27	-5.68628000e-05	7.68389000e-05	-1.45115000e+00	-7.66619000e-05
1.14210710e+02	2026-09-04T17:34:43.189138	0.00000000e+00	1	27	-5.61476000e-05	6.87158000e-05	-1.40110000e+00	-6.86500000e-05
1.14225653e+02	2026-09-04T17:34:43.203925	0.00000000e+00	1	27	-6.16312000e-05	6.11008000e-05	-1.35111000e+00	-6.10625000e-05
1.14235861e+02	2026-09-04T17:34:43.213865	0.00000000e+00	1	27	-5.92947000e-05	5.48511000e-05	-1.30105000e+00	-5.48755000e-05
1.14266902e+02	2026-09-04T17:34:43.243908	0.00000000e+00	1	27	-6.63042000e-05	4.88434000e-05	-1.25102000e+00	-4.86181000e-05
1.14286254e+02	2026-09-04T17:34:43.263886	0.00000000e+00	1	27	-5.91278000e-05	4.33001000e-05	-1.20097000e+00	-4.30292000e-05
1.14293874e+02	2026-09-04T17:34:43.269324	0.00000000e+00	1	27	-5.95570000e-05	3.77211000e-05	-1.15097000e+00	-3.78134000e-05
1.14302565e+02	2026-09-04T17:34:43.280107	0.00000000e+00	1	27	-5.92947000e-05	3.30751000e-05	-1.10090000e+00	-3.31668000e-05
1.14336680e+02	2026-09-04T17:34:43.313931	0.00000000e+00	1	27	-6.02961000e-05	2.92013000e-05	-1.05084000e+00	-2.92112000e-05
1.14345110e+02	2026-09-04T17:34:43.322200	0.00000000e+00	1	27	-6.08206000e-05	2.54057000e-05	-1.00084000e+00	-2.54188000e-05
1.14366292e+02	2026-09-04T17:34:43.343866	0.00000000e+00	1	27	-5.95570000e-05	2.19583000e-05	-9.50787000e-01	-2.19867000e-05
1.14374448e+02	2026-09-04T17:34:43.343866	0.00000000e+00	1	27	-5.63383000e-05	1.88740000e-05	-9.00729000e-01	-1.87840000e-05
1.14399220e+02	2026-09-04T17:34:43.375777	0.00000000e+00	1	27	-5.94854000e-05	1.59484000e-05	-8.50679000e-01	-1.58982000e-05
1.14423442e+02	2026-09-04T17:34:43.398948	0.00000000e+00	1	27	-5.39064000e-05	1.31287000e-05	-8.00681000e-01	-1.31630000e-05
1.14446732e+02	2026-09-04T17:34:43.424796	0.00000000e+00	1	27	-5.30005000e-05	1.10652000e-05	-7.50612000e-01	-1.10393000e-05
1.14454634e+02	2026-09-04T17:34:43.424796	0.00000000e+00	1	27	-4.72546000e-05	9.26567000e-06	-7.00604000e-01	-9.19862000e-06
1.14476635e+02	2026-09-04T17:34:43.453757	0.00000000e+00	1	27	-6.19888000e-05	7.50753000e-06	-6.50520000e-01	-7.55818000e-06
1.14507719e+02	2026-09-04T17:34:43.483784	0.00000000e+00	1	27	-5.70536000e-05	5.87748000e-06	-6.00525000e-01	-5.84608000e-06
1.14531369e+02	2026-09-04T17:34:43.504247	0.00000000e+00	1	27	-5.71489000e-05	4.62725000e-06	-5.50481000e-01	-4.58633000e-06
1.14539742e+02	2026-09-04T17:34:43.514146	0.00000000e+00	1	27	-5.77688000e-05	3.49681000e-06	-5.00411000e-01	-3.40927000e-06
1.14590950e+02	2026-09-04T17:34:43.568078	0.00000000e+00	1	27	-6.40631000e-05	2.74345000e-06	-4.50357000e-01	-2.62957000e-06
1.14615606e+02	2026-09-04T17:34:43.594019	0.00000000e+00	1	27	-6.31571000e-05	1.93570000e-06	-4.00349000e-01	-1.86310000e-06
1.14637928e+02	2026-09-04T17:34:43.615365	0.00000000e+00	1	27	-6.30856000e-05	1.35815000e-06	-3.50313000e-01	-1.37767000e-06
1.14657861e+02	2026-09-04T17:34:43.633764	0.00000000e+00	1	27	-5.59807000e-05	1.00054000e-06	-3.00255000e-01	-9.86877000e-07
1.14689231e+02	2026-09-04T17:34:43.663860	0.00000000e+00	1	27	-6.17266000e-05	6.65657000e-07	-2.50205000e-01	-6.62464000e-07
1.14700314e+02	2026-09-04T17:34:43.673761	0.00000000e+00	1	27	-5.67913000e-05	4.32056000e-07	-2.00076000e-01	-4.23653000e-07
1.14737325e+02	2026-09-04T17:34:43.713797	0.00000000e+00	1	27	-6.24418000e-05	2.71794000e-07	-1.50040000e-01	-2.69429000e-07
1.14765660e+02	2026-09-04T17:34:43.743910	0.00000000e+00	1	27	-5.95570000e-05	1.40278000e-07	-9.99976000e-02	-1.34720000e-07
1.14774570e+02	2026-09-04T17:34:43.749079	0.00000000e+00	1	27	-6.77586000e-05	6.46801000e-08	-4.99573000e-02	-5.60959000e-08
1.14878009e+02	2026-09-04T17:34:43.853935	0.00000000e+00	1	27	-2.95401000e-05	3.28331000e-08	2.13861000e-05	-2.15091000e-08
1.16762981e+02	2026-09-04T17:34:45.739127	0.00000000e+00	1	28	-5.99384000e-05	-4.52834000e-07	3.17335000e-05	4.47685000e-07
1.16782449e+02	2026-09-04T17:34:45.759178	0.00000000e+00	1	28	-6.56843000e-05	1.41970000e-04	-4.99554000e-02	-1.41878000e-04
1.16811654e+02	2026-09-04T17:34:45.789215	0.00000000e+00	1	28	-6.93798000e-05	2.86609000e-04	-9.99927000e-02	-2.86489000e-04
1.16821663e+02	2026-09-04T17:34:45.799162	0.00000000e+00	1	28	-7.14302000e-05	4.34950000e-04	-1.50037000e-01	-4.34933000e-04
1.16838371e+02	2026-09-04T17:34:45.814156	0.00000000e+00	1	28	-6.55890000e-05	5.88254000e-04	-2.00069000e-01	-5.87840000e-04
1.16851906e+02	2026-09-04T17:34:45.828564	0.00000000e+00	1	28	-7.04527000e-05	7.45971000e-04	-2.50221000e-01	-7.45965000e-04
1.16873066e+02	2026-09-04T17:34:45.850443	0.00000000e+00	1	28	-7.21455000e-05	8.05427000e-04	-3.00254000e-01	-7.95663000e-04
1.16900559e+02	2026-09-04T17:34:45.876946	0.00000000e+00	1	28	-6.43253000e-05	8.53859000e-04	-3.50272000e-01	-8.50137000e-04
1.16924533e+02	2026-09-04T17:34:45.898155	0.00000000e+00	1	28	-6.76632000e-05	9.26490000e-04	-4.00357000e-01	-9.15921000e-04
1.16932514e+02	2026-09-04T17:34:45.903739	0.00000000e+00	1	28	-1.00398000e-04	1.37101000e-03	-4.50328000e-01	-1.34053000e-03
1.16956497e+02	2026-09-04T17:34:45.934134	0.00000000e+00	1	28	-6.19173000e-05	1.47624000e-03	-5.00430000e-01	-1.46721000e-03
1.16985398e+02	2026-09-04T17:34:45.963832	0.00000000e+00	1	28	-6.52313000e-05	1.61242000e-03	-5.50450000e-01	-1.61232000e-03
1.17016841e+02	2026-09-04T17:34:45.994169	0.00000000e+00	1	28	-6.14643000e-05	1.75239000e-03	-6.00493000e-01	-1.75287000e-03
1.17024644e+02	2026-09-04T17:34:45.994169	0.00000000e+00	1	28	-6.19888000e-05	1.89665000e-03	-6.50491000e-01	-1.89968000e-03
1.17049838e+02	2026-09-04T17:34:46.025832	0.00000000e+00	1	28	-6.82831000e-05	2.04525000e-03	-7.00589000e-01	-2.04525000e-03
1.17083051e+02	2026-09-04T17:34:46.057979	0.00000000e+00	1	28	-6.52313000e-05	2.18116000e-03	-7.50623000e-01	-2.18020000e-03
1.17090894e+02	2026-09-04T17:34:46.063852	0.00000000e+00	1	28	-6.48737000e-05	2.31432000e-03	-8.00685000e-01	-2.30974000e-03
1.17112193e+02	2026-09-04T17:34:46.089554	0.00000000e+00	1	28	-5.88417000e-05	3.11487000e-04	-8.50681000e-01	-3.18810000e-04
1.17127214e+02	2026-09-04T17:34:46.105546	0.00000000e+00	1	28	-6.88314000e-05	3.12777000e-04	-9.00743000e-01	-2.63037000e-04
1.17176110e+02	2026-09-04T17:34:46.153976	0.00000000e+00	1	28	-3.77178000e-05	2.62453000e-04	-9.50752000e-01	-2.37259000e-04
1.17184170e+02	2026-09-04T17:34:46.153976	0.00000000e+00	1	28	-9.78708000e-05	3.31326000e-04	-1.00087000e+00	-2.55505000e-04
1.17193865e+02	2026-09-04T17:34:46.169927	0.00000000e+00	1	28	-5.98431000e-05	1.70817000e-04	-1.05084000e+00	-1.67208000e-04
1.17224136e+02	2026-09-04T17:34:46.202195	0.00000000e+00	1	28	-6.38723000e-05	1.79592000e-04	-1.10089000e+00	-1.67155000e-04
1.17246417e+02	2026-09-04T17:34:46.223891	0.00000000e+00	1	28	-6.14643000e-05	1.82865000e-04	-1.15094000e+00	-1.85753000e-04
1.17254131e+02	2026-09-04T17:34:46.228791	0.00000000e+00	1	28	-6.96421000e-05	2.11788000e-04	-1.20098000e+00	-2.29620000e-04
1.17304527e+02	2026-09-04T17:34:46.281724	0.00000000e+00	1	28	-6.00100000e-05	5.80866000e-05	-1.25102000e+00	-5.77144000e-05
1.17336445e+02	2026-09-04T17:34:46.314009	0.00000000e+00	1	28	-6.48737000e-05	6.54545000e-05	-1.30105000e+00	-6.54368000e-05
1.17344677e+02	2026-09-04T17:34:46.314009	0.00000000e+00	1	28	-6.54936000e-05	7.33772000e-05	-1.35111000e+00	-7.32970000e-05
1.17368044e+02	2026-09-04T17:34:46.345617	0.00000000e+00	1	28	-6.82116000e-05	8.14708000e-05	-1.40112000e+00	-8.16313000e-05
1.17390769e+02	2026-09-04T17:34:46.369010	0.00000000e+00	1	28	-6.05583000e-05	8.62089000e-05	-1.45117000e+00	-8.62951000e-05
1.17412745e+02	2026-09-04T17:34:46.388902	0.00000000e+00	1	28	-6.20842000e-05	9.63839000e-05	-1.50120000e+00	-9.61719000e-05
1.17436121e+02	2026-09-04T17:34:46.413875	0.00000000e+00	1	28	-6.43253000e-05	1.06394000e-04	-1.55125000e+00	-1.07391000e-04
1.17464089e+02	2026-09-04T17:34:46.441472	0.00000000e+00	1	28	-6.36101000e-05	1.16299000e-04	-1.60125000e+00	-1.13829000e-04
1.17517506e+02	2026-09-04T17:34:46.494224	0.00000000e+00	1	28	-6.69479000e-05	1.28580000e-04	-1.65130000e+00	-1.28864000e-04
1.17525844e+02	2026-09-04T17:34:46.503766	0.00000000e+00	1	28	-5.66006000e-05	1.41575000e-04	-1.70132000e+00	-1.42358000e-04
1.17544779e+02	2026-09-04T17:34:46.522123	0.00000000e+00	1	28	-6.06537000e-05	1.62327000e-04	-1.75136000e+00	-1.65687000e-04
1.17574460e+02	2026-09-04T17:34:46.548215	0.00000000e+00	1	28	-6.37054000e-05	1.86146000e-04	-1.80138000e+00	-1.83994000e-04
1.17601245e+02	2026-09-04T17:34:46.574082	0.00000000e+00	1	28	-6.92844000e-05	2.02868000e-04	-1.85145000e+00	-2.01219000e-04
1.17623310e+02	2026-09-04T17:34:46.600642	0.00000000e+00	1	28	-6.38723000e-05	2.18601000e-04	-1.90145000e+00	-2.20649000e-04
1.17653159e+02	2026-09-04T17:34:46.629541	0.00000000e+00	1	28	-6.59466000e-05	2.51396000e-04	-1.95150000e+00	-2.43051000e-04
1.17677583e+02	2026-09-04T17:34:46.655734	0.00000000e+00	1	28	-6.64949000e-05	2.82193000e-04	-2.00150000e+00	-2.77844000e-04
1.17685643e+02	2026-09-04T17:34:46.663841	0.00000000e+00	1	28	-6.72102000e-05	3.08189000e-04	-2.05177000e+00	-3.14508000e-04
1.17740558e+02	2026-09-04T17:34:46.718975	0.00000000e+00	1	28	-6.35147000e-05	3.42064000e-04	-2.10164000e+00	-3.41162000e-04
1.17754007e+02	2026-09-04T17:34:46.729842	0.00000000e+00	1	28	-6.97374000e-05	4.09718000e-04	-2.15187000e+00	-4.13429000e-04
1.17762110e+02	2026-09-04T17:34:46.733929	0.00000000e+00	1	28	-6.82831000e-05	4.97903000e-04	-2.20183000e+00	-5.10333000e-04
1.17768627e+02	2026-09-04T17:34:46.743744	0.00000000e+00	1	28	-6.96421000e-05	5.09374000e-04	-2.20194000e+00	-4.17588000e-04
1.17815507e+02	2026-09-04T17:34:46.791525	0.00000000e+00	1	28	-6.69479000e-05	3.30567000e-04	-2.15193000e+00	-3.25698000e-04
1.17846467e+02	2026-09-04T17:34:46.824226	0.00000000e+00	1	28	-7.56741000e-05	2.83237000e-04	-2.10179000e+00	-2.82063000e-04
1.17854391e+02	2026-09-04T17:34:46.829817	0.00000000e+00	1	28	-7.03573000e-05	2.48931000e-04	-2.05176000e+00	-2.48445000e-04
1.17879743e+02	2026-09-04T17:34:46.856649	0.00000000e+00	1	28	-6.58512000e-05	2.23364000e-04	-2.00152000e+00	-2.23886000e-04
1.17905311e+02	2026-09-04T17:34:46.882394	0.00000000e+00	1	28	-6.70195000e-05	2.00276000e-04	-1.95149000e+00	-2.00968000e-04
1.17926035e+02	2026-09-04T17:34:46.903885	0.00000000e+00	1	28	-6.62327000e-05	1.78678000e-04	-1.90145000e+00	-1.78281000e-04
1.17933746e+02	2026-09-04T17:34:46.903885	0.00000000e+00	1	28	-6.38723000e-05	1.61273000e-04	-1.85143000e+00	-1.61279000e-04
1.17958990e+02	2026-09-04T17:34:46.935671	0.00000000e+00	1	28	-7.04527000e-05	1.45591000e-04	-1.80137000e+00	-1.45018000e-04
1.17989905e+02	2026-09-04T17:34:46.967511	0.00000000e+00	1	28	-6.88314000e-05	1.33087000e-04	-1.75136000e+00	-1.33654000e-04
1.17997778e+02	2026-09-04T17:34:46.973982	0.00000000e+00	1	28	-7.03573000e-05	1.21496000e-04	-1.70134000e+00	-1.21596000e-04
1.18005382e+02	2026-09-04T17:34:46.973982	0.00000000e+00	1	28	-5.98431000e-05	1.09823000e-04	-1.65130000e+00	-1.09395000e-04
1.18067408e+02	2026-09-04T17:34:47.044080	0.00000000e+00	1	28	-6.58512000e-05	1.00278000e-04	-1.60127000e+00	-1.00344000e-04
1.18076722e+02	2026-09-04T17:34:47.054210	0.00000000e+00	1	28	-6.47783000e-05	9.07280000e-05	-1.55124000e+00	-9.07761000e-05
1.18102232e+02	2026-09-04T17:34:47.079872	0.00000000e+00	1	28	-6.60419000e-05	8.18387000e-05	-1.50118000e+00	-8.17273000e-05
1.18110245e+02	2026-09-04T17:34:47.083894	0.00000000e+00	1	28	-7.02620000e-05	7.41740000e-05	-1.45118000e+00	-7.43549000e-05
1.18136500e+02	2026-09-04T17:34:47.114208	0.00000000e+00	1	28	-6.79255000e-05	6.60807000e-05	-1.40111000e+00	-6.63124000e-05
1.18161401e+02	2026-09-04T17:34:47.139115	0.00000000e+00	1	28	-6.62327000e-05	5.97436000e-05	-1.35111000e+00	-5.97071000e-05
1.18171905e+02	2026-09-04T17:34:47.149122	0.00000000e+00	1	28	-6.45161000e-05	5.36844000e-05	-1.30105000e+00	-5.41301000e-05
1.18180391e+02	2026-09-04T17:34:47.154210	0.00000000e+00	1	28	-6.14643000e-05	4.78742000e-05	-1.25104000e+00	-4.80814000e-05
1.18215138e+02	2026-09-04T17:34:47.192386	0.00000000e+00	1	28	-6.25372000e-05	4.24424000e-05	-1.20093000e+00	-4.22405000e-05
1.18230683e+02	2026-09-04T17:34:47.208331	0.00000000e+00	1	28	-6.46114000e-05	3.67339000e-05	-1.15095000e+00	-3.65874000e-05
1.18251228e+02	2026-09-04T17:34:47.224041	0.00000000e+00	1	28	-6.36101000e-05	3.20863000e-05	-1.10090000e+00	-3.21410000e-05
1.18258766e+02	2026-09-04T17:34:47.235719	0.00000000e+00	1	28	-6.47783000e-05	2.83045000e-05	-1.05084000e+00	-2.82079000e-05
1.18266239e+02	2026-09-04T17:34:47.244103	0.00000000e+00	1	28	-6.00100000e-05	2.46326000e-05	-1.00082000e+00	-2.45530000e-05
1.18282385e+02	2026-09-04T17:34:47.255640	0.00000000e+00	1	28	-7.06196000e-05	2.10567000e-05	-9.50758000e-01	-2.09093000e-05
1.18310223e+02	2026-09-04T17:34:47.287800	0.00000000e+00	1	28	-7.22408000e-05	1.80640000e-05	-9.00748000e-01	-1.76720000e-05
1.18405958e+02	2026-09-04T17:34:47.383986	0.00000000e+00	1	28	-6.58512000e-05	1.55152000e-05	-8.50688000e-01	-1.54363000e-05
1.18435936e+02	2026-09-04T17:34:47.413897	0.00000000e+00	1	28	-6.97374000e-05	1.28368000e-05	-8.00686000e-01	-1.28768000e-05
1.18443795e+02	2026-09-04T17:34:47.413897	0.00000000e+00	1	28	-6.99043000e-05	1.08042000e-05	-7.50639000e-01	-1.06937000e-05
1.18467787e+02	2026-09-04T17:34:47.444974	0.00000000e+00	1	28	-8.33988000e-05	9.05063000e-06	-7.00591000e-01	-8.78500000e-06
1.18499548e+02	2026-09-04T17:34:47.477225	0.00000000e+00	1	28	-7.45058000e-05	7.25572000e-06	-6.50524000e-01	-7.23631000e-06
1.18508773e+02	2026-09-04T17:34:47.483940	0.00000000e+00	1	28	-7.26938000e-05	5.86972000e-06	-6.00512000e-01	-5.99943000e-06
1.18534906e+02	2026-09-04T17:34:47.508928	0.00000000e+00	1	28	-7.80106000e-05	4.71538000e-06	-5.50463000e-01	-4.65864000e-06
1.18563672e+02	2026-09-04T17:34:47.541113	0.00000000e+00	1	28	-8.19683000e-05	3.66122000e-06	-5.00425000e-01	-3.62368000e-06
1.18571406e+02	2026-09-04T17:34:47.543957	0.00000000e+00	1	28	-7.32422000e-05	2.87146000e-06	-4.50366000e-01	-2.87056000e-06
1.18595338e+02	2026-09-04T17:34:47.572938	0.00000000e+00	1	28	-6.18219000e-05	2.11822000e-06	-4.00342000e-01	-2.07201000e-06
1.18627696e+02	2026-09-04T17:34:47.605086	0.00000000e+00	1	28	-6.97374000e-05	1.52871000e-06	-3.50309000e-01	-1.55041000e-06
1.18644016e+02	2026-09-04T17:34:47.621237	0.00000000e+00	1	28	-6.85692000e-05	1.15985000e-06	-3.00245000e-01	-1.19109000e-06
1.18665313e+02	2026-09-04T17:34:47.643740	0.00000000e+00	1	28	-7.64847000e-05	8.55538000e-07	-2.50216000e-01	-8.33804000e-07
1.18692217e+02	2026-09-04T17:34:47.668738	0.00000000e+00	1	28	-6.50644000e-05	5.65235000e-07	-2.00079000e-01	-5.42628000e-07
1.18705652e+02	2026-09-04T17:34:47.683780	0.00000000e+00	1	28	-6.91891000e-05	3.68151000e-07	-1.50039000e-01	-3.41054000e-07
1.18728767e+02	2026-09-04T17:34:47.703927	0.00000000e+00	1	28	-7.19786000e-05	2.10549000e-07	-9.99990000e-02	-1.96454000e-07
1.18737521e+02	2026-09-04T17:34:47.713900	0.00000000e+00	1	28	-7.72715000e-05	8.16611000e-08	-4.99585000e-02	-8.19766000e-08
1.18840862e+02	2026-09-04T17:34:47.813859	0.00000000e+00	1	28	-2.41280000e-05	5.02855000e-08	4.55379000e-06	-3.30989000e-08
1.20845170e+02	2026-09-04T17:34:49.817357	0.00000000e+00	1	29	-5.94854000e-05	-4.28011000e-07	3.35455000e-05	4.20583000e-07
1.20855284e+02	2026-09-04T17:34:49.833055	0.00000000e+00	1	29	-6.41584000e-05	1.37153000e-04	-4.99509000e-02	-1.37035000e-04
1.20880687e+02	2026-09-04T17:34:49.853954	0.00000000e+00	1	29	-5.97477000e-05	2.76470000e-04	-9.99890000e-02	-2.76502000e-04
1.20928684e+02	2026-09-04T17:34:49.904034	0.00000000e+00	1	29	-6.76632000e-05	4.19162000e-04	-1.50034000e-01	-4.19058000e-04
1.20937375e+02	2026-09-04T17:34:49.913999	0.00000000e+00	1	29	-7.21455000e-05	5.65216000e-04	-2.00070000e-01	-5.64996000e-04
1.20945220e+02	2026-09-04T17:34:49.923227	0.00000000e+00	1	29	-6.43253000e-05	7.14174000e-04	-2.50202000e-01	-7.14036000e-04
1.20962841e+02	2026-09-04T17:34:49.934050	0.00000000e+00	1	29	-7.26938000e-05	8.62380000e-04	-3.00256000e-01	-8.61636000e-04
1.20984531e+02	2026-09-04T17:34:49.960758	0.00000000e+00	1	29	-6.56843000e-05	8.46525000e-04	-3.50308000e-01	-8.41641000e-04
1.21015388e+02	2026-09-04T17:34:49.992909	0.00000000e+00	1	29	-9.84192000e-05	1.11895000e-03	-4.00334000e-01	-1.15089000e-03
1.21028739e+02	2026-09-04T17:34:50.003806	0.00000000e+00	1	29	-6.17266000e-05	1.29081000e-03	-4.50362000e-01	-1.28858000e-03
1.21081967e+02	2026-09-04T17:34:50.056871	0.00000000e+00	1	29	-5.84841000e-05	1.43030000e-03	-5.00405000e-01	-1.42948000e-03
1.21090290e+02	2026-09-04T17:34:50.063716	0.00000000e+00	1	29	-6.11782000e-05	1.59101000e-03	-5.50450000e-01	-1.58430000e-03
1.21097841e+02	2026-09-04T17:34:50.074015	0.00000000e+00	1	29	-6.49691000e-05	1.69939000e-03	-6.00504000e-01	-1.67724000e-03
1.21105337e+02	2026-09-04T17:34:50.074015	0.00000000e+00	1	29	-6.12736000e-05	1.79900000e-03	-6.50519000e-01	-1.79718000e-03
1.21128200e+02	2026-09-04T17:34:50.103998	0.00000000e+00	1	29	-5.06639000e-05	1.11892000e-04	-7.00569000e-01	-8.73404000e-05
1.21159597e+02	2026-09-04T17:34:50.136556	0.00000000e+00	1	29	-5.77688000e-05	4.34644000e-05	-7.50613000e-01	-4.34767000e-05
1.21169959e+02	2026-09-04T17:34:50.146056	0.00000000e+00	1	29	-6.83785000e-05	5.00749000e-05	-8.00674000e-01	-5.08513000e-05
1.21177456e+02	2026-09-04T17:34:50.153755	0.00000000e+00	1	29	-7.11679000e-05	5.66436000e-05	-8.50673000e-01	-5.66177000e-05
1.21185425e+02	2026-09-04T17:34:50.163703	0.00000000e+00	1	29	-6.46830000e-05	5.87967000e-05	-9.00728000e-01	-5.88639000e-05
1.21200721e+02	2026-09-04T17:34:50.174070	0.00000000e+00	1	29	-6.55890000e-05	6.68361000e-05	-9.50762000e-01	-6.59272000e-05
1.21222893e+02	2026-09-04T17:34:50.199780	0.00000000e+00	1	29	-6.13689000e-05	7.52032000e-05	-1.00083000e+00	-7.85574000e-05
1.21254163e+02	2026-09-04T17:34:50.231637	0.00000000e+00	1	29	-6.39677000e-05	6.00444000e-05	-1.05084000e+00	-5.95416000e-05
1.21262595e+02	2026-09-04T17:34:50.233937	0.00000000e+00	1	29	-6.56843000e-05	6.69927000e-05	-1.10090000e+00	-6.65824000e-05
1.21288215e+02	2026-09-04T17:34:50.263965	0.00000000e+00	1	29	-6.75678000e-05	7.32466000e-05	-1.15094000e+00	-7.36776000e-05
1.21318898e+02	2026-09-04T17:34:50.295223	0.00000000e+00	1	29	-6.67572000e-05	8.15990000e-05	-1.20095000e+00	-8.17013000e-05
1.21327461e+02	2026-09-04T17:34:50.305698	0.00000000e+00	1	29	-6.82116000e-05	9.03535000e-05	-1.25101000e+00	-8.89829000e-05
1.21349190e+02	2026-09-04T17:34:50.327003	0.00000000e+00	1	29	-7.09057000e-05	9.47334000e-05	-1.30105000e+00	-9.31557000e-05
1.21412165e+02	2026-09-04T17:34:50.390031	0.00000000e+00	1	29	-6.69479000e-05	1.02782000e-04	-1.35110000e+00	-1.02231000e-04
1.21424078e+02	2026-09-04T17:34:50.393857	0.00000000e+00	1	29	-6.59466000e-05	1.16090000e-04	-1.40111000e+00	-1.14966000e-04
1.21444252e+02	2026-09-04T17:34:50.421528	0.00000000e+00	1	29	-6.46114000e-05	1.16106000e-04	-1.45115000e+00	-1.16218000e-04
1.21472688e+02	2026-09-04T17:34:50.444072	0.00000000e+00	1	29	-6.54936000e-05	1.30373000e-04	-1.50120000e+00	-1.31460000e-04
1.21491836e+02	2026-09-04T17:34:50.469464	0.00000000e+00	1	29	-6.30856000e-05	1.37552000e-04	-1.55124000e+00	-1.38977000e-04
1.21499359e+02	2026-09-04T17:34:50.473984	0.00000000e+00	1	29	-6.05583000e-05	1.46078000e-04	-1.60123000e+00	-1.41648000e-04
1.21511467e+02	2026-09-04T17:34:50.485447	0.00000000e+00	1	29	-6.72102000e-05	1.52219000e-04	-1.65128000e+00	-1.44014000e-04
1.21555266e+02	2026-09-04T17:34:50.533636	0.00000000e+00	1	29	-6.66618000e-05	1.53503000e-04	-1.70132000e+00	-1.54264000e-04
1.21563644e+02	2026-09-04T17:34:50.533636	0.00000000e+00	1	29	-7.02620000e-05	1.65993000e-04	-1.75135000e+00	-1.68669000e-04
1.21589010e+02	2026-09-04T17:34:50.563941	0.00000000e+00	1	29	-6.89983000e-05	1.68293000e-04	-1.80138000e+00	-1.68709000e-04
1.21600456e+02	2026-09-04T17:34:50.573860	0.00000000e+00	1	29	-6.80208000e-05	1.79885000e-04	-1.85144000e+00	-1.77381000e-04
1.21630011e+02	2026-09-04T17:34:50.603909	0.00000000e+00	1	29	-7.07150000e-05	2.05540000e-04	-1.90145000e+00	-2.04483000e-04
1.21639848e+02	2026-09-04T17:34:50.613985	0.00000000e+00	1	29	-6.47783000e-05	2.20566000e-04	-1.95149000e+00	-2.16746000e-04
1.21648585e+02	2026-09-04T17:34:50.624104	0.00000000e+00	1	29	-7.08103000e-05	2.39704000e-04	-2.00151000e+00	-2.37655000e-04
1.21678445e+02	2026-09-04T17:34:50.653815	0.00000000e+00	1	29	-6.51360000e-05	2.63281000e-04	-2.05158000e+00	-2.58732000e-04
1.21708049e+02	2026-09-04T17:34:50.683770	0.00000000e+00	1	29	-6.96421000e-05	2.62623000e-04	-2.10162000e+00	-2.63689000e-04
1.21716391e+02	2026-09-04T17:34:50.693969	0.00000000e+00	1	29	-6.89983000e-05	2.96927000e-04	-2.15193000e+00	-3.00060000e-04
1.21724009e+02	2026-09-04T17:34:50.701383	0.00000000e+00	1	29	-6.37054000e-05	4.12290000e-04	-2.20186000e+00	-4.12563000e-04
1.21730639e+02	2026-09-04T17:34:50.706482	0.00000000e+00	1	29	-6.46830000e-05	4.10508000e-04	-2.20193000e+00	-4.10081000e-04
1.21749462e+02	2026-09-04T17:34:50.723672	0.00000000e+00	1	29	-7.09057000e-05	3.45086000e-04	-2.15199000e+00	-3.44503000e-04
1.21765495e+02	2026-09-04T17:34:50.738032	0.00000000e+00	1	29	-6.93798000e-05	2.97708000e-04	-2.10166000e+00	-2.96715000e-04
1.21798128e+02	2026-09-04T17:34:50.774181	0.00000000e+00	1	29	-6.87361000e-05	2.67470000e-04	-2.05165000e+00	-2.65443000e-04
1.21824379e+02	2026-09-04T17:34:50.801979	0.00000000e+00	1	29	-6.30856000e-05	2.40147000e-04	-2.00148000e+00	-2.39503000e-04
1.21833189e+02	2026-09-04T17:34:50.803716	0.00000000e+00	1	29	-6.51360000e-05	2.14997000e-04	-1.95152000e+00	-2.12444000e-04
1.21888291e+02	2026-09-04T17:34:50.865708	0.00000000e+00	1	29	-7.09057000e-05	1.94616000e-04	-1.90146000e+00	-1.94839000e-04
1.21896531e+02	2026-09-04T17:34:50.873758	0.00000000e+00	1	29	-6.51360000e-05	1.75504000e-04	-1.85142000e+00	-1.74773000e-04
1.21921872e+02	2026-09-04T17:34:50.897040	0.00000000e+00	1	29	-6.34432000e-05	1.60196000e-04	-1.80139000e+00	-1.59823000e-04
1.21946748e+02	2026-09-04T17:34:50.924122	0.00000000e+00	1	29	-7.02620000e-05	1.45940000e-04	-1.75138000e+00	-1.45851000e-04
1.21966549e+02	2026-09-04T17:34:50.943906	0.00000000e+00	1	29	-6.67572000e-05	1.32272000e-04	-1.70134000e+00	-1.32280000e-04
1.21974913e+02	2026-09-04T17:34:50.943906	0.00000000e+00	1	29	-6.54936000e-05	1.20446000e-04	-1.65130000e+00	-1.20339000e-04
1.21998371e+02	2026-09-04T17:34:50.975443	0.00000000e+00	1	29	-6.63042000e-05	1.09561000e-04	-1.60124000e+00	-1.09858000e-04
1.22023948e+02	2026-09-04T17:34:50.993660	0.00000000e+00	1	29	-6.56843000e-05	9.96858000e-05	-1.55125000e+00	-1.00139000e-04
1.22045931e+02	2026-09-04T17:34:51.023856	0.00000000e+00	1	29	-5.99384000e-05	9.26104000e-05	-1.50119000e+00	-9.21236000e-05
1.22056472e+02	2026-09-04T17:34:51.033952	0.00000000e+00	1	29	-7.51257000e-05	8.45993000e-05	-1.45116000e+00	-8.41898000e-05
1.22079825e+02	2026-09-04T17:34:51.055439	0.00000000e+00	1	29	-6.69479000e-05	7.54976000e-05	-1.40111000e+00	-7.59017000e-05
1.22110222e+02	2026-09-04T17:34:51.087268	0.00000000e+00	1	29	-6.11067000e-05	6.79730000e-05	-1.35110000e+00	-6.82710000e-05
1.22118564e+02	2026-09-04T17:34:51.094166	0.00000000e+00	1	29	-6.27041000e-05	6.12271000e-05	-1.30104000e+00	-6.13230000e-05
1.22127081e+02	2026-09-04T17:34:51.104082	0.00000000e+00	1	29	-6.63996000e-05	5.51395000e-05	-1.25101000e+00	-5.48459000e-05
1.22135243e+02	2026-09-04T17:34:51.104082	0.00000000e+00	1	29	-6.11067000e-05	4.89836000e-05	-1.20097000e+00	-4.89262000e-05
1.22159004e+02	2026-09-04T17:34:51.134100	0.00000000e+00	1	29	-6.82116000e-05	4.37333000e-05	-1.15095000e+00	-4.37771000e-05
1.22184010e+02	2026-09-04T17:34:51.154362	0.00000000e+00	1	29	-6.13689000e-05	3.92679000e-05	-1.10092000e+00	-3.91077000e-05
1.22204519e+02	2026-09-04T17:34:51.181832	0.00000000e+00	1	29	-6.35147000e-05	3.47251000e-05	-1.05086000e+00	-3.47048000e-05
1.22213254e+02	2026-09-04T17:34:51.183841	0.00000000e+00	1	29	-6.73056000e-05	3.01172000e-05	-1.00082000e+00	-3.02986000e-05
1.22238590e+02	2026-09-04T17:34:51.213806	0.00000000e+00	1	29	-6.38723000e-05	2.60733000e-05	-9.50770000e-01	-2.61752000e-05
1.22263488e+02	2026-09-04T17:34:51.233876	0.00000000e+00	1	29	-6.84738000e-05	2.26341000e-05	-9.00744000e-01	-2.26808000e-05
1.22283720e+02	2026-09-04T17:34:51.261241	0.00000000e+00	1	29	-5.97477000e-05	1.94050000e-05	-8.50714000e-01	-1.93717000e-05
1.22291908e+02	2026-09-04T17:34:51.263950	0.00000000e+00	1	29	-6.33478000e-05	1.64306000e-05	-8.00680000e-01	-1.65066000e-05
1.22316420e+02	2026-09-04T17:34:51.293671	0.00000000e+00	1	29	-6.38723000e-05	1.37577000e-05	-7.50629000e-01	-1.36968000e-05
1.22346402e+02	2026-09-04T17:34:51.324031	0.00000000e+00	1	29	-6.45161000e-05	1.17686000e-05	-7.00579000e-01	-1.16721000e-05
1.22368840e+02	2026-09-04T17:34:51.343886	0.00000000e+00	1	29	-5.32627000e-05	9.70793000e-06	-6.50534000e-01	-9.66927000e-06
1.22395438e+02	2026-09-04T17:34:51.373882	0.00000000e+00	1	29	-6.63996000e-05	7.76612000e-06	-6.00512000e-01	-7.86011000e-06
1.22428079e+02	2026-09-04T17:34:51.405064	0.00000000e+00	1	29	-6.68526000e-05	6.37192000e-06	-5.50476000e-01	-6.42559000e-06
1.22436027e+02	2026-09-04T17:34:51.414004	0.00000000e+00	1	29	-7.17878000e-05	5.23721000e-06	-5.00432000e-01	-5.24459000e-06
1.22462462e+02	2026-09-04T17:34:51.436856	0.00000000e+00	1	29	-6.62327000e-05	4.31597000e-06	-4.50345000e-01	-4.41386000e-06
1.22491900e+02	2026-09-04T17:34:51.468358	0.00000000e+00	1	29	-6.60419000e-05	3.51048000e-06	-4.00380000e-01	-3.39946000e-06
1.22522382e+02	2026-09-04T17:34:51.499622	0.00000000e+00	1	29	-6.98090000e-05	2.63442000e-06	-3.50294000e-01	-2.60856000e-06
1.22530368e+02	2026-09-04T17:34:51.503668	0.00000000e+00	1	29	-6.62327000e-05	1.99710000e-06	-3.00237000e-01	-1.99370000e-06
1.22554452e+02	2026-09-04T17:34:51.531596	0.00000000e+00	1	29	-6.35147000e-05	1.48181000e-06	-2.50220000e-01	-1.45296000e-06
1.22582642e+02	2026-09-04T17:34:51.555102	0.00000000e+00	1	29	-6.79255000e-05	9.76455000e-07	-2.00073000e-01	-1.00290000e-06
1.22606765e+02	2026-09-04T17:34:51.583732	0.00000000e+00	1	29	-6.54936000e-05	6.51028000e-07	-1.50040000e-01	-6.43159000e-07
1.22619035e+02	2026-09-04T17:34:51.595398	0.00000000e+00	1	29	-6.32525000e-05	3.79019000e-07	-9.99982000e-02	-3.78062000e-07
1.22666111e+02	2026-09-04T17:34:51.643738	0.00000000e+00	1	29	-6.52313000e-05	1.64030000e-07	-4.99569000e-02	-1.63100000e-07
1.22673788e+02	2026-09-04T17:34:51.643738	0.00000000e+00	1	29	-6.79255000e-05	-1.76322000e-10	3.63350000e-05	1.50609000e-10
1.24654078e+02	2026-09-04T17:34:53.627346	0.00000000e+00	1	30	-6.54221000e-05	-3.77428000e-07	3.49045000e-05	3.76591000e-07
1.24665465e+02	2026-09-04T17:34:53.643082	0.00000000e+00	1	30	-7.27892000e-05	1.17103000e-04	-4.99617000e-02	-1.17020000e-04
1.24693628e+02	2026-09-04T17:34:53.663897	0.00000000e+00	1	30	-6.69479000e-05	2.36322000e-04	-1.00002000e-01	-2.36209000e-04
1.24715895e+02	2026-09-04T17:34:53.694023	0.00000000e+00	1	30	-7.54833000e-05	3.58390000e-04	-1.50043000e-01	-3.58255000e-04
1.24745293e+02	2026-09-04T17:34:53.723049	0.00000000e+00	1	30	-7.14302000e-05	4.82272000e-04	-2.00077000e-01	-4.81764000e-04
1.24753082e+02	2026-09-04T17:34:53.724058	0.00000000e+00	1	30	-7.12633000e-05	6.09330000e-04	-2.50231000e-01	-6.09151000e-04
1.24760759e+02	2026-09-04T17:34:53.739069	0.00000000e+00	1	30	-7.71046000e-05	7.25015000e-04	-3.00256000e-01	-7.21156000e-04
1.24803302e+02	2026-09-04T17:34:53.773927	0.00000000e+00	1	30	-7.43151000e-05	7.21327000e-04	-3.50282000e-01	-7.06572000e-04
1.24830223e+02	2026-09-04T17:34:53.803641	0.00000000e+00	1	30	-8.01563000e-05	8.40169000e-04	-4.00365000e-01	-8.45796000e-04
1.24837472e+02	2026-09-04T17:34:53.813916	0.00000000e+00	1	30	-7.30515000e-05	9.68988000e-04	-4.50369000e-01	-9.72762000e-04
1.24857433e+02	2026-09-04T17:34:53.834789	0.00000000e+00	1	30	-1.11532000e-04	1.20449000e-03	-5.00393000e-01	-1.07525000e-03
1.24880092e+02	2026-09-04T17:34:53.857735	0.00000000e+00	1	30	-6.73056000e-05	1.17169000e-03	-5.50454000e-01	-1.16195000e-03
1.24912769e+02	2026-09-04T17:34:53.883662	0.00000000e+00	1	30	-5.31912000e-05	7.37311000e-04	-6.00540000e-01	-6.97576000e-04
1.24946588e+02	2026-09-04T17:34:53.924160	0.00000000e+00	1	30	-6.82116000e-05	4.35331000e-04	-6.50548000e-01	-4.30494000e-04
1.24967671e+02	2026-09-04T17:34:53.945656	0.00000000e+00	1	30	-6.90937000e-05	4.08018000e-04	-7.00580000e-01	-3.62687000e-04
1.24993825e+02	2026-09-04T17:34:53.963979	0.00000000e+00	1	30	-7.02620000e-05	3.95474000e-04	-7.50597000e-01	-4.23342000e-04
1.25015581e+02	2026-09-04T17:34:53.993690	0.00000000e+00	1	30	-6.96421000e-05	3.31918000e-04	-8.00685000e-01	-3.18176000e-04
1.25051775e+02	2026-09-04T17:34:54.027928	0.00000000e+00	1	30	-6.89268000e-05	2.89265000e-04	-8.50691000e-01	-2.86354000e-04
1.25060235e+02	2026-09-04T17:34:54.036130	0.00000000e+00	1	30	-6.77586000e-05	3.23912000e-04	-9.00743000e-01	-3.23450000e-04
1.25083112e+02	2026-09-04T17:34:54.057578	0.00000000e+00	1	30	-6.74009000e-05	2.78296000e-04	-9.50783000e-01	-2.79632000e-04
1.25090663e+02	2026-09-04T17:34:54.063655	0.00000000e+00	1	30	-6.13689000e-05	2.88964000e-04	-1.00082000e+00	-2.88136000e-04
1.25109635e+02	2026-09-04T17:34:54.083740	0.00000000e+00	1	30	-5.97477000e-05	1.98893000e-04	-1.05086000e+00	-2.05654000e-04
1.25137044e+02	2026-09-04T17:34:54.113788	0.00000000e+00	1	30	-5.94854000e-05	2.07886000e-04	-1.10091000e+00	-2.14293000e-04
1.25151292e+02	2026-09-04T17:34:54.123908	0.00000000e+00	1	30	-7.39574000e-05	2.45492000e-04	-1.15098000e+00	-2.45023000e-04
1.25183721e+02	2026-09-04T17:34:54.157834	0.00000000e+00	1	30	-6.21796000e-05	1.63336000e-04	-1.20098000e+00	-1.58208000e-04
1.25200661e+02	2026-09-04T17:34:54.173953	0.00000000e+00	1	30	-6.79255000e-05	1.71958000e-04	-1.25103000e+00	-1.75326000e-04
1.25226025e+02	2026-09-04T17:34:54.203702	0.00000000e+00	1	30	-6.35147000e-05	1.97059000e-04	-1.30105000e+00	-1.89830000e-04
1.25233617e+02	2026-09-04T17:34:54.203702	0.00000000e+00	1	30	-7.39574000e-05	1.89322000e-04	-1.35113000e+00	-1.95121000e-04
1.25254676e+02	2026-09-04T17:34:54.232405	0.00000000e+00	1	30	-4.50850000e-05	1.83653000e-04	-1.40112000e+00	-1.81076000e-04
1.25275266e+02	2026-09-04T17:34:54.248340	0.00000000e+00	1	30	-8.13246000e-05	2.85015000e-04	-1.45117000e+00	-2.89185000e-04
1.25306712e+02	2026-09-04T17:34:54.284172	0.00000000e+00	1	30	-6.91891000e-05	2.64605000e-04	-1.50120000e+00	-2.44013000e-04
1.25315038e+02	2026-09-04T17:34:54.284172	0.00000000e+00	1	30	-6.88314000e-05	2.75300000e-04	-1.55124000e+00	-2.40874000e-04
1.25334317e+02	2026-09-04T17:34:54.311866	0.00000000e+00	1	30	-7.67469000e-05	3.09909000e-04	-1.60122000e+00	-2.92752000e-04
1.25360888e+02	2026-09-04T17:34:54.333659	0.00000000e+00	1	30	-9.57966000e-05	2.90228000e-04	-1.65130000e+00	-3.09051000e-04
1.25378411e+02	2026-09-04T17:34:54.354110	0.00000000e+00	1	30	-7.40528000e-05	1.26589000e-04	-1.70134000e+00	-1.25386000e-04
1.25391977e+02	2026-09-04T17:34:54.369990	0.00000000e+00	1	30	-6.93798000e-05	1.41787000e-04	-1.75137000e+00	-1.41107000e-04
1.25416607e+02	2026-09-04T17:34:54.393977	0.00000000e+00	1	30	-6.80208000e-05	1.54270000e-04	-1.80139000e+00	-1.52989000e-04
1.25446644e+02	2026-09-04T17:34:54.423972	0.00000000e+00	1	30	-6.84738000e-05	1.69644000e-04	-1.85143000e+00	-1.69492000e-04
1.25454933e+02	2026-09-04T17:34:54.423972	0.00000000e+00	1	30	-6.68526000e-05	1.87532000e-04	-1.90146000e+00	-1.89969000e-04
1.25468999e+02	2026-09-04T17:34:54.443799	0.00000000e+00	1	30	-6.14643000e-05	2.21624000e-04	-1.95151000e+00	-2.23929000e-04
1.25492650e+02	2026-09-04T17:34:54.470035	0.00000000e+00	1	30	-6.39677000e-05	2.16430000e-04	-2.00155000e+00	-2.18217000e-04
1.25500526e+02	2026-09-04T17:34:54.473865	0.00000000e+00	1	30	-6.25372000e-05	2.44523000e-04	-2.05178000e+00	-2.48394000e-04
1.25524616e+02	2026-09-04T17:34:54.501973	0.00000000e+00	1	30	-5.63383000e-05	2.82721000e-04	-2.10185000e+00	-2.79809000e-04
1.25556477e+02	2026-09-04T17:34:54.533901	0.00000000e+00	1	30	-5.61476000e-05	3.36978000e-04	-2.15192000e+00	-3.35003000e-04
1.25564698e+02	2026-09-04T17:34:54.533901	0.00000000e+00	1	30	-8.04186000e-05	4.26427000e-04	-2.20183000e+00	-4.37454000e-04
1.25571274e+02	2026-09-04T17:34:54.543817	0.00000000e+00	1	30	-5.55277000e-05	4.21998000e-04	-2.20181000e+00	-4.27003000e-04
1.25610196e+02	2026-09-04T17:34:54.583780	0.00000000e+00	1	30	-6.24418000e-05	3.65913000e-04	-2.15208000e+00	-3.65763000e-04
1.25630937e+02	2026-09-04T17:34:54.608079	0.00000000e+00	1	30	-6.61373000e-05	3.18226000e-04	-2.10183000e+00	-3.17339000e-04
1.25644404e+02	2026-09-04T17:34:54.614113	0.00000000e+00	1	30	-6.46830000e-05	2.76579000e-04	-2.05178000e+00	-2.75324000e-04
1.25667177e+02	2026-09-04T17:34:54.644758	0.00000000e+00	1	30	-6.18219000e-05	2.43706000e-04	-2.00152000e+00	-2.45302000e-04
1.25682595e+02	2026-09-04T17:34:54.660755	0.00000000e+00	1	30	-5.99384000e-05	2.16432000e-04	-1.95148000e+00	-2.15375000e-04
1.25706925e+02	2026-09-04T17:34:54.683656	0.00000000e+00	1	30	-6.69479000e-05	1.93585000e-04	-1.90147000e+00	-1.94055000e-04
1.25724607e+02	2026-09-04T17:34:54.694083	0.00000000e+00	1	30	-5.75066000e-05	1.76091000e-04	-1.85144000e+00	-1.76107000e-04
1.25745848e+02	2026-09-04T17:34:54.723620	0.00000000e+00	1	30	-5.91993000e-05	1.60937000e-04	-1.80140000e+00	-1.60446000e-04
1.25754354e+02	2026-09-04T17:34:54.723620	0.00000000e+00	1	30	-6.51360000e-05	1.44559000e-04	-1.75138000e+00	-1.44863000e-04
1.25774977e+02	2026-09-04T17:34:54.744110	0.00000000e+00	1	30	-6.20842000e-05	1.31490000e-04	-1.70134000e+00	-1.31770000e-04
1.25802264e+02	2026-09-04T17:34:54.773918	0.00000000e+00	1	30	-6.36101000e-05	1.21129000e-04	-1.65131000e+00	-1.20647000e-04
1.25825237e+02	2026-09-04T17:34:54.802887	0.00000000e+00	1	30	-6.43253000e-05	1.08724000e-04	-1.60126000e+00	-1.08847000e-04
1.25833114e+02	2026-09-04T17:34:54.803895	0.00000000e+00	1	30	-6.01053000e-05	9.92654000e-05	-1.55124000e+00	-9.82392000e-05
1.25861217e+02	2026-09-04T17:34:54.834665	0.00000000e+00	1	30	-6.94513000e-05	8.91546000e-05	-1.50119000e+00	-8.92115000e-05
1.25877303e+02	2026-09-04T17:34:54.853993	0.00000000e+00	1	30	-6.17266000e-05	8.13459000e-05	-1.45114000e+00	-8.11002000e-05
1.25888268e+02	2026-09-04T17:34:54.866415	0.00000000e+00	1	30	-6.12736000e-05	7.25979000e-05	-1.40111000e+00	-7.31094000e-05
1.25910325e+02	2026-09-04T17:34:54.883984	0.00000000e+00	1	30	-6.48737000e-05	6.56145000e-05	-1.35111000e+00	-6.58301000e-05
1.25917955e+02	2026-09-04T17:34:54.894054	0.00000000e+00	1	30	-5.60522000e-05	5.97308000e-05	-1.30105000e+00	-5.97100000e-05
1.25932444e+02	2026-09-04T17:34:54.903834	0.00000000e+00	1	30	-6.45161000e-05	5.30168000e-05	-1.25102000e+00	-5.30376000e-05
1.25955394e+02	2026-09-04T17:34:54.929430	0.00000000e+00	1	30	-6.12736000e-05	4.79566000e-05	-1.20100000e+00	-4.79305000e-05
1.25963782e+02	2026-09-04T17:34:54.933845	0.00000000e+00	1	30	-6.67572000e-05	4.27407000e-05	-1.15095000e+00	-4.31683000e-05
1.25976823e+02	2026-09-04T17:34:54.954101	0.00000000e+00	1	30	-6.61373000e-05	3.73837000e-05	-1.10089000e+00	-3.72850000e-05
1.26002044e+02	2026-09-04T17:34:54.977340	0.00000000e+00	1	30	-6.18219000e-05	3.24352000e-05	-1.05084000e+00	-3.25804000e-05
1.26013728e+02	2026-09-04T17:34:54.984041	0.00000000e+00	1	30	-6.43253000e-05	2.84323000e-05	-1.00083000e+00	-2.83919000e-05
1.26037419e+02	2026-09-04T17:34:55.013989	0.00000000e+00	1	30	-6.86407000e-05	2.49554000e-05	-9.50792000e-01	-2.48699000e-05
1.26051257e+02	2026-09-04T17:34:55.024992	0.00000000e+00	1	30	-5.92947000e-05	2.14788000e-05	-9.00735000e-01	-2.16171000e-05
1.26068484e+02	2026-09-04T17:34:55.043807	0.00000000e+00	1	30	-7.11679000e-05	1.85988000e-05	-8.50678000e-01	-1.85117000e-05
1.26076455e+02	2026-09-04T17:34:55.054002	0.00000000e+00	1	30	-6.38723000e-05	1.57952000e-05	-8.00680000e-01	-1.58266000e-05
1.26120535e+02	2026-09-04T17:34:55.093948	0.00000000e+00	1	30	-6.60419000e-05	1.32812000e-05	-7.50611000e-01	-1.32488000e-05
1.26142179e+02	2026-09-04T17:34:55.119848	0.00000000e+00	1	30	-6.64949000e-05	1.13436000e-05	-7.00561000e-01	-1.12969000e-05
1.26150112e+02	2026-09-04T17:34:55.123682	0.00000000e+00	1	30	-5.28336000e-05	9.41128000e-06	-6.50519000e-01	-9.50065000e-06
1.26180597e+02	2026-09-04T17:34:55.153905	0.00000000e+00	1	30	-7.72715000e-05	8.36647000e-06	-6.00502000e-01	-8.19872000e-06
1.26198943e+02	2026-09-04T17:34:55.173913	0.00000000e+00	1	30	-6.57797000e-05	6.43087000e-06	-5.50444000e-01	-6.47246000e-06
1.26221803e+02	2026-09-04T17:34:55.199576	0.00000000e+00	1	30	-7.15256000e-05	5.12991000e-06	-5.00401000e-01	-5.07695000e-06
1.26229847e+02	2026-09-04T17:34:55.203655	0.00000000e+00	1	30	-6.98090000e-05	3.95805000e-06	-4.50362000e-01	-3.93155000e-06
1.26238012e+02	2026-09-04T17:34:55.215607	0.00000000e+00	1	30	-6.94513000e-05	3.08396000e-06	-4.00343000e-01	-2.82787000e-06
1.26286349e+02	2026-09-04T17:34:55.264066	0.00000000e+00	1	30	-7.22408000e-05	2.30421000e-06	-3.50305000e-01	-2.30181000e-06
1.26294548e+02	2026-09-04T17:34:55.264066	0.00000000e+00	1	30	-6.85692000e-05	1.73190000e-06	-3.00264000e-01	-1.72958000e-06
1.26318064e+02	2026-09-04T17:34:55.295489	0.00000000e+00	1	30	-6.15358000e-05	1.19048000e-06	-2.50222000e-01	-1.21372000e-06
1.26357578e+02	2026-09-04T17:34:55.333740	0.00000000e+00	1	30	-6.55890000e-05	8.30634000e-07	-2.00072000e-01	-8.14571000e-07
1.26374176e+02	2026-09-04T17:34:55.343848	0.00000000e+00	1	30	-6.49691000e-05	5.20598000e-07	-1.50030000e-01	-5.47379000e-07
1.26397526e+02	2026-09-04T17:34:55.375172	0.00000000e+00	1	30	-5.81265000e-05	3.04376000e-07	-9.99953000e-02	-3.13554000e-07
1.26411357e+02	2026-09-04T17:34:55.383910	0.00000000e+00	1	30	-6.61373000e-05	1.35435000e-07	-4.99573000e-02	-1.32170000e-07
1.26437670e+02	2026-09-04T17:34:55.413865	0.00000000e+00	1	30	-7.03573000e-05	-7.92027000e-11	3.03030000e-05	2.37727000e-10
1.28372578e+02	2026-09-04T17:34:57.343991	0.00000000e+00	1	31	-6.38723000e-05	-3.26163000e-07	2.97546000e-05	3.29913000e-07
1.28407621e+02	2026-09-04T17:34:57.384113	0.00000000e+00	1	31	-6.93798000e-05	1.04044000e-04	-4.99569000e-02	-1.03535000e-04
1.28429052e+02	2026-09-04T17:34:57.403715	0.00000000e+00	1	31	-6.11782000e-05	2.09048000e-04	-9.99954000e-02	-2.08997000e-04
1.28452178e+02	2026-09-04T17:34:57.429471	0.00000000e+00	1	31	-6.96421000e-05	3.20904000e-04	-1.50040000e-01	-3.20573000e-04
1.28461542e+02	2026-09-04T17:34:57.434030	0.00000000e+00	1	31	-6.85692000e-05	4.33411000e-04	-2.00075000e-01	-4.33535000e-04
1.28476724e+02	2026-09-04T17:34:57.454069	0.00000000e+00	1	31	-5.60522000e-05	5.40871000e-04	-2.50213000e-01	-4.30614000e-04
1.28490541e+02	2026-09-04T17:34:57.463833	0.00000000e+00	1	31	-6.65903000e-05	4.74244000e-04	-3.00250000e-01	-4.61234000e-04
1.28516552e+02	2026-09-04T17:34:57.493974	0.00000000e+00	1	31	-7.28846000e-05	5.61069000e-04	-3.50285000e-01	-5.60294000e-04
1.28525533e+02	2026-09-04T17:34:57.503915	0.00000000e+00	1	31	-6.95467000e-05	6.39276000e-04	-4.00350000e-01	-6.36572000e-04
1.28546192e+02	2026-09-04T17:34:57.523937	0.00000000e+00	1	31	-7.51257000e-05	7.08865000e-04	-4.50345000e-01	-7.06686000e-04
1.28559866e+02	2026-09-04T17:34:57.534441	0.00000000e+00	1	31	-6.59466000e-05	7.78197000e-04	-5.00427000e-01	-7.76334000e-04
1.28599201e+02	2026-09-04T17:34:57.573974	0.00000000e+00	1	31	-7.53880000e-05	8.15097000e-04	-5.50443000e-01	-8.26435000e-04
1.28607195e+02	2026-09-04T17:34:57.583809	0.00000000e+00	1	31	-5.26428000e-05	7.99495000e-04	-6.00526000e-01	-7.47256000e-04
1.28626566e+02	2026-09-04T17:34:57.603823	0.00000000e+00	1	31	-6.41584000e-05	1.04536000e-04	-6.50511000e-01	-1.05960000e-04
1.28641602e+02	2026-09-04T17:34:57.619627	0.00000000e+00	1	31	-6.08206000e-05	1.10663000e-04	-7.00572000e-01	-8.46415000e-05
1.28671422e+02	2026-09-04T17:34:57.643721	0.00000000e+00	1	31	-6.58512000e-05	7.03416000e-05	-7.50617000e-01	-6.55403000e-05
1.28693991e+02	2026-09-04T17:34:57.667427	0.00000000e+00	1	31	-5.53370000e-05	7.02965000e-05	-8.00670000e-01	-6.74828000e-05
1.28702794e+02	2026-09-04T17:34:57.673881	0.00000000e+00	1	31	-6.60419000e-05	6.86524000e-05	-8.50685000e-01	-6.14849000e-05
1.28724866e+02	2026-09-04T17:34:57.699370	0.00000000e+00	1	31	-6.20842000e-05	5.63020000e-05	-9.00747000e-01	-5.66102000e-05
1.28733885e+02	2026-09-04T17:34:57.709797	0.00000000e+00	1	31	-5.63383000e-05	6.57158000e-05	-9.50794000e-01	-6.24108000e-05
1.28754449e+02	2026-09-04T17:34:57.731226	0.00000000e+00	1	31	-6.19173000e-05	3.40185000e-05	-1.00082000e+00	-3.32622000e-05
1.28763029e+02	2026-09-04T17:34:57.733868	0.00000000e+00	1	31	-6.20842000e-05	3.75165000e-05	-1.05083000e+00	-3.73952000e-05
1.28785013e+02	2026-09-04T17:34:57.762923	0.00000000e+00	1	31	-6.52313000e-05	4.34489000e-05	-1.10091000e+00	-4.33045000e-05
1.28806901e+02	2026-09-04T17:34:57.783998	0.00000000e+00	1	31	-5.91278000e-05	4.88169000e-05	-1.15096000e+00	-4.88564000e-05
1.28815797e+02	2026-09-04T17:34:57.793741	0.00000000e+00	1	31	-6.19888000e-05	5.09071000e-05	-1.20096000e+00	-5.03137000e-05
1.28840661e+02	2026-09-04T17:34:57.813910	0.00000000e+00	1	31	-7.07150000e-05	5.67295000e-05	-1.25101000e+00	-5.71900000e-05
1.28848767e+02	2026-09-04T17:34:57.826508	0.00000000e+00	1	31	-6.26326000e-05	6.05626000e-05	-1.30103000e+00	-5.88169000e-05
1.28885890e+02	2026-09-04T17:34:57.863865	0.00000000e+00	1	31	-6.02007000e-05	6.61561000e-05	-1.35112000e+00	-6.57476000e-05
1.28897988e+02	2026-09-04T17:34:57.873802	0.00000000e+00	1	31	-6.49691000e-05	7.30079000e-05	-1.40110000e+00	-7.23521000e-05
1.28923607e+02	2026-09-04T17:34:57.893753	0.00000000e+00	1	31	-6.29902000e-05	7.90545000e-05	-1.45118000e+00	-7.88890000e-05
1.28943609e+02	2026-09-04T17:34:57.922039	0.00000000e+00	1	31	-5.98431000e-05	8.67599000e-05	-1.50120000e+00	-8.69668000e-05
1.28976207e+02	2026-09-04T17:34:57.953871	0.00000000e+00	1	31	-5.73158000e-05	9.69843000e-05	-1.55123000e+00	-9.74542000e-05
1.28991582e+02	2026-09-04T17:34:57.968816	0.00000000e+00	1	31	-6.49691000e-05	1.07448000e-04	-1.60125000e+00	-1.08863000e-04
1.29015359e+02	2026-09-04T17:34:57.993765	0.00000000e+00	1	31	-5.99384000e-05	1.20468000e-04	-1.65130000e+00	-1.20446000e-04
1.29048358e+02	2026-09-04T17:34:58.023898	0.00000000e+00	1	31	-6.59466000e-05	1.28195000e-04	-1.70133000e+00	-1.28348000e-04
1.29069016e+02	2026-09-04T17:34:58.043940	0.00000000e+00	1	31	-6.63996000e-05	1.40125000e-04	-1.75139000e+00	-1.39714000e-04
1.29092312e+02	2026-09-04T17:34:58.064007	0.00000000e+00	1	31	-6.70195000e-05	1.53225000e-04	-1.80138000e+00	-1.54527000e-04
1.29100787e+02	2026-09-04T17:34:58.074035	0.00000000e+00	1	31	-6.59466000e-05	1.69904000e-04	-1.85143000e+00	-1.71412000e-04
1.29137810e+02	2026-09-04T17:34:58.113900	0.00000000e+00	1	31	-5.99384000e-05	1.91956000e-04	-1.90146000e+00	-1.90930000e-04
1.29146468e+02	2026-09-04T17:34:58.123928	0.00000000e+00	1	31	-6.39677000e-05	2.05436000e-04	-1.95149000e+00	-2.09262000e-04
1.29163446e+02	2026-09-04T17:34:58.134020	0.00000000e+00	1	31	-6.17266000e-05	2.33109000e-04	-2.00153000e+00	-2.31956000e-04
1.29185320e+02	2026-09-04T17:34:58.161064	0.00000000e+00	1	31	-6.45161000e-05	2.64724000e-04	-2.05171000e+00	-2.66104000e-04
1.29197110e+02	2026-09-04T17:34:58.175111	0.00000000e+00	1	31	-6.82831000e-05	3.04966000e-04	-2.10180000e+00	-3.06218000e-04
1.29221291e+02	2026-09-04T17:34:58.193920	0.00000000e+00	1	31	-7.27892000e-05	3.51064000e-04	-2.15191000e+00	-3.51829000e-04
1.29246401e+02	2026-09-04T17:34:58.223669	0.00000000e+00	1	31	-6.32525000e-05	4.38362000e-04	-2.20205000e+00	-4.45678000e-04
1.29253040e+02	2026-09-04T17:34:58.223669	0.00000000e+00	1	31	-6.75678000e-05	4.45962000e-04	-2.20196000e+00	-4.41891000e-04
1.29260613e+02	2026-09-04T17:34:58.233625	0.00000000e+00	1	31	-7.16209000e-05	3.93034000e-04	-2.15185000e+00	-3.83095000e-04
1.29293279e+02	2026-09-04T17:34:58.271003	0.00000000e+00	1	31	-6.72102000e-05	3.31471000e-04	-2.10174000e+00	-3.29914000e-04
1.29332996e+02	2026-09-04T17:34:58.303950	0.00000000e+00	1	31	-7.00951000e-05	2.91489000e-04	-2.05167000e+00	-2.93628000e-04
1.29356089e+02	2026-09-04T17:34:58.333840	0.00000000e+00	1	31	-6.35147000e-05	2.60433000e-04	-2.00152000e+00	-2.60797000e-04
1.29363996e+02	2026-09-04T17:34:58.333840	0.00000000e+00	1	31	-6.43253000e-05	2.34586000e-04	-1.95149000e+00	-2.32531000e-04
1.29389401e+02	2026-09-04T17:34:58.365553	0.00000000e+00	1	31	-6.39677000e-05	2.09844000e-04	-1.90146000e+00	-2.09046000e-04
1.29402126e+02	2026-09-04T17:34:58.378245	0.00000000e+00	1	31	-6.49691000e-05	1.91174000e-04	-1.85145000e+00	-1.90112000e-04
1.29425650e+02	2026-09-04T17:34:58.403743	0.00000000e+00	1	31	-6.38008000e-05	1.73302000e-04	-1.80139000e+00	-1.73003000e-04
1.29433480e+02	2026-09-04T17:34:58.403743	0.00000000e+00	1	31	-6.42538000e-05	1.55924000e-04	-1.75136000e+00	-1.55892000e-04
1.29464422e+02	2026-09-04T17:34:58.433955	0.00000000e+00	1	31	-6.38008000e-05	1.44540000e-04	-1.70133000e+00	-1.43372000e-04
1.29498659e+02	2026-09-04T17:34:58.474081	0.00000000e+00	1	31	-7.16209000e-05	1.29907000e-04	-1.65132000e+00	-1.30271000e-04
1.29520407e+02	2026-09-04T17:34:58.493611	0.00000000e+00	1	31	-6.34432000e-05	1.18023000e-04	-1.60124000e+00	-1.17846000e-04
1.29533619e+02	2026-09-04T17:34:58.509344	0.00000000e+00	1	31	-6.25372000e-05	1.07307000e-04	-1.55124000e+00	-1.07016000e-04
1.29582138e+02	2026-09-04T17:34:58.559986	0.00000000e+00	1	31	-6.71148000e-05	9.70169000e-05	-1.50119000e+00	-9.73284000e-05
1.29594506e+02	2026-09-04T17:34:58.570275	0.00000000e+00	1	31	-6.48737000e-05	8.78088000e-05	-1.45118000e+00	-8.77188000e-05
1.29618755e+02	2026-09-04T17:34:58.594093	0.00000000e+00	1	31	-7.25985000e-05	7.95173000e-05	-1.40112000e+00	-7.96385000e-05
1.29637565e+02	2026-09-04T17:34:58.613877	0.00000000e+00	1	31	-6.11782000e-05	7.20126000e-05	-1.35110000e+00	-7.15831000e-05
1.29662475e+02	2026-09-04T17:34:58.639398	0.00000000e+00	1	31	-6.89268000e-05	6.48245000e-05	-1.30106000e+00	-6.45511000e-05
1.29673348e+02	2026-09-04T17:34:58.643686	0.00000000e+00	1	31	-6.89268000e-05	5.86127000e-05	-1.25101000e+00	-5.82918000e-05
1.29681385e+02	2026-09-04T17:34:58.659192	0.00000000e+00	1	31	-6.85692000e-05	5.24002000e-05	-1.20099000e+00	-5.22915000e-05
1.29693960e+02	2026-09-04T17:34:58.671163	0.00000000e+00	1	31	-6.90937000e-05	4.64116000e-05	-1.15096000e+00	-4.65011000e-05
1.29735271e+02	2026-09-04T17:34:58.713305	0.00000000e+00	1	31	-7.17163000e-05	4.14290000e-05	-1.10089000e+00	-4.15670000e-05
1.29756907e+02	2026-09-04T17:34:58.734713	0.00000000e+00	1	31	-6.55890000e-05	3.68286000e-05	-1.05085000e+00	-3.69574000e-05
1.29765417e+02	2026-09-04T17:34:58.743642	0.00000000e+00	1	31	-7.72715000e-05	3.25743000e-05	-1.00084000e+00	-3.26533000e-05
1.29788986e+02	2026-09-04T17:34:58.766327	0.00000000e+00	1	31	-7.03573000e-05	2.84351000e-05	-9.50774000e-01	-2.83427000e-05
1.29798999e+02	2026-09-04T17:34:58.776786	0.00000000e+00	1	31	-6.54936000e-05	2.43508000e-05	-9.00731000e-01	-2.43123000e-05
1.29807690e+02	2026-09-04T17:34:58.783934	0.00000000e+00	1	31	-6.45161000e-05	2.08567000e-05	-8.50689000e-01	-2.08318000e-05
1.29836293e+02	2026-09-04T17:34:58.814026	0.00000000e+00	1	31	-6.67572000e-05	1.75828000e-05	-8.00661000e-01	-1.76071000e-05
1.29844123e+02	2026-09-04T17:34:58.814026	0.00000000e+00	1	31	-8.94070000e-06	1.47432000e-05	-7.50631000e-01	-1.47284000e-05
1.29873960e+02	2026-09-04T17:34:58.849840	0.00000000e+00	1	31	-6.67572000e-05	1.22462000e-05	-7.00583000e-01	-1.23525000e-05
1.29896095e+02	2026-09-04T17:34:58.873813	0.00000000e+00	1	31	-6.45161000e-05	1.01426000e-05	-6.50542000e-01	-1.01551000e-05
1.29914226e+02	2026-09-04T17:34:58.883771	0.00000000e+00	1	31	-4.98533000e-05	8.18253000e-06	-6.00537000e-01	-8.17571000e-06
1.29936358e+02	2026-09-04T17:34:58.913690	0.00000000e+00	1	31	-7.65562000e-05	6.63794000e-06	-5.50457000e-01	-6.56765000e-06
1.29944504e+02	2026-09-04T17:34:58.913690	0.00000000e+00	1	31	-7.03573000e-05	5.25103000e-06	-5.00424000e-01	-5.34219000e-06
1.29964064e+02	2026-09-04T17:34:58.941498	0.00000000e+00	1	31	-6.85692000e-05	4.33315000e-06	-4.50354000e-01	-4.24435000e-06
1.29995142e+02	2026-09-04T17:34:58.972957	0.00000000e+00	1	31	-6.53267000e-05	3.24076000e-06	-4.00337000e-01	-3.31671000e-06
1.30025945e+02	2026-09-04T17:34:59.003793	0.00000000e+00	1	31	-5.76735000e-05	2.65068000e-06	-3.50315000e-01	-2.62379000e-06
1.30034801e+02	2026-09-04T17:34:59.003793	0.00000000e+00	1	31	-6.86407000e-05	1.98477000e-06	-3.00256000e-01	-1.98920000e-06
1.30058331e+02	2026-09-04T17:34:59.035603	0.00000000e+00	1	31	-6.77586000e-05	1.46162000e-06	-2.50211000e-01	-1.45189000e-06
1.30073776e+02	2026-09-04T17:34:59.051432	0.00000000e+00	1	31	-6.36101000e-05	1.05248000e-06	-2.00074000e-01	-1.00778000e-06
1.30121865e+02	2026-09-04T17:34:59.099273	0.00000000e+00	1	31	-6.82831000e-05	7.07728000e-07	-1.50036000e-01	-7.06292000e-07
1.30135898e+02	2026-09-04T17:34:59.113881	0.00000000e+00	1	31	-6.40631000e-05	4.16502000e-07	-9.99964000e-02	-4.32936000e-07
1.30183146e+02	2026-09-04T17:34:59.154092	0.00000000e+00	1	31	-6.96421000e-05	1.87117000e-07	-4.99568000e-02	-1.85639000e-07
1.30205342e+02	2026-09-04T17:34:59.183676	0.00000000e+00	1	31	-6.67572000e-05	-4.35972000e-10	3.61443000e-05	1.97816000e-10
1.32077982e+02	2026-09-04T17:35:01.055997	0.00000000e+00	1	32	-6.89983000e-05	-2.20487000e-07	3.75986000e-05	2.21774000e-07
1.32085882e+02	2026-09-04T17:35:01.064155	0.00000000e+00	1	32	-1.20258000e-04	6.65046000e-05	-4.98952000e-02	-6.63711000e-05
1.32102779e+02	2026-09-04T17:35:01.080946	0.00000000e+00	1	32	-6.90937000e-05	1.32346000e-04	-9.99921000e-02	-1.32097000e-04
1.32126016e+02	2026-09-04T17:35:01.103983	0.00000000e+00	1	32	-7.05481000e-05	1.96049000e-04	-1.50035000e-01	-1.95798000e-04
1.32141909e+02	2026-09-04T17:35:01.120021	0.00000000e+00	1	32	-7.25985000e-05	2.56709000e-04	-2.00074000e-01	-2.56873000e-04
1.32162976e+02	2026-09-04T17:35:01.141056	0.00000000e+00	1	32	-7.66516000e-05	3.15288000e-04	-2.50211000e-01	-3.14636000e-04
1.32173410e+02	2026-09-04T17:35:01.151559	0.00000000e+00	1	32	-7.09057000e-05	3.70823000e-04	-3.00268000e-01	-3.55247000e-04
1.32192661e+02	2026-09-04T17:35:01.170295	0.00000000e+00	1	32	-7.57456000e-05	2.63939000e-04	-3.50290000e-01	-2.65732000e-04
1.32206113e+02	2026-09-04T17:35:01.184477	0.00000000e+00	1	32	-7.21455000e-05	2.94477000e-04	-4.00365000e-01	-2.91496000e-04
1.32213729e+02	2026-09-04T17:35:01.191263	0.00000000e+00	1	32	-7.61986000e-05	3.21588000e-04	-4.50366000e-01	-3.13777000e-04
1.32221291e+02	2026-09-04T17:35:01.198781	0.00000000e+00	1	32	-6.84738000e-05	3.37826000e-04	-5.00406000e-01	-3.32344000e-04
1.32228945e+02	2026-09-04T17:35:01.205997	0.00000000e+00	1	32	-7.30515000e-05	3.66947000e-04	-5.50439000e-01	-3.65568000e-04
1.32238695e+02	2026-09-04T17:35:01.216662	0.00000000e+00	1	32	-7.92503000e-05	3.98734000e-04	-6.00510000e-01	-3.98968000e-04
1.32251864e+02	2026-09-04T17:35:01.230180	0.00000000e+00	1	32	-8.69036000e-05	4.66184000e-04	-6.50543000e-01	-4.91798000e-04
1.32263049e+02	2026-09-04T17:35:01.240859	0.00000000e+00	1	32	-7.25985000e-05	5.33482000e-04	-7.00593000e-01	-5.25724000e-04
1.32280408e+02	2026-09-04T17:35:01.258639	0.00000000e+00	1	32	-7.42197000e-05	5.47074000e-04	-7.50639000e-01	-5.34221000e-04
1.32304709e+02	2026-09-04T17:35:01.282493	0.00000000e+00	1	32	-7.22408000e-05	4.84891000e-04	-8.00692000e-01	-4.72207000e-04
1.32312984e+02	2026-09-04T17:35:01.291014	0.00000000e+00	1	32	-6.63042000e-05	4.83724000e-04	-8.50690000e-01	-4.73279000e-04
1.32336487e+02	2026-09-04T17:35:01.314399	0.00000000e+00	1	32	-7.12633000e-05	3.67623000e-04	-9.00752000e-01	-3.34646000e-04
1.32355979e+02	2026-09-04T17:35:01.333917	0.00000000e+00	1	32	-7.45773000e-05	3.48561000e-04	-9.50772000e-01	-3.44460000e-04
1.32364908e+02	2026-09-04T17:35:01.342951	0.00000000e+00	1	32	-6.90937000e-05	3.45230000e-04	-1.00084000e+00	-3.27455000e-04
1.32385630e+02	2026-09-04T17:35:01.363812	0.00000000e+00	1	32	-7.17878000e-05	2.84050000e-04	-1.05083000e+00	-2.80003000e-04
1.32413699e+02	2026-09-04T17:35:01.392092	0.00000000e+00	1	32	-6.51360000e-05	2.44002000e-04	-1.10089000e+00	-2.30644000e-04
1.32431869e+02	2026-09-04T17:35:01.410078	0.00000000e+00	1	32	-4.90427000e-05	1.92991000e-04	-1.15099000e+00	-1.64574000e-04
1.32441265e+02	2026-09-04T17:35:01.418969	0.00000000e+00	1	32	-7.97987000e-05	7.54000000e-05	-1.20097000e+00	-7.70503000e-05
1.32460847e+02	2026-09-04T17:35:01.439008	0.00000000e+00	1	32	-7.35998000e-05	8.26901000e-05	-1.25102000e+00	-8.18222000e-05
1.32471266e+02	2026-09-04T17:35:01.449575	0.00000000e+00	1	32	-7.38621000e-05	8.58150000e-05	-1.30105000e+00	-8.72759000e-05
1.32485431e+02	2026-09-04T17:35:01.463605	0.00000000e+00	1	32	-7.60317000e-05	9.16143000e-05	-1.35110000e+00	-9.95056000e-05
1.32495495e+02	2026-09-04T17:35:01.473258	0.00000000e+00	1	32	-7.59363000e-05	1.04628000e-04	-1.40111000e+00	-1.01188000e-04
1.32505238e+02	2026-09-04T17:35:01.482416	0.00000000e+00	1	32	-7.78198000e-05	1.13093000e-04	-1.45116000e+00	-1.12609000e-04
1.32513687e+02	2026-09-04T17:35:01.491735	0.00000000e+00	1	32	-8.29458000e-05	1.28868000e-04	-1.50121000e+00	-1.41433000e-04
1.32523751e+02	2026-09-04T17:35:01.501854	0.00000000e+00	1	32	-7.83682000e-05	1.30000000e-04	-1.55123000e+00	-1.30566000e-04
1.32566341e+02	2026-09-04T17:35:01.544502	0.00000000e+00	1	32	-7.41243000e-05	1.45939000e-04	-1.60124000e+00	-1.37486000e-04
1.32579886e+02	2026-09-04T17:35:01.558115	0.00000000e+00	1	32	-7.44104000e-05	1.46555000e-04	-1.65132000e+00	-1.47497000e-04
1.32603206e+02	2026-09-04T17:35:01.580980	0.00000000e+00	1	32	-7.84397000e-05	1.42421000e-04	-1.70134000e+00	-1.43113000e-04
1.32619620e+02	2026-09-04T17:35:01.598050	0.00000000e+00	1	32	-7.63893000e-05	1.62717000e-04	-1.75137000e+00	-1.60345000e-04
1.32654930e+02	2026-09-04T17:35:01.632253	0.00000000e+00	1	32	-7.32422000e-05	1.76628000e-04	-1.80138000e+00	-1.74876000e-04
1.32667887e+02	2026-09-04T17:35:01.645873	0.00000000e+00	1	32	-7.55787000e-05	1.90453000e-04	-1.85143000e+00	-1.90471000e-04
1.32675472e+02	2026-09-04T17:35:01.652550	0.00000000e+00	1	32	-7.24316000e-05	2.10973000e-04	-1.90148000e+00	-2.12188000e-04
1.32684006e+02	2026-09-04T17:35:01.662288	0.00000000e+00	1	32	-7.53880000e-05	2.38777000e-04	-1.95151000e+00	-2.37880000e-04
1.32692154e+02	2026-09-04T17:35:01.670411	0.00000000e+00	1	32	-7.45773000e-05	2.67671000e-04	-2.00152000e+00	-2.51583000e-04
1.32708036e+02	2026-09-04T17:35:01.685965	0.00000000e+00	1	32	-7.14302000e-05	2.97817000e-04	-2.05152000e+00	-2.98481000e-04
1.32735041e+02	2026-09-04T17:35:01.712533	0.00000000e+00	1	32	-7.17163000e-05	3.38859000e-04	-2.10167000e+00	-3.35995000e-04
1.32748324e+02	2026-09-04T17:35:01.726565	0.00000000e+00	1	32	-7.61032000e-05	3.96561000e-04	-2.15205000e+00	-3.93494000e-04
1.32755842e+02	2026-09-04T17:35:01.733714	0.00000000e+00	1	32	-7.80821000e-05	4.60296000e-04	-2.20186000e+00	-4.51889000e-04
1.32762414e+02	2026-09-04T17:35:01.740724	0.00000000e+00	1	32	-6.99997000e-05	4.53638000e-04	-2.20205000e+00	-4.39873000e-04
1.32788361e+02	2026-09-04T17:35:01.766437	0.00000000e+00	1	32	-7.81775000e-05	3.83990000e-04	-2.15187000e+00	-3.86674000e-04
1.32804111e+02	2026-09-04T17:35:01.782189	0.00000000e+00	1	32	-7.71999000e-05	3.53224000e-04	-2.10149000e+00	-3.52404000e-04
1.32826797e+02	2026-09-04T17:35:01.804724	0.00000000e+00	1	32	-7.07150000e-05	3.04164000e-04	-2.05162000e+00	-3.02189000e-04
1.32834499e+02	2026-09-04T17:35:01.812241	0.00000000e+00	1	32	-7.11679000e-05	2.69918000e-04	-2.00154000e+00	-2.71996000e-04
1.32843799e+02	2026-09-04T17:35:01.821758	0.00000000e+00	1	32	-7.27892000e-05	2.43137000e-04	-1.95150000e+00	-2.41386000e-04
1.32857438e+02	2026-09-04T17:35:01.835790	0.00000000e+00	1	32	-7.16209000e-05	2.19201000e-04	-1.90144000e+00	-2.20914000e-04
1.32878040e+02	2026-09-04T17:35:01.855824	0.00000000e+00	1	32	-7.61986000e-05	2.02485000e-04	-1.85144000e+00	-2.01417000e-04
1.32901546e+02	2026-09-04T17:35:01.879269	0.00000000e+00	1	32	-7.53880000e-05	1.81823000e-04	-1.80137000e+00	-1.81555000e-04
1.32909368e+02	2026-09-04T17:35:01.887648	0.00000000e+00	1	32	-7.18832000e-05	1.65897000e-04	-1.75138000e+00	-1.66261000e-04
1.32933551e+02	2026-09-04T17:35:01.911936	0.00000000e+00	1	32	-6.87361000e-05	1.52111000e-04	-1.70131000e+00	-1.53442000e-04
1.32973014e+02	2026-09-04T17:35:01.950519	0.00000000e+00	1	32	-7.95364000e-05	1.39716000e-04	-1.65130000e+00	-1.39492000e-04
1.32996073e+02	2026-09-04T17:35:01.973817	0.00000000e+00	1	32	-7.18832000e-05	1.26272000e-04	-1.60125000e+00	-1.26242000e-04
1.33003940e+02	2026-09-04T17:35:01.981720	0.00000000e+00	1	32	-6.56843000e-05	1.14941000e-04	-1.55123000e+00	-1.14228000e-04
1.33011331e+02	2026-09-04T17:35:01.989757	0.00000000e+00	1	32	-6.60419000e-05	1.04393000e-04	-1.50119000e+00	-1.04466000e-04
1.33047387e+02	2026-09-04T17:35:02.024097	0.00000000e+00	1	32	-6.88314000e-05	9.56345000e-05	-1.45116000e+00	-9.45250000e-05
1.33079125e+02	2026-09-04T17:35:02.053948	0.00000000e+00	1	32	-6.89268000e-05	8.62470000e-05	-1.40111000e+00	-8.65531000e-05
1.33086811e+02	2026-09-04T17:35:02.063702	0.00000000e+00	1	32	-7.19786000e-05	7.83917000e-05	-1.35110000e+00	-7.82413000e-05
1.33095986e+02	2026-09-04T17:35:02.074037	0.00000000e+00	1	32	-7.31468000e-05	7.10955000e-05	-1.30105000e+00	-7.10542000e-05
1.33104618e+02	2026-09-04T17:35:02.077925	0.00000000e+00	1	32	-6.90937000e-05	6.33534000e-05	-1.25102000e+00	-6.36443000e-05
1.33148117e+02	2026-09-04T17:35:02.123965	0.00000000e+00	1	32	-6.57797000e-05	5.70155000e-05	-1.20095000e+00	-5.67910000e-05
1.33181676e+02	2026-09-04T17:35:02.153639	0.00000000e+00	1	32	-7.78198000e-05	5.07357000e-05	-1.15094000e+00	-5.07712000e-05
1.33212321e+02	2026-09-04T17:35:02.189890	0.00000000e+00	1	32	-7.21455000e-05	4.44220000e-05	-1.10090000e+00	-4.46781000e-05
1.33236627e+02	2026-09-04T17:35:02.213853	0.00000000e+00	1	32	-7.80821000e-05	3.97628000e-05	-1.05084000e+00	-3.96504000e-05
1.33250136e+02	2026-09-04T17:35:02.227808	0.00000000e+00	1	32	-7.28846000e-05	3.49201000e-05	-1.00082000e+00	-3.49171000e-05
1.33271877e+02	2026-09-04T17:35:02.243977	0.00000000e+00	1	32	-8.08716000e-05	3.00584000e-05	-9.50770000e-01	-2.97195000e-05
1.33279493e+02	2026-09-04T17:35:02.254265	0.00000000e+00	1	32	-6.94513000e-05	2.55030000e-05	-9.00738000e-01	-2.52900000e-05
1.33299107e+02	2026-09-04T17:35:02.275666	0.00000000e+00	1	32	-7.14302000e-05	2.17643000e-05	-8.50681000e-01	-2.15574000e-05
1.33325896e+02	2026-09-04T17:35:02.303629	0.00000000e+00	1	32	-7.61032000e-05	1.80758000e-05	-8.00683000e-01	-1.81322000e-05
1.33339776e+02	2026-09-04T17:35:02.314087	0.00000000e+00	1	32	-7.03573000e-05	1.53373000e-05	-7.50607000e-01	-1.52687000e-05
1.33347365e+02	2026-09-04T17:35:02.323902	0.00000000e+00	1	32	-7.62939000e-05	1.24877000e-05	-7.00572000e-01	-1.24013000e-05
1.33355120e+02	2026-09-04T17:35:02.323902	0.00000000e+00	1	32	-6.92844000e-05	1.01284000e-05	-6.50532000e-01	-1.01045000e-05
1.33381668e+02	2026-09-04T17:35:02.354095	0.00000000e+00	1	32	-6.09159000e-05	8.28826000e-06	-6.00509000e-01	-8.25422000e-06
1.33401104e+02	2026-09-04T17:35:02.376256	0.00000000e+00	1	32	-7.60317000e-05	6.53745000e-06	-5.50456000e-01	-6.59599000e-06
1.33424981e+02	2026-09-04T17:35:02.402945	0.00000000e+00	1	32	-7.67469000e-05	5.07009000e-06	-5.00408000e-01	-5.07113000e-06
1.33432777e+02	2026-09-04T17:35:02.403954	0.00000000e+00	1	32	-7.25269000e-05	3.90798000e-06	-4.50366000e-01	-3.91687000e-06
1.33459452e+02	2026-09-04T17:35:02.433665	0.00000000e+00	1	32	-7.18832000e-05	3.00375000e-06	-4.00330000e-01	-2.98977000e-06
1.33491932e+02	2026-09-04T17:35:02.465385	0.00000000e+00	1	32	-7.80821000e-05	2.26259000e-06	-3.50298000e-01	-2.33187000e-06
1.33499493e+02	2026-09-04T17:35:02.476040	0.00000000e+00	1	32	-7.37667000e-05	1.77148000e-06	-3.00243000e-01	-1.70755000e-06
1.33507127e+02	2026-09-04T17:35:02.483839	0.00000000e+00	1	32	-7.72715000e-05	1.30603000e-06	-2.50214000e-01	-1.28097000e-06
1.33522726e+02	2026-09-04T17:35:02.496837	0.00000000e+00	1	32	-7.44104000e-05	9.43393000e-07	-2.00069000e-01	-9.52217000e-07
1.33567448e+02	2026-09-04T17:35:02.544802	0.00000000e+00	1	32	-6.32525000e-05	6.35804000e-07	-1.50031000e-01	-6.46412000e-07
1.33575649e+02	2026-09-04T17:35:02.553817	0.00000000e+00	1	32	-7.38621000e-05	4.03513000e-07	-9.99909000e-02	-4.00141000e-07
1.33603080e+02	2026-09-04T17:35:02.576281	0.00000000e+00	1	32	-7.34091000e-05	1.98033000e-07	-4.99495000e-02	-1.94279000e-07
1.33625247e+02	2026-09-04T17:35:02.594076	0.00000000e+00	1	32	-6.99997000e-05	-4.49705000e-10	3.78609000e-05	3.40998000e-10
1.35526090e+02	2026-09-04T17:35:04.503700	0.00000000e+00	1	33	-7.30515000e-05	-3.12530000e-07	3.98397000e-05	3.20379000e-07
1.35554401e+02	2026-09-04T17:35:04.527321	0.00000000e+00	1	33	-1.22952000e-04	9.08461000e-05	-4.98930000e-02	-9.08206000e-05
1.35586222e+02	2026-09-04T17:35:04.563788	0.00000000e+00	1	33	-8.07047000e-05	1.82883000e-04	-9.99847000e-02	-1.83012000e-04
1.35611046e+02	2026-09-04T17:35:04.584328	0.00000000e+00	1	33	-8.67128000e-05	2.76850000e-04	-1.50031000e-01	-2.77089000e-04
1.35633239e+02	2026-09-04T17:35:04.606005	0.00000000e+00	1	33	-8.02517000e-05	3.71560000e-04	-2.00059000e-01	-3.71843000e-04
1.35640997e+02	2026-09-04T17:35:04.613819	0.00000000e+00	1	33	-7.64847000e-05	4.57330000e-04	-2.50196000e-01	-4.46316000e-04
1.35658982e+02	2026-09-04T17:35:04.633958	0.00000000e+00	1	33	-7.52211000e-05	2.03163000e-04	-3.00247000e-01	-1.84671000e-04
1.35696508e+02	2026-09-04T17:35:04.674066	0.00000000e+00	1	33	-7.74622000e-05	2.10646000e-04	-3.50292000e-01	-2.08973000e-04
1.35704019e+02	2026-09-04T17:35:04.674066	0.00000000e+00	1	33	-7.74622000e-05	2.45012000e-04	-4.00354000e-01	-2.44218000e-04
1.35724015e+02	2026-09-04T17:35:04.701502	0.00000000e+00	1	33	-7.09057000e-05	2.47215000e-04	-4.50351000e-01	-2.35691000e-04
1.35750843e+02	2026-09-04T17:35:04.726064	0.00000000e+00	1	33	-7.26938000e-05	2.61612000e-04	-5.00375000e-01	-2.61061000e-04
1.35775187e+02	2026-09-04T17:35:04.749730	0.00000000e+00	1	33	-7.52926000e-05	2.87179000e-04	-5.50417000e-01	-2.85917000e-04
1.35785492e+02	2026-09-04T17:35:04.763893	0.00000000e+00	1	33	-8.15868000e-05	3.09930000e-04	-6.00514000e-01	-3.11844000e-04
1.35792945e+02	2026-09-04T17:35:04.765639	0.00000000e+00	1	33	-8.00610000e-05	3.48254000e-04	-6.50512000e-01	-3.52161000e-04
1.35800464e+02	2026-09-04T17:35:04.773740	0.00000000e+00	1	33	-7.88212000e-05	3.63279000e-04	-7.00578000e-01	-3.67443000e-04
1.35808323e+02	2026-09-04T17:35:04.783673	0.00000000e+00	1	33	-7.36952000e-05	3.88132000e-04	-7.50610000e-01	-3.94808000e-04
1.35816299e+02	2026-09-04T17:35:04.793889	0.00000000e+00	1	33	-7.76529000e-05	4.06134000e-04	-8.00676000e-01	-4.01120000e-04
1.35835719e+02	2026-09-04T17:35:04.814003	0.00000000e+00	1	33	-7.35045000e-05	3.81039000e-04	-8.50690000e-01	-3.46488000e-04
1.35884539e+02	2026-09-04T17:35:04.861791	0.00000000e+00	1	33	-6.90937000e-05	3.48148000e-04	-9.00743000e-01	-3.44533000e-04
1.35893126e+02	2026-09-04T17:35:04.864080	0.00000000e+00	1	33	-7.31468000e-05	3.40626000e-04	-9.50780000e-01	-3.29314000e-04
1.35916422e+02	2026-09-04T17:35:04.893895	0.00000000e+00	1	33	-7.71046000e-05	2.64421000e-04	-1.00079000e+00	-2.60617000e-04
1.35961502e+02	2026-09-04T17:35:04.937817	0.00000000e+00	1	33	-7.54833000e-05	2.06307000e-04	-1.05082000e+00	-2.06889000e-04
1.35987757e+02	2026-09-04T17:35:04.965107	0.00000000e+00	1	33	-7.58410000e-05	2.26997000e-04	-1.10087000e+00	-2.52607000e-04
1.35995560e+02	2026-09-04T17:35:04.973668	0.00000000e+00	1	33	-5.46217000e-05	1.87523000e-04	-1.15096000e+00	-1.55461000e-04
1.36021886e+02	2026-09-04T17:35:04.996963	0.00000000e+00	1	33	-7.92503000e-05	7.86372000e-05	-1.20093000e+00	-7.86673000e-05
1.36052184e+02	2026-09-04T17:35:05.028878	0.00000000e+00	1	33	-7.06196000e-05	8.61893000e-05	-1.25101000e+00	-8.43263000e-05
1.36060239e+02	2026-09-04T17:35:05.033992	0.00000000e+00	1	33	-7.57456000e-05	9.68286000e-05	-1.30104000e+00	-9.53809000e-05
1.36089854e+02	2026-09-04T17:35:05.063625	0.00000000e+00	1	33	-7.89881000e-05	1.04189000e-04	-1.35112000e+00	-1.04441000e-04
1.36119109e+02	2026-09-04T17:35:05.093898	0.00000000e+00	1	33	-7.52211000e-05	1.13583000e-04	-1.40111000e+00	-1.12239000e-04
1.36146354e+02	2026-09-04T17:35:05.124097	0.00000000e+00	1	33	-7.41243000e-05	1.21963000e-04	-1.45119000e+00	-1.21311000e-04
1.36154489e+02	2026-09-04T17:35:05.124097	0.00000000e+00	1	33	-7.28846000e-05	1.32747000e-04	-1.50119000e+00	-1.33513000e-04
1.36185388e+02	2026-09-04T17:35:05.161943	0.00000000e+00	1	33	-7.54833000e-05	1.39522000e-04	-1.55122000e+00	-1.40660000e-04
1.36204516e+02	2026-09-04T17:35:05.181805	0.00000000e+00	1	33	-7.45773000e-05	1.49535000e-04	-1.60124000e+00	-1.50538000e-04
1.36225623e+02	2026-09-04T17:35:05.204015	0.00000000e+00	1	33	-7.41243000e-05	1.80573000e-04	-1.65130000e+00	-1.80105000e-04
1.36233498e+02	2026-09-04T17:35:05.204015	0.00000000e+00	1	33	-7.50303000e-05	1.32645000e-04	-1.70131000e+00	-1.30227000e-04
1.36258185e+02	2026-09-04T17:35:05.235243	0.00000000e+00	1	33	-7.53880000e-05	1.42811000e-04	-1.75135000e+00	-1.43865000e-04
1.36291180e+02	2026-09-04T17:35:05.267330	0.00000000e+00	1	33	-7.22408000e-05	1.58944000e-04	-1.80138000e+00	-1.58204000e-04
1.36318957e+02	2026-09-04T17:35:05.293632	0.00000000e+00	1	33	-7.33376000e-05	1.73275000e-04	-1.85143000e+00	-1.73263000e-04
1.36343271e+02	2026-09-04T17:35:05.315126	0.00000000e+00	1	33	-6.99997000e-05	1.94245000e-04	-1.90145000e+00	-1.93851000e-04
1.36353465e+02	2026-09-04T17:35:05.330961	0.00000000e+00	1	33	-7.25269000e-05	2.15388000e-04	-1.95150000e+00	-2.21126000e-04
1.36391318e+02	2026-09-04T17:35:05.363835	0.00000000e+00	1	33	-7.80106000e-05	2.40147000e-04	-2.00152000e+00	-2.39934000e-04
1.36408919e+02	2026-09-04T17:35:05.384134	0.00000000e+00	1	33	-7.65562000e-05	2.67562000e-04	-2.05184000e+00	-2.67838000e-04
1.36432223e+02	2026-09-04T17:35:05.410001	0.00000000e+00	1	33	-7.48634000e-05	3.27312000e-04	-2.10166000e+00	-3.29461000e-04
1.36444713e+02	2026-09-04T17:35:05.413898	0.00000000e+00	1	33	-7.76529000e-05	3.76561000e-04	-2.15201000e+00	-3.78701000e-04
1.36472514e+02	2026-09-04T17:35:05.444054	0.00000000e+00	1	33	-7.42197000e-05	4.45604000e-04	-2.20181000e+00	-4.46008000e-04
1.36497937e+02	2026-09-04T17:35:05.474514	0.00000000e+00	1	33	-6.47783000e-05	4.44759000e-04	-2.20196000e+00	-4.40687000e-04
1.36506918e+02	2026-09-04T17:35:05.483925	0.00000000e+00	1	33	-7.53880000e-05	3.85842000e-04	-2.15212000e+00	-3.88106000e-04
1.36526803e+02	2026-09-04T17:35:05.503789	0.00000000e+00	1	33	-6.85692000e-05	3.36655000e-04	-2.10162000e+00	-3.38878000e-04
1.36554987e+02	2026-09-04T17:35:05.523712	0.00000000e+00	1	33	-7.84397000e-05	3.07014000e-04	-2.05161000e+00	-3.06670000e-04
1.36581482e+02	2026-09-04T17:35:05.554044	0.00000000e+00	1	33	-7.65562000e-05	2.72223000e-04	-2.00154000e+00	-2.72357000e-04
1.36605907e+02	2026-09-04T17:35:05.583672	0.00000000e+00	1	33	-6.51360000e-05	2.39641000e-04	-1.95151000e+00	-2.41104000e-04
1.36614294e+02	2026-09-04T17:35:05.583672	0.00000000e+00	1	33	-7.20739000e-05	2.17390000e-04	-1.90144000e+00	-2.17566000e-04
1.36647539e+02	2026-09-04T17:35:05.623852	0.00000000e+00	1	33	-6.92844000e-05	1.99039000e-04	-1.85144000e+00	-2.00331000e-04
1.36670674e+02	2026-09-04T17:35:05.647224	0.00000000e+00	1	33	-7.70092000e-05	1.85469000e-04	-1.80138000e+00	-1.85758000e-04
1.36678686e+02	2026-09-04T17:35:05.654086	0.00000000e+00	1	33	-7.97987000e-05	1.68990000e-04	-1.75136000e+00	-1.67964000e-04
1.36707396e+02	2026-09-04T17:35:05.685780	0.00000000e+00	1	33	-6.81162000e-05	1.54459000e-04	-1.70131000e+00	-1.54187000e-04
1.36732323e+02	2026-09-04T17:35:05.709800	0.00000000e+00	1	33	-6.45161000e-05	1.41786000e-04	-1.65132000e+00	-1.40566000e-04
1.36745968e+02	2026-09-04T17:35:05.723818	0.00000000e+00	1	33	-6.58512000e-05	1.28717000e-04	-1.60125000e+00	-1.28641000e-04
1.36768135e+02	2026-09-04T17:35:05.745861	0.00000000e+00	1	33	-7.40528000e-05	1.16273000e-04	-1.55126000e+00	-1.15366000e-04
1.36775907e+02	2026-09-04T17:35:05.754190	0.00000000e+00	1	33	-6.86407000e-05	1.05501000e-04	-1.50120000e+00	-1.06586000e-04
1.36788156e+02	2026-09-04T17:35:05.763917	0.00000000e+00	1	33	-6.99043000e-05	9.74205000e-05	-1.45116000e+00	-9.68282000e-05
1.36804982e+02	2026-09-04T17:35:05.776246	0.00000000e+00	1	33	-6.89268000e-05	8.76233000e-05	-1.40114000e+00	-8.75446000e-05
1.36834020e+02	2026-09-04T17:35:05.811316	0.00000000e+00	1	33	-6.87361000e-05	7.95210000e-05	-1.35111000e+00	-7.93634000e-05
1.36842494e+02	2026-09-04T17:35:05.815963	0.00000000e+00	1	33	-6.74009000e-05	7.12703000e-05	-1.30105000e+00	-6.98727000e-05
1.36889482e+02	2026-09-04T17:35:05.863983	0.00000000e+00	1	33	-7.31468000e-05	6.27831000e-05	-1.25103000e+00	-6.27674000e-05
1.36917482e+02	2026-09-04T17:35:05.893965	0.00000000e+00	1	33	-7.32422000e-05	5.63577000e-05	-1.20097000e+00	-5.62558000e-05
1.36939612e+02	2026-09-04T17:35:05.916994	0.00000000e+00	1	33	-6.41584000e-05	5.03133000e-05	-1.15096000e+00	-5.03243000e-05
1.36964827e+02	2026-09-04T17:35:05.934029	0.00000000e+00	1	33	-6.80208000e-05	4.40902000e-05	-1.10091000e+00	-4.44413000e-05
1.36988765e+02	2026-09-04T17:35:05.964254	0.00000000e+00	1	33	-6.78301000e-05	3.93103000e-05	-1.05084000e+00	-3.87666000e-05
1.37008547e+02	2026-09-04T17:35:05.983903	0.00000000e+00	1	33	-7.13587000e-05	3.40515000e-05	-1.00083000e+00	-3.40880000e-05
1.37016558e+02	2026-09-04T17:35:05.994230	0.00000000e+00	1	33	-6.87361000e-05	2.95749000e-05	-9.50768000e-01	-2.97985000e-05
1.37043926e+02	2026-09-04T17:35:06.013706	0.00000000e+00	1	33	-6.14643000e-05	2.57051000e-05	-9.00741000e-01	-2.57375000e-05
1.37066247e+02	2026-09-04T17:35:06.044241	0.00000000e+00	1	33	-6.95467000e-05	2.23574000e-05	-8.50680000e-01	-2.20676000e-05
1.37088220e+02	2026-09-04T17:35:06.064178	0.00000000e+00	1	33	-6.59466000e-05	1.87487000e-05	-8.00681000e-01	-1.85845000e-05
1.37095953e+02	2026-09-04T17:35:06.073925	0.00000000e+00	1	33	-6.47783000e-05	1.55963000e-05	-7.50630000e-01	-1.57272000e-05
1.37115498e+02	2026-09-04T17:35:06.093900	0.00000000e+00	1	33	-6.17266000e-05	1.30135000e-05	-7.00584000e-01	-1.28744000e-05
1.37143280e+02	2026-09-04T17:35:06.114035	0.00000000e+00	1	33	-6.46114000e-05	1.03978000e-05	-6.50515000e-01	-1.04007000e-05
1.37173308e+02	2026-09-04T17:35:06.150155	0.00000000e+00	1	33	-5.66006000e-05	8.56791000e-06	-6.00514000e-01	-8.29895000e-06
1.37186122e+02	2026-09-04T17:35:06.164127	0.00000000e+00	1	33	-7.06196000e-05	6.68787000e-06	-5.50450000e-01	-6.68905000e-06
1.37210005e+02	2026-09-04T17:35:06.187329	0.00000000e+00	1	33	-7.16209000e-05	5.50982000e-06	-5.00410000e-01	-5.33034000e-06
1.37235675e+02	2026-09-04T17:35:06.213755	0.00000000e+00	1	33	-6.97374000e-05	4.39134000e-06	-4.50355000e-01	-4.35690000e-06
1.37268129e+02	2026-09-04T17:35:06.246098	0.00000000e+00	1	33	-7.25269000e-05	3.33636000e-06	-4.00346000e-01	-3.33733000e-06
1.37276123e+02	2026-09-04T17:35:06.254085	0.00000000e+00	1	33	-7.80821000e-05	2.62065000e-06	-3.50310000e-01	-2.67085000e-06
1.37283932e+02	2026-09-04T17:35:06.261696	0.00000000e+00	1	33	-6.24418000e-05	1.97516000e-06	-3.00256000e-01	-1.96313000e-06
1.37305099e+02	2026-09-04T17:35:06.282873	0.00000000e+00	1	33	-6.38723000e-05	1.37480000e-06	-2.50217000e-01	-1.33964000e-06
1.37320625e+02	2026-09-04T17:35:06.298864	0.00000000e+00	1	33	-6.91891000e-05	8.71163000e-07	-2.00078000e-01	-7.85979000e-07
1.37349116e+02	2026-09-04T17:35:06.323892	0.00000000e+00	1	33	-6.68526000e-05	5.19986000e-07	-1.50041000e-01	-5.19006000e-07
1.37372111e+02	2026-09-04T17:35:06.349706	0.00000000e+00	1	33	-6.54221000e-05	3.07563000e-07	-1.00007000e-01	-3.18518000e-07
1.37397055e+02	2026-09-04T17:35:06.374231	0.00000000e+00	1	33	-6.36101000e-05	1.33638000e-07	-4.99585000e-02	-1.30796000e-07
1.37406190e+02	2026-09-04T17:35:06.384248	0.00000000e+00	1	33	-6.98090000e-05	-1.68002000e-10	2.92301000e-05	3.39270000e-11
1.39422313e+02	2026-09-04T17:35:08.394145	0.00000000e+00	1	34	-6.51360000e-05	-2.06189000e-07	3.39031000e-05	2.07482000e-07
1.39447322e+02	2026-09-04T17:35:08.423779	0.00000000e+00	1	34	-1.10650000e-04	6.49240000e-05	-4.98998000e-02	-6.46604000e-05
1.39473910e+02	2026-09-04T17:35:08.443866	0.00000000e+00	1	34	-6.89268000e-05	1.28993000e-04	-9.99963000e-02	-1.29043000e-04
1.39501123e+02	2026-09-04T17:35:08.474970	0.00000000e+00	1	34	-7.11679000e-05	1.91127000e-04	-1.50030000e-01	-1.90817000e-04
1.39509212e+02	2026-09-04T17:35:08.487557	0.00000000e+00	1	34	-7.13587000e-05	2.50288000e-04	-2.00076000e-01	-2.49153000e-04
1.39531049e+02	2026-09-04T17:35:08.503957	0.00000000e+00	1	34	-6.92844000e-05	3.07708000e-04	-2.50212000e-01	-3.07556000e-04
1.39541216e+02	2026-09-04T17:35:08.519225	0.00000000e+00	1	34	-6.70195000e-05	3.48674000e-04	-3.00278000e-01	-2.23424000e-04
1.39570739e+02	2026-09-04T17:35:08.548726	0.00000000e+00	1	34	-7.00951000e-05	2.54876000e-04	-3.50279000e-01	-2.55472000e-04
1.39604827e+02	2026-09-04T17:35:08.582599	0.00000000e+00	1	34	-6.91891000e-05	2.82228000e-04	-4.00338000e-01	-2.81542000e-04
1.39613149e+02	2026-09-04T17:35:08.584177	0.00000000e+00	1	34	-7.42197000e-05	3.09531000e-04	-4.50345000e-01	-3.08006000e-04
1.39636794e+02	2026-09-04T17:35:08.614157	0.00000000e+00	1	34	-7.26938000e-05	3.32079000e-04	-5.00423000e-01	-3.28697000e-04
1.39665712e+02	2026-09-04T17:35:08.644031	0.00000000e+00	1	34	-6.96421000e-05	3.59216000e-04	-5.50442000e-01	-3.62862000e-04
1.39698216e+02	2026-09-04T17:35:08.675073	0.00000000e+00	1	34	-7.18832000e-05	3.96394000e-04	-6.00523000e-01	-3.95037000e-04
1.39731334e+02	2026-09-04T17:35:08.704638	0.00000000e+00	1	34	-7.40528000e-05	4.90745000e-04	-6.50522000e-01	-4.99125000e-04
1.39764339e+02	2026-09-04T17:35:08.742204	0.00000000e+00	1	34	-7.90834000e-05	5.40612000e-04	-7.00586000e-01	-5.44340000e-04
1.39773088e+02	2026-09-04T17:35:08.743714	0.00000000e+00	1	34	-6.77586000e-05	5.68935000e-04	-7.50619000e-01	-5.59634000e-04
1.39796575e+02	2026-09-04T17:35:08.773932	0.00000000e+00	1	34	-6.89983000e-05	1.89741000e-05	-8.00689000e-01	-1.87888000e-05
1.39818448e+02	2026-09-04T17:35:08.796055	0.00000000e+00	1	34	-6.36101000e-05	2.21638000e-05	-8.50675000e-01	-2.22797000e-05
1.39853898e+02	2026-09-04T17:35:08.832161	0.00000000e+00	1	34	-6.57797000e-05	2.61489000e-05	-9.00750000e-01	-2.65992000e-05
1.39881204e+02	2026-09-04T17:35:08.858943	0.00000000e+00	1	34	-6.44207000e-05	2.91469000e-05	-9.50782000e-01	-2.93936000e-05
1.39903111e+02	2026-09-04T17:35:08.875914	0.00000000e+00	1	34	-6.51360000e-05	3.15103000e-05	-1.00082000e+00	-3.12466000e-05
1.39924162e+02	2026-09-04T17:35:08.901845	0.00000000e+00	1	34	-7.22408000e-05	3.40379000e-05	-1.05085000e+00	-3.40497000e-05
1.39939154e+02	2026-09-04T17:35:08.913763	0.00000000e+00	1	34	-6.73056000e-05	3.90090000e-05	-1.10090000e+00	-3.87157000e-05
1.39961557e+02	2026-09-04T17:35:08.933779	0.00000000e+00	1	34	-7.11679000e-05	4.36918000e-05	-1.15096000e+00	-4.38864000e-05
1.39971833e+02	2026-09-04T17:35:08.949776	0.00000000e+00	1	34	-7.08103000e-05	4.91378000e-05	-1.20098000e+00	-4.76223000e-05
1.39995789e+02	2026-09-04T17:35:08.973824	0.00000000e+00	1	34	-6.82831000e-05	5.22354000e-05	-1.25102000e+00	-5.22519000e-05
1.40020380e+02	2026-09-04T17:35:08.997473	0.00000000e+00	1	34	-7.01666000e-05	5.87284000e-05	-1.30103000e+00	-5.87173000e-05
1.40029051e+02	2026-09-04T17:35:09.003842	0.00000000e+00	1	34	-6.90937000e-05	6.42559000e-05	-1.35109000e+00	-6.39049000e-05
1.40051990e+02	2026-09-04T17:35:09.029373	0.00000000e+00	1	34	-7.15256000e-05	7.00423000e-05	-1.40111000e+00	-7.03930000e-05
1.40081271e+02	2026-09-04T17:35:09.055310	0.00000000e+00	1	34	-7.29561000e-05	7.72095000e-05	-1.45118000e+00	-7.74055000e-05
1.40106203e+02	2026-09-04T17:35:09.083919	0.00000000e+00	1	34	-6.60419000e-05	8.56931000e-05	-1.50118000e+00	-8.51046000e-05
1.40130234e+02	2026-09-04T17:35:09.107912	0.00000000e+00	1	34	-6.65903000e-05	9.23273000e-05	-1.55123000e+00	-9.25434000e-05
1.40149728e+02	2026-09-04T17:35:09.124200	0.00000000e+00	1	34	-7.45058000e-05	1.01885000e-04	-1.60126000e+00	-1.02281000e-04
1.40173438e+02	2026-09-04T17:35:09.143969	0.00000000e+00	1	34	-7.68423000e-05	1.11114000e-04	-1.65128000e+00	-1.11093000e-04
1.40189074e+02	2026-09-04T17:35:09.166475	0.00000000e+00	1	34	-6.58512000e-05	1.23343000e-04	-1.70132000e+00	-1.22825000e-04
1.40197418e+02	2026-09-04T17:35:09.174065	0.00000000e+00	1	34	-6.89983000e-05	1.37195000e-04	-1.75136000e+00	-1.37782000e-04
1.40205200e+02	2026-09-04T17:35:09.176625	0.00000000e+00	1	34	-6.89268000e-05	1.51937000e-04	-1.80138000e+00	-1.52150000e-04
1.40226665e+02	2026-09-04T17:35:09.203749	0.00000000e+00	1	34	-6.98090000e-05	1.69395000e-04	-1.85143000e+00	-1.70248000e-04
1.40237103e+02	2026-09-04T17:35:09.213754	0.00000000e+00	1	34	-6.35147000e-05	1.86188000e-04	-1.90147000e+00	-1.84048000e-04
1.40256311e+02	2026-09-04T17:35:09.234157	0.00000000e+00	1	34	-6.96421000e-05	2.02600000e-04	-1.95149000e+00	-2.01119000e-04
1.40278920e+02	2026-09-04T17:35:09.254140	0.00000000e+00	1	34	-7.04527000e-05	2.21095000e-04	-2.00150000e+00	-2.21787000e-04
1.40286868e+02	2026-09-04T17:35:09.263841	0.00000000e+00	1	34	-7.25985000e-05	2.50593000e-04	-2.05166000e+00	-2.53949000e-04
1.40309155e+02	2026-09-04T17:35:09.284182	0.00000000e+00	1	34	-6.84738000e-05	3.00095000e-04	-2.10165000e+00	-3.03316000e-04
1.40327423e+02	2026-09-04T17:35:09.303781	0.00000000e+00	1	34	-7.13587000e-05	3.45642000e-04	-2.15193000e+00	-3.48031000e-04
1.40344768e+02	2026-09-04T17:35:09.316048	0.00000000e+00	1	34	-7.20739000e-05	4.37799000e-04	-2.20188000e+00	-4.34669000e-04
1.40353366e+02	2026-09-04T17:35:09.326444	0.00000000e+00	1	34	-7.42197000e-05	4.43977000e-04	-2.20183000e+00	-4.31109000e-04
1.40375704e+02	2026-09-04T17:35:09.347818	0.00000000e+00	1	34	-7.20739000e-05	3.84731000e-04	-2.15208000e+00	-3.82380000e-04
1.40383477e+02	2026-09-04T17:35:09.354226	0.00000000e+00	1	34	-7.00951000e-05	3.31777000e-04	-2.10174000e+00	-3.35094000e-04
1.40392307e+02	2026-09-04T17:35:09.363893	0.00000000e+00	1	34	-7.57456000e-05	2.93056000e-04	-2.05158000e+00	-2.93470000e-04
1.40408607e+02	2026-09-04T17:35:09.383974	0.00000000e+00	1	34	-6.84738000e-05	2.62414000e-04	-2.00154000e+00	-2.61307000e-04
1.40435980e+02	2026-09-04T17:35:09.413859	0.00000000e+00	1	34	-7.41243000e-05	2.35942000e-04	-1.95151000e+00	-2.34164000e-04
1.40447168e+02	2026-09-04T17:35:09.424126	0.00000000e+00	1	34	-6.91891000e-05	2.11219000e-04	-1.90146000e+00	-2.11484000e-04
1.40470790e+02	2026-09-04T17:35:09.443895	0.00000000e+00	1	34	-7.15256000e-05	1.91463000e-04	-1.85143000e+00	-1.90840000e-04
1.40478490e+02	2026-09-04T17:35:09.453871	0.00000000e+00	1	34	-7.84397000e-05	1.73171000e-04	-1.80137000e+00	-1.73702000e-04
1.40504412e+02	2026-09-04T17:35:09.476693	0.00000000e+00	1	34	-7.13587000e-05	1.56182000e-04	-1.75138000e+00	-1.55417000e-04
1.40528176e+02	2026-09-04T17:35:09.504278	0.00000000e+00	1	34	-7.17878000e-05	1.42116000e-04	-1.70132000e+00	-1.41989000e-04
1.40543295e+02	2026-09-04T17:35:09.513933	0.00000000e+00	1	34	-7.44104000e-05	1.29221000e-04	-1.65132000e+00	-1.29039000e-04
1.40572599e+02	2026-09-04T17:35:09.544081	0.00000000e+00	1	34	-7.59363000e-05	1.17399000e-04	-1.60124000e+00	-1.17327000e-04
1.40591694e+02	2026-09-04T17:35:09.564065	0.00000000e+00	1	34	-6.98090000e-05	1.07357000e-04	-1.55125000e+00	-1.07629000e-04
1.40622008e+02	2026-09-04T17:35:09.593978	0.00000000e+00	1	34	-7.76529000e-05	9.96484000e-05	-1.50117000e+00	-9.86109000e-05
1.40634352e+02	2026-09-04T17:35:09.604101	0.00000000e+00	1	34	-7.28846000e-05	8.98989000e-05	-1.45116000e+00	-8.95833000e-05
1.40656524e+02	2026-09-04T17:35:09.633959	0.00000000e+00	1	34	-7.25269000e-05	8.10631000e-05	-1.40111000e+00	-8.08849000e-05
1.40682216e+02	2026-09-04T17:35:09.653807	0.00000000e+00	1	34	-7.35998000e-05	7.29491000e-05	-1.35110000e+00	-7.26508000e-05
1.40707609e+02	2026-09-04T17:35:09.683972	0.00000000e+00	1	34	-6.91891000e-05	6.50613000e-05	-1.30104000e+00	-6.48976000e-05
1.40715332e+02	2026-09-04T17:35:09.683972	0.00000000e+00	1	34	-7.42197000e-05	5.82718000e-05	-1.25101000e+00	-5.79780000e-05
1.40734666e+02	2026-09-04T17:35:09.712586	0.00000000e+00	1	34	-7.22408000e-05	5.16498000e-05	-1.20098000e+00	-5.24169000e-05
1.40782195e+02	2026-09-04T17:35:09.759930	0.00000000e+00	1	34	-7.50303000e-05	4.64257000e-05	-1.15095000e+00	-4.66246000e-05
1.40790240e+02	2026-09-04T17:35:09.764024	0.00000000e+00	1	34	-7.48634000e-05	4.13039000e-05	-1.10091000e+00	-4.11316000e-05
1.40816301e+02	2026-09-04T17:35:09.794086	0.00000000e+00	1	34	-7.11679000e-05	3.54813000e-05	-1.05083000e+00	-3.52945000e-05
1.40838121e+02	2026-09-04T17:35:09.814071	0.00000000e+00	1	34	-7.23362000e-05	3.09880000e-05	-1.00082000e+00	-3.11708000e-05
1.40861767e+02	2026-09-04T17:35:09.839183	0.00000000e+00	1	34	-7.05481000e-05	2.72590000e-05	-9.50769000e-01	-2.73037000e-05
1.40869770e+02	2026-09-04T17:35:09.843728	0.00000000e+00	1	34	-7.65562000e-05	2.31361000e-05	-9.00731000e-01	-2.32020000e-05
1.40894477e+02	2026-09-04T17:35:09.870912	0.00000000e+00	1	34	-7.48634000e-05	1.98909000e-05	-8.50666000e-01	-1.99255000e-05
1.40903572e+02	2026-09-04T17:35:09.876795	0.00000000e+00	1	34	-7.74622000e-05	1.67962000e-05	-8.00680000e-01	-1.70126000e-05
1.40936041e+02	2026-09-04T17:35:09.914042	0.00000000e+00	1	34	-7.00951000e-05	1.38952000e-05	-7.50612000e-01	-1.38648000e-05
1.40957977e+02	2026-09-04T17:35:09.935396	0.00000000e+00	1	34	-7.10726000e-05	1.12746000e-05	-7.00577000e-01	-1.13078000e-05
1.40972212e+02	2026-09-04T17:35:09.945859	0.00000000e+00	1	34	-5.94854000e-05	9.22732000e-06	-6.50548000e-01	-9.19078000e-06
1.41004111e+02	2026-09-04T17:35:09.976969	0.00000000e+00	1	34	-7.86305000e-05	7.41543000e-06	-6.00512000e-01	-7.31266000e-06
1.41026832e+02	2026-09-04T17:35:10.004135	0.00000000e+00	1	34	-7.78198000e-05	5.69584000e-06	-5.50439000e-01	-5.72431000e-06
1.41034813e+02	2026-09-04T17:35:10.004135	0.00000000e+00	1	34	-6.92844000e-05	4.46958000e-06	-5.00422000e-01	-4.38773000e-06
1.41068185e+02	2026-09-04T17:35:10.046520	0.00000000e+00	1	34	-7.30515000e-05	3.40781000e-06	-4.50350000e-01	-3.45591000e-06
1.41096378e+02	2026-09-04T17:35:10.074020	0.00000000e+00	1	34	-6.84738000e-05	2.62581000e-06	-4.00380000e-01	-2.56174000e-06
1.41116533e+02	2026-09-04T17:35:10.093819	0.00000000e+00	1	34	-6.86407000e-05	1.95688000e-06	-3.50275000e-01	-1.98841000e-06
1.41137532e+02	2026-09-04T17:35:10.113771	0.00000000e+00	1	34	-7.34091000e-05	1.41383000e-06	-3.00256000e-01	-1.39826000e-06
1.41155087e+02	2026-09-04T17:35:10.125651	0.00000000e+00	1	34	-7.33376000e-05	9.84210000e-07	-2.50197000e-01	-9.79782000e-07
1.41168858e+02	2026-09-04T17:35:10.144192	0.00000000e+00	1	34	-6.88314000e-05	6.23806000e-07	-2.00074000e-01	-5.68991000e-07
1.41195404e+02	2026-09-04T17:35:10.173766	0.00000000e+00	1	34	-6.99043000e-05	3.35681000e-07	-1.50038000e-01	-3.21513000e-07
1.41203330e+02	2026-09-04T17:35:10.176920	0.00000000e+00	1	34	-6.86407000e-05	1.85454000e-07	-9.99953000e-02	-1.84164000e-07
1.41211495e+02	2026-09-04T17:35:10.189205	0.00000000e+00	1	34	-7.85351000e-05	7.39581000e-08	-4.99517000e-02	-6.84226000e-08
1.41322509e+02	2026-09-04T17:35:10.299941	0.00000000e+00	1	34	-5.75066000e-05	1.11451000e-08	2.76089000e-05	-7.16661000e-09
1.43296929e+02	2026-09-04T17:35:12.275324	0.00000000e+00	1	35	-6.40631000e-05	-2.67839000e-07	4.06504000e-05	2.62080000e-07
1.43330372e+02	2026-09-04T17:35:12.307485	0.00000000e+00	1	35	-1.14322000e-04	5.81125000e-05	-4.98991000e-02	-5.77263000e-05
1.43370988e+02	2026-09-04T17:35:12.343818	0.00000000e+00	1	35	-6.91891000e-05	1.15870000e-04	-9.99946000e-02	-1.15903000e-04
1.43393726e+02	2026-09-04T17:35:12.371074	0.00000000e+00	1	35	-6.75678000e-05	1.72555000e-04	-1.50036000e-01	-1.72791000e-04
1.43425492e+02	2026-09-04T17:35:12.402627	0.00000000e+00	1	35	-6.80208000e-05	2.28117000e-04	-2.00069000e-01	-2.28334000e-04
1.43450725e+02	2026-09-04T17:35:12.423957	0.00000000e+00	1	35	-7.03573000e-05	2.80110000e-04	-2.50202000e-01	-2.79124000e-04
1.43458641e+02	2026-09-04T17:35:12.434179	0.00000000e+00	1	35	-6.65903000e-05	3.30895000e-04	-3.00257000e-01	-3.15688000e-04
1.43482617e+02	2026-09-04T17:35:12.453905	0.00000000e+00	1	35	-6.43253000e-05	2.62235000e-04	-3.50312000e-01	-2.50605000e-04
1.43492115e+02	2026-09-04T17:35:12.469743	0.00000000e+00	1	35	-6.66618000e-05	2.52072000e-04	-4.00346000e-01	-2.33315000e-04
1.43534603e+02	2026-09-04T17:35:12.511995	0.00000000e+00	1	35	-7.03573000e-05	2.31645000e-04	-4.50361000e-01	-2.27058000e-04
1.43555851e+02	2026-09-04T17:35:12.534134	0.00000000e+00	1	35	-6.47783000e-05	2.37108000e-04	-5.00408000e-01	-2.40101000e-04
1.43564117e+02	2026-09-04T17:35:12.534134	0.00000000e+00	1	35	-6.86407000e-05	2.71091000e-04	-5.50461000e-01	-2.57814000e-04
1.43588777e+02	2026-09-04T17:35:12.565870	0.00000000e+00	1	35	-6.92844000e-05	3.98119000e-04	-6.00512000e-01	-3.90994000e-04
1.43619647e+02	2026-09-04T17:35:12.597738	0.00000000e+00	1	35	-7.19786000e-05	4.28308000e-04	-6.50509000e-01	-4.34272000e-04
1.43646825e+02	2026-09-04T17:35:12.624461	0.00000000e+00	1	35	-6.35147000e-05	4.69925000e-04	-7.00580000e-01	-4.71792000e-04
1.43669057e+02	2026-09-04T17:35:12.646290	0.00000000e+00	1	35	-6.64949000e-05	4.92170000e-04	-7.50613000e-01	-4.83931000e-04
1.43684510e+02	2026-09-04T17:35:12.662304	0.00000000e+00	1	35	-6.47783000e-05	4.98865000e-04	-8.00675000e-01	-4.90435000e-04
1.43697725e+02	2026-09-04T17:35:12.674258	0.00000000e+00	1	35	-7.33376000e-05	4.65005000e-04	-8.50674000e-01	-4.60910000e-04
1.43726354e+02	2026-09-04T17:35:12.703949	0.00000000e+00	1	35	-5.54323000e-05	4.14482000e-04	-9.00727000e-01	-4.10553000e-04
1.43736231e+02	2026-09-04T17:35:12.713833	0.00000000e+00	1	35	-5.61476000e-05	3.87712000e-04	-9.50796000e-01	-3.70956000e-04
1.43744022e+02	2026-09-04T17:35:12.713833	0.00000000e+00	1	35	-6.18219000e-05	3.93104000e-04	-1.00081000e+00	-3.84764000e-04
1.43763966e+02	2026-09-04T17:35:12.741665	0.00000000e+00	1	35	-5.05686000e-05	3.37073000e-04	-1.05083000e+00	-3.10560000e-04
1.43797779e+02	2026-09-04T17:35:12.774010	0.00000000e+00	1	35	-8.11577000e-05	3.32515000e-04	-1.10091000e+00	-2.04303000e-04
1.43828009e+02	2026-09-04T17:35:12.805659	0.00000000e+00	1	35	-6.97374000e-05	1.09918000e-04	-1.15096000e+00	-1.09883000e-04
1.43836145e+02	2026-09-04T17:35:12.814150	0.00000000e+00	1	35	-6.69479000e-05	1.18770000e-04	-1.20095000e+00	-1.17700000e-04
1.43860123e+02	2026-09-04T17:35:12.837473	0.00000000e+00	1	35	-6.60419000e-05	1.28980000e-04	-1.25102000e+00	-1.29699000e-04
1.43892861e+02	2026-09-04T17:35:12.869440	0.00000000e+00	1	35	-6.32525000e-05	1.28334000e-04	-1.30103000e+00	-1.29997000e-04
1.43901724e+02	2026-09-04T17:35:12.879929	0.00000000e+00	1	35	-6.82831000e-05	1.39223000e-04	-1.35110000e+00	-1.39980000e-04
1.43923825e+02	2026-09-04T17:35:12.901662	0.00000000e+00	1	35	-6.57797000e-05	1.32565000e-04	-1.40110000e+00	-1.46304000e-04
1.43970536e+02	2026-09-04T17:35:12.943815	0.00000000e+00	1	35	-7.52211000e-05	1.55897000e-04	-1.45116000e+00	-1.51108000e-04
1.43993968e+02	2026-09-04T17:35:12.965466	0.00000000e+00	1	35	-6.67572000e-05	1.64937000e-04	-1.50120000e+00	-1.52480000e-04
1.44002735e+02	2026-09-04T17:35:12.980267	0.00000000e+00	1	35	-7.17878000e-05	1.57561000e-04	-1.55124000e+00	-1.59905000e-04
1.44033651e+02	2026-09-04T17:35:13.004016	0.00000000e+00	1	35	-7.23362000e-05	1.64622000e-04	-1.60125000e+00	-1.64065000e-04
1.44062885e+02	2026-09-04T17:35:13.037549	0.00000000e+00	1	35	-6.20842000e-05	1.80979000e-04	-1.65128000e+00	-2.03890000e-04
1.44083339e+02	2026-09-04T17:35:13.060719	0.00000000e+00	1	35	-6.76632000e-05	1.83660000e-04	-1.70131000e+00	-1.87739000e-04
1.44091938e+02	2026-09-04T17:35:13.063857	0.00000000e+00	1	35	-6.80208000e-05	2.02299000e-04	-1.75138000e+00	-2.02999000e-04
1.44116495e+02	2026-09-04T17:35:13.093912	0.00000000e+00	1	35	-6.74009000e-05	2.04576000e-04	-1.80139000e+00	-2.04185000e-04
1.44147259e+02	2026-09-04T17:35:13.124263	0.00000000e+00	1	35	-5.97477000e-05	2.08080000e-04	-1.85141000e+00	-2.12600000e-04
1.44158705e+02	2026-09-04T17:35:13.133927	0.00000000e+00	1	35	-6.79255000e-05	2.21414000e-04	-1.90145000e+00	-2.19455000e-04
1.44166870e+02	2026-09-04T17:35:13.143965	0.00000000e+00	1	35	-6.76632000e-05	2.40869000e-04	-1.95149000e+00	-2.39706000e-04
1.44174795e+02	2026-09-04T17:35:13.143965	0.00000000e+00	1	35	-7.88212000e-05	2.69749000e-04	-2.00152000e+00	-2.72602000e-04
1.44194649e+02	2026-09-04T17:35:13.172038	0.00000000e+00	1	35	-7.00951000e-05	3.09652000e-04	-2.05180000e+00	-2.96513000e-04
1.44216445e+02	2026-09-04T17:35:13.193774	0.00000000e+00	1	35	-7.05481000e-05	3.39274000e-04	-2.10177000e+00	-3.34544000e-04
1.44250427e+02	2026-09-04T17:35:13.223944	0.00000000e+00	1	35	-7.14302000e-05	4.02960000e-04	-2.15208000e+00	-3.92126000e-04
1.44274634e+02	2026-09-04T17:35:13.251961	0.00000000e+00	1	35	-6.81162000e-05	4.85958000e-04	-2.20193000e+00	-4.80429000e-04
1.44290168e+02	2026-09-04T17:35:13.267942	0.00000000e+00	1	35	-7.09057000e-05	4.70130000e-04	-2.20179000e+00	-4.85934000e-04
1.44338594e+02	2026-09-04T17:35:13.315851	0.00000000e+00	1	35	-6.90937000e-05	3.91544000e-04	-2.15202000e+00	-3.94908000e-04
1.44346985e+02	2026-09-04T17:35:13.323878	0.00000000e+00	1	35	-7.39574000e-05	3.47890000e-04	-2.10173000e+00	-3.44960000e-04
1.44371926e+02	2026-09-04T17:35:13.347875	0.00000000e+00	1	35	-6.98090000e-05	3.10453000e-04	-2.05174000e+00	-3.12725000e-04
1.44412806e+02	2026-09-04T17:35:13.384096	0.00000000e+00	1	35	-6.67572000e-05	2.73785000e-04	-2.00154000e+00	-2.72215000e-04
1.44427289e+02	2026-09-04T17:35:13.403877	0.00000000e+00	1	35	-6.55890000e-05	2.50012000e-04	-1.95150000e+00	-2.48567000e-04
1.44436174e+02	2026-09-04T17:35:13.414048	0.00000000e+00	1	35	-6.77586000e-05	2.23589000e-04	-1.90146000e+00	-2.24134000e-04
1.44443973e+02	2026-09-04T17:35:13.414048	0.00000000e+00	1	35	-7.31468000e-05	2.02487000e-04	-1.85143000e+00	-2.02071000e-04
1.44462374e+02	2026-09-04T17:35:13.434006	0.00000000e+00	1	35	-6.40631000e-05	1.83786000e-04	-1.80138000e+00	-1.84313000e-04
1.44472517e+02	2026-09-04T17:35:13.446343	0.00000000e+00	1	35	-6.56843000e-05	1.66389000e-04	-1.75137000e+00	-1.66468000e-04
1.44488847e+02	2026-09-04T17:35:13.464130	0.00000000e+00	1	35	-6.27995000e-05	1.52587000e-04	-1.70131000e+00	-1.52790000e-04
1.44505056e+02	2026-09-04T17:35:13.480963	0.00000000e+00	1	35	-6.62327000e-05	1.39107000e-04	-1.65131000e+00	-1.38567000e-04
1.44514290e+02	2026-09-04T17:35:13.491863	0.00000000e+00	1	35	-6.62327000e-05	1.26451000e-04	-1.60124000e+00	-1.26932000e-04
1.44522330e+02	2026-09-04T17:35:13.493871	0.00000000e+00	1	35	-6.58512000e-05	1.14448000e-04	-1.55125000e+00	-1.14721000e-04
1.44547402e+02	2026-09-04T17:35:13.524100	0.00000000e+00	1	35	-6.82831000e-05	1.03369000e-04	-1.50119000e+00	-1.03093000e-04
1.44574319e+02	2026-09-04T17:35:13.544115	0.00000000e+00	1	35	-7.03573000e-05	9.28897000e-05	-1.45116000e+00	-9.26496000e-05
1.44598882e+02	2026-09-04T17:35:13.574011	0.00000000e+00	1	35	-6.07252000e-05	8.36530000e-05	-1.40111000e+00	-8.35650000e-05
1.44607045e+02	2026-09-04T17:35:13.584005	0.00000000e+00	1	35	-6.61373000e-05	7.56984000e-05	-1.35109000e+00	-7.55052000e-05
1.44639198e+02	2026-09-04T17:35:13.613898	0.00000000e+00	1	35	-6.95467000e-05	6.70690000e-05	-1.30104000e+00	-6.68891000e-05
1.44671247e+02	2026-09-04T17:35:13.648207	0.00000000e+00	1	35	-6.36101000e-05	5.98760000e-05	-1.25100000e+00	-5.95540000e-05
1.44679344e+02	2026-09-04T17:35:13.653816	0.00000000e+00	1	35	-6.71148000e-05	5.21751000e-05	-1.20097000e+00	-5.24483000e-05
1.44704625e+02	2026-09-04T17:35:13.681193	0.00000000e+00	1	35	-7.18832000e-05	4.65716000e-05	-1.15096000e+00	-4.69162000e-05
1.44740545e+02	2026-09-04T17:35:13.715489	0.00000000e+00	1	35	-6.48737000e-05	4.13762000e-05	-1.10089000e+00	-4.17085000e-05
1.44748826e+02	2026-09-04T17:35:13.723975	0.00000000e+00	1	35	-7.59363000e-05	3.65113000e-05	-1.05083000e+00	-3.62144000e-05
1.44756724e+02	2026-09-04T17:35:13.734043	0.00000000e+00	1	35	-6.65903000e-05	3.10952000e-05	-1.00081000e+00	-3.09809000e-05
1.44767726e+02	2026-09-04T17:35:13.744172	0.00000000e+00	1	35	-7.09057000e-05	2.68275000e-05	-9.50785000e-01	-2.69421000e-05
1.44800825e+02	2026-09-04T17:35:13.779038	0.00000000e+00	1	35	-6.88314000e-05	2.29089000e-05	-9.00750000e-01	-2.29571000e-05
1.44824260e+02	2026-09-04T17:35:13.797973	0.00000000e+00	1	35	-6.85692000e-05	1.96752000e-05	-8.50689000e-01	-1.99159000e-05
1.44832584e+02	2026-09-04T17:35:13.810639	0.00000000e+00	1	35	-6.23465000e-05	1.69700000e-05	-8.00685000e-01	-1.70864000e-05
1.44863436e+02	2026-09-04T17:35:13.833763	0.00000000e+00	1	35	-6.96421000e-05	1.41232000e-05	-7.50623000e-01	-1.40068000e-05
1.44912273e+02	2026-09-04T17:35:13.889997	0.00000000e+00	1	35	-6.05583000e-05	1.12807000e-05	-7.00577000e-01	-1.12223000e-05
1.44920355e+02	2026-09-04T17:35:13.893965	0.00000000e+00	1	35	-5.07593000e-05	9.31484000e-06	-6.50532000e-01	-9.31365000e-06
1.44944384e+02	2026-09-04T17:35:13.921767	0.00000000e+00	1	35	-7.15256000e-05	7.56852000e-06	-6.00506000e-01	-7.41114000e-06
1.44969562e+02	2026-09-04T17:35:13.943915	0.00000000e+00	1	35	-5.83172000e-05	6.15885000e-06	-5.50447000e-01	-6.05897000e-06
1.45001038e+02	2026-09-04T17:35:13.973904	0.00000000e+00	1	35	-5.83887000e-05	4.68609000e-06	-5.00400000e-01	-4.74320000e-06
1.45024057e+02	2026-09-04T17:35:14.001630	0.00000000e+00	1	35	-7.13587000e-05	3.70896000e-06	-4.50340000e-01	-3.68419000e-06
1.45032062e+02	2026-09-04T17:35:14.004229	0.00000000e+00	1	35	-6.61373000e-05	2.81390000e-06	-4.00369000e-01	-2.83101000e-06
1.45056932e+02	2026-09-04T17:35:14.034062	0.00000000e+00	1	35	-6.44207000e-05	2.05191000e-06	-3.50277000e-01	-2.03277000e-06
1.45090244e+02	2026-09-04T17:35:14.067867	0.00000000e+00	1	35	-6.58512000e-05	1.44064000e-06	-3.00274000e-01	-1.40881000e-06
1.45098211e+02	2026-09-04T17:35:14.076306	0.00000000e+00	1	35	-6.21796000e-05	9.84184000e-07	-2.50195000e-01	-9.92436000e-07
1.45112500e+02	2026-09-04T17:35:14.084062	0.00000000e+00	1	35	-6.95467000e-05	6.33194000e-07	-2.00068000e-01	-6.45045000e-07
1.45153360e+02	2026-09-04T17:35:14.130165	0.00000000e+00	1	35	-6.71148000e-05	3.86348000e-07	-1.50030000e-01	-3.78620000e-07
1.45163595e+02	2026-09-04T17:35:14.134198	0.00000000e+00	1	35	-5.89371000e-05	2.15574000e-07	-9.99891000e-02	-2.13241000e-07
1.45184587e+02	2026-09-04T17:35:14.161967	0.00000000e+00	1	35	-7.11679000e-05	9.49324000e-08	-4.99419000e-02	-9.05102000e-08
1.45288597e+02	2026-09-04T17:35:14.264241	0.00000000e+00	1	35	-2.33173000e-05	4.96568000e-08	1.21117000e-05	-3.28998000e-08
1.47436146e+02	2026-09-04T17:35:16.414018	0.00000000e+00	1	36	-6.97374000e-05	-2.22225000e-07	3.45230000e-05	2.10646000e-07
1.47457852e+02	2026-09-04T17:35:16.435451	0.00000000e+00	1	36	-1.10745000e-04	6.55082000e-05	-4.99020000e-02	-6.50260000e-05
1.47477622e+02	2026-09-04T17:35:16.454052	0.00000000e+00	1	36	-7.86305000e-05	1.28976000e-04	-9.99919000e-02	-1.28794000e-04
1.47508292e+02	2026-09-04T17:35:16.486648	0.00000000e+00	1	36	-6.87361000e-05	1.91530000e-04	-1.50037000e-01	-1.91587000e-04
1.47518009e+02	2026-09-04T17:35:16.493881	0.00000000e+00	1	36	-7.56741000e-05	2.51772000e-04	-2.00070000e-01	-2.51755000e-04
1.47534210e+02	2026-09-04T17:35:16.503877	0.00000000e+00	1	36	-7.12633000e-05	3.11245000e-04	-2.50219000e-01	-3.10876000e-04
1.47542921e+02	2026-09-04T17:35:16.515563	0.00000000e+00	1	36	-6.65903000e-05	3.61274000e-04	-3.00262000e-01	-3.52011000e-04
1.47552599e+02	2026-09-04T17:35:16.531012	0.00000000e+00	1	36	-6.39677000e-05	2.70708000e-04	-3.50275000e-01	-2.60737000e-04
1.47593430e+02	2026-09-04T17:35:16.564050	0.00000000e+00	1	36	-7.29561000e-05	2.82050000e-04	-4.00361000e-01	-2.83123000e-04
1.47610294e+02	2026-09-04T17:35:16.583936	0.00000000e+00	1	36	-7.07150000e-05	3.15133000e-04	-4.50359000e-01	-3.08391000e-04
1.47641396e+02	2026-09-04T17:35:16.614127	0.00000000e+00	1	36	-7.62939000e-05	3.17396000e-04	-5.00414000e-01	-3.18155000e-04
1.47664934e+02	2026-09-04T17:35:16.642118	0.00000000e+00	1	36	-7.07150000e-05	3.55947000e-04	-5.50457000e-01	-3.61700000e-04
1.47696365e+02	2026-09-04T17:35:16.674136	0.00000000e+00	1	36	-7.34091000e-05	4.02070000e-04	-6.00518000e-01	-4.04906000e-04
1.47704318e+02	2026-09-04T17:35:16.674136	0.00000000e+00	1	36	-8.43763000e-05	4.48862000e-04	-6.50499000e-01	-4.94665000e-04
1.47728255e+02	2026-09-04T17:35:16.705579	0.00000000e+00	1	36	-7.57456000e-05	5.62440000e-04	-7.00589000e-01	-5.66277000e-04
1.47762925e+02	2026-09-04T17:35:16.738359	0.00000000e+00	1	36	-7.01666000e-05	5.79268000e-04	-7.50610000e-01	-5.78357000e-04
1.47774238e+02	2026-09-04T17:35:16.747804	0.00000000e+00	1	36	-7.54833000e-05	5.68574000e-04	-8.00681000e-01	-5.26112000e-04
1.47797429e+02	2026-09-04T17:35:16.773907	0.00000000e+00	1	36	-7.52926000e-05	5.20342000e-04	-8.50668000e-01	-5.15832000e-04
1.47805166e+02	2026-09-04T17:35:16.773907	0.00000000e+00	1	36	-7.18832000e-05	5.35474000e-04	-9.00734000e-01	-5.28539000e-04
1.47858229e+02	2026-09-04T17:35:16.835853	0.00000000e+00	1	36	-7.11679000e-05	2.92715000e-05	-9.50770000e-01	-2.89546000e-05
1.47885737e+02	2026-09-04T17:35:16.864154	0.00000000e+00	1	36	-6.74009000e-05	3.29545000e-05	-1.00081000e+00	-3.28616000e-05
1.47894332e+02	2026-09-04T17:35:16.872024	0.00000000e+00	1	36	-6.57797000e-05	3.79937000e-05	-1.05083000e+00	-3.75543000e-05
1.47901966e+02	2026-09-04T17:35:16.874028	0.00000000e+00	1	36	-7.00951000e-05	4.13136000e-05	-1.10089000e+00	-4.11637000e-05
1.47919392e+02	2026-09-04T17:35:16.894075	0.00000000e+00	1	36	-6.86407000e-05	4.68519000e-05	-1.15098000e+00	-4.69241000e-05
1.47948470e+02	2026-09-04T17:35:16.924165	0.00000000e+00	1	36	-7.86305000e-05	5.17718000e-05	-1.20097000e+00	-5.13106000e-05
1.47968494e+02	2026-09-04T17:35:16.944040	0.00000000e+00	1	36	-7.13587000e-05	5.67701000e-05	-1.25102000e+00	-5.81437000e-05
1.47992445e+02	2026-09-04T17:35:16.964283	0.00000000e+00	1	36	-6.86407000e-05	6.43696000e-05	-1.30103000e+00	-6.53473000e-05
1.48000224e+02	2026-09-04T17:35:16.974399	0.00000000e+00	1	36	-6.83785000e-05	7.45842000e-05	-1.35112000e+00	-7.15401000e-05
1.48033865e+02	2026-09-04T17:35:17.011606	0.00000000e+00	1	36	-6.86407000e-05	7.96543000e-05	-1.40110000e+00	-7.81620000e-05
1.48059339e+02	2026-09-04T17:35:17.033826	0.00000000e+00	1	36	-7.42197000e-05	8.61807000e-05	-1.45116000e+00	-8.62880000e-05
1.48081901e+02	2026-09-04T17:35:17.059165	0.00000000e+00	1	36	-6.89268000e-05	9.54043000e-05	-1.50119000e+00	-9.45373000e-05
1.48108093e+02	2026-09-04T17:35:17.085710	0.00000000e+00	1	36	-6.96421000e-05	1.02990000e-04	-1.55125000e+00	-1.02471000e-04
1.48125021e+02	2026-09-04T17:35:17.094214	0.00000000e+00	1	36	-7.00951000e-05	1.13355000e-04	-1.60124000e+00	-1.13989000e-04
1.48145359e+02	2026-09-04T17:35:17.122722	0.00000000e+00	1	36	-7.17878000e-05	1.22370000e-04	-1.65130000e+00	-1.22372000e-04
1.48153552e+02	2026-09-04T17:35:17.123794	0.00000000e+00	1	36	-6.66618000e-05	1.33951000e-04	-1.70133000e+00	-1.32703000e-04
1.48186839e+02	2026-09-04T17:35:17.164217	0.00000000e+00	1	36	-6.73056000e-05	1.38844000e-04	-1.75136000e+00	-1.38452000e-04
1.48214910e+02	2026-09-04T17:35:17.191743	0.00000000e+00	1	36	-7.39574000e-05	1.51749000e-04	-1.80138000e+00	-1.51213000e-04
1.48240218e+02	2026-09-04T17:35:17.218171	0.00000000e+00	1	36	-7.48634000e-05	1.69384000e-04	-1.85143000e+00	-1.69871000e-04
1.48248301e+02	2026-09-04T17:35:17.223995	0.00000000e+00	1	36	-6.53267000e-05	1.85685000e-04	-1.90146000e+00	-1.83100000e-04
1.48274253e+02	2026-09-04T17:35:17.251119	0.00000000e+00	1	36	-6.72102000e-05	2.06899000e-04	-1.95149000e+00	-2.05460000e-04
1.48285902e+02	2026-09-04T17:35:17.264165	0.00000000e+00	1	36	-7.94411000e-05	2.26578000e-04	-2.00152000e+00	-2.31066000e-04
1.48335596e+02	2026-09-04T17:35:17.313718	0.00000000e+00	1	36	-7.56741000e-05	2.67733000e-04	-2.05174000e+00	-2.68776000e-04
1.48343483e+02	2026-09-04T17:35:17.318338	0.00000000e+00	1	36	-7.38621000e-05	2.99140000e-04	-2.10165000e+00	-3.00673000e-04
1.48368657e+02	2026-09-04T17:35:17.345440	0.00000000e+00	1	36	-7.18832000e-05	3.64401000e-04	-2.15187000e+00	-3.70554000e-04
1.48395134e+02	2026-09-04T17:35:17.363790	0.00000000e+00	1	36	-6.95467000e-05	4.19090000e-04	-2.20188000e+00	-4.19807000e-04
1.48408244e+02	2026-09-04T17:35:17.384249	0.00000000e+00	1	36	-7.18832000e-05	4.48624000e-04	-2.20180000e+00	-4.46207000e-04
1.48416592e+02	2026-09-04T17:35:17.393866	0.00000000e+00	1	36	-7.28846000e-05	3.92655000e-04	-2.15210000e+00	-3.85938000e-04
1.48424749e+02	2026-09-04T17:35:17.393866	0.00000000e+00	1	36	-7.25985000e-05	3.42524000e-04	-2.10169000e+00	-3.37327000e-04
1.48446533e+02	2026-09-04T17:35:17.423941	0.00000000e+00	1	36	-6.50644000e-05	2.89588000e-04	-2.05164000e+00	-2.88503000e-04
1.48482843e+02	2026-09-04T17:35:17.455761	0.00000000e+00	1	36	-7.42197000e-05	2.60343000e-04	-2.00151000e+00	-2.61496000e-04
1.48501829e+02	2026-09-04T17:35:17.473904	0.00000000e+00	1	36	-6.83785000e-05	2.37743000e-04	-1.95149000e+00	-2.36192000e-04
1.48526732e+02	2026-09-04T17:35:17.504150	0.00000000e+00	1	36	-7.25269000e-05	2.08646000e-04	-1.90146000e+00	-2.08931000e-04
1.48534883e+02	2026-09-04T17:35:17.504150	0.00000000e+00	1	36	-7.40528000e-05	1.89068000e-04	-1.85143000e+00	-1.88370000e-04
1.48562413e+02	2026-09-04T17:35:17.536075	0.00000000e+00	1	36	-7.61032000e-05	1.70154000e-04	-1.80139000e+00	-1.71377000e-04
1.48591215e+02	2026-09-04T17:35:17.568042	0.00000000e+00	1	36	-7.28846000e-05	1.55962000e-04	-1.75136000e+00	-1.56292000e-04
1.48602925e+02	2026-09-04T17:35:17.573854	0.00000000e+00	1	36	-6.93798000e-05	1.42041000e-04	-1.70134000e+00	-1.42829000e-04
1.48610850e+02	2026-09-04T17:35:17.585036	0.00000000e+00	1	36	-6.93798000e-05	1.30919000e-04	-1.65129000e+00	-1.30705000e-04
1.48618733e+02	2026-09-04T17:35:17.594213	0.00000000e+00	1	36	-6.77586000e-05	1.17727000e-04	-1.60125000e+00	-1.17972000e-04
1.48637466e+02	2026-09-04T17:35:17.615670	0.00000000e+00	1	36	-7.52211000e-05	1.07123000e-04	-1.55124000e+00	-1.06693000e-04
1.48677938e+02	2026-09-04T17:35:17.653998	0.00000000e+00	1	36	-6.90937000e-05	9.78910000e-05	-1.50118000e+00	-9.76856000e-05
1.48711219e+02	2026-09-04T17:35:17.687091	0.00000000e+00	1	36	-7.30515000e-05	8.82068000e-05	-1.45116000e+00	-8.84624000e-05
1.48746023e+02	2026-09-04T17:35:17.724011	0.00000000e+00	1	36	-7.64847000e-05	7.98316000e-05	-1.40111000e+00	-7.98837000e-05
1.48761135e+02	2026-09-04T17:35:17.735973	0.00000000e+00	1	36	-6.91891000e-05	7.19833000e-05	-1.35109000e+00	-7.18550000e-05
1.48785389e+02	2026-09-04T17:35:17.762737	0.00000000e+00	1	36	-7.35998000e-05	6.46246000e-05	-1.30102000e+00	-6.44487000e-05
1.48807272e+02	2026-09-04T17:35:17.785503	0.00000000e+00	1	36	-7.44104000e-05	5.74513000e-05	-1.25102000e+00	-5.75221000e-05
1.48835895e+02	2026-09-04T17:35:17.814216	0.00000000e+00	1	36	-6.81162000e-05	5.13010000e-05	-1.20096000e+00	-5.12776000e-05
1.48864607e+02	2026-09-04T17:35:17.841914	0.00000000e+00	1	36	-7.17163000e-05	4.53710000e-05	-1.15095000e+00	-4.54578000e-05
1.48872911e+02	2026-09-04T17:35:17.843988	0.00000000e+00	1	36	-7.02620000e-05	4.03099000e-05	-1.10090000e+00	-4.02731000e-05
1.48896852e+02	2026-09-04T17:35:17.874061	0.00000000e+00	1	36	-7.24316000e-05	3.55998000e-05	-1.05083000e+00	-3.56474000e-05
1.48932044e+02	2026-09-04T17:35:17.905951	0.00000000e+00	1	36	-6.78301000e-05	3.11590000e-05	-1.00082000e+00	-3.08901000e-05
1.48940928e+02	2026-09-04T17:35:17.914125	0.00000000e+00	1	36	-7.25985000e-05	2.68264000e-05	-9.50763000e-01	-2.67348000e-05
1.48949040e+02	2026-09-04T17:35:17.924225	0.00000000e+00	1	36	-6.74009000e-05	2.32509000e-05	-9.00757000e-01	-2.32645000e-05
1.48967864e+02	2026-09-04T17:35:17.944091	0.00000000e+00	1	36	-6.46114000e-05	2.00268000e-05	-8.50672000e-01	-2.00511000e-05
1.48992026e+02	2026-09-04T17:35:17.969553	0.00000000e+00	1	36	-6.54936000e-05	1.71136000e-05	-8.00664000e-01	-1.70160000e-05
1.49004097e+02	2026-09-04T17:35:17.979339	0.00000000e+00	1	36	-6.87361000e-05	1.43108000e-05	-7.50605000e-01	-1.42615000e-05
1.49026798e+02	2026-09-04T17:35:18.003950	0.00000000e+00	1	36	-6.20842000e-05	1.20147000e-05	-7.00576000e-01	-1.19622000e-05
1.49034745e+02	2026-09-04T17:35:18.003950	0.00000000e+00	1	36	-5.64098000e-05	9.91304000e-06	-6.50537000e-01	-9.91261000e-06
1.49054165e+02	2026-09-04T17:35:18.031690	0.00000000e+00	1	36	-7.05481000e-05	8.03981000e-06	-6.00510000e-01	-7.89431000e-06
1.49084319e+02	2026-09-04T17:35:18.053787	0.00000000e+00	1	36	-7.68423000e-05	6.37310000e-06	-5.50476000e-01	-6.35177000e-06
1.49109866e+02	2026-09-04T17:35:18.086112	0.00000000e+00	1	36	-7.56741000e-05	5.05574000e-06	-5.00436000e-01	-5.00799000e-06
1.49117857e+02	2026-09-04T17:35:18.095985	0.00000000e+00	1	36	-8.05140000e-05	3.91556000e-06	-4.50345000e-01	-3.77949000e-06
1.49139953e+02	2026-09-04T17:35:18.114051	0.00000000e+00	1	36	-7.46727000e-05	2.94461000e-06	-4.00369000e-01	-3.00091000e-06
1.49148684e+02	2026-09-04T17:35:18.123862	0.00000000e+00	1	36	-6.84738000e-05	2.22079000e-06	-3.50306000e-01	-2.18517000e-06
1.49193105e+02	2026-09-04T17:35:18.170615	0.00000000e+00	1	36	-7.11679000e-05	1.60580000e-06	-3.00273000e-01	-1.61719000e-06
1.49207966e+02	2026-09-04T17:35:18.186163	0.00000000e+00	1	36	-6.80208000e-05	1.14217000e-06	-2.50201000e-01	-1.13659000e-06
1.49215932e+02	2026-09-04T17:35:18.193917	0.00000000e+00	1	36	-7.03573000e-05	7.61116000e-07	-2.00077000e-01	-7.48014000e-07
1.49247181e+02	2026-09-04T17:35:18.224321	0.00000000e+00	1	36	-6.99043000e-05	4.49942000e-07	-1.50043000e-01	-4.57438000e-07
1.49280851e+02	2026-09-04T17:35:18.255485	0.00000000e+00	1	36	-6.82831000e-05	2.55349000e-07	-9.99954000e-02	-2.67829000e-07
1.49291085e+02	2026-09-04T17:35:18.263914	0.00000000e+00	1	36	-7.50303000e-05	1.13472000e-07	-4.99616000e-02	-1.11181000e-07
1.49313706e+02	2026-09-04T17:35:18.290801	0.00000000e+00	1	36	-7.24316000e-05	-2.35975000e-10	3.37124000e-05	-1.93119000e-12
1.51226906e+02	2026-09-04T17:35:20.205123	0.00000000e+00	1	37	-6.56843000e-05	-2.42138000e-07	3.94821000e-05	2.48510000e-07
1.51248955e+02	2026-09-04T17:35:20.223855	0.00000000e+00	1	37	-1.16587000e-04	6.89548000e-05	-4.99085000e-02	-6.87343000e-05
1.51283914e+02	2026-09-04T17:35:20.253747	0.00000000e+00	1	37	-7.47681000e-05	1.36746000e-04	-1.00003000e-01	-1.36548000e-04
1.51305873e+02	2026-09-04T17:35:20.283825	0.00000000e+00	1	37	-7.77245000e-05	2.02028000e-04	-1.50041000e-01	-2.01799000e-04
1.51334095e+02	2026-09-04T17:35:20.310092	0.00000000e+00	1	37	-6.96421000e-05	2.63975000e-04	-2.00077000e-01	-2.63869000e-04
1.51353954e+02	2026-09-04T17:35:20.331733	0.00000000e+00	1	37	-7.69138000e-05	3.25979000e-04	-2.50214000e-01	-3.25665000e-04
1.51361831e+02	2026-09-04T17:35:20.333889	0.00000000e+00	1	37	-7.45058000e-05	3.79624000e-04	-3.00271000e-01	-3.71597000e-04
1.51370700e+02	2026-09-04T17:35:20.347564	0.00000000e+00	1	37	-7.52211000e-05	2.77524000e-04	-3.50297000e-01	-2.66855000e-04
1.51406906e+02	2026-09-04T17:35:20.384040	0.00000000e+00	1	37	-7.02620000e-05	3.00816000e-04	-4.00343000e-01	-2.95085000e-04
1.51417908e+02	2026-09-04T17:35:20.395652	0.00000000e+00	1	37	-8.12292000e-05	3.07996000e-04	-4.50350000e-01	-2.95324000e-04
1.51439210e+02	2026-09-04T17:35:20.413953	0.00000000e+00	1	37	-7.25269000e-05	3.24948000e-04	-5.00422000e-01	-3.22787000e-04
1.51447806e+02	2026-09-04T17:35:20.424003	0.00000000e+00	1	37	-9.61542000e-05	4.36611000e-04	-5.50466000e-01	-4.47012000e-04
1.51489149e+02	2026-09-04T17:35:20.463602	0.00000000e+00	1	37	-7.77245000e-05	5.24142000e-04	-6.00528000e-01	-5.50097000e-04
1.51507395e+02	2026-09-04T17:35:20.483782	0.00000000e+00	1	37	-7.48634000e-05	6.31745000e-04	-6.50511000e-01	-6.25998000e-04
1.51519916e+02	2026-09-04T17:35:20.494052	0.00000000e+00	1	37	-8.13246000e-05	6.70710000e-04	-7.00577000e-01	-4.61576000e-05
1.51543873e+02	2026-09-04T17:35:20.521928	0.00000000e+00	1	37	-6.55890000e-05	4.54680000e-05	-7.50618000e-01	-3.97457000e-05
1.51579090e+02	2026-09-04T17:35:20.553914	0.00000000e+00	1	37	-8.04186000e-05	4.92523000e-05	-8.00678000e-01	-3.86562000e-05
1.51589998e+02	2026-09-04T17:35:20.563919	0.00000000e+00	1	37	-7.43151000e-05	2.51511000e-05	-8.50678000e-01	-1.75037000e-05
1.51613664e+02	2026-09-04T17:35:20.588176	0.00000000e+00	1	37	-7.30515000e-05	2.03816000e-05	-9.00733000e-01	-2.05861000e-05
1.51621754e+02	2026-09-04T17:35:20.599961	0.00000000e+00	1	37	-7.62939000e-05	2.35245000e-05	-9.50772000e-01	-2.35307000e-05
1.51659028e+02	2026-09-04T17:35:20.633683	0.00000000e+00	1	37	-7.55787000e-05	2.73543000e-05	-1.00081000e+00	-2.72275000e-05
1.51685404e+02	2026-09-04T17:35:20.663671	0.00000000e+00	1	37	-7.42197000e-05	3.28839000e-05	-1.05085000e+00	-3.20687000e-05
1.51693236e+02	2026-09-04T17:35:20.669681	0.00000000e+00	1	37	-6.73056000e-05	3.57199000e-05	-1.10090000e+00	-3.44202000e-05
1.51701192e+02	2026-09-04T17:35:20.678999	0.00000000e+00	1	37	-7.44104000e-05	3.90215000e-05	-1.15096000e+00	-3.91522000e-05
1.51743266e+02	2026-09-04T17:35:20.713799	0.00000000e+00	1	37	-7.31468000e-05	4.38094000e-05	-1.20098000e+00	-4.38400000e-05
1.51764973e+02	2026-09-04T17:35:20.743301	0.00000000e+00	1	37	-7.40528000e-05	5.24398000e-05	-1.25103000e+00	-5.00220000e-05
1.51773242e+02	2026-09-04T17:35:20.743818	0.00000000e+00	1	37	-7.25985000e-05	5.72950000e-05	-1.30104000e+00	-5.79739000e-05
1.51800232e+02	2026-09-04T17:35:20.778201	0.00000000e+00	1	37	-7.45773000e-05	6.26313000e-05	-1.35109000e+00	-6.30431000e-05
1.51814113e+02	2026-09-04T17:35:20.792154	0.00000000e+00	1	37	-7.59363000e-05	6.94136000e-05	-1.40110000e+00	-6.96117000e-05
1.51825223e+02	2026-09-04T17:35:20.793688	0.00000000e+00	1	37	-7.13587000e-05	7.66310000e-05	-1.45118000e+00	-7.63741000e-05
1.51848588e+02	2026-09-04T17:35:20.823867	0.00000000e+00	1	37	-7.13587000e-05	8.37446000e-05	-1.50119000e+00	-8.46873000e-05
1.51856449e+02	2026-09-04T17:35:20.833877	0.00000000e+00	1	37	-6.96421000e-05	9.52745000e-05	-1.55124000e+00	-9.55412000e-05
1.51874507e+02	2026-09-04T17:35:20.843619	0.00000000e+00	1	37	-7.16209000e-05	1.03724000e-04	-1.60122000e+00	-1.06369000e-04
1.51914585e+02	2026-09-04T17:35:20.888275	0.00000000e+00	1	37	-7.27892000e-05	1.16849000e-04	-1.65130000e+00	-1.16121000e-04
1.51922379e+02	2026-09-04T17:35:20.893863	0.00000000e+00	1	37	-7.80821000e-05	1.30771000e-04	-1.70133000e+00	-1.27657000e-04
1.51974593e+02	2026-09-04T17:35:20.951681	0.00000000e+00	1	37	-6.74725000e-05	1.38048000e-04	-1.75137000e+00	-1.39044000e-04
1.51984458e+02	2026-09-04T17:35:20.953691	0.00000000e+00	1	37	-7.09772000e-05	1.51715000e-04	-1.80137000e+00	-1.52462000e-04
1.52006769e+02	2026-09-04T17:35:20.983581	0.00000000e+00	1	37	-6.86407000e-05	1.63620000e-04	-1.85142000e+00	-1.65457000e-04
1.52014739e+02	2026-09-04T17:35:20.988597	0.00000000e+00	1	37	-7.38621000e-05	1.85996000e-04	-1.90146000e+00	-1.83156000e-04
1.52034567e+02	2026-09-04T17:35:21.012191	0.00000000e+00	1	37	-7.21455000e-05	2.06855000e-04	-1.95149000e+00	-2.11662000e-04
1.52059716e+02	2026-09-04T17:35:21.033805	0.00000000e+00	1	37	-7.36952000e-05	2.30243000e-04	-2.00150000e+00	-2.34161000e-04
1.52086173e+02	2026-09-04T17:35:21.063689	0.00000000e+00	1	37	-7.14302000e-05	2.68126000e-04	-2.05171000e+00	-2.72121000e-04
1.52102369e+02	2026-09-04T17:35:21.078843	0.00000000e+00	1	37	-7.75576000e-05	3.03099000e-04	-2.10155000e+00	-3.06974000e-04
1.52109940e+02	2026-09-04T17:35:21.086160	0.00000000e+00	1	37	-7.69138000e-05	3.65069000e-04	-2.15191000e+00	-3.69394000e-04
1.52117767e+02	2026-09-04T17:35:21.093618	0.00000000e+00	1	37	-7.91788000e-05	4.47686000e-04	-2.20182000e+00	-4.34322000e-04
1.52124685e+02	2026-09-04T17:35:21.093618	0.00000000e+00	1	37	-7.59363000e-05	4.41959000e-04	-2.20197000e+00	-4.28372000e-04
1.52141935e+02	2026-09-04T17:35:21.113603	0.00000000e+00	1	37	-7.20739000e-05	3.69347000e-04	-2.15194000e+00	-3.61528000e-04
1.52173131e+02	2026-09-04T17:35:21.144008	0.00000000e+00	1	37	-7.09057000e-05	3.17362000e-04	-2.10163000e+00	-3.17995000e-04
1.52193350e+02	2026-09-04T17:35:21.171075	0.00000000e+00	1	37	-6.50644000e-05	2.80884000e-04	-2.05161000e+00	-2.79433000e-04
1.52201422e+02	2026-09-04T17:35:21.173777	0.00000000e+00	1	37	-7.07150000e-05	2.53011000e-04	-2.00150000e+00	-2.50848000e-04
1.52225500e+02	2026-09-04T17:35:21.203910	0.00000000e+00	1	37	-7.29561000e-05	2.27938000e-04	-1.95151000e+00	-2.27819000e-04
1.52243663e+02	2026-09-04T17:35:21.218715	0.00000000e+00	1	37	-6.63042000e-05	2.04183000e-04	-1.90145000e+00	-2.04069000e-04
1.52273371e+02	2026-09-04T17:35:21.250521	0.00000000e+00	1	37	-7.32422000e-05	1.83501000e-04	-1.85143000e+00	-1.83577000e-04
1.52304256e+02	2026-09-04T17:35:21.281987	0.00000000e+00	1	37	-7.16209000e-05	1.66074000e-04	-1.80138000e+00	-1.65568000e-04
1.52314807e+02	2026-09-04T17:35:21.289630	0.00000000e+00	1	37	-6.72102000e-05	1.49240000e-04	-1.75135000e+00	-1.49580000e-04
1.52334813e+02	2026-09-04T17:35:21.307948	0.00000000e+00	1	37	-7.12633000e-05	1.36760000e-04	-1.70133000e+00	-1.35964000e-04
1.52360522e+02	2026-09-04T17:35:21.333881	0.00000000e+00	1	37	-6.81162000e-05	1.25048000e-04	-1.65129000e+00	-1.24745000e-04
1.52383432e+02	2026-09-04T17:35:21.361083	0.00000000e+00	1	37	-7.35998000e-05	1.14192000e-04	-1.60123000e+00	-1.14224000e-04
1.52391592e+02	2026-09-04T17:35:21.363987	0.00000000e+00	1	37	-7.25269000e-05	1.02864000e-04	-1.55123000e+00	-1.03058000e-04
1.52415643e+02	2026-09-04T17:35:21.393997	0.00000000e+00	1	37	-6.96421000e-05	9.43832000e-05	-1.50116000e+00	-9.40774000e-05
1.52435331e+02	2026-09-04T17:35:21.413693	0.00000000e+00	1	37	-8.14199000e-05	8.53165000e-05	-1.45112000e+00	-8.48780000e-05
1.52445065e+02	2026-09-04T17:35:21.418977	0.00000000e+00	1	37	-6.37054000e-05	7.64847000e-05	-1.40112000e+00	-7.67792000e-05
1.52478954e+02	2026-09-04T17:35:21.456784	0.00000000e+00	1	37	-6.63042000e-05	6.83994000e-05	-1.35109000e+00	-6.81729000e-05
1.52486816e+02	2026-09-04T17:35:21.463717	0.00000000e+00	1	37	-6.97374000e-05	6.13385000e-05	-1.30102000e+00	-6.13546000e-05
1.52494439e+02	2026-09-04T17:35:21.472536	0.00000000e+00	1	37	-6.68526000e-05	5.53494000e-05	-1.25101000e+00	-5.49440000e-05
1.52543631e+02	2026-09-04T17:35:21.520498	0.00000000e+00	1	37	-7.13587000e-05	4.87916000e-05	-1.20097000e+00	-4.87693000e-05
1.52554684e+02	2026-09-04T17:35:21.530153	0.00000000e+00	1	37	-6.94513000e-05	4.38084000e-05	-1.15095000e+00	-4.37707000e-05
1.52573527e+02	2026-09-04T17:35:21.551245	0.00000000e+00	1	37	-6.74009000e-05	3.85275000e-05	-1.10090000e+00	-3.85146000e-05
1.52581093e+02	2026-09-04T17:35:21.553968	0.00000000e+00	1	37	-6.96421000e-05	3.39365000e-05	-1.05082000e+00	-3.40464000e-05
1.52588743e+02	2026-09-04T17:35:21.563739	0.00000000e+00	1	37	-6.78301000e-05	2.95017000e-05	-1.00083000e+00	-2.91459000e-05
1.52639888e+02	2026-09-04T17:35:21.614029	0.00000000e+00	1	37	-6.82831000e-05	2.48352000e-05	-9.50775000e-01	-2.50935000e-05
1.52656259e+02	2026-09-04T17:35:21.633642	0.00000000e+00	1	37	-7.07150000e-05	2.18099000e-05	-9.00731000e-01	-2.20070000e-05
1.52683609e+02	2026-09-04T17:35:21.661323	0.00000000e+00	1	37	-6.89983000e-05	1.87741000e-05	-8.50682000e-01	-1.86518000e-05
1.52693186e+02	2026-09-04T17:35:21.670330	0.00000000e+00	1	37	-7.17878000e-05	1.60396000e-05	-8.00679000e-01	-1.58795000e-05
1.52741590e+02	2026-09-04T17:35:21.713949	0.00000000e+00	1	37	-7.01666000e-05	1.30502000e-05	-7.50622000e-01	-1.32125000e-05
1.52772075e+02	2026-09-04T17:35:21.743831	0.00000000e+00	1	37	-6.49691000e-05	1.11454000e-05	-7.00578000e-01	-1.11074000e-05
1.52797031e+02	2026-09-04T17:35:21.773874	0.00000000e+00	1	37	-5.40018000e-05	9.33932000e-06	-6.50523000e-01	-9.36348000e-06
1.52820531e+02	2026-09-04T17:35:21.794034	0.00000000e+00	1	37	-8.51154000e-05	7.53143000e-06	-6.00517000e-01	-7.67793000e-06
1.52829838e+02	2026-09-04T17:35:21.807677	0.00000000e+00	1	37	-7.25269000e-05	6.12270000e-06	-5.50457000e-01	-6.18692000e-06
1.52837469e+02	2026-09-04T17:35:21.813642	0.00000000e+00	1	37	-7.21455000e-05	5.06321000e-06	-5.00406000e-01	-4.96426000e-06
1.52855306e+02	2026-09-04T17:35:21.833611	0.00000000e+00	1	37	-7.64847000e-05	3.80007000e-06	-4.50353000e-01	-3.75685000e-06
1.52897955e+02	2026-09-04T17:35:21.873581	0.00000000e+00	1	37	-7.11679000e-05	2.79240000e-06	-4.00346000e-01	-2.78124000e-06
1.52921729e+02	2026-09-04T17:35:21.899060	0.00000000e+00	1	37	-7.10726000e-05	2.11415000e-06	-3.50302000e-01	-2.10875000e-06
1.52929485e+02	2026-09-04T17:35:21.903842	0.00000000e+00	1	37	-7.04527000e-05	1.58399000e-06	-3.00278000e-01	-1.55472000e-06
1.52955906e+02	2026-09-04T17:35:21.933785	0.00000000e+00	1	37	-6.48737000e-05	1.13621000e-06	-2.50217000e-01	-1.13031000e-06
1.52984369e+02	2026-09-04T17:35:21.961966	0.00000000e+00	1	37	-6.72102000e-05	7.83368000e-07	-2.00069000e-01	-7.65342000e-07
1.52996807e+02	2026-09-04T17:35:21.974006	0.00000000e+00	1	37	-6.99997000e-05	5.29496000e-07	-1.50035000e-01	-5.30171000e-07
1.53016357e+02	2026-09-04T17:35:21.993639	0.00000000e+00	1	37	-7.40528000e-05	2.88719000e-07	-9.99892000e-02	-2.92543000e-07
1.53040277e+02	2026-09-04T17:35:22.013839	0.00000000e+00	1	37	-6.82831000e-05	1.30781000e-07	-4.99524000e-02	-1.32682000e-07
1.53063930e+02	2026-09-04T17:35:22.041021	0.00000000e+00	1	37	-7.29561000e-05	-9.04799000e-11	4.26292000e-05	2.37560000e-10
1.55386963e+02	2026-09-04T17:35:24.363781	0.00000000e+00	1	38	-6.08206000e-05	-2.51946000e-07	4.44412000e-05	2.47006000e-07
1.55395056e+02	2026-09-04T17:35:24.363781	0.00000000e+00	1	38	-1.07312000e-04	7.43289000e-05	-4.98997000e-02	-7.38098000e-05
1.55414828e+02	2026-09-04T17:35:24.384014	0.00000000e+00	1	38	-6.63042000e-05	1.46271000e-04	-9.99881000e-02	-1.46137000e-04
1.55473712e+02	2026-09-04T17:35:24.443808	0.00000000e+00	1	38	-6.46114000e-05	2.18601000e-04	-1.50033000e-01	-2.18409000e-04
1.55491523e+02	2026-09-04T17:35:24.466031	0.00000000e+00	1	38	-7.58410000e-05	2.87118000e-04	-2.00070000e-01	-2.87051000e-04
1.55525940e+02	2026-09-04T17:35:24.503833	0.00000000e+00	1	38	-6.43253000e-05	3.49790000e-04	-2.50208000e-01	-3.48724000e-04
1.55560548e+02	2026-09-04T17:35:24.538213	0.00000000e+00	1	38	-4.54426000e-05	4.00464000e-04	-3.00255000e-01	-2.92684000e-04
1.55581709e+02	2026-09-04T17:35:24.554020	0.00000000e+00	1	38	-6.58512000e-05	3.12082000e-04	-3.50303000e-01	-3.13946000e-04
1.55590582e+02	2026-09-04T17:35:24.563864	0.00000000e+00	1	38	-7.05481000e-05	3.47588000e-04	-4.00368000e-01	-3.43427000e-04
1.55627837e+02	2026-09-04T17:35:24.603604	0.00000000e+00	1	38	-6.49691000e-05	3.47217000e-04	-4.50348000e-01	-3.47849000e-04
1.55655384e+02	2026-09-04T17:35:24.632948	0.00000000e+00	1	38	-6.83785000e-05	4.86027000e-04	-5.00414000e-01	-4.91862000e-04
1.55663203e+02	2026-09-04T17:35:24.633956	0.00000000e+00	1	38	-5.96523000e-05	5.30865000e-04	-5.50424000e-01	-5.33444000e-04
1.55691182e+02	2026-09-04T17:35:24.668877	0.00000000e+00	1	38	1.29890000e-04	2.76026000e-04	-6.00510000e-01	-5.70219000e-05
1.55708469e+02	2026-09-04T17:35:24.683826	0.00000000e+00	1	38	-6.49691000e-05	4.94770000e-05	-6.50517000e-01	-5.86855000e-05
1.55734281e+02	2026-09-04T17:35:24.712696	0.00000000e+00	1	38	-5.32627000e-05	4.35247000e-05	-7.00574000e-01	-4.31728000e-05
1.55742083e+02	2026-09-04T17:35:24.713706	0.00000000e+00	1	38	-5.53370000e-05	4.31448000e-05	-7.50592000e-01	-4.88306000e-05
1.55749472e+02	2026-09-04T17:35:24.727764	0.00000000e+00	1	38	-5.67913000e-05	5.43047000e-05	-8.00660000e-01	-3.42648000e-05
1.55786619e+02	2026-09-04T17:35:24.764452	0.00000000e+00	1	38	-6.35147000e-05	4.34788000e-05	-8.50674000e-01	-2.06401000e-05
1.55810784e+02	2026-09-04T17:35:24.783861	0.00000000e+00	1	38	-6.28948000e-05	2.50676000e-05	-9.00723000e-01	-2.52290000e-05
1.55844179e+02	2026-09-04T17:35:24.821757	0.00000000e+00	1	38	-5.86748000e-05	2.88634000e-05	-9.50765000e-01	-2.84393000e-05
1.55867257e+02	2026-09-04T17:35:24.845226	0.00000000e+00	1	38	-6.46114000e-05	3.14432000e-05	-1.00082000e+00	-3.19824000e-05
1.55883336e+02	2026-09-04T17:35:24.859759	0.00000000e+00	1	38	-6.57797000e-05	3.60003000e-05	-1.05082000e+00	-3.44860000e-05
1.55903439e+02	2026-09-04T17:35:24.875794	0.00000000e+00	1	38	-7.15256000e-05	3.90523000e-05	-1.10089000e+00	-3.99010000e-05
1.55912384e+02	2026-09-04T17:35:24.886362	0.00000000e+00	1	38	-5.86748000e-05	4.53763000e-05	-1.15097000e+00	-4.43455000e-05
1.55950923e+02	2026-09-04T17:35:24.924082	0.00000000e+00	1	38	-6.36101000e-05	4.94485000e-05	-1.20098000e+00	-4.94474000e-05
1.55964362e+02	2026-09-04T17:35:24.942245	0.00000000e+00	1	38	-6.36101000e-05	5.12305000e-05	-1.25100000e+00	-5.30125000e-05
1.55986432e+02	2026-09-04T17:35:24.963711	0.00000000e+00	1	38	-6.99997000e-05	6.05069000e-05	-1.30102000e+00	-6.23212000e-05
1.55994334e+02	2026-09-04T17:35:24.963711	0.00000000e+00	1	38	-6.27041000e-05	6.77666000e-05	-1.35109000e+00	-6.57619000e-05
1.56045756e+02	2026-09-04T17:35:25.023845	0.00000000e+00	1	38	-6.25372000e-05	7.04880000e-05	-1.40109000e+00	-7.03999000e-05
1.56055205e+02	2026-09-04T17:35:25.023845	0.00000000e+00	1	38	-5.97477000e-05	7.77611000e-05	-1.45115000e+00	-7.75688000e-05
1.56075942e+02	2026-09-04T17:35:25.053653	0.00000000e+00	1	38	-6.00100000e-05	8.65244000e-05	-1.50118000e+00	-8.66210000e-05
1.56083610e+02	2026-09-04T17:35:25.055167	0.00000000e+00	1	38	-6.46830000e-05	9.52251000e-05	-1.55122000e+00	-9.43172000e-05
1.56091157e+02	2026-09-04T17:35:25.069121	0.00000000e+00	1	38	-6.57797000e-05	1.04607000e-04	-1.60126000e+00	-1.06524000e-04
1.56124665e+02	2026-09-04T17:35:25.101158	0.00000000e+00	1	38	-6.20842000e-05	1.12323000e-04	-1.65132000e+00	-1.13251000e-04
1.56138225e+02	2026-09-04T17:35:25.113708	0.00000000e+00	1	38	-5.90324000e-05	1.23906000e-04	-1.70131000e+00	-1.24728000e-04
1.56160723e+02	2026-09-04T17:35:25.133768	0.00000000e+00	1	38	-6.27995000e-05	1.35578000e-04	-1.75137000e+00	-1.36064000e-04
1.56169477e+02	2026-09-04T17:35:25.143751	0.00000000e+00	1	38	-6.19888000e-05	1.48042000e-04	-1.80139000e+00	-1.48930000e-04
1.56187212e+02	2026-09-04T17:35:25.163693	0.00000000e+00	1	38	-6.38723000e-05	1.65286000e-04	-1.85145000e+00	-1.68481000e-04
1.56215552e+02	2026-09-04T17:35:25.193788	0.00000000e+00	1	38	-6.46830000e-05	1.83452000e-04	-1.90146000e+00	-1.81226000e-04
1.56233389e+02	2026-09-04T17:35:25.203814	0.00000000e+00	1	38	-6.06537000e-05	2.05016000e-04	-1.95149000e+00	-2.03755000e-04
1.56253093e+02	2026-09-04T17:35:25.230574	0.00000000e+00	1	38	-6.49691000e-05	2.29106000e-04	-2.00150000e+00	-2.34620000e-04
1.56284362e+02	2026-09-04T17:35:25.262242	0.00000000e+00	1	38	-6.56843000e-05	2.69903000e-04	-2.05179000e+00	-2.62229000e-04
1.56312988e+02	2026-09-04T17:35:25.283895	0.00000000e+00	1	38	-6.99043000e-05	2.92117000e-04	-2.10172000e+00	-2.92051000e-04
1.56335939e+02	2026-09-04T17:35:25.313660	0.00000000e+00	1	38	-6.92844000e-05	3.51100000e-04	-2.15171000e+00	-3.45183000e-04
1.56367711e+02	2026-09-04T17:35:25.344049	0.00000000e+00	1	38	-5.50747000e-05	4.13885000e-04	-2.20184000e+00	-4.23258000e-04
1.56386250e+02	2026-09-04T17:35:25.363787	0.00000000e+00	1	38	-5.55277000e-05	4.11357000e-04	-2.20185000e+00	-4.09829000e-04
1.56394615e+02	2026-09-04T17:35:25.363787	0.00000000e+00	1	38	-6.66618000e-05	3.59893000e-04	-2.15174000e+00	-3.56569000e-04
1.56426485e+02	2026-09-04T17:35:25.403817	0.00000000e+00	1	38	-6.26326000e-05	3.11064000e-04	-2.10160000e+00	-3.11103000e-04
1.56437769e+02	2026-09-04T17:35:25.413799	0.00000000e+00	1	38	-6.42538000e-05	2.74582000e-04	-2.05176000e+00	-2.75208000e-04
1.56453746e+02	2026-09-04T17:35:25.430763	0.00000000e+00	1	38	-6.64949000e-05	2.48330000e-04	-2.00151000e+00	-2.47701000e-04
1.56476872e+02	2026-09-04T17:35:25.453848	0.00000000e+00	1	38	-6.43253000e-05	2.25287000e-04	-1.95147000e+00	-2.24776000e-04
1.56484741e+02	2026-09-04T17:35:25.453848	0.00000000e+00	1	38	-6.38008000e-05	2.02863000e-04	-1.90145000e+00	-2.01788000e-04
1.56509566e+02	2026-09-04T17:35:25.485472	0.00000000e+00	1	38	-6.23465000e-05	1.84107000e-04	-1.85140000e+00	-1.84770000e-04
1.56539837e+02	2026-09-04T17:35:25.517295	0.00000000e+00	1	38	-6.99043000e-05	1.67557000e-04	-1.80137000e+00	-1.68274000e-04
1.56549370e+02	2026-09-04T17:35:25.523809	0.00000000e+00	1	38	-6.45161000e-05	1.55299000e-04	-1.75137000e+00	-1.55209000e-04
1.56558384e+02	2026-09-04T17:35:25.534074	0.00000000e+00	1	38	-6.53267000e-05	1.40483000e-04	-1.70133000e+00	-1.40822000e-04
1.56570220e+02	2026-09-04T17:35:25.543901	0.00000000e+00	1	38	-6.85692000e-05	1.27420000e-04	-1.65128000e+00	-1.26892000e-04
1.56604262e+02	2026-09-04T17:35:25.579764	0.00000000e+00	1	38	-6.54936000e-05	1.15778000e-04	-1.60124000e+00	-1.15434000e-04
1.56649602e+02	2026-09-04T17:35:25.623964	0.00000000e+00	1	38	-6.67572000e-05	1.04963000e-04	-1.55122000e+00	-1.04976000e-04
1.56658125e+02	2026-09-04T17:35:25.635428	0.00000000e+00	1	38	-6.44207000e-05	9.53639000e-05	-1.50118000e+00	-9.56408000e-05
1.56689426e+02	2026-09-04T17:35:25.663961	0.00000000e+00	1	38	-6.02007000e-05	8.73931000e-05	-1.45116000e+00	-8.72286000e-05
1.56709361e+02	2026-09-04T17:35:25.683818	0.00000000e+00	1	38	-7.04527000e-05	7.88892000e-05	-1.40109000e+00	-7.87543000e-05
1.56733135e+02	2026-09-04T17:35:25.710802	0.00000000e+00	1	38	-6.83785000e-05	7.17002000e-05	-1.35109000e+00	-7.13878000e-05
1.56741197e+02	2026-09-04T17:35:25.713784	0.00000000e+00	1	38	-6.92844000e-05	6.41351000e-05	-1.30104000e+00	-6.42584000e-05
1.56764985e+02	2026-09-04T17:35:25.742500	0.00000000e+00	1	38	-6.32525000e-05	5.68877000e-05	-1.25100000e+00	-5.69929000e-05
1.56797054e+02	2026-09-04T17:35:25.774017	0.00000000e+00	1	38	-6.35147000e-05	5.16922000e-05	-1.20097000e+00	-5.12563000e-05
1.56809089e+02	2026-09-04T17:35:25.784424	0.00000000e+00	1	38	-6.37054000e-05	4.54873000e-05	-1.15095000e+00	-4.52440000e-05
1.56816477e+02	2026-09-04T17:35:25.794005	0.00000000e+00	1	38	-6.63996000e-05	4.02485000e-05	-1.10089000e+00	-4.02059000e-05
1.56823968e+02	2026-09-04T17:35:25.794005	0.00000000e+00	1	38	-6.65903000e-05	3.53093000e-05	-1.05082000e+00	-3.53670000e-05
1.56844344e+02	2026-09-04T17:35:25.821545	0.00000000e+00	1	38	-7.16209000e-05	3.08223000e-05	-1.00081000e+00	-3.07513000e-05
1.56853300e+02	2026-09-04T17:35:25.823865	0.00000000e+00	1	38	-6.71148000e-05	2.65153000e-05	-9.50772000e-01	-2.65607000e-05
1.56880565e+02	2026-09-04T17:35:25.854070	0.00000000e+00	1	38	-7.23362000e-05	2.28898000e-05	-9.00715000e-01	-2.29297000e-05
1.56908361e+02	2026-09-04T17:35:25.883922	0.00000000e+00	1	38	-6.95467000e-05	1.95264000e-05	-8.50660000e-01	-1.95974000e-05
1.56916076e+02	2026-09-04T17:35:25.894322	0.00000000e+00	1	38	-6.97374000e-05	1.64375000e-05	-8.00667000e-01	-1.63548000e-05
1.56938038e+02	2026-09-04T17:35:25.915636	0.00000000e+00	1	38	-6.52313000e-05	1.35469000e-05	-7.50579000e-01	-1.35707000e-05
1.56946761e+02	2026-09-04T17:35:25.923592	0.00000000e+00	1	38	-6.11782000e-05	1.11770000e-05	-7.00575000e-01	-1.12461000e-05
1.56964108e+02	2026-09-04T17:35:25.939660	0.00000000e+00	1	38	-5.12838000e-05	9.37388000e-06	-6.50531000e-01	-9.30411000e-06
1.56979737e+02	2026-09-04T17:35:25.953887	0.00000000e+00	1	38	-7.24316000e-05	7.38452000e-06	-6.00489000e-01	-7.41965000e-06
1.57006237e+02	2026-09-04T17:35:25.983701	0.00000000e+00	1	38	-6.80208000e-05	5.99806000e-06	-5.50459000e-01	-5.92773000e-06
1.57013754e+02	2026-09-04T17:35:25.983701	0.00000000e+00	1	38	-7.05481000e-05	4.80398000e-06	-5.00406000e-01	-4.78468000e-06
1.57029793e+02	2026-09-04T17:35:26.006166	0.00000000e+00	1	38	-6.72102000e-05	3.71397000e-06	-4.50358000e-01	-3.73968000e-06
1.57037446e+02	2026-09-04T17:35:26.013656	0.00000000e+00	1	38	-6.75678000e-05	2.90894000e-06	-4.00358000e-01	-2.96909000e-06
1.57045783e+02	2026-09-04T17:35:26.023600	0.00000000e+00	1	38	-6.64949000e-05	2.26047000e-06	-3.50282000e-01	-2.33498000e-06
1.57076416e+02	2026-09-04T17:35:26.053679	0.00000000e+00	1	38	-6.14643000e-05	1.62082000e-06	-3.00264000e-01	-1.61792000e-06
1.57097824e+02	2026-09-04T17:35:26.075196	0.00000000e+00	1	38	-7.32422000e-05	1.14656000e-06	-2.50189000e-01	-1.15450000e-06
1.57105816e+02	2026-09-04T17:35:26.083869	0.00000000e+00	1	38	-6.10113000e-05	7.96264000e-07	-2.00062000e-01	-8.07984000e-07
1.57133967e+02	2026-09-04T17:35:26.106581	0.00000000e+00	1	38	-6.93798000e-05	5.38675000e-07	-1.50028000e-01	-5.40714000e-07
1.57143439e+02	2026-09-04T17:35:26.117128	0.00000000e+00	1	38	-7.05481000e-05	3.02460000e-07	-9.99886000e-02	-3.17634000e-07
1.57191642e+02	2026-09-04T17:35:26.169368	0.00000000e+00	1	38	-6.07252000e-05	1.28072000e-07	-4.99449000e-02	-1.29422000e-07
1.57199621e+02	2026-09-04T17:35:26.174020	0.00000000e+00	1	38	-5.57899000e-05	-1.23012000e-10	4.37975000e-05	7.08342000e-11
1.59095177e+02	2026-09-04T17:35:28.065620	0.00000000e+00	1	39	-6.96421000e-05	-3.17128000e-07	4.02927000e-05	3.31328000e-07
1.59103490e+02	2026-09-04T17:35:28.081535	0.00000000e+00	1	39	-1.15228000e-04	9.67774000e-05	-4.98898000e-02	-9.67314000e-05
1.59135858e+02	2026-09-04T17:35:28.113778	0.00000000e+00	1	39	-7.49350000e-05	1.94538000e-04	-9.99844000e-02	-1.94665000e-04
1.59166195e+02	2026-09-04T17:35:28.143798	0.00000000e+00	1	39	-6.99043000e-05	2.88221000e-04	-1.50025000e-01	-2.87894000e-04
1.59179082e+02	2026-09-04T17:35:28.153737	0.00000000e+00	1	39	-7.89881000e-05	3.79884000e-04	-2.00059000e-01	-3.79349000e-04
1.59187068e+02	2026-09-04T17:35:28.163988	0.00000000e+00	1	39	-7.32422000e-05	4.76771000e-04	-2.50194000e-01	-4.76844000e-04
1.59195854e+02	2026-09-04T17:35:28.173984	0.00000000e+00	1	39	-7.52926000e-05	5.64886000e-04	-3.00235000e-01	-5.64516000e-04
1.59215322e+02	2026-09-04T17:35:28.192816	0.00000000e+00	1	39	-7.02620000e-05	4.74234000e-04	-3.50287000e-01	-4.78210000e-04
1.59246732e+02	2026-09-04T17:35:28.223889	0.00000000e+00	1	39	-7.25269000e-05	5.36705000e-04	-4.00321000e-01	-5.37677000e-04
1.59258473e+02	2026-09-04T17:35:28.234225	0.00000000e+00	1	39	-7.09772000e-05	5.96785000e-04	-4.50351000e-01	-5.94739000e-04
1.59271651e+02	2026-09-04T17:35:28.247050	0.00000000e+00	1	39	-7.53880000e-05	6.65972000e-04	-5.00411000e-01	-6.69815000e-04
1.59294002e+02	2026-09-04T17:35:28.271431	0.00000000e+00	1	39	-8.51154000e-05	8.14929000e-04	-5.50430000e-01	-8.30074000e-04
1.59306627e+02	2026-09-04T17:35:28.283867	0.00000000e+00	1	39	-7.98941000e-05	9.29783000e-04	-6.00477000e-01	-9.32527000e-04
1.59338173e+02	2026-09-04T17:35:28.313881	0.00000000e+00	1	39	-7.17163000e-05	8.93387000e-05	-6.50507000e-01	-9.28471000e-05
1.59356390e+02	2026-09-04T17:35:28.333847	0.00000000e+00	1	39	-6.93798000e-05	8.49064000e-05	-7.00571000e-01	-8.06720000e-05
1.59378583e+02	2026-09-04T17:35:28.353844	0.00000000e+00	1	39	-6.54221000e-05	6.43587000e-05	-7.50590000e-01	-7.33261000e-05
1.59386082e+02	2026-09-04T17:35:28.363899	0.00000000e+00	1	39	-6.56843000e-05	8.54212000e-05	-8.00678000e-01	-8.84415000e-05
1.59404881e+02	2026-09-04T17:35:28.382908	0.00000000e+00	1	39	-7.21455000e-05	7.94321000e-05	-8.50678000e-01	-8.12167000e-05
1.59414729e+02	2026-09-04T17:35:28.385967	0.00000000e+00	1	39	-7.39574000e-05	7.34347000e-05	-9.00742000e-01	-7.96369000e-05
1.59429184e+02	2026-09-04T17:35:28.403931	0.00000000e+00	1	39	-7.61032000e-05	8.20548000e-05	-9.50772000e-01	-6.76687000e-05
1.59452557e+02	2026-09-04T17:35:28.429974	0.00000000e+00	1	39	-7.46727000e-05	7.25775000e-05	-1.00081000e+00	-6.79277000e-05
1.59460719e+02	2026-09-04T17:35:28.433843	0.00000000e+00	1	39	-7.32422000e-05	7.40069000e-05	-1.05081000e+00	-7.69022000e-05
1.59473707e+02	2026-09-04T17:35:28.447238	0.00000000e+00	1	39	-7.05481000e-05	7.88274000e-05	-1.10088000e+00	-7.82839000e-05
1.59491214e+02	2026-09-04T17:35:28.466821	0.00000000e+00	1	39	-6.80208000e-05	7.80612000e-05	-1.15095000e+00	-8.02531000e-05
1.59515292e+02	2026-09-04T17:35:28.493001	0.00000000e+00	1	39	-6.54936000e-05	8.92289000e-05	-1.20095000e+00	-8.63934000e-05
1.59524097e+02	2026-09-04T17:35:28.494010	0.00000000e+00	1	39	-6.74725000e-05	9.39889000e-05	-1.25100000e+00	-9.66405000e-05
1.59546688e+02	2026-09-04T17:35:28.524016	0.00000000e+00	1	39	-6.89983000e-05	8.89777000e-05	-1.30105000e+00	-9.11006000e-05
1.59554972e+02	2026-09-04T17:35:28.524016	0.00000000e+00	1	39	-7.17163000e-05	9.76795000e-05	-1.35109000e+00	-9.56499000e-05
1.59589193e+02	2026-09-04T17:35:28.566044	0.00000000e+00	1	39	-7.09772000e-05	1.05158000e-04	-1.40110000e+00	-1.00832000e-04
1.59602312e+02	2026-09-04T17:35:28.573853	0.00000000e+00	1	39	-6.95467000e-05	1.08812000e-04	-1.45114000e+00	-1.09592000e-04
1.59616980e+02	2026-09-04T17:35:28.594050	0.00000000e+00	1	39	-6.98090000e-05	1.12691000e-04	-1.50118000e+00	-1.14488000e-04
1.59624517e+02	2026-09-04T17:35:28.594050	0.00000000e+00	1	39	-6.97374000e-05	1.17917000e-04	-1.55123000e+00	-1.16137000e-04
1.59646348e+02	2026-09-04T17:35:28.623756	0.00000000e+00	1	39	-6.95467000e-05	1.27523000e-04	-1.60124000e+00	-1.24223000e-04
1.59654069e+02	2026-09-04T17:35:28.623756	0.00000000e+00	1	39	-6.52313000e-05	1.40811000e-04	-1.65130000e+00	-1.39026000e-04
1.59667584e+02	2026-09-04T17:35:28.643679	0.00000000e+00	1	39	-6.63042000e-05	1.47634000e-04	-1.70131000e+00	-1.58944000e-04
1.59682945e+02	2026-09-04T17:35:28.653595	0.00000000e+00	1	39	-6.47783000e-05	1.29613000e-04	-1.75136000e+00	-1.29761000e-04
1.59705104e+02	2026-09-04T17:35:28.682603	0.00000000e+00	1	39	-6.78301000e-05	1.49444000e-04	-1.80137000e+00	-1.49451000e-04
1.59718304e+02	2026-09-04T17:35:28.694033	0.00000000e+00	1	39	-7.32422000e-05	1.63968000e-04	-1.85143000e+00	-1.64995000e-04
1.59725936e+02	2026-09-04T17:35:28.703916	0.00000000e+00	1	39	-6.82116000e-05	1.83194000e-04	-1.90144000e+00	-1.82261000e-04
1.59733483e+02	2026-09-04T17:35:28.703916	0.00000000e+00	1	39	-7.45773000e-05	2.00544000e-04	-1.95149000e+00	-1.99135000e-04
1.59755542e+02	2026-09-04T17:35:28.732957	0.00000000e+00	1	39	-7.85351000e-05	2.27383000e-04	-2.00149000e+00	-2.33627000e-04
1.59784247e+02	2026-09-04T17:35:28.760817	0.00000000e+00	1	39	-7.36952000e-05	2.54423000e-04	-2.05153000e+00	-2.55045000e-04
1.59817374e+02	2026-09-04T17:35:28.793953	0.00000000e+00	1	39	-7.25985000e-05	2.91840000e-04	-2.10155000e+00	-2.89391000e-04
1.59825209e+02	2026-09-04T17:35:28.796715	0.00000000e+00	1	39	-7.44104000e-05	3.52794000e-04	-2.15168000e+00	-3.59098000e-04
1.59833068e+02	2026-09-04T17:35:28.803655	0.00000000e+00	1	39	-6.42538000e-05	4.35664000e-04	-2.20181000e+00	-4.48973000e-04
1.59839644e+02	2026-09-04T17:35:28.814019	0.00000000e+00	1	39	-7.10726000e-05	4.47461000e-04	-2.20190000e+00	-4.34459000e-04
1.59852038e+02	2026-09-04T17:35:28.828398	0.00000000e+00	1	39	-7.45058000e-05	3.73590000e-04	-2.15187000e+00	-3.71165000e-04
1.59879947e+02	2026-09-04T17:35:28.853679	0.00000000e+00	1	39	-6.86407000e-05	3.20462000e-04	-2.10165000e+00	-3.21444000e-04
1.59904428e+02	2026-09-04T17:35:28.875453	0.00000000e+00	1	39	-6.80208000e-05	2.87859000e-04	-2.05151000e+00	-2.87369000e-04
1.59911979e+02	2026-09-04T17:35:28.883705	0.00000000e+00	1	39	-7.11679000e-05	2.54369000e-04	-2.00149000e+00	-2.54047000e-04
1.59945177e+02	2026-09-04T17:35:28.923221	0.00000000e+00	1	39	-6.77586000e-05	2.29084000e-04	-1.95147000e+00	-2.29388000e-04
1.59968744e+02	2026-09-04T17:35:28.943774	0.00000000e+00	1	39	-6.95467000e-05	2.08500000e-04	-1.90145000e+00	-2.06893000e-04
1.59992683e+02	2026-09-04T17:35:28.969927	0.00000000e+00	1	39	-7.48634000e-05	1.86818000e-04	-1.85141000e+00	-1.87008000e-04
1.60000322e+02	2026-09-04T17:35:28.973753	0.00000000e+00	1	39	-6.89268000e-05	1.70316000e-04	-1.80137000e+00	-1.69338000e-04
1.60023780e+02	2026-09-04T17:35:29.001454	0.00000000e+00	1	39	-6.41584000e-05	1.53628000e-04	-1.75136000e+00	-1.53348000e-04
1.60050749e+02	2026-09-04T17:35:29.023788	0.00000000e+00	1	39	-6.66618000e-05	1.40512000e-04	-1.70131000e+00	-1.40942000e-04
1.60075473e+02	2026-09-04T17:35:29.053817	0.00000000e+00	1	39	-6.54936000e-05	1.28229000e-04	-1.65130000e+00	-1.28068000e-04
1.60083991e+02	2026-09-04T17:35:29.053817	0.00000000e+00	1	39	-7.03573000e-05	1.16150000e-04	-1.60126000e+00	-1.15473000e-04
1.60102983e+02	2026-09-04T17:35:29.080684	0.00000000e+00	1	39	-6.34432000e-05	1.05417000e-04	-1.55124000e+00	-1.05374000e-04
1.60110743e+02	2026-09-04T17:35:29.083601	0.00000000e+00	1	39	-6.87361000e-05	9.50185000e-05	-1.50119000e+00	-9.55453000e-05
1.60127241e+02	2026-09-04T17:35:29.103814	0.00000000e+00	1	39	-7.59363000e-05	8.63108000e-05	-1.45116000e+00	-8.62750000e-05
1.60172354e+02	2026-09-04T17:35:29.147270	0.00000000e+00	1	39	-7.80821000e-05	7.75206000e-05	-1.40110000e+00	-7.80635000e-05
1.60181334e+02	2026-09-04T17:35:29.159409	0.00000000e+00	1	39	-6.75678000e-05	7.11525000e-05	-1.35110000e+00	-7.05277000e-05
1.60202717e+02	2026-09-04T17:35:29.175393	0.00000000e+00	1	39	-7.09057000e-05	6.30467000e-05	-1.30105000e+00	-6.27929000e-05
1.60213113e+02	2026-09-04T17:35:29.191076	0.00000000e+00	1	39	-7.37667000e-05	5.60979000e-05	-1.25100000e+00	-5.66879000e-05
1.60242433e+02	2026-09-04T17:35:29.218679	0.00000000e+00	1	39	-6.97374000e-05	5.02914000e-05	-1.20096000e+00	-4.99868000e-05
1.60267054e+02	2026-09-04T17:35:29.243775	0.00000000e+00	1	39	-6.60419000e-05	4.49791000e-05	-1.15097000e+00	-4.50654000e-05
1.60274992e+02	2026-09-04T17:35:29.247216	0.00000000e+00	1	39	-7.32422000e-05	3.96749000e-05	-1.10089000e+00	-3.95951000e-05
1.60302303e+02	2026-09-04T17:35:29.279031	0.00000000e+00	1	39	-6.74725000e-05	3.46377000e-05	-1.05082000e+00	-3.47352000e-05
1.60323490e+02	2026-09-04T17:35:29.301087	0.00000000e+00	1	39	-6.80208000e-05	3.04728000e-05	-1.00082000e+00	-2.98712000e-05
1.60357323e+02	2026-09-04T17:35:29.334054	0.00000000e+00	1	39	-6.65903000e-05	2.59345000e-05	-9.50759000e-01	-2.61998000e-05
1.60366425e+02	2026-09-04T17:35:29.343975	0.00000000e+00	1	39	-6.18219000e-05	2.20824000e-05	-9.00725000e-01	-2.21899000e-05
1.60386379e+02	2026-09-04T17:35:29.363960	0.00000000e+00	1	39	-7.10726000e-05	1.86483000e-05	-8.50658000e-01	-1.87664000e-05
1.60394103e+02	2026-09-04T17:35:29.363960	0.00000000e+00	1	39	-6.93798000e-05	1.55810000e-05	-8.00677000e-01	-1.55648000e-05
1.60401725e+02	2026-09-04T17:35:29.379751	0.00000000e+00	1	39	-6.74009000e-05	1.28711000e-05	-7.50617000e-01	-1.29432000e-05
1.60430013e+02	2026-09-04T17:35:29.405756	0.00000000e+00	1	39	-5.96523000e-05	1.06966000e-05	-7.00560000e-01	-1.06108000e-05
1.60461247e+02	2026-09-04T17:35:29.433825	0.00000000e+00	1	39	-5.76735000e-05	8.54565000e-06	-6.50502000e-01	-8.48813000e-06
1.60474106e+02	2026-09-04T17:35:29.447270	0.00000000e+00	1	39	-7.78198000e-05	6.74232000e-06	-6.00514000e-01	-6.67157000e-06
1.60496798e+02	2026-09-04T17:35:29.474133	0.00000000e+00	1	39	-7.66516000e-05	5.12962000e-06	-5.50458000e-01	-5.03698000e-06
1.60524490e+02	2026-09-04T17:35:29.493595	0.00000000e+00	1	39	-7.58410000e-05	3.88347000e-06	-5.00412000e-01	-3.89018000e-06
1.60533590e+02	2026-09-04T17:35:29.507464	0.00000000e+00	1	39	-6.74725000e-05	2.93852000e-06	-4.50355000e-01	-2.95540000e-06
1.60543681e+02	2026-09-04T17:35:29.521729	0.00000000e+00	1	39	-7.61032000e-05	2.17863000e-06	-4.00344000e-01	-2.13076000e-06
1.60565197e+02	2026-09-04T17:35:29.537641	0.00000000e+00	1	39	-7.00951000e-05	1.54264000e-06	-3.50282000e-01	-1.54375000e-06
1.60573183e+02	2026-09-04T17:35:29.547484	0.00000000e+00	1	39	-7.02620000e-05	1.09696000e-06	-3.00257000e-01	-1.06533000e-06
1.60592041e+02	2026-09-04T17:35:29.569790	0.00000000e+00	1	39	-6.85692000e-05	7.41051000e-07	-2.50188000e-01	-7.59857000e-07
1.60632899e+02	2026-09-04T17:35:29.610642	0.00000000e+00	1	39	-6.91891000e-05	4.65772000e-07	-2.00061000e-01	-4.68301000e-07
1.60655475e+02	2026-09-04T17:35:29.633754	0.00000000e+00	1	39	-7.05481000e-05	2.74314000e-07	-1.50026000e-01	-2.63778000e-07
1.60685781e+02	2026-09-04T17:35:29.663613	0.00000000e+00	1	39	-6.93798000e-05	1.49534000e-07	-9.99819000e-02	-1.43983000e-07
1.60712770e+02	2026-09-04T17:35:29.689909	0.00000000e+00	1	39	-7.04527000e-05	7.14774000e-08	-4.99408000e-02	-6.72424000e-08
1.60816900e+02	2026-09-04T17:35:29.793952	0.00000000e+00	1	39	-2.95401000e-05	4.20185000e-08	1.13010000e-05	-2.73569000e-08
1.62656102e+02	2026-09-04T17:35:31.633995	0.00000000e+00	1	40	-6.76632000e-05	-3.46009000e-07	3.86715000e-05	3.71696000e-07
1.62664591e+02	2026-09-04T17:35:31.633995	0.00000000e+00	1	40	-6.92844000e-05	1.11246000e-04	-4.99382000e-02	-1.10653000e-04
1.62724296e+02	2026-09-04T17:35:31.693771	0.00000000e+00	1	40	-6.74725000e-05	2.23390000e-04	-9.99827000e-02	-2.23350000e-04
1.62741529e+02	2026-09-04T17:35:31.713977	0.00000000e+00	1	40	-6.88314000e-05	3.34662000e-04	-1.50031000e-01	-3.34598000e-04
1.62762469e+02	2026-09-04T17:35:31.739742	0.00000000e+00	1	40	-7.08103000e-05	4.47253000e-04	-2.00062000e-01	-4.47164000e-04
1.62770325e+02	2026-09-04T17:35:31.744013	0.00000000e+00	1	40	-7.17163000e-05	5.55854000e-04	-2.50206000e-01	-5.56093000e-04
1.62793632e+02	2026-09-04T17:35:31.771872	0.00000000e+00	1	40	-7.94411000e-05	5.14022000e-04	-3.00236000e-01	-5.13164000e-04
1.62830053e+02	2026-09-04T17:35:31.803878	0.00000000e+00	1	40	-7.00951000e-05	6.05237000e-04	-3.50285000e-01	-6.03693000e-04
1.62840009e+02	2026-09-04T17:35:31.814016	0.00000000e+00	1	40	-7.09772000e-05	6.78685000e-04	-4.00357000e-01	-6.57955000e-04
1.62861339e+02	2026-09-04T17:35:31.834575	0.00000000e+00	1	40	-8.82626000e-05	7.45917000e-04	-4.50349000e-01	-7.79592000e-04
1.62868928e+02	2026-09-04T17:35:31.843635	0.00000000e+00	1	40	-7.94411000e-05	8.83418000e-04	-5.00406000e-01	-8.96379000e-04
1.62887773e+02	2026-09-04T17:35:31.865871	0.00000000e+00	1	40	-7.49350000e-05	9.97244000e-04	-5.50420000e-01	-9.88909000e-04
1.62936302e+02	2026-09-04T17:35:31.913681	0.00000000e+00	1	40	-6.80208000e-05	2.60625000e-04	-6.00495000e-01	-2.48778000e-04
1.62944721e+02	2026-09-04T17:35:31.913681	0.00000000e+00	1	40	-7.37667000e-05	2.11559000e-04	-6.50493000e-01	-2.27125000e-04
1.62968950e+02	2026-09-04T17:35:31.945541	0.00000000e+00	1	40	-7.57456000e-05	7.41225000e-05	-7.00560000e-01	-7.36695000e-05
1.62991455e+02	2026-09-04T17:35:31.963700	0.00000000e+00	1	40	-7.49350000e-05	8.12101000e-05	-7.50610000e-01	-8.27051000e-05
1.63015884e+02	2026-09-04T17:35:31.994169	0.00000000e+00	1	40	-6.85692000e-05	5.85418000e-05	-8.00673000e-01	-5.82908000e-05
1.63023929e+02	2026-09-04T17:35:31.994169	0.00000000e+00	1	40	-6.50644000e-05	6.51241000e-05	-8.50684000e-01	-7.25005000e-05
1.63049253e+02	2026-09-04T17:35:32.025221	0.00000000e+00	1	40	-7.17878000e-05	6.47100000e-05	-9.00722000e-01	-6.39277000e-05
1.63081790e+02	2026-09-04T17:35:32.057767	0.00000000e+00	1	40	-6.84738000e-05	7.18164000e-05	-9.50758000e-01	-7.22221000e-05
1.63094075e+02	2026-09-04T17:35:32.068037	0.00000000e+00	1	40	-5.60522000e-05	7.11530000e-05	-1.00080000e+00	-3.19285000e-05
1.63116168e+02	2026-09-04T17:35:32.093867	0.00000000e+00	1	40	-7.08103000e-05	3.65850000e-05	-1.05083000e+00	-3.67292000e-05
1.63124055e+02	2026-09-04T17:35:32.093867	0.00000000e+00	1	40	-7.42197000e-05	4.10198000e-05	-1.10090000e+00	-4.08382000e-05
1.63143833e+02	2026-09-04T17:35:32.120496	0.00000000e+00	1	40	-7.15256000e-05	4.84473000e-05	-1.15096000e+00	-4.84686000e-05
1.63177003e+02	2026-09-04T17:35:32.154201	0.00000000e+00	1	40	-6.63042000e-05	5.24820000e-05	-1.20097000e+00	-5.26958000e-05
1.63189844e+02	2026-09-04T17:35:32.163904	0.00000000e+00	1	40	-7.14302000e-05	5.89087000e-05	-1.25099000e+00	-5.85788000e-05
1.63211514e+02	2026-09-04T17:35:32.183795	0.00000000e+00	1	40	-6.68526000e-05	6.55320000e-05	-1.30104000e+00	-6.59250000e-05
1.63228630e+02	2026-09-04T17:35:32.203744	0.00000000e+00	1	40	-6.19173000e-05	7.68650000e-05	-1.35109000e+00	-7.41522000e-05
1.63254202e+02	2026-09-04T17:35:32.231298	0.00000000e+00	1	40	-6.51360000e-05	8.33792000e-05	-1.40109000e+00	-8.35190000e-05
1.63264067e+02	2026-09-04T17:35:32.233633	0.00000000e+00	1	40	-6.92844000e-05	9.64080000e-05	-1.45113000e+00	-9.52797000e-05
1.63288461e+02	2026-09-04T17:35:32.264052	0.00000000e+00	1	40	-6.87361000e-05	1.02560000e-04	-1.50118000e+00	-1.11239000e-04
1.63320491e+02	2026-09-04T17:35:32.295152	0.00000000e+00	1	40	-7.29561000e-05	1.28254000e-04	-1.55123000e+00	-1.28037000e-04
1.63344584e+02	2026-09-04T17:35:32.314051	0.00000000e+00	1	40	-6.68526000e-05	1.34735000e-04	-1.60125000e+00	-1.32986000e-04
1.63359449e+02	2026-09-04T17:35:32.337663	0.00000000e+00	1	40	-7.24316000e-05	1.45879000e-04	-1.65131000e+00	-1.56127000e-04
1.63381014e+02	2026-09-04T17:35:32.358830	0.00000000e+00	1	40	-6.90937000e-05	1.51703000e-04	-1.70133000e+00	-1.49244000e-04
1.63388715e+02	2026-09-04T17:35:32.363751	0.00000000e+00	1	40	-7.70092000e-05	1.67459000e-04	-1.75136000e+00	-1.66828000e-04
1.63414973e+02	2026-09-04T17:35:32.390669	0.00000000e+00	1	40	-6.94513000e-05	1.71161000e-04	-1.80137000e+00	-1.69398000e-04
1.63436094e+02	2026-09-04T17:35:32.414047	0.00000000e+00	1	40	-7.00951000e-05	1.84195000e-04	-1.85142000e+00	-1.83959000e-04
1.63460858e+02	2026-09-04T17:35:32.438696	0.00000000e+00	1	40	-6.96421000e-05	1.99239000e-04	-1.90146000e+00	-2.00081000e-04
1.63469223e+02	2026-09-04T17:35:32.443684	0.00000000e+00	1	40	-7.06196000e-05	2.20144000e-04	-1.95150000e+00	-2.21682000e-04
1.63492330e+02	2026-09-04T17:35:32.469893	0.00000000e+00	1	40	-6.83785000e-05	2.42966000e-04	-2.00152000e+00	-2.43661000e-04
1.63516945e+02	2026-09-04T17:35:32.493960	0.00000000e+00	1	40	-6.42538000e-05	2.75235000e-04	-2.05152000e+00	-2.78005000e-04
1.63533883e+02	2026-09-04T17:35:32.503934	0.00000000e+00	1	40	-6.88314000e-05	3.09380000e-04	-2.10164000e+00	-3.06037000e-04
1.63555361e+02	2026-09-04T17:35:32.533568	0.00000000e+00	1	40	-7.33376000e-05	3.80750000e-04	-2.15173000e+00	-3.81010000e-04
1.63563542e+02	2026-09-04T17:35:32.533568	0.00000000e+00	1	40	-7.41243000e-05	4.60248000e-04	-2.20176000e+00	-4.53100000e-04
1.63570241e+02	2026-09-04T17:35:32.543601	0.00000000e+00	1	40	-7.71046000e-05	4.58857000e-04	-2.20206000e+00	-4.54783000e-04
1.63602825e+02	2026-09-04T17:35:32.580871	0.00000000e+00	1	40	-7.13587000e-05	3.99066000e-04	-2.15199000e+00	-3.95455000e-04
1.63633488e+02	2026-09-04T17:35:32.603761	0.00000000e+00	1	40	-7.34091000e-05	3.39182000e-04	-2.10165000e+00	-3.38855000e-04
1.63651599e+02	2026-09-04T17:35:32.628829	0.00000000e+00	1	40	-6.54221000e-05	2.99991000e-04	-2.05163000e+00	-3.00353000e-04
1.63672235e+02	2026-09-04T17:35:32.644602	0.00000000e+00	1	40	-6.64949000e-05	2.70018000e-04	-2.00150000e+00	-2.69900000e-04
1.63680629e+02	2026-09-04T17:35:32.654103	0.00000000e+00	1	40	-6.62327000e-05	2.42971000e-04	-1.95149000e+00	-2.42583000e-04
1.63714472e+02	2026-09-04T17:35:32.692495	0.00000000e+00	1	40	-7.00951000e-05	2.16423000e-04	-1.90147000e+00	-2.15711000e-04
1.63741108e+02	2026-09-04T17:35:32.713906	0.00000000e+00	1	40	-6.68526000e-05	1.95193000e-04	-1.85143000e+00	-1.95131000e-04
1.63762159e+02	2026-09-04T17:35:32.739536	0.00000000e+00	1	40	-7.29561000e-05	1.77889000e-04	-1.80136000e+00	-1.77506000e-04
1.63780354e+02	2026-09-04T17:35:32.755586	0.00000000e+00	1	40	-6.57797000e-05	1.62761000e-04	-1.75137000e+00	-1.61382000e-04
1.63830364e+02	2026-09-04T17:35:32.803936	0.00000000e+00	1	40	-7.56741000e-05	1.46416000e-04	-1.70131000e+00	-1.45930000e-04
1.63838262e+02	2026-09-04T17:35:32.814053	0.00000000e+00	1	40	-7.50303000e-05	1.32593000e-04	-1.65130000e+00	-1.32342000e-04
1.63857257e+02	2026-09-04T17:35:32.834637	0.00000000e+00	1	40	-6.96421000e-05	1.21640000e-04	-1.60124000e+00	-1.21389000e-04
1.63883427e+02	2026-09-04T17:35:32.858134	0.00000000e+00	1	40	-7.41243000e-05	1.11642000e-04	-1.55123000e+00	-1.11133000e-04
1.63901551e+02	2026-09-04T17:35:32.875661	0.00000000e+00	1	40	-6.70195000e-05	1.00515000e-04	-1.50120000e+00	-1.00449000e-04
1.63926082e+02	2026-09-04T17:35:32.903832	0.00000000e+00	1	40	-6.69479000e-05	9.13990000e-05	-1.45117000e+00	-9.13338000e-05
1.63952405e+02	2026-09-04T17:35:32.929636	0.00000000e+00	1	40	-6.74009000e-05	8.33650000e-05	-1.40110000e+00	-8.37819000e-05
1.63989140e+02	2026-09-04T17:35:32.963991	0.00000000e+00	1	40	-6.74725000e-05	7.56957000e-05	-1.35110000e+00	-7.57649000e-05
1.63998867e+02	2026-09-04T17:35:32.973977	0.00000000e+00	1	40	-6.89983000e-05	6.85225000e-05	-1.30105000e+00	-6.84254000e-05
1.64021082e+02	2026-09-04T17:35:32.993736	0.00000000e+00	1	40	-6.92844000e-05	6.14023000e-05	-1.25101000e+00	-6.16194000e-05
1.64028685e+02	2026-09-04T17:35:33.003728	0.00000000e+00	1	40	-6.84738000e-05	5.53143000e-05	-1.20097000e+00	-5.54964000e-05
1.64036632e+02	2026-09-04T17:35:33.013881	0.00000000e+00	1	40	-6.68526000e-05	4.93251000e-05	-1.15094000e+00	-4.95164000e-05
1.64044197e+02	2026-09-04T17:35:33.013881	0.00000000e+00	1	40	-7.18832000e-05	4.39255000e-05	-1.10088000e+00	-4.40459000e-05
1.64062249e+02	2026-09-04T17:35:33.033625	0.00000000e+00	1	40	-7.12633000e-05	3.86453000e-05	-1.05082000e+00	-3.86603000e-05
1.64097298e+02	2026-09-04T17:35:33.073989	0.00000000e+00	1	40	-6.99043000e-05	3.38714000e-05	-1.00081000e+00	-3.38610000e-05
1.64104758e+02	2026-09-04T17:35:33.073989	0.00000000e+00	1	40	-6.54936000e-05	2.96175000e-05	-9.50751000e-01	-2.94650000e-05
1.64117208e+02	2026-09-04T17:35:33.093600	0.00000000e+00	1	40	-6.94513000e-05	2.59611000e-05	-9.00718000e-01	-2.59153000e-05
1.64125137e+02	2026-09-04T17:35:33.093600	0.00000000e+00	1	40	-6.74009000e-05	2.23818000e-05	-8.50675000e-01	-2.20820000e-05
1.64175541e+02	2026-09-04T17:35:33.153643	0.00000000e+00	1	40	-6.82831000e-05	1.88617000e-05	-8.00668000e-01	-1.87874000e-05
1.64200632e+02	2026-09-04T17:35:33.176353	0.00000000e+00	1	40	-6.16312000e-05	1.60938000e-05	-7.50599000e-01	-1.62909000e-05
1.64208771e+02	2026-09-04T17:35:33.183995	0.00000000e+00	1	40	-6.15358000e-05	1.37731000e-05	-7.00582000e-01	-1.36792000e-05
1.64216504e+02	2026-09-04T17:35:33.194049	0.00000000e+00	1	40	-6.20842000e-05	1.13971000e-05	-6.50520000e-01	-1.15016000e-05
1.64233258e+02	2026-09-04T17:35:33.203824	0.00000000e+00	1	40	-5.83172000e-05	9.40127000e-06	-6.00493000e-01	-9.46764000e-06
1.64250221e+02	2026-09-04T17:35:33.225228	0.00000000e+00	1	40	-7.59363000e-05	8.01182000e-06	-5.50467000e-01	-7.97656000e-06
1.64267019e+02	2026-09-04T17:35:33.243634	0.00000000e+00	1	40	-6.84738000e-05	6.37573000e-06	-5.00407000e-01	-6.34827000e-06
1.64288836e+02	2026-09-04T17:35:33.263593	0.00000000e+00	1	40	-7.22408000e-05	4.85835000e-06	-4.50343000e-01	-4.87398000e-06
1.64306883e+02	2026-09-04T17:35:33.283871	0.00000000e+00	1	40	-7.31468000e-05	3.73363000e-06	-4.00368000e-01	-3.77049000e-06
1.64333121e+02	2026-09-04T17:35:33.309712	0.00000000e+00	1	40	-6.96421000e-05	2.80907000e-06	-3.50275000e-01	-2.78664000e-06
1.64363618e+02	2026-09-04T17:35:33.341122	0.00000000e+00	1	40	-6.48737000e-05	2.03389000e-06	-3.00247000e-01	-2.04575000e-06
1.64371470e+02	2026-09-04T17:35:33.343872	0.00000000e+00	1	40	-6.55890000e-05	1.42160000e-06	-2.50205000e-01	-1.42641000e-06
1.64394927e+02	2026-09-04T17:35:33.372396	0.00000000e+00	1	40	-6.66618000e-05	9.53205000e-07	-2.00069000e-01	-9.70803000e-07
1.64421719e+02	2026-09-04T17:35:33.393714	0.00000000e+00	1	40	-6.46830000e-05	5.83919000e-07	-1.50034000e-01	-5.99060000e-07
1.64442119e+02	2026-09-04T17:35:33.419724	0.00000000e+00	1	40	-7.09057000e-05	3.53638000e-07	-9.99892000e-02	-3.57718000e-07
1.64458407e+02	2026-09-04T17:35:33.436486	0.00000000e+00	1	40	-6.68526000e-05	1.55972000e-07	-4.99509000e-02	-1.44350000e-07
1.64479384e+02	2026-09-04T17:35:33.454013	0.00000000e+00	1	40	-7.22408000e-05	-9.49979000e-11	3.55244000e-05	2.17617000e-10
1.66376430e+02	2026-09-04T17:35:35.354010	0.00000000e+00	1	41	-6.40631000e-05	-3.03200000e-07	4.34399000e-05	2.97015000e-07
1.66400108e+02	2026-09-04T17:35:35.373728	0.00000000e+00	1	41	-1.07145000e-04	9.08761000e-05	-4.98898000e-02	-9.09602000e-05
1.66419636e+02	2026-09-04T17:35:35.393936	0.00000000e+00	1	41	-6.64949000e-05	1.82821000e-04	-9.99783000e-02	-1.83030000e-04
1.66454578e+02	2026-09-04T17:35:35.423888	0.00000000e+00	1	41	-6.82116000e-05	2.74125000e-04	-1.50024000e-01	-2.74107000e-04
1.66475349e+02	2026-09-04T17:35:35.453444	0.00000000e+00	1	41	-6.72102000e-05	3.67453000e-04	-2.00062000e-01	-3.67403000e-04
1.66483563e+02	2026-09-04T17:35:35.453989	0.00000000e+00	1	41	-6.54221000e-05	4.56515000e-04	-2.50187000e-01	-4.58020000e-04
1.66505531e+02	2026-09-04T17:35:35.483924	0.00000000e+00	1	41	-6.19173000e-05	5.01691000e-04	-3.00226000e-01	-5.00972000e-04
1.66513482e+02	2026-09-04T17:35:35.483924	0.00000000e+00	1	41	-6.68526000e-05	5.64426000e-04	-3.50282000e-01	-5.57870000e-04
1.66525378e+02	2026-09-04T17:35:35.503616	0.00000000e+00	1	41	-7.09057000e-05	6.19706000e-04	-4.00331000e-01	-6.20022000e-04
1.66551848e+02	2026-09-04T17:35:35.523780	0.00000000e+00	1	41	-6.74725000e-05	6.92030000e-04	-4.50350000e-01	-6.97401000e-04
1.66577106e+02	2026-09-04T17:35:35.553730	0.00000000e+00	1	41	-6.22749000e-05	7.71706000e-04	-5.00413000e-01	-7.70903000e-04
1.66600638e+02	2026-09-04T17:35:35.578077	0.00000000e+00	1	41	-6.37054000e-05	7.93892000e-04	-5.50444000e-01	-7.93408000e-04
1.66608927e+02	2026-09-04T17:35:35.583790	0.00000000e+00	1	41	-6.72102000e-05	8.47340000e-04	-6.00501000e-01	-8.47285000e-04
1.66634586e+02	2026-09-04T17:35:35.609400	0.00000000e+00	1	41	-5.40733000e-05	1.00512000e-04	-6.50546000e-01	-9.00317000e-05
1.66648618e+02	2026-09-04T17:35:35.625531	0.00000000e+00	1	41	-7.54833000e-05	1.09530000e-04	-7.00571000e-01	-1.19797000e-04
1.66678186e+02	2026-09-04T17:35:35.653806	0.00000000e+00	1	41	-5.82218000e-05	1.59980000e-04	-7.50627000e-01	-1.44379000e-04
1.66701188e+02	2026-09-04T17:35:35.676171	0.00000000e+00	1	41	-7.21455000e-05	1.67078000e-04	-8.00661000e-01	-1.49547000e-04
1.66710937e+02	2026-09-04T17:35:35.688907	0.00000000e+00	1	41	-5.83172000e-05	1.50856000e-04	-8.50648000e-01	-1.47756000e-04
1.66748527e+02	2026-09-04T17:35:35.723772	0.00000000e+00	1	41	-6.82831000e-05	1.48238000e-04	-9.00739000e-01	-1.43805000e-04
1.66774239e+02	2026-09-04T17:35:35.751914	0.00000000e+00	1	41	-6.69479000e-05	1.06344000e-04	-9.50781000e-01	-1.15443000e-04
1.66786937e+02	2026-09-04T17:35:35.763992	0.00000000e+00	1	41	-5.83887000e-05	4.70853000e-05	-1.00081000e+00	-4.37089000e-05
1.66803596e+02	2026-09-04T17:35:35.778048	0.00000000e+00	1	41	-6.63042000e-05	5.51432000e-05	-1.05081000e+00	-5.75658000e-05
1.66834790e+02	2026-09-04T17:35:35.803886	0.00000000e+00	1	41	-6.54221000e-05	6.58942000e-05	-1.10088000e+00	-6.13623000e-05
1.66848103e+02	2026-09-04T17:35:35.823695	0.00000000e+00	1	41	-6.78301000e-05	6.29083000e-05	-1.15095000e+00	-6.03052000e-05
1.66855693e+02	2026-09-04T17:35:35.833582	0.00000000e+00	1	41	-7.29561000e-05	6.24519000e-05	-1.20096000e+00	-6.24709000e-05
1.66878229e+02	2026-09-04T17:35:35.853951	0.00000000e+00	1	41	-7.02620000e-05	6.72149000e-05	-1.25101000e+00	-6.71580000e-05
1.66886837e+02	2026-09-04T17:35:35.863682	0.00000000e+00	1	41	-7.05481000e-05	7.39735000e-05	-1.30104000e+00	-7.45887000e-05
1.66910847e+02	2026-09-04T17:35:35.883997	0.00000000e+00	1	41	-6.79255000e-05	8.61359000e-05	-1.35109000e+00	-8.50527000e-05
1.66921374e+02	2026-09-04T17:35:35.898826	0.00000000e+00	1	41	-6.98090000e-05	9.03797000e-05	-1.40108000e+00	-9.00951000e-05
1.66946808e+02	2026-09-04T17:35:35.923721	0.00000000e+00	1	41	-7.06196000e-05	9.87874000e-05	-1.45114000e+00	-9.78813000e-05
1.66957889e+02	2026-09-04T17:35:35.933794	0.00000000e+00	1	41	-6.89268000e-05	1.00933000e-04	-1.50117000e+00	-9.99587000e-05
1.66965477e+02	2026-09-04T17:35:35.943675	0.00000000e+00	1	41	-6.61373000e-05	1.11418000e-04	-1.55123000e+00	-1.09857000e-04
1.66990518e+02	2026-09-04T17:35:35.963839	0.00000000e+00	1	41	-6.28948000e-05	1.32242000e-04	-1.60125000e+00	-1.09850000e-04
1.67013246e+02	2026-09-04T17:35:35.983909	0.00000000e+00	1	41	-6.83785000e-05	1.10160000e-04	-1.65129000e+00	-1.09603000e-04
1.67035453e+02	2026-09-04T17:35:36.012990	0.00000000e+00	1	41	-6.59466000e-05	1.24070000e-04	-1.70130000e+00	-1.24247000e-04
1.67047466e+02	2026-09-04T17:35:36.023974	0.00000000e+00	1	41	-6.58512000e-05	1.36565000e-04	-1.75135000e+00	-1.37644000e-04
1.67066513e+02	2026-09-04T17:35:36.043826	0.00000000e+00	1	41	-7.44104000e-05	1.52349000e-04	-1.80139000e+00	-1.52606000e-04
1.67074638e+02	2026-09-04T17:35:36.043826	0.00000000e+00	1	41	-6.68526000e-05	1.67955000e-04	-1.85140000e+00	-1.67458000e-04
1.67104646e+02	2026-09-04T17:35:36.081769	0.00000000e+00	1	41	-6.67572000e-05	1.88525000e-04	-1.90145000e+00	-1.88732000e-04
1.67130398e+02	2026-09-04T17:35:36.107945	0.00000000e+00	1	41	-7.04527000e-05	2.13348000e-04	-1.95148000e+00	-2.13483000e-04
1.67140554e+02	2026-09-04T17:35:36.117616	0.00000000e+00	1	41	-6.65903000e-05	2.35174000e-04	-2.00149000e+00	-2.34970000e-04
1.67149254e+02	2026-09-04T17:35:36.123948	0.00000000e+00	1	41	-6.72102000e-05	2.65479000e-04	-2.05151000e+00	-2.65096000e-04
1.67157122e+02	2026-09-04T17:35:36.134007	0.00000000e+00	1	41	-7.78198000e-05	3.10920000e-04	-2.10148000e+00	-3.12988000e-04
1.67176115e+02	2026-09-04T17:35:36.154467	0.00000000e+00	1	41	-7.97987000e-05	3.50525000e-04	-2.15169000e+00	-3.55157000e-04
1.67221704e+02	2026-09-04T17:35:36.193841	0.00000000e+00	1	41	-7.00951000e-05	4.13214000e-04	-2.20174000e+00	-4.12046000e-04
1.67234773e+02	2026-09-04T17:35:36.205736	0.00000000e+00	1	41	-6.58512000e-05	4.05363000e-04	-2.20180000e+00	-4.06925000e-04
1.67242959e+02	2026-09-04T17:35:36.216263	0.00000000e+00	1	41	-6.61373000e-05	3.57133000e-04	-2.15196000e+00	-3.54362000e-04
1.67265437e+02	2026-09-04T17:35:36.237507	0.00000000e+00	1	41	-6.22749000e-05	3.12582000e-04	-2.10139000e+00	-3.15807000e-04
1.67276052e+02	2026-09-04T17:35:36.253704	0.00000000e+00	1	41	-6.81162000e-05	2.80167000e-04	-2.05158000e+00	-2.83386000e-04
1.67296414e+02	2026-09-04T17:35:36.274129	0.00000000e+00	1	41	-5.98431000e-05	2.50496000e-04	-2.00151000e+00	-2.50292000e-04
1.67343855e+02	2026-09-04T17:35:36.321699	0.00000000e+00	1	41	-6.72102000e-05	2.24607000e-04	-1.95150000e+00	-2.26213000e-04
1.67351436e+02	2026-09-04T17:35:36.323704	0.00000000e+00	1	41	-7.09057000e-05	2.03085000e-04	-1.90144000e+00	-2.02633000e-04
1.67359056e+02	2026-09-04T17:35:36.333938	0.00000000e+00	1	41	-7.59363000e-05	1.84349000e-04	-1.85143000e+00	-1.86525000e-04
1.67386060e+02	2026-09-04T17:35:36.363727	0.00000000e+00	1	41	-6.98090000e-05	1.69421000e-04	-1.80137000e+00	-1.68361000e-04
1.67397988e+02	2026-09-04T17:35:36.374043	0.00000000e+00	1	41	-6.75678000e-05	1.53090000e-04	-1.75133000e+00	-1.53137000e-04
1.67424292e+02	2026-09-04T17:35:36.401840	0.00000000e+00	1	41	-7.61032000e-05	1.39297000e-04	-1.70130000e+00	-1.40234000e-04
1.67432257e+02	2026-09-04T17:35:36.403846	0.00000000e+00	1	41	-6.97374000e-05	1.28023000e-04	-1.65128000e+00	-1.27025000e-04
1.67440039e+02	2026-09-04T17:35:36.417825	0.00000000e+00	1	41	-6.97374000e-05	1.16053000e-04	-1.60122000e+00	-1.15731000e-04
1.67481313e+02	2026-09-04T17:35:36.455199	0.00000000e+00	1	41	-6.67572000e-05	1.04776000e-04	-1.55121000e+00	-1.05638000e-04
1.67507371e+02	2026-09-04T17:35:36.483909	0.00000000e+00	1	41	-7.79152000e-05	9.49864000e-05	-1.50118000e+00	-9.50210000e-05
1.67535548e+02	2026-09-04T17:35:36.512968	0.00000000e+00	1	41	-7.17163000e-05	8.54528000e-05	-1.45114000e+00	-8.53813000e-05
1.67543858e+02	2026-09-04T17:35:36.513978	0.00000000e+00	1	41	-6.83785000e-05	7.76157000e-05	-1.40109000e+00	-7.72658000e-05
1.67569962e+02	2026-09-04T17:35:36.546227	0.00000000e+00	1	41	-7.52926000e-05	6.98220000e-05	-1.35109000e+00	-7.02775000e-05
1.67581777e+02	2026-09-04T17:35:36.559835	0.00000000e+00	1	41	-7.50303000e-05	6.37197000e-05	-1.30104000e+00	-6.21519000e-05
1.67611650e+02	2026-09-04T17:35:36.583782	0.00000000e+00	1	41	-7.67469000e-05	5.56290000e-05	-1.25100000e+00	-5.55067000e-05
1.67633866e+02	2026-09-04T17:35:36.607916	0.00000000e+00	1	41	-7.15256000e-05	5.01913000e-05	-1.20097000e+00	-4.99237000e-05
1.67641423e+02	2026-09-04T17:35:36.613746	0.00000000e+00	1	41	-7.38621000e-05	4.42407000e-05	-1.15093000e+00	-4.45036000e-05
1.67659148e+02	2026-09-04T17:35:36.634428	0.00000000e+00	1	41	-7.18832000e-05	3.94567000e-05	-1.10087000e+00	-3.92539000e-05
1.67697520e+02	2026-09-04T17:35:36.673580	0.00000000e+00	1	41	-7.45773000e-05	3.44558000e-05	-1.05083000e+00	-3.44508000e-05
1.67709282e+02	2026-09-04T17:35:36.686803	0.00000000e+00	1	41	-7.25985000e-05	3.00558000e-05	-1.00079000e+00	-3.04829000e-05
1.67730138e+02	2026-09-04T17:35:36.703708	0.00000000e+00	1	41	-7.14302000e-05	2.64646000e-05	-9.50749000e-01	-2.65190000e-05
1.67742128e+02	2026-09-04T17:35:36.718592	0.00000000e+00	1	41	-7.31468000e-05	2.22099000e-05	-9.00709000e-01	-2.23127000e-05
1.67766999e+02	2026-09-04T17:35:36.744010	0.00000000e+00	1	41	-7.20739000e-05	1.89426000e-05	-8.50657000e-01	-1.86978000e-05
1.67778956e+02	2026-09-04T17:35:36.755350	0.00000000e+00	1	41	-6.77586000e-05	1.57231000e-05	-8.00654000e-01	-1.58414000e-05
1.67803834e+02	2026-09-04T17:35:36.781507	0.00000000e+00	1	41	-6.63042000e-05	1.30626000e-05	-7.50586000e-01	-1.30617000e-05
1.67812225e+02	2026-09-04T17:35:36.784037	0.00000000e+00	1	41	-6.89268000e-05	1.07968000e-05	-7.00561000e-01	-1.08334000e-05
1.67835400e+02	2026-09-04T17:35:36.813742	0.00000000e+00	1	41	-6.24418000e-05	9.04961000e-06	-6.50507000e-01	-8.87740000e-06
1.67859982e+02	2026-09-04T17:35:36.833927	0.00000000e+00	1	41	-7.59363000e-05	7.29250000e-06	-6.00522000e-01	-7.30769000e-06
1.67867768e+02	2026-09-04T17:35:36.843859	0.00000000e+00	1	41	-7.71999000e-05	6.00788000e-06	-5.50434000e-01	-6.00491000e-06
1.67877544e+02	2026-09-04T17:35:36.855243	0.00000000e+00	1	41	-7.48634000e-05	4.77668000e-06	-5.00393000e-01	-4.77672000e-06
1.67890462e+02	2026-09-04T17:35:36.864836	0.00000000e+00	1	41	-7.31468000e-05	3.77741000e-06	-4.50346000e-01	-3.82862000e-06
1.67908014e+02	2026-09-04T17:35:36.883631	0.00000000e+00	1	41	-7.35045000e-05	2.99365000e-06	-4.00338000e-01	-2.99756000e-06
1.67915576e+02	2026-09-04T17:35:36.893737	0.00000000e+00	1	41	-7.02620000e-05	2.31711000e-06	-3.50275000e-01	-2.31488000e-06
1.67939443e+02	2026-09-04T17:35:36.913797	0.00000000e+00	1	41	-7.54833000e-05	1.85032000e-06	-3.00235000e-01	-1.74227000e-06
1.67950038e+02	2026-09-04T17:35:36.923612	0.00000000e+00	1	41	-7.17878000e-05	1.25078000e-06	-2.50202000e-01	-1.20827000e-06
1.67976388e+02	2026-09-04T17:35:36.953637	0.00000000e+00	1	41	-7.40528000e-05	8.02956000e-07	-2.00061000e-01	-7.80730000e-07
1.67989771e+02	2026-09-04T17:35:36.963837	0.00000000e+00	1	41	-7.27892000e-05	5.00954000e-07	-1.50027000e-01	-4.76097000e-07
1.67997622e+02	2026-09-04T17:35:36.973769	0.00000000e+00	1	41	-7.15256000e-05	2.58485000e-07	-9.99834000e-02	-2.38116000e-07
1.68039244e+02	2026-09-04T17:35:37.013654	0.00000000e+00	1	41	-7.25985000e-05	1.10111000e-07	-4.99423000e-02	-1.00075000e-07
1.68067184e+02	2026-09-04T17:35:37.044540	0.00000000e+00	1	41	-7.57456000e-05	-2.84266000e-10	4.37021000e-05	4.33445000e-11
1.70041160e+02	2026-09-04T17:35:39.018643	0.00000000e+00	1	42	-6.90937000e-05	-3.85480000e-07	4.72307000e-05	3.79160000e-07
1.70053806e+02	2026-09-04T17:35:39.023816	0.00000000e+00	1	42	-7.25985000e-05	1.07772000e-04	-4.99451000e-02	-1.09172000e-04
1.70080571e+02	2026-09-04T17:35:39.057721	0.00000000e+00	1	42	-6.56843000e-05	2.19893000e-04	-9.99851000e-02	-2.19860000e-04
1.70104484e+02	2026-09-04T17:35:39.082277	0.00000000e+00	1	42	-7.10726000e-05	3.30927000e-04	-1.50027000e-01	-3.30824000e-04
1.70137548e+02	2026-09-04T17:35:39.113746	0.00000000e+00	1	42	-7.76529000e-05	4.26096000e-04	-2.00066000e-01	-4.25960000e-04
1.70145479e+02	2026-09-04T17:35:39.123542	0.00000000e+00	1	42	-7.68423000e-05	5.33290000e-04	-2.50206000e-01	-5.32466000e-04
1.70167880e+02	2026-09-04T17:35:39.145728	0.00000000e+00	1	42	-7.17163000e-05	5.98580000e-04	-3.00266000e-01	-5.77248000e-04
1.70198782e+02	2026-09-04T17:35:39.173785	0.00000000e+00	1	42	-6.74009000e-05	6.34793000e-04	-3.50285000e-01	-6.17784000e-04
1.70222799e+02	2026-09-04T17:35:39.193745	0.00000000e+00	1	42	-7.25985000e-05	7.01814000e-04	-4.00325000e-01	-6.99170000e-04
1.70237554e+02	2026-09-04T17:35:39.213599	0.00000000e+00	1	42	-7.40528000e-05	7.83105000e-04	-4.50349000e-01	-7.81637000e-04
1.70244773e+02	2026-09-04T17:35:39.219976	0.00000000e+00	1	42	-7.58410000e-05	8.62997000e-04	-5.00415000e-01	-8.62649000e-04
1.70263436e+02	2026-09-04T17:35:39.240763	0.00000000e+00	1	42	-7.31468000e-05	9.30072000e-04	-5.50467000e-01	-9.27490000e-04
1.70289937e+02	2026-09-04T17:35:39.263679	0.00000000e+00	1	42	-7.69138000e-05	2.27058000e-05	-6.00508000e-01	-2.66812000e-05
1.70303636e+02	2026-09-04T17:35:39.273839	0.00000000e+00	1	42	-8.23259000e-05	2.19811000e-05	-6.50537000e-01	-3.41368000e-05
1.70317127e+02	2026-09-04T17:35:39.293962	0.00000000e+00	1	42	-6.61373000e-05	3.86303000e-05	-7.00579000e-01	-3.70476000e-05
1.70342040e+02	2026-09-04T17:35:39.319622	0.00000000e+00	1	42	-6.90937000e-05	1.75269000e-05	-7.50600000e-01	-1.75539000e-05
1.70349381e+02	2026-09-04T17:35:39.323680	0.00000000e+00	1	42	-6.64949000e-05	2.05532000e-05	-8.00660000e-01	-2.05912000e-05
1.70356738e+02	2026-09-04T17:35:39.333907	0.00000000e+00	1	42	-7.01666000e-05	2.45537000e-05	-8.50695000e-01	-2.39832000e-05
1.70381212e+02	2026-09-04T17:35:39.357848	0.00000000e+00	1	42	-6.96421000e-05	2.70252000e-05	-9.00736000e-01	-2.71577000e-05
1.70406859e+02	2026-09-04T17:35:39.383937	0.00000000e+00	1	42	-6.75678000e-05	3.10507000e-05	-9.50769000e-01	-3.11387000e-05
1.70437717e+02	2026-09-04T17:35:39.415079	0.00000000e+00	1	42	-7.03573000e-05	3.61011000e-05	-1.00082000e+00	-3.55801000e-05
1.70467535e+02	2026-09-04T17:35:39.443734	0.00000000e+00	1	42	-6.56843000e-05	3.92497000e-05	-1.05082000e+00	-3.91034000e-05
1.70500805e+02	2026-09-04T17:35:39.478162	0.00000000e+00	1	42	-6.90937000e-05	4.37064000e-05	-1.10088000e+00	-4.44853000e-05
1.70521749e+02	2026-09-04T17:35:39.494450	0.00000000e+00	1	42	-7.33376000e-05	4.91843000e-05	-1.15095000e+00	-4.96761000e-05
1.70529676e+02	2026-09-04T17:35:39.503507	0.00000000e+00	1	42	-6.63042000e-05	5.67802000e-05	-1.20096000e+00	-5.49669000e-05
1.70555619e+02	2026-09-04T17:35:39.533491	0.00000000e+00	1	42	-7.16209000e-05	5.65424000e-05	-1.25102000e+00	-5.58522000e-05
1.70567534e+02	2026-09-04T17:35:39.543527	0.00000000e+00	1	42	-7.61986000e-05	6.46581000e-05	-1.30106000e+00	-6.43634000e-05
1.70589486e+02	2026-09-04T17:35:39.563555	0.00000000e+00	1	42	-7.42197000e-05	6.83871000e-05	-1.35109000e+00	-6.87063000e-05
1.70598070e+02	2026-09-04T17:35:39.575300	0.00000000e+00	1	42	-7.41243000e-05	7.61562000e-05	-1.40109000e+00	-7.57498000e-05
1.70605498e+02	2026-09-04T17:35:39.583495	0.00000000e+00	1	42	-7.59363000e-05	8.12151000e-05	-1.45115000e+00	-8.05029000e-05
1.70633325e+02	2026-09-04T17:35:39.605887	0.00000000e+00	1	42	-7.20739000e-05	8.71027000e-05	-1.50118000e+00	-8.73537000e-05
1.70643992e+02	2026-09-04T17:35:39.621951	0.00000000e+00	1	42	-7.50303000e-05	9.48830000e-05	-1.55123000e+00	-9.71895000e-05
1.70688745e+02	2026-09-04T17:35:39.664045	0.00000000e+00	1	42	-7.56741000e-05	1.04185000e-04	-1.60126000e+00	-1.03540000e-04
1.70701010e+02	2026-09-04T17:35:39.678268	0.00000000e+00	1	42	-7.13587000e-05	1.12194000e-04	-1.65131000e+00	-1.12543000e-04
1.70723736e+02	2026-09-04T17:35:39.701517	0.00000000e+00	1	42	-7.06196000e-05	1.24000000e-04	-1.70131000e+00	-1.24933000e-04
1.70748455e+02	2026-09-04T17:35:39.723620	0.00000000e+00	1	42	-7.69138000e-05	1.36794000e-04	-1.75135000e+00	-1.37184000e-04
1.70772506e+02	2026-09-04T17:35:39.749057	0.00000000e+00	1	42	-7.76529000e-05	1.52601000e-04	-1.80137000e+00	-1.52825000e-04
1.70780392e+02	2026-09-04T17:35:39.758315	0.00000000e+00	1	42	-6.87361000e-05	1.68149000e-04	-1.85143000e+00	-1.67948000e-04
1.70802967e+02	2026-09-04T17:35:39.780543	0.00000000e+00	1	42	-7.32422000e-05	1.90279000e-04	-1.90147000e+00	-1.90140000e-04
1.70810812e+02	2026-09-04T17:35:39.783926	0.00000000e+00	1	42	-7.81775000e-05	2.07181000e-04	-1.95151000e+00	-2.08980000e-04
1.70837721e+02	2026-09-04T17:35:39.813614	0.00000000e+00	1	42	-7.40528000e-05	2.41578000e-04	-2.00151000e+00	-2.34456000e-04
1.70868141e+02	2026-09-04T17:35:39.845834	0.00000000e+00	1	42	-7.17163000e-05	2.61202000e-04	-2.05156000e+00	-2.61715000e-04
1.70879573e+02	2026-09-04T17:35:39.853618	0.00000000e+00	1	42	-7.78198000e-05	2.91456000e-04	-2.10165000e+00	-2.93328000e-04
1.70902180e+02	2026-09-04T17:35:39.875659	0.00000000e+00	1	42	-7.97033000e-05	3.39613000e-04	-2.15192000e+00	-3.44383000e-04
1.70913868e+02	2026-09-04T17:35:39.891494	0.00000000e+00	1	42	-8.33988000e-05	4.45294000e-04	-2.20176000e+00	-4.40898000e-04
1.70943530e+02	2026-09-04T17:35:39.913605	0.00000000e+00	1	42	-7.44104000e-05	4.52746000e-04	-2.20191000e+00	-4.50300000e-04
1.70971409e+02	2026-09-04T17:35:39.943759	0.00000000e+00	1	42	-7.74622000e-05	3.69471000e-04	-2.15191000e+00	-3.67792000e-04
1.70993677e+02	2026-09-04T17:35:39.971397	0.00000000e+00	1	42	-7.01666000e-05	3.17507000e-04	-2.10157000e+00	-3.19058000e-04
1.71002242e+02	2026-09-04T17:35:39.973907	0.00000000e+00	1	42	-7.35045000e-05	2.80000000e-04	-2.05164000e+00	-2.81341000e-04
1.71029106e+02	2026-09-04T17:35:40.005884	0.00000000e+00	1	42	-7.14302000e-05	2.49093000e-04	-2.00152000e+00	-2.47738000e-04
1.71041163e+02	2026-09-04T17:35:40.019187	0.00000000e+00	1	42	-6.37054000e-05	2.23654000e-04	-1.95148000e+00	-2.23181000e-04
1.71070096e+02	2026-09-04T17:35:40.043787	0.00000000e+00	1	42	-7.19786000e-05	1.99493000e-04	-1.90146000e+00	-1.99241000e-04
1.71078211e+02	2026-09-04T17:35:40.053870	0.00000000e+00	1	42	-6.80208000e-05	1.80736000e-04	-1.85141000e+00	-1.80972000e-04
1.71086171e+02	2026-09-04T17:35:40.063668	0.00000000e+00	1	42	-6.63996000e-05	1.64097000e-04	-1.80136000e+00	-1.63870000e-04
1.71105525e+02	2026-09-04T17:35:40.082983	0.00000000e+00	1	42	-7.57456000e-05	1.49115000e-04	-1.75135000e+00	-1.48026000e-04
1.71142386e+02	2026-09-04T17:35:40.119122	0.00000000e+00	1	42	-6.85692000e-05	1.35065000e-04	-1.70131000e+00	-1.34029000e-04
1.71165947e+02	2026-09-04T17:35:40.143858	0.00000000e+00	1	42	-6.91891000e-05	1.23284000e-04	-1.65129000e+00	-1.22848000e-04
1.71188057e+02	2026-09-04T17:35:40.163658	0.00000000e+00	1	42	-7.26938000e-05	1.11956000e-04	-1.60122000e+00	-1.11877000e-04
1.71195697e+02	2026-09-04T17:35:40.173620	0.00000000e+00	1	42	-6.83785000e-05	1.01541000e-04	-1.55122000e+00	-1.01718000e-04
1.71209403e+02	2026-09-04T17:35:40.183836	0.00000000e+00	1	42	-6.93798000e-05	9.34465000e-05	-1.50118000e+00	-9.34389000e-05
1.71227287e+02	2026-09-04T17:35:40.203855	0.00000000e+00	1	42	-6.81162000e-05	8.41356000e-05	-1.45115000e+00	-8.37428000e-05
1.71248254e+02	2026-09-04T17:35:40.225533	0.00000000e+00	1	42	-6.86407000e-05	7.60467000e-05	-1.40109000e+00	-7.61083000e-05
1.71256486e+02	2026-09-04T17:35:40.233741	0.00000000e+00	1	42	-7.14302000e-05	6.81642000e-05	-1.35110000e+00	-6.82094000e-05
1.71268074e+02	2026-09-04T17:35:40.243619	0.00000000e+00	1	42	-7.05481000e-05	6.09327000e-05	-1.30102000e+00	-6.05159000e-05
1.71275781e+02	2026-09-04T17:35:40.253784	0.00000000e+00	1	42	-7.47681000e-05	5.43271000e-05	-1.25100000e+00	-5.43715000e-05
1.71283760e+02	2026-09-04T17:35:40.258772	0.00000000e+00	1	42	-6.69479000e-05	4.84286000e-05	-1.20097000e+00	-4.83440000e-05
1.71291434e+02	2026-09-04T17:35:40.263836	0.00000000e+00	1	42	-6.98090000e-05	4.30189000e-05	-1.15097000e+00	-4.28066000e-05
1.71303597e+02	2026-09-04T17:35:40.273924	0.00000000e+00	1	42	-7.28846000e-05	3.80964000e-05	-1.10090000e+00	-3.81465000e-05
1.71327297e+02	2026-09-04T17:35:40.303904	0.00000000e+00	1	42	-7.43151000e-05	3.31654000e-05	-1.05083000e+00	-3.30091000e-05
1.71359624e+02	2026-09-04T17:35:40.335659	0.00000000e+00	1	42	-7.68423000e-05	2.87864000e-05	-1.00084000e+00	-2.87265000e-05
1.71367536e+02	2026-09-04T17:35:40.343834	0.00000000e+00	1	42	-6.75678000e-05	2.50784000e-05	-9.50780000e-01	-2.51202000e-05
1.71376117e+02	2026-09-04T17:35:40.353823	0.00000000e+00	1	42	-7.07150000e-05	2.16649000e-05	-9.00740000e-01	-2.16111000e-05
1.71383847e+02	2026-09-04T17:35:40.361831	0.00000000e+00	1	42	-7.23362000e-05	1.86705000e-05	-8.50670000e-01	-1.85475000e-05
1.71398388e+02	2026-09-04T17:35:40.373923	0.00000000e+00	1	42	-7.51257000e-05	1.59315000e-05	-8.00680000e-01	-1.58677000e-05
1.71413703e+02	2026-09-04T17:35:40.385485	0.00000000e+00	1	42	-6.65903000e-05	1.36292000e-05	-7.50600000e-01	-1.35788000e-05
1.71437438e+02	2026-09-04T17:35:40.415034	0.00000000e+00	1	42	-7.13587000e-05	1.13204000e-05	-7.00577000e-01	-1.14198000e-05
1.71456616e+02	2026-09-04T17:35:40.434043	0.00000000e+00	1	42	-5.12123000e-05	9.44358000e-06	-6.50546000e-01	-9.33174000e-06
1.71488252e+02	2026-09-04T17:35:40.464023	0.00000000e+00	1	42	-8.33035000e-05	7.46128000e-06	-6.00497000e-01	-7.52655000e-06
1.71521644e+02	2026-09-04T17:35:40.494775	0.00000000e+00	1	42	-7.78198000e-05	6.00647000e-06	-5.50442000e-01	-6.04260000e-06
1.71530496e+02	2026-09-04T17:35:40.504028	0.00000000e+00	1	42	-7.45058000e-05	4.86923000e-06	-5.00429000e-01	-4.96231000e-06
1.71559240e+02	2026-09-04T17:35:40.533565	0.00000000e+00	1	42	-8.19683000e-05	3.90812000e-06	-4.50364000e-01	-3.93000000e-06
1.71573152e+02	2026-09-04T17:35:40.551287	0.00000000e+00	1	42	-6.99043000e-05	3.09047000e-06	-4.00348000e-01	-3.06475000e-06
1.71599429e+02	2026-09-04T17:35:40.575936	0.00000000e+00	1	42	-7.40528000e-05	2.35448000e-06	-3.50282000e-01	-2.35963000e-06
1.71609785e+02	2026-09-04T17:35:40.583634	0.00000000e+00	1	42	-7.11679000e-05	1.79349000e-06	-3.00246000e-01	-1.80801000e-06
1.71632299e+02	2026-09-04T17:35:40.604817	0.00000000e+00	1	42	-7.52926000e-05	1.29185000e-06	-2.50196000e-01	-1.29848000e-06
1.71639825e+02	2026-09-04T17:35:40.613950	0.00000000e+00	1	42	-7.36952000e-05	8.84475000e-07	-2.00073000e-01	-8.86884000e-07
1.71653990e+02	2026-09-04T17:35:40.624040	0.00000000e+00	1	42	-6.82831000e-05	5.70805000e-07	-1.50031000e-01	-5.67385000e-07
1.71672697e+02	2026-09-04T17:35:40.643605	0.00000000e+00	1	42	-7.23362000e-05	3.10778000e-07	-9.99927000e-02	-3.03766000e-07
1.71703292e+02	2026-09-04T17:35:40.678519	0.00000000e+00	1	42	-6.50644000e-05	1.47633000e-07	-4.99553000e-02	-1.51304000e-07
1.71726303e+02	2026-09-04T17:35:40.703687	0.00000000e+00	1	42	-6.82831000e-05	-3.65794000e-10	4.37975000e-05	1.71137000e-10
1.73739268e+02	2026-09-04T17:35:42.713827	0.00000000e+00	1	43	-6.24418000e-05	-4.30977000e-07	3.91245000e-05	4.57394000e-07
1.73765171e+02	2026-09-04T17:35:42.740762	0.00000000e+00	1	43	-6.43253000e-05	1.38340000e-04	-4.99423000e-02	-1.38190000e-04
1.73787971e+02	2026-09-04T17:35:42.764271	0.00000000e+00	1	43	-6.47783000e-05	2.77195000e-04	-9.99806000e-02	-2.76876000e-04
1.73811298e+02	2026-09-04T17:35:42.787995	0.00000000e+00	1	43	-6.52313000e-05	4.15480000e-04	-1.50026000e-01	-4.15115000e-04
1.73824365e+02	2026-09-04T17:35:42.795793	0.00000000e+00	1	43	-6.59466000e-05	5.52636000e-04	-2.00054000e-01	-5.51635000e-04
1.73856986e+02	2026-09-04T17:35:42.833697	0.00000000e+00	1	43	-6.74725000e-05	6.87540000e-04	-2.50196000e-01	-4.51126000e-04
1.73906757e+02	2026-09-04T17:35:42.884001	0.00000000e+00	1	43	-6.18219000e-05	4.68720000e-04	-3.00265000e-01	-4.65030000e-04
1.73914758e+02	2026-09-04T17:35:42.884001	0.00000000e+00	1	43	-5.76735000e-05	5.24485000e-04	-3.50283000e-01	-5.08324000e-04
1.73939407e+02	2026-09-04T17:35:42.915849	0.00000000e+00	1	43	-5.82218000e-05	5.36699000e-04	-4.00339000e-01	-5.31896000e-04
1.73962839e+02	2026-09-04T17:35:42.933759	0.00000000e+00	1	43	-6.69479000e-05	5.92195000e-04	-4.50357000e-01	-5.91206000e-04
1.73985733e+02	2026-09-04T17:35:42.963783	0.00000000e+00	1	43	-6.91891000e-05	6.04278000e-04	-5.00401000e-01	-6.02047000e-04
1.73993479e+02	2026-09-04T17:35:42.964822	0.00000000e+00	1	43	-6.55890000e-05	6.48586000e-04	-5.50455000e-01	-6.40127000e-04
1.74001276e+02	2026-09-04T17:35:42.979256	0.00000000e+00	1	43	-5.76735000e-05	6.43229000e-04	-6.00497000e-01	-5.58926000e-04
1.74030197e+02	2026-09-04T17:35:43.005836	0.00000000e+00	1	43	-6.78301000e-05	5.69746000e-04	-6.50511000e-01	-5.51587000e-04
1.74050957e+02	2026-09-04T17:35:43.029015	0.00000000e+00	1	43	-5.61476000e-05	4.70526000e-04	-7.00585000e-01	-4.60008000e-04
1.74061488e+02	2026-09-04T17:35:43.033892	0.00000000e+00	1	43	-6.02007000e-05	4.56331000e-04	-7.50608000e-01	-3.79128000e-04
1.74073170e+02	2026-09-04T17:35:43.048295	0.00000000e+00	1	43	-8.60930000e-05	5.24244000e-04	-8.00684000e-01	-4.35016000e-04
1.74096366e+02	2026-09-04T17:35:43.073770	0.00000000e+00	1	43	-7.04527000e-05	3.71178000e-04	-8.50682000e-01	-3.67461000e-04
1.74120760e+02	2026-09-04T17:35:43.093790	0.00000000e+00	1	43	-5.65052000e-05	3.61304000e-04	-9.00723000e-01	-3.20261000e-04
1.74148071e+02	2026-09-04T17:35:43.123721	0.00000000e+00	1	43	-6.60419000e-05	3.81170000e-04	-9.50765000e-01	-3.71516000e-04
1.74175564e+02	2026-09-04T17:35:43.153869	0.00000000e+00	1	43	-4.60863000e-05	4.38117000e-04	-1.00081000e+00	-4.17310000e-04
1.74183432e+02	2026-09-04T17:35:43.153869	0.00000000e+00	1	43	-2.92540000e-05	4.21095000e-04	-1.05087000e+00	-2.98416000e-04
1.74192335e+02	2026-09-04T17:35:43.169259	0.00000000e+00	1	43	-3.49283000e-05	2.75746000e-04	-1.10087000e+00	-2.13182000e-04
1.74216017e+02	2026-09-04T17:35:43.193893	0.00000000e+00	1	43	-9.05037000e-05	2.49930000e-04	-1.15095000e+00	-2.40948000e-04
1.74231468e+02	2026-09-04T17:35:43.203787	0.00000000e+00	1	43	-7.09057000e-05	1.41100000e-04	-1.20093000e+00	-1.72095000e-04
1.74255866e+02	2026-09-04T17:35:43.233931	0.00000000e+00	1	43	-4.32014000e-05	1.47494000e-04	-1.25099000e+00	-1.32454000e-04
1.74263674e+02	2026-09-04T17:35:43.233931	0.00000000e+00	1	43	-7.38621000e-05	1.44556000e-04	-1.30103000e+00	-1.55420000e-04
1.74286394e+02	2026-09-04T17:35:43.263978	0.00000000e+00	1	43	-5.84841000e-05	1.66403000e-04	-1.35108000e+00	-2.07180000e-04
1.74306965e+02	2026-09-04T17:35:43.283774	0.00000000e+00	1	43	-6.14643000e-05	1.88384000e-04	-1.40114000e+00	-2.43722000e-04
1.74334400e+02	2026-09-04T17:35:43.311478	0.00000000e+00	1	43	-6.97374000e-05	8.44235000e-05	-1.45115000e+00	-8.52845000e-05
1.74365953e+02	2026-09-04T17:35:43.343804	0.00000000e+00	1	43	-7.10726000e-05	9.48501000e-05	-1.50116000e+00	-9.49117000e-05
1.74373719e+02	2026-09-04T17:35:43.343804	0.00000000e+00	1	43	-6.91891000e-05	1.04214000e-04	-1.55122000e+00	-1.05220000e-04
1.74394682e+02	2026-09-04T17:35:43.365279	0.00000000e+00	1	43	-6.46830000e-05	1.15326000e-04	-1.60121000e+00	-1.16931000e-04
1.74415973e+02	2026-09-04T17:35:43.393835	0.00000000e+00	1	43	-7.08103000e-05	1.30679000e-04	-1.65127000e+00	-1.31905000e-04
1.74445413e+02	2026-09-04T17:35:43.422517	0.00000000e+00	1	43	-7.03573000e-05	1.40904000e-04	-1.70130000e+00	-1.39124000e-04
1.74453773e+02	2026-09-04T17:35:43.424024	0.00000000e+00	1	43	-6.79255000e-05	1.55587000e-04	-1.75134000e+00	-1.55664000e-04
1.74489917e+02	2026-09-04T17:35:43.465566	0.00000000e+00	1	43	-7.24316000e-05	1.68256000e-04	-1.80137000e+00	-1.69034000e-04
1.74535788e+02	2026-09-04T17:35:43.513932	0.00000000e+00	1	43	-6.99997000e-05	1.91203000e-04	-1.85141000e+00	-1.93914000e-04
1.74556259e+02	2026-09-04T17:35:43.533930	0.00000000e+00	1	43	-6.76632000e-05	2.19015000e-04	-1.90144000e+00	-2.17879000e-04
1.74564346e+02	2026-09-04T17:35:43.533930	0.00000000e+00	1	43	-6.59466000e-05	2.38895000e-04	-1.95148000e+00	-2.39172000e-04
1.74594823e+02	2026-09-04T17:35:43.565625	0.00000000e+00	1	43	-6.53267000e-05	2.64328000e-04	-2.00148000e+00	-2.61113000e-04
1.74619677e+02	2026-09-04T17:35:43.596918	0.00000000e+00	1	43	-7.17163000e-05	2.95541000e-04	-2.05163000e+00	-2.92892000e-04
1.74640139e+02	2026-09-04T17:35:43.613646	0.00000000e+00	1	43	-6.92844000e-05	3.34259000e-04	-2.10166000e+00	-3.33827000e-04
1.74647575e+02	2026-09-04T17:35:43.623673	0.00000000e+00	1	43	-6.68526000e-05	3.94112000e-04	-2.15177000e+00	-3.98694000e-04
1.74667121e+02	2026-09-04T17:35:43.644875	0.00000000e+00	1	43	-6.59466000e-05	4.50738000e-04	-2.20183000e+00	-4.46222000e-04
1.74687402e+02	2026-09-04T17:35:43.663892	0.00000000e+00	1	43	-7.21455000e-05	4.71302000e-04	-2.20191000e+00	-4.65871000e-04
1.74697228e+02	2026-09-04T17:35:43.673818	0.00000000e+00	1	43	-6.05583000e-05	4.06894000e-04	-2.15176000e+00	-4.10778000e-04
1.74723890e+02	2026-09-04T17:35:43.693725	0.00000000e+00	1	43	-6.21796000e-05	3.63102000e-04	-2.10167000e+00	-3.54383000e-04
1.74738217e+02	2026-09-04T17:35:43.713930	0.00000000e+00	1	43	-6.34432000e-05	3.20223000e-04	-2.05148000e+00	-3.20238000e-04
1.74746004e+02	2026-09-04T17:35:43.723946	0.00000000e+00	1	43	-6.58512000e-05	2.85512000e-04	-2.00151000e+00	-2.86068000e-04
1.74753821e+02	2026-09-04T17:35:43.723946	0.00000000e+00	1	43	-6.88314000e-05	2.60528000e-04	-1.95148000e+00	-2.59428000e-04
1.74761457e+02	2026-09-04T17:35:43.739668	0.00000000e+00	1	43	-7.17163000e-05	2.33548000e-04	-1.90145000e+00	-2.33913000e-04
1.74822854e+02	2026-09-04T17:35:43.793728	0.00000000e+00	1	43	-6.87361000e-05	2.15145000e-04	-1.85142000e+00	-2.15132000e-04
1.74834312e+02	2026-09-04T17:35:43.803797	0.00000000e+00	1	43	-7.01666000e-05	1.96247000e-04	-1.80136000e+00	-1.96357000e-04
1.74847833e+02	2026-09-04T17:35:43.823706	0.00000000e+00	1	43	-6.66618000e-05	1.83114000e-04	-1.75136000e+00	-1.81155000e-04
1.74855429e+02	2026-09-04T17:35:43.833749	0.00000000e+00	1	43	-7.39574000e-05	1.66684000e-04	-1.70128000e+00	-1.67371000e-04
1.74902570e+02	2026-09-04T17:35:43.873811	0.00000000e+00	1	43	-6.50644000e-05	1.54398000e-04	-1.65130000e+00	-1.51494000e-04
1.74951191e+02	2026-09-04T17:35:43.928934	0.00000000e+00	1	43	-6.53267000e-05	1.42128000e-04	-1.60125000e+00	-1.40699000e-04
1.74958918e+02	2026-09-04T17:35:43.933657	0.00000000e+00	1	43	-7.05481000e-05	1.30116000e-04	-1.55123000e+00	-1.29457000e-04
1.74968314e+02	2026-09-04T17:35:43.944754	0.00000000e+00	1	43	-7.61986000e-05	1.19107000e-04	-1.50117000e+00	-1.19306000e-04
1.75006387e+02	2026-09-04T17:35:43.983904	0.00000000e+00	1	43	-7.17163000e-05	1.08574000e-04	-1.45115000e+00	-1.09224000e-04
1.75020950e+02	2026-09-04T17:35:43.993667	0.00000000e+00	1	43	-7.28846000e-05	1.00538000e-04	-1.40109000e+00	-9.84591000e-05
1.75033865e+02	2026-09-04T17:35:44.003761	0.00000000e+00	1	43	-6.58512000e-05	9.14089000e-05	-1.35111000e+00	-9.11945000e-05
1.75083007e+02	2026-09-04T17:35:44.060122	0.00000000e+00	1	43	-6.90937000e-05	8.12466000e-05	-1.30103000e+00	-7.99296000e-05
1.75098680e+02	2026-09-04T17:35:44.076624	0.00000000e+00	1	43	-6.91891000e-05	7.47413000e-05	-1.25101000e+00	-7.35170000e-05
1.75120353e+02	2026-09-04T17:35:44.093974	0.00000000e+00	1	43	-7.61986000e-05	6.69395000e-05	-1.20096000e+00	-6.66413000e-05
1.75129703e+02	2026-09-04T17:35:44.107633	0.00000000e+00	1	43	-7.60317000e-05	5.85987000e-05	-1.15093000e+00	-5.96820000e-05
1.75193153e+02	2026-09-04T17:35:44.171441	0.00000000e+00	1	43	-7.17163000e-05	5.29339000e-05	-1.10088000e+00	-5.30595000e-05
1.75215008e+02	2026-09-04T17:35:44.187266	0.00000000e+00	1	43	-7.78198000e-05	4.83466000e-05	-1.05082000e+00	-4.73863000e-05
1.75223004e+02	2026-09-04T17:35:44.193650	0.00000000e+00	1	43	-6.89268000e-05	4.19011000e-05	-1.00081000e+00	-4.19401000e-05
1.75274300e+02	2026-09-04T17:35:44.250882	0.00000000e+00	1	43	-6.82831000e-05	3.86204000e-05	-9.50759000e-01	-3.85664000e-05
1.75306202e+02	2026-09-04T17:35:44.283684	0.00000000e+00	1	43	-7.08103000e-05	3.23528000e-05	-9.00746000e-01	-3.25544000e-05
1.75314449e+02	2026-09-04T17:35:44.283684	0.00000000e+00	1	43	-7.75576000e-05	2.83583000e-05	-8.50683000e-01	-2.78434000e-05
1.75336768e+02	2026-09-04T17:35:44.314048	0.00000000e+00	1	43	-7.19786000e-05	2.53292000e-05	-8.00672000e-01	-2.48786000e-05
1.75360373e+02	2026-09-04T17:35:44.333896	0.00000000e+00	1	43	-7.78198000e-05	2.16999000e-05	-7.50607000e-01	-2.18434000e-05
1.75384749e+02	2026-09-04T17:35:44.361539	0.00000000e+00	1	43	-7.36952000e-05	1.77961000e-05	-7.00588000e-01	-1.73039000e-05
1.75415706e+02	2026-09-04T17:35:44.393853	0.00000000e+00	1	43	-6.05583000e-05	1.49895000e-05	-6.50528000e-01	-1.51789000e-05
1.75423800e+02	2026-09-04T17:35:44.393853	0.00000000e+00	1	43	-6.90937000e-05	1.26345000e-05	-6.00493000e-01	-1.29469000e-05
1.75449588e+02	2026-09-04T17:35:44.427300	0.00000000e+00	1	43	-7.26938000e-05	1.09395000e-05	-5.50451000e-01	-1.08408000e-05
1.75459334e+02	2026-09-04T17:35:44.433563	0.00000000e+00	1	43	-8.51870000e-05	8.38088000e-06	-5.00444000e-01	-7.75913000e-06
1.75478371e+02	2026-09-04T17:35:44.456758	0.00000000e+00	1	43	-4.54426000e-05	6.38455000e-06	-4.50332000e-01	-6.88075000e-06
1.75501175e+02	2026-09-04T17:35:44.473932	0.00000000e+00	1	43	-7.55787000e-05	5.47183000e-06	-4.00351000e-01	-5.08319000e-06
1.75509331e+02	2026-09-04T17:35:44.483855	0.00000000e+00	1	43	-6.97374000e-05	3.51155000e-06	-3.50277000e-01	-3.72827000e-06
1.75542909e+02	2026-09-04T17:35:44.519379	0.00000000e+00	1	43	-6.30856000e-05	2.60126000e-06	-3.00271000e-01	-2.42933000e-06
1.75571093e+02	2026-09-04T17:35:44.543642	0.00000000e+00	1	43	-6.08206000e-05	1.66220000e-06	-2.50212000e-01	-1.72296000e-06
1.75593560e+02	2026-09-04T17:35:44.567772	0.00000000e+00	1	43	-6.79255000e-05	1.15803000e-06	-2.00064000e-01	-1.10685000e-06
1.75601425e+02	2026-09-04T17:35:44.573799	0.00000000e+00	1	43	-7.45773000e-05	6.59683000e-07	-1.50033000e-01	-7.49786000e-07
1.75614025e+02	2026-09-04T17:35:44.583783	0.00000000e+00	1	43	-6.97374000e-05	3.46164000e-07	-9.99843000e-02	-3.60016000e-07
1.75643568e+02	2026-09-04T17:35:44.614759	0.00000000e+00	1	43	-7.24316000e-05	1.68715000e-07	-4.99438000e-02	-1.80427000e-07
1.75652662e+02	2026-09-04T17:35:44.630705	0.00000000e+00	1	43	-7.52211000e-05	-2.57981000e-10	4.08411000e-05	2.12359000e-10
1.77477214e+02	2026-09-04T17:35:46.453656	0.00000000e+00	1	44	-6.78301000e-05	-3.31375000e-07	4.23670000e-05	3.31620000e-07
1.77485861e+02	2026-09-04T17:35:46.463564	0.00000000e+00	1	44	-6.62327000e-05	1.00489000e-04	-4.99435000e-02	-1.00536000e-04
1.77509924e+02	2026-09-04T17:35:46.483742	0.00000000e+00	1	44	-7.50303000e-05	2.01603000e-04	-9.99841000e-02	-2.01458000e-04
1.77532235e+02	2026-09-04T17:35:46.509866	0.00000000e+00	1	44	-7.06196000e-05	2.97293000e-04	-1.50030000e-01	-2.97238000e-04
1.77546403e+02	2026-09-04T17:35:46.523689	0.00000000e+00	1	44	-6.67572000e-05	3.98192000e-04	-2.00059000e-01	-3.97988000e-04
1.77572720e+02	2026-09-04T17:35:46.543942	0.00000000e+00	1	44	-6.96421000e-05	4.70011000e-04	-2.50181000e-01	-4.69772000e-04
1.77581963e+02	2026-09-04T17:35:46.558681	0.00000000e+00	1	44	-6.40631000e-05	5.28554000e-04	-3.00243000e-01	-5.04009000e-04
1.77589966e+02	2026-09-04T17:35:46.567805	0.00000000e+00	1	44	-6.77586000e-05	5.40385000e-04	-3.50275000e-01	-5.36012000e-04
1.77617855e+02	2026-09-04T17:35:46.593800	0.00000000e+00	1	44	-7.07150000e-05	5.09217000e-04	-4.00351000e-01	-5.10216000e-04
1.77638454e+02	2026-09-04T17:35:46.613892	0.00000000e+00	1	44	-6.50644000e-05	1.92444000e-04	-4.50340000e-01	-1.97395000e-04
1.77647339e+02	2026-09-04T17:35:46.625622	0.00000000e+00	1	44	-7.00951000e-05	1.34072000e-04	-5.00421000e-01	-1.26178000e-04
1.77657811e+02	2026-09-04T17:35:46.633767	0.00000000e+00	1	44	-5.59807000e-05	7.05308000e-05	-5.50449000e-01	-2.73477000e-05
1.77683500e+02	2026-09-04T17:35:46.653836	0.00000000e+00	1	44	-6.69479000e-05	1.85422000e-05	-6.00503000e-01	-1.85675000e-05
1.77707388e+02	2026-09-04T17:35:46.685222	0.00000000e+00	1	44	-6.70195000e-05	2.30142000e-05	-6.50521000e-01	-2.27511000e-05
1.77720876e+02	2026-09-04T17:35:46.693772	0.00000000e+00	1	44	-6.37054000e-05	2.67671000e-05	-7.00578000e-01	-2.51157000e-05
1.77751316e+02	2026-09-04T17:35:46.723791	0.00000000e+00	1	44	-7.22408000e-05	3.08246000e-05	-7.50613000e-01	-2.94427000e-05
1.77774968e+02	2026-09-04T17:35:46.747768	0.00000000e+00	1	44	-6.43253000e-05	3.36622000e-05	-8.00670000e-01	-2.94564000e-05
1.77783423e+02	2026-09-04T17:35:46.753965	0.00000000e+00	1	44	-6.43253000e-05	3.59055000e-05	-8.50675000e-01	-3.53724000e-05
1.77802725e+02	2026-09-04T17:35:46.780064	0.00000000e+00	1	44	-6.61373000e-05	3.93150000e-05	-9.00739000e-01	-3.98189000e-05
1.77834965e+02	2026-09-04T17:35:46.811867	0.00000000e+00	1	44	-5.96523000e-05	4.35014000e-05	-9.50759000e-01	-4.30523000e-05
1.77846591e+02	2026-09-04T17:35:46.823749	0.00000000e+00	1	44	-6.21796000e-05	4.58645000e-05	-1.00081000e+00	-4.59925000e-05
1.77862067e+02	2026-09-04T17:35:46.834018	0.00000000e+00	1	44	-6.14643000e-05	5.16532000e-05	-1.05083000e+00	-5.11251000e-05
1.77881916e+02	2026-09-04T17:35:46.859700	0.00000000e+00	1	44	-7.08103000e-05	5.72416000e-05	-1.10088000e+00	-5.67336000e-05
1.77890546e+02	2026-09-04T17:35:46.863819	0.00000000e+00	1	44	-6.55890000e-05	6.31240000e-05	-1.15095000e+00	-6.28201000e-05
1.77917534e+02	2026-09-04T17:35:46.893796	0.00000000e+00	1	44	-6.89983000e-05	7.06042000e-05	-1.20096000e+00	-7.16337000e-05
1.77925299e+02	2026-09-04T17:35:46.901322	0.00000000e+00	1	44	-6.22749000e-05	7.85196000e-05	-1.25100000e+00	-7.72237000e-05
1.77955706e+02	2026-09-04T17:35:46.933901	0.00000000e+00	1	44	-6.29902000e-05	7.91444000e-05	-1.30105000e+00	-8.04838000e-05
1.77976258e+02	2026-09-04T17:35:46.953931	0.00000000e+00	1	44	-6.21796000e-05	8.91325000e-05	-1.35108000e+00	-8.89380000e-05
1.77984528e+02	2026-09-04T17:35:46.953931	0.00000000e+00	1	44	-5.68628000e-05	9.88520000e-05	-1.40109000e+00	-9.85913000e-05
1.78009002e+02	2026-09-04T17:35:46.985681	0.00000000e+00	1	44	-5.98431000e-05	1.08581000e-04	-1.45114000e+00	-1.06840000e-04
1.78048146e+02	2026-09-04T17:35:47.023644	0.00000000e+00	1	44	-7.09057000e-05	1.25645000e-04	-1.50117000e+00	-1.25775000e-04
1.78071884e+02	2026-09-04T17:35:47.049006	0.00000000e+00	1	44	-7.03573000e-05	1.29330000e-04	-1.55123000e+00	-1.28183000e-04
1.78084368e+02	2026-09-04T17:35:47.053822	0.00000000e+00	1	44	-6.76632000e-05	1.40306000e-04	-1.60125000e+00	-1.39934000e-04
1.78110804e+02	2026-09-04T17:35:47.084035	0.00000000e+00	1	44	-6.51360000e-05	1.51174000e-04	-1.65128000e+00	-1.52588000e-04
1.78130278e+02	2026-09-04T17:35:47.103990	0.00000000e+00	1	44	-6.07252000e-05	1.66167000e-04	-1.70129000e+00	-1.66016000e-04
1.78138936e+02	2026-09-04T17:35:47.114000	0.00000000e+00	1	44	-6.85692000e-05	1.83690000e-04	-1.75134000e+00	-1.83365000e-04
1.78147863e+02	2026-09-04T17:35:47.123684	0.00000000e+00	1	44	-7.03573000e-05	1.97096000e-04	-1.80137000e+00	-1.95578000e-04
1.78166624e+02	2026-09-04T17:35:47.144032	0.00000000e+00	1	44	-6.61373000e-05	2.07189000e-04	-1.85143000e+00	-2.07044000e-04
1.78174738e+02	2026-09-04T17:35:47.144032	0.00000000e+00	1	44	-6.51360000e-05	2.20187000e-04	-1.90146000e+00	-2.21965000e-04
1.78200947e+02	2026-09-04T17:35:47.176443	0.00000000e+00	1	44	-6.32525000e-05	2.48768000e-04	-1.95149000e+00	-2.48297000e-04
1.78209404e+02	2026-09-04T17:35:47.183831	0.00000000e+00	1	44	-7.44104000e-05	2.79407000e-04	-2.00152000e+00	-2.73585000e-04
1.78217454e+02	2026-09-04T17:35:47.194059	0.00000000e+00	1	44	-7.37667000e-05	2.89464000e-04	-2.05172000e+00	-2.94024000e-04
1.78231511e+02	2026-09-04T17:35:47.207384	0.00000000e+00	1	44	-6.66618000e-05	3.47547000e-04	-2.10163000e+00	-3.45561000e-04
1.78250967e+02	2026-09-04T17:35:47.223569	0.00000000e+00	1	44	-7.39574000e-05	3.84570000e-04	-2.15184000e+00	-3.85334000e-04
1.78258919e+02	2026-09-04T17:35:47.233618	0.00000000e+00	1	44	-7.62939000e-05	4.38449000e-04	-2.20178000e+00	-4.41691000e-04
1.78286044e+02	2026-09-04T17:35:47.264220	0.00000000e+00	1	44	-7.03573000e-05	4.52424000e-04	-2.20184000e+00	-4.49911000e-04
1.78305550e+02	2026-09-04T17:35:47.283893	0.00000000e+00	1	44	-6.94513000e-05	4.05401000e-04	-2.15169000e+00	-4.05820000e-04
1.78357213e+02	2026-09-04T17:35:47.335430	0.00000000e+00	1	44	-6.78301000e-05	3.52517000e-04	-2.10158000e+00	-3.54731000e-04
1.78365106e+02	2026-09-04T17:35:47.335430	0.00000000e+00	1	44	-6.49691000e-05	3.22203000e-04	-2.05171000e+00	-3.21329000e-04
1.78372578e+02	2026-09-04T17:35:47.350709	0.00000000e+00	1	44	-6.22749000e-05	2.87550000e-04	-2.00150000e+00	-2.90895000e-04
1.78399520e+02	2026-09-04T17:35:47.373755	0.00000000e+00	1	44	-6.53267000e-05	2.64294000e-04	-1.95149000e+00	-2.63987000e-04
1.78409950e+02	2026-09-04T17:35:47.383575	0.00000000e+00	1	44	-5.51701000e-05	2.42096000e-04	-1.90144000e+00	-2.42329000e-04
1.78419780e+02	2026-09-04T17:35:47.393612	0.00000000e+00	1	44	-6.49691000e-05	2.18393000e-04	-1.85141000e+00	-2.17337000e-04
1.78445005e+02	2026-09-04T17:35:47.414785	0.00000000e+00	1	44	-6.92844000e-05	2.01061000e-04	-1.80137000e+00	-2.02695000e-04
1.78453303e+02	2026-09-04T17:35:47.430863	0.00000000e+00	1	44	-6.89268000e-05	1.84902000e-04	-1.75136000e+00	-1.82915000e-04
1.78501414e+02	2026-09-04T17:35:47.478369	0.00000000e+00	1	44	-7.35998000e-05	1.68158000e-04	-1.70129000e+00	-1.67154000e-04
1.78532367e+02	2026-09-04T17:35:47.509730	0.00000000e+00	1	44	-6.33478000e-05	1.54690000e-04	-1.65132000e+00	-1.55048000e-04
1.78540115e+02	2026-09-04T17:35:47.513787	0.00000000e+00	1	44	-6.13689000e-05	1.41498000e-04	-1.60125000e+00	-1.41138000e-04
1.78564239e+02	2026-09-04T17:35:47.541586	0.00000000e+00	1	44	-6.05583000e-05	1.29392000e-04	-1.55123000e+00	-1.29763000e-04
1.78600335e+02	2026-09-04T17:35:47.573756	0.00000000e+00	1	44	-6.31571000e-05	1.18861000e-04	-1.50119000e+00	-1.18862000e-04
1.78631528e+02	2026-09-04T17:35:47.604931	0.00000000e+00	1	44	-6.25372000e-05	1.08546000e-04	-1.45116000e+00	-1.08799000e-04
1.78640279e+02	2026-09-04T17:35:47.613718	0.00000000e+00	1	44	-6.39677000e-05	1.00916000e-04	-1.40111000e+00	-1.01228000e-04
1.78652632e+02	2026-09-04T17:35:47.623972	0.00000000e+00	1	44	-6.28948000e-05	9.22396000e-05	-1.35110000e+00	-9.26450000e-05
1.78668804e+02	2026-09-04T17:35:47.643786	0.00000000e+00	1	44	-6.36101000e-05	8.46279000e-05	-1.30104000e+00	-8.43339000e-05
1.78676998e+02	2026-09-04T17:35:47.653703	0.00000000e+00	1	44	-5.90324000e-05	7.57730000e-05	-1.25102000e+00	-7.57515000e-05
1.78711916e+02	2026-09-04T17:35:47.685890	0.00000000e+00	1	44	-6.61373000e-05	6.93547000e-05	-1.20097000e+00	-6.92033000e-05
1.78724587e+02	2026-09-04T17:35:47.693823	0.00000000e+00	1	44	-6.54936000e-05	6.13945000e-05	-1.15096000e+00	-6.09726000e-05
1.78747427e+02	2026-09-04T17:35:47.723768	0.00000000e+00	1	44	-6.11067000e-05	5.52431000e-05	-1.10088000e+00	-5.52533000e-05
1.78754941e+02	2026-09-04T17:35:47.723768	0.00000000e+00	1	44	-6.11067000e-05	5.00471000e-05	-1.05082000e+00	-4.94557000e-05
1.78779215e+02	2026-09-04T17:35:47.756041	0.00000000e+00	1	44	-6.17266000e-05	4.49972000e-05	-1.00083000e+00	-4.42896000e-05
1.78787583e+02	2026-09-04T17:35:47.764305	0.00000000e+00	1	44	-6.31571000e-05	3.92519000e-05	-9.50765000e-01	-3.97574000e-05
1.78816088e+02	2026-09-04T17:35:47.793900	0.00000000e+00	1	44	-6.32525000e-05	3.44926000e-05	-9.00737000e-01	-3.45380000e-05
1.78836628e+02	2026-09-04T17:35:47.814581	0.00000000e+00	1	44	-6.43253000e-05	3.07415000e-05	-8.50672000e-01	-3.09781000e-05
1.78844533e+02	2026-09-04T17:35:47.814581	0.00000000e+00	1	44	-6.12736000e-05	2.68441000e-05	-8.00685000e-01	-2.68924000e-05
1.78868246e+02	2026-09-04T17:35:47.845511	0.00000000e+00	1	44	-6.06537000e-05	2.50052000e-05	-7.50589000e-01	-2.53073000e-05
1.78892030e+02	2026-09-04T17:35:47.864417	0.00000000e+00	1	44	-6.11782000e-05	2.15082000e-05	-7.00574000e-01	-2.21311000e-05
1.78918937e+02	2026-09-04T17:35:47.896078	0.00000000e+00	1	44	-6.25372000e-05	1.91882000e-05	-6.50499000e-01	-1.95036000e-05
1.78939321e+02	2026-09-04T17:35:47.913797	0.00000000e+00	1	44	-6.39677000e-05	1.61838000e-05	-6.00498000e-01	-1.61657000e-05
1.78963624e+02	2026-09-04T17:35:47.940952	0.00000000e+00	1	44	-6.27041000e-05	1.31435000e-05	-5.50443000e-01	-1.33045000e-05
1.78976846e+02	2026-09-04T17:35:47.953956	0.00000000e+00	1	44	-5.86748000e-05	1.09161000e-05	-5.00396000e-01	-1.10647000e-05
1.79006581e+02	2026-09-04T17:35:47.983776	0.00000000e+00	1	44	-3.91483000e-05	9.52553000e-06	-4.50339000e-01	-9.40555000e-06
1.79033967e+02	2026-09-04T17:35:48.004815	0.00000000e+00	1	44	-7.30515000e-05	7.36685000e-06	-4.00345000e-01	-7.48148000e-06
1.79041539e+02	2026-09-04T17:35:48.019716	0.00000000e+00	1	44	-6.01053000e-05	5.82322000e-06	-3.50299000e-01	-5.87936000e-06
1.79069830e+02	2026-09-04T17:35:48.043611	0.00000000e+00	1	44	-5.33581000e-05	4.28608000e-06	-3.00277000e-01	-4.29383000e-06
1.79090495e+02	2026-09-04T17:35:48.067246	0.00000000e+00	1	44	-5.71489000e-05	2.96424000e-06	-2.50211000e-01	-3.08447000e-06
1.79136543e+02	2026-09-04T17:35:48.114045	0.00000000e+00	1	44	-5.35488000e-05	1.77909000e-06	-2.00065000e-01	-1.78159000e-06
1.79144603e+02	2026-09-04T17:35:48.114045	0.00000000e+00	1	44	-5.52416000e-05	1.06642000e-06	-1.50030000e-01	-1.05992000e-06
1.79173061e+02	2026-09-04T17:35:48.145439	0.00000000e+00	1	44	-5.85794000e-05	5.76356000e-07	-9.99907000e-02	-5.91645000e-07
1.79190129e+02	2026-09-04T17:35:48.164895	0.00000000e+00	1	44	-6.22749000e-05	2.53355000e-07	-4.99487000e-02	-2.53265000e-07
1.79215900e+02	2026-09-04T17:35:48.193797	0.00000000e+00	1	44	-5.79596000e-05	-3.18360000e-10	4.11034000e-05	8.41892000e-10
1.81197949e+02	2026-09-04T17:35:50.173857	0.00000000e+00	1	45	-5.56946000e-05	-3.27070000e-07	4.43459000e-05	3.23044000e-07
1.81206215e+02	2026-09-04T17:35:50.183692	0.00000000e+00	1	45	-5.48124000e-05	1.01565000e-04	-4.99410000e-02	-1.00608000e-04
1.81231300e+02	2026-09-04T17:35:50.204032	0.00000000e+00	1	45	-5.25475000e-05	2.01600000e-04	-9.99846000e-02	-2.01606000e-04
1.81241218e+02	2026-09-04T17:35:50.218612	0.00000000e+00	1	45	-5.76735000e-05	3.00658000e-04	-1.50031000e-01	-3.00754000e-04
1.81268673e+02	2026-09-04T17:35:50.243992	0.00000000e+00	1	45	-6.36101000e-05	3.92511000e-04	-2.00067000e-01	-3.90908000e-04
1.81294349e+02	2026-09-04T17:35:50.267349	0.00000000e+00	1	45	-5.33581000e-05	4.56404000e-04	-2.50211000e-01	-3.18191000e-05
1.81319730e+02	2026-09-04T17:35:50.297248	0.00000000e+00	1	45	-5.99384000e-05	3.74580000e-05	-3.00245000e-01	-3.75684000e-05
1.81350046e+02	2026-09-04T17:35:50.323705	0.00000000e+00	1	45	-6.21796000e-05	4.28995000e-05	-3.50284000e-01	-4.29959000e-05
1.81376820e+02	2026-09-04T17:35:50.353772	0.00000000e+00	1	45	-6.33478000e-05	4.71884000e-05	-4.00344000e-01	-4.76263000e-05
1.81398388e+02	2026-09-04T17:35:50.375781	0.00000000e+00	1	45	-5.69582000e-05	5.24567000e-05	-4.50350000e-01	-5.01395000e-05
1.81406635e+02	2026-09-04T17:35:50.383845	0.00000000e+00	1	45	-5.78642000e-05	5.48880000e-05	-5.00412000e-01	-5.66566000e-05
1.81438167e+02	2026-09-04T17:35:50.415794	0.00000000e+00	1	45	-6.65903000e-05	5.83765000e-05	-5.50439000e-01	-6.02965000e-05
1.81462414e+02	2026-09-04T17:35:50.439333	0.00000000e+00	1	45	-6.19173000e-05	6.66410000e-05	-6.00518000e-01	-6.75180000e-05
1.81475960e+02	2026-09-04T17:35:50.453653	0.00000000e+00	1	45	-5.87702000e-05	7.07275000e-05	-6.50519000e-01	-7.01374000e-05
1.81498325e+02	2026-09-04T17:35:50.474007	0.00000000e+00	1	45	-6.08206000e-05	7.28711000e-05	-7.00576000e-01	-7.53125000e-05
1.81506131e+02	2026-09-04T17:35:50.484036	0.00000000e+00	1	45	-6.65903000e-05	8.29380000e-05	-7.50596000e-01	-8.38614000e-05
1.81517757e+02	2026-09-04T17:35:50.493761	0.00000000e+00	1	45	-7.11679000e-05	8.21104000e-05	-8.00651000e-01	-8.56204000e-05
1.81541231e+02	2026-09-04T17:35:50.518895	0.00000000e+00	1	45	-6.81162000e-05	8.72135000e-05	-8.50679000e-01	-8.37381000e-05
1.81573729e+02	2026-09-04T17:35:50.550850	0.00000000e+00	1	45	-6.65903000e-05	9.64091000e-05	-9.00740000e-01	-9.43679000e-05
1.81581453e+02	2026-09-04T17:35:50.554031	0.00000000e+00	1	45	-6.78301000e-05	1.00047000e-04	-9.50754000e-01	-9.99551000e-05
1.81604858e+02	2026-09-04T17:35:50.582587	0.00000000e+00	1	45	-6.82831000e-05	1.08563000e-04	-1.00081000e+00	-1.15570000e-04
1.81632917e+02	2026-09-04T17:35:50.603742	0.00000000e+00	1	45	-6.83785000e-05	1.15422000e-04	-1.05083000e+00	-1.13375000e-04
1.81655085e+02	2026-09-04T17:35:50.629366	0.00000000e+00	1	45	-6.61373000e-05	1.38968000e-04	-1.10090000e+00	-1.30947000e-04
1.81667102e+02	2026-09-04T17:35:50.645434	0.00000000e+00	1	45	-5.55277000e-05	1.42794000e-04	-1.15094000e+00	-1.41704000e-04
1.81694543e+02	2026-09-04T17:35:50.671734	0.00000000e+00	1	45	-6.49691000e-05	1.53804000e-04	-1.20095000e+00	-1.54483000e-04
1.81717314e+02	2026-09-04T17:35:50.694002	0.00000000e+00	1	45	-6.26326000e-05	1.33497000e-04	-1.25102000e+00	-1.36063000e-04
1.81725599e+02	2026-09-04T17:35:50.703954	0.00000000e+00	1	45	-6.87361000e-05	1.43099000e-04	-1.30105000e+00	-1.41798000e-04
1.81746438e+02	2026-09-04T17:35:50.724685	0.00000000e+00	1	45	-7.05481000e-05	1.54940000e-04	-1.35109000e+00	-1.64357000e-04
1.81767933e+02	2026-09-04T17:35:50.743801	0.00000000e+00	1	45	-6.11782000e-05	1.54259000e-04	-1.40110000e+00	-1.46813000e-04
1.81775443e+02	2026-09-04T17:35:50.753732	0.00000000e+00	1	45	-6.75678000e-05	1.60318000e-04	-1.45115000e+00	-1.57213000e-04
1.81786728e+02	2026-09-04T17:35:50.763615	0.00000000e+00	1	45	-7.07150000e-05	1.69757000e-04	-1.50118000e+00	-1.68153000e-04
1.81804899e+02	2026-09-04T17:35:50.783096	0.00000000e+00	1	45	-6.53267000e-05	1.97036000e-04	-1.55124000e+00	-1.96659000e-04
1.81833784e+02	2026-09-04T17:35:50.806172	0.00000000e+00	1	45	-6.41584000e-05	1.65901000e-04	-1.60125000e+00	-1.65812000e-04
1.81847299e+02	2026-09-04T17:35:50.823998	0.00000000e+00	1	45	-6.50644000e-05	1.81734000e-04	-1.65127000e+00	-1.81643000e-04
1.81855830e+02	2026-09-04T17:35:50.833732	0.00000000e+00	1	45	-6.83785000e-05	1.95241000e-04	-1.70133000e+00	-1.95340000e-04
1.81884198e+02	2026-09-04T17:35:50.853718	0.00000000e+00	1	45	-6.03676000e-05	2.18159000e-04	-1.75136000e+00	-2.19026000e-04
1.81898244e+02	2026-09-04T17:35:50.874017	0.00000000e+00	1	45	-6.56843000e-05	2.32337000e-04	-1.80136000e+00	-2.33963000e-04
1.81924151e+02	2026-09-04T17:35:50.899124	0.00000000e+00	1	45	-6.53267000e-05	2.04617000e-04	-1.85144000e+00	-2.05278000e-04
1.81934186e+02	2026-09-04T17:35:50.903880	0.00000000e+00	1	45	-7.04527000e-05	2.24156000e-04	-1.90145000e+00	-2.24524000e-04
1.81953647e+02	2026-09-04T17:35:50.930957	0.00000000e+00	1	45	-6.17266000e-05	2.48966000e-04	-1.95150000e+00	-2.49119000e-04
1.81961406e+02	2026-09-04T17:35:50.933709	0.00000000e+00	1	45	-6.63042000e-05	2.75959000e-04	-2.00154000e+00	-2.76707000e-04
1.81989373e+02	2026-09-04T17:35:50.967257	0.00000000e+00	1	45	-6.35147000e-05	3.13995000e-04	-2.05182000e+00	-3.04485000e-04
1.82018019e+02	2026-09-04T17:35:50.993792	0.00000000e+00	1	45	-6.41584000e-05	3.49331000e-04	-2.10176000e+00	-3.50633000e-04
1.82026319e+02	2026-09-04T17:35:51.004629	0.00000000e+00	1	45	-4.80652000e-05	4.04843000e-04	-2.15189000e+00	-3.77834000e-04
1.82047873e+02	2026-09-04T17:35:51.025579	0.00000000e+00	1	45	-7.07150000e-05	4.60587000e-04	-2.20188000e+00	-4.53913000e-04
1.82054510e+02	2026-09-04T17:35:51.028422	0.00000000e+00	1	45	-6.39677000e-05	4.54330000e-04	-2.20188000e+00	-4.56065000e-04
1.82062067e+02	2026-09-04T17:35:51.033846	0.00000000e+00	1	45	-6.89983000e-05	4.07384000e-04	-2.15184000e+00	-4.02067000e-04
1.82114958e+02	2026-09-04T17:35:51.092040	0.00000000e+00	1	45	-5.91278000e-05	3.49472000e-04	-2.10166000e+00	-3.48880000e-04
1.82143789e+02	2026-09-04T17:35:51.121368	0.00000000e+00	1	45	-6.84738000e-05	3.13557000e-04	-2.05177000e+00	-3.15505000e-04
1.82151303e+02	2026-09-04T17:35:51.123879	0.00000000e+00	1	45	-5.94854000e-05	2.80045000e-04	-2.00151000e+00	-2.80317000e-04
1.82162596e+02	2026-09-04T17:35:51.137443	0.00000000e+00	1	45	-6.52313000e-05	2.52445000e-04	-1.95149000e+00	-2.55831000e-04
1.82190342e+02	2026-09-04T17:35:51.167245	0.00000000e+00	1	45	-6.34432000e-05	2.29388000e-04	-1.90146000e+00	-2.30742000e-04
1.82227669e+02	2026-09-04T17:35:51.203956	0.00000000e+00	1	45	-6.48737000e-05	2.10453000e-04	-1.85142000e+00	-2.10539000e-04
1.82235523e+02	2026-09-04T17:35:51.213904	0.00000000e+00	1	45	-7.23362000e-05	1.90653000e-04	-1.80137000e+00	-1.91125000e-04
1.82255388e+02	2026-09-04T17:35:51.232806	0.00000000e+00	1	45	-6.27995000e-05	1.74791000e-04	-1.75137000e+00	-1.70680000e-04
1.82286147e+02	2026-09-04T17:35:51.263769	0.00000000e+00	1	45	-6.78301000e-05	1.55878000e-04	-1.70133000e+00	-1.56313000e-04
1.82309469e+02	2026-09-04T17:35:51.283982	0.00000000e+00	1	45	-6.65903000e-05	1.42447000e-04	-1.65130000e+00	-1.41398000e-04
1.82317508e+02	2026-09-04T17:35:51.295513	0.00000000e+00	1	45	-6.47783000e-05	1.29416000e-04	-1.60123000e+00	-1.29885000e-04
1.82339633e+02	2026-09-04T17:35:51.313533	0.00000000e+00	1	45	-6.54221000e-05	1.18914000e-04	-1.55123000e+00	-1.18747000e-04
1.82351346e+02	2026-09-04T17:35:51.327159	0.00000000e+00	1	45	-5.92947000e-05	1.08363000e-04	-1.50118000e+00	-1.07487000e-04
1.82375551e+02	2026-09-04T17:35:51.353669	0.00000000e+00	1	45	-6.31571000e-05	9.75727000e-05	-1.45115000e+00	-9.80518000e-05
1.82393291e+02	2026-09-04T17:35:51.367259	0.00000000e+00	1	45	-6.83785000e-05	8.76393000e-05	-1.40111000e+00	-8.80296000e-05
1.82417270e+02	2026-09-04T17:35:51.393835	0.00000000e+00	1	45	-7.01666000e-05	7.90309000e-05	-1.35109000e+00	-7.90547000e-05
1.82425408e+02	2026-09-04T17:35:51.393835	0.00000000e+00	1	45	-6.54221000e-05	7.10344000e-05	-1.30104000e+00	-7.04269000e-05
1.82445694e+02	2026-09-04T17:35:51.423573	0.00000000e+00	1	45	-6.63042000e-05	6.42790000e-05	-1.25102000e+00	-6.41314000e-05
1.82470433e+02	2026-09-04T17:35:51.443768	0.00000000e+00	1	45	-6.63996000e-05	5.77152000e-05	-1.20096000e+00	-5.78867000e-05
1.82494967e+02	2026-09-04T17:35:51.470824	0.00000000e+00	1	45	-6.37054000e-05	5.22780000e-05	-1.15096000e+00	-5.22444000e-05
1.82507369e+02	2026-09-04T17:35:51.483597	0.00000000e+00	1	45	-6.65903000e-05	4.66051000e-05	-1.10088000e+00	-4.67489000e-05
1.82530069e+02	2026-09-04T17:35:51.503767	0.00000000e+00	1	45	-6.58512000e-05	4.19544000e-05	-1.05082000e+00	-4.18091000e-05
1.82542616e+02	2026-09-04T17:35:51.518388	0.00000000e+00	1	45	-6.41584000e-05	3.72306000e-05	-1.00081000e+00	-3.65962000e-05
1.82576419e+02	2026-09-04T17:35:51.553897	0.00000000e+00	1	45	-6.26326000e-05	3.17853000e-05	-9.50778000e-01	-3.18971000e-05
1.82595917e+02	2026-09-04T17:35:51.573981	0.00000000e+00	1	45	-6.03676000e-05	2.80480000e-05	-9.00733000e-01	-2.79360000e-05
1.82609815e+02	2026-09-04T17:35:51.583668	0.00000000e+00	1	45	-6.13689000e-05	2.43457000e-05	-8.50679000e-01	-2.39882000e-05
1.82617410e+02	2026-09-04T17:35:51.593723	0.00000000e+00	1	45	-5.77688000e-05	2.07011000e-05	-8.00666000e-01	-2.09071000e-05
1.82657666e+02	2026-09-04T17:35:51.633845	0.00000000e+00	1	45	-6.31571000e-05	1.69757000e-05	-7.50617000e-01	-1.73586000e-05
1.82665429e+02	2026-09-04T17:35:51.633845	0.00000000e+00	1	45	-6.34432000e-05	1.46510000e-05	-7.00598000e-01	-1.49302000e-05
1.82693310e+02	2026-09-04T17:35:51.671274	0.00000000e+00	1	45	-5.96523000e-05	1.24821000e-05	-6.50503000e-01	-1.23611000e-05
1.82724183e+02	2026-09-04T17:35:51.693888	0.00000000e+00	1	45	-6.27041000e-05	1.06121000e-05	-6.00502000e-01	-1.04828000e-05
1.82751990e+02	2026-09-04T17:35:51.723755	0.00000000e+00	1	45	-6.16312000e-05	8.91634000e-06	-5.50452000e-01	-8.61173000e-06
1.82770205e+02	2026-09-04T17:35:51.743886	0.00000000e+00	1	45	-7.37667000e-05	6.95827000e-06	-5.00398000e-01	-6.94161000e-06
1.82793622e+02	2026-09-04T17:35:51.771255	0.00000000e+00	1	45	-6.58512000e-05	5.56184000e-06	-4.50370000e-01	-5.58504000e-06
1.82801309e+02	2026-09-04T17:35:51.773558	0.00000000e+00	1	45	-7.33376000e-05	4.53107000e-06	-4.00359000e-01	-4.51630000e-06
1.82809446e+02	2026-09-04T17:35:51.786992	0.00000000e+00	1	45	-7.17163000e-05	3.50334000e-06	-3.50287000e-01	-3.46388000e-06
1.82821292e+02	2026-09-04T17:35:51.798002	0.00000000e+00	1	45	-6.07252000e-05	2.55466000e-06	-3.00265000e-01	-2.60860000e-06
1.82833610e+02	2026-09-04T17:35:51.803819	0.00000000e+00	1	45	-6.43253000e-05	1.94416000e-06	-2.50199000e-01	-1.99088000e-06
1.82878563e+02	2026-09-04T17:35:51.853654	0.00000000e+00	1	45	-6.46830000e-05	1.40236000e-06	-2.00068000e-01	-1.40119000e-06
1.82886671e+02	2026-09-04T17:35:51.863567	0.00000000e+00	1	45	-6.60419000e-05	9.80232000e-07	-1.50038000e-01	-9.82035000e-07
1.82917944e+02	2026-09-04T17:35:51.893683	0.00000000e+00	1	45	-6.46830000e-05	5.08641000e-07	-9.99904000e-02	-5.55716000e-07
1.82967919e+02	2026-09-04T17:35:51.945360	0.00000000e+00	1	45	-5.95570000e-05	2.40617000e-07	-4.99499000e-02	-2.26123000e-07
1.82976364e+02	2026-09-04T17:35:51.953926	0.00000000e+00	1	45	-6.68526000e-05	-2.44081000e-10	3.77655000e-05	5.26977000e-10
1.84818161e+02	2026-09-04T17:35:53.793760	0.00000000e+00	1	46	-6.27995000e-05	-3.69030000e-07	4.66824000e-05	3.58171000e-07
1.84826448e+02	2026-09-04T17:35:53.803920	0.00000000e+00	1	46	-6.11782000e-05	1.09931000e-04	-4.99376000e-02	-1.10508000e-04
1.84857328e+02	2026-09-04T17:35:53.834823	0.00000000e+00	1	46	-6.16312000e-05	2.22182000e-04	-9.99813000e-02	-2.21793000e-04
1.84906234e+02	2026-09-04T17:35:53.883541	0.00000000e+00	1	46	-6.60419000e-05	3.34186000e-04	-1.50018000e-01	-3.34044000e-04
1.84917067e+02	2026-09-04T17:35:53.893694	0.00000000e+00	1	46	-6.53267000e-05	4.47124000e-04	-2.00055000e-01	-4.47400000e-04
1.84929940e+02	2026-09-04T17:35:53.903596	0.00000000e+00	1	46	-6.63042000e-05	5.43963000e-04	-2.50191000e-01	-5.45650000e-04
1.84953473e+02	2026-09-04T17:35:53.930883	0.00000000e+00	1	46	-6.43253000e-05	5.97875000e-04	-3.00239000e-01	-5.94340000e-04
1.84985167e+02	2026-09-04T17:35:53.962715	0.00000000e+00	1	46	-6.42538000e-05	6.47689000e-04	-3.50270000e-01	-6.47520000e-04
1.85009176e+02	2026-09-04T17:35:53.983680	0.00000000e+00	1	46	-7.07150000e-05	7.22964000e-04	-4.00350000e-01	-7.16013000e-04
1.85031931e+02	2026-09-04T17:35:54.009761	0.00000000e+00	1	46	-4.22955000e-05	7.07737000e-06	-4.50383000e-01	-6.94525000e-06
1.85046318e+02	2026-09-04T17:35:54.023557	0.00000000e+00	1	46	-5.55992000e-05	8.41703000e-06	-5.00398000e-01	-8.27492000e-06
1.85082049e+02	2026-09-04T17:35:54.057253	0.00000000e+00	1	46	-9.85146000e-05	1.05874000e-05	-5.50385000e-01	-1.06722000e-05
1.85112013e+02	2026-09-04T17:35:54.089349	0.00000000e+00	1	46	-6.19888000e-05	1.24243000e-05	-6.00481000e-01	-1.26308000e-05
1.85120305e+02	2026-09-04T17:35:54.093761	0.00000000e+00	1	46	-6.10113000e-05	1.54185000e-05	-6.50507000e-01	-1.51211000e-05
1.85144196e+02	2026-09-04T17:35:54.122158	0.00000000e+00	1	46	-6.28948000e-05	1.81718000e-05	-7.00577000e-01	-1.76804000e-05
1.85189989e+02	2026-09-04T17:35:54.163527	0.00000000e+00	1	46	-6.78301000e-05	2.12009000e-05	-7.50580000e-01	-2.00264000e-05
1.85212789e+02	2026-09-04T17:35:54.185626	0.00000000e+00	1	46	-6.55890000e-05	2.38270000e-05	-8.00650000e-01	-2.42549000e-05
1.85220849e+02	2026-09-04T17:35:54.193958	0.00000000e+00	1	46	-6.27995000e-05	2.84834000e-05	-8.50657000e-01	-3.21961000e-05
1.85258825e+02	2026-09-04T17:35:54.233644	0.00000000e+00	1	46	-5.61476000e-05	3.31835000e-05	-9.00727000e-01	-3.34691000e-05
1.85286455e+02	2026-09-04T17:35:54.263582	0.00000000e+00	1	46	-5.23806000e-05	3.98573000e-05	-9.50742000e-01	-4.10050000e-05
1.85297314e+02	2026-09-04T17:35:54.273987	0.00000000e+00	1	46	-6.50644000e-05	5.26521000e-05	-1.00079000e+00	-5.04222000e-05
1.85309835e+02	2026-09-04T17:35:54.283685	0.00000000e+00	1	46	-6.16312000e-05	5.20597000e-05	-1.05081000e+00	-5.30946000e-05
1.85317533e+02	2026-09-04T17:35:54.295303	0.00000000e+00	1	46	-6.19888000e-05	5.84897000e-05	-1.10088000e+00	-6.02945000e-05
1.85325190e+02	2026-09-04T17:35:54.295303	0.00000000e+00	1	46	-6.44207000e-05	6.47263000e-05	-1.15094000e+00	-6.59500000e-05
1.85350332e+02	2026-09-04T17:35:54.326881	0.00000000e+00	1	46	-6.40631000e-05	7.62564000e-05	-1.20095000e+00	-7.11601000e-05
1.85374941e+02	2026-09-04T17:35:54.351530	0.00000000e+00	1	46	-6.64949000e-05	7.99546000e-05	-1.25098000e+00	-8.05881000e-05
1.85396661e+02	2026-09-04T17:35:54.373899	0.00000000e+00	1	46	-6.09159000e-05	8.52923000e-05	-1.30102000e+00	-8.53112000e-05
1.85404770e+02	2026-09-04T17:35:54.373899	0.00000000e+00	1	46	-6.06537000e-05	9.12435000e-05	-1.35108000e+00	-9.03335000e-05
1.85428249e+02	2026-09-04T17:35:54.405659	0.00000000e+00	1	46	-6.38723000e-05	9.70396000e-05	-1.40109000e+00	-9.69865000e-05
1.85456783e+02	2026-09-04T17:35:54.433866	0.00000000e+00	1	46	-6.34432000e-05	1.03014000e-04	-1.45115000e+00	-1.05146000e-04
1.85491081e+02	2026-09-04T17:35:54.469034	0.00000000e+00	1	46	-6.33478000e-05	1.13934000e-04	-1.50117000e+00	-1.10271000e-04
1.85512685e+02	2026-09-04T17:35:54.485164	0.00000000e+00	1	46	-5.79596000e-05	1.17530000e-04	-1.55122000e+00	-1.18607000e-04
1.85521657e+02	2026-09-04T17:35:54.499091	0.00000000e+00	1	46	-5.65052000e-05	1.31724000e-04	-1.60122000e+00	-1.30999000e-04
1.85550233e+02	2026-09-04T17:35:54.523910	0.00000000e+00	1	46	-5.34534000e-05	1.39719000e-04	-1.65125000e+00	-1.39859000e-04
1.85584265e+02	2026-09-04T17:35:54.559637	0.00000000e+00	1	46	-5.90324000e-05	1.54319000e-04	-1.70132000e+00	-1.52418000e-04
1.85608144e+02	2026-09-04T17:35:54.583772	0.00000000e+00	1	46	-6.33478000e-05	1.71933000e-04	-1.75137000e+00	-1.67842000e-04
1.85616231e+02	2026-09-04T17:35:54.593937	0.00000000e+00	1	46	-6.76632000e-05	1.81656000e-04	-1.80137000e+00	-1.79563000e-04
1.85648779e+02	2026-09-04T17:35:54.623931	0.00000000e+00	1	46	-6.49691000e-05	1.95348000e-04	-1.85143000e+00	-1.92848000e-04
1.85698045e+02	2026-09-04T17:35:54.675476	0.00000000e+00	1	46	-6.38723000e-05	2.14370000e-04	-1.90145000e+00	-2.12072000e-04
1.85706766e+02	2026-09-04T17:35:54.683969	0.00000000e+00	1	46	-6.73056000e-05	2.33517000e-04	-1.95146000e+00	-2.33548000e-04
1.85734019e+02	2026-09-04T17:35:54.709872	0.00000000e+00	1	46	-6.78301000e-05	2.60508000e-04	-2.00150000e+00	-2.64647000e-04
1.85758558e+02	2026-09-04T17:35:54.733706	0.00000000e+00	1	46	-6.94513000e-05	2.92521000e-04	-2.05162000e+00	-2.95599000e-04
1.85782749e+02	2026-09-04T17:35:54.754910	0.00000000e+00	1	46	-7.25269000e-05	3.24240000e-04	-2.10158000e+00	-3.28737000e-04
1.85791332e+02	2026-09-04T17:35:54.769187	0.00000000e+00	1	46	-7.36952000e-05	3.56143000e-04	-2.15184000e+00	-3.57525000e-04
1.85833394e+02	2026-09-04T17:35:54.805590	0.00000000e+00	1	46	-7.45058000e-05	4.20478000e-04	-2.20150000e+00	-4.30272000e-04
1.85840226e+02	2026-09-04T17:35:54.818359	0.00000000e+00	1	46	-6.54936000e-05	4.38036000e-04	-2.20158000e+00	-4.26346000e-04
1.85867869e+02	2026-09-04T17:35:54.843700	0.00000000e+00	1	46	-7.26938000e-05	3.68824000e-04	-2.15173000e+00	-3.68408000e-04
1.85879981e+02	2026-09-04T17:35:54.853590	0.00000000e+00	1	46	-6.84738000e-05	3.31127000e-04	-2.10146000e+00	-3.27252000e-04
1.85903851e+02	2026-09-04T17:35:54.881374	0.00000000e+00	1	46	-6.80208000e-05	2.90101000e-04	-2.05153000e+00	-2.89010000e-04
1.85926604e+02	2026-09-04T17:35:54.903784	0.00000000e+00	1	46	-6.93798000e-05	2.59835000e-04	-2.00148000e+00	-2.60494000e-04
1.85935140e+02	2026-09-04T17:35:54.910330	0.00000000e+00	1	46	-6.93798000e-05	2.35635000e-04	-1.95148000e+00	-2.31981000e-04
1.85962162e+02	2026-09-04T17:35:54.933613	0.00000000e+00	1	46	-7.35998000e-05	2.11852000e-04	-1.90143000e+00	-2.11378000e-04
1.85976124e+02	2026-09-04T17:35:54.953638	0.00000000e+00	1	46	-7.29561000e-05	1.93761000e-04	-1.85141000e+00	-1.92188000e-04
1.86001782e+02	2026-09-04T17:35:54.976809	0.00000000e+00	1	46	-6.84738000e-05	1.75504000e-04	-1.80136000e+00	-1.74844000e-04
1.86022863e+02	2026-09-04T17:35:54.993734	0.00000000e+00	1	46	-7.35045000e-05	1.60654000e-04	-1.75137000e+00	-1.60952000e-04
1.86048543e+02	2026-09-04T17:35:55.024646	0.00000000e+00	1	46	-7.24316000e-05	1.46343000e-04	-1.70129000e+00	-1.47335000e-04
1.86067488e+02	2026-09-04T17:35:55.043809	0.00000000e+00	1	46	-7.22408000e-05	1.34690000e-04	-1.65127000e+00	-1.34737000e-04
1.86075068e+02	2026-09-04T17:35:55.043809	0.00000000e+00	1	46	-7.33376000e-05	1.21363000e-04	-1.60124000e+00	-1.21531000e-04
1.86094480e+02	2026-09-04T17:35:55.072710	0.00000000e+00	1	46	-7.61986000e-05	1.10830000e-04	-1.55123000e+00	-1.11658000e-04
1.86128154e+02	2026-09-04T17:35:55.103796	0.00000000e+00	1	46	-7.20739000e-05	1.01266000e-04	-1.50116000e+00	-1.00950000e-04
1.86150552e+02	2026-09-04T17:35:55.123652	0.00000000e+00	1	46	-6.94513000e-05	9.30753000e-05	-1.45114000e+00	-9.33115000e-05
1.86164381e+02	2026-09-04T17:35:55.139943	0.00000000e+00	1	46	-7.50303000e-05	8.50848000e-05	-1.40110000e+00	-8.49695000e-05
1.86172317e+02	2026-09-04T17:35:55.143654	0.00000000e+00	1	46	-6.99043000e-05	7.72276000e-05	-1.35109000e+00	-7.63961000e-05
1.86234036e+02	2026-09-04T17:35:55.203742	0.00000000e+00	1	46	-6.92844000e-05	6.81281000e-05	-1.30103000e+00	-6.84588000e-05
1.86248850e+02	2026-09-04T17:35:55.223619	0.00000000e+00	1	46	-6.78301000e-05	6.13595000e-05	-1.25099000e+00	-6.15130000e-05
1.86273268e+02	2026-09-04T17:35:55.251129	0.00000000e+00	1	46	-6.54221000e-05	5.63659000e-05	-1.20093000e+00	-5.61930000e-05
1.86281172e+02	2026-09-04T17:35:55.253786	0.00000000e+00	1	46	-7.59363000e-05	5.05102000e-05	-1.15095000e+00	-5.00434000e-05
1.86308100e+02	2026-09-04T17:35:55.283909	0.00000000e+00	1	46	-7.07150000e-05	4.44904000e-05	-1.10088000e+00	-4.43970000e-05
1.86319475e+02	2026-09-04T17:35:55.293618	0.00000000e+00	1	46	-7.22408000e-05	3.90205000e-05	-1.05082000e+00	-3.82882000e-05
1.86344569e+02	2026-09-04T17:35:55.313960	0.00000000e+00	1	46	-6.90937000e-05	3.45873000e-05	-1.00081000e+00	-3.48690000e-05
1.86356292e+02	2026-09-04T17:35:55.333785	0.00000000e+00	1	46	-6.98090000e-05	3.01527000e-05	-9.50754000e-01	-2.98179000e-05
1.86363926e+02	2026-09-04T17:35:55.340227	0.00000000e+00	1	46	-6.89983000e-05	2.63452000e-05	-9.00721000e-01	-2.64608000e-05
1.86384531e+02	2026-09-04T17:35:55.361670	0.00000000e+00	1	46	-6.82116000e-05	2.25628000e-05	-8.50687000e-01	-2.22075000e-05
1.86410071e+02	2026-09-04T17:35:55.383718	0.00000000e+00	1	46	-6.99997000e-05	1.85935000e-05	-8.00639000e-01	-1.87077000e-05
1.86437918e+02	2026-09-04T17:35:55.414355	0.00000000e+00	1	46	-6.65903000e-05	1.59740000e-05	-7.50591000e-01	-1.60219000e-05
1.86468314e+02	2026-09-04T17:35:55.445712	0.00000000e+00	1	46	-6.92844000e-05	1.34373000e-05	-7.00562000e-01	-1.34326000e-05
1.86476719e+02	2026-09-04T17:35:55.453713	0.00000000e+00	1	46	-6.82116000e-05	1.12458000e-05	-6.50495000e-01	-1.12677000e-05
1.86500481e+02	2026-09-04T17:35:55.477494	0.00000000e+00	1	46	-6.40631000e-05	9.28357000e-06	-6.00489000e-01	-9.45631000e-06
1.86515047e+02	2026-09-04T17:35:55.483654	0.00000000e+00	1	46	-8.63552000e-05	7.43653000e-06	-5.50436000e-01	-7.42538000e-06
1.86540733e+02	2026-09-04T17:35:55.513991	0.00000000e+00	1	46	-6.83785000e-05	5.94256000e-06	-5.00397000e-01	-5.84717000e-06
1.86563485e+02	2026-09-04T17:35:55.541249	0.00000000e+00	1	46	-7.33376000e-05	4.71929000e-06	-4.50361000e-01	-4.68378000e-06
1.86571493e+02	2026-09-04T17:35:55.543990	0.00000000e+00	1	46	-6.77586000e-05	3.68832000e-06	-4.00352000e-01	-3.66594000e-06
1.86581332e+02	2026-09-04T17:35:55.557260	0.00000000e+00	1	46	-6.56843000e-05	2.75965000e-06	-3.50287000e-01	-2.83478000e-06
1.86606146e+02	2026-09-04T17:35:55.583656	0.00000000e+00	1	46	-7.92503000e-05	2.12378000e-06	-3.00242000e-01	-2.15907000e-06
1.86616876e+02	2026-09-04T17:35:55.593690	0.00000000e+00	1	46	-6.91891000e-05	1.50884000e-06	-2.50185000e-01	-1.48177000e-06
1.86648263e+02	2026-09-04T17:35:55.626271	0.00000000e+00	1	46	-7.05481000e-05	1.00654000e-06	-2.00058000e-01	-1.03528000e-06
1.86661992e+02	2026-09-04T17:35:55.639688	0.00000000e+00	1	46	-6.49691000e-05	6.69134000e-07	-1.50029000e-01	-6.77404000e-07
1.86688751e+02	2026-09-04T17:35:55.663730	0.00000000e+00	1	46	-7.00951000e-05	3.98215000e-07	-9.99788000e-02	-4.03689000e-07
1.86726364e+02	2026-09-04T17:35:55.703638	0.00000000e+00	1	46	-6.46830000e-05	1.82287000e-07	-4.99387000e-02	-2.07920000e-07
1.86749088e+02	2026-09-04T17:35:55.723849	0.00000000e+00	1	46	-6.42538000e-05	-2.87938000e-10	3.53336000e-05	1.07598000e-10
1.88645462e+02	2026-09-04T17:35:57.623688	0.00000000e+00	1	47	-6.70195000e-05	-3.53730000e-07	3.53336000e-05	3.54338000e-07
1.88653300e+02	2026-09-04T17:35:57.623688	0.00000000e+00	1	47	-6.10113000e-05	1.07070000e-04	-4.99457000e-02	-1.07127000e-04
1.88682851e+02	2026-09-04T17:35:57.659186	0.00000000e+00	1	47	-6.83785000e-05	2.15926000e-04	-9.99851000e-02	-2.15689000e-04
1.88704358e+02	2026-09-04T17:35:57.680312	0.00000000e+00	1	47	-6.91891000e-05	3.26483000e-04	-1.50027000e-01	-3.26170000e-04
1.88721992e+02	2026-09-04T17:35:57.695956	0.00000000e+00	1	47	-6.80208000e-05	4.38061000e-04	-2.00063000e-01	-4.40812000e-04
1.88742204e+02	2026-09-04T17:35:57.713636	0.00000000e+00	1	47	-6.98090000e-05	5.53693000e-04	-2.50205000e-01	-5.51564000e-04
1.88765829e+02	2026-09-04T17:35:57.743892	0.00000000e+00	1	47	-6.89268000e-05	2.79094000e-04	-3.00257000e-01	-2.73000000e-04
1.88799657e+02	2026-09-04T17:35:57.775337	0.00000000e+00	1	47	-6.63042000e-05	3.06064000e-04	-3.50278000e-01	-3.03968000e-04
1.88817821e+02	2026-09-04T17:35:57.793994	0.00000000e+00	1	47	-6.99043000e-05	3.40316000e-04	-4.00312000e-01	-3.38482000e-04
1.88825425e+02	2026-09-04T17:35:57.803604	0.00000000e+00	1	47	-6.94513000e-05	3.72490000e-04	-4.50367000e-01	-3.71222000e-04
1.88848724e+02	2026-09-04T17:35:57.827013	0.00000000e+00	1	47	-7.45058000e-05	4.04319000e-04	-5.00401000e-01	-4.04024000e-04
1.88856204e+02	2026-09-04T17:35:57.834499	0.00000000e+00	1	47	-7.30515000e-05	4.41658000e-04	-5.50454000e-01	-4.40018000e-04
1.88870187e+02	2026-09-04T17:35:57.843665	0.00000000e+00	1	47	-7.10726000e-05	4.82362000e-04	-6.00500000e-01	-4.74079000e-04
1.88885935e+02	2026-09-04T17:35:57.863835	0.00000000e+00	1	47	-6.03676000e-05	4.98941000e-04	-6.50505000e-01	-4.83156000e-04
1.88912406e+02	2026-09-04T17:35:57.885317	0.00000000e+00	1	47	-6.84738000e-05	3.90906000e-04	-7.00568000e-01	-3.86078000e-04
1.88923945e+02	2026-09-04T17:35:57.901090	0.00000000e+00	1	47	-5.49793000e-05	4.04882000e-04	-7.50601000e-01	-3.35037000e-04
1.88944279e+02	2026-09-04T17:35:57.916775	0.00000000e+00	1	47	-7.25269000e-05	3.91678000e-04	-8.00678000e-01	-3.40570000e-04
1.88951975e+02	2026-09-04T17:35:57.927123	0.00000000e+00	1	47	-7.38621000e-05	3.17918000e-04	-8.50664000e-01	-2.98439000e-04
1.88973275e+02	2026-09-04T17:35:57.950805	0.00000000e+00	1	47	-6.55890000e-05	1.72541000e-04	-9.00711000e-01	-1.97702000e-04
1.89008647e+02	2026-09-04T17:35:57.983647	0.00000000e+00	1	47	-6.23465000e-05	2.06884000e-04	-9.50753000e-01	-1.85398000e-04
1.89036275e+02	2026-09-04T17:35:58.014315	0.00000000e+00	1	47	-1.22690000e-04	2.32057000e-04	-1.00082000e+00	-2.49304000e-04
1.89044563e+02	2026-09-04T17:35:58.014315	0.00000000e+00	1	47	-5.83887000e-05	2.28419000e-04	-1.05083000e+00	-2.42154000e-04
1.89069042e+02	2026-09-04T17:35:58.045436	0.00000000e+00	1	47	-5.30958000e-05	1.79697000e-04	-1.10088000e+00	-1.61410000e-04
1.89079090e+02	2026-09-04T17:35:58.053754	0.00000000e+00	1	47	-6.04630000e-05	1.61555000e-04	-1.15096000e+00	-1.58700000e-04
1.89097810e+02	2026-09-04T17:35:58.073726	0.00000000e+00	1	47	-6.43253000e-05	1.20625000e-04	-1.20097000e+00	-1.20267000e-04
1.89106249e+02	2026-09-04T17:35:58.083742	0.00000000e+00	1	47	-6.30856000e-05	1.31778000e-04	-1.25100000e+00	-1.22909000e-04
1.89113950e+02	2026-09-04T17:35:58.083742	0.00000000e+00	1	47	-6.31571000e-05	1.37757000e-04	-1.30102000e+00	-1.39124000e-04
1.89136611e+02	2026-09-04T17:35:58.113920	0.00000000e+00	1	47	-6.19173000e-05	1.54720000e-04	-1.35109000e+00	-1.59213000e-04
1.89144209e+02	2026-09-04T17:35:58.113920	0.00000000e+00	1	47	-6.55890000e-05	1.79161000e-04	-1.40107000e+00	-1.93926000e-04
1.89157667e+02	2026-09-04T17:35:58.135251	0.00000000e+00	1	47	-6.19888000e-05	7.52761000e-05	-1.45117000e+00	-7.63734000e-05
1.89172632e+02	2026-09-04T17:35:58.143812	0.00000000e+00	1	47	-6.31571000e-05	8.48230000e-05	-1.50117000e+00	-8.39741000e-05
1.89201530e+02	2026-09-04T17:35:58.178630	0.00000000e+00	1	47	-6.30856000e-05	9.32785000e-05	-1.55123000e+00	-9.26678000e-05
1.89210447e+02	2026-09-04T17:35:58.188522	0.00000000e+00	1	47	-6.82116000e-05	9.96544000e-05	-1.60122000e+00	-9.85650000e-05
1.89231747e+02	2026-09-04T17:35:58.203898	0.00000000e+00	1	47	-6.37054000e-05	1.10284000e-04	-1.65131000e+00	-1.10434000e-04
1.89258177e+02	2026-09-04T17:35:58.235614	0.00000000e+00	1	47	-6.49691000e-05	1.18389000e-04	-1.70132000e+00	-1.19361000e-04
1.89290796e+02	2026-09-04T17:35:58.267736	0.00000000e+00	1	47	-6.15358000e-05	1.30813000e-04	-1.75136000e+00	-1.31978000e-04
1.89322957e+02	2026-09-04T17:35:58.300014	0.00000000e+00	1	47	-6.10113000e-05	1.47061000e-04	-1.80136000e+00	-1.48268000e-04
1.89330996e+02	2026-09-04T17:35:58.303729	0.00000000e+00	1	47	-5.83887000e-05	1.60948000e-04	-1.85143000e+00	-1.61129000e-04
1.89353740e+02	2026-09-04T17:35:58.331535	0.00000000e+00	1	47	-6.36101000e-05	1.77108000e-04	-1.90145000e+00	-1.79269000e-04
1.89368467e+02	2026-09-04T17:35:58.343605	0.00000000e+00	1	47	-6.40631000e-05	1.94874000e-04	-1.95147000e+00	-2.00158000e-04
1.89406406e+02	2026-09-04T17:35:58.383692	0.00000000e+00	1	47	-6.36101000e-05	2.19909000e-04	-2.00147000e+00	-2.19602000e-04
1.89416951e+02	2026-09-04T17:35:58.394877	0.00000000e+00	1	47	-6.52313000e-05	2.47560000e-04	-2.05170000e+00	-2.52384000e-04
1.89443281e+02	2026-09-04T17:35:58.413819	0.00000000e+00	1	47	-6.34432000e-05	2.91014000e-04	-2.10148000e+00	-2.90357000e-04
1.89460010e+02	2026-09-04T17:35:58.437104	0.00000000e+00	1	47	-7.05481000e-05	3.35828000e-04	-2.15192000e+00	-3.37429000e-04
1.89470570e+02	2026-09-04T17:35:58.443602	0.00000000e+00	1	47	-7.45773000e-05	4.10666000e-04	-2.20182000e+00	-4.04046000e-04
1.89489150e+02	2026-09-04T17:35:58.463581	0.00000000e+00	1	47	-7.05481000e-05	4.05886000e-04	-2.20192000e+00	-4.13359000e-04
1.89511923e+02	2026-09-04T17:35:58.489291	0.00000000e+00	1	47	-6.94513000e-05	3.53577000e-04	-2.15181000e+00	-3.55493000e-04
1.89519517e+02	2026-09-04T17:35:58.493723	0.00000000e+00	1	47	-6.79255000e-05	3.09877000e-04	-2.10174000e+00	-3.09358000e-04
1.89527162e+02	2026-09-04T17:35:58.505297	0.00000000e+00	1	47	-7.15256000e-05	2.80620000e-04	-2.05187000e+00	-2.78578000e-04
1.89556030e+02	2026-09-04T17:35:58.533641	0.00000000e+00	1	47	-6.99043000e-05	2.51309000e-04	-2.00150000e+00	-2.51011000e-04
1.89569706e+02	2026-09-04T17:35:58.547161	0.00000000e+00	1	47	-6.35147000e-05	2.25161000e-04	-1.95149000e+00	-2.25850000e-04
1.89578498e+02	2026-09-04T17:35:58.553659	0.00000000e+00	1	47	-5.83172000e-05	2.05079000e-04	-1.90145000e+00	-2.04926000e-04
1.89589477e+02	2026-09-04T17:35:58.563682	0.00000000e+00	1	47	-7.00951000e-05	1.85939000e-04	-1.85143000e+00	-1.86025000e-04
1.89617833e+02	2026-09-04T17:35:58.593611	0.00000000e+00	1	47	-6.43253000e-05	1.68203000e-04	-1.80138000e+00	-1.67661000e-04
1.89626492e+02	2026-09-04T17:35:58.603634	0.00000000e+00	1	47	-6.10113000e-05	1.52285000e-04	-1.75136000e+00	-1.52184000e-04
1.89634584e+02	2026-09-04T17:35:58.603634	0.00000000e+00	1	47	-5.84841000e-05	1.38866000e-04	-1.70129000e+00	-1.38899000e-04
1.89649930e+02	2026-09-04T17:35:58.623658	0.00000000e+00	1	47	-6.00100000e-05	1.25833000e-04	-1.65130000e+00	-1.25844000e-04
1.89663554e+02	2026-09-04T17:35:58.633752	0.00000000e+00	1	47	-6.67572000e-05	1.14574000e-04	-1.60125000e+00	-1.14313000e-04
1.89691956e+02	2026-09-04T17:35:58.664678	0.00000000e+00	1	47	-6.86407000e-05	1.03222000e-04	-1.55122000e+00	-1.03048000e-04
1.89710805e+02	2026-09-04T17:35:58.683766	0.00000000e+00	1	47	-6.87361000e-05	9.36616000e-05	-1.50119000e+00	-9.40284000e-05
1.89734599e+02	2026-09-04T17:35:58.712300	0.00000000e+00	1	47	-6.63996000e-05	8.52997000e-05	-1.45114000e+00	-8.48661000e-05
1.89768196e+02	2026-09-04T17:35:58.744382	0.00000000e+00	1	47	-6.04630000e-05	7.68873000e-05	-1.40110000e+00	-7.71031000e-05
1.89798431e+02	2026-09-04T17:35:58.775558	0.00000000e+00	1	47	-6.46114000e-05	6.92040000e-05	-1.35109000e+00	-6.89081000e-05
1.89806770e+02	2026-09-04T17:35:58.783687	0.00000000e+00	1	47	-6.30856000e-05	6.22531000e-05	-1.30103000e+00	-6.24075000e-05
1.89829886e+02	2026-09-04T17:35:58.807264	0.00000000e+00	1	47	-6.55890000e-05	5.52789000e-05	-1.25100000e+00	-5.54835000e-05
1.89846975e+02	2026-09-04T17:35:58.823711	0.00000000e+00	1	47	-6.49691000e-05	4.96802000e-05	-1.20093000e+00	-4.98581000e-05
1.89887502e+02	2026-09-04T17:35:58.863820	0.00000000e+00	1	47	-6.61373000e-05	4.41488000e-05	-1.15094000e+00	-4.44511000e-05
1.89909073e+02	2026-09-04T17:35:58.886866	0.00000000e+00	1	47	-7.03573000e-05	3.91337000e-05	-1.10088000e+00	-3.90799000e-05
1.89917291e+02	2026-09-04T17:35:58.893891	0.00000000e+00	1	47	-7.19786000e-05	3.43921000e-05	-1.05082000e+00	-3.44383000e-05
1.89942765e+02	2026-09-04T17:35:58.920005	0.00000000e+00	1	47	-5.78642000e-05	3.01377000e-05	-1.00081000e+00	-3.00663000e-05
1.89953223e+02	2026-09-04T17:35:58.925373	0.00000000e+00	1	47	-6.39677000e-05	2.65114000e-05	-9.50742000e-01	-2.62380000e-05
1.89984747e+02	2026-09-04T17:35:58.955688	0.00000000e+00	1	47	-6.48737000e-05	2.27749000e-05	-9.00720000e-01	-2.28247000e-05
1.90003881e+02	2026-09-04T17:35:58.981425	0.00000000e+00	1	47	-5.91993000e-05	1.96230000e-05	-8.50653000e-01	-1.95443000e-05
1.90011933e+02	2026-09-04T17:35:58.983929	0.00000000e+00	1	47	-6.33478000e-05	1.66194000e-05	-8.00673000e-01	-1.65271000e-05
1.90037455e+02	2026-09-04T17:35:59.014026	0.00000000e+00	1	47	-5.73158000e-05	1.40482000e-05	-7.50607000e-01	-1.41125000e-05
1.90048467e+02	2026-09-04T17:35:59.023617	0.00000000e+00	1	47	-5.92947000e-05	1.19508000e-05	-7.00566000e-01	-1.19624000e-05
1.90077982e+02	2026-09-04T17:35:59.053578	0.00000000e+00	1	47	-5.05686000e-05	9.92480000e-06	-6.50544000e-01	-9.86825000e-06
1.90090466e+02	2026-09-04T17:35:59.063902	0.00000000e+00	1	47	-6.06537000e-05	8.09442000e-06	-6.00502000e-01	-8.03971000e-06
1.90113736e+02	2026-09-04T17:35:59.091385	0.00000000e+00	1	47	-7.18832000e-05	6.43091000e-06	-5.50418000e-01	-6.42083000e-06
1.90138505e+02	2026-09-04T17:35:59.113780	0.00000000e+00	1	47	-6.08206000e-05	5.18760000e-06	-5.00418000e-01	-5.14481000e-06
1.90148390e+02	2026-09-04T17:35:59.123961	0.00000000e+00	1	47	-6.18219000e-05	3.82771000e-06	-4.50358000e-01	-3.81405000e-06
1.90159837e+02	2026-09-04T17:35:59.133552	0.00000000e+00	1	47	-6.53267000e-05	2.99863000e-06	-4.00340000e-01	-3.02427000e-06
1.90185049e+02	2026-09-04T17:35:59.154820	0.00000000e+00	1	47	-6.33478000e-05	2.24413000e-06	-3.50292000e-01	-2.22926000e-06
1.90208166e+02	2026-09-04T17:35:59.185832	0.00000000e+00	1	47	-6.28948000e-05	1.65565000e-06	-3.00256000e-01	-1.64508000e-06
1.90223972e+02	2026-09-04T17:35:59.201566	0.00000000e+00	1	47	-6.08206000e-05	1.15558000e-06	-2.50198000e-01	-1.14451000e-06
1.90271620e+02	2026-09-04T17:35:59.249820	0.00000000e+00	1	47	-5.97477000e-05	7.99149000e-07	-2.00070000e-01	-7.81733000e-07
1.90284567e+02	2026-09-04T17:35:59.253777	0.00000000e+00	1	47	-5.76735000e-05	4.83910000e-07	-1.50028000e-01	-4.81878000e-07
1.90303398e+02	2026-09-04T17:35:59.281046	0.00000000e+00	1	47	-6.23465000e-05	2.86178000e-07	-9.99871000e-02	-2.74578000e-07
1.90327127e+02	2026-09-04T17:35:59.303982	0.00000000e+00	1	47	-5.75781000e-05	1.13084000e-07	-4.99452000e-02	-1.12943000e-07
1.90338475e+02	2026-09-04T17:35:59.313647	0.00000000e+00	1	47	-6.39677000e-05	-1.12700000e-10	4.19140000e-05	1.53410000e-10
1.92229174e+02	2026-09-04T17:36:01.203891	0.00000000e+00	1	48	-6.37054000e-05	-3.03211000e-07	3.95775000e-05	3.14247000e-07
1.92248205e+02	2026-09-04T17:36:01.223612	0.00000000e+00	1	48	-1.07956000e-04	9.31401000e-05	-4.98953000e-02	-9.29377000e-05
1.92265348e+02	2026-09-04T17:36:01.243638	0.00000000e+00	1	48	-6.12736000e-05	1.87340000e-04	-9.99913000e-02	-1.86197000e-04
1.92278407e+02	2026-09-04T17:36:01.253881	0.00000000e+00	1	48	-6.96421000e-05	2.80395000e-04	-1.50026000e-01	-2.80165000e-04
1.92286104e+02	2026-09-04T17:36:01.263677	0.00000000e+00	1	48	-7.24316000e-05	3.72796000e-04	-2.00066000e-01	-1.13225000e-05
1.92314545e+02	2026-09-04T17:36:01.283774	0.00000000e+00	1	48	-6.03676000e-05	1.11237000e-05	-2.50211000e-01	-2.98952000e-06
1.92329938e+02	2026-09-04T17:36:01.303678	0.00000000e+00	1	48	-5.15699000e-05	3.85905000e-06	-3.00265000e-01	-3.88720000e-06
1.92344331e+02	2026-09-04T17:36:01.313712	0.00000000e+00	1	48	-6.36101000e-05	6.11070000e-06	-3.50288000e-01	-5.08086000e-06
1.92370838e+02	2026-09-04T17:36:01.343951	0.00000000e+00	1	48	-7.48634000e-05	6.70509000e-06	-4.00287000e-01	-6.87119000e-06
1.92379417e+02	2026-09-04T17:36:01.353574	0.00000000e+00	1	48	-5.76735000e-05	8.56145000e-06	-4.50358000e-01	-7.75091000e-06
1.92387028e+02	2026-09-04T17:36:01.363626	0.00000000e+00	1	48	-1.02520000e-06	9.48613000e-06	-5.00422000e-01	-9.20334000e-06
1.92395744e+02	2026-09-04T17:36:01.373671	0.00000000e+00	1	48	-9.68933000e-05	9.62169000e-06	-5.50446000e-01	-9.52035000e-06
1.92428947e+02	2026-09-04T17:36:01.407229	0.00000000e+00	1	48	-6.27995000e-05	1.10399000e-05	-6.00469000e-01	-1.08051000e-05
1.92465823e+02	2026-09-04T17:36:01.443594	0.00000000e+00	1	48	-5.81265000e-05	1.32938000e-05	-6.50535000e-01	-1.34272000e-05
1.92473434e+02	2026-09-04T17:36:01.443594	0.00000000e+00	1	48	-6.29902000e-05	1.62073000e-05	-7.00585000e-01	-1.61442000e-05
1.92493767e+02	2026-09-04T17:36:01.471247	0.00000000e+00	1	48	-6.38723000e-05	1.84042000e-05	-7.50629000e-01	-1.84009000e-05
1.92525405e+02	2026-09-04T17:36:01.503789	0.00000000e+00	1	48	-6.63042000e-05	1.97117000e-05	-8.00666000e-01	-1.95910000e-05
1.92535483e+02	2026-09-04T17:36:01.503789	0.00000000e+00	1	48	-6.13689000e-05	2.29997000e-05	-8.50677000e-01	-2.32182000e-05
1.92552413e+02	2026-09-04T17:36:01.524009	0.00000000e+00	1	48	-5.99384000e-05	2.74928000e-05	-9.00723000e-01	-2.71761000e-05
1.92576790e+02	2026-09-04T17:36:01.553898	0.00000000e+00	1	48	-6.47783000e-05	3.02690000e-05	-9.50774000e-01	-3.04832000e-05
1.92588519e+02	2026-09-04T17:36:01.565826	0.00000000e+00	1	48	-6.00100000e-05	3.44425000e-05	-1.00080000e+00	-3.42568000e-05
1.92615811e+02	2026-09-04T17:36:01.593988	0.00000000e+00	1	48	-6.65903000e-05	3.95617000e-05	-1.05082000e+00	-3.88864000e-05
1.92645626e+02	2026-09-04T17:36:01.623775	0.00000000e+00	1	48	-6.80208000e-05	4.27890000e-05	-1.10090000e+00	-4.29135000e-05
1.92667480e+02	2026-09-04T17:36:01.644924	0.00000000e+00	1	48	-6.27041000e-05	4.87750000e-05	-1.15097000e+00	-4.88159000e-05
1.92675769e+02	2026-09-04T17:36:01.653705	0.00000000e+00	1	48	-6.54221000e-05	5.26279000e-05	-1.20097000e+00	-5.29793000e-05
1.92708792e+02	2026-09-04T17:36:01.684536	0.00000000e+00	1	48	-6.16312000e-05	5.77761000e-05	-1.25101000e+00	-5.77264000e-05
1.92746114e+02	2026-09-04T17:36:01.723971	0.00000000e+00	1	48	-5.52416000e-05	6.53378000e-05	-1.30103000e+00	-6.48921000e-05
1.92773508e+02	2026-09-04T17:36:01.743687	0.00000000e+00	1	48	-5.86748000e-05	7.29421000e-05	-1.35108000e+00	-7.29765000e-05
1.92797229e+02	2026-09-04T17:36:01.773688	0.00000000e+00	1	48	-5.92947000e-05	8.05873000e-05	-1.40110000e+00	-8.10859000e-05
1.92806116e+02	2026-09-04T17:36:01.783724	0.00000000e+00	1	48	-6.77586000e-05	8.81080000e-05	-1.45113000e+00	-8.84529000e-05
1.92817552e+02	2026-09-04T17:36:01.793681	0.00000000e+00	1	48	-5.92947000e-05	9.62965000e-05	-1.50116000e+00	-9.54781000e-05
1.92842748e+02	2026-09-04T17:36:01.820048	0.00000000e+00	1	48	-6.27995000e-05	1.04270000e-04	-1.55123000e+00	-1.03403000e-04
1.92854722e+02	2026-09-04T17:36:01.823924	0.00000000e+00	1	48	-6.57797000e-05	1.12441000e-04	-1.60122000e+00	-1.12084000e-04
1.92880491e+02	2026-09-04T17:36:01.853857	0.00000000e+00	1	48	-6.34432000e-05	1.19834000e-04	-1.65129000e+00	-1.21158000e-04
1.92889870e+02	2026-09-04T17:36:01.867766	0.00000000e+00	1	48	-6.47783000e-05	1.33406000e-04	-1.70131000e+00	-1.36319000e-04
1.92921353e+02	2026-09-04T17:36:01.893730	0.00000000e+00	1	48	-6.62327000e-05	1.49111000e-04	-1.75137000e+00	-1.45783000e-04
1.92942746e+02	2026-09-04T17:36:01.915505	0.00000000e+00	1	48	-6.24418000e-05	1.61630000e-04	-1.80137000e+00	-1.62113000e-04
1.92950345e+02	2026-09-04T17:36:01.923760	0.00000000e+00	1	48	-6.54221000e-05	1.76278000e-04	-1.85142000e+00	-1.75168000e-04
1.92962155e+02	2026-09-04T17:36:01.934020	0.00000000e+00	1	48	-6.24418000e-05	1.90177000e-04	-1.90144000e+00	-1.92339000e-04
1.93012260e+02	2026-09-04T17:36:01.990425	0.00000000e+00	1	48	-6.85692000e-05	2.11055000e-04	-1.95148000e+00	-2.11925000e-04
1.93034307e+02	2026-09-04T17:36:02.011546	0.00000000e+00	1	48	-6.46114000e-05	2.29339000e-04	-2.00150000e+00	-2.26871000e-04
1.93042330e+02	2026-09-04T17:36:02.013653	0.00000000e+00	1	48	-6.08206000e-05	2.56875000e-04	-2.05169000e+00	-2.55282000e-04
1.93069007e+02	2026-09-04T17:36:02.043614	0.00000000e+00	1	48	-6.41584000e-05	2.96812000e-04	-2.10146000e+00	-2.98498000e-04
1.93098397e+02	2026-09-04T17:36:02.075225	0.00000000e+00	1	48	-7.10726000e-05	3.47691000e-04	-2.15193000e+00	-3.50664000e-04
1.93109093e+02	2026-09-04T17:36:02.085026	0.00000000e+00	1	48	-7.13587000e-05	4.09449000e-04	-2.20186000e+00	-4.20165000e-04
1.93116220e+02	2026-09-04T17:36:02.094077	0.00000000e+00	1	48	-6.38723000e-05	4.26772000e-04	-2.20177000e+00	-4.27842000e-04
1.93124106e+02	2026-09-04T17:36:02.101577	0.00000000e+00	1	48	-6.46830000e-05	3.74531000e-04	-2.15193000e+00	-3.78132000e-04
1.93145486e+02	2026-09-04T17:36:02.123856	0.00000000e+00	1	48	-6.87361000e-05	3.25901000e-04	-2.10173000e+00	-3.21382000e-04
1.93179620e+02	2026-09-04T17:36:02.154783	0.00000000e+00	1	48	-7.32422000e-05	2.95954000e-04	-2.05153000e+00	-2.95461000e-04
1.93200757e+02	2026-09-04T17:36:02.173611	0.00000000e+00	1	48	-6.55890000e-05	2.55345000e-04	-2.00150000e+00	-2.54988000e-04
1.93224328e+02	2026-09-04T17:36:02.202135	0.00000000e+00	1	48	-6.78301000e-05	2.29298000e-04	-1.95147000e+00	-2.28753000e-04
1.93232100e+02	2026-09-04T17:36:02.203643	0.00000000e+00	1	48	-6.73056000e-05	2.05900000e-04	-1.90145000e+00	-2.06158000e-04
1.93239750e+02	2026-09-04T17:36:02.217773	0.00000000e+00	1	48	-6.72102000e-05	1.86767000e-04	-1.85141000e+00	-1.87363000e-04
1.93280135e+02	2026-09-04T17:36:02.253589	0.00000000e+00	1	48	-6.80208000e-05	1.72073000e-04	-1.80137000e+00	-1.71536000e-04
1.93307298e+02	2026-09-04T17:36:02.285622	0.00000000e+00	1	48	-6.90937000e-05	1.54328000e-04	-1.75136000e+00	-1.54911000e-04
1.93316794e+02	2026-09-04T17:36:02.293751	0.00000000e+00	1	48	-7.26938000e-05	1.41084000e-04	-1.70132000e+00	-1.41326000e-04
1.93329213e+02	2026-09-04T17:36:02.303725	0.00000000e+00	1	48	-7.35045000e-05	1.27889000e-04	-1.65129000e+00	-1.28425000e-04
1.93351708e+02	2026-09-04T17:36:02.329421	0.00000000e+00	1	48	-6.85692000e-05	1.16680000e-04	-1.60123000e+00	-1.15702000e-04
1.93363808e+02	2026-09-04T17:36:02.333955	0.00000000e+00	1	48	-6.38723000e-05	1.04523000e-04	-1.55124000e+00	-1.05136000e-04
1.93386221e+02	2026-09-04T17:36:02.363712	0.00000000e+00	1	48	-7.61032000e-05	9.50234000e-05	-1.50118000e+00	-9.47407000e-05
1.93402971e+02	2026-09-04T17:36:02.377753	0.00000000e+00	1	48	-7.51257000e-05	8.61302000e-05	-1.45113000e+00	-8.55721000e-05
1.93425104e+02	2026-09-04T17:36:02.393931	0.00000000e+00	1	48	-7.48634000e-05	7.72401000e-05	-1.40109000e+00	-7.73912000e-05
1.93448066e+02	2026-09-04T17:36:02.425856	0.00000000e+00	1	48	-7.02620000e-05	6.92316000e-05	-1.35108000e+00	-6.92738000e-05
1.93461179e+02	2026-09-04T17:36:02.436187	0.00000000e+00	1	48	-7.15256000e-05	6.28512000e-05	-1.30103000e+00	-6.32273000e-05
1.93494612e+02	2026-09-04T17:36:02.472801	0.00000000e+00	1	48	-7.03573000e-05	5.55027000e-05	-1.25103000e+00	-5.56058000e-05
1.93516243e+02	2026-09-04T17:36:02.494549	0.00000000e+00	1	48	-6.92844000e-05	4.94219000e-05	-1.20097000e+00	-4.95477000e-05
1.93525458e+02	2026-09-04T17:36:02.503555	0.00000000e+00	1	48	-6.44207000e-05	4.39191000e-05	-1.15096000e+00	-4.34953000e-05
1.93533463e+02	2026-09-04T17:36:02.511404	0.00000000e+00	1	48	-6.63042000e-05	3.88895000e-05	-1.10090000e+00	-3.87612000e-05
1.93557805e+02	2026-09-04T17:36:02.536138	0.00000000e+00	1	48	-6.19173000e-05	3.34173000e-05	-1.05084000e+00	-3.35296000e-05
1.93588772e+02	2026-09-04T17:36:02.566804	0.00000000e+00	1	48	-6.22749000e-05	2.92717000e-05	-1.00081000e+00	-2.91992000e-05
1.93615472e+02	2026-09-04T17:36:02.593612	0.00000000e+00	1	48	-6.58512000e-05	2.59249000e-05	-9.50778000e-01	-2.58741000e-05
1.93626246e+02	2026-09-04T17:36:02.603826	0.00000000e+00	1	48	-6.97374000e-05	2.21719000e-05	-9.00739000e-01	-2.20711000e-05
1.93633705e+02	2026-09-04T17:36:02.611838	0.00000000e+00	1	48	-6.99043000e-05	1.86910000e-05	-8.50660000e-01	-1.83316000e-05
1.93662204e+02	2026-09-04T17:36:02.640300	0.00000000e+00	1	48	-7.04527000e-05	1.56386000e-05	-8.00658000e-01	-1.57471000e-05
1.93685813e+02	2026-09-04T17:36:02.664108	0.00000000e+00	1	48	-6.64949000e-05	1.31342000e-05	-7.50591000e-01	-1.31554000e-05
1.93693643e+02	2026-09-04T17:36:02.671112	0.00000000e+00	1	48	-7.71999000e-05	1.09090000e-05	-7.00566000e-01	-1.08211000e-05
1.93710367e+02	2026-09-04T17:36:02.688673	0.00000000e+00	1	48	-7.34091000e-05	8.80123000e-06	-6.50514000e-01	-8.80156000e-06
1.93722763e+02	2026-09-04T17:36:02.700693	0.00000000e+00	1	48	-7.41243000e-05	7.12128000e-06	-6.00509000e-01	-7.06626000e-06
1.93731595e+02	2026-09-04T17:36:02.709534	0.00000000e+00	1	48	-7.63893000e-05	5.65599000e-06	-5.50443000e-01	-5.61688000e-06
1.93739221e+02	2026-09-04T17:36:02.716640	0.00000000e+00	1	48	-7.18832000e-05	4.37194000e-06	-5.00391000e-01	-4.30653000e-06
1.93746952e+02	2026-09-04T17:36:02.724867	0.00000000e+00	1	48	-7.76529000e-05	3.39058000e-06	-4.50345000e-01	-3.29172000e-06
1.93754552e+02	2026-09-04T17:36:02.732877	0.00000000e+00	1	48	-7.10726000e-05	2.49968000e-06	-4.00331000e-01	-2.46958000e-06
1.93767195e+02	2026-09-04T17:36:02.744628	0.00000000e+00	1	48	-6.93798000e-05	1.90118000e-06	-3.50267000e-01	-1.85351000e-06
1.93791895e+02	2026-09-04T17:36:02.769388	0.00000000e+00	1	48	-6.47783000e-05	1.42042000e-06	-3.00259000e-01	-1.40790000e-06
1.93815610e+02	2026-09-04T17:36:02.793742	0.00000000e+00	1	48	-6.68526000e-05	1.00193000e-06	-2.50190000e-01	-1.00026000e-06
1.93839321e+02	2026-09-04T17:36:02.817059	0.00000000e+00	1	48	-6.74725000e-05	7.16110000e-07	-2.00054000e-01	-6.80443000e-07
1.93852318e+02	2026-09-04T17:36:02.829929	0.00000000e+00	1	48	-7.01666000e-05	4.51134000e-07	-1.50024000e-01	-4.46640000e-07
1.93865987e+02	2026-09-04T17:36:02.843852	0.00000000e+00	1	48	-6.85692000e-05	2.57314000e-07	-9.99774000e-02	-2.58972000e-07
1.93923940e+02	2026-09-04T17:36:02.901620	0.00000000e+00	1	48	-6.32525000e-05	1.12934000e-07	-4.99429000e-02	-1.07103000e-07
1.93947909e+02	2026-09-04T17:36:02.925955	0.00000000e+00	1	48	-7.17163000e-05	-2.54440000e-10	3.38078000e-05	8.91686000e-12
1.95832908e+02	2026-09-04T17:36:04.809066	0.00000000e+00	1	49	-6.17266000e-05	-2.82126000e-07	3.35455000e-05	2.77671000e-07
1.95841044e+02	2026-09-04T17:36:04.813543	0.00000000e+00	1	49	-1.12629000e-04	8.56424000e-05	-4.98924000e-02	-8.56377000e-05
1.95858957e+02	2026-09-04T17:36:04.833542	0.00000000e+00	1	49	-7.15256000e-05	1.71922000e-04	-9.99826000e-02	-1.72118000e-04
1.95881370e+02	2026-09-04T17:36:04.858641	0.00000000e+00	1	49	-6.68526000e-05	2.58347000e-04	-1.50025000e-01	-2.58128000e-04
1.95894831e+02	2026-09-04T17:36:04.872559	0.00000000e+00	1	49	-7.18832000e-05	3.42228000e-04	-2.00056000e-01	-3.41873000e-04
1.95903406e+02	2026-09-04T17:36:04.876174	0.00000000e+00	1	49	-6.84738000e-05	4.23935000e-04	-2.50188000e-01	-4.23206000e-04
1.95928534e+02	2026-09-04T17:36:04.904753	0.00000000e+00	1	49	-6.87361000e-05	4.37313000e-05	-3.00231000e-01	-4.34149000e-05
1.95950523e+02	2026-09-04T17:36:04.923569	0.00000000e+00	1	49	-6.99043000e-05	5.27922000e-05	-3.50287000e-01	-5.21246000e-05
1.95974815e+02	2026-09-04T17:36:04.952833	0.00000000e+00	1	49	-7.32422000e-05	5.83195000e-05	-4.00345000e-01	-5.50088000e-05
1.95996677e+02	2026-09-04T17:36:04.973999	0.00000000e+00	1	49	-6.27041000e-05	6.48852000e-05	-4.50360000e-01	-6.42012000e-05
1.96004702e+02	2026-09-04T17:36:04.973999	0.00000000e+00	1	49	-6.58512000e-05	7.62848000e-05	-5.00401000e-01	-7.22227000e-05
1.96042142e+02	2026-09-04T17:36:05.015382	0.00000000e+00	1	49	-6.74725000e-05	8.04599000e-05	-5.50428000e-01	-8.22096000e-05
1.96059128e+02	2026-09-04T17:36:05.033650	0.00000000e+00	1	49	-7.17878000e-05	9.37036000e-05	-6.00484000e-01	-9.21667000e-05
1.96068049e+02	2026-09-04T17:36:05.043878	0.00000000e+00	1	49	-6.24418000e-05	9.98033000e-05	-6.50502000e-01	-9.96590000e-05
1.96098959e+02	2026-09-04T17:36:05.073726	0.00000000e+00	1	49	-6.82831000e-05	1.03237000e-04	-7.00559000e-01	-1.09084000e-04
1.96130403e+02	2026-09-04T17:36:05.107716	0.00000000e+00	1	49	-6.72102000e-05	1.16399000e-04	-7.50592000e-01	-1.15833000e-04
1.96153186e+02	2026-09-04T17:36:05.127206	0.00000000e+00	1	49	-6.63042000e-05	1.21921000e-04	-8.00651000e-01	-1.25539000e-04
1.96161950e+02	2026-09-04T17:36:05.139448	0.00000000e+00	1	49	-7.04527000e-05	1.24309000e-04	-8.50685000e-01	-1.16045000e-04
1.96179367e+02	2026-09-04T17:36:05.153816	0.00000000e+00	1	49	-6.81162000e-05	1.11743000e-04	-9.00731000e-01	-1.05586000e-04
1.96211151e+02	2026-09-04T17:36:05.187228	0.00000000e+00	1	49	-7.54833000e-05	1.09898000e-04	-9.50780000e-01	-1.15172000e-04
1.96236116e+02	2026-09-04T17:36:05.213637	0.00000000e+00	1	49	-7.42197000e-05	1.22127000e-04	-1.00081000e+00	-1.24396000e-04
1.96259452e+02	2026-09-04T17:36:05.237180	0.00000000e+00	1	49	-7.66516000e-05	1.26059000e-04	-1.05082000e+00	-1.26384000e-04
1.96271400e+02	2026-09-04T17:36:05.243705	0.00000000e+00	1	49	-6.95467000e-05	1.39431000e-04	-1.10088000e+00	-1.37431000e-04
1.96292184e+02	2026-09-04T17:36:05.269300	0.00000000e+00	1	49	-7.61986000e-05	1.83684000e-04	-1.15092000e+00	-1.96111000e-04
1.96302543e+02	2026-09-04T17:36:05.273738	0.00000000e+00	1	49	-6.23465000e-05	1.85994000e-04	-1.20096000e+00	-1.93438000e-04
1.96324175e+02	2026-09-04T17:36:05.301270	0.00000000e+00	1	49	-7.46727000e-05	4.88696000e-05	-1.25101000e+00	-4.79761000e-05
1.96347197e+02	2026-09-04T17:36:05.323820	0.00000000e+00	1	49	-6.49691000e-05	5.42304000e-05	-1.30102000e+00	-5.37930000e-05
1.96354716e+02	2026-09-04T17:36:05.323820	0.00000000e+00	1	49	-6.59466000e-05	6.02549000e-05	-1.35107000e+00	-6.03057000e-05
1.96401645e+02	2026-09-04T17:36:05.373831	0.00000000e+00	1	49	-6.70195000e-05	6.88815000e-05	-1.40110000e+00	-6.97277000e-05
1.96428205e+02	2026-09-04T17:36:05.406453	0.00000000e+00	1	49	-6.94513000e-05	7.73360000e-05	-1.45115000e+00	-7.66490000e-05
1.96442618e+02	2026-09-04T17:36:05.420240	0.00000000e+00	1	49	-6.57797000e-05	8.53149000e-05	-1.50118000e+00	-8.53247000e-05
1.96466589e+02	2026-09-04T17:36:05.443935	0.00000000e+00	1	49	-7.21455000e-05	9.37850000e-05	-1.55122000e+00	-9.37546000e-05
1.96498276e+02	2026-09-04T17:36:05.475629	0.00000000e+00	1	49	-7.08103000e-05	1.05675000e-04	-1.60123000e+00	-1.04803000e-04
1.96529928e+02	2026-09-04T17:36:05.507251	0.00000000e+00	1	49	-7.77245000e-05	1.17417000e-04	-1.65128000e+00	-1.17504000e-04
1.96537962e+02	2026-09-04T17:36:05.513978	0.00000000e+00	1	49	-6.87361000e-05	1.27832000e-04	-1.70130000e+00	-1.27507000e-04
1.96560840e+02	2026-09-04T17:36:05.538564	0.00000000e+00	1	49	-7.07150000e-05	1.40130000e-04	-1.75135000e+00	-1.39731000e-04
1.96592138e+02	2026-09-04T17:36:05.569653	0.00000000e+00	1	49	-7.46727000e-05	1.53663000e-04	-1.80137000e+00	-1.52866000e-04
1.96609409e+02	2026-09-04T17:36:05.587706	0.00000000e+00	1	49	-6.83785000e-05	1.71026000e-04	-1.85139000e+00	-1.69438000e-04
1.96619409e+02	2026-09-04T17:36:05.593949	0.00000000e+00	1	49	-7.15256000e-05	1.88447000e-04	-1.90145000e+00	-1.87328000e-04
1.96644337e+02	2026-09-04T17:36:05.617390	0.00000000e+00	1	49	-7.86305000e-05	2.05951000e-04	-1.95149000e+00	-2.06351000e-04
1.96651918e+02	2026-09-04T17:36:05.627946	0.00000000e+00	1	49	-7.09772000e-05	2.30696000e-04	-2.00151000e+00	-2.31262000e-04
1.96675114e+02	2026-09-04T17:36:05.649142	0.00000000e+00	1	49	-6.64949000e-05	2.66909000e-04	-2.05151000e+00	-2.70292000e-04
1.96700379e+02	2026-09-04T17:36:05.673992	0.00000000e+00	1	49	-6.86407000e-05	2.99535000e-04	-2.10149000e+00	-3.01928000e-04
1.96709411e+02	2026-09-04T17:36:05.687739	0.00000000e+00	1	49	-7.61986000e-05	3.53617000e-04	-2.15170000e+00	-3.68256000e-04
1.96728075e+02	2026-09-04T17:36:05.703548	0.00000000e+00	1	49	-6.38008000e-05	4.31912000e-04	-2.20168000e+00	-4.32448000e-04
1.96735700e+02	2026-09-04T17:36:05.713812	0.00000000e+00	1	49	-6.83785000e-05	4.28085000e-04	-2.20178000e+00	-4.25894000e-04
1.96743646e+02	2026-09-04T17:36:05.713812	0.00000000e+00	1	49	-6.81162000e-05	3.63924000e-04	-2.15194000e+00	-3.60844000e-04
1.96768171e+02	2026-09-04T17:36:05.744637	0.00000000e+00	1	49	-7.07150000e-05	3.15869000e-04	-2.10159000e+00	-3.15696000e-04
1.96775847e+02	2026-09-04T17:36:05.753540	0.00000000e+00	1	49	-6.46830000e-05	2.79747000e-04	-2.05167000e+00	-2.81078000e-04
1.96800896e+02	2026-09-04T17:36:05.775779	0.00000000e+00	1	49	-7.02620000e-05	2.50461000e-04	-2.00152000e+00	-2.52370000e-04
1.96808731e+02	2026-09-04T17:36:05.783730	0.00000000e+00	1	49	-6.88314000e-05	2.29614000e-04	-1.95148000e+00	-2.29131000e-04
1.96823664e+02	2026-09-04T17:36:05.801203	0.00000000e+00	1	49	-7.28846000e-05	2.06054000e-04	-1.90144000e+00	-2.05507000e-04
1.96845575e+02	2026-09-04T17:36:05.823572	0.00000000e+00	1	49	-6.59466000e-05	1.87123000e-04	-1.85141000e+00	-1.87844000e-04
1.96877390e+02	2026-09-04T17:36:05.855110	0.00000000e+00	1	49	-6.82116000e-05	1.71008000e-04	-1.80138000e+00	-1.71567000e-04
1.96908232e+02	2026-09-04T17:36:05.885878	0.00000000e+00	1	49	-6.45161000e-05	1.56382000e-04	-1.75134000e+00	-1.56771000e-04
1.96920660e+02	2026-09-04T17:36:05.893624	0.00000000e+00	1	49	-6.76632000e-05	1.43978000e-04	-1.70134000e+00	-1.44450000e-04
1.96928485e+02	2026-09-04T17:36:05.903955	0.00000000e+00	1	49	-6.45161000e-05	1.31283000e-04	-1.65128000e+00	-1.31423000e-04
1.96936326e+02	2026-09-04T17:36:05.913629	0.00000000e+00	1	49	-6.19888000e-05	1.19424000e-04	-1.60122000e+00	-1.20274000e-04
1.96958043e+02	2026-09-04T17:36:05.934441	0.00000000e+00	1	49	-6.43253000e-05	1.08280000e-04	-1.55123000e+00	-1.08304000e-04
1.96967278e+02	2026-09-04T17:36:05.943637	0.00000000e+00	1	49	-6.39677000e-05	9.72866000e-05	-1.50117000e+00	-9.89776000e-05
1.96981559e+02	2026-09-04T17:36:05.959863	0.00000000e+00	1	49	-6.72102000e-05	9.09793000e-05	-1.45114000e+00	-9.09702000e-05
1.97012942e+02	2026-09-04T17:36:05.987727	0.00000000e+00	1	49	-7.19786000e-05	8.17351000e-05	-1.40111000e+00	-8.15246000e-05
1.97039380e+02	2026-09-04T17:36:06.013798	0.00000000e+00	1	49	-6.82116000e-05	7.29487000e-05	-1.35109000e+00	-7.32549000e-05
1.97068364e+02	2026-09-04T17:36:06.045434	0.00000000e+00	1	49	-7.29561000e-05	6.66184000e-05	-1.30102000e+00	-6.67429000e-05
1.97105326e+02	2026-09-04T17:36:06.083650	0.00000000e+00	1	49	-6.67572000e-05	6.03590000e-05	-1.25100000e+00	-6.00998000e-05
1.97112964e+02	2026-09-04T17:36:06.087588	0.00000000e+00	1	49	-6.77586000e-05	5.32467000e-05	-1.20097000e+00	-5.33645000e-05
1.97157112e+02	2026-09-04T17:36:06.133616	0.00000000e+00	1	49	-7.09772000e-05	4.67285000e-05	-1.15093000e+00	-4.69212000e-05
1.97165892e+02	2026-09-04T17:36:06.143738	0.00000000e+00	1	49	-6.56843000e-05	4.13698000e-05	-1.10088000e+00	-4.13978000e-05
1.97189419e+02	2026-09-04T17:36:06.163616	0.00000000e+00	1	49	-7.11679000e-05	3.69254000e-05	-1.05083000e+00	-3.70685000e-05
1.97202745e+02	2026-09-04T17:36:06.180799	0.00000000e+00	1	49	-6.92844000e-05	3.19477000e-05	-1.00080000e+00	-3.21313000e-05
1.97226401e+02	2026-09-04T17:36:06.203750	0.00000000e+00	1	49	-7.15256000e-05	2.81943000e-05	-9.50757000e-01	-2.79913000e-05
1.97234202e+02	2026-09-04T17:36:06.203750	0.00000000e+00	1	49	-5.87702000e-05	2.40871000e-05	-9.00712000e-01	-2.41341000e-05
1.97244516e+02	2026-09-04T17:36:06.219754	0.00000000e+00	1	49	-7.23362000e-05	2.08780000e-05	-8.50670000e-01	-2.08040000e-05
1.97269062e+02	2026-09-04T17:36:06.243796	0.00000000e+00	1	49	-6.54936000e-05	1.75438000e-05	-8.00671000e-01	-1.75926000e-05
1.97278138e+02	2026-09-04T17:36:06.253853	0.00000000e+00	1	49	-7.42197000e-05	1.47370000e-05	-7.50625000e-01	-1.47837000e-05
1.97309662e+02	2026-09-04T17:36:06.287916	0.00000000e+00	1	49	-6.01053000e-05	1.22083000e-05	-7.00572000e-01	-1.22599000e-05
1.97318040e+02	2026-09-04T17:36:06.293701	0.00000000e+00	1	49	-5.20945000e-05	9.91615000e-06	-6.50537000e-01	-9.80968000e-06
1.97330470e+02	2026-09-04T17:36:06.303830	0.00000000e+00	1	49	-7.34091000e-05	8.34984000e-06	-6.00517000e-01	-8.32473000e-06
1.97353648e+02	2026-09-04T17:36:06.331028	0.00000000e+00	1	49	-6.80208000e-05	6.69954000e-06	-5.50439000e-01	-6.71033000e-06
1.97407156e+02	2026-09-04T17:36:06.383877	0.00000000e+00	1	49	-7.00951000e-05	5.35491000e-06	-5.00428000e-01	-5.45760000e-06
1.97415195e+02	2026-09-04T17:36:06.390604	0.00000000e+00	1	49	-7.35045000e-05	4.34847000e-06	-4.50349000e-01	-4.29547000e-06
1.97447857e+02	2026-09-04T17:36:06.425647	0.00000000e+00	1	49	-6.72102000e-05	3.46391000e-06	-4.00371000e-01	-3.59057000e-06
1.97497340e+02	2026-09-04T17:36:06.473930	0.00000000e+00	1	49	-6.82831000e-05	2.69539000e-06	-3.50279000e-01	-2.71229000e-06
1.97506262e+02	2026-09-04T17:36:06.483941	0.00000000e+00	1	49	-6.90937000e-05	2.03844000e-06	-3.00274000e-01	-1.87280000e-06
1.97526206e+02	2026-09-04T17:36:06.503968	0.00000000e+00	1	49	-7.12633000e-05	1.37251000e-06	-2.50177000e-01	-1.39155000e-06
1.97534118e+02	2026-09-04T17:36:06.503968	0.00000000e+00	1	49	-6.77586000e-05	1.14571000e-06	-2.00067000e-01	-1.10218000e-06
1.97561049e+02	2026-09-04T17:36:06.537560	0.00000000e+00	1	49	-6.35147000e-05	7.01266000e-07	-1.50027000e-01	-7.22999000e-07
1.97590723e+02	2026-09-04T17:36:06.567924	0.00000000e+00	1	49	-7.17163000e-05	3.32927000e-07	-9.99834000e-02	-3.99371000e-07
1.97599273e+02	2026-09-04T17:36:06.573971	0.00000000e+00	1	49	-6.53267000e-05	1.86850000e-07	-4.99501000e-02	-1.82897000e-07
1.97612092e+02	2026-09-04T17:36:06.588407	0.00000000e+00	1	49	-6.72102000e-05	-1.44005000e-10	2.96831000e-05	1.67191000e-10
1.99539692e+02	2026-09-04T17:36:08.513732	0.00000000e+00	1	50	-5.20229000e-05	-2.11058000e-07	3.69549000e-05	2.07920000e-07
1.99566266e+02	2026-09-04T17:36:08.543579	0.00000000e+00	1	50	-1.07312000e-04	7.00816000e-05	-4.98907000e-02	-7.02376000e-05
1.99595035e+02	2026-09-04T17:36:08.572337	0.00000000e+00	1	50	-5.55992000e-05	1.40435000e-04	-9.99872000e-02	-1.40364000e-04
1.99608063e+02	2026-09-04T17:36:08.583539	0.00000000e+00	1	50	-6.02007000e-05	2.08407000e-04	-1.50028000e-01	-2.08174000e-04
1.99659543e+02	2026-09-04T17:36:08.636145	0.00000000e+00	1	50	-5.81265000e-05	2.69656000e-04	-2.00063000e-01	-2.69133000e-04
1.99674208e+02	2026-09-04T17:36:08.651482	0.00000000e+00	1	50	-6.05583000e-05	3.33917000e-04	-2.50185000e-01	-3.33518000e-04
1.99697379e+02	2026-09-04T17:36:08.673815	0.00000000e+00	1	50	-5.43594000e-05	3.97766000e-04	-3.00255000e-01	-3.97186000e-04
1.99721281e+02	2026-09-04T17:36:08.699060	0.00000000e+00	1	50	-5.55277000e-05	3.68814000e-04	-3.50273000e-01	-3.55205000e-04
1.99754239e+02	2026-09-04T17:36:08.731050	0.00000000e+00	1	50	-5.96523000e-05	3.84352000e-04	-4.00337000e-01	-3.79822000e-04
1.99778674e+02	2026-09-04T17:36:08.753850	0.00000000e+00	1	50	-5.15699000e-05	4.08975000e-04	-4.50363000e-01	-4.08601000e-04
1.99792302e+02	2026-09-04T17:36:08.769217	0.00000000e+00	1	50	-5.96523000e-05	4.31451000e-04	-5.00404000e-01	-4.33768000e-04
1.99800078e+02	2026-09-04T17:36:08.773944	0.00000000e+00	1	50	-9.03130000e-05	5.24258000e-04	-5.50444000e-01	-4.20428000e-05
1.99824111e+02	2026-09-04T17:36:08.793869	0.00000000e+00	1	50	-6.11067000e-05	4.61156000e-05	-6.00503000e-01	-4.67508000e-05
1.99848196e+02	2026-09-04T17:36:08.825623	0.00000000e+00	1	50	-5.34534000e-05	5.09947000e-05	-6.50499000e-01	-5.08465000e-05
1.99891679e+02	2026-09-04T17:36:08.866155	0.00000000e+00	1	50	-5.94854000e-05	5.74450000e-05	-7.00556000e-01	-5.70601000e-05
1.99906372e+02	2026-09-04T17:36:08.883889	0.00000000e+00	1	50	-5.19276000e-05	6.15128000e-05	-7.50594000e-01	-6.11282000e-05
1.99914124e+02	2026-09-04T17:36:08.890117	0.00000000e+00	1	50	-6.16312000e-05	6.38419000e-05	-8.00666000e-01	-6.39594000e-05
1.99921546e+02	2026-09-04T17:36:08.893654	0.00000000e+00	1	50	-5.59807000e-05	7.18432000e-05	-8.50653000e-01	-7.13882000e-05
1.99942761e+02	2026-09-04T17:36:08.919883	0.00000000e+00	1	50	-5.87702000e-05	5.76251000e-05	-9.00746000e-01	-5.36216000e-05
1.99957267e+02	2026-09-04T17:36:08.935637	0.00000000e+00	1	50	-6.27995000e-05	4.95874000e-05	-9.50778000e-01	-4.90426000e-05
1.99980369e+02	2026-09-04T17:36:08.953531	0.00000000e+00	1	50	-6.35147000e-05	5.35362000e-05	-1.00079000e+00	-5.27230000e-05
1.99994532e+02	2026-09-04T17:36:08.967219	0.00000000e+00	1	50	-6.16312000e-05	5.91871000e-05	-1.05082000e+00	-5.72431000e-05
2.00018116e+02	2026-09-04T17:36:08.993797	0.00000000e+00	1	50	-6.00100000e-05	6.07900000e-05	-1.10089000e+00	-5.87987000e-05
2.00026420e+02	2026-09-04T17:36:09.003975	0.00000000e+00	1	50	-6.46830000e-05	6.60922000e-05	-1.15095000e+00	-6.51543000e-05
2.00034036e+02	2026-09-04T17:36:09.003975	0.00000000e+00	1	50	-6.60419000e-05	7.06576000e-05	-1.20095000e+00	-7.20659000e-05
2.00053434e+02	2026-09-04T17:36:09.030959	0.00000000e+00	1	50	-6.39677000e-05	7.81617000e-05	-1.25100000e+00	-7.66488000e-05
2.00094971e+02	2026-09-04T17:36:09.063741	0.00000000e+00	1	50	-5.69582000e-05	8.21373000e-05	-1.30103000e+00	-8.24677000e-05
2.00110839e+02	2026-09-04T17:36:09.083683	0.00000000e+00	1	50	-6.13689000e-05	8.80724000e-05	-1.35108000e+00	-9.11995000e-05
2.00135566e+02	2026-09-04T17:36:09.113625	0.00000000e+00	1	50	-6.38008000e-05	9.74599000e-05	-1.40110000e+00	-9.67150000e-05
2.00143763e+02	2026-09-04T17:36:09.113625	0.00000000e+00	1	50	-6.57797000e-05	1.03726000e-04	-1.45115000e+00	-1.01749000e-04
2.00161426e+02	2026-09-04T17:36:09.133591	0.00000000e+00	1	50	-5.88417000e-05	1.09568000e-04	-1.50120000e+00	-1.06733000e-04
2.00185221e+02	2026-09-04T17:36:09.163574	0.00000000e+00	1	50	-6.06537000e-05	1.17187000e-04	-1.55123000e+00	-1.17951000e-04
2.00198734e+02	2026-09-04T17:36:09.174004	0.00000000e+00	1	50	-6.86407000e-05	1.28380000e-04	-1.60123000e+00	-1.28118000e-04
2.00209248e+02	2026-09-04T17:36:09.183715	0.00000000e+00	1	50	-6.59466000e-05	1.37511000e-04	-1.65128000e+00	-1.32622000e-04
2.00230930e+02	2026-09-04T17:36:09.204955	0.00000000e+00	1	50	-6.43253000e-05	1.44990000e-04	-1.70132000e+00	-1.44192000e-04
2.00238841e+02	2026-09-04T17:36:09.213678	0.00000000e+00	1	50	-5.66959000e-05	1.58109000e-04	-1.75136000e+00	-1.56255000e-04
2.00247171e+02	2026-09-04T17:36:09.223792	0.00000000e+00	1	50	-6.21796000e-05	1.69394000e-04	-1.80136000e+00	-1.67024000e-04
2.00254594e+02	2026-09-04T17:36:09.223792	0.00000000e+00	1	50	-6.63996000e-05	1.82772000e-04	-1.85143000e+00	-1.82343000e-04
2.00275207e+02	2026-09-04T17:36:09.253162	0.00000000e+00	1	50	-6.34432000e-05	1.96661000e-04	-1.90144000e+00	-1.98787000e-04
2.00283072e+02	2026-09-04T17:36:09.253675	0.00000000e+00	1	50	-6.17266000e-05	2.17880000e-04	-1.95148000e+00	-2.18050000e-04
2.00306372e+02	2026-09-04T17:36:09.283555	0.00000000e+00	1	50	-6.59466000e-05	2.37544000e-04	-2.00151000e+00	-2.39921000e-04
2.00317511e+02	2026-09-04T17:36:09.293809	0.00000000e+00	1	50	-6.68526000e-05	2.70034000e-04	-2.05174000e+00	-2.71660000e-04
2.00337287e+02	2026-09-04T17:36:09.315021	0.00000000e+00	1	50	-6.06537000e-05	3.09116000e-04	-2.10156000e+00	-3.09029000e-04
2.00345287e+02	2026-09-04T17:36:09.315021	0.00000000e+00	1	50	-6.54221000e-05	3.48206000e-04	-2.15202000e+00	-3.49223000e-04
2.00352763e+02	2026-09-04T17:36:09.330944	0.00000000e+00	1	50	-6.92844000e-05	4.18466000e-04	-2.20186000e+00	-4.26595000e-04
2.00377690e+02	2026-09-04T17:36:09.353616	0.00000000e+00	1	50	-6.94513000e-05	4.30555000e-04	-2.20176000e+00	-4.27047000e-04
2.00390123e+02	2026-09-04T17:36:09.363622	0.00000000e+00	1	50	-6.05583000e-05	3.72584000e-04	-2.15176000e+00	-3.68594000e-04
2.00400006e+02	2026-09-04T17:36:09.373650	0.00000000e+00	1	50	-6.11782000e-05	3.17403000e-04	-2.10151000e+00	-3.16438000e-04
2.00426323e+02	2026-09-04T17:36:09.404134	0.00000000e+00	1	50	-6.24418000e-05	2.81090000e-04	-2.05174000e+00	-2.80612000e-04
2.00437218e+02	2026-09-04T17:36:09.413758	0.00000000e+00	1	50	-6.45161000e-05	2.49757000e-04	-2.00150000e+00	-2.49095000e-04
2.00464498e+02	2026-09-04T17:36:09.441703	0.00000000e+00	1	50	-6.36101000e-05	2.25324000e-04	-1.95151000e+00	-2.25429000e-04
2.00473312e+02	2026-09-04T17:36:09.443708	0.00000000e+00	1	50	-7.13587000e-05	2.04498000e-04	-1.90146000e+00	-2.05154000e-04
2.00492240e+02	2026-09-04T17:36:09.463996	0.00000000e+00	1	50	-6.54936000e-05	1.86279000e-04	-1.85141000e+00	-1.86470000e-04
2.00508796e+02	2026-09-04T17:36:09.483584	0.00000000e+00	1	50	-6.02961000e-05	1.67920000e-04	-1.80138000e+00	-1.67856000e-04
2.00535456e+02	2026-09-04T17:36:09.506069	0.00000000e+00	1	50	-5.89371000e-05	1.52751000e-04	-1.75133000e+00	-1.51349000e-04
2.00549832e+02	2026-09-04T17:36:09.523552	0.00000000e+00	1	50	-6.19888000e-05	1.38184000e-04	-1.70131000e+00	-1.38279000e-04
2.00557460e+02	2026-09-04T17:36:09.533611	0.00000000e+00	1	50	-5.89371000e-05	1.28368000e-04	-1.65128000e+00	-1.28020000e-04
2.00620235e+02	2026-09-04T17:36:09.594014	0.00000000e+00	1	50	-5.79596000e-05	1.15024000e-04	-1.60122000e+00	-1.15520000e-04
2.00643953e+02	2026-09-04T17:36:09.617175	0.00000000e+00	1	50	-5.99384000e-05	1.05528000e-04	-1.55121000e+00	-1.05870000e-04
2.00651479e+02	2026-09-04T17:36:09.627107	0.00000000e+00	1	50	-6.30856000e-05	9.53345000e-05	-1.50118000e+00	-9.47758000e-05
2.00664429e+02	2026-09-04T17:36:09.633526	0.00000000e+00	1	50	-6.96421000e-05	8.77534000e-05	-1.45114000e+00	-8.74072000e-05
2.00685589e+02	2026-09-04T17:36:09.663647	0.00000000e+00	1	50	-5.97477000e-05	7.88066000e-05	-1.40109000e+00	-7.83081000e-05
2.00741473e+02	2026-09-04T17:36:09.713994	0.00000000e+00	1	50	-6.20842000e-05	7.15355000e-05	-1.35110000e+00	-7.14890000e-05
2.00749188e+02	2026-09-04T17:36:09.727236	0.00000000e+00	1	50	-6.31571000e-05	6.39880000e-05	-1.30102000e+00	-6.41723000e-05
2.00798201e+02	2026-09-04T17:36:09.774741	0.00000000e+00	1	50	-6.80208000e-05	5.71864000e-05	-1.25101000e+00	-5.72402000e-05
2.00829456e+02	2026-09-04T17:36:09.806815	0.00000000e+00	1	50	-5.94854000e-05	5.14523000e-05	-1.20094000e+00	-5.06406000e-05
2.00851102e+02	2026-09-04T17:36:09.823522	0.00000000e+00	1	50	-7.08103000e-05	4.58427000e-05	-1.15096000e+00	-4.54460000e-05
2.00858754e+02	2026-09-04T17:36:09.833612	0.00000000e+00	1	50	-6.39677000e-05	4.09344000e-05	-1.10089000e+00	-4.08678000e-05
2.00891557e+02	2026-09-04T17:36:09.869536	0.00000000e+00	1	50	-5.61476000e-05	3.54091000e-05	-1.05084000e+00	-3.54160000e-05
2.00924640e+02	2026-09-04T17:36:09.901726	0.00000000e+00	1	50	-5.97477000e-05	3.09983000e-05	-1.00080000e+00	-3.11041000e-05
2.00932736e+02	2026-09-04T17:36:09.903736	0.00000000e+00	1	50	-6.49691000e-05	2.72086000e-05	-9.50759000e-01	-2.71788000e-05
2.00956242e+02	2026-09-04T17:36:09.933581	0.00000000e+00	1	50	-6.46114000e-05	2.32469000e-05	-9.00717000e-01	-2.31590000e-05
2.00981548e+02	2026-09-04T17:36:09.959741	0.00000000e+00	1	50	-6.60419000e-05	1.97848000e-05	-8.50670000e-01	-1.97701000e-05
2.00996236e+02	2026-09-04T17:36:09.973554	0.00000000e+00	1	50	-5.55992000e-05	1.66366000e-05	-8.00665000e-01	-1.65661000e-05
2.01007330e+02	2026-09-04T17:36:09.983800	0.00000000e+00	1	50	-7.06196000e-05	1.42187000e-05	-7.50595000e-01	-1.43043000e-05
2.01038158e+02	2026-09-04T17:36:10.013790	0.00000000e+00	1	50	-6.82116000e-05	1.19992000e-05	-7.00566000e-01	-1.18923000e-05
2.01046071e+02	2026-09-04T17:36:10.023652	0.00000000e+00	1	50	-1.01566000e-04	1.00229000e-05	-6.50523000e-01	-1.01096000e-05
2.01058584e+02	2026-09-04T17:36:10.033737	0.00000000e+00	1	50	-6.36101000e-05	8.24141000e-06	-6.00497000e-01	-8.25209000e-06
2.01085020e+02	2026-09-04T17:36:10.062015	0.00000000e+00	1	50	-7.26938000e-05	6.91341000e-06	-5.50437000e-01	-6.86803000e-06
2.01092723e+02	2026-09-04T17:36:10.063532	0.00000000e+00	1	50	-6.94513000e-05	5.66741000e-06	-5.00406000e-01	-5.68043000e-06
2.01105431e+02	2026-09-04T17:36:10.079018	0.00000000e+00	1	50	-6.74009000e-05	4.65136000e-06	-4.50350000e-01	-4.63183000e-06
2.01129846e+02	2026-09-04T17:36:10.103868	0.00000000e+00	1	50	-6.56843000e-05	3.69477000e-06	-4.00331000e-01	-3.72918000e-06
2.01152463e+02	2026-09-04T17:36:10.124864	0.00000000e+00	1	50	-6.78301000e-05	2.90292000e-06	-3.50284000e-01	-2.88286000e-06
2.01160746e+02	2026-09-04T17:36:10.133623	0.00000000e+00	1	50	-6.81162000e-05	2.20312000e-06	-3.00259000e-01	-2.16662000e-06
2.01183951e+02	2026-09-04T17:36:10.156361	0.00000000e+00	1	50	-6.78301000e-05	1.57037000e-06	-2.50189000e-01	-1.61945000e-06
2.01217367e+02	2026-09-04T17:36:10.193787	0.00000000e+00	1	50	-6.49691000e-05	1.09831000e-06	-2.00061000e-01	-1.12871000e-06
2.01242148e+02	2026-09-04T17:36:10.219783	0.00000000e+00	1	50	-6.91891000e-05	8.17052000e-07	-1.50028000e-01	-8.41127000e-07
2.01255060e+02	2026-09-04T17:36:10.223710	0.00000000e+00	1	50	-6.20842000e-05	4.64301000e-07	-9.99836000e-02	-4.69804000e-07
2.01273496e+02	2026-09-04T17:36:10.251408	0.00000000e+00	1	50	-6.76632000e-05	2.23254000e-07	-4.99431000e-02	-2.25852000e-07
2.01337471e+02	2026-09-04T17:36:10.315066	0.00000000e+00	1	50	-6.09159000e-05	-2.67029000e-10	4.01020000e-05	6.21688000e-10