# Device 8_81, 50 consecutive DC cycles, CC = 0.5 mA (SMU limit 530 uA), TE biased, BE grounded
cycle	sweep	V_TE_V	I_TE_A
1	SET	1.401900e-05	4.381020e-08
1	SET	5.003230e-02	3.694470e-05
1	SET	1.001130e-01	7.853610e-05
1	SET	1.501500e-01	1.291230e-04
1	SET	2.001830e-01	1.906090e-04
1	SET	2.501040e-01	2.631020e-04
1	SET	3.001090e-01	3.396380e-04
1	SET	3.501470e-01	4.142770e-04
1	SET	4.002100e-01	5.005970e-04
1	SET	4.502640e-01	5.301530e-04
1	SET	5.002640e-01	5.301470e-04
1	SET	5.503450e-01	5.301480e-04
1	SET	6.003370e-01	5.301480e-04
1	SET	6.504380e-01	5.301480e-04
1	SET	7.004340e-01	5.301450e-04
1	SET	7.504870e-01	5.301480e-04
1	SET	8.005280e-01	5.301430e-04
1	SET	8.505840e-01	5.301450e-04
1	SET	9.005870e-01	5.301440e-04
1	SET	9.506410e-01	5.301470e-04
1	SET	1.000670e+00	5.301450e-04
1	SET	1.050730e+00	5.301410e-04
1	SET	1.100730e+00	5.301450e-04
1	SET	1.150790e+00	5.301440e-04
1	SET	1.200800e+00	5.301410e-04
1	SET	1.250880e+00	5.301440e-04
1	SET	1.300910e+00	5.301400e-04
1	SET	1.350950e+00	5.301400e-04
1	SET	1.400970e+00	5.301370e-04
1	SET	1.451010e+00	5.301410e-04
1	SET	1.501010e+00	5.301470e-04
1	SET	1.551080e+00	5.301440e-04
1	SET	1.601100e+00	5.301450e-04
1	SET	1.651150e+00	5.301480e-04
1	SET	1.701150e+00	5.301440e-04
1	SET	1.751220e+00	5.301460e-04
1	SET	1.801250e+00	5.301410e-04
1	SET	1.851270e+00	5.301460e-04
1	SET	1.901290e+00	5.301420e-04
1	SET	1.951330e+00	5.301480e-04
1	SET	2.001370e+00	5.301480e-04
1	SET	2.050760e+00	5.301430e-04
1	SET	2.100700e+00	5.301490e-04
1	SET	2.150850e+00	5.301430e-04
1	SET	2.201100e+00	5.301480e-04
1	SET	2.250780e+00	5.301510e-04
1	SET	2.300870e+00	5.301470e-04
1	SET	2.351160e+00	5.301500e-04
1	SET	2.400830e+00	5.301560e-04
1	SET	2.450950e+00	5.301510e-04
1	SET	2.501110e+00	5.301470e-04
1	SET	2.551210e+00	5.301470e-04
1	SET	2.601140e+00	5.301470e-04
1	SET	2.651130e+00	5.301450e-04
1	SET	2.701380e+00	5.301470e-04
1	SET	2.751230e+00	5.301520e-04
1	SET	2.801160e+00	5.301530e-04
1	SET	2.851410e+00	5.301590e-04
1	SET	2.901540e+00	5.301510e-04
1	SET	2.951620e+00	5.301500e-04
1	SET	3.001330e+00	5.301550e-04
1	SET	3.001490e+00	5.301510e-04
1	SET	2.951650e+00	5.301550e-04
1	SET	2.901630e+00	5.301550e-04
1	SET	2.851380e+00	5.301530e-04
1	SET	2.801320e+00	5.301510e-04
1	SET	2.751460e+00	5.301540e-04
1	SET	2.701480e+00	5.301570e-04
1	SET	2.651130e+00	5.301480e-04
1	SET	2.601220e+00	5.301510e-04
1	SET	2.551230e+00	5.301510e-04
1	SET	2.501220e+00	5.301470e-04
1	SET	2.450880e+00	5.301470e-04
1	SET	2.400910e+00	5.301470e-04
1	SET	2.351280e+00	5.301520e-04
1	SET	2.300890e+00	5.301440e-04
1	SET	2.250840e+00	5.301470e-04
1	SET	2.201080e+00	5.301520e-04
1	SET	2.150870e+00	5.301480e-04
1	SET	2.100680e+00	5.301450e-04
1	SET	2.050970e+00	5.301520e-04
1	SET	2.001380e+00	5.301450e-04
1	SET	1.951360e+00	5.301470e-04
1	SET	1.901300e+00	5.301450e-04
1	SET	1.851270e+00	5.301490e-04
1	SET	1.801240e+00	5.301460e-04
1	SET	1.751220e+00	5.301470e-04
1	SET	1.701150e+00	5.301500e-04
1	SET	1.651150e+00	5.301480e-04
1	SET	1.601110e+00	5.301440e-04
1	SET	1.551060e+00	5.301540e-04
1	SET	1.501020e+00	5.301450e-04
1	SET	1.451020e+00	5.301440e-04
1	SET	1.400980e+00	5.301510e-04
1	SET	1.350950e+00	5.301520e-04
1	SET	1.300910e+00	5.301410e-04
1	SET	1.250870e+00	5.301460e-04
1	SET	1.200810e+00	5.301510e-04
1	SET	1.150800e+00	5.301520e-04
1	SET	1.100730e+00	5.301520e-04
1	SET	1.050740e+00	5.301490e-04
1	SET	1.000690e+00	5.301500e-04
1	SET	9.506340e-01	5.301470e-04
1	SET	9.005910e-01	5.301520e-04
1	SET	8.505740e-01	5.301520e-04
1	SET	8.005280e-01	5.301510e-04
1	SET	7.504910e-01	5.301480e-04
1	SET	7.004260e-01	5.301570e-04
1	SET	6.504080e-01	5.301600e-04
1	SET	6.003350e-01	5.301540e-04
1	SET	5.503210e-01	5.301570e-04
1	SET	5.002780e-01	5.301580e-04
1	SET	4.502470e-01	5.301590e-04
1	SET	4.001940e-01	5.071300e-04
1	SET	3.501630e-01	4.181970e-04
1	SET	3.001280e-01	3.351980e-04
1	SET	2.501030e-01	2.683160e-04
1	SET	2.001840e-01	1.952790e-04
1	SET	1.501520e-01	1.329800e-04
1	SET	1.001160e-01	8.162240e-05
1	SET	5.007100e-02	3.834230e-05
1	SET	4.570480e-05	1.102840e-07
1	RESET	3.247260e-05	1.113820e-07
1	RESET	-4.990180e-02	-3.787020e-05
1	RESET	-9.999250e-02	-8.051460e-05
1	RESET	-1.500390e-01	-1.310810e-04
1	RESET	-2.000710e-01	-1.925270e-04
1	RESET	-2.502030e-01	-2.602910e-04
1	RESET	-3.002700e-01	-3.029790e-04
1	RESET	-3.502920e-01	-3.577680e-04
1	RESET	-4.003780e-01	-4.429610e-04
1	RESET	-4.503550e-01	-4.863350e-04
1	RESET	-5.004330e-01	-1.194820e-04
1	RESET	-5.504650e-01	-8.557910e-05
1	RESET	-6.005030e-01	-9.559460e-05
1	RESET	-6.505190e-01	-9.327700e-05
1	RESET	-7.006060e-01	-1.037010e-04
1	RESET	-7.506230e-01	-1.142730e-04
1	RESET	-8.006810e-01	-1.285360e-04
1	RESET	-8.506960e-01	-1.514750e-04
1	RESET	-9.007480e-01	-1.786810e-04
1	RESET	-9.507820e-01	-2.248590e-04
1	RESET	-1.000820e+00	-2.011920e-04
1	RESET	-1.050860e+00	-1.633600e-04
1	RESET	-1.100900e+00	-1.548290e-04
1	RESET	-1.150960e+00	-1.449040e-04
1	RESET	-1.200980e+00	-1.406690e-04
1	RESET	-1.251020e+00	-1.524060e-04
1	RESET	-1.301060e+00	-1.426080e-04
1	RESET	-1.351110e+00	-1.282330e-04
1	RESET	-1.401110e+00	-1.265090e-04
1	RESET	-1.451160e+00	-1.400520e-04
1	RESET	-1.501190e+00	-1.505500e-04
1	RESET	-1.551240e+00	-1.620170e-04
1	RESET	-1.601260e+00	-1.514150e-04
1	RESET	-1.651310e+00	-1.694450e-04
1	RESET	-1.701350e+00	-1.749030e-04
1	RESET	-1.751370e+00	-2.000870e-04
1	RESET	-1.801390e+00	-2.059990e-04
1	RESET	-1.851440e+00	-2.102490e-04
1	RESET	-1.901470e+00	-2.312150e-04
1	RESET	-1.951530e+00	-2.538790e-04
1	RESET	-2.001530e+00	-2.515050e-04
1	RESET	-2.051660e+00	-2.853460e-04
1	RESET	-2.101760e+00	-3.378690e-04
1	RESET	-2.151890e+00	-3.434050e-04
1	RESET	-2.201910e+00	-3.795490e-04
1	RESET	-2.201920e+00	-3.665030e-04
1	RESET	-2.151960e+00	-3.159510e-04
1	RESET	-2.101640e+00	-2.766130e-04
1	RESET	-2.051890e+00	-2.533400e-04
1	RESET	-2.001520e+00	-2.287460e-04
1	RESET	-1.951480e+00	-2.090570e-04
1	RESET	-1.901470e+00	-1.929220e-04
1	RESET	-1.851470e+00	-1.735120e-04
1	RESET	-1.801380e+00	-1.586660e-04
1	RESET	-1.751360e+00	-1.432560e-04
1	RESET	-1.701310e+00	-1.312600e-04
1	RESET	-1.651340e+00	-1.177350e-04
1	RESET	-1.601280e+00	-1.077930e-04
1	RESET	-1.551240e+00	-9.799080e-05
1	RESET	-1.501180e+00	-8.827580e-05
1	RESET	-1.451150e+00	-8.025420e-05
1	RESET	-1.401140e+00	-7.224230e-05
1	RESET	-1.351120e+00	-6.398590e-05
1	RESET	-1.301050e+00	-5.744970e-05
1	RESET	-1.251050e+00	-5.163090e-05
1	RESET	-1.200970e+00	-4.593570e-05
1	RESET	-1.150970e+00	-4.019230e-05
1	RESET	-1.100900e+00	-3.531620e-05
1	RESET	-1.050850e+00	-3.064790e-05
1	RESET	-1.000820e+00	-2.664400e-05
1	RESET	-9.507890e-01	-2.274760e-05
1	RESET	-9.007560e-01	-1.915800e-05
1	RESET	-8.506820e-01	-1.574200e-05
1	RESET	-8.006790e-01	-1.290190e-05
1	RESET	-7.506430e-01	-1.043720e-05
1	RESET	-7.006060e-01	-8.222350e-06
1	RESET	-6.505370e-01	-6.481000e-06
1	RESET	-6.005120e-01	-4.907720e-06
1	RESET	-5.504480e-01	-3.700850e-06
1	RESET	-5.004260e-01	-2.886080e-06
1	RESET	-4.503630e-01	-2.244020e-06
1	RESET	-4.003680e-01	-1.597440e-06
1	RESET	-3.503120e-01	-1.214900e-06
1	RESET	-3.002620e-01	-8.459760e-07
1	RESET	-2.502080e-01	-5.527910e-07
1	RESET	-2.000710e-01	-3.510730e-07
1	RESET	-1.500400e-01	-1.981180e-07
1	RESET	-9.999590e-02	-1.352110e-07
1	RESET	-4.996340e-02	-4.880810e-08
1	RESET	3.247260e-05	-1.746380e-09
2	SET	3.039840e-05	-9.927750e-11
2	SET	5.005430e-02	2.207140e-08
2	SET	1.001030e-01	7.874630e-08
2	SET	1.501320e-01	1.500500e-07
2	SET	2.001840e-01	1.877990e-07
2	SET	2.501110e-01	2.516730e-07
2	SET	3.001250e-01	3.220300e-07
2	SET	3.501570e-01	3.953170e-07
2	SET	4.001870e-01	4.767790e-07
2	SET	4.502650e-01	1.060840e-06
2	SET	5.002710e-01	1.049720e-06
2	SET	5.503010e-01	1.314010e-06
2	SET	6.003380e-01	1.519770e-06
2	SET	6.504280e-01	1.687350e-06
2	SET	7.004220e-01	1.950370e-06
2	SET	7.504860e-01	2.329380e-06
2	SET	8.005220e-01	3.059910e-06
2	SET	8.505700e-01	3.912770e-06
2	SET	9.005870e-01	4.270910e-06
2	SET	9.506540e-01	4.943450e-06
2	SET	1.000680e+00	6.319870e-06
2	SET	1.050710e+00	6.952440e-06
2	SET	1.100740e+00	3.972480e-04
2	SET	1.150810e+00	4.392520e-04
2	SET	1.200820e+00	4.401500e-04
2	SET	1.250880e+00	4.745720e-04
2	SET	1.300880e+00	4.889710e-04
2	SET	1.350940e+00	5.301510e-04
2	SET	1.400950e+00	5.301420e-04
2	SET	1.451000e+00	5.301420e-04
2	SET	1.501000e+00	5.301440e-04
2	SET	1.551100e+00	5.301470e-04
2	SET	1.601090e+00	5.301490e-04
2	SET	1.651130e+00	5.301460e-04
2	SET	1.701150e+00	5.301430e-04
2	SET	1.751210e+00	5.301480e-04
2	SET	1.801210e+00	5.301470e-04
2	SET	1.851270e+00	5.301480e-04
2	SET	1.901290e+00	5.301450e-04
2	SET	1.951330e+00	5.301470e-04
2	SET	2.001360e+00	5.301460e-04
2	SET	2.050740e+00	5.301490e-04
2	SET	2.100540e+00	5.301470e-04
2	SET	2.150980e+00	5.301490e-04
2	SET	2.201120e+00	5.301500e-04
2	SET	2.251010e+00	5.301490e-04
2	SET	2.300880e+00	5.301480e-04
2	SET	2.351000e+00	5.301510e-04
2	SET	2.400930e+00	5.301510e-04
2	SET	2.450980e+00	5.301480e-04
2	SET	2.501130e+00	5.301480e-04
2	SET	2.551250e+00	5.301490e-04
2	SET	2.601060e+00	5.301470e-04
2	SET	2.651170e+00	5.301480e-04
2	SET	2.701290e+00	5.301520e-04
2	SET	2.751310e+00	5.301610e-04
2	SET	2.801340e+00	5.301510e-04
2	SET	2.851480e+00	5.301490e-04
2	SET	2.901660e+00	5.301490e-04
2	SET	2.951330e+00	5.301490e-04
2	SET	3.001470e+00	5.301510e-04
2	SET	3.001550e+00	5.301480e-04
2	SET	2.951350e+00	5.301560e-04
2	SET	2.901600e+00	5.301470e-04
2	SET	2.851680e+00	5.301530e-04
2	SET	2.801290e+00	5.301520e-04
2	SET	2.751160e+00	5.301530e-04
2	SET	2.701480e+00	5.301540e-04
2	SET	2.651160e+00	5.301470e-04
2	SET	2.601130e+00	5.301480e-04
2	SET	2.551460e+00	5.301460e-04
2	SET	2.501310e+00	5.301520e-04
2	SET	2.450790e+00	5.301480e-04
2	SET	2.401010e+00	5.301480e-04
2	SET	2.350980e+00	5.301490e-04
2	SET	2.300870e+00	5.301420e-04
2	SET	2.250950e+00	5.301430e-04
2	SET	2.201130e+00	5.301460e-04
2	SET	2.150920e+00	5.301530e-04
2	SET	2.100420e+00	5.301510e-04
2	SET	2.050750e+00	5.301530e-04
2	SET	2.001370e+00	5.301520e-04
2	SET	1.951370e+00	5.301470e-04
2	SET	1.901300e+00	5.301530e-04
2	SET	1.851270e+00	5.301440e-04
2	SET	1.801250e+00	5.301410e-04
2	SET	1.751220e+00	5.301470e-04
2	SET	1.701160e+00	5.301450e-04
2	SET	1.651120e+00	5.301500e-04
2	SET	1.601080e+00	5.301460e-04
2	SET	1.551080e+00	5.301450e-04
2	SET	1.501020e+00	5.301450e-04
2	SET	1.451030e+00	5.301490e-04
2	SET	1.400960e+00	5.301440e-04
2	SET	1.350950e+00	5.301500e-04
2	SET	1.300940e+00	5.301450e-04
2	SET	1.250870e+00	5.301500e-04
2	SET	1.200840e+00	5.301490e-04
2	SET	1.150790e+00	5.301520e-04
2	SET	1.100750e+00	5.301520e-04
2	SET	1.050730e+00	5.301490e-04
2	SET	1.000670e+00	5.301500e-04
2	SET	9.506700e-01	5.301510e-04
2	SET	9.005880e-01	5.301470e-04
2	SET	8.505850e-01	5.301510e-04
2	SET	8.004880e-01	5.301490e-04
2	SET	7.504980e-01	5.301520e-04
2	SET	7.004260e-01	5.301530e-04
2	SET	6.504170e-01	5.301510e-04
2	SET	6.003470e-01	5.301530e-04
2	SET	5.503370e-01	5.301580e-04
2	SET	5.002730e-01	4.572520e-04
2	SET	4.502550e-01	3.679290e-04
2	SET	4.002180e-01	2.833480e-04
2	SET	3.501810e-01	2.053460e-04
2	SET	3.001340e-01	1.399040e-04
2	SET	2.500890e-01	9.284460e-05
2	SET	2.001840e-01	6.072960e-05
2	SET	1.501490e-01	3.937620e-05
2	SET	1.001120e-01	2.383180e-05
2	SET	5.007520e-02	1.127680e-05
2	SET	3.247260e-05	2.978950e-08
2	RESET	3.049370e-05	3.060720e-08
2	RESET	-4.992010e-02	-1.141760e-05
2	RESET	-9.999260e-02	-2.476750e-05
2	RESET	-1.500380e-01	-4.181580e-05
2	RESET	-2.000690e-01	-6.568100e-05
2	RESET	-2.502080e-01	-1.000620e-04
2	RESET	-3.002520e-01	-1.488550e-04
2	RESET	-3.502970e-01	-2.066630e-04
2	RESET	-4.003370e-01	-2.532100e-04
2	RESET	-4.503740e-01	-3.519580e-04
2	RESET	-5.004390e-01	-3.341130e-04
2	RESET	-5.504610e-01	-7.452090e-05
2	RESET	-6.005230e-01	-8.219650e-05
2	RESET	-6.505330e-01	-7.383960e-05
2	RESET	-7.005650e-01	-8.842190e-05
2	RESET	-7.506080e-01	-8.993280e-05
2	RESET	-8.006730e-01	-9.876490e-05
2	RESET	-8.506930e-01	-1.107280e-04
2	RESET	-9.007570e-01	-1.296750e-04
2	RESET	-9.507660e-01	-1.506650e-04
2	RESET	-1.000810e+00	-2.117540e-04
2	RESET	-1.050840e+00	-1.418410e-04
2	RESET	-1.100910e+00	-1.400750e-04
2	RESET	-1.150970e+00	-1.420260e-04
2	RESET	-1.200990e+00	-1.028780e-04
2	RESET	-1.251010e+00	-1.133070e-04
2	RESET	-1.301040e+00	-1.064960e-04
2	RESET	-1.351110e+00	-1.190410e-04
2	RESET	-1.401110e+00	-1.134950e-04
2	RESET	-1.451160e+00	-1.193880e-04
2	RESET	-1.501180e+00	-1.214240e-04
2	RESET	-1.551250e+00	-1.354040e-04
2	RESET	-1.601250e+00	-1.383160e-04
2	RESET	-1.651300e+00	-1.361640e-04
2	RESET	-1.701330e+00	-1.541430e-04
2	RESET	-1.751360e+00	-1.602010e-04
2	RESET	-1.801380e+00	-1.761320e-04
2	RESET	-1.851430e+00	-1.976520e-04
2	RESET	-1.901440e+00	-2.263870e-04
2	RESET	-1.951500e+00	-2.401680e-04
2	RESET	-2.001520e+00	-2.475490e-04
2	RESET	-2.051810e+00	-2.848560e-04
2	RESET	-2.101730e+00	-2.926940e-04
2	RESET	-2.152050e+00	-3.227480e-04
2	RESET	-2.201910e+00	-3.813990e-04
2	RESET	-2.201880e+00	-3.602380e-04
2	RESET	-2.151940e+00	-3.097330e-04
2	RESET	-2.101670e+00	-2.833520e-04
2	RESET	-2.051780e+00	-2.522140e-04
2	RESET	-2.001520e+00	-2.325050e-04
2	RESET	-1.951510e+00	-2.100350e-04
2	RESET	-1.901470e+00	-1.902250e-04
2	RESET	-1.851440e+00	-1.743000e-04
2	RESET	-1.801390e+00	-1.597520e-04
2	RESET	-1.751370e+00	-1.461480e-04
2	RESET	-1.701310e+00	-1.318760e-04
2	RESET	-1.651320e+00	-1.186590e-04
2	RESET	-1.601270e+00	-1.076620e-04
2	RESET	-1.551240e+00	-9.666920e-05
2	RESET	-1.501210e+00	-8.746280e-05
2	RESET	-1.451160e+00	-7.835900e-05
2	RESET	-1.401100e+00	-7.046970e-05
2	RESET	-1.351100e+00	-6.309240e-05
2	RESET	-1.301040e+00	-5.622540e-05
2	RESET	-1.251020e+00	-4.979680e-05
2	RESET	-1.200990e+00	-4.394070e-05
2	RESET	-1.150970e+00	-3.891160e-05
2	RESET	-1.100900e+00	-3.401580e-05
2	RESET	-1.050850e+00	-2.976150e-05
2	RESET	-1.000830e+00	-2.578760e-05
2	RESET	-9.507790e-01	-2.172470e-05
2	RESET	-9.007480e-01	-1.847360e-05
2	RESET	-8.506790e-01	-1.497780e-05
2	RESET	-8.006890e-01	-1.213080e-05
2	RESET	-7.506140e-01	-9.622400e-06
2	RESET	-7.005800e-01	-7.639810e-06
2	RESET	-6.505360e-01	-5.840520e-06
2	RESET	-6.005070e-01	-4.542610e-06
2	RESET	-5.504490e-01	-3.444530e-06
2	RESET	-5.004110e-01	-2.527990e-06
2	RESET	-4.503530e-01	-1.836640e-06
2	RESET	-4.003450e-01	-1.327380e-06
2	RESET	-3.502910e-01	-8.976150e-07
2	RESET	-3.002580e-01	-6.133000e-07
2	RESET	-2.502190e-01	-4.680670e-07
2	RESET	-2.000710e-01	-2.792070e-07
2	RESET	-1.500350e-01	-1.715600e-07
2	RESET	-9.998380e-02	-9.041750e-08
2	RESET	-4.995560e-02	-3.856220e-08
2	RESET	1.850130e-05	-1.446600e-08
3	SET	3.867150e-05	2.643590e-10
3	SET	5.005970e-02	1.995870e-08
3	SET	1.001080e-01	7.312040e-08
3	SET	1.501300e-01	9.077960e-08
3	SET	2.001700e-01	1.980820e-07
3	SET	2.500910e-01	2.865510e-07
3	SET	3.001160e-01	3.529860e-07
3	SET	3.501810e-01	4.591240e-07
3	SET	4.001820e-01	5.970080e-07
3	SET	4.502630e-01	7.494090e-07
3	SET	5.002930e-01	8.676700e-07
3	SET	5.503380e-01	1.011210e-06
3	SET	6.003670e-01	1.350130e-06
3	SET	6.504340e-01	1.657100e-06
3	SET	7.004470e-01	2.028290e-06
3	SET	7.505020e-01	2.633980e-06
3	SET	8.005170e-01	2.805460e-06
3	SET	8.504420e-01	4.805820e-06
3	SET	9.006010e-01	3.951060e-06
3	SET	9.506450e-01	5.346710e-06
3	SET	1.000680e+00	5.869450e-06
3	SET	1.050730e+00	6.589130e-06
3	SET	1.100740e+00	9.287070e-06
3	SET	1.150820e+00	9.756480e-06
3	SET	1.200840e+00	5.301470e-04
3	SET	1.250880e+00	5.301540e-04
3	SET	1.300880e+00	5.301480e-04
3	SET	1.350950e+00	5.301490e-04
3	SET	1.400970e+00	5.301480e-04
3	SET	1.451020e+00	5.301470e-04
3	SET	1.501030e+00	5.301500e-04
3	SET	1.551090e+00	5.301510e-04
3	SET	1.601100e+00	5.301510e-04
3	SET	1.651160e+00	5.301510e-04
3	SET	1.701160e+00	5.301430e-04
3	SET	1.751200e+00	5.301510e-04
3	SET	1.801240e+00	5.301520e-04
3	SET	1.851270e+00	5.301480e-04
3	SET	1.901290e+00	5.301440e-04
3	SET	1.951330e+00	5.301490e-04
3	SET	2.001380e+00	5.301520e-04
3	SET	2.050790e+00	5.301480e-04
3	SET	2.100730e+00	5.301560e-04
3	SET	2.150990e+00	5.301520e-04
3	SET	2.201060e+00	5.301560e-04
3	SET	2.251130e+00	5.301530e-04
3	SET	2.300760e+00	5.301520e-04
3	SET	2.351280e+00	5.301470e-04
3	SET	2.400930e+00	5.301520e-04
3	SET	2.451070e+00	5.301580e-04
3	SET	2.501130e+00	5.301530e-04
3	SET	2.551300e+00	5.301530e-04
3	SET	2.601160e+00	5.301530e-04
3	SET	2.651030e+00	5.301560e-04
3	SET	2.701430e+00	5.301570e-04
3	SET	2.751190e+00	5.301550e-04
3	SET	2.801240e+00	5.301480e-04
3	SET	2.851530e+00	5.301540e-04
3	SET	2.901610e+00	5.301520e-04
3	SET	2.951420e+00	5.301520e-04
3	SET	3.001410e+00	5.301490e-04
3	SET	3.001380e+00	5.301530e-04
3	SET	2.951510e+00	5.301490e-04
3	SET	2.901790e+00	5.301510e-04
3	SET	2.851370e+00	5.301600e-04
3	SET	2.801270e+00	5.301510e-04
3	SET	2.751140e+00	5.301510e-04
3	SET	2.701400e+00	5.301530e-04
3	SET	2.651050e+00	5.301540e-04
3	SET	2.601320e+00	5.301560e-04
3	SET	2.551270e+00	5.301570e-04
3	SET	2.501160e+00	5.301470e-04
3	SET	2.450790e+00	5.301480e-04
3	SET	2.401000e+00	5.301510e-04
3	SET	2.351120e+00	5.301520e-04
3	SET	2.300790e+00	5.301450e-04
3	SET	2.250910e+00	5.301510e-04
3	SET	2.201030e+00	5.301460e-04
3	SET	2.150810e+00	5.301450e-04
3	SET	2.100680e+00	5.301490e-04
3	SET	2.050850e+00	5.301490e-04
3	SET	2.001380e+00	5.301460e-04
3	SET	1.951330e+00	5.301480e-04
3	SET	1.901280e+00	5.301450e-04
3	SET	1.851280e+00	5.301440e-04
3	SET	1.801230e+00	5.301520e-04
3	SET	1.751210e+00	5.301400e-04
3	SET	1.701160e+00	5.301470e-04
3	SET	1.651120e+00	5.301450e-04
3	SET	1.601100e+00	5.301480e-04
3	SET	1.551050e+00	5.301480e-04
3	SET	1.501010e+00	5.301510e-04
3	SET	1.451020e+00	5.301480e-04
3	SET	1.400960e+00	5.301430e-04
3	SET	1.350940e+00	5.301490e-04
3	SET	1.300910e+00	5.301470e-04
3	SET	1.250880e+00	5.301470e-04
3	SET	1.200840e+00	5.301460e-04
3	SET	1.150780e+00	5.301450e-04
3	SET	1.100740e+00	5.301470e-04
3	SET	1.050720e+00	5.301490e-04
3	SET	1.000680e+00	5.301460e-04
3	SET	9.506400e-01	5.301460e-04
3	SET	9.005970e-01	5.301520e-04
3	SET	8.505820e-01	5.301500e-04
3	SET	8.005110e-01	5.301490e-04
3	SET	7.504680e-01	5.301520e-04
3	SET	7.004440e-01	5.301490e-04
3	SET	6.504120e-01	5.301470e-04
3	SET	6.003520e-01	5.301530e-04
3	SET	5.503410e-01	5.301510e-04
3	SET	5.002970e-01	5.301520e-04
3	SET	4.502720e-01	4.418460e-04
3	SET	4.001880e-01	3.482800e-04
3	SET	3.501490e-01	2.603130e-04
3	SET	3.001210e-01	1.787200e-04
3	SET	2.500960e-01	1.191620e-04
3	SET	2.001890e-01	6.915690e-05
3	SET	1.501540e-01	4.446660e-05
3	SET	1.001120e-01	2.671380e-05
3	SET	5.007510e-02	1.265240e-05
3	SET	3.480910e-05	3.026850e-08
3	RESET	2.284050e-05	2.147780e-08
3	RESET	-4.991480e-02	-1.281340e-05
3	RESET	-9.999630e-02	-2.773170e-05
3	RESET	-1.500370e-01	-4.681600e-05
3	RESET	-2.000730e-01	-7.305250e-05
3	RESET	-2.501970e-01	-1.263490e-04
3	RESET	-3.002480e-01	-1.901300e-04
3	RESET	-3.503030e-01	-2.121840e-04
3	RESET	-4.003740e-01	-2.626990e-04
3	RESET	-4.503770e-01	-2.882630e-04
3	RESET	-5.004290e-01	-1.422870e-04
3	RESET	-5.504750e-01	-1.478240e-04
3	RESET	-6.005190e-01	-1.077690e-04
3	RESET	-6.505240e-01	-8.587460e-05
3	RESET	-7.005880e-01	-9.676520e-05
3	RESET	-7.506040e-01	-1.093100e-04
3	RESET	-8.006850e-01	-1.218830e-04
3	RESET	-8.506820e-01	-1.389490e-04
3	RESET	-9.007580e-01	-1.711620e-04
3	RESET	-9.507760e-01	-2.018210e-04
3	RESET	-1.000830e+00	-1.281470e-04
3	RESET	-1.050840e+00	-1.336140e-04
3	RESET	-1.100890e+00	-1.023790e-04
3	RESET	-1.150970e+00	-9.591990e-05
3	RESET	-1.200970e+00	-9.951660e-05
3	RESET	-1.251020e+00	-9.058820e-05
3	RESET	-1.301050e+00	-9.729150e-05
3	RESET	-1.351110e+00	-1.015820e-04
3	RESET	-1.401110e+00	-1.017490e-04
3	RESET	-1.451160e+00	-9.872010e-05
3	RESET	-1.501190e+00	-1.025010e-04
3	RESET	-1.551250e+00	-1.031460e-04
3	RESET	-1.601240e+00	-1.099780e-04
3	RESET	-1.651300e+00	-1.249440e-04
3	RESET	-1.701310e+00	-1.313340e-04
3	RESET	-1.751360e+00	-1.489300e-04
3	RESET	-1.801370e+00	-1.640890e-04
3	RESET	-1.851450e+00	-1.739940e-04
3	RESET	-1.901490e+00	-1.789080e-04
3	RESET	-1.951530e+00	-2.021520e-04
3	RESET	-2.001510e+00	-2.277420e-04
3	RESET	-2.051630e+00	-2.478500e-04
3	RESET	-2.101780e+00	-2.860390e-04
3	RESET	-2.152200e+00	-3.073070e-04
3	RESET	-2.201780e+00	-3.433230e-04
3	RESET	-2.201990e+00	-3.463020e-04
3	RESET	-2.151980e+00	-2.990900e-04
3	RESET	-2.101690e+00	-2.736510e-04
3	RESET	-2.051750e+00	-2.496170e-04
3	RESET	-2.001540e+00	-2.282030e-04
3	RESET	-1.951500e+00	-2.043910e-04
3	RESET	-1.901460e+00	-1.839930e-04
3	RESET	-1.851430e+00	-1.669600e-04
3	RESET	-1.801370e+00	-1.499140e-04
3	RESET	-1.751370e+00	-1.370250e-04
3	RESET	-1.701350e+00	-1.245310e-04
3	RESET	-1.651300e+00	-1.142840e-04
3	RESET	-1.601250e+00	-1.045260e-04
3	RESET	-1.551250e+00	-9.471060e-05
3	RESET	-1.501180e+00	-8.498210e-05
3	RESET	-1.451180e+00	-7.738680e-05
3	RESET	-1.401110e+00	-7.017690e-05
3	RESET	-1.351100e+00	-6.258160e-05
3	RESET	-1.301060e+00	-5.632490e-05
3	RESET	-1.251020e+00	-5.000110e-05
3	RESET	-1.200980e+00	-4.446050e-05
3	RESET	-1.150960e+00	-3.843820e-05
3	RESET	-1.100890e+00	-3.380400e-05
3	RESET	-1.050830e+00	-2.921580e-05
3	RESET	-1.000830e+00	-2.503220e-05
3	RESET	-9.507750e-01	-2.138220e-05
3	RESET	-9.007470e-01	-1.776310e-05
3	RESET	-8.506820e-01	-1.507990e-05
3	RESET	-8.006710e-01	-1.237970e-05
3	RESET	-7.506340e-01	-9.733800e-06
3	RESET	-7.005980e-01	-7.998160e-06
3	RESET	-6.505100e-01	-6.409960e-06
3	RESET	-6.005250e-01	-4.812270e-06
3	RESET	-5.504610e-01	-3.957050e-06
3	RESET	-5.004130e-01	-3.141540e-06
3	RESET	-4.503830e-01	-2.320860e-06
3	RESET	-4.003600e-01	-1.436510e-06
3	RESET	-3.502900e-01	-8.569830e-07
3	RESET	-3.002410e-01	-6.185700e-07
3	RESET	-2.501880e-01	-3.603270e-07
3	RESET	-2.000710e-01	-2.291530e-07
3	RESET	-1.500400e-01	-1.146480e-07
3	RESET	-9.998360e-02	-7.910280e-08
3	RESET	-4.995180e-02	-3.802980e-08
3	RESET	2.913480e-05	-1.583580e-08
4	SET	3.776550e-05	9.534360e-11
4	SET	5.006310e-02	1.719720e-08
4	SET	1.001180e-01	6.286520e-08
4	SET	1.501430e-01	9.753820e-08
4	SET	2.001770e-01	2.171180e-07
4	SET	2.500970e-01	2.808800e-07
4	SET	3.001280e-01	3.934910e-07
4	SET	3.501680e-01	4.813450e-07
4	SET	4.002070e-01	6.368690e-07
4	SET	4.502620e-01	8.114910e-07
4	SET	5.002470e-01	9.381990e-07
4	SET	5.503210e-01	1.169520e-06
4	SET	6.003280e-01	6.523890e-06
4	SET	6.504310e-01	7.576350e-06
4	SET	7.004170e-01	8.698750e-06
4	SET	7.504820e-01	2.884570e-04
4	SET	8.005240e-01	3.225760e-04
4	SET	8.506000e-01	3.571430e-04
4	SET	9.005790e-01	5.301520e-04
4	SET	9.506420e-01	5.301540e-04
4	SET	1.000670e+00	5.301490e-04
4	SET	1.050730e+00	5.301490e-04
4	SET	1.100770e+00	5.301410e-04
4	SET	1.150820e+00	5.301510e-04
4	SET	1.200840e+00	5.301490e-04
4	SET	1.250880e+00	5.301460e-04
4	SET	1.300880e+00	5.301460e-04
4	SET	1.350950e+00	5.301480e-04
4	SET	1.400970e+00	5.301490e-04
4	SET	1.451020e+00	5.301440e-04
4	SET	1.501030e+00	5.301440e-04
4	SET	1.551070e+00	5.301520e-04
4	SET	1.601100e+00	5.301460e-04
4	SET	1.651160e+00	5.301510e-04
4	SET	1.701160e+00	5.301470e-04
4	SET	1.751200e+00	5.301540e-04
4	SET	1.801250e+00	5.301450e-04
4	SET	1.851280e+00	5.301460e-04
4	SET	1.901310e+00	5.301490e-04
4	SET	1.951340e+00	5.301520e-04
4	SET	2.001370e+00	5.301460e-04
4	SET	2.050850e+00	5.301480e-04
4	SET	2.100790e+00	5.301540e-04
4	SET	2.150990e+00	5.301560e-04
4	SET	2.201120e+00	5.301500e-04
4	SET	2.250840e+00	5.301510e-04
4	SET	2.301000e+00	5.301430e-04
4	SET	2.351230e+00	5.301510e-04
4	SET	2.401000e+00	5.301520e-04
4	SET	2.450970e+00	5.301520e-04
4	SET	2.501310e+00	5.301590e-04
4	SET	2.551350e+00	5.301490e-04
4	SET	2.601170e+00	5.301480e-04
4	SET	2.651150e+00	5.301510e-04
4	SET	2.701530e+00	5.301450e-04
4	SET	2.751360e+00	5.301490e-04
4	SET	2.801280e+00	5.301490e-04
4	SET	2.851480e+00	5.301510e-04
4	SET	2.901540e+00	5.301570e-04
4	SET	2.951510e+00	5.301520e-04
4	SET	3.001550e+00	5.301490e-04
4	SET	3.001460e+00	5.301540e-04
4	SET	2.951460e+00	5.302000e-04
4	SET	2.901650e+00	5.301500e-04
4	SET	2.851580e+00	5.301530e-04
4	SET	2.801320e+00	5.301510e-04
4	SET	2.751210e+00	5.301550e-04
4	SET	2.701540e+00	5.301510e-04
4	SET	2.651260e+00	5.301500e-04
4	SET	2.601370e+00	5.301430e-04
4	SET	2.551350e+00	5.301520e-04
4	SET	2.501310e+00	5.301530e-04
4	SET	2.450820e+00	5.301480e-04
4	SET	2.401030e+00	5.301510e-04
4	SET	2.351080e+00	5.301510e-04
4	SET	2.300780e+00	5.301480e-04
4	SET	2.250860e+00	5.301520e-04
4	SET	2.201050e+00	5.301470e-04
4	SET	2.150990e+00	5.301440e-04
4	SET	2.100750e+00	5.301480e-04
4	SET	2.050810e+00	5.301470e-04
4	SET	2.001370e+00	5.301510e-04
4	SET	1.951360e+00	5.301540e-04
4	SET	1.901280e+00	5.301480e-04
4	SET	1.851290e+00	5.301490e-04
4	SET	1.801220e+00	5.301500e-04
4	SET	1.751210e+00	5.301530e-04
4	SET	1.701150e+00	5.301560e-04
4	SET	1.651150e+00	5.301420e-04
4	SET	1.601100e+00	5.301370e-04
4	SET	1.551060e+00	5.301470e-04
4	SET	1.501030e+00	5.301440e-04
4	SET	1.451010e+00	5.301460e-04
4	SET	1.400960e+00	5.301430e-04
4	SET	1.350970e+00	5.301510e-04
4	SET	1.300880e+00	5.301490e-04
4	SET	1.250890e+00	5.301560e-04
4	SET	1.200840e+00	5.301520e-04
4	SET	1.150800e+00	5.301570e-04
4	SET	1.100750e+00	5.301490e-04
4	SET	1.050740e+00	5.301540e-04
4	SET	1.000700e+00	5.301500e-04
4	SET	9.506410e-01	5.301510e-04
4	SET	9.006070e-01	5.301560e-04
4	SET	8.506010e-01	5.301530e-04
4	SET	8.005280e-01	5.301520e-04
4	SET	7.505210e-01	4.712570e-04
4	SET	7.004420e-01	3.896160e-04
4	SET	6.504390e-01	3.112940e-04
4	SET	6.003650e-01	2.383830e-04
4	SET	5.503230e-01	1.762770e-04
4	SET	5.002820e-01	1.297810e-04
4	SET	4.502710e-01	9.551850e-05
4	SET	4.001930e-01	7.289940e-05
4	SET	3.501620e-01	5.631000e-05
4	SET	3.001290e-01	4.352100e-05
4	SET	2.501160e-01	3.339000e-05
4	SET	2.001910e-01	2.488150e-05
4	SET	1.501610e-01	1.771710e-05
4	SET	1.001290e-01	1.140600e-05
4	SET	5.009250e-02	5.609240e-06
4	SET	4.489420e-05	1.565870e-08
4	RESET	4.363060e-05	1.667540e-08
4	RESET	-4.994840e-02	-5.695920e-06
4	RESET	-9.995220e-02	-1.187980e-05
4	RESET	-1.500360e-01	-1.897870e-05
4	RESET	-2.000720e-01	-2.725270e-05
4	RESET	-2.502110e-01	-3.724620e-05
4	RESET	-3.002650e-01	-4.969410e-05
4	RESET	-3.502710e-01	-3.969970e-04
4	RESET	-4.003880e-01	-6.458330e-04
4	RESET	-4.503680e-01	-3.986740e-04
4	RESET	-5.004180e-01	-3.480890e-04
4	RESET	-5.504670e-01	-3.597250e-04
4	RESET	-6.005100e-01	-3.529570e-04
4	RESET	-6.505180e-01	-3.822940e-04
4	RESET	-7.006030e-01	-4.833810e-04
4	RESET	-7.506120e-01	-2.221470e-04
4	RESET	-8.006650e-01	-1.752290e-04
4	RESET	-8.506720e-01	-1.540030e-04
4	RESET	-9.007590e-01	-1.394310e-04
4	RESET	-9.507790e-01	-1.271490e-04
4	RESET	-1.000820e+00	-1.305260e-04
4	RESET	-1.050830e+00	-1.065700e-04
4	RESET	-1.100900e+00	-1.150990e-04
4	RESET	-1.150980e+00	-1.170760e-04
4	RESET	-1.200990e+00	-9.682390e-05
4	RESET	-1.251020e+00	-1.015100e-04
4	RESET	-1.301050e+00	-1.057480e-04
4	RESET	-1.351100e+00	-1.113670e-04
4	RESET	-1.401120e+00	-1.175720e-04
4	RESET	-1.451140e+00	-1.168500e-04
4	RESET	-1.501190e+00	-1.170730e-04
4	RESET	-1.551250e+00	-1.250640e-04
4	RESET	-1.601250e+00	-1.031530e-04
4	RESET	-1.651300e+00	-1.152390e-04
4	RESET	-1.701310e+00	-1.286560e-04
4	RESET	-1.751360e+00	-1.367040e-04
4	RESET	-1.801370e+00	-1.512630e-04
4	RESET	-1.851440e+00	-1.675150e-04
4	RESET	-1.901460e+00	-1.831920e-04
4	RESET	-1.951490e+00	-2.029940e-04
4	RESET	-2.001540e+00	-2.261240e-04
4	RESET	-2.051680e+00	-2.442580e-04
4	RESET	-2.101640e+00	-2.764800e-04
4	RESET	-2.152100e+00	-3.083760e-04
4	RESET	-2.201970e+00	-3.750130e-04
4	RESET	-2.201950e+00	-3.617630e-04
4	RESET	-2.151910e+00	-3.121750e-04
4	RESET	-2.101600e+00	-2.807490e-04
4	RESET	-2.051700e+00	-2.527040e-04
4	RESET	-2.001510e+00	-2.270820e-04
4	RESET	-1.951510e+00	-2.077230e-04
4	RESET	-1.901470e+00	-1.863430e-04
4	RESET	-1.851430e+00	-1.700350e-04
4	RESET	-1.801390e+00	-1.568410e-04
4	RESET	-1.751360e+00	-1.417970e-04
4	RESET	-1.701310e+00	-1.288420e-04
4	RESET	-1.651320e+00	-1.174580e-04
4	RESET	-1.601250e+00	-1.064700e-04
4	RESET	-1.551250e+00	-9.677000e-05
4	RESET	-1.501190e+00	-8.723000e-05
4	RESET	-1.451150e+00	-7.901850e-05
4	RESET	-1.401100e+00	-7.110010e-05
4	RESET	-1.351110e+00	-6.374070e-05
4	RESET	-1.301060e+00	-5.720650e-05
4	RESET	-1.251040e+00	-5.140490e-05
4	RESET	-1.200970e+00	-4.532400e-05
4	RESET	-1.150950e+00	-4.015710e-05
4	RESET	-1.100900e+00	-3.473280e-05
4	RESET	-1.050860e+00	-2.996480e-05
4	RESET	-1.000820e+00	-2.618190e-05
4	RESET	-9.507880e-01	-2.267720e-05
4	RESET	-9.007270e-01	-1.892490e-05
4	RESET	-8.506950e-01	-1.605510e-05
4	RESET	-8.006870e-01	-1.272510e-05
4	RESET	-7.506090e-01	-1.025450e-05
4	RESET	-7.005710e-01	-8.057480e-06
4	RESET	-6.505290e-01	-6.536710e-06
4	RESET	-6.005070e-01	-4.975230e-06
4	RESET	-5.504370e-01	-3.732730e-06
4	RESET	-5.004260e-01	-2.955000e-06
4	RESET	-4.503690e-01	-2.154620e-06
4	RESET	-4.003690e-01	-1.606760e-06
4	RESET	-3.502840e-01	-1.149320e-06
4	RESET	-3.002760e-01	-8.469560e-07
4	RESET	-2.502090e-01	-5.941720e-07
4	RESET	-2.000750e-01	-3.885570e-07
4	RESET	-1.500410e-01	-2.599510e-07
4	RESET	-9.999200e-02	-1.181640e-07
4	RESET	-4.995270e-02	-5.517520e-08
4	RESET	2.031330e-05	-2.162110e-08
5	SET	4.029270e-05	1.633760e-10
5	SET	5.005940e-02	3.504330e-08
5	SET	1.000830e-01	8.417580e-08
5	SET	1.501390e-01	2.147660e-07
5	SET	2.001870e-01	2.490790e-07
5	SET	2.501100e-01	3.658640e-07
5	SET	3.001160e-01	4.672080e-07
5	SET	3.501760e-01	5.958560e-07
5	SET	4.001970e-01	5.494320e-07
5	SET	4.502520e-01	7.346160e-07
5	SET	5.002620e-01	8.980860e-07
5	SET	5.503410e-01	1.159020e-06
5	SET	6.003660e-01	1.446060e-06
5	SET	6.504250e-01	1.592700e-06
5	SET	7.004280e-01	1.807080e-06
5	SET	7.504910e-01	1.861410e-06
5	SET	8.005090e-01	2.845910e-06
5	SET	8.505980e-01	2.872540e-06
5	SET	9.005690e-01	3.253820e-06
5	SET	9.506590e-01	3.780910e-06
5	SET	1.000680e+00	5.301630e-04
5	SET	1.050740e+00	5.301480e-04
5	SET	1.100750e+00	5.301530e-04
5	SET	1.150810e+00	5.301480e-04
5	SET	1.200850e+00	5.301480e-04
5	SET	1.250870e+00	5.301490e-04
5	SET	1.300900e+00	5.301430e-04
5	SET	1.350960e+00	5.301470e-04
5	SET	1.400980e+00	5.301430e-04
5	SET	1.451020e+00	5.301480e-04
5	SET	1.501020e+00	5.301440e-04
5	SET	1.551100e+00	5.301420e-04
5	SET	1.601120e+00	5.301460e-04
5	SET	1.651140e+00	5.301480e-04
5	SET	1.701160e+00	5.301430e-04
5	SET	1.751230e+00	5.301480e-04
5	SET	1.801240e+00	5.301440e-04
5	SET	1.851270e+00	5.301440e-04
5	SET	1.901300e+00	5.301430e-04
5	SET	1.951350e+00	5.301510e-04
5	SET	2.001370e+00	5.301480e-04
5	SET	2.050600e+00	5.301470e-04
5	SET	2.100670e+00	5.301490e-04
5	SET	2.150960e+00	5.301440e-04
5	SET	2.201080e+00	5.301490e-04
5	SET	2.250850e+00	5.301410e-04
5	SET	2.300930e+00	5.301490e-04
5	SET	2.351280e+00	5.301480e-04
5	SET	2.401080e+00	5.301520e-04
5	SET	2.451070e+00	5.301440e-04
5	SET	2.501370e+00	5.301650e-04
5	SET	2.551370e+00	5.301470e-04
5	SET	2.601330e+00	5.301440e-04
5	SET	2.651210e+00	5.301400e-04
5	SET	2.701500e+00	5.301410e-04
5	SET	2.751390e+00	5.301510e-04
5	SET	2.801210e+00	5.301510e-04
5	SET	2.851610e+00	5.301510e-04
5	SET	2.901560e+00	5.301480e-04
5	SET	2.951500e+00	5.301520e-04
5	SET	3.001690e+00	5.301470e-04
5	SET	3.001480e+00	5.301500e-04
5	SET	2.951700e+00	5.301510e-04
5	SET	2.901710e+00	5.301510e-04
5	SET	2.851530e+00	5.301530e-04
5	SET	2.801350e+00	5.301490e-04
5	SET	2.751270e+00	5.301520e-04
5	SET	2.701550e+00	5.301490e-04
5	SET	2.651140e+00	5.301500e-04
5	SET	2.601240e+00	5.301490e-04
5	SET	2.551370e+00	5.301430e-04
5	SET	2.501290e+00	5.301500e-04
5	SET	2.451000e+00	5.301490e-04
5	SET	2.401050e+00	5.301490e-04
5	SET	2.351230e+00	5.301540e-04
5	SET	2.300920e+00	5.301510e-04
5	SET	2.251040e+00	5.301470e-04
5	SET	2.200950e+00	5.301430e-04
5	SET	2.150870e+00	5.301500e-04
5	SET	2.100660e+00	5.301460e-04
5	SET	2.051020e+00	5.301400e-04
5	SET	2.001370e+00	5.301460e-04
5	SET	1.951360e+00	5.301470e-04
5	SET	1.901300e+00	5.301440e-04
5	SET	1.851290e+00	5.301460e-04
5	SET	1.801220e+00	5.301460e-04
5	SET	1.751230e+00	5.301470e-04
5	SET	1.701150e+00	5.301440e-04
5	SET	1.651150e+00	5.301460e-04
5	SET	1.601100e+00	5.301490e-04
5	SET	1.551060e+00	5.301420e-04
5	SET	1.501040e+00	5.301490e-04
5	SET	1.451020e+00	5.301410e-04
5	SET	1.400960e+00	5.301440e-04
5	SET	1.350950e+00	5.301470e-04
5	SET	1.300900e+00	5.301450e-04
5	SET	1.250880e+00	5.301490e-04
5	SET	1.200830e+00	5.301470e-04
5	SET	1.150820e+00	5.301430e-04
5	SET	1.100750e+00	5.301450e-04
5	SET	1.050720e+00	5.301520e-04
5	SET	1.000710e+00	5.301490e-04
5	SET	9.506400e-01	5.301450e-04
5	SET	9.006080e-01	5.301480e-04
5	SET	8.506000e-01	5.301520e-04
5	SET	8.005090e-01	5.301500e-04
5	SET	7.505230e-01	5.301480e-04
5	SET	7.004470e-01	5.072570e-04
5	SET	6.504100e-01	4.192990e-04
5	SET	6.003470e-01	3.371700e-04
5	SET	5.503300e-01	2.652740e-04
5	SET	5.002960e-01	2.063130e-04
5	SET	4.502600e-01	1.521440e-04
5	SET	4.001860e-01	1.193960e-04
5	SET	3.501880e-01	9.420780e-05
5	SET	3.001340e-01	7.407480e-05
5	SET	2.501210e-01	5.754370e-05
5	SET	2.001920e-01	4.317060e-05
5	SET	1.501590e-01	3.113820e-05
5	SET	1.001240e-01	1.997590e-05
5	SET	5.008880e-02	9.846500e-06
5	SET	4.010200e-05	2.842090e-08
5	RESET	3.254410e-05	2.094130e-08
5	RESET	-4.995160e-02	-9.935120e-06
5	RESET	-9.994370e-02	-2.030090e-05
5	RESET	-1.500390e-01	-3.219040e-05
5	RESET	-2.000760e-01	-4.573140e-05
5	RESET	-2.501900e-01	-6.124440e-05
5	RESET	-3.002730e-01	-7.997080e-05
5	RESET	-3.503040e-01	-9.786150e-05
5	RESET	-4.003700e-01	-1.257750e-04
5	RESET	-4.503800e-01	-1.483640e-04
5	RESET	-5.004430e-01	-1.794120e-04
5	RESET	-5.504750e-01	-2.157830e-04
5	RESET	-6.005180e-01	-2.225730e-04
5	RESET	-6.505120e-01	-2.357140e-04
5	RESET	-7.005920e-01	-2.711570e-04
5	RESET	-7.506230e-01	-2.794460e-04
5	RESET	-8.006870e-01	-2.393450e-04
5	RESET	-8.507070e-01	-2.509490e-04
5	RESET	-9.007520e-01	-1.879440e-04
5	RESET	-9.507890e-01	-1.807010e-04
5	RESET	-1.000840e+00	-1.142060e-04
5	RESET	-1.050850e+00	-1.118150e-04
5	RESET	-1.100930e+00	-1.047680e-04
5	RESET	-1.150950e+00	-8.843120e-05
5	RESET	-1.200980e+00	-9.588300e-05
5	RESET	-1.251040e+00	-8.894820e-05
5	RESET	-1.301050e+00	-6.767820e-05
5	RESET	-1.351120e+00	-7.900840e-05
5	RESET	-1.401110e+00	-8.141260e-05
5	RESET	-1.451160e+00	-8.875510e-05
5	RESET	-1.501170e+00	-9.803060e-05
5	RESET	-1.551250e+00	-9.920930e-05
5	RESET	-1.601260e+00	-1.081100e-04
5	RESET	-1.651290e+00	-1.191110e-04
5	RESET	-1.701350e+00	-1.254470e-04
5	RESET	-1.751380e+00	-1.378480e-04
5	RESET	-1.801390e+00	-1.448460e-04
5	RESET	-1.851460e+00	-1.660200e-04
5	RESET	-1.901480e+00	-1.830460e-04
5	RESET	-1.951500e+00	-2.079230e-04
5	RESET	-2.001530e+00	-2.264960e-04
5	RESET	-2.051670e+00	-2.508020e-04
5	RESET	-2.101830e+00	-2.796600e-04
5	RESET	-2.152020e+00	-3.024850e-04
5	RESET	-2.201960e+00	-3.377700e-04
5	RESET	-2.201970e+00	-3.389440e-04
5	RESET	-2.152100e+00	-3.025190e-04
5	RESET	-2.101700e+00	-2.725020e-04
5	RESET	-2.051910e+00	-2.466150e-04
5	RESET	-2.001530e+00	-2.268210e-04
5	RESET	-1.951510e+00	-2.058260e-04
5	RESET	-1.901500e+00	-1.879040e-04
5	RESET	-1.851440e+00	-1.701190e-04
5	RESET	-1.801380e+00	-1.560810e-04
5	RESET	-1.751390e+00	-1.421420e-04
5	RESET	-1.701340e+00	-1.301790e-04
5	RESET	-1.651290e+00	-1.183800e-04
5	RESET	-1.601270e+00	-1.087790e-04
5	RESET	-1.551240e+00	-9.928370e-05
5	RESET	-1.501200e+00	-8.948210e-05
5	RESET	-1.451180e+00	-8.119290e-05
5	RESET	-1.401140e+00	-7.341110e-05
5	RESET	-1.351110e+00	-6.559490e-05
5	RESET	-1.301050e+00	-5.898020e-05
5	RESET	-1.251050e+00	-5.289360e-05
5	RESET	-1.200990e+00	-4.694710e-05
5	RESET	-1.150970e+00	-4.144680e-05
5	RESET	-1.100910e+00	-3.636230e-05
5	RESET	-1.050850e+00	-3.194450e-05
5	RESET	-1.000820e+00	-2.697110e-05
5	RESET	-9.508020e-01	-2.388250e-05
5	RESET	-9.007430e-01	-2.032740e-05
5	RESET	-8.506970e-01	-1.659420e-05
5	RESET	-8.006840e-01	-1.409510e-05
5	RESET	-7.506370e-01	-1.161020e-05
5	RESET	-7.006050e-01	-9.523320e-06
5	RESET	-6.505150e-01	-7.590380e-06
5	RESET	-6.005370e-01	-5.884780e-06
5	RESET	-5.504580e-01	-4.627720e-06
5	RESET	-5.004240e-01	-3.585990e-06
5	RESET	-4.503610e-01	-2.742370e-06
5	RESET	-4.003650e-01	-2.008400e-06
5	RESET	-3.503180e-01	-1.552440e-06
5	RESET	-3.002730e-01	-1.063530e-06
5	RESET	-2.502070e-01	-7.198260e-07
5	RESET	-2.000780e-01	-4.877180e-07
5	RESET	-1.500390e-01	-2.790450e-07
5	RESET	-9.999320e-02	-1.650840e-07
5	RESET	-4.995700e-02	-5.829670e-08
5	RESET	3.299710e-05	-6.678220e-10
6	SET	3.364090e-05	1.908180e-10
6	SET	5.007050e-02	5.854970e-08
6	SET	1.001030e-01	1.506710e-07
6	SET	1.500410e-01	1.539560e-05
6	SET	2.001870e-01	2.129600e-05
6	SET	2.501050e-01	2.755450e-05
6	SET	3.001280e-01	3.451090e-05
6	SET	3.501780e-01	4.154930e-05
6	SET	4.002180e-01	4.741100e-05
6	SET	4.502510e-01	5.867700e-05
6	SET	5.002720e-01	6.685640e-05
6	SET	5.503230e-01	8.564360e-05
6	SET	6.003420e-01	1.093130e-04
6	SET	6.504320e-01	2.555250e-04
6	SET	7.004260e-01	3.111300e-04
6	SET	7.505020e-01	4.056250e-04
6	SET	8.005080e-01	5.301560e-04
6	SET	8.505690e-01	5.301510e-04
6	SET	9.005860e-01	5.301490e-04
6	SET	9.506600e-01	5.301510e-04
6	SET	1.000680e+00	5.301510e-04
6	SET	1.050730e+00	5.301520e-04
6	SET	1.100740e+00	5.301490e-04
6	SET	1.150810e+00	5.301480e-04
6	SET	1.200830e+00	5.301470e-04
6	SET	1.250880e+00	5.301450e-04
6	SET	1.300910e+00	5.301440e-04
6	SET	1.350940e+00	5.301440e-04
6	SET	1.400960e+00	5.301440e-04
6	SET	1.451020e+00	5.301460e-04
6	SET	1.501010e+00	5.301460e-04
6	SET	1.551080e+00	5.301480e-04
6	SET	1.601090e+00	5.301460e-04
6	SET	1.651140e+00	5.301480e-04
6	SET	1.701170e+00	5.301430e-04
6	SET	1.751200e+00	5.301440e-04
6	SET	1.801240e+00	5.301470e-04
6	SET	1.851280e+00	5.301430e-04
6	SET	1.901290e+00	5.301470e-04
6	SET	1.951340e+00	5.301430e-04
6	SET	2.001370e+00	5.301460e-04
6	SET	2.050790e+00	5.301510e-04
6	SET	2.100690e+00	5.301480e-04
6	SET	2.150880e+00	5.301480e-04
6	SET	2.200900e+00	5.301450e-04
6	SET	2.251080e+00	5.301460e-04
6	SET	2.300960e+00	5.301440e-04
6	SET	2.351070e+00	5.301440e-04
6	SET	2.400980e+00	5.301510e-04
6	SET	2.450990e+00	5.301490e-04
6	SET	2.501290e+00	5.301450e-04
6	SET	2.551210e+00	5.301510e-04
6	SET	2.601300e+00	5.301480e-04
6	SET	2.651030e+00	5.301470e-04
6	SET	2.701500e+00	5.301480e-04
6	SET	2.751230e+00	5.301510e-04
6	SET	2.801240e+00	5.301450e-04
6	SET	2.851650e+00	5.301510e-04
6	SET	2.901440e+00	5.301520e-04
6	SET	2.951360e+00	5.301430e-04
6	SET	3.001430e+00	5.301470e-04
6	SET	3.001450e+00	5.301470e-04
6	SET	2.951490e+00	5.301520e-04
6	SET	2.901570e+00	5.301500e-04
6	SET	2.851630e+00	5.301460e-04
6	SET	2.801260e+00	5.301510e-04
6	SET	2.751360e+00	5.301440e-04
6	SET	2.701450e+00	5.301450e-04
6	SET	2.651130e+00	5.301500e-04
6	SET	2.601180e+00	5.301500e-04
6	SET	2.551230e+00	5.301440e-04
6	SET	2.501210e+00	5.301400e-04
6	SET	2.450920e+00	5.301500e-04
6	SET	2.400980e+00	5.301450e-04
6	SET	2.351120e+00	5.301430e-04
6	SET	2.300830e+00	5.301470e-04
6	SET	2.251100e+00	5.301450e-04
6	SET	2.200990e+00	5.301470e-04
6	SET	2.151010e+00	5.301470e-04
6	SET	2.100600e+00	5.301440e-04
6	SET	2.050820e+00	5.301420e-04
6	SET	2.001370e+00	5.301450e-04
6	SET	1.951340e+00	5.301430e-04
6	SET	1.901290e+00	5.301410e-04
6	SET	1.851270e+00	5.301430e-04
6	SET	1.801230e+00	5.301450e-04
6	SET	1.751220e+00	5.301420e-04
6	SET	1.701150e+00	5.301400e-04
6	SET	1.651150e+00	5.301480e-04
6	SET	1.601110e+00	5.301400e-04
6	SET	1.551050e+00	5.301420e-04
6	SET	1.501030e+00	5.301410e-04
6	SET	1.451010e+00	5.301440e-04
6	SET	1.400970e+00	5.301410e-04
6	SET	1.350950e+00	5.301380e-04
6	SET	1.300910e+00	5.301370e-04
6	SET	1.250870e+00	5.301410e-04
6	SET	1.200830e+00	5.301460e-04
6	SET	1.150800e+00	5.301440e-04
6	SET	1.100750e+00	5.301420e-04
6	SET	1.050740e+00	5.301460e-04
6	SET	1.000680e+00	5.301440e-04
6	SET	9.506760e-01	5.301450e-04
6	SET	9.005740e-01	5.301470e-04
6	SET	8.505790e-01	5.301390e-04
6	SET	8.005100e-01	5.301470e-04
6	SET	7.505200e-01	5.301450e-04
6	SET	7.004360e-01	5.301470e-04
6	SET	6.504250e-01	5.301490e-04
6	SET	6.003530e-01	5.301530e-04
6	SET	5.503460e-01	5.301500e-04
6	SET	5.002780e-01	5.301440e-04
6	SET	4.502660e-01	4.885200e-04
6	SET	4.001970e-01	4.218270e-04
6	SET	3.501750e-01	3.557030e-04
6	SET	3.001330e-01	2.910960e-04
6	SET	2.501170e-01	2.289110e-04
6	SET	2.001800e-01	1.722740e-04
6	SET	1.501490e-01	1.196110e-04
6	SET	1.001100e-01	7.455520e-05
6	SET	5.007180e-02	3.564780e-05
6	SET	4.425050e-05	1.128660e-07
6	RESET	3.614430e-05	1.103340e-07
6	RESET	-4.990310e-02	-3.501000e-05
6	RESET	-9.999800e-02	-7.412990e-05
6	RESET	-1.500420e-01	-1.185130e-04
6	RESET	-2.000750e-01	-1.676340e-04
6	RESET	-2.502080e-01	-1.745610e-04
6	RESET	-3.002640e-01	-2.014770e-04
6	RESET	-3.503030e-01	-2.583330e-04
6	RESET	-4.003720e-01	-3.419210e-04
6	RESET	-4.503650e-01	-3.949490e-04
6	RESET	-5.004370e-01	-4.446400e-04
6	RESET	-5.504610e-01	-4.488540e-04
6	RESET	-6.005220e-01	-4.528590e-04
6	RESET	-6.505360e-01	-3.334500e-04
6	RESET	-7.005940e-01	-1.437300e-04
6	RESET	-7.506140e-01	-1.620090e-04
6	RESET	-8.006930e-01	-1.871400e-04
6	RESET	-8.506990e-01	-1.897010e-04
6	RESET	-9.007520e-01	-1.904840e-04
6	RESET	-9.507950e-01	-1.674910e-04
6	RESET	-1.000830e+00	-1.149890e-04
6	RESET	-1.050830e+00	-2.436280e-04
6	RESET	-1.100910e+00	-1.373480e-04
6	RESET	-1.150970e+00	-8.895180e-05
6	RESET	-1.200980e+00	-9.352450e-05
6	RESET	-1.251030e+00	-7.881240e-05
6	RESET	-1.301060e+00	-8.346190e-05
6	RESET	-1.351110e+00	-8.659880e-05
6	RESET	-1.401110e+00	-8.645620e-05
6	RESET	-1.451140e+00	-9.497860e-05
6	RESET	-1.501190e+00	-1.017500e-04
6	RESET	-1.551240e+00	-1.107010e-04
6	RESET	-1.601260e+00	-1.018230e-04
6	RESET	-1.651310e+00	-1.079690e-04
6	RESET	-1.701330e+00	-1.291190e-04
6	RESET	-1.751380e+00	-1.409840e-04
6	RESET	-1.801380e+00	-1.535320e-04
6	RESET	-1.851460e+00	-1.569260e-04
6	RESET	-1.901480e+00	-1.742520e-04
6	RESET	-1.951510e+00	-1.877470e-04
6	RESET	-2.001530e+00	-2.137850e-04
6	RESET	-2.051730e+00	-2.356640e-04
6	RESET	-2.101570e+00	-2.689820e-04
6	RESET	-2.152050e+00	-3.005790e-04
6	RESET	-2.202060e+00	-3.191660e-04
6	RESET	-2.202100e+00	-3.229450e-04
6	RESET	-2.152040e+00	-2.863280e-04
6	RESET	-2.101760e+00	-2.649840e-04
6	RESET	-2.051920e+00	-2.404040e-04
6	RESET	-2.001520e+00	-2.178520e-04
6	RESET	-1.951540e+00	-1.968230e-04
6	RESET	-1.901480e+00	-1.775700e-04
6	RESET	-1.851440e+00	-1.644680e-04
6	RESET	-1.801390e+00	-1.497670e-04
6	RESET	-1.751370e+00	-1.365510e-04
6	RESET	-1.701340e+00	-1.231550e-04
6	RESET	-1.651310e+00	-1.120400e-04
6	RESET	-1.601260e+00	-1.018940e-04
6	RESET	-1.551250e+00	-9.232440e-05
6	RESET	-1.501210e+00	-8.288360e-05
6	RESET	-1.451170e+00	-7.556700e-05
6	RESET	-1.401130e+00	-6.707600e-05
6	RESET	-1.351120e+00	-6.106900e-05
6	RESET	-1.301070e+00	-5.489470e-05
6	RESET	-1.251030e+00	-4.890580e-05
6	RESET	-1.200990e+00	-4.298880e-05
6	RESET	-1.150990e+00	-3.791410e-05
6	RESET	-1.100920e+00	-3.340980e-05
6	RESET	-1.050850e+00	-2.906930e-05
6	RESET	-1.000830e+00	-2.512530e-05
6	RESET	-9.507730e-01	-2.143200e-05
6	RESET	-9.007540e-01	-1.851980e-05
6	RESET	-8.507030e-01	-1.548220e-05
6	RESET	-8.006880e-01	-1.276570e-05
6	RESET	-7.506290e-01	-1.034270e-05
6	RESET	-7.006010e-01	-8.457890e-06
6	RESET	-6.505450e-01	-6.639590e-06
6	RESET	-6.005220e-01	-5.201270e-06
6	RESET	-5.504670e-01	-4.091900e-06
6	RESET	-5.004260e-01	-3.120080e-06
6	RESET	-4.503770e-01	-2.377440e-06
6	RESET	-4.003650e-01	-1.832660e-06
6	RESET	-3.503180e-01	-1.285530e-06
6	RESET	-3.002810e-01	-9.535170e-07
6	RESET	-2.501990e-01	-6.745230e-07
6	RESET	-2.000810e-01	-4.055470e-07
6	RESET	-1.500430e-01	-2.877870e-07
6	RESET	-9.999500e-02	-1.650200e-07
6	RESET	-4.994930e-02	-6.156580e-08
6	RESET	1.554490e-05	-2.345500e-08
7	SET	3.821850e-05	1.232500e-10
7	SET	5.004770e-02	2.926930e-08
7	SET	1.001100e-01	9.868380e-08
7	SET	1.501400e-01	1.829500e-07
7	SET	2.001860e-01	2.122930e-07
7	SET	2.500950e-01	2.767780e-07
7	SET	3.001150e-01	3.308010e-07
7	SET	3.501820e-01	3.849770e-07
7	SET	4.002110e-01	5.031630e-07
7	SET	4.502570e-01	6.372280e-07
7	SET	5.002670e-01	7.180250e-07
7	SET	5.503290e-01	9.054040e-07
7	SET	6.003410e-01	1.121540e-06
7	SET	6.504340e-01	1.384660e-06
7	SET	7.004380e-01	1.817610e-06
7	SET	7.505200e-01	2.228710e-06
7	SET	8.005220e-01	2.525470e-06
7	SET	8.505760e-01	2.864410e-06
7	SET	9.005990e-01	3.250750e-06
7	SET	9.506330e-01	3.724890e-06
7	SET	1.000700e+00	4.097490e-06
7	SET	1.050730e+00	4.735730e-06
7	SET	1.100730e+00	5.251140e-06
7	SET	1.150800e+00	6.223360e-06
7	SET	1.200830e+00	7.346470e-06
7	SET	1.250900e+00	8.238660e-06
7	SET	1.300910e+00	5.301530e-04
7	SET	1.350960e+00	5.301470e-04
7	SET	1.400990e+00	5.301420e-04
7	SET	1.451030e+00	5.301450e-04
7	SET	1.501020e+00	5.301460e-04
7	SET	1.551090e+00	5.301420e-04
7	SET	1.601120e+00	5.301470e-04
7	SET	1.651140e+00	5.301510e-04
7	SET	1.701160e+00	5.301460e-04
7	SET	1.751220e+00	5.301470e-04
7	SET	1.801250e+00	5.301500e-04
7	SET	1.851310e+00	5.301410e-04
7	SET	1.901310e+00	5.301460e-04
7	SET	1.951360e+00	5.301490e-04
7	SET	2.001370e+00	5.301480e-04
7	SET	2.050810e+00	5.301450e-04
7	SET	2.100650e+00	5.301420e-04
7	SET	2.151060e+00	5.301440e-04
7	SET	2.201050e+00	5.301520e-04
7	SET	2.251160e+00	5.301440e-04
7	SET	2.300900e+00	5.301430e-04
7	SET	2.351190e+00	5.301430e-04
7	SET	2.401100e+00	5.301470e-04
7	SET	2.451020e+00	5.301520e-04
7	SET	2.501240e+00	5.301540e-04
7	SET	2.551280e+00	5.301480e-04
7	SET	2.601190e+00	5.301510e-04
7	SET	2.651110e+00	5.301540e-04
7	SET	2.701380e+00	5.301450e-04
7	SET	2.751260e+00	5.301470e-04
7	SET	2.801150e+00	5.301540e-04
7	SET	2.851600e+00	5.301470e-04
7	SET	2.901710e+00	5.301500e-04
7	SET	2.951430e+00	5.301430e-04
7	SET	3.001540e+00	5.301510e-04
7	SET	3.001550e+00	5.301490e-04
7	SET	2.951480e+00	5.301440e-04
7	SET	2.901680e+00	5.301500e-04
7	SET	2.851510e+00	5.301530e-04
7	SET	2.801340e+00	5.301520e-04
7	SET	2.751410e+00	5.301460e-04
7	SET	2.701440e+00	5.301480e-04
7	SET	2.651200e+00	5.301410e-04
7	SET	2.601270e+00	5.301410e-04
7	SET	2.551290e+00	5.301430e-04
7	SET	2.501150e+00	5.301410e-04
7	SET	2.450960e+00	5.301450e-04
7	SET	2.401170e+00	5.301420e-04
7	SET	2.351180e+00	5.301500e-04
7	SET	2.300870e+00	5.301490e-04
7	SET	2.251040e+00	5.301480e-04
7	SET	2.200960e+00	5.301480e-04
7	SET	2.151060e+00	5.301480e-04
7	SET	2.100720e+00	5.301430e-04
7	SET	2.050800e+00	5.301470e-04
7	SET	2.001370e+00	5.301430e-04
7	SET	1.951340e+00	5.301470e-04
7	SET	1.901310e+00	5.301440e-04
7	SET	1.851280e+00	5.301370e-04
7	SET	1.801250e+00	5.301410e-04
7	SET	1.751210e+00	5.301440e-04
7	SET	1.701170e+00	5.301430e-04
7	SET	1.651140e+00	5.301430e-04
7	SET	1.601100e+00	5.301440e-04
7	SET	1.551100e+00	5.301430e-04
7	SET	1.501020e+00	5.301460e-04
7	SET	1.451010e+00	5.301430e-04
7	SET	1.400980e+00	5.301430e-04
7	SET	1.350950e+00	5.301440e-04
7	SET	1.300930e+00	5.301440e-04
7	SET	1.250890e+00	5.301430e-04
7	SET	1.200840e+00	5.301430e-04
7	SET	1.150810e+00	5.301450e-04
7	SET	1.100740e+00	5.301460e-04
7	SET	1.050730e+00	5.301460e-04
7	SET	1.000690e+00	5.301470e-04
7	SET	9.506570e-01	5.301440e-04
7	SET	9.005910e-01	5.301450e-04
7	SET	8.505860e-01	5.301470e-04
7	SET	8.005390e-01	5.301460e-04
7	SET	7.505070e-01	5.301490e-04
7	SET	7.004340e-01	5.301520e-04
7	SET	6.504230e-01	5.301510e-04
7	SET	6.003370e-01	5.301430e-04
7	SET	5.503050e-01	4.611910e-04
7	SET	5.002770e-01	3.837340e-04
7	SET	4.502640e-01	3.116940e-04
7	SET	4.002010e-01	2.485810e-04
7	SET	3.501640e-01	1.951930e-04
7	SET	3.001340e-01	1.492860e-04
7	SET	2.501020e-01	1.131050e-04
7	SET	2.001920e-01	8.332460e-05
7	SET	1.501560e-01	5.832140e-05
7	SET	1.001200e-01	3.694260e-05
7	SET	5.007750e-02	1.798860e-05
7	SET	3.740790e-05	4.850220e-08
7	RESET	2.543930e-05	2.885040e-08
7	RESET	-4.990080e-02	-1.817950e-05
7	RESET	-9.999340e-02	-3.806090e-05
7	RESET	-1.500350e-01	-6.087850e-05
7	RESET	-2.000760e-01	-8.753490e-05
7	RESET	-2.502300e-01	-1.192850e-04
7	RESET	-3.002650e-01	-1.585680e-04
7	RESET	-3.503120e-01	-2.057050e-04
7	RESET	-4.003750e-01	-2.595540e-04
7	RESET	-4.503860e-01	-3.921600e-04
7	RESET	-5.004260e-01	-6.468200e-04
7	RESET	-5.504640e-01	-2.096620e-04
7	RESET	-6.005160e-01	-1.676840e-04
7	RESET	-6.505450e-01	-1.016200e-04
7	RESET	-7.006010e-01	-7.936100e-05
7	RESET	-7.506290e-01	-8.173250e-05
7	RESET	-8.006960e-01	-8.165870e-05
7	RESET	-8.506800e-01	-8.177530e-05
7	RESET	-9.007460e-01	-8.715470e-05
7	RESET	-9.507960e-01	-8.149850e-05
7	RESET	-1.000820e+00	-6.969750e-05
7	RESET	-1.050850e+00	-6.897560e-05
7	RESET	-1.100920e+00	-5.970940e-05
7	RESET	-1.150970e+00	-7.232810e-05
7	RESET	-1.201000e+00	-6.176920e-05
7	RESET	-1.251040e+00	-6.766060e-05
7	RESET	-1.301070e+00	-6.663380e-05
7	RESET	-1.351100e+00	-7.233650e-05
7	RESET	-1.401130e+00	-7.605300e-05
7	RESET	-1.451150e+00	-8.495430e-05
7	RESET	-1.501190e+00	-9.120060e-05
7	RESET	-1.551250e+00	-9.394350e-05
7	RESET	-1.601270e+00	-1.023310e-04
7	RESET	-1.651310e+00	-1.098430e-04
7	RESET	-1.701340e+00	-1.209850e-04
7	RESET	-1.751370e+00	-1.341510e-04
7	RESET	-1.801390e+00	-1.490770e-04
7	RESET	-1.851450e+00	-1.660790e-04
7	RESET	-1.901470e+00	-1.761240e-04
7	RESET	-1.951510e+00	-1.983380e-04
7	RESET	-2.001540e+00	-2.129210e-04
7	RESET	-2.051800e+00	-2.311710e-04
7	RESET	-2.101710e+00	-2.522160e-04
7	RESET	-2.152000e+00	-2.841570e-04
7	RESET	-2.202120e+00	-3.118970e-04
7	RESET	-2.201920e+00	-3.123870e-04
7	RESET	-2.151980e+00	-2.736470e-04
7	RESET	-2.101920e+00	-2.450240e-04
7	RESET	-2.051740e+00	-2.287210e-04
7	RESET	-2.001510e+00	-2.066880e-04
7	RESET	-1.951520e+00	-1.883190e-04
7	RESET	-1.901460e+00	-1.726090e-04
7	RESET	-1.851440e+00	-1.591460e-04
7	RESET	-1.801390e+00	-1.437060e-04
7	RESET	-1.751360e+00	-1.315670e-04
7	RESET	-1.701330e+00	-1.200760e-04
7	RESET	-1.651300e+00	-1.092740e-04
7	RESET	-1.601270e+00	-1.000250e-04
7	RESET	-1.551240e+00	-9.063500e-05
7	RESET	-1.501190e+00	-8.196910e-05
7	RESET	-1.451180e+00	-7.459980e-05
7	RESET	-1.401110e+00	-6.660110e-05
7	RESET	-1.351110e+00	-5.979190e-05
7	RESET	-1.301050e+00	-5.326490e-05
7	RESET	-1.251040e+00	-4.710620e-05
7	RESET	-1.200980e+00	-4.196440e-05
7	RESET	-1.150970e+00	-3.651290e-05
7	RESET	-1.100900e+00	-3.189840e-05
7	RESET	-1.050850e+00	-2.800500e-05
7	RESET	-1.000820e+00	-2.424720e-05
7	RESET	-9.507770e-01	-2.087330e-05
7	RESET	-9.007390e-01	-1.774360e-05
7	RESET	-8.506930e-01	-1.491890e-05
7	RESET	-8.006850e-01	-1.256240e-05
7	RESET	-7.506070e-01	-1.031500e-05
7	RESET	-7.006070e-01	-8.346350e-06
7	RESET	-6.505310e-01	-6.836900e-06
7	RESET	-6.005230e-01	-5.409340e-06
7	RESET	-5.504620e-01	-4.377180e-06
7	RESET	-5.004130e-01	-3.530030e-06
7	RESET	-4.503660e-01	-2.807670e-06
7	RESET	-4.003700e-01	-2.082650e-06
7	RESET	-3.502960e-01	-1.506540e-06
7	RESET	-3.002620e-01	-1.170200e-06
7	RESET	-2.501980e-01	-8.777010e-07
7	RESET	-2.000790e-01	-5.405760e-07
7	RESET	-1.500430e-01	-3.420460e-07
7	RESET	-1.000060e-01	-2.222940e-07
7	RESET	-4.995930e-02	-1.015710e-07
7	RESET	3.209110e-05	-9.554620e-11
8	SET	3.857610e-05	-3.378390e-11
8	SET	5.005780e-02	2.617620e-08
8	SET	1.000930e-01	7.566060e-08
8	SET	1.501410e-01	1.846350e-07
8	SET	2.001900e-01	2.324950e-07
8	SET	2.501030e-01	2.595040e-07
8	SET	3.001330e-01	3.858690e-07
8	SET	3.501750e-01	4.735600e-07
8	SET	4.001980e-01	5.399640e-07
8	SET	4.502730e-01	6.665250e-07
8	SET	5.002560e-01	9.015180e-07
8	SET	5.503330e-01	1.139050e-06
8	SET	6.003410e-01	1.961120e-06
8	SET	6.504200e-01	4.280980e-06
8	SET	7.004470e-01	3.090530e-06
8	SET	7.504930e-01	5.301560e-04
8	SET	8.005290e-01	5.301400e-04
8	SET	8.505840e-01	5.301470e-04
8	SET	9.006140e-01	5.301440e-04
8	SET	9.506420e-01	5.301490e-04
8	SET	1.000690e+00	5.301390e-04
8	SET	1.050720e+00	5.301460e-04
8	SET	1.100760e+00	5.301410e-04
8	SET	1.150780e+00	5.301400e-04
8	SET	1.200810e+00	5.301390e-04
8	SET	1.250880e+00	5.301330e-04
8	SET	1.300920e+00	5.301330e-04
8	SET	1.350940e+00	5.301430e-04
8	SET	1.401000e+00	5.301390e-04
8	SET	1.451020e+00	5.301440e-04
8	SET	1.501020e+00	5.301420e-04
8	SET	1.551080e+00	5.301440e-04
8	SET	1.601110e+00	5.301440e-04
8	SET	1.651130e+00	5.301430e-04
8	SET	1.701140e+00	5.301470e-04
8	SET	1.751200e+00	5.301420e-04
8	SET	1.801220e+00	5.301440e-04
8	SET	1.851300e+00	5.301450e-04
8	SET	1.901310e+00	5.301370e-04
8	SET	1.951340e+00	5.301430e-04
8	SET	2.001380e+00	5.301470e-04
8	SET	2.050640e+00	5.301410e-04
8	SET	2.100730e+00	5.301420e-04
8	SET	2.151090e+00	5.301420e-04
8	SET	2.200960e+00	5.301460e-04
8	SET	2.251030e+00	5.301450e-04
8	SET	2.300890e+00	5.301440e-04
8	SET	2.351170e+00	5.301430e-04
8	SET	2.400930e+00	5.301430e-04
8	SET	2.450840e+00	5.301450e-04
8	SET	2.501110e+00	5.301440e-04
8	SET	2.551320e+00	5.301480e-04
8	SET	2.601260e+00	5.301440e-04
8	SET	2.651260e+00	5.301480e-04
8	SET	2.701340e+00	5.301460e-04
8	SET	2.751220e+00	5.301440e-04
8	SET	2.801350e+00	5.301440e-04
8	SET	2.851720e+00	5.301380e-04
8	SET	2.901790e+00	5.301360e-04
8	SET	2.951450e+00	5.301470e-04
8	SET	3.001450e+00	5.301420e-04
8	SET	3.001470e+00	5.301480e-04
8	SET	2.951590e+00	5.301520e-04
8	SET	2.901510e+00	5.301450e-04
8	SET	2.851620e+00	5.301470e-04
8	SET	2.801240e+00	5.301460e-04
8	SET	2.751240e+00	5.301470e-04
8	SET	2.701530e+00	5.301470e-04
8	SET	2.651200e+00	5.301430e-04
8	SET	2.601130e+00	5.301470e-04
8	SET	2.551250e+00	5.301450e-04
8	SET	2.501260e+00	5.301440e-04
8	SET	2.450850e+00	5.301400e-04
8	SET	2.400940e+00	5.301400e-04
8	SET	2.350950e+00	5.301440e-04
8	SET	2.300780e+00	5.301380e-04
8	SET	2.250930e+00	5.301370e-04
8	SET	2.201020e+00	5.301420e-04
8	SET	2.150870e+00	5.301460e-04
8	SET	2.100660e+00	5.301320e-04
8	SET	2.050710e+00	5.301400e-04
8	SET	2.001370e+00	5.301430e-04
8	SET	1.951340e+00	5.301370e-04
8	SET	1.901300e+00	5.301380e-04
8	SET	1.851270e+00	5.301370e-04
8	SET	1.801230e+00	5.301440e-04
8	SET	1.751220e+00	5.301420e-04
8	SET	1.701170e+00	5.301400e-04
8	SET	1.651130e+00	5.301420e-04
8	SET	1.601120e+00	5.301380e-04
8	SET	1.551060e+00	5.301310e-04
8	SET	1.501020e+00	5.301400e-04
8	SET	1.451020e+00	5.301350e-04
8	SET	1.400950e+00	5.301400e-04
8	SET	1.350940e+00	5.301380e-04
8	SET	1.300910e+00	5.301370e-04
8	SET	1.250870e+00	5.301420e-04
8	SET	1.200830e+00	5.301430e-04
8	SET	1.150790e+00	5.301430e-04
8	SET	1.100730e+00	5.301400e-04
8	SET	1.050750e+00	5.301320e-04
8	SET	1.000660e+00	5.301440e-04
8	SET	9.506400e-01	5.301350e-04
8	SET	9.005860e-01	5.301470e-04
8	SET	8.505720e-01	5.301410e-04
8	SET	8.005100e-01	5.301440e-04
8	SET	7.504840e-01	5.301460e-04
8	SET	7.004300e-01	5.301420e-04
8	SET	6.504040e-01	5.301390e-04
8	SET	6.003430e-01	5.301440e-04
8	SET	5.503340e-01	5.301440e-04
8	SET	5.002730e-01	5.301450e-04
8	SET	4.502520e-01	5.301490e-04
8	SET	4.002240e-01	4.689320e-04
8	SET	3.501930e-01	3.768050e-04
8	SET	3.001240e-01	2.948180e-04
8	SET	2.500930e-01	2.243390e-04
8	SET	2.001830e-01	7.827360e-05
8	SET	1.501510e-01	5.194940e-05
8	SET	1.001150e-01	3.196090e-05
8	SET	5.007940e-02	1.526150e-05
8	SET	3.192420e-05	3.553030e-08
8	RESET	2.841950e-05	4.146040e-08
8	RESET	-4.991030e-02	-1.542080e-05
8	RESET	-9.999610e-02	-7.006920e-05
8	RESET	-1.500370e-01	-1.112610e-04
8	RESET	-2.000760e-01	-1.587260e-04
8	RESET	-2.502010e-01	-2.183230e-04
8	RESET	-3.002600e-01	-2.885040e-04
8	RESET	-3.502970e-01	-3.673440e-04
8	RESET	-4.003110e-01	-4.369680e-04
8	RESET	-4.503900e-01	-5.707290e-04
8	RESET	-5.004370e-01	-2.476750e-04
8	RESET	-5.504720e-01	-1.955640e-04
8	RESET	-6.005180e-01	-1.775550e-04
8	RESET	-6.505220e-01	-1.334460e-04
8	RESET	-7.005900e-01	-1.162900e-04
8	RESET	-7.506330e-01	-1.166320e-04
8	RESET	-8.006740e-01	-9.453710e-05
8	RESET	-8.506930e-01	-8.672330e-05
8	RESET	-9.007500e-01	-7.738710e-05
8	RESET	-9.507790e-01	-7.606390e-05
8	RESET	-1.000830e+00	-7.192860e-05
8	RESET	-1.050840e+00	-9.308600e-05
8	RESET	-1.100900e+00	-8.112420e-05
8	RESET	-1.150980e+00	-7.864430e-05
8	RESET	-1.200980e+00	-9.712520e-05
8	RESET	-1.251030e+00	-1.051300e-04
8	RESET	-1.301040e+00	-1.154800e-04
8	RESET	-1.351120e+00	-8.652390e-05
8	RESET	-1.401120e+00	-1.038810e-04
8	RESET	-1.451160e+00	-1.005270e-04
8	RESET	-1.501200e+00	-8.570430e-05
8	RESET	-1.551240e+00	-9.211370e-05
8	RESET	-1.601260e+00	-9.983680e-05
8	RESET	-1.651330e+00	-1.062220e-04
8	RESET	-1.701320e+00	-1.134850e-04
8	RESET	-1.751370e+00	-1.309700e-04
8	RESET	-1.801390e+00	-1.338500e-04
8	RESET	-1.851450e+00	-1.451810e-04
8	RESET	-1.901470e+00	-1.632920e-04
8	RESET	-1.951510e+00	-1.839060e-04
8	RESET	-2.001530e+00	-2.034200e-04
8	RESET	-2.051710e+00	-2.219280e-04
8	RESET	-2.101650e+00	-2.471710e-04
8	RESET	-2.151970e+00	-2.697040e-04
8	RESET	-2.202040e+00	-3.147710e-04
8	RESET	-2.201970e+00	-3.065840e-04
8	RESET	-2.151940e+00	-2.758530e-04
8	RESET	-2.101840e+00	-2.528910e-04
8	RESET	-2.051850e+00	-2.273080e-04
8	RESET	-2.001530e+00	-2.045420e-04
8	RESET	-1.951520e+00	-1.877560e-04
8	RESET	-1.901470e+00	-1.735000e-04
8	RESET	-1.851440e+00	-1.595800e-04
8	RESET	-1.801390e+00	-1.434020e-04
8	RESET	-1.751370e+00	-1.300980e-04
8	RESET	-1.701320e+00	-1.194780e-04
8	RESET	-1.651310e+00	-1.085070e-04
8	RESET	-1.601260e+00	-9.894030e-05
8	RESET	-1.551250e+00	-8.797640e-05
8	RESET	-1.501200e+00	-7.949870e-05
8	RESET	-1.451150e+00	-7.221340e-05
8	RESET	-1.401100e+00	-6.490800e-05
8	RESET	-1.351110e+00	-5.883480e-05
8	RESET	-1.301050e+00	-5.287110e-05
8	RESET	-1.251020e+00	-4.673590e-05
8	RESET	-1.200980e+00	-4.113190e-05
8	RESET	-1.150960e+00	-3.601190e-05
8	RESET	-1.100900e+00	-3.089770e-05
8	RESET	-1.050840e+00	-2.729250e-05
8	RESET	-1.000830e+00	-2.336830e-05
8	RESET	-9.508030e-01	-1.961370e-05
8	RESET	-9.007500e-01	-1.654840e-05
8	RESET	-8.506910e-01	-1.367560e-05
8	RESET	-8.006910e-01	-1.143560e-05
8	RESET	-7.506300e-01	-9.324870e-06
8	RESET	-7.005980e-01	-7.525720e-06
8	RESET	-6.505460e-01	-6.059970e-06
8	RESET	-6.005140e-01	-5.017150e-06
8	RESET	-5.504640e-01	-3.938310e-06
8	RESET	-5.004380e-01	-3.137510e-06
8	RESET	-4.503730e-01	-2.303900e-06
8	RESET	-4.003730e-01	-1.617770e-06
8	RESET	-3.503140e-01	-1.172610e-06
8	RESET	-3.002660e-01	-7.870190e-07
8	RESET	-2.502060e-01	-5.361170e-07
8	RESET	-2.000770e-01	-3.574330e-07
8	RESET	-1.500410e-01	-2.068960e-07
8	RESET	-9.999560e-02	-1.130800e-07
8	RESET	-4.995100e-02	-4.272390e-08
8	RESET	2.193450e-05	-1.982540e-08
9	SET	3.471370e-05	1.974700e-10
9	SET	5.007260e-02	4.231730e-08
9	SET	1.001010e-01	6.807600e-08
9	SET	1.501370e-01	1.790510e-07
9	SET	2.001880e-01	1.823860e-07
9	SET	2.500970e-01	2.393700e-07
9	SET	3.001370e-01	2.837780e-07
9	SET	3.501750e-01	3.783830e-07
9	SET	4.001990e-01	4.359090e-07
9	SET	4.502450e-01	5.403170e-07
9	SET	5.002640e-01	6.138270e-07
9	SET	5.503180e-01	8.022990e-07
9	SET	6.003350e-01	9.090310e-07
9	SET	6.504230e-01	1.132580e-06
9	SET	7.004380e-01	1.457350e-06
9	SET	7.504790e-01	1.789180e-06
9	SET	8.005340e-01	2.087000e-06
9	SET	8.505930e-01	2.380870e-06
9	SET	9.005900e-01	2.934870e-06
9	SET	9.506580e-01	3.368620e-06
9	SET	1.000690e+00	5.301550e-04
9	SET	1.050740e+00	5.301470e-04
9	SET	1.100750e+00	5.301480e-04
9	SET	1.150800e+00	5.301410e-04
9	SET	1.200810e+00	5.301470e-04
9	SET	1.250880e+00	5.301470e-04
9	SET	1.300890e+00	5.301410e-04
9	SET	1.350960e+00	5.301430e-04
9	SET	1.400980e+00	5.301440e-04
9	SET	1.451020e+00	5.301450e-04
9	SET	1.501030e+00	5.301460e-04
9	SET	1.551070e+00	5.301440e-04
9	SET	1.601100e+00	5.301430e-04
9	SET	1.651150e+00	5.301460e-04
9	SET	1.701170e+00	5.301410e-04
9	SET	1.751230e+00	5.301410e-04
9	SET	1.801230e+00	5.301480e-04
9	SET	1.851270e+00	5.301480e-04
9	SET	1.901300e+00	5.301420e-04
9	SET	1.951330e+00	5.301440e-04
9	SET	2.001380e+00	5.301420e-04
9	SET	2.050870e+00	5.301440e-04
9	SET	2.100720e+00	5.301500e-04
9	SET	2.151080e+00	5.301450e-04
9	SET	2.201050e+00	5.301410e-04
9	SET	2.250820e+00	5.301460e-04
9	SET	2.301010e+00	5.301460e-04
9	SET	2.350970e+00	5.301440e-04
9	SET	2.401160e+00	5.301440e-04
9	SET	2.451210e+00	5.301430e-04
9	SET	2.501410e+00	5.301430e-04
9	SET	2.551330e+00	5.301450e-04
9	SET	2.601350e+00	5.301440e-04
9	SET	2.651200e+00	5.301440e-04
9	SET	2.701460e+00	5.301430e-04
9	SET	2.751170e+00	5.301410e-04
9	SET	2.801290e+00	5.301420e-04
9	SET	2.851610e+00	5.301480e-04
9	SET	2.901660e+00	5.301480e-04
9	SET	2.951600e+00	5.301510e-04
9	SET	3.001480e+00	5.301500e-04
9	SET	3.001430e+00	5.301440e-04
9	SET	2.951520e+00	5.301460e-04
9	SET	2.901620e+00	5.301470e-04
9	SET	2.851630e+00	5.301470e-04
9	SET	2.801330e+00	5.301530e-04
9	SET	2.751390e+00	5.301480e-04
9	SET	2.701350e+00	5.301430e-04
9	SET	2.651310e+00	5.301380e-04
9	SET	2.601150e+00	5.301480e-04
9	SET	2.551400e+00	5.301490e-04
9	SET	2.501210e+00	5.301480e-04
9	SET	2.451120e+00	5.301410e-04
9	SET	2.401080e+00	5.301420e-04
9	SET	2.351070e+00	5.301440e-04
9	SET	2.300910e+00	5.301480e-04
9	SET	2.251080e+00	5.301420e-04
9	SET	2.200980e+00	5.301430e-04
9	SET	2.150890e+00	5.301420e-04
9	SET	2.100650e+00	5.301430e-04
9	SET	2.050560e+00	5.301430e-04
9	SET	2.001370e+00	5.301460e-04
9	SET	1.951360e+00	5.301430e-04
9	SET	1.901290e+00	5.301430e-04
9	SET	1.851270e+00	5.301420e-04
9	SET	1.801240e+00	5.301470e-04
9	SET	1.751210e+00	5.301410e-04
9	SET	1.701170e+00	5.301430e-04
9	SET	1.651140e+00	5.301430e-04
9	SET	1.601120e+00	5.301440e-04
9	SET	1.551070e+00	5.301430e-04
9	SET	1.501020e+00	5.301420e-04
9	SET	1.451020e+00	5.301370e-04
9	SET	1.400960e+00	5.301410e-04
9	SET	1.350930e+00	5.301420e-04
9	SET	1.300890e+00	5.301370e-04
9	SET	1.250870e+00	5.301430e-04
9	SET	1.200830e+00	5.301480e-04
9	SET	1.150810e+00	5.301430e-04
9	SET	1.100740e+00	5.301420e-04
9	SET	1.050730e+00	5.301430e-04
9	SET	1.000700e+00	5.301410e-04
9	SET	9.506370e-01	5.301410e-04
9	SET	9.005850e-01	5.301470e-04
9	SET	8.505870e-01	5.301470e-04
9	SET	8.005190e-01	5.301500e-04
9	SET	7.504790e-01	5.301460e-04
9	SET	7.004530e-01	5.301480e-04
9	SET	6.504290e-01	5.301470e-04
9	SET	6.003480e-01	5.301480e-04
9	SET	5.503230e-01	5.301490e-04
9	SET	5.002860e-01	5.071870e-04
9	SET	4.502650e-01	4.214810e-04
9	SET	4.001860e-01	3.400510e-04
9	SET	3.501580e-01	2.679610e-04
9	SET	3.001430e-01	2.062470e-04
9	SET	2.501110e-01	1.543750e-04
9	SET	2.001920e-01	1.113980e-04
9	SET	1.501540e-01	7.709080e-05
9	SET	1.001190e-01	4.784680e-05
9	SET	5.008400e-02	2.300700e-05
9	SET	4.091260e-05	6.353100e-08
9	RESET	3.850460e-05	6.456540e-08
9	RESET	-4.989440e-02	-2.287080e-05
9	RESET	-9.999630e-02	-4.766300e-05
9	RESET	-1.500280e-01	-7.597470e-05
9	RESET	-2.000690e-01	-1.099130e-04
9	RESET	-2.501900e-01	-1.516520e-04
9	RESET	-3.002690e-01	-2.014730e-04
9	RESET	-3.503080e-01	-3.656680e-04
9	RESET	-4.003390e-01	-4.308160e-04
9	RESET	-4.503380e-01	-3.924380e-04
9	RESET	-5.004150e-01	-2.407220e-04
9	RESET	-5.504710e-01	-2.399930e-04
9	RESET	-6.004900e-01	-2.006420e-04
9	RESET	-6.505240e-01	-1.654460e-04
9	RESET	-7.005860e-01	-1.739890e-04
9	RESET	-7.506250e-01	-1.149320e-04
9	RESET	-8.006990e-01	-1.156010e-04
9	RESET	-8.506620e-01	-1.001390e-04
9	RESET	-9.007280e-01	-2.533800e-04
9	RESET	-9.507690e-01	-6.611160e-05
9	RESET	-1.000820e+00	-7.015340e-05
9	RESET	-1.050850e+00	-7.719630e-05
9	RESET	-1.100900e+00	-7.829610e-05
9	RESET	-1.150960e+00	-8.202150e-05
9	RESET	-1.200970e+00	-8.860660e-05
9	RESET	-1.251030e+00	-9.194220e-05
9	RESET	-1.301060e+00	-9.868600e-05
9	RESET	-1.351100e+00	-1.072140e-04
9	RESET	-1.401110e+00	-1.106310e-04
9	RESET	-1.451150e+00	-1.155270e-04
9	RESET	-1.501190e+00	-1.219780e-04
9	RESET	-1.551240e+00	-1.106190e-04
9	RESET	-1.601240e+00	-1.162000e-04
9	RESET	-1.651290e+00	-1.256510e-04
9	RESET	-1.701330e+00	-1.229490e-04
9	RESET	-1.751390e+00	-1.318990e-04
9	RESET	-1.801400e+00	-1.460090e-04
9	RESET	-1.851440e+00	-1.496060e-04
9	RESET	-1.901470e+00	-1.710350e-04
9	RESET	-1.951500e+00	-1.698620e-04
9	RESET	-2.001510e+00	-1.912770e-04
9	RESET	-2.051760e+00	-2.103170e-04
9	RESET	-2.101760e+00	-2.296770e-04
9	RESET	-2.151950e+00	-2.688020e-04
9	RESET	-2.201880e+00	-2.974170e-04
9	RESET	-2.201940e+00	-3.001390e-04
9	RESET	-2.151920e+00	-2.678000e-04
9	RESET	-2.101840e+00	-2.422110e-04
9	RESET	-2.051730e+00	-2.191280e-04
9	RESET	-2.001530e+00	-1.966410e-04
9	RESET	-1.951510e+00	-1.799860e-04
9	RESET	-1.901490e+00	-1.656810e-04
9	RESET	-1.851430e+00	-1.511970e-04
9	RESET	-1.801380e+00	-1.392500e-04
9	RESET	-1.751360e+00	-1.263370e-04
9	RESET	-1.701350e+00	-1.166360e-04
9	RESET	-1.651310e+00	-1.052950e-04
9	RESET	-1.601260e+00	-9.700060e-05
9	RESET	-1.551240e+00	-8.769280e-05
9	RESET	-1.501200e+00	-7.966290e-05
9	RESET	-1.451180e+00	-7.270570e-05
9	RESET	-1.401090e+00	-6.563760e-05
9	RESET	-1.351110e+00	-5.911290e-05
9	RESET	-1.301050e+00	-5.288310e-05
9	RESET	-1.251040e+00	-4.701870e-05
9	RESET	-1.200950e+00	-4.148600e-05
9	RESET	-1.150970e+00	-3.638920e-05
9	RESET	-1.100900e+00	-3.231360e-05
9	RESET	-1.050840e+00	-2.844470e-05
9	RESET	-1.000820e+00	-2.469910e-05
9	RESET	-9.507740e-01	-2.089100e-05
9	RESET	-9.007350e-01	-1.735360e-05
9	RESET	-8.506750e-01	-1.490310e-05
9	RESET	-8.006670e-01	-1.228750e-05
9	RESET	-7.506210e-01	-1.012040e-05
9	RESET	-7.005870e-01	-8.134260e-06
9	RESET	-6.505460e-01	-6.594820e-06
9	RESET	-6.005280e-01	-5.216210e-06
9	RESET	-5.504330e-01	-4.135210e-06
9	RESET	-5.004180e-01	-3.102940e-06
9	RESET	-4.503480e-01	-2.432410e-06
9	RESET	-4.003310e-01	-1.769280e-06
9	RESET	-3.502940e-01	-1.197180e-06
9	RESET	-3.002860e-01	-8.534640e-07
9	RESET	-2.502170e-01	-6.063300e-07
9	RESET	-2.000780e-01	-3.806110e-07
9	RESET	-1.500450e-01	-2.177720e-07
9	RESET	-9.999610e-02	-1.021160e-07
9	RESET	-4.995690e-02	-3.483080e-08
9	RESET	3.247260e-05	-1.242480e-08
10	SET	4.308220e-05	7.184740e-11
10	SET	5.007770e-02	2.887200e-08
10	SET	1.001120e-01	4.970300e-08
10	SET	1.501550e-01	9.646300e-08
10	SET	2.001840e-01	1.575920e-07
10	SET	2.501120e-01	1.880910e-07
10	SET	3.001210e-01	2.608090e-07
10	SET	3.501970e-01	2.975830e-07
10	SET	4.001990e-01	3.686700e-07
10	SET	4.502670e-01	4.507760e-07
10	SET	5.002830e-01	5.782570e-07
10	SET	5.503280e-01	7.109590e-07
10	SET	6.003530e-01	9.161150e-07
10	SET	6.504310e-01	1.106540e-06
10	SET	7.004510e-01	1.418050e-06
10	SET	7.504800e-01	1.638130e-06
10	SET	8.005260e-01	2.024880e-06
10	SET	8.505780e-01	2.486960e-06
10	SET	9.005930e-01	3.576940e-06
10	SET	9.506440e-01	4.371910e-04
10	SET	1.000690e+00	4.801070e-04
10	SET	1.050720e+00	5.301450e-04
10	SET	1.100740e+00	5.301450e-04
10	SET	1.150800e+00	5.301450e-04
10	SET	1.200810e+00	5.301430e-04
10	SET	1.250880e+00	5.301460e-04
10	SET	1.300910e+00	5.301400e-04
10	SET	1.350960e+00	5.301410e-04
10	SET	1.400970e+00	5.301440e-04
10	SET	1.451020e+00	5.301460e-04
10	SET	1.501040e+00	5.301490e-04
10	SET	1.551100e+00	5.301410e-04
10	SET	1.601120e+00	5.301430e-04
10	SET	1.651130e+00	5.301400e-04
10	SET	1.701150e+00	5.301470e-04
10	SET	1.751210e+00	5.301430e-04
10	SET	1.801250e+00	5.301430e-04
10	SET	1.851300e+00	5.301410e-04
10	SET	1.901300e+00	5.301410e-04
10	SET	1.951340e+00	5.301400e-04
10	SET	2.001370e+00	5.301430e-04
10	SET	2.050850e+00	5.301410e-04
10	SET	2.100590e+00	5.301440e-04
10	SET	2.151110e+00	5.301440e-04
10	SET	2.201110e+00	5.301440e-04
10	SET	2.251040e+00	5.301460e-04
10	SET	2.300910e+00	5.301450e-04
10	SET	2.351370e+00	5.301430e-04
10	SET	2.401220e+00	5.301450e-04
10	SET	2.451220e+00	5.301400e-04
10	SET	2.501260e+00	5.301440e-04
10	SET	2.551320e+00	5.301410e-04
10	SET	2.601120e+00	5.301430e-04
10	SET	2.651240e+00	5.301440e-04
10	SET	2.701270e+00	5.301440e-04
10	SET	2.751270e+00	5.301430e-04
10	SET	2.801340e+00	5.301440e-04
10	SET	2.851660e+00	5.301460e-04
10	SET	2.901650e+00	5.301440e-04
10	SET	2.951600e+00	5.301430e-04
10	SET	3.001530e+00	5.301480e-04
10	SET	3.001390e+00	5.301460e-04
10	SET	2.951350e+00	5.301390e-04
10	SET	2.901560e+00	5.301460e-04
10	SET	2.851780e+00	5.301430e-04
10	SET	2.801320e+00	5.301470e-04
10	SET	2.751460e+00	5.301430e-04
10	SET	2.701500e+00	5.301450e-04
10	SET	2.651310e+00	5.301510e-04
10	SET	2.601270e+00	5.301430e-04
10	SET	2.551420e+00	5.301430e-04
10	SET	2.501340e+00	5.301510e-04
10	SET	2.451120e+00	5.301460e-04
10	SET	2.400910e+00	5.301460e-04
10	SET	2.351120e+00	5.301430e-04
10	SET	2.300780e+00	5.301410e-04
10	SET	2.251060e+00	5.301480e-04
10	SET	2.201030e+00	5.301450e-04
10	SET	2.151030e+00	5.301440e-04
10	SET	2.100750e+00	5.301510e-04
10	SET	2.050790e+00	5.301380e-04
10	SET	2.001380e+00	5.301450e-04
10	SET	1.951330e+00	5.301430e-04
10	SET	1.901300e+00	5.301440e-04
10	SET	1.851280e+00	5.301400e-04
10	SET	1.801230e+00	5.301410e-04
10	SET	1.751210e+00	5.301440e-04
10	SET	1.701160e+00	5.301440e-04
10	SET	1.651150e+00	5.301460e-04
10	SET	1.601100e+00	5.301400e-04
10	SET	1.551100e+00	5.301440e-04
10	SET	1.501040e+00	5.301410e-04
10	SET	1.451030e+00	5.301430e-04
10	SET	1.400970e+00	5.301450e-04
10	SET	1.350940e+00	5.301440e-04
10	SET	1.300890e+00	5.301400e-04
10	SET	1.250900e+00	5.301470e-04
10	SET	1.200830e+00	5.301470e-04
10	SET	1.150820e+00	5.301430e-04
10	SET	1.100740e+00	5.301440e-04
10	SET	1.050720e+00	5.301520e-04
10	SET	1.000690e+00	5.301460e-04
10	SET	9.506580e-01	5.301530e-04
10	SET	9.005910e-01	5.301500e-04
10	SET	8.505910e-01	5.301500e-04
10	SET	8.005370e-01	5.301530e-04
10	SET	7.505090e-01	5.301510e-04
10	SET	7.004550e-01	4.655050e-04
10	SET	6.504430e-01	3.847890e-04
10	SET	6.003490e-01	3.106220e-04
10	SET	5.503160e-01	2.444350e-04
10	SET	5.002860e-01	1.876350e-04
10	SET	4.502640e-01	1.432010e-04
10	SET	4.002090e-01	1.090150e-04
10	SET	3.501560e-01	8.345160e-05
10	SET	3.001310e-01	6.401240e-05
10	SET	2.501120e-01	4.871980e-05
10	SET	2.001940e-01	3.628490e-05
10	SET	1.501570e-01	2.579310e-05
10	SET	1.001190e-01	1.658210e-05
10	SET	5.008890e-02	8.151210e-06
10	SET	4.210470e-05	2.396960e-08
10	RESET	4.055500e-05	1.830030e-08
10	RESET	-4.995730e-02	-8.271830e-06
10	RESET	-9.994620e-02	-1.714940e-05
10	RESET	-1.500390e-01	-2.739630e-05
10	RESET	-2.000720e-01	-3.938590e-05
10	RESET	-2.501950e-01	-5.406430e-05
10	RESET	-3.002470e-01	-7.244410e-05
10	RESET	-3.503000e-01	-9.630190e-05
10	RESET	-4.003580e-01	-1.273800e-04
10	RESET	-4.503650e-01	-1.665510e-04
10	RESET	-5.004010e-01	-2.007740e-04
10	RESET	-5.505890e-01	-2.331980e-04
10	RESET	-6.005100e-01	-2.022520e-04
10	RESET	-6.505170e-01	-2.300440e-04
10	RESET	-7.006050e-01	-2.645020e-04
10	RESET	-7.506180e-01	-2.965450e-04
10	RESET	-8.006850e-01	-2.293380e-04
10	RESET	-8.506880e-01	-2.001720e-04
10	RESET	-9.007510e-01	-1.521190e-04
10	RESET	-9.507740e-01	-1.347690e-04
10	RESET	-1.000830e+00	-1.331340e-04
10	RESET	-1.050840e+00	-1.143130e-04
10	RESET	-1.100920e+00	-1.131170e-04
10	RESET	-1.150950e+00	-1.134000e-04
10	RESET	-1.200970e+00	-1.058950e-04
10	RESET	-1.251020e+00	-1.075370e-04
10	RESET	-1.301060e+00	-1.193650e-04
10	RESET	-1.351110e+00	-1.139790e-04
10	RESET	-1.401110e+00	-1.073380e-04
10	RESET	-1.451170e+00	-1.102590e-04
10	RESET	-1.501200e+00	-1.209300e-04
10	RESET	-1.551250e+00	-1.185740e-04
10	RESET	-1.601260e+00	-1.319500e-04
10	RESET	-1.651310e+00	-1.304170e-04
10	RESET	-1.701330e+00	-1.354790e-04
10	RESET	-1.751380e+00	-1.629760e-04
10	RESET	-1.801380e+00	-1.437980e-04
10	RESET	-1.851440e+00	-1.627050e-04
10	RESET	-1.901480e+00	-1.739690e-04
10	RESET	-1.951520e+00	-1.933210e-04
10	RESET	-2.001530e+00	-2.088120e-04
10	RESET	-2.051780e+00	-2.338230e-04
10	RESET	-2.101790e+00	-2.760050e-04
10	RESET	-2.151930e+00	-2.851510e-04
10	RESET	-2.201880e+00	-3.158090e-04
10	RESET	-2.201990e+00	-3.029460e-04
10	RESET	-2.151970e+00	-2.687860e-04
10	RESET	-2.101690e+00	-2.414070e-04
10	RESET	-2.051860e+00	-2.193970e-04
10	RESET	-2.001500e+00	-1.986970e-04
10	RESET	-1.951500e+00	-1.858780e-04
10	RESET	-1.901480e+00	-1.682560e-04
10	RESET	-1.851450e+00	-1.531420e-04
10	RESET	-1.801410e+00	-1.384970e-04
10	RESET	-1.751380e+00	-1.275080e-04
10	RESET	-1.701330e+00	-1.157180e-04
10	RESET	-1.651330e+00	-1.070130e-04
10	RESET	-1.601240e+00	-9.633860e-05
10	RESET	-1.551240e+00	-8.789500e-05
10	RESET	-1.501190e+00	-7.974180e-05
10	RESET	-1.451160e+00	-7.178250e-05
10	RESET	-1.401110e+00	-6.483180e-05
10	RESET	-1.351130e+00	-5.790790e-05
10	RESET	-1.301050e+00	-5.159280e-05
10	RESET	-1.251040e+00	-4.607110e-05
10	RESET	-1.200960e+00	-4.039070e-05
10	RESET	-1.150960e+00	-3.489610e-05
10	RESET	-1.100900e+00	-3.075200e-05
10	RESET	-1.050860e+00	-2.705350e-05
10	RESET	-1.000820e+00	-2.344520e-05
10	RESET	-9.507770e-01	-1.991300e-05
10	RESET	-9.007490e-01	-1.687350e-05
10	RESET	-8.506810e-01	-1.410300e-05
10	RESET	-8.006780e-01	-1.176790e-05
10	RESET	-7.506210e-01	-9.464960e-06
10	RESET	-7.005850e-01	-7.703220e-06
10	RESET	-6.505250e-01	-6.010610e-06
10	RESET	-6.005040e-01	-4.734200e-06
10	RESET	-5.504500e-01	-3.598160e-06
10	RESET	-5.004220e-01	-2.575860e-06
10	RESET	-4.503490e-01	-2.012270e-06
10	RESET	-4.003650e-01	-1.448190e-06
10	RESET	-3.503070e-01	-1.025400e-06
10	RESET	-3.002750e-01	-7.139750e-07
10	RESET	-2.502170e-01	-4.643370e-07
10	RESET	-2.000780e-01	-3.022150e-07
10	RESET	-1.500460e-01	-1.712820e-07
10	RESET	-9.999650e-02	-8.910020e-08
10	RESET	-4.995620e-02	-3.676850e-08
10	RESET	3.893380e-05	-1.491940e-09
11	SET	4.470350e-05	1.740460e-11
11	SET	5.006500e-02	1.901670e-08
11	SET	1.000990e-01	5.642240e-08
11	SET	1.501420e-01	1.592610e-07
11	SET	2.001890e-01	1.871420e-07
11	SET	2.501080e-01	2.913060e-07
11	SET	3.001370e-01	3.839950e-07
11	SET	3.501990e-01	4.644890e-07
11	SET	4.001930e-01	4.408140e-07
11	SET	4.502760e-01	5.133670e-07
11	SET	5.002690e-01	6.423200e-07
11	SET	5.503370e-01	7.011050e-07
11	SET	6.003770e-01	8.869520e-07
11	SET	6.504280e-01	1.102430e-06
11	SET	7.004310e-01	1.365240e-06
11	SET	7.504780e-01	1.678820e-06
11	SET	8.005200e-01	1.980340e-06
11	SET	8.506000e-01	2.468480e-06
11	SET	9.006020e-01	4.474250e-06
11	SET	9.506610e-01	4.543850e-06
11	SET	1.000660e+00	6.348710e-06
11	SET	1.050730e+00	8.030040e-06
11	SET	1.100770e+00	7.187710e-06
11	SET	1.150860e+00	9.106150e-06
11	SET	1.200830e+00	8.551130e-06
11	SET	1.250870e+00	9.333600e-06
11	SET	1.300920e+00	5.301520e-04
11	SET	1.350950e+00	5.301480e-04
11	SET	1.401000e+00	5.301450e-04
11	SET	1.451020e+00	5.301490e-04
11	SET	1.501040e+00	5.301520e-04
11	SET	1.551060e+00	5.301450e-04
11	SET	1.601140e+00	5.301480e-04
11	SET	1.651140e+00	5.301460e-04
11	SET	1.701170e+00	5.301480e-04
11	SET	1.751220e+00	5.301430e-04
11	SET	1.801250e+00	5.301370e-04
11	SET	1.851280e+00	5.301430e-04
11	SET	1.901300e+00	5.301420e-04
11	SET	1.951350e+00	5.301420e-04
11	SET	2.001380e+00	5.301410e-04
11	SET	2.050710e+00	5.301460e-04
11	SET	2.100730e+00	5.301440e-04
11	SET	2.150890e+00	5.301410e-04
11	SET	2.201080e+00	5.301400e-04
11	SET	2.250930e+00	5.301430e-04
11	SET	2.300810e+00	5.301410e-04
11	SET	2.351180e+00	5.301490e-04
11	SET	2.401000e+00	5.301410e-04
11	SET	2.451120e+00	5.301470e-04
11	SET	2.501200e+00	5.301410e-04
11	SET	2.551360e+00	5.301420e-04
11	SET	2.601370e+00	5.301420e-04
11	SET	2.651340e+00	5.301430e-04
11	SET	2.701540e+00	5.301420e-04
11	SET	2.751200e+00	5.301470e-04
11	SET	2.801290e+00	5.301470e-04
11	SET	2.851610e+00	5.301430e-04
11	SET	2.901510e+00	5.301440e-04
11	SET	2.951470e+00	5.301500e-04
11	SET	3.001440e+00	5.301520e-04
11	SET	3.001410e+00	5.301470e-04
11	SET	2.951560e+00	5.301430e-04
11	SET	2.901620e+00	5.301470e-04
11	SET	2.851500e+00	5.301510e-04
11	SET	2.801200e+00	5.301520e-04
11	SET	2.751420e+00	5.301480e-04
11	SET	2.701580e+00	5.301470e-04
11	SET	2.651240e+00	5.301510e-04
11	SET	2.601250e+00	5.301430e-04
11	SET	2.551450e+00	5.301480e-04
11	SET	2.501220e+00	5.301420e-04
11	SET	2.451030e+00	5.301450e-04
11	SET	2.401110e+00	5.301490e-04
11	SET	2.351250e+00	5.301500e-04
11	SET	2.301060e+00	5.301460e-04
11	SET	2.251060e+00	5.301470e-04
11	SET	2.201050e+00	5.301460e-04
11	SET	2.150950e+00	5.301370e-04
11	SET	2.100620e+00	5.301360e-04
11	SET	2.050760e+00	5.301430e-04
11	SET	2.001360e+00	5.301420e-04
11	SET	1.951370e+00	5.301440e-04
11	SET	1.901290e+00	5.301460e-04
11	SET	1.851280e+00	5.301440e-04
11	SET	1.801240e+00	5.301410e-04
11	SET	1.751210e+00	5.301430e-04
11	SET	1.701170e+00	5.301440e-04
11	SET	1.651120e+00	5.301450e-04
11	SET	1.601090e+00	5.301460e-04
11	SET	1.551080e+00	5.301430e-04
11	SET	1.501020e+00	5.301510e-04
11	SET	1.451040e+00	5.301450e-04
11	SET	1.400980e+00	5.301510e-04
11	SET	1.350960e+00	5.301470e-04
11	SET	1.300900e+00	5.301460e-04
11	SET	1.250890e+00	5.301510e-04
11	SET	1.200840e+00	5.301440e-04
11	SET	1.150800e+00	5.301470e-04
11	SET	1.100750e+00	5.301530e-04
11	SET	1.050730e+00	5.301490e-04
11	SET	1.000700e+00	5.301500e-04
11	SET	9.506500e-01	5.301490e-04
11	SET	9.006110e-01	5.301520e-04
11	SET	8.505980e-01	5.301480e-04
11	SET	8.005270e-01	5.301540e-04
11	SET	7.505040e-01	4.867240e-04
11	SET	7.004380e-01	4.148830e-04
11	SET	6.504440e-01	3.418670e-04
11	SET	6.003660e-01	2.790300e-04
11	SET	5.503480e-01	2.214320e-04
11	SET	5.002940e-01	1.703300e-04
11	SET	4.502480e-01	1.263950e-04
11	SET	4.001760e-01	9.307770e-05
11	SET	3.501670e-01	6.901240e-05
11	SET	3.001210e-01	5.120830e-05
11	SET	2.501020e-01	3.807710e-05
11	SET	2.001910e-01	2.788730e-05
11	SET	1.501550e-01	1.959260e-05
11	SET	1.001170e-01	1.250620e-05
11	SET	5.008550e-02	6.116240e-06
11	SET	3.993510e-05	1.772080e-08
11	RESET	2.670290e-05	1.185050e-08
11	RESET	-4.994490e-02	-6.209610e-06
11	RESET	-9.995230e-02	-1.301030e-05
11	RESET	-1.500300e-01	-2.104780e-05
11	RESET	-2.000770e-01	-3.069210e-05
11	RESET	-2.501940e-01	-4.304490e-05
11	RESET	-3.002580e-01	-5.961910e-05
11	RESET	-3.502910e-01	-8.184820e-05
11	RESET	-4.003540e-01	-1.108060e-04
11	RESET	-4.503790e-01	-1.388060e-04
11	RESET	-5.003880e-01	-5.368540e-04
11	RESET	-5.504430e-01	-7.772640e-05
11	RESET	-6.005280e-01	-8.813030e-05
11	RESET	-6.505310e-01	-1.062530e-04
11	RESET	-7.005930e-01	-1.318700e-04
11	RESET	-7.506030e-01	-1.484380e-04
11	RESET	-8.006700e-01	-1.618280e-04
11	RESET	-8.506740e-01	-1.766590e-04
11	RESET	-9.007540e-01	-2.095240e-04
11	RESET	-9.507780e-01	-2.199000e-04
11	RESET	-1.000830e+00	-1.880140e-04
11	RESET	-1.050850e+00	-1.819020e-04
11	RESET	-1.100900e+00	-1.598550e-04
11	RESET	-1.150970e+00	-1.435860e-04
11	RESET	-1.200970e+00	-1.397790e-04
11	RESET	-1.251040e+00	-1.305650e-04
11	RESET	-1.301060e+00	-1.323300e-04
11	RESET	-1.351130e+00	-1.364130e-04
11	RESET	-1.401130e+00	-1.149190e-04
11	RESET	-1.451170e+00	-1.105790e-04
11	RESET	-1.501210e+00	-1.209220e-04
11	RESET	-1.551230e+00	-1.328720e-04
11	RESET	-1.601240e+00	-1.248900e-04
11	RESET	-1.651310e+00	-1.429180e-04
11	RESET	-1.701340e+00	-1.473460e-04
11	RESET	-1.751360e+00	-1.489440e-04
11	RESET	-1.801400e+00	-1.671130e-04
11	RESET	-1.851440e+00	-1.822730e-04
11	RESET	-1.901460e+00	-1.998240e-04
11	RESET	-1.951500e+00	-2.119160e-04
11	RESET	-2.001500e+00	-2.420960e-04
11	RESET	-2.051780e+00	-2.729940e-04
11	RESET	-2.101710e+00	-2.818880e-04
11	RESET	-2.151870e+00	-3.129230e-04
11	RESET	-2.201940e+00	-3.496410e-04
11	RESET	-2.201770e+00	-3.220610e-04
11	RESET	-2.152020e+00	-2.859250e-04
11	RESET	-2.101830e+00	-2.548270e-04
11	RESET	-2.051860e+00	-2.301720e-04
11	RESET	-2.001550e+00	-2.090940e-04
11	RESET	-1.951490e+00	-1.896670e-04
11	RESET	-1.901480e+00	-1.733970e-04
11	RESET	-1.851450e+00	-1.562870e-04
11	RESET	-1.801390e+00	-1.393650e-04
11	RESET	-1.751390e+00	-1.317870e-04
11	RESET	-1.701340e+00	-1.195030e-04
11	RESET	-1.651320e+00	-1.086440e-04
11	RESET	-1.601250e+00	-9.751210e-05
11	RESET	-1.551230e+00	-8.720350e-05
11	RESET	-1.501190e+00	-7.912500e-05
11	RESET	-1.451170e+00	-7.146520e-05
11	RESET	-1.401100e+00	-6.455000e-05
11	RESET	-1.351110e+00	-5.785090e-05
11	RESET	-1.301060e+00	-5.177390e-05
11	RESET	-1.251020e+00	-4.547070e-05
11	RESET	-1.200980e+00	-4.079860e-05
11	RESET	-1.150980e+00	-3.582740e-05
11	RESET	-1.100900e+00	-3.134000e-05
11	RESET	-1.050830e+00	-2.752950e-05
11	RESET	-1.000830e+00	-2.381780e-05
11	RESET	-9.507630e-01	-2.019950e-05
11	RESET	-9.007500e-01	-1.725980e-05
11	RESET	-8.507030e-01	-1.427410e-05
11	RESET	-8.006940e-01	-1.185630e-05
11	RESET	-7.506350e-01	-9.807310e-06
11	RESET	-7.005890e-01	-8.029670e-06
11	RESET	-6.505140e-01	-6.571360e-06
11	RESET	-6.005200e-01	-5.248170e-06
11	RESET	-5.504430e-01	-4.013400e-06
11	RESET	-5.004230e-01	-3.106940e-06
11	RESET	-4.503620e-01	-2.250780e-06
11	RESET	-4.003730e-01	-1.741730e-06
11	RESET	-3.503010e-01	-1.243210e-06
11	RESET	-3.002510e-01	-8.943240e-07
11	RESET	-2.502100e-01	-5.899710e-07
11	RESET	-2.000790e-01	-3.730010e-07
11	RESET	-1.500400e-01	-2.083990e-07
11	RESET	-9.999700e-02	-1.098370e-07
11	RESET	-4.996090e-02	-4.575900e-08
11	RESET	3.480910e-05	-4.550700e-10
12	SET	3.147130e-05	-8.773800e-11
12	SET	5.007520e-02	3.544950e-08
12	SET	1.001130e-01	7.153320e-08
12	SET	1.501270e-01	9.991090e-08
12	SET	2.001730e-01	2.074760e-07
12	SET	2.501210e-01	2.303660e-07
12	SET	3.001300e-01	2.895430e-07
12	SET	3.501670e-01	3.720580e-07
12	SET	4.002050e-01	4.975570e-07
12	SET	4.502580e-01	6.588680e-07
12	SET	5.002590e-01	8.701110e-07
12	SET	5.503130e-01	1.254100e-06
12	SET	6.003570e-01	1.573050e-06
12	SET	6.504210e-01	1.884550e-06
12	SET	7.004380e-01	2.650650e-06
12	SET	7.505270e-01	3.129480e-06
12	SET	8.005200e-01	2.176800e-04
12	SET	8.505690e-01	2.465980e-04
12	SET	9.005780e-01	2.749960e-04
12	SET	9.506460e-01	3.071200e-04
12	SET	1.000690e+00	3.362300e-04
12	SET	1.050750e+00	3.449820e-04
12	SET	1.100760e+00	3.758970e-04
12	SET	1.150800e+00	3.891000e-04
12	SET	1.200830e+00	4.181770e-04
12	SET	1.250890e+00	4.427420e-04
12	SET	1.300920e+00	4.692510e-04
12	SET	1.350950e+00	5.301360e-04
12	SET	1.400970e+00	5.301430e-04
12	SET	1.451000e+00	5.301380e-04
12	SET	1.501020e+00	5.301410e-04
12	SET	1.551090e+00	5.301400e-04
12	SET	1.601110e+00	5.301450e-04
12	SET	1.651140e+00	5.301410e-04
12	SET	1.701170e+00	5.301440e-04
12	SET	1.751210e+00	5.301440e-04
12	SET	1.801230e+00	5.301400e-04
12	SET	1.851290e+00	5.301470e-04
12	SET	1.901290e+00	5.301450e-04
12	SET	1.951350e+00	5.301430e-04
12	SET	2.001360e+00	5.301440e-04
12	SET	2.050610e+00	5.301350e-04
12	SET	2.100680e+00	5.301400e-04
12	SET	2.150960e+00	5.301450e-04
12	SET	2.201030e+00	5.301400e-04
12	SET	2.250910e+00	5.301440e-04
12	SET	2.300920e+00	5.301440e-04
12	SET	2.351200e+00	5.301420e-04
12	SET	2.401080e+00	5.301400e-04
12	SET	2.451070e+00	5.301460e-04
12	SET	2.501160e+00	5.301440e-04
12	SET	2.551420e+00	5.301470e-04
12	SET	2.601180e+00	5.301500e-04
12	SET	2.651100e+00	5.301460e-04
12	SET	2.701370e+00	5.301430e-04
12	SET	2.751150e+00	5.301480e-04
12	SET	2.801360e+00	5.301490e-04
12	SET	2.851390e+00	5.301470e-04
12	SET	2.901640e+00	5.301480e-04
12	SET	2.951500e+00	5.301540e-04
12	SET	3.001370e+00	5.301460e-04
12	SET	3.001560e+00	5.301480e-04
12	SET	2.951490e+00	5.301440e-04
12	SET	2.901490e+00	5.301480e-04
12	SET	2.851560e+00	5.301460e-04
12	SET	2.801210e+00	5.301470e-04
12	SET	2.751510e+00	5.301430e-04
12	SET	2.701260e+00	5.301480e-04
12	SET	2.651120e+00	5.301410e-04
12	SET	2.601250e+00	5.301430e-04
12	SET	2.551310e+00	5.301410e-04
12	SET	2.501210e+00	5.301440e-04
12	SET	2.451060e+00	5.301450e-04
12	SET	2.400930e+00	5.301410e-04
12	SET	2.351160e+00	5.301490e-04
12	SET	2.300890e+00	5.301370e-04
12	SET	2.250990e+00	5.301430e-04
12	SET	2.200910e+00	5.301320e-04
12	SET	2.151040e+00	5.301380e-04
12	SET	2.100720e+00	5.301400e-04
12	SET	2.050780e+00	5.301420e-04
12	SET	2.001370e+00	5.301420e-04
12	SET	1.951350e+00	5.301400e-04
12	SET	1.901300e+00	5.301440e-04
12	SET	1.851290e+00	5.301400e-04
12	SET	1.801220e+00	5.301420e-04
12	SET	1.751220e+00	5.301340e-04
12	SET	1.701160e+00	5.301400e-04
12	SET	1.651150e+00	5.301410e-04
12	SET	1.601100e+00	5.301360e-04
12	SET	1.551070e+00	5.301320e-04
12	SET	1.501030e+00	5.301380e-04
12	SET	1.451020e+00	5.301440e-04
12	SET	1.400970e+00	5.301320e-04
12	SET	1.350940e+00	5.301390e-04
12	SET	1.300930e+00	5.301330e-04
12	SET	1.250890e+00	5.301360e-04
12	SET	1.200830e+00	5.301420e-04
12	SET	1.150810e+00	5.301410e-04
12	SET	1.100750e+00	5.301400e-04
12	SET	1.050740e+00	5.301350e-04
12	SET	1.000670e+00	5.301320e-04
12	SET	9.506520e-01	5.301370e-04
12	SET	9.005980e-01	5.301370e-04
12	SET	8.505660e-01	5.301370e-04
12	SET	8.005040e-01	5.301370e-04
12	SET	7.504890e-01	5.301400e-04
12	SET	7.004080e-01	5.301440e-04
12	SET	6.504170e-01	5.301430e-04
12	SET	6.003450e-01	5.301420e-04
12	SET	5.503350e-01	5.301360e-04
12	SET	5.002570e-01	5.301360e-04
12	SET	4.502640e-01	5.301420e-04
12	SET	4.002010e-01	5.225680e-04
12	SET	3.501610e-01	4.301230e-04
12	SET	3.001410e-01	3.397050e-04
12	SET	2.500950e-01	2.568780e-04
12	SET	2.001870e-01	1.904650e-04
12	SET	1.501470e-01	1.254860e-04
12	SET	1.001090e-01	7.463050e-05
12	SET	5.007860e-02	3.456190e-05
12	SET	2.498630e-05	8.084190e-08
12	RESET	1.499650e-05	4.491620e-08
12	RESET	-4.990150e-02	-3.453670e-05
12	RESET	-9.999550e-02	-7.555340e-05
12	RESET	-1.500410e-01	-1.267030e-04
12	RESET	-2.000770e-01	-1.900270e-04
12	RESET	-2.502160e-01	-2.660590e-04
12	RESET	-3.002520e-01	-3.204800e-04
12	RESET	-3.502980e-01	-3.941890e-04
12	RESET	-4.003560e-01	-4.854400e-04
12	RESET	-4.503710e-01	-5.358160e-04
12	RESET	-5.004170e-01	-5.931540e-05
12	RESET	-5.504540e-01	-6.912970e-05
12	RESET	-6.005250e-01	-5.902320e-05
12	RESET	-6.505160e-01	-6.870740e-05
12	RESET	-7.005950e-01	-6.808920e-05
12	RESET	-7.506380e-01	-7.960250e-05
12	RESET	-8.006700e-01	-9.625130e-05
12	RESET	-8.506750e-01	-1.010480e-04
12	RESET	-9.007490e-01	-1.212470e-04
12	RESET	-9.507620e-01	-1.437350e-04
12	RESET	-1.000830e+00	-1.380410e-04
12	RESET	-1.050830e+00	-1.403840e-04
12	RESET	-1.100910e+00	-1.317710e-04
12	RESET	-1.150980e+00	-1.191120e-04
12	RESET	-1.200990e+00	-1.209750e-04
12	RESET	-1.251030e+00	-1.138160e-04
12	RESET	-1.301050e+00	-1.158440e-04
12	RESET	-1.351120e+00	-9.738200e-05
12	RESET	-1.401130e+00	-1.008570e-04
12	RESET	-1.451170e+00	-1.128520e-04
12	RESET	-1.501190e+00	-1.153920e-04
12	RESET	-1.551250e+00	-1.202670e-04
12	RESET	-1.601250e+00	-1.241620e-04
12	RESET	-1.651320e+00	-1.395720e-04
12	RESET	-1.701310e+00	-1.475670e-04
12	RESET	-1.751400e+00	-1.412180e-04
12	RESET	-1.801390e+00	-1.565560e-04
12	RESET	-1.851420e+00	-1.722070e-04
12	RESET	-1.901480e+00	-1.914040e-04
12	RESET	-1.951520e+00	-2.167510e-04
12	RESET	-2.001510e+00	-2.306660e-04
12	RESET	-2.051730e+00	-2.642680e-04
12	RESET	-2.101600e+00	-2.800160e-04
12	RESET	-2.152010e+00	-2.964290e-04
12	RESET	-2.201940e+00	-3.387800e-04
12	RESET	-2.201850e+00	-3.245920e-04
12	RESET	-2.152060e+00	-2.855830e-04
12	RESET	-2.101800e+00	-2.557160e-04
12	RESET	-2.051750e+00	-2.263210e-04
12	RESET	-2.001520e+00	-2.030430e-04
12	RESET	-1.951500e+00	-1.857540e-04
12	RESET	-1.901470e+00	-1.679800e-04
12	RESET	-1.851440e+00	-1.525090e-04
12	RESET	-1.801390e+00	-1.392850e-04
12	RESET	-1.751400e+00	-1.275000e-04
12	RESET	-1.701320e+00	-1.155280e-04
12	RESET	-1.651290e+00	-1.067320e-04
12	RESET	-1.601250e+00	-9.669450e-05
12	RESET	-1.551230e+00	-8.730230e-05
12	RESET	-1.501200e+00	-7.869080e-05
12	RESET	-1.451170e+00	-7.164410e-05
12	RESET	-1.401130e+00	-6.449680e-05
12	RESET	-1.351110e+00	-5.791270e-05
12	RESET	-1.301060e+00	-5.166820e-05
12	RESET	-1.251020e+00	-4.597170e-05
12	RESET	-1.200940e+00	-4.098490e-05
12	RESET	-1.150950e+00	-3.552550e-05
12	RESET	-1.100920e+00	-3.164750e-05
12	RESET	-1.050860e+00	-2.753910e-05
12	RESET	-1.000830e+00	-2.329960e-05
12	RESET	-9.507830e-01	-2.012590e-05
12	RESET	-9.007500e-01	-1.716590e-05
12	RESET	-8.506700e-01	-1.436570e-05
12	RESET	-8.006770e-01	-1.182740e-05
12	RESET	-7.506270e-01	-9.633310e-06
12	RESET	-7.005950e-01	-7.934220e-06
12	RESET	-6.505390e-01	-6.485900e-06
12	RESET	-6.005320e-01	-5.033480e-06
12	RESET	-5.504810e-01	-4.025500e-06
12	RESET	-5.004140e-01	-3.100000e-06
12	RESET	-4.503760e-01	-2.323980e-06
12	RESET	-4.003730e-01	-1.666420e-06
12	RESET	-3.503040e-01	-1.252820e-06
12	RESET	-3.002710e-01	-9.028310e-07
12	RESET	-2.501950e-01	-6.105750e-07
12	RESET	-2.000760e-01	-4.267370e-07
12	RESET	-1.500430e-01	-2.826820e-07
12	RESET	-9.999890e-02	-1.473950e-07
12	RESET	-4.995370e-02	-5.375890e-08
12	RESET	2.372260e-05	-2.209520e-08
13	SET	3.876690e-05	2.548220e-10
13	SET	5.008340e-02	3.585480e-08
13	SET	1.001060e-01	6.187730e-08
13	SET	1.501420e-01	1.390090e-07
13	SET	2.001930e-01	1.815400e-07
13	SET	2.500980e-01	2.465020e-07
13	SET	3.001350e-01	3.002860e-07
13	SET	3.501630e-01	4.024310e-07
13	SET	4.001960e-01	5.049450e-07
13	SET	4.502490e-01	6.534780e-07
13	SET	5.002830e-01	7.793660e-07
13	SET	5.503540e-01	9.213880e-07
13	SET	6.003680e-01	1.176910e-06
13	SET	6.504390e-01	1.439240e-06
13	SET	7.004440e-01	1.724360e-06
13	SET	7.505070e-01	2.082380e-06
13	SET	8.005260e-01	2.469280e-06
13	SET	8.505650e-01	3.037730e-06
13	SET	9.005950e-01	3.453650e-06
13	SET	9.506550e-01	4.068240e-06
13	SET	1.000690e+00	4.420920e-06
13	SET	1.050630e+00	7.523470e-06
13	SET	1.100740e+00	9.127290e-06
13	SET	1.150760e+00	1.094330e-05
13	SET	1.200830e+00	1.113040e-05
13	SET	1.250900e+00	1.025190e-05
13	SET	1.300880e+00	1.135530e-05
13	SET	1.350950e+00	1.610870e-05
13	SET	1.400800e+00	8.271000e-05
13	SET	1.451020e+00	5.301510e-04
13	SET	1.501030e+00	5.301400e-04
13	SET	1.551090e+00	5.301370e-04
13	SET	1.601100e+00	5.301400e-04
13	SET	1.651140e+00	5.301440e-04
13	SET	1.701170e+00	5.301400e-04
13	SET	1.751220e+00	5.301400e-04
13	SET	1.801240e+00	5.301410e-04
13	SET	1.851280e+00	5.301430e-04
13	SET	1.901310e+00	5.301350e-04
13	SET	1.951350e+00	5.301380e-04
13	SET	2.001370e+00	5.301450e-04
13	SET	2.050630e+00	5.301410e-04
13	SET	2.100780e+00	5.301410e-04
13	SET	2.150920e+00	5.301460e-04
13	SET	2.201000e+00	5.301410e-04
13	SET	2.251030e+00	5.301430e-04
13	SET	2.300880e+00	5.301430e-04
13	SET	2.351200e+00	5.301440e-04
13	SET	2.401240e+00	5.301430e-04
13	SET	2.450920e+00	5.301430e-04
13	SET	2.501320e+00	5.301440e-04
13	SET	2.551300e+00	5.301450e-04
13	SET	2.601250e+00	5.301460e-04
13	SET	2.651050e+00	5.301430e-04
13	SET	2.701380e+00	5.301440e-04
13	SET	2.751280e+00	5.301470e-04
13	SET	2.801290e+00	5.301470e-04
13	SET	2.851650e+00	5.301430e-04
13	SET	2.901710e+00	5.301460e-04
13	SET	2.951670e+00	5.301440e-04
13	SET	3.001570e+00	5.301410e-04
13	SET	3.001590e+00	5.301490e-04
13	SET	2.951550e+00	5.301510e-04
13	SET	2.901710e+00	5.301480e-04
13	SET	2.851670e+00	5.301480e-04
13	SET	2.801210e+00	5.301430e-04
13	SET	2.751330e+00	5.301460e-04
13	SET	2.701450e+00	5.301410e-04
13	SET	2.651070e+00	5.301420e-04
13	SET	2.601140e+00	5.301420e-04
13	SET	2.551400e+00	5.301430e-04
13	SET	2.501310e+00	5.301460e-04
13	SET	2.450960e+00	5.301390e-04
13	SET	2.400960e+00	5.301470e-04
13	SET	2.351110e+00	5.301440e-04
13	SET	2.301020e+00	5.301350e-04
13	SET	2.250930e+00	5.301440e-04
13	SET	2.200980e+00	5.301410e-04
13	SET	2.150990e+00	5.301400e-04
13	SET	2.100720e+00	5.301370e-04
13	SET	2.050670e+00	5.301420e-04
13	SET	2.001380e+00	5.301430e-04
13	SET	1.951360e+00	5.301420e-04
13	SET	1.901310e+00	5.301400e-04
13	SET	1.851280e+00	5.301350e-04
13	SET	1.801230e+00	5.301340e-04
13	SET	1.751200e+00	5.301360e-04
13	SET	1.701140e+00	5.301410e-04
13	SET	1.651130e+00	5.301390e-04
13	SET	1.601120e+00	5.301380e-04
13	SET	1.551090e+00	5.301360e-04
13	SET	1.501020e+00	5.301380e-04
13	SET	1.451030e+00	5.301380e-04
13	SET	1.400950e+00	5.301360e-04
13	SET	1.350920e+00	5.301350e-04
13	SET	1.300880e+00	5.301290e-04
13	SET	1.250880e+00	5.301330e-04
13	SET	1.200850e+00	5.301380e-04
13	SET	1.150820e+00	5.301340e-04
13	SET	1.100760e+00	5.301370e-04
13	SET	1.050740e+00	5.301440e-04
13	SET	1.000690e+00	5.301400e-04
13	SET	9.506440e-01	5.301390e-04
13	SET	9.006000e-01	5.301360e-04
13	SET	8.505740e-01	5.301440e-04
13	SET	8.005280e-01	5.301420e-04
13	SET	7.504860e-01	5.301450e-04
13	SET	7.004260e-01	5.301440e-04
13	SET	6.504100e-01	5.301400e-04
13	SET	6.003450e-01	5.301480e-04
13	SET	5.503310e-01	5.301430e-04
13	SET	5.002780e-01	5.159570e-04
13	SET	4.502600e-01	4.245050e-04
13	SET	4.002050e-01	3.331300e-04
13	SET	3.501790e-01	2.488410e-04
13	SET	3.001250e-01	1.813480e-04
13	SET	2.501130e-01	1.230390e-04
13	SET	2.001850e-01	8.217140e-05
13	SET	1.501550e-01	5.347860e-05
13	SET	1.001250e-01	3.251650e-05
13	SET	5.008710e-02	1.537790e-05
13	SET	3.795620e-05	4.316880e-08
13	RESET	2.949240e-05	4.414890e-08
13	RESET	-4.989910e-02	-1.540850e-05
13	RESET	-9.998920e-02	-3.331360e-05
13	RESET	-1.500310e-01	-5.563030e-05
13	RESET	-2.000720e-01	-8.614860e-05
13	RESET	-2.501860e-01	-1.292320e-04
13	RESET	-3.002430e-01	-1.888020e-04
13	RESET	-3.503000e-01	-2.523400e-04
13	RESET	-4.003630e-01	-2.799460e-04
13	RESET	-4.503790e-01	-3.457220e-04
13	RESET	-5.004020e-01	-3.741770e-04
13	RESET	-5.504530e-01	-4.258390e-04
13	RESET	-6.005100e-01	-4.686670e-04
13	RESET	-6.505390e-01	-6.513510e-04
13	RESET	-7.005770e-01	-7.002860e-04
13	RESET	-7.506570e-01	-6.269160e-04
13	RESET	-8.006810e-01	-1.808830e-04
13	RESET	-8.506930e-01	-2.009810e-04
13	RESET	-9.007470e-01	-2.440940e-04
13	RESET	-9.507640e-01	-2.242590e-04
13	RESET	-1.000840e+00	-8.734020e-05
13	RESET	-1.050850e+00	-9.884400e-05
13	RESET	-1.100900e+00	-9.261530e-05
13	RESET	-1.150940e+00	-8.997410e-05
13	RESET	-1.200980e+00	-7.966460e-05
13	RESET	-1.251030e+00	-7.518060e-05
13	RESET	-1.301030e+00	-8.428510e-05
13	RESET	-1.351110e+00	-8.695920e-05
13	RESET	-1.401100e+00	-9.375330e-05
13	RESET	-1.451150e+00	-9.571710e-05
13	RESET	-1.501180e+00	-1.091090e-04
13	RESET	-1.551260e+00	-1.170640e-04
13	RESET	-1.601250e+00	-1.231420e-04
13	RESET	-1.651310e+00	-1.227920e-04
13	RESET	-1.701310e+00	-1.301680e-04
13	RESET	-1.751350e+00	-1.296710e-04
13	RESET	-1.801390e+00	-1.263720e-04
13	RESET	-1.851450e+00	-1.409410e-04
13	RESET	-1.901470e+00	-1.495750e-04
13	RESET	-1.951490e+00	-1.708270e-04
13	RESET	-2.001550e+00	-1.879630e-04
13	RESET	-2.051820e+00	-2.081840e-04
13	RESET	-2.101690e+00	-2.313340e-04
13	RESET	-2.151990e+00	-2.718940e-04
13	RESET	-2.202060e+00	-3.267990e-04
13	RESET	-2.201920e+00	-3.116680e-04
13	RESET	-2.152030e+00	-2.730130e-04
13	RESET	-2.101700e+00	-2.455060e-04
13	RESET	-2.051890e+00	-2.208990e-04
13	RESET	-2.001520e+00	-1.979970e-04
13	RESET	-1.951480e+00	-1.789460e-04
13	RESET	-1.901480e+00	-1.619480e-04
13	RESET	-1.851460e+00	-1.487940e-04
13	RESET	-1.801380e+00	-1.344210e-04
13	RESET	-1.751360e+00	-1.226610e-04
13	RESET	-1.701330e+00	-1.118930e-04
13	RESET	-1.651310e+00	-1.017500e-04
13	RESET	-1.601240e+00	-9.348120e-05
13	RESET	-1.551260e+00	-8.467440e-05
13	RESET	-1.501220e+00	-7.662560e-05
13	RESET	-1.451180e+00	-6.879570e-05
13	RESET	-1.401110e+00	-6.157320e-05
13	RESET	-1.351110e+00	-5.579010e-05
13	RESET	-1.301050e+00	-4.959680e-05
13	RESET	-1.251030e+00	-4.427820e-05
13	RESET	-1.200950e+00	-3.869510e-05
13	RESET	-1.150950e+00	-3.386920e-05
13	RESET	-1.100890e+00	-2.959740e-05
13	RESET	-1.050860e+00	-2.552930e-05
13	RESET	-1.000810e+00	-2.257210e-05
13	RESET	-9.507950e-01	-1.982740e-05
13	RESET	-9.007280e-01	-1.678330e-05
13	RESET	-8.506880e-01	-1.435960e-05
13	RESET	-8.006820e-01	-1.192830e-05
13	RESET	-7.506180e-01	-9.712650e-06
13	RESET	-7.005860e-01	-8.097980e-06
13	RESET	-6.505270e-01	-6.379910e-06
13	RESET	-6.005250e-01	-5.064240e-06
13	RESET	-5.504620e-01	-3.940210e-06
13	RESET	-5.004160e-01	-2.990820e-06
13	RESET	-4.503600e-01	-2.337540e-06
13	RESET	-4.003590e-01	-1.700400e-06
13	RESET	-3.502990e-01	-1.222340e-06
13	RESET	-3.002660e-01	-8.849430e-07
13	RESET	-2.502100e-01	-5.913820e-07
13	RESET	-2.000730e-01	-3.694450e-07
13	RESET	-1.500420e-01	-2.663560e-07
13	RESET	-1.000000e-01	-1.660550e-07
13	RESET	-4.995460e-02	-6.340260e-08
13	RESET	1.885890e-05	-2.588560e-08
14	SET	3.929140e-05	-1.766680e-11
14	SET	5.007520e-02	3.814370e-08
14	SET	1.000970e-01	6.025020e-08
14	SET	1.501470e-01	1.436960e-07
14	SET	2.001900e-01	1.926720e-07
14	SET	2.501060e-01	2.600420e-07
14	SET	3.001110e-01	3.575270e-07
14	SET	3.501800e-01	4.645710e-07
14	SET	4.001910e-01	5.252690e-07
14	SET	4.502780e-01	7.543230e-07
14	SET	5.002700e-01	8.721920e-07
14	SET	5.503400e-01	1.080060e-06
14	SET	6.003480e-01	1.267150e-06
14	SET	6.504130e-01	1.207670e-04
14	SET	7.004430e-01	1.493920e-04
14	SET	7.505040e-01	2.093000e-04
14	SET	8.005400e-01	2.103170e-04
14	SET	8.505650e-01	2.376730e-04
14	SET	9.005990e-01	3.815420e-04
14	SET	9.506390e-01	5.301490e-04
14	SET	1.000700e+00	5.301490e-04
14	SET	1.050750e+00	5.301460e-04
14	SET	1.100720e+00	5.301450e-04
14	SET	1.150800e+00	5.301490e-04
14	SET	1.200840e+00	5.301430e-04
14	SET	1.250860e+00	5.301480e-04
14	SET	1.300910e+00	5.301420e-04
14	SET	1.350950e+00	5.301480e-04
14	SET	1.400970e+00	5.301360e-04
14	SET	1.451010e+00	5.301440e-04
14	SET	1.501030e+00	5.301400e-04
14	SET	1.551070e+00	5.301420e-04
14	SET	1.601110e+00	5.301440e-04
14	SET	1.651130e+00	5.301420e-04
14	SET	1.701170e+00	5.301400e-04
14	SET	1.751210e+00	5.301440e-04
14	SET	1.801210e+00	5.301440e-04
14	SET	1.851280e+00	5.301450e-04
14	SET	1.901300e+00	5.301440e-04
14	SET	1.951340e+00	5.301400e-04
14	SET	2.001360e+00	5.301440e-04
14	SET	2.050610e+00	5.301420e-04
14	SET	2.100680e+00	5.301440e-04
14	SET	2.150970e+00	5.301440e-04
14	SET	2.201080e+00	5.301410e-04
14	SET	2.251060e+00	5.301400e-04
14	SET	2.300900e+00	5.301460e-04
14	SET	2.351260e+00	5.301450e-04
14	SET	2.400990e+00	5.301460e-04
14	SET	2.451150e+00	5.301450e-04
14	SET	2.501050e+00	5.301520e-04
14	SET	2.551250e+00	5.301480e-04
14	SET	2.601100e+00	5.301480e-04
14	SET	2.651390e+00	5.301430e-04
14	SET	2.701370e+00	5.301430e-04
14	SET	2.751120e+00	5.301480e-04
14	SET	2.801170e+00	5.301450e-04
14	SET	2.851590e+00	5.301480e-04
14	SET	2.901690e+00	5.301490e-04
14	SET	2.951280e+00	5.301480e-04
14	SET	3.001630e+00	5.301480e-04
14	SET	3.001430e+00	5.301430e-04
14	SET	2.951410e+00	5.301520e-04
14	SET	2.901720e+00	5.301470e-04
14	SET	2.851380e+00	5.301430e-04
14	SET	2.801190e+00	5.301540e-04
14	SET	2.751310e+00	5.301440e-04
14	SET	2.701380e+00	5.301490e-04
14	SET	2.651060e+00	5.301420e-04
14	SET	2.600980e+00	5.301450e-04
14	SET	2.551300e+00	5.301430e-04
14	SET	2.501320e+00	5.301460e-04
14	SET	2.451050e+00	5.301370e-04
14	SET	2.400870e+00	5.301450e-04
14	SET	2.351280e+00	5.301430e-04
14	SET	2.301070e+00	5.301430e-04
14	SET	2.250810e+00	5.301490e-04
14	SET	2.200950e+00	5.301460e-04
14	SET	2.150910e+00	5.301440e-04
14	SET	2.100660e+00	5.301400e-04
14	SET	2.050850e+00	5.301410e-04
14	SET	2.001340e+00	5.301400e-04
14	SET	1.951340e+00	5.301380e-04
14	SET	1.901300e+00	5.301430e-04
14	SET	1.851270e+00	5.301460e-04
14	SET	1.801240e+00	5.301410e-04
14	SET	1.751200e+00	5.301380e-04
14	SET	1.701140e+00	5.301440e-04
14	SET	1.651140e+00	5.301420e-04
14	SET	1.601100e+00	5.301440e-04
14	SET	1.551080e+00	5.301490e-04
14	SET	1.501010e+00	5.301440e-04
14	SET	1.451020e+00	5.301480e-04
14	SET	1.400960e+00	5.301410e-04
14	SET	1.350950e+00	5.301410e-04
14	SET	1.300900e+00	5.301430e-04
14	SET	1.250880e+00	5.301480e-04
14	SET	1.200830e+00	5.301500e-04
14	SET	1.150810e+00	5.301510e-04
14	SET	1.100730e+00	5.301500e-04
14	SET	1.050720e+00	5.301440e-04
14	SET	1.000680e+00	5.301440e-04
14	SET	9.506530e-01	5.301480e-04
14	SET	9.005910e-01	5.301480e-04
14	SET	8.505530e-01	5.301530e-04
14	SET	8.005230e-01	5.083380e-04
14	SET	7.504860e-01	4.415120e-04
14	SET	7.004220e-01	3.731600e-04
14	SET	6.504290e-01	3.101500e-04
14	SET	6.003460e-01	2.560230e-04
14	SET	5.503380e-01	2.016390e-04
14	SET	5.002890e-01	1.558910e-04
14	SET	4.502420e-01	1.172590e-04
14	SET	4.001900e-01	8.690000e-05
14	SET	3.501840e-01	6.402390e-05
14	SET	3.001070e-01	4.714090e-05
14	SET	2.500950e-01	3.457080e-05
14	SET	2.001850e-01	2.480290e-05
14	SET	1.501550e-01	1.711870e-05
14	SET	1.001230e-01	1.082630e-05
14	SET	5.008550e-02	5.274260e-06
14	SET	3.507140e-05	1.433670e-08
14	RESET	3.445150e-05	1.534820e-08
14	RESET	-4.995800e-02	-5.740050e-06
14	RESET	-9.995840e-02	-1.278210e-05
14	RESET	-1.500360e-01	-2.197480e-05
14	RESET	-2.000800e-01	-3.404910e-05
14	RESET	-2.502130e-01	-4.958210e-05
14	RESET	-3.002510e-01	-6.996500e-05
14	RESET	-3.502910e-01	-9.583500e-05
14	RESET	-4.003350e-01	-1.255300e-04
14	RESET	-4.503710e-01	-1.622180e-04
14	RESET	-5.004180e-01	-2.031360e-04
14	RESET	-5.504440e-01	-2.844760e-04
14	RESET	-6.005020e-01	-3.767020e-04
14	RESET	-6.505350e-01	-2.658060e-04
14	RESET	-7.005800e-01	-2.255090e-04
14	RESET	-7.506170e-01	-2.275470e-04
14	RESET	-8.006720e-01	-2.021320e-04
14	RESET	-8.506780e-01	-2.145460e-04
14	RESET	-9.007530e-01	-2.086540e-04
14	RESET	-9.507670e-01	-2.365990e-04
14	RESET	-1.000840e+00	-2.498970e-04
14	RESET	-1.050850e+00	-1.344190e-04
14	RESET	-1.100910e+00	-1.337600e-04
14	RESET	-1.150980e+00	-1.507960e-04
14	RESET	-1.200960e+00	-1.365670e-04
14	RESET	-1.251020e+00	-1.363860e-04
14	RESET	-1.301060e+00	-1.382880e-04
14	RESET	-1.351110e+00	-1.430700e-04
14	RESET	-1.401100e+00	-1.448260e-04
14	RESET	-1.451180e+00	-1.277350e-04
14	RESET	-1.501180e+00	-1.425400e-04
14	RESET	-1.551280e+00	-1.062500e-04
14	RESET	-1.601230e+00	-1.010770e-04
14	RESET	-1.651300e+00	-1.092370e-04
14	RESET	-1.701300e+00	-1.289060e-04
14	RESET	-1.751380e+00	-1.351670e-04
14	RESET	-1.801380e+00	-1.486000e-04
14	RESET	-1.851430e+00	-1.676690e-04
14	RESET	-1.901470e+00	-1.890270e-04
14	RESET	-1.951490e+00	-2.186510e-04
14	RESET	-2.001520e+00	-2.266100e-04
14	RESET	-2.051580e+00	-2.384550e-04
14	RESET	-2.101750e+00	-2.592590e-04
14	RESET	-2.151820e+00	-2.895390e-04
14	RESET	-2.201960e+00	-3.297440e-04
14	RESET	-2.201700e+00	-3.177940e-04
14	RESET	-2.151900e+00	-2.789390e-04
14	RESET	-2.101570e+00	-2.546600e-04
14	RESET	-2.051710e+00	-2.262010e-04
14	RESET	-2.001500e+00	-2.076980e-04
14	RESET	-1.951490e+00	-1.867250e-04
14	RESET	-1.901460e+00	-1.685880e-04
14	RESET	-1.851430e+00	-1.531820e-04
14	RESET	-1.801390e+00	-1.401470e-04
14	RESET	-1.751380e+00	-1.252510e-04
14	RESET	-1.701330e+00	-1.143800e-04
14	RESET	-1.651290e+00	-1.040800e-04
14	RESET	-1.601250e+00	-9.625160e-05
14	RESET	-1.551210e+00	-8.868310e-05
14	RESET	-1.501190e+00	-7.997740e-05
14	RESET	-1.451190e+00	-7.279980e-05
14	RESET	-1.401100e+00	-6.654050e-05
14	RESET	-1.351110e+00	-6.068020e-05
14	RESET	-1.301060e+00	-5.512730e-05
14	RESET	-1.251040e+00	-4.958170e-05
14	RESET	-1.200970e+00	-4.431380e-05
14	RESET	-1.150940e+00	-3.972870e-05
14	RESET	-1.100900e+00	-3.517080e-05
14	RESET	-1.050830e+00	-3.117630e-05
14	RESET	-1.000830e+00	-2.718710e-05
14	RESET	-9.507810e-01	-2.346630e-05
14	RESET	-9.007400e-01	-2.012970e-05
14	RESET	-8.506800e-01	-1.686100e-05
14	RESET	-8.006930e-01	-1.398450e-05
14	RESET	-7.506100e-01	-1.165640e-05
14	RESET	-7.006130e-01	-9.320560e-06
14	RESET	-6.505210e-01	-7.901380e-06
14	RESET	-6.005190e-01	-6.414530e-06
14	RESET	-5.504690e-01	-5.250970e-06
14	RESET	-5.004140e-01	-4.103450e-06
14	RESET	-4.503590e-01	-3.197820e-06
14	RESET	-4.003310e-01	-2.325750e-06
14	RESET	-3.502820e-01	-1.576150e-06
14	RESET	-3.002410e-01	-1.078760e-06
14	RESET	-2.502080e-01	-7.139920e-07
14	RESET	-2.000750e-01	-5.034060e-07
14	RESET	-1.500370e-01	-3.487330e-07
14	RESET	-9.999420e-02	-1.966780e-07
14	RESET	-4.995410e-02	-8.168370e-08
14	RESET	6.628040e-06	-3.139850e-08
15	SET	3.318790e-05	4.384160e-10
15	SET	5.007100e-02	9.241580e-08
15	SET	1.001000e-01	2.225580e-07
15	SET	1.501530e-01	3.025330e-07
15	SET	2.001890e-01	4.257580e-07
15	SET	2.501120e-01	7.497260e-07
15	SET	3.001120e-01	9.513480e-07
15	SET	3.501580e-01	1.065640e-06
15	SET	4.001940e-01	1.555320e-06
15	SET	4.502580e-01	2.066040e-06
15	SET	5.002680e-01	2.556220e-06
15	SET	5.503080e-01	4.359360e-06
15	SET	6.003470e-01	6.364010e-06
15	SET	6.504400e-01	6.495400e-06
15	SET	7.004500e-01	2.637150e-04
15	SET	7.504680e-01	3.230300e-04
15	SET	8.005060e-01	3.568670e-04
15	SET	8.505780e-01	3.677930e-04
15	SET	9.005950e-01	3.836590e-04
15	SET	9.506440e-01	4.147380e-04
15	SET	1.000680e+00	4.355600e-04
15	SET	1.050740e+00	4.475580e-04
15	SET	1.100720e+00	5.301490e-04
15	SET	1.150810e+00	5.301410e-04
15	SET	1.200820e+00	5.301440e-04
15	SET	1.250870e+00	5.301490e-04
15	SET	1.300910e+00	5.301380e-04
15	SET	1.350960e+00	5.301400e-04
15	SET	1.400960e+00	5.301410e-04
15	SET	1.451020e+00	5.301420e-04
15	SET	1.501020e+00	5.301430e-04
15	SET	1.551080e+00	5.301420e-04
15	SET	1.601100e+00	5.301420e-04
15	SET	1.651150e+00	5.301420e-04
15	SET	1.701150e+00	5.301390e-04
15	SET	1.751230e+00	5.301440e-04
15	SET	1.801220e+00	5.301440e-04
15	SET	1.851270e+00	5.301380e-04
15	SET	1.901290e+00	5.301420e-04
15	SET	1.951350e+00	5.301400e-04
15	SET	2.001370e+00	5.301410e-04
15	SET	2.050710e+00	5.301390e-04
15	SET	2.100720e+00	5.301430e-04
15	SET	2.150960e+00	5.301480e-04
15	SET	2.201060e+00	5.301410e-04
15	SET	2.251090e+00	5.301400e-04
15	SET	2.301060e+00	5.301430e-04
15	SET	2.351130e+00	5.301410e-04
15	SET	2.401130e+00	5.301430e-04
15	SET	2.450970e+00	5.301370e-04
15	SET	2.501200e+00	5.301480e-04
15	SET	2.551450e+00	5.301430e-04
15	SET	2.601160e+00	5.301380e-04
15	SET	2.651290e+00	5.301420e-04
15	SET	2.701430e+00	5.301470e-04
15	SET	2.751260e+00	5.301410e-04
15	SET	2.801370e+00	5.301470e-04
15	SET	2.851590e+00	5.301440e-04
15	SET	2.901630e+00	5.301440e-04
15	SET	2.951620e+00	5.301460e-04
15	SET	3.001430e+00	5.301410e-04
15	SET	3.001480e+00	5.301460e-04
15	SET	2.951460e+00	5.301430e-04
15	SET	2.901640e+00	5.301510e-04
15	SET	2.851610e+00	5.301440e-04
15	SET	2.801120e+00	5.301480e-04
15	SET	2.751150e+00	5.301430e-04
15	SET	2.701350e+00	5.301430e-04
15	SET	2.651160e+00	5.301430e-04
15	SET	2.601300e+00	5.301450e-04
15	SET	2.551430e+00	5.301420e-04
15	SET	2.501210e+00	5.301470e-04
15	SET	2.450920e+00	5.301390e-04
15	SET	2.401060e+00	5.301410e-04
15	SET	2.351090e+00	5.301410e-04
15	SET	2.300740e+00	5.301410e-04
15	SET	2.250910e+00	5.301480e-04
15	SET	2.201010e+00	5.301380e-04
15	SET	2.150980e+00	5.301380e-04
15	SET	2.100450e+00	5.301360e-04
15	SET	2.050770e+00	5.301410e-04
15	SET	2.001360e+00	5.301450e-04
15	SET	1.951340e+00	5.301430e-04
15	SET	1.901290e+00	5.301410e-04
15	SET	1.851280e+00	5.301410e-04
15	SET	1.801240e+00	5.301440e-04
15	SET	1.751220e+00	5.301380e-04
15	SET	1.701140e+00	5.301370e-04
15	SET	1.651120e+00	5.301410e-04
15	SET	1.601100e+00	5.301380e-04
15	SET	1.551080e+00	5.301440e-04
15	SET	1.501020e+00	5.301480e-04
15	SET	1.451020e+00	5.301440e-04
15	SET	1.400980e+00	5.301430e-04
15	SET	1.350960e+00	5.301430e-04
15	SET	1.300910e+00	5.301400e-04
15	SET	1.250870e+00	5.301470e-04
15	SET	1.200820e+00	5.301520e-04
15	SET	1.150810e+00	5.301450e-04
15	SET	1.100730e+00	5.301470e-04
15	SET	1.050740e+00	5.301470e-04
15	SET	1.000670e+00	5.301480e-04
15	SET	9.506500e-01	5.301490e-04
15	SET	9.005910e-01	5.301480e-04
15	SET	8.505720e-01	5.301510e-04
15	SET	8.005140e-01	5.296510e-04
15	SET	7.504660e-01	4.611330e-04
15	SET	7.004290e-01	3.943650e-04
15	SET	6.504140e-01	3.301850e-04
15	SET	6.003380e-01	2.683430e-04
15	SET	5.503290e-01	2.098080e-04
15	SET	5.002760e-01	1.575430e-04
15	SET	4.502620e-01	1.162530e-04
15	SET	4.002040e-01	8.571510e-05
15	SET	3.501710e-01	6.438130e-05
15	SET	3.001200e-01	4.868740e-05
15	SET	2.500980e-01	3.661800e-05
15	SET	2.001810e-01	2.700150e-05
15	SET	1.501510e-01	1.896450e-05
15	SET	1.001150e-01	1.213320e-05
15	SET	5.007510e-02	5.902680e-06
15	SET	3.380780e-05	1.705710e-08
15	RESET	3.120900e-05	1.415180e-08
15	RESET	-4.994450e-02	-6.011650e-06
15	RESET	-9.995040e-02	-1.261620e-05
15	RESET	-1.500310e-01	-2.030940e-05
15	RESET	-2.000670e-01	-2.948670e-05
15	RESET	-2.501920e-01	-4.084750e-05
15	RESET	-3.002440e-01	-5.542140e-05
15	RESET	-3.502780e-01	-7.457670e-05
15	RESET	-4.003250e-01	-1.002960e-04
15	RESET	-4.503410e-01	-1.356870e-04
15	RESET	-5.004210e-01	-1.797640e-04
15	RESET	-5.504640e-01	-2.307130e-04
15	RESET	-6.004960e-01	-2.852090e-04
15	RESET	-6.504840e-01	-3.434750e-04
15	RESET	-7.005910e-01	-4.842290e-04
15	RESET	-7.506390e-01	-4.658460e-04
15	RESET	-8.006690e-01	-4.240310e-04
15	RESET	-8.506850e-01	-4.323710e-04
15	RESET	-9.007380e-01	-3.279120e-04
15	RESET	-9.507730e-01	-2.715610e-04
15	RESET	-1.000820e+00	-2.472910e-04
15	RESET	-1.050860e+00	-2.263340e-04
15	RESET	-1.100900e+00	-2.050190e-04
15	RESET	-1.150970e+00	-1.688750e-04
15	RESET	-1.200940e+00	-1.483420e-04
15	RESET	-1.251030e+00	-1.363100e-04
15	RESET	-1.301040e+00	-1.218890e-04
15	RESET	-1.351120e+00	-1.329670e-04
15	RESET	-1.401120e+00	-1.116540e-04
15	RESET	-1.451150e+00	-1.164190e-04
15	RESET	-1.501190e+00	-1.205620e-04
15	RESET	-1.551240e+00	-1.174760e-04
15	RESET	-1.601250e+00	-1.341120e-04
15	RESET	-1.651330e+00	-1.372830e-04
15	RESET	-1.701340e+00	-1.381030e-04
15	RESET	-1.751380e+00	-1.496060e-04
15	RESET	-1.801400e+00	-1.581150e-04
15	RESET	-1.851460e+00	-1.707400e-04
15	RESET	-1.901480e+00	-1.887380e-04
15	RESET	-1.951490e+00	-1.966490e-04
15	RESET	-2.001520e+00	-2.199320e-04
15	RESET	-2.051640e+00	-2.400610e-04
15	RESET	-2.101600e+00	-2.561140e-04
15	RESET	-2.151850e+00	-2.973120e-04
15	RESET	-2.202100e+00	-2.945480e-04
15	RESET	-2.201970e+00	-2.960000e-04
15	RESET	-2.151970e+00	-2.627510e-04
15	RESET	-2.101600e+00	-2.384090e-04
15	RESET	-2.051730e+00	-2.128010e-04
15	RESET	-2.001550e+00	-1.937610e-04
15	RESET	-1.951500e+00	-1.776860e-04
15	RESET	-1.901480e+00	-1.627750e-04
15	RESET	-1.851440e+00	-1.486100e-04
15	RESET	-1.801380e+00	-1.361880e-04
15	RESET	-1.751400e+00	-1.243210e-04
15	RESET	-1.701310e+00	-1.131850e-04
15	RESET	-1.651280e+00	-1.034320e-04
15	RESET	-1.601230e+00	-9.311450e-05
15	RESET	-1.551220e+00	-8.439980e-05
15	RESET	-1.501190e+00	-7.654860e-05
15	RESET	-1.451150e+00	-6.928140e-05
15	RESET	-1.401110e+00	-6.272870e-05
15	RESET	-1.351100e+00	-5.673310e-05
15	RESET	-1.301060e+00	-5.072730e-05
15	RESET	-1.251020e+00	-4.584210e-05
15	RESET	-1.200950e+00	-4.092680e-05
15	RESET	-1.150970e+00	-3.618570e-05
15	RESET	-1.100890e+00	-3.180360e-05
15	RESET	-1.050830e+00	-2.802850e-05
15	RESET	-1.000820e+00	-2.426310e-05
15	RESET	-9.507720e-01	-2.086200e-05
15	RESET	-9.007300e-01	-1.787830e-05
15	RESET	-8.506910e-01	-1.468760e-05
15	RESET	-8.006960e-01	-1.273620e-05
15	RESET	-7.506230e-01	-1.045290e-05
15	RESET	-7.006140e-01	-8.553680e-06
15	RESET	-6.505340e-01	-7.025280e-06
15	RESET	-6.005070e-01	-5.802170e-06
15	RESET	-5.504600e-01	-4.479510e-06
15	RESET	-5.004320e-01	-3.410800e-06
15	RESET	-4.503470e-01	-2.687250e-06
15	RESET	-4.003570e-01	-1.903290e-06
15	RESET	-3.502910e-01	-1.405000e-06
15	RESET	-3.002470e-01	-9.318330e-07
15	RESET	-2.502030e-01	-6.981980e-07
15	RESET	-2.000810e-01	-4.626070e-07
15	RESET	-1.500400e-01	-2.625080e-07
15	RESET	-9.999710e-02	-1.410020e-07
15	RESET	-4.995130e-02	-7.337390e-08
15	RESET	1.382830e-05	-2.996750e-08
16	SET	3.786090e-05	3.829840e-10
16	SET	5.007960e-02	6.319420e-08
16	SET	1.000940e-01	9.842650e-08
16	SET	1.501400e-01	2.654030e-07
16	SET	2.001860e-01	3.213520e-07
16	SET	2.501100e-01	3.726040e-07
16	SET	3.001370e-01	4.102930e-07
16	SET	3.501750e-01	5.574190e-07
16	SET	4.002230e-01	5.249550e-07
16	SET	4.502690e-01	6.975500e-07
16	SET	5.002650e-01	9.857350e-07
16	SET	5.503440e-01	9.151020e-07
16	SET	6.003490e-01	1.178250e-06
16	SET	6.504240e-01	1.324730e-06
16	SET	7.004520e-01	1.620420e-06
16	SET	7.504910e-01	2.127120e-06
16	SET	8.005250e-01	2.573650e-06
16	SET	8.505940e-01	3.300430e-06
16	SET	9.005990e-01	4.153760e-06
16	SET	9.506550e-01	2.945360e-04
16	SET	1.000690e+00	3.389600e-04
16	SET	1.050730e+00	3.710470e-04
16	SET	1.100750e+00	4.079360e-04
16	SET	1.150800e+00	4.555290e-04
16	SET	1.200830e+00	4.921740e-04
16	SET	1.250870e+00	5.210370e-04
16	SET	1.300860e+00	5.094400e-04
16	SET	1.350970e+00	5.203010e-04
16	SET	1.400970e+00	5.275680e-04
16	SET	1.451010e+00	5.301480e-04
16	SET	1.501030e+00	5.301490e-04
16	SET	1.551070e+00	5.301980e-04
16	SET	1.601110e+00	5.301440e-04
16	SET	1.651140e+00	5.301470e-04
16	SET	1.701180e+00	5.301470e-04
16	SET	1.751200e+00	5.301450e-04
16	SET	1.801240e+00	5.301430e-04
16	SET	1.851270e+00	5.301460e-04
16	SET	1.901300e+00	5.301430e-04
16	SET	1.951360e+00	5.301440e-04
16	SET	2.001360e+00	5.301420e-04
16	SET	2.001360e+00	5.301420e-04
16	SET	1.951380e+00	5.301450e-04
16	SET	1.901290e+00	5.301470e-04
16	SET	1.851280e+00	5.301430e-04
16	SET	1.801240e+00	5.301430e-04
16	SET	1.751220e+00	5.301430e-04
16	SET	1.701170e+00	5.301430e-04
16	SET	1.651140e+00	5.301420e-04
16	SET	1.601100e+00	5.301430e-04
16	SET	1.551090e+00	5.301470e-04
16	SET	1.501050e+00	5.303560e-04
16	SET	1.451030e+00	5.301400e-04
16	SET	1.400980e+00	5.301370e-04
16	SET	1.350950e+00	5.301410e-04
16	SET	1.300930e+00	5.301360e-04
16	SET	1.250900e+00	5.301330e-04
16	SET	1.200830e+00	5.301410e-04
16	SET	1.150810e+00	5.301400e-04
16	SET	1.100730e+00	5.301430e-04
16	SET	1.050750e+00	5.301480e-04
16	SET	1.000680e+00	5.301510e-04
16	SET	9.506610e-01	5.301430e-04
16	SET	9.005910e-01	5.301470e-04
16	SET	8.505770e-01	5.301460e-04
16	SET	8.005350e-01	5.301460e-04
16	SET	7.504690e-01	5.301500e-04
16	SET	7.004590e-01	5.301440e-04
16	SET	6.504210e-01	5.301460e-04
16	SET	6.003450e-01	5.161240e-04
16	SET	5.503180e-01	4.511360e-04
16	SET	5.003000e-01	3.835770e-04
16	SET	4.502730e-01	3.162870e-04
16	SET	4.002050e-01	2.506210e-04
16	SET	3.501910e-01	1.903390e-04
16	SET	3.001270e-01	1.382710e-04
16	SET	2.501040e-01	9.633380e-05
16	SET	2.001900e-01	6.575580e-05
16	SET	1.501550e-01	4.286130e-05
16	SET	1.001260e-01	2.588490e-05
16	SET	5.008540e-02	1.220710e-05
16	SET	3.921990e-05	3.472280e-08
16	RESET	3.004070e-05	2.399980e-08
16	RESET	-4.991120e-02	-1.218740e-05
16	RESET	-9.999340e-02	-2.612650e-05
16	RESET	-1.500340e-01	-4.339680e-05
16	RESET	-2.000690e-01	-6.641400e-05
16	RESET	-2.501880e-01	-9.775950e-05
16	RESET	-3.002590e-01	-1.164480e-04
16	RESET	-3.502830e-01	-1.463320e-04
16	RESET	-4.003630e-01	-1.740000e-04
16	RESET	-4.503650e-01	-2.092550e-04
16	RESET	-5.004140e-01	-2.414860e-04
16	RESET	-5.504590e-01	-2.785880e-04
16	RESET	-6.005250e-01	-3.240580e-04
16	RESET	-6.505080e-01	-3.592280e-04
16	RESET	-7.005920e-01	-4.050850e-04
16	RESET	-7.505940e-01	-2.926670e-04
16	RESET	-8.006960e-01	-2.780310e-04
16	RESET	-8.506900e-01	-3.147190e-04
16	RESET	-9.007440e-01	-3.139620e-04
16	RESET	-9.507650e-01	-3.682050e-04
16	RESET	-1.000820e+00	-3.816680e-04
16	RESET	-1.050850e+00	-4.561680e-04
16	RESET	-1.100930e+00	-4.554170e-04
16	RESET	-1.150950e+00	-3.570760e-04
16	RESET	-1.200990e+00	-3.162650e-04
16	RESET	-1.251010e+00	-3.076300e-04
16	RESET	-1.301050e+00	-3.192070e-04
16	RESET	-1.351110e+00	-1.103250e-04
16	RESET	-1.401110e+00	-1.235700e-04
16	RESET	-1.451180e+00	-1.360320e-04
16	RESET	-1.501190e+00	-1.562410e-04
16	RESET	-1.551250e+00	-1.759030e-04
16	RESET	-1.601270e+00	-1.854670e-04
16	RESET	-1.651300e+00	-2.100720e-04
16	RESET	-1.701350e+00	-2.232790e-04
16	RESET	-1.751360e+00	-2.220230e-04
16	RESET	-1.801380e+00	-2.515610e-04
16	RESET	-1.851420e+00	-2.677470e-04
16	RESET	-1.901460e+00	-2.999730e-04
16	RESET	-1.951490e+00	-3.204770e-04
16	RESET	-2.001530e+00	-3.354950e-04
16	RESET	-2.051660e+00	-3.579420e-04
16	RESET	-2.101640e+00	-3.407610e-04
16	RESET	-2.151980e+00	-3.687490e-04
16	RESET	-2.201780e+00	-3.862210e-04
16	RESET	-2.202020e+00	-3.677560e-04
16	RESET	-2.151930e+00	-3.161500e-04
16	RESET	-2.101650e+00	-2.812870e-04
16	RESET	-2.051630e+00	-2.489610e-04
16	RESET	-2.001510e+00	-2.274530e-04
16	RESET	-1.951500e+00	-2.068810e-04
16	RESET	-1.901460e+00	-1.856990e-04
16	RESET	-1.851440e+00	-1.676740e-04
16	RESET	-1.801400e+00	-1.538540e-04
16	RESET	-1.751380e+00	-1.385260e-04
16	RESET	-1.701330e+00	-1.262360e-04
16	RESET	-1.651310e+00	-1.137750e-04
16	RESET	-1.601250e+00	-1.026530e-04
16	RESET	-1.551240e+00	-9.308040e-05
16	RESET	-1.501190e+00	-8.460470e-05
16	RESET	-1.451190e+00	-7.660760e-05
16	RESET	-1.401100e+00	-6.965700e-05
16	RESET	-1.351110e+00	-6.294080e-05
16	RESET	-1.301050e+00	-5.560370e-05
16	RESET	-1.251000e+00	-4.996540e-05
16	RESET	-1.200990e+00	-4.468580e-05
16	RESET	-1.150960e+00	-3.992870e-05
16	RESET	-1.100900e+00	-3.543060e-05
16	RESET	-1.050870e+00	-3.051090e-05
16	RESET	-1.000840e+00	-2.693620e-05
16	RESET	-9.507740e-01	-2.298970e-05
16	RESET	-9.007280e-01	-1.973560e-05
16	RESET	-8.506630e-01	-1.634880e-05
16	RESET	-8.006900e-01	-1.394060e-05
16	RESET	-7.506330e-01	-1.195110e-05
16	RESET	-7.006000e-01	-9.623540e-06
16	RESET	-6.505430e-01	-7.782480e-06
16	RESET	-6.005140e-01	-6.274330e-06
16	RESET	-5.504590e-01	-4.935200e-06
16	RESET	-5.004220e-01	-3.839630e-06
16	RESET	-4.503560e-01	-2.953500e-06
16	RESET	-4.003370e-01	-2.248580e-06
16	RESET	-3.503000e-01	-1.665790e-06
16	RESET	-3.002480e-01	-1.259430e-06
16	RESET	-2.502000e-01	-8.686540e-07
16	RESET	-2.000770e-01	-6.077870e-07
16	RESET	-1.500360e-01	-3.431720e-07
16	RESET	-9.999680e-02	-2.102280e-07
16	RESET	-4.996430e-02	-8.466980e-08
16	RESET	3.795620e-05	-4.356500e-10
17	SET	5.047320e-05	1.755120e-10
17	SET	5.005770e-02	3.078200e-08
17	SET	1.001000e-01	8.952580e-08
17	SET	1.501450e-01	2.191540e-07
17	SET	2.001960e-01	2.395880e-07
17	SET	2.501220e-01	3.415240e-07
17	SET	3.001240e-01	4.621570e-07
17	SET	3.501860e-01	5.985330e-07
17	SET	4.002050e-01	6.195720e-07
17	SET	4.502790e-01	9.227760e-07
17	SET	5.002930e-01	1.133920e-06
17	SET	5.503420e-01	1.126690e-06
17	SET	6.003580e-01	1.134480e-06
17	SET	6.504300e-01	1.334080e-06
17	SET	7.004560e-01	1.548160e-06
17	SET	7.504890e-01	2.185300e-06
17	SET	8.005270e-01	2.168810e-06
17	SET	8.505790e-01	2.417820e-06
17	SET	9.005960e-01	2.640380e-06
17	SET	9.506610e-01	3.311430e-06
17	SET	1.000680e+00	3.541100e-06
17	SET	1.050680e+00	9.289650e-06
17	SET	1.100770e+00	1.060670e-05
17	SET	1.150830e+00	1.300370e-05
17	SET	1.200840e+00	1.582070e-05
17	SET	1.250900e+00	1.802920e-05
17	SET	1.300810e+00	1.490730e-05
17	SET	1.350960e+00	2.194250e-05
17	SET	1.400990e+00	2.462280e-05
17	SET	1.451030e+00	2.609370e-05
17	SET	1.501020e+00	2.513730e-05
17	SET	1.551090e+00	3.016600e-05
17	SET	1.601110e+00	5.301510e-04
17	SET	1.651160e+00	5.301460e-04
17	SET	1.701170e+00	5.301460e-04
17	SET	1.751210e+00	5.301420e-04
17	SET	1.801240e+00	5.301410e-04
17	SET	1.851300e+00	5.301440e-04
17	SET	1.901300e+00	5.301440e-04
17	SET	1.951340e+00	5.301450e-04
17	SET	2.001360e+00	5.301510e-04
17	SET	2.001370e+00	5.301420e-04
17	SET	1.951350e+00	5.301430e-04
17	SET	1.901300e+00	5.301420e-04
17	SET	1.851280e+00	5.301430e-04
17	SET	1.801210e+00	5.301440e-04
17	SET	1.751220e+00	5.301410e-04
17	SET	1.701170e+00	5.301410e-04
17	SET	1.651160e+00	5.301410e-04
17	SET	1.601110e+00	5.301440e-04
17	SET	1.551060e+00	5.301450e-04
17	SET	1.501030e+00	5.301430e-04
17	SET	1.451020e+00	5.301430e-04
17	SET	1.400980e+00	5.301430e-04
17	SET	1.350940e+00	5.301470e-04
17	SET	1.300880e+00	5.301400e-04
17	SET	1.250890e+00	5.301470e-04
17	SET	1.200820e+00	5.301460e-04
17	SET	1.150800e+00	5.301440e-04
17	SET	1.100730e+00	5.301380e-04
17	SET	1.050730e+00	5.301440e-04
17	SET	1.000690e+00	5.301460e-04
17	SET	9.506560e-01	5.301490e-04
17	SET	9.005890e-01	5.301430e-04
17	SET	8.505940e-01	5.301440e-04
17	SET	8.005160e-01	5.301450e-04
17	SET	7.505020e-01	5.301450e-04
17	SET	7.004470e-01	5.301470e-04
17	SET	6.504280e-01	5.301410e-04
17	SET	6.003350e-01	5.301460e-04
17	SET	5.503070e-01	5.301440e-04
17	SET	5.002960e-01	5.301470e-04
17	SET	4.502690e-01	5.301520e-04
17	SET	4.002130e-01	5.301460e-04
17	SET	3.501790e-01	5.301450e-04
17	SET	3.001300e-01	5.301470e-04
17	SET	2.501010e-01	5.301510e-04
17	SET	2.001950e-01	4.850630e-04
17	SET	1.501590e-01	3.634730e-04
17	SET	1.001260e-01	2.422590e-04
17	SET	5.008670e-02	1.213260e-04
17	SET	3.542900e-05	2.742760e-07
17	RESET	4.506110e-05	3.997190e-07
17	RESET	-4.994730e-02	-1.203510e-04
17	RESET	-9.998900e-02	-2.415430e-04
17	RESET	-1.500290e-01	-3.632110e-04
17	RESET	-2.000630e-01	-4.856860e-04
17	RESET	-2.502000e-01	-6.088380e-04
17	RESET	-3.002590e-01	-7.326060e-04
17	RESET	-3.502750e-01	-8.574800e-04
17	RESET	-4.003550e-01	-9.817650e-04
17	RESET	-4.503410e-01	-9.674600e-04
17	RESET	-5.003720e-01	-1.159590e-03
17	RESET	-5.504530e-01	-1.270740e-03
17	RESET	-6.004910e-01	-1.381630e-03
17	RESET	-6.505160e-01	-1.485310e-03
17	RESET	-7.005870e-01	-1.586090e-03
17	RESET	-7.505970e-01	-1.717330e-03
17	RESET	-8.006640e-01	-1.730410e-03
17	RESET	-8.506890e-01	-2.112980e-04
17	RESET	-9.007240e-01	-2.417680e-04
17	RESET	-9.507550e-01	-2.798360e-04
17	RESET	-1.000830e+00	-2.825040e-04
17	RESET	-1.050840e+00	-3.043970e-04
17	RESET	-1.100890e+00	-3.053870e-04
17	RESET	-1.150950e+00	-3.316150e-04
17	RESET	-1.200990e+00	-3.487090e-04
17	RESET	-1.251040e+00	-3.105430e-04
17	RESET	-1.301050e+00	-6.191980e-05
17	RESET	-1.351090e+00	-6.875250e-05
17	RESET	-1.401110e+00	-7.744450e-05
17	RESET	-1.451150e+00	-8.701330e-05
17	RESET	-1.501190e+00	-9.831210e-05
17	RESET	-1.551250e+00	-1.116420e-04
17	RESET	-1.601240e+00	-1.254120e-04
17	RESET	-1.651280e+00	-1.413430e-04
17	RESET	-1.701320e+00	-1.636400e-04
17	RESET	-1.751340e+00	-1.900850e-04
17	RESET	-1.801400e+00	-2.026520e-04
17	RESET	-1.851440e+00	-2.103540e-04
17	RESET	-1.901450e+00	-2.395930e-04
17	RESET	-1.951480e+00	-3.294860e-04
17	RESET	-2.001520e+00	-3.329740e-04
17	RESET	-2.051770e+00	-3.837860e-04
17	RESET	-2.101690e+00	-3.847860e-04
17	RESET	-2.151760e+00	-4.033360e-04
17	RESET	-2.201810e+00	-4.514350e-04
17	RESET	-2.201740e+00	-4.371900e-04
17	RESET	-2.151970e+00	-3.712340e-04
17	RESET	-2.101520e+00	-3.207590e-04
17	RESET	-2.051640e+00	-2.803670e-04
17	RESET	-2.001510e+00	-2.506260e-04
17	RESET	-1.951510e+00	-2.216220e-04
17	RESET	-1.901470e+00	-1.985390e-04
17	RESET	-1.851430e+00	-1.763000e-04
17	RESET	-1.801390e+00	-1.599500e-04
17	RESET	-1.751360e+00	-1.445320e-04
17	RESET	-1.701320e+00	-1.318360e-04
17	RESET	-1.651300e+00	-1.187290e-04
17	RESET	-1.601240e+00	-1.073990e-04
17	RESET	-1.551230e+00	-9.885040e-05
17	RESET	-1.501190e+00	-8.818610e-05
17	RESET	-1.451160e+00	-8.002600e-05
17	RESET	-1.401120e+00	-7.341090e-05
17	RESET	-1.351100e+00	-6.584260e-05
17	RESET	-1.301060e+00	-5.833730e-05
17	RESET	-1.251010e+00	-5.161270e-05
17	RESET	-1.200960e+00	-4.665990e-05
17	RESET	-1.150940e+00	-4.097450e-05
17	RESET	-1.100890e+00	-3.616570e-05
17	RESET	-1.050840e+00	-3.094920e-05
17	RESET	-1.000820e+00	-2.671570e-05
17	RESET	-9.507770e-01	-2.310150e-05
17	RESET	-9.007400e-01	-1.972780e-05
17	RESET	-8.506750e-01	-1.650130e-05
17	RESET	-8.006770e-01	-1.361860e-05
17	RESET	-7.506290e-01	-1.115070e-05
17	RESET	-7.005930e-01	-9.046370e-06
17	RESET	-6.505120e-01	-7.061640e-06
17	RESET	-6.005140e-01	-5.712690e-06
17	RESET	-5.504640e-01	-4.377250e-06
17	RESET	-5.004120e-01	-3.399080e-06
17	RESET	-4.503460e-01	-2.662680e-06
17	RESET	-4.003590e-01	-1.937100e-06
17	RESET	-3.502950e-01	-1.426840e-06
17	RESET	-3.002420e-01	-1.058310e-06
17	RESET	-2.502000e-01	-6.840640e-07
17	RESET	-2.000730e-01	-4.527960e-07
17	RESET	-1.500410e-01	-2.803410e-07
17	RESET	-9.999510e-02	-1.717760e-07
17	RESET	-4.995180e-02	-6.416340e-08
17	RESET	4.019740e-05	-9.503250e-10
18	SET	3.876690e-05	8.322000e-11
18	SET	5.007930e-02	5.514430e-08
18	SET	1.001020e-01	9.150060e-08
18	SET	1.501450e-01	2.194860e-07
18	SET	2.001960e-01	2.260390e-07
18	SET	2.501160e-01	3.487220e-07
18	SET	3.001380e-01	4.706400e-07
18	SET	3.501670e-01	5.730510e-07
18	SET	4.002160e-01	7.147060e-07
18	SET	4.502780e-01	7.712290e-07
18	SET	5.002760e-01	8.546530e-07
18	SET	5.503330e-01	1.181650e-06
18	SET	6.003690e-01	1.649990e-06
18	SET	6.504390e-01	1.402430e-06
18	SET	7.004430e-01	1.766900e-06
18	SET	7.505240e-01	2.141210e-06
18	SET	8.005270e-01	2.598730e-06
18	SET	8.505950e-01	2.681810e-06
18	SET	9.006060e-01	2.767220e-06
18	SET	9.506380e-01	3.770120e-06
18	SET	1.000670e+00	4.517790e-06
18	SET	1.050740e+00	4.955280e-06
18	SET	1.100750e+00	5.989200e-06
18	SET	1.150830e+00	6.460450e-06
18	SET	1.200840e+00	7.156940e-06
18	SET	1.250900e+00	7.409900e-06
18	SET	1.300880e+00	8.644750e-06
18	SET	1.350910e+00	1.105100e-05
18	SET	1.400990e+00	1.315880e-05
18	SET	1.451020e+00	1.387420e-05
18	SET	1.501020e+00	1.412770e-05
18	SET	1.551070e+00	1.766530e-05
18	SET	1.601110e+00	1.843890e-05
18	SET	1.651140e+00	5.301480e-04
18	SET	1.701180e+00	5.301400e-04
18	SET	1.751200e+00	5.301400e-04
18	SET	1.801220e+00	5.301460e-04
18	SET	1.851290e+00	5.301420e-04
18	SET	1.901300e+00	5.301450e-04
18	SET	1.951340e+00	5.301390e-04
18	SET	2.001370e+00	5.301420e-04
18	SET	2.001370e+00	5.301450e-04
18	SET	1.951340e+00	5.301440e-04
18	SET	1.901300e+00	5.301450e-04
18	SET	1.851290e+00	5.301410e-04
18	SET	1.801240e+00	5.301420e-04
18	SET	1.751230e+00	5.301420e-04
18	SET	1.701160e+00	5.301440e-04
18	SET	1.651150e+00	5.301370e-04
18	SET	1.601110e+00	5.301380e-04
18	SET	1.551080e+00	5.301400e-04
18	SET	1.501040e+00	5.301400e-04
18	SET	1.451020e+00	5.301370e-04
18	SET	1.400980e+00	5.301450e-04
18	SET	1.350960e+00	5.301410e-04
18	SET	1.300880e+00	5.301330e-04
18	SET	1.250890e+00	5.301410e-04
18	SET	1.200840e+00	5.301410e-04
18	SET	1.150790e+00	5.301420e-04
18	SET	1.100770e+00	5.301460e-04
18	SET	1.050740e+00	5.301430e-04
18	SET	1.000700e+00	5.301420e-04
18	SET	9.506500e-01	5.301400e-04
18	SET	9.005880e-01	5.301440e-04
18	SET	8.505860e-01	5.301460e-04
18	SET	8.005250e-01	5.301480e-04
18	SET	7.505030e-01	5.301410e-04
18	SET	7.004300e-01	5.301510e-04
18	SET	6.504090e-01	5.301440e-04
18	SET	6.003660e-01	5.301460e-04
18	SET	5.503340e-01	5.301410e-04
18	SET	5.003010e-01	5.301510e-04
18	SET	4.502600e-01	5.301510e-04
18	SET	4.001980e-01	5.033440e-04
18	SET	3.501790e-01	3.934850e-04
18	SET	3.001190e-01	2.897450e-04
18	SET	2.501160e-01	2.037890e-04
18	SET	2.001980e-01	1.384490e-04
18	SET	1.501660e-01	9.041070e-05
18	SET	1.001340e-01	5.479520e-05
18	SET	5.008890e-02	2.598540e-05
18	SET	4.236700e-05	7.534530e-08
18	RESET	2.372260e-05	3.800760e-08
18	RESET	-4.989660e-02	-2.624770e-05
18	RESET	-9.998910e-02	-5.697070e-05
18	RESET	-1.500270e-01	-9.620500e-05
18	RESET	-2.000720e-01	-1.489610e-04
18	RESET	-2.501900e-01	-2.196630e-04
18	RESET	-3.002290e-01	-3.071900e-04
18	RESET	-3.502960e-01	-4.060110e-04
18	RESET	-4.003440e-01	-5.107780e-04
18	RESET	-4.503450e-01	-6.149510e-04
18	RESET	-5.004150e-01	-6.862930e-04
18	RESET	-5.504420e-01	-7.080730e-04
18	RESET	-6.005300e-01	-6.884210e-04
18	RESET	-6.505530e-01	-5.077330e-04
18	RESET	-7.005810e-01	-4.577100e-04
18	RESET	-7.506170e-01	-3.544150e-04
18	RESET	-8.006770e-01	-3.423140e-04
18	RESET	-8.507080e-01	-2.642710e-04
18	RESET	-9.007690e-01	-2.620990e-04
18	RESET	-9.507990e-01	-2.172000e-04
18	RESET	-1.000820e+00	-1.761410e-04
18	RESET	-1.050830e+00	-1.887640e-04
18	RESET	-1.100900e+00	-1.724050e-04
18	RESET	-1.150970e+00	-3.913100e-05
18	RESET	-1.200970e+00	-4.067690e-05
18	RESET	-1.251030e+00	-4.786230e-05
18	RESET	-1.301040e+00	-5.504360e-05
18	RESET	-1.351110e+00	-5.985150e-05
18	RESET	-1.401110e+00	-5.615160e-05
18	RESET	-1.451170e+00	-6.386040e-05
18	RESET	-1.501210e+00	-6.847590e-05
18	RESET	-1.551230e+00	-7.569040e-05
18	RESET	-1.601260e+00	-8.400680e-05
18	RESET	-1.651310e+00	-9.285650e-05
18	RESET	-1.701340e+00	-1.045400e-04
18	RESET	-1.751370e+00	-1.125550e-04
18	RESET	-1.801360e+00	-1.247100e-04
18	RESET	-1.851440e+00	-1.382880e-04
18	RESET	-1.901450e+00	-1.532510e-04
18	RESET	-1.951510e+00	-1.807400e-04
18	RESET	-2.001510e+00	-2.080740e-04
18	RESET	-2.051720e+00	-2.279290e-04
18	RESET	-2.101670e+00	-2.693940e-04
18	RESET	-2.151820e+00	-3.584430e-04
18	RESET	-2.201810e+00	-4.254680e-04
18	RESET	-2.201810e+00	-4.213630e-04
18	RESET	-2.151940e+00	-3.553220e-04
18	RESET	-2.101720e+00	-3.100610e-04
18	RESET	-2.051530e+00	-2.695530e-04
18	RESET	-2.001510e+00	-2.402880e-04
18	RESET	-1.951500e+00	-2.146950e-04
18	RESET	-1.901460e+00	-1.912590e-04
18	RESET	-1.851440e+00	-1.735470e-04
18	RESET	-1.801380e+00	-1.580590e-04
18	RESET	-1.751360e+00	-1.415350e-04
18	RESET	-1.701330e+00	-1.273050e-04
18	RESET	-1.651310e+00	-1.165790e-04
18	RESET	-1.601240e+00	-1.058740e-04
18	RESET	-1.551230e+00	-9.646400e-05
18	RESET	-1.501180e+00	-8.780370e-05
18	RESET	-1.451170e+00	-7.958570e-05
18	RESET	-1.401130e+00	-7.133890e-05
18	RESET	-1.351110e+00	-6.343160e-05
18	RESET	-1.301050e+00	-5.673830e-05
18	RESET	-1.251020e+00	-5.076050e-05
18	RESET	-1.200950e+00	-4.524780e-05
18	RESET	-1.150950e+00	-4.021320e-05
18	RESET	-1.100890e+00	-3.488880e-05
18	RESET	-1.050840e+00	-3.044380e-05
18	RESET	-1.000840e+00	-2.620240e-05
18	RESET	-9.507760e-01	-2.304520e-05
18	RESET	-9.007320e-01	-1.904710e-05
18	RESET	-8.506820e-01	-1.581040e-05
18	RESET	-8.006700e-01	-1.323560e-05
18	RESET	-7.506180e-01	-1.090430e-05
18	RESET	-7.005870e-01	-8.805030e-06
18	RESET	-6.505230e-01	-7.108370e-06
18	RESET	-6.004910e-01	-5.715600e-06
18	RESET	-5.504510e-01	-4.501790e-06
18	RESET	-5.004230e-01	-3.415330e-06
18	RESET	-4.503550e-01	-2.524690e-06
18	RESET	-4.003160e-01	-1.897540e-06
18	RESET	-3.502840e-01	-1.418050e-06
18	RESET	-3.002430e-01	-1.056530e-06
18	RESET	-2.502150e-01	-7.235870e-07
18	RESET	-2.000680e-01	-4.996980e-07
18	RESET	-1.500350e-01	-3.097860e-07
18	RESET	-9.998710e-02	-1.755000e-07
18	RESET	-4.994980e-02	-8.076950e-08
18	RESET	1.130100e-05	-3.338280e-08
19	SET	3.967290e-05	2.154590e-10
19	SET	5.004950e-02	3.422190e-08
19	SET	1.000830e-01	9.356210e-08
19	SET	1.501430e-01	2.542770e-07
19	SET	2.001910e-01	3.051530e-07
19	SET	2.501170e-01	4.173820e-07
19	SET	3.001220e-01	4.877100e-07
19	SET	3.501660e-01	6.100310e-07
19	SET	4.002010e-01	7.359000e-07
19	SET	4.502640e-01	8.734600e-07
19	SET	5.002860e-01	1.007550e-06
19	SET	5.503250e-01	1.568160e-06
19	SET	6.003480e-01	1.574960e-06
19	SET	6.504430e-01	1.876990e-06
19	SET	7.004340e-01	1.809930e-06
19	SET	7.504680e-01	2.296580e-06
19	SET	8.005270e-01	2.692700e-06
19	SET	8.505920e-01	3.172300e-06
19	SET	9.006190e-01	3.439200e-06
19	SET	9.506420e-01	3.607790e-06
19	SET	1.000690e+00	5.658710e-06
19	SET	1.050770e+00	6.294970e-06
19	SET	1.100760e+00	5.450000e-06
19	SET	1.150840e+00	5.927510e-06
19	SET	1.200840e+00	7.426100e-06
19	SET	1.250910e+00	6.135890e-06
19	SET	1.300870e+00	7.961790e-06
19	SET	1.350960e+00	8.800000e-06
19	SET	1.400960e+00	9.044490e-06
19	SET	1.450990e+00	1.306170e-05
19	SET	1.501020e+00	1.427800e-05
19	SET	1.551060e+00	1.545580e-05
19	SET	1.601110e+00	1.858600e-05
19	SET	1.651150e+00	2.221780e-05
19	SET	1.701150e+00	5.301380e-04
19	SET	1.751240e+00	5.301430e-04
19	SET	1.801230e+00	5.301420e-04
19	SET	1.851270e+00	5.301460e-04
19	SET	1.901300e+00	5.301380e-04
19	SET	1.951350e+00	5.301440e-04
19	SET	2.001360e+00	5.301430e-04
19	SET	2.001370e+00	5.301460e-04
19	SET	1.951340e+00	5.301430e-04
19	SET	1.901300e+00	5.301470e-04
19	SET	1.851280e+00	5.301420e-04
19	SET	1.801220e+00	5.301420e-04
19	SET	1.751230e+00	5.301410e-04
19	SET	1.701150e+00	5.301460e-04
19	SET	1.651130e+00	5.301450e-04
19	SET	1.601090e+00	5.301390e-04
19	SET	1.551080e+00	5.301410e-04
19	SET	1.501030e+00	5.301420e-04
19	SET	1.451030e+00	5.301430e-04
19	SET	1.400960e+00	5.301460e-04
19	SET	1.350940e+00	5.301440e-04
19	SET	1.300870e+00	5.301440e-04
19	SET	1.250880e+00	5.301430e-04
19	SET	1.200820e+00	5.301450e-04
19	SET	1.150800e+00	5.301440e-04
19	SET	1.100740e+00	5.301420e-04
19	SET	1.050740e+00	5.301470e-04
19	SET	1.000680e+00	5.301460e-04
19	SET	9.506530e-01	5.301440e-04
19	SET	9.006030e-01	5.301490e-04
19	SET	8.505910e-01	5.301510e-04
19	SET	8.005240e-01	5.301470e-04
19	SET	7.505110e-01	5.301470e-04
19	SET	7.004340e-01	5.301520e-04
19	SET	6.504250e-01	5.301500e-04
19	SET	6.003580e-01	5.301510e-04
19	SET	5.503080e-01	5.301520e-04
19	SET	5.002990e-01	5.301520e-04
19	SET	4.502490e-01	5.301550e-04
19	SET	4.001920e-01	4.683940e-04
19	SET	3.501530e-01	3.596170e-04
19	SET	3.001210e-01	2.656060e-04
19	SET	2.501030e-01	1.880170e-04
19	SET	2.001910e-01	1.291740e-04
19	SET	1.501510e-01	8.510850e-05
19	SET	1.001110e-01	5.172910e-05
19	SET	5.007090e-02	2.462260e-05
19	SET	2.994540e-05	6.318710e-08
19	RESET	1.327990e-05	3.299000e-08
19	RESET	-4.989860e-02	-2.512840e-05
19	RESET	-9.999250e-02	-5.480340e-05
19	RESET	-1.500330e-01	-9.263060e-05
19	RESET	-2.000750e-01	-1.433610e-04
19	RESET	-2.502140e-01	-2.096030e-04
19	RESET	-3.002570e-01	-2.914810e-04
19	RESET	-3.502810e-01	-3.958880e-04
19	RESET	-4.003200e-01	-9.100260e-04
19	RESET	-4.503630e-01	-9.851820e-04
19	RESET	-5.005210e-01	-8.634880e-04
19	RESET	-5.504710e-01	-4.653450e-04
19	RESET	-6.005150e-01	-4.501650e-04
19	RESET	-6.505260e-01	-2.803970e-04
19	RESET	-7.006050e-01	-2.762690e-04
19	RESET	-7.506340e-01	-1.796440e-04
19	RESET	-8.006830e-01	-1.833660e-04
19	RESET	-8.506830e-01	-5.457160e-05
19	RESET	-9.007390e-01	-6.064270e-05
19	RESET	-9.507700e-01	-6.712950e-05
19	RESET	-1.000820e+00	-6.194670e-05
19	RESET	-1.050850e+00	-7.312800e-05
19	RESET	-1.100890e+00	-5.383810e-05
19	RESET	-1.150960e+00	-6.460760e-05
19	RESET	-1.200930e+00	-5.056220e-05
19	RESET	-1.251030e+00	-5.921260e-05
19	RESET	-1.301040e+00	-6.506680e-05
19	RESET	-1.351110e+00	-7.645880e-05
19	RESET	-1.401120e+00	-8.224660e-05
19	RESET	-1.451150e+00	-8.380130e-05
19	RESET	-1.501190e+00	-8.614700e-05
19	RESET	-1.551230e+00	-9.902910e-05
19	RESET	-1.601250e+00	-1.015220e-04
19	RESET	-1.651320e+00	-1.135410e-04
19	RESET	-1.701320e+00	-1.202420e-04
19	RESET	-1.751380e+00	-1.336230e-04
19	RESET	-1.801370e+00	-1.351090e-04
19	RESET	-1.851440e+00	-1.501220e-04
19	RESET	-1.901460e+00	-1.631500e-04
19	RESET	-1.951520e+00	-1.874420e-04
19	RESET	-2.001510e+00	-2.100380e-04
19	RESET	-2.051760e+00	-2.330060e-04
19	RESET	-2.101680e+00	-2.982390e-04
19	RESET	-2.152010e+00	-3.507550e-04
19	RESET	-2.202090e+00	-4.249700e-04
19	RESET	-2.201910e+00	-4.135330e-04
19	RESET	-2.152040e+00	-3.624410e-04
19	RESET	-2.101630e+00	-3.188760e-04
19	RESET	-2.051680e+00	-2.813810e-04
19	RESET	-2.001500e+00	-2.495270e-04
19	RESET	-1.951500e+00	-2.193100e-04
19	RESET	-1.901480e+00	-1.961020e-04
19	RESET	-1.851440e+00	-1.774520e-04
19	RESET	-1.801390e+00	-1.601180e-04
19	RESET	-1.751370e+00	-1.457340e-04
19	RESET	-1.701330e+00	-1.327610e-04
19	RESET	-1.651310e+00	-1.180890e-04
19	RESET	-1.601250e+00	-1.080500e-04
19	RESET	-1.551230e+00	-9.805260e-05
19	RESET	-1.501200e+00	-8.807240e-05
19	RESET	-1.451160e+00	-7.924290e-05
19	RESET	-1.401130e+00	-7.149600e-05
19	RESET	-1.351090e+00	-6.427890e-05
19	RESET	-1.301050e+00	-5.840050e-05
19	RESET	-1.251030e+00	-5.117920e-05
19	RESET	-1.200970e+00	-4.560310e-05
19	RESET	-1.150950e+00	-3.989700e-05
19	RESET	-1.100890e+00	-3.485960e-05
19	RESET	-1.050840e+00	-3.014310e-05
19	RESET	-1.000820e+00	-2.623290e-05
19	RESET	-9.507960e-01	-2.215950e-05
19	RESET	-9.007260e-01	-1.904050e-05
19	RESET	-8.506810e-01	-1.612760e-05
19	RESET	-8.006640e-01	-1.326080e-05
19	RESET	-7.506250e-01	-1.067570e-05
19	RESET	-7.005930e-01	-8.608930e-06
19	RESET	-6.505160e-01	-7.061220e-06
19	RESET	-6.005030e-01	-5.762920e-06
19	RESET	-5.504500e-01	-4.566950e-06
19	RESET	-5.004100e-01	-3.528260e-06
19	RESET	-4.503450e-01	-2.707000e-06
19	RESET	-4.003360e-01	-1.946490e-06
19	RESET	-3.502870e-01	-1.454720e-06
19	RESET	-3.002590e-01	-1.122180e-06
19	RESET	-2.502100e-01	-7.797930e-07
19	RESET	-2.000660e-01	-4.601750e-07
19	RESET	-1.500280e-01	-2.842940e-07
19	RESET	-9.998720e-02	-1.660050e-07
19	RESET	-4.995820e-02	-7.084340e-08
19	RESET	4.172330e-05	-8.906130e-10
20	SET	4.632470e-05	-6.110670e-11
20	SET	5.008050e-02	5.969690e-08
20	SET	1.001030e-01	9.332040e-08
20	SET	1.501470e-01	2.374530e-07
20	SET	2.001940e-01	2.606020e-07
20	SET	2.501270e-01	3.752820e-07
20	SET	3.001070e-01	4.409490e-07
20	SET	3.501630e-01	5.927470e-07
20	SET	4.002130e-01	8.011060e-07
20	SET	4.502550e-01	9.704060e-07
20	SET	5.002890e-01	1.210210e-06
20	SET	5.503360e-01	1.421060e-06
20	SET	6.003690e-01	1.231370e-06
20	SET	6.504310e-01	1.396710e-06
20	SET	7.004520e-01	3.195660e-06
20	SET	7.504890e-01	3.791770e-06
20	SET	8.005250e-01	4.566760e-06
20	SET	8.505710e-01	5.150630e-06
20	SET	9.005860e-01	5.641340e-06
20	SET	9.506820e-01	6.394610e-06
20	SET	1.000680e+00	7.101570e-06
20	SET	1.050730e+00	8.036850e-06
20	SET	1.100730e+00	8.752060e-06
20	SET	1.150810e+00	9.363770e-06
20	SET	1.200810e+00	1.030210e-05
20	SET	1.250880e+00	1.315890e-05
20	SET	1.300880e+00	1.335040e-05
20	SET	1.350940e+00	5.301430e-04
20	SET	1.400960e+00	5.301470e-04
20	SET	1.451020e+00	5.301460e-04
20	SET	1.501030e+00	5.301420e-04
20	SET	1.551090e+00	5.301440e-04
20	SET	1.601110e+00	5.301460e-04
20	SET	1.651150e+00	5.301490e-04
20	SET	1.701160e+00	5.301530e-04
20	SET	1.751240e+00	5.301490e-04
20	SET	1.801230e+00	5.301460e-04
20	SET	1.851290e+00	5.301480e-04
20	SET	1.901280e+00	5.301440e-04
20	SET	1.951360e+00	5.301440e-04
20	SET	2.001360e+00	5.301520e-04
20	SET	2.001380e+00	5.301490e-04
20	SET	1.951360e+00	5.301450e-04
20	SET	1.901300e+00	5.301480e-04
20	SET	1.851270e+00	5.301440e-04
20	SET	1.801250e+00	5.301440e-04
20	SET	1.751230e+00	5.301450e-04
20	SET	1.701160e+00	5.301420e-04
20	SET	1.651140e+00	5.301420e-04
20	SET	1.601100e+00	5.301490e-04
20	SET	1.551080e+00	5.301490e-04
20	SET	1.501020e+00	5.301480e-04
20	SET	1.451040e+00	5.301410e-04
20	SET	1.400990e+00	5.301430e-04
20	SET	1.350950e+00	5.301410e-04
20	SET	1.300910e+00	5.301410e-04
20	SET	1.250890e+00	5.301410e-04
20	SET	1.200820e+00	5.301440e-04
20	SET	1.150790e+00	5.301480e-04
20	SET	1.100720e+00	5.301450e-04
20	SET	1.050740e+00	5.301440e-04
20	SET	1.000700e+00	5.301450e-04
20	SET	9.506870e-01	5.301440e-04
20	SET	9.005930e-01	5.301390e-04
20	SET	8.505910e-01	5.301480e-04
20	SET	8.005090e-01	5.301480e-04
20	SET	7.504730e-01	5.301480e-04
20	SET	7.004410e-01	5.301510e-04
20	SET	6.504240e-01	5.301480e-04
20	SET	6.003470e-01	5.301520e-04
20	SET	5.503230e-01	5.301490e-04
20	SET	5.002640e-01	5.301480e-04
20	SET	4.502650e-01	5.301500e-04
20	SET	4.002020e-01	5.301460e-04
20	SET	3.501810e-01	4.724330e-04
20	SET	3.001330e-01	3.829650e-04
20	SET	2.501030e-01	2.978390e-04
20	SET	2.001890e-01	2.250700e-04
20	SET	1.501590e-01	1.553110e-04
20	SET	1.001190e-01	9.583360e-05
20	SET	5.008590e-02	4.543890e-05
20	SET	4.048350e-05	1.378210e-07
20	RESET	4.470350e-05	1.535510e-07
20	RESET	-4.989800e-02	-4.511460e-05
20	RESET	-9.998960e-02	-9.568530e-05
20	RESET	-1.500340e-01	-1.545410e-04
20	RESET	-2.000670e-01	-2.227190e-04
20	RESET	-2.502090e-01	-2.958980e-04
20	RESET	-3.002520e-01	-3.498760e-04
20	RESET	-3.502870e-01	-4.207610e-04
20	RESET	-4.003370e-01	-4.911800e-04
20	RESET	-4.503600e-01	-3.196910e-04
20	RESET	-5.004320e-01	-2.095420e-04
20	RESET	-5.504540e-01	-1.431170e-04
20	RESET	-6.005190e-01	-1.380870e-04
20	RESET	-6.505170e-01	-1.107470e-04
20	RESET	-7.005670e-01	-1.191940e-04
20	RESET	-7.506370e-01	-1.010210e-04
20	RESET	-8.006760e-01	-1.065940e-04
20	RESET	-8.506780e-01	-8.610950e-05
20	RESET	-9.007310e-01	-9.450300e-05
20	RESET	-9.507900e-01	-7.812500e-05
20	RESET	-1.000840e+00	-9.267910e-05
20	RESET	-1.050840e+00	-8.297740e-05
20	RESET	-1.100900e+00	-8.842970e-05
20	RESET	-1.150960e+00	-9.151820e-05
20	RESET	-1.200960e+00	-9.100620e-05
20	RESET	-1.251020e+00	-9.225150e-05
20	RESET	-1.301050e+00	-9.934580e-05
20	RESET	-1.351120e+00	-9.456670e-05
20	RESET	-1.401110e+00	-8.531690e-05
20	RESET	-1.451160e+00	-9.542610e-05
20	RESET	-1.501180e+00	-1.068030e-04
20	RESET	-1.551250e+00	-1.126120e-04
20	RESET	-1.601250e+00	-1.121520e-04
20	RESET	-1.651310e+00	-1.220970e-04
20	RESET	-1.701320e+00	-1.312240e-04
20	RESET	-1.751360e+00	-1.494640e-04
20	RESET	-1.801370e+00	-1.662780e-04
20	RESET	-1.851440e+00	-1.820560e-04
20	RESET	-1.901450e+00	-2.104660e-04
20	RESET	-1.951500e+00	-1.980720e-04
20	RESET	-2.001530e+00	-2.208590e-04
20	RESET	-2.051610e+00	-2.320780e-04
20	RESET	-2.101600e+00	-2.768990e-04
20	RESET	-2.151990e+00	-3.360890e-04
20	RESET	-2.201860e+00	-4.161380e-04
20	RESET	-2.201930e+00	-4.082060e-04
20	RESET	-2.151900e+00	-3.559350e-04
20	RESET	-2.101610e+00	-3.093660e-04
20	RESET	-2.051680e+00	-2.735270e-04
20	RESET	-2.001500e+00	-2.443540e-04
20	RESET	-1.951480e+00	-2.159150e-04
20	RESET	-1.901480e+00	-1.941770e-04
20	RESET	-1.851440e+00	-1.753000e-04
20	RESET	-1.801370e+00	-1.583330e-04
20	RESET	-1.751360e+00	-1.448720e-04
20	RESET	-1.701330e+00	-1.316730e-04
20	RESET	-1.651310e+00	-1.189850e-04
20	RESET	-1.601250e+00	-1.069960e-04
20	RESET	-1.551230e+00	-9.742690e-05
20	RESET	-1.501170e+00	-8.838640e-05
20	RESET	-1.451170e+00	-7.977010e-05
20	RESET	-1.401090e+00	-7.187440e-05
20	RESET	-1.351100e+00	-6.485520e-05
20	RESET	-1.301050e+00	-5.829440e-05
20	RESET	-1.251000e+00	-5.211740e-05
20	RESET	-1.200970e+00	-4.647990e-05
20	RESET	-1.150960e+00	-4.098110e-05
20	RESET	-1.100900e+00	-3.601390e-05
20	RESET	-1.050840e+00	-3.156510e-05
20	RESET	-1.000810e+00	-2.720550e-05
20	RESET	-9.507800e-01	-2.329370e-05
20	RESET	-9.007230e-01	-2.001290e-05
20	RESET	-8.506870e-01	-1.701200e-05
20	RESET	-8.006600e-01	-1.433120e-05
20	RESET	-7.506210e-01	-1.189940e-05
20	RESET	-7.005810e-01	-9.722290e-06
20	RESET	-6.505440e-01	-7.608520e-06
20	RESET	-6.005180e-01	-6.056850e-06
20	RESET	-5.504470e-01	-4.841580e-06
20	RESET	-5.004220e-01	-3.644140e-06
20	RESET	-4.503450e-01	-2.775870e-06
20	RESET	-4.003530e-01	-2.038890e-06
20	RESET	-3.502970e-01	-1.527570e-06
20	RESET	-3.002530e-01	-1.115120e-06
20	RESET	-2.502040e-01	-7.586700e-07
20	RESET	-2.000680e-01	-4.994170e-07
20	RESET	-1.500350e-01	-3.161820e-07
20	RESET	-9.999390e-02	-1.812970e-07
20	RESET	-4.995630e-02	-7.815250e-08
20	RESET	1.554490e-05	-3.178140e-08
21	SET	3.740790e-05	1.610040e-10
21	SET	5.004460e-02	3.991310e-08
21	SET	1.001010e-01	1.546600e-07
21	SET	1.501500e-01	2.014550e-07
21	SET	2.001900e-01	2.909210e-07
21	SET	2.501080e-01	3.686610e-07
21	SET	3.001260e-01	4.870730e-07
21	SET	3.501550e-01	6.443140e-07
21	SET	4.001970e-01	6.353860e-07
21	SET	4.502510e-01	7.813940e-07
21	SET	5.002690e-01	8.848370e-07
21	SET	5.503440e-01	1.914780e-06
21	SET	6.003340e-01	2.367680e-06
21	SET	6.504340e-01	2.354020e-06
21	SET	7.004390e-01	2.709770e-06
21	SET	7.504950e-01	3.483210e-06
21	SET	8.005190e-01	3.998140e-06
21	SET	8.505660e-01	4.636710e-06
21	SET	9.005910e-01	5.940210e-06
21	SET	9.506580e-01	6.879190e-06
21	SET	1.000680e+00	8.305550e-06
21	SET	1.050730e+00	8.844160e-06
21	SET	1.100710e+00	1.020550e-05
21	SET	1.150780e+00	1.145340e-05
21	SET	1.200830e+00	1.354800e-05
21	SET	1.250870e+00	1.448210e-05
21	SET	1.300880e+00	1.698910e-05
21	SET	1.350940e+00	1.698840e-05
21	SET	1.400950e+00	5.301450e-04
21	SET	1.451010e+00	5.301420e-04
21	SET	1.501020e+00	5.301400e-04
21	SET	1.551100e+00	5.301450e-04
21	SET	1.601090e+00	5.301450e-04
21	SET	1.651130e+00	5.301460e-04
21	SET	1.701170e+00	5.301410e-04
21	SET	1.751230e+00	5.301360e-04
21	SET	1.801210e+00	5.301410e-04
21	SET	1.851270e+00	5.301440e-04
21	SET	1.901290e+00	5.301470e-04
21	SET	1.951340e+00	5.301470e-04
21	SET	2.001360e+00	5.301420e-04
21	SET	2.001360e+00	5.301440e-04
21	SET	1.951340e+00	5.301440e-04
21	SET	1.901300e+00	5.301410e-04
21	SET	1.851280e+00	5.301480e-04
21	SET	1.801230e+00	5.301430e-04
21	SET	1.751210e+00	5.301430e-04
21	SET	1.701160e+00	5.301450e-04
21	SET	1.651160e+00	5.301410e-04
21	SET	1.601110e+00	5.301440e-04
21	SET	1.551080e+00	5.301420e-04
21	SET	1.501010e+00	5.301390e-04
21	SET	1.451010e+00	5.301380e-04
21	SET	1.400980e+00	5.301370e-04
21	SET	1.350940e+00	5.301440e-04
21	SET	1.300910e+00	5.301410e-04
21	SET	1.250880e+00	5.301400e-04
21	SET	1.200820e+00	5.301380e-04
21	SET	1.150810e+00	5.301420e-04
21	SET	1.100730e+00	5.301380e-04
21	SET	1.050720e+00	5.301430e-04
21	SET	1.000680e+00	5.301420e-04
21	SET	9.506590e-01	5.301470e-04
21	SET	9.005830e-01	5.301440e-04
21	SET	8.505870e-01	5.301380e-04
21	SET	8.005180e-01	5.301430e-04
21	SET	7.504770e-01	5.301450e-04
21	SET	7.004380e-01	5.301430e-04
21	SET	6.504320e-01	5.301490e-04
21	SET	6.003590e-01	5.301450e-04
21	SET	5.503210e-01	5.301470e-04
21	SET	5.002990e-01	5.301430e-04
21	SET	4.502700e-01	5.301510e-04
21	SET	4.001950e-01	5.301440e-04
21	SET	3.501670e-01	5.301460e-04
21	SET	3.001240e-01	5.301480e-04
21	SET	2.501250e-01	5.301410e-04
21	SET	2.001890e-01	4.221850e-04
21	SET	1.501600e-01	3.089060e-04
21	SET	1.001200e-01	2.021310e-04
21	SET	5.008320e-02	1.007240e-04
21	SET	4.065040e-05	3.073360e-07
21	RESET	4.451270e-05	3.428710e-07
21	RESET	-4.990660e-02	-9.962510e-05
21	RESET	-9.999330e-02	-2.024730e-04
21	RESET	-1.500380e-01	-3.094690e-04
21	RESET	-2.000680e-01	-4.224020e-04
21	RESET	-2.501830e-01	-5.420520e-04
21	RESET	-3.002490e-01	-6.603600e-04
21	RESET	-3.502750e-01	-9.472420e-04
21	RESET	-4.003310e-01	-1.062460e-03
21	RESET	-4.503570e-01	-1.194800e-03
21	RESET	-5.003970e-01	-1.343410e-03
21	RESET	-5.504560e-01	-1.487800e-03
21	RESET	-6.004920e-01	-1.622490e-03
21	RESET	-6.505350e-01	-1.760600e-03
21	RESET	-7.005890e-01	-1.887400e-03
21	RESET	-7.506210e-01	-1.989750e-03
21	RESET	-8.006900e-01	-3.289480e-04
21	RESET	-8.506640e-01	-3.011820e-04
21	RESET	-9.007320e-01	-2.281200e-05
21	RESET	-9.507740e-01	-2.553470e-05
21	RESET	-1.000820e+00	-2.886320e-05
21	RESET	-1.050840e+00	-3.300760e-05
21	RESET	-1.100880e+00	-3.801370e-05
21	RESET	-1.150970e+00	-4.341580e-05
21	RESET	-1.200970e+00	-4.893070e-05
21	RESET	-1.251020e+00	-5.581420e-05
21	RESET	-1.301040e+00	-6.241320e-05
21	RESET	-1.351110e+00	-7.145670e-05
21	RESET	-1.401110e+00	-8.052060e-05
21	RESET	-1.451170e+00	-9.663800e-05
21	RESET	-1.501190e+00	-7.705990e-05
21	RESET	-1.551210e+00	-8.372780e-05
21	RESET	-1.601230e+00	-9.437030e-05
21	RESET	-1.651320e+00	-1.052120e-04
21	RESET	-1.701330e+00	-1.161480e-04
21	RESET	-1.751360e+00	-1.256960e-04
21	RESET	-1.801370e+00	-1.365380e-04
21	RESET	-1.851430e+00	-1.486890e-04
21	RESET	-1.901460e+00	-1.667020e-04
21	RESET	-1.951490e+00	-1.908140e-04
21	RESET	-2.001490e+00	-2.134230e-04
21	RESET	-2.051680e+00	-2.443780e-04
21	RESET	-2.101850e+00	-2.813350e-04
21	RESET	-2.151840e+00	-3.439730e-04
21	RESET	-2.202080e+00	-4.507260e-04
21	RESET	-2.201880e+00	-4.221820e-04
21	RESET	-2.151920e+00	-3.743650e-04
21	RESET	-2.101650e+00	-3.213890e-04
21	RESET	-2.051820e+00	-2.817300e-04
21	RESET	-2.001530e+00	-2.510590e-04
21	RESET	-1.951490e+00	-2.256740e-04
21	RESET	-1.901470e+00	-2.020580e-04
21	RESET	-1.851430e+00	-1.815920e-04
21	RESET	-1.801380e+00	-1.632960e-04
21	RESET	-1.751370e+00	-1.497810e-04
21	RESET	-1.701320e+00	-1.364500e-04
21	RESET	-1.651320e+00	-1.233710e-04
21	RESET	-1.601250e+00	-1.123600e-04
21	RESET	-1.551260e+00	-1.021510e-04
21	RESET	-1.501200e+00	-9.123240e-05
21	RESET	-1.451160e+00	-8.277930e-05
21	RESET	-1.401120e+00	-7.511330e-05
21	RESET	-1.351110e+00	-6.720490e-05
21	RESET	-1.301040e+00	-5.983320e-05
21	RESET	-1.251040e+00	-5.399910e-05
21	RESET	-1.200970e+00	-4.846510e-05
21	RESET	-1.150950e+00	-4.283600e-05
21	RESET	-1.100890e+00	-3.741160e-05
21	RESET	-1.050840e+00	-3.259510e-05
21	RESET	-1.000810e+00	-2.850430e-05
21	RESET	-9.507850e-01	-2.435740e-05
21	RESET	-9.007420e-01	-2.080620e-05
21	RESET	-8.506830e-01	-1.716060e-05
21	RESET	-8.006780e-01	-1.458330e-05
21	RESET	-7.506100e-01	-1.220380e-05
21	RESET	-7.006010e-01	-9.951220e-06
21	RESET	-6.505310e-01	-8.160300e-06
21	RESET	-6.005020e-01	-6.943020e-06
21	RESET	-5.504370e-01	-5.573830e-06
21	RESET	-5.004180e-01	-3.914250e-06
21	RESET	-4.503610e-01	-3.010740e-06
21	RESET	-4.003380e-01	-2.276020e-06
21	RESET	-3.502840e-01	-1.688160e-06
21	RESET	-3.002650e-01	-1.587070e-06
21	RESET	-2.502040e-01	-1.396900e-06
21	RESET	-2.000750e-01	-6.794450e-07
21	RESET	-1.500390e-01	-4.086360e-07
21	RESET	-9.999970e-02	-2.371800e-07
21	RESET	-4.995610e-02	-8.824620e-08
21	RESET	4.460810e-05	-1.603530e-09
22	SET	4.165170e-05	-1.529460e-11
22	SET	5.007840e-02	8.725990e-08
22	SET	1.001050e-01	2.351240e-07
22	SET	1.501590e-01	2.980400e-07
22	SET	2.001970e-01	4.053910e-07
22	SET	2.501240e-01	5.594860e-07
22	SET	3.001370e-01	7.350550e-07
22	SET	3.501620e-01	8.487910e-07
22	SET	4.001790e-01	9.989220e-07
22	SET	4.502550e-01	1.131020e-06
22	SET	5.002690e-01	1.402610e-06
22	SET	5.503400e-01	1.776720e-06
22	SET	6.003620e-01	2.991980e-06
22	SET	6.504210e-01	3.944400e-06
22	SET	7.004560e-01	4.468520e-06
22	SET	7.504850e-01	4.603480e-06
22	SET	8.005140e-01	5.143990e-06
22	SET	8.505960e-01	4.958180e-06
22	SET	9.005870e-01	5.309340e-06
22	SET	9.506460e-01	7.387200e-06
22	SET	1.000730e+00	8.229060e-06
22	SET	1.050740e+00	9.121130e-06
22	SET	1.100720e+00	1.000710e-05
22	SET	1.150800e+00	1.110270e-05
22	SET	1.200650e+00	5.184680e-05
22	SET	1.250890e+00	5.301560e-04
22	SET	1.300900e+00	5.301430e-04
22	SET	1.350940e+00	5.301460e-04
22	SET	1.400970e+00	5.301470e-04
22	SET	1.451030e+00	5.301420e-04
22	SET	1.501040e+00	5.301470e-04
22	SET	1.551100e+00	5.301420e-04
22	SET	1.601100e+00	5.301440e-04
22	SET	1.651140e+00	5.301470e-04
22	SET	1.701160e+00	5.301400e-04
22	SET	1.751200e+00	5.301390e-04
22	SET	1.801230e+00	5.301450e-04
22	SET	1.851290e+00	5.301460e-04
22	SET	1.901310e+00	5.301440e-04
22	SET	1.951350e+00	5.301460e-04
22	SET	2.001370e+00	5.301440e-04
22	SET	2.001370e+00	5.301460e-04
22	SET	1.951340e+00	5.301400e-04
22	SET	1.901300e+00	5.301440e-04
22	SET	1.851280e+00	5.301490e-04
22	SET	1.801240e+00	5.301460e-04
22	SET	1.751220e+00	5.301430e-04
22	SET	1.701160e+00	5.301400e-04
22	SET	1.651140e+00	5.301460e-04
22	SET	1.601110e+00	5.301440e-04
22	SET	1.551060e+00	5.301440e-04
22	SET	1.501010e+00	5.301450e-04
22	SET	1.451010e+00	5.301460e-04
22	SET	1.400960e+00	5.301380e-04
22	SET	1.350950e+00	5.301480e-04
22	SET	1.300870e+00	5.301430e-04
22	SET	1.250880e+00	5.301430e-04
22	SET	1.200830e+00	5.301470e-04
22	SET	1.150800e+00	5.301440e-04
22	SET	1.100750e+00	5.301480e-04
22	SET	1.050750e+00	5.301460e-04
22	SET	1.000700e+00	5.301480e-04
22	SET	9.506770e-01	5.301480e-04
22	SET	9.006160e-01	5.301460e-04
22	SET	8.505830e-01	5.301510e-04
22	SET	8.005120e-01	5.301470e-04
22	SET	7.504900e-01	5.301500e-04
22	SET	7.004440e-01	5.301550e-04
22	SET	6.504360e-01	5.254460e-04
22	SET	6.003550e-01	4.636330e-04
22	SET	5.503190e-01	4.000100e-04
22	SET	5.002890e-01	3.362780e-04
22	SET	4.502740e-01	2.728700e-04
22	SET	4.002000e-01	2.122050e-04
22	SET	3.501860e-01	1.565580e-04
22	SET	3.001240e-01	1.098640e-04
22	SET	2.501150e-01	7.477350e-05
22	SET	2.001940e-01	5.003770e-05
22	SET	1.501630e-01	3.272790e-05
22	SET	1.001250e-01	1.986070e-05
22	SET	5.007250e-02	9.398300e-06
22	SET	4.236700e-05	2.883280e-08
22	RESET	3.354550e-05	2.067740e-08
22	RESET	-4.995250e-02	-9.540930e-06
22	RESET	-9.993840e-02	-2.049680e-05
22	RESET	-1.500390e-01	-3.458150e-05
22	RESET	-2.000730e-01	-5.362400e-05
22	RESET	-2.501960e-01	-8.011070e-05
22	RESET	-3.002650e-01	-1.155300e-04
22	RESET	-3.502910e-01	-1.589580e-04
22	RESET	-4.003590e-01	-2.079720e-04
22	RESET	-4.503330e-01	-2.604040e-04
22	RESET	-5.004100e-01	-3.127460e-04
22	RESET	-5.504550e-01	-3.666760e-04
22	RESET	-6.005090e-01	-2.719910e-04
22	RESET	-6.505200e-01	-2.220390e-04
22	RESET	-7.005890e-01	-2.256610e-04
22	RESET	-7.506220e-01	-1.651360e-04
22	RESET	-8.006750e-01	-1.731890e-04
22	RESET	-8.506860e-01	-1.537730e-04
22	RESET	-9.007540e-01	-1.624790e-04
22	RESET	-9.507840e-01	-1.330600e-04
22	RESET	-1.000830e+00	-2.042950e-05
22	RESET	-1.050850e+00	-2.274340e-05
22	RESET	-1.100910e+00	-2.633040e-05
22	RESET	-1.150960e+00	-3.095870e-05
22	RESET	-1.200980e+00	-3.391120e-05
22	RESET	-1.251020e+00	-3.934890e-05
22	RESET	-1.301050e+00	-4.357460e-05
22	RESET	-1.351120e+00	-5.061720e-05
22	RESET	-1.401120e+00	-5.805710e-05
22	RESET	-1.451160e+00	-6.481360e-05
22	RESET	-1.501200e+00	-7.241250e-05
22	RESET	-1.551240e+00	-8.292250e-05
22	RESET	-1.601240e+00	-9.199420e-05
22	RESET	-1.651310e+00	-1.005550e-04
22	RESET	-1.701320e+00	-1.126100e-04
22	RESET	-1.751390e+00	-1.253190e-04
22	RESET	-1.801390e+00	-1.359900e-04
22	RESET	-1.851440e+00	-1.498670e-04
22	RESET	-1.901460e+00	-1.697070e-04
22	RESET	-1.951500e+00	-1.918740e-04
22	RESET	-2.001510e+00	-1.992530e-04
22	RESET	-2.051760e+00	-2.290210e-04
22	RESET	-2.101650e+00	-2.841540e-04
22	RESET	-2.152000e+00	-3.579550e-04
22	RESET	-2.201860e+00	-4.703080e-04
22	RESET	-2.202100e+00	-4.228880e-04
22	RESET	-2.151910e+00	-3.560410e-04
22	RESET	-2.101820e+00	-3.053410e-04
22	RESET	-2.051730e+00	-2.682980e-04
22	RESET	-2.001550e+00	-2.409730e-04
22	RESET	-1.951480e+00	-2.160760e-04
22	RESET	-1.901450e+00	-1.926650e-04
22	RESET	-1.851430e+00	-1.747000e-04
22	RESET	-1.801380e+00	-1.588120e-04
22	RESET	-1.751380e+00	-1.434600e-04
22	RESET	-1.701310e+00	-1.313840e-04
22	RESET	-1.651310e+00	-1.189550e-04
22	RESET	-1.601240e+00	-1.075350e-04
22	RESET	-1.551230e+00	-9.708810e-05
22	RESET	-1.501170e+00	-8.846860e-05
22	RESET	-1.451160e+00	-8.027060e-05
22	RESET	-1.401110e+00	-7.256480e-05
22	RESET	-1.351110e+00	-6.496070e-05
22	RESET	-1.301060e+00	-5.818030e-05
22	RESET	-1.251040e+00	-5.182140e-05
22	RESET	-1.200970e+00	-4.598700e-05
22	RESET	-1.150950e+00	-4.001830e-05
22	RESET	-1.100890e+00	-3.509090e-05
22	RESET	-1.050840e+00	-3.049130e-05
22	RESET	-1.000840e+00	-2.595900e-05
22	RESET	-9.507630e-01	-2.229450e-05
22	RESET	-9.007490e-01	-1.922500e-05
22	RESET	-8.506980e-01	-1.644350e-05
22	RESET	-8.006890e-01	-1.349070e-05
22	RESET	-7.506100e-01	-1.100880e-05
22	RESET	-7.005850e-01	-9.080350e-06
22	RESET	-6.505390e-01	-7.244670e-06
22	RESET	-6.005410e-01	-5.667420e-06
22	RESET	-5.504750e-01	-4.305520e-06
22	RESET	-5.004330e-01	-3.316480e-06
22	RESET	-4.503390e-01	-2.498460e-06
22	RESET	-4.003750e-01	-1.833740e-06
22	RESET	-3.503000e-01	-1.363440e-06
22	RESET	-3.002820e-01	-1.003580e-06
22	RESET	-2.502150e-01	-6.715200e-07
22	RESET	-2.000830e-01	-4.462480e-07
22	RESET	-1.500440e-01	-2.855450e-07
22	RESET	-1.000030e-01	-1.753380e-07
22	RESET	-4.996240e-02	-6.087720e-08
22	RESET	3.588200e-05	-8.991840e-10
23	SET	3.461840e-05	2.567770e-11
23	SET	5.003550e-02	5.612030e-08
23	SET	1.001000e-01	2.208630e-07
23	SET	1.501500e-01	3.355470e-07
23	SET	2.001820e-01	4.434540e-07
23	SET	2.501040e-01	6.131850e-07
23	SET	3.001030e-01	7.736610e-07
23	SET	3.501420e-01	9.624780e-07
23	SET	4.002030e-01	1.128430e-06
23	SET	4.502670e-01	1.341480e-06
23	SET	5.002620e-01	1.645450e-06
23	SET	5.503130e-01	1.943190e-06
23	SET	6.003450e-01	2.154800e-06
23	SET	6.504290e-01	2.399350e-06
23	SET	7.004430e-01	3.856060e-06
23	SET	7.504890e-01	4.213290e-06
23	SET	8.005140e-01	5.114920e-06
23	SET	8.505590e-01	6.255950e-06
23	SET	9.005830e-01	7.060870e-06
23	SET	9.506230e-01	8.025020e-06
23	SET	1.000680e+00	5.301470e-04
23	SET	1.050740e+00	5.301320e-04
23	SET	1.100740e+00	5.301360e-04
23	SET	1.150820e+00	5.301410e-04
23	SET	1.200820e+00	5.301360e-04
23	SET	1.250890e+00	5.301400e-04
23	SET	1.300900e+00	5.301340e-04
23	SET	1.350960e+00	5.301400e-04
23	SET	1.400960e+00	5.301360e-04
23	SET	1.451020e+00	5.301360e-04
23	SET	1.501010e+00	5.301410e-04
23	SET	1.551060e+00	5.301370e-04
23	SET	1.601100e+00	5.301410e-04
23	SET	1.651120e+00	5.301440e-04
23	SET	1.701160e+00	5.301390e-04
23	SET	1.751220e+00	5.301350e-04
23	SET	1.801230e+00	5.301420e-04
23	SET	1.851260e+00	5.301340e-04
23	SET	1.901290e+00	5.301410e-04
23	SET	1.951340e+00	5.301400e-04
23	SET	2.001370e+00	5.301420e-04
23	SET	2.001370e+00	5.301400e-04
23	SET	1.951320e+00	5.301370e-04
23	SET	1.901320e+00	5.301360e-04
23	SET	1.851270e+00	5.301390e-04
23	SET	1.801210e+00	5.301380e-04
23	SET	1.751220e+00	5.301410e-04
23	SET	1.701150e+00	5.301360e-04
23	SET	1.651150e+00	5.301390e-04
23	SET	1.601090e+00	5.301420e-04
23	SET	1.551060e+00	5.301410e-04
23	SET	1.501020e+00	5.301400e-04
23	SET	1.451000e+00	5.301350e-04
23	SET	1.400960e+00	5.301410e-04
23	SET	1.350960e+00	5.301370e-04
23	SET	1.300890e+00	5.301330e-04
23	SET	1.250880e+00	5.301400e-04
23	SET	1.200830e+00	5.301450e-04
23	SET	1.150810e+00	5.301320e-04
23	SET	1.100750e+00	5.301320e-04
23	SET	1.050740e+00	5.301360e-04
23	SET	1.000680e+00	5.301420e-04
23	SET	9.506480e-01	5.301350e-04
23	SET	9.005980e-01	5.301400e-04
23	SET	8.505830e-01	5.301400e-04
23	SET	8.005100e-01	5.301420e-04
23	SET	7.504960e-01	5.301340e-04
23	SET	7.004290e-01	5.301380e-04
23	SET	6.504070e-01	5.301360e-04
23	SET	6.003400e-01	5.301370e-04
23	SET	5.503300e-01	5.301410e-04
23	SET	5.002800e-01	5.301410e-04
23	SET	4.502560e-01	5.301420e-04
23	SET	4.001950e-01	5.301410e-04
23	SET	3.501510e-01	5.301420e-04
23	SET	3.001310e-01	5.301410e-04
23	SET	2.501120e-01	5.301430e-04
23	SET	2.001840e-01	5.015340e-04
23	SET	1.501500e-01	3.759970e-04
23	SET	1.001160e-01	2.507630e-04
23	SET	5.007280e-02	1.255740e-04
23	SET	2.517700e-05	2.466860e-07
23	RESET	3.840920e-05	4.084840e-07
23	RESET	-4.996480e-02	-1.245090e-04
23	RESET	-1.000050e-01	-2.496760e-04
23	RESET	-1.500430e-01	-3.749980e-04
23	RESET	-2.000790e-01	-5.005100e-04
23	RESET	-2.502080e-01	-6.265240e-04
23	RESET	-3.002710e-01	-7.530220e-04
23	RESET	-3.502940e-01	-8.803410e-04
23	RESET	-4.003080e-01	-1.198790e-03
23	RESET	-4.503420e-01	-1.345680e-03
23	RESET	-5.004180e-01	-1.491980e-03
23	RESET	-5.504520e-01	-1.635010e-03
23	RESET	-6.005080e-01	-1.780460e-03
23	RESET	-6.505500e-01	-1.927470e-03
23	RESET	-7.005800e-01	-2.095230e-03
23	RESET	-7.506120e-01	-2.238080e-03
23	RESET	-8.006860e-01	-2.366020e-03
23	RESET	-8.506870e-01	-2.396380e-03
23	RESET	-9.007660e-01	-4.136300e-05
23	RESET	-9.507760e-01	-5.526100e-05
23	RESET	-1.000820e+00	-5.883130e-05
23	RESET	-1.050840e+00	-7.099890e-05
23	RESET	-1.100900e+00	-8.349070e-05
23	RESET	-1.150980e+00	-7.663890e-05
23	RESET	-1.200940e+00	-8.959110e-05
23	RESET	-1.251050e+00	-9.239670e-05
23	RESET	-1.301050e+00	-9.562090e-05
23	RESET	-1.351120e+00	-9.889910e-05
23	RESET	-1.401130e+00	-1.219280e-04
23	RESET	-1.451170e+00	-1.396050e-04
23	RESET	-1.501200e+00	-1.133240e-04
23	RESET	-1.551270e+00	-1.231440e-04
23	RESET	-1.601270e+00	-1.296010e-04
23	RESET	-1.651320e+00	-1.315710e-04
23	RESET	-1.701320e+00	-1.141880e-04
23	RESET	-1.751380e+00	-1.286640e-04
23	RESET	-1.801390e+00	-1.383190e-04
23	RESET	-1.851450e+00	-1.574650e-04
23	RESET	-1.901470e+00	-1.753630e-04
23	RESET	-1.951500e+00	-1.936510e-04
23	RESET	-2.001540e+00	-2.215660e-04
23	RESET	-2.051920e+00	-2.527450e-04
23	RESET	-2.101710e+00	-2.823150e-04
23	RESET	-2.151970e+00	-3.408010e-04
23	RESET	-2.202120e+00	-4.331660e-04
23	RESET	-2.201910e+00	-4.254590e-04
23	RESET	-2.152020e+00	-3.414970e-04
23	RESET	-2.101940e+00	-3.013540e-04
23	RESET	-2.051740e+00	-2.677760e-04
23	RESET	-2.001540e+00	-2.355070e-04
23	RESET	-1.951490e+00	-2.112950e-04
23	RESET	-1.901470e+00	-1.897330e-04
23	RESET	-1.851430e+00	-1.736800e-04
23	RESET	-1.801400e+00	-1.570840e-04
23	RESET	-1.751390e+00	-1.435630e-04
23	RESET	-1.701320e+00	-1.309820e-04
23	RESET	-1.651310e+00	-1.206720e-04
23	RESET	-1.601250e+00	-1.070950e-04
23	RESET	-1.551250e+00	-9.657170e-05
23	RESET	-1.501200e+00	-8.779520e-05
23	RESET	-1.451170e+00	-7.981240e-05
23	RESET	-1.401120e+00	-7.186070e-05
23	RESET	-1.351100e+00	-6.376040e-05
23	RESET	-1.301050e+00	-5.699490e-05
23	RESET	-1.251040e+00	-5.080210e-05
23	RESET	-1.200990e+00	-4.495750e-05
23	RESET	-1.150960e+00	-3.957530e-05
23	RESET	-1.100920e+00	-3.537260e-05
23	RESET	-1.050840e+00	-3.001170e-05
23	RESET	-1.000850e+00	-2.572310e-05
23	RESET	-9.507920e-01	-2.176100e-05
23	RESET	-9.007470e-01	-1.916040e-05
23	RESET	-8.506970e-01	-1.606450e-05
23	RESET	-8.006870e-01	-1.340840e-05
23	RESET	-7.506370e-01	-1.104870e-05
23	RESET	-7.005780e-01	-9.283980e-06
23	RESET	-6.505620e-01	-7.491080e-06
23	RESET	-6.005080e-01	-6.001620e-06
23	RESET	-5.504660e-01	-4.512840e-06
23	RESET	-5.004230e-01	-3.785600e-06
23	RESET	-4.503610e-01	-2.881400e-06
23	RESET	-4.003750e-01	-1.921630e-06
23	RESET	-3.502960e-01	-1.418790e-06
23	RESET	-3.002610e-01	-1.049740e-06
23	RESET	-2.501980e-01	-7.992060e-07
23	RESET	-2.000850e-01	-5.522980e-07
23	RESET	-1.500490e-01	-3.575090e-07
23	RESET	-1.000040e-01	-2.294730e-07
23	RESET	-4.996940e-02	-8.211170e-08
23	RESET	3.607270e-05	-4.787440e-10
24	SET	2.715590e-05	1.251580e-10
24	SET	5.006200e-02	5.974560e-08
24	SET	1.000930e-01	1.502770e-07
24	SET	1.501500e-01	2.124360e-07
24	SET	2.001840e-01	3.071030e-07
24	SET	2.500900e-01	5.299960e-07
24	SET	3.001130e-01	5.811560e-07
24	SET	3.501390e-01	7.518680e-07
24	SET	4.001870e-01	8.355930e-07
24	SET	4.502540e-01	1.270560e-06
24	SET	5.002430e-01	1.998130e-06
24	SET	5.503280e-01	2.354880e-06
24	SET	6.003360e-01	2.453550e-06
24	SET	6.504350e-01	3.770250e-06
24	SET	7.004220e-01	4.094540e-06
24	SET	7.504490e-01	4.124800e-06
24	SET	8.001120e-01	6.562640e-06
24	SET	8.505810e-01	1.588430e-04
24	SET	9.005760e-01	1.107150e-04
24	SET	9.506640e-01	1.071800e-04
24	SET	1.000680e+00	9.158530e-05
24	SET	1.050720e+00	9.926680e-05
24	SET	1.100730e+00	8.042950e-05
24	SET	1.150800e+00	9.334380e-05
24	SET	1.200830e+00	9.543300e-05
24	SET	1.250880e+00	7.844110e-05
24	SET	1.300880e+00	8.675670e-05
24	SET	1.350950e+00	5.301480e-04
24	SET	1.400950e+00	5.301400e-04
24	SET	1.451020e+00	5.301440e-04
24	SET	1.501020e+00	5.301380e-04
24	SET	1.551080e+00	5.301410e-04
24	SET	1.601090e+00	5.301430e-04
24	SET	1.651130e+00	5.301470e-04
24	SET	1.701150e+00	5.301430e-04
24	SET	1.751200e+00	5.301410e-04
24	SET	1.801220e+00	5.301410e-04
24	SET	1.851270e+00	5.301460e-04
24	SET	1.901300e+00	5.301440e-04
24	SET	1.951330e+00	5.301430e-04
24	SET	2.001360e+00	5.301450e-04
24	SET	2.001350e+00	5.301400e-04
24	SET	1.951340e+00	5.301480e-04
24	SET	1.901290e+00	5.301370e-04
24	SET	1.851280e+00	5.301460e-04
24	SET	1.801220e+00	5.301440e-04
24	SET	1.751200e+00	5.301370e-04
24	SET	1.701170e+00	5.301420e-04
24	SET	1.651130e+00	5.301370e-04
24	SET	1.601100e+00	5.301440e-04
24	SET	1.551080e+00	5.301400e-04
24	SET	1.501020e+00	5.301360e-04
24	SET	1.451030e+00	5.301440e-04
24	SET	1.400960e+00	5.301370e-04
24	SET	1.350950e+00	5.301390e-04
24	SET	1.300890e+00	5.301380e-04
24	SET	1.250870e+00	5.301370e-04
24	SET	1.200830e+00	5.301430e-04
24	SET	1.150800e+00	5.301370e-04
24	SET	1.100720e+00	5.301330e-04
24	SET	1.050730e+00	5.301390e-04
24	SET	1.000690e+00	5.301370e-04
24	SET	9.506550e-01	5.301420e-04
24	SET	9.005950e-01	5.301350e-04
24	SET	8.505950e-01	5.301380e-04
24	SET	8.005190e-01	5.301350e-04
24	SET	7.504850e-01	5.301360e-04
24	SET	7.004240e-01	5.301450e-04
24	SET	6.504100e-01	5.301400e-04
24	SET	6.003580e-01	5.301370e-04
24	SET	5.503230e-01	5.301410e-04
24	SET	5.002750e-01	5.301450e-04
24	SET	4.502640e-01	5.301420e-04
24	SET	4.002040e-01	5.301430e-04
24	SET	3.501640e-01	5.301430e-04
24	SET	3.001330e-01	5.301440e-04
24	SET	2.501080e-01	5.301440e-04
24	SET	2.001890e-01	4.743220e-04
24	SET	1.501530e-01	3.560030e-04
24	SET	1.001140e-01	2.375890e-04
24	SET	5.007920e-02	1.190740e-04
24	SET	3.318790e-05	2.411450e-07
24	RESET	3.578660e-05	3.790980e-07
24	RESET	-4.995870e-02	-1.182050e-04
24	RESET	-9.999320e-02	-2.371430e-04
24	RESET	-1.500430e-01	-3.562040e-04
24	RESET	-2.000740e-01	-4.753520e-04
24	RESET	-2.502120e-01	-5.949650e-04
24	RESET	-3.002390e-01	-7.143880e-04
24	RESET	-3.503080e-01	-8.340640e-04
24	RESET	-4.003730e-01	-9.532130e-04
24	RESET	-4.503330e-01	-1.208090e-03
24	RESET	-5.004140e-01	-1.348910e-03
24	RESET	-5.504460e-01	-1.483030e-03
24	RESET	-6.005120e-01	-1.613030e-03
24	RESET	-6.505230e-01	-1.743110e-03
24	RESET	-7.005730e-01	-1.853430e-03
24	RESET	-7.506300e-01	-1.793220e-03
24	RESET	-8.006770e-01	-1.172300e-05
24	RESET	-8.506790e-01	-1.409680e-05
24	RESET	-9.007510e-01	-1.685130e-05
24	RESET	-9.507690e-01	-1.824020e-05
24	RESET	-1.000820e+00	-2.093570e-05
24	RESET	-1.050840e+00	-2.454790e-05
24	RESET	-1.100890e+00	-2.893270e-05
24	RESET	-1.150950e+00	-3.291030e-05
24	RESET	-1.200970e+00	-3.726290e-05
24	RESET	-1.251010e+00	-4.231090e-05
24	RESET	-1.301020e+00	-4.699940e-05
24	RESET	-1.351100e+00	-5.384750e-05
24	RESET	-1.401110e+00	-5.915130e-05
24	RESET	-1.451160e+00	-6.907120e-05
24	RESET	-1.501200e+00	-7.782110e-05
24	RESET	-1.551230e+00	-9.027380e-05
24	RESET	-1.601250e+00	-9.895560e-05
24	RESET	-1.651300e+00	-1.081610e-04
24	RESET	-1.701310e+00	-1.193170e-04
24	RESET	-1.751360e+00	-1.348610e-04
24	RESET	-1.801380e+00	-1.423930e-04
24	RESET	-1.851420e+00	-1.538890e-04
24	RESET	-1.901470e+00	-1.774580e-04
24	RESET	-1.951490e+00	-1.998390e-04
24	RESET	-2.001500e+00	-2.124380e-04
24	RESET	-2.051890e+00	-2.331750e-04
24	RESET	-2.101760e+00	-2.710130e-04
24	RESET	-2.151940e+00	-3.277180e-04
24	RESET	-2.201760e+00	-4.346200e-04
24	RESET	-2.201940e+00	-4.305520e-04
24	RESET	-2.152020e+00	-3.685720e-04
24	RESET	-2.101660e+00	-3.112830e-04
24	RESET	-2.051800e+00	-2.740850e-04
24	RESET	-2.001530e+00	-2.411840e-04
24	RESET	-1.951500e+00	-2.174890e-04
24	RESET	-1.901460e+00	-1.947590e-04
24	RESET	-1.851440e+00	-1.746300e-04
24	RESET	-1.801400e+00	-1.568170e-04
24	RESET	-1.751370e+00	-1.418580e-04
24	RESET	-1.701320e+00	-1.286770e-04
24	RESET	-1.651300e+00	-1.176320e-04
24	RESET	-1.601250e+00	-1.069770e-04
24	RESET	-1.551230e+00	-9.750620e-05
24	RESET	-1.501190e+00	-8.902690e-05
24	RESET	-1.451170e+00	-8.013860e-05
24	RESET	-1.401100e+00	-7.170190e-05
24	RESET	-1.351110e+00	-6.423800e-05
24	RESET	-1.301060e+00	-5.788570e-05
24	RESET	-1.251030e+00	-5.117820e-05
24	RESET	-1.200970e+00	-4.594880e-05
24	RESET	-1.150950e+00	-4.067460e-05
24	RESET	-1.100880e+00	-3.608530e-05
24	RESET	-1.050830e+00	-3.233120e-05
24	RESET	-1.000820e+00	-2.821230e-05
24	RESET	-9.507870e-01	-2.556200e-05
24	RESET	-9.007350e-01	-2.178640e-05
24	RESET	-8.507030e-01	-1.856040e-05
24	RESET	-8.006880e-01	-1.533890e-05
24	RESET	-7.506180e-01	-1.288600e-05
24	RESET	-7.005820e-01	-1.054740e-05
24	RESET	-6.505080e-01	-8.743290e-06
24	RESET	-6.005210e-01	-7.195680e-06
24	RESET	-5.504470e-01	-5.949430e-06
24	RESET	-5.004160e-01	-4.370330e-06
24	RESET	-4.503820e-01	-3.600860e-06
24	RESET	-4.003770e-01	-2.668380e-06
24	RESET	-3.502950e-01	-1.965120e-06
24	RESET	-3.002700e-01	-1.361640e-06
24	RESET	-2.502000e-01	-9.536810e-07
24	RESET	-2.000790e-01	-6.751960e-07
24	RESET	-1.500430e-01	-4.302810e-07
24	RESET	-1.000000e-01	-2.407570e-07
24	RESET	-4.996380e-02	-1.020980e-07
24	RESET	3.173350e-05	1.660470e-10
25	SET	3.263950e-05	-3.552440e-12
25	SET	5.002630e-02	4.910850e-08
25	SET	1.000980e-01	2.341750e-07
25	SET	1.501530e-01	3.091680e-07
25	SET	2.001860e-01	4.777170e-07
25	SET	2.500940e-01	6.730620e-07
25	SET	3.001120e-01	9.186340e-07
25	SET	3.501830e-01	1.427400e-06
25	SET	4.001970e-01	1.697300e-06
25	SET	4.502690e-01	2.175940e-06
25	SET	5.002990e-01	2.553410e-06
25	SET	5.503090e-01	2.749710e-06
25	SET	6.003600e-01	3.129870e-06
25	SET	6.504390e-01	3.370890e-06
25	SET	7.004110e-01	5.050890e-06
25	SET	7.504700e-01	5.920030e-06
25	SET	8.005140e-01	6.939110e-06
25	SET	8.505880e-01	6.770660e-06
25	SET	9.005860e-01	6.264340e-06
25	SET	9.506550e-01	6.913940e-06
25	SET	1.000650e+00	1.033520e-05
25	SET	1.050730e+00	1.122850e-05
25	SET	1.100750e+00	9.944120e-06
25	SET	1.150650e+00	1.404850e-05
25	SET	1.200840e+00	1.822460e-05
25	SET	1.250870e+00	1.718630e-05
25	SET	1.300910e+00	2.005010e-05
25	SET	1.350950e+00	2.301650e-05
25	SET	1.400950e+00	2.431060e-05
25	SET	1.451020e+00	2.628250e-05
25	SET	1.501030e+00	2.674480e-05
25	SET	1.551080e+00	3.137100e-05
25	SET	1.601080e+00	5.301320e-04
25	SET	1.651130e+00	5.301430e-04
25	SET	1.701140e+00	5.301380e-04
25	SET	1.751220e+00	5.301410e-04
25	SET	1.801220e+00	5.301430e-04
25	SET	1.851270e+00	5.301390e-04
25	SET	1.901290e+00	5.301440e-04
25	SET	1.951340e+00	5.301400e-04
25	SET	2.001360e+00	5.301430e-04
25	SET	2.001360e+00	5.301420e-04
25	SET	1.951340e+00	5.301490e-04
25	SET	1.901280e+00	5.301420e-04
25	SET	1.851280e+00	5.301420e-04
25	SET	1.801220e+00	5.301430e-04
25	SET	1.751220e+00	5.301450e-04
25	SET	1.701140e+00	5.301430e-04
25	SET	1.651130e+00	5.301440e-04
25	SET	1.601110e+00	5.301460e-04
25	SET	1.551050e+00	5.301400e-04
25	SET	1.501000e+00	5.301440e-04
25	SET	1.451010e+00	5.301390e-04
25	SET	1.400970e+00	5.301390e-04
25	SET	1.350940e+00	5.301440e-04
25	SET	1.300890e+00	5.301410e-04
25	SET	1.250860e+00	5.301420e-04
25	SET	1.200820e+00	5.301350e-04
25	SET	1.150810e+00	5.301380e-04
25	SET	1.100720e+00	5.301370e-04
25	SET	1.050740e+00	5.301350e-04
25	SET	1.000710e+00	5.301400e-04
25	SET	9.506330e-01	5.301430e-04
25	SET	9.005900e-01	5.301440e-04
25	SET	8.505690e-01	5.301440e-04
25	SET	8.005200e-01	5.301420e-04
25	SET	7.504760e-01	5.301380e-04
25	SET	7.004310e-01	5.301400e-04
25	SET	6.504250e-01	5.301430e-04
25	SET	6.003530e-01	5.301440e-04
25	SET	5.503350e-01	5.301460e-04
25	SET	5.002730e-01	5.301430e-04
25	SET	4.502610e-01	5.301460e-04
25	SET	4.001940e-01	5.301490e-04
25	SET	3.501800e-01	5.301490e-04
25	SET	3.001190e-01	5.301480e-04
25	SET	2.501090e-01	5.301490e-04
25	SET	2.001840e-01	5.301480e-04
25	SET	1.501520e-01	4.058770e-04
25	SET	1.001130e-01	2.709140e-04
25	SET	5.007060e-02	1.357160e-04
25	SET	2.446170e-05	2.402440e-07
25	RESET	3.237720e-05	4.091940e-07
25	RESET	-4.996200e-02	-1.347140e-04
25	RESET	-1.000010e-01	-2.700150e-04
25	RESET	-1.500460e-01	-4.051530e-04
25	RESET	-2.000750e-01	-5.400370e-04
25	RESET	-2.502300e-01	-6.747080e-04
25	RESET	-3.002500e-01	-8.093130e-04
25	RESET	-3.503140e-01	-9.427740e-04
25	RESET	-4.003160e-01	-1.159090e-03
25	RESET	-4.503840e-01	-1.301240e-03
25	RESET	-5.004230e-01	-1.443850e-03
25	RESET	-5.504790e-01	-1.585850e-03
25	RESET	-6.005230e-01	-1.726790e-03
25	RESET	-6.505150e-01	-1.873340e-03
25	RESET	-7.005930e-01	-2.007380e-03
25	RESET	-7.506070e-01	-2.141230e-03
25	RESET	-8.006870e-01	-2.277730e-03
25	RESET	-8.506860e-01	-2.482040e-03
25	RESET	-9.007420e-01	-2.658930e-03
25	RESET	-9.507870e-01	-7.106740e-05
25	RESET	-1.000830e+00	-7.886360e-05
25	RESET	-1.050840e+00	-8.803500e-05
25	RESET	-1.100910e+00	-1.076800e-04
25	RESET	-1.150970e+00	-1.234600e-04
25	RESET	-1.200990e+00	-1.394210e-04
25	RESET	-1.251040e+00	-1.334690e-04
25	RESET	-1.301050e+00	-1.529410e-04
25	RESET	-1.351120e+00	-1.567470e-04
25	RESET	-1.401110e+00	-1.515530e-04
25	RESET	-1.451170e+00	-1.501940e-04
25	RESET	-1.501200e+00	-1.175380e-04
25	RESET	-1.551240e+00	-1.256640e-04
25	RESET	-1.601250e+00	-1.207880e-04
25	RESET	-1.651320e+00	-1.336310e-04
25	RESET	-1.701330e+00	-1.225530e-04
25	RESET	-1.751350e+00	-1.439130e-04
25	RESET	-1.801380e+00	-1.647980e-04
25	RESET	-1.851450e+00	-1.785430e-04
25	RESET	-1.901470e+00	-1.791730e-04
25	RESET	-1.951490e+00	-1.929910e-04
25	RESET	-2.001530e+00	-2.177750e-04
25	RESET	-2.051760e+00	-2.587880e-04
25	RESET	-2.101820e+00	-2.544550e-04
25	RESET	-2.151970e+00	-3.359450e-04
25	RESET	-2.202060e+00	-4.369030e-04
25	RESET	-2.202150e+00	-4.218780e-04
25	RESET	-2.151980e+00	-3.600170e-04
25	RESET	-2.101650e+00	-3.170590e-04
25	RESET	-2.051740e+00	-2.790390e-04
25	RESET	-2.001510e+00	-2.460450e-04
25	RESET	-1.951500e+00	-2.163230e-04
25	RESET	-1.901480e+00	-1.943010e-04
25	RESET	-1.851440e+00	-1.771620e-04
25	RESET	-1.801380e+00	-1.590880e-04
25	RESET	-1.751370e+00	-1.442230e-04
25	RESET	-1.701350e+00	-1.303030e-04
25	RESET	-1.651310e+00	-1.188550e-04
25	RESET	-1.601250e+00	-1.067850e-04
25	RESET	-1.551260e+00	-9.756860e-05
25	RESET	-1.501200e+00	-8.812150e-05
25	RESET	-1.451150e+00	-8.042640e-05
25	RESET	-1.401120e+00	-7.209370e-05
25	RESET	-1.351110e+00	-6.406400e-05
25	RESET	-1.301050e+00	-5.690220e-05
25	RESET	-1.251030e+00	-5.041810e-05
25	RESET	-1.200980e+00	-4.561350e-05
25	RESET	-1.150980e+00	-4.049220e-05
25	RESET	-1.100910e+00	-3.547900e-05
25	RESET	-1.050860e+00	-3.077090e-05
25	RESET	-1.000830e+00	-2.675720e-05
25	RESET	-9.507690e-01	-2.294510e-05
25	RESET	-9.007430e-01	-1.943280e-05
25	RESET	-8.506870e-01	-1.634170e-05
25	RESET	-8.006860e-01	-1.379200e-05
25	RESET	-7.506120e-01	-1.116900e-05
25	RESET	-7.005970e-01	-9.330800e-06
25	RESET	-6.505240e-01	-7.531040e-06
25	RESET	-6.005180e-01	-6.051050e-06
25	RESET	-5.504540e-01	-4.728620e-06
25	RESET	-5.004290e-01	-3.659730e-06
25	RESET	-4.503840e-01	-2.847750e-06
25	RESET	-4.003670e-01	-2.147950e-06
25	RESET	-3.502910e-01	-1.560790e-06
25	RESET	-3.002540e-01	-1.131140e-06
25	RESET	-2.501970e-01	-7.758020e-07
25	RESET	-2.000800e-01	-5.242120e-07
25	RESET	-1.500530e-01	-3.508700e-07
25	RESET	-9.999950e-02	-1.886900e-07
25	RESET	-4.995630e-02	-6.877470e-08
25	RESET	3.714560e-05	-3.443010e-09
26	SET	3.688340e-05	1.546380e-10
26	SET	5.004590e-02	3.525210e-08
26	SET	1.000880e-01	9.977380e-08
26	SET	1.501270e-01	3.080620e-07
26	SET	2.001870e-01	4.445520e-07
26	SET	2.501120e-01	5.936680e-07
26	SET	3.001110e-01	6.944890e-07
26	SET	3.501720e-01	7.686810e-07
26	SET	4.001940e-01	8.992570e-07
26	SET	4.502640e-01	9.947350e-07
26	SET	5.002760e-01	1.185970e-06
26	SET	5.503110e-01	1.827940e-06
26	SET	6.003690e-01	2.282960e-06
26	SET	6.504410e-01	2.476880e-06
26	SET	7.004400e-01	2.864950e-06
26	SET	7.505020e-01	2.959070e-06
26	SET	8.005020e-01	3.446540e-06
26	SET	8.505850e-01	4.204870e-06
26	SET	9.005890e-01	5.708780e-06
26	SET	9.506640e-01	5.814070e-06
26	SET	1.000660e+00	5.919880e-06
26	SET	1.050750e+00	6.984930e-06
26	SET	1.100720e+00	8.072450e-06
26	SET	1.150800e+00	8.758770e-06
26	SET	1.200780e+00	1.207440e-05
26	SET	1.250880e+00	1.274470e-05
26	SET	1.300980e+00	1.358850e-05
26	SET	1.350920e+00	1.828220e-05
26	SET	1.400970e+00	2.067040e-05
26	SET	1.451010e+00	5.301460e-04
26	SET	1.501010e+00	5.301380e-04
26	SET	1.551070e+00	5.301410e-04
26	SET	1.601110e+00	5.301430e-04
26	SET	1.651130e+00	5.301410e-04
26	SET	1.701160e+00	5.301420e-04
26	SET	1.751210e+00	5.301400e-04
26	SET	1.801220e+00	5.301410e-04
26	SET	1.851280e+00	5.301410e-04
26	SET	1.901270e+00	5.301440e-04
26	SET	1.951340e+00	5.301410e-04
26	SET	2.001350e+00	5.301450e-04
26	SET	2.001360e+00	5.301430e-04
26	SET	1.951340e+00	5.301380e-04
26	SET	1.901280e+00	5.301440e-04
26	SET	1.851280e+00	5.301390e-04
26	SET	1.801220e+00	5.301420e-04
26	SET	1.751210e+00	5.301410e-04
26	SET	1.701160e+00	5.301400e-04
26	SET	1.651130e+00	5.301420e-04
26	SET	1.601090e+00	5.301410e-04
26	SET	1.551060e+00	5.301390e-04
26	SET	1.501010e+00	5.301460e-04
26	SET	1.451010e+00	5.301410e-04
26	SET	1.400960e+00	5.301390e-04
26	SET	1.350950e+00	5.301350e-04
26	SET	1.300900e+00	5.301360e-04
26	SET	1.250890e+00	5.301390e-04
26	SET	1.200820e+00	5.301400e-04
26	SET	1.150800e+00	5.301400e-04
26	SET	1.100740e+00	5.301330e-04
26	SET	1.050730e+00	5.301410e-04
26	SET	1.000680e+00	5.301370e-04
26	SET	9.506290e-01	5.301380e-04
26	SET	9.006030e-01	5.301410e-04
26	SET	8.505650e-01	5.301420e-04
26	SET	8.005120e-01	5.301450e-04
26	SET	7.504940e-01	5.301420e-04
26	SET	7.004330e-01	5.301440e-04
26	SET	6.504180e-01	5.301420e-04
26	SET	6.003320e-01	5.301480e-04
26	SET	5.502940e-01	5.301450e-04
26	SET	5.002460e-01	5.254410e-04
26	SET	4.502500e-01	4.419720e-04
26	SET	4.002010e-01	3.611100e-04
26	SET	3.501640e-01	2.844560e-04
26	SET	3.001450e-01	2.180810e-04
26	SET	2.501240e-01	1.574880e-04
26	SET	2.001900e-01	1.087340e-04
26	SET	1.501550e-01	7.181990e-05
26	SET	1.001180e-01	4.366260e-05
26	SET	5.007490e-02	2.073580e-05
26	SET	3.173350e-05	5.675590e-08
26	RESET	3.516670e-05	5.664140e-08
26	RESET	-4.990070e-02	-2.065490e-05
26	RESET	-9.999440e-02	-4.404060e-05
26	RESET	-1.500390e-01	-7.298470e-05
26	RESET	-2.000730e-01	-1.104590e-04
26	RESET	-2.502030e-01	-1.592670e-04
26	RESET	-3.002590e-01	-2.182070e-04
26	RESET	-3.502920e-01	-2.646080e-04
26	RESET	-4.003700e-01	-3.098000e-04
26	RESET	-4.503730e-01	-3.486570e-04
26	RESET	-5.004060e-01	-4.918670e-04
26	RESET	-5.504470e-01	-5.184520e-04
26	RESET	-6.004980e-01	-1.955230e-04
26	RESET	-6.505460e-01	-1.375670e-04
26	RESET	-7.005680e-01	-1.291580e-04
26	RESET	-7.506380e-01	-1.279470e-04
26	RESET	-8.006790e-01	-1.365250e-04
26	RESET	-8.506720e-01	-1.354810e-04
26	RESET	-9.007720e-01	-1.372370e-04
26	RESET	-9.507720e-01	-6.946530e-05
26	RESET	-1.000810e+00	-7.276500e-05
26	RESET	-1.050820e+00	-8.296770e-05
26	RESET	-1.100890e+00	-8.423890e-05
26	RESET	-1.150950e+00	-8.034310e-05
26	RESET	-1.200980e+00	-4.068480e-05
26	RESET	-1.251020e+00	-3.950440e-05
26	RESET	-1.301030e+00	-4.393380e-05
26	RESET	-1.351110e+00	-4.887410e-05
26	RESET	-1.401110e+00	-5.581530e-05
26	RESET	-1.451170e+00	-6.019980e-05
26	RESET	-1.501180e+00	-7.050610e-05
26	RESET	-1.551240e+00	-7.468320e-05
26	RESET	-1.601250e+00	-8.528690e-05
26	RESET	-1.651300e+00	-9.450860e-05
26	RESET	-1.701340e+00	-1.040990e-04
26	RESET	-1.751380e+00	-1.183400e-04
26	RESET	-1.801380e+00	-1.276510e-04
26	RESET	-1.851450e+00	-1.430710e-04
26	RESET	-1.901470e+00	-1.548800e-04
26	RESET	-1.951500e+00	-1.758130e-04
26	RESET	-2.001520e+00	-2.028650e-04
26	RESET	-2.051710e+00	-2.292960e-04
26	RESET	-2.101570e+00	-2.682030e-04
26	RESET	-2.152130e+00	-3.376490e-04
26	RESET	-2.202000e+00	-3.992160e-04
26	RESET	-2.201940e+00	-3.913200e-04
26	RESET	-2.151940e+00	-3.422650e-04
26	RESET	-2.101650e+00	-2.982750e-04
26	RESET	-2.051590e+00	-2.570210e-04
26	RESET	-2.001530e+00	-2.315290e-04
26	RESET	-1.951500e+00	-2.035590e-04
26	RESET	-1.901460e+00	-1.819660e-04
26	RESET	-1.851440e+00	-1.646260e-04
26	RESET	-1.801400e+00	-1.487990e-04
26	RESET	-1.751350e+00	-1.337900e-04
26	RESET	-1.701320e+00	-1.209920e-04
26	RESET	-1.651310e+00	-1.089000e-04
26	RESET	-1.601240e+00	-1.001410e-04
26	RESET	-1.551240e+00	-9.018510e-05
26	RESET	-1.501190e+00	-8.156650e-05
26	RESET	-1.451170e+00	-7.317000e-05
26	RESET	-1.401110e+00	-6.566990e-05
26	RESET	-1.351120e+00	-5.905680e-05
26	RESET	-1.301040e+00	-5.309020e-05
26	RESET	-1.251020e+00	-4.729530e-05
26	RESET	-1.200960e+00	-4.180280e-05
26	RESET	-1.150970e+00	-3.745230e-05
26	RESET	-1.100900e+00	-3.311800e-05
26	RESET	-1.050820e+00	-2.867240e-05
26	RESET	-1.000820e+00	-2.497930e-05
26	RESET	-9.507620e-01	-2.159700e-05
26	RESET	-9.007380e-01	-1.834520e-05
26	RESET	-8.506790e-01	-1.591030e-05
26	RESET	-8.006630e-01	-1.307740e-05
26	RESET	-7.506120e-01	-1.087420e-05
26	RESET	-7.005730e-01	-8.789200e-06
26	RESET	-6.505110e-01	-7.212950e-06
26	RESET	-6.005020e-01	-5.962470e-06
26	RESET	-5.504620e-01	-4.824420e-06
26	RESET	-5.004220e-01	-3.366340e-06
26	RESET	-4.503720e-01	-2.524930e-06
26	RESET	-4.003280e-01	-1.960480e-06
26	RESET	-3.502750e-01	-1.461210e-06
26	RESET	-3.002520e-01	-1.002320e-06
26	RESET	-2.502000e-01	-7.285380e-07
26	RESET	-2.000740e-01	-4.766760e-07
26	RESET	-1.500360e-01	-3.011570e-07
26	RESET	-9.999590e-02	-1.633100e-07
26	RESET	-4.994940e-02	-6.282410e-08
26	RESET	1.256470e-05	-2.716630e-08
27	SET	3.929140e-05	1.690980e-10
27	SET	5.007210e-02	5.513220e-08
27	SET	1.000940e-01	9.072680e-08
27	SET	1.501350e-01	2.116100e-07
27	SET	2.001910e-01	2.699030e-07
27	SET	2.501200e-01	3.592390e-07
27	SET	3.001260e-01	4.368950e-07
27	SET	3.501580e-01	6.477570e-07
27	SET	4.002170e-01	6.049240e-07
27	SET	4.502350e-01	9.235890e-07
27	SET	5.002860e-01	1.687030e-06
27	SET	5.503480e-01	1.665840e-06
27	SET	6.003450e-01	2.357720e-06
27	SET	6.504200e-01	2.578900e-06
27	SET	7.004370e-01	3.012890e-06
27	SET	7.504980e-01	3.617370e-06
27	SET	8.005150e-01	5.627070e-06
27	SET	8.505840e-01	7.005850e-06
27	SET	9.005920e-01	6.831740e-06
27	SET	9.506620e-01	6.537170e-06
27	SET	1.000690e+00	7.314870e-06
27	SET	1.050730e+00	7.881030e-06
27	SET	1.100780e+00	9.526700e-06
27	SET	1.150780e+00	1.029590e-05
27	SET	1.200810e+00	1.109150e-05
27	SET	1.250890e+00	5.301450e-04
27	SET	1.300900e+00	5.301360e-04
27	SET	1.350940e+00	5.301400e-04
27	SET	1.400960e+00	5.301380e-04
27	SET	1.451010e+00	5.301350e-04
27	SET	1.501010e+00	5.301410e-04
27	SET	1.551070e+00	5.301330e-04
27	SET	1.601110e+00	5.301370e-04
27	SET	1.651140e+00	5.301380e-04
27	SET	1.701160e+00	5.301400e-04
27	SET	1.751190e+00	5.301410e-04
27	SET	1.801260e+00	5.301380e-04
27	SET	1.851270e+00	5.301400e-04
27	SET	1.901310e+00	5.301410e-04
27	SET	1.951320e+00	5.301440e-04
27	SET	2.001370e+00	5.301420e-04
27	SET	2.001360e+00	5.301380e-04
27	SET	1.951350e+00	5.301380e-04
27	SET	1.901290e+00	5.301390e-04
27	SET	1.851270e+00	5.301430e-04
27	SET	1.801240e+00	5.301440e-04
27	SET	1.751220e+00	5.301420e-04
27	SET	1.701150e+00	5.301390e-04
27	SET	1.651140e+00	5.301400e-04
27	SET	1.601100e+00	5.301370e-04
27	SET	1.551050e+00	5.301380e-04
27	SET	1.501020e+00	5.301430e-04
27	SET	1.451010e+00	5.301380e-04
27	SET	1.400940e+00	5.301410e-04
27	SET	1.350940e+00	5.301370e-04
27	SET	1.300870e+00	5.301410e-04
27	SET	1.250880e+00	5.301400e-04
27	SET	1.200810e+00	5.301410e-04
27	SET	1.150810e+00	5.301430e-04
27	SET	1.100730e+00	5.301440e-04
27	SET	1.050740e+00	5.301470e-04
27	SET	1.000660e+00	5.301410e-04
27	SET	9.506460e-01	5.301470e-04
27	SET	9.005690e-01	5.301440e-04
27	SET	8.505730e-01	5.301500e-04
27	SET	8.004960e-01	5.301540e-04
27	SET	7.504690e-01	5.301480e-04
27	SET	7.004280e-01	5.301520e-04
27	SET	6.504090e-01	5.301510e-04
27	SET	6.003450e-01	5.301510e-04
27	SET	5.503040e-01	4.595490e-04
27	SET	5.002720e-01	3.839080e-04
27	SET	4.502690e-01	3.102960e-04
27	SET	4.001750e-01	2.424230e-04
27	SET	3.501690e-01	1.822650e-04
27	SET	3.001210e-01	1.348960e-04
27	SET	2.500900e-01	9.531160e-05
27	SET	2.001860e-01	6.595340e-05
27	SET	1.501490e-01	4.421320e-05
27	SET	1.001110e-01	2.728570e-05
27	SET	5.007090e-02	1.307800e-05
27	SET	2.968310e-05	3.414550e-08
27	RESET	2.157690e-05	2.481360e-08
27	RESET	-4.991410e-02	-1.304360e-05
27	RESET	-9.999400e-02	-2.767230e-05
27	RESET	-1.500410e-01	-4.527170e-05
27	RESET	-2.000760e-01	-6.806850e-05
27	RESET	-2.502290e-01	-9.866180e-05
27	RESET	-3.002620e-01	-1.321300e-04
27	RESET	-3.502790e-01	-1.754400e-04
27	RESET	-4.003690e-01	-2.085150e-04
27	RESET	-4.503480e-01	-2.410090e-04
27	RESET	-5.004390e-01	-3.735380e-04
27	RESET	-5.504750e-01	-3.903410e-04
27	RESET	-6.005320e-01	-6.146010e-05
27	RESET	-6.505580e-01	-2.455200e-05
27	RESET	-7.005850e-01	-2.639940e-05
27	RESET	-7.506410e-01	-1.855930e-05
27	RESET	-8.006850e-01	-2.342300e-05
27	RESET	-8.506830e-01	-2.262690e-05
27	RESET	-9.007310e-01	-2.691270e-05
27	RESET	-9.507960e-01	-2.229640e-05
27	RESET	-1.000810e+00	-2.387950e-05
27	RESET	-1.050850e+00	-2.723100e-05
27	RESET	-1.100900e+00	-3.068690e-05
27	RESET	-1.150960e+00	-3.474210e-05
27	RESET	-1.200950e+00	-3.799270e-05
27	RESET	-1.251020e+00	-4.302340e-05
27	RESET	-1.301050e+00	-4.591670e-05
27	RESET	-1.351090e+00	-5.184930e-05
27	RESET	-1.401100e+00	-5.693920e-05
27	RESET	-1.451170e+00	-6.327630e-05
27	RESET	-1.501200e+00	-6.866620e-05
27	RESET	-1.551240e+00	-7.941070e-05
27	RESET	-1.601240e+00	-8.474790e-05
27	RESET	-1.651290e+00	-9.348970e-05
27	RESET	-1.701330e+00	-1.043260e-04
27	RESET	-1.751350e+00	-1.158700e-04
27	RESET	-1.801380e+00	-1.302320e-04
27	RESET	-1.851440e+00	-1.418490e-04
27	RESET	-1.901470e+00	-1.607650e-04
27	RESET	-1.951500e+00	-1.773180e-04
27	RESET	-2.001500e+00	-1.994070e-04
27	RESET	-2.051880e+00	-2.305980e-04
27	RESET	-2.101720e+00	-2.704940e-04
27	RESET	-2.151970e+00	-3.382450e-04
27	RESET	-2.201990e+00	-4.214810e-04
27	RESET	-2.201760e+00	-4.074280e-04
27	RESET	-2.152090e+00	-3.325860e-04
27	RESET	-2.101700e+00	-3.026240e-04
27	RESET	-2.051710e+00	-2.624580e-04
27	RESET	-2.001520e+00	-2.351350e-04
27	RESET	-1.951490e+00	-2.062060e-04
27	RESET	-1.901460e+00	-1.874530e-04
27	RESET	-1.851450e+00	-1.682570e-04
27	RESET	-1.801380e+00	-1.516840e-04
27	RESET	-1.751360e+00	-1.380300e-04
27	RESET	-1.701340e+00	-1.261710e-04
27	RESET	-1.651300e+00	-1.145590e-04
27	RESET	-1.601250e+00	-1.042880e-04
27	RESET	-1.551220e+00	-9.374620e-05
27	RESET	-1.501200e+00	-8.539030e-05
27	RESET	-1.451150e+00	-7.666190e-05
27	RESET	-1.401100e+00	-6.865000e-05
27	RESET	-1.351110e+00	-6.106250e-05
27	RESET	-1.301050e+00	-5.487550e-05
27	RESET	-1.251020e+00	-4.861810e-05
27	RESET	-1.200970e+00	-4.302920e-05
27	RESET	-1.150970e+00	-3.781340e-05
27	RESET	-1.100900e+00	-3.316680e-05
27	RESET	-1.050840e+00	-2.921120e-05
27	RESET	-1.000840e+00	-2.541880e-05
27	RESET	-9.507870e-01	-2.198670e-05
27	RESET	-9.007290e-01	-1.878400e-05
27	RESET	-8.506790e-01	-1.589820e-05
27	RESET	-8.006810e-01	-1.316300e-05
27	RESET	-7.506120e-01	-1.103930e-05
27	RESET	-7.006040e-01	-9.198620e-06
27	RESET	-6.505200e-01	-7.558180e-06
27	RESET	-6.005250e-01	-5.846080e-06
27	RESET	-5.504810e-01	-4.586330e-06
27	RESET	-5.004110e-01	-3.409270e-06
27	RESET	-4.503570e-01	-2.629570e-06
27	RESET	-4.003490e-01	-1.863100e-06
27	RESET	-3.503130e-01	-1.377670e-06
27	RESET	-3.002550e-01	-9.868770e-07
27	RESET	-2.502050e-01	-6.624640e-07
27	RESET	-2.000760e-01	-4.236530e-07
27	RESET	-1.500400e-01	-2.694290e-07
27	RESET	-9.999760e-02	-1.347200e-07
27	RESET	-4.995730e-02	-5.609590e-08
27	RESET	2.138610e-05	-2.150910e-08
28	SET	3.750320e-05	3.526690e-10
28	SET	5.005470e-02	2.775700e-08
28	SET	1.001030e-01	9.295960e-08
28	SET	1.501390e-01	2.161010e-07
28	SET	2.001840e-01	2.440480e-07
28	SET	2.500860e-01	3.226230e-07
28	SET	3.001270e-01	4.194120e-07
28	SET	3.501670e-01	5.800930e-07
28	SET	4.001910e-01	7.141420e-07
28	SET	4.502560e-01	8.473670e-07
28	SET	5.002550e-01	1.040430e-06
28	SET	5.503070e-01	1.249690e-06
28	SET	6.003450e-01	1.483730e-06
28	SET	6.503960e-01	1.701740e-06
28	SET	7.004400e-01	2.036380e-06
28	SET	7.504710e-01	2.150590e-06
28	SET	8.004930e-01	2.308710e-06
28	SET	8.505620e-01	2.953600e-06
28	SET	9.006040e-01	2.956760e-06
28	SET	9.506380e-01	5.114170e-06
28	SET	1.000680e+00	5.682070e-06
28	SET	1.050730e+00	7.925530e-06
28	SET	1.100740e+00	8.861160e-06
28	SET	1.150780e+00	8.553410e-06
28	SET	1.200830e+00	1.004460e-05
28	SET	1.250870e+00	1.009150e-05
28	SET	1.300900e+00	1.204520e-05
28	SET	1.350930e+00	1.408760e-05
28	SET	1.400970e+00	1.799030e-05
28	SET	1.451010e+00	1.539000e-05
28	SET	1.501010e+00	2.063640e-05
28	SET	1.551070e+00	2.164160e-05
28	SET	1.601100e+00	2.714160e-05
28	SET	1.651130e+00	2.810750e-05
28	SET	1.701170e+00	2.812230e-05
28	SET	1.751220e+00	4.155290e-05
28	SET	1.801220e+00	4.855360e-05
28	SET	1.851270e+00	5.301480e-04
28	SET	1.901280e+00	5.301420e-04
28	SET	1.951360e+00	5.301400e-04
28	SET	2.001350e+00	5.301430e-04
28	SET	2.001360e+00	5.301420e-04
28	SET	1.951340e+00	5.301460e-04
28	SET	1.901290e+00	5.301400e-04
28	SET	1.851270e+00	5.301430e-04
28	SET	1.801230e+00	5.301370e-04
28	SET	1.751200e+00	5.301420e-04
28	SET	1.701150e+00	5.301400e-04
28	SET	1.651140e+00	5.301420e-04
28	SET	1.601090e+00	5.301420e-04
28	SET	1.551050e+00	5.301410e-04
28	SET	1.501030e+00	5.301430e-04
28	SET	1.450990e+00	5.301360e-04
28	SET	1.400960e+00	5.301410e-04
28	SET	1.350950e+00	5.301410e-04
28	SET	1.300880e+00	5.301360e-04
28	SET	1.250890e+00	5.301370e-04
28	SET	1.200820e+00	5.301360e-04
28	SET	1.150790e+00	5.301380e-04
28	SET	1.100730e+00	5.301410e-04
28	SET	1.050720e+00	5.301410e-04
28	SET	1.000690e+00	5.301380e-04
28	SET	9.506580e-01	5.301370e-04
28	SET	9.005950e-01	5.301440e-04
28	SET	8.505850e-01	5.301430e-04
28	SET	8.005150e-01	5.301430e-04
28	SET	7.504890e-01	5.301380e-04
28	SET	7.004310e-01	5.301410e-04
28	SET	6.504090e-01	5.301410e-04
28	SET	6.003590e-01	5.301360e-04
28	SET	5.503350e-01	5.301410e-04
28	SET	5.002940e-01	5.301350e-04
28	SET	4.502550e-01	5.301420e-04
28	SET	4.001880e-01	5.301470e-04
28	SET	3.501760e-01	5.301430e-04
28	SET	3.001200e-01	5.301430e-04
28	SET	2.500970e-01	5.301440e-04
28	SET	2.001850e-01	5.301440e-04
28	SET	1.501480e-01	4.384400e-04
28	SET	1.001130e-01	2.888320e-04
28	SET	5.007320e-02	1.433750e-04
28	SET	3.247260e-05	3.881910e-07
28	RESET	3.173350e-05	4.476850e-07
28	RESET	-4.995540e-02	-1.418780e-04
28	RESET	-9.999270e-02	-2.864890e-04
28	RESET	-1.500370e-01	-4.349330e-04
28	RESET	-2.000690e-01	-5.878400e-04
28	RESET	-2.502210e-01	-7.459650e-04
28	RESET	-3.002540e-01	-7.956630e-04
28	RESET	-3.502720e-01	-8.501370e-04
28	RESET	-4.003570e-01	-9.159210e-04
28	RESET	-4.503280e-01	-1.340530e-03
28	RESET	-5.004300e-01	-1.467210e-03
28	RESET	-5.504500e-01	-1.612320e-03
28	RESET	-6.004930e-01	-1.752870e-03
28	RESET	-6.504910e-01	-1.899680e-03
28	RESET	-7.005890e-01	-2.045250e-03
28	RESET	-7.506230e-01	-2.180200e-03
28	RESET	-8.006850e-01	-2.309740e-03
28	RESET	-8.506810e-01	-3.188100e-04
28	RESET	-9.007430e-01	-2.630370e-04
28	RESET	-9.507520e-01	-2.372590e-04
28	RESET	-1.000870e+00	-2.555050e-04
28	RESET	-1.050840e+00	-1.672080e-04
28	RESET	-1.100890e+00	-1.671550e-04
28	RESET	-1.150940e+00	-1.857530e-04
28	RESET	-1.200980e+00	-2.296200e-04
28	RESET	-1.251020e+00	-5.771440e-05
28	RESET	-1.301050e+00	-6.543680e-05
28	RESET	-1.351110e+00	-7.329700e-05
28	RESET	-1.401120e+00	-8.163130e-05
28	RESET	-1.451170e+00	-8.629510e-05
28	RESET	-1.501200e+00	-9.617190e-05
28	RESET	-1.551250e+00	-1.073910e-04
28	RESET	-1.601250e+00	-1.138290e-04
28	RESET	-1.651300e+00	-1.288640e-04
28	RESET	-1.701320e+00	-1.423580e-04
28	RESET	-1.751360e+00	-1.656870e-04
28	RESET	-1.801380e+00	-1.839940e-04
28	RESET	-1.851450e+00	-2.012190e-04
28	RESET	-1.901450e+00	-2.206490e-04
28	RESET	-1.951500e+00	-2.430510e-04
28	RESET	-2.001500e+00	-2.778440e-04
28	RESET	-2.051770e+00	-3.145080e-04
28	RESET	-2.101640e+00	-3.411620e-04
28	RESET	-2.151870e+00	-4.134290e-04
28	RESET	-2.201830e+00	-5.103330e-04
28	RESET	-2.201940e+00	-4.175880e-04
28	RESET	-2.151930e+00	-3.256980e-04
28	RESET	-2.101790e+00	-2.820630e-04
28	RESET	-2.051760e+00	-2.484450e-04
28	RESET	-2.001520e+00	-2.238860e-04
28	RESET	-1.951490e+00	-2.009680e-04
28	RESET	-1.901450e+00	-1.782810e-04
28	RESET	-1.851430e+00	-1.612790e-04
28	RESET	-1.801370e+00	-1.450180e-04
28	RESET	-1.751360e+00	-1.336540e-04
28	RESET	-1.701340e+00	-1.215960e-04
28	RESET	-1.651300e+00	-1.093950e-04
28	RESET	-1.601270e+00	-1.003440e-04
28	RESET	-1.551240e+00	-9.077610e-05
28	RESET	-1.501180e+00	-8.172730e-05
28	RESET	-1.451180e+00	-7.435490e-05
28	RESET	-1.401110e+00	-6.631240e-05
28	RESET	-1.351110e+00	-5.970710e-05
28	RESET	-1.301050e+00	-5.413010e-05
28	RESET	-1.251040e+00	-4.808140e-05
28	RESET	-1.200930e+00	-4.224050e-05
28	RESET	-1.150950e+00	-3.658740e-05
28	RESET	-1.100900e+00	-3.214100e-05
28	RESET	-1.050840e+00	-2.820790e-05
28	RESET	-1.000820e+00	-2.455300e-05
28	RESET	-9.507580e-01	-2.090930e-05
28	RESET	-9.007480e-01	-1.767200e-05
28	RESET	-8.506880e-01	-1.543630e-05
28	RESET	-8.006860e-01	-1.287680e-05
28	RESET	-7.506390e-01	-1.069370e-05
28	RESET	-7.005910e-01	-8.785000e-06
28	RESET	-6.505240e-01	-7.236310e-06
28	RESET	-6.005120e-01	-5.999430e-06
28	RESET	-5.504630e-01	-4.658640e-06
28	RESET	-5.004250e-01	-3.623680e-06
28	RESET	-4.503660e-01	-2.870560e-06
28	RESET	-4.003420e-01	-2.072010e-06
28	RESET	-3.503090e-01	-1.550410e-06
28	RESET	-3.002450e-01	-1.191090e-06
28	RESET	-2.502160e-01	-8.338040e-07
28	RESET	-2.000790e-01	-5.426280e-07
28	RESET	-1.500390e-01	-3.410540e-07
28	RESET	-9.999900e-02	-1.964540e-07
28	RESET	-4.995850e-02	-8.197660e-08
28	RESET	4.553790e-06	-3.309890e-08
29	SET	3.445150e-05	1.108650e-10
29	SET	5.007070e-02	5.858990e-08
29	SET	1.001070e-01	1.516270e-07
29	SET	1.501480e-01	1.976530e-07
29	SET	2.001940e-01	2.833010e-07
29	SET	2.501040e-01	3.235290e-07
29	SET	3.001410e-01	4.346510e-07
29	SET	3.501590e-01	5.483040e-07
29	SET	4.002080e-01	6.243680e-07
29	SET	4.502440e-01	7.869770e-07
29	SET	5.002610e-01	9.649690e-07
29	SET	5.503210e-01	1.165680e-06
29	SET	6.003450e-01	1.347750e-06
29	SET	6.504140e-01	1.635730e-06
29	SET	7.004340e-01	1.546130e-06
29	SET	7.505080e-01	2.007210e-06
29	SET	8.005220e-01	2.216280e-06
29	SET	8.505660e-01	2.748840e-06
29	SET	9.005970e-01	3.090720e-06
29	SET	9.506730e-01	3.815450e-06
29	SET	1.000660e+00	4.749640e-06
29	SET	1.050720e+00	5.458860e-06
29	SET	1.100740e+00	8.409240e-06
29	SET	1.150760e+00	1.115930e-05
29	SET	1.200840e+00	7.599480e-06
29	SET	1.250900e+00	8.611740e-06
29	SET	1.300880e+00	9.399540e-06
29	SET	1.350790e+00	1.450770e-05
29	SET	1.400960e+00	1.718850e-05
29	SET	1.451010e+00	1.836310e-05
29	SET	1.501000e+00	2.392050e-05
29	SET	1.551110e+00	2.566610e-05
29	SET	1.601100e+00	5.301500e-04
29	SET	1.651130e+00	5.301490e-04
29	SET	1.701150e+00	5.301470e-04
29	SET	1.751210e+00	5.301490e-04
29	SET	1.801220e+00	5.301410e-04
29	SET	1.851270e+00	5.301450e-04
29	SET	1.901310e+00	5.301450e-04
29	SET	1.951340e+00	5.301470e-04
29	SET	2.001370e+00	5.301420e-04
29	SET	2.001350e+00	5.301500e-04
29	SET	1.951340e+00	5.301440e-04
29	SET	1.901290e+00	5.301420e-04
29	SET	1.851250e+00	5.301510e-04
29	SET	1.801230e+00	5.301450e-04
29	SET	1.751230e+00	5.301420e-04
29	SET	1.701140e+00	5.301460e-04
29	SET	1.651130e+00	5.301520e-04
29	SET	1.601120e+00	5.301440e-04
29	SET	1.551080e+00	5.301420e-04
29	SET	1.501020e+00	5.301460e-04
29	SET	1.451020e+00	5.301450e-04
29	SET	1.400960e+00	5.301440e-04
29	SET	1.350950e+00	5.301440e-04
29	SET	1.300890e+00	5.301350e-04
29	SET	1.250890e+00	5.301400e-04
29	SET	1.200830e+00	5.301430e-04
29	SET	1.150800e+00	5.301440e-04
29	SET	1.100740e+00	5.301400e-04
29	SET	1.050740e+00	5.301400e-04
29	SET	1.000700e+00	5.301420e-04
29	SET	9.506700e-01	5.301380e-04
29	SET	9.006000e-01	5.301390e-04
29	SET	8.505690e-01	5.301440e-04
29	SET	8.004940e-01	5.301400e-04
29	SET	7.504830e-01	5.301390e-04
29	SET	7.004300e-01	5.301440e-04
29	SET	6.504240e-01	5.301450e-04
29	SET	6.003570e-01	5.301480e-04
29	SET	5.503220e-01	5.301460e-04
29	SET	5.002690e-01	5.301440e-04
29	SET	4.502640e-01	5.301450e-04
29	SET	4.001810e-01	5.301470e-04
29	SET	3.501570e-01	5.301430e-04
29	SET	3.001280e-01	5.301440e-04
29	SET	2.500980e-01	5.301460e-04
29	SET	2.001850e-01	5.301440e-04
29	SET	1.501500e-01	4.220920e-04
29	SET	1.001140e-01	2.786070e-04
29	SET	5.007350e-02	1.384560e-04
29	SET	2.408030e-05	2.452280e-07
29	RESET	3.354550e-05	4.205830e-07
29	RESET	-4.995090e-02	-1.370350e-04
29	RESET	-9.998900e-02	-2.765020e-04
29	RESET	-1.500340e-01	-4.190580e-04
29	RESET	-2.000700e-01	-5.649960e-04
29	RESET	-2.502020e-01	-7.140360e-04
29	RESET	-3.002560e-01	-8.616360e-04
29	RESET	-3.503080e-01	-8.416410e-04
29	RESET	-4.003340e-01	-1.150890e-03
29	RESET	-4.503620e-01	-1.288580e-03
29	RESET	-5.004050e-01	-1.429480e-03
29	RESET	-5.504500e-01	-1.584300e-03
29	RESET	-6.005040e-01	-1.677240e-03
29	RESET	-6.505190e-01	-1.797180e-03
29	RESET	-7.005690e-01	-8.734040e-05
29	RESET	-7.506130e-01	-4.347670e-05
29	RESET	-8.006740e-01	-5.085130e-05
29	RESET	-8.506730e-01	-5.661770e-05
29	RESET	-9.007280e-01	-5.886390e-05
29	RESET	-9.507620e-01	-6.592720e-05
29	RESET	-1.000830e+00	-7.855740e-05
29	RESET	-1.050840e+00	-5.954160e-05
29	RESET	-1.100900e+00	-6.658240e-05
29	RESET	-1.150940e+00	-7.367760e-05
29	RESET	-1.200950e+00	-8.170130e-05
29	RESET	-1.251010e+00	-8.898290e-05
29	RESET	-1.301050e+00	-9.315570e-05
29	RESET	-1.351100e+00	-1.022310e-04
29	RESET	-1.401110e+00	-1.149660e-04
29	RESET	-1.451150e+00	-1.162180e-04
29	RESET	-1.501200e+00	-1.314600e-04
29	RESET	-1.551240e+00	-1.389770e-04
29	RESET	-1.601230e+00	-1.416480e-04
29	RESET	-1.651280e+00	-1.440140e-04
29	RESET	-1.701320e+00	-1.542640e-04
29	RESET	-1.751350e+00	-1.686690e-04
29	RESET	-1.801380e+00	-1.687090e-04
29	RESET	-1.851440e+00	-1.773810e-04
29	RESET	-1.901450e+00	-2.044830e-04
29	RESET	-1.951490e+00	-2.167460e-04
29	RESET	-2.001510e+00	-2.376550e-04
29	RESET	-2.051580e+00	-2.587320e-04
29	RESET	-2.101620e+00	-2.636890e-04
29	RESET	-2.151930e+00	-3.000600e-04
29	RESET	-2.201860e+00	-4.125630e-04
29	RESET	-2.201930e+00	-4.100810e-04
29	RESET	-2.151990e+00	-3.445030e-04
29	RESET	-2.101660e+00	-2.967150e-04
29	RESET	-2.051650e+00	-2.654430e-04
29	RESET	-2.001480e+00	-2.395030e-04
29	RESET	-1.951520e+00	-2.124440e-04
29	RESET	-1.901460e+00	-1.948390e-04
29	RESET	-1.851420e+00	-1.747730e-04
29	RESET	-1.801390e+00	-1.598230e-04
29	RESET	-1.751380e+00	-1.458510e-04
29	RESET	-1.701340e+00	-1.322800e-04
29	RESET	-1.651300e+00	-1.203390e-04
29	RESET	-1.601240e+00	-1.098580e-04
29	RESET	-1.551250e+00	-1.001390e-04
29	RESET	-1.501190e+00	-9.212360e-05
29	RESET	-1.451160e+00	-8.418980e-05
29	RESET	-1.401110e+00	-7.590170e-05
29	RESET	-1.351100e+00	-6.827100e-05
29	RESET	-1.301040e+00	-6.132300e-05
29	RESET	-1.251010e+00	-5.484590e-05
29	RESET	-1.200970e+00	-4.892620e-05
29	RESET	-1.150950e+00	-4.377710e-05
29	RESET	-1.100920e+00	-3.910770e-05
29	RESET	-1.050860e+00	-3.470480e-05
29	RESET	-1.000820e+00	-3.029860e-05
29	RESET	-9.507700e-01	-2.617520e-05
29	RESET	-9.007440e-01	-2.268080e-05
29	RESET	-8.507140e-01	-1.937170e-05
29	RESET	-8.006800e-01	-1.650660e-05
29	RESET	-7.506290e-01	-1.369680e-05
29	RESET	-7.005790e-01	-1.167210e-05
29	RESET	-6.505340e-01	-9.669270e-06
29	RESET	-6.005120e-01	-7.860110e-06
29	RESET	-5.504760e-01	-6.425590e-06
29	RESET	-5.004320e-01	-5.244590e-06
29	RESET	-4.503450e-01	-4.413860e-06
29	RESET	-4.003800e-01	-3.399460e-06
29	RESET	-3.502940e-01	-2.608560e-06
29	RESET	-3.002370e-01	-1.993700e-06
29	RESET	-2.502200e-01	-1.452960e-06
29	RESET	-2.000730e-01	-1.002900e-06
29	RESET	-1.500400e-01	-6.431590e-07
29	RESET	-9.999820e-02	-3.780620e-07
29	RESET	-4.995690e-02	-1.631000e-07
29	RESET	3.633500e-05	1.506090e-10
30	SET	3.354550e-05	3.915550e-10
30	SET	4.999760e-02	9.625060e-08
30	SET	1.001010e-01	4.002130e-07
30	SET	1.501490e-01	5.775120e-07
30	SET	2.001860e-01	8.334760e-07
30	SET	2.501000e-01	1.259230e-06
30	SET	3.001240e-01	1.310960e-06
30	SET	3.501640e-01	1.664640e-06
30	SET	4.001920e-01	2.093210e-06
30	SET	4.502600e-01	2.446910e-06
30	SET	5.003020e-01	2.899100e-06
30	SET	5.503370e-01	3.203020e-06
30	SET	6.003510e-01	3.854090e-06
30	SET	6.504240e-01	4.348470e-06
30	SET	7.004320e-01	5.528270e-06
30	SET	7.504910e-01	5.966620e-06
30	SET	8.005130e-01	7.865930e-06
30	SET	8.505470e-01	9.247890e-06
30	SET	9.005970e-01	1.685570e-05
30	SET	9.506690e-01	1.595400e-05
30	SET	1.000700e+00	1.669880e-05
30	SET	1.050730e+00	1.627800e-05
30	SET	1.100740e+00	5.301350e-04
30	SET	1.150800e+00	5.301360e-04
30	SET	1.200830e+00	5.301350e-04
30	SET	1.250860e+00	5.301400e-04
30	SET	1.300900e+00	5.301330e-04
30	SET	1.350930e+00	5.301370e-04
30	SET	1.400980e+00	5.301420e-04
30	SET	1.451010e+00	5.301390e-04
30	SET	1.501020e+00	5.301430e-04
30	SET	1.551070e+00	5.301420e-04
30	SET	1.601120e+00	5.301360e-04
30	SET	1.651150e+00	5.301410e-04
30	SET	1.701150e+00	5.301400e-04
30	SET	1.751190e+00	5.301380e-04
30	SET	1.801220e+00	5.301390e-04
30	SET	1.851270e+00	5.301440e-04
30	SET	1.901310e+00	5.301400e-04
30	SET	1.951320e+00	5.301480e-04
30	SET	2.001370e+00	5.301460e-04
30	SET	2.001340e+00	5.301460e-04
30	SET	1.951340e+00	5.301400e-04
30	SET	1.901300e+00	5.301450e-04
30	SET	1.851270e+00	5.301410e-04
30	SET	1.801210e+00	5.301410e-04
30	SET	1.751200e+00	5.301410e-04
30	SET	1.701140e+00	5.301420e-04
30	SET	1.651120e+00	5.301460e-04
30	SET	1.601100e+00	5.301370e-04
30	SET	1.551070e+00	5.301380e-04
30	SET	1.501020e+00	5.301420e-04
30	SET	1.451020e+00	5.301320e-04
30	SET	1.400950e+00	5.301360e-04
30	SET	1.350950e+00	5.301440e-04
30	SET	1.300910e+00	5.301300e-04
30	SET	1.250880e+00	5.301400e-04
30	SET	1.200820e+00	5.301360e-04
30	SET	1.150790e+00	5.301400e-04
30	SET	1.100760e+00	5.301360e-04
30	SET	1.050730e+00	5.301370e-04
30	SET	1.000670e+00	5.301360e-04
30	SET	9.506410e-01	5.301380e-04
30	SET	9.005740e-01	5.301410e-04
30	SET	8.505710e-01	5.301370e-04
30	SET	8.005220e-01	5.301380e-04
30	SET	7.504690e-01	5.301400e-04
30	SET	7.004260e-01	5.301370e-04
30	SET	6.504330e-01	5.301380e-04
30	SET	6.003320e-01	5.301360e-04
30	SET	5.503370e-01	5.301360e-04
30	SET	5.002820e-01	5.301360e-04
30	SET	4.502710e-01	5.301440e-04
30	SET	4.001850e-01	5.301350e-04
30	SET	3.501640e-01	5.301460e-04
30	SET	3.001200e-01	5.301430e-04
30	SET	2.500900e-01	5.301400e-04
30	SET	2.001810e-01	4.895080e-04
30	SET	1.501520e-01	3.623860e-04
30	SET	1.001130e-01	2.385020e-04
30	SET	5.007210e-02	1.183380e-04
30	SET	3.209110e-05	3.215380e-07
30	RESET	3.490450e-05	3.765910e-07
30	RESET	-4.996170e-02	-1.170200e-04
30	RESET	-1.000020e-01	-2.362090e-04
30	RESET	-1.500430e-01	-3.582550e-04
30	RESET	-2.000770e-01	-4.817640e-04
30	RESET	-2.502310e-01	-6.091510e-04
30	RESET	-3.002560e-01	-7.211560e-04
30	RESET	-3.502820e-01	-7.065720e-04
30	RESET	-4.003650e-01	-8.457960e-04
30	RESET	-4.503690e-01	-9.727620e-04
30	RESET	-5.003930e-01	-1.075250e-03
30	RESET	-5.504540e-01	-1.161950e-03
30	RESET	-6.005400e-01	-6.975760e-04
30	RESET	-6.505480e-01	-4.304940e-04
30	RESET	-7.005800e-01	-3.626870e-04
30	RESET	-7.505970e-01	-4.233420e-04
30	RESET	-8.006850e-01	-3.181760e-04
30	RESET	-8.506910e-01	-2.863540e-04
30	RESET	-9.007430e-01	-3.234500e-04
30	RESET	-9.507830e-01	-2.796320e-04
30	RESET	-1.000820e+00	-2.881360e-04
30	RESET	-1.050860e+00	-2.056540e-04
30	RESET	-1.100910e+00	-2.142930e-04
30	RESET	-1.150980e+00	-2.450230e-04
30	RESET	-1.200980e+00	-1.582080e-04
30	RESET	-1.251030e+00	-1.753260e-04
30	RESET	-1.301050e+00	-1.898300e-04
30	RESET	-1.351130e+00	-1.951210e-04
30	RESET	-1.401120e+00	-1.810760e-04
30	RESET	-1.451170e+00	-2.891850e-04
30	RESET	-1.501200e+00	-2.440130e-04
30	RESET	-1.551240e+00	-2.408740e-04
30	RESET	-1.601220e+00	-2.927520e-04
30	RESET	-1.651300e+00	-3.090510e-04
30	RESET	-1.701340e+00	-1.253860e-04
30	RESET	-1.751370e+00	-1.411070e-04
30	RESET	-1.801390e+00	-1.529890e-04
30	RESET	-1.851430e+00	-1.694920e-04
30	RESET	-1.901460e+00	-1.899690e-04
30	RESET	-1.951510e+00	-2.239290e-04
30	RESET	-2.001550e+00	-2.182170e-04
30	RESET	-2.051780e+00	-2.483940e-04
30	RESET	-2.101850e+00	-2.798090e-04
30	RESET	-2.151920e+00	-3.350030e-04
30	RESET	-2.201830e+00	-4.374540e-04
30	RESET	-2.201810e+00	-4.270030e-04
30	RESET	-2.152080e+00	-3.657630e-04
30	RESET	-2.101830e+00	-3.173390e-04
30	RESET	-2.051780e+00	-2.753240e-04
30	RESET	-2.001520e+00	-2.453020e-04
30	RESET	-1.951480e+00	-2.153750e-04
30	RESET	-1.901470e+00	-1.940550e-04
30	RESET	-1.851440e+00	-1.761070e-04
30	RESET	-1.801400e+00	-1.604460e-04
30	RESET	-1.751380e+00	-1.448630e-04
30	RESET	-1.701340e+00	-1.317700e-04
30	RESET	-1.651310e+00	-1.206470e-04
30	RESET	-1.601260e+00	-1.088470e-04
30	RESET	-1.551240e+00	-9.823920e-05
30	RESET	-1.501190e+00	-8.921150e-05
30	RESET	-1.451140e+00	-8.110020e-05
30	RESET	-1.401110e+00	-7.310940e-05
30	RESET	-1.351110e+00	-6.583010e-05
30	RESET	-1.301050e+00	-5.971000e-05
30	RESET	-1.251020e+00	-5.303760e-05
30	RESET	-1.201000e+00	-4.793050e-05
30	RESET	-1.150950e+00	-4.316830e-05
30	RESET	-1.100890e+00	-3.728500e-05
30	RESET	-1.050840e+00	-3.258040e-05
30	RESET	-1.000830e+00	-2.839190e-05
30	RESET	-9.507920e-01	-2.486990e-05
30	RESET	-9.007350e-01	-2.161710e-05
30	RESET	-8.506780e-01	-1.851170e-05
30	RESET	-8.006800e-01	-1.582660e-05
30	RESET	-7.506110e-01	-1.324880e-05
30	RESET	-7.005610e-01	-1.129690e-05
30	RESET	-6.505190e-01	-9.500650e-06
30	RESET	-6.005020e-01	-8.198720e-06
30	RESET	-5.504440e-01	-6.472460e-06
30	RESET	-5.004010e-01	-5.076950e-06
30	RESET	-4.503620e-01	-3.931550e-06
30	RESET	-4.003430e-01	-2.827870e-06
30	RESET	-3.503050e-01	-2.301810e-06
30	RESET	-3.002640e-01	-1.729580e-06
30	RESET	-2.502220e-01	-1.213720e-06
30	RESET	-2.000720e-01	-8.145710e-07
30	RESET	-1.500300e-01	-5.473790e-07
30	RESET	-9.999530e-02	-3.135540e-07
30	RESET	-4.995730e-02	-1.321700e-07
30	RESET	3.030300e-05	2.377270e-10
31	SET	3.435610e-05	2.112150e-10
31	SET	5.003310e-02	7.496070e-08
31	SET	1.000910e-01	3.021120e-07
31	SET	1.501430e-01	4.341900e-07
31	SET	2.001810e-01	6.935000e-07
31	SET	2.501010e-01	9.713000e-07
31	SET	3.001110e-01	1.120110e-06
31	SET	3.501520e-01	1.599390e-06
31	SET	4.001950e-01	2.061540e-06
31	SET	4.502570e-01	2.705100e-06
31	SET	5.002600e-01	2.812930e-06
31	SET	5.503140e-01	3.500570e-06
31	SET	6.003440e-01	4.841340e-06
31	SET	6.504120e-01	7.078450e-06
31	SET	7.004040e-01	9.679320e-06
31	SET	7.504990e-01	1.591970e-05
31	SET	8.004990e-01	1.524460e-05
31	SET	8.505630e-01	5.301430e-04
31	SET	9.005800e-01	5.301330e-04
31	SET	9.506460e-01	5.301340e-04
31	SET	1.000660e+00	5.301410e-04
31	SET	1.050710e+00	5.301340e-04
31	SET	1.100720e+00	5.301370e-04
31	SET	1.150800e+00	5.301300e-04
31	SET	1.200810e+00	5.301380e-04
31	SET	1.250890e+00	5.301360e-04
31	SET	1.300870e+00	5.301340e-04
31	SET	1.350950e+00	5.301370e-04
31	SET	1.400970e+00	5.301370e-04
31	SET	1.451000e+00	5.301320e-04
31	SET	1.501010e+00	5.301300e-04
31	SET	1.551060e+00	5.301360e-04
31	SET	1.601100e+00	5.301410e-04
31	SET	1.651130e+00	5.301340e-04
31	SET	1.701160e+00	5.301330e-04
31	SET	1.751200e+00	5.301420e-04
31	SET	1.801230e+00	5.301330e-04
31	SET	1.851270e+00	5.301370e-04
31	SET	1.901300e+00	5.301360e-04
31	SET	1.951330e+00	5.301360e-04
31	SET	2.001360e+00	5.301350e-04
31	SET	2.001370e+00	5.301370e-04
31	SET	1.951320e+00	5.301400e-04
31	SET	1.901300e+00	5.301420e-04
31	SET	1.851260e+00	5.301430e-04
31	SET	1.801240e+00	5.301350e-04
31	SET	1.751210e+00	5.301350e-04
31	SET	1.701160e+00	5.301360e-04
31	SET	1.651150e+00	5.301360e-04
31	SET	1.601090e+00	5.301380e-04
31	SET	1.551060e+00	5.301360e-04
31	SET	1.501030e+00	5.301370e-04
31	SET	1.451020e+00	5.301380e-04
31	SET	1.400970e+00	5.301320e-04
31	SET	1.350930e+00	5.301370e-04
31	SET	1.300910e+00	5.301350e-04
31	SET	1.250860e+00	5.301310e-04
31	SET	1.200820e+00	5.301330e-04
31	SET	1.150800e+00	5.301360e-04
31	SET	1.100730e+00	5.301370e-04
31	SET	1.050730e+00	5.301400e-04
31	SET	1.000670e+00	5.301360e-04
31	SET	9.506360e-01	5.301320e-04
31	SET	9.005860e-01	5.301330e-04
31	SET	8.505780e-01	5.301370e-04
31	SET	8.005160e-01	5.301360e-04
31	SET	7.504920e-01	5.301360e-04
31	SET	7.004320e-01	5.301360e-04
31	SET	6.504110e-01	5.301350e-04
31	SET	6.003390e-01	5.301380e-04
31	SET	5.503310e-01	5.301410e-04
31	SET	5.002800e-01	5.301360e-04
31	SET	4.502440e-01	5.301410e-04
31	SET	4.001760e-01	5.301440e-04
31	SET	3.501730e-01	5.301430e-04
31	SET	3.001090e-01	5.301360e-04
31	SET	2.500910e-01	5.301400e-04
31	SET	2.001810e-01	4.342770e-04
31	SET	1.501450e-01	3.221550e-04
31	SET	1.001110e-01	2.128440e-04
31	SET	5.007830e-02	1.059270e-04
31	SET	2.894400e-05	2.833410e-07
31	RESET	2.975460e-05	3.299130e-07
31	RESET	-4.995690e-02	-1.035350e-04
31	RESET	-9.999540e-02	-2.089970e-04
31	RESET	-1.500400e-01	-3.205730e-04
31	RESET	-2.000750e-01	-4.335350e-04
31	RESET	-2.502130e-01	-4.306140e-04
31	RESET	-3.002500e-01	-4.612340e-04
31	RESET	-3.502850e-01	-5.602940e-04
31	RESET	-4.003500e-01	-6.365720e-04
31	RESET	-4.503450e-01	-7.066860e-04
31	RESET	-5.004270e-01	-7.763340e-04
31	RESET	-5.504430e-01	-8.264350e-04
31	RESET	-6.005260e-01	-7.472560e-04
31	RESET	-6.505110e-01	-1.059600e-04
31	RESET	-7.005720e-01	-8.464150e-05
31	RESET	-7.506170e-01	-6.554030e-05
31	RESET	-8.006700e-01	-6.748280e-05
31	RESET	-8.506850e-01	-6.148490e-05
31	RESET	-9.007470e-01	-5.661020e-05
31	RESET	-9.507940e-01	-6.241080e-05
31	RESET	-1.000820e+00	-3.326220e-05
31	RESET	-1.050830e+00	-3.739520e-05
31	RESET	-1.100910e+00	-4.330450e-05
31	RESET	-1.150960e+00	-4.885640e-05
31	RESET	-1.200960e+00	-5.031370e-05
31	RESET	-1.251010e+00	-5.719000e-05
31	RESET	-1.301030e+00	-5.881690e-05
31	RESET	-1.351120e+00	-6.574760e-05
31	RESET	-1.401100e+00	-7.235210e-05
31	RESET	-1.451180e+00	-7.888900e-05
31	RESET	-1.501200e+00	-8.696680e-05
31	RESET	-1.551230e+00	-9.745420e-05
31	RESET	-1.601250e+00	-1.088630e-04
31	RESET	-1.651300e+00	-1.204460e-04
31	RESET	-1.701330e+00	-1.283480e-04
31	RESET	-1.751390e+00	-1.397140e-04
31	RESET	-1.801380e+00	-1.545270e-04
31	RESET	-1.851430e+00	-1.714120e-04
31	RESET	-1.901460e+00	-1.909300e-04
31	RESET	-1.951490e+00	-2.092620e-04
31	RESET	-2.001530e+00	-2.319560e-04
31	RESET	-2.051710e+00	-2.661040e-04
31	RESET	-2.101800e+00	-3.062180e-04
31	RESET	-2.151910e+00	-3.518290e-04
31	RESET	-2.202050e+00	-4.456780e-04
31	RESET	-2.201960e+00	-4.418910e-04
31	RESET	-2.151850e+00	-3.830950e-04
31	RESET	-2.101740e+00	-3.299140e-04
31	RESET	-2.051670e+00	-2.936280e-04
31	RESET	-2.001520e+00	-2.607970e-04
31	RESET	-1.951490e+00	-2.325310e-04
31	RESET	-1.901460e+00	-2.090460e-04
31	RESET	-1.851450e+00	-1.901120e-04
31	RESET	-1.801390e+00	-1.730030e-04
31	RESET	-1.751360e+00	-1.558920e-04
31	RESET	-1.701330e+00	-1.433720e-04
31	RESET	-1.651320e+00	-1.302710e-04
31	RESET	-1.601240e+00	-1.178460e-04
31	RESET	-1.551240e+00	-1.070160e-04
31	RESET	-1.501190e+00	-9.732840e-05
31	RESET	-1.451180e+00	-8.771880e-05
31	RESET	-1.401120e+00	-7.963850e-05
31	RESET	-1.351100e+00	-7.158310e-05
31	RESET	-1.301060e+00	-6.455110e-05
31	RESET	-1.251010e+00	-5.829180e-05
31	RESET	-1.200990e+00	-5.229150e-05
31	RESET	-1.150960e+00	-4.650110e-05
31	RESET	-1.100890e+00	-4.156700e-05
31	RESET	-1.050850e+00	-3.695740e-05
31	RESET	-1.000840e+00	-3.265330e-05
31	RESET	-9.507740e-01	-2.834270e-05
31	RESET	-9.007310e-01	-2.431230e-05
31	RESET	-8.506890e-01	-2.083180e-05
31	RESET	-8.006610e-01	-1.760710e-05
31	RESET	-7.506310e-01	-1.472840e-05
31	RESET	-7.005830e-01	-1.235250e-05
31	RESET	-6.505420e-01	-1.015510e-05
31	RESET	-6.005370e-01	-8.175710e-06
31	RESET	-5.504570e-01	-6.567650e-06
31	RESET	-5.004240e-01	-5.342190e-06
31	RESET	-4.503540e-01	-4.244350e-06
31	RESET	-4.003370e-01	-3.316710e-06
31	RESET	-3.503150e-01	-2.623790e-06
31	RESET	-3.002560e-01	-1.989200e-06
31	RESET	-2.502110e-01	-1.451890e-06
31	RESET	-2.000740e-01	-1.007780e-06
31	RESET	-1.500360e-01	-7.062920e-07
31	RESET	-9.999640e-02	-4.329360e-07
31	RESET	-4.995680e-02	-1.856390e-07
31	RESET	3.614430e-05	1.978160e-10
32	SET	3.247260e-05	5.204920e-10
32	SET	5.005990e-02	2.090610e-07
32	SET	1.001170e-01	3.812990e-07
32	SET	1.501530e-01	6.245270e-07
32	SET	2.001940e-01	9.255730e-07
32	SET	2.501030e-01	1.347180e-06
32	SET	3.001400e-01	1.756880e-06
32	SET	3.501970e-01	2.541700e-06
32	SET	4.001940e-01	2.857470e-06
32	SET	4.502690e-01	3.254830e-06
32	SET	5.003030e-01	5.443790e-06
32	SET	5.503320e-01	5.301530e-04
32	SET	6.003560e-01	5.301440e-04
32	SET	6.504290e-01	5.301460e-04
32	SET	7.004210e-01	5.301420e-04
32	SET	7.504870e-01	5.301400e-04
32	SET	8.005250e-01	5.301400e-04
32	SET	8.505670e-01	5.301400e-04
32	SET	9.005830e-01	5.301420e-04
32	SET	9.506560e-01	5.301380e-04
32	SET	1.000690e+00	5.301370e-04
32	SET	1.050730e+00	5.301380e-04
32	SET	1.100730e+00	5.301420e-04
32	SET	1.150800e+00	5.301370e-04
32	SET	1.200830e+00	5.301320e-04
32	SET	1.250880e+00	5.301390e-04
32	SET	1.300900e+00	5.301380e-04
32	SET	1.350950e+00	5.301360e-04
32	SET	1.400960e+00	5.301400e-04
32	SET	1.451020e+00	5.301370e-04
32	SET	1.500990e+00	5.301400e-04
32	SET	1.551090e+00	5.301400e-04
32	SET	1.601110e+00	5.301460e-04
32	SET	1.651160e+00	5.301380e-04
32	SET	1.701160e+00	5.301360e-04
32	SET	1.751210e+00	5.301360e-04
32	SET	1.801220e+00	5.301350e-04
32	SET	1.851250e+00	5.301340e-04
32	SET	1.901280e+00	5.301360e-04
32	SET	1.951350e+00	5.301400e-04
32	SET	2.001350e+00	5.301350e-04
32	SET	2.001350e+00	5.301390e-04
32	SET	1.951340e+00	5.301340e-04
32	SET	1.901290e+00	5.301340e-04
32	SET	1.851280e+00	5.301370e-04
32	SET	1.801240e+00	5.301390e-04
32	SET	1.751200e+00	5.301400e-04
32	SET	1.701150e+00	5.301350e-04
32	SET	1.651130e+00	5.301420e-04
32	SET	1.601090e+00	5.301420e-04
32	SET	1.551090e+00	5.301350e-04
32	SET	1.501010e+00	5.301400e-04
32	SET	1.451020e+00	5.301420e-04
32	SET	1.400970e+00	5.301360e-04
32	SET	1.350930e+00	5.301390e-04
32	SET	1.300890e+00	5.301300e-04
32	SET	1.250870e+00	5.301320e-04
32	SET	1.200840e+00	5.301380e-04
32	SET	1.150800e+00	5.301350e-04
32	SET	1.100730e+00	5.301370e-04
32	SET	1.050730e+00	5.301370e-04
32	SET	1.000670e+00	5.301380e-04
32	SET	9.506480e-01	5.301370e-04
32	SET	9.005830e-01	5.301410e-04
32	SET	8.505850e-01	5.301370e-04
32	SET	8.005060e-01	5.301440e-04
32	SET	7.504940e-01	5.301380e-04
32	SET	7.004220e-01	5.301410e-04
32	SET	6.503960e-01	5.301460e-04
32	SET	6.003380e-01	5.301380e-04
32	SET	5.503030e-01	5.301380e-04
32	SET	5.002860e-01	5.301450e-04
32	SET	4.502520e-01	5.301440e-04
32	SET	4.001800e-01	5.177910e-04
32	SET	3.501690e-01	4.538390e-04
32	SET	3.001240e-01	3.926820e-04
32	SET	2.501030e-01	3.315050e-04
32	SET	2.001870e-01	2.686150e-04
32	SET	1.501530e-01	2.033630e-04
32	SET	1.001150e-01	1.361700e-04
32	SET	5.007550e-02	6.818050e-05
32	SET	3.929140e-05	1.879370e-07
32	RESET	3.759860e-05	2.217740e-07
32	RESET	-4.989520e-02	-6.637110e-05
32	RESET	-9.999210e-02	-1.320970e-04
32	RESET	-1.500350e-01	-1.957980e-04
32	RESET	-2.000740e-01	-2.568730e-04
32	RESET	-2.502110e-01	-3.146360e-04
32	RESET	-3.002680e-01	-3.552470e-04
32	RESET	-3.502900e-01	-2.657320e-04
32	RESET	-4.003650e-01	-2.914960e-04
32	RESET	-4.503660e-01	-3.137770e-04
32	RESET	-5.004060e-01	-3.323440e-04
32	RESET	-5.504390e-01	-3.655680e-04
32	RESET	-6.005100e-01	-3.989680e-04
32	RESET	-6.505430e-01	-4.917980e-04
32	RESET	-7.005930e-01	-5.257240e-04
32	RESET	-7.506390e-01	-5.342210e-04
32	RESET	-8.006920e-01	-4.722070e-04
32	RESET	-8.506900e-01	-4.732790e-04
32	RESET	-9.007520e-01	-3.346460e-04
32	RESET	-9.507720e-01	-3.444600e-04
32	RESET	-1.000840e+00	-3.274550e-04
32	RESET	-1.050830e+00	-2.800030e-04
32	RESET	-1.100890e+00	-2.306440e-04
32	RESET	-1.150990e+00	-1.645740e-04
32	RESET	-1.200970e+00	-7.705030e-05
32	RESET	-1.251020e+00	-8.182220e-05
32	RESET	-1.301050e+00	-8.727590e-05
32	RESET	-1.351100e+00	-9.950560e-05
32	RESET	-1.401110e+00	-1.011880e-04
32	RESET	-1.451160e+00	-1.126090e-04
32	RESET	-1.501210e+00	-1.414330e-04
32	RESET	-1.551230e+00	-1.305660e-04
32	RESET	-1.601240e+00	-1.374860e-04
32	RESET	-1.651320e+00	-1.474970e-04
32	RESET	-1.701340e+00	-1.431130e-04
32	RESET	-1.751370e+00	-1.603450e-04
32	RESET	-1.801380e+00	-1.748760e-04
32	RESET	-1.851430e+00	-1.904710e-04
32	RESET	-1.901480e+00	-2.121880e-04
32	RESET	-1.951510e+00	-2.378800e-04
32	RESET	-2.001520e+00	-2.515830e-04
32	RESET	-2.051520e+00	-2.984810e-04
32	RESET	-2.101670e+00	-3.359950e-04
32	RESET	-2.152050e+00	-3.934940e-04
32	RESET	-2.201860e+00	-4.518890e-04
32	RESET	-2.202050e+00	-4.398730e-04
32	RESET	-2.151870e+00	-3.866740e-04
32	RESET	-2.101490e+00	-3.524040e-04
32	RESET	-2.051620e+00	-3.021890e-04
32	RESET	-2.001540e+00	-2.719960e-04
32	RESET	-1.951500e+00	-2.413860e-04
32	RESET	-1.901440e+00	-2.209140e-04
32	RESET	-1.851440e+00	-2.014170e-04
32	RESET	-1.801370e+00	-1.815550e-04
32	RESET	-1.751380e+00	-1.662610e-04
32	RESET	-1.701310e+00	-1.534420e-04
32	RESET	-1.651300e+00	-1.394920e-04
32	RESET	-1.601250e+00	-1.262420e-04
32	RESET	-1.551230e+00	-1.142280e-04
32	RESET	-1.501190e+00	-1.044660e-04
32	RESET	-1.451160e+00	-9.452500e-05
32	RESET	-1.401110e+00	-8.655310e-05
32	RESET	-1.351100e+00	-7.824130e-05
32	RESET	-1.301050e+00	-7.105420e-05
32	RESET	-1.251020e+00	-6.364430e-05
32	RESET	-1.200950e+00	-5.679100e-05
32	RESET	-1.150940e+00	-5.077120e-05
32	RESET	-1.100900e+00	-4.467810e-05
32	RESET	-1.050840e+00	-3.965040e-05
32	RESET	-1.000820e+00	-3.491710e-05
32	RESET	-9.507700e-01	-2.971950e-05
32	RESET	-9.007380e-01	-2.529000e-05
32	RESET	-8.506810e-01	-2.155740e-05
32	RESET	-8.006830e-01	-1.813220e-05
32	RESET	-7.506070e-01	-1.526870e-05
32	RESET	-7.005720e-01	-1.240130e-05
32	RESET	-6.505320e-01	-1.010450e-05
32	RESET	-6.005090e-01	-8.254220e-06
32	RESET	-5.504560e-01	-6.595990e-06
32	RESET	-5.004080e-01	-5.071130e-06
32	RESET	-4.503660e-01	-3.916870e-06
32	RESET	-4.003300e-01	-2.989770e-06
32	RESET	-3.502980e-01	-2.331870e-06
32	RESET	-3.002430e-01	-1.707550e-06
32	RESET	-2.502140e-01	-1.280970e-06
32	RESET	-2.000690e-01	-9.522170e-07
32	RESET	-1.500310e-01	-6.464120e-07
32	RESET	-9.999090e-02	-4.001410e-07
32	RESET	-4.994950e-02	-1.942790e-07
32	RESET	3.786090e-05	3.409980e-10
33	SET	3.867150e-05	6.763930e-10
33	SET	5.006090e-02	2.380980e-07
33	SET	1.001210e-01	4.314790e-07
33	SET	1.501490e-01	7.670410e-07
33	SET	2.001830e-01	1.078360e-06
33	SET	2.501050e-01	1.609130e-06
33	SET	3.001300e-01	1.849830e-06
33	SET	3.501640e-01	3.295580e-04
33	SET	4.001900e-01	3.804390e-04
33	SET	4.502570e-01	4.564870e-04
33	SET	5.002670e-01	5.301440e-04
33	SET	5.503220e-01	5.301440e-04
33	SET	6.003560e-01	5.301380e-04
33	SET	6.504050e-01	5.301420e-04
33	SET	7.004520e-01	5.301360e-04
33	SET	7.504920e-01	5.301440e-04
33	SET	8.004940e-01	5.301370e-04
33	SET	8.505890e-01	5.301400e-04
33	SET	9.005730e-01	5.301350e-04
33	SET	9.506400e-01	5.301400e-04
33	SET	1.000670e+00	5.301390e-04
33	SET	1.050740e+00	5.301360e-04
33	SET	1.100740e+00	5.301370e-04
33	SET	1.150800e+00	5.301370e-04
33	SET	1.200830e+00	5.301390e-04
33	SET	1.250870e+00	5.301400e-04
33	SET	1.300890e+00	5.301330e-04
33	SET	1.350960e+00	5.301380e-04
33	SET	1.400980e+00	5.301350e-04
33	SET	1.451010e+00	5.301320e-04
33	SET	1.501030e+00	5.301360e-04
33	SET	1.551060e+00	5.301380e-04
33	SET	1.601110e+00	5.301380e-04
33	SET	1.651140e+00	5.301340e-04
33	SET	1.701160e+00	5.301390e-04
33	SET	1.751200e+00	5.301370e-04
33	SET	1.801220e+00	5.301360e-04
33	SET	1.851280e+00	5.301360e-04
33	SET	1.901300e+00	5.301400e-04
33	SET	1.951330e+00	5.301380e-04
33	SET	2.001360e+00	5.301420e-04
33	SET	2.001370e+00	5.301380e-04
33	SET	1.951350e+00	5.301420e-04
33	SET	1.901310e+00	5.301390e-04
33	SET	1.851280e+00	5.301390e-04
33	SET	1.801220e+00	5.301390e-04
33	SET	1.751220e+00	5.301420e-04
33	SET	1.701150e+00	5.301400e-04
33	SET	1.651150e+00	5.301390e-04
33	SET	1.601090e+00	5.301370e-04
33	SET	1.551080e+00	5.301370e-04
33	SET	1.501010e+00	5.301410e-04
33	SET	1.451030e+00	5.301430e-04
33	SET	1.400950e+00	5.301380e-04
33	SET	1.350950e+00	5.301370e-04
33	SET	1.300870e+00	5.301410e-04
33	SET	1.250880e+00	5.301360e-04
33	SET	1.200810e+00	5.301380e-04
33	SET	1.150810e+00	5.301420e-04
33	SET	1.100740e+00	5.301350e-04
33	SET	1.050730e+00	5.301400e-04
33	SET	1.000690e+00	5.301330e-04
33	SET	9.506570e-01	5.301370e-04
33	SET	9.005710e-01	5.301340e-04
33	SET	8.505940e-01	5.301390e-04
33	SET	8.005110e-01	5.301380e-04
33	SET	7.504930e-01	5.301450e-04
33	SET	7.004370e-01	5.301430e-04
33	SET	6.504170e-01	5.301410e-04
33	SET	6.003410e-01	5.301390e-04
33	SET	5.503210e-01	5.301410e-04
33	SET	5.002750e-01	5.301440e-04
33	SET	4.502770e-01	5.301420e-04
33	SET	4.001950e-01	5.301460e-04
33	SET	3.501690e-01	5.301380e-04
33	SET	3.001150e-01	5.301410e-04
33	SET	2.500950e-01	4.760400e-04
33	SET	2.001890e-01	3.787870e-04
33	SET	1.501530e-01	2.816160e-04
33	SET	1.001220e-01	1.862290e-04
33	SET	5.007560e-02	9.262180e-05
33	SET	3.461840e-05	2.201730e-07
33	RESET	3.983970e-05	3.203790e-07
33	RESET	-4.989300e-02	-9.082060e-05
33	RESET	-9.998470e-02	-1.830120e-04
33	RESET	-1.500310e-01	-2.770890e-04
33	RESET	-2.000590e-01	-3.718430e-04
33	RESET	-2.501960e-01	-4.463160e-04
33	RESET	-3.002470e-01	-1.846710e-04
33	RESET	-3.502920e-01	-2.089730e-04
33	RESET	-4.003540e-01	-2.442180e-04
33	RESET	-4.503510e-01	-2.356910e-04
33	RESET	-5.003750e-01	-2.610610e-04
33	RESET	-5.504170e-01	-2.859170e-04
33	RESET	-6.005140e-01	-3.118440e-04
33	RESET	-6.505120e-01	-3.521610e-04
33	RESET	-7.005780e-01	-3.674430e-04
33	RESET	-7.506100e-01	-3.948080e-04
33	RESET	-8.006760e-01	-4.011200e-04
33	RESET	-8.506900e-01	-3.464880e-04
33	RESET	-9.007430e-01	-3.445330e-04
33	RESET	-9.507800e-01	-3.293140e-04
33	RESET	-1.000790e+00	-2.606170e-04
33	RESET	-1.050820e+00	-2.068890e-04
33	RESET	-1.100870e+00	-2.526070e-04
33	RESET	-1.150960e+00	-1.554610e-04
33	RESET	-1.200930e+00	-7.866730e-05
33	RESET	-1.251010e+00	-8.432630e-05
33	RESET	-1.301040e+00	-9.538090e-05
33	RESET	-1.351120e+00	-1.044410e-04
33	RESET	-1.401110e+00	-1.122390e-04
33	RESET	-1.451190e+00	-1.213110e-04
33	RESET	-1.501190e+00	-1.335130e-04
33	RESET	-1.551220e+00	-1.406600e-04
33	RESET	-1.601240e+00	-1.505380e-04
33	RESET	-1.651300e+00	-1.801050e-04
33	RESET	-1.701310e+00	-1.302270e-04
33	RESET	-1.751350e+00	-1.438650e-04
33	RESET	-1.801380e+00	-1.582040e-04
33	RESET	-1.851430e+00	-1.732630e-04
33	RESET	-1.901450e+00	-1.938510e-04
33	RESET	-1.951500e+00	-2.211260e-04
33	RESET	-2.001520e+00	-2.399340e-04
33	RESET	-2.051840e+00	-2.678380e-04
33	RESET	-2.101660e+00	-3.294610e-04
33	RESET	-2.152010e+00	-3.787010e-04
33	RESET	-2.201810e+00	-4.460080e-04
33	RESET	-2.201960e+00	-4.406870e-04
33	RESET	-2.152120e+00	-3.881060e-04
33	RESET	-2.101620e+00	-3.388780e-04
33	RESET	-2.051610e+00	-3.066700e-04
33	RESET	-2.001540e+00	-2.723570e-04
33	RESET	-1.951510e+00	-2.411040e-04
33	RESET	-1.901440e+00	-2.175660e-04
33	RESET	-1.851440e+00	-2.003310e-04
33	RESET	-1.801380e+00	-1.857580e-04
33	RESET	-1.751360e+00	-1.679640e-04
33	RESET	-1.701310e+00	-1.541870e-04
33	RESET	-1.651320e+00	-1.405660e-04
33	RESET	-1.601250e+00	-1.286410e-04
33	RESET	-1.551260e+00	-1.153660e-04
33	RESET	-1.501200e+00	-1.065860e-04
33	RESET	-1.451160e+00	-9.682820e-05
33	RESET	-1.401140e+00	-8.754460e-05
33	RESET	-1.351110e+00	-7.936340e-05
33	RESET	-1.301050e+00	-6.987270e-05
33	RESET	-1.251030e+00	-6.276740e-05
33	RESET	-1.200970e+00	-5.625580e-05
33	RESET	-1.150960e+00	-5.032430e-05
33	RESET	-1.100910e+00	-4.444130e-05
33	RESET	-1.050840e+00	-3.876660e-05
33	RESET	-1.000830e+00	-3.408800e-05
33	RESET	-9.507680e-01	-2.979850e-05
33	RESET	-9.007410e-01	-2.573750e-05
33	RESET	-8.506800e-01	-2.206760e-05
33	RESET	-8.006810e-01	-1.858450e-05
33	RESET	-7.506300e-01	-1.572720e-05
33	RESET	-7.005840e-01	-1.287440e-05
33	RESET	-6.505150e-01	-1.040070e-05
33	RESET	-6.005140e-01	-8.298950e-06
33	RESET	-5.504500e-01	-6.689050e-06
33	RESET	-5.004100e-01	-5.330340e-06
33	RESET	-4.503550e-01	-4.356900e-06
33	RESET	-4.003460e-01	-3.337330e-06
33	RESET	-3.503100e-01	-2.670850e-06
33	RESET	-3.002560e-01	-1.963130e-06
33	RESET	-2.502170e-01	-1.339640e-06
33	RESET	-2.000780e-01	-7.859790e-07
33	RESET	-1.500410e-01	-5.190060e-07
33	RESET	-1.000070e-01	-3.185180e-07
33	RESET	-4.995850e-02	-1.307960e-07
33	RESET	2.923010e-05	3.392700e-11
34	SET	3.578660e-05	9.484290e-11
34	SET	5.006370e-02	1.466120e-07
34	SET	1.001110e-01	2.144680e-07
34	SET	1.501520e-01	4.159000e-07
34	SET	2.001830e-01	4.433300e-07
34	SET	2.500890e-01	6.377680e-07
34	SET	3.001370e-01	2.745950e-04
34	SET	3.501520e-01	3.634540e-04
34	SET	4.001910e-01	4.232010e-04
34	SET	4.502620e-01	4.783280e-04
34	SET	5.002730e-01	5.301440e-04
34	SET	5.503380e-01	5.301440e-04
34	SET	6.003540e-01	5.301430e-04
34	SET	6.504240e-01	5.301430e-04
34	SET	7.004380e-01	5.301410e-04
34	SET	7.504940e-01	5.301430e-04
34	SET	8.005090e-01	5.301410e-04
34	SET	8.505780e-01	5.301470e-04
34	SET	9.006060e-01	5.301410e-04
34	SET	9.506250e-01	5.301440e-04
34	SET	1.000670e+00	5.301350e-04
34	SET	1.050740e+00	5.301400e-04
34	SET	1.100740e+00	5.301390e-04
34	SET	1.150790e+00	5.301370e-04
34	SET	1.200830e+00	5.301290e-04
34	SET	1.250880e+00	5.301370e-04
34	SET	1.300880e+00	5.301320e-04
34	SET	1.350930e+00	5.301330e-04
34	SET	1.400960e+00	5.301350e-04
34	SET	1.451010e+00	5.301320e-04
34	SET	1.501030e+00	5.301350e-04
34	SET	1.551050e+00	5.301330e-04
34	SET	1.601110e+00	5.301320e-04
34	SET	1.651150e+00	5.301370e-04
34	SET	1.701150e+00	5.301370e-04
34	SET	1.751220e+00	5.301420e-04
34	SET	1.801230e+00	5.301420e-04
34	SET	1.851280e+00	5.301380e-04
34	SET	1.901290e+00	5.301320e-04
34	SET	1.951340e+00	5.301350e-04
34	SET	2.001380e+00	5.301370e-04
34	SET	2.001370e+00	5.301380e-04
34	SET	1.951350e+00	5.301370e-04
34	SET	1.901300e+00	5.301380e-04
34	SET	1.851290e+00	5.301360e-04
34	SET	1.801210e+00	5.301350e-04
34	SET	1.751210e+00	5.301390e-04
34	SET	1.701160e+00	5.301320e-04
34	SET	1.651130e+00	5.301420e-04
34	SET	1.601100e+00	5.301410e-04
34	SET	1.551080e+00	5.301370e-04
34	SET	1.501010e+00	5.301400e-04
34	SET	1.451010e+00	5.301330e-04
34	SET	1.400970e+00	5.301360e-04
34	SET	1.350960e+00	5.301380e-04
34	SET	1.300890e+00	5.301320e-04
34	SET	1.250890e+00	5.301370e-04
34	SET	1.200830e+00	5.301350e-04
34	SET	1.150810e+00	5.301360e-04
34	SET	1.100760e+00	5.301360e-04
34	SET	1.050740e+00	5.301400e-04
34	SET	1.000690e+00	5.301360e-04
34	SET	9.506410e-01	5.301440e-04
34	SET	9.005870e-01	5.301330e-04
34	SET	8.505810e-01	5.301390e-04
34	SET	8.005220e-01	5.301410e-04
34	SET	7.504810e-01	5.301410e-04
34	SET	7.004360e-01	5.301430e-04
34	SET	6.504250e-01	5.301390e-04
34	SET	6.003550e-01	5.301470e-04
34	SET	5.503130e-01	5.301460e-04
34	SET	5.002940e-01	5.301370e-04
34	SET	4.502480e-01	5.301470e-04
34	SET	4.001810e-01	5.065010e-04
34	SET	3.501670e-01	4.444370e-04
34	SET	3.001340e-01	3.882370e-04
34	SET	2.500940e-01	3.267010e-04
34	SET	2.001870e-01	2.650600e-04
34	SET	1.501520e-01	2.006080e-04
34	SET	1.001180e-01	1.347460e-04
34	SET	5.007480e-02	6.743560e-05
34	SET	4.217620e-05	1.759620e-07
34	RESET	3.390310e-05	2.074820e-07
34	RESET	-4.989980e-02	-6.466040e-05
34	RESET	-9.999630e-02	-1.290430e-04
34	RESET	-1.500300e-01	-1.908170e-04
34	RESET	-2.000760e-01	-2.491530e-04
34	RESET	-2.502120e-01	-3.075560e-04
34	RESET	-3.002780e-01	-2.234240e-04
34	RESET	-3.502790e-01	-2.554720e-04
34	RESET	-4.003380e-01	-2.815420e-04
34	RESET	-4.503450e-01	-3.080060e-04
34	RESET	-5.004230e-01	-3.286970e-04
34	RESET	-5.504420e-01	-3.628620e-04
34	RESET	-6.005230e-01	-3.950370e-04
34	RESET	-6.505220e-01	-4.991250e-04
34	RESET	-7.005860e-01	-5.443400e-04
34	RESET	-7.506190e-01	-5.596340e-04
34	RESET	-8.006890e-01	-1.878880e-05
34	RESET	-8.506750e-01	-2.227970e-05
34	RESET	-9.007500e-01	-2.659920e-05
34	RESET	-9.507820e-01	-2.939360e-05
34	RESET	-1.000820e+00	-3.124660e-05
34	RESET	-1.050850e+00	-3.404970e-05
34	RESET	-1.100900e+00	-3.871570e-05
34	RESET	-1.150960e+00	-4.388640e-05
34	RESET	-1.200980e+00	-4.762230e-05
34	RESET	-1.251020e+00	-5.225190e-05
34	RESET	-1.301030e+00	-5.871730e-05
34	RESET	-1.351090e+00	-6.390490e-05
34	RESET	-1.401110e+00	-7.039300e-05
34	RESET	-1.451180e+00	-7.740550e-05
34	RESET	-1.501180e+00	-8.510460e-05
34	RESET	-1.551230e+00	-9.254340e-05
34	RESET	-1.601260e+00	-1.022810e-04
34	RESET	-1.651280e+00	-1.110930e-04
34	RESET	-1.701320e+00	-1.228250e-04
34	RESET	-1.751360e+00	-1.377820e-04
34	RESET	-1.801380e+00	-1.521500e-04
34	RESET	-1.851430e+00	-1.702480e-04
34	RESET	-1.901470e+00	-1.840480e-04
34	RESET	-1.951490e+00	-2.011190e-04
34	RESET	-2.001500e+00	-2.217870e-04
34	RESET	-2.051660e+00	-2.539490e-04
34	RESET	-2.101650e+00	-3.033160e-04
34	RESET	-2.151930e+00	-3.480310e-04
34	RESET	-2.201880e+00	-4.346690e-04
34	RESET	-2.201830e+00	-4.311090e-04
34	RESET	-2.152080e+00	-3.823800e-04
34	RESET	-2.101740e+00	-3.350940e-04
34	RESET	-2.051580e+00	-2.934700e-04
34	RESET	-2.001540e+00	-2.613070e-04
34	RESET	-1.951510e+00	-2.341640e-04
34	RESET	-1.901460e+00	-2.114840e-04
34	RESET	-1.851430e+00	-1.908400e-04
34	RESET	-1.801370e+00	-1.737020e-04
34	RESET	-1.751380e+00	-1.554170e-04
34	RESET	-1.701320e+00	-1.419890e-04
34	RESET	-1.651320e+00	-1.290390e-04
34	RESET	-1.601240e+00	-1.173270e-04
34	RESET	-1.551250e+00	-1.076290e-04
34	RESET	-1.501170e+00	-9.861090e-05
34	RESET	-1.451160e+00	-8.958330e-05
34	RESET	-1.401110e+00	-8.088490e-05
34	RESET	-1.351100e+00	-7.265080e-05
34	RESET	-1.301040e+00	-6.489760e-05
34	RESET	-1.251010e+00	-5.797800e-05
34	RESET	-1.200980e+00	-5.241690e-05
34	RESET	-1.150950e+00	-4.662460e-05
34	RESET	-1.100910e+00	-4.113160e-05
34	RESET	-1.050830e+00	-3.529450e-05
34	RESET	-1.000820e+00	-3.117080e-05
34	RESET	-9.507690e-01	-2.730370e-05
34	RESET	-9.007310e-01	-2.320200e-05
34	RESET	-8.506660e-01	-1.992550e-05
34	RESET	-8.006800e-01	-1.701260e-05
34	RESET	-7.506120e-01	-1.386480e-05
34	RESET	-7.005770e-01	-1.130780e-05
34	RESET	-6.505480e-01	-9.190780e-06
34	RESET	-6.005120e-01	-7.312660e-06
34	RESET	-5.504390e-01	-5.724310e-06
34	RESET	-5.004220e-01	-4.387730e-06
34	RESET	-4.503500e-01	-3.455910e-06
34	RESET	-4.003800e-01	-2.561740e-06
34	RESET	-3.502750e-01	-1.988410e-06
34	RESET	-3.002560e-01	-1.398260e-06
34	RESET	-2.501970e-01	-9.797820e-07
34	RESET	-2.000740e-01	-5.689910e-07
34	RESET	-1.500380e-01	-3.215130e-07
34	RESET	-9.999530e-02	-1.841640e-07
34	RESET	-4.995170e-02	-6.842260e-08
34	RESET	2.760890e-05	-7.166610e-09
35	SET	3.812310e-05	2.299670e-10
35	SET	5.005760e-02	5.203410e-08
35	SET	1.001040e-01	1.849330e-07
35	SET	1.501500e-01	2.635830e-07
35	SET	2.001840e-01	4.207340e-07
35	SET	2.500830e-01	5.540850e-07
35	SET	3.000970e-01	7.582780e-07
35	SET	3.501540e-01	1.031980e-06
35	SET	4.002140e-01	1.332000e-06
35	SET	4.502510e-01	1.682720e-06
35	SET	5.002600e-01	2.009580e-06
35	SET	5.503050e-01	2.445310e-06
35	SET	6.003530e-01	3.337620e-06
35	SET	6.504060e-01	3.884400e-06
35	SET	7.004260e-01	4.771320e-06
35	SET	7.504950e-01	6.713000e-06
35	SET	8.005060e-01	8.056750e-06
35	SET	8.505510e-01	1.123590e-05
35	SET	9.006040e-01	1.309810e-05
35	SET	9.506800e-01	1.530210e-05
35	SET	1.000670e+00	5.301550e-04
35	SET	1.050740e+00	5.301430e-04
35	SET	1.100740e+00	5.301400e-04
35	SET	1.150790e+00	5.301390e-04
35	SET	1.200830e+00	5.301420e-04
35	SET	1.250880e+00	5.301370e-04
35	SET	1.300900e+00	5.301330e-04
35	SET	1.350950e+00	5.301360e-04
35	SET	1.400970e+00	5.301340e-04
35	SET	1.451010e+00	5.301370e-04
35	SET	1.501020e+00	5.301360e-04
35	SET	1.551070e+00	5.301360e-04
35	SET	1.601100e+00	5.301350e-04
35	SET	1.651150e+00	5.301360e-04
35	SET	1.701160e+00	5.301360e-04
35	SET	1.751200e+00	5.301380e-04
35	SET	1.801230e+00	5.301370e-04
35	SET	1.851280e+00	5.301400e-04
35	SET	1.901300e+00	5.301330e-04
35	SET	1.951330e+00	5.301370e-04
35	SET	2.001350e+00	5.301390e-04
35	SET	2.001360e+00	5.301300e-04
35	SET	1.951350e+00	5.301360e-04
35	SET	1.901300e+00	5.301380e-04
35	SET	1.851280e+00	5.301350e-04
35	SET	1.801220e+00	5.301370e-04
35	SET	1.751220e+00	5.301340e-04
35	SET	1.701160e+00	5.301350e-04
35	SET	1.651160e+00	5.301400e-04
35	SET	1.601110e+00	5.301360e-04
35	SET	1.551100e+00	5.301400e-04
35	SET	1.501010e+00	5.301360e-04
35	SET	1.451020e+00	5.301380e-04
35	SET	1.400960e+00	5.301340e-04
35	SET	1.350940e+00	5.301310e-04
35	SET	1.300900e+00	5.301230e-04
35	SET	1.250870e+00	5.301380e-04
35	SET	1.200830e+00	5.301300e-04
35	SET	1.150790e+00	5.301340e-04
35	SET	1.100740e+00	5.301370e-04
35	SET	1.050730e+00	5.301300e-04
35	SET	1.000680e+00	5.301360e-04
35	SET	9.506340e-01	5.301360e-04
35	SET	9.005950e-01	5.301320e-04
35	SET	8.505750e-01	5.301400e-04
35	SET	8.005020e-01	5.301370e-04
35	SET	7.504800e-01	5.301360e-04
35	SET	7.004260e-01	5.301360e-04
35	SET	6.503960e-01	5.301390e-04
35	SET	6.003470e-01	5.301350e-04
35	SET	5.503450e-01	5.301370e-04
35	SET	5.002860e-01	5.301380e-04
35	SET	4.502600e-01	5.301390e-04
35	SET	4.001880e-01	5.301400e-04
35	SET	3.501710e-01	5.301380e-04
35	SET	3.001260e-01	5.301380e-04
35	SET	2.501090e-01	4.762790e-04
35	SET	2.001890e-01	3.732350e-04
35	SET	1.501580e-01	2.731220e-04
35	SET	1.001160e-01	1.814990e-04
35	SET	5.008270e-02	8.973480e-05
35	SET	3.786090e-05	2.359110e-07
35	RESET	4.065040e-05	2.620800e-07
35	RESET	-4.989910e-02	-5.772630e-05
35	RESET	-9.999460e-02	-1.159030e-04
35	RESET	-1.500360e-01	-1.727910e-04
35	RESET	-2.000690e-01	-2.283340e-04
35	RESET	-2.502020e-01	-2.791240e-04
35	RESET	-3.002570e-01	-3.156880e-04
35	RESET	-3.503120e-01	-2.506050e-04
35	RESET	-4.003460e-01	-2.333150e-04
35	RESET	-4.503610e-01	-2.270580e-04
35	RESET	-5.004080e-01	-2.401010e-04
35	RESET	-5.504610e-01	-2.578140e-04
35	RESET	-6.005120e-01	-3.909940e-04
35	RESET	-6.505090e-01	-4.342720e-04
35	RESET	-7.005800e-01	-4.717920e-04
35	RESET	-7.506130e-01	-4.839310e-04
35	RESET	-8.006750e-01	-4.904350e-04
35	RESET	-8.506740e-01	-4.609100e-04
35	RESET	-9.007270e-01	-4.105530e-04
35	RESET	-9.507960e-01	-3.709560e-04
35	RESET	-1.000810e+00	-3.847640e-04
35	RESET	-1.050830e+00	-3.105600e-04
35	RESET	-1.100910e+00	-2.043030e-04
35	RESET	-1.150960e+00	-1.098830e-04
35	RESET	-1.200950e+00	-1.177000e-04
35	RESET	-1.251020e+00	-1.296990e-04
35	RESET	-1.301030e+00	-1.299970e-04
35	RESET	-1.351100e+00	-1.399800e-04
35	RESET	-1.401100e+00	-1.463040e-04
35	RESET	-1.451160e+00	-1.511080e-04
35	RESET	-1.501200e+00	-1.524800e-04
35	RESET	-1.551240e+00	-1.599050e-04
35	RESET	-1.601250e+00	-1.640650e-04
35	RESET	-1.651280e+00	-2.038900e-04
35	RESET	-1.701310e+00	-1.877390e-04
35	RESET	-1.751380e+00	-2.029990e-04
35	RESET	-1.801390e+00	-2.041850e-04
35	RESET	-1.851410e+00	-2.126000e-04
35	RESET	-1.901450e+00	-2.194550e-04
35	RESET	-1.951490e+00	-2.397060e-04
35	RESET	-2.001520e+00	-2.726020e-04
35	RESET	-2.051800e+00	-2.965130e-04
35	RESET	-2.101770e+00	-3.345440e-04
35	RESET	-2.152080e+00	-3.921260e-04
35	RESET	-2.201930e+00	-4.804290e-04
35	RESET	-2.201790e+00	-4.859340e-04
35	RESET	-2.152020e+00	-3.949080e-04
35	RESET	-2.101730e+00	-3.449600e-04
35	RESET	-2.051740e+00	-3.127250e-04
35	RESET	-2.001540e+00	-2.722150e-04
35	RESET	-1.951500e+00	-2.485670e-04
35	RESET	-1.901460e+00	-2.241340e-04
35	RESET	-1.851430e+00	-2.020710e-04
35	RESET	-1.801380e+00	-1.843130e-04
35	RESET	-1.751370e+00	-1.664680e-04
35	RESET	-1.701310e+00	-1.527900e-04
35	RESET	-1.651310e+00	-1.385670e-04
35	RESET	-1.601240e+00	-1.269320e-04
35	RESET	-1.551250e+00	-1.147210e-04
35	RESET	-1.501190e+00	-1.030930e-04
35	RESET	-1.451160e+00	-9.264960e-05
35	RESET	-1.401110e+00	-8.356500e-05
35	RESET	-1.351090e+00	-7.550520e-05
35	RESET	-1.301040e+00	-6.688910e-05
35	RESET	-1.251000e+00	-5.955400e-05
35	RESET	-1.200970e+00	-5.244830e-05
35	RESET	-1.150960e+00	-4.691620e-05
35	RESET	-1.100890e+00	-4.170850e-05
35	RESET	-1.050830e+00	-3.621440e-05
35	RESET	-1.000810e+00	-3.098090e-05
35	RESET	-9.507850e-01	-2.694210e-05
35	RESET	-9.007500e-01	-2.295710e-05
35	RESET	-8.506890e-01	-1.991590e-05
35	RESET	-8.006850e-01	-1.708640e-05
35	RESET	-7.506230e-01	-1.400680e-05
35	RESET	-7.005770e-01	-1.122230e-05
35	RESET	-6.505320e-01	-9.313650e-06
35	RESET	-6.005060e-01	-7.411140e-06
35	RESET	-5.504470e-01	-6.058970e-06
35	RESET	-5.004000e-01	-4.743200e-06
35	RESET	-4.503400e-01	-3.684190e-06
35	RESET	-4.003690e-01	-2.831010e-06
35	RESET	-3.502770e-01	-2.032770e-06
35	RESET	-3.002740e-01	-1.408810e-06
35	RESET	-2.501950e-01	-9.924360e-07
35	RESET	-2.000680e-01	-6.450450e-07
35	RESET	-1.500300e-01	-3.786200e-07
35	RESET	-9.998910e-02	-2.132410e-07
35	RESET	-4.994190e-02	-9.051020e-08
35	RESET	1.211170e-05	-3.289980e-08
36	SET	4.010200e-05	2.164360e-10
36	SET	5.006500e-02	9.977690e-08
36	SET	1.001040e-01	2.295780e-07
36	SET	1.501530e-01	4.598700e-07
36	SET	2.001910e-01	5.681770e-07
36	SET	2.501250e-01	9.152390e-07
36	SET	3.001410e-01	1.398510e-06
36	SET	3.501710e-01	1.756680e-06
36	SET	4.002020e-01	2.273480e-06
36	SET	4.502700e-01	5.147080e-04
36	SET	5.002640e-01	5.301420e-04
36	SET	5.503290e-01	5.301370e-04
36	SET	6.003530e-01	5.301370e-04
36	SET	6.504320e-01	5.301370e-04
36	SET	7.004400e-01	5.301380e-04
36	SET	7.505320e-01	5.301360e-04
36	SET	8.005310e-01	5.301360e-04
36	SET	8.505940e-01	5.301330e-04
36	SET	9.006090e-01	5.301360e-04
36	SET	9.506340e-01	5.301320e-04
36	SET	1.000670e+00	5.301350e-04
36	SET	1.050730e+00	5.301320e-04
36	SET	1.100740e+00	5.301330e-04
36	SET	1.150810e+00	5.301340e-04
36	SET	1.200820e+00	5.301340e-04
36	SET	1.250890e+00	5.301330e-04
36	SET	1.300890e+00	5.301270e-04
36	SET	1.350950e+00	5.301360e-04
36	SET	1.400950e+00	5.301390e-04
36	SET	1.451010e+00	5.301290e-04
36	SET	1.501020e+00	5.301380e-04
36	SET	1.551090e+00	5.301310e-04
36	SET	1.601110e+00	5.301320e-04
36	SET	1.651130e+00	5.301320e-04
36	SET	1.701170e+00	5.301360e-04
36	SET	1.751220e+00	5.301290e-04
36	SET	1.801230e+00	5.301360e-04
36	SET	1.851280e+00	5.301350e-04
36	SET	1.901300e+00	5.301370e-04
36	SET	1.951350e+00	5.301360e-04
36	SET	2.001370e+00	5.301370e-04
36	SET	2.001360e+00	5.301340e-04
36	SET	1.951340e+00	5.301350e-04
36	SET	1.901290e+00	5.301320e-04
36	SET	1.851280e+00	5.301330e-04
36	SET	1.801230e+00	5.301300e-04
36	SET	1.751210e+00	5.301350e-04
36	SET	1.701180e+00	5.301320e-04
36	SET	1.651140e+00	5.301400e-04
36	SET	1.601120e+00	5.301340e-04
36	SET	1.551060e+00	5.301330e-04
36	SET	1.501020e+00	5.301350e-04
36	SET	1.451010e+00	5.301300e-04
36	SET	1.400980e+00	5.301380e-04
36	SET	1.350960e+00	5.301380e-04
36	SET	1.300910e+00	5.301270e-04
36	SET	1.250880e+00	5.301350e-04
36	SET	1.200810e+00	5.301330e-04
36	SET	1.150820e+00	5.301310e-04
36	SET	1.100740e+00	5.301360e-04
36	SET	1.050750e+00	5.301350e-04
36	SET	1.000670e+00	5.301300e-04
36	SET	9.506420e-01	5.301300e-04
36	SET	9.006140e-01	5.301330e-04
36	SET	8.505880e-01	5.301320e-04
36	SET	8.005240e-01	5.301350e-04
36	SET	7.504940e-01	5.301350e-04
36	SET	7.004240e-01	5.301390e-04
36	SET	6.504250e-01	5.301390e-04
36	SET	6.003470e-01	5.301380e-04
36	SET	5.503260e-01	5.301420e-04
36	SET	5.002830e-01	5.301410e-04
36	SET	4.502650e-01	5.301420e-04
36	SET	4.002130e-01	5.116280e-04
36	SET	3.501850e-01	4.487400e-04
36	SET	3.001170e-01	3.909490e-04
36	SET	2.501230e-01	3.293830e-04
36	SET	2.001910e-01	2.663130e-04
36	SET	1.501610e-01	2.009730e-04
36	SET	1.001210e-01	1.350850e-04
36	SET	5.008180e-02	6.765990e-05
36	SET	4.866120e-05	1.887910e-07
36	RESET	3.452300e-05	2.106460e-07
36	RESET	-4.990200e-02	-6.502600e-05
36	RESET	-9.999190e-02	-1.287940e-04
36	RESET	-1.500370e-01	-1.915870e-04
36	RESET	-2.000700e-01	-2.517550e-04
36	RESET	-2.502190e-01	-3.108760e-04
36	RESET	-3.002620e-01	-3.520110e-04
36	RESET	-3.502750e-01	-2.607370e-04
36	RESET	-4.003610e-01	-2.831230e-04
36	RESET	-4.503590e-01	-3.083910e-04
36	RESET	-5.004140e-01	-3.181550e-04
36	RESET	-5.504570e-01	-3.617000e-04
36	RESET	-6.005180e-01	-4.049060e-04
36	RESET	-6.504990e-01	-4.946650e-04
36	RESET	-7.005890e-01	-5.662770e-04
36	RESET	-7.506100e-01	-5.783570e-04
36	RESET	-8.006810e-01	-5.261120e-04
36	RESET	-8.506680e-01	-5.158320e-04
36	RESET	-9.007340e-01	-5.285390e-04
36	RESET	-9.507700e-01	-2.895460e-05
36	RESET	-1.000810e+00	-3.286160e-05
36	RESET	-1.050830e+00	-3.755430e-05
36	RESET	-1.100890e+00	-4.116370e-05
36	RESET	-1.150980e+00	-4.692410e-05
36	RESET	-1.200970e+00	-5.131060e-05
36	RESET	-1.251020e+00	-5.814370e-05
36	RESET	-1.301030e+00	-6.534730e-05
36	RESET	-1.351120e+00	-7.154010e-05
36	RESET	-1.401100e+00	-7.816200e-05
36	RESET	-1.451160e+00	-8.628800e-05
36	RESET	-1.501190e+00	-9.453730e-05
36	RESET	-1.551250e+00	-1.024710e-04
36	RESET	-1.601240e+00	-1.139890e-04
36	RESET	-1.651300e+00	-1.223720e-04
36	RESET	-1.701330e+00	-1.327030e-04
36	RESET	-1.751360e+00	-1.384520e-04
36	RESET	-1.801380e+00	-1.512130e-04
36	RESET	-1.851430e+00	-1.698710e-04
36	RESET	-1.901460e+00	-1.831000e-04
36	RESET	-1.951490e+00	-2.054600e-04
36	RESET	-2.001520e+00	-2.310660e-04
36	RESET	-2.051740e+00	-2.687760e-04
36	RESET	-2.101650e+00	-3.006730e-04
36	RESET	-2.151870e+00	-3.705540e-04
36	RESET	-2.201880e+00	-4.198070e-04
36	RESET	-2.201800e+00	-4.462070e-04
36	RESET	-2.152100e+00	-3.859380e-04
36	RESET	-2.101690e+00	-3.373270e-04
36	RESET	-2.051640e+00	-2.885030e-04
36	RESET	-2.001510e+00	-2.614960e-04
36	RESET	-1.951490e+00	-2.361920e-04
36	RESET	-1.901460e+00	-2.089310e-04
36	RESET	-1.851430e+00	-1.883700e-04
36	RESET	-1.801390e+00	-1.713770e-04
36	RESET	-1.751360e+00	-1.562920e-04
36	RESET	-1.701340e+00	-1.428290e-04
36	RESET	-1.651290e+00	-1.307050e-04
36	RESET	-1.601250e+00	-1.179720e-04
36	RESET	-1.551240e+00	-1.066930e-04
36	RESET	-1.501180e+00	-9.768560e-05
36	RESET	-1.451160e+00	-8.846240e-05
36	RESET	-1.401110e+00	-7.988370e-05
36	RESET	-1.351090e+00	-7.185500e-05
36	RESET	-1.301020e+00	-6.444870e-05
36	RESET	-1.251020e+00	-5.752210e-05
36	RESET	-1.200960e+00	-5.127760e-05
36	RESET	-1.150950e+00	-4.545780e-05
36	RESET	-1.100900e+00	-4.027310e-05
36	RESET	-1.050830e+00	-3.564740e-05
36	RESET	-1.000820e+00	-3.089010e-05
36	RESET	-9.507630e-01	-2.673480e-05
36	RESET	-9.007570e-01	-2.326450e-05
36	RESET	-8.506720e-01	-2.005110e-05
36	RESET	-8.006640e-01	-1.701600e-05
36	RESET	-7.506050e-01	-1.426150e-05
36	RESET	-7.005760e-01	-1.196220e-05
36	RESET	-6.505370e-01	-9.912610e-06
36	RESET	-6.005100e-01	-7.894310e-06
36	RESET	-5.504760e-01	-6.351770e-06
36	RESET	-5.004360e-01	-5.007990e-06
36	RESET	-4.503450e-01	-3.779490e-06
36	RESET	-4.003690e-01	-3.000910e-06
36	RESET	-3.503060e-01	-2.185170e-06
36	RESET	-3.002730e-01	-1.617190e-06
36	RESET	-2.502010e-01	-1.136590e-06
36	RESET	-2.000770e-01	-7.480140e-07
36	RESET	-1.500430e-01	-4.574380e-07
36	RESET	-9.999540e-02	-2.678290e-07
36	RESET	-4.996160e-02	-1.111810e-07
36	RESET	3.371240e-05	-1.931190e-12
37	SET	4.055500e-05	2.476450e-10
37	SET	5.007340e-02	9.232330e-08
37	SET	1.001060e-01	2.608480e-07
37	SET	1.501520e-01	3.935640e-07
37	SET	2.001950e-01	6.235280e-07
37	SET	2.501250e-01	9.371850e-07
37	SET	3.001240e-01	1.358290e-06
37	SET	3.501520e-01	2.154760e-06
37	SET	4.001940e-01	2.707830e-06
37	SET	4.502520e-01	3.437660e-06
37	SET	5.002850e-01	4.033030e-06
37	SET	5.503310e-01	4.687140e-06
37	SET	6.003840e-01	6.009790e-06
37	SET	6.504340e-01	6.908890e-06
37	SET	7.004470e-01	7.781800e-06
37	SET	7.504850e-01	8.482850e-06
37	SET	8.005080e-01	9.394670e-06
37	SET	8.505230e-01	1.205180e-05
37	SET	9.005980e-01	1.423960e-05
37	SET	9.506570e-01	1.635040e-05
37	SET	1.000700e+00	5.301360e-04
37	SET	1.050750e+00	5.301400e-04
37	SET	1.100750e+00	5.301400e-04
37	SET	1.150790e+00	5.301410e-04
37	SET	1.200820e+00	5.301400e-04
37	SET	1.250900e+00	5.301320e-04
37	SET	1.300900e+00	5.301290e-04
37	SET	1.350940e+00	5.301390e-04
37	SET	1.400990e+00	5.301360e-04
37	SET	1.451020e+00	5.301380e-04
37	SET	1.501020e+00	5.301360e-04
37	SET	1.551060e+00	5.301410e-04
37	SET	1.601090e+00	5.301450e-04
37	SET	1.651150e+00	5.301330e-04
37	SET	1.701140e+00	5.301370e-04
37	SET	1.751210e+00	5.301390e-04
37	SET	1.801230e+00	5.301350e-04
37	SET	1.851290e+00	5.301350e-04
37	SET	1.901290e+00	5.301370e-04
37	SET	1.951320e+00	5.301400e-04
37	SET	2.001380e+00	5.301380e-04
37	SET	2.001360e+00	5.301370e-04
37	SET	1.951340e+00	5.301400e-04
37	SET	1.901280e+00	5.301360e-04
37	SET	1.851290e+00	5.301370e-04
37	SET	1.801210e+00	5.301370e-04
37	SET	1.751230e+00	5.301380e-04
37	SET	1.701140e+00	5.301310e-04
37	SET	1.651140e+00	5.301340e-04
37	SET	1.601110e+00	5.301380e-04
37	SET	1.551080e+00	5.301320e-04
37	SET	1.501010e+00	5.301410e-04
37	SET	1.451000e+00	5.301330e-04
37	SET	1.400950e+00	5.301360e-04
37	SET	1.350950e+00	5.301350e-04
37	SET	1.300900e+00	5.301330e-04
37	SET	1.250870e+00	5.301360e-04
37	SET	1.200830e+00	5.301330e-04
37	SET	1.150810e+00	5.301300e-04
37	SET	1.100740e+00	5.301300e-04
37	SET	1.050740e+00	5.301410e-04
37	SET	1.000680e+00	5.301360e-04
37	SET	9.506380e-01	5.301340e-04
37	SET	9.005810e-01	5.301400e-04
37	SET	8.505880e-01	5.301330e-04
37	SET	8.005060e-01	5.301430e-04
37	SET	7.505170e-01	5.301400e-04
37	SET	7.004510e-01	5.301350e-04
37	SET	6.504080e-01	5.301400e-04
37	SET	6.003400e-01	5.301400e-04
37	SET	5.503050e-01	5.301440e-04
37	SET	5.002870e-01	5.301380e-04
37	SET	4.502370e-01	5.301410e-04
37	SET	4.001830e-01	5.268140e-04
37	SET	3.501760e-01	4.624080e-04
37	SET	3.001070e-01	4.043880e-04
37	SET	2.501080e-01	3.404590e-04
37	SET	2.001950e-01	2.764900e-04
37	SET	1.501540e-01	2.086960e-04
37	SET	1.001190e-01	1.405580e-04
37	SET	5.008160e-02	7.077380e-05
37	SET	4.363060e-05	1.925020e-07
37	RESET	3.948210e-05	2.485100e-07
37	RESET	-4.990850e-02	-6.873430e-05
37	RESET	-1.000030e-01	-1.365480e-04
37	RESET	-1.500410e-01	-2.017990e-04
37	RESET	-2.000770e-01	-2.638690e-04
37	RESET	-2.502140e-01	-3.256650e-04
37	RESET	-3.002710e-01	-3.715970e-04
37	RESET	-3.502970e-01	-2.668550e-04
37	RESET	-4.003430e-01	-2.950850e-04
37	RESET	-4.503500e-01	-2.953240e-04
37	RESET	-5.004220e-01	-3.227870e-04
37	RESET	-5.504660e-01	-4.470120e-04
37	RESET	-6.005280e-01	-5.500970e-04
37	RESET	-6.505110e-01	-6.259980e-04
37	RESET	-7.005770e-01	-4.615760e-05
37	RESET	-7.506180e-01	-3.974570e-05
37	RESET	-8.006780e-01	-3.865620e-05
37	RESET	-8.506780e-01	-1.750370e-05
37	RESET	-9.007330e-01	-2.058610e-05
37	RESET	-9.507720e-01	-2.353070e-05
37	RESET	-1.000810e+00	-2.722750e-05
37	RESET	-1.050850e+00	-3.206870e-05
37	RESET	-1.100900e+00	-3.442020e-05
37	RESET	-1.150960e+00	-3.915220e-05
37	RESET	-1.200980e+00	-4.384000e-05
37	RESET	-1.251030e+00	-5.002200e-05
37	RESET	-1.301040e+00	-5.797390e-05
37	RESET	-1.351090e+00	-6.304310e-05
37	RESET	-1.401100e+00	-6.961170e-05
37	RESET	-1.451180e+00	-7.637410e-05
37	RESET	-1.501190e+00	-8.468730e-05
37	RESET	-1.551240e+00	-9.554120e-05
37	RESET	-1.601220e+00	-1.063690e-04
37	RESET	-1.651300e+00	-1.161210e-04
37	RESET	-1.701330e+00	-1.276570e-04
37	RESET	-1.751370e+00	-1.390440e-04
37	RESET	-1.801370e+00	-1.524620e-04
37	RESET	-1.851420e+00	-1.654570e-04
37	RESET	-1.901460e+00	-1.831560e-04
37	RESET	-1.951490e+00	-2.116620e-04
37	RESET	-2.001500e+00	-2.341610e-04
37	RESET	-2.051710e+00	-2.721210e-04
37	RESET	-2.101550e+00	-3.069740e-04
37	RESET	-2.151910e+00	-3.693940e-04
37	RESET	-2.201820e+00	-4.343220e-04
37	RESET	-2.201970e+00	-4.283720e-04
37	RESET	-2.151940e+00	-3.615280e-04
37	RESET	-2.101630e+00	-3.179950e-04
37	RESET	-2.051610e+00	-2.794330e-04
37	RESET	-2.001500e+00	-2.508480e-04
37	RESET	-1.951510e+00	-2.278190e-04
37	RESET	-1.901450e+00	-2.040690e-04
37	RESET	-1.851430e+00	-1.835770e-04
37	RESET	-1.801380e+00	-1.655680e-04
37	RESET	-1.751350e+00	-1.495800e-04
37	RESET	-1.701330e+00	-1.359640e-04
37	RESET	-1.651290e+00	-1.247450e-04
37	RESET	-1.601230e+00	-1.142240e-04
37	RESET	-1.551230e+00	-1.030580e-04
37	RESET	-1.501160e+00	-9.407740e-05
37	RESET	-1.451120e+00	-8.487800e-05
37	RESET	-1.401120e+00	-7.677920e-05
37	RESET	-1.351090e+00	-6.817290e-05
37	RESET	-1.301020e+00	-6.135460e-05
37	RESET	-1.251010e+00	-5.494400e-05
37	RESET	-1.200970e+00	-4.876930e-05
37	RESET	-1.150950e+00	-4.377070e-05
37	RESET	-1.100900e+00	-3.851460e-05
37	RESET	-1.050820e+00	-3.404640e-05
37	RESET	-1.000830e+00	-2.914590e-05
37	RESET	-9.507750e-01	-2.509350e-05
37	RESET	-9.007310e-01	-2.200700e-05
37	RESET	-8.506820e-01	-1.865180e-05
37	RESET	-8.006790e-01	-1.587950e-05
37	RESET	-7.506220e-01	-1.321250e-05
37	RESET	-7.005780e-01	-1.110740e-05
37	RESET	-6.505230e-01	-9.363480e-06
37	RESET	-6.005170e-01	-7.677930e-06
37	RESET	-5.504570e-01	-6.186920e-06
37	RESET	-5.004060e-01	-4.964260e-06
37	RESET	-4.503530e-01	-3.756850e-06
37	RESET	-4.003460e-01	-2.781240e-06
37	RESET	-3.503020e-01	-2.108750e-06
37	RESET	-3.002780e-01	-1.554720e-06
37	RESET	-2.502170e-01	-1.130310e-06
37	RESET	-2.000690e-01	-7.653420e-07
37	RESET	-1.500350e-01	-5.301710e-07
37	RESET	-9.998920e-02	-2.925430e-07
37	RESET	-4.995240e-02	-1.326820e-07
37	RESET	4.262920e-05	2.375600e-10
38	SET	4.577640e-05	2.610560e-10
38	SET	5.004040e-02	6.071920e-08
38	SET	1.001030e-01	2.697840e-07
38	SET	1.501580e-01	3.816720e-07
38	SET	2.001920e-01	5.810450e-07
38	SET	2.501110e-01	7.814860e-07
38	SET	3.001120e-01	1.082020e-06
38	SET	3.501490e-01	1.413910e-06
38	SET	4.002020e-01	1.786720e-06
38	SET	4.502660e-01	2.289620e-06
38	SET	5.002600e-01	2.911540e-06
38	SET	5.503290e-01	3.693870e-06
38	SET	6.003530e-01	3.967430e-06
38	SET	6.504250e-01	4.636660e-06
38	SET	7.004330e-01	5.430230e-06
38	SET	7.505060e-01	6.208470e-06
38	SET	8.005320e-01	8.278830e-06
38	SET	8.505530e-01	9.706990e-06
38	SET	9.005910e-01	5.301360e-04
38	SET	9.506470e-01	5.301350e-04
38	SET	1.000700e+00	5.301380e-04
38	SET	1.050730e+00	5.301350e-04
38	SET	1.100740e+00	5.301350e-04
38	SET	1.150780e+00	5.301340e-04
38	SET	1.200830e+00	5.301370e-04
38	SET	1.250870e+00	5.301330e-04
38	SET	1.300900e+00	5.301310e-04
38	SET	1.350950e+00	5.301280e-04
38	SET	1.400970e+00	5.301380e-04
38	SET	1.451010e+00	5.301280e-04
38	SET	1.501010e+00	5.301370e-04
38	SET	1.551060e+00	5.301350e-04
38	SET	1.601110e+00	5.301350e-04
38	SET	1.651130e+00	5.301400e-04
38	SET	1.701160e+00	5.301370e-04
38	SET	1.751190e+00	5.301310e-04
38	SET	1.801220e+00	5.301380e-04
38	SET	1.851280e+00	5.301430e-04
38	SET	1.901280e+00	5.301410e-04
38	SET	1.951330e+00	5.301410e-04
38	SET	2.001370e+00	5.301380e-04
38	SET	2.001370e+00	5.301420e-04
38	SET	1.951330e+00	5.301400e-04
38	SET	1.901290e+00	5.301360e-04
38	SET	1.851270e+00	5.301360e-04
38	SET	1.801230e+00	5.301350e-04
38	SET	1.751240e+00	5.301410e-04
38	SET	1.701160e+00	5.301330e-04
38	SET	1.651160e+00	5.301400e-04
38	SET	1.601100e+00	5.301380e-04
38	SET	1.551090e+00	5.301350e-04
38	SET	1.501010e+00	5.301390e-04
38	SET	1.451020e+00	5.301390e-04
38	SET	1.400980e+00	5.301330e-04
38	SET	1.350950e+00	5.301360e-04
38	SET	1.300880e+00	5.301300e-04
38	SET	1.250880e+00	5.301360e-04
38	SET	1.200830e+00	5.301380e-04
38	SET	1.150810e+00	5.301360e-04
38	SET	1.100730e+00	5.301340e-04
38	SET	1.050730e+00	5.301380e-04
38	SET	1.000700e+00	5.301400e-04
38	SET	9.506600e-01	5.301360e-04
38	SET	9.005980e-01	5.301380e-04
38	SET	8.505870e-01	5.301380e-04
38	SET	8.005340e-01	5.301360e-04
38	SET	7.504720e-01	5.301330e-04
38	SET	7.004440e-01	5.301460e-04
38	SET	6.504360e-01	5.301370e-04
38	SET	6.003740e-01	5.301450e-04
38	SET	5.503200e-01	5.301430e-04
38	SET	5.002770e-01	5.301440e-04
38	SET	4.502640e-01	5.301460e-04
38	SET	4.001960e-01	5.301420e-04
38	SET	3.501710e-01	4.878390e-04
38	SET	3.001320e-01	4.201060e-04
38	SET	2.501080e-01	3.619660e-04
38	SET	2.001970e-01	2.932440e-04
38	SET	1.501650e-01	2.225100e-04
38	SET	1.001250e-01	1.501960e-04
38	SET	5.008820e-02	7.545040e-05
38	SET	4.532340e-05	2.032750e-07
38	RESET	4.444120e-05	2.470060e-07
38	RESET	-4.989970e-02	-7.380980e-05
38	RESET	-9.998810e-02	-1.461370e-04
38	RESET	-1.500330e-01	-2.184090e-04
38	RESET	-2.000700e-01	-2.870510e-04
38	RESET	-2.502080e-01	-3.487240e-04
38	RESET	-3.002550e-01	-2.926840e-04
38	RESET	-3.503030e-01	-3.139460e-04
38	RESET	-4.003680e-01	-3.434270e-04
38	RESET	-4.503480e-01	-3.478490e-04
38	RESET	-5.004140e-01	-4.918620e-04
38	RESET	-5.504240e-01	-5.334440e-04
38	RESET	-6.005100e-01	-5.702190e-05
38	RESET	-6.505170e-01	-5.868550e-05
38	RESET	-7.005740e-01	-4.317280e-05
38	RESET	-7.505920e-01	-4.883060e-05
38	RESET	-8.006600e-01	-3.426480e-05
38	RESET	-8.506740e-01	-2.064010e-05
38	RESET	-9.007230e-01	-2.522900e-05
38	RESET	-9.507650e-01	-2.843930e-05
38	RESET	-1.000820e+00	-3.198240e-05
38	RESET	-1.050820e+00	-3.448600e-05
38	RESET	-1.100890e+00	-3.990100e-05
38	RESET	-1.150970e+00	-4.434550e-05
38	RESET	-1.200980e+00	-4.944740e-05
38	RESET	-1.251000e+00	-5.301250e-05
38	RESET	-1.301020e+00	-6.232120e-05
38	RESET	-1.351090e+00	-6.576190e-05
38	RESET	-1.401090e+00	-7.039990e-05
38	RESET	-1.451150e+00	-7.756880e-05
38	RESET	-1.501180e+00	-8.662100e-05
38	RESET	-1.551220e+00	-9.431720e-05
38	RESET	-1.601260e+00	-1.065240e-04
38	RESET	-1.651320e+00	-1.132510e-04
38	RESET	-1.701310e+00	-1.247280e-04
38	RESET	-1.751370e+00	-1.360640e-04
38	RESET	-1.801390e+00	-1.489300e-04
38	RESET	-1.851450e+00	-1.684810e-04
38	RESET	-1.901460e+00	-1.812260e-04
38	RESET	-1.951490e+00	-2.037550e-04
38	RESET	-2.001500e+00	-2.346200e-04
38	RESET	-2.051790e+00	-2.622290e-04
38	RESET	-2.101720e+00	-2.920510e-04
38	RESET	-2.151710e+00	-3.451830e-04
38	RESET	-2.201840e+00	-4.232580e-04
38	RESET	-2.201850e+00	-4.098290e-04
38	RESET	-2.151740e+00	-3.565690e-04
38	RESET	-2.101600e+00	-3.111030e-04
38	RESET	-2.051760e+00	-2.752080e-04
38	RESET	-2.001510e+00	-2.477010e-04
38	RESET	-1.951470e+00	-2.247760e-04
38	RESET	-1.901450e+00	-2.017880e-04
38	RESET	-1.851400e+00	-1.847700e-04
38	RESET	-1.801370e+00	-1.682740e-04
38	RESET	-1.751370e+00	-1.552090e-04
38	RESET	-1.701330e+00	-1.408220e-04
38	RESET	-1.651280e+00	-1.268920e-04
38	RESET	-1.601240e+00	-1.154340e-04
38	RESET	-1.551220e+00	-1.049760e-04
38	RESET	-1.501180e+00	-9.564080e-05
38	RESET	-1.451160e+00	-8.722860e-05
38	RESET	-1.401090e+00	-7.875430e-05
38	RESET	-1.351090e+00	-7.138780e-05
38	RESET	-1.301040e+00	-6.425840e-05
38	RESET	-1.251000e+00	-5.699290e-05
38	RESET	-1.200970e+00	-5.125630e-05
38	RESET	-1.150950e+00	-4.524400e-05
38	RESET	-1.100890e+00	-4.020590e-05
38	RESET	-1.050820e+00	-3.536700e-05
38	RESET	-1.000810e+00	-3.075130e-05
38	RESET	-9.507720e-01	-2.656070e-05
38	RESET	-9.007150e-01	-2.292970e-05
38	RESET	-8.506600e-01	-1.959740e-05
38	RESET	-8.006670e-01	-1.635480e-05
38	RESET	-7.505790e-01	-1.357070e-05
38	RESET	-7.005750e-01	-1.124610e-05
38	RESET	-6.505310e-01	-9.304110e-06
38	RESET	-6.004890e-01	-7.419650e-06
38	RESET	-5.504590e-01	-5.927730e-06
38	RESET	-5.004060e-01	-4.784680e-06
38	RESET	-4.503580e-01	-3.739680e-06
38	RESET	-4.003580e-01	-2.969090e-06
38	RESET	-3.502820e-01	-2.334980e-06
38	RESET	-3.002640e-01	-1.617920e-06
38	RESET	-2.501890e-01	-1.154500e-06
38	RESET	-2.000620e-01	-8.079840e-07
38	RESET	-1.500280e-01	-5.407140e-07
38	RESET	-9.998860e-02	-3.176340e-07
38	RESET	-4.994490e-02	-1.294220e-07
38	RESET	4.379750e-05	7.083420e-11
39	SET	4.470350e-05	3.263240e-10
39	SET	5.005190e-02	5.013230e-08
39	SET	1.001070e-01	2.734930e-07
39	SET	1.501600e-01	3.572070e-07
39	SET	2.002040e-01	6.007010e-07
39	SET	2.501010e-01	6.978150e-07
39	SET	3.001250e-01	9.263010e-07
39	SET	3.501780e-01	1.193510e-06
39	SET	4.001970e-01	1.551690e-06
39	SET	4.502730e-01	2.022620e-06
39	SET	5.002800e-01	2.397260e-06
39	SET	5.503280e-01	3.119690e-06
39	SET	6.003580e-01	3.486560e-06
39	SET	6.504410e-01	4.210640e-06
39	SET	7.004510e-01	4.937500e-06
39	SET	7.504940e-01	6.107370e-06
39	SET	8.005190e-01	6.762280e-06
39	SET	8.505780e-01	7.757780e-06
39	SET	9.005860e-01	9.129090e-06
39	SET	9.506080e-01	1.084380e-05
39	SET	1.000690e+00	1.013150e-05
39	SET	1.050740e+00	1.338520e-05
39	SET	1.100750e+00	1.315550e-05
39	SET	1.150800e+00	5.301460e-04
39	SET	1.200810e+00	5.301330e-04
39	SET	1.250880e+00	5.301340e-04
39	SET	1.300930e+00	5.301320e-04
39	SET	1.350950e+00	5.301370e-04
39	SET	1.400960e+00	5.301320e-04
39	SET	1.451010e+00	5.301330e-04
39	SET	1.501030e+00	5.301350e-04
39	SET	1.551090e+00	5.301390e-04
39	SET	1.601110e+00	5.301350e-04
39	SET	1.651130e+00	5.301390e-04
39	SET	1.701170e+00	5.301410e-04
39	SET	1.751220e+00	5.301350e-04
39	SET	1.801200e+00	5.301380e-04
39	SET	1.851270e+00	5.301400e-04
39	SET	1.901310e+00	5.301420e-04
39	SET	1.951340e+00	5.301410e-04
39	SET	2.001350e+00	5.301440e-04
39	SET	2.001360e+00	5.301410e-04
39	SET	1.951360e+00	5.301380e-04
39	SET	1.901300e+00	5.301320e-04
39	SET	1.851300e+00	5.301330e-04
39	SET	1.801210e+00	5.301320e-04
39	SET	1.751210e+00	5.301340e-04
39	SET	1.701170e+00	5.301320e-04
39	SET	1.651130e+00	5.301370e-04
39	SET	1.601110e+00	5.301350e-04
39	SET	1.551070e+00	5.301370e-04
39	SET	1.501020e+00	5.301380e-04
39	SET	1.451000e+00	5.301320e-04
39	SET	1.400960e+00	5.301330e-04
39	SET	1.350950e+00	5.301350e-04
39	SET	1.300880e+00	5.301310e-04
39	SET	1.250870e+00	5.301370e-04
39	SET	1.200820e+00	5.301380e-04
39	SET	1.150810e+00	5.301310e-04
39	SET	1.100740e+00	5.301340e-04
39	SET	1.050720e+00	5.301360e-04
39	SET	1.000680e+00	5.301300e-04
39	SET	9.506560e-01	5.301330e-04
39	SET	9.006040e-01	5.301290e-04
39	SET	8.505810e-01	5.301350e-04
39	SET	8.004990e-01	5.301320e-04
39	SET	7.504650e-01	5.301440e-04
39	SET	7.004100e-01	5.301390e-04
39	SET	6.504290e-01	5.301380e-04
39	SET	6.003540e-01	5.301400e-04
39	SET	5.503230e-01	5.301410e-04
39	SET	5.002660e-01	5.301420e-04
39	SET	4.502620e-01	5.301410e-04
39	SET	4.001910e-01	5.301420e-04
39	SET	3.501480e-01	5.301390e-04
39	SET	3.001350e-01	5.301380e-04
39	SET	2.501200e-01	4.767430e-04
39	SET	2.001840e-01	3.844130e-04
39	SET	1.501550e-01	2.928760e-04
39	SET	1.001130e-01	1.961140e-04
39	SET	5.007380e-02	9.789730e-05
39	SET	3.705020e-05	2.932060e-07
39	RESET	4.029270e-05	3.313280e-07
39	RESET	-4.988980e-02	-9.673140e-05
39	RESET	-9.998440e-02	-1.946650e-04
39	RESET	-1.500250e-01	-2.878940e-04
39	RESET	-2.000590e-01	-3.793490e-04
39	RESET	-2.501940e-01	-4.768440e-04
39	RESET	-3.002350e-01	-5.645160e-04
39	RESET	-3.502870e-01	-4.782100e-04
39	RESET	-4.003210e-01	-5.376770e-04
39	RESET	-4.503510e-01	-5.947390e-04
39	RESET	-5.004110e-01	-6.698150e-04
39	RESET	-5.504300e-01	-8.300740e-04
39	RESET	-6.004770e-01	-9.325270e-04
39	RESET	-6.505070e-01	-9.284710e-05
39	RESET	-7.005710e-01	-8.067200e-05
39	RESET	-7.505900e-01	-7.332610e-05
39	RESET	-8.006780e-01	-8.844150e-05
39	RESET	-8.506780e-01	-8.121670e-05
39	RESET	-9.007420e-01	-7.963690e-05
39	RESET	-9.507720e-01	-6.766870e-05
39	RESET	-1.000810e+00	-6.792770e-05
39	RESET	-1.050810e+00	-7.690220e-05
39	RESET	-1.100880e+00	-7.828390e-05
39	RESET	-1.150950e+00	-8.025310e-05
39	RESET	-1.200950e+00	-8.639340e-05
39	RESET	-1.251000e+00	-9.664050e-05
39	RESET	-1.301050e+00	-9.110060e-05
39	RESET	-1.351090e+00	-9.564990e-05
39	RESET	-1.401100e+00	-1.008320e-04
39	RESET	-1.451140e+00	-1.095920e-04
39	RESET	-1.501180e+00	-1.144880e-04
39	RESET	-1.551230e+00	-1.161370e-04
39	RESET	-1.601240e+00	-1.242230e-04
39	RESET	-1.651300e+00	-1.390260e-04
39	RESET	-1.701310e+00	-1.589440e-04
39	RESET	-1.751360e+00	-1.297610e-04
39	RESET	-1.801370e+00	-1.494510e-04
39	RESET	-1.851430e+00	-1.649950e-04
39	RESET	-1.901440e+00	-1.822610e-04
39	RESET	-1.951490e+00	-1.991350e-04
39	RESET	-2.001490e+00	-2.336270e-04
39	RESET	-2.051530e+00	-2.550450e-04
39	RESET	-2.101550e+00	-2.893910e-04
39	RESET	-2.151680e+00	-3.590980e-04
39	RESET	-2.201810e+00	-4.489730e-04
39	RESET	-2.201900e+00	-4.344590e-04
39	RESET	-2.151870e+00	-3.711650e-04
39	RESET	-2.101650e+00	-3.214440e-04
39	RESET	-2.051510e+00	-2.873690e-04
39	RESET	-2.001490e+00	-2.540470e-04
39	RESET	-1.951470e+00	-2.293880e-04
39	RESET	-1.901450e+00	-2.068930e-04
39	RESET	-1.851410e+00	-1.870080e-04
39	RESET	-1.801370e+00	-1.693380e-04
39	RESET	-1.751360e+00	-1.533480e-04
39	RESET	-1.701310e+00	-1.409420e-04
39	RESET	-1.651300e+00	-1.280680e-04
39	RESET	-1.601260e+00	-1.154730e-04
39	RESET	-1.551240e+00	-1.053740e-04
39	RESET	-1.501190e+00	-9.554530e-05
39	RESET	-1.451160e+00	-8.627500e-05
39	RESET	-1.401100e+00	-7.806350e-05
39	RESET	-1.351100e+00	-7.052770e-05
39	RESET	-1.301050e+00	-6.279290e-05
39	RESET	-1.251000e+00	-5.668790e-05
39	RESET	-1.200960e+00	-4.998680e-05
39	RESET	-1.150970e+00	-4.506540e-05
39	RESET	-1.100890e+00	-3.959510e-05
39	RESET	-1.050820e+00	-3.473520e-05
39	RESET	-1.000820e+00	-2.987120e-05
39	RESET	-9.507590e-01	-2.619980e-05
39	RESET	-9.007250e-01	-2.218990e-05
39	RESET	-8.506580e-01	-1.876640e-05
39	RESET	-8.006770e-01	-1.556480e-05
39	RESET	-7.506170e-01	-1.294320e-05
39	RESET	-7.005600e-01	-1.061080e-05
39	RESET	-6.505020e-01	-8.488130e-06
39	RESET	-6.005140e-01	-6.671570e-06
39	RESET	-5.504580e-01	-5.036980e-06
39	RESET	-5.004120e-01	-3.890180e-06
39	RESET	-4.503550e-01	-2.955400e-06
39	RESET	-4.003440e-01	-2.130760e-06
39	RESET	-3.502820e-01	-1.543750e-06
39	RESET	-3.002570e-01	-1.065330e-06
39	RESET	-2.501880e-01	-7.598570e-07
39	RESET	-2.000610e-01	-4.683010e-07
39	RESET	-1.500260e-01	-2.637780e-07
39	RESET	-9.998190e-02	-1.439830e-07
39	RESET	-4.994080e-02	-6.724240e-08
39	RESET	1.130100e-05	-2.735690e-08
40	SET	3.318790e-05	3.257750e-10
40	SET	5.006090e-02	4.726670e-08
40	SET	1.000930e-01	9.788990e-08
40	SET	1.501320e-01	2.612720e-07
40	SET	2.001870e-01	3.407870e-07
40	SET	2.501030e-01	4.933210e-07
40	SET	3.001170e-01	6.369340e-07
40	SET	3.501760e-01	8.413390e-07
40	SET	4.001870e-01	1.070610e-06
40	SET	4.502520e-01	1.247060e-06
40	SET	5.002870e-01	1.658300e-06
40	SET	5.503370e-01	2.008340e-06
40	SET	6.003730e-01	2.942080e-06
40	SET	6.504140e-01	3.444950e-06
40	SET	7.004620e-01	4.413490e-06
40	SET	7.505010e-01	5.789540e-06
40	SET	8.005280e-01	5.301390e-04
40	SET	8.505730e-01	5.301370e-04
40	SET	9.006040e-01	5.301290e-04
40	SET	9.506420e-01	5.301380e-04
40	SET	1.000690e+00	5.301300e-04
40	SET	1.050750e+00	5.301250e-04
40	SET	1.100720e+00	5.301330e-04
40	SET	1.150800e+00	5.301290e-04
40	SET	1.200840e+00	5.301290e-04
40	SET	1.250880e+00	5.301290e-04
40	SET	1.300890e+00	5.301280e-04
40	SET	1.350950e+00	5.301290e-04
40	SET	1.400970e+00	5.301330e-04
40	SET	1.451030e+00	5.301350e-04
40	SET	1.501030e+00	5.301320e-04
40	SET	1.551090e+00	5.301290e-04
40	SET	1.601110e+00	5.301350e-04
40	SET	1.651140e+00	5.301330e-04
40	SET	1.701160e+00	5.301370e-04
40	SET	1.751200e+00	5.301310e-04
40	SET	1.801230e+00	5.301310e-04
40	SET	1.851260e+00	5.301320e-04
40	SET	1.901300e+00	5.301350e-04
40	SET	1.951320e+00	5.301360e-04
40	SET	2.001370e+00	5.301350e-04
40	SET	2.001360e+00	5.301330e-04
40	SET	1.951330e+00	5.301320e-04
40	SET	1.901300e+00	5.301350e-04
40	SET	1.851280e+00	5.301330e-04
40	SET	1.801230e+00	5.301330e-04
40	SET	1.751220e+00	5.301330e-04
40	SET	1.701150e+00	5.301330e-04
40	SET	1.651130e+00	5.301320e-04
40	SET	1.601100e+00	5.301250e-04
40	SET	1.551080e+00	5.301260e-04
40	SET	1.501020e+00	5.301320e-04
40	SET	1.451020e+00	5.301350e-04
40	SET	1.400960e+00	5.301300e-04
40	SET	1.350940e+00	5.301270e-04
40	SET	1.300900e+00	5.301240e-04
40	SET	1.250870e+00	5.301270e-04
40	SET	1.200830e+00	5.301330e-04
40	SET	1.150820e+00	5.301280e-04
40	SET	1.100750e+00	5.301320e-04
40	SET	1.050730e+00	5.301290e-04
40	SET	1.000680e+00	5.301320e-04
40	SET	9.506650e-01	5.301350e-04
40	SET	9.005930e-01	5.301300e-04
40	SET	8.505770e-01	5.301320e-04
40	SET	8.005170e-01	5.301340e-04
40	SET	7.504810e-01	5.301330e-04
40	SET	7.004410e-01	5.301320e-04
40	SET	6.504170e-01	5.301370e-04
40	SET	6.003450e-01	5.301350e-04
40	SET	5.503230e-01	5.301350e-04
40	SET	5.002900e-01	5.301370e-04
40	SET	4.502660e-01	5.301360e-04
40	SET	4.001910e-01	5.301330e-04
40	SET	3.501620e-01	5.301360e-04
40	SET	3.001190e-01	5.301370e-04
40	SET	2.500950e-01	5.301360e-04
40	SET	2.001920e-01	4.566680e-04
40	SET	1.501550e-01	3.431270e-04
40	SET	1.001260e-01	2.275270e-04
40	SET	5.008170e-02	1.133130e-04
40	SET	3.461840e-05	2.341520e-07
40	RESET	3.867150e-05	3.716960e-07
40	RESET	-4.993820e-02	-1.106530e-04
40	RESET	-9.998270e-02	-2.233500e-04
40	RESET	-1.500310e-01	-3.345980e-04
40	RESET	-2.000620e-01	-4.471640e-04
40	RESET	-2.502060e-01	-5.560930e-04
40	RESET	-3.002360e-01	-5.131640e-04
40	RESET	-3.502850e-01	-6.036930e-04
40	RESET	-4.003570e-01	-6.579550e-04
40	RESET	-4.503490e-01	-7.795920e-04
40	RESET	-5.004060e-01	-8.963790e-04
40	RESET	-5.504200e-01	-9.889090e-04
40	RESET	-6.004950e-01	-2.487780e-04
40	RESET	-6.504930e-01	-2.271250e-04
40	RESET	-7.005600e-01	-7.366950e-05
40	RESET	-7.506100e-01	-8.270510e-05
40	RESET	-8.006730e-01	-5.829080e-05
40	RESET	-8.506840e-01	-7.250050e-05
40	RESET	-9.007220e-01	-6.392770e-05
40	RESET	-9.507580e-01	-7.222210e-05
40	RESET	-1.000800e+00	-3.192850e-05
40	RESET	-1.050830e+00	-3.672920e-05
40	RESET	-1.100900e+00	-4.083820e-05
40	RESET	-1.150960e+00	-4.846860e-05
40	RESET	-1.200970e+00	-5.269580e-05
40	RESET	-1.250990e+00	-5.857880e-05
40	RESET	-1.301040e+00	-6.592500e-05
40	RESET	-1.351090e+00	-7.415220e-05
40	RESET	-1.401090e+00	-8.351900e-05
40	RESET	-1.451130e+00	-9.527970e-05
40	RESET	-1.501180e+00	-1.112390e-04
40	RESET	-1.551230e+00	-1.280370e-04
40	RESET	-1.601250e+00	-1.329860e-04
40	RESET	-1.651310e+00	-1.561270e-04
40	RESET	-1.701330e+00	-1.492440e-04
40	RESET	-1.751360e+00	-1.668280e-04
40	RESET	-1.801370e+00	-1.693980e-04
40	RESET	-1.851420e+00	-1.839590e-04
40	RESET	-1.901460e+00	-2.000810e-04
40	RESET	-1.951500e+00	-2.216820e-04
40	RESET	-2.001520e+00	-2.436610e-04
40	RESET	-2.051520e+00	-2.780050e-04
40	RESET	-2.101640e+00	-3.060370e-04
40	RESET	-2.151730e+00	-3.810100e-04
40	RESET	-2.201760e+00	-4.531000e-04
40	RESET	-2.202060e+00	-4.547830e-04
40	RESET	-2.151990e+00	-3.954550e-04
40	RESET	-2.101650e+00	-3.388550e-04
40	RESET	-2.051630e+00	-3.003530e-04
40	RESET	-2.001500e+00	-2.699000e-04
40	RESET	-1.951490e+00	-2.425830e-04
40	RESET	-1.901470e+00	-2.157110e-04
40	RESET	-1.851430e+00	-1.951310e-04
40	RESET	-1.801360e+00	-1.775060e-04
40	RESET	-1.751370e+00	-1.613820e-04
40	RESET	-1.701310e+00	-1.459300e-04
40	RESET	-1.651300e+00	-1.323420e-04
40	RESET	-1.601240e+00	-1.213890e-04
40	RESET	-1.551230e+00	-1.111330e-04
40	RESET	-1.501200e+00	-1.004490e-04
40	RESET	-1.451170e+00	-9.133380e-05
40	RESET	-1.401100e+00	-8.378190e-05
40	RESET	-1.351100e+00	-7.576490e-05
40	RESET	-1.301050e+00	-6.842540e-05
40	RESET	-1.251010e+00	-6.161940e-05
40	RESET	-1.200970e+00	-5.549640e-05
40	RESET	-1.150940e+00	-4.951640e-05
40	RESET	-1.100880e+00	-4.404590e-05
40	RESET	-1.050820e+00	-3.866030e-05
40	RESET	-1.000810e+00	-3.386100e-05
40	RESET	-9.507510e-01	-2.946500e-05
40	RESET	-9.007180e-01	-2.591530e-05
40	RESET	-8.506750e-01	-2.208200e-05
40	RESET	-8.006680e-01	-1.878740e-05
40	RESET	-7.505990e-01	-1.629090e-05
40	RESET	-7.005820e-01	-1.367920e-05
40	RESET	-6.505200e-01	-1.150160e-05
40	RESET	-6.004930e-01	-9.467640e-06
40	RESET	-5.504670e-01	-7.976560e-06
40	RESET	-5.004070e-01	-6.348270e-06
40	RESET	-4.503430e-01	-4.873980e-06
40	RESET	-4.003680e-01	-3.770490e-06
40	RESET	-3.502750e-01	-2.786640e-06
40	RESET	-3.002470e-01	-2.045750e-06
40	RESET	-2.502050e-01	-1.426410e-06
40	RESET	-2.000690e-01	-9.708030e-07
40	RESET	-1.500340e-01	-5.990600e-07
40	RESET	-9.998920e-02	-3.577180e-07
40	RESET	-4.995090e-02	-1.443500e-07
40	RESET	3.552440e-05	2.176170e-10
41	SET	3.912450e-05	3.131750e-10
41	SET	5.004230e-02	8.114550e-08
41	SET	1.001030e-01	2.860790e-07
41	SET	1.501580e-01	4.242170e-07
41	SET	2.001890e-01	7.030170e-07
41	SET	2.501070e-01	9.273380e-07
41	SET	3.001370e-01	1.107270e-06
41	SET	3.501850e-01	1.582420e-06
41	SET	4.001970e-01	2.348570e-06
41	SET	4.502480e-01	3.101040e-06
41	SET	5.002600e-01	5.301430e-04
41	SET	5.503080e-01	5.301420e-04
41	SET	6.003480e-01	5.301380e-04
41	SET	6.504210e-01	5.301400e-04
41	SET	7.004510e-01	5.301420e-04
41	SET	7.504930e-01	5.301350e-04
41	SET	8.005160e-01	5.301360e-04
41	SET	8.505690e-01	5.301330e-04
41	SET	9.005910e-01	5.301360e-04
41	SET	9.506460e-01	5.301280e-04
41	SET	1.000690e+00	5.301360e-04
41	SET	1.050730e+00	5.301330e-04
41	SET	1.100740e+00	5.301320e-04
41	SET	1.150790e+00	5.301320e-04
41	SET	1.200820e+00	5.301360e-04
41	SET	1.250870e+00	5.301350e-04
41	SET	1.300910e+00	5.301330e-04
41	SET	1.350940e+00	5.301450e-04
41	SET	1.400960e+00	5.301390e-04
41	SET	1.451010e+00	5.301380e-04
41	SET	1.501020e+00	5.301380e-04
41	SET	1.551080e+00	5.301380e-04
41	SET	1.601100e+00	5.301370e-04
41	SET	1.651150e+00	5.301340e-04
41	SET	1.701170e+00	5.301370e-04
41	SET	1.751230e+00	5.301430e-04
41	SET	1.801220e+00	5.301330e-04
41	SET	1.851260e+00	5.301420e-04
41	SET	1.901300e+00	5.301360e-04
41	SET	1.951350e+00	5.301380e-04
41	SET	2.001350e+00	5.301380e-04
41	SET	2.001370e+00	5.301330e-04
41	SET	1.951340e+00	5.301330e-04
41	SET	1.901300e+00	5.301320e-04
41	SET	1.851260e+00	5.301370e-04
41	SET	1.801240e+00	5.301370e-04
41	SET	1.751220e+00	5.301330e-04
41	SET	1.701150e+00	5.301380e-04
41	SET	1.651150e+00	5.301390e-04
41	SET	1.601130e+00	5.301310e-04
41	SET	1.551050e+00	5.301370e-04
41	SET	1.501030e+00	5.301390e-04
41	SET	1.451020e+00	5.301340e-04
41	SET	1.400970e+00	5.301310e-04
41	SET	1.350960e+00	5.301330e-04
41	SET	1.300900e+00	5.301330e-04
41	SET	1.250890e+00	5.301360e-04
41	SET	1.200810e+00	5.301320e-04
41	SET	1.150800e+00	5.301360e-04
41	SET	1.100740e+00	5.301350e-04
41	SET	1.050730e+00	5.301350e-04
41	SET	1.000680e+00	5.301370e-04
41	SET	9.506390e-01	5.301350e-04
41	SET	9.006030e-01	5.301330e-04
41	SET	8.505710e-01	5.301360e-04
41	SET	8.005130e-01	5.301340e-04
41	SET	7.504730e-01	5.301360e-04
41	SET	7.004430e-01	5.301380e-04
41	SET	6.504250e-01	5.301370e-04
41	SET	6.003680e-01	5.301360e-04
41	SET	5.503260e-01	5.301420e-04
41	SET	5.002900e-01	5.301400e-04
41	SET	4.502610e-01	5.301410e-04
41	SET	4.002020e-01	5.301360e-04
41	SET	3.501650e-01	5.301440e-04
41	SET	3.001180e-01	5.301370e-04
41	SET	2.501290e-01	4.600600e-04
41	SET	2.001970e-01	3.655360e-04
41	SET	1.501610e-01	2.777570e-04
41	SET	1.001240e-01	1.845640e-04
41	SET	5.008640e-02	9.215120e-05
41	SET	4.532340e-05	2.251470e-07
41	RESET	4.343990e-05	2.970150e-07
41	RESET	-4.988980e-02	-9.096020e-05
41	RESET	-9.997830e-02	-1.830300e-04
41	RESET	-1.500240e-01	-2.741070e-04
41	RESET	-2.000620e-01	-3.674030e-04
41	RESET	-2.501870e-01	-4.580200e-04
41	RESET	-3.002260e-01	-5.009720e-04
41	RESET	-3.502820e-01	-5.578700e-04
41	RESET	-4.003310e-01	-6.200220e-04
41	RESET	-4.503500e-01	-6.974010e-04
41	RESET	-5.004130e-01	-7.709030e-04
41	RESET	-5.504440e-01	-7.934080e-04
41	RESET	-6.005010e-01	-8.472850e-04
41	RESET	-6.505460e-01	-9.003170e-05
41	RESET	-7.005710e-01	-1.197970e-04
41	RESET	-7.506270e-01	-1.443790e-04
41	RESET	-8.006610e-01	-1.495470e-04
41	RESET	-8.506480e-01	-1.477560e-04
41	RESET	-9.007390e-01	-1.438050e-04
41	RESET	-9.507810e-01	-1.154430e-04
41	RESET	-1.000810e+00	-4.370890e-05
41	RESET	-1.050810e+00	-5.756580e-05
41	RESET	-1.100880e+00	-6.136230e-05
41	RESET	-1.150950e+00	-6.030520e-05
41	RESET	-1.200960e+00	-6.247090e-05
41	RESET	-1.251010e+00	-6.715800e-05
41	RESET	-1.301040e+00	-7.458870e-05
41	RESET	-1.351090e+00	-8.505270e-05
41	RESET	-1.401080e+00	-9.009510e-05
41	RESET	-1.451140e+00	-9.788130e-05
41	RESET	-1.501170e+00	-9.995870e-05
41	RESET	-1.551230e+00	-1.098570e-04
41	RESET	-1.601250e+00	-1.098500e-04
41	RESET	-1.651290e+00	-1.096030e-04
41	RESET	-1.701300e+00	-1.242470e-04
41	RESET	-1.751350e+00	-1.376440e-04
41	RESET	-1.801390e+00	-1.526060e-04
41	RESET	-1.851400e+00	-1.674580e-04
41	RESET	-1.901450e+00	-1.887320e-04
41	RESET	-1.951480e+00	-2.134830e-04
41	RESET	-2.001490e+00	-2.349700e-04
41	RESET	-2.051510e+00	-2.650960e-04
41	RESET	-2.101480e+00	-3.129880e-04
41	RESET	-2.151690e+00	-3.551570e-04
41	RESET	-2.201740e+00	-4.120460e-04
41	RESET	-2.201800e+00	-4.069250e-04
41	RESET	-2.151960e+00	-3.543620e-04
41	RESET	-2.101390e+00	-3.158070e-04
41	RESET	-2.051580e+00	-2.833860e-04
41	RESET	-2.001510e+00	-2.502920e-04
41	RESET	-1.951500e+00	-2.262130e-04
41	RESET	-1.901440e+00	-2.026330e-04
41	RESET	-1.851430e+00	-1.865250e-04
41	RESET	-1.801370e+00	-1.683610e-04
41	RESET	-1.751330e+00	-1.531370e-04
41	RESET	-1.701300e+00	-1.402340e-04
41	RESET	-1.651280e+00	-1.270250e-04
41	RESET	-1.601220e+00	-1.157310e-04
41	RESET	-1.551210e+00	-1.056380e-04
41	RESET	-1.501180e+00	-9.502100e-05
41	RESET	-1.451140e+00	-8.538130e-05
41	RESET	-1.401090e+00	-7.726580e-05
41	RESET	-1.351090e+00	-7.027750e-05
41	RESET	-1.301040e+00	-6.215190e-05
41	RESET	-1.251000e+00	-5.550670e-05
41	RESET	-1.200970e+00	-4.992370e-05
41	RESET	-1.150930e+00	-4.450360e-05
41	RESET	-1.100870e+00	-3.925390e-05
41	RESET	-1.050830e+00	-3.445080e-05
41	RESET	-1.000790e+00	-3.048290e-05
41	RESET	-9.507490e-01	-2.651900e-05
41	RESET	-9.007090e-01	-2.231270e-05
41	RESET	-8.506570e-01	-1.869780e-05
41	RESET	-8.006540e-01	-1.584140e-05
41	RESET	-7.505860e-01	-1.306170e-05
41	RESET	-7.005610e-01	-1.083340e-05
41	RESET	-6.505070e-01	-8.877400e-06
41	RESET	-6.005220e-01	-7.307690e-06
41	RESET	-5.504340e-01	-6.004910e-06
41	RESET	-5.003930e-01	-4.776720e-06
41	RESET	-4.503460e-01	-3.828620e-06
41	RESET	-4.003380e-01	-2.997560e-06
41	RESET	-3.502750e-01	-2.314880e-06
41	RESET	-3.002350e-01	-1.742270e-06
41	RESET	-2.502020e-01	-1.208270e-06
41	RESET	-2.000610e-01	-7.807300e-07
41	RESET	-1.500270e-01	-4.760970e-07
41	RESET	-9.998340e-02	-2.381160e-07
41	RESET	-4.994230e-02	-1.000750e-07
41	RESET	4.370210e-05	4.334450e-11
42	SET	3.876690e-05	9.204150e-11
42	SET	5.006340e-02	1.138280e-07
42	SET	1.001130e-01	2.371890e-07
42	SET	1.501530e-01	3.904780e-07
42	SET	2.001920e-01	5.828140e-07
42	SET	2.501280e-01	8.110790e-07
42	SET	3.001260e-01	1.097570e-06
42	SET	3.501710e-01	1.429850e-06
42	SET	4.002010e-01	1.780350e-06
42	SET	4.502640e-01	2.354080e-06
42	SET	5.002970e-01	2.876820e-06
42	SET	5.503320e-01	3.437400e-06
42	SET	6.003530e-01	5.301480e-04
42	SET	6.504290e-01	5.301420e-04
42	SET	7.004260e-01	5.301400e-04
42	SET	7.504660e-01	5.301390e-04
42	SET	8.005130e-01	5.301360e-04
42	SET	8.505720e-01	5.301360e-04
42	SET	9.005840e-01	5.301370e-04
42	SET	9.506420e-01	5.301370e-04
42	SET	1.000690e+00	5.301360e-04
42	SET	1.050740e+00	5.301340e-04
42	SET	1.100740e+00	5.301400e-04
42	SET	1.150810e+00	5.301320e-04
42	SET	1.200840e+00	5.301320e-04
42	SET	1.250880e+00	5.301330e-04
42	SET	1.300890e+00	5.301300e-04
42	SET	1.350960e+00	5.301360e-04
42	SET	1.400950e+00	5.301320e-04
42	SET	1.451020e+00	5.301330e-04
42	SET	1.501010e+00	5.301320e-04
42	SET	1.551090e+00	5.301350e-04
42	SET	1.601090e+00	5.301360e-04
42	SET	1.651140e+00	5.301370e-04
42	SET	1.701160e+00	5.301370e-04
42	SET	1.751220e+00	5.301400e-04
42	SET	1.801210e+00	5.301360e-04
42	SET	1.851250e+00	5.301440e-04
42	SET	1.901280e+00	5.301370e-04
42	SET	1.951340e+00	5.301350e-04
42	SET	2.001370e+00	5.301380e-04
42	SET	2.001360e+00	5.301370e-04
42	SET	1.951350e+00	5.301360e-04
42	SET	1.901280e+00	5.301330e-04
42	SET	1.851270e+00	5.301360e-04
42	SET	1.801230e+00	5.301340e-04
42	SET	1.751190e+00	5.301370e-04
42	SET	1.701150e+00	5.301380e-04
42	SET	1.651140e+00	5.301410e-04
42	SET	1.601090e+00	5.301360e-04
42	SET	1.551080e+00	5.301360e-04
42	SET	1.501010e+00	5.301370e-04
42	SET	1.451030e+00	5.301340e-04
42	SET	1.400950e+00	5.301330e-04
42	SET	1.350950e+00	5.301390e-04
42	SET	1.300920e+00	5.301330e-04
42	SET	1.250880e+00	5.301290e-04
42	SET	1.200810e+00	5.301330e-04
42	SET	1.150790e+00	5.301320e-04
42	SET	1.100750e+00	5.301370e-04
42	SET	1.050720e+00	5.301300e-04
42	SET	1.000680e+00	5.301340e-04
42	SET	9.506760e-01	5.301370e-04
42	SET	9.005740e-01	5.301330e-04
42	SET	8.505880e-01	5.301340e-04
42	SET	8.005140e-01	5.301310e-04
42	SET	7.504840e-01	5.301350e-04
42	SET	7.004510e-01	5.301300e-04
42	SET	6.504040e-01	5.301400e-04
42	SET	6.003460e-01	5.301370e-04
42	SET	5.503030e-01	5.301410e-04
42	SET	5.003000e-01	5.301350e-04
42	SET	4.502710e-01	5.301360e-04
42	SET	4.002040e-01	5.301360e-04
42	SET	3.501790e-01	5.301380e-04
42	SET	3.001380e-01	5.301390e-04
42	SET	2.501200e-01	5.301400e-04
42	SET	2.001880e-01	4.362660e-04
42	SET	1.501560e-01	3.283670e-04
42	SET	1.001220e-01	2.176790e-04
42	SET	5.008240e-02	1.086520e-04
42	SET	3.776550e-05	2.434260e-07
42	RESET	4.723070e-05	3.791600e-07
42	RESET	-4.994510e-02	-1.091720e-04
42	RESET	-9.998510e-02	-2.198600e-04
42	RESET	-1.500270e-01	-3.308240e-04
42	RESET	-2.000660e-01	-4.259600e-04
42	RESET	-2.502060e-01	-5.324660e-04
42	RESET	-3.002660e-01	-5.772480e-04
42	RESET	-3.502850e-01	-6.177840e-04
42	RESET	-4.003250e-01	-6.991700e-04
42	RESET	-4.503490e-01	-7.816370e-04
42	RESET	-5.004150e-01	-8.626490e-04
42	RESET	-5.504670e-01	-9.274900e-04
42	RESET	-6.005080e-01	-2.668120e-05
42	RESET	-6.505370e-01	-3.413680e-05
42	RESET	-7.005790e-01	-3.704760e-05
42	RESET	-7.506000e-01	-1.755390e-05
42	RESET	-8.006600e-01	-2.059120e-05
42	RESET	-8.506950e-01	-2.398320e-05
42	RESET	-9.007360e-01	-2.715770e-05
42	RESET	-9.507690e-01	-3.113870e-05
42	RESET	-1.000820e+00	-3.558010e-05
42	RESET	-1.050820e+00	-3.910340e-05
42	RESET	-1.100880e+00	-4.448530e-05
42	RESET	-1.150950e+00	-4.967610e-05
42	RESET	-1.200960e+00	-5.496690e-05
42	RESET	-1.251020e+00	-5.585220e-05
42	RESET	-1.301060e+00	-6.436340e-05
42	RESET	-1.351090e+00	-6.870630e-05
42	RESET	-1.401090e+00	-7.574980e-05
42	RESET	-1.451150e+00	-8.050290e-05
42	RESET	-1.501180e+00	-8.735370e-05
42	RESET	-1.551230e+00	-9.718950e-05
42	RESET	-1.601260e+00	-1.035400e-04
42	RESET	-1.651310e+00	-1.125430e-04
42	RESET	-1.701310e+00	-1.249330e-04
42	RESET	-1.751350e+00	-1.371840e-04
42	RESET	-1.801370e+00	-1.528250e-04
42	RESET	-1.851430e+00	-1.679480e-04
42	RESET	-1.901470e+00	-1.901400e-04
42	RESET	-1.951510e+00	-2.089800e-04
42	RESET	-2.001510e+00	-2.344560e-04
42	RESET	-2.051560e+00	-2.617150e-04
42	RESET	-2.101650e+00	-2.933280e-04
42	RESET	-2.151920e+00	-3.443830e-04
42	RESET	-2.201760e+00	-4.408980e-04
42	RESET	-2.201910e+00	-4.503000e-04
42	RESET	-2.151910e+00	-3.677920e-04
42	RESET	-2.101570e+00	-3.190580e-04
42	RESET	-2.051640e+00	-2.813410e-04
42	RESET	-2.001520e+00	-2.477380e-04
42	RESET	-1.951480e+00	-2.231810e-04
42	RESET	-1.901460e+00	-1.992410e-04
42	RESET	-1.851410e+00	-1.809720e-04
42	RESET	-1.801360e+00	-1.638700e-04
42	RESET	-1.751350e+00	-1.480260e-04
42	RESET	-1.701310e+00	-1.340290e-04
42	RESET	-1.651290e+00	-1.228480e-04
42	RESET	-1.601220e+00	-1.118770e-04
42	RESET	-1.551220e+00	-1.017180e-04
42	RESET	-1.501180e+00	-9.343890e-05
42	RESET	-1.451150e+00	-8.374280e-05
42	RESET	-1.401090e+00	-7.610830e-05
42	RESET	-1.351100e+00	-6.820940e-05
42	RESET	-1.301020e+00	-6.051590e-05
42	RESET	-1.251000e+00	-5.437150e-05
42	RESET	-1.200970e+00	-4.834400e-05
42	RESET	-1.150970e+00	-4.280660e-05
42	RESET	-1.100900e+00	-3.814650e-05
42	RESET	-1.050830e+00	-3.300910e-05
42	RESET	-1.000840e+00	-2.872650e-05
42	RESET	-9.507800e-01	-2.512020e-05
42	RESET	-9.007400e-01	-2.161110e-05
42	RESET	-8.506700e-01	-1.854750e-05
42	RESET	-8.006800e-01	-1.586770e-05
42	RESET	-7.506000e-01	-1.357880e-05
42	RESET	-7.005770e-01	-1.141980e-05
42	RESET	-6.505460e-01	-9.331740e-06
42	RESET	-6.004970e-01	-7.526550e-06
42	RESET	-5.504420e-01	-6.042600e-06
42	RESET	-5.004290e-01	-4.962310e-06
42	RESET	-4.503640e-01	-3.930000e-06
42	RESET	-4.003480e-01	-3.064750e-06
42	RESET	-3.502820e-01	-2.359630e-06
42	RESET	-3.002460e-01	-1.808010e-06
42	RESET	-2.501960e-01	-1.298480e-06
42	RESET	-2.000730e-01	-8.868840e-07
42	RESET	-1.500310e-01	-5.673850e-07
42	RESET	-9.999270e-02	-3.037660e-07
42	RESET	-4.995530e-02	-1.513040e-07
42	RESET	4.379750e-05	1.711370e-10
43	SET	4.191400e-05	3.776070e-10
43	SET	5.006540e-02	1.824580e-07
43	SET	1.001230e-01	3.950180e-07
43	SET	1.501610e-01	5.212440e-07
43	SET	2.001960e-01	9.470460e-07
43	SET	2.501080e-01	1.264890e-06
43	SET	3.001370e-01	1.613390e-06
43	SET	3.501910e-01	1.888780e-06
43	SET	4.001930e-01	2.350590e-06
43	SET	4.502520e-01	3.106640e-06
43	SET	5.002830e-01	3.572730e-06
43	SET	5.503360e-01	4.237350e-06
43	SET	6.003660e-01	4.905450e-06
43	SET	6.504400e-01	5.427770e-06
43	SET	7.004180e-01	6.397410e-06
43	SET	7.504920e-01	7.791430e-06
43	SET	8.005180e-01	9.384400e-06
43	SET	8.505230e-01	1.175490e-05
43	SET	9.006010e-01	1.257810e-05
43	SET	9.506680e-01	5.301430e-04
43	SET	1.000680e+00	5.301320e-04
43	SET	1.050710e+00	5.301350e-04
43	SET	1.100730e+00	5.301320e-04
43	SET	1.150790e+00	5.301340e-04
43	SET	1.200820e+00	5.301350e-04
43	SET	1.250890e+00	5.301320e-04
43	SET	1.300910e+00	5.301290e-04
43	SET	1.350920e+00	5.301340e-04
43	SET	1.400950e+00	5.301370e-04
43	SET	1.451010e+00	5.301310e-04
43	SET	1.501000e+00	5.301370e-04
43	SET	1.551080e+00	5.301340e-04
43	SET	1.601100e+00	5.301320e-04
43	SET	1.651150e+00	5.301340e-04
43	SET	1.701170e+00	5.301360e-04
43	SET	1.751210e+00	5.301380e-04
43	SET	1.801220e+00	5.301350e-04
43	SET	1.851290e+00	5.301340e-04
43	SET	1.901300e+00	5.301320e-04
43	SET	1.951350e+00	5.301330e-04
43	SET	2.001360e+00	5.301360e-04
43	SET	2.001360e+00	5.301380e-04
43	SET	1.951340e+00	5.301360e-04
43	SET	1.901300e+00	5.301320e-04
43	SET	1.851260e+00	5.301350e-04
43	SET	1.801230e+00	5.301360e-04
43	SET	1.751220e+00	5.301360e-04
43	SET	1.701150e+00	5.301330e-04
43	SET	1.651140e+00	5.301350e-04
43	SET	1.601100e+00	5.301300e-04
43	SET	1.551080e+00	5.301360e-04
43	SET	1.501030e+00	5.301390e-04
43	SET	1.451010e+00	5.301360e-04
43	SET	1.400970e+00	5.301350e-04
43	SET	1.350950e+00	5.301350e-04
43	SET	1.300920e+00	5.301350e-04
43	SET	1.250880e+00	5.301360e-04
43	SET	1.200810e+00	5.301300e-04
43	SET	1.150780e+00	5.301370e-04
43	SET	1.100750e+00	5.301300e-04
43	SET	1.050710e+00	5.301380e-04
43	SET	1.000680e+00	5.301330e-04
43	SET	9.506490e-01	5.301330e-04
43	SET	9.006010e-01	5.301340e-04
43	SET	8.505900e-01	5.301300e-04
43	SET	8.004940e-01	5.301370e-04
43	SET	7.504680e-01	5.301320e-04
43	SET	7.004500e-01	5.301330e-04
43	SET	6.504190e-01	5.301400e-04
43	SET	6.003410e-01	5.301330e-04
43	SET	5.503280e-01	5.301380e-04
43	SET	5.002790e-01	5.301410e-04
43	SET	4.502710e-01	5.301410e-04
43	SET	4.002080e-01	5.301390e-04
43	SET	3.501640e-01	5.301370e-04
43	SET	3.001260e-01	5.301370e-04
43	SET	2.501190e-01	5.301360e-04
43	SET	2.001880e-01	5.301370e-04
43	SET	1.501520e-01	4.194580e-04
43	SET	1.001140e-01	2.794870e-04
43	SET	5.007640e-02	1.398730e-04
43	SET	3.309250e-05	2.586780e-07
43	RESET	3.912450e-05	4.573940e-07
43	RESET	-4.994230e-02	-1.381900e-04
43	RESET	-9.998060e-02	-2.768760e-04
43	RESET	-1.500260e-01	-4.151150e-04
43	RESET	-2.000540e-01	-5.516350e-04
43	RESET	-2.501960e-01	-4.511260e-04
43	RESET	-3.002650e-01	-4.650300e-04
43	RESET	-3.502830e-01	-5.083240e-04
43	RESET	-4.003390e-01	-5.318960e-04
43	RESET	-4.503570e-01	-5.912060e-04
43	RESET	-5.004010e-01	-6.020470e-04
43	RESET	-5.504550e-01	-6.401270e-04
43	RESET	-6.004970e-01	-5.589260e-04
43	RESET	-6.505110e-01	-5.515870e-04
43	RESET	-7.005850e-01	-4.600080e-04
43	RESET	-7.506080e-01	-3.791280e-04
43	RESET	-8.006840e-01	-4.350160e-04
43	RESET	-8.506820e-01	-3.674610e-04
43	RESET	-9.007230e-01	-3.202610e-04
43	RESET	-9.507650e-01	-3.715160e-04
43	RESET	-1.000810e+00	-4.173100e-04
43	RESET	-1.050870e+00	-2.984160e-04
43	RESET	-1.100870e+00	-2.131820e-04
43	RESET	-1.150950e+00	-2.409480e-04
43	RESET	-1.200930e+00	-1.720950e-04
43	RESET	-1.250990e+00	-1.324540e-04
43	RESET	-1.301030e+00	-1.554200e-04
43	RESET	-1.351080e+00	-2.071800e-04
43	RESET	-1.401140e+00	-2.437220e-04
43	RESET	-1.451150e+00	-8.528450e-05
43	RESET	-1.501160e+00	-9.491170e-05
43	RESET	-1.551220e+00	-1.052200e-04
43	RESET	-1.601210e+00	-1.169310e-04
43	RESET	-1.651270e+00	-1.319050e-04
43	RESET	-1.701300e+00	-1.391240e-04
43	RESET	-1.751340e+00	-1.556640e-04
43	RESET	-1.801370e+00	-1.690340e-04
43	RESET	-1.851410e+00	-1.939140e-04
43	RESET	-1.901440e+00	-2.178790e-04
43	RESET	-1.951480e+00	-2.391720e-04
43	RESET	-2.001480e+00	-2.611130e-04
43	RESET	-2.051630e+00	-2.928920e-04
43	RESET	-2.101660e+00	-3.338270e-04
43	RESET	-2.151770e+00	-3.986940e-04
43	RESET	-2.201830e+00	-4.462220e-04
43	RESET	-2.201910e+00	-4.658710e-04
43	RESET	-2.151760e+00	-4.107780e-04
43	RESET	-2.101670e+00	-3.543830e-04
43	RESET	-2.051480e+00	-3.202380e-04
43	RESET	-2.001510e+00	-2.860680e-04
43	RESET	-1.951480e+00	-2.594280e-04
43	RESET	-1.901450e+00	-2.339130e-04
43	RESET	-1.851420e+00	-2.151320e-04
43	RESET	-1.801360e+00	-1.963570e-04
43	RESET	-1.751360e+00	-1.811550e-04
43	RESET	-1.701280e+00	-1.673710e-04
43	RESET	-1.651300e+00	-1.514940e-04
43	RESET	-1.601250e+00	-1.406990e-04
43	RESET	-1.551230e+00	-1.294570e-04
43	RESET	-1.501170e+00	-1.193060e-04
43	RESET	-1.451150e+00	-1.092240e-04
43	RESET	-1.401090e+00	-9.845910e-05
43	RESET	-1.351110e+00	-9.119450e-05
43	RESET	-1.301030e+00	-7.992960e-05
43	RESET	-1.251010e+00	-7.351700e-05
43	RESET	-1.200960e+00	-6.664130e-05
43	RESET	-1.150930e+00	-5.968200e-05
43	RESET	-1.100880e+00	-5.305950e-05
43	RESET	-1.050820e+00	-4.738630e-05
43	RESET	-1.000810e+00	-4.194010e-05
43	RESET	-9.507590e-01	-3.856640e-05
43	RESET	-9.007460e-01	-3.255440e-05
43	RESET	-8.506830e-01	-2.784340e-05
43	RESET	-8.006720e-01	-2.487860e-05
43	RESET	-7.506070e-01	-2.184340e-05
43	RESET	-7.005880e-01	-1.730390e-05
43	RESET	-6.505280e-01	-1.517890e-05
43	RESET	-6.004930e-01	-1.294690e-05
43	RESET	-5.504510e-01	-1.084080e-05
43	RESET	-5.004440e-01	-7.759130e-06
43	RESET	-4.503320e-01	-6.880750e-06
43	RESET	-4.003510e-01	-5.083190e-06
43	RESET	-3.502770e-01	-3.728270e-06
43	RESET	-3.002710e-01	-2.429330e-06
43	RESET	-2.502120e-01	-1.722960e-06
43	RESET	-2.000640e-01	-1.106850e-06
43	RESET	-1.500330e-01	-7.497860e-07
43	RESET	-9.998430e-02	-3.600160e-07
43	RESET	-4.994380e-02	-1.804270e-07
43	RESET	4.084110e-05	2.123590e-10
44	SET	3.886220e-05	3.527520e-10
44	SET	5.006320e-02	1.778190e-07
44	SET	1.001230e-01	3.823420e-07
44	SET	1.501600e-01	7.211260e-07
44	SET	2.001890e-01	1.185980e-06
44	SET	2.501190e-01	1.806970e-06
44	SET	3.001280e-01	3.012410e-06
44	SET	3.501710e-01	5.301580e-04
44	SET	4.002020e-01	5.301470e-04
44	SET	4.502810e-01	5.301400e-04
44	SET	5.003020e-01	5.301410e-04
44	SET	5.503330e-01	5.301380e-04
44	SET	6.003590e-01	5.301440e-04
44	SET	6.504100e-01	5.301430e-04
44	SET	7.004300e-01	5.301390e-04
44	SET	7.504730e-01	5.301400e-04
44	SET	8.004910e-01	5.301420e-04
44	SET	8.505970e-01	5.301410e-04
44	SET	9.005880e-01	5.301340e-04
44	SET	9.506630e-01	5.301360e-04
44	SET	1.000680e+00	5.301400e-04
44	SET	1.050740e+00	5.301360e-04
44	SET	1.100740e+00	5.301350e-04
44	SET	1.150800e+00	5.301360e-04
44	SET	1.200800e+00	5.301400e-04
44	SET	1.250890e+00	5.301340e-04
44	SET	1.300890e+00	5.301330e-04
44	SET	1.350950e+00	5.301330e-04
44	SET	1.400980e+00	5.301370e-04
44	SET	1.451010e+00	5.301400e-04
44	SET	1.501000e+00	5.301420e-04
44	SET	1.551060e+00	5.301360e-04
44	SET	1.601090e+00	5.301360e-04
44	SET	1.651130e+00	5.301410e-04
44	SET	1.701150e+00	5.301400e-04
44	SET	1.751210e+00	5.301380e-04
44	SET	1.801220e+00	5.301390e-04
44	SET	1.851280e+00	5.301330e-04
44	SET	1.901280e+00	5.301400e-04
44	SET	1.951340e+00	5.301400e-04
44	SET	2.001370e+00	5.301330e-04
44	SET	2.001350e+00	5.301410e-04
44	SET	1.951340e+00	5.301420e-04
44	SET	1.901270e+00	5.301440e-04
44	SET	1.851260e+00	5.301380e-04
44	SET	1.801220e+00	5.301380e-04
44	SET	1.751210e+00	5.301340e-04
44	SET	1.701150e+00	5.301360e-04
44	SET	1.651150e+00	5.301390e-04
44	SET	1.601110e+00	5.301410e-04
44	SET	1.551070e+00	5.301410e-04
44	SET	1.501050e+00	5.301410e-04
44	SET	1.451020e+00	5.301320e-04
44	SET	1.400960e+00	5.301360e-04
44	SET	1.350930e+00	5.301320e-04
44	SET	1.300880e+00	5.301270e-04
44	SET	1.250870e+00	5.301360e-04
44	SET	1.200830e+00	5.301330e-04
44	SET	1.150800e+00	5.301330e-04
44	SET	1.100730e+00	5.301270e-04
44	SET	1.050740e+00	5.301330e-04
44	SET	1.000700e+00	5.301330e-04
44	SET	9.506510e-01	5.301330e-04
44	SET	9.006020e-01	5.301340e-04
44	SET	8.505930e-01	5.301350e-04
44	SET	8.005230e-01	5.301420e-04
44	SET	7.505150e-01	5.301320e-04
44	SET	7.004300e-01	5.301370e-04
44	SET	6.504400e-01	5.301380e-04
44	SET	6.003450e-01	5.301350e-04
44	SET	5.503190e-01	5.301400e-04
44	SET	5.002640e-01	5.301380e-04
44	SET	4.502580e-01	5.301400e-04
44	SET	4.002260e-01	5.301400e-04
44	SET	3.501790e-01	5.301400e-04
44	SET	3.001200e-01	5.301370e-04
44	SET	2.501070e-01	5.030970e-04
44	SET	2.001850e-01	4.113330e-04
44	SET	1.501550e-01	3.070200e-04
44	SET	1.001200e-01	2.028780e-04
44	SET	5.008020e-02	1.010270e-04
44	SET	3.731250e-05	2.367520e-07
44	RESET	4.236700e-05	3.316200e-07
44	RESET	-4.994350e-02	-1.005360e-04
44	RESET	-9.998410e-02	-2.014580e-04
44	RESET	-1.500300e-01	-2.972380e-04
44	RESET	-2.000590e-01	-3.979880e-04
44	RESET	-2.501810e-01	-4.697720e-04
44	RESET	-3.002430e-01	-5.040090e-04
44	RESET	-3.502750e-01	-5.360120e-04
44	RESET	-4.003510e-01	-5.102160e-04
44	RESET	-4.503400e-01	-1.973950e-04
44	RESET	-5.004210e-01	-1.261780e-04
44	RESET	-5.504490e-01	-2.734770e-05
44	RESET	-6.005030e-01	-1.856750e-05
44	RESET	-6.505210e-01	-2.275110e-05
44	RESET	-7.005780e-01	-2.511570e-05
44	RESET	-7.506130e-01	-2.944270e-05
44	RESET	-8.006700e-01	-2.945640e-05
44	RESET	-8.506750e-01	-3.537240e-05
44	RESET	-9.007390e-01	-3.981890e-05
44	RESET	-9.507590e-01	-4.305230e-05
44	RESET	-1.000810e+00	-4.599250e-05
44	RESET	-1.050830e+00	-5.112510e-05
44	RESET	-1.100880e+00	-5.673360e-05
44	RESET	-1.150950e+00	-6.282010e-05
44	RESET	-1.200960e+00	-7.163370e-05
44	RESET	-1.251000e+00	-7.722370e-05
44	RESET	-1.301050e+00	-8.048380e-05
44	RESET	-1.351080e+00	-8.893800e-05
44	RESET	-1.401090e+00	-9.859130e-05
44	RESET	-1.451140e+00	-1.068400e-04
44	RESET	-1.501170e+00	-1.257750e-04
44	RESET	-1.551230e+00	-1.281830e-04
44	RESET	-1.601250e+00	-1.399340e-04
44	RESET	-1.651280e+00	-1.525880e-04
44	RESET	-1.701290e+00	-1.660160e-04
44	RESET	-1.751340e+00	-1.833650e-04
44	RESET	-1.801370e+00	-1.955780e-04
44	RESET	-1.851430e+00	-2.070440e-04
44	RESET	-1.901460e+00	-2.219650e-04
44	RESET	-1.951490e+00	-2.482970e-04
44	RESET	-2.001520e+00	-2.735850e-04
44	RESET	-2.051720e+00	-2.940240e-04
44	RESET	-2.101630e+00	-3.455610e-04
44	RESET	-2.151840e+00	-3.853340e-04
44	RESET	-2.201780e+00	-4.416910e-04
44	RESET	-2.201840e+00	-4.499110e-04
44	RESET	-2.151690e+00	-4.058200e-04
44	RESET	-2.101580e+00	-3.547310e-04
44	RESET	-2.051710e+00	-3.213290e-04
44	RESET	-2.001500e+00	-2.908950e-04
44	RESET	-1.951490e+00	-2.639870e-04
44	RESET	-1.901440e+00	-2.423290e-04
44	RESET	-1.851410e+00	-2.173370e-04
44	RESET	-1.801370e+00	-2.026950e-04
44	RESET	-1.751360e+00	-1.829150e-04
44	RESET	-1.701290e+00	-1.671540e-04
44	RESET	-1.651320e+00	-1.550480e-04
44	RESET	-1.601250e+00	-1.411380e-04
44	RESET	-1.551230e+00	-1.297630e-04
44	RESET	-1.501190e+00	-1.188620e-04
44	RESET	-1.451160e+00	-1.087990e-04
44	RESET	-1.401110e+00	-1.012280e-04
44	RESET	-1.351100e+00	-9.264500e-05
44	RESET	-1.301040e+00	-8.433390e-05
44	RESET	-1.251020e+00	-7.575150e-05
44	RESET	-1.200970e+00	-6.920330e-05
44	RESET	-1.150960e+00	-6.097260e-05
44	RESET	-1.100880e+00	-5.525330e-05
44	RESET	-1.050820e+00	-4.945570e-05
44	RESET	-1.000830e+00	-4.428960e-05
44	RESET	-9.507650e-01	-3.975740e-05
44	RESET	-9.007370e-01	-3.453800e-05
44	RESET	-8.506720e-01	-3.097810e-05
44	RESET	-8.006850e-01	-2.689240e-05
44	RESET	-7.505890e-01	-2.530730e-05
44	RESET	-7.005740e-01	-2.213110e-05
44	RESET	-6.504990e-01	-1.950360e-05
44	RESET	-6.004980e-01	-1.616570e-05
44	RESET	-5.504430e-01	-1.330450e-05
44	RESET	-5.003960e-01	-1.106470e-05
44	RESET	-4.503390e-01	-9.405550e-06
44	RESET	-4.003450e-01	-7.481480e-06
44	RESET	-3.502990e-01	-5.879360e-06
44	RESET	-3.002770e-01	-4.293830e-06
44	RESET	-2.502110e-01	-3.084470e-06
44	RESET	-2.000650e-01	-1.781590e-06
44	RESET	-1.500300e-01	-1.059920e-06
44	RESET	-9.999070e-02	-5.916450e-07
44	RESET	-4.994870e-02	-2.532650e-07
44	RESET	4.110340e-05	8.418920e-10
45	SET	3.516670e-05	7.448550e-10
45	SET	5.005500e-02	2.851770e-07
45	SET	1.001200e-01	6.820330e-07
45	SET	1.501520e-01	1.174720e-06
45	SET	2.001860e-01	1.983450e-06
45	SET	2.501090e-01	2.674480e-06
45	SET	3.001180e-01	3.811550e-06
45	SET	3.501650e-01	5.025320e-06
45	SET	4.002040e-01	6.681570e-06
45	SET	4.502720e-01	8.095430e-06
45	SET	5.002430e-01	1.075880e-05
45	SET	5.503150e-01	1.270430e-05
45	SET	6.003410e-01	1.597130e-05
45	SET	6.504260e-01	1.620860e-05
45	SET	7.004220e-01	1.905230e-05
45	SET	7.504770e-01	5.301450e-04
45	SET	8.005220e-01	5.301330e-04
45	SET	8.505740e-01	5.301320e-04
45	SET	9.006050e-01	5.301320e-04
45	SET	9.506480e-01	5.301340e-04
45	SET	1.000670e+00	5.301320e-04
45	SET	1.050730e+00	5.301350e-04
45	SET	1.100740e+00	5.301300e-04
45	SET	1.150800e+00	5.301320e-04
45	SET	1.200830e+00	5.301350e-04
45	SET	1.250860e+00	5.301310e-04
45	SET	1.300870e+00	5.301270e-04
45	SET	1.350950e+00	5.301320e-04
45	SET	1.400960e+00	5.301340e-04
45	SET	1.451020e+00	5.301320e-04
45	SET	1.501030e+00	5.301350e-04
45	SET	1.551070e+00	5.301330e-04
45	SET	1.601090e+00	5.301300e-04
45	SET	1.651140e+00	5.301370e-04
45	SET	1.701170e+00	5.301310e-04
45	SET	1.751220e+00	5.301360e-04
45	SET	1.801230e+00	5.301380e-04
45	SET	1.851260e+00	5.301370e-04
45	SET	1.901300e+00	5.301340e-04
45	SET	1.951330e+00	5.301330e-04
45	SET	2.001350e+00	5.301350e-04
45	SET	2.001370e+00	5.301330e-04
45	SET	1.951340e+00	5.301320e-04
45	SET	1.901310e+00	5.301350e-04
45	SET	1.851290e+00	5.301290e-04
45	SET	1.801240e+00	5.301330e-04
45	SET	1.751210e+00	5.301300e-04
45	SET	1.701150e+00	5.301330e-04
45	SET	1.651150e+00	5.301290e-04
45	SET	1.601110e+00	5.301330e-04
45	SET	1.551060e+00	5.301320e-04
45	SET	1.501010e+00	5.301320e-04
45	SET	1.451010e+00	5.301400e-04
45	SET	1.400970e+00	5.301320e-04
45	SET	1.350930e+00	5.301300e-04
45	SET	1.300910e+00	5.301300e-04
45	SET	1.250880e+00	5.301330e-04
45	SET	1.200820e+00	5.301320e-04
45	SET	1.150800e+00	5.301320e-04
45	SET	1.100750e+00	5.301310e-04
45	SET	1.050730e+00	5.301350e-04
45	SET	1.000680e+00	5.301330e-04
45	SET	9.506700e-01	5.301290e-04
45	SET	9.006010e-01	5.301320e-04
45	SET	8.505810e-01	5.301310e-04
45	SET	8.005240e-01	5.301320e-04
45	SET	7.505110e-01	5.301270e-04
45	SET	7.004400e-01	5.301330e-04
45	SET	6.504400e-01	5.301360e-04
45	SET	6.003390e-01	5.301350e-04
45	SET	5.503410e-01	5.301390e-04
45	SET	5.002860e-01	5.301360e-04
45	SET	4.502640e-01	5.301420e-04
45	SET	4.002000e-01	5.301350e-04
45	SET	3.501700e-01	5.301380e-04
45	SET	3.001240e-01	5.301400e-04
45	SET	2.501140e-01	5.122930e-04
45	SET	2.001940e-01	4.079460e-04
45	SET	1.501560e-01	3.129280e-04
45	SET	1.001250e-01	2.084960e-04
45	SET	5.008120e-02	1.040080e-04
45	SET	4.191400e-05	2.790450e-07
45	RESET	4.434590e-05	3.230440e-07
45	RESET	-4.994100e-02	-1.006080e-04
45	RESET	-9.998460e-02	-2.016060e-04
45	RESET	-1.500310e-01	-3.007540e-04
45	RESET	-2.000670e-01	-3.909080e-04
45	RESET	-2.502110e-01	-3.181910e-05
45	RESET	-3.002450e-01	-3.756840e-05
45	RESET	-3.502840e-01	-4.299590e-05
45	RESET	-4.003440e-01	-4.762630e-05
45	RESET	-4.503500e-01	-5.013950e-05
45	RESET	-5.004120e-01	-5.665660e-05
45	RESET	-5.504390e-01	-6.029650e-05
45	RESET	-6.005180e-01	-6.751800e-05
45	RESET	-6.505190e-01	-7.013740e-05
45	RESET	-7.005760e-01	-7.531250e-05
45	RESET	-7.505960e-01	-8.386140e-05
45	RESET	-8.006510e-01	-8.562040e-05
45	RESET	-8.506790e-01	-8.373810e-05
45	RESET	-9.007400e-01	-9.436790e-05
45	RESET	-9.507540e-01	-9.995510e-05
45	RESET	-1.000810e+00	-1.155700e-04
45	RESET	-1.050830e+00	-1.133750e-04
45	RESET	-1.100900e+00	-1.309470e-04
45	RESET	-1.150940e+00	-1.417040e-04
45	RESET	-1.200950e+00	-1.544830e-04
45	RESET	-1.251020e+00	-1.360630e-04
45	RESET	-1.301050e+00	-1.417980e-04
45	RESET	-1.351090e+00	-1.643570e-04
45	RESET	-1.401100e+00	-1.468130e-04
45	RESET	-1.451150e+00	-1.572130e-04
45	RESET	-1.501180e+00	-1.681530e-04
45	RESET	-1.551240e+00	-1.966590e-04
45	RESET	-1.601250e+00	-1.658120e-04
45	RESET	-1.651270e+00	-1.816430e-04
45	RESET	-1.701330e+00	-1.953400e-04
45	RESET	-1.751360e+00	-2.190260e-04
45	RESET	-1.801360e+00	-2.339630e-04
45	RESET	-1.851440e+00	-2.052780e-04
45	RESET	-1.901450e+00	-2.245240e-04
45	RESET	-1.951500e+00	-2.491190e-04
45	RESET	-2.001540e+00	-2.767070e-04
45	RESET	-2.051820e+00	-3.044850e-04
45	RESET	-2.101760e+00	-3.506330e-04
45	RESET	-2.151890e+00	-3.778340e-04
45	RESET	-2.201880e+00	-4.539130e-04
45	RESET	-2.201880e+00	-4.560650e-04
45	RESET	-2.151840e+00	-4.020670e-04
45	RESET	-2.101660e+00	-3.488800e-04
45	RESET	-2.051770e+00	-3.155050e-04
45	RESET	-2.001510e+00	-2.803170e-04
45	RESET	-1.951490e+00	-2.558310e-04
45	RESET	-1.901460e+00	-2.307420e-04
45	RESET	-1.851420e+00	-2.105390e-04
45	RESET	-1.801370e+00	-1.911250e-04
45	RESET	-1.751370e+00	-1.706800e-04
45	RESET	-1.701330e+00	-1.563130e-04
45	RESET	-1.651300e+00	-1.413980e-04
45	RESET	-1.601230e+00	-1.298850e-04
45	RESET	-1.551230e+00	-1.187470e-04
45	RESET	-1.501180e+00	-1.074870e-04
45	RESET	-1.451150e+00	-9.805180e-05
45	RESET	-1.401110e+00	-8.802960e-05
45	RESET	-1.351090e+00	-7.905470e-05
45	RESET	-1.301040e+00	-7.042690e-05
45	RESET	-1.251020e+00	-6.413140e-05
45	RESET	-1.200960e+00	-5.788670e-05
45	RESET	-1.150960e+00	-5.224440e-05
45	RESET	-1.100880e+00	-4.674890e-05
45	RESET	-1.050820e+00	-4.180910e-05
45	RESET	-1.000810e+00	-3.659620e-05
45	RESET	-9.507780e-01	-3.189710e-05
45	RESET	-9.007330e-01	-2.793600e-05
45	RESET	-8.506790e-01	-2.398820e-05
45	RESET	-8.006660e-01	-2.090710e-05
45	RESET	-7.506170e-01	-1.735860e-05
45	RESET	-7.005980e-01	-1.493020e-05
45	RESET	-6.505030e-01	-1.236110e-05
45	RESET	-6.005020e-01	-1.048280e-05
45	RESET	-5.504520e-01	-8.611730e-06
45	RESET	-5.003980e-01	-6.941610e-06
45	RESET	-4.503700e-01	-5.585040e-06
45	RESET	-4.003590e-01	-4.516300e-06
45	RESET	-3.502870e-01	-3.463880e-06
45	RESET	-3.002650e-01	-2.608600e-06
45	RESET	-2.501990e-01	-1.990880e-06
45	RESET	-2.000680e-01	-1.401190e-06
45	RESET	-1.500380e-01	-9.820350e-07
45	RESET	-9.999040e-02	-5.557160e-07
45	RESET	-4.994990e-02	-2.261230e-07
45	RESET	3.776550e-05	5.269770e-10
46	SET	3.416540e-05	8.015630e-10
46	SET	5.005390e-02	2.924230e-07
46	SET	1.001150e-01	7.512800e-07
46	SET	1.501490e-01	1.770680e-06
46	SET	2.001950e-01	2.757770e-06
46	SET	2.501550e-01	2.974990e-06
46	SET	3.001340e-01	7.778160e-06
46	SET	3.501460e-01	6.265920e-06
46	SET	4.002010e-01	7.956830e-06
46	SET	4.502210e-01	1.056370e-05
46	SET	5.002750e-01	1.149000e-05
46	SET	5.503220e-01	1.258470e-05
46	SET	6.003480e-01	1.390650e-05
46	SET	6.504250e-01	1.619600e-05
46	SET	7.004150e-01	1.707960e-05
46	SET	7.504790e-01	2.339640e-05
46	SET	8.005190e-01	2.657930e-05
46	SET	8.505720e-01	3.059080e-05
46	SET	9.005770e-01	5.301420e-04
46	SET	9.506350e-01	5.301320e-04
46	SET	1.000680e+00	5.301380e-04
46	SET	1.050720e+00	5.301380e-04
46	SET	1.100720e+00	5.301370e-04
46	SET	1.150810e+00	5.301320e-04
46	SET	1.200830e+00	5.301390e-04
46	SET	1.250890e+00	5.301350e-04
46	SET	1.300880e+00	5.301340e-04
46	SET	1.350950e+00	5.301360e-04
46	SET	1.400970e+00	5.301330e-04
46	SET	1.451010e+00	5.301370e-04
46	SET	1.501020e+00	5.301330e-04
46	SET	1.551100e+00	5.301330e-04
46	SET	1.601090e+00	5.301300e-04
46	SET	1.651130e+00	5.301440e-04
46	SET	1.701170e+00	5.301360e-04
46	SET	1.751210e+00	5.301350e-04
46	SET	1.801240e+00	5.301390e-04
46	SET	1.851280e+00	5.301360e-04
46	SET	1.901280e+00	5.301370e-04
46	SET	1.951340e+00	5.301390e-04
46	SET	2.001370e+00	5.301410e-04
46	SET	2.001370e+00	5.301420e-04
46	SET	1.951330e+00	5.301360e-04
46	SET	1.901310e+00	5.301400e-04
46	SET	1.851300e+00	5.301330e-04
46	SET	1.801240e+00	5.301330e-04
46	SET	1.751210e+00	5.301380e-04
46	SET	1.701170e+00	5.301370e-04
46	SET	1.651150e+00	5.301370e-04
46	SET	1.601120e+00	5.301400e-04
46	SET	1.551050e+00	5.301400e-04
46	SET	1.501010e+00	5.301360e-04
46	SET	1.451030e+00	5.301420e-04
46	SET	1.400950e+00	5.301340e-04
46	SET	1.350950e+00	5.301340e-04
46	SET	1.300900e+00	5.301320e-04
46	SET	1.250860e+00	5.301320e-04
46	SET	1.200830e+00	5.301320e-04
46	SET	1.150810e+00	5.301330e-04
46	SET	1.100750e+00	5.301320e-04
46	SET	1.050740e+00	5.301330e-04
46	SET	1.000670e+00	5.301330e-04
46	SET	9.506550e-01	5.301330e-04
46	SET	9.006020e-01	5.301320e-04
46	SET	8.505950e-01	5.301320e-04
46	SET	8.005160e-01	5.301330e-04
46	SET	7.504860e-01	5.301350e-04
46	SET	7.004380e-01	5.301320e-04
46	SET	6.504450e-01	5.301350e-04
46	SET	6.003560e-01	5.301380e-04
46	SET	5.503400e-01	5.301370e-04
46	SET	5.002910e-01	5.301400e-04
46	SET	4.502670e-01	5.301370e-04
46	SET	4.001920e-01	5.301380e-04
46	SET	3.501630e-01	5.301400e-04
46	SET	3.001350e-01	5.301360e-04
46	SET	2.501050e-01	5.301400e-04
46	SET	2.001920e-01	4.453430e-04
46	SET	1.501610e-01	3.327400e-04
46	SET	1.001230e-01	2.209040e-04
46	SET	5.008600e-02	1.102120e-04
46	SET	4.398820e-05	3.230710e-07
46	RESET	4.668240e-05	3.581710e-07
46	RESET	-4.993760e-02	-1.105080e-04
46	RESET	-9.998130e-02	-2.217930e-04
46	RESET	-1.500180e-01	-3.340440e-04
46	RESET	-2.000550e-01	-4.474000e-04
46	RESET	-2.501910e-01	-5.456500e-04
46	RESET	-3.002390e-01	-5.943400e-04
46	RESET	-3.502700e-01	-6.475200e-04
46	RESET	-4.003500e-01	-7.160130e-04
46	RESET	-4.503830e-01	-6.945250e-06
46	RESET	-5.003980e-01	-8.274920e-06
46	RESET	-5.503850e-01	-1.067220e-05
46	RESET	-6.004810e-01	-1.263080e-05
46	RESET	-6.505070e-01	-1.512110e-05
46	RESET	-7.005770e-01	-1.768040e-05
46	RESET	-7.505800e-01	-2.002640e-05
46	RESET	-8.006500e-01	-2.425490e-05
46	RESET	-8.506570e-01	-3.219610e-05
46	RESET	-9.007270e-01	-3.346910e-05
46	RESET	-9.507420e-01	-4.100500e-05
46	RESET	-1.000790e+00	-5.042220e-05
46	RESET	-1.050810e+00	-5.309460e-05
46	RESET	-1.100880e+00	-6.029450e-05
46	RESET	-1.150940e+00	-6.595000e-05
46	RESET	-1.200950e+00	-7.116010e-05
46	RESET	-1.250980e+00	-8.058810e-05
46	RESET	-1.301020e+00	-8.531120e-05
46	RESET	-1.351080e+00	-9.033350e-05
46	RESET	-1.401090e+00	-9.698650e-05
46	RESET	-1.451150e+00	-1.051460e-04
46	RESET	-1.501170e+00	-1.102710e-04
46	RESET	-1.551220e+00	-1.186070e-04
46	RESET	-1.601220e+00	-1.309990e-04
46	RESET	-1.651250e+00	-1.398590e-04
46	RESET	-1.701320e+00	-1.524180e-04
46	RESET	-1.751370e+00	-1.678420e-04
46	RESET	-1.801370e+00	-1.795630e-04
46	RESET	-1.851430e+00	-1.928480e-04
46	RESET	-1.901450e+00	-2.120720e-04
46	RESET	-1.951460e+00	-2.335480e-04
46	RESET	-2.001500e+00	-2.646470e-04
46	RESET	-2.051620e+00	-2.955990e-04
46	RESET	-2.101580e+00	-3.287370e-04
46	RESET	-2.151840e+00	-3.575250e-04
46	RESET	-2.201500e+00	-4.302720e-04
46	RESET	-2.201580e+00	-4.263460e-04
46	RESET	-2.151730e+00	-3.684080e-04
46	RESET	-2.101460e+00	-3.272520e-04
46	RESET	-2.051530e+00	-2.890100e-04
46	RESET	-2.001480e+00	-2.604940e-04
46	RESET	-1.951480e+00	-2.319810e-04
46	RESET	-1.901430e+00	-2.113780e-04
46	RESET	-1.851410e+00	-1.921880e-04
46	RESET	-1.801360e+00	-1.748440e-04
46	RESET	-1.751370e+00	-1.609520e-04
46	RESET	-1.701290e+00	-1.473350e-04
46	RESET	-1.651270e+00	-1.347370e-04
46	RESET	-1.601240e+00	-1.215310e-04
46	RESET	-1.551230e+00	-1.116580e-04
46	RESET	-1.501160e+00	-1.009500e-04
46	RESET	-1.451140e+00	-9.331150e-05
46	RESET	-1.401100e+00	-8.496950e-05
46	RESET	-1.351090e+00	-7.639610e-05
46	RESET	-1.301030e+00	-6.845880e-05
46	RESET	-1.250990e+00	-6.151300e-05
46	RESET	-1.200930e+00	-5.619300e-05
46	RESET	-1.150950e+00	-5.004340e-05
46	RESET	-1.100880e+00	-4.439700e-05
46	RESET	-1.050820e+00	-3.828820e-05
46	RESET	-1.000810e+00	-3.486900e-05
46	RESET	-9.507540e-01	-2.981790e-05
46	RESET	-9.007210e-01	-2.646080e-05
46	RESET	-8.506870e-01	-2.220750e-05
46	RESET	-8.006390e-01	-1.870770e-05
46	RESET	-7.505910e-01	-1.602190e-05
46	RESET	-7.005620e-01	-1.343260e-05
46	RESET	-6.504950e-01	-1.126770e-05
46	RESET	-6.004890e-01	-9.456310e-06
46	RESET	-5.504360e-01	-7.425380e-06
46	RESET	-5.003970e-01	-5.847170e-06
46	RESET	-4.503610e-01	-4.683780e-06
46	RESET	-4.003520e-01	-3.665940e-06
46	RESET	-3.502870e-01	-2.834780e-06
46	RESET	-3.002420e-01	-2.159070e-06
46	RESET	-2.501850e-01	-1.481770e-06
46	RESET	-2.000580e-01	-1.035280e-06
46	RESET	-1.500290e-01	-6.774040e-07
46	RESET	-9.997880e-02	-4.036890e-07
46	RESET	-4.993870e-02	-2.079200e-07
46	RESET	3.533360e-05	1.075980e-10
47	SET	3.876690e-05	5.639670e-10
47	SET	5.006480e-02	1.881290e-07
47	SET	1.001200e-01	3.502810e-07
47	SET	1.501590e-01	6.979850e-07
47	SET	2.001980e-01	9.506350e-07
47	SET	2.501000e-01	1.455170e-06
47	SET	3.001420e-01	1.904440e-06
47	SET	3.501830e-01	2.602980e-06
47	SET	4.001950e-01	3.418350e-06
47	SET	4.502710e-01	5.293510e-06
47	SET	5.002640e-01	5.015230e-06
47	SET	5.503210e-01	6.120630e-06
47	SET	6.003660e-01	6.585900e-06
47	SET	6.504090e-01	9.862930e-06
47	SET	7.003770e-01	1.237310e-05
47	SET	7.505440e-01	1.478870e-05
47	SET	8.005090e-01	1.728090e-05
47	SET	8.505940e-01	1.679490e-05
47	SET	9.006010e-01	1.598360e-05
47	SET	9.506500e-01	5.301330e-04
47	SET	1.000680e+00	5.301350e-04
47	SET	1.050740e+00	5.301330e-04
47	SET	1.100740e+00	5.301360e-04
47	SET	1.150790e+00	5.301330e-04
47	SET	1.200810e+00	5.301370e-04
47	SET	1.250870e+00	5.301390e-04
47	SET	1.300920e+00	5.301330e-04
47	SET	1.350950e+00	5.301370e-04
47	SET	1.400970e+00	5.301350e-04
47	SET	1.451010e+00	5.301410e-04
47	SET	1.501010e+00	5.301400e-04
47	SET	1.551050e+00	5.301320e-04
47	SET	1.601080e+00	5.301390e-04
47	SET	1.651150e+00	5.301370e-04
47	SET	1.701140e+00	5.301370e-04
47	SET	1.751220e+00	5.301390e-04
47	SET	1.801210e+00	5.301360e-04
47	SET	1.851260e+00	5.301360e-04
47	SET	1.901280e+00	5.301340e-04
47	SET	1.951340e+00	5.301370e-04
47	SET	2.001350e+00	5.301410e-04
47	SET	2.001350e+00	5.301340e-04
47	SET	1.951330e+00	5.301390e-04
47	SET	1.901300e+00	5.301360e-04
47	SET	1.851280e+00	5.301330e-04
47	SET	1.801210e+00	5.301370e-04
47	SET	1.751210e+00	5.301330e-04
47	SET	1.701160e+00	5.301370e-04
47	SET	1.651120e+00	5.301370e-04
47	SET	1.601100e+00	5.301380e-04
47	SET	1.551070e+00	5.301380e-04
47	SET	1.501000e+00	5.301320e-04
47	SET	1.451030e+00	5.301330e-04
47	SET	1.400960e+00	5.301360e-04
47	SET	1.350930e+00	5.301330e-04
47	SET	1.300910e+00	5.301360e-04
47	SET	1.250860e+00	5.301380e-04
47	SET	1.200810e+00	5.301370e-04
47	SET	1.150800e+00	5.301320e-04
47	SET	1.100730e+00	5.301330e-04
47	SET	1.050730e+00	5.301360e-04
47	SET	1.000660e+00	5.301330e-04
47	SET	9.506720e-01	5.301330e-04
47	SET	9.005900e-01	5.301340e-04
47	SET	8.505630e-01	5.301370e-04
47	SET	8.005060e-01	5.301310e-04
47	SET	7.505030e-01	5.301320e-04
47	SET	7.004330e-01	5.301350e-04
47	SET	6.504140e-01	5.301380e-04
47	SET	6.003460e-01	5.301370e-04
47	SET	5.503230e-01	5.301390e-04
47	SET	5.002730e-01	5.301380e-04
47	SET	4.502740e-01	5.301380e-04
47	SET	4.001800e-01	5.301420e-04
47	SET	3.501680e-01	5.301370e-04
47	SET	3.001170e-01	5.301370e-04
47	SET	2.501080e-01	5.301380e-04
47	SET	2.001860e-01	4.411760e-04
47	SET	1.501510e-01	3.280650e-04
47	SET	1.001160e-01	2.168140e-04
47	SET	5.008020e-02	1.080590e-04
47	SET	3.380780e-05	2.213980e-07
47	RESET	3.533360e-05	3.543380e-07
47	RESET	-4.994570e-02	-1.071270e-04
47	RESET	-9.998510e-02	-2.156890e-04
47	RESET	-1.500270e-01	-3.261700e-04
47	RESET	-2.000630e-01	-4.408120e-04
47	RESET	-2.502050e-01	-5.515640e-04
47	RESET	-3.002570e-01	-2.730000e-04
47	RESET	-3.502780e-01	-3.039680e-04
47	RESET	-4.003120e-01	-3.384820e-04
47	RESET	-4.503670e-01	-3.712220e-04
47	RESET	-5.004010e-01	-4.040240e-04
47	RESET	-5.504540e-01	-4.400180e-04
47	RESET	-6.005000e-01	-4.740790e-04
47	RESET	-6.505050e-01	-4.831560e-04
47	RESET	-7.005680e-01	-3.860780e-04
47	RESET	-7.506010e-01	-3.350370e-04
47	RESET	-8.006780e-01	-3.405700e-04
47	RESET	-8.506640e-01	-2.984390e-04
47	RESET	-9.007110e-01	-1.977020e-04
47	RESET	-9.507530e-01	-1.853980e-04
47	RESET	-1.000820e+00	-2.493040e-04
47	RESET	-1.050830e+00	-2.421540e-04
47	RESET	-1.100880e+00	-1.614100e-04
47	RESET	-1.150960e+00	-1.587000e-04
47	RESET	-1.200970e+00	-1.202670e-04
47	RESET	-1.251000e+00	-1.229090e-04
47	RESET	-1.301020e+00	-1.391240e-04
47	RESET	-1.351090e+00	-1.592130e-04
47	RESET	-1.401070e+00	-1.939260e-04
47	RESET	-1.451170e+00	-7.637340e-05
47	RESET	-1.501170e+00	-8.397410e-05
47	RESET	-1.551230e+00	-9.266780e-05
47	RESET	-1.601220e+00	-9.856500e-05
47	RESET	-1.651310e+00	-1.104340e-04
47	RESET	-1.701320e+00	-1.193610e-04
47	RESET	-1.751360e+00	-1.319780e-04
47	RESET	-1.801360e+00	-1.482680e-04
47	RESET	-1.851430e+00	-1.611290e-04
47	RESET	-1.901450e+00	-1.792690e-04
47	RESET	-1.951470e+00	-2.001580e-04
47	RESET	-2.001470e+00	-2.196020e-04
47	RESET	-2.051700e+00	-2.523840e-04
47	RESET	-2.101480e+00	-2.903570e-04
47	RESET	-2.151920e+00	-3.374290e-04
47	RESET	-2.201820e+00	-4.040460e-04
47	RESET	-2.201920e+00	-4.133590e-04
47	RESET	-2.151810e+00	-3.554930e-04
47	RESET	-2.101740e+00	-3.093580e-04
47	RESET	-2.051870e+00	-2.785780e-04
47	RESET	-2.001500e+00	-2.510110e-04
47	RESET	-1.951490e+00	-2.258500e-04
47	RESET	-1.901450e+00	-2.049260e-04
47	RESET	-1.851430e+00	-1.860250e-04
47	RESET	-1.801380e+00	-1.676610e-04
47	RESET	-1.751360e+00	-1.521840e-04
47	RESET	-1.701290e+00	-1.388990e-04
47	RESET	-1.651300e+00	-1.258440e-04
47	RESET	-1.601250e+00	-1.143130e-04
47	RESET	-1.551220e+00	-1.030480e-04
47	RESET	-1.501190e+00	-9.402840e-05
47	RESET	-1.451140e+00	-8.486610e-05
47	RESET	-1.401100e+00	-7.710310e-05
47	RESET	-1.351090e+00	-6.890810e-05
47	RESET	-1.301030e+00	-6.240750e-05
47	RESET	-1.251000e+00	-5.548350e-05
47	RESET	-1.200930e+00	-4.985810e-05
47	RESET	-1.150940e+00	-4.445110e-05
47	RESET	-1.100880e+00	-3.907990e-05
47	RESET	-1.050820e+00	-3.443830e-05
47	RESET	-1.000810e+00	-3.006630e-05
47	RESET	-9.507420e-01	-2.623800e-05
47	RESET	-9.007200e-01	-2.282470e-05
47	RESET	-8.506530e-01	-1.954430e-05
47	RESET	-8.006730e-01	-1.652710e-05
47	RESET	-7.506070e-01	-1.411250e-05
47	RESET	-7.005660e-01	-1.196240e-05
47	RESET	-6.505440e-01	-9.868250e-06
47	RESET	-6.005020e-01	-8.039710e-06
47	RESET	-5.504180e-01	-6.420830e-06
47	RESET	-5.004180e-01	-5.144810e-06
47	RESET	-4.503580e-01	-3.814050e-06
47	RESET	-4.003400e-01	-3.024270e-06
47	RESET	-3.502920e-01	-2.229260e-06
47	RESET	-3.002560e-01	-1.645080e-06
47	RESET	-2.501980e-01	-1.144510e-06
47	RESET	-2.000700e-01	-7.817330e-07
47	RESET	-1.500280e-01	-4.818780e-07
47	RESET	-9.998710e-02	-2.745780e-07
47	RESET	-4.994520e-02	-1.129430e-07
47	RESET	4.191400e-05	1.534100e-10
48	SET	3.929140e-05	4.057650e-10
48	SET	5.004600e-02	6.768480e-08
48	SET	1.001050e-01	2.792860e-07
48	SET	1.501520e-01	4.183800e-07
48	SET	2.001880e-01	7.190960e-07
48	SET	2.501110e-01	1.115610e-06
48	SET	3.001430e-01	1.485210e-06
48	SET	3.501730e-01	1.939250e-06
48	SET	4.002010e-01	2.515670e-06
48	SET	4.502680e-01	3.274090e-06
48	SET	5.002740e-01	4.095990e-06
48	SET	5.503030e-01	5.352540e-06
48	SET	6.003490e-01	6.327650e-06
48	SET	6.504260e-01	7.368750e-06
48	SET	7.004400e-01	8.241410e-06
48	SET	7.504460e-01	9.190770e-06
48	SET	8.004870e-01	1.079240e-05
48	SET	8.505830e-01	1.262810e-05
48	SET	9.005990e-01	1.508610e-05
48	SET	9.506460e-01	5.301380e-04
48	SET	1.000680e+00	5.301340e-04
48	SET	1.050720e+00	5.301290e-04
48	SET	1.100750e+00	5.301300e-04
48	SET	1.150800e+00	5.301320e-04
48	SET	1.200810e+00	5.301370e-04
48	SET	1.250870e+00	5.301350e-04
48	SET	1.300920e+00	5.301220e-04
48	SET	1.350940e+00	5.301330e-04
48	SET	1.400960e+00	5.301250e-04
48	SET	1.451000e+00	5.301350e-04
48	SET	1.501010e+00	5.301330e-04
48	SET	1.551080e+00	5.301320e-04
48	SET	1.601090e+00	5.301330e-04
48	SET	1.651150e+00	5.301350e-04
48	SET	1.701150e+00	5.301350e-04
48	SET	1.751190e+00	5.301320e-04
48	SET	1.801210e+00	5.301350e-04
48	SET	1.851300e+00	5.301320e-04
48	SET	1.901290e+00	5.301330e-04
48	SET	1.951330e+00	5.301320e-04
48	SET	2.001350e+00	5.301370e-04
48	SET	2.001350e+00	5.301360e-04
48	SET	1.951340e+00	5.301360e-04
48	SET	1.901290e+00	5.301350e-04
48	SET	1.851260e+00	5.301380e-04
48	SET	1.801220e+00	5.301330e-04
48	SET	1.751200e+00	5.301280e-04
48	SET	1.701170e+00	5.301360e-04
48	SET	1.651140e+00	5.301320e-04
48	SET	1.601110e+00	5.301320e-04
48	SET	1.551070e+00	5.301290e-04
48	SET	1.501010e+00	5.301350e-04
48	SET	1.451010e+00	5.301290e-04
48	SET	1.400950e+00	5.301330e-04
48	SET	1.350920e+00	5.301290e-04
48	SET	1.300880e+00	5.301260e-04
48	SET	1.250870e+00	5.301360e-04
48	SET	1.200820e+00	5.301350e-04
48	SET	1.150790e+00	5.301330e-04
48	SET	1.100730e+00	5.301300e-04
48	SET	1.050750e+00	5.301330e-04
48	SET	1.000680e+00	5.301300e-04
48	SET	9.506540e-01	5.301330e-04
48	SET	9.005950e-01	5.301350e-04
48	SET	8.505870e-01	5.301330e-04
48	SET	8.005110e-01	5.301360e-04
48	SET	7.504830e-01	5.301360e-04
48	SET	7.004140e-01	5.301300e-04
48	SET	6.504240e-01	5.301380e-04
48	SET	6.003550e-01	5.301340e-04
48	SET	5.503350e-01	5.301340e-04
48	SET	5.003020e-01	5.301320e-04
48	SET	4.502750e-01	5.301350e-04
48	SET	4.001920e-01	5.301350e-04
48	SET	3.501740e-01	5.301360e-04
48	SET	3.001360e-01	5.301350e-04
48	SET	2.501200e-01	4.613190e-04
48	SET	2.001920e-01	3.843360e-04
48	SET	1.501520e-01	2.863460e-04
48	SET	1.001210e-01	1.900650e-04
48	SET	5.007770e-02	9.456230e-05
48	SET	3.902910e-05	2.741210e-07
48	RESET	3.957750e-05	3.142470e-07
48	RESET	-4.989530e-02	-9.293770e-05
48	RESET	-9.999130e-02	-1.861970e-04
48	RESET	-1.500260e-01	-2.801650e-04
48	RESET	-2.000660e-01	-1.132250e-05
48	RESET	-2.502110e-01	-2.989520e-06
48	RESET	-3.002650e-01	-3.887200e-06
48	RESET	-3.502880e-01	-5.080860e-06
48	RESET	-4.002870e-01	-6.871190e-06
48	RESET	-4.503580e-01	-7.750910e-06
48	RESET	-5.004220e-01	-9.203340e-06
48	RESET	-5.504460e-01	-9.520350e-06
48	RESET	-6.004690e-01	-1.080510e-05
48	RESET	-6.505350e-01	-1.342720e-05
48	RESET	-7.005850e-01	-1.614420e-05
48	RESET	-7.506290e-01	-1.840090e-05
48	RESET	-8.006660e-01	-1.959100e-05
48	RESET	-8.506770e-01	-2.321820e-05
48	RESET	-9.007230e-01	-2.717610e-05
48	RESET	-9.507740e-01	-3.048320e-05
48	RESET	-1.000800e+00	-3.425680e-05
48	RESET	-1.050820e+00	-3.888640e-05
48	RESET	-1.100900e+00	-4.291350e-05
48	RESET	-1.150970e+00	-4.881590e-05
48	RESET	-1.200970e+00	-5.297930e-05
48	RESET	-1.251010e+00	-5.772640e-05
48	RESET	-1.301030e+00	-6.489210e-05
48	RESET	-1.351080e+00	-7.297650e-05
48	RESET	-1.401100e+00	-8.108590e-05
48	RESET	-1.451130e+00	-8.845290e-05
48	RESET	-1.501160e+00	-9.547810e-05
48	RESET	-1.551230e+00	-1.034030e-04
48	RESET	-1.601220e+00	-1.120840e-04
48	RESET	-1.651290e+00	-1.211580e-04
48	RESET	-1.701310e+00	-1.363190e-04
48	RESET	-1.751370e+00	-1.457830e-04
48	RESET	-1.801370e+00	-1.621130e-04
48	RESET	-1.851420e+00	-1.751680e-04
48	RESET	-1.901440e+00	-1.923390e-04
48	RESET	-1.951480e+00	-2.119250e-04
48	RESET	-2.001500e+00	-2.268710e-04
48	RESET	-2.051690e+00	-2.552820e-04
48	RESET	-2.101460e+00	-2.984980e-04
48	RESET	-2.151930e+00	-3.506640e-04
48	RESET	-2.201860e+00	-4.201650e-04
48	RESET	-2.201770e+00	-4.278420e-04
48	RESET	-2.151930e+00	-3.781320e-04
48	RESET	-2.101730e+00	-3.213820e-04
48	RESET	-2.051530e+00	-2.954610e-04
48	RESET	-2.001500e+00	-2.549880e-04
48	RESET	-1.951470e+00	-2.287530e-04
48	RESET	-1.901450e+00	-2.061580e-04
48	RESET	-1.851410e+00	-1.873630e-04
48	RESET	-1.801370e+00	-1.715360e-04
48	RESET	-1.751360e+00	-1.549110e-04
48	RESET	-1.701320e+00	-1.413260e-04
48	RESET	-1.651290e+00	-1.284250e-04
48	RESET	-1.601230e+00	-1.157020e-04
48	RESET	-1.551240e+00	-1.051360e-04
48	RESET	-1.501180e+00	-9.474070e-05
48	RESET	-1.451130e+00	-8.557210e-05
48	RESET	-1.401090e+00	-7.739120e-05
48	RESET	-1.351080e+00	-6.927380e-05
48	RESET	-1.301030e+00	-6.322730e-05
48	RESET	-1.251030e+00	-5.560580e-05
48	RESET	-1.200970e+00	-4.954770e-05
48	RESET	-1.150960e+00	-4.349530e-05
48	RESET	-1.100900e+00	-3.876120e-05
48	RESET	-1.050840e+00	-3.352960e-05
48	RESET	-1.000810e+00	-2.919920e-05
48	RESET	-9.507780e-01	-2.587410e-05
48	RESET	-9.007390e-01	-2.207110e-05
48	RESET	-8.506600e-01	-1.833160e-05
48	RESET	-8.006580e-01	-1.574710e-05
48	RESET	-7.505910e-01	-1.315540e-05
48	RESET	-7.005660e-01	-1.082110e-05
48	RESET	-6.505140e-01	-8.801560e-06
48	RESET	-6.005090e-01	-7.066260e-06
48	RESET	-5.504430e-01	-5.616880e-06
48	RESET	-5.003910e-01	-4.306530e-06
48	RESET	-4.503450e-01	-3.291720e-06
48	RESET	-4.003310e-01	-2.469580e-06
48	RESET	-3.502670e-01	-1.853510e-06
48	RESET	-3.002590e-01	-1.407900e-06
48	RESET	-2.501900e-01	-1.000260e-06
48	RESET	-2.000540e-01	-6.804430e-07
48	RESET	-1.500240e-01	-4.466400e-07
48	RESET	-9.997740e-02	-2.589720e-07
48	RESET	-4.994290e-02	-1.071030e-07
48	RESET	3.380780e-05	8.916860e-12
49	SET	3.228190e-05	2.657180e-10
49	SET	5.003870e-02	7.275530e-08
49	SET	1.000950e-01	2.840670e-07
49	SET	1.501510e-01	3.904440e-07
49	SET	2.001840e-01	6.043160e-07
49	SET	2.501190e-01	8.428350e-07
49	SET	3.001200e-01	1.221180e-06
49	SET	3.501630e-01	2.103240e-06
49	SET	4.001900e-01	2.721240e-06
49	SET	4.502560e-01	3.869880e-06
49	SET	5.002810e-01	4.465510e-06
49	SET	5.503290e-01	5.638500e-06
49	SET	6.003060e-01	8.096210e-06
49	SET	6.504270e-01	6.919780e-06
49	SET	7.004020e-01	9.386560e-06
49	SET	7.504480e-01	1.196660e-05
49	SET	8.005040e-01	1.484960e-05
49	SET	8.505780e-01	1.421570e-05
49	SET	9.005820e-01	1.785730e-05
49	SET	9.506490e-01	1.905960e-05
49	SET	1.000680e+00	2.054030e-05
49	SET	1.050710e+00	5.301410e-04
49	SET	1.100730e+00	5.301360e-04
49	SET	1.150800e+00	5.301350e-04
49	SET	1.200830e+00	5.301350e-04
49	SET	1.250870e+00	5.301350e-04
49	SET	1.300900e+00	5.301320e-04
49	SET	1.350930e+00	5.301360e-04
49	SET	1.400960e+00	5.301350e-04
49	SET	1.451030e+00	5.301390e-04
49	SET	1.501010e+00	5.301390e-04
49	SET	1.551060e+00	5.301400e-04
49	SET	1.601080e+00	5.301390e-04
49	SET	1.651120e+00	5.301440e-04
49	SET	1.701150e+00	5.301370e-04
49	SET	1.751190e+00	5.301420e-04
49	SET	1.801230e+00	5.301380e-04
49	SET	1.851280e+00	5.301420e-04
49	SET	1.901290e+00	5.301380e-04
49	SET	1.951330e+00	5.301430e-04
49	SET	2.001370e+00	5.301390e-04
49	SET	2.001350e+00	5.301390e-04
49	SET	1.951330e+00	5.301410e-04
49	SET	1.901290e+00	5.301390e-04
49	SET	1.851260e+00	5.301380e-04
49	SET	1.801230e+00	5.301420e-04
49	SET	1.751210e+00	5.301360e-04
49	SET	1.701160e+00	5.301320e-04
49	SET	1.651130e+00	5.301410e-04
49	SET	1.601110e+00	5.301350e-04
49	SET	1.551070e+00	5.301330e-04
49	SET	1.501000e+00	5.301410e-04
49	SET	1.451020e+00	5.301370e-04
49	SET	1.400960e+00	5.301400e-04
49	SET	1.350920e+00	5.301360e-04
49	SET	1.300870e+00	5.301350e-04
49	SET	1.250870e+00	5.301360e-04
49	SET	1.200830e+00	5.301320e-04
49	SET	1.150780e+00	5.301320e-04
49	SET	1.100730e+00	5.301330e-04
49	SET	1.050720e+00	5.301370e-04
49	SET	1.000670e+00	5.301400e-04
49	SET	9.506250e-01	5.301390e-04
49	SET	9.005870e-01	5.301380e-04
49	SET	8.505610e-01	5.301340e-04
49	SET	8.005040e-01	5.301390e-04
49	SET	7.504840e-01	5.301430e-04
49	SET	7.004220e-01	5.301350e-04
49	SET	6.504170e-01	5.301400e-04
49	SET	6.003540e-01	5.301440e-04
49	SET	5.503200e-01	5.301370e-04
49	SET	5.002970e-01	5.301410e-04
49	SET	4.502590e-01	5.301360e-04
49	SET	4.001830e-01	5.301450e-04
49	SET	3.501510e-01	5.301410e-04
49	SET	3.001190e-01	5.082660e-04
49	SET	2.501120e-01	4.242040e-04
49	SET	2.001810e-01	3.509180e-04
49	SET	1.501530e-01	2.620700e-04
49	SET	1.001190e-01	1.739360e-04
49	SET	5.007600e-02	8.675800e-05
49	SET	3.085140e-05	2.429050e-07
49	RESET	3.354550e-05	2.776710e-07
49	RESET	-4.989240e-02	-8.563770e-05
49	RESET	-9.998260e-02	-1.721180e-04
49	RESET	-1.500250e-01	-2.581280e-04
49	RESET	-2.000560e-01	-3.418730e-04
49	RESET	-2.501880e-01	-4.232060e-04
49	RESET	-3.002310e-01	-4.341490e-05
49	RESET	-3.502870e-01	-5.212460e-05
49	RESET	-4.003450e-01	-5.500880e-05
49	RESET	-4.503600e-01	-6.420120e-05
49	RESET	-5.004010e-01	-7.222270e-05
49	RESET	-5.504280e-01	-8.220960e-05
49	RESET	-6.004840e-01	-9.216670e-05
49	RESET	-6.505020e-01	-9.965900e-05
49	RESET	-7.005590e-01	-1.090840e-04
49	RESET	-7.505920e-01	-1.158330e-04
49	RESET	-8.006510e-01	-1.255390e-04
49	RESET	-8.506850e-01	-1.160450e-04
49	RESET	-9.007310e-01	-1.055860e-04
49	RESET	-9.507800e-01	-1.151720e-04
49	RESET	-1.000810e+00	-1.243960e-04
49	RESET	-1.050820e+00	-1.263840e-04
49	RESET	-1.100880e+00	-1.374310e-04
49	RESET	-1.150920e+00	-1.961110e-04
49	RESET	-1.200960e+00	-1.934380e-04
49	RESET	-1.251010e+00	-4.797610e-05
49	RESET	-1.301020e+00	-5.379300e-05
49	RESET	-1.351070e+00	-6.030570e-05
49	RESET	-1.401100e+00	-6.972770e-05
49	RESET	-1.451150e+00	-7.664900e-05
49	RESET	-1.501180e+00	-8.532470e-05
49	RESET	-1.551220e+00	-9.375460e-05
49	RESET	-1.601230e+00	-1.048030e-04
49	RESET	-1.651280e+00	-1.175040e-04
49	RESET	-1.701300e+00	-1.275070e-04
49	RESET	-1.751350e+00	-1.397310e-04
49	RESET	-1.801370e+00	-1.528660e-04
49	RESET	-1.851390e+00	-1.694380e-04
49	RESET	-1.901450e+00	-1.873280e-04
49	RESET	-1.951490e+00	-2.063510e-04
49	RESET	-2.001510e+00	-2.312620e-04
49	RESET	-2.051510e+00	-2.702920e-04
49	RESET	-2.101490e+00	-3.019280e-04
49	RESET	-2.151700e+00	-3.682560e-04
49	RESET	-2.201680e+00	-4.324480e-04
49	RESET	-2.201780e+00	-4.258940e-04
49	RESET	-2.151940e+00	-3.608440e-04
49	RESET	-2.101590e+00	-3.156960e-04
49	RESET	-2.051670e+00	-2.810780e-04
49	RESET	-2.001520e+00	-2.523700e-04
49	RESET	-1.951480e+00	-2.291310e-04
49	RESET	-1.901440e+00	-2.055070e-04
49	RESET	-1.851410e+00	-1.878440e-04
49	RESET	-1.801380e+00	-1.715670e-04
49	RESET	-1.751340e+00	-1.567710e-04
49	RESET	-1.701340e+00	-1.444500e-04
49	RESET	-1.651280e+00	-1.314230e-04
49	RESET	-1.601220e+00	-1.202740e-04
49	RESET	-1.551230e+00	-1.083040e-04
49	RESET	-1.501170e+00	-9.897760e-05
49	RESET	-1.451140e+00	-9.097020e-05
49	RESET	-1.401110e+00	-8.152460e-05
49	RESET	-1.351090e+00	-7.325490e-05
49	RESET	-1.301020e+00	-6.674290e-05
49	RESET	-1.251000e+00	-6.009980e-05
49	RESET	-1.200970e+00	-5.336450e-05
49	RESET	-1.150930e+00	-4.692120e-05
49	RESET	-1.100880e+00	-4.139780e-05
49	RESET	-1.050830e+00	-3.706850e-05
49	RESET	-1.000800e+00	-3.213130e-05
49	RESET	-9.507570e-01	-2.799130e-05
49	RESET	-9.007120e-01	-2.413410e-05
49	RESET	-8.506700e-01	-2.080400e-05
49	RESET	-8.006710e-01	-1.759260e-05
49	RESET	-7.506250e-01	-1.478370e-05
49	RESET	-7.005720e-01	-1.225990e-05
49	RESET	-6.505370e-01	-9.809680e-06
49	RESET	-6.005170e-01	-8.324730e-06
49	RESET	-5.504390e-01	-6.710330e-06
49	RESET	-5.004280e-01	-5.457600e-06
49	RESET	-4.503490e-01	-4.295470e-06
49	RESET	-4.003710e-01	-3.590570e-06
49	RESET	-3.502790e-01	-2.712290e-06
49	RESET	-3.002740e-01	-1.872800e-06
49	RESET	-2.501770e-01	-1.391550e-06
49	RESET	-2.000670e-01	-1.102180e-06
49	RESET	-1.500270e-01	-7.229990e-07
49	RESET	-9.998340e-02	-3.993710e-07
49	RESET	-4.995010e-02	-1.828970e-07
49	RESET	2.968310e-05	1.671910e-10
50	SET	3.228190e-05	2.197030e-10
50	SET	5.001390e-02	8.343820e-08
50	SET	1.000860e-01	3.399840e-07
50	SET	1.501460e-01	4.920130e-07
50	SET	2.001770e-01	9.567550e-07
50	SET	2.501000e-01	1.264530e-06
50	SET	3.001280e-01	1.716940e-06
50	SET	3.501590e-01	2.123200e-06
50	SET	4.001880e-01	3.581430e-06
50	SET	4.502600e-01	4.883700e-06
50	SET	5.002700e-01	5.566170e-06
50	SET	5.503010e-01	5.707870e-06
50	SET	6.003410e-01	6.801570e-06
50	SET	6.504210e-01	7.957480e-06
50	SET	7.003970e-01	1.094510e-05
50	SET	7.504470e-01	1.219950e-05
50	SET	8.005040e-01	1.514410e-05
50	SET	8.505820e-01	1.844500e-05
50	SET	9.005700e-01	5.301420e-04
50	SET	9.506670e-01	5.301420e-04
50	SET	1.000670e+00	5.301320e-04
50	SET	1.050710e+00	5.301320e-04
50	SET	1.100730e+00	5.301320e-04
50	SET	1.150790e+00	5.301300e-04
50	SET	1.200820e+00	5.301320e-04
50	SET	1.250840e+00	5.301300e-04
50	SET	1.300890e+00	5.301330e-04
50	SET	1.350930e+00	5.301400e-04
50	SET	1.400960e+00	5.301290e-04
50	SET	1.451010e+00	5.301320e-04
50	SET	1.501010e+00	5.301380e-04
50	SET	1.551060e+00	5.301320e-04
50	SET	1.601080e+00	5.301330e-04
50	SET	1.651130e+00	5.301360e-04
50	SET	1.701140e+00	5.301370e-04
50	SET	1.751200e+00	5.301270e-04
50	SET	1.801210e+00	5.301320e-04
50	SET	1.851260e+00	5.301320e-04
50	SET	1.901280e+00	5.301320e-04
50	SET	1.951330e+00	5.301340e-04
50	SET	2.001340e+00	5.301320e-04
50	SET	2.001360e+00	5.301310e-04
50	SET	1.951330e+00	5.301330e-04
50	SET	1.901270e+00	5.301340e-04
50	SET	1.851250e+00	5.301270e-04
50	SET	1.801210e+00	5.301310e-04
50	SET	1.751190e+00	5.301320e-04
50	SET	1.701150e+00	5.301290e-04
50	SET	1.651130e+00	5.301290e-04
50	SET	1.601100e+00	5.301290e-04
50	SET	1.551050e+00	5.301280e-04
50	SET	1.501020e+00	5.301260e-04
50	SET	1.451010e+00	5.301290e-04
50	SET	1.400960e+00	5.301290e-04
50	SET	1.350920e+00	5.301270e-04
50	SET	1.300910e+00	5.301240e-04
50	SET	1.250860e+00	5.301260e-04
50	SET	1.200820e+00	5.301280e-04
50	SET	1.150790e+00	5.301240e-04
50	SET	1.100730e+00	5.301240e-04
50	SET	1.050730e+00	5.301250e-04
50	SET	1.000670e+00	5.301290e-04
50	SET	9.506270e-01	5.301290e-04
50	SET	9.005940e-01	5.301290e-04
50	SET	8.505770e-01	5.301240e-04
50	SET	8.005030e-01	5.301330e-04
50	SET	7.504880e-01	5.301350e-04
50	SET	7.004270e-01	5.301290e-04
50	SET	6.504180e-01	5.301330e-04
50	SET	6.003490e-01	5.301260e-04
50	SET	5.502940e-01	5.301310e-04
50	SET	5.002820e-01	5.301300e-04
50	SET	4.502510e-01	5.301340e-04
50	SET	4.001830e-01	5.301390e-04
50	SET	3.501450e-01	4.756740e-04
50	SET	3.001410e-01	4.071890e-04
50	SET	2.500900e-01	3.388960e-04
50	SET	2.001850e-01	2.777000e-04
50	SET	1.501500e-01	2.120650e-04
50	SET	1.001120e-01	1.418960e-04
50	SET	5.007380e-02	7.249020e-05
50	SET	2.958770e-05	1.818080e-07
50	RESET	3.695490e-05	2.079200e-07
50	RESET	-4.989070e-02	-7.023760e-05
50	RESET	-9.998720e-02	-1.403640e-04
50	RESET	-1.500280e-01	-2.081740e-04
50	RESET	-2.000630e-01	-2.691330e-04
50	RESET	-2.501850e-01	-3.335180e-04
50	RESET	-3.002550e-01	-3.971860e-04
50	RESET	-3.502730e-01	-3.552050e-04
50	RESET	-4.003370e-01	-3.798220e-04
50	RESET	-4.503630e-01	-4.086010e-04
50	RESET	-5.004040e-01	-4.337680e-04
50	RESET	-5.504440e-01	-4.204280e-05
50	RESET	-6.005030e-01	-4.675080e-05
50	RESET	-6.504990e-01	-5.084650e-05
50	RESET	-7.005560e-01	-5.706010e-05
50	RESET	-7.505940e-01	-6.112820e-05
50	RESET	-8.006660e-01	-6.395940e-05
50	RESET	-8.506530e-01	-7.138820e-05
50	RESET	-9.007460e-01	-5.362160e-05
50	RESET	-9.507780e-01	-4.904260e-05
50	RESET	-1.000790e+00	-5.272300e-05
50	RESET	-1.050820e+00	-5.724310e-05
50	RESET	-1.100890e+00	-5.879870e-05
50	RESET	-1.150950e+00	-6.515430e-05
50	RESET	-1.200950e+00	-7.206590e-05
50	RESET	-1.251000e+00	-7.664880e-05
50	RESET	-1.301030e+00	-8.246770e-05
50	RESET	-1.351080e+00	-9.119950e-05
50	RESET	-1.401100e+00	-9.671500e-05
50	RESET	-1.451150e+00	-1.017490e-04
50	RESET	-1.501200e+00	-1.067330e-04
50	RESET	-1.551230e+00	-1.179510e-04
50	RESET	-1.601230e+00	-1.281180e-04
50	RESET	-1.651280e+00	-1.326220e-04
50	RESET	-1.701320e+00	-1.441920e-04
50	RESET	-1.751360e+00	-1.562550e-04
50	RESET	-1.801360e+00	-1.670240e-04
50	RESET	-1.851430e+00	-1.823430e-04
50	RESET	-1.901440e+00	-1.987870e-04
50	RESET	-1.951480e+00	-2.180500e-04
50	RESET	-2.001510e+00	-2.399210e-04
50	RESET	-2.051740e+00	-2.716600e-04
50	RESET	-2.101560e+00	-3.090290e-04
50	RESET	-2.152020e+00	-3.492230e-04
50	RESET	-2.201860e+00	-4.265950e-04
50	RESET	-2.201760e+00	-4.270470e-04
50	RESET	-2.151760e+00	-3.685940e-04
50	RESET	-2.101510e+00	-3.164380e-04
50	RESET	-2.051740e+00	-2.806120e-04
50	RESET	-2.001500e+00	-2.490950e-04
50	RESET	-1.951510e+00	-2.254290e-04
50	RESET	-1.901460e+00	-2.051540e-04
50	RESET	-1.851410e+00	-1.864700e-04
50	RESET	-1.801380e+00	-1.678560e-04
50	RESET	-1.751330e+00	-1.513490e-04
50	RESET	-1.701310e+00	-1.382790e-04
50	RESET	-1.651280e+00	-1.280200e-04
50	RESET	-1.601220e+00	-1.155200e-04
50	RESET	-1.551210e+00	-1.058700e-04
50	RESET	-1.501180e+00	-9.477580e-05
50	RESET	-1.451140e+00	-8.740720e-05
50	RESET	-1.401090e+00	-7.830810e-05
50	RESET	-1.351100e+00	-7.148900e-05
50	RESET	-1.301020e+00	-6.417230e-05
50	RESET	-1.251010e+00	-5.724020e-05
50	RESET	-1.200940e+00	-5.064060e-05
50	RESET	-1.150960e+00	-4.544600e-05
50	RESET	-1.100890e+00	-4.086780e-05
50	RESET	-1.050840e+00	-3.541600e-05
50	RESET	-1.000800e+00	-3.110410e-05
50	RESET	-9.507590e-01	-2.717880e-05
50	RESET	-9.007170e-01	-2.315900e-05
50	RESET	-8.506700e-01	-1.977010e-05
50	RESET	-8.006650e-01	-1.656610e-05
50	RESET	-7.505950e-01	-1.430430e-05
50	RESET	-7.005660e-01	-1.189230e-05
50	RESET	-6.505230e-01	-1.010960e-05
50	RESET	-6.004970e-01	-8.252090e-06
50	RESET	-5.504370e-01	-6.868030e-06
50	RESET	-5.004060e-01	-5.680430e-06
50	RESET	-4.503500e-01	-4.631830e-06
50	RESET	-4.003310e-01	-3.729180e-06
50	RESET	-3.502840e-01	-2.882860e-06
50	RESET	-3.002590e-01	-2.166620e-06
50	RESET	-2.501890e-01	-1.619450e-06
50	RESET	-2.000610e-01	-1.128710e-06
50	RESET	-1.500280e-01	-8.411270e-07
50	RESET	-9.998360e-02	-4.698040e-07
50	RESET	-4.994310e-02	-2.258520e-07
50	RESET	4.010200e-05	6.216880e-10
