Time elapsed	Time stamp	Sweep_WaitingTimes Value	Sweep_WaitingTimes Index	Loop2 Index	SMU_BE_reset Voltage	SMU_BE_reset Current	SMU_TE_reset Voltage	SMU_TE_reset Current
s					V	A	V	A

6.85810070e+00	2026-09-04T17:18:29.061194	0.00000000e+00	1	1	4.68016000e-05	3.88838000e-08	4.29153000e-07	-1.98890000e-09
6.89419390e+00	2026-09-04T17:18:29.108291	0.00000000e+00	1	1	-1.01089000e-05	8.42118000e-05	-4.99880000e-02	-8.41909000e-05
6.92325460e+00	2026-09-04T17:18:29.139799	0.00000000e+00	1	1	3.58343000e-05	1.72154000e-04	-1.00084000e-01	-1.72072000e-04
6.97273920e+00	2026-09-04T17:18:29.187899	0.00000000e+00	1	1	3.81708000e-05	2.65205000e-04	-1.50126000e-01	-2.64985000e-04
6.98509970e+00	2026-09-04T17:18:29.197611	0.00000000e+00	1	1	3.37839000e-05	3.64742000e-04	-2.00165000e-01	-3.64540000e-04
6.99337210e+00	2026-09-04T17:18:29.209824	0.00000000e+00	1	1	3.57389000e-05	4.71216000e-04	-2.50301000e-01	-4.71036000e-04
7.00213850e+00	2026-09-04T17:18:29.209824	0.00000000e+00	1	1	3.71933000e-05	5.84940000e-04	-3.00370000e-01	-5.84192000e-04
7.02487230e+00	2026-09-04T17:18:29.235107	0.00000000e+00	1	1	3.18766000e-05	7.04930000e-04	-3.50394000e-01	-7.04696000e-04
7.03284380e+00	2026-09-04T17:18:29.235107	0.00000000e+00	1	1	2.55108000e-05	8.30634000e-04	-4.00457000e-01	-8.30120000e-04
7.08262500e+00	2026-09-04T17:18:29.299353	0.00000000e+00	1	1	2.87294000e-05	9.60704000e-04	-4.50469000e-01	-9.60675000e-04
7.09500920e+00	2026-09-04T17:18:29.308903	0.00000000e+00	1	1	-6.67572000e-07	1.09571000e-03	-5.00486000e-01	-1.09557000e-03
7.12183930e+00	2026-09-04T17:18:29.330720	0.00000000e+00	1	1	3.93391000e-05	1.23302000e-03	-5.50560000e-01	-1.23271000e-03
7.12989450e+00	2026-09-04T17:18:29.346688	0.00000000e+00	1	1	3.26872000e-05	1.37337000e-03	-6.00620000e-01	-1.37270000e-03
7.17958520e+00	2026-09-04T17:18:29.394775	0.00000000e+00	1	1	3.68357000e-05	1.51526000e-03	-6.50626000e-01	-1.51501000e-03
7.21003920e+00	2026-09-04T17:18:29.426214	0.00000000e+00	1	1	3.58343000e-05	1.65767000e-03	-7.00689000e-01	-1.65688000e-03
7.21799760e+00	2026-09-04T17:18:29.426214	0.00000000e+00	1	1	3.98874000e-05	1.80248000e-03	-7.50722000e-01	-1.80259000e-03
7.24157310e+00	2026-09-04T17:18:29.457885	0.00000000e+00	1	1	4.06027000e-05	1.94996000e-03	-8.00787000e-01	-1.94942000e-03
7.27903450e+00	2026-09-04T17:18:29.491174	0.00000000e+00	1	1	3.70026000e-05	2.10059000e-03	-8.50767000e-01	-2.10112000e-03
7.30506710e+00	2026-09-04T17:18:29.522068	0.00000000e+00	1	1	3.42131000e-05	2.25088000e-03	-9.00834000e-01	-2.25144000e-03
7.31306000e+00	2026-09-04T17:18:29.522068	0.00000000e+00	1	1	3.65496000e-05	2.40028000e-03	-9.50899000e-01	-2.40078000e-03
7.34022430e+00	2026-09-04T17:18:29.553105	0.00000000e+00	1	1	3.32356000e-05	2.56328000e-03	-1.00093000e+00	-2.56737000e-03
7.37542350e+00	2026-09-04T17:18:29.584799	0.00000000e+00	1	1	3.62873000e-05	2.72149000e-03	-1.05095000e+00	-2.72257000e-03
7.38304250e+00	2026-09-04T17:18:29.584799	0.00000000e+00	1	1	3.40462000e-05	2.87505000e-03	-1.10100000e+00	-2.88699000e-03
7.43563100e+00	2026-09-04T17:18:29.648652	0.00000000e+00	1	1	4.24147000e-05	3.05381000e-03	-1.15109000e+00	-3.05597000e-03
7.46394200e+00	2026-09-04T17:18:29.680240	0.00000000e+00	1	1	4.07934000e-05	3.21544000e-03	-1.20112000e+00	-3.21638000e-03
7.47202060e+00	2026-09-04T17:18:29.680240	0.00000000e+00	1	1	3.86238000e-05	3.36925000e-03	-1.25115000e+00	-3.37120000e-03
7.49593710e+00	2026-09-04T17:18:29.711624	0.00000000e+00	1	1	4.16756000e-05	3.54467000e-03	-1.30115000e+00	-3.54543000e-03
7.51168760e+00	2026-09-04T17:18:29.727359	0.00000000e+00	1	1	3.65496000e-05	3.70339000e-03	-1.35123000e+00	-3.71210000e-03
7.53940570e+00	2026-09-04T17:18:29.753961	0.00000000e+00	1	1	3.57389000e-05	3.86329000e-03	-1.40124000e+00	-3.86495000e-03
7.55850080e+00	2026-09-04T17:18:29.774927	0.00000000e+00	1	1	3.96967000e-05	4.02492000e-03	-1.45128000e+00	-4.02691000e-03
7.59199740e+00	2026-09-04T17:18:29.806434	0.00000000e+00	1	1	4.28438000e-05	4.18761000e-03	-1.50131000e+00	-4.19170000e-03
7.62221560e+00	2026-09-04T17:18:29.838427	0.00000000e+00	1	1	4.13179000e-05	4.34455000e-03	-1.55136000e+00	-4.34617000e-03
7.63017390e+00	2026-09-04T17:18:29.838427	0.00000000e+00	1	1	2.80142000e-05	4.49382000e-03	-1.60135000e+00	-4.49449000e-03
7.65406900e+00	2026-09-04T17:18:29.869738	0.00000000e+00	1	1	3.16143000e-05	4.66522000e-03	-1.65143000e+00	-4.66614000e-03
7.66277670e+00	2026-09-04T17:18:29.869738	0.00000000e+00	1	1	3.97921000e-05	4.81017000e-03	-1.70143000e+00	-4.80989000e-03
7.68516210e+00	2026-09-04T17:18:29.901112	0.00000000e+00	1	1	3.70026000e-05	4.91880000e-03	-1.75151000e+00	-4.75252000e-03
7.70620920e+00	2026-09-04T17:18:29.917165	0.00000000e+00	1	1	1.00231000e-04	2.28527000e-03	-1.80156000e+00	-7.54109000e-04
7.71639310e+00	2026-09-04T17:18:29.932846	0.00000000e+00	1	1	6.47068000e-05	7.18351000e-04	-1.85159000e+00	-6.37796000e-04
7.76501570e+00	2026-09-04T17:18:29.981052	0.00000000e+00	1	1	3.11613000e-05	4.68899000e-04	-1.90163000e+00	-4.57145000e-04
7.77352370e+00	2026-09-04T17:18:29.981052	0.00000000e+00	1	1	3.23296000e-05	4.97967000e-04	-1.95165000e+00	-4.83763000e-04
7.79671930e+00	2026-09-04T17:18:30.012958	0.00000000e+00	1	1	2.59399000e-05	5.02590000e-04	-2.00168000e+00	-4.91851000e-04
7.81942320e+00	2026-09-04T17:18:30.028863	0.00000000e+00	1	1	2.73943000e-05	4.88760000e-04	-2.00167000e+00	-4.68501000e-04
7.86063460e+00	2026-09-04T17:18:30.076875	0.00000000e+00	1	1	3.54767000e-05	4.30148000e-04	-1.95165000e+00	-4.23019000e-04
7.86854820e+00	2026-09-04T17:18:30.076875	0.00000000e+00	1	1	2.83718000e-05	3.86664000e-04	-1.90161000e+00	-3.89268000e-04
7.89466400e+00	2026-09-04T17:18:30.108580	0.00000000e+00	1	1	2.92778000e-05	3.56413000e-04	-1.85157000e+00	-3.60317000e-04
7.92798500e+00	2026-09-04T17:18:30.142373	0.00000000e+00	1	1	3.77178000e-05	3.24023000e-04	-1.80154000e+00	-3.24117000e-04
7.93564170e+00	2026-09-04T17:18:30.150876	0.00000000e+00	1	1	3.17097000e-05	2.96556000e-04	-1.75152000e+00	-2.94992000e-04
7.95575990e+00	2026-09-04T17:18:30.172035	0.00000000e+00	1	1	3.29733000e-05	2.70563000e-04	-1.70146000e+00	-2.67441000e-04
7.98801850e+00	2026-09-04T17:18:30.204136	0.00000000e+00	1	1	3.34024000e-05	2.44935000e-04	-1.65144000e+00	-2.43016000e-04
7.99639880e+00	2026-09-04T17:18:30.204136	0.00000000e+00	1	1	4.22239000e-05	2.24150000e-04	-1.60138000e+00	-2.24514000e-04
8.01984400e+00	2026-09-04T17:18:30.235617	0.00000000e+00	1	1	3.52144000e-05	2.04047000e-04	-1.55137000e+00	-2.02675000e-04
8.03348790e+00	2026-09-04T17:18:30.235617	0.00000000e+00	1	1	3.92675000e-05	1.84829000e-04	-1.50131000e+00	-1.85830000e-04
8.08361610e+00	2026-09-04T17:18:30.300284	0.00000000e+00	1	1	3.25203000e-05	1.69504000e-04	-1.45132000e+00	-1.69745000e-04
8.09158310e+00	2026-09-04T17:18:30.300284	0.00000000e+00	1	1	3.79086000e-05	1.55067000e-04	-1.40125000e+00	-1.55838000e-04
8.09966110e+00	2026-09-04T17:18:30.316226	0.00000000e+00	1	1	3.25918000e-05	1.41839000e-04	-1.35124000e+00	-1.41662000e-04
8.10743330e+00	2026-09-04T17:18:30.318231	0.00000000e+00	1	1	3.55721000e-05	1.28414000e-04	-1.30117000e+00	-1.28177000e-04
8.13137710e+00	2026-09-04T17:18:30.346684	0.00000000e+00	1	1	3.67403000e-05	1.15672000e-04	-1.25116000e+00	-1.15666000e-04
8.14546730e+00	2026-09-04T17:18:30.357186	0.00000000e+00	1	1	3.18766000e-05	1.05678000e-04	-1.20109000e+00	-1.04503000e-04
8.16809460e+00	2026-09-04T17:18:30.378745	0.00000000e+00	1	1	3.50237000e-05	9.48747000e-05	-1.15108000e+00	-9.56958000e-05
8.19498360e+00	2026-09-04T17:18:30.411673	0.00000000e+00	1	1	3.32356000e-05	8.56475000e-05	-1.10103000e+00	-8.56891000e-05
8.20839640e+00	2026-09-04T17:18:30.421407	0.00000000e+00	1	1	4.39405000e-05	7.63664000e-05	-1.05095000e+00	-7.64226000e-05
8.23042400e+00	2026-09-04T17:18:30.442606	0.00000000e+00	1	1	3.70026000e-05	6.82287000e-05	-1.00095000e+00	-6.83284000e-05
8.23907960e+00	2026-09-04T17:18:30.442606	0.00000000e+00	1	1	3.70026000e-05	6.04689000e-05	-9.50899000e-01	-6.01700000e-05
8.27375750e+00	2026-09-04T17:18:30.489867	0.00000000e+00	1	1	4.09603000e-05	5.20561000e-05	-9.00862000e-01	-5.14146000e-05
8.28177870e+00	2026-09-04T17:18:30.489867	0.00000000e+00	1	1	3.82662000e-05	4.50600000e-05	-8.50824000e-01	-4.55732000e-05
8.31060450e+00	2026-09-04T17:18:30.522708	0.00000000e+00	1	1	3.91722000e-05	3.91727000e-05	-8.00779000e-01	-3.88917000e-05
8.31870590e+00	2026-09-04T17:18:30.532261	0.00000000e+00	1	1	4.06027000e-05	3.32688000e-05	-7.50715000e-01	-3.36900000e-05
8.33731370e+00	2026-09-04T17:18:30.553635	0.00000000e+00	1	1	4.02451000e-05	2.80428000e-05	-7.00689000e-01	-2.79788000e-05
8.36911660e+00	2026-09-04T17:18:30.585385	0.00000000e+00	1	1	4.57287000e-05	2.32426000e-05	-6.50644000e-01	-2.32083000e-05
8.37717540e+00	2026-09-04T17:18:30.585385	0.00000000e+00	1	1	3.97921000e-05	1.93551000e-05	-6.00594000e-01	-1.96192000e-05
8.40081040e+00	2026-09-04T17:18:30.616856	0.00000000e+00	1	1	3.98874000e-05	1.57356000e-05	-5.50566000e-01	-1.55473000e-05
8.41328970e+00	2026-09-04T17:18:30.616856	0.00000000e+00	1	1	3.83616000e-05	1.25264000e-05	-5.00528000e-01	-1.24688000e-05
8.43221460e+00	2026-09-04T17:18:30.648542	0.00000000e+00	1	1	5.75066000e-05	9.65392000e-06	-4.50463000e-01	-9.74940000e-06
8.46527170e+00	2026-09-04T17:18:30.680108	0.00000000e+00	1	1	3.31402000e-05	7.95579000e-06	-4.00442000e-01	-7.95998000e-06
8.47343220e+00	2026-09-04T17:18:30.680108	0.00000000e+00	1	1	3.29733000e-05	6.10174000e-06	-3.50384000e-01	-6.07310000e-06
8.49571230e+00	2026-09-04T17:18:30.711421	0.00000000e+00	1	1	3.21627000e-05	4.47061000e-06	-3.00361000e-01	-4.45582000e-06
8.50980190e+00	2026-09-04T17:18:30.711421	0.00000000e+00	1	1	4.15087000e-05	3.42450000e-06	-2.50293000e-01	-3.33181000e-06
8.55875400e+00	2026-09-04T17:18:30.774651	0.00000000e+00	1	1	3.44038000e-05	2.32224000e-06	-2.00169000e-01	-2.34182000e-06
8.56736820e+00	2026-09-04T17:18:30.774651	0.00000000e+00	1	1	3.98874000e-05	1.57261000e-06	-1.50124000e-01	-1.56862000e-06
8.59004210e+00	2026-09-04T17:18:30.805957	0.00000000e+00	1	1	4.49181000e-05	9.24939000e-07	-1.00081000e-01	-9.28642000e-07
8.62158760e+00	2026-09-04T17:18:30.837503	0.00000000e+00	1	1	3.54767000e-05	4.19508000e-07	-5.00396000e-02	-4.17100000e-07
8.64704670e+00	2026-09-04T17:18:30.863914	0.00000000e+00	1	1	3.67403000e-05	1.26100000e-10	-2.29836000e-05	-2.43735000e-10
1.15155988e+01	2026-09-04T17:18:33.727625	0.00000000e+00	1	2	3.34978000e-05	1.64333000e-08	-1.71423000e-05	-1.62495000e-09
1.15234537e+01	2026-09-04T17:18:33.727625	0.00000000e+00	1	2	-7.67708000e-06	3.59745000e-05	-4.99788000e-02	-3.51985000e-05
1.15544670e+01	2026-09-04T17:18:33.770506	0.00000000e+00	1	2	3.55721000e-05	7.19812000e-05	-1.00070000e-01	-7.19099000e-05
1.15903644e+01	2026-09-04T17:18:33.806756	0.00000000e+00	1	2	3.47614000e-05	1.10757000e-04	-1.50117000e-01	-1.10799000e-04
1.16223116e+01	2026-09-04T17:18:33.838681	0.00000000e+00	1	2	3.18050000e-05	1.53171000e-04	-2.00153000e-01	-1.52901000e-04
1.16302988e+01	2026-09-04T17:18:33.838681	0.00000000e+00	1	2	3.13520000e-05	1.99304000e-04	-2.50300000e-01	-1.98716000e-04
1.16545561e+01	2026-09-04T17:18:33.870513	0.00000000e+00	1	2	3.47614000e-05	2.43472000e-04	-3.00349000e-01	-2.42934000e-04
1.16681686e+01	2026-09-04T17:18:33.870513	0.00000000e+00	1	2	3.16143000e-05	2.91417000e-04	-3.50380000e-01	-2.87537000e-04
1.17016051e+01	2026-09-04T17:18:33.918121	0.00000000e+00	1	2	3.50237000e-05	2.94378000e-04	-4.00447000e-01	-2.58438000e-04
1.17240881e+01	2026-09-04T17:18:33.933785	0.00000000e+00	1	2	3.60250000e-05	1.20792000e-04	-4.50456000e-01	-1.19728000e-04
1.17317220e+01	2026-09-04T17:18:33.933785	0.00000000e+00	1	2	3.70979000e-05	1.31423000e-04	-5.00508000e-01	-1.19685000e-04
1.17622616e+01	2026-09-04T17:18:33.975739	0.00000000e+00	1	2	3.23296000e-05	1.31309000e-04	-5.50555000e-01	-1.26573000e-04
1.17808386e+01	2026-09-04T17:18:33.997245	0.00000000e+00	1	2	2.62976000e-05	1.24354000e-04	-6.00620000e-01	-1.26143000e-04
1.17886145e+01	2026-09-04T17:18:33.997245	0.00000000e+00	1	2	3.52144000e-05	1.34910000e-04	-6.50635000e-01	-1.25945000e-04
1.18135859e+01	2026-09-04T17:18:34.028731	0.00000000e+00	1	2	2.78473000e-05	1.24762000e-04	-7.00675000e-01	-1.19141000e-04
1.18262314e+01	2026-09-04T17:18:34.028731	0.00000000e+00	1	2	2.40564000e-05	1.41580000e-04	-7.50739000e-01	-1.33792000e-04
1.18767477e+01	2026-09-04T17:18:34.092419	0.00000000e+00	1	2	3.12567000e-05	1.00435000e-04	-8.00784000e-01	-1.02884000e-04
1.18852297e+01	2026-09-04T17:18:34.092419	0.00000000e+00	1	2	1.86682000e-05	8.17434000e-05	-8.50789000e-01	-8.81770000e-05
1.19078746e+01	2026-09-04T17:18:34.124058	0.00000000e+00	1	2	3.24249000e-05	6.38097000e-05	-9.00854000e-01	-6.44161000e-05
1.19394076e+01	2026-09-04T17:18:34.155395	0.00000000e+00	1	2	2.95401000e-05	7.75793000e-05	-9.50911000e-01	-7.53615000e-05
1.19481393e+01	2026-09-04T17:18:34.163708	0.00000000e+00	1	2	3.78132000e-05	8.69350000e-05	-1.00095000e+00	-8.50659000e-05
1.19706408e+01	2026-09-04T17:18:34.186789	0.00000000e+00	1	2	3.28779000e-05	8.24812000e-05	-1.05096000e+00	-8.12160000e-05
1.20022734e+01	2026-09-04T17:18:34.218542	0.00000000e+00	1	2	2.96354000e-05	8.62746000e-05	-1.10103000e+00	-8.70966000e-05
1.20108130e+01	2026-09-04T17:18:34.218542	0.00000000e+00	1	2	3.22342000e-05	9.77822000e-05	-1.15107000e+00	-9.78573000e-05
1.20339859e+01	2026-09-04T17:18:34.249824	0.00000000e+00	1	2	3.23296000e-05	1.04796000e-04	-1.20109000e+00	-1.02827000e-04
1.20482225e+01	2026-09-04T17:18:34.249824	0.00000000e+00	1	2	2.92778000e-05	1.12815000e-04	-1.25115000e+00	-1.14112000e-04
1.20969748e+01	2026-09-04T17:18:34.313055	0.00000000e+00	1	2	2.90155000e-05	1.28133000e-04	-1.30117000e+00	-1.24670000e-04
1.21051067e+01	2026-09-04T17:18:34.313055	0.00000000e+00	1	2	3.06129000e-05	1.38346000e-04	-1.35124000e+00	-1.35845000e-04
1.21285678e+01	2026-09-04T17:18:34.344898	0.00000000e+00	1	2	2.55108000e-05	1.39621000e-04	-1.40123000e+00	-1.39253000e-04
1.21604680e+01	2026-09-04T17:18:34.376512	0.00000000e+00	1	2	2.19822000e-05	1.54854000e-04	-1.45130000e+00	-1.53678000e-04
1.21683341e+01	2026-09-04T17:18:34.376512	0.00000000e+00	1	2	2.74658000e-05	1.70470000e-04	-1.50131000e+00	-1.70260000e-04
1.21931216e+01	2026-09-04T17:18:34.408241	0.00000000e+00	1	2	2.81096000e-05	1.83718000e-04	-1.55138000e+00	-1.83914000e-04
1.22062413e+01	2026-09-04T17:18:34.418288	0.00000000e+00	1	2	2.81096000e-05	2.01111000e-04	-1.60138000e+00	-1.98465000e-04
1.22286706e+01	2026-09-04T17:18:34.439497	0.00000000e+00	1	2	3.41415000e-05	2.15425000e-04	-1.65142000e+00	-2.14075000e-04
1.22363118e+01	2026-09-04T17:18:34.439497	0.00000000e+00	1	2	2.51293000e-05	2.57253000e-04	-1.70145000e+00	-2.56493000e-04
1.22564133e+01	2026-09-04T17:18:34.471431	0.00000000e+00	1	2	4.07934000e-05	2.65175000e-04	-1.75151000e+00	-2.64212000e-04
1.22694584e+01	2026-09-04T17:18:34.482006	0.00000000e+00	1	2	2.16246000e-05	2.83051000e-04	-1.80151000e+00	-2.80986000e-04
1.22776722e+01	2026-09-04T17:18:34.487475	0.00000000e+00	1	2	2.98977000e-05	3.11789000e-04	-1.85158000e+00	-3.11609000e-04
1.22858405e+01	2026-09-04T17:18:34.487475	0.00000000e+00	1	2	2.72036000e-05	3.49398000e-04	-1.90160000e+00	-3.45107000e-04
1.23350838e+01	2026-09-04T17:18:34.551425	0.00000000e+00	1	2	2.11000000e-05	3.80303000e-04	-1.95163000e+00	-3.83336000e-04
1.23438752e+01	2026-09-04T17:18:34.551425	0.00000000e+00	1	2	1.71423000e-05	4.13043000e-04	-2.00164000e+00	-4.18988000e-04
1.23509138e+01	2026-09-04T17:18:34.567504	0.00000000e+00	1	2	2.04563000e-05	4.20795000e-04	-2.00166000e+00	-4.27405000e-04
1.24007790e+01	2026-09-04T17:18:34.614952	0.00000000e+00	1	2	2.47717000e-05	3.89891000e-04	-1.95163000e+00	-3.82725000e-04
1.24087663e+01	2026-09-04T17:18:34.614952	0.00000000e+00	1	2	3.21627000e-05	3.53345000e-04	-1.90161000e+00	-3.53055000e-04
1.24318202e+01	2026-09-04T17:18:34.647973	0.00000000e+00	1	2	3.08990000e-05	3.28688000e-04	-1.85156000e+00	-3.27026000e-04
1.24612396e+01	2026-09-04T17:18:34.677560	0.00000000e+00	1	2	2.39611000e-05	2.99196000e-04	-1.80151000e+00	-3.06885000e-04
1.24697815e+01	2026-09-04T17:18:34.677560	0.00000000e+00	1	2	2.05517000e-05	2.89677000e-04	-1.75153000e+00	-2.81299000e-04
1.24935152e+01	2026-09-04T17:18:34.709056	0.00000000e+00	1	2	2.76566000e-05	2.46292000e-04	-1.70147000e+00	-2.44081000e-04
1.25080983e+01	2026-09-04T17:18:34.725088	0.00000000e+00	1	2	2.44141000e-05	2.25228000e-04	-1.65146000e+00	-2.25357000e-04
1.25572676e+01	2026-09-04T17:18:34.773150	0.00000000e+00	1	2	2.03848000e-05	2.05747000e-04	-1.60139000e+00	-2.05710000e-04
1.25653366e+01	2026-09-04T17:18:34.773150	0.00000000e+00	1	2	3.53813000e-05	1.86853000e-04	-1.55135000e+00	-1.87110000e-04
1.25885054e+01	2026-09-04T17:18:34.804065	0.00000000e+00	1	2	2.42472000e-05	1.72233000e-04	-1.50131000e+00	-1.73330000e-04
1.26030670e+01	2026-09-04T17:18:34.804065	0.00000000e+00	1	2	2.76566000e-05	1.58656000e-04	-1.45129000e+00	-1.59351000e-04
1.26518326e+01	2026-09-04T17:18:34.868454	0.00000000e+00	1	2	2.49624000e-05	1.43851000e-04	-1.40125000e+00	-1.43640000e-04
1.26599072e+01	2026-09-04T17:18:34.875040	0.00000000e+00	1	2	2.66790000e-05	1.30486000e-04	-1.35125000e+00	-1.30649000e-04
1.26675423e+01	2026-09-04T17:18:34.875040	0.00000000e+00	1	2	2.85625000e-05	1.20131000e-04	-1.30116000e+00	-1.20663000e-04
1.26969780e+01	2026-09-04T17:18:34.900609	0.00000000e+00	1	2	2.51293000e-05	1.09932000e-04	-1.25115000e+00	-1.09696000e-04
1.27164991e+01	2026-09-04T17:18:34.932282	0.00000000e+00	1	2	2.67506000e-05	9.93147000e-05	-1.20109000e+00	-9.93472000e-05
1.27477022e+01	2026-09-04T17:18:34.964287	0.00000000e+00	1	2	2.81096000e-05	8.98107000e-05	-1.15108000e+00	-8.98092000e-05
1.27557594e+01	2026-09-04T17:18:34.964287	0.00000000e+00	1	2	2.17199000e-05	8.03639000e-05	-1.10100000e+00	-8.07558000e-05
1.27799251e+01	2026-09-04T17:18:34.995350	0.00000000e+00	1	2	3.26872000e-05	7.22096000e-05	-1.05095000e+00	-7.19266000e-05
1.28107244e+01	2026-09-04T17:18:35.027031	0.00000000e+00	1	2	2.18153000e-05	6.37710000e-05	-1.00095000e+00	-6.35765000e-05
1.28424652e+01	2026-09-04T17:18:35.058806	0.00000000e+00	1	2	2.48671000e-05	5.64983000e-05	-9.50896000e-01	-5.64285000e-05
1.28503246e+01	2026-09-04T17:18:35.058806	0.00000000e+00	1	2	2.47717000e-05	4.98645000e-05	-9.00858000e-01	-4.95174000e-05
1.28582354e+01	2026-09-04T17:18:35.074753	0.00000000e+00	1	2	1.87635000e-05	4.34466000e-05	-8.50806000e-01	-4.30944000e-05
1.28877211e+01	2026-09-04T17:18:35.101255	0.00000000e+00	1	2	2.56777000e-05	3.73396000e-05	-8.00775000e-01	-3.71120000e-05
1.29105519e+01	2026-09-04T17:18:35.122306	0.00000000e+00	1	2	3.03507000e-05	3.14206000e-05	-7.50738000e-01	-3.10785000e-05
1.29180333e+01	2026-09-04T17:18:35.122306	0.00000000e+00	1	2	2.85625000e-05	2.65301000e-05	-7.00709000e-01	-2.65726000e-05
1.29391297e+01	2026-09-04T17:18:35.153811	0.00000000e+00	1	2	2.39611000e-05	2.19011000e-05	-6.50646000e-01	-2.18729000e-05
1.29516372e+01	2026-09-04T17:18:35.153811	0.00000000e+00	1	2	1.92881000e-05	1.81066000e-05	-6.00600000e-01	-1.77967000e-05
1.30013003e+01	2026-09-04T17:18:35.217087	0.00000000e+00	1	2	3.62873000e-05	1.45552000e-05	-5.50562000e-01	-1.43850000e-05
1.30095551e+01	2026-09-04T17:18:35.217087	0.00000000e+00	1	2	2.98262000e-05	1.17109000e-05	-5.00528000e-01	-1.17394000e-05
1.30333139e+01	2026-09-04T17:18:35.248295	0.00000000e+00	1	2	4.02451000e-05	9.53688000e-06	-4.50464000e-01	-9.38312000e-06
1.30482706e+01	2026-09-04T17:18:35.264308	0.00000000e+00	1	2	1.95742000e-05	7.55960000e-06	-4.00437000e-01	-7.67083000e-06
1.30561519e+01	2026-09-04T17:18:35.264308	0.00000000e+00	1	2	2.14577000e-05	6.09434000e-06	-3.50402000e-01	-6.08173000e-06
1.30819810e+01	2026-09-04T17:18:35.297869	0.00000000e+00	1	2	2.27213000e-05	4.65278000e-06	-3.00353000e-01	-4.63994000e-06
1.30950434e+01	2026-09-04T17:18:35.311599	0.00000000e+00	1	2	2.61307000e-05	3.46968000e-06	-2.50300000e-01	-3.38466000e-06
1.31166891e+01	2026-09-04T17:18:35.327466	0.00000000e+00	1	2	2.68459000e-05	2.47965000e-06	-2.00162000e-01	-2.46853000e-06
1.31244143e+01	2026-09-04T17:18:35.327466	0.00000000e+00	1	2	2.69413000e-05	1.70450000e-06	-1.50122000e-01	-1.69530000e-06
1.31436738e+01	2026-09-04T17:18:35.359384	0.00000000e+00	1	2	2.36034000e-05	1.06185000e-06	-1.00074000e-01	-1.04757000e-06
1.31582558e+01	2026-09-04T17:18:35.375043	0.00000000e+00	1	2	3.08037000e-05	4.72158000e-07	-5.00335000e-02	-4.85074000e-07
1.32072461e+01	2026-09-04T17:18:35.422800	0.00000000e+00	1	2	2.53201000e-05	1.81103000e-10	-1.95742000e-05	-7.29799000e-11
1.61190160e+01	2026-09-04T17:18:38.327291	0.00000000e+00	1	3	2.91824000e-05	4.70212000e-09	-1.08242000e-05	1.18423000e-10
1.61434798e+01	2026-09-04T17:18:38.359316	0.00000000e+00	1	3	-9.91344000e-05	2.77807000e-05	-4.99743000e-02	-8.27844000e-06
1.61746493e+01	2026-09-04T17:18:38.391219	0.00000000e+00	1	3	3.01838000e-05	1.71040000e-05	-1.00073000e-01	-1.62246000e-05
1.61975029e+01	2026-09-04T17:18:38.407110	0.00000000e+00	1	3	2.98262000e-05	2.44710000e-05	-1.50118000e-01	-2.56546000e-05
1.62050924e+01	2026-09-04T17:18:38.417962	0.00000000e+00	1	3	2.58684000e-05	3.88606000e-05	-2.00155000e-01	-3.56424000e-05
1.62502323e+01	2026-09-04T17:18:38.456299	0.00000000e+00	1	3	2.72036000e-05	3.80066000e-05	-2.50293000e-01	-4.06046000e-05
1.62704116e+01	2026-09-04T17:18:38.486311	0.00000000e+00	1	3	3.07083000e-05	3.89959000e-05	-3.00358000e-01	-3.83146000e-05
1.63018905e+01	2026-09-04T17:18:38.518227	0.00000000e+00	1	3	2.84672000e-05	5.70315000e-05	-3.50380000e-01	-5.78545000e-05
1.63100052e+01	2026-09-04T17:18:38.518227	0.00000000e+00	1	3	2.14577000e-05	7.99530000e-05	-4.00455000e-01	-7.58769000e-05
1.63347924e+01	2026-09-04T17:18:38.549867	0.00000000e+00	1	3	3.00884000e-05	8.82211000e-05	-4.50457000e-01	-8.78030000e-05
1.63493574e+01	2026-09-04T17:18:38.565657	0.00000000e+00	1	3	2.59399000e-05	1.05355000e-04	-5.00521000e-01	-9.03587000e-05
1.63790507e+01	2026-09-04T17:18:38.581869	0.00000000e+00	1	3	3.32356000e-05	1.06175000e-04	-5.50567000e-01	-1.04974000e-04
1.64039258e+01	2026-09-04T17:18:38.613381	0.00000000e+00	1	3	2.91824000e-05	1.12477000e-04	-6.00609000e-01	-1.06758000e-04
1.64114422e+01	2026-09-04T17:18:38.613381	0.00000000e+00	1	3	3.19719000e-05	8.57875000e-05	-6.50632000e-01	-7.38734000e-05
1.64574146e+01	2026-09-04T17:18:38.672206	0.00000000e+00	1	3	2.15530000e-05	7.23063000e-05	-7.00691000e-01	-6.94262000e-05
1.64820023e+01	2026-09-04T17:18:38.692391	0.00000000e+00	1	3	2.23637000e-05	6.96266000e-05	-7.50743000e-01	-6.91525000e-05
1.64894798e+01	2026-09-04T17:18:38.692391	0.00000000e+00	1	3	2.95401000e-05	6.00009000e-05	-8.00792000e-01	-5.52353000e-05
1.65082037e+01	2026-09-04T17:18:38.724286	0.00000000e+00	1	3	2.62976000e-05	6.40071000e-05	-8.50811000e-01	-5.99525000e-05
1.65297892e+01	2026-09-04T17:18:38.740383	0.00000000e+00	1	3	2.27213000e-05	7.87123000e-05	-9.00860000e-01	-7.39333000e-05
1.65373031e+01	2026-09-04T17:18:38.750480	0.00000000e+00	1	3	3.33309000e-05	7.29749000e-05	-9.50881000e-01	-6.67721000e-05
1.65873722e+01	2026-09-04T17:18:38.803728	0.00000000e+00	1	3	1.48058000e-05	6.22075000e-05	-1.00095000e+00	-6.20640000e-05
1.65950468e+01	2026-09-04T17:18:38.803728	0.00000000e+00	1	3	3.22342000e-05	7.12373000e-05	-1.05095000e+00	-7.12126000e-05
1.66024972e+01	2026-09-04T17:18:38.814197	0.00000000e+00	1	3	2.82049000e-05	7.25335000e-05	-1.10101000e+00	-7.09019000e-05
1.66334583e+01	2026-09-04T17:18:38.835902	0.00000000e+00	1	3	2.52247000e-05	7.98977000e-05	-1.15108000e+00	-7.98538000e-05
1.66840569e+01	2026-09-04T17:18:38.899952	0.00000000e+00	1	3	1.93834000e-05	9.37172000e-05	-1.20108000e+00	-9.20531000e-05
1.66918531e+01	2026-09-04T17:18:38.899952	0.00000000e+00	1	3	2.90155000e-05	1.18944000e-04	-1.25117000e+00	-1.07141000e-04
1.67167855e+01	2026-09-04T17:18:38.932017	0.00000000e+00	1	3	2.34365000e-05	1.20012000e-04	-1.30119000e+00	-1.22374000e-04
1.67546564e+01	2026-09-04T17:18:38.970351	0.00000000e+00	1	3	2.43187000e-05	1.37763000e-04	-1.35125000e+00	-1.32027000e-04
1.67797625e+01	2026-09-04T17:18:38.996071	0.00000000e+00	1	3	1.56879000e-05	1.53732000e-04	-1.40125000e+00	-1.50895000e-04
1.67875511e+01	2026-09-04T17:18:38.996071	0.00000000e+00	1	3	2.80142000e-05	1.60388000e-04	-1.45130000e+00	-1.59579000e-04
1.68117050e+01	2026-09-04T17:18:39.028683	0.00000000e+00	1	3	1.98364000e-05	1.73147000e-04	-1.50131000e+00	-1.72658000e-04
1.68265324e+01	2026-09-04T17:18:39.036399	0.00000000e+00	1	3	2.01941000e-05	1.88840000e-04	-1.55138000e+00	-1.85355000e-04
1.68588945e+01	2026-09-04T17:18:39.075867	0.00000000e+00	1	3	2.25306000e-05	2.02536000e-04	-1.60140000e+00	-2.35083000e-04
1.68808640e+01	2026-09-04T17:18:39.091153	0.00000000e+00	1	3	1.67847000e-05	2.47524000e-04	-1.65144000e+00	-2.47358000e-04
1.68891450e+01	2026-09-04T17:18:39.091153	0.00000000e+00	1	3	2.40564000e-05	2.47889000e-04	-1.70147000e+00	-2.43101000e-04
1.69219223e+01	2026-09-04T17:18:39.138414	0.00000000e+00	1	3	2.36988000e-05	2.57026000e-04	-1.75150000e+00	-2.55180000e-04
1.69439579e+01	2026-09-04T17:18:39.154549	0.00000000e+00	1	3	2.27213000e-05	2.82508000e-04	-1.80153000e+00	-2.81117000e-04
1.69515542e+01	2026-09-04T17:18:39.154549	0.00000000e+00	1	3	2.62260000e-05	3.09471000e-04	-1.85160000e+00	-3.06270000e-04
1.69706302e+01	2026-09-04T17:18:39.186882	0.00000000e+00	1	3	2.00987000e-05	3.29108000e-04	-1.90162000e+00	-3.31861000e-04
1.70034143e+01	2026-09-04T17:18:39.218361	0.00000000e+00	1	3	1.53303000e-05	3.66180000e-04	-1.95164000e+00	-3.62271000e-04
1.70111664e+01	2026-09-04T17:18:39.218361	0.00000000e+00	1	3	1.55210000e-05	4.00656000e-04	-2.00166000e+00	-4.05463000e-04
1.70175362e+01	2026-09-04T17:18:39.234156	0.00000000e+00	1	3	1.62363000e-05	4.01427000e-04	-2.00168000e+00	-4.36126000e-04
1.70651715e+01	2026-09-04T17:18:39.281528	0.00000000e+00	1	3	1.94788000e-05	4.01520000e-04	-1.95165000e+00	-4.00603000e-04
1.70725578e+01	2026-09-04T17:18:39.281528	0.00000000e+00	1	3	1.61409000e-05	3.65153000e-04	-1.90162000e+00	-3.68017000e-04
1.70798572e+01	2026-09-04T17:18:39.281528	0.00000000e+00	1	3	1.95742000e-05	3.36362000e-04	-1.85159000e+00	-3.29089000e-04
1.71290851e+01	2026-09-04T17:18:39.345396	0.00000000e+00	1	3	1.82152000e-05	3.03797000e-04	-1.80151000e+00	-2.94553000e-04
1.71367188e+01	2026-09-04T17:18:39.345396	0.00000000e+00	1	3	2.13623000e-05	2.74788000e-04	-1.75150000e+00	-2.73346000e-04
1.71443543e+01	2026-09-04T17:18:39.361056	0.00000000e+00	1	3	2.08139000e-05	2.54784000e-04	-1.70148000e+00	-2.52562000e-04
1.71729685e+01	2026-09-04T17:18:39.376576	0.00000000e+00	1	3	2.32458000e-05	2.33913000e-04	-1.65145000e+00	-2.32391000e-04
1.71986161e+01	2026-09-04T17:18:39.414710	0.00000000e+00	1	3	1.92165000e-05	2.13800000e-04	-1.60139000e+00	-2.12312000e-04
1.72239262e+01	2026-09-04T17:18:39.439677	0.00000000e+00	1	3	1.80244000e-05	1.94016000e-04	-1.55138000e+00	-1.92081000e-04
1.72316171e+01	2026-09-04T17:18:39.439677	0.00000000e+00	1	3	2.55823000e-05	1.79474000e-04	-1.50133000e+00	-1.78517000e-04
1.72389165e+01	2026-09-04T17:18:39.455541	0.00000000e+00	1	3	2.46048000e-05	1.63582000e-04	-1.45129000e+00	-1.63738000e-04
1.72873306e+01	2026-09-04T17:18:39.503633	0.00000000e+00	1	3	1.22786000e-05	1.49831000e-04	-1.40125000e+00	-1.50398000e-04
1.72949304e+01	2026-09-04T17:18:39.503633	0.00000000e+00	1	3	2.16246000e-05	1.37172000e-04	-1.35123000e+00	-1.37629000e-04
1.73023284e+01	2026-09-04T17:18:39.503633	0.00000000e+00	1	3	2.02894000e-05	1.25883000e-04	-1.30119000e+00	-1.24640000e-04
1.73328188e+01	2026-09-04T17:18:39.546580	0.00000000e+00	1	3	2.25306000e-05	1.13573000e-04	-1.25116000e+00	-1.13334000e-04
1.73548849e+01	2026-09-04T17:18:39.566979	0.00000000e+00	1	3	2.39611000e-05	1.03122000e-04	-1.20112000e+00	-1.03182000e-04
1.73625419e+01	2026-09-04T17:18:39.566979	0.00000000e+00	1	3	2.17199000e-05	9.35957000e-05	-1.15107000e+00	-9.38027000e-05
1.73912329e+01	2026-09-04T17:18:39.601037	0.00000000e+00	1	3	2.85625000e-05	8.37441000e-05	-1.10101000e+00	-8.37726000e-05
1.74148673e+01	2026-09-04T17:18:39.630912	0.00000000e+00	1	3	2.55823000e-05	7.33755000e-05	-1.05097000e+00	-7.34031000e-05
1.74226619e+01	2026-09-04T17:18:39.630912	0.00000000e+00	1	3	2.82049000e-05	6.46601000e-05	-1.00094000e+00	-6.45085000e-05
1.74301549e+01	2026-09-04T17:18:39.646709	0.00000000e+00	1	3	1.90258000e-05	5.70460000e-05	-9.50889000e-01	-5.62903000e-05
1.74594184e+01	2026-09-04T17:18:39.662723	0.00000000e+00	1	3	2.27213000e-05	4.93875000e-05	-9.00852000e-01	-4.91559000e-05
1.74783953e+01	2026-09-04T17:18:39.694481	0.00000000e+00	1	3	2.11000000e-05	4.24328000e-05	-8.50791000e-01	-4.20547000e-05
1.75005001e+01	2026-09-04T17:18:39.710485	0.00000000e+00	1	3	1.40905000e-05	3.62442000e-05	-8.00787000e-01	-3.60892000e-05
1.75078538e+01	2026-09-04T17:18:39.710485	0.00000000e+00	1	3	3.02553000e-05	3.07411000e-05	-7.50727000e-01	-3.04948000e-05
1.75282278e+01	2026-09-04T17:18:39.742662	0.00000000e+00	1	3	2.41518000e-05	2.53093000e-05	-7.00672000e-01	-2.54033000e-05
1.75579413e+01	2026-09-04T17:18:39.773843	0.00000000e+00	1	3	2.41518000e-05	2.12467000e-05	-6.50632000e-01	-2.11936000e-05
1.75662438e+01	2026-09-04T17:18:39.773843	0.00000000e+00	1	3	2.81096000e-05	1.75450000e-05	-6.00611000e-01	-1.74604000e-05
1.75906937e+01	2026-09-04T17:18:39.805796	0.00000000e+00	1	3	2.92778000e-05	1.40464000e-05	-5.50551000e-01	-1.38061000e-05
1.76033980e+01	2026-09-04T17:18:39.805796	0.00000000e+00	1	3	2.10047000e-05	1.12750000e-05	-5.00529000e-01	-1.14674000e-05
1.76528508e+01	2026-09-04T17:18:39.868715	0.00000000e+00	1	3	2.98977000e-05	8.98321000e-06	-4.50451000e-01	-8.89572000e-06
1.76653803e+01	2026-09-04T17:18:39.868715	0.00000000e+00	1	3	1.36375000e-05	7.20161000e-06	-4.00429000e-01	-7.24452000e-06
1.76773145e+01	2026-09-04T17:18:39.885557	0.00000000e+00	1	3	1.90258000e-05	5.57875000e-06	-3.50405000e-01	-5.57605000e-06
1.77044442e+01	2026-09-04T17:18:39.916455	0.00000000e+00	1	3	2.06470000e-05	4.24519000e-06	-3.00346000e-01	-4.23709000e-06
1.77118315e+01	2026-09-04T17:18:39.916455	0.00000000e+00	1	3	1.74999000e-05	3.05537000e-06	-2.50293000e-01	-3.05577000e-06
1.77262144e+01	2026-09-04T17:18:39.934720	0.00000000e+00	1	3	2.06470000e-05	2.22998000e-06	-2.00159000e-01	-2.20186000e-06
1.77519787e+01	2026-09-04T17:18:39.963855	0.00000000e+00	1	3	2.18153000e-05	1.45957000e-06	-1.50119000e-01	-1.48457000e-06
1.77596298e+01	2026-09-04T17:18:39.974422	0.00000000e+00	1	3	2.32458000e-05	8.69194000e-07	-1.00074000e-01	-8.61259000e-07
1.77805182e+01	2026-09-04T17:18:39.995345	0.00000000e+00	1	3	1.74046000e-05	3.74981000e-07	-5.00359000e-02	-3.82808000e-07
1.77934179e+01	2026-09-04T17:18:40.006824	0.00000000e+00	1	3	2.24352000e-05	-3.37839000e-11	-1.80244000e-05	-2.12729000e-10
2.06770679e+01	2026-09-04T17:18:42.881961	0.00000000e+00	1	4	3.20673000e-05	4.54391000e-09	-2.07424000e-05	-8.13925000e-10
2.06975603e+01	2026-09-04T17:18:42.913646	0.00000000e+00	1	4	2.74658000e-05	7.15610000e-06	-5.00484000e-02	-6.91330000e-06
2.07446555e+01	2026-09-04T17:18:42.961191	0.00000000e+00	1	4	-2.35081000e-05	3.27106000e-06	-1.00087000e-01	-3.41140000e-06
2.07549366e+01	2026-09-04T17:18:42.971358	0.00000000e+00	1	4	4.68016000e-05	5.65491000e-06	-1.50131000e-01	-5.67277000e-06
2.07794438e+01	2026-09-04T17:18:42.995859	0.00000000e+00	1	4	2.00987000e-05	8.35413000e-06	-2.00149000e-01	-8.35431000e-06
2.08077163e+01	2026-09-04T17:18:43.024075	0.00000000e+00	1	4	-2.74181000e-06	8.88171000e-06	-2.50301000e-01	-7.92258000e-06
2.08397321e+01	2026-09-04T17:18:43.055628	0.00000000e+00	1	4	3.10659000e-05	1.07495000e-05	-3.00343000e-01	-1.03718000e-05
2.08499916e+01	2026-09-04T17:18:43.055628	0.00000000e+00	1	4	2.98977000e-05	1.59054000e-05	-3.50407000e-01	-1.56276000e-05
2.08720602e+01	2026-09-04T17:18:43.086992	0.00000000e+00	1	4	2.85625000e-05	2.10281000e-05	-4.00455000e-01	-2.08264000e-05
2.09032316e+01	2026-09-04T17:18:43.118956	0.00000000e+00	1	4	2.30789000e-05	3.73346000e-05	-4.50468000e-01	-3.73238000e-05
2.09340269e+01	2026-09-04T17:18:43.149942	0.00000000e+00	1	4	3.30448000e-05	5.41680000e-05	-5.00530000e-01	-5.45977000e-05
2.09422357e+01	2026-09-04T17:18:43.149942	0.00000000e+00	1	4	3.34024000e-05	7.25242000e-05	-5.50572000e-01	-7.24634000e-05
2.09669349e+01	2026-09-04T17:18:43.181723	0.00000000e+00	1	4	2.80142000e-05	7.30267000e-05	-6.00626000e-01	-7.26589000e-05
2.09973521e+01	2026-09-04T17:18:43.213703	0.00000000e+00	1	4	3.32356000e-05	7.68257000e-05	-6.50609000e-01	-7.53090000e-05
2.10053424e+01	2026-09-04T17:18:43.213703	0.00000000e+00	1	4	2.95401000e-05	8.37916000e-05	-7.00709000e-01	-8.07685000e-05
2.10304164e+01	2026-09-04T17:18:43.245657	0.00000000e+00	1	4	3.44038000e-05	7.62371000e-05	-7.50741000e-01	-7.20943000e-05
2.10615744e+01	2026-09-04T17:18:43.277452	0.00000000e+00	1	4	2.99931000e-05	8.00689000e-05	-8.00786000e-01	-7.37675000e-05
2.10697235e+01	2026-09-04T17:18:43.277452	0.00000000e+00	1	4	3.31402000e-05	6.69855000e-05	-8.50801000e-01	-7.16513000e-05
2.10971881e+01	2026-09-04T17:18:43.308945	0.00000000e+00	1	4	2.92778000e-05	7.62499000e-05	-9.00852000e-01	-7.78351000e-05
2.11246348e+01	2026-09-04T17:18:43.340583	0.00000000e+00	1	4	2.60353000e-05	7.94888000e-05	-9.50893000e-01	-7.76891000e-05
2.11326436e+01	2026-09-04T17:18:43.340583	0.00000000e+00	1	4	2.72989000e-05	6.94233000e-05	-1.00094000e+00	-6.87619000e-05
2.11566303e+01	2026-09-04T17:18:43.372316	0.00000000e+00	1	4	2.87294000e-05	7.39290000e-05	-1.05097000e+00	-6.90007000e-05
2.11714652e+01	2026-09-04T17:18:43.388192	0.00000000e+00	1	4	2.91824000e-05	7.43097000e-05	-1.10101000e+00	-7.32471000e-05
2.12195332e+01	2026-09-04T17:18:43.435839	0.00000000e+00	1	4	1.98364000e-05	8.42286000e-05	-1.15108000e+00	-8.38790000e-05
2.12274561e+01	2026-09-04T17:18:43.435839	0.00000000e+00	1	4	2.49624000e-05	9.38170000e-05	-1.20107000e+00	-9.35250000e-05
2.12521549e+01	2026-09-04T17:18:43.467893	0.00000000e+00	1	4	2.88248000e-05	1.05575000e-04	-1.25116000e+00	-1.06048000e-04
2.12824275e+01	2026-09-04T17:18:43.489394	0.00000000e+00	1	4	2.65837000e-05	1.17660000e-04	-1.30119000e+00	-1.14358000e-04
2.13049651e+01	2026-09-04T17:18:43.515773	0.00000000e+00	1	4	2.92778000e-05	1.25754000e-04	-1.35124000e+00	-1.26329000e-04
2.13190415e+01	2026-09-04T17:18:43.535027	0.00000000e+00	1	4	2.80142000e-05	1.38845000e-04	-1.40124000e+00	-1.35083000e-04
2.13465509e+01	2026-09-04T17:18:43.562387	0.00000000e+00	1	4	2.69413000e-05	1.49798000e-04	-1.45130000e+00	-1.49804000e-04
2.13545210e+01	2026-09-04T17:18:43.562387	0.00000000e+00	1	4	2.57730000e-05	1.65036000e-04	-1.50134000e+00	-1.62960000e-04
2.13803964e+01	2026-09-04T17:18:43.593966	0.00000000e+00	1	4	1.84774000e-05	1.91322000e-04	-1.55137000e+00	-2.00170000e-04
2.14164422e+01	2026-09-04T17:18:43.625380	0.00000000e+00	1	4	1.74999000e-05	2.05949000e-04	-1.60140000e+00	-2.06654000e-04
2.14410439e+01	2026-09-04T17:18:43.657243	0.00000000e+00	1	4	2.06470000e-05	2.26354000e-04	-1.65146000e+00	-2.22983000e-04
2.14490893e+01	2026-09-04T17:18:43.657243	0.00000000e+00	1	4	2.93732000e-05	2.33309000e-04	-1.70148000e+00	-2.37062000e-04
2.14774373e+01	2026-09-04T17:18:43.688648	0.00000000e+00	1	4	1.95742000e-05	2.52452000e-04	-1.75152000e+00	-2.53484000e-04
2.15015370e+01	2026-09-04T17:18:43.708812	0.00000000e+00	1	4	2.57730000e-05	2.69225000e-04	-1.80153000e+00	-2.68875000e-04
2.15241597e+01	2026-09-04T17:18:43.735941	0.00000000e+00	1	4	2.81096000e-05	2.94417000e-04	-1.85158000e+00	-2.94753000e-04
2.15359099e+01	2026-09-04T17:18:43.752051	0.00000000e+00	1	4	2.62976000e-05	3.19569000e-04	-1.90162000e+00	-3.19684000e-04
2.15622222e+01	2026-09-04T17:18:43.768000	0.00000000e+00	1	4	2.91824000e-05	3.43160000e-04	-1.95166000e+00	-3.47564000e-04
2.15837064e+01	2026-09-04T17:18:43.799499	0.00000000e+00	1	4	2.63929000e-05	3.79991000e-04	-2.00167000e+00	-3.71768000e-04
2.16110881e+01	2026-09-04T17:18:43.815585	0.00000000e+00	1	4	2.36988000e-05	3.71766000e-04	-2.00169000e+00	-3.73552000e-04
2.16214590e+01	2026-09-04T17:18:43.831680	0.00000000e+00	1	4	2.77519000e-05	3.44801000e-04	-1.95165000e+00	-3.46281000e-04
2.16291592e+01	2026-09-04T17:18:43.831680	0.00000000e+00	1	4	2.98262000e-05	3.14480000e-04	-1.90162000e+00	-3.13930000e-04
2.16843190e+01	2026-09-04T17:18:43.896206	0.00000000e+00	1	4	2.62976000e-05	2.85276000e-04	-1.85158000e+00	-2.84372000e-04
2.17109287e+01	2026-09-04T17:18:43.926563	0.00000000e+00	1	4	2.41518000e-05	2.65498000e-04	-1.80152000e+00	-2.65171000e-04
2.17192681e+01	2026-09-04T17:18:43.926563	0.00000000e+00	1	4	2.38895000e-05	2.44040000e-04	-1.75149000e+00	-2.44043000e-04
2.17446823e+01	2026-09-04T17:18:43.958915	0.00000000e+00	1	4	2.24352000e-05	2.24337000e-04	-1.70147000e+00	-2.23961000e-04
2.17737860e+01	2026-09-04T17:18:43.990016	0.00000000e+00	1	4	3.27826000e-05	2.06795000e-04	-1.65145000e+00	-2.06015000e-04
2.17821860e+01	2026-09-04T17:18:43.990016	0.00000000e+00	1	4	3.17097000e-05	1.90454000e-04	-1.60138000e+00	-1.89382000e-04
2.18089274e+01	2026-09-04T17:18:44.021945	0.00000000e+00	1	4	2.94447000e-05	1.74175000e-04	-1.55136000e+00	-1.73013000e-04
2.18377250e+01	2026-09-04T17:18:44.054716	0.00000000e+00	1	4	3.29733000e-05	1.59427000e-04	-1.50134000e+00	-1.59890000e-04
2.18704891e+01	2026-09-04T17:18:44.086083	0.00000000e+00	1	4	2.78473000e-05	1.46839000e-04	-1.45129000e+00	-1.47595000e-04
2.18783074e+01	2026-09-04T17:18:44.086083	0.00000000e+00	1	4	3.35932000e-05	1.35087000e-04	-1.40126000e+00	-1.35063000e-04
2.19042681e+01	2026-09-04T17:18:44.118129	0.00000000e+00	1	4	3.64780000e-05	1.23515000e-04	-1.35124000e+00	-1.23170000e-04
2.19412133e+01	2026-09-04T17:18:44.149827	0.00000000e+00	1	4	2.98262000e-05	1.12599000e-04	-1.30119000e+00	-1.13054000e-04
2.19665515e+01	2026-09-04T17:18:44.181586	0.00000000e+00	1	4	2.90871000e-05	1.02057000e-04	-1.25115000e+00	-1.01193000e-04
2.19743504e+01	2026-09-04T17:18:44.181586	0.00000000e+00	1	4	2.85625000e-05	9.25086000e-05	-1.20110000e+00	-9.27053000e-05
2.19977556e+01	2026-09-04T17:18:44.213675	0.00000000e+00	1	4	3.00884000e-05	8.32328000e-05	-1.15108000e+00	-8.18185000e-05
2.20289036e+01	2026-09-04T17:18:44.245306	0.00000000e+00	1	4	3.00884000e-05	7.37050000e-05	-1.10102000e+00	-7.34709000e-05
2.20373159e+01	2026-09-04T17:18:44.245306	0.00000000e+00	1	4	2.61307000e-05	6.61898000e-05	-1.05095000e+00	-6.63513000e-05
2.20613111e+01	2026-09-04T17:18:44.277052	0.00000000e+00	1	4	3.19719000e-05	5.87622000e-05	-1.00095000e+00	-5.85865000e-05
2.20925527e+01	2026-09-04T17:18:44.308735	0.00000000e+00	1	4	2.89202000e-05	5.05386000e-05	-9.50889000e-01	-5.09680000e-05
2.21013870e+01	2026-09-04T17:18:44.317898	0.00000000e+00	1	4	2.87294000e-05	4.47699000e-05	-9.00863000e-01	-4.43913000e-05
2.21098588e+01	2026-09-04T17:18:44.326625	0.00000000e+00	1	4	2.99931000e-05	3.86755000e-05	-8.50810000e-01	-3.87458000e-05
2.21179335e+01	2026-09-04T17:18:44.334624	0.00000000e+00	1	4	2.99931000e-05	3.34052000e-05	-8.00797000e-01	-3.34359000e-05
2.21375363e+01	2026-09-04T17:18:44.353776	0.00000000e+00	1	4	2.46048000e-05	2.83221000e-05	-7.50727000e-01	-2.81881000e-05
2.21608451e+01	2026-09-04T17:18:44.377711	0.00000000e+00	1	4	2.92778000e-05	2.35669000e-05	-7.00693000e-01	-2.34894000e-05
2.21686271e+01	2026-09-04T17:18:44.385132	0.00000000e+00	1	4	3.43084000e-05	1.97789000e-05	-6.50628000e-01	-1.98046000e-05
2.21764247e+01	2026-09-04T17:18:44.392885	0.00000000e+00	1	4	3.03507000e-05	1.63661000e-05	-6.00614000e-01	-1.62238000e-05
2.21898873e+01	2026-09-04T17:18:44.405897	0.00000000e+00	1	4	2.73943000e-05	1.29735000e-05	-5.50569000e-01	-1.29692000e-05
2.22103202e+01	2026-09-04T17:18:44.426755	0.00000000e+00	1	4	2.90871000e-05	1.01996000e-05	-5.00525000e-01	-1.02967000e-05
2.22188252e+01	2026-09-04T17:18:44.435746	0.00000000e+00	1	4	3.01838000e-05	8.08163000e-06	-4.50485000e-01	-7.97940000e-06
2.22313249e+01	2026-09-04T17:18:44.447791	0.00000000e+00	1	4	1.91212000e-05	6.28634000e-06	-4.00455000e-01	-6.37195000e-06
2.22394151e+01	2026-09-04T17:18:44.456031	0.00000000e+00	1	4	2.27213000e-05	5.05520000e-06	-3.50382000e-01	-5.14967000e-06
2.22630352e+01	2026-09-04T17:18:44.480037	0.00000000e+00	1	4	2.31504000e-05	4.09427000e-06	-3.00358000e-01	-4.12947000e-06
2.22769730e+01	2026-09-04T17:18:44.493893	0.00000000e+00	1	4	2.31504000e-05	3.20424000e-06	-2.50322000e-01	-2.90907000e-06
2.23153306e+01	2026-09-04T17:18:44.531410	0.00000000e+00	1	4	2.54154000e-05	2.07571000e-06	-2.00161000e-01	-2.06085000e-06
2.23443912e+01	2026-09-04T17:18:44.561277	0.00000000e+00	1	4	2.79188000e-05	1.40926000e-06	-1.50126000e-01	-1.36121000e-06
2.23520884e+01	2026-09-04T17:18:44.568183	0.00000000e+00	1	4	2.99931000e-05	8.65031000e-07	-1.00078000e-01	-8.58750000e-07
2.23835493e+01	2026-09-04T17:18:44.599719	0.00000000e+00	1	4	3.03507000e-05	4.08847000e-07	-5.00355000e-02	-3.97565000e-07
2.24068131e+01	2026-09-04T17:18:44.623338	0.00000000e+00	1	4	3.12567000e-05	1.33038000e-10	-1.55210000e-05	-1.40369000e-10
2.52281228e+01	2026-09-04T17:18:47.435968	0.00000000e+00	1	5	2.97308000e-05	9.19119000e-09	-2.11000000e-05	-8.75127000e-10
2.52590068e+01	2026-09-04T17:18:47.467520	0.00000000e+00	1	5	-1.45197000e-05	2.99435000e-05	-4.99816000e-02	-2.87416000e-05
2.53147327e+01	2026-09-04T17:18:47.530918	0.00000000e+00	1	5	3.91722000e-05	5.82194000e-05	-1.00079000e-01	-5.80170000e-05
2.53227034e+01	2026-09-04T17:18:47.530918	0.00000000e+00	1	5	3.51191000e-05	8.94821000e-05	-1.50121000e-01	-8.97207000e-05
2.53305958e+01	2026-09-04T17:18:47.547031	0.00000000e+00	1	5	3.22342000e-05	1.22682000e-04	-2.00161000e-01	-1.22960000e-04
2.53613707e+01	2026-09-04T17:18:47.562861	0.00000000e+00	1	5	3.76463000e-05	1.60786000e-04	-2.50315000e-01	-1.58882000e-04
2.53940449e+01	2026-09-04T17:18:47.610561	0.00000000e+00	1	5	3.18766000e-05	1.95806000e-04	-3.00355000e-01	-2.02693000e-04
2.54158526e+01	2026-09-04T17:18:47.626398	0.00000000e+00	1	5	3.58343000e-05	2.42134000e-04	-3.50396000e-01	-2.37329000e-04
2.54234434e+01	2026-09-04T17:18:47.626398	0.00000000e+00	1	5	7.27177000e-05	1.93138000e-04	-4.00467000e-01	-1.02013000e-04
2.54316196e+01	2026-09-04T17:18:47.642271	0.00000000e+00	1	5	4.83513000e-05	8.40294000e-05	-4.50459000e-01	-6.53219000e-05
2.54593559e+01	2026-09-04T17:18:47.674044	0.00000000e+00	1	5	3.58343000e-05	6.26064000e-05	-5.00518000e-01	-5.86781000e-05
2.54897140e+01	2026-09-04T17:18:47.706133	0.00000000e+00	1	5	3.66449000e-05	8.02717000e-05	-5.50557000e-01	-8.04176000e-05
2.54978102e+01	2026-09-04T17:18:47.706133	0.00000000e+00	1	5	3.58343000e-05	9.43405000e-05	-6.00626000e-01	-9.38945000e-05
2.55233150e+01	2026-09-04T17:18:47.737662	0.00000000e+00	1	5	3.78132000e-05	9.18511000e-05	-6.50656000e-01	-8.80520000e-05
2.55532803e+01	2026-09-04T17:18:47.769126	0.00000000e+00	1	5	2.90871000e-05	9.29018000e-05	-7.00695000e-01	-9.33750000e-05
2.55849256e+01	2026-09-04T17:18:47.801264	0.00000000e+00	1	5	3.75509000e-05	1.06466000e-04	-7.50726000e-01	-1.02582000e-04
2.55970781e+01	2026-09-04T17:18:47.801264	0.00000000e+00	1	5	4.01497000e-05	1.02879000e-04	-8.00783000e-01	-8.45535000e-05
2.56171465e+01	2026-09-04T17:18:47.833046	0.00000000e+00	1	5	3.31402000e-05	8.01683000e-05	-8.50788000e-01	-8.21364000e-05
2.56486973e+01	2026-09-04T17:18:47.865006	0.00000000e+00	1	5	3.34024000e-05	8.58829000e-05	-9.00871000e-01	-8.43645000e-05
2.56570491e+01	2026-09-04T17:18:47.865006	0.00000000e+00	1	5	3.06129000e-05	7.97153000e-05	-9.50892000e-01	-8.27559000e-05
2.56887332e+01	2026-09-04T17:18:47.896682	0.00000000e+00	1	5	3.85284000e-05	7.11545000e-05	-1.00091000e+00	-8.26114000e-05
2.57110594e+01	2026-09-04T17:18:47.928056	0.00000000e+00	1	5	3.86238000e-05	8.51433000e-05	-1.05095000e+00	-1.02581000e-04
2.57355240e+01	2026-09-04T17:18:47.943885	0.00000000e+00	1	5	3.21627000e-05	1.19603000e-04	-1.10102000e+00	-8.70154000e-05
2.57592431e+01	2026-09-04T17:18:47.975220	0.00000000e+00	1	5	4.16040000e-05	8.61726000e-05	-1.15108000e+00	-8.23442000e-05
2.57905253e+01	2026-09-04T17:18:48.006950	0.00000000e+00	1	5	3.17097000e-05	9.76374000e-05	-1.20109000e+00	-9.55655000e-05
2.57984756e+01	2026-09-04T17:18:48.006950	0.00000000e+00	1	5	3.03507000e-05	1.04455000e-04	-1.25115000e+00	-1.02821000e-04
2.58245970e+01	2026-09-04T17:18:48.038845	0.00000000e+00	1	5	3.69310000e-05	1.01457000e-04	-1.30118000e+00	-1.02017000e-04
2.58541262e+01	2026-09-04T17:18:48.070439	0.00000000e+00	1	5	3.53813000e-05	1.22172000e-04	-1.35122000e+00	-1.22392000e-04
2.58632589e+01	2026-09-04T17:18:48.070439	0.00000000e+00	1	5	3.72887000e-05	1.31733000e-04	-1.40125000e+00	-1.29359000e-04
2.58894196e+01	2026-09-04T17:18:48.104271	0.00000000e+00	1	5	2.82049000e-05	1.40498000e-04	-1.45130000e+00	-1.42150000e-04
2.59181811e+01	2026-09-04T17:18:48.134086	0.00000000e+00	1	5	3.49522000e-05	1.57769000e-04	-1.50132000e+00	-1.54529000e-04
2.59261731e+01	2026-09-04T17:18:48.143134	0.00000000e+00	1	5	3.83616000e-05	1.69024000e-04	-1.55137000e+00	-1.69375000e-04
2.59513020e+01	2026-09-04T17:18:48.166226	0.00000000e+00	1	5	4.00782000e-05	1.81716000e-04	-1.60139000e+00	-1.86052000e-04
2.59657297e+01	2026-09-04T17:18:48.182147	0.00000000e+00	1	5	3.68357000e-05	1.99720000e-04	-1.65142000e+00	-2.01403000e-04
2.59738511e+01	2026-09-04T17:18:48.182147	0.00000000e+00	1	5	3.30448000e-05	2.13565000e-04	-1.70145000e+00	-2.13495000e-04
2.59978492e+01	2026-09-04T17:18:48.214065	0.00000000e+00	1	5	2.44141000e-05	2.22665000e-04	-1.75152000e+00	-2.24149000e-04
2.60299591e+01	2026-09-04T17:18:48.245925	0.00000000e+00	1	5	3.13520000e-05	2.52989000e-04	-1.80152000e+00	-2.55490000e-04
2.60616298e+01	2026-09-04T17:18:48.278053	0.00000000e+00	1	5	3.30448000e-05	2.78076000e-04	-1.85158000e+00	-2.77769000e-04
2.60697937e+01	2026-09-04T17:18:48.278053	0.00000000e+00	1	5	3.14236000e-05	2.96181000e-04	-1.90163000e+00	-2.94577000e-04
2.60936201e+01	2026-09-04T17:18:48.309518	0.00000000e+00	1	5	3.84569000e-05	3.18326000e-04	-1.95164000e+00	-3.21958000e-04
2.61259606e+01	2026-09-04T17:18:48.341181	0.00000000e+00	1	5	3.14236000e-05	3.62103000e-04	-2.00169000e+00	-3.59284000e-04
2.61330711e+01	2026-09-04T17:18:48.341181	0.00000000e+00	1	5	3.34024000e-05	3.54114000e-04	-2.00164000e+00	-3.47253000e-04
2.61570135e+01	2026-09-04T17:18:48.372955	0.00000000e+00	1	5	3.38554000e-05	3.23897000e-04	-1.95165000e+00	-3.24531000e-04
2.61884354e+01	2026-09-04T17:18:48.404740	0.00000000e+00	1	5	3.41415000e-05	2.92640000e-04	-1.90159000e+00	-2.93274000e-04
2.61963709e+01	2026-09-04T17:18:48.404740	0.00000000e+00	1	5	3.18050000e-05	2.77326000e-04	-1.85157000e+00	-2.79831000e-04
2.62044840e+01	2026-09-04T17:18:48.420743	0.00000000e+00	1	5	2.95401000e-05	2.63095000e-04	-1.80152000e+00	-2.61045000e-04
2.62530067e+01	2026-09-04T17:18:48.468172	0.00000000e+00	1	5	2.80142000e-05	2.40741000e-04	-1.75151000e+00	-2.38536000e-04
2.62612385e+01	2026-09-04T17:18:48.468172	0.00000000e+00	1	5	3.18766000e-05	2.19059000e-04	-1.70148000e+00	-2.20650000e-04
2.62919639e+01	2026-09-04T17:18:48.503224	0.00000000e+00	1	5	4.01497000e-05	2.02914000e-04	-1.65146000e+00	-2.02800000e-04
2.63154773e+01	2026-09-04T17:18:48.531860	0.00000000e+00	1	5	3.80039000e-05	1.86956000e-04	-1.60141000e+00	-1.87570000e-04
2.63231783e+01	2026-09-04T17:18:48.531860	0.00000000e+00	1	5	3.68357000e-05	1.72392000e-04	-1.55138000e+00	-1.72078000e-04
2.63308253e+01	2026-09-04T17:18:48.547623	0.00000000e+00	1	5	3.96967000e-05	1.58193000e-04	-1.50134000e+00	-1.57308000e-04
2.63792733e+01	2026-09-04T17:18:48.595090	0.00000000e+00	1	5	3.08037000e-05	1.44277000e-04	-1.45132000e+00	-1.45724000e-04
2.64104777e+01	2026-09-04T17:18:48.626767	0.00000000e+00	1	5	3.44992000e-05	1.35879000e-04	-1.40124000e+00	-1.35396000e-04
2.64188051e+01	2026-09-04T17:18:48.626767	0.00000000e+00	1	5	3.96252000e-05	1.23175000e-04	-1.35123000e+00	-1.23208000e-04
2.64425582e+01	2026-09-04T17:18:48.658626	0.00000000e+00	1	5	3.31402000e-05	1.11695000e-04	-1.30117000e+00	-1.12289000e-04
2.64748918e+01	2026-09-04T17:18:48.690569	0.00000000e+00	1	5	3.38554000e-05	1.02214000e-04	-1.25116000e+00	-1.02274000e-04
2.64840055e+01	2026-09-04T17:18:48.700858	0.00000000e+00	1	5	3.55721000e-05	9.20761000e-05	-1.20108000e+00	-9.17651000e-05
2.65135602e+01	2026-09-04T17:18:48.722864	0.00000000e+00	1	5	3.69310000e-05	8.13792000e-05	-1.15107000e+00	-8.14269000e-05
2.65379397e+01	2026-09-04T17:18:48.754142	0.00000000e+00	1	5	3.54767000e-05	7.33608000e-05	-1.10099000e+00	-7.29296000e-05
2.65460453e+01	2026-09-04T17:18:48.754142	0.00000000e+00	1	5	3.86238000e-05	6.55563000e-05	-1.05095000e+00	-6.52195000e-05
2.65711687e+01	2026-09-04T17:18:48.786166	0.00000000e+00	1	5	3.93391000e-05	5.72330000e-05	-1.00092000e+00	-5.75281000e-05
2.66018201e+01	2026-09-04T17:18:48.817953	0.00000000e+00	1	5	3.84569000e-05	5.08887000e-05	-9.50886000e-01	-5.05948000e-05
2.66097792e+01	2026-09-04T17:18:48.817953	0.00000000e+00	1	5	3.14236000e-05	4.47748000e-05	-9.00859000e-01	-4.43605000e-05
2.66358288e+01	2026-09-04T17:18:48.852466	0.00000000e+00	1	5	3.53098000e-05	3.77680000e-05	-8.50806000e-01	-3.79021000e-05
2.66654441e+01	2026-09-04T17:18:48.881616	0.00000000e+00	1	5	3.46661000e-05	3.21335000e-05	-8.00794000e-01	-3.21951000e-05
2.66733302e+01	2026-09-04T17:18:48.881616	0.00000000e+00	1	5	3.15189000e-05	2.73763000e-05	-7.50745000e-01	-2.71024000e-05
2.66889935e+01	2026-09-04T17:18:48.897542	0.00000000e+00	1	5	3.83616000e-05	2.29431000e-05	-7.00708000e-01	-2.29164000e-05
2.67131023e+01	2026-09-04T17:18:48.929113	0.00000000e+00	1	5	3.87192000e-05	1.86503000e-05	-6.50669000e-01	-1.84305000e-05
2.67210295e+01	2026-09-04T17:18:48.929113	0.00000000e+00	1	5	3.64780000e-05	1.51749000e-05	-6.00612000e-01	-1.51076000e-05
2.67470004e+01	2026-09-04T17:18:48.960757	0.00000000e+00	1	5	3.70026000e-05	1.24150000e-05	-5.50569000e-01	-1.23617000e-05
2.67774058e+01	2026-09-04T17:18:48.993191	0.00000000e+00	1	5	4.73499000e-05	9.88701000e-06	-5.00537000e-01	-9.89881000e-06
2.67989736e+01	2026-09-04T17:18:49.010169	0.00000000e+00	1	5	2.30789000e-05	7.92536000e-06	-4.50454000e-01	-7.99451000e-06
2.68241176e+01	2026-09-04T17:18:49.040266	0.00000000e+00	1	5	3.44038000e-05	6.31345000e-06	-4.00432000e-01	-6.31866000e-06
2.68320640e+01	2026-09-04T17:18:49.044942	0.00000000e+00	1	5	3.28779000e-05	5.00027000e-06	-3.50387000e-01	-4.96879000e-06
2.68568442e+01	2026-09-04T17:18:49.072158	0.00000000e+00	1	5	2.97308000e-05	3.77979000e-06	-3.00358000e-01	-3.80319000e-06
2.68958336e+01	2026-09-04T17:18:49.103701	0.00000000e+00	1	5	2.69413000e-05	2.93054000e-06	-2.50307000e-01	-2.91237000e-06
2.69136503e+01	2026-09-04T17:18:49.123900	0.00000000e+00	1	5	2.89202000e-05	2.08379000e-06	-2.00164000e-01	-2.08520000e-06
2.69346830e+01	2026-09-04T17:18:49.151070	0.00000000e+00	1	5	2.94447000e-05	1.44121000e-06	-1.50125000e-01	-1.36045000e-06
2.69426336e+01	2026-09-04T17:18:49.151070	0.00000000e+00	1	5	3.31402000e-05	8.41146000e-07	-1.00077000e-01	-8.35148000e-07
2.69663015e+01	2026-09-04T17:18:49.182860	0.00000000e+00	1	5	2.95401000e-05	4.16179000e-07	-5.00340000e-02	-4.23219000e-07
2.69879546e+01	2026-09-04T17:18:49.198880	0.00000000e+00	1	5	2.98977000e-05	1.50561000e-11	-1.06573000e-05	-2.93016000e-10
2.99464750e+01	2026-09-04T17:18:52.154449	0.00000000e+00	1	6	3.08037000e-05	8.80694000e-10	-2.09093000e-05	1.34790000e-10
2.99809989e+01	2026-09-04T17:18:52.186170	0.00000000e+00	1	6	2.80142000e-05	5.79479000e-06	-5.00400000e-02	-5.72836000e-06
3.00333561e+01	2026-09-04T17:18:52.249050	0.00000000e+00	1	6	-2.19822000e-05	1.79642000e-06	-1.00073000e-01	-1.83930000e-06
3.00436773e+01	2026-09-04T17:18:52.249050	0.00000000e+00	1	6	3.67403000e-05	3.04281000e-06	-1.50112000e-01	-3.06536000e-06
3.00672127e+01	2026-09-04T17:18:52.280697	0.00000000e+00	1	6	2.79188000e-05	4.60014000e-06	-2.00162000e-01	-4.52682000e-06
3.00958683e+01	2026-09-04T17:18:52.312087	0.00000000e+00	1	6	2.92778000e-05	4.94163000e-06	-2.50308000e-01	-4.82043000e-06
3.01039620e+01	2026-09-04T17:18:52.312087	0.00000000e+00	1	6	3.89814000e-05	5.59173000e-06	-3.00348000e-01	-5.42096000e-06
3.01281370e+01	2026-09-04T17:18:52.343887	0.00000000e+00	1	6	2.60353000e-05	5.56349000e-06	-3.50397000e-01	-5.46267000e-06
3.01597856e+01	2026-09-04T17:18:52.375719	0.00000000e+00	1	6	3.88145000e-05	4.96076000e-06	-4.00451000e-01	-4.90679000e-06
3.01918881e+01	2026-09-04T17:18:52.407467	0.00000000e+00	1	6	2.83718000e-05	6.21148000e-06	-4.50459000e-01	-6.11791000e-06
3.02000985e+01	2026-09-04T17:18:52.407467	0.00000000e+00	1	6	3.46661000e-05	7.35417000e-06	-5.00512000e-01	-7.31207000e-06
3.02232727e+01	2026-09-04T17:18:52.439622	0.00000000e+00	1	6	1.64270000e-05	9.09935000e-06	-5.50553000e-01	-9.24930000e-06
3.02567875e+01	2026-09-04T17:18:52.471535	0.00000000e+00	1	6	-1.58548000e-05	1.07065000e-05	-6.00574000e-01	-1.07862000e-05
3.02693988e+01	2026-09-04T17:18:52.471535	0.00000000e+00	1	6	2.95401000e-05	1.32903000e-05	-6.50630000e-01	-1.34397000e-05
3.03229053e+01	2026-09-04T17:18:52.538594	0.00000000e+00	1	6	3.06129000e-05	1.71975000e-05	-7.00688000e-01	-1.72820000e-05
3.03307965e+01	2026-09-04T17:18:52.538594	0.00000000e+00	1	6	3.42131000e-05	2.06603000e-05	-7.50736000e-01	-2.05658000e-05
3.03500977e+01	2026-09-04T17:18:52.566354	0.00000000e+00	1	6	3.24249000e-05	2.41633000e-05	-8.00802000e-01	-2.42202000e-05
3.03584353e+01	2026-09-04T17:18:52.566354	0.00000000e+00	1	6	3.26872000e-05	2.98019000e-05	-8.50797000e-01	-2.96465000e-05
3.03824262e+01	2026-09-04T17:18:52.598016	0.00000000e+00	1	6	2.98262000e-05	3.41184000e-05	-9.00867000e-01	-3.44883000e-05
3.04135300e+01	2026-09-04T17:18:52.629744	0.00000000e+00	1	6	2.65837000e-05	4.03064000e-05	-9.50890000e-01	-4.02193000e-05
3.04214652e+01	2026-09-04T17:18:52.629744	0.00000000e+00	1	6	2.50578000e-05	4.58923000e-05	-1.00094000e+00	-4.61275000e-05
3.04293691e+01	2026-09-04T17:18:52.645651	0.00000000e+00	1	6	3.00884000e-05	5.37667000e-05	-1.05096000e+00	-5.41242000e-05
3.04612218e+01	2026-09-04T17:18:52.677408	0.00000000e+00	1	6	2.82049000e-05	6.05966000e-05	-1.10101000e+00	-6.11701000e-05
3.04692917e+01	2026-09-04T17:18:52.677408	0.00000000e+00	1	6	3.04461000e-05	6.83239000e-05	-1.15109000e+00	-6.86195000e-05
3.04930097e+01	2026-09-04T17:18:52.709271	0.00000000e+00	1	6	2.87294000e-05	7.90156000e-05	-1.20111000e+00	-7.80607000e-05
3.05264441e+01	2026-09-04T17:18:52.741238	0.00000000e+00	1	6	3.27826000e-05	8.55542000e-05	-1.25114000e+00	-8.57033000e-05
3.05344506e+01	2026-09-04T17:18:52.741238	0.00000000e+00	1	6	3.76463000e-05	9.57609000e-05	-1.30117000e+00	-9.94691000e-05
3.05569315e+01	2026-09-04T17:18:52.773041	0.00000000e+00	1	6	3.90768000e-05	1.09961000e-04	-1.35125000e+00	-1.08335000e-04
3.05901070e+01	2026-09-04T17:18:52.805173	0.00000000e+00	1	6	3.14236000e-05	1.23198000e-04	-1.40126000e+00	-1.23793000e-04
3.05984509e+01	2026-09-04T17:18:52.805173	0.00000000e+00	1	6	3.58343000e-05	1.42273000e-04	-1.45130000e+00	-1.40374000e-04
3.06211124e+01	2026-09-04T17:18:52.837021	0.00000000e+00	1	6	3.61919000e-05	1.50451000e-04	-1.50135000e+00	-1.48862000e-04
3.06510837e+01	2026-09-04T17:18:52.859660	0.00000000e+00	1	6	2.96354000e-05	1.64403000e-04	-1.55138000e+00	-1.71142000e-04
3.06737129e+01	2026-09-04T17:18:52.884649	0.00000000e+00	1	6	2.71082000e-05	1.85629000e-04	-1.60140000e+00	-1.85313000e-04
3.06819063e+01	2026-09-04T17:18:52.884649	0.00000000e+00	1	6	3.33309000e-05	2.02802000e-04	-1.65144000e+00	-1.99767000e-04
3.07148193e+01	2026-09-04T17:18:52.916165	0.00000000e+00	1	6	3.38554000e-05	2.09467000e-04	-1.70149000e+00	-2.11433000e-04
3.07494927e+01	2026-09-04T17:18:52.963543	0.00000000e+00	1	6	2.93732000e-05	2.28396000e-04	-1.75152000e+00	-2.29908000e-04
3.07687968e+01	2026-09-04T17:18:52.979525	0.00000000e+00	1	6	2.90155000e-05	2.51262000e-04	-1.80155000e+00	-2.50880000e-04
3.07767079e+01	2026-09-04T17:18:52.979525	0.00000000e+00	1	6	2.54154000e-05	2.70816000e-04	-1.85159000e+00	-2.71092000e-04
3.08102530e+01	2026-09-04T17:18:53.027172	0.00000000e+00	1	6	3.19719000e-05	2.89618000e-04	-1.90162000e+00	-2.95086000e-04
3.08324717e+01	2026-09-04T17:18:53.042932	0.00000000e+00	1	6	2.76566000e-05	3.24032000e-04	-1.95166000e+00	-3.23906000e-04
3.08400881e+01	2026-09-04T17:18:53.042932	0.00000000e+00	1	6	2.30789000e-05	3.45804000e-04	-2.00170000e+00	-3.51485000e-04
3.08701818e+01	2026-09-04T17:18:53.074345	0.00000000e+00	1	6	2.14577000e-05	3.61209000e-04	-2.00165000e+00	-3.60991000e-04
3.08962278e+01	2026-09-04T17:18:53.106155	0.00000000e+00	1	6	2.92778000e-05	3.38338000e-04	-1.95166000e+00	-3.32498000e-04
3.09043358e+01	2026-09-04T17:18:53.106155	0.00000000e+00	1	6	1.62363000e-05	3.14184000e-04	-1.90163000e+00	-3.12440000e-04
3.09336041e+01	2026-09-04T17:18:53.140022	0.00000000e+00	1	6	2.66790000e-05	3.04197000e-04	-1.85159000e+00	-3.13431000e-04
3.09593343e+01	2026-09-04T17:18:53.170161	0.00000000e+00	1	6	2.85625000e-05	2.93650000e-04	-1.80154000e+00	-2.91540000e-04
3.09692674e+01	2026-09-04T17:18:53.185827	0.00000000e+00	1	6	2.43187000e-05	2.69050000e-04	-1.75153000e+00	-2.68105000e-04
3.10008654e+01	2026-09-04T17:18:53.217544	0.00000000e+00	1	6	1.97411000e-05	2.52723000e-04	-1.70145000e+00	-2.49564000e-04
3.10488916e+01	2026-09-04T17:18:53.265132	0.00000000e+00	1	6	2.92778000e-05	2.28485000e-04	-1.65144000e+00	-2.26922000e-04
3.10576752e+01	2026-09-04T17:18:53.265132	0.00000000e+00	1	6	2.83718000e-05	2.08081000e-04	-1.60140000e+00	-2.08457000e-04
3.10811455e+01	2026-09-04T17:18:53.297203	0.00000000e+00	1	6	2.71082000e-05	1.98576000e-04	-1.55139000e+00	-1.96490000e-04
3.11130596e+01	2026-09-04T17:18:53.329743	0.00000000e+00	1	6	3.04461000e-05	1.80116000e-04	-1.50134000e+00	-1.79666000e-04
3.11209582e+01	2026-09-04T17:18:53.329743	0.00000000e+00	1	6	3.23296000e-05	1.66565000e-04	-1.45131000e+00	-1.67209000e-04
3.11448579e+01	2026-09-04T17:18:53.360300	0.00000000e+00	1	6	3.31402000e-05	1.53462000e-04	-1.40125000e+00	-1.53402000e-04
3.11761252e+01	2026-09-04T17:18:53.392236	0.00000000e+00	1	6	3.05414000e-05	1.40292000e-04	-1.35126000e+00	-1.39904000e-04
3.11976561e+01	2026-09-04T17:18:53.408153	0.00000000e+00	1	6	2.49624000e-05	1.28438000e-04	-1.30119000e+00	-1.27663000e-04
3.12055331e+01	2026-09-04T17:18:53.408153	0.00000000e+00	1	6	2.53201000e-05	1.17197000e-04	-1.25118000e+00	-1.16757000e-04
3.12386836e+01	2026-09-04T17:18:53.454070	0.00000000e+00	1	6	2.68459000e-05	1.05407000e-04	-1.20110000e+00	-1.04035000e-04
3.12606682e+01	2026-09-04T17:18:53.471709	0.00000000e+00	1	6	2.92778000e-05	9.44274000e-05	-1.15109000e+00	-9.46861000e-05
3.12921751e+01	2026-09-04T17:18:53.503994	0.00000000e+00	1	6	2.44141000e-05	8.44512000e-05	-1.10102000e+00	-8.38606000e-05
3.13187402e+01	2026-09-04T17:18:53.535085	0.00000000e+00	1	6	2.95401000e-05	7.43894000e-05	-1.05096000e+00	-7.41378000e-05
3.13265664e+01	2026-09-04T17:18:53.535085	0.00000000e+00	1	6	2.35319000e-05	6.66280000e-05	-1.00095000e+00	-6.60571000e-05
3.13343299e+01	2026-09-04T17:18:53.551057	0.00000000e+00	1	6	2.51293000e-05	5.85878000e-05	-9.50920000e-01	-5.78624000e-05
3.13653425e+01	2026-09-04T17:18:53.567073	0.00000000e+00	1	6	2.80142000e-05	5.10757000e-05	-9.00855000e-01	-5.17312000e-05
3.13983492e+01	2026-09-04T17:18:53.615227	0.00000000e+00	1	6	2.27928000e-05	4.56459000e-05	-8.50808000e-01	-4.48430000e-05
3.14199588e+01	2026-09-04T17:18:53.633035	0.00000000e+00	1	6	2.37942000e-05	3.82521000e-05	-8.00793000e-01	-3.80288000e-05
3.14278695e+01	2026-09-04T17:18:53.633035	0.00000000e+00	1	6	2.62260000e-05	3.30725000e-05	-7.50738000e-01	-3.27935000e-05
3.14593294e+01	2026-09-04T17:18:53.668311	0.00000000e+00	1	6	2.52247000e-05	2.72472000e-05	-7.00690000e-01	-2.70992000e-05
3.14829814e+01	2026-09-04T17:18:53.695411	0.00000000e+00	1	6	2.46048000e-05	2.27486000e-05	-6.50655000e-01	-2.26635000e-05
3.14910054e+01	2026-09-04T17:18:53.702193	0.00000000e+00	1	6	2.19822000e-05	1.86016000e-05	-6.00614000e-01	-1.87695000e-05
3.14987994e+01	2026-09-04T17:18:53.709908	0.00000000e+00	1	6	2.29836000e-05	1.53288000e-05	-5.50552000e-01	-1.52789000e-05
3.15064315e+01	2026-09-04T17:18:53.709908	0.00000000e+00	1	6	2.44141000e-05	1.24246000e-05	-5.00526000e-01	-1.24006000e-05
3.15212978e+01	2026-09-04T17:18:53.736020	0.00000000e+00	1	6	2.00987000e-05	1.00042000e-05	-4.50492000e-01	-9.85729000e-06
3.15452341e+01	2026-09-04T17:18:53.757905	0.00000000e+00	1	6	3.19719000e-05	7.83987000e-06	-4.00477000e-01	-7.86679000e-06
3.15562762e+01	2026-09-04T17:18:53.772987	0.00000000e+00	1	6	2.15530000e-05	6.12963000e-06	-3.50411000e-01	-6.07092000e-06
3.16047017e+01	2026-09-04T17:18:53.820905	0.00000000e+00	1	6	2.02894000e-05	4.53484000e-06	-3.00367000e-01	-4.49612000e-06
3.16127423e+01	2026-09-04T17:18:53.820905	0.00000000e+00	1	6	1.64986000e-05	3.54457000e-06	-2.50303000e-01	-3.37818000e-06
3.16391294e+01	2026-09-04T17:18:53.852811	0.00000000e+00	1	6	2.34365000e-05	2.61691000e-06	-2.00161000e-01	-2.62826000e-06
3.16678213e+01	2026-09-04T17:18:53.883882	0.00000000e+00	1	6	2.21729000e-05	1.68722000e-06	-1.50126000e-01	-1.72154000e-06
3.16756391e+01	2026-09-04T17:18:53.883882	0.00000000e+00	1	6	1.66893000e-05	1.03477000e-06	-1.00082000e-01	-1.03870000e-06
3.16834859e+01	2026-09-04T17:18:53.899956	0.00000000e+00	1	6	2.07424000e-05	4.81060000e-07	-5.00437000e-02	-4.78832000e-07
3.17180901e+01	2026-09-04T17:18:53.933221	0.00000000e+00	1	6	2.16246000e-05	1.79756000e-10	-1.56879000e-05	-5.34296000e-11
3.45149903e+01	2026-09-04T17:18:56.722875	0.00000000e+00	1	7	3.47614000e-05	7.60467000e-09	-1.73092000e-05	-4.50492000e-10
3.45386873e+01	2026-09-04T17:18:56.754901	0.00000000e+00	1	7	-1.58548000e-05	3.26753000e-05	-4.99918000e-02	-3.19813000e-05
3.45661383e+01	2026-09-04T17:18:56.772782	0.00000000e+00	1	7	2.72989000e-05	6.53446000e-05	-1.00080000e-01	-6.53893000e-05
3.45931964e+01	2026-09-04T17:18:56.802818	0.00000000e+00	1	7	2.96354000e-05	1.00654000e-04	-1.50131000e-01	-1.00054000e-04
3.46183564e+01	2026-09-04T17:18:56.834705	0.00000000e+00	1	7	2.47002000e-05	1.37713000e-04	-2.00162000e-01	-1.37398000e-04
3.46506662e+01	2026-09-04T17:18:56.866752	0.00000000e+00	1	7	2.73943000e-05	1.78396000e-04	-2.50323000e-01	-1.78436000e-04
3.46589590e+01	2026-09-04T17:18:56.874689	0.00000000e+00	1	7	2.66790000e-05	2.35850000e-04	-3.00339000e-01	-2.35667000e-04
3.46820524e+01	2026-09-04T17:18:56.898352	0.00000000e+00	1	7	2.56777000e-05	2.66185000e-04	-3.50397000e-01	-2.67249000e-04
3.47145828e+01	2026-09-04T17:18:56.929943	0.00000000e+00	1	7	2.53201000e-05	2.91404000e-04	-4.00463000e-01	-2.90997000e-04
3.47224727e+01	2026-09-04T17:18:56.929943	0.00000000e+00	1	7	2.16246000e-05	3.16371000e-04	-4.50466000e-01	-3.08283000e-04
3.47454115e+01	2026-09-04T17:18:56.961639	0.00000000e+00	1	7	2.39611000e-05	2.89350000e-04	-5.00522000e-01	-2.83311000e-04
3.47680088e+01	2026-09-04T17:18:56.981949	0.00000000e+00	1	7	4.44651000e-05	2.55810000e-04	-5.50628000e-01	-1.64829000e-04
3.47921671e+01	2026-09-04T17:18:57.008526	0.00000000e+00	1	7	1.98364000e-05	7.40663000e-05	-6.00617000e-01	-6.82335000e-05
3.48042313e+01	2026-09-04T17:18:57.008526	0.00000000e+00	1	7	2.47002000e-05	6.43758000e-05	-6.50622000e-01	-5.96454000e-05
3.48279064e+01	2026-09-04T17:18:57.044345	0.00000000e+00	1	7	2.35319000e-05	3.55018000e-05	-7.00681000e-01	-4.09757000e-05
3.48555416e+01	2026-09-04T17:18:57.071799	0.00000000e+00	1	7	1.91212000e-05	3.74823000e-05	-7.50730000e-01	-3.77195000e-05
3.48633614e+01	2026-09-04T17:18:57.071799	0.00000000e+00	1	7	2.16246000e-05	4.41882000e-05	-8.00787000e-01	-4.59540000e-05
3.48909951e+01	2026-09-04T17:18:57.106764	0.00000000e+00	1	7	2.82764000e-05	4.07362000e-05	-8.50797000e-01	-4.09521000e-05
3.49244948e+01	2026-09-04T17:18:57.135111	0.00000000e+00	1	7	2.66790000e-05	4.55623000e-05	-9.00872000e-01	-4.54563000e-05
3.49512030e+01	2026-09-04T17:18:57.167664	0.00000000e+00	1	7	2.37942000e-05	4.84043000e-05	-9.50893000e-01	-4.89982000e-05
3.49590921e+01	2026-09-04T17:18:57.167664	0.00000000e+00	1	7	2.42472000e-05	5.64396000e-05	-1.00096000e+00	-5.67641000e-05
3.49825912e+01	2026-09-04T17:18:57.198859	0.00000000e+00	1	7	2.35319000e-05	6.19588000e-05	-1.05097000e+00	-6.37316000e-05
3.50153858e+01	2026-09-04T17:18:57.230772	0.00000000e+00	1	7	2.55823000e-05	7.05969000e-05	-1.10103000e+00	-7.06314000e-05
3.50237584e+01	2026-09-04T17:18:57.240656	0.00000000e+00	1	7	3.00884000e-05	7.97492000e-05	-1.15110000e+00	-7.83464000e-05
3.50502936e+01	2026-09-04T17:18:57.266532	0.00000000e+00	1	7	2.46048000e-05	8.91336000e-05	-1.20110000e+00	-9.03053000e-05
3.50781328e+01	2026-09-04T17:18:57.294302	0.00000000e+00	1	7	2.34365000e-05	1.02809000e-04	-1.25115000e+00	-1.02049000e-04
3.50994268e+01	2026-09-04T17:18:57.314307	0.00000000e+00	1	7	2.41518000e-05	1.13491000e-04	-1.30119000e+00	-1.11482000e-04
3.51257651e+01	2026-09-04T17:18:57.341889	0.00000000e+00	1	7	2.82764000e-05	1.24447000e-04	-1.35126000e+00	-1.24670000e-04
3.51342186e+01	2026-09-04T17:18:57.341889	0.00000000e+00	1	7	2.45094000e-05	1.35703000e-04	-1.40127000e+00	-1.35926000e-04
3.51596512e+01	2026-09-04T17:18:57.374864	0.00000000e+00	1	7	2.39611000e-05	1.49841000e-04	-1.45131000e+00	-1.50397000e-04
3.51887931e+01	2026-09-04T17:18:57.404954	0.00000000e+00	1	7	2.69413000e-05	1.61949000e-04	-1.50132000e+00	-1.63319000e-04
3.51967741e+01	2026-09-04T17:18:57.412700	0.00000000e+00	1	7	2.25306000e-05	1.77493000e-04	-1.55138000e+00	-1.78656000e-04
3.52103538e+01	2026-09-04T17:18:57.423050	0.00000000e+00	1	7	2.37942000e-05	1.89101000e-04	-1.60139000e+00	-1.86105000e-04
3.52366744e+01	2026-09-04T17:18:57.452930	0.00000000e+00	1	7	3.17097000e-05	2.00101000e-04	-1.65145000e+00	-2.00438000e-04
3.52445328e+01	2026-09-04T17:18:57.452930	0.00000000e+00	1	7	2.70367000e-05	2.15703000e-04	-1.70149000e+00	-2.10761000e-04
3.52523253e+01	2026-09-04T17:18:57.468984	0.00000000e+00	1	7	2.63929000e-05	2.31369000e-04	-1.75152000e+00	-2.34777000e-04
3.53010997e+01	2026-09-04T17:18:57.516401	0.00000000e+00	1	7	2.62976000e-05	2.54714000e-04	-1.80154000e+00	-2.54327000e-04
3.53092229e+01	2026-09-04T17:18:57.516401	0.00000000e+00	1	7	3.17097000e-05	2.76599000e-04	-1.85158000e+00	-2.76035000e-04
3.53323096e+01	2026-09-04T17:18:57.548569	0.00000000e+00	1	7	2.28882000e-05	3.01634000e-04	-1.90160000e+00	-2.98503000e-04
3.53653099e+01	2026-09-04T17:18:57.579971	0.00000000e+00	1	7	2.66790000e-05	3.23472000e-04	-1.95167000e+00	-3.23071000e-04
3.53733186e+01	2026-09-04T17:18:57.579971	0.00000000e+00	1	7	2.76566000e-05	3.49040000e-04	-2.00167000e+00	-3.47941000e-04
3.53804462e+01	2026-09-04T17:18:57.595734	0.00000000e+00	1	7	2.30789000e-05	3.53901000e-04	-2.00168000e+00	-3.61964000e-04
3.54198025e+01	2026-09-04T17:18:57.630998	0.00000000e+00	1	7	2.60353000e-05	3.48709000e-04	-1.95167000e+00	-3.42462000e-04
3.54476567e+01	2026-09-04T17:18:57.659511	0.00000000e+00	1	7	2.98977000e-05	3.14656000e-04	-1.90163000e+00	-3.12751000e-04
3.54553023e+01	2026-09-04T17:18:57.659511	0.00000000e+00	1	7	2.27213000e-05	2.90432000e-04	-1.85159000e+00	-2.89939000e-04
3.54804203e+01	2026-09-04T17:18:57.692880	0.00000000e+00	1	7	2.37942000e-05	2.69345000e-04	-1.80154000e+00	-2.72267000e-04
3.54938213e+01	2026-09-04T17:18:57.709150	0.00000000e+00	1	7	2.84672000e-05	2.54008000e-04	-1.75152000e+00	-2.52815000e-04
3.55015387e+01	2026-09-04T17:18:57.709150	0.00000000e+00	1	7	2.04563000e-05	2.33867000e-04	-1.70148000e+00	-2.31704000e-04
3.55092333e+01	2026-09-04T17:18:57.724980	0.00000000e+00	1	7	2.00033000e-05	2.16951000e-04	-1.65143000e+00	-2.17168000e-04
3.55167774e+01	2026-09-04T17:18:57.733561	0.00000000e+00	1	7	2.10047000e-05	1.98665000e-04	-1.60139000e+00	-1.98764000e-04
3.55331331e+01	2026-09-04T17:18:57.740847	0.00000000e+00	1	7	2.46048000e-05	1.80575000e-04	-1.55139000e+00	-1.80345000e-04
3.55569102e+01	2026-09-04T17:18:57.770095	0.00000000e+00	1	7	2.31504000e-05	1.65458000e-04	-1.50134000e+00	-1.66765000e-04
3.55647315e+01	2026-09-04T17:18:57.780721	0.00000000e+00	1	7	3.18050000e-05	1.54076000e-04	-1.45132000e+00	-1.53586000e-04
3.55850796e+01	2026-09-04T17:18:57.801451	0.00000000e+00	1	7	2.00987000e-05	1.39189000e-04	-1.40125000e+00	-1.40763000e-04
3.56084641e+01	2026-09-04T17:18:57.824658	0.00000000e+00	1	7	2.03848000e-05	1.27196000e-04	-1.35125000e+00	-1.27188000e-04
3.56330577e+01	2026-09-04T17:18:57.849304	0.00000000e+00	1	7	2.48671000e-05	1.15945000e-04	-1.30120000e+00	-1.15742000e-04
3.56475672e+01	2026-09-04T17:18:57.855681	0.00000000e+00	1	7	2.35319000e-05	1.05891000e-04	-1.25116000e+00	-1.05496000e-04
3.56746656e+01	2026-09-04T17:18:57.880851	0.00000000e+00	1	7	2.18153000e-05	9.53229000e-05	-1.20112000e+00	-9.62978000e-05
3.56964334e+01	2026-09-04T17:18:57.912718	0.00000000e+00	1	7	2.27213000e-05	8.57870000e-05	-1.15109000e+00	-8.57725000e-05
3.57304300e+01	2026-09-04T17:18:57.945045	0.00000000e+00	1	7	2.01941000e-05	7.83361000e-05	-1.10104000e+00	-7.77892000e-05
3.57389031e+01	2026-09-04T17:18:57.955356	0.00000000e+00	1	7	2.76566000e-05	7.04704000e-05	-1.05097000e+00	-6.96859000e-05
3.57598370e+01	2026-09-04T17:18:57.976140	0.00000000e+00	1	7	2.45094000e-05	6.16915000e-05	-1.00096000e+00	-6.14571000e-05
3.57888960e+01	2026-09-04T17:18:57.994176	0.00000000e+00	1	7	1.83105000e-05	7.41288000e-05	-9.50894000e-01	-7.50491000e-05
3.58121100e+01	2026-09-04T17:18:58.023843	0.00000000e+00	1	7	2.17199000e-05	6.37403000e-05	-9.00841000e-01	-6.38238000e-05
3.58197976e+01	2026-09-04T17:18:58.023843	0.00000000e+00	1	7	2.64883000e-05	6.50408000e-05	-8.50798000e-01	-6.38763000e-05
3.58462847e+01	2026-09-04T17:18:58.055597	0.00000000e+00	1	7	2.47002000e-05	5.64311000e-05	-8.00804000e-01	-5.41804000e-05
3.58616960e+01	2026-09-04T17:18:58.073729	0.00000000e+00	1	7	3.40462000e-05	4.27088000e-05	-7.50740000e-01	-4.21700000e-05
3.58694369e+01	2026-09-04T17:18:58.073729	0.00000000e+00	1	7	2.26259000e-05	3.77988000e-05	-7.00713000e-01	-3.75284000e-05
3.59024384e+01	2026-09-04T17:18:58.118622	0.00000000e+00	1	7	1.75953000e-05	3.30633000e-05	-6.50619000e-01	-3.33250000e-05
3.59239326e+01	2026-09-04T17:18:58.134339	0.00000000e+00	1	7	2.82049000e-05	2.81640000e-05	-6.00634000e-01	-2.79891000e-05
3.59316901e+01	2026-09-04T17:18:58.144865	0.00000000e+00	1	7	3.13520000e-05	2.37271000e-05	-5.50572000e-01	-2.34949000e-05
3.59502839e+01	2026-09-04T17:18:58.166271	0.00000000e+00	1	7	2.36034000e-05	1.95426000e-05	-5.00522000e-01	-1.96314000e-05
3.59821904e+01	2026-09-04T17:18:58.198043	0.00000000e+00	1	7	2.43187000e-05	1.71481000e-05	-4.50481000e-01	-1.70673000e-05
3.59905652e+01	2026-09-04T17:18:58.204108	0.00000000e+00	1	7	2.55823000e-05	1.39155000e-05	-4.00460000e-01	-1.39127000e-05
3.60132902e+01	2026-09-04T17:18:58.229620	0.00000000e+00	1	7	2.71082000e-05	1.12867000e-05	-3.50410000e-01	-1.17224000e-05
3.60460955e+01	2026-09-04T17:18:58.261610	0.00000000e+00	1	7	3.35932000e-05	8.61134000e-06	-3.00374000e-01	-8.71524000e-06
3.60590284e+01	2026-09-04T17:18:58.261610	0.00000000e+00	1	7	1.92165000e-05	6.82628000e-06	-2.50298000e-01	-6.98996000e-06
3.60931231e+01	2026-09-04T17:18:58.309371	0.00000000e+00	1	7	1.72377000e-05	5.22493000e-06	-2.00169000e-01	-5.24956000e-06
3.61143122e+01	2026-09-04T17:18:58.325036	0.00000000e+00	1	7	3.64780000e-05	3.53402000e-06	-1.50122000e-01	-3.37032000e-06
3.61221908e+01	2026-09-04T17:18:58.325036	0.00000000e+00	1	7	1.92881000e-05	2.16994000e-06	-1.00083000e-01	-2.16136000e-06
3.61563417e+01	2026-09-04T17:18:58.372740	0.00000000e+00	1	7	2.33412000e-05	9.42703000e-07	-5.00421000e-02	-1.01330000e-06
3.61777472e+01	2026-09-04T17:18:58.388423	0.00000000e+00	1	7	2.82764000e-05	1.11485000e-10	-1.83105000e-05	-1.56069000e-10
3.90645680e+01	2026-09-04T17:19:01.277326	0.00000000e+00	1	8	2.72036000e-05	1.04916000e-09	-2.23637000e-05	-1.84441000e-10
3.90728366e+01	2026-09-04T17:19:01.287069	0.00000000e+00	1	8	-1.36137000e-05	1.08690000e-05	-4.99959000e-02	-1.08652000e-05
3.91061265e+01	2026-09-04T17:19:01.307815	0.00000000e+00	1	8	2.50578000e-05	2.36699000e-05	-1.00075000e-01	-2.33691000e-05
3.91318579e+01	2026-09-04T17:19:01.339208	0.00000000e+00	1	8	2.80142000e-05	3.95230000e-05	-1.50114000e-01	-3.93868000e-05
3.91547576e+01	2026-09-04T17:19:01.371063	0.00000000e+00	1	8	3.11613000e-05	3.40859000e-05	-2.00162000e-01	-1.37414000e-05
3.91864902e+01	2026-09-04T17:19:01.402498	0.00000000e+00	1	8	3.94344000e-05	9.75475000e-06	-2.50311000e-01	-9.63851000e-06
3.91991795e+01	2026-09-04T17:19:01.402498	0.00000000e+00	1	8	-8.96931000e-05	1.56658000e-05	-3.00319000e-01	-1.54293000e-05
3.92182001e+01	2026-09-04T17:19:01.433997	0.00000000e+00	1	8	2.27213000e-05	2.17118000e-05	-3.50373000e-01	-2.18395000e-05
3.92502249e+01	2026-09-04T17:19:01.466790	0.00000000e+00	1	8	3.10659000e-05	2.97462000e-05	-4.00467000e-01	-2.93906000e-05
3.92584103e+01	2026-09-04T17:19:01.466790	0.00000000e+00	1	8	2.16246000e-05	3.83023000e-05	-4.50485000e-01	-3.83107000e-05
3.92816059e+01	2026-09-04T17:19:01.497375	0.00000000e+00	1	8	2.55108000e-05	4.65827000e-05	-5.00517000e-01	-4.61889000e-05
3.93121999e+01	2026-09-04T17:19:01.528909	0.00000000e+00	1	8	2.81096000e-05	5.43026000e-05	-5.50572000e-01	-5.42332000e-05
3.93356057e+01	2026-09-04T17:19:01.545043	0.00000000e+00	1	8	2.69413000e-05	6.01395000e-05	-6.00612000e-01	-5.57537000e-05
3.93432010e+01	2026-09-04T17:19:01.545043	0.00000000e+00	1	8	3.41415000e-05	4.64382000e-05	-6.50624000e-01	-3.37049000e-05
3.93793347e+01	2026-09-04T17:19:01.594011	0.00000000e+00	1	8	2.67506000e-05	4.11269000e-05	-7.00712000e-01	-3.74789000e-05
3.93872739e+01	2026-09-04T17:19:01.594011	0.00000000e+00	1	8	2.82764000e-05	4.28452000e-05	-7.50717000e-01	-4.06962000e-05
3.94082463e+01	2026-09-04T17:19:01.624263	0.00000000e+00	1	8	2.63929000e-05	2.83031000e-05	-8.00785000e-01	-3.00330000e-05
3.94427879e+01	2026-09-04T17:19:01.657835	0.00000000e+00	1	8	2.55108000e-05	3.32373000e-05	-8.50792000e-01	-3.31802000e-05
3.94505920e+01	2026-09-04T17:19:01.661606	0.00000000e+00	1	8	2.94447000e-05	3.98061000e-05	-9.00871000e-01	-3.96598000e-05
3.94588577e+01	2026-09-04T17:19:01.675315	0.00000000e+00	1	8	2.33412000e-05	4.68598000e-05	-9.50885000e-01	-4.59366000e-05
3.94667294e+01	2026-09-04T17:19:01.675315	0.00000000e+00	1	8	2.86579000e-05	5.24739000e-05	-1.00093000e+00	-4.54706000e-05
3.94875216e+01	2026-09-04T17:19:01.704006	0.00000000e+00	1	8	2.36988000e-05	5.05508000e-05	-1.05096000e+00	-5.12631000e-05
3.95099592e+01	2026-09-04T17:19:01.725203	0.00000000e+00	1	8	3.15189000e-05	5.82401000e-05	-1.10102000e+00	-5.90225000e-05
3.95178737e+01	2026-09-04T17:19:01.730416	0.00000000e+00	1	8	3.03507000e-05	6.71139000e-05	-1.15109000e+00	-6.53414000e-05
3.95673277e+01	2026-09-04T17:19:01.784186	0.00000000e+00	1	8	2.62260000e-05	7.41074000e-05	-1.20110000e+00	-7.35774000e-05
3.95752758e+01	2026-09-04T17:19:01.784186	0.00000000e+00	1	8	2.58684000e-05	8.34552000e-05	-1.25116000e+00	-8.35760000e-05
3.96067219e+01	2026-09-04T17:19:01.815218	0.00000000e+00	1	8	2.04563000e-05	9.42550000e-05	-1.30118000e+00	-9.35224000e-05
3.96304671e+01	2026-09-04T17:19:01.846991	0.00000000e+00	1	8	2.50578000e-05	1.10571000e-04	-1.35126000e+00	-1.12018000e-04
3.96546552e+01	2026-09-04T17:19:01.871481	0.00000000e+00	1	8	1.79529000e-05	1.20876000e-04	-1.40125000e+00	-1.20964000e-04
3.96813280e+01	2026-09-04T17:19:01.894932	0.00000000e+00	1	8	2.95401000e-05	1.35897000e-04	-1.45129000e+00	-1.36013000e-04
3.96981103e+01	2026-09-04T17:19:01.911539	0.00000000e+00	1	8	2.38895000e-05	1.43889000e-04	-1.50134000e+00	-1.43511000e-04
3.97058210e+01	2026-09-04T17:19:01.916311	0.00000000e+00	1	8	1.72377000e-05	1.54822000e-04	-1.55138000e+00	-1.54962000e-04
3.97311678e+01	2026-09-04T17:19:01.941851	0.00000000e+00	1	8	2.18153000e-05	1.69203000e-04	-1.60138000e+00	-1.68338000e-04
3.97413924e+01	2026-09-04T17:19:01.957667	0.00000000e+00	1	8	1.36375000e-05	1.86481000e-04	-1.65148000e+00	-1.88872000e-04
3.97636708e+01	2026-09-04T17:19:01.974798	0.00000000e+00	1	8	2.15530000e-05	2.06080000e-04	-1.70146000e+00	-2.05955000e-04
3.97715668e+01	2026-09-04T17:19:01.974798	0.00000000e+00	1	8	2.06470000e-05	2.18661000e-04	-1.75151000e+00	-2.22295000e-04
3.98196531e+01	2026-09-04T17:19:02.025231	0.00000000e+00	1	8	1.53303000e-05	2.42033000e-04	-1.80153000e+00	-2.46188000e-04
3.98471708e+01	2026-09-04T17:19:02.063444	0.00000000e+00	1	8	2.15530000e-05	2.72479000e-04	-1.85160000e+00	-2.73132000e-04
3.98740597e+01	2026-09-04T17:19:02.084566	0.00000000e+00	1	8	1.99318000e-05	2.94199000e-04	-1.90162000e+00	-2.95435000e-04
3.98822065e+01	2026-09-04T17:19:02.092873	0.00000000e+00	1	8	2.19107000e-05	3.13170000e-04	-1.95167000e+00	-3.17447000e-04
3.99209513e+01	2026-09-04T17:19:02.134101	0.00000000e+00	1	8	1.70469000e-05	3.46988000e-04	-2.00168000e+00	-3.40673000e-04
3.99350698e+01	2026-09-04T17:19:02.150395	0.00000000e+00	1	8	2.47717000e-05	3.45250000e-04	-2.00169000e+00	-3.39982000e-04
3.99433324e+01	2026-09-04T17:19:02.150395	0.00000000e+00	1	8	2.10047000e-05	3.13748000e-04	-1.95166000e+00	-3.10794000e-04
3.99720259e+01	2026-09-04T17:19:02.179641	0.00000000e+00	1	8	1.90258000e-05	2.82467000e-04	-1.90164000e+00	-2.81738000e-04
3.99946794e+01	2026-09-04T17:19:02.211225	0.00000000e+00	1	8	2.19107000e-05	2.62335000e-04	-1.85160000e+00	-2.66072000e-04
4.00163229e+01	2026-09-04T17:19:02.226921	0.00000000e+00	1	8	2.47002000e-05	2.50621000e-04	-1.80153000e+00	-2.50441000e-04
4.00240568e+01	2026-09-04T17:19:02.226921	0.00000000e+00	1	8	1.92881000e-05	2.32319000e-04	-1.75152000e+00	-2.31327000e-04
4.00607207e+01	2026-09-04T17:19:02.275679	0.00000000e+00	1	8	2.52247000e-05	2.09807000e-04	-1.70147000e+00	-2.10243000e-04
4.00686543e+01	2026-09-04T17:19:02.275679	0.00000000e+00	1	8	1.72377000e-05	1.96165000e-04	-1.65145000e+00	-1.96503000e-04
4.00767810e+01	2026-09-04T17:19:02.292986	0.00000000e+00	1	8	2.56777000e-05	1.81860000e-04	-1.60141000e+00	-1.80802000e-04
4.00849761e+01	2026-09-04T17:19:02.292986	0.00000000e+00	1	8	2.52247000e-05	1.68697000e-04	-1.55137000e+00	-1.68169000e-04
4.01001780e+01	2026-09-04T17:19:02.307754	0.00000000e+00	1	8	1.83105000e-05	1.56307000e-04	-1.50135000e+00	-1.55208000e-04
4.01225971e+01	2026-09-04T17:19:02.338922	0.00000000e+00	1	8	2.06470000e-05	1.41215000e-04	-1.45132000e+00	-1.40702000e-04
4.01441302e+01	2026-09-04T17:19:02.354981	0.00000000e+00	1	8	1.86682000e-05	1.29347000e-04	-1.40125000e+00	-1.29659000e-04
4.01517968e+01	2026-09-04T17:19:02.354981	0.00000000e+00	1	8	1.92165000e-05	1.18673000e-04	-1.35124000e+00	-1.18081000e-04
4.01727518e+01	2026-09-04T17:19:02.387174	0.00000000e+00	1	8	2.33412000e-05	1.07591000e-04	-1.30119000e+00	-1.07951000e-04
4.01861476e+01	2026-09-04T17:19:02.402985	0.00000000e+00	1	8	1.70469000e-05	9.81371000e-05	-1.25116000e+00	-9.71871000e-05
4.02101827e+01	2026-09-04T17:19:02.420893	0.00000000e+00	1	8	1.80244000e-05	8.83881000e-05	-1.20109000e+00	-8.84995000e-05
4.02178260e+01	2026-09-04T17:19:02.434583	0.00000000e+00	1	8	2.55108000e-05	7.88203000e-05	-1.15108000e+00	-7.90197000e-05
4.02669754e+01	2026-09-04T17:19:02.482760	0.00000000e+00	1	8	2.52247000e-05	7.07023000e-05	-1.10102000e+00	-7.04694000e-05
4.02821455e+01	2026-09-04T17:19:02.498642	0.00000000e+00	1	8	2.72036000e-05	6.28526000e-05	-1.05097000e+00	-6.22330000e-05
4.03047371e+01	2026-09-04T17:19:02.514845	0.00000000e+00	1	8	2.15530000e-05	5.53699000e-05	-1.00094000e+00	-5.55475000e-05
4.03126905e+01	2026-09-04T17:19:02.514845	0.00000000e+00	1	8	2.65837000e-05	4.86928000e-05	-9.50875000e-01	-4.84840000e-05
4.03559645e+01	2026-09-04T17:19:02.565941	0.00000000e+00	1	8	2.79188000e-05	4.21572000e-05	-9.00865000e-01	-4.17626000e-05
4.03826322e+01	2026-09-04T17:19:02.593604	0.00000000e+00	1	8	2.11716000e-05	3.55839000e-05	-8.50789000e-01	-3.55120000e-05
4.03906048e+01	2026-09-04T17:19:02.593604	0.00000000e+00	1	8	2.22683000e-05	3.09982000e-05	-8.00805000e-01	-3.09999000e-05
4.04421628e+01	2026-09-04T17:19:02.656911	0.00000000e+00	1	8	2.06470000e-05	2.60175000e-05	-7.50722000e-01	-2.61422000e-05
4.04504585e+01	2026-09-04T17:19:02.656911	0.00000000e+00	1	8	1.98364000e-05	2.15117000e-05	-7.00708000e-01	-2.15379000e-05
4.04721359e+01	2026-09-04T17:19:02.688227	0.00000000e+00	1	8	1.56164000e-05	1.80109000e-05	-6.50609000e-01	-1.79884000e-05
4.04945993e+01	2026-09-04T17:19:02.704235	0.00000000e+00	1	8	2.82764000e-05	1.45955000e-05	-6.00631000e-01	-1.46482000e-05
4.05095757e+01	2026-09-04T17:19:02.720714	0.00000000e+00	1	8	2.71082000e-05	1.19577000e-05	-5.50569000e-01	-1.17896000e-05
4.05175421e+01	2026-09-04T17:19:02.730650	0.00000000e+00	1	8	2.95401000e-05	9.45120000e-06	-5.00537000e-01	-9.60630000e-06
4.05489572e+01	2026-09-04T17:19:02.751608	0.00000000e+00	1	8	1.90258000e-05	7.85759000e-06	-4.50473000e-01	-7.82960000e-06
4.05764327e+01	2026-09-04T17:19:02.783437	0.00000000e+00	1	8	1.48058000e-05	6.16742000e-06	-4.00457000e-01	-6.15266000e-06
4.05997494e+01	2026-09-04T17:19:02.815280	0.00000000e+00	1	8	1.82152000e-05	4.75327000e-06	-3.50389000e-01	-4.80579000e-06
4.06321126e+01	2026-09-04T17:19:02.847318	0.00000000e+00	1	8	3.03507000e-05	3.67787000e-06	-3.00356000e-01	-3.61692000e-06
4.06401706e+01	2026-09-04T17:19:02.847318	0.00000000e+00	1	8	1.93834000e-05	2.69313000e-06	-2.50298000e-01	-2.84944000e-06
4.06626367e+01	2026-09-04T17:19:02.878951	0.00000000e+00	1	8	2.20776000e-05	1.82755000e-06	-2.00161000e-01	-1.84045000e-06
4.06955805e+01	2026-09-04T17:19:02.910851	0.00000000e+00	1	8	3.32356000e-05	1.21057000e-06	-1.50127000e-01	-1.17573000e-06
4.07035648e+01	2026-09-04T17:19:02.910851	0.00000000e+00	1	8	1.96457000e-05	7.19621000e-07	-1.00079000e-01	-7.19263000e-07
4.07355013e+01	2026-09-04T17:19:02.942457	0.00000000e+00	1	8	3.13520000e-05	3.09795000e-07	-5.00426000e-02	-3.14206000e-07
4.07585382e+01	2026-09-04T17:19:02.974266	0.00000000e+00	1	8	2.55108000e-05	-6.41584000e-11	-1.68562000e-05	-2.74944000e-10
4.37473331e+01	2026-09-04T17:19:05.956873	0.00000000e+00	1	9	3.19719000e-05	5.31092000e-09	-1.91927000e-05	-1.22225000e-10
4.37729440e+01	2026-09-04T17:19:05.989405	0.00000000e+00	1	9	-3.13282000e-05	5.68345000e-06	-5.00339000e-02	-6.20524000e-06
4.38101834e+01	2026-09-04T17:19:06.020910	0.00000000e+00	1	9	2.89202000e-05	1.21165000e-05	-1.00039000e-01	-1.26584000e-05
4.38404564e+01	2026-09-04T17:19:06.052515	0.00000000e+00	1	9	2.73943000e-05	1.97965000e-05	-1.50124000e-01	-1.93498000e-05
4.38511452e+01	2026-09-04T17:19:06.067687	0.00000000e+00	1	9	2.61307000e-05	2.60755000e-05	-2.00160000e-01	-2.69707000e-05
4.38820750e+01	2026-09-04T17:19:06.083733	0.00000000e+00	1	9	1.87635000e-05	3.21002000e-05	-2.50287000e-01	-2.73580000e-05
4.39328851e+01	2026-09-04T17:19:06.147473	0.00000000e+00	1	9	2.28882000e-05	3.09782000e-05	-3.00354000e-01	-3.13487000e-05
4.39411651e+01	2026-09-04T17:19:06.147473	0.00000000e+00	1	9	1.84774000e-05	3.91297000e-05	-3.50392000e-01	-3.70044000e-05
4.39719684e+01	2026-09-04T17:19:06.179221	0.00000000e+00	1	9	2.22683000e-05	3.15443000e-05	-4.00449000e-01	-2.54440000e-05
4.39905452e+01	2026-09-04T17:19:06.201933	0.00000000e+00	1	9	2.18153000e-05	3.04809000e-05	-4.50480000e-01	-3.45362000e-05
4.40163412e+01	2026-09-04T17:19:06.227782	0.00000000e+00	1	9	2.12669000e-05	3.64862000e-05	-5.00525000e-01	-3.09023000e-05
4.40240371e+01	2026-09-04T17:19:06.227782	0.00000000e+00	1	9	3.14236000e-05	3.02116000e-05	-5.50569000e-01	-2.98930000e-05
4.40424725e+01	2026-09-04T17:19:06.258831	0.00000000e+00	1	9	2.47002000e-05	2.98253000e-05	-6.00608000e-01	-4.98130000e-05
4.40653550e+01	2026-09-04T17:19:06.275767	0.00000000e+00	1	9	2.58684000e-05	1.72887000e-05	-6.50673000e-01	-1.76954000e-05
4.40730837e+01	2026-09-04T17:19:06.285649	0.00000000e+00	1	9	2.82764000e-05	1.94063000e-05	-7.00715000e-01	-1.82350000e-05
4.41248533e+01	2026-09-04T17:19:06.338384	0.00000000e+00	1	9	2.56777000e-05	2.15372000e-05	-7.50740000e-01	-2.14019000e-05
4.41330632e+01	2026-09-04T17:19:06.338384	0.00000000e+00	1	9	2.71082000e-05	2.50636000e-05	-8.00794000e-01	-2.49507000e-05
4.41543597e+01	2026-09-04T17:19:06.370221	0.00000000e+00	1	9	2.52247000e-05	2.93930000e-05	-8.50797000e-01	-2.91032000e-05
4.41820492e+01	2026-09-04T17:19:06.396987	0.00000000e+00	1	9	2.84672000e-05	3.41923000e-05	-9.00863000e-01	-3.36662000e-05
4.42065050e+01	2026-09-04T17:19:06.417663	0.00000000e+00	1	9	2.32458000e-05	3.98275000e-05	-9.50910000e-01	-3.97393000e-05
4.42152966e+01	2026-09-04T17:19:06.417663	0.00000000e+00	1	9	2.72989000e-05	4.49303000e-05	-1.00095000e+00	-4.49579000e-05
4.42650797e+01	2026-09-04T17:19:06.480819	0.00000000e+00	1	9	2.44141000e-05	5.22199000e-05	-1.05096000e+00	-5.20485000e-05
4.42733949e+01	2026-09-04T17:19:06.480819	0.00000000e+00	1	9	2.43187000e-05	5.94553000e-05	-1.10103000e+00	-5.79819000e-05
4.42922075e+01	2026-09-04T17:19:06.506842	0.00000000e+00	1	9	1.93834000e-05	6.52303000e-05	-1.15109000e+00	-6.57851000e-05
4.43165902e+01	2026-09-04T17:19:06.528203	0.00000000e+00	1	9	2.25306000e-05	7.53586000e-05	-1.20111000e+00	-7.49321000e-05
4.43242865e+01	2026-09-04T17:19:06.528203	0.00000000e+00	1	9	2.38895000e-05	8.39257000e-05	-1.25113000e+00	-8.38852000e-05
4.43438932e+01	2026-09-04T17:19:06.559723	0.00000000e+00	1	9	2.65837000e-05	9.14394000e-05	-1.30118000e+00	-9.11350000e-05
4.43651140e+01	2026-09-04T17:19:06.575473	0.00000000e+00	1	9	2.69413000e-05	1.02021000e-04	-1.35126000e+00	-1.02739000e-04
4.43847248e+01	2026-09-04T17:19:06.591197	0.00000000e+00	1	9	2.28882000e-05	1.12478000e-04	-1.40124000e+00	-1.11901000e-04
4.44064188e+01	2026-09-04T17:19:06.622717	0.00000000e+00	1	9	2.14577000e-05	1.23234000e-04	-1.45132000e+00	-1.23758000e-04
4.44333866e+01	2026-09-04T17:19:06.643412	0.00000000e+00	1	9	2.32458000e-05	1.35662000e-04	-1.50133000e+00	-1.35240000e-04
4.44584456e+01	2026-09-04T17:19:06.670252	0.00000000e+00	1	9	2.11000000e-05	1.47258000e-04	-1.55138000e+00	-1.48465000e-04
4.44660975e+01	2026-09-04T17:19:06.670252	0.00000000e+00	1	9	2.56777000e-05	1.63874000e-04	-1.60138000e+00	-1.64640000e-04
4.44805970e+01	2026-09-04T17:19:06.692301	0.00000000e+00	1	9	2.25306000e-05	1.76098000e-04	-1.65145000e+00	-1.77140000e-04
4.45064373e+01	2026-09-04T17:19:06.718485	0.00000000e+00	1	9	1.85728000e-05	1.93948000e-04	-1.70148000e+00	-1.94201000e-04
4.45143073e+01	2026-09-04T17:19:06.728275	0.00000000e+00	1	9	2.72036000e-05	2.08061000e-04	-1.75153000e+00	-2.09328000e-04
4.45333925e+01	2026-09-04T17:19:06.749365	0.00000000e+00	1	9	1.90258000e-05	2.33463000e-04	-1.80153000e+00	-2.38330000e-04
4.45693341e+01	2026-09-04T17:19:06.781413	0.00000000e+00	1	9	2.58684000e-05	2.64265000e-04	-1.85161000e+00	-2.62577000e-04
4.45771528e+01	2026-09-04T17:19:06.781413	0.00000000e+00	1	9	2.22683000e-05	2.80009000e-04	-1.90163000e+00	-2.79511000e-04
4.46059377e+01	2026-09-04T17:19:06.813209	0.00000000e+00	1	9	1.64986000e-05	3.07910000e-04	-1.95166000e+00	-3.06147000e-04
4.46239711e+01	2026-09-04T17:19:06.839838	0.00000000e+00	1	9	2.08139000e-05	3.28228000e-04	-2.00166000e+00	-3.25782000e-04
4.46351007e+01	2026-09-04T17:19:06.848965	0.00000000e+00	1	9	2.14577000e-05	3.30029000e-04	-2.00167000e+00	-3.33725000e-04
4.46427773e+01	2026-09-04T17:19:06.848965	0.00000000e+00	1	9	2.26259000e-05	3.08796000e-04	-1.95166000e+00	-3.13598000e-04
4.46937067e+01	2026-09-04T17:19:06.908223	0.00000000e+00	1	9	1.78576000e-05	2.96597000e-04	-1.90162000e+00	-2.96668000e-04
4.47022220e+01	2026-09-04T17:19:06.908223	0.00000000e+00	1	9	2.26259000e-05	2.73067000e-04	-1.85159000e+00	-2.73835000e-04
4.47312432e+01	2026-09-04T17:19:06.940901	0.00000000e+00	1	9	2.17199000e-05	2.56745000e-04	-1.80154000e+00	-2.58688000e-04
4.47566741e+01	2026-09-04T17:19:06.971446	0.00000000e+00	1	9	2.35319000e-05	2.36307000e-04	-1.75153000e+00	-2.35114000e-04
4.47644264e+01	2026-09-04T17:19:06.971446	0.00000000e+00	1	9	2.39611000e-05	2.18782000e-04	-1.70147000e+00	-2.18576000e-04
4.47869581e+01	2026-09-04T17:19:07.003243	0.00000000e+00	1	9	2.28882000e-05	2.00018000e-04	-1.65146000e+00	-1.99440000e-04
4.48220705e+01	2026-09-04T17:19:07.035236	0.00000000e+00	1	9	1.96457000e-05	1.84291000e-04	-1.60138000e+00	-1.82886000e-04
4.48300496e+01	2026-09-04T17:19:07.035236	0.00000000e+00	1	9	2.19822000e-05	1.67839000e-04	-1.55140000e+00	-1.68158000e-04
4.48509421e+01	2026-09-04T17:19:07.066995	0.00000000e+00	1	9	1.55210000e-05	1.54641000e-04	-1.50133000e+00	-1.53323000e-04
4.48853189e+01	2026-09-04T17:19:07.098717	0.00000000e+00	1	9	2.12669000e-05	1.40417000e-04	-1.45130000e+00	-1.39578000e-04
4.48936761e+01	2026-09-04T17:19:07.098717	0.00000000e+00	1	9	1.92165000e-05	1.27927000e-04	-1.40125000e+00	-1.28097000e-04
4.49141730e+01	2026-09-04T17:19:07.130071	0.00000000e+00	1	9	1.69516000e-05	1.16877000e-04	-1.35125000e+00	-1.17859000e-04
4.49474716e+01	2026-09-04T17:19:07.162525	0.00000000e+00	1	9	1.99318000e-05	1.07778000e-04	-1.30119000e+00	-1.07382000e-04
4.49557388e+01	2026-09-04T17:19:07.172353	0.00000000e+00	1	9	2.20776000e-05	9.70393000e-05	-1.25116000e+00	-9.69628000e-05
4.49778091e+01	2026-09-04T17:19:07.193738	0.00000000e+00	1	9	1.50681000e-05	8.72192000e-05	-1.20109000e+00	-8.75523000e-05
4.50105848e+01	2026-09-04T17:19:07.225841	0.00000000e+00	1	9	2.04563000e-05	7.82128000e-05	-1.15109000e+00	-7.80041000e-05
4.50184160e+01	2026-09-04T17:19:07.225841	0.00000000e+00	1	9	2.72989000e-05	7.03848000e-05	-1.10102000e+00	-7.01831000e-05
4.50411932e+01	2026-09-04T17:19:07.258007	0.00000000e+00	1	9	1.85728000e-05	6.18099000e-05	-1.05096000e+00	-6.19346000e-05
4.50729400e+01	2026-09-04T17:19:07.288887	0.00000000e+00	1	9	2.42472000e-05	5.45456000e-05	-1.00095000e+00	-5.43095000e-05
4.50810465e+01	2026-09-04T17:19:07.288887	0.00000000e+00	1	9	1.78576000e-05	4.79025000e-05	-9.50910000e-01	-4.80654000e-05
4.51044555e+01	2026-09-04T17:19:07.320572	0.00000000e+00	1	9	1.92165000e-05	4.13896000e-05	-9.00848000e-01	-4.13862000e-05
4.51380252e+01	2026-09-04T17:19:07.352415	0.00000000e+00	1	9	2.36988000e-05	3.56077000e-05	-8.50799000e-01	-3.54118000e-05
4.51462314e+01	2026-09-04T17:19:07.352415	0.00000000e+00	1	9	1.70469000e-05	3.01854000e-05	-8.00778000e-01	-3.03460000e-05
4.51684166e+01	2026-09-04T17:19:07.384968	0.00000000e+00	1	9	1.79529000e-05	2.53900000e-05	-7.50727000e-01	-2.53315000e-05
4.52004001e+01	2026-09-04T17:19:07.416265	0.00000000e+00	1	9	1.84774000e-05	2.13510000e-05	-7.00706000e-01	-2.12879000e-05
4.52084458e+01	2026-09-04T17:19:07.416265	0.00000000e+00	1	9	1.64270000e-05	1.75262000e-05	-6.50681000e-01	-1.72263000e-05
4.52324710e+01	2026-09-04T17:19:07.448210	0.00000000e+00	1	9	2.64883000e-05	1.40360000e-05	-6.00623000e-01	-1.38502000e-05
4.52650589e+01	2026-09-04T17:19:07.479958	0.00000000e+00	1	9	2.52247000e-05	1.08726000e-05	-5.50560000e-01	-1.09216000e-05
4.52727608e+01	2026-09-04T17:19:07.479958	0.00000000e+00	1	9	5.07593000e-05	8.86702000e-06	-5.00529000e-01	-8.80415000e-06
4.52953525e+01	2026-09-04T17:19:07.511484	0.00000000e+00	1	9	1.38044000e-05	6.75500000e-06	-4.50468000e-01	-6.71161000e-06
4.53280836e+01	2026-09-04T17:19:07.543526	0.00000000e+00	1	9	1.40905000e-05	5.07081000e-06	-4.00466000e-01	-5.09526000e-06
4.53361561e+01	2026-09-04T17:19:07.543526	0.00000000e+00	1	9	2.55823000e-05	3.84185000e-06	-3.50399000e-01	-3.80551000e-06
4.53594252e+01	2026-09-04T17:19:07.575761	0.00000000e+00	1	9	2.13623000e-05	2.86145000e-06	-3.00357000e-01	-2.79029000e-06
4.53918239e+01	2026-09-04T17:19:07.608347	0.00000000e+00	1	9	2.60353000e-05	2.02991000e-06	-2.50311000e-01	-2.04441000e-06
4.53996931e+01	2026-09-04T17:19:07.608347	0.00000000e+00	1	9	2.34365000e-05	1.42303000e-06	-2.00162000e-01	-1.44806000e-06
4.54228464e+01	2026-09-04T17:19:07.639088	0.00000000e+00	1	9	1.65939000e-05	9.81659000e-07	-1.50122000e-01	-9.76536000e-07
4.54572836e+01	2026-09-04T17:19:07.671811	0.00000000e+00	1	9	2.12669000e-05	5.84763000e-07	-1.00080000e-01	-5.79525000e-07
4.54664292e+01	2026-09-04T17:19:07.671811	0.00000000e+00	1	9	2.69413000e-05	2.72049000e-07	-5.00407000e-02	-2.70017000e-07
4.54869890e+01	2026-09-04T17:19:07.703575	0.00000000e+00	1	9	2.23637000e-05	1.04260000e-10	-1.93834000e-05	-9.95398000e-12
4.84312969e+01	2026-09-04T17:19:10.646181	0.00000000e+00	1	10	2.93732000e-05	2.75224000e-09	-1.55210000e-05	-5.48303000e-10
4.84395557e+01	2026-09-04T17:19:10.646181	0.00000000e+00	1	10	-2.35081000e-05	1.33301000e-05	-4.99967000e-02	-1.34327000e-05
4.84905234e+01	2026-09-04T17:19:10.703994	0.00000000e+00	1	10	2.63929000e-05	2.79642000e-05	-1.00079000e-01	-2.79078000e-05
4.84992104e+01	2026-09-04T17:19:10.703994	0.00000000e+00	1	10	2.66790000e-05	4.45403000e-05	-1.50120000e-01	-4.44043000e-05
4.85198597e+01	2026-09-04T17:19:10.736081	0.00000000e+00	1	10	3.66449000e-05	6.96068000e-05	-2.00160000e-01	-6.89272000e-05
4.85548577e+01	2026-09-04T17:19:10.767848	0.00000000e+00	1	10	2.66790000e-05	9.26693000e-05	-2.50280000e-01	-9.23020000e-05
4.85627122e+01	2026-09-04T17:19:10.778104	0.00000000e+00	1	10	5.88655000e-05	9.74030000e-05	-3.00339000e-01	-3.53434000e-05
4.85834051e+01	2026-09-04T17:19:10.799586	0.00000000e+00	1	10	3.57389000e-05	3.70107000e-05	-3.50394000e-01	-3.72200000e-05
4.86143985e+01	2026-09-04T17:19:10.831248	0.00000000e+00	1	10	3.40462000e-05	4.45534000e-05	-4.00457000e-01	-4.29219000e-05
4.86369070e+01	2026-09-04T17:19:10.847115	0.00000000e+00	1	10	2.59399000e-05	4.99879000e-05	-4.50469000e-01	-5.02684000e-05
4.86445741e+01	2026-09-04T17:19:10.847115	0.00000000e+00	1	10	2.71082000e-05	5.82929000e-05	-5.00534000e-01	-5.82005000e-05
4.86788731e+01	2026-09-04T17:19:10.894859	0.00000000e+00	1	10	2.33412000e-05	6.71293000e-05	-5.50549000e-01	-6.68557000e-05
4.87000099e+01	2026-09-04T17:19:10.910624	0.00000000e+00	1	10	2.36988000e-05	7.61814000e-05	-6.00626000e-01	-7.60645000e-05
4.87079366e+01	2026-09-04T17:19:10.910624	0.00000000e+00	1	10	2.26259000e-05	8.60242000e-05	-6.50633000e-01	-8.54032000e-05
4.87582103e+01	2026-09-04T17:19:10.974467	0.00000000e+00	1	10	3.01838000e-05	9.43437000e-05	-7.00696000e-01	-9.56023000e-05
4.87667687e+01	2026-09-04T17:19:10.974467	0.00000000e+00	1	10	3.00884000e-05	1.03727000e-04	-7.50732000e-01	-1.01833000e-04
4.87907795e+01	2026-09-04T17:19:11.006178	0.00000000e+00	1	10	3.29733000e-05	6.69069000e-05	-8.00792000e-01	-6.78570000e-05
4.88213966e+01	2026-09-04T17:19:11.037650	0.00000000e+00	1	10	3.73602000e-05	1.11189000e-04	-8.50802000e-01	-1.00131000e-04
4.88337867e+01	2026-09-04T17:19:11.037650	0.00000000e+00	1	10	2.77519000e-05	1.01753000e-04	-9.00874000e-01	-8.87670000e-05
4.88602277e+01	2026-09-04T17:19:11.077058	0.00000000e+00	1	10	2.46048000e-05	9.37154000e-05	-9.50902000e-01	-8.97535000e-05
4.88851724e+01	2026-09-04T17:19:11.101187	0.00000000e+00	1	10	3.09944000e-05	9.89045000e-05	-1.00095000e+00	-9.64674000e-05
4.88959929e+01	2026-09-04T17:19:11.103141	0.00000000e+00	1	10	2.69413000e-05	9.76226000e-05	-1.05096000e+00	-9.81849000e-05
4.89218238e+01	2026-09-04T17:19:11.138592	0.00000000e+00	1	10	2.42472000e-05	1.06276000e-04	-1.10102000e+00	-1.00163000e-04
4.89484432e+01	2026-09-04T17:19:11.164629	0.00000000e+00	1	10	2.27213000e-05	1.11792000e-04	-1.15110000e+00	-1.09930000e-04
4.89564077e+01	2026-09-04T17:19:11.164629	0.00000000e+00	1	10	3.38554000e-05	1.14689000e-04	-1.20111000e+00	-1.12148000e-04
4.89823430e+01	2026-09-04T17:19:11.196523	0.00000000e+00	1	10	2.69413000e-05	1.11149000e-04	-1.25115000e+00	-1.13307000e-04
4.90121098e+01	2026-09-04T17:19:11.228310	0.00000000e+00	1	10	2.55823000e-05	1.26210000e-04	-1.30118000e+00	-1.26212000e-04
4.90199266e+01	2026-09-04T17:19:11.228310	0.00000000e+00	1	10	2.83718000e-05	1.38475000e-04	-1.35124000e+00	-1.42188000e-04
4.90450364e+01	2026-09-04T17:19:11.259709	0.00000000e+00	1	10	2.20776000e-05	1.53458000e-04	-1.40126000e+00	-1.48578000e-04
4.90749377e+01	2026-09-04T17:19:11.291158	0.00000000e+00	1	10	3.40462000e-05	1.60904000e-04	-1.45132000e+00	-1.61676000e-04
4.90828293e+01	2026-09-04T17:19:11.291158	0.00000000e+00	1	10	2.99931000e-05	1.78815000e-04	-1.50134000e+00	-1.76392000e-04
4.91092293e+01	2026-09-04T17:19:11.325282	0.00000000e+00	1	10	2.90871000e-05	1.79606000e-04	-1.55138000e+00	-1.79566000e-04
4.91389812e+01	2026-09-04T17:19:11.355177	0.00000000e+00	1	10	2.41518000e-05	2.08375000e-04	-1.60140000e+00	-2.03540000e-04
4.91475927e+01	2026-09-04T17:19:11.363119	0.00000000e+00	1	10	2.23637000e-05	2.23467000e-04	-1.65145000e+00	-2.22898000e-04
4.91726560e+01	2026-09-04T17:19:11.388237	0.00000000e+00	1	10	2.27928000e-05	2.32971000e-04	-1.70147000e+00	-2.30046000e-04
4.92027652e+01	2026-09-04T17:19:11.418954	0.00000000e+00	1	10	2.64883000e-05	2.45245000e-04	-1.75154000e+00	-2.47505000e-04
4.92104514e+01	2026-09-04T17:19:11.418954	0.00000000e+00	1	10	2.55823000e-05	2.62278000e-04	-1.80154000e+00	-2.60093000e-04
4.92382593e+01	2026-09-04T17:19:11.451166	0.00000000e+00	1	10	1.94788000e-05	2.84360000e-04	-1.85161000e+00	-2.85912000e-04
4.92565486e+01	2026-09-04T17:19:11.469624	0.00000000e+00	1	10	2.11000000e-05	3.05732000e-04	-1.90163000e+00	-3.08151000e-04
4.92643687e+01	2026-09-04T17:19:11.469624	0.00000000e+00	1	10	1.98364000e-05	3.25659000e-04	-1.95167000e+00	-3.26269000e-04
4.92987131e+01	2026-09-04T17:19:11.515100	0.00000000e+00	1	10	1.63317000e-05	3.69421000e-04	-2.00169000e+00	-3.66263000e-04
4.93207222e+01	2026-09-04T17:19:11.531350	0.00000000e+00	1	10	1.82152000e-05	3.64796000e-04	-2.00168000e+00	-3.64207000e-04
4.93294081e+01	2026-09-04T17:19:11.543775	0.00000000e+00	1	10	1.51634000e-05	3.38427000e-04	-1.95166000e+00	-3.54116000e-04
4.93770771e+01	2026-09-04T17:19:11.590435	0.00000000e+00	1	10	2.62976000e-05	3.31511000e-04	-1.90163000e+00	-3.28242000e-04
4.94001873e+01	2026-09-04T17:19:11.611062	0.00000000e+00	1	10	1.42574000e-05	3.03823000e-04	-1.85157000e+00	-3.06287000e-04
4.94101262e+01	2026-09-04T17:19:11.626483	0.00000000e+00	1	10	1.91212000e-05	2.82304000e-04	-1.80154000e+00	-2.81525000e-04
4.94579528e+01	2026-09-04T17:19:11.674248	0.00000000e+00	1	10	2.24352000e-05	2.59077000e-04	-1.75153000e+00	-2.58304000e-04
4.94657155e+01	2026-09-04T17:19:11.674248	0.00000000e+00	1	10	2.47717000e-05	2.39455000e-04	-1.70149000e+00	-2.37352000e-04
4.94738650e+01	2026-09-04T17:19:11.690055	0.00000000e+00	1	10	2.48671000e-05	2.20847000e-04	-1.65146000e+00	-2.22578000e-04
4.95220131e+01	2026-09-04T17:19:11.738075	0.00000000e+00	1	10	1.99318000e-05	2.07919000e-04	-1.60142000e+00	-2.07315000e-04
4.95298091e+01	2026-09-04T17:19:11.738075	0.00000000e+00	1	10	2.62976000e-05	1.93671000e-04	-1.55139000e+00	-1.92947000e-04
4.95374658e+01	2026-09-04T17:19:11.754162	0.00000000e+00	1	10	2.60353000e-05	1.77333000e-04	-1.50134000e+00	-1.76509000e-04
4.95857007e+01	2026-09-04T17:19:11.801511	0.00000000e+00	1	10	1.56879000e-05	1.62003000e-04	-1.45132000e+00	-1.62930000e-04
4.95938343e+01	2026-09-04T17:19:11.801511	0.00000000e+00	1	10	2.36988000e-05	1.49196000e-04	-1.40126000e+00	-1.48800000e-04
4.96176259e+01	2026-09-04T17:19:11.833258	0.00000000e+00	1	10	2.27213000e-05	1.35157000e-04	-1.35126000e+00	-1.34563000e-04
4.96485709e+01	2026-09-04T17:19:11.864882	0.00000000e+00	1	10	2.24352000e-05	1.25673000e-04	-1.30118000e+00	-1.24815000e-04
4.96565570e+01	2026-09-04T17:19:11.864882	0.00000000e+00	1	10	2.41518000e-05	1.13807000e-04	-1.25118000e+00	-1.13453000e-04
4.96809674e+01	2026-09-04T17:19:11.896422	0.00000000e+00	1	10	2.67506000e-05	1.03592000e-04	-1.20110000e+00	-1.03800000e-04
4.97120109e+01	2026-09-04T17:19:11.928144	0.00000000e+00	1	10	2.11000000e-05	9.25462000e-05	-1.15109000e+00	-9.32172000e-05
4.97274868e+01	2026-09-04T17:19:11.943980	0.00000000e+00	1	10	1.93834000e-05	8.23284000e-05	-1.10103000e+00	-8.36130000e-05
4.97749060e+01	2026-09-04T17:19:11.991200	0.00000000e+00	1	10	2.20776000e-05	7.49963000e-05	-1.05097000e+00	-7.50720000e-05
4.98081499e+01	2026-09-04T17:19:12.023249	0.00000000e+00	1	10	1.93834000e-05	6.70379000e-05	-1.00094000e+00	-6.63251000e-05
4.98282950e+01	2026-09-04T17:19:12.039245	0.00000000e+00	1	10	2.54154000e-05	5.81111000e-05	-9.50911000e-01	-5.83664000e-05
4.98360330e+01	2026-09-04T17:19:12.039245	0.00000000e+00	1	10	2.50578000e-05	5.13537000e-05	-9.00880000e-01	-5.13008000e-05
4.98545345e+01	2026-09-04T17:19:12.071092	0.00000000e+00	1	10	2.30789000e-05	4.39947000e-05	-8.50801000e-01	-4.36579000e-05
4.98775079e+01	2026-09-04T17:19:12.087029	0.00000000e+00	1	10	2.27213000e-05	3.81446000e-05	-8.00813000e-01	-3.83774000e-05
4.98854134e+01	2026-09-04T17:19:12.087029	0.00000000e+00	1	10	1.80244000e-05	3.27745000e-05	-7.50733000e-01	-3.25965000e-05
4.99342498e+01	2026-09-04T17:19:12.150936	0.00000000e+00	1	10	2.49624000e-05	2.68415000e-05	-7.00692000e-01	-2.69595000e-05
4.99563196e+01	2026-09-04T17:19:12.166829	0.00000000e+00	1	10	2.23637000e-05	2.26135000e-05	-6.50646000e-01	-2.25375000e-05
4.99643343e+01	2026-09-04T17:19:12.177500	0.00000000e+00	1	10	2.07424000e-05	1.92275000e-05	-6.00633000e-01	-1.89500000e-05
4.99989229e+01	2026-09-04T17:19:12.214208	0.00000000e+00	1	10	1.91212000e-05	1.64281000e-05	-5.50565000e-01	-1.55863000e-05
5.00193234e+01	2026-09-04T17:19:12.230972	0.00000000e+00	1	10	2.43187000e-05	1.25853000e-05	-5.00504000e-01	-1.25895000e-05
5.00274380e+01	2026-09-04T17:19:12.230972	0.00000000e+00	1	10	2.20776000e-05	1.03988000e-05	-4.50476000e-01	-1.05190000e-05
5.00774502e+01	2026-09-04T17:19:12.293593	0.00000000e+00	1	10	2.72036000e-05	8.27597000e-06	-4.00475000e-01	-8.20591000e-06
5.00910196e+01	2026-09-04T17:19:12.293593	0.00000000e+00	1	10	1.13010000e-05	6.39742000e-06	-3.50401000e-01	-6.36518000e-06
5.01412171e+01	2026-09-04T17:19:12.356909	0.00000000e+00	1	10	1.56164000e-05	4.80271000e-06	-3.00357000e-01	-4.82324000e-06
5.01496057e+01	2026-09-04T17:19:12.356909	0.00000000e+00	1	10	1.28269000e-05	3.58777000e-06	-2.50308000e-01	-3.59425000e-06
5.01734692e+01	2026-09-04T17:19:12.388674	0.00000000e+00	1	10	1.73092000e-05	2.52705000e-06	-2.00167000e-01	-2.48709000e-06
5.02043051e+01	2026-09-04T17:19:12.420391	0.00000000e+00	1	10	1.68562000e-05	1.63742000e-06	-1.50123000e-01	-1.62524000e-06
5.02122278e+01	2026-09-04T17:19:12.420391	0.00000000e+00	1	10	1.86682000e-05	1.01372000e-06	-1.00088000e-01	-9.91872000e-07
5.02399049e+01	2026-09-04T17:19:12.454960	0.00000000e+00	1	10	1.67847000e-05	4.63797000e-07	-5.00397000e-02	-4.64409000e-07
5.02670308e+01	2026-09-04T17:19:12.483374	0.00000000e+00	1	10	2.02894000e-05	5.60999000e-11	-2.30789000e-05	-1.67513000e-10
5.31925132e+01	2026-09-04T17:19:15.402807	0.00000000e+00	1	11	1.73092000e-05	9.16362000e-11	-1.42574000e-05	1.84983000e-09
5.32089891e+01	2026-09-04T17:19:15.422801	0.00000000e+00	1	11	-3.81708000e-05	2.83687000e-06	-5.00398000e-02	-2.92381000e-06
5.32345998e+01	2026-09-04T17:19:15.450494	0.00000000e+00	1	11	2.98977000e-05	5.89713000e-06	-1.00079000e-01	-5.89326000e-06
5.32659681e+01	2026-09-04T17:19:15.481848	0.00000000e+00	1	11	5.62668000e-06	9.01479000e-06	-1.50129000e-01	-9.03279000e-06
5.32815001e+01	2026-09-04T17:19:15.497932	0.00000000e+00	1	11	-2.80142000e-05	1.21434000e-05	-2.00125000e-01	-1.25511000e-05
5.33065693e+01	2026-09-04T17:19:15.521291	0.00000000e+00	1	11	2.61307000e-05	1.60300000e-05	-2.50327000e-01	-1.60019000e-05
5.33291454e+01	2026-09-04T17:19:15.545282	0.00000000e+00	1	11	1.34468000e-05	1.97197000e-05	-3.00362000e-01	-1.97952000e-05
5.33622850e+01	2026-09-04T17:19:15.577082	0.00000000e+00	1	11	2.15530000e-05	2.41630000e-05	-3.50391000e-01	-2.40435000e-05
5.33719401e+01	2026-09-04T17:19:15.577082	0.00000000e+00	1	11	1.65939000e-05	2.86347000e-05	-4.00464000e-01	-2.80796000e-05
5.33923995e+01	2026-09-04T17:19:15.608642	0.00000000e+00	1	11	2.12669000e-05	3.22685000e-05	-4.50458000e-01	-3.26540000e-05
5.34260099e+01	2026-09-04T17:19:15.640500	0.00000000e+00	1	11	2.24352000e-05	3.79842000e-05	-5.00532000e-01	-3.86054000e-05
5.34453751e+01	2026-09-04T17:19:15.656328	0.00000000e+00	1	11	1.64986000e-05	4.29159000e-05	-5.50578000e-01	-4.37928000e-05
5.34535903e+01	2026-09-04T17:19:15.656328	0.00000000e+00	1	11	1.50681000e-05	4.93697000e-05	-6.00633000e-01	-4.93422000e-05
5.34927416e+01	2026-09-04T17:19:15.706808	0.00000000e+00	1	11	1.68562000e-05	5.54934000e-05	-6.50620000e-01	-5.65115000e-05
5.35006839e+01	2026-09-04T17:19:15.706808	0.00000000e+00	1	11	1.56164000e-05	6.14721000e-05	-7.00706000e-01	-6.19275000e-05
5.35347437e+01	2026-09-04T17:19:15.751428	0.00000000e+00	1	11	1.48058000e-05	6.92877000e-05	-7.50740000e-01	-7.01644000e-05
5.35621879e+01	2026-09-04T17:19:15.767404	0.00000000e+00	1	11	1.76668000e-05	7.50892000e-05	-8.00778000e-01	-7.48199000e-05
5.35704521e+01	2026-09-04T17:19:15.787315	0.00000000e+00	1	11	1.57833000e-05	8.00580000e-05	-8.50811000e-01	-7.92626000e-05
5.35782130e+01	2026-09-04T17:19:15.787315	0.00000000e+00	1	11	1.62363000e-05	8.93205000e-05	-9.00857000e-01	-8.98513000e-05
5.36024381e+01	2026-09-04T17:19:15.814967	0.00000000e+00	1	11	1.95742000e-05	8.33748000e-05	-9.50887000e-01	-8.22005000e-05
5.36300381e+01	2026-09-04T17:19:15.846439	0.00000000e+00	1	11	1.92165000e-05	8.37360000e-05	-1.00095000e+00	-8.08931000e-05
5.36378716e+01	2026-09-04T17:19:15.846439	0.00000000e+00	1	11	2.15530000e-05	8.33835000e-05	-1.05099000e+00	-8.39727000e-05
5.36637467e+01	2026-09-04T17:19:15.878071	0.00000000e+00	1	11	1.84774000e-05	9.69040000e-05	-1.10103000e+00	-9.70910000e-05
5.36944154e+01	2026-09-04T17:19:15.910257	0.00000000e+00	1	11	1.65939000e-05	1.03760000e-04	-1.15112000e+00	-1.04037000e-04
5.37068184e+01	2026-09-04T17:19:15.910257	0.00000000e+00	1	11	1.46151000e-05	1.11611000e-04	-1.20112000e+00	-1.17938000e-04
5.37255923e+01	2026-09-04T17:19:15.942055	0.00000000e+00	1	11	1.54257000e-05	1.21197000e-04	-1.25117000e+00	-1.06671000e-04
5.37497494e+01	2026-09-04T17:19:15.958171	0.00000000e+00	1	11	1.22786000e-05	1.17636000e-04	-1.30119000e+00	-1.17234000e-04
5.37577319e+01	2026-09-04T17:19:15.974133	0.00000000e+00	1	11	2.19107000e-05	1.28499000e-04	-1.35124000e+00	-1.27599000e-04
5.37655290e+01	2026-09-04T17:19:15.974133	0.00000000e+00	1	11	1.84774000e-05	1.31144000e-04	-1.40127000e+00	-1.31914000e-04
5.37731830e+01	2026-09-04T17:19:15.989823	0.00000000e+00	1	11	1.55210000e-05	1.44570000e-04	-1.45130000e+00	-1.51222000e-04
5.38103419e+01	2026-09-04T17:19:16.024895	0.00000000e+00	1	11	1.53303000e-05	1.59685000e-04	-1.50135000e+00	-1.59545000e-04
5.38183250e+01	2026-09-04T17:19:16.024895	0.00000000e+00	1	11	1.50681000e-05	1.73292000e-04	-1.55138000e+00	-1.72163000e-04
5.38370949e+01	2026-09-04T17:19:16.053232	0.00000000e+00	1	11	1.75953000e-05	1.85925000e-04	-1.60142000e+00	-1.85875000e-04
5.38456576e+01	2026-09-04T17:19:16.053232	0.00000000e+00	1	11	1.26362000e-05	2.03775000e-04	-1.65146000e+00	-2.04725000e-04
5.38713552e+01	2026-09-04T17:19:16.084560	0.00000000e+00	1	11	1.13010000e-05	2.18808000e-04	-1.70147000e+00	-2.21655000e-04
5.38945924e+01	2026-09-04T17:19:16.104915	0.00000000e+00	1	11	1.86682000e-05	2.40326000e-04	-1.75155000e+00	-2.40252000e-04
5.39166535e+01	2026-09-04T17:19:16.132416	0.00000000e+00	1	11	9.58443000e-06	2.57014000e-04	-1.80154000e+00	-2.54426000e-04
5.39513461e+01	2026-09-04T17:19:16.165978	0.00000000e+00	1	11	1.10149000e-05	2.75528000e-04	-1.85162000e+00	-2.75741000e-04
5.39595664e+01	2026-09-04T17:19:16.174729	0.00000000e+00	1	11	1.23739000e-05	2.97018000e-04	-1.90162000e+00	-2.97066000e-04
5.39795970e+01	2026-09-04T17:19:16.195941	0.00000000e+00	1	11	1.71423000e-05	3.25740000e-04	-1.95167000e+00	-3.24931000e-04
5.40131072e+01	2026-09-04T17:19:16.227481	0.00000000e+00	1	11	1.11103000e-05	3.61406000e-04	-2.00169000e+00	-3.59796000e-04
5.40198957e+01	2026-09-04T17:19:16.231905	0.00000000e+00	1	11	1.43528000e-05	3.58186000e-04	-2.00168000e+00	-3.55842000e-04
5.40434217e+01	2026-09-04T17:19:16.259200	0.00000000e+00	1	11	9.39369000e-06	3.36321000e-04	-1.95170000e+00	-3.44890000e-04
5.40751363e+01	2026-09-04T17:19:16.291156	0.00000000e+00	1	11	1.39952000e-05	3.13053000e-04	-1.90162000e+00	-3.09607000e-04
5.40836485e+01	2026-09-04T17:19:16.291156	0.00000000e+00	1	11	8.15392000e-06	2.92844000e-04	-1.85159000e+00	-2.95388000e-04
5.41072128e+01	2026-09-04T17:19:16.323051	0.00000000e+00	1	11	1.28984000e-05	2.75557000e-04	-1.80152000e+00	-2.77039000e-04
5.41383495e+01	2026-09-04T17:19:16.354617	0.00000000e+00	1	11	1.54257000e-05	2.64313000e-04	-1.75153000e+00	-2.65635000e-04
5.41605402e+01	2026-09-04T17:19:16.370529	0.00000000e+00	1	11	1.27316000e-05	2.41454000e-04	-1.70148000e+00	-2.39599000e-04
5.41685532e+01	2026-09-04T17:19:16.370529	0.00000000e+00	1	11	1.53303000e-05	2.22129000e-04	-1.65146000e+00	-2.22748000e-04
5.42173471e+01	2026-09-04T17:19:16.433560	0.00000000e+00	1	11	1.71423000e-05	2.06605000e-04	-1.60140000e+00	-2.06019000e-04
5.42256020e+01	2026-09-04T17:19:16.433560	0.00000000e+00	1	11	1.78576000e-05	1.90657000e-04	-1.55139000e+00	-1.90534000e-04
5.42515253e+01	2026-09-04T17:19:16.465762	0.00000000e+00	1	11	1.88351000e-05	1.75794000e-04	-1.50134000e+00	-1.75857000e-04
5.42817835e+01	2026-09-04T17:19:16.497482	0.00000000e+00	1	11	1.47104000e-05	1.62196000e-04	-1.45129000e+00	-1.61984000e-04
5.42902300e+01	2026-09-04T17:19:16.497482	0.00000000e+00	1	11	1.68562000e-05	1.47601000e-04	-1.40126000e+00	-1.47020000e-04
5.43158507e+01	2026-09-04T17:19:16.529267	0.00000000e+00	1	11	2.04563000e-05	1.35034000e-04	-1.35126000e+00	-1.34397000e-04
5.43450019e+01	2026-09-04T17:19:16.561134	0.00000000e+00	1	11	2.02894000e-05	1.22778000e-04	-1.30121000e+00	-1.21896000e-04
5.43527642e+01	2026-09-04T17:19:16.561134	0.00000000e+00	1	11	1.62363000e-05	1.11079000e-04	-1.25117000e+00	-1.10737000e-04
5.43785227e+01	2026-09-04T17:19:16.592909	0.00000000e+00	1	11	1.41621000e-05	1.00463000e-04	-1.20111000e+00	-1.00554000e-04
5.44087814e+01	2026-09-04T17:19:16.625069	0.00000000e+00	1	11	1.59740000e-05	9.04797000e-05	-1.15108000e+00	-9.01052000e-05
5.44213391e+01	2026-09-04T17:19:16.625069	0.00000000e+00	1	11	1.75953000e-05	8.03937000e-05	-1.10104000e+00	-8.03994000e-05
5.44435096e+01	2026-09-04T17:19:16.657098	0.00000000e+00	1	11	1.98364000e-05	7.13613000e-05	-1.05097000e+00	-7.13770000e-05
5.44729250e+01	2026-09-04T17:19:16.688798	0.00000000e+00	1	11	1.84059000e-05	6.32342000e-05	-1.00095000e+00	-6.29649000e-05
5.44808169e+01	2026-09-04T17:19:16.688798	0.00000000e+00	1	11	1.03951000e-05	5.56096000e-05	-9.50901000e-01	-5.61234000e-05
5.45061911e+01	2026-09-04T17:19:16.720697	0.00000000e+00	1	11	1.87635000e-05	4.86514000e-05	-9.00863000e-01	-4.87400000e-05
5.45367821e+01	2026-09-04T17:19:16.752770	0.00000000e+00	1	11	1.72377000e-05	4.20485000e-05	-8.50794000e-01	-4.19329000e-05
5.45453472e+01	2026-09-04T17:19:16.752770	0.00000000e+00	1	11	2.19822000e-05	3.54865000e-05	-8.00809000e-01	-3.54091000e-05
5.45714173e+01	2026-09-04T17:19:16.785303	0.00000000e+00	1	11	1.83105000e-05	2.97612000e-05	-7.50722000e-01	-2.98395000e-05
5.45908747e+01	2026-09-04T17:19:16.804716	0.00000000e+00	1	11	1.57833000e-05	2.55543000e-05	-7.00706000e-01	-2.55553000e-05
5.45988354e+01	2026-09-04T17:19:16.815650	0.00000000e+00	1	11	1.87635000e-05	2.14694000e-05	-6.50636000e-01	-2.10834000e-05
5.46210715e+01	2026-09-04T17:19:16.831799	0.00000000e+00	1	11	2.11716000e-05	1.75894000e-05	-6.00603000e-01	-1.76630000e-05
5.46313411e+01	2026-09-04T17:19:16.847931	0.00000000e+00	1	11	2.86579000e-05	1.44296000e-05	-5.50559000e-01	-1.42314000e-05
5.46799206e+01	2026-09-04T17:19:16.895790	0.00000000e+00	1	11	2.20776000e-05	1.15075000e-05	-5.00524000e-01	-1.14620000e-05
5.46879524e+01	2026-09-04T17:19:16.895790	0.00000000e+00	1	11	3.41415000e-05	9.25369000e-06	-4.50477000e-01	-9.21858000e-06
5.47163493e+01	2026-09-04T17:19:16.927595	0.00000000e+00	1	11	8.77380000e-06	7.42782000e-06	-4.00484000e-01	-7.39770000e-06
5.47431526e+01	2026-09-04T17:19:16.958993	0.00000000e+00	1	11	1.58787000e-05	5.80073000e-06	-3.50413000e-01	-5.68453000e-06
5.47606418e+01	2026-09-04T17:19:16.974938	0.00000000e+00	1	11	1.70469000e-05	4.41520000e-06	-3.00363000e-01	-4.25623000e-06
5.47892183e+01	2026-09-04T17:19:16.990607	0.00000000e+00	1	11	2.11716000e-05	3.31899000e-06	-2.50304000e-01	-3.41456000e-06
5.48394637e+01	2026-09-04T17:19:17.054188	0.00000000e+00	1	11	9.32217000e-06	2.68797000e-06	-2.00161000e-01	-2.72993000e-06
5.48493051e+01	2026-09-04T17:19:17.064558	0.00000000e+00	1	11	1.31845000e-05	1.97979000e-06	-1.50102000e-01	-2.73116000e-06
5.48699471e+01	2026-09-04T17:19:17.085908	0.00000000e+00	1	11	1.55210000e-05	1.86941000e-06	-1.00086000e-01	-2.40249000e-06
5.49019840e+01	2026-09-04T17:19:17.117541	0.00000000e+00	1	11	4.10080000e-06	1.02099000e-06	-5.00376000e-02	-1.11864000e-06
5.49126881e+01	2026-09-04T17:19:17.117541	0.00000000e+00	1	11	2.05517000e-05	3.37958000e-11	-1.32561000e-05	-2.08104000e-10
5.78514866e+01	2026-09-04T17:19:20.067819	0.00000000e+00	1	12	2.04563000e-05	5.45316000e-09	-1.51634000e-05	8.09276000e-10
5.78771999e+01	2026-09-04T17:19:20.088679	0.00000000e+00	1	12	-3.52859000e-05	6.28927000e-06	-5.00510000e-02	-6.33141000e-06
5.79044083e+01	2026-09-04T17:19:20.120638	0.00000000e+00	1	12	2.17199000e-05	1.32690000e-05	-1.00051000e-01	-1.26700000e-05
5.79145354e+01	2026-09-04T17:19:20.120638	0.00000000e+00	1	12	1.92165000e-05	2.09351000e-05	-1.50137000e-01	-2.10189000e-05
5.79373689e+01	2026-09-04T17:19:20.152490	0.00000000e+00	1	12	2.25306000e-05	3.12473000e-05	-2.00179000e-01	-3.11990000e-05
5.79576261e+01	2026-09-04T17:19:20.170249	0.00000000e+00	1	12	1.65939000e-05	4.50512000e-05	-2.50315000e-01	-4.44669000e-05
5.79839867e+01	2026-09-04T17:19:20.200390	0.00000000e+00	1	12	2.60353000e-05	6.03700000e-05	-3.00372000e-01	-5.96666000e-05
5.79922772e+01	2026-09-04T17:19:20.200390	0.00000000e+00	1	12	2.03848000e-05	7.93631000e-05	-3.50406000e-01	-7.89104000e-05
5.80251666e+01	2026-09-04T17:19:20.232076	0.00000000e+00	1	12	1.99318000e-05	8.76639000e-05	-4.00476000e-01	-8.68091000e-05
5.80393864e+01	2026-09-04T17:19:20.251020	0.00000000e+00	1	12	2.05517000e-05	9.57329000e-05	-4.50499000e-01	-9.40612000e-05
5.80678908e+01	2026-09-04T17:19:20.279579	0.00000000e+00	1	12	2.07424000e-05	9.82638000e-05	-5.00539000e-01	-9.65212000e-05
5.80792074e+01	2026-09-04T17:19:20.295338	0.00000000e+00	1	12	2.67506000e-05	8.32747000e-05	-5.50580000e-01	-8.25635000e-05
5.81267801e+01	2026-09-04T17:19:20.343165	0.00000000e+00	1	12	1.54257000e-05	8.10400000e-05	-6.00624000e-01	-8.16610000e-05
5.81345782e+01	2026-09-04T17:19:20.343165	0.00000000e+00	1	12	2.10047000e-05	9.04394000e-05	-6.50645000e-01	-8.81513000e-05
5.81426242e+01	2026-09-04T17:19:20.358824	0.00000000e+00	1	12	2.18153000e-05	9.12970000e-05	-7.00699000e-01	-8.39392000e-05
5.81744212e+01	2026-09-04T17:19:20.390901	0.00000000e+00	1	12	2.15530000e-05	9.21939000e-05	-7.50740000e-01	-9.48539000e-05
5.81967614e+01	2026-09-04T17:19:20.406556	0.00000000e+00	1	12	1.76668000e-05	9.56150000e-05	-8.00814000e-01	-9.62243000e-05
5.82253006e+01	2026-09-04T17:19:20.438594	0.00000000e+00	1	12	1.81198000e-05	1.01332000e-04	-8.50820000e-01	-1.00638000e-04
5.82543219e+01	2026-09-04T17:19:20.470107	0.00000000e+00	1	12	2.19822000e-05	1.04612000e-04	-9.00867000e-01	-1.02792000e-04
5.82628902e+01	2026-09-04T17:19:20.470107	0.00000000e+00	1	12	1.97411000e-05	1.07826000e-04	-9.50918000e-01	-1.04806000e-04
5.82893616e+01	2026-09-04T17:19:20.501918	0.00000000e+00	1	12	1.48058000e-05	1.06473000e-04	-1.00096000e+00	-1.05192000e-04
5.83171280e+01	2026-09-04T17:19:20.533286	0.00000000e+00	1	12	1.64986000e-05	9.89209000e-05	-1.05097000e+00	-9.96215000e-05
5.83297080e+01	2026-09-04T17:19:20.533286	0.00000000e+00	1	12	2.19107000e-05	1.06277000e-04	-1.10105000e+00	-9.63079000e-05
5.83529673e+01	2026-09-04T17:19:20.564980	0.00000000e+00	1	12	2.23637000e-05	1.03581000e-04	-1.15111000e+00	-1.03263000e-04
5.83808833e+01	2026-09-04T17:19:20.596809	0.00000000e+00	1	12	2.70367000e-05	1.09698000e-04	-1.20111000e+00	-1.10528000e-04
5.83892944e+01	2026-09-04T17:19:20.596809	0.00000000e+00	1	12	2.22683000e-05	1.25632000e-04	-1.25118000e+00	-1.24075000e-04
5.84159853e+01	2026-09-04T17:19:20.628248	0.00000000e+00	1	12	2.14577000e-05	1.31499000e-04	-1.30121000e+00	-1.26433000e-04
5.84442071e+01	2026-09-04T17:19:20.660011	0.00000000e+00	1	12	2.08139000e-05	1.32808000e-04	-1.35127000e+00	-1.32493000e-04
5.84529372e+01	2026-09-04T17:19:20.660011	0.00000000e+00	1	12	1.96457000e-05	1.47923000e-04	-1.40127000e+00	-1.52310000e-04
5.84795929e+01	2026-09-04T17:19:20.695797	0.00000000e+00	1	12	1.43528000e-05	1.40844000e-04	-1.45132000e+00	-1.41492000e-04
5.84986883e+01	2026-09-04T17:19:20.709782	0.00000000e+00	1	12	1.80244000e-05	1.52460000e-04	-1.50137000e+00	-1.51267000e-04
5.85063483e+01	2026-09-04T17:19:20.709782	0.00000000e+00	1	12	2.02894000e-05	1.65892000e-04	-1.55140000e+00	-1.71377000e-04
5.85281382e+01	2026-09-04T17:19:20.739242	0.00000000e+00	1	12	1.82152000e-05	1.89416000e-04	-1.60142000e+00	-1.87640000e-04
5.85363251e+01	2026-09-04T17:19:20.739242	0.00000000e+00	1	12	2.36988000e-05	2.05000000e-04	-1.65148000e+00	-2.00373000e-04
5.85710955e+01	2026-09-04T17:19:20.787140	0.00000000e+00	1	12	1.67847000e-05	2.24559000e-04	-1.70147000e+00	-2.22281000e-04
5.85919482e+01	2026-09-04T17:19:20.802886	0.00000000e+00	1	12	2.39611000e-05	2.42336000e-04	-1.75154000e+00	-2.42252000e-04
5.85995480e+01	2026-09-04T17:19:20.802886	0.00000000e+00	1	12	1.89304000e-05	2.62162000e-04	-1.80154000e+00	-2.61451000e-04
5.86183690e+01	2026-09-04T17:19:20.834641	0.00000000e+00	1	12	2.11000000e-05	2.80126000e-04	-1.85160000e+00	-2.78360000e-04
5.86510259e+01	2026-09-04T17:19:20.867455	0.00000000e+00	1	12	1.51634000e-05	3.01969000e-04	-1.90163000e+00	-3.01829000e-04
5.86599438e+01	2026-09-04T17:19:20.867455	0.00000000e+00	1	12	1.09434000e-05	3.25553000e-04	-1.95168000e+00	-3.22289000e-04
5.86801703e+01	2026-09-04T17:19:20.892554	0.00000000e+00	1	12	1.89304000e-05	3.51088000e-04	-2.00172000e+00	-3.51362000e-04
5.87036418e+01	2026-09-04T17:19:20.914203	0.00000000e+00	1	12	2.11716000e-05	3.49009000e-04	-2.00173000e+00	-3.48999000e-04
5.87122463e+01	2026-09-04T17:19:20.914203	0.00000000e+00	1	12	2.27213000e-05	3.17820000e-04	-1.95167000e+00	-3.17353000e-04
5.87199096e+01	2026-09-04T17:19:20.930121	0.00000000e+00	1	12	2.69413000e-05	3.00166000e-04	-1.90163000e+00	-2.99933000e-04
5.87274007e+01	2026-09-04T17:19:20.930121	0.00000000e+00	1	12	2.55823000e-05	2.80562000e-04	-1.85163000e+00	-2.80877000e-04
5.87561952e+01	2026-09-04T17:19:20.961622	0.00000000e+00	1	12	1.49727000e-05	2.59579000e-04	-1.80154000e+00	-2.61657000e-04
5.87836865e+01	2026-09-04T17:19:20.993565	0.00000000e+00	1	12	1.87635000e-05	2.40776000e-04	-1.75153000e+00	-2.40010000e-04
5.87915336e+01	2026-09-04T17:19:20.993565	0.00000000e+00	1	12	1.73092000e-05	2.22737000e-04	-1.70149000e+00	-2.22039000e-04
5.88000475e+01	2026-09-04T17:19:21.009377	0.00000000e+00	1	12	1.61409000e-05	2.05840000e-04	-1.65147000e+00	-2.05142000e-04
5.88077569e+01	2026-09-04T17:19:21.009377	0.00000000e+00	1	12	1.51634000e-05	1.88014000e-04	-1.60142000e+00	-1.89338000e-04
5.88568170e+01	2026-09-04T17:19:21.073092	0.00000000e+00	1	12	1.48773000e-05	1.74853000e-04	-1.55142000e+00	-1.73777000e-04
5.88654205e+01	2026-09-04T17:19:21.075079	0.00000000e+00	1	12	1.47104000e-05	1.60327000e-04	-1.50134000e+00	-1.60773000e-04
5.88933455e+01	2026-09-04T17:19:21.104747	0.00000000e+00	1	12	1.74999000e-05	1.47122000e-04	-1.45132000e+00	-1.46582000e-04
5.89205048e+01	2026-09-04T17:19:21.136657	0.00000000e+00	1	12	1.68562000e-05	1.32899000e-04	-1.40126000e+00	-1.33178000e-04
5.89287714e+01	2026-09-04T17:19:21.136657	0.00000000e+00	1	12	1.61409000e-05	1.22086000e-04	-1.35128000e+00	-1.22050000e-04
5.89549794e+01	2026-09-04T17:19:21.168720	0.00000000e+00	1	12	1.93834000e-05	1.11960000e-04	-1.30120000e+00	-1.11329000e-04
5.89838704e+01	2026-09-04T17:19:21.200174	0.00000000e+00	1	12	2.00033000e-05	1.00884000e-04	-1.25118000e+00	-1.00726000e-04
5.89919553e+01	2026-09-04T17:19:21.200174	0.00000000e+00	1	12	1.61409000e-05	9.12403000e-05	-1.20111000e+00	-9.11218000e-05
5.90212133e+01	2026-09-04T17:19:21.231810	0.00000000e+00	1	12	2.36034000e-05	8.22070000e-05	-1.15110000e+00	-8.20604000e-05
5.90391296e+01	2026-09-04T17:19:21.251605	0.00000000e+00	1	12	2.21729000e-05	7.23001000e-05	-1.10106000e+00	-7.24836000e-05
5.90469971e+01	2026-09-04T17:19:21.263671	0.00000000e+00	1	12	2.65837000e-05	6.40791000e-05	-1.05098000e+00	-6.42399000e-05
5.90988238e+01	2026-09-04T17:19:21.311354	0.00000000e+00	1	12	2.06470000e-05	5.69514000e-05	-1.00098000e+00	-5.68243000e-05
5.91071406e+01	2026-09-04T17:19:21.311354	0.00000000e+00	1	12	2.24352000e-05	5.01641000e-05	-9.50913000e-01	-4.96729000e-05
5.91372471e+01	2026-09-04T17:19:21.342730	0.00000000e+00	1	12	1.64986000e-05	4.33085000e-05	-9.00880000e-01	-4.31337000e-05
5.91609387e+01	2026-09-04T17:19:21.375023	0.00000000e+00	1	12	1.74999000e-05	3.72354000e-05	-8.50822000e-01	-3.72279000e-05
5.91697479e+01	2026-09-04T17:19:21.375023	0.00000000e+00	1	12	2.62976000e-05	3.21881000e-05	-8.00827000e-01	-3.21565000e-05
5.92014251e+01	2026-09-04T17:19:21.407229	0.00000000e+00	1	12	1.65939000e-05	2.69066000e-05	-7.50744000e-01	-2.69926000e-05
5.92165467e+01	2026-09-04T17:19:21.427101	0.00000000e+00	1	12	2.31504000e-05	2.27650000e-05	-7.00716000e-01	-2.26866000e-05
5.92387301e+01	2026-09-04T17:19:21.455018	0.00000000e+00	1	12	1.96457000e-05	1.90703000e-05	-6.50661000e-01	-1.90744000e-05
5.92477103e+01	2026-09-04T17:19:21.455018	0.00000000e+00	1	12	2.83718000e-05	1.60924000e-05	-6.00632000e-01	-1.60531000e-05
5.92747895e+01	2026-09-04T17:19:21.486968	0.00000000e+00	1	12	2.99931000e-05	1.30691000e-05	-5.50583000e-01	-1.30523000e-05
5.92938364e+01	2026-09-04T17:19:21.507818	0.00000000e+00	1	12	2.96354000e-05	1.06574000e-05	-5.00539000e-01	-1.06207000e-05
5.93018807e+01	2026-09-04T17:19:21.518640	0.00000000e+00	1	12	3.87192000e-05	8.47566000e-06	-4.50470000e-01	-8.56270000e-06
5.93258212e+01	2026-09-04T17:19:21.534342	0.00000000e+00	1	12	9.13143000e-06	6.82882000e-06	-4.00455000e-01	-6.77127000e-06
5.93338248e+01	2026-09-04T17:19:21.550195	0.00000000e+00	1	12	2.19107000e-05	5.29501000e-06	-3.50415000e-01	-5.39808000e-06
5.93822770e+01	2026-09-04T17:19:21.598122	0.00000000e+00	1	12	2.19822000e-05	4.16288000e-06	-3.00363000e-01	-4.17906000e-06
5.93905005e+01	2026-09-04T17:19:21.598122	0.00000000e+00	1	12	2.64883000e-05	3.12124000e-06	-2.50317000e-01	-3.15409000e-06
5.94185300e+01	2026-09-04T17:19:21.629567	0.00000000e+00	1	12	1.67847000e-05	2.17188000e-06	-2.00173000e-01	-2.18692000e-06
5.94451694e+01	2026-09-04T17:19:21.661526	0.00000000e+00	1	12	2.98977000e-05	1.43540000e-06	-1.50132000e-01	-1.44719000e-06
5.94541121e+01	2026-09-04T17:19:21.661526	0.00000000e+00	1	12	2.12669000e-05	8.70501000e-07	-1.00089000e-01	-8.64342000e-07
5.94774789e+01	2026-09-04T17:19:21.693352	0.00000000e+00	1	12	2.27213000e-05	4.00166000e-07	-5.00470000e-02	-3.98960000e-07
5.94959547e+01	2026-09-04T17:19:21.709324	0.00000000e+00	1	12	2.28882000e-05	1.76752000e-10	-2.27213000e-05	-1.70827000e-11
6.22671816e+01	2026-09-04T17:19:24.483460	0.00000000e+00	1	13	1.93834000e-05	4.31240000e-10	-2.28882000e-05	4.22347000e-10
6.22754576e+01	2026-09-04T17:19:24.491975	0.00000000e+00	1	13	-2.74658000e-05	2.15505000e-05	-4.99938000e-02	-2.13241000e-05
6.23250653e+01	2026-09-04T17:19:24.541345	0.00000000e+00	1	13	2.23637000e-05	4.43575000e-05	-1.00087000e-01	-4.43442000e-05
6.23516468e+01	2026-09-04T17:19:24.568033	0.00000000e+00	1	13	1.21117000e-05	6.98502000e-05	-1.50128000e-01	-6.98332000e-05
6.23601704e+01	2026-09-04T17:19:24.577004	0.00000000e+00	1	13	2.19822000e-05	9.72802000e-05	-2.00165000e-01	-9.68932000e-05
6.23677600e+01	2026-09-04T17:19:24.583745	0.00000000e+00	1	13	2.55108000e-05	1.17234000e-04	-2.50302000e-01	-9.93646000e-05
6.24171150e+01	2026-09-04T17:19:24.633125	0.00000000e+00	1	13	3.12567000e-05	9.44296000e-06	-3.00350000e-01	-5.39818000e-06
6.24477877e+01	2026-09-04T17:19:24.663993	0.00000000e+00	1	13	1.13726000e-05	5.61435000e-06	-3.50398000e-01	-5.58256000e-06
6.24751168e+01	2026-09-04T17:19:24.692003	0.00000000e+00	1	13	1.48058000e-05	6.15257000e-06	-4.00480000e-01	-6.00555000e-06
6.24926009e+01	2026-09-04T17:19:24.708738	0.00000000e+00	1	13	1.41621000e-05	7.80879000e-06	-4.50469000e-01	-7.70298000e-06
6.25426230e+01	2026-09-04T17:19:24.758914	0.00000000e+00	1	13	5.17368000e-06	9.93590000e-06	-5.00546000e-01	-9.92389000e-06
6.25525026e+01	2026-09-04T17:19:24.769167	0.00000000e+00	1	13	-3.58343000e-05	1.04684000e-05	-5.50539000e-01	-1.02718000e-05
6.25649951e+01	2026-09-04T17:19:24.781035	0.00000000e+00	1	13	1.12057000e-05	1.24685000e-05	-6.00636000e-01	-1.24993000e-05
6.25729890e+01	2026-09-04T17:19:24.789961	0.00000000e+00	1	13	1.18256000e-05	1.52343000e-05	-6.50648000e-01	-1.51588000e-05
6.25910090e+01	2026-09-04T17:19:24.807063	0.00000000e+00	1	13	1.88351000e-05	1.84997000e-05	-7.00693000e-01	-1.83208000e-05
6.26140657e+01	2026-09-04T17:19:24.829970	0.00000000e+00	1	13	1.27316000e-05	2.21408000e-05	-7.50743000e-01	-2.17161000e-05
6.26501512e+01	2026-09-04T17:19:24.867080	0.00000000e+00	1	13	9.58443000e-06	2.55533000e-05	-8.00785000e-01	-2.53830000e-05
6.26729689e+01	2026-09-04T17:19:24.889718	0.00000000e+00	1	13	1.56879000e-05	3.00940000e-05	-8.50818000e-01	-3.01872000e-05
6.26820197e+01	2026-09-04T17:19:24.898601	0.00000000e+00	1	13	1.16587000e-05	3.52620000e-05	-9.00876000e-01	-3.52531000e-05
6.26897808e+01	2026-09-04T17:19:24.906434	0.00000000e+00	1	13	1.13010000e-05	4.04160000e-05	-9.50905000e-01	-4.03250000e-05
6.27124748e+01	2026-09-04T17:19:24.928643	0.00000000e+00	1	13	1.48058000e-05	4.65170000e-05	-1.00096000e+00	-4.60672000e-05
6.27373846e+01	2026-09-04T17:19:24.954098	0.00000000e+00	1	13	1.05619000e-05	5.33437000e-05	-1.05097000e+00	-5.32195000e-05
6.27557968e+01	2026-09-04T17:19:24.972688	0.00000000e+00	1	13	7.96318000e-06	6.00803000e-05	-1.10104000e+00	-6.01775000e-05
6.27766212e+01	2026-09-04T17:19:24.992666	0.00000000e+00	1	13	1.39952000e-05	6.77707000e-05	-1.15108000e+00	-6.79097000e-05
6.28182928e+01	2026-09-04T17:19:25.034881	0.00000000e+00	1	13	1.48773000e-05	7.80279000e-05	-1.20112000e+00	-7.74049000e-05
6.28402379e+01	2026-09-04T17:19:25.056162	0.00000000e+00	1	13	1.21117000e-05	8.57378000e-05	-1.25117000e+00	-8.51828000e-05
6.28641753e+01	2026-09-04T17:19:25.074303	0.00000000e+00	1	13	1.47104000e-05	9.80461000e-05	-1.30118000e+00	-9.84535000e-05
6.28878801e+01	2026-09-04T17:19:25.104214	0.00000000e+00	1	13	1.48773000e-05	1.05162000e-04	-1.35126000e+00	-1.04626000e-04
6.29004396e+01	2026-09-04T17:19:25.104214	0.00000000e+00	1	13	1.22786000e-05	1.17543000e-04	-1.40126000e+00	-1.17365000e-04
6.29246036e+01	2026-09-04T17:19:25.136449	0.00000000e+00	1	13	1.20163000e-05	1.37733000e-04	-1.45133000e+00	-1.36658000e-04
6.29524396e+01	2026-09-04T17:19:25.168231	0.00000000e+00	1	13	1.40905000e-05	1.50737000e-04	-1.50134000e+00	-1.49847000e-04
6.29601814e+01	2026-09-04T17:19:25.168231	0.00000000e+00	1	13	1.10149000e-05	1.63066000e-04	-1.55141000e+00	-1.62587000e-04
6.29890535e+01	2026-09-04T17:19:25.199821	0.00000000e+00	1	13	1.16587000e-05	1.76413000e-04	-1.60142000e+00	-1.75363000e-04
6.30110908e+01	2026-09-04T17:19:25.223457	0.00000000e+00	1	13	9.94205000e-06	1.85022000e-04	-1.65145000e+00	-1.85859000e-04
6.30309605e+01	2026-09-04T17:19:25.246807	0.00000000e+00	1	13	1.31845000e-05	1.99565000e-04	-1.70148000e+00	-2.00125000e-04
6.30651563e+01	2026-09-04T17:19:25.278598	0.00000000e+00	1	13	1.43528000e-05	2.21926000e-04	-1.75155000e+00	-2.27646000e-04
6.30743543e+01	2026-09-04T17:19:25.278598	0.00000000e+00	1	13	1.16587000e-05	2.44375000e-04	-1.80153000e+00	-2.41928000e-04
6.30940614e+01	2026-09-04T17:19:25.310154	0.00000000e+00	1	13	1.09434000e-05	2.59096000e-04	-1.85162000e+00	-2.59202000e-04
6.31207076e+01	2026-09-04T17:19:25.331100	0.00000000e+00	1	13	9.22680000e-06	2.77494000e-04	-1.90163000e+00	-2.80845000e-04
6.31386058e+01	2026-09-04T17:19:25.353027	0.00000000e+00	1	13	5.17368000e-06	3.02967000e-04	-1.95169000e+00	-3.06741000e-04
6.31611172e+01	2026-09-04T17:19:25.373171	0.00000000e+00	1	13	6.69956000e-06	3.31123000e-04	-2.00169000e+00	-3.33347000e-04
6.31678118e+01	2026-09-04T17:19:25.373171	0.00000000e+00	1	13	1.12057000e-05	3.28023000e-04	-2.00166000e+00	-3.26131000e-04
6.31857789e+01	2026-09-04T17:19:25.399132	0.00000000e+00	1	13	1.39952000e-05	3.05797000e-04	-1.95166000e+00	-3.06218000e-04
6.32134504e+01	2026-09-04T17:19:25.420247	0.00000000e+00	1	13	1.78576000e-05	2.92303000e-04	-1.90163000e+00	-2.91839000e-04
6.32360673e+01	2026-09-04T17:19:25.452236	0.00000000e+00	1	13	9.22680000e-06	2.65012000e-04	-1.85161000e+00	-2.63767000e-04
6.32705737e+01	2026-09-04T17:19:25.484179	0.00000000e+00	1	13	1.21117000e-05	2.49951000e-04	-1.80155000e+00	-2.47337000e-04
6.32791399e+01	2026-09-04T17:19:25.484179	0.00000000e+00	1	13	1.51634000e-05	2.32055000e-04	-1.75152000e+00	-2.31984000e-04
6.33096977e+01	2026-09-04T17:19:25.515915	0.00000000e+00	1	13	9.22680000e-06	2.14169000e-04	-1.70150000e+00	-2.11532000e-04
6.33241123e+01	2026-09-04T17:19:25.536298	0.00000000e+00	1	13	8.05855000e-06	1.93837000e-04	-1.65146000e+00	-1.94793000e-04
6.33509638e+01	2026-09-04T17:19:25.563320	0.00000000e+00	1	13	1.53303000e-05	1.80646000e-04	-1.60142000e+00	-1.79671000e-04
6.33585258e+01	2026-09-04T17:19:25.563320	0.00000000e+00	1	13	1.56879000e-05	1.66602000e-04	-1.55139000e+00	-1.67267000e-04
6.33840080e+01	2026-09-04T17:19:25.595283	0.00000000e+00	1	13	1.55210000e-05	1.54666000e-04	-1.50135000e+00	-1.54241000e-04
6.34107716e+01	2026-09-04T17:19:25.626979	0.00000000e+00	1	13	1.34468000e-05	1.40644000e-04	-1.45133000e+00	-1.40056000e-04
6.34185297e+01	2026-09-04T17:19:25.626979	0.00000000e+00	1	13	1.30892000e-05	1.28615000e-04	-1.40126000e+00	-1.28389000e-04
6.34465709e+01	2026-09-04T17:19:25.658739	0.00000000e+00	1	13	7.86781000e-06	1.16917000e-04	-1.35128000e+00	-1.15880000e-04
6.34741714e+01	2026-09-04T17:19:25.690125	0.00000000e+00	1	13	9.58443000e-06	1.03890000e-04	-1.30120000e+00	-1.03787000e-04
6.34825105e+01	2026-09-04T17:19:25.690125	0.00000000e+00	1	13	1.46151000e-05	9.40586000e-05	-1.25115000e+00	-9.44293000e-05
6.35105126e+01	2026-09-04T17:19:25.721713	0.00000000e+00	1	13	1.75953000e-05	8.59352000e-05	-1.20112000e+00	-8.58526000e-05
6.35377010e+01	2026-09-04T17:19:25.753567	0.00000000e+00	1	13	1.90258000e-05	7.52076000e-05	-1.15109000e+00	-7.53247000e-05
6.35460160e+01	2026-09-04T17:19:25.753567	0.00000000e+00	1	13	1.65939000e-05	6.75405000e-05	-1.10104000e+00	-6.79127000e-05
6.35715532e+01	2026-09-04T17:19:25.785325	0.00000000e+00	1	13	9.94205000e-06	6.01608000e-05	-1.05098000e+00	-6.01527000e-05
6.36007839e+01	2026-09-04T17:19:25.817104	0.00000000e+00	1	13	1.21117000e-05	5.34491000e-05	-1.00095000e+00	-5.35798000e-05
6.36085592e+01	2026-09-04T17:19:25.817104	0.00000000e+00	1	13	1.66893000e-05	4.75567000e-05	-9.50900000e-01	-4.74225000e-05
6.36163659e+01	2026-09-04T17:19:25.832912	0.00000000e+00	1	13	1.72377000e-05	4.12270000e-05	-9.00864000e-01	-4.00253000e-05
6.36645758e+01	2026-09-04T17:19:25.880451	0.00000000e+00	1	13	1.41621000e-05	3.45141000e-05	-8.50804000e-01	-3.46633000e-05
6.36730550e+01	2026-09-04T17:19:25.880451	0.00000000e+00	1	13	1.74999000e-05	2.97211000e-05	-8.00810000e-01	-2.96328000e-05
6.37006381e+01	2026-09-04T17:19:25.911899	0.00000000e+00	1	13	1.35422000e-05	2.50297000e-05	-7.50739000e-01	-2.51998000e-05
6.37276470e+01	2026-09-04T17:19:25.943430	0.00000000e+00	1	13	1.54257000e-05	2.09769000e-05	-7.00714000e-01	-2.09480000e-05
6.37364391e+01	2026-09-04T17:19:25.943430	0.00000000e+00	1	13	1.58787000e-05	1.73919000e-05	-6.50648000e-01	-1.73373000e-05
6.37625593e+01	2026-09-04T17:19:25.975308	0.00000000e+00	1	13	2.17199000e-05	1.42973000e-05	-6.00626000e-01	-1.40929000e-05
6.37842567e+01	2026-09-04T17:19:25.999158	0.00000000e+00	1	13	2.70367000e-05	1.15409000e-05	-5.50585000e-01	-1.14303000e-05
6.38069326e+01	2026-09-04T17:19:26.023068	0.00000000e+00	1	13	3.61919000e-05	9.35139000e-06	-5.00546000e-01	-9.30529000e-06
6.38373170e+01	2026-09-04T17:19:26.043499	0.00000000e+00	1	13	7.70092000e-06	7.68184000e-06	-4.50497000e-01	-7.59890000e-06
6.38609354e+01	2026-09-04T17:19:26.070774	0.00000000e+00	1	13	4.91142000e-06	6.02475000e-06	-4.00450000e-01	-6.06440000e-06
6.38688591e+01	2026-09-04T17:19:26.070774	0.00000000e+00	1	13	1.74046000e-05	4.72560000e-06	-3.50392000e-01	-4.49682000e-06
6.39083956e+01	2026-09-04T17:19:26.120276	0.00000000e+00	1	13	1.14679000e-05	3.55521000e-06	-3.00374000e-01	-3.54879000e-06
6.39160580e+01	2026-09-04T17:19:26.120276	0.00000000e+00	1	13	1.35422000e-05	2.60785000e-06	-2.50316000e-01	-2.63342000e-06
6.39686509e+01	2026-09-04T17:19:26.181752	0.00000000e+00	1	13	1.79529000e-05	2.02678000e-06	-2.00167000e-01	-2.03110000e-06
6.39779383e+01	2026-09-04T17:19:26.181752	0.00000000e+00	1	13	1.49727000e-05	1.32597000e-06	-1.50136000e-01	-1.35063000e-06
6.40088131e+01	2026-09-04T17:19:26.224357	0.00000000e+00	1	13	1.49727000e-05	8.02382000e-07	-1.00084000e-01	-7.99776000e-07
6.40304551e+01	2026-09-04T17:19:26.245639	0.00000000e+00	1	13	8.96454000e-06	3.81871000e-07	-5.00395000e-02	-3.86916000e-07
6.40399203e+01	2026-09-04T17:19:26.256163	0.00000000e+00	1	13	1.98364000e-05	-9.88483000e-11	-1.68562000e-05	-1.38080000e-10
6.70415742e+01	2026-09-04T17:19:29.254987	0.00000000e+00	1	14	2.29836000e-05	7.94649000e-11	-1.93834000e-05	3.78788000e-10
6.70667139e+01	2026-09-04T17:19:29.280057	0.00000000e+00	1	14	2.36988000e-05	3.55954000e-06	-5.00427000e-02	-3.54961000e-06
6.70998774e+01	2026-09-04T17:19:29.311589	0.00000000e+00	1	14	1.07527000e-05	7.20830000e-06	-1.00087000e-01	-7.24653000e-06
6.71272550e+01	2026-09-04T17:19:29.343286	0.00000000e+00	1	14	-2.25306000e-05	1.09078000e-05	-1.50095000e-01	-1.08444000e-05
6.71400397e+01	2026-09-04T17:19:29.343286	0.00000000e+00	1	14	1.64986000e-05	1.48485000e-05	-2.00163000e-01	-1.47380000e-05
6.71589568e+01	2026-09-04T17:19:29.375071	0.00000000e+00	1	14	1.78576000e-05	1.87940000e-05	-2.50327000e-01	-1.88175000e-05
6.71903815e+01	2026-09-04T17:19:29.407042	0.00000000e+00	1	14	1.44482000e-05	2.31955000e-05	-3.00356000e-01	-2.31325000e-05
6.72120153e+01	2026-09-04T17:19:29.422750	0.00000000e+00	1	14	1.17302000e-05	2.77507000e-05	-3.50400000e-01	-2.77295000e-05
6.72196389e+01	2026-09-04T17:19:29.422750	0.00000000e+00	1	14	1.83105000e-05	3.23960000e-05	-4.00482000e-01	-3.25367000e-05
6.72445147e+01	2026-09-04T17:19:29.454284	0.00000000e+00	1	14	1.34468000e-05	3.80149000e-05	-4.50459000e-01	-3.79859000e-05
6.72694916e+01	2026-09-04T17:19:29.485814	0.00000000e+00	1	14	1.51634000e-05	4.15434000e-05	-5.00536000e-01	-3.51570000e-05
6.72771741e+01	2026-09-04T17:19:29.485814	0.00000000e+00	1	14	1.83105000e-05	3.21246000e-05	-5.50578000e-01	-2.64134000e-05
6.72852046e+01	2026-09-04T17:19:29.501667	0.00000000e+00	1	14	1.38998000e-05	4.04780000e-05	-6.00638000e-01	-4.19820000e-05
6.73333399e+01	2026-09-04T17:19:29.549159	0.00000000e+00	1	14	1.45197000e-05	3.44718000e-05	-6.50638000e-01	-3.30417000e-05
6.73425016e+01	2026-09-04T17:19:29.549159	0.00000000e+00	1	14	1.49727000e-05	4.11801000e-05	-7.00713000e-01	-3.45751000e-05
6.73590719e+01	2026-09-04T17:19:29.566908	0.00000000e+00	1	14	1.64270000e-05	2.62225000e-05	-7.50743000e-01	-2.66467000e-05
6.73861098e+01	2026-09-04T17:19:29.600399	0.00000000e+00	1	14	9.94205000e-06	3.19865000e-05	-8.00785000e-01	-3.22259000e-05
6.73939330e+01	2026-09-04T17:19:29.605101	0.00000000e+00	1	14	1.39952000e-05	7.69982000e-05	-8.50793000e-01	-6.58459000e-05
6.74171673e+01	2026-09-04T17:19:29.628123	0.00000000e+00	1	14	1.73092000e-05	6.60687000e-05	-9.00871000e-01	-6.22636000e-05
6.74249248e+01	2026-09-04T17:19:29.628123	0.00000000e+00	1	14	1.93834000e-05	6.54712000e-05	-9.50898000e-01	-6.46034000e-05
6.74468513e+01	2026-09-04T17:19:29.660176	0.00000000e+00	1	14	1.49727000e-05	7.10086000e-05	-1.00095000e+00	-6.37668000e-05
6.74700908e+01	2026-09-04T17:19:29.678289	0.00000000e+00	1	14	1.28984000e-05	8.03983000e-05	-1.05097000e+00	-7.99898000e-05
6.74917008e+01	2026-09-04T17:19:29.707666	0.00000000e+00	1	14	1.26362000e-05	7.21048000e-05	-1.10103000e+00	-7.18501000e-05
6.75236071e+01	2026-09-04T17:19:29.739745	0.00000000e+00	1	14	9.67979000e-06	7.81672000e-05	-1.15110000e+00	-7.19437000e-05
6.75452240e+01	2026-09-04T17:19:29.755730	0.00000000e+00	1	14	8.77380000e-06	8.47671000e-05	-1.20112000e+00	-8.36426000e-05
6.75537542e+01	2026-09-04T17:19:29.755730	0.00000000e+00	1	14	1.21832000e-05	9.79465000e-05	-1.25116000e+00	-9.48187000e-05
6.75874473e+01	2026-09-04T17:19:29.803431	0.00000000e+00	1	14	8.86917000e-06	1.00027000e-04	-1.30121000e+00	-9.83190000e-05
6.76371350e+01	2026-09-04T17:19:29.850981	0.00000000e+00	1	14	1.62363000e-05	1.12324000e-04	-1.35126000e+00	-1.09864000e-04
6.76499147e+01	2026-09-04T17:19:29.857930	0.00000000e+00	1	14	7.41482000e-06	1.25372000e-04	-1.40126000e+00	-1.25304000e-04
6.77027985e+01	2026-09-04T17:19:29.914449	0.00000000e+00	1	14	1.13010000e-05	1.32381000e-04	-1.45133000e+00	-1.33399000e-04
6.77126217e+01	2026-09-04T17:19:29.924917	0.00000000e+00	1	14	8.86917000e-06	1.45246000e-04	-1.50134000e+00	-1.45553000e-04
6.77644781e+01	2026-09-04T17:19:29.977588	0.00000000e+00	1	14	4.19617000e-06	1.58890000e-04	-1.55140000e+00	-1.58638000e-04
6.77756772e+01	2026-09-04T17:19:29.977588	0.00000000e+00	1	14	6.07967000e-06	1.77513000e-04	-1.60141000e+00	-1.74008000e-04
6.78180688e+01	2026-09-04T17:19:30.035031	0.00000000e+00	1	14	1.48058000e-05	1.90445000e-04	-1.65147000e+00	-1.88571000e-04
6.78396801e+01	2026-09-04T17:19:30.055895	0.00000000e+00	1	14	1.33514000e-05	2.05258000e-04	-1.70149000e+00	-2.04085000e-04
6.78473772e+01	2026-09-04T17:19:30.057899	0.00000000e+00	1	14	1.57833000e-05	2.21765000e-04	-1.75154000e+00	-2.22012000e-04
6.78550084e+01	2026-09-04T17:19:30.071809	0.00000000e+00	1	14	9.75132000e-06	2.39283000e-04	-1.80155000e+00	-2.42082000e-04
6.79004740e+01	2026-09-04T17:19:30.113557	0.00000000e+00	1	14	1.52588000e-05	2.60475000e-04	-1.85159000e+00	-2.57112000e-04
6.79340774e+01	2026-09-04T17:19:30.150794	0.00000000e+00	1	14	9.32217000e-06	2.77865000e-04	-1.90162000e+00	-2.75549000e-04
6.79606705e+01	2026-09-04T17:19:30.168637	0.00000000e+00	1	14	9.39369000e-06	3.03156000e-04	-1.95168000e+00	-3.07665000e-04
6.79822829e+01	2026-09-04T17:19:30.198139	0.00000000e+00	1	14	1.19209000e-05	3.39035000e-04	-2.00167000e+00	-3.35693000e-04
6.79987088e+01	2026-09-04T17:19:30.213922	0.00000000e+00	1	14	1.13010000e-05	3.38850000e-04	-2.00169000e+00	-3.49313000e-04
6.80281163e+01	2026-09-04T17:19:30.241792	0.00000000e+00	1	14	1.40905000e-05	3.28514000e-04	-1.95166000e+00	-3.24419000e-04
6.80502866e+01	2026-09-04T17:19:30.261992	0.00000000e+00	1	14	1.22786000e-05	2.96365000e-04	-1.90165000e+00	-2.98438000e-04
6.80577284e+01	2026-09-04T17:19:30.261992	0.00000000e+00	1	14	1.63317000e-05	2.73739000e-04	-1.85162000e+00	-2.74039000e-04
6.80773344e+01	2026-09-04T17:19:30.293626	0.00000000e+00	1	14	1.50681000e-05	2.53026000e-04	-1.80156000e+00	-2.53189000e-04
6.81088584e+01	2026-09-04T17:19:30.324966	0.00000000e+00	1	14	2.27928000e-05	2.37565000e-04	-1.75154000e+00	-2.38016000e-04
6.81170890e+01	2026-09-04T17:19:30.324966	0.00000000e+00	1	14	2.13623000e-05	2.20546000e-04	-1.70151000e+00	-2.19935000e-04
6.81441071e+01	2026-09-04T17:19:30.357260	0.00000000e+00	1	14	6.53267000e-06	2.00924000e-04	-1.65149000e+00	-2.02057000e-04
6.81722065e+01	2026-09-04T17:19:30.388554	0.00000000e+00	1	14	2.30789000e-05	1.85421000e-04	-1.60141000e+00	-1.85042000e-04
6.81809264e+01	2026-09-04T17:19:30.396195	0.00000000e+00	1	14	1.84774000e-05	1.71453000e-04	-1.55139000e+00	-1.71391000e-04
6.82089993e+01	2026-09-04T17:19:30.420265	0.00000000e+00	1	14	1.57833000e-05	1.55575000e-04	-1.50134000e+00	-1.55266000e-04
6.82356008e+01	2026-09-04T17:19:30.451867	0.00000000e+00	1	14	1.64270000e-05	1.42371000e-04	-1.45131000e+00	-1.42922000e-04
6.82433790e+01	2026-09-04T17:19:30.451867	0.00000000e+00	1	14	2.21729000e-05	1.31143000e-04	-1.40129000e+00	-1.31156000e-04
6.82508675e+01	2026-09-04T17:19:30.467552	0.00000000e+00	1	14	2.69413000e-05	1.20202000e-04	-1.35126000e+00	-1.19969000e-04
6.82933853e+01	2026-09-04T17:19:30.500941	0.00000000e+00	1	14	1.81198000e-05	1.08340000e-04	-1.30119000e+00	-1.08088000e-04
6.83142192e+01	2026-09-04T17:19:30.530608	0.00000000e+00	1	14	1.21832000e-05	9.94951000e-05	-1.25118000e+00	-9.82121000e-05
6.83478753e+01	2026-09-04T17:19:30.562606	0.00000000e+00	1	14	2.25306000e-05	8.99187000e-05	-1.20113000e+00	-8.98298000e-05
6.83573149e+01	2026-09-04T17:19:30.562606	0.00000000e+00	1	14	2.24352000e-05	8.05531000e-05	-1.15109000e+00	-8.10401000e-05
6.83781511e+01	2026-09-04T17:19:30.594039	0.00000000e+00	1	14	1.99318000e-05	7.24595000e-05	-1.10107000e+00	-7.28767000e-05
6.84064042e+01	2026-09-04T17:19:30.617931	0.00000000e+00	1	14	2.05517000e-05	6.39815000e-05	-1.05100000e+00	-6.41447000e-05
6.84302659e+01	2026-09-04T17:19:30.641645	0.00000000e+00	1	14	1.56164000e-05	5.61835000e-05	-1.00097000e+00	-5.64982000e-05
6.84381871e+01	2026-09-04T17:19:30.641645	0.00000000e+00	1	14	1.97411000e-05	4.95720000e-05	-9.50903000e-01	-4.93106000e-05
6.84572041e+01	2026-09-04T17:19:30.673298	0.00000000e+00	1	14	1.48773000e-05	4.21387000e-05	-9.00870000e-01	-4.18609000e-05
6.84890999e+01	2026-09-04T17:19:30.705498	0.00000000e+00	1	14	1.91212000e-05	3.65239000e-05	-8.50824000e-01	-3.65414000e-05
6.85109123e+01	2026-09-04T17:19:30.721240	0.00000000e+00	1	14	1.51634000e-05	3.13007000e-05	-8.00788000e-01	-3.10753000e-05
6.85187684e+01	2026-09-04T17:19:30.721240	0.00000000e+00	1	14	2.02894000e-05	2.62214000e-05	-7.50752000e-01	-2.61173000e-05
6.85687194e+01	2026-09-04T17:19:30.785086	0.00000000e+00	1	14	1.91212000e-05	2.13571000e-05	-7.00687000e-01	-2.11291000e-05
6.85859329e+01	2026-09-04T17:19:30.800574	0.00000000e+00	1	14	1.89304000e-05	1.75282000e-05	-6.50664000e-01	-1.76456000e-05
6.86320509e+01	2026-09-04T17:19:30.848355	0.00000000e+00	1	14	1.56879000e-05	1.41982000e-05	-6.00628000e-01	-1.42302000e-05
6.86404634e+01	2026-09-04T17:19:30.848355	0.00000000e+00	1	14	1.80244000e-05	1.17826000e-05	-5.50576000e-01	-1.16571000e-05
6.86485439e+01	2026-09-04T17:19:30.865227	0.00000000e+00	1	14	7.05719000e-06	9.31533000e-06	-5.00533000e-01	-9.20170000e-06
6.86826650e+01	2026-09-04T17:19:30.895969	0.00000000e+00	1	14	9.94205000e-06	7.48194000e-06	-4.50459000e-01	-7.38806000e-06
6.86916409e+01	2026-09-04T17:19:30.895969	0.00000000e+00	1	14	9.48906000e-06	5.81516000e-06	-4.00442000e-01	-5.89043000e-06
6.87179803e+01	2026-09-04T17:19:30.927452	0.00000000e+00	1	14	1.15633000e-05	4.23088000e-06	-3.50394000e-01	-4.22590000e-06
6.87468319e+01	2026-09-04T17:19:30.958919	0.00000000e+00	1	14	1.50681000e-05	3.21302000e-06	-3.00366000e-01	-3.17202000e-06
6.87547346e+01	2026-09-04T17:19:30.969309	0.00000000e+00	1	14	1.97411000e-05	2.36888000e-06	-2.50311000e-01	-2.36573000e-06
6.87742055e+01	2026-09-04T17:19:30.990516	0.00000000e+00	1	14	9.94205000e-06	1.69918000e-06	-2.00163000e-01	-1.70643000e-06
6.88103948e+01	2026-09-04T17:19:31.021969	0.00000000e+00	1	14	1.17302000e-05	1.17972000e-06	-1.50129000e-01	-1.17327000e-06
6.88200820e+01	2026-09-04T17:19:31.032730	0.00000000e+00	1	14	1.55210000e-05	7.12840000e-07	-1.00082000e-01	-7.10258000e-07
6.88635225e+01	2026-09-04T17:19:31.070814	0.00000000e+00	1	14	1.52588000e-05	3.25760000e-07	-5.00402000e-02	-3.31646000e-07
6.88988381e+01	2026-09-04T17:19:31.100420	0.00000000e+00	1	14	1.25408000e-05	-1.02305000e-10	-1.91927000e-05	-2.26390000e-10
7.19915048e+01	2026-09-04T17:19:34.196896	0.00000000e+00	1	15	2.35319000e-05	9.98509000e-10	-1.86682000e-05	-3.29375000e-11
7.20227128e+01	2026-09-04T17:19:34.237862	0.00000000e+00	1	15	1.52588000e-05	7.64628000e-06	-5.00416000e-02	-7.66388000e-06
7.20414303e+01	2026-09-04T17:19:34.257709	0.00000000e+00	1	15	-9.68933000e-05	1.63919000e-05	-1.00036000e-01	-1.66766000e-05
7.20598668e+01	2026-09-04T17:19:34.276252	0.00000000e+00	1	15	1.91212000e-05	2.77438000e-05	-1.50126000e-01	-2.77393000e-05
7.20916273e+01	2026-09-04T17:19:34.307769	0.00000000e+00	1	15	1.92881000e-05	4.24995000e-05	-2.00165000e-01	-4.25187000e-05
7.21236200e+01	2026-09-04T17:19:34.339724	0.00000000e+00	1	15	1.93834000e-05	6.14890000e-05	-2.50296000e-01	-6.16906000e-05
7.21316198e+01	2026-09-04T17:19:34.339724	0.00000000e+00	1	15	1.71423000e-05	8.47626000e-05	-3.00383000e-01	-8.47220000e-05
7.21657994e+01	2026-09-04T17:19:34.381964	0.00000000e+00	1	15	1.38044000e-05	1.10202000e-04	-3.50432000e-01	-1.09577000e-04
7.21873544e+01	2026-09-04T17:19:34.403226	0.00000000e+00	1	15	2.07424000e-05	1.34785000e-04	-4.00450000e-01	-1.35023000e-04
7.21956010e+01	2026-09-04T17:19:34.403226	0.00000000e+00	1	15	1.63317000e-05	1.58481000e-04	-4.50474000e-01	-1.54331000e-04
7.22272675e+01	2026-09-04T17:19:34.435119	0.00000000e+00	1	15	1.38044000e-05	9.38431000e-05	-5.00548000e-01	-9.28893000e-05
7.22508639e+01	2026-09-04T17:19:34.467052	0.00000000e+00	1	15	1.77622000e-05	9.41340000e-05	-5.50563000e-01	-9.41761000e-05
7.22588982e+01	2026-09-04T17:19:34.467052	0.00000000e+00	1	15	1.60456000e-05	1.03388000e-04	-6.00634000e-01	-1.01465000e-04
7.22921014e+01	2026-09-04T17:19:34.499603	0.00000000e+00	1	15	1.34468000e-05	9.82632000e-05	-6.50632000e-01	-9.60102000e-05
7.23148498e+01	2026-09-04T17:19:34.530797	0.00000000e+00	1	15	1.39952000e-05	1.04603000e-04	-7.00696000e-01	-1.02394000e-04
7.23278976e+01	2026-09-04T17:19:34.530797	0.00000000e+00	1	15	1.37091000e-05	1.13817000e-04	-7.50759000e-01	-1.09574000e-04
7.23623176e+01	2026-09-04T17:19:34.578787	0.00000000e+00	1	15	1.56164000e-05	1.12437000e-04	-8.00800000e-01	-1.00676000e-04
7.23843960e+01	2026-09-04T17:19:34.594510	0.00000000e+00	1	15	1.50681000e-05	1.15938000e-04	-8.50814000e-01	-1.17528000e-04
7.23934611e+01	2026-09-04T17:19:34.610258	0.00000000e+00	1	15	2.51293000e-05	1.15950000e-04	-9.00841000e-01	-9.97039000e-05
7.24413176e+01	2026-09-04T17:19:34.657614	0.00000000e+00	1	15	1.48058000e-05	1.07232000e-04	-9.50889000e-01	-9.95682000e-05
7.24490669e+01	2026-09-04T17:19:34.657614	0.00000000e+00	1	15	1.48773000e-05	1.14212000e-04	-1.00098000e+00	-1.07182000e-04
7.24732817e+01	2026-09-04T17:19:34.689163	0.00000000e+00	1	15	2.10047000e-05	1.11031000e-04	-1.05099000e+00	-1.10557000e-04
7.25111860e+01	2026-09-04T17:19:34.720495	0.00000000e+00	1	15	1.81198000e-05	1.21797000e-04	-1.10103000e+00	-1.17623000e-04
7.25195521e+01	2026-09-04T17:19:34.736491	0.00000000e+00	1	15	1.85728000e-05	1.26770000e-04	-1.15111000e+00	-1.19838000e-04
7.25516721e+01	2026-09-04T17:19:34.768037	0.00000000e+00	1	15	1.38998000e-05	1.26270000e-04	-1.20111000e+00	-1.12693000e-04
7.25806589e+01	2026-09-04T17:19:34.784151	0.00000000e+00	1	15	2.20776000e-05	1.25947000e-04	-1.25118000e+00	-1.21957000e-04
7.25996329e+01	2026-09-04T17:19:34.815568	0.00000000e+00	1	15	1.27316000e-05	1.32415000e-04	-1.30119000e+00	-1.31270000e-04
7.26261279e+01	2026-09-04T17:19:34.833516	0.00000000e+00	1	15	2.16246000e-05	1.42195000e-04	-1.35126000e+00	-1.44958000e-04
7.26469106e+01	2026-09-04T17:19:34.863254	0.00000000e+00	1	15	2.30789000e-05	1.50730000e-04	-1.40125000e+00	-1.49297000e-04
7.26546397e+01	2026-09-04T17:19:34.863254	0.00000000e+00	1	15	1.28269000e-05	1.66961000e-04	-1.45132000e+00	-1.69388000e-04
7.26880355e+01	2026-09-04T17:19:34.895097	0.00000000e+00	1	15	1.54257000e-05	1.59066000e-04	-1.50135000e+00	-1.55329000e-04
7.27032961e+01	2026-09-04T17:19:34.913104	0.00000000e+00	1	15	1.61409000e-05	1.69239000e-04	-1.55140000e+00	-1.69018000e-04
7.27265805e+01	2026-09-04T17:19:34.942800	0.00000000e+00	1	15	1.62363000e-05	1.84178000e-04	-1.60142000e+00	-1.84992000e-04
7.27353098e+01	2026-09-04T17:19:34.943560	0.00000000e+00	1	15	1.85728000e-05	2.05206000e-04	-1.65148000e+00	-2.04736000e-04
7.27655512e+01	2026-09-04T17:19:34.980961	0.00000000e+00	1	15	2.25306000e-05	2.11782000e-04	-1.70149000e+00	-2.05791000e-04
7.27900880e+01	2026-09-04T17:19:35.006233	0.00000000e+00	1	15	1.28984000e-05	2.19769000e-04	-1.75154000e+00	-2.19647000e-04
7.27979063e+01	2026-09-04T17:19:35.006233	0.00000000e+00	1	15	1.84059000e-05	2.41111000e-04	-1.80155000e+00	-2.39549000e-04
7.28267196e+01	2026-09-04T17:19:35.038171	0.00000000e+00	1	15	1.62363000e-05	2.73791000e-04	-1.85160000e+00	-2.73772000e-04
7.28423918e+01	2026-09-04T17:19:35.054041	0.00000000e+00	1	15	2.27928000e-05	2.91072000e-04	-1.90163000e+00	-2.94734000e-04
7.28594954e+01	2026-09-04T17:19:35.070109	0.00000000e+00	1	15	2.61307000e-05	3.10375000e-04	-1.95168000e+00	-3.10219000e-04
7.28675841e+01	2026-09-04T17:19:35.070109	0.00000000e+00	1	15	2.27928000e-05	3.40214000e-04	-2.00169000e+00	-3.42961000e-04
7.29010560e+01	2026-09-04T17:19:35.117719	0.00000000e+00	1	15	1.74999000e-05	3.26272000e-04	-2.00167000e+00	-3.18971000e-04
7.29227431e+01	2026-09-04T17:19:35.133731	0.00000000e+00	1	15	1.97411000e-05	2.99859000e-04	-1.95168000e+00	-3.00186000e-04
7.29304562e+01	2026-09-04T17:19:35.144520	0.00000000e+00	1	15	1.80244000e-05	2.78478000e-04	-1.90163000e+00	-2.79426000e-04
7.29493444e+01	2026-09-04T17:19:35.165239	0.00000000e+00	1	15	1.69516000e-05	2.55788000e-04	-1.85160000e+00	-2.53678000e-04
7.29809811e+01	2026-09-04T17:19:35.196912	0.00000000e+00	1	15	1.74999000e-05	2.36699000e-04	-1.80154000e+00	-2.37903000e-04
7.29891562e+01	2026-09-04T17:19:35.196912	0.00000000e+00	1	15	2.00033000e-05	2.20279000e-04	-1.75151000e+00	-2.20383000e-04
7.30124974e+01	2026-09-04T17:19:35.228706	0.00000000e+00	1	15	1.96457000e-05	2.02041000e-04	-1.70151000e+00	-2.02598000e-04
7.30304181e+01	2026-09-04T17:19:35.245677	0.00000000e+00	1	15	2.24352000e-05	1.87787000e-04	-1.65148000e+00	-1.88664000e-04
7.30430916e+01	2026-09-04T17:19:35.258166	0.00000000e+00	1	15	2.30789000e-05	1.75012000e-04	-1.60140000e+00	-1.74181000e-04
7.30650459e+01	2026-09-04T17:19:35.276217	0.00000000e+00	1	15	1.74999000e-05	1.61089000e-04	-1.55141000e+00	-1.61045000e-04
7.30726298e+01	2026-09-04T17:19:35.276217	0.00000000e+00	1	15	1.80244000e-05	1.46860000e-04	-1.50135000e+00	-1.46932000e-04
7.31046236e+01	2026-09-04T17:19:35.316414	0.00000000e+00	1	15	1.41621000e-05	1.37064000e-04	-1.45132000e+00	-1.36124000e-04
7.31265213e+01	2026-09-04T17:19:35.339022	0.00000000e+00	1	15	2.07424000e-05	1.25219000e-04	-1.40126000e+00	-1.24339000e-04
7.31344011e+01	2026-09-04T17:19:35.339022	0.00000000e+00	1	15	2.24352000e-05	1.14083000e-04	-1.35126000e+00	-1.14350000e-04
7.31540009e+01	2026-09-04T17:19:35.370667	0.00000000e+00	1	15	1.96457000e-05	1.04972000e-04	-1.30120000e+00	-1.04119000e-04
7.31809962e+01	2026-09-04T17:19:35.386511	0.00000000e+00	1	15	2.36988000e-05	9.47549000e-05	-1.25115000e+00	-9.42482000e-05
7.32019603e+01	2026-09-04T17:19:35.418366	0.00000000e+00	1	15	2.20776000e-05	8.54854000e-05	-1.20113000e+00	-8.54168000e-05
7.32319278e+01	2026-09-04T17:19:35.435257	0.00000000e+00	1	15	2.37942000e-05	7.62487000e-05	-1.15111000e+00	-7.62048000e-05
7.32454598e+01	2026-09-04T17:19:35.449858	0.00000000e+00	1	15	2.33412000e-05	6.82966000e-05	-1.10103000e+00	-6.77899000e-05
7.32649555e+01	2026-09-04T17:19:35.481284	0.00000000e+00	1	15	1.62363000e-05	6.05875000e-05	-1.05097000e+00	-5.98858000e-05
7.32954886e+01	2026-09-04T17:19:35.507951	0.00000000e+00	1	15	1.28984000e-05	5.29957000e-05	-1.00096000e+00	-5.34714000e-05
7.33179730e+01	2026-09-04T17:19:35.529370	0.00000000e+00	1	15	1.76668000e-05	4.69169000e-05	-9.50908000e-01	-4.69448000e-05
7.33259854e+01	2026-09-04T17:19:35.529370	0.00000000e+00	1	15	1.88351000e-05	4.05479000e-05	-9.00884000e-01	-4.05486000e-05
7.33453252e+01	2026-09-04T17:19:35.560715	0.00000000e+00	1	15	1.84059000e-05	3.45030000e-05	-8.50792000e-01	-3.42330000e-05
7.33762169e+01	2026-09-04T17:19:35.592499	0.00000000e+00	1	15	1.86682000e-05	2.92891000e-05	-8.00801000e-01	-2.93434000e-05
7.33846521e+01	2026-09-04T17:19:35.592499	0.00000000e+00	1	15	1.67847000e-05	2.45353000e-05	-7.50736000e-01	-2.45559000e-05
7.34180684e+01	2026-09-04T17:19:35.624619	0.00000000e+00	1	15	2.01941000e-05	2.00613000e-05	-7.00709000e-01	-1.97865000e-05
7.34327539e+01	2026-09-04T17:19:35.646415	0.00000000e+00	1	15	1.90258000e-05	1.65062000e-05	-6.50687000e-01	-1.64549000e-05
7.34562770e+01	2026-09-04T17:19:35.672426	0.00000000e+00	1	15	2.82049000e-05	1.33886000e-05	-6.00642000e-01	-1.35767000e-05
7.34830861e+01	2026-09-04T17:19:35.698842	0.00000000e+00	1	15	2.35319000e-05	1.07598000e-05	-5.50579000e-01	-1.06334000e-05
7.35008681e+01	2026-09-04T17:19:35.715024	0.00000000e+00	1	15	3.02553000e-05	8.59234000e-06	-5.00533000e-01	-8.42713000e-06
7.35200245e+01	2026-09-04T17:19:35.736428	0.00000000e+00	1	15	1.45197000e-05	6.39252000e-06	-4.50481000e-01	-6.39389000e-06
7.35282897e+01	2026-09-04T17:19:35.736428	0.00000000e+00	1	15	1.51634000e-05	4.97722000e-06	-4.00480000e-01	-5.03809000e-06
7.35578171e+01	2026-09-04T17:19:35.768364	0.00000000e+00	1	15	1.24693000e-05	3.88069000e-06	-3.50398000e-01	-3.92053000e-06
7.35756584e+01	2026-09-04T17:19:35.792278	0.00000000e+00	1	15	1.14679000e-05	3.06527000e-06	-3.00363000e-01	-3.00120000e-06
7.35833080e+01	2026-09-04T17:19:35.800110	0.00000000e+00	1	15	1.16587000e-05	2.13545000e-06	-2.50303000e-01	-2.08162000e-06
7.36055918e+01	2026-09-04T17:19:35.816100	0.00000000e+00	1	15	1.18256000e-05	1.44835000e-06	-2.00171000e-01	-1.45550000e-06
7.36135181e+01	2026-09-04T17:19:35.816100	0.00000000e+00	1	15	1.86682000e-05	1.04013000e-06	-1.50126000e-01	-1.01771000e-06
7.36473913e+01	2026-09-04T17:19:35.863668	0.00000000e+00	1	15	1.63317000e-05	6.24103000e-07	-1.00085000e-01	-5.93027000e-07
7.36732598e+01	2026-09-04T17:19:35.879677	0.00000000e+00	1	15	1.19209000e-05	2.77268000e-07	-5.00457000e-02	-2.85437000e-07
7.37078312e+01	2026-09-04T17:19:35.921723	0.00000000e+00	1	15	1.34468000e-05	1.28889000e-10	-2.37942000e-05	-1.53422000e-11
7.66591789e+01	2026-09-04T17:19:38.864095	0.00000000e+00	1	16	2.69413000e-05	2.59887000e-08	-1.87635000e-05	2.36608000e-09
7.66970206e+01	2026-09-04T17:19:38.911794	0.00000000e+00	1	16	-3.08752000e-05	8.21022000e-05	-4.99917000e-02	-8.14846000e-05
7.67275876e+01	2026-09-04T17:19:38.943681	0.00000000e+00	1	16	1.87635000e-05	1.62261000e-04	-1.00082000e-01	-1.64371000e-04
7.67505238e+01	2026-09-04T17:19:38.959562	0.00000000e+00	1	16	1.65939000e-05	2.45518000e-04	-1.50128000e-01	-2.45405000e-04
7.67580287e+01	2026-09-04T17:19:38.959562	0.00000000e+00	1	16	1.87635000e-05	2.99248000e-04	-2.00166000e-01	-2.95687000e-04
7.67984655e+01	2026-09-04T17:19:39.008998	0.00000000e+00	1	16	1.23739000e-05	3.66290000e-04	-2.50328000e-01	-3.61620000e-04
7.68059452e+01	2026-09-04T17:19:39.018101	0.00000000e+00	1	16	1.74999000e-05	3.38624000e-04	-3.00359000e-01	-3.32887000e-04
7.68380741e+01	2026-09-04T17:19:39.039510	0.00000000e+00	1	16	1.61409000e-05	3.74551000e-04	-3.50412000e-01	-3.67929000e-04
7.68690940e+01	2026-09-04T17:19:39.080449	0.00000000e+00	1	16	1.38998000e-05	4.13179000e-04	-4.00465000e-01	-4.10178000e-04
7.69159688e+01	2026-09-04T17:19:39.128460	0.00000000e+00	1	16	2.38895000e-05	3.98315000e-04	-4.50472000e-01	-3.93441000e-04
7.69316144e+01	2026-09-04T17:19:39.145350	0.00000000e+00	1	16	2.81096000e-05	3.38544000e-04	-5.00531000e-01	-3.25394000e-04
7.69507602e+01	2026-09-04T17:19:39.166659	0.00000000e+00	1	16	1.69516000e-05	1.61807000e-04	-5.50565000e-01	-1.47082000e-04
7.69874182e+01	2026-09-04T17:19:39.198672	0.00000000e+00	1	16	2.32458000e-05	1.44962000e-04	-6.00658000e-01	-1.47480000e-04
7.69949755e+01	2026-09-04T17:19:39.198672	0.00000000e+00	1	16	2.65837000e-05	1.63355000e-04	-6.50665000e-01	-1.46189000e-04
7.70146872e+01	2026-09-04T17:19:39.230619	0.00000000e+00	1	16	8.51154000e-06	1.18923000e-04	-7.00701000e-01	-1.33307000e-04
7.70589056e+01	2026-09-04T17:19:39.262007	0.00000000e+00	1	16	9.22680000e-06	1.14577000e-04	-7.50733000e-01	-9.47755000e-05
7.70869694e+01	2026-09-04T17:19:39.293715	0.00000000e+00	1	16	1.51634000e-05	9.00410000e-05	-8.00799000e-01	-8.92278000e-05
7.71163938e+01	2026-09-04T17:19:39.330592	0.00000000e+00	1	16	1.88351000e-05	5.51264000e-05	-8.50823000e-01	-5.42605000e-05
7.71239852e+01	2026-09-04T17:19:39.330592	0.00000000e+00	1	16	2.16246000e-05	5.25035000e-05	-9.00868000e-01	-4.68982000e-05
7.71781338e+01	2026-09-04T17:19:39.388752	0.00000000e+00	1	16	1.75953000e-05	4.24882000e-05	-9.50903000e-01	-4.27847000e-05
7.71859283e+01	2026-09-04T17:19:39.388752	0.00000000e+00	1	16	2.04563000e-05	4.95881000e-05	-1.00097000e+00	-4.99536000e-05
7.72038709e+01	2026-09-04T17:19:39.420160	0.00000000e+00	1	16	1.31845000e-05	5.69133000e-05	-1.05096000e+00	-5.69668000e-05
7.72357598e+01	2026-09-04T17:19:39.452117	0.00000000e+00	1	16	1.95742000e-05	6.73957000e-05	-1.10103000e+00	-6.92061000e-05
7.72573271e+01	2026-09-04T17:19:39.467909	0.00000000e+00	1	16	2.53201000e-05	7.17730000e-05	-1.15110000e+00	-7.19847000e-05
7.72663331e+01	2026-09-04T17:19:39.478538	0.00000000e+00	1	16	1.67847000e-05	8.09827000e-05	-1.20108000e+00	-7.93759000e-05
7.72979665e+01	2026-09-04T17:19:39.499840	0.00000000e+00	1	16	1.54257000e-05	8.71243000e-05	-1.25116000e+00	-9.51245000e-05
7.73203760e+01	2026-09-04T17:19:39.531294	0.00000000e+00	1	16	2.12669000e-05	9.58401000e-05	-1.30119000e+00	-9.24046000e-05
7.73276444e+01	2026-09-04T17:19:39.531294	0.00000000e+00	1	16	1.71423000e-05	1.04401000e-04	-1.35125000e+00	-1.09767000e-04
7.73569191e+01	2026-09-04T17:19:39.563084	0.00000000e+00	1	16	1.79529000e-05	1.13669000e-04	-1.40126000e+00	-1.08382000e-04
7.73788375e+01	2026-09-04T17:19:39.594762	0.00000000e+00	1	16	1.59740000e-05	1.22030000e-04	-1.45131000e+00	-1.25304000e-04
7.73862619e+01	2026-09-04T17:19:39.594762	0.00000000e+00	1	16	2.09093000e-05	1.37359000e-04	-1.50135000e+00	-1.37738000e-04
7.74230401e+01	2026-09-04T17:19:39.637361	0.00000000e+00	1	16	1.18256000e-05	1.50127000e-04	-1.55141000e+00	-1.51063000e-04
7.74547255e+01	2026-09-04T17:19:39.658600	0.00000000e+00	1	16	1.08480000e-05	1.62956000e-04	-1.60141000e+00	-1.63647000e-04
7.74811778e+01	2026-09-04T17:19:39.690328	0.00000000e+00	1	16	2.09093000e-05	1.85291000e-04	-1.65145000e+00	-1.86636000e-04
7.75061347e+01	2026-09-04T17:19:39.721700	0.00000000e+00	1	16	1.92165000e-05	2.00218000e-04	-1.70148000e+00	-1.98431000e-04
7.75190858e+01	2026-09-04T17:19:39.721700	0.00000000e+00	1	16	2.10047000e-05	2.14388000e-04	-1.75152000e+00	-2.16501000e-04
7.75700751e+01	2026-09-04T17:19:39.785184	0.00000000e+00	1	16	1.32799000e-05	2.34173000e-04	-1.80157000e+00	-2.33282000e-04
7.75836828e+01	2026-09-04T17:19:39.788340	0.00000000e+00	1	16	1.54257000e-05	2.57381000e-04	-1.85161000e+00	-2.59015000e-04
7.76066373e+01	2026-09-04T17:19:39.817073	0.00000000e+00	1	16	1.30892000e-05	2.83761000e-04	-1.90164000e+00	-2.81237000e-04
7.76152593e+01	2026-09-04T17:19:39.817073	0.00000000e+00	1	16	1.64986000e-05	3.11542000e-04	-1.95165000e+00	-3.13843000e-04
7.76480405e+01	2026-09-04T17:19:39.864613	0.00000000e+00	1	16	1.45197000e-05	3.37143000e-04	-2.00170000e+00	-3.47187000e-04
7.76692067e+01	2026-09-04T17:19:39.880389	0.00000000e+00	1	16	1.12057000e-05	3.54561000e-04	-2.00169000e+00	-3.56354000e-04
7.76776657e+01	2026-09-04T17:19:39.880389	0.00000000e+00	1	16	1.00374000e-05	3.24024000e-04	-1.95166000e+00	-3.25603000e-04
7.77280124e+01	2026-09-04T17:19:39.943493	0.00000000e+00	1	16	1.33514000e-05	2.91478000e-04	-1.90163000e+00	-2.87144000e-04
7.77592097e+01	2026-09-04T17:19:39.975264	0.00000000e+00	1	16	1.14679000e-05	2.65207000e-04	-1.85161000e+00	-2.64300000e-04
7.77671721e+01	2026-09-04T17:19:39.975264	0.00000000e+00	1	16	1.26362000e-05	2.45806000e-04	-1.80155000e+00	-2.46473000e-04
7.78029846e+01	2026-09-04T17:19:40.007092	0.00000000e+00	1	16	9.84669000e-06	2.30010000e-04	-1.75154000e+00	-2.29514000e-04
7.78273183e+01	2026-09-04T17:19:40.038964	0.00000000e+00	1	16	9.39369000e-06	2.11987000e-04	-1.70149000e+00	-2.13386000e-04
7.78355002e+01	2026-09-04T17:19:40.049490	0.00000000e+00	1	16	1.52588000e-05	1.95992000e-04	-1.65148000e+00	-1.95963000e-04
7.78638168e+01	2026-09-04T17:19:40.079979	0.00000000e+00	1	16	1.56164000e-05	1.77727000e-04	-1.60139000e+00	-1.78221000e-04
7.78864691e+01	2026-09-04T17:19:40.102754	0.00000000e+00	1	16	1.35422000e-05	1.68525000e-04	-1.55140000e+00	-1.68839000e-04
7.78948835e+01	2026-09-04T17:19:40.102754	0.00000000e+00	1	16	8.67844000e-06	1.57418000e-04	-1.50136000e+00	-1.56263000e-04
7.79187116e+01	2026-09-04T17:19:40.134688	0.00000000e+00	1	16	1.77622000e-05	1.42889000e-04	-1.45130000e+00	-1.43361000e-04
7.79500727e+01	2026-09-04T17:19:40.166347	0.00000000e+00	1	16	1.01328000e-05	1.32334000e-04	-1.40127000e+00	-1.31867000e-04
7.79578767e+01	2026-09-04T17:19:40.166347	0.00000000e+00	1	16	1.13010000e-05	1.20877000e-04	-1.35126000e+00	-1.21082000e-04
7.79736390e+01	2026-09-04T17:19:40.188104	0.00000000e+00	1	16	1.14679000e-05	1.11080000e-04	-1.30119000e+00	-1.10329000e-04
7.80025589e+01	2026-09-04T17:19:40.217890	0.00000000e+00	1	16	2.52247000e-05	9.80075000e-05	-1.25117000e+00	-9.88266000e-05
7.80397173e+01	2026-09-04T17:19:40.256007	0.00000000e+00	1	16	9.48906000e-06	9.04524000e-05	-1.20111000e+00	-8.98990000e-05
7.80693095e+01	2026-09-04T17:19:40.277275	0.00000000e+00	1	16	6.79493000e-06	7.88847000e-05	-1.15111000e+00	-7.89794000e-05
7.80927446e+01	2026-09-04T17:19:40.308953	0.00000000e+00	1	16	1.17302000e-05	7.03709000e-05	-1.10104000e+00	-6.93530000e-05
7.81286813e+01	2026-09-04T17:19:40.340717	0.00000000e+00	1	16	9.48906000e-06	6.22859000e-05	-1.05097000e+00	-6.23577000e-05
7.81375303e+01	2026-09-04T17:19:40.340717	0.00000000e+00	1	16	1.13010000e-05	5.52082000e-05	-1.00096000e+00	-5.54375000e-05
7.81559910e+01	2026-09-04T17:19:40.372407	0.00000000e+00	1	16	1.59740000e-05	4.84056000e-05	-9.50909000e-01	-4.84696000e-05
7.81841572e+01	2026-09-04T17:19:40.399620	0.00000000e+00	1	16	1.55210000e-05	4.23530000e-05	-9.00859000e-01	-4.24720000e-05
7.82096138e+01	2026-09-04T17:19:40.420273	0.00000000e+00	1	16	1.19209000e-05	3.65284000e-05	-8.50823000e-01	-3.67891000e-05
7.82173011e+01	2026-09-04T17:19:40.420273	0.00000000e+00	1	16	1.16587000e-05	3.17279000e-05	-8.00801000e-01	-3.25201000e-05
7.82359512e+01	2026-09-04T17:19:40.452131	0.00000000e+00	1	16	1.52588000e-05	2.69713000e-05	-7.50736000e-01	-2.63263000e-05
7.82629909e+01	2026-09-04T17:19:40.478567	0.00000000e+00	1	16	1.23739000e-05	2.22816000e-05	-7.00691000e-01	-2.23693000e-05
7.82832744e+01	2026-09-04T17:19:40.499584	0.00000000e+00	1	16	1.22786000e-05	1.88054000e-05	-6.50649000e-01	-1.87894000e-05
7.82910670e+01	2026-09-04T17:19:40.499584	0.00000000e+00	1	16	2.02894000e-05	1.53622000e-05	-6.00626000e-01	-1.53783000e-05
7.82987203e+01	2026-09-04T17:19:40.515380	0.00000000e+00	1	16	1.68562000e-05	1.24107000e-05	-5.50558000e-01	-1.25842000e-05
7.83467523e+01	2026-09-04T17:19:40.563013	0.00000000e+00	1	16	1.84059000e-05	1.02856000e-05	-5.00533000e-01	-1.01714000e-05
7.83558863e+01	2026-09-04T17:19:40.563013	0.00000000e+00	1	16	2.82049000e-05	8.60224000e-06	-4.50481000e-01	-8.37788000e-06
7.83741428e+01	2026-09-04T17:19:40.589470	0.00000000e+00	1	16	3.09944000e-06	6.60705000e-06	-4.00479000e-01	-6.52088000e-06
7.83952044e+01	2026-09-04T17:19:40.610959	0.00000000e+00	1	16	2.93255000e-06	4.86651000e-06	-3.50378000e-01	-4.86837000e-06
7.84092979e+01	2026-09-04T17:19:40.620119	0.00000000e+00	1	16	1.39952000e-05	3.68366000e-06	-3.00355000e-01	-3.97794000e-06
7.84319739e+01	2026-09-04T17:19:40.642558	0.00000000e+00	1	16	1.50681000e-05	2.91494000e-06	-2.50301000e-01	-2.91423000e-06
7.84396595e+01	2026-09-04T17:19:40.642558	0.00000000e+00	1	16	1.56879000e-05	2.05133000e-06	-2.00163000e-01	-2.08977000e-06
7.84857253e+01	2026-09-04T17:19:40.700773	0.00000000e+00	1	16	1.74046000e-05	1.41969000e-06	-1.50125000e-01	-1.41603000e-06
7.85062377e+01	2026-09-04T17:19:40.721803	0.00000000e+00	1	16	1.11103000e-05	8.81728000e-07	-1.00078000e-01	-8.86544000e-07
7.85332353e+01	2026-09-04T17:19:40.749066	0.00000000e+00	1	16	1.16587000e-05	4.05056000e-07	-5.00338000e-02	-4.09039000e-07
7.85612213e+01	2026-09-04T17:19:40.769019	0.00000000e+00	1	16	8.51154000e-06	4.45724000e-11	-1.38044000e-05	-3.43800000e-11
8.18532146e+01	2026-09-04T17:19:44.067893	0.00000000e+00	1	17	1.78576000e-05	-7.90036000e-10	-1.95742000e-05	2.20466000e-09
8.18612672e+01	2026-09-04T17:19:44.067893	0.00000000e+00	1	17	-5.13792000e-05	1.89509000e-05	-4.99893000e-02	-1.87825000e-05
8.18922030e+01	2026-09-04T17:19:44.099499	0.00000000e+00	1	17	1.48773000e-05	4.06789000e-05	-1.00086000e-01	-4.06996000e-05
8.19182374e+01	2026-09-04T17:19:44.131076	0.00000000e+00	1	17	1.10149000e-05	6.86552000e-05	-1.50131000e-01	-6.83709000e-05
8.19529214e+01	2026-09-04T17:19:44.163869	0.00000000e+00	1	17	1.28984000e-05	1.03713000e-04	-2.00172000e-01	-1.03999000e-04
8.19869172e+01	2026-09-04T17:19:44.203089	0.00000000e+00	1	17	1.21117000e-05	1.45157000e-04	-2.50302000e-01	-1.44938000e-04
8.20109027e+01	2026-09-04T17:19:44.226762	0.00000000e+00	1	17	1.56164000e-05	1.89982000e-04	-3.00367000e-01	-1.90895000e-04
8.20499189e+01	2026-09-04T17:19:44.265958	0.00000000e+00	1	17	1.36375000e-05	2.13803000e-04	-3.50404000e-01	-2.11688000e-04
8.20739371e+01	2026-09-04T17:19:44.289935	0.00000000e+00	1	17	8.96454000e-06	1.36104000e-04	-4.00476000e-01	-1.11290000e-04
8.21081228e+01	2026-09-04T17:19:44.321720	0.00000000e+00	1	17	1.76668000e-05	1.36450000e-05	-4.50479000e-01	-1.32178000e-05
8.21202306e+01	2026-09-04T17:19:44.321720	0.00000000e+00	1	17	1.23739000e-05	1.82365000e-05	-5.00520000e-01	-1.77647000e-05
8.21729645e+01	2026-09-04T17:19:44.385633	0.00000000e+00	1	17	6.60419000e-06	2.20215000e-05	-5.50576000e-01	-2.17018000e-05
8.21832048e+01	2026-09-04T17:19:44.385633	0.00000000e+00	1	17	9.94205000e-06	2.92669000e-05	-6.00617000e-01	-2.87272000e-05
8.22169183e+01	2026-09-04T17:19:44.433365	0.00000000e+00	1	17	4.62532000e-06	2.53869000e-05	-6.50661000e-01	-2.17720000e-05
8.22448327e+01	2026-09-04T17:19:44.449013	0.00000000e+00	1	17	1.45197000e-05	2.80366000e-05	-7.00715000e-01	-2.76459000e-05
8.22643901e+01	2026-09-04T17:19:44.480552	0.00000000e+00	1	17	1.02043000e-05	2.90360000e-05	-7.50741000e-01	-3.13174000e-05
8.23055845e+01	2026-09-04T17:19:44.512228	0.00000000e+00	1	17	8.15392000e-06	3.04820000e-05	-8.00813000e-01	-3.06860000e-05
8.23276649e+01	2026-09-04T17:19:44.543938	0.00000000e+00	1	17	1.47104000e-05	3.02616000e-05	-8.50812000e-01	-3.02360000e-05
8.23648273e+01	2026-09-04T17:19:44.576210	0.00000000e+00	1	17	5.17368000e-06	3.72817000e-05	-9.00862000e-01	-3.75372000e-05
8.23908987e+01	2026-09-04T17:19:44.607218	0.00000000e+00	1	17	7.24792000e-06	4.25572000e-05	-9.50892000e-01	-4.26970000e-05
8.23987098e+01	2026-09-04T17:19:44.607218	0.00000000e+00	1	17	1.15633000e-05	5.07701000e-05	-1.00095000e+00	-5.00893000e-05
8.24066013e+01	2026-09-04T17:19:44.622955	0.00000000e+00	1	17	1.23739000e-05	5.34650000e-05	-1.05098000e+00	-5.32978000e-05
8.24544952e+01	2026-09-04T17:19:44.670699	0.00000000e+00	1	17	1.35422000e-05	6.77405000e-05	-1.10104000e+00	-6.72393000e-05
8.24627384e+01	2026-09-04T17:19:44.670699	0.00000000e+00	1	17	1.49727000e-05	7.50678000e-05	-1.15111000e+00	-7.41393000e-05
8.24928563e+01	2026-09-04T17:19:44.702345	0.00000000e+00	1	17	1.22786000e-05	7.68136000e-05	-1.20111000e+00	-7.64216000e-05
8.25181522e+01	2026-09-04T17:19:44.734360	0.00000000e+00	1	17	1.48773000e-05	8.58726000e-05	-1.25118000e+00	-8.58424000e-05
8.25258013e+01	2026-09-04T17:19:44.734360	0.00000000e+00	1	17	1.42574000e-05	9.85678000e-05	-1.30118000e+00	-9.70519000e-05
8.25337859e+01	2026-09-04T17:19:44.750392	0.00000000e+00	1	17	1.48773000e-05	1.05106000e-04	-1.35126000e+00	-1.01596000e-04
8.25819211e+01	2026-09-04T17:19:44.797787	0.00000000e+00	1	17	1.84059000e-05	1.14712000e-04	-1.40128000e+00	-1.14311000e-04
8.25902484e+01	2026-09-04T17:19:44.797787	0.00000000e+00	1	17	1.31845000e-05	1.24906000e-04	-1.45132000e+00	-1.24497000e-04
8.26175844e+01	2026-09-04T17:19:44.829982	0.00000000e+00	1	17	2.07424000e-05	1.37408000e-04	-1.50136000e+00	-1.36807000e-04
8.26458550e+01	2026-09-04T17:19:44.861753	0.00000000e+00	1	17	1.43528000e-05	1.48161000e-04	-1.55142000e+00	-1.47950000e-04
8.26536611e+01	2026-09-04T17:19:44.861753	0.00000000e+00	1	17	8.77380000e-06	1.62763000e-04	-1.60140000e+00	-1.63687000e-04
8.26783240e+01	2026-09-04T17:19:44.893740	0.00000000e+00	1	17	1.55210000e-05	1.79484000e-04	-1.65148000e+00	-1.80348000e-04
8.27090840e+01	2026-09-04T17:19:44.925354	0.00000000e+00	1	17	1.17302000e-05	2.01786000e-04	-1.70149000e+00	-2.00414000e-04
8.27181514e+01	2026-09-04T17:19:44.925354	0.00000000e+00	1	17	1.14679000e-05	2.19589000e-04	-1.75154000e+00	-2.20789000e-04
8.27423254e+01	2026-09-04T17:19:44.956716	0.00000000e+00	1	17	1.50681000e-05	2.39074000e-04	-1.80156000e+00	-2.37997000e-04
8.27723063e+01	2026-09-04T17:19:44.988820	0.00000000e+00	1	17	1.30892000e-05	2.54967000e-04	-1.85160000e+00	-2.58314000e-04
8.27801215e+01	2026-09-04T17:19:44.989335	0.00000000e+00	1	17	8.58307000e-06	2.76799000e-04	-1.90164000e+00	-2.71096000e-04
8.28067252e+01	2026-09-04T17:19:45.020055	0.00000000e+00	1	17	4.81606000e-06	3.03642000e-04	-1.95169000e+00	-3.02475000e-04
8.28281255e+01	2026-09-04T17:19:45.043711	0.00000000e+00	1	17	1.71423000e-05	3.21431000e-04	-2.00166000e+00	-3.22561000e-04
8.28354264e+01	2026-09-04T17:19:45.051218	0.00000000e+00	1	17	1.05619000e-05	3.27437000e-04	-2.00168000e+00	-3.26595000e-04
8.28572117e+01	2026-09-04T17:19:45.067240	0.00000000e+00	1	17	1.02043000e-05	3.11229000e-04	-1.95168000e+00	-3.06870000e-04
8.28649352e+01	2026-09-04T17:19:45.067240	0.00000000e+00	1	17	9.13143000e-06	2.82287000e-04	-1.90165000e+00	-2.82008000e-04
8.29146119e+01	2026-09-04T17:19:45.131116	0.00000000e+00	1	17	1.13726000e-05	2.61536000e-04	-1.85160000e+00	-2.63586000e-04
8.29225597e+01	2026-09-04T17:19:45.131116	0.00000000e+00	1	17	7.86781000e-06	2.45156000e-04	-1.80153000e+00	-2.46101000e-04
8.29549371e+01	2026-09-04T17:19:45.162611	0.00000000e+00	1	17	1.03951000e-05	2.29330000e-04	-1.75153000e+00	-2.29769000e-04
8.29783224e+01	2026-09-04T17:19:45.194597	0.00000000e+00	1	17	8.58307000e-06	2.12195000e-04	-1.70151000e+00	-2.12040000e-04
8.29869912e+01	2026-09-04T17:19:45.195369	0.00000000e+00	1	17	9.48906000e-06	1.94855000e-04	-1.65146000e+00	-1.94192000e-04
8.30133898e+01	2026-09-04T17:19:45.226663	0.00000000e+00	1	17	1.09434000e-05	1.79489000e-04	-1.60141000e+00	-1.79331000e-04
8.30370917e+01	2026-09-04T17:19:45.253245	0.00000000e+00	1	17	1.38044000e-05	1.64695000e-04	-1.55141000e+00	-1.65149000e-04
8.30579164e+01	2026-09-04T17:19:45.274227	0.00000000e+00	1	17	1.62363000e-05	1.52663000e-04	-1.50135000e+00	-1.51131000e-04
8.30934990e+01	2026-09-04T17:19:45.306152	0.00000000e+00	1	17	1.23739000e-05	1.39498000e-04	-1.45132000e+00	-1.38939000e-04
8.31046863e+01	2026-09-04T17:19:45.306152	0.00000000e+00	1	17	1.22786000e-05	1.26798000e-04	-1.40126000e+00	-1.27187000e-04
8.31483415e+01	2026-09-04T17:19:45.364236	0.00000000e+00	1	17	1.19209000e-05	1.16983000e-04	-1.35125000e+00	-1.15670000e-04
8.31746730e+01	2026-09-04T17:19:45.385616	0.00000000e+00	1	17	1.73092000e-05	1.06273000e-04	-1.30119000e+00	-1.06062000e-04
8.31824276e+01	2026-09-04T17:19:45.385616	0.00000000e+00	1	17	1.44482000e-05	9.62384000e-05	-1.25116000e+00	-9.58905000e-05
8.32048329e+01	2026-09-04T17:19:45.417361	0.00000000e+00	1	17	2.37942000e-05	8.63482000e-05	-1.20111000e+00	-8.60235000e-05
8.32330725e+01	2026-09-04T17:19:45.449204	0.00000000e+00	1	17	1.11103000e-05	7.76268000e-05	-1.15109000e+00	-7.76114000e-05
8.32411497e+01	2026-09-04T17:19:45.449204	0.00000000e+00	1	17	1.85728000e-05	6.96269000e-05	-1.10104000e+00	-6.94202000e-05
8.32682984e+01	2026-09-04T17:19:45.481072	0.00000000e+00	1	17	1.74046000e-05	6.09579000e-05	-1.05098000e+00	-6.09206000e-05
8.32961241e+01	2026-09-04T17:19:45.512487	0.00000000e+00	1	17	1.34468000e-05	5.36656000e-05	-1.00094000e+00	-5.41623000e-05
8.33046621e+01	2026-09-04T17:19:45.512487	0.00000000e+00	1	17	1.44482000e-05	4.69532000e-05	-9.50882000e-01	-4.68217000e-05
8.33324922e+01	2026-09-04T17:19:45.544500	0.00000000e+00	1	17	1.94788000e-05	4.06402000e-05	-9.00861000e-01	-4.05151000e-05
8.33516722e+01	2026-09-04T17:19:45.562640	0.00000000e+00	1	17	2.12669000e-05	3.48608000e-05	-8.50811000e-01	-3.48524000e-05
8.33594462e+01	2026-09-04T17:19:45.562640	0.00000000e+00	1	17	1.70469000e-05	2.97896000e-05	-8.00787000e-01	-2.94673000e-05
8.33978238e+01	2026-09-04T17:19:45.613935	0.00000000e+00	1	17	1.53303000e-05	2.50438000e-05	-7.50742000e-01	-2.51221000e-05
8.34209351e+01	2026-09-04T17:19:45.636934	0.00000000e+00	1	17	2.25306000e-05	2.10929000e-05	-7.00700000e-01	-2.09673000e-05
8.34287952e+01	2026-09-04T17:19:45.645315	0.00000000e+00	1	17	1.96457000e-05	1.74570000e-05	-6.50636000e-01	-1.74921000e-05
8.34366674e+01	2026-09-04T17:19:45.652962	0.00000000e+00	1	17	2.19107000e-05	1.46630000e-05	-6.00633000e-01	-1.48064000e-05
8.34442550e+01	2026-09-04T17:19:45.660962	0.00000000e+00	1	17	2.04563000e-05	1.22111000e-05	-5.50560000e-01	-1.20512000e-05
8.34572411e+01	2026-09-04T17:19:45.673938	0.00000000e+00	1	17	3.81708000e-05	9.79262000e-06	-5.00544000e-01	-9.55698000e-06
8.34776522e+01	2026-09-04T17:19:45.693937	0.00000000e+00	1	17	1.60456000e-05	7.68865000e-06	-4.50488000e-01	-7.61940000e-06
8.34977030e+01	2026-09-04T17:19:45.714464	0.00000000e+00	1	17	1.24693000e-05	6.02675000e-06	-4.00472000e-01	-5.99571000e-06
8.35214283e+01	2026-09-04T17:19:45.737577	0.00000000e+00	1	17	9.39369000e-06	4.65047000e-06	-3.50395000e-01	-4.67252000e-06
8.35344896e+01	2026-09-04T17:19:45.751323	0.00000000e+00	1	17	1.05619000e-05	3.44716000e-06	-3.00373000e-01	-3.43744000e-06
8.35606664e+01	2026-09-04T17:19:45.777321	0.00000000e+00	1	17	1.68562000e-05	2.59805000e-06	-2.50319000e-01	-2.56597000e-06
8.35736846e+01	2026-09-04T17:19:45.790313	0.00000000e+00	1	17	9.32217000e-06	1.86077000e-06	-2.00169000e-01	-1.87377000e-06
8.35825613e+01	2026-09-04T17:19:45.798679	0.00000000e+00	1	17	9.84669000e-06	1.29133000e-06	-1.50132000e-01	-1.28318000e-06
8.35965921e+01	2026-09-04T17:19:45.813403	0.00000000e+00	1	17	1.43528000e-05	7.97440000e-07	-1.00084000e-01	-7.83467000e-07
8.36259540e+01	2026-09-04T17:19:45.842412	0.00000000e+00	1	17	1.80244000e-05	3.78561000e-07	-5.00443000e-02	-3.79410000e-07
8.36480919e+01	2026-09-04T17:19:45.864331	0.00000000e+00	1	17	1.97411000e-05	2.64525000e-11	-1.19925000e-05	-8.40068000e-11
8.66945750e+01	2026-09-04T17:19:48.902419	0.00000000e+00	1	18	3.20673000e-05	1.61685000e-08	-1.08242000e-05	8.03936000e-10
8.67247875e+01	2026-09-04T17:19:48.934007	0.00000000e+00	1	18	-2.46763000e-05	4.20770000e-05	-4.99868000e-02	-4.15822000e-05
8.67499401e+01	2026-09-04T17:19:48.965609	0.00000000e+00	1	18	2.61307000e-05	8.45563000e-05	-1.00085000e-01	-8.78756000e-05
8.67714162e+01	2026-09-04T17:19:48.981498	0.00000000e+00	1	18	2.25306000e-05	1.20448000e-04	-1.50132000e-01	-1.16488000e-04
8.68015802e+01	2026-09-04T17:19:49.016744	0.00000000e+00	1	18	1.48058000e-05	1.33040000e-04	-2.00159000e-01	-1.31453000e-04
8.68337637e+01	2026-09-04T17:19:49.044163	0.00000000e+00	1	18	1.69516000e-05	1.39723000e-04	-2.50331000e-01	-1.38191000e-04
8.68421737e+01	2026-09-04T17:19:49.054339	0.00000000e+00	1	18	2.34365000e-05	1.66966000e-04	-3.00340000e-01	-1.69974000e-04
8.68648227e+01	2026-09-04T17:19:49.075918	0.00000000e+00	1	18	8.58307000e-06	2.07666000e-04	-3.50405000e-01	-2.18080000e-04
8.68725245e+01	2026-09-04T17:19:49.075918	0.00000000e+00	1	18	2.29836000e-05	2.96687000e-04	-4.00469000e-01	-2.96047000e-04
8.68899488e+01	2026-09-04T17:19:49.101455	0.00000000e+00	1	18	1.41621000e-05	6.23421000e-04	-4.50476000e-01	-1.67837000e-04
8.69393757e+01	2026-09-04T17:19:49.155429	0.00000000e+00	1	18	1.63317000e-05	1.78076000e-04	-5.00529000e-01	-1.76589000e-04
8.69473966e+01	2026-09-04T17:19:49.155429	0.00000000e+00	1	18	2.19822000e-05	1.91221000e-04	-5.50556000e-01	-1.84159000e-04
8.69793927e+01	2026-09-04T17:19:49.186804	0.00000000e+00	1	18	1.98364000e-05	1.46517000e-04	-6.00617000e-01	-1.45369000e-04
8.69981567e+01	2026-09-04T17:19:49.209296	0.00000000e+00	1	18	1.77622000e-05	1.57181000e-04	-6.50637000e-01	-1.52498000e-04
8.70180997e+01	2026-09-04T17:19:49.234452	0.00000000e+00	1	18	2.06470000e-05	1.31682000e-04	-7.00712000e-01	-1.30065000e-04
8.70260546e+01	2026-09-04T17:19:49.234452	0.00000000e+00	1	18	2.24352000e-05	1.37198000e-04	-7.50757000e-01	-1.30367000e-04
8.70336357e+01	2026-09-04T17:19:49.250395	0.00000000e+00	1	18	2.54154000e-05	1.30156000e-04	-8.00799000e-01	-1.09809000e-04
8.70655421e+01	2026-09-04T17:19:49.281902	0.00000000e+00	1	18	2.19822000e-05	1.12381000e-04	-8.50807000e-01	-1.04415000e-04
8.70925000e+01	2026-09-04T17:19:49.298479	0.00000000e+00	1	18	1.74999000e-05	1.14509000e-04	-9.00879000e-01	-1.10563000e-04
8.71157662e+01	2026-09-04T17:19:49.331337	0.00000000e+00	1	18	1.91212000e-05	1.04017000e-04	-9.50915000e-01	-9.52806000e-05
8.71451646e+01	2026-09-04T17:19:49.360999	0.00000000e+00	1	18	1.81198000e-05	1.08680000e-04	-1.00096000e+00	-1.02329000e-04
8.71556545e+01	2026-09-04T17:19:49.360999	0.00000000e+00	1	18	2.18153000e-05	1.13907000e-04	-1.05098000e+00	-1.10654000e-04
8.71809566e+01	2026-09-04T17:19:49.392646	0.00000000e+00	1	18	1.25408000e-05	1.07159000e-04	-1.10105000e+00	-1.04664000e-04
8.72085921e+01	2026-09-04T17:19:49.424670	0.00000000e+00	1	18	2.02894000e-05	1.11061000e-04	-1.15112000e+00	-1.07381000e-04
8.72168292e+01	2026-09-04T17:19:49.424670	0.00000000e+00	1	18	1.48773000e-05	1.21091000e-04	-1.20112000e+00	-1.20043000e-04
8.72467756e+01	2026-09-04T17:19:49.462664	0.00000000e+00	1	18	1.89304000e-05	8.05956000e-05	-1.25118000e+00	-8.09119000e-05
8.72779217e+01	2026-09-04T17:19:49.488243	0.00000000e+00	1	18	1.74999000e-05	9.31461000e-05	-1.30119000e+00	-9.28983000e-05
8.73030803e+01	2026-09-04T17:19:49.519413	0.00000000e+00	1	18	2.00033000e-05	1.03809000e-04	-1.35126000e+00	-1.05044000e-04
8.73152130e+01	2026-09-04T17:19:49.519413	0.00000000e+00	1	18	2.11000000e-05	1.16409000e-04	-1.40128000e+00	-1.17235000e-04
8.73425201e+01	2026-09-04T17:19:49.557307	0.00000000e+00	1	18	1.83105000e-05	1.28913000e-04	-1.45133000e+00	-1.28890000e-04
8.73607312e+01	2026-09-04T17:19:49.577027	0.00000000e+00	1	18	1.70469000e-05	1.42716000e-04	-1.50134000e+00	-1.43680000e-04
8.73830204e+01	2026-09-04T17:19:49.598882	0.00000000e+00	1	18	1.78576000e-05	1.60580000e-04	-1.55141000e+00	-1.62014000e-04
8.73910562e+01	2026-09-04T17:19:49.598882	0.00000000e+00	1	18	1.02997000e-05	1.75732000e-04	-1.60141000e+00	-1.77408000e-04
8.74159061e+01	2026-09-04T17:19:49.632433	0.00000000e+00	1	18	1.47104000e-05	1.97161000e-04	-1.65147000e+00	-1.97306000e-04
8.74367665e+01	2026-09-04T17:19:49.646833	0.00000000e+00	1	18	1.47104000e-05	2.14017000e-04	-1.70147000e+00	-2.14088000e-04
8.74515958e+01	2026-09-04T17:19:49.662722	0.00000000e+00	1	18	1.80244000e-05	2.28292000e-04	-1.75155000e+00	-2.24932000e-04
8.74621496e+01	2026-09-04T17:19:49.678503	0.00000000e+00	1	18	2.13623000e-05	2.48487000e-04	-1.80156000e+00	-2.52022000e-04
8.75095850e+01	2026-09-04T17:19:49.725908	0.00000000e+00	1	18	2.27213000e-05	2.65976000e-04	-1.85161000e+00	-2.63432000e-04
8.75176606e+01	2026-09-04T17:19:49.725908	0.00000000e+00	1	18	1.90258000e-05	2.94162000e-04	-1.90162000e+00	-2.97214000e-04
8.75423781e+01	2026-09-04T17:19:49.757632	0.00000000e+00	1	18	1.73092000e-05	3.00221000e-04	-1.95168000e+00	-3.00751000e-04
8.75570257e+01	2026-09-04T17:19:49.773416	0.00000000e+00	1	18	1.72377000e-05	3.31851000e-04	-2.00171000e+00	-3.22934000e-04
8.75786028e+01	2026-09-04T17:19:49.789364	0.00000000e+00	1	18	1.72377000e-05	3.25042000e-04	-2.00169000e+00	-3.21882000e-04
8.75862388e+01	2026-09-04T17:19:49.789364	0.00000000e+00	1	18	2.00987000e-05	2.96431000e-04	-1.95167000e+00	-2.98801000e-04
8.76105023e+01	2026-09-04T17:19:49.827094	0.00000000e+00	1	18	1.70469000e-05	2.78249000e-04	-1.90164000e+00	-2.80551000e-04
8.76362902e+01	2026-09-04T17:19:49.852696	0.00000000e+00	1	18	1.88351000e-05	2.61709000e-04	-1.85160000e+00	-2.61999000e-04
8.76441412e+01	2026-09-04T17:19:49.852696	0.00000000e+00	1	18	1.89304000e-05	2.43664000e-04	-1.80155000e+00	-2.44770000e-04
8.76732698e+01	2026-09-04T17:19:49.884390	0.00000000e+00	1	18	1.40905000e-05	2.24288000e-04	-1.75154000e+00	-2.24492000e-04
8.76945208e+01	2026-09-04T17:19:49.911454	0.00000000e+00	1	18	1.75953000e-05	2.14408000e-04	-1.70150000e+00	-2.15432000e-04
8.77159916e+01	2026-09-04T17:19:49.932175	0.00000000e+00	1	18	5.62668000e-06	1.99284000e-04	-1.65145000e+00	-1.97923000e-04
8.77402075e+01	2026-09-04T17:19:49.955786	0.00000000e+00	1	18	1.50681000e-05	1.83837000e-04	-1.60140000e+00	-1.81616000e-04
8.77622371e+01	2026-09-04T17:19:49.970363	0.00000000e+00	1	18	1.79529000e-05	1.68956000e-04	-1.55140000e+00	-1.67670000e-04
8.78161096e+01	2026-09-04T17:19:50.031370	0.00000000e+00	1	18	1.55210000e-05	1.55229000e-04	-1.50135000e+00	-1.55083000e-04
8.78261247e+01	2026-09-04T17:19:50.043068	0.00000000e+00	1	18	1.17302000e-05	1.42658000e-04	-1.45134000e+00	-1.43918000e-04
8.78487955e+01	2026-09-04T17:19:50.059112	0.00000000e+00	1	18	2.04563000e-05	1.30803000e-04	-1.40126000e+00	-1.31320000e-04
8.78569526e+01	2026-09-04T17:19:50.059112	0.00000000e+00	1	18	1.34468000e-05	1.20502000e-04	-1.35126000e+00	-1.18977000e-04
8.78939949e+01	2026-09-04T17:19:50.107042	0.00000000e+00	1	18	1.74046000e-05	1.06845000e-04	-1.30120000e+00	-1.06454000e-04
8.79060978e+01	2026-09-04T17:19:50.122979	0.00000000e+00	1	18	1.84774000e-05	9.77723000e-05	-1.25117000e+00	-9.74786000e-05
8.79181720e+01	2026-09-04T17:19:50.122979	0.00000000e+00	1	18	1.17302000e-05	8.89700000e-05	-1.20112000e+00	-8.83487000e-05
8.79382487e+01	2026-09-04T17:19:50.154196	0.00000000e+00	1	18	2.00033000e-05	7.88767000e-05	-1.15110000e+00	-7.89068000e-05
8.79522430e+01	2026-09-04T17:19:50.155227	0.00000000e+00	1	18	2.00987000e-05	7.08341000e-05	-1.10106000e+00	-7.09515000e-05
8.79668151e+01	2026-09-04T17:19:50.172241	0.00000000e+00	1	18	2.42472000e-05	6.28528000e-05	-1.05097000e+00	-6.27124000e-05
8.80179848e+01	2026-09-04T17:19:50.233751	0.00000000e+00	1	18	1.98364000e-05	5.57081000e-05	-1.00096000e+00	-5.57589000e-05
8.80269248e+01	2026-09-04T17:19:50.233751	0.00000000e+00	1	18	1.70469000e-05	4.93106000e-05	-9.50916000e-01	-4.93123000e-05
8.80560491e+01	2026-09-04T17:19:50.265580	0.00000000e+00	1	18	1.39952000e-05	4.31529000e-05	-9.00863000e-01	-4.29254000e-05
8.80805669e+01	2026-09-04T17:19:50.296845	0.00000000e+00	1	18	2.06470000e-05	3.74734000e-05	-8.50798000e-01	-3.77207000e-05
8.80884472e+01	2026-09-04T17:19:50.296845	0.00000000e+00	1	18	1.89304000e-05	3.24085000e-05	-8.00792000e-01	-3.23582000e-05
8.80962378e+01	2026-09-04T17:19:50.312915	0.00000000e+00	1	18	1.73092000e-05	2.78306000e-05	-7.50733000e-01	-2.72209000e-05
8.81441324e+01	2026-09-04T17:19:50.360317	0.00000000e+00	1	18	1.98364000e-05	2.29859000e-05	-7.00687000e-01	-2.28540000e-05
8.81521183e+01	2026-09-04T17:19:50.360317	0.00000000e+00	1	18	2.27928000e-05	1.93190000e-05	-6.50644000e-01	-1.95929000e-05
8.81779499e+01	2026-09-04T17:19:50.391667	0.00000000e+00	1	18	2.13623000e-05	1.62463000e-05	-6.00634000e-01	-1.61412000e-05
8.82069567e+01	2026-09-04T17:19:50.423212	0.00000000e+00	1	18	1.59740000e-05	1.34105000e-05	-5.50568000e-01	-1.34088000e-05
8.82147633e+01	2026-09-04T17:19:50.431568	0.00000000e+00	1	18	1.74999000e-05	1.07804000e-05	-5.00545000e-01	-1.07250000e-05
8.82405524e+01	2026-09-04T17:19:50.455074	0.00000000e+00	1	18	3.14236000e-05	8.24835000e-06	-4.50483000e-01	-8.21958000e-06
8.82708098e+01	2026-09-04T17:19:50.487261	0.00000000e+00	1	18	1.78576000e-05	6.51477000e-06	-4.00468000e-01	-6.38354000e-06
8.82924803e+01	2026-09-04T17:19:50.503054	0.00000000e+00	1	18	1.57833000e-05	5.11156000e-06	-3.50399000e-01	-5.06869000e-06
8.83002568e+01	2026-09-04T17:19:50.503054	0.00000000e+00	1	18	7.05719000e-06	3.90540000e-06	-3.00363000e-01	-3.91984000e-06
8.83345205e+01	2026-09-04T17:19:50.550599	0.00000000e+00	1	18	1.43528000e-05	2.92918000e-06	-2.50301000e-01	-2.96306000e-06
8.83637141e+01	2026-09-04T17:19:50.577289	0.00000000e+00	1	18	3.24249000e-05	1.85922000e-06	-2.00161000e-01	-1.46106000e-06
8.83869766e+01	2026-09-04T17:19:50.598011	0.00000000e+00	1	18	1.43528000e-05	9.50713000e-07	-1.50127000e-01	-9.17150000e-07
8.84207413e+01	2026-09-04T17:19:50.629557	0.00000000e+00	1	18	1.18256000e-05	5.92703000e-07	-1.00080000e-01	-6.03560000e-07
8.84452727e+01	2026-09-04T17:19:50.661138	0.00000000e+00	1	18	1.88351000e-05	2.77988000e-07	-5.00386000e-02	-2.84599000e-07
8.84532567e+01	2026-09-04T17:19:50.661138	0.00000000e+00	1	18	2.01941000e-05	-4.56572000e-11	-1.55926000e-05	-2.25747000e-10
9.17618542e+01	2026-09-04T17:19:53.963536	0.00000000e+00	1	19	2.52247000e-05	6.21898000e-09	-1.37091000e-05	5.67769000e-09
9.18060078e+01	2026-09-04T17:19:54.022917	0.00000000e+00	1	19	-2.58446000e-05	5.59449000e-05	-4.99835000e-02	-5.59085000e-05
9.18294010e+01	2026-09-04T17:19:54.043987	0.00000000e+00	1	19	2.12669000e-05	1.14557000e-04	-1.00075000e-01	-1.14475000e-04
9.18418243e+01	2026-09-04T17:19:54.043987	0.00000000e+00	1	19	1.63317000e-05	1.77160000e-04	-1.50117000e-01	-1.77054000e-04
9.18745693e+01	2026-09-04T17:19:54.091007	0.00000000e+00	1	19	1.52588000e-05	2.44615000e-04	-2.00161000e-01	-2.44428000e-04
9.19227052e+01	2026-09-04T17:19:54.138572	0.00000000e+00	1	19	7.70092000e-06	3.16218000e-04	-2.50302000e-01	-3.16061000e-04
9.19306288e+01	2026-09-04T17:19:54.138572	0.00000000e+00	1	19	1.51634000e-05	3.91913000e-04	-3.00362000e-01	-3.91636000e-04
9.19551459e+01	2026-09-04T17:19:54.170400	0.00000000e+00	1	19	6.98566000e-06	4.71310000e-04	-3.50377000e-01	-4.70971000e-04
9.19860789e+01	2026-09-04T17:19:54.202422	0.00000000e+00	1	19	1.13726000e-05	5.05643000e-04	-4.00469000e-01	-5.04272000e-04
9.19938796e+01	2026-09-04T17:19:54.202422	0.00000000e+00	1	19	1.36375000e-05	5.68553000e-04	-4.50473000e-01	-5.65323000e-04
9.20181006e+01	2026-09-04T17:19:54.233870	0.00000000e+00	1	19	1.16587000e-05	5.96593000e-04	-5.00529000e-01	-5.84135000e-04
9.20582574e+01	2026-09-04T17:19:54.274514	0.00000000e+00	1	19	1.30892000e-05	5.08702000e-04	-5.50563000e-01	-4.88758000e-04
9.20856343e+01	2026-09-04T17:19:54.296847	0.00000000e+00	1	19	1.67847000e-05	4.59979000e-04	-6.00627000e-01	-4.28439000e-04
9.20934691e+01	2026-09-04T17:19:54.296847	0.00000000e+00	1	19	2.31504000e-05	3.70159000e-04	-6.50665000e-01	-3.53004000e-04
9.21177874e+01	2026-09-04T17:19:54.328615	0.00000000e+00	1	19	1.58787000e-05	3.27392000e-04	-7.00709000e-01	-3.21876000e-04
9.21442305e+01	2026-09-04T17:19:54.360067	0.00000000e+00	1	19	1.49727000e-05	2.68832000e-04	-7.50743000e-01	-2.57849000e-04
9.21522358e+01	2026-09-04T17:19:54.360067	0.00000000e+00	1	19	2.74181000e-06	3.54427000e-04	-8.00807000e-01	-3.67695000e-04
9.21808607e+01	2026-09-04T17:19:54.396141	0.00000000e+00	1	19	2.22683000e-05	1.78783000e-04	-8.50830000e-01	-1.79080000e-04
9.22028262e+01	2026-09-04T17:19:54.413416	0.00000000e+00	1	19	1.38044000e-05	1.98534000e-04	-9.00886000e-01	-1.94869000e-04
9.22232097e+01	2026-09-04T17:19:54.439230	0.00000000e+00	1	19	1.31845000e-05	1.89318000e-04	-9.50899000e-01	-1.85751000e-04
9.22311505e+01	2026-09-04T17:19:54.439230	0.00000000e+00	1	19	2.52247000e-05	2.05076000e-04	-1.00095000e+00	-2.00906000e-04
9.22548826e+01	2026-09-04T17:19:54.470785	0.00000000e+00	1	19	1.41621000e-05	1.72356000e-04	-1.05097000e+00	-1.70596000e-04
9.22859833e+01	2026-09-04T17:19:54.502374	0.00000000e+00	1	19	1.43528000e-05	1.81717000e-04	-1.10105000e+00	-1.82084000e-04
9.22939161e+01	2026-09-04T17:19:54.502374	0.00000000e+00	1	19	1.36375000e-05	2.04999000e-04	-1.15112000e+00	-1.86216000e-04
9.23183540e+01	2026-09-04T17:19:54.533984	0.00000000e+00	1	19	7.79629000e-06	1.63079000e-04	-1.20113000e+00	-1.77409000e-04
9.23469640e+01	2026-09-04T17:19:54.560461	0.00000000e+00	1	19	8.77380000e-06	1.99886000e-04	-1.25117000e+00	-2.01647000e-04
9.23702541e+01	2026-09-04T17:19:54.581603	0.00000000e+00	1	19	5.88894000e-06	1.95224000e-04	-1.30119000e+00	-1.98295000e-04
9.23785760e+01	2026-09-04T17:19:54.581603	0.00000000e+00	1	19	1.70469000e-05	1.87634000e-04	-1.35125000e+00	-1.79820000e-04
9.24045801e+01	2026-09-04T17:19:54.617561	0.00000000e+00	1	19	3.53098000e-05	2.06321000e-04	-1.40128000e+00	-1.94208000e-04
9.24293567e+01	2026-09-04T17:19:54.645532	0.00000000e+00	1	19	6.69956000e-06	2.03046000e-04	-1.45131000e+00	-2.11069000e-04
9.24371545e+01	2026-09-04T17:19:54.645532	0.00000000e+00	1	19	1.31845000e-05	1.51252000e-04	-1.50137000e+00	-1.52422000e-04
9.24448646e+01	2026-09-04T17:19:54.661568	0.00000000e+00	1	19	1.18256000e-05	1.65653000e-04	-1.55141000e+00	-1.65458000e-04
9.24770232e+01	2026-09-04T17:19:54.693169	0.00000000e+00	1	19	9.75132000e-06	1.86973000e-04	-1.60140000e+00	-1.83032000e-04
9.24986684e+01	2026-09-04T17:19:54.709104	0.00000000e+00	1	19	5.81741000e-06	2.05599000e-04	-1.65147000e+00	-1.97092000e-04
9.25066370e+01	2026-09-04T17:19:54.709104	0.00000000e+00	1	19	8.86917000e-06	2.35111000e-04	-1.70147000e+00	-2.32559000e-04
9.25365054e+01	2026-09-04T17:19:54.740832	0.00000000e+00	1	19	9.48906000e-06	2.59507000e-04	-1.75152000e+00	-2.56690000e-04
9.25720993e+01	2026-09-04T17:19:54.787985	0.00000000e+00	1	19	1.79529000e-05	2.79828000e-04	-1.80156000e+00	-2.86393000e-04
9.26105361e+01	2026-09-04T17:19:54.825898	0.00000000e+00	1	19	1.49727000e-05	2.99258000e-04	-1.85160000e+00	-2.97810000e-04
9.26359090e+01	2026-09-04T17:19:54.851767	0.00000000e+00	1	19	1.73092000e-05	3.21565000e-04	-1.90164000e+00	-3.22012000e-04
9.26608907e+01	2026-09-04T17:19:54.876331	0.00000000e+00	1	19	1.98364000e-05	3.57096000e-04	-1.95168000e+00	-3.50092000e-04
9.26851053e+01	2026-09-04T17:19:54.899796	0.00000000e+00	1	19	1.75953000e-05	3.76476000e-04	-2.00167000e+00	-3.73776000e-04
9.26926050e+01	2026-09-04T17:19:54.899796	0.00000000e+00	1	19	1.44482000e-05	3.71757000e-04	-2.00170000e+00	-3.67025000e-04
9.27148411e+01	2026-09-04T17:19:54.931272	0.00000000e+00	1	19	1.39952000e-05	3.33666000e-04	-1.95167000e+00	-3.31076000e-04
9.27542933e+01	2026-09-04T17:19:54.963355	0.00000000e+00	1	19	1.76668000e-05	2.98707000e-04	-1.90162000e+00	-3.03311000e-04
9.27790046e+01	2026-09-04T17:19:54.994961	0.00000000e+00	1	19	1.50681000e-05	2.82867000e-04	-1.85161000e+00	-2.81971000e-04
9.27867991e+01	2026-09-04T17:19:54.994961	0.00000000e+00	1	19	1.52588000e-05	2.60732000e-04	-1.80156000e+00	-2.62568000e-04
9.28113870e+01	2026-09-04T17:19:55.026657	0.00000000e+00	1	19	2.20776000e-05	2.39762000e-04	-1.75153000e+00	-2.39650000e-04
9.28344585e+01	2026-09-04T17:19:55.044505	0.00000000e+00	1	19	1.26362000e-05	2.23590000e-04	-1.70150000e+00	-2.24455000e-04
9.28583000e+01	2026-09-04T17:19:55.074074	0.00000000e+00	1	19	2.30789000e-05	2.06763000e-04	-1.65148000e+00	-2.04160000e-04
9.28921565e+01	2026-09-04T17:19:55.105702	0.00000000e+00	1	19	1.78576000e-05	1.90862000e-04	-1.60140000e+00	-1.86657000e-04
9.29206511e+01	2026-09-04T17:19:55.137043	0.00000000e+00	1	19	1.95742000e-05	1.72627000e-04	-1.55139000e+00	-1.72371000e-04
9.29283679e+01	2026-09-04T17:19:55.137043	0.00000000e+00	1	19	1.45197000e-05	1.58224000e-04	-1.50136000e+00	-1.57851000e-04
9.29362200e+01	2026-09-04T17:19:55.153132	0.00000000e+00	1	19	8.58307000e-06	1.44396000e-04	-1.45133000e+00	-1.45107000e-04
9.29745454e+01	2026-09-04T17:19:55.189014	0.00000000e+00	1	19	1.86682000e-05	1.32430000e-04	-1.40124000e+00	-1.33301000e-04
9.29834136e+01	2026-09-04T17:19:55.196589	0.00000000e+00	1	19	1.26362000e-05	1.21700000e-04	-1.35126000e+00	-1.22041000e-04
9.30073483e+01	2026-09-04T17:19:55.216953	0.00000000e+00	1	19	1.28269000e-05	1.09902000e-04	-1.30117000e+00	-1.09774000e-04
9.30163459e+01	2026-09-04T17:19:55.232824	0.00000000e+00	1	19	1.54257000e-05	9.97356000e-05	-1.25116000e+00	-9.96832000e-05
9.30596260e+01	2026-09-04T17:19:55.276419	0.00000000e+00	1	19	1.66893000e-05	8.84542000e-05	-1.20110000e+00	-8.86287000e-05
9.30678763e+01	2026-09-04T17:19:55.283246	0.00000000e+00	1	19	2.21729000e-05	8.00649000e-05	-1.15110000e+00	-8.00999000e-05
9.30754425e+01	2026-09-04T17:19:55.283246	0.00000000e+00	1	19	1.35422000e-05	7.18584000e-05	-1.10103000e+00	-7.15914000e-05
9.30962827e+01	2026-09-04T17:19:55.311977	0.00000000e+00	1	19	1.58787000e-05	6.23170000e-05	-1.05097000e+00	-6.37009000e-05
9.31213302e+01	2026-09-04T17:19:55.337907	0.00000000e+00	1	19	9.94205000e-06	5.53365000e-05	-1.00095000e+00	-5.55929000e-05
9.31435466e+01	2026-09-04T17:19:55.359680	0.00000000e+00	1	19	1.28269000e-05	4.85591000e-05	-9.50915000e-01	-4.87689000e-05
9.31518254e+01	2026-09-04T17:19:55.359680	0.00000000e+00	1	19	1.50681000e-05	4.30220000e-05	-9.00871000e-01	-4.26985000e-05
9.31755119e+01	2026-09-04T17:19:55.391478	0.00000000e+00	1	19	1.55210000e-05	3.63675000e-05	-8.50796000e-01	-3.68993000e-05
9.32007607e+01	2026-09-04T17:19:55.417422	0.00000000e+00	1	19	1.73092000e-05	3.08164000e-05	-8.00795000e-01	-3.06839000e-05
9.32239784e+01	2026-09-04T17:19:55.439666	0.00000000e+00	1	19	2.21729000e-05	2.63141000e-05	-7.50739000e-01	-2.62385000e-05
9.32331267e+01	2026-09-04T17:19:55.449735	0.00000000e+00	1	19	1.86682000e-05	2.20921000e-05	-7.00708000e-01	-2.20030000e-05
9.32548139e+01	2026-09-04T17:19:55.471024	0.00000000e+00	1	19	1.77622000e-05	1.85345000e-05	-6.50640000e-01	-1.83672000e-05
9.32946882e+01	2026-09-04T17:19:55.502625	0.00000000e+00	1	19	8.77380000e-06	1.51963000e-05	-6.00630000e-01	-1.52389000e-05
9.33184459e+01	2026-09-04T17:19:55.534743	0.00000000e+00	1	19	1.83105000e-05	1.22036000e-05	-5.50583000e-01	-1.21276000e-05
9.33264497e+01	2026-09-04T17:19:55.534743	0.00000000e+00	1	19	2.89202000e-05	9.93697000e-06	-5.00541000e-01	-9.79095000e-06
9.33539197e+01	2026-09-04T17:19:55.568811	0.00000000e+00	1	19	-2.55108000e-06	7.79108000e-06	-4.50470000e-01	-7.87924000e-06
9.33806967e+01	2026-09-04T17:19:55.584575	0.00000000e+00	1	19	1.03951000e-05	6.43220000e-06	-4.00467000e-01	-6.27548000e-06
9.34340084e+01	2026-09-04T17:19:55.646230	0.00000000e+00	1	19	7.34329000e-06	4.80150000e-06	-3.50398000e-01	-4.74493000e-06
9.34442562e+01	2026-09-04T17:19:55.658397	0.00000000e+00	1	19	3.91006000e-06	3.71680000e-06	-3.00345000e-01	-3.62548000e-06
9.34670199e+01	2026-09-04T17:19:55.677749	0.00000000e+00	1	19	5.43594000e-06	2.78198000e-06	-2.50293000e-01	-2.79320000e-06
9.34758695e+01	2026-09-04T17:19:55.677749	0.00000000e+00	1	19	1.64270000e-05	2.06904000e-06	-2.00160000e-01	-1.98340000e-06
9.35256902e+01	2026-09-04T17:19:55.741496	0.00000000e+00	1	19	1.51634000e-05	1.36570000e-06	-1.50121000e-01	-1.35410000e-06
9.35646243e+01	2026-09-04T17:19:55.773173	0.00000000e+00	1	19	1.84774000e-05	8.74327000e-07	-1.00074000e-01	-8.82708000e-07
9.35889537e+01	2026-09-04T17:19:55.805088	0.00000000e+00	1	19	1.70469000e-05	4.22631000e-07	-5.00344000e-02	-4.28949000e-07
9.36256657e+01	2026-09-04T17:19:55.836882	0.00000000e+00	1	19	1.21832000e-05	-1.49667000e-10	-1.17302000e-05	-9.77039000e-11
9.66593412e+01	2026-09-04T17:19:58.871419	0.00000000e+00	1	20	3.55244000e-06	-2.69353000e-10	-1.65939000e-05	3.58474000e-10
9.66854782e+01	2026-09-04T17:19:58.900867	0.00000000e+00	1	20	5.36442000e-06	3.16211000e-06	-5.00331000e-02	-3.14930000e-06
9.67153869e+01	2026-09-04T17:19:58.930610	0.00000000e+00	1	20	-1.19209000e-07	6.40008000e-06	-1.00079000e-01	-6.38657000e-06
9.67460935e+01	2026-09-04T17:19:58.962413	0.00000000e+00	1	20	4.72069000e-06	9.69760000e-06	-1.50118000e-01	-9.67767000e-06
9.67551698e+01	2026-09-04T17:19:58.962413	0.00000000e+00	1	20	-4.59909000e-05	1.28306000e-05	-2.00121000e-01	-1.28701000e-05
9.67755335e+01	2026-09-04T17:19:58.991935	0.00000000e+00	1	20	3.38554000e-06	1.64324000e-05	-2.50302000e-01	-1.63679000e-05
9.68088896e+01	2026-09-04T17:19:59.015764	0.00000000e+00	1	20	5.26905000e-06	2.03118000e-05	-3.00354000e-01	-2.03449000e-05
9.68312185e+01	2026-09-04T17:19:59.041920	0.00000000e+00	1	20	1.40667000e-06	2.42870000e-05	-3.50401000e-01	-2.42137000e-05
9.68399771e+01	2026-09-04T17:19:59.041920	0.00000000e+00	1	20	8.32081000e-06	2.89139000e-05	-4.00487000e-01	-2.91043000e-05
9.68893995e+01	2026-09-04T17:19:59.105876	0.00000000e+00	1	20	1.03951000e-05	3.33661000e-05	-4.50485000e-01	-3.33760000e-05
9.68972432e+01	2026-09-04T17:19:59.105876	0.00000000e+00	1	20	5.81741000e-06	3.81813000e-05	-5.00523000e-01	-3.84741000e-05
9.69214432e+01	2026-09-04T17:19:59.137093	0.00000000e+00	1	20	1.22786000e-05	4.22489000e-05	-5.50555000e-01	-4.19789000e-05
9.69528597e+01	2026-09-04T17:19:59.169093	0.00000000e+00	1	20	1.10149000e-05	4.71877000e-05	-6.00630000e-01	-4.71052000e-05
9.69609122e+01	2026-09-04T17:19:59.169093	0.00000000e+00	1	20	1.02997000e-05	5.32766000e-05	-6.50616000e-01	-5.37565000e-05
9.69965649e+01	2026-09-04T17:19:59.213116	0.00000000e+00	1	20	7.51019000e-06	5.81412000e-05	-7.00703000e-01	-5.81751000e-05
9.70166587e+01	2026-09-04T17:19:59.232110	0.00000000e+00	1	20	9.58443000e-06	6.62694000e-05	-7.50746000e-01	-6.63111000e-05
9.70373232e+01	2026-09-04T17:19:59.248210	0.00000000e+00	1	20	1.08480000e-05	7.40406000e-05	-8.00797000e-01	-7.26827000e-05
9.70467153e+01	2026-09-04T17:19:59.248210	0.00000000e+00	1	20	5.17368000e-06	7.86778000e-05	-8.50798000e-01	-7.48889000e-05
9.71085942e+01	2026-09-04T17:19:59.323208	0.00000000e+00	1	20	1.11103000e-05	7.14111000e-05	-9.00861000e-01	-7.74399000e-05
9.71322712e+01	2026-09-04T17:19:59.343149	0.00000000e+00	1	20	7.70092000e-06	8.51157000e-05	-9.50904000e-01	-8.63558000e-05
9.71405751e+01	2026-09-04T17:19:59.343149	0.00000000e+00	1	20	9.67979000e-06	8.90746000e-05	-1.00093000e+00	-8.73357000e-05
9.71662435e+01	2026-09-04T17:19:59.374857	0.00000000e+00	1	20	3.38554000e-06	8.73128000e-05	-1.05097000e+00	-8.60033000e-05
9.71887117e+01	2026-09-04T17:19:59.394164	0.00000000e+00	1	20	1.45197000e-05	8.97536000e-05	-1.10104000e+00	-6.04315000e-05
9.72117844e+01	2026-09-04T17:19:59.422272	0.00000000e+00	1	20	1.33514000e-05	6.35066000e-05	-1.15110000e+00	-6.30290000e-05
9.72200526e+01	2026-09-04T17:19:59.422272	0.00000000e+00	1	20	7.96318000e-06	6.86802000e-05	-1.20110000e+00	-6.77691000e-05
9.72570959e+01	2026-09-04T17:19:59.472196	0.00000000e+00	1	20	5.62668000e-06	7.59225000e-05	-1.25116000e+00	-7.63321000e-05
9.72858350e+01	2026-09-04T17:19:59.501813	0.00000000e+00	1	20	1.02997000e-05	8.77247000e-05	-1.30118000e+00	-8.72561000e-05
9.72945428e+01	2026-09-04T17:19:59.501813	0.00000000e+00	1	20	8.41618000e-06	9.60559000e-05	-1.35124000e+00	-9.81486000e-05
9.73175048e+01	2026-09-04T17:19:59.533905	0.00000000e+00	1	20	7.70092000e-06	1.09567000e-04	-1.40124000e+00	-1.10666000e-04
9.73479970e+01	2026-09-04T17:19:59.560317	0.00000000e+00	1	20	1.14679000e-05	1.23217000e-04	-1.45131000e+00	-1.23136000e-04
9.73691671e+01	2026-09-04T17:19:59.581821	0.00000000e+00	1	20	9.32217000e-06	1.33581000e-04	-1.50134000e+00	-1.31675000e-04
9.73771537e+01	2026-09-04T17:19:59.581821	0.00000000e+00	1	20	7.34329000e-06	1.44307000e-04	-1.55138000e+00	-1.45349000e-04
9.74014210e+01	2026-09-04T17:19:59.613718	0.00000000e+00	1	20	1.38998000e-05	1.57882000e-04	-1.60142000e+00	-1.58264000e-04
9.74296061e+01	2026-09-04T17:19:59.645266	0.00000000e+00	1	20	8.51154000e-06	1.76212000e-04	-1.65145000e+00	-1.74407000e-04
9.74374111e+01	2026-09-04T17:19:59.645266	0.00000000e+00	1	20	7.70092000e-06	1.91068000e-04	-1.70151000e+00	-1.91577000e-04
9.74709535e+01	2026-09-04T17:19:59.687084	0.00000000e+00	1	20	1.07527000e-05	2.19892000e-04	-1.75154000e+00	-2.13295000e-04
9.74918278e+01	2026-09-04T17:19:59.708540	0.00000000e+00	1	20	8.58307000e-06	2.36371000e-04	-1.80155000e+00	-2.35399000e-04
9.75136349e+01	2026-09-04T17:19:59.724388	0.00000000e+00	1	20	6.34193000e-06	2.51990000e-04	-1.85161000e+00	-2.52391000e-04
9.75212609e+01	2026-09-04T17:19:59.724388	0.00000000e+00	1	20	3.74317000e-06	2.77377000e-04	-1.90164000e+00	-2.81673000e-04
9.75526243e+01	2026-09-04T17:19:59.756386	0.00000000e+00	1	20	3.64780000e-06	3.02682000e-04	-1.95168000e+00	-3.01193000e-04
9.75768867e+01	2026-09-04T17:19:59.788444	0.00000000e+00	1	20	4.26769000e-06	3.35844000e-04	-2.00170000e+00	-3.38201000e-04
9.75837379e+01	2026-09-04T17:19:59.788444	0.00000000e+00	1	20	9.75132000e-06	3.37981000e-04	-2.00171000e+00	-3.39704000e-04
9.76046917e+01	2026-09-04T17:19:59.820431	0.00000000e+00	1	20	7.15256000e-06	3.01145000e-04	-1.95168000e+00	-3.03571000e-04
9.76366205e+01	2026-09-04T17:19:59.852485	0.00000000e+00	1	20	6.98566000e-06	2.76101000e-04	-1.90164000e+00	-2.75185000e-04
9.76443870e+01	2026-09-04T17:19:59.852485	0.00000000e+00	1	20	-4.76837000e-08	2.52006000e-04	-1.85160000e+00	-2.54502000e-04
9.76523650e+01	2026-09-04T17:19:59.868479	0.00000000e+00	1	20	8.77380000e-06	2.36430000e-04	-1.80155000e+00	-2.36400000e-04
9.76869797e+01	2026-09-04T17:19:59.902337	0.00000000e+00	1	20	2.38419000e-07	2.24064000e-04	-1.75153000e+00	-2.23572000e-04
9.77162785e+01	2026-09-04T17:19:59.932147	0.00000000e+00	1	20	7.62939000e-07	2.10069000e-04	-1.70147000e+00	-2.08636000e-04
9.77240530e+01	2026-09-04T17:19:59.932147	0.00000000e+00	1	20	3.38554000e-06	1.94574000e-04	-1.65148000e+00	-1.94920000e-04
9.77479170e+01	2026-09-04T17:19:59.964252	0.00000000e+00	1	20	7.24792000e-06	1.77804000e-04	-1.60140000e+00	-1.79593000e-04
9.77795511e+01	2026-09-04T17:19:59.996456	0.00000000e+00	1	20	1.00374000e-05	1.65893000e-04	-1.55142000e+00	-1.65325000e-04
9.77874056e+01	2026-09-04T17:19:59.996456	0.00000000e+00	1	20	6.79493000e-06	1.52819000e-04	-1.50134000e+00	-1.52319000e-04
9.77949160e+01	2026-09-04T17:20:00.011687	0.00000000e+00	1	20	3.64780000e-06	1.39121000e-04	-1.45133000e+00	-1.39374000e-04
9.78447585e+01	2026-09-04T17:20:00.059256	0.00000000e+00	1	20	6.53267000e-06	1.26028000e-04	-1.40126000e+00	-1.26616000e-04
9.78538386e+01	2026-09-04T17:20:00.065425	0.00000000e+00	1	20	3.55244000e-06	1.16021000e-04	-1.35126000e+00	-1.16063000e-04
9.78784171e+01	2026-09-04T17:20:00.090988	0.00000000e+00	1	20	3.09944000e-07	1.05948000e-04	-1.30119000e+00	-1.05832000e-04
9.78861570e+01	2026-09-04T17:20:00.090988	0.00000000e+00	1	20	5.62668000e-06	9.62668000e-05	-1.25116000e+00	-9.64933000e-05
9.79096072e+01	2026-09-04T17:20:00.126550	0.00000000e+00	1	20	7.34329000e-06	8.69716000e-05	-1.20110000e+00	-8.65040000e-05
9.79355857e+01	2026-09-04T17:20:00.147553	0.00000000e+00	1	20	8.22544000e-06	7.84239000e-05	-1.15107000e+00	-7.80148000e-05
9.79587248e+01	2026-09-04T17:20:00.170464	0.00000000e+00	1	20	4.45843000e-06	7.05451000e-05	-1.10104000e+00	-7.04108000e-05
9.79669356e+01	2026-09-04T17:20:00.170464	0.00000000e+00	1	20	1.48773000e-05	6.25883000e-05	-1.05097000e+00	-6.25676000e-05
9.79974357e+01	2026-09-04T17:20:00.207814	0.00000000e+00	1	20	5.26905000e-06	5.48220000e-05	-1.00094000e+00	-5.54475000e-05
9.80220649e+01	2026-09-04T17:20:00.233819	0.00000000e+00	1	20	1.22786000e-05	4.78457000e-05	-9.50908000e-01	-4.77130000e-05
9.80300570e+01	2026-09-04T17:20:00.244492	0.00000000e+00	1	20	6.79493000e-06	4.15150000e-05	-9.00872000e-01	-4.13882000e-05
9.80499892e+01	2026-09-04T17:20:00.265798	0.00000000e+00	1	20	8.22544000e-06	3.52772000e-05	-8.50832000e-01	-3.53562000e-05
9.80838920e+01	2026-09-04T17:20:00.297812	0.00000000e+00	1	20	1.02997000e-05	2.99784000e-05	-8.00801000e-01	-3.01493000e-05
9.80974901e+01	2026-09-04T17:20:00.313685	0.00000000e+00	1	20	7.24792000e-06	2.52199000e-05	-7.50750000e-01	-2.51720000e-05
9.81195007e+01	2026-09-04T17:20:00.330192	0.00000000e+00	1	20	1.13726000e-05	2.13244000e-05	-7.00693000e-01	-2.11823000e-05
9.81401103e+01	2026-09-04T17:20:00.345712	0.00000000e+00	1	20	6.98566000e-06	1.74522000e-05	-6.50655000e-01	-1.74833000e-05
9.81774165e+01	2026-09-04T17:20:00.393282	0.00000000e+00	1	20	-1.38044000e-05	1.53231000e-05	-6.00617000e-01	-1.54411000e-05
9.81858320e+01	2026-09-04T17:20:00.393282	0.00000000e+00	1	20	1.21832000e-05	1.31955000e-05	-5.50566000e-01	-1.29122000e-05
9.82096475e+01	2026-09-04T17:20:00.425446	0.00000000e+00	1	20	1.26362000e-05	1.04047000e-05	-5.00545000e-01	-1.05197000e-05
9.82368918e+01	2026-09-04T17:20:00.451639	0.00000000e+00	1	20	2.12669000e-05	8.50059000e-06	-4.50473000e-01	-8.34957000e-06
9.82571994e+01	2026-09-04T17:20:00.473267	0.00000000e+00	1	20	1.57356000e-06	6.70067000e-06	-4.00459000e-01	-6.70312000e-06
9.82649834e+01	2026-09-04T17:20:00.473267	0.00000000e+00	1	20	-2.55108000e-06	5.22627000e-06	-3.50403000e-01	-5.31934000e-06
9.82894398e+01	2026-09-04T17:20:00.505237	0.00000000e+00	1	20	7.51019000e-06	3.93685000e-06	-3.00368000e-01	-3.85301000e-06
9.83210331e+01	2026-09-04T17:20:00.536971	0.00000000e+00	1	20	6.98566000e-06	2.87101000e-06	-2.50307000e-01	-2.87435000e-06
9.83293814e+01	2026-09-04T17:20:00.536971	0.00000000e+00	1	20	7.70092000e-06	2.05774000e-06	-2.00162000e-01	-2.04671000e-06
9.83530935e+01	2026-09-04T17:20:00.569002	0.00000000e+00	1	20	4.62532000e-06	1.30547000e-06	-1.50123000e-01	-1.33852000e-06
9.83848263e+01	2026-09-04T17:20:00.600886	0.00000000e+00	1	20	2.93255000e-06	8.07068000e-07	-1.00079000e-01	-8.00872000e-07
9.83977902e+01	2026-09-04T17:20:00.600886	0.00000000e+00	1	20	7.60555000e-06	3.82951000e-07	-5.00310000e-02	-3.85815000e-07
9.84350457e+01	2026-09-04T17:20:00.649006	0.00000000e+00	1	20	3.09944000e-06	5.30601000e-11	-2.16246000e-05	5.76019000e-11
1.01573417e+02	2026-09-04T17:20:03.788405	0.00000000e+00	1	21	1.70469000e-05	-1.40541000e-08	-4.62532000e-06	1.75754000e-08
1.01582151e+02	2026-09-04T17:20:03.788405	0.00000000e+00	1	21	-3.59297000e-05	4.84447000e-05	-4.99819000e-02	-4.83914000e-05
1.01615442e+02	2026-09-04T17:20:03.832150	0.00000000e+00	1	21	8.51154000e-06	1.01255000e-04	-1.00078000e-01	-1.01101000e-04
1.01634048e+02	2026-09-04T17:20:03.838657	0.00000000e+00	1	21	6.69956000e-06	1.60615000e-04	-1.50117000e-01	-1.60480000e-04
1.01660557e+02	2026-09-04T17:20:03.872367	0.00000000e+00	1	21	4.45843000e-06	2.26724000e-04	-2.00155000e-01	-2.26605000e-04
1.01690012e+02	2026-09-04T17:20:03.904513	0.00000000e+00	1	21	3.45707000e-06	2.98105000e-04	-2.50298000e-01	-2.98090000e-04
1.01723070e+02	2026-09-04T17:20:03.937831	0.00000000e+00	1	21	5.72205000e-06	3.73139000e-04	-3.00359000e-01	-3.73193000e-04
1.01747642e+02	2026-09-04T17:20:03.964019	0.00000000e+00	1	21	6.91414000e-07	4.51769000e-04	-3.50386000e-01	-4.51399000e-04
1.01757117e+02	2026-09-04T17:20:03.964019	0.00000000e+00	1	21	6.91414000e-07	5.28365000e-04	-4.00467000e-01	-5.28467000e-04
1.01781671e+02	2026-09-04T17:20:03.996173	0.00000000e+00	1	21	9.58443000e-06	6.09266000e-04	-4.50456000e-01	-6.08443000e-04
1.01811818e+02	2026-09-04T17:20:04.027650	0.00000000e+00	1	21	-2.45571000e-06	6.80921000e-04	-5.00521000e-01	-6.79363000e-04
1.01820568e+02	2026-09-04T17:20:04.027650	0.00000000e+00	1	21	3.09944000e-07	7.49910000e-04	-5.50575000e-01	-7.48631000e-04
1.01842820e+02	2026-09-04T17:20:04.059236	0.00000000e+00	1	21	8.58307000e-06	7.58968000e-04	-6.00640000e-01	-7.48693000e-04
1.01884928e+02	2026-09-04T17:20:04.091161	0.00000000e+00	1	21	1.47820000e-06	3.75000000e-04	-6.50665000e-01	-3.70864000e-04
1.01912138e+02	2026-09-04T17:20:04.122889	0.00000000e+00	1	21	9.13143000e-06	4.11898000e-04	-7.00700000e-01	-4.08476000e-04
1.01920159e+02	2026-09-04T17:20:04.129157	0.00000000e+00	1	21	1.12057000e-05	4.35589000e-04	-7.50748000e-01	-4.24616000e-04
1.01970659e+02	2026-09-04T17:20:04.186644	0.00000000e+00	1	21	7.86781000e-06	3.80021000e-04	-8.00799000e-01	-3.76781000e-04
1.01979026e+02	2026-09-04T17:20:04.186644	0.00000000e+00	1	21	1.05619000e-05	3.57576000e-04	-8.50804000e-01	-3.46910000e-04
1.02002584e+02	2026-09-04T17:20:04.218275	0.00000000e+00	1	21	6.34193000e-06	3.05201000e-04	-9.00870000e-01	-2.87829000e-04
1.02039824e+02	2026-09-04T17:20:04.250139	0.00000000e+00	1	21	1.07527000e-05	2.33305000e-04	-9.50894000e-01	-2.37230000e-04
1.02066066e+02	2026-09-04T17:20:04.282292	0.00000000e+00	1	21	9.32217000e-06	2.34194000e-04	-1.00094000e+00	-2.28311000e-04
1.02074199e+02	2026-09-04T17:20:04.282292	0.00000000e+00	1	21	6.17504000e-06	2.49861000e-04	-1.05097000e+00	-2.43981000e-04
1.02102877e+02	2026-09-04T17:20:04.318030	0.00000000e+00	1	21	7.34329000e-06	2.08440000e-04	-1.10104000e+00	-2.06873000e-04
1.02130553e+02	2026-09-04T17:20:04.345823	0.00000000e+00	1	21	1.28269000e-05	2.31102000e-04	-1.15111000e+00	-2.22422000e-04
1.02138799e+02	2026-09-04T17:20:04.345823	0.00000000e+00	1	21	9.22680000e-06	2.29289000e-04	-1.20113000e+00	-2.29379000e-04
1.02167737e+02	2026-09-04T17:20:04.383825	0.00000000e+00	1	21	-7.62939000e-07	1.92180000e-04	-1.25117000e+00	-1.95123000e-04
1.02190845e+02	2026-09-04T17:20:04.404302	0.00000000e+00	1	21	-1.41621000e-05	2.40404000e-04	-1.30120000e+00	-2.28812000e-04
1.02215476e+02	2026-09-04T17:20:04.425967	0.00000000e+00	1	21	8.15392000e-06	2.21884000e-04	-1.35125000e+00	-2.21579000e-04
1.02224224e+02	2026-09-04T17:20:04.425967	0.00000000e+00	1	21	6.79493000e-06	2.30152000e-04	-1.40126000e+00	-2.08072000e-04
1.02285993e+02	2026-09-04T17:20:04.489393	0.00000000e+00	1	21	6.60419000e-06	2.12862000e-04	-1.45131000e+00	-2.26303000e-04
1.02295308e+02	2026-09-04T17:20:04.505401	0.00000000e+00	1	21	8.58307000e-06	2.41371000e-04	-1.50133000e+00	-2.24755000e-04
1.02302875e+02	2026-09-04T17:20:04.505401	0.00000000e+00	1	21	5.17368000e-06	1.91920000e-04	-1.55138000e+00	-1.81356000e-04
1.02359443e+02	2026-09-04T17:20:04.575583	0.00000000e+00	1	21	5.00679000e-07	1.92952000e-04	-1.60138000e+00	-1.94457000e-04
1.02384405e+02	2026-09-04T17:20:04.600837	0.00000000e+00	1	21	5.00679000e-06	1.90233000e-04	-1.65145000e+00	-1.88225000e-04
1.02392767e+02	2026-09-04T17:20:04.600837	0.00000000e+00	1	21	6.98566000e-06	2.00880000e-04	-1.70147000e+00	-1.99998000e-04
1.02400440e+02	2026-09-04T17:20:04.616940	0.00000000e+00	1	21	5.00679000e-07	2.16530000e-04	-1.75153000e+00	-2.19327000e-04
1.02428877e+02	2026-09-04T17:20:04.635144	0.00000000e+00	1	21	3.02792000e-06	2.31722000e-04	-1.80155000e+00	-2.31303000e-04
1.02452766e+02	2026-09-04T17:20:04.664866	0.00000000e+00	1	21	5.17368000e-06	2.54264000e-04	-1.85158000e+00	-2.58480000e-04
1.02460585e+02	2026-09-04T17:20:04.675172	0.00000000e+00	1	21	2.57492000e-06	2.82321000e-04	-1.90161000e+00	-2.82678000e-04
1.02480136e+02	2026-09-04T17:20:04.696051	0.00000000e+00	1	21	6.07967000e-06	3.27916000e-04	-1.95165000e+00	-3.20547000e-04
1.02517790e+02	2026-09-04T17:20:04.733797	0.00000000e+00	1	21	-2.28882000e-06	3.39610000e-04	-2.00168000e+00	-3.43261000e-04
1.02525775e+02	2026-09-04T17:20:04.736630	0.00000000e+00	1	21	1.57356000e-06	3.39072000e-04	-2.00168000e+00	-3.41823000e-04
1.02570153e+02	2026-09-04T17:20:04.785451	0.00000000e+00	1	21	5.43594000e-06	3.17751000e-04	-1.95168000e+00	-3.21051000e-04
1.02594935e+02	2026-09-04T17:20:04.806573	0.00000000e+00	1	21	3.19481000e-06	2.86410000e-04	-1.90163000e+00	-2.84481000e-04
1.02602719e+02	2026-09-04T17:20:04.806573	0.00000000e+00	1	21	8.15392000e-06	2.65267000e-04	-1.85160000e+00	-2.66440000e-04
1.02622198e+02	2026-09-04T17:20:04.838333	0.00000000e+00	1	21	4.72069000e-06	2.47007000e-04	-1.80154000e+00	-2.48775000e-04
1.02666062e+02	2026-09-04T17:20:04.869278	0.00000000e+00	1	21	1.02997000e-05	2.26735000e-04	-1.75153000e+00	-2.27947000e-04
1.02674030e+02	2026-09-04T17:20:04.885106	0.00000000e+00	1	21	8.05855000e-06	2.12287000e-04	-1.70148000e+00	-2.12029000e-04
1.02683245e+02	2026-09-04T17:20:04.895488	0.00000000e+00	1	21	1.80244000e-05	1.95340000e-04	-1.65147000e+00	-1.95722000e-04
1.02719014e+02	2026-09-04T17:20:04.933229	0.00000000e+00	1	21	8.32081000e-06	1.79567000e-04	-1.60140000e+00	-1.79764000e-04
1.02748626e+02	2026-09-04T17:20:04.964936	0.00000000e+00	1	21	5.98431000e-06	1.66981000e-04	-1.55139000e+00	-1.66547000e-04
1.02757400e+02	2026-09-04T17:20:04.964936	0.00000000e+00	1	21	1.01328000e-05	1.53941000e-04	-1.50133000e+00	-1.53732000e-04
1.02783960e+02	2026-09-04T17:20:04.996843	0.00000000e+00	1	21	6.43730000e-06	1.39667000e-04	-1.45132000e+00	-1.39895000e-04
1.02810297e+02	2026-09-04T17:20:05.026891	0.00000000e+00	1	21	9.22680000e-06	1.28263000e-04	-1.40126000e+00	-1.28482000e-04
1.02832382e+02	2026-09-04T17:20:05.044275	0.00000000e+00	1	21	1.04904000e-06	1.17023000e-04	-1.35128000e+00	-1.17121000e-04
1.02841258e+02	2026-09-04T17:20:05.044275	0.00000000e+00	1	21	6.60419000e-06	1.06388000e-04	-1.30119000e+00	-1.06146000e-04
1.02859549e+02	2026-09-04T17:20:05.076027	0.00000000e+00	1	21	6.79493000e-06	9.53737000e-05	-1.25117000e+00	-9.46008000e-05
1.02908151e+02	2026-09-04T17:20:05.123957	0.00000000e+00	1	21	1.30892000e-05	8.54371000e-05	-1.20112000e+00	-8.51942000e-05
1.02916930e+02	2026-09-04T17:20:05.123957	0.00000000e+00	1	21	4.26769000e-06	7.62692000e-05	-1.15110000e+00	-7.63593000e-05
1.02948878e+02	2026-09-04T17:20:05.155942	0.00000000e+00	1	21	1.47820000e-06	6.81892000e-05	-1.10101000e+00	-6.80587000e-05
1.02971950e+02	2026-09-04T17:20:05.187491	0.00000000e+00	1	21	8.05855000e-06	6.06146000e-05	-1.05097000e+00	-6.03903000e-05
1.02979750e+02	2026-09-04T17:20:05.187491	0.00000000e+00	1	21	1.14679000e-05	5.31103000e-05	-1.00096000e+00	-5.33288000e-05
1.03003629e+02	2026-09-04T17:20:05.219266	0.00000000e+00	1	21	8.15392000e-06	4.67696000e-05	-9.50902000e-01	-4.63657000e-05
1.03034370e+02	2026-09-04T17:20:05.251024	0.00000000e+00	1	21	1.47104000e-05	4.16455000e-05	-9.00880000e-01	-4.12700000e-05
1.03058012e+02	2026-09-04T17:20:05.271826	0.00000000e+00	1	21	1.31130000e-06	3.46905000e-05	-8.50799000e-01	-3.45595000e-05
1.03082803e+02	2026-09-04T17:20:05.298800	0.00000000e+00	1	21	1.15633000e-05	2.94585000e-05	-8.00788000e-01	-2.97130000e-05
1.03128411e+02	2026-09-04T17:20:05.341791	0.00000000e+00	1	21	1.26362000e-05	2.53737000e-05	-7.50733000e-01	-2.51172000e-05
1.03150687e+02	2026-09-04T17:20:05.362580	0.00000000e+00	1	21	1.19209000e-05	2.14751000e-05	-7.00699000e-01	-2.12571000e-05
1.03159007e+02	2026-09-04T17:20:05.362580	0.00000000e+00	1	21	8.77380000e-06	1.79159000e-05	-6.50647000e-01	-1.78689000e-05
1.03183285e+02	2026-09-04T17:20:05.394498	0.00000000e+00	1	21	2.31504000e-05	1.47728000e-05	-6.00630000e-01	-1.46967000e-05
1.03210214e+02	2026-09-04T17:20:05.425631	0.00000000e+00	1	21	1.72377000e-05	1.23519000e-05	-5.50582000e-01	-1.23775000e-05
1.03218312e+02	2026-09-04T17:20:05.425631	0.00000000e+00	1	21	-2.40564000e-05	1.00206000e-05	-5.00555000e-01	-9.86177000e-06
1.03247542e+02	2026-09-04T17:20:05.462033	0.00000000e+00	1	21	1.12057000e-05	7.84558000e-06	-4.50474000e-01	-7.77505000e-06
1.03270311e+02	2026-09-04T17:20:05.487212	0.00000000e+00	1	21	7.70092000e-06	6.12197000e-06	-4.00462000e-01	-5.96357000e-06
1.03305255e+02	2026-09-04T17:20:05.521129	0.00000000e+00	1	21	5.43594000e-06	4.59798000e-06	-3.50385000e-01	-4.63649000e-06
1.03314334e+02	2026-09-04T17:20:05.521129	0.00000000e+00	1	21	1.01328000e-05	3.55753000e-06	-3.00368000e-01	-3.51225000e-06
1.03341284e+02	2026-09-04T17:20:05.552629	0.00000000e+00	1	21	1.20163000e-05	2.53801000e-06	-2.50308000e-01	-2.54503000e-06
1.03369648e+02	2026-09-04T17:20:05.583975	0.00000000e+00	1	21	1.04904000e-05	1.78213000e-06	-2.00166000e-01	-1.78366000e-06
1.03377992e+02	2026-09-04T17:20:05.588398	0.00000000e+00	1	21	5.62668000e-06	1.22048000e-06	-1.50122000e-01	-1.20802000e-06
1.03399730e+02	2026-09-04T17:20:05.615701	0.00000000e+00	1	21	8.51154000e-06	7.28554000e-07	-1.00072000e-01	-7.15465000e-07
1.03419806e+02	2026-09-04T17:20:05.631424	0.00000000e+00	1	21	1.25408000e-05	3.48222000e-07	-5.00356000e-02	-3.47090000e-07
1.03461470e+02	2026-09-04T17:20:05.674027	0.00000000e+00	1	21	7.34329000e-06	-1.02091000e-10	-1.71423000e-05	-1.10388000e-10
1.06778186e+02	2026-09-04T17:20:08.993782	0.00000000e+00	1	22	6.69956000e-06	-4.81844000e-10	-1.77622000e-05	1.21915000e-09
1.06807281e+02	2026-09-04T17:20:09.022264	0.00000000e+00	1	22	9.58443000e-06	4.79431000e-06	-5.00284000e-02	-4.80381000e-06
1.06829990e+02	2026-09-04T17:20:09.041410	0.00000000e+00	1	22	-2.59399000e-05	1.06975000e-05	-1.00041000e-01	-1.10064000e-05
1.06860737e+02	2026-09-04T17:20:09.073647	0.00000000e+00	1	22	1.03951000e-05	1.92793000e-05	-1.50124000e-01	-1.92619000e-05
1.06899609e+02	2026-09-04T17:20:09.115927	0.00000000e+00	1	22	1.26362000e-05	3.20688000e-05	-2.00161000e-01	-3.21396000e-05
1.06921135e+02	2026-09-04T17:20:09.137685	0.00000000e+00	1	22	6.43730000e-06	5.08424000e-05	-2.50306000e-01	-5.11273000e-05
1.06929696e+02	2026-09-04T17:20:09.137685	0.00000000e+00	1	22	8.67844000e-06	7.95196000e-05	-3.00346000e-01	-7.89490000e-05
1.06953646e+02	2026-09-04T17:20:09.168881	0.00000000e+00	1	22	9.94205000e-06	1.06020000e-04	-3.50389000e-01	-1.02805000e-04
1.06982188e+02	2026-09-04T17:20:09.198437	0.00000000e+00	1	22	8.58307000e-06	1.22193000e-04	-4.00472000e-01	-1.19848000e-04
1.07005245e+02	2026-09-04T17:20:09.216566	0.00000000e+00	1	22	1.39952000e-05	1.27406000e-04	-4.50466000e-01	-1.24236000e-04
1.07020740e+02	2026-09-04T17:20:09.232423	0.00000000e+00	1	22	1.00374000e-05	1.13913000e-04	-5.00542000e-01	-1.04509000e-04
1.07064053e+02	2026-09-04T17:20:09.280395	0.00000000e+00	1	22	1.22786000e-05	1.05558000e-04	-5.50568000e-01	-1.04645000e-04
1.07072334e+02	2026-09-04T17:20:09.280395	0.00000000e+00	1	22	9.39369000e-06	1.04790000e-04	-6.00612000e-01	-1.02937000e-04
1.07104340e+02	2026-09-04T17:20:09.320034	0.00000000e+00	1	22	7.96318000e-06	3.29727000e-05	-6.50627000e-01	-3.48933000e-05
1.07128020e+02	2026-09-04T17:20:09.342764	0.00000000e+00	1	22	1.57833000e-05	3.75523000e-05	-7.00687000e-01	-3.40339000e-05
1.07142001e+02	2026-09-04T17:20:09.358479	0.00000000e+00	1	22	6.34193000e-06	3.71876000e-05	-7.50731000e-01	-3.88186000e-05
1.07162999e+02	2026-09-04T17:20:09.374303	0.00000000e+00	1	22	1.01328000e-05	4.56049000e-05	-8.00792000e-01	-4.47403000e-05
1.07171874e+02	2026-09-04T17:20:09.374303	0.00000000e+00	1	22	1.01328000e-05	4.18064000e-05	-8.50809000e-01	-4.12314000e-05
1.07221476e+02	2026-09-04T17:20:09.437589	0.00000000e+00	1	22	1.64986000e-05	4.16601000e-05	-9.00866000e-01	-4.17301000e-05
1.07230524e+02	2026-09-04T17:20:09.437589	0.00000000e+00	1	22	1.00374000e-05	5.22871000e-05	-9.50918000e-01	-5.33707000e-05
1.07254041e+02	2026-09-04T17:20:09.469119	0.00000000e+00	1	22	7.41482000e-06	5.75284000e-05	-1.00095000e+00	-5.70595000e-05
1.07281978e+02	2026-09-04T17:20:09.497905	0.00000000e+00	1	22	8.32081000e-06	5.86216000e-05	-1.05098000e+00	-5.62494000e-05
1.07305151e+02	2026-09-04T17:20:09.516397	0.00000000e+00	1	22	6.53267000e-06	6.85761000e-05	-1.10103000e+00	-6.42716000e-05
1.07315812e+02	2026-09-04T17:20:09.532323	0.00000000e+00	1	22	4.19617000e-06	6.75319000e-05	-1.15111000e+00	-6.40780000e-05
1.07363779e+02	2026-09-04T17:20:09.580049	0.00000000e+00	1	22	2.38419000e-06	7.24525000e-05	-1.20112000e+00	-7.23625000e-05
1.07371764e+02	2026-09-04T17:20:09.580049	0.00000000e+00	1	22	1.02043000e-05	8.14841000e-05	-1.25116000e+00	-8.18004000e-05
1.07395897e+02	2026-09-04T17:20:09.611795	0.00000000e+00	1	22	1.17302000e-05	8.94962000e-05	-1.30119000e+00	-8.90615000e-05
1.07435137e+02	2026-09-04T17:20:09.643734	0.00000000e+00	1	22	3.19481000e-06	9.92002000e-05	-1.35126000e+00	-9.91975000e-05
1.07448983e+02	2026-09-04T17:20:09.659698	0.00000000e+00	1	22	2.12193000e-06	1.07721000e-04	-1.40129000e+00	-1.07367000e-04
1.07487259e+02	2026-09-04T17:20:09.701939	0.00000000e+00	1	22	8.67844000e-06	1.20473000e-04	-1.45134000e+00	-1.20847000e-04
1.07538152e+02	2026-09-04T17:20:09.754424	0.00000000e+00	1	22	3.83854000e-06	1.31148000e-04	-1.50135000e+00	-1.32367000e-04
1.07546693e+02	2026-09-04T17:20:09.754424	0.00000000e+00	1	22	6.34193000e-06	1.45234000e-04	-1.55142000e+00	-1.45099000e-04
1.07570682e+02	2026-09-04T17:20:09.786338	0.00000000e+00	1	22	4.00543000e-06	1.64229000e-04	-1.60138000e+00	-1.65715000e-04
1.07602486e+02	2026-09-04T17:20:09.818247	0.00000000e+00	1	22	1.43051000e-07	1.84916000e-04	-1.65146000e+00	-1.83933000e-04
1.07611172e+02	2026-09-04T17:20:09.818247	0.00000000e+00	1	22	2.12193000e-06	1.95215000e-04	-1.70150000e+00	-1.95012000e-04
1.07627972e+02	2026-09-04T17:20:09.840263	0.00000000e+00	1	22	8.32081000e-06	2.19973000e-04	-1.75152000e+00	-2.17132000e-04
1.07663009e+02	2026-09-04T17:20:09.879865	0.00000000e+00	1	22	4.36306000e-06	2.34970000e-04	-1.80154000e+00	-2.32579000e-04
1.07706831e+02	2026-09-04T17:20:09.922866	0.00000000e+00	1	22	6.60419000e-06	2.61736000e-04	-1.85161000e+00	-2.60348000e-04
1.07729809e+02	2026-09-04T17:20:09.945544	0.00000000e+00	1	22	3.45707000e-06	3.05741000e-04	-1.90165000e+00	-3.06271000e-04
1.07738164e+02	2026-09-04T17:20:09.945544	0.00000000e+00	1	22	8.67844000e-06	3.25628000e-04	-1.95166000e+00	-3.27961000e-04
1.07761575e+02	2026-09-04T17:20:09.977486	0.00000000e+00	1	22	1.21593000e-06	3.53911000e-04	-2.00172000e+00	-3.69416000e-04
1.07783088e+02	2026-09-04T17:20:09.996234	0.00000000e+00	1	22	-5.07832000e-06	3.55862000e-04	-2.00171000e+00	-3.60465000e-04
1.07810345e+02	2026-09-04T17:20:10.025340	0.00000000e+00	1	22	1.40667000e-06	3.44878000e-04	-1.95166000e+00	-3.43825000e-04
1.07818025e+02	2026-09-04T17:20:10.029089	0.00000000e+00	1	22	1.85966000e-06	3.20010000e-04	-1.90162000e+00	-3.18913000e-04
1.07841161e+02	2026-09-04T17:20:10.057053	0.00000000e+00	1	22	4.91142000e-06	3.05184000e-04	-1.85161000e+00	-2.97511000e-04
1.07866543e+02	2026-09-04T17:20:10.081414	0.00000000e+00	1	22	3.38554000e-06	2.77791000e-04	-1.80154000e+00	-2.76604000e-04
1.07890209e+02	2026-09-04T17:20:10.104605	0.00000000e+00	1	22	3.55244000e-06	2.58010000e-04	-1.75153000e+00	-2.58104000e-04
1.07898426e+02	2026-09-04T17:20:10.115233	0.00000000e+00	1	22	-1.19209000e-07	2.34564000e-04	-1.70147000e+00	-2.35639000e-04
1.07920704e+02	2026-09-04T17:20:10.136910	0.00000000e+00	1	22	7.70092000e-06	2.20364000e-04	-1.65146000e+00	-2.19224000e-04
1.07966800e+02	2026-09-04T17:20:10.168487	0.00000000e+00	1	22	5.00679000e-06	2.01807000e-04	-1.60140000e+00	-2.01434000e-04
1.08017507e+02	2026-09-04T17:20:10.232523	0.00000000e+00	1	22	5.98431000e-06	1.87222000e-04	-1.55140000e+00	-1.85789000e-04
1.08039548e+02	2026-09-04T17:20:10.251206	0.00000000e+00	1	22	-5.72205000e-07	1.71718000e-04	-1.50134000e+00	-1.71255000e-04
1.08047582e+02	2026-09-04T17:20:10.264330	0.00000000e+00	1	22	-5.07832000e-06	1.57847000e-04	-1.45132000e+00	-1.57268000e-04
1.08109510e+02	2026-09-04T17:20:10.322673	0.00000000e+00	1	22	-7.62939000e-07	1.43973000e-04	-1.40127000e+00	-1.43311000e-04
1.08132637e+02	2026-09-04T17:20:10.343610	0.00000000e+00	1	22	-9.29832000e-07	1.31776000e-04	-1.35125000e+00	-1.31551000e-04
1.08148984e+02	2026-09-04T17:20:10.359254	0.00000000e+00	1	22	1.12057000e-06	1.20424000e-04	-1.30119000e+00	-1.19901000e-04
1.08190604e+02	2026-09-04T17:20:10.406875	0.00000000e+00	1	22	4.81606000e-06	1.07925000e-04	-1.25116000e+00	-1.08073000e-04
1.08198976e+02	2026-09-04T17:20:10.406875	0.00000000e+00	1	22	-3.09944000e-06	9.81305000e-05	-1.20109000e+00	-9.85159000e-05
1.08222862e+02	2026-09-04T17:20:10.438458	0.00000000e+00	1	22	-3.81470000e-06	8.88842000e-05	-1.15109000e+00	-8.90340000e-05
1.08254757e+02	2026-09-04T17:20:10.470663	0.00000000e+00	1	22	-3.81470000e-06	7.93223000e-05	-1.10104000e+00	-7.92352000e-05
1.08263011e+02	2026-09-04T17:20:10.470663	0.00000000e+00	1	22	-2.90871000e-06	7.10791000e-05	-1.05096000e+00	-7.08753000e-05
1.08286751e+02	2026-09-04T17:20:10.502618	0.00000000e+00	1	22	-3.81470000e-06	6.24444000e-05	-1.00096000e+00	-6.27405000e-05
1.08325349e+02	2026-09-04T17:20:10.534730	0.00000000e+00	1	22	7.60555000e-06	5.52569000e-05	-9.50924000e-01	-5.51023000e-05
1.08350524e+02	2026-09-04T17:20:10.566398	0.00000000e+00	1	22	2.38419000e-06	4.85416000e-05	-9.00871000e-01	-4.83325000e-05
1.08358740e+02	2026-09-04T17:20:10.566398	0.00000000e+00	1	22	5.17368000e-06	4.20850000e-05	-8.50805000e-01	-4.18395000e-05
1.08383335e+02	2026-09-04T17:20:10.598043	0.00000000e+00	1	22	-1.66893000e-06	3.66088000e-05	-8.00806000e-01	-3.65969000e-05
1.08410890e+02	2026-09-04T17:20:10.627385	0.00000000e+00	1	22	4.36306000e-06	3.13072000e-05	-7.50730000e-01	-3.13392000e-05
1.08433712e+02	2026-09-04T17:20:10.645226	0.00000000e+00	1	22	5.96046000e-07	2.73538000e-05	-7.00716000e-01	-2.72999000e-05
1.08441543e+02	2026-09-04T17:20:10.645226	0.00000000e+00	1	22	2.57492000e-06	2.31835000e-05	-6.50635000e-01	-2.30726000e-05
1.08461199e+02	2026-09-04T17:20:10.677113	0.00000000e+00	1	22	3.02792000e-06	1.94354000e-05	-6.00642000e-01	-1.90487000e-05
1.08508385e+02	2026-09-04T17:20:10.724755	0.00000000e+00	1	22	4.72069000e-06	1.57214000e-05	-5.50569000e-01	-1.57513000e-05
1.08516256e+02	2026-09-04T17:20:10.724755	0.00000000e+00	1	22	8.58307000e-07	1.33889000e-05	-5.00534000e-01	-1.30616000e-05
1.08524161e+02	2026-09-04T17:20:10.740745	0.00000000e+00	1	22	-1.57356000e-06	1.05206000e-05	-4.50480000e-01	-1.05921000e-05
1.08581451e+02	2026-09-04T17:20:10.788113	0.00000000e+00	1	22	-2.28882000e-06	8.23592000e-06	-4.00492000e-01	-8.23055000e-06
1.08604102e+02	2026-09-04T17:20:10.820352	0.00000000e+00	1	22	-7.51019000e-06	6.74858000e-06	-3.50420000e-01	-6.70908000e-06
1.08612319e+02	2026-09-04T17:20:10.820352	0.00000000e+00	1	22	-2.09808000e-06	5.24282000e-06	-3.00371000e-01	-5.27516000e-06
1.08636699e+02	2026-09-04T17:20:10.851904	0.00000000e+00	1	22	2.38419000e-07	3.97126000e-06	-2.50329000e-01	-3.92494000e-06
1.08662184e+02	2026-09-04T17:20:10.876582	0.00000000e+00	1	22	2.47955000e-06	2.84053000e-06	-2.00160000e-01	-2.89963000e-06
1.08683483e+02	2026-09-04T17:20:10.899832	0.00000000e+00	1	22	-3.00407000e-06	2.15846000e-06	-1.50129000e-01	-2.17669000e-06
1.08712143e+02	2026-09-04T17:20:10.922993	0.00000000e+00	1	22	-1.19209000e-07	1.37576000e-06	-1.00082000e-01	-1.38021000e-06
1.08734384e+02	2026-09-04T17:20:10.947625	0.00000000e+00	1	22	1.04904000e-06	6.87672000e-07	-5.00389000e-02	-6.85181000e-07
1.08779630e+02	2026-09-04T17:20:10.994786	0.00000000e+00	1	22	1.93119000e-06	-1.89626000e-10	-1.86682000e-05	-4.07457000e-11
1.11942338e+02	2026-09-04T17:20:14.153067	0.00000000e+00	1	23	1.26362000e-05	-1.15200000e-09	-1.35422000e-05	2.12152000e-09
1.11950485e+02	2026-09-04T17:20:14.160838	0.00000000e+00	1	23	-2.83718000e-06	5.27278000e-06	-5.00388000e-02	-5.26560000e-06
1.12003428e+02	2026-09-04T17:20:14.218947	0.00000000e+00	1	23	-3.24965000e-05	1.14655000e-05	-1.00050000e-01	-1.16939000e-05
1.12031948e+02	2026-09-04T17:20:14.247743	0.00000000e+00	1	23	5.07832000e-06	1.97675000e-05	-1.50125000e-01	-1.97497000e-05
1.12040818e+02	2026-09-04T17:20:14.247743	0.00000000e+00	1	23	7.96318000e-06	3.10378000e-05	-2.00165000e-01	-3.09886000e-05
1.12064546e+02	2026-09-04T17:20:14.279726	0.00000000e+00	1	23	8.05855000e-06	4.69842000e-05	-2.50312000e-01	-4.69806000e-05
1.12095503e+02	2026-09-04T17:20:14.311513	0.00000000e+00	1	23	4.00543000e-06	6.93966000e-05	-3.00368000e-01	-6.78865000e-05
1.12103913e+02	2026-09-04T17:20:14.311513	0.00000000e+00	1	23	2.74181000e-06	6.41278000e-05	-3.50393000e-01	-6.13581000e-05
1.12127016e+02	2026-09-04T17:20:14.343170	0.00000000e+00	1	23	6.91414000e-07	5.70550000e-05	-4.00453000e-01	-5.49144000e-05
1.12152796e+02	2026-09-04T17:20:14.368931	0.00000000e+00	1	23	5.17368000e-06	5.02957000e-05	-4.50472000e-01	-5.07744000e-05
1.12180254e+02	2026-09-04T17:20:14.396620	0.00000000e+00	1	23	-2.45571000e-06	4.94345000e-05	-5.00541000e-01	-4.95828000e-05
1.12188359e+02	2026-09-04T17:20:14.396620	0.00000000e+00	1	23	1.55210000e-05	5.70797000e-05	-5.50580000e-01	-3.86378000e-05
1.12238806e+02	2026-09-04T17:20:14.454885	0.00000000e+00	1	23	4.36306000e-06	3.06843000e-05	-6.00639000e-01	-2.88608000e-05
1.12270880e+02	2026-09-04T17:20:14.486769	0.00000000e+00	1	23	6.79493000e-06	2.45784000e-05	-6.50666000e-01	-2.47745000e-05
1.12279444e+02	2026-09-04T17:20:14.486769	0.00000000e+00	1	23	7.70092000e-06	3.23146000e-05	-7.00703000e-01	-3.04078000e-05
1.12304340e+02	2026-09-04T17:20:14.518862	0.00000000e+00	1	23	3.55244000e-06	2.10942000e-05	-7.50748000e-01	-2.10074000e-05
1.12329355e+02	2026-09-04T17:20:14.539887	0.00000000e+00	1	23	5.43594000e-06	2.75986000e-05	-8.00798000e-01	-2.68900000e-05
1.12340764e+02	2026-09-04T17:20:14.554801	0.00000000e+00	1	23	8.96454000e-06	2.90410000e-05	-8.50826000e-01	-2.87955000e-05
1.12348636e+02	2026-09-04T17:20:14.561072	0.00000000e+00	1	23	9.94205000e-06	3.28864000e-05	-9.00883000e-01	-3.27777000e-05
1.12356921e+02	2026-09-04T17:20:14.567006	0.00000000e+00	1	23	1.03951000e-05	3.74092000e-05	-9.50896000e-01	-3.71254000e-05
1.12364505e+02	2026-09-04T17:20:14.567006	0.00000000e+00	1	23	1.30892000e-05	4.37476000e-05	-1.00096000e+00	-4.28494000e-05
1.12418584e+02	2026-09-04T17:20:14.629934	0.00000000e+00	1	23	7.60555000e-06	4.67903000e-05	-1.05098000e+00	-4.71073000e-05
1.12429978e+02	2026-09-04T17:20:14.645956	0.00000000e+00	1	23	1.12057000e-05	5.37360000e-05	-1.10103000e+00	-5.48293000e-05
1.12451545e+02	2026-09-04T17:20:14.662667	0.00000000e+00	1	23	7.51019000e-06	6.23865000e-05	-1.15108000e+00	-6.23019000e-05
1.12469106e+02	2026-09-04T17:20:14.678582	0.00000000e+00	1	23	5.17368000e-06	7.04066000e-05	-1.20111000e+00	-7.15190000e-05
1.12493190e+02	2026-09-04T17:20:14.709622	0.00000000e+00	1	23	6.60419000e-06	7.98579000e-05	-1.25118000e+00	-7.92451000e-05
1.12550770e+02	2026-09-04T17:20:14.757995	0.00000000e+00	1	23	1.01328000e-05	8.89941000e-05	-1.30121000e+00	-8.90411000e-05
1.12573877e+02	2026-09-04T17:20:14.790173	0.00000000e+00	1	23	2.21729000e-06	9.75907000e-05	-1.35125000e+00	-9.78993000e-05
1.12582060e+02	2026-09-04T17:20:14.790173	0.00000000e+00	1	23	1.91212000e-05	1.08487000e-04	-1.40127000e+00	-1.08637000e-04
1.12607295e+02	2026-09-04T17:20:14.821911	0.00000000e+00	1	23	8.86917000e-06	1.19915000e-04	-1.45131000e+00	-1.20893000e-04
1.12637898e+02	2026-09-04T17:20:14.854187	0.00000000e+00	1	23	5.26905000e-06	1.32306000e-04	-1.50137000e+00	-1.31844000e-04
1.12645674e+02	2026-09-04T17:20:14.854187	0.00000000e+00	1	23	1.30892000e-05	1.45793000e-04	-1.55141000e+00	-1.46638000e-04
1.12653310e+02	2026-09-04T17:20:14.870086	0.00000000e+00	1	23	1.01328000e-05	1.60998000e-04	-1.60141000e+00	-1.62758000e-04
1.12702092e+02	2026-09-04T17:20:14.918089	0.00000000e+00	1	23	8.77380000e-06	1.80730000e-04	-1.65148000e+00	-1.80845000e-04
1.12710043e+02	2026-09-04T17:20:14.918089	0.00000000e+00	1	23	1.22786000e-05	1.96622000e-04	-1.70149000e+00	-1.96608000e-04
1.12742544e+02	2026-09-04T17:20:14.950221	0.00000000e+00	1	23	7.24792000e-06	2.15044000e-04	-1.75154000e+00	-2.13649000e-04
1.12771006e+02	2026-09-04T17:20:14.981862	0.00000000e+00	1	23	7.15256000e-06	2.35102000e-04	-1.80155000e+00	-2.34051000e-04
1.12779027e+02	2026-09-04T17:20:14.981862	0.00000000e+00	1	23	7.60555000e-06	2.52985000e-04	-1.85161000e+00	-2.53097000e-04
1.12829650e+02	2026-09-04T17:20:15.045576	0.00000000e+00	1	23	4.19617000e-06	2.85777000e-04	-1.90165000e+00	-2.89070000e-04
1.12838026e+02	2026-09-04T17:20:15.053049	0.00000000e+00	1	23	1.05619000e-05	3.07242000e-04	-1.95169000e+00	-3.10324000e-04
1.12866853e+02	2026-09-04T17:20:15.077742	0.00000000e+00	1	23	2.12193000e-06	3.25586000e-04	-2.00169000e+00	-3.29519000e-04
1.12889796e+02	2026-09-04T17:20:15.094397	0.00000000e+00	1	23	9.67979000e-06	3.20234000e-04	-2.00167000e+00	-3.20210000e-04
1.12898501e+02	2026-09-04T17:20:15.110440	0.00000000e+00	1	23	1.13010000e-05	2.97331000e-04	-1.95169000e+00	-2.97647000e-04
1.12909210e+02	2026-09-04T17:20:15.125744	0.00000000e+00	1	23	6.17504000e-06	2.78358000e-04	-1.90165000e+00	-2.74364000e-04
1.12957236e+02	2026-09-04T17:20:15.173394	0.00000000e+00	1	23	5.36442000e-06	2.51872000e-04	-1.85163000e+00	-2.51036000e-04
1.12965426e+02	2026-09-04T17:20:15.173394	0.00000000e+00	1	23	1.09434000e-05	2.33043000e-04	-1.80154000e+00	-2.33874000e-04
1.12989317e+02	2026-09-04T17:20:15.205148	0.00000000e+00	1	23	9.32217000e-06	2.14612000e-04	-1.75153000e+00	-2.13338000e-04
1.13019485e+02	2026-09-04T17:20:15.231790	0.00000000e+00	1	23	5.00679000e-06	1.97842000e-04	-1.70148000e+00	-1.97846000e-04
1.13041711e+02	2026-09-04T17:20:15.253448	0.00000000e+00	1	23	1.58787000e-05	1.83138000e-04	-1.65148000e+00	-1.82448000e-04
1.13049646e+02	2026-09-04T17:20:15.253448	0.00000000e+00	1	23	1.43528000e-05	1.68611000e-04	-1.60143000e+00	-1.70475000e-04
1.13064520e+02	2026-09-04T17:20:15.275630	0.00000000e+00	1	23	3.29018000e-06	1.56499000e-04	-1.55140000e+00	-1.57316000e-04
1.13117781e+02	2026-09-04T17:20:15.334166	0.00000000e+00	1	23	1.18256000e-05	1.43252000e-04	-1.50134000e+00	-1.43814000e-04
1.13125559e+02	2026-09-04T17:20:15.334166	0.00000000e+00	1	23	1.43528000e-05	1.31714000e-04	-1.45134000e+00	-1.31091000e-04
1.13155035e+02	2026-09-04T17:20:15.365337	0.00000000e+00	1	23	7.70092000e-06	1.20830000e-04	-1.40126000e+00	-1.20588000e-04
1.13181682e+02	2026-09-04T17:20:15.397494	0.00000000e+00	1	23	8.41618000e-06	1.09286000e-04	-1.35127000e+00	-1.09857000e-04
1.13228622e+02	2026-09-04T17:20:15.445524	0.00000000e+00	1	23	1.40905000e-05	1.00040000e-04	-1.30119000e+00	-1.00399000e-04
1.13250647e+02	2026-09-04T17:20:15.461588	0.00000000e+00	1	23	1.80244000e-05	9.13933000e-05	-1.25116000e+00	-9.13618000e-05
1.13277971e+02	2026-09-04T17:20:15.493789	0.00000000e+00	1	23	1.46151000e-05	8.24421000e-05	-1.20113000e+00	-8.19195000e-05
1.13309555e+02	2026-09-04T17:20:15.525592	0.00000000e+00	1	23	9.94205000e-06	7.31802000e-05	-1.15110000e+00	-7.35668000e-05
1.13317282e+02	2026-09-04T17:20:15.525592	0.00000000e+00	1	23	1.09434000e-05	6.55352000e-05	-1.10104000e+00	-6.52911000e-05
1.13342856e+02	2026-09-04T17:20:15.557733	0.00000000e+00	1	23	1.51634000e-05	5.83488000e-05	-1.05098000e+00	-5.83737000e-05
1.13373014e+02	2026-09-04T17:20:15.589091	0.00000000e+00	1	23	5.43594000e-06	5.04130000e-05	-1.00098000e+00	-5.11000000e-05
1.13394131e+02	2026-09-04T17:20:15.604975	0.00000000e+00	1	23	7.86781000e-06	4.46232000e-05	-9.50899000e-01	-4.45936000e-05
1.13402760e+02	2026-09-04T17:20:15.604975	0.00000000e+00	1	23	1.51634000e-05	3.90540000e-05	-9.00883000e-01	-3.88021000e-05
1.13467315e+02	2026-09-04T17:20:15.679159	0.00000000e+00	1	23	1.09434000e-05	3.29676000e-05	-8.50805000e-01	-3.29090000e-05
1.13490030e+02	2026-09-04T17:20:15.700656	0.00000000e+00	1	23	6.24657000e-06	2.82767000e-05	-8.00805000e-01	-2.83030000e-05
1.13497625e+02	2026-09-04T17:20:15.700656	0.00000000e+00	1	23	1.25408000e-05	2.41511000e-05	-7.50741000e-01	-2.39798000e-05
1.13518641e+02	2026-09-04T17:20:15.732188	0.00000000e+00	1	23	9.58443000e-06	1.99736000e-05	-7.00702000e-01	-1.99659000e-05
1.13548783e+02	2026-09-04T17:20:15.764200	0.00000000e+00	1	23	1.07527000e-05	1.62707000e-05	-6.50626000e-01	-1.62455000e-05
1.13556998e+02	2026-09-04T17:20:15.773932	0.00000000e+00	1	23	1.04904000e-05	1.34603000e-05	-6.00621000e-01	-1.34785000e-05
1.13579960e+02	2026-09-04T17:20:15.795780	0.00000000e+00	1	23	6.98566000e-06	1.10942000e-05	-5.50559000e-01	-1.10636000e-05
1.13619307e+02	2026-09-04T17:20:15.827722	0.00000000e+00	1	23	7.34329000e-06	8.99263000e-06	-5.00543000e-01	-8.85886000e-06
1.13643968e+02	2026-09-04T17:20:15.859791	0.00000000e+00	1	23	9.84669000e-06	7.11419000e-06	-4.50460000e-01	-7.07672000e-06
1.13681487e+02	2026-09-04T17:20:15.892377	0.00000000e+00	1	23	1.12057000e-05	5.52375000e-06	-4.00461000e-01	-5.57727000e-06
1.13708007e+02	2026-09-04T17:20:15.924681	0.00000000e+00	1	23	1.01328000e-05	4.19433000e-06	-3.50412000e-01	-4.21592000e-06
1.13715814e+02	2026-09-04T17:20:15.924681	0.00000000e+00	1	23	8.15392000e-06	3.21422000e-06	-3.00368000e-01	-3.22363000e-06
1.13740001e+02	2026-09-04T17:20:15.955543	0.00000000e+00	1	23	8.77380000e-06	2.39757000e-06	-2.50325000e-01	-2.37542000e-06
1.13771858e+02	2026-09-04T17:20:15.987781	0.00000000e+00	1	23	1.29938000e-05	1.70931000e-06	-2.00168000e-01	-1.70523000e-06
1.13780399e+02	2026-09-04T17:20:15.987781	0.00000000e+00	1	23	8.67844000e-06	1.15793000e-06	-1.50135000e-01	-1.14868000e-06
1.13803891e+02	2026-09-04T17:20:16.019583	0.00000000e+00	1	23	6.98566000e-06	7.34205000e-07	-1.00086000e-01	-7.23680000e-07
1.13835773e+02	2026-09-04T17:20:16.051706	0.00000000e+00	1	23	5.43594000e-06	3.30792000e-07	-5.00497000e-02	-3.36495000e-07
1.13843968e+02	2026-09-04T17:20:16.051706	0.00000000e+00	1	23	6.53267000e-06	-1.58310000e-11	-1.88351000e-05	-1.67727000e-10
1.17092056e+02	2026-09-04T17:20:19.306881	0.00000000e+00	1	24	-2.14577000e-07	-6.99794000e-10	-9.29832000e-06	1.57758000e-09
1.17099970e+02	2026-09-04T17:20:19.306881	0.00000000e+00	1	24	-5.24521000e-06	2.77738000e-06	-5.00333000e-02	-2.77843000e-06
1.17139004e+02	2026-09-04T17:20:19.355070	0.00000000e+00	1	24	-5.07832000e-06	6.19613000e-06	-1.00077000e-01	-6.38551000e-06
1.17171734e+02	2026-09-04T17:20:19.386998	0.00000000e+00	1	24	-4.37498000e-05	7.39721000e-06	-1.50122000e-01	-7.58944000e-06
1.17192202e+02	2026-09-04T17:20:19.403095	0.00000000e+00	1	24	-7.15256000e-06	1.21827000e-05	-2.00130000e-01	-9.06633000e-06
1.17201978e+02	2026-09-04T17:20:19.403095	0.00000000e+00	1	24	-8.32081000e-06	1.46677000e-05	-2.50321000e-01	-1.37686000e-05
1.17231042e+02	2026-09-04T17:20:19.434934	0.00000000e+00	1	24	-1.47820000e-06	2.26813000e-05	-3.00370000e-01	-2.24054000e-05
1.17255545e+02	2026-09-04T17:20:19.467245	0.00000000e+00	1	24	-8.03471000e-06	3.49266000e-05	-3.50394000e-01	-3.44568000e-05
1.17275355e+02	2026-09-04T17:20:19.483115	0.00000000e+00	1	24	-1.83582000e-06	4.37383000e-05	-4.00468000e-01	-4.26359000e-05
1.17315401e+02	2026-09-04T17:20:19.531242	0.00000000e+00	1	24	-4.81606000e-06	4.80861000e-05	-4.50459000e-01	-4.70432000e-05
1.17323415e+02	2026-09-04T17:20:19.531242	0.00000000e+00	1	24	-4.62532000e-06	4.69263000e-05	-5.00541000e-01	-4.48718000e-05
1.17347467e+02	2026-09-04T17:20:19.562994	0.00000000e+00	1	24	-2.09808000e-06	3.91762000e-05	-5.50587000e-01	-3.87246000e-05
1.17378418e+02	2026-09-04T17:20:19.589663	0.00000000e+00	1	24	-2.55108000e-06	4.61402000e-05	-6.00626000e-01	-3.94638000e-05
1.17400321e+02	2026-09-04T17:20:19.611183	0.00000000e+00	1	24	-4.98295000e-06	5.37026000e-05	-6.50627000e-01	-4.95595000e-05
1.17408453e+02	2026-09-04T17:20:19.611183	0.00000000e+00	1	24	2.74181000e-06	5.02031000e-05	-7.00694000e-01	-4.84773000e-05
1.17443009e+02	2026-09-04T17:20:19.659818	0.00000000e+00	1	24	-4.62532000e-06	5.11943000e-05	-7.50748000e-01	-4.47553000e-05
1.17464635e+02	2026-09-04T17:20:19.675218	0.00000000e+00	1	24	1.93119000e-06	4.92133000e-05	-8.00814000e-01	-4.42861000e-05
1.17473025e+02	2026-09-04T17:20:19.675218	0.00000000e+00	1	24	-1.12057000e-06	4.71372000e-05	-8.50800000e-01	-4.34174000e-05
1.17523295e+02	2026-09-04T17:20:19.739372	0.00000000e+00	1	24	-2.74181000e-06	4.64069000e-05	-9.00886000e-01	-4.66604000e-05
1.17531713e+02	2026-09-04T17:20:19.739372	0.00000000e+00	1	24	-4.43459000e-06	4.56618000e-05	-9.50903000e-01	-4.67894000e-05
1.17555754e+02	2026-09-04T17:20:19.771090	0.00000000e+00	1	24	2.12193000e-06	5.30869000e-05	-1.00095000e+00	-5.35809000e-05
1.17587221e+02	2026-09-04T17:20:19.802855	0.00000000e+00	1	24	-2.83718000e-06	6.33791000e-05	-1.05097000e+00	-6.23390000e-05
1.17596214e+02	2026-09-04T17:20:19.802855	0.00000000e+00	1	24	-6.15120000e-06	6.36551000e-05	-1.10103000e+00	-6.27801000e-05
1.17618116e+02	2026-09-04T17:20:19.834137	0.00000000e+00	1	24	1.21593000e-06	8.91398000e-05	-1.15110000e+00	-7.71016000e-05
1.17660806e+02	2026-09-04T17:20:19.866962	0.00000000e+00	1	24	8.58307000e-07	7.70458000e-05	-1.20111000e+00	-7.77608000e-05
1.17682172e+02	2026-09-04T17:20:19.898222	0.00000000e+00	1	24	2.74181000e-06	8.40033000e-05	-1.25118000e+00	-8.37204000e-05
1.17690014e+02	2026-09-04T17:20:19.898222	0.00000000e+00	1	24	-4.76837000e-07	9.36266000e-05	-1.30120000e+00	-9.33766000e-05
1.17697598e+02	2026-09-04T17:20:19.914184	0.00000000e+00	1	24	-3.09944000e-07	9.92544000e-05	-1.35125000e+00	-9.76419000e-05
1.17735942e+02	2026-09-04T17:20:19.946310	0.00000000e+00	1	24	3.64780000e-06	1.09924000e-04	-1.40127000e+00	-1.09840000e-04
1.17762812e+02	2026-09-04T17:20:19.978661	0.00000000e+00	1	24	2.02656000e-06	1.22985000e-04	-1.45132000e+00	-1.24071000e-04
1.17826701e+02	2026-09-04T17:20:20.042489	0.00000000e+00	1	24	-4.05312000e-07	1.36314000e-04	-1.50135000e+00	-1.36472000e-04
1.17834944e+02	2026-09-04T17:20:20.042489	0.00000000e+00	1	24	4.26769000e-06	1.47487000e-04	-1.55141000e+00	-1.49776000e-04
1.17858655e+02	2026-09-04T17:20:20.075035	0.00000000e+00	1	24	1.12057000e-06	1.66551000e-04	-1.60142000e+00	-1.64897000e-04
1.17890649e+02	2026-09-04T17:20:20.106518	0.00000000e+00	1	24	-2.38419000e-06	1.77944000e-04	-1.65148000e+00	-1.78070000e-04
1.17898625e+02	2026-09-04T17:20:20.106518	0.00000000e+00	1	24	4.76837000e-08	1.91462000e-04	-1.70150000e+00	-1.91522000e-04
1.17923161e+02	2026-09-04T17:20:20.138273	0.00000000e+00	1	24	-6.86646000e-06	2.00766000e-04	-1.75153000e+00	-1.99119000e-04
1.17954325e+02	2026-09-04T17:20:20.170266	0.00000000e+00	1	24	-2.90871000e-06	2.15189000e-04	-1.80155000e+00	-2.19344000e-04
1.17962154e+02	2026-09-04T17:20:20.170266	0.00000000e+00	1	24	-5.43594000e-06	2.34345000e-04	-1.85163000e+00	-2.38747000e-04
1.17985827e+02	2026-09-04T17:20:20.202045	0.00000000e+00	1	24	-2.09808000e-06	2.65958000e-04	-1.90164000e+00	-2.66624000e-04
1.18022690e+02	2026-09-04T17:20:20.233748	0.00000000e+00	1	24	-9.29832000e-07	3.02514000e-04	-1.95169000e+00	-3.06956000e-04
1.18050235e+02	2026-09-04T17:20:20.266115	0.00000000e+00	1	24	-6.67572000e-07	3.38131000e-04	-2.00169000e+00	-3.34420000e-04
1.18057320e+02	2026-09-04T17:20:20.267653	0.00000000e+00	1	24	-3.81470000e-06	3.31965000e-04	-2.00169000e+00	-3.33633000e-04
1.18075472e+02	2026-09-04T17:20:20.283070	0.00000000e+00	1	24	5.72205000e-06	3.01467000e-04	-1.95167000e+00	-3.03265000e-04
1.18114302e+02	2026-09-04T17:20:20.330597	0.00000000e+00	1	24	-3.81470000e-06	2.84318000e-04	-1.90163000e+00	-2.82554000e-04
1.18122534e+02	2026-09-04T17:20:20.330597	0.00000000e+00	1	24	6.53267000e-06	2.64559000e-04	-1.85161000e+00	-2.66071000e-04
1.18146682e+02	2026-09-04T17:20:20.362451	0.00000000e+00	1	24	2.74181000e-06	2.43955000e-04	-1.80155000e+00	-2.47209000e-04
1.18178709e+02	2026-09-04T17:20:20.394531	0.00000000e+00	1	24	7.62939000e-07	2.22632000e-04	-1.75156000e+00	-2.22389000e-04
1.18186792e+02	2026-09-04T17:20:20.394531	0.00000000e+00	1	24	-4.07696000e-06	2.09158000e-04	-1.70150000e+00	-2.09647000e-04
1.18210065e+02	2026-09-04T17:20:20.425934	0.00000000e+00	1	24	-3.26633000e-06	1.93676000e-04	-1.65148000e+00	-1.92276000e-04
1.18242398e+02	2026-09-04T17:20:20.457573	0.00000000e+00	1	24	7.70092000e-06	1.78746000e-04	-1.60141000e+00	-1.77705000e-04
1.18250740e+02	2026-09-04T17:20:20.457573	0.00000000e+00	1	24	2.38419000e-07	1.65338000e-04	-1.55140000e+00	-1.65195000e-04
1.18273122e+02	2026-09-04T17:20:20.489987	0.00000000e+00	1	24	4.26769000e-06	1.51855000e-04	-1.50135000e+00	-1.52664000e-04
1.18311625e+02	2026-09-04T17:20:20.521224	0.00000000e+00	1	24	-1.66893000e-06	1.39201000e-04	-1.45133000e+00	-1.40328000e-04
1.18337126e+02	2026-09-04T17:20:20.553286	0.00000000e+00	1	24	-1.74046000e-06	1.28583000e-04	-1.40128000e+00	-1.28230000e-04
1.18346126e+02	2026-09-04T17:20:20.553286	0.00000000e+00	1	24	4.76837000e-08	1.17360000e-04	-1.35125000e+00	-1.17027000e-04
1.18371612e+02	2026-09-04T17:20:20.585014	0.00000000e+00	1	24	3.74317000e-06	1.05636000e-04	-1.30120000e+00	-1.05553000e-04
1.18402316e+02	2026-09-04T17:20:20.616762	0.00000000e+00	1	24	-1.93119000e-06	9.67005000e-05	-1.25119000e+00	-9.66987000e-05
1.18415787e+02	2026-09-04T17:20:20.616762	0.00000000e+00	1	24	-5.24521000e-06	8.75365000e-05	-1.20112000e+00	-8.75780000e-05
1.18470135e+02	2026-09-04T17:20:20.680826	0.00000000e+00	1	24	2.83718000e-06	7.78126000e-05	-1.15108000e+00	-7.77521000e-05
1.18496884e+02	2026-09-04T17:20:20.712715	0.00000000e+00	1	24	3.09944000e-07	7.04976000e-05	-1.10104000e+00	-7.05183000e-05
1.18505125e+02	2026-09-04T17:20:20.712715	0.00000000e+00	1	24	-1.57356000e-06	6.24914000e-05	-1.05099000e+00	-6.26738000e-05
1.18528306e+02	2026-09-04T17:20:20.744106	0.00000000e+00	1	24	-1.74046000e-06	5.48918000e-05	-1.00096000e+00	-5.50791000e-05
1.18559759e+02	2026-09-04T17:20:20.776045	0.00000000e+00	1	24	-5.88894000e-06	4.78127000e-05	-9.50921000e-01	-4.80614000e-05
1.18567474e+02	2026-09-04T17:20:20.776045	0.00000000e+00	1	24	-3.62396000e-06	4.22923000e-05	-9.00881000e-01	-4.22555000e-05
1.18592683e+02	2026-09-04T17:20:20.808086	0.00000000e+00	1	24	2.28882000e-06	3.60193000e-05	-8.50823000e-01	-3.61743000e-05
1.18624069e+02	2026-09-04T17:20:20.839937	0.00000000e+00	1	24	-5.69820000e-06	3.08165000e-05	-8.00804000e-01	-3.05771000e-05
1.18632763e+02	2026-09-04T17:20:20.839937	0.00000000e+00	1	24	1.93119000e-06	2.61630000e-05	-7.50728000e-01	-2.62207000e-05
1.18656405e+02	2026-09-04T17:20:20.871928	0.00000000e+00	1	24	-6.67572000e-07	2.24411000e-05	-7.00704000e-01	-2.22218000e-05
1.18688001e+02	2026-09-04T17:20:20.904848	0.00000000e+00	1	24	4.55379000e-06	1.85841000e-05	-6.50657000e-01	-1.84613000e-05
1.18695917e+02	2026-09-04T17:20:20.904848	0.00000000e+00	1	24	-8.58307000e-07	1.55834000e-05	-6.00628000e-01	-1.55140000e-05
1.18720081e+02	2026-09-04T17:20:20.935702	0.00000000e+00	1	24	-6.77109000e-06	1.27672000e-05	-5.50599000e-01	-1.27523000e-05
1.18751627e+02	2026-09-04T17:20:20.967984	0.00000000e+00	1	24	3.19481000e-06	1.07332000e-05	-5.00539000e-01	-1.05234000e-05
1.18760304e+02	2026-09-04T17:20:20.967984	0.00000000e+00	1	24	-5.72205000e-07	8.56078000e-06	-4.50490000e-01	-8.58078000e-06
1.18783629e+02	2026-09-04T17:20:20.999533	0.00000000e+00	1	24	-3.09944000e-07	6.66232000e-06	-4.00469000e-01	-6.51483000e-06
1.18827051e+02	2026-09-04T17:20:21.041934	0.00000000e+00	1	24	5.43594000e-06	4.94723000e-06	-3.50416000e-01	-4.96045000e-06
1.18847059e+02	2026-09-04T17:20:21.062901	0.00000000e+00	1	24	1.40667000e-06	3.88638000e-06	-3.00368000e-01	-3.89842000e-06
1.18855867e+02	2026-09-04T17:20:21.062901	0.00000000e+00	1	24	7.86781000e-06	2.91642000e-06	-2.50322000e-01	-2.85883000e-06
1.18879863e+02	2026-09-04T17:20:21.094826	0.00000000e+00	1	24	3.45707000e-06	2.01851000e-06	-2.00161000e-01	-1.97276000e-06
1.18910749e+02	2026-09-04T17:20:21.127034	0.00000000e+00	1	24	1.85966000e-06	1.29990000e-06	-1.50126000e-01	-1.29696000e-06
1.18918831e+02	2026-09-04T17:20:21.127034	0.00000000e+00	1	24	3.19481000e-06	7.91178000e-07	-1.00082000e-01	-7.91141000e-07
1.18956657e+02	2026-09-04T17:20:21.158517	0.00000000e+00	1	24	-1.28746000e-06	3.76084000e-07	-5.00369000e-02	-3.69805000e-07
1.19006471e+02	2026-09-04T17:20:21.222191	0.00000000e+00	1	24	-3.71933000e-06	4.06861000e-11	-2.14577000e-05	3.68118000e-11
1.22273415e+02	2026-09-04T17:20:24.488921	0.00000000e+00	1	25	9.75132000e-06	1.06334000e-08	-2.47002000e-05	3.14400000e-09
1.22282486e+02	2026-09-04T17:20:24.499204	0.00000000e+00	1	25	-4.34637000e-05	9.29354000e-05	-4.99907000e-02	-9.30048000e-05
1.22314006e+02	2026-09-04T17:20:24.520603	0.00000000e+00	1	25	-2.02656000e-06	1.86554000e-04	-1.00086000e-01	-1.86316000e-04
1.22352052e+02	2026-09-04T17:20:24.568368	0.00000000e+00	1	25	-1.74046000e-06	2.79480000e-04	-1.50126000e-01	-2.79494000e-04
1.22374685e+02	2026-09-04T17:20:24.584485	0.00000000e+00	1	25	-1.38283000e-06	3.72234000e-04	-2.00164000e-01	-3.72214000e-04
1.22382385e+02	2026-09-04T17:20:24.584485	0.00000000e+00	1	25	-8.74996000e-06	4.55959000e-04	-2.50330000e-01	-4.54627000e-04
1.22432307e+02	2026-09-04T17:20:24.648486	0.00000000e+00	1	25	-4.36306000e-06	5.58490000e-04	-3.00363000e-01	-5.58322000e-04
1.22440716e+02	2026-09-04T17:20:24.648486	0.00000000e+00	1	25	-7.15256000e-06	6.49390000e-04	-3.50390000e-01	-6.50782000e-04
1.22474075e+02	2026-09-04T17:20:24.680134	0.00000000e+00	1	25	-2.09808000e-06	7.53907000e-04	-4.00475000e-01	-7.54545000e-04
1.22502633e+02	2026-09-04T17:20:24.711959	0.00000000e+00	1	25	-9.48906000e-06	8.44708000e-04	-4.50459000e-01	-8.40623000e-04
1.22533008e+02	2026-09-04T17:20:24.743511	0.00000000e+00	1	25	-4.62532000e-06	9.06065000e-04	-5.00520000e-01	-8.96475000e-04
1.22541249e+02	2026-09-04T17:20:24.743511	0.00000000e+00	1	25	6.25372000e-05	8.38967000e-04	-5.50751000e-01	-5.23567000e-04
1.22574732e+02	2026-09-04T17:20:24.791257	0.00000000e+00	1	25	7.79629000e-06	1.94441000e-04	-6.00646000e-01	-1.75381000e-04
1.22597814e+02	2026-09-04T17:20:24.807137	0.00000000e+00	1	25	5.17368000e-06	1.87462000e-04	-6.50666000e-01	-1.78516000e-04
1.22605751e+02	2026-09-04T17:20:24.807137	0.00000000e+00	1	25	5.17368000e-06	1.77416000e-04	-7.00718000e-01	-1.51385000e-04
1.22668165e+02	2026-09-04T17:20:24.870934	0.00000000e+00	1	25	6.89030000e-06	1.41401000e-04	-7.50753000e-01	-1.41317000e-04
1.22691652e+02	2026-09-04T17:20:24.902887	0.00000000e+00	1	25	-4.76837000e-08	1.49103000e-04	-8.00804000e-01	-1.46649000e-04
1.22699401e+02	2026-09-04T17:20:24.902887	0.00000000e+00	1	25	4.81606000e-06	1.44110000e-04	-8.50844000e-01	-1.35864000e-04
1.22722668e+02	2026-09-04T17:20:24.934306	0.00000000e+00	1	25	4.10080000e-06	1.40549000e-04	-9.00867000e-01	-1.25172000e-04
1.22753440e+02	2026-09-04T17:20:24.966141	0.00000000e+00	1	25	5.43594000e-06	1.31301000e-04	-9.50915000e-01	-1.31094000e-04
1.22762182e+02	2026-09-04T17:20:24.966141	0.00000000e+00	1	25	8.58307000e-07	1.33703000e-04	-1.00097000e+00	-1.32863000e-04
1.22798603e+02	2026-09-04T17:20:25.013876	0.00000000e+00	1	25	-4.76837000e-08	1.09256000e-04	-1.05098000e+00	-1.07739000e-04
1.22848562e+02	2026-09-04T17:20:25.062100	0.00000000e+00	1	25	2.67029000e-06	1.12661000e-04	-1.10106000e+00	-1.15062000e-04
1.22909740e+02	2026-09-04T17:20:25.125956	0.00000000e+00	1	25	-4.62532000e-06	1.26167000e-04	-1.15109000e+00	-1.22188000e-04
1.22917977e+02	2026-09-04T17:20:25.125956	0.00000000e+00	1	25	-4.05312000e-07	1.41969000e-04	-1.20109000e+00	-1.37535000e-04
1.22942684e+02	2026-09-04T17:20:25.157528	0.00000000e+00	1	25	8.15392000e-06	1.28298000e-04	-1.25118000e+00	-1.32318000e-04
1.22973448e+02	2026-09-04T17:20:25.189705	0.00000000e+00	1	25	-8.58307000e-07	1.34964000e-04	-1.30120000e+00	-1.39982000e-04
1.22981929e+02	2026-09-04T17:20:25.189705	0.00000000e+00	1	25	2.74181000e-06	1.55811000e-04	-1.35127000e+00	-1.47445000e-04
1.23005485e+02	2026-09-04T17:20:25.221373	0.00000000e+00	1	25	2.93255000e-06	1.41380000e-04	-1.40126000e+00	-1.38869000e-04
1.23043041e+02	2026-09-04T17:20:25.254462	0.00000000e+00	1	25	-1.47820000e-06	1.60235000e-04	-1.45132000e+00	-1.50220000e-04
1.23074633e+02	2026-09-04T17:20:25.285616	0.00000000e+00	1	25	7.41482000e-06	1.80956000e-04	-1.50135000e+00	-1.69455000e-04
1.23082292e+02	2026-09-04T17:20:25.285616	0.00000000e+00	1	25	1.09434000e-05	1.85677000e-04	-1.55141000e+00	-1.75841000e-04
1.23101392e+02	2026-09-04T17:20:25.317139	0.00000000e+00	1	25	6.43730000e-06	1.88418000e-04	-1.60141000e+00	-1.91769000e-04
1.23115948e+02	2026-09-04T17:20:25.317139	0.00000000e+00	1	25	4.05312000e-07	1.81273000e-04	-1.65149000e+00	-1.78506000e-04
1.23141182e+02	2026-09-04T17:20:25.349168	0.00000000e+00	1	25	-6.67572000e-07	1.93840000e-04	-1.70149000e+00	-1.96147000e-04
1.23165125e+02	2026-09-04T17:20:25.380851	0.00000000e+00	1	25	4.81606000e-06	2.11591000e-04	-1.75153000e+00	-2.12915000e-04
1.23212665e+02	2026-09-04T17:20:25.428858	0.00000000e+00	1	25	4.10080000e-06	2.33997000e-04	-1.80157000e+00	-2.33633000e-04
1.23234012e+02	2026-09-04T17:20:25.444683	0.00000000e+00	1	25	7.24792000e-06	2.54426000e-04	-1.85159000e+00	-2.55839000e-04
1.23242382e+02	2026-09-04T17:20:25.444683	0.00000000e+00	1	25	5.07832000e-06	2.90560000e-04	-1.90165000e+00	-2.84308000e-04
1.23291945e+02	2026-09-04T17:20:25.508782	0.00000000e+00	1	25	-4.72069000e-06	3.18005000e-04	-1.95168000e+00	-3.09995000e-04
1.23314241e+02	2026-09-04T17:20:25.524814	0.00000000e+00	1	25	2.83718000e-06	3.49146000e-04	-2.00170000e+00	-3.44358000e-04
1.23320886e+02	2026-09-04T17:20:25.524814	0.00000000e+00	1	25	3.55244000e-06	3.39974000e-04	-2.00170000e+00	-3.39851000e-04
1.23343367e+02	2026-09-04T17:20:25.556606	0.00000000e+00	1	25	-6.60419000e-06	3.06901000e-04	-1.95169000e+00	-3.04304000e-04
1.23372810e+02	2026-09-04T17:20:25.588923	0.00000000e+00	1	25	-1.66893000e-06	2.76202000e-04	-1.90165000e+00	-2.75094000e-04
1.23380363e+02	2026-09-04T17:20:25.588923	0.00000000e+00	1	25	-4.81606000e-06	2.54756000e-04	-1.85163000e+00	-2.55646000e-04
1.23387981e+02	2026-09-04T17:20:25.588923	0.00000000e+00	1	25	-4.36306000e-06	2.40305000e-04	-1.80155000e+00	-2.37032000e-04
1.23442497e+02	2026-09-04T17:20:25.652825	0.00000000e+00	1	25	-1.47820000e-06	2.19400000e-04	-1.75155000e+00	-2.17928000e-04
1.23468653e+02	2026-09-04T17:20:25.684943	0.00000000e+00	1	25	-1.12057000e-06	2.05159000e-04	-1.70149000e+00	-2.03824000e-04
1.23476405e+02	2026-09-04T17:20:25.684943	0.00000000e+00	1	25	4.26769000e-06	1.86708000e-04	-1.65148000e+00	-1.86749000e-04
1.23484032e+02	2026-09-04T17:20:25.700655	0.00000000e+00	1	25	-1.74046000e-06	1.73787000e-04	-1.60141000e+00	-1.72769000e-04
1.23532719e+02	2026-09-04T17:20:25.748541	0.00000000e+00	1	25	1.31130000e-06	1.61954000e-04	-1.55141000e+00	-1.62085000e-04
1.23540385e+02	2026-09-04T17:20:25.748541	0.00000000e+00	1	25	-1.19209000e-07	1.49261000e-04	-1.50135000e+00	-1.49073000e-04
1.23564601e+02	2026-09-04T17:20:25.780329	0.00000000e+00	1	25	-9.29832000e-07	1.36977000e-04	-1.45133000e+00	-1.36582000e-04
1.23628812e+02	2026-09-04T17:20:25.844574	0.00000000e+00	1	25	1.66893000e-06	1.24244000e-04	-1.40126000e+00	-1.24541000e-04
1.23636747e+02	2026-09-04T17:20:25.844574	0.00000000e+00	1	25	-2.19345000e-06	1.12996000e-04	-1.35127000e+00	-1.12140000e-04
1.23661006e+02	2026-09-04T17:20:25.877215	0.00000000e+00	1	25	-4.76837000e-08	1.02657000e-04	-1.30122000e+00	-1.02970000e-04
1.23692922e+02	2026-09-04T17:20:25.908590	0.00000000e+00	1	25	-6.50883000e-06	9.41373000e-05	-1.25117000e+00	-9.40263000e-05
1.23706369e+02	2026-09-04T17:20:25.908590	0.00000000e+00	1	25	-3.71933000e-06	8.54570000e-05	-1.20113000e+00	-8.52551000e-05
1.23714560e+02	2026-09-04T17:20:25.924340	0.00000000e+00	1	25	-8.39233000e-06	7.69611000e-05	-1.15111000e+00	-7.66517000e-05
1.23722139e+02	2026-09-04T17:20:25.924340	0.00000000e+00	1	25	-4.26769000e-06	6.87002000e-05	-1.10104000e+00	-6.79397000e-05
1.23771784e+02	2026-09-04T17:20:25.987687	0.00000000e+00	1	25	-7.51019000e-06	5.93258000e-05	-1.05098000e+00	-5.84299000e-05
1.23780066e+02	2026-09-04T17:20:25.987687	0.00000000e+00	1	25	-5.69820000e-06	5.17180000e-05	-1.00096000e+00	-5.15615000e-05
1.23789208e+02	2026-09-04T17:20:26.005630	0.00000000e+00	1	25	-4.07696000e-06	4.50635000e-05	-9.50908000e-01	-4.52497000e-05
1.23802992e+02	2026-09-04T17:20:26.019502	0.00000000e+00	1	25	-1.07288000e-05	3.93878000e-05	-9.00879000e-01	-3.92390000e-05
1.23837477e+02	2026-09-04T17:20:26.052057	0.00000000e+00	1	25	-6.41346000e-06	3.34257000e-05	-8.50811000e-01	-3.35475000e-05
1.23848764e+02	2026-09-04T17:20:26.062062	0.00000000e+00	1	25	-3.19481000e-06	2.88263000e-05	-8.00805000e-01	-2.89345000e-05
1.23867622e+02	2026-09-04T17:20:26.083848	0.00000000e+00	1	25	-2.90871000e-06	2.45713000e-05	-7.50757000e-01	-2.46869000e-05
1.23876099e+02	2026-09-04T17:20:26.084589	0.00000000e+00	1	25	-6.77109000e-06	2.04788000e-05	-7.00726000e-01	-2.05943000e-05
1.23900557e+02	2026-09-04T17:20:26.115611	0.00000000e+00	1	25	-4.88758000e-06	1.69807000e-05	-6.50656000e-01	-1.71783000e-05
1.23931916e+02	2026-09-04T17:20:26.147712	0.00000000e+00	1	25	-5.07832000e-06	1.39345000e-05	-6.00637000e-01	-1.41059000e-05
1.23939751e+02	2026-09-04T17:20:26.147712	0.00000000e+00	1	25	4.81606000e-06	1.15560000e-05	-5.50584000e-01	-1.15759000e-05
1.23963955e+02	2026-09-04T17:20:26.179456	0.00000000e+00	1	25	5.07832000e-06	9.67909000e-06	-5.00551000e-01	-9.64968000e-06
1.23978839e+02	2026-09-04T17:20:26.195290	0.00000000e+00	1	25	-1.46866000e-05	7.70795000e-06	-4.50477000e-01	-7.85586000e-06
1.24001525e+02	2026-09-04T17:20:26.211123	0.00000000e+00	1	25	-1.21832000e-05	6.16248000e-06	-4.00455000e-01	-6.11348000e-06
1.24009578e+02	2026-09-04T17:20:26.211123	0.00000000e+00	1	25	-7.41482000e-06	4.92995000e-06	-3.50405000e-01	-4.58728000e-06
1.24067003e+02	2026-09-04T17:20:26.280118	0.00000000e+00	1	25	-8.74996000e-06	3.29787000e-06	-3.00368000e-01	-3.29079000e-06
1.24091063e+02	2026-09-04T17:20:26.306888	0.00000000e+00	1	25	-4.88758000e-06	2.45052000e-06	-2.50328000e-01	-2.42561000e-06
1.24099786e+02	2026-09-04T17:20:26.306888	0.00000000e+00	1	25	-8.39233000e-06	1.71394000e-06	-2.00169000e-01	-1.69948000e-06
1.24118156e+02	2026-09-04T17:20:26.324956	0.00000000e+00	1	25	-5.43594000e-06	1.13817000e-06	-1.50133000e-01	-1.13870000e-06
1.24149322e+02	2026-09-04T17:20:26.354323	0.00000000e+00	1	25	-6.34193000e-06	6.63276000e-07	-1.00082000e-01	-6.55662000e-07
1.24170390e+02	2026-09-04T17:20:26.386145	0.00000000e+00	1	25	-4.88758000e-06	3.09495000e-07	-5.00372000e-02	-3.08679000e-07
1.24178249e+02	2026-09-04T17:20:26.386145	0.00000000e+00	1	25	-1.02520000e-06	-1.22845000e-10	-1.72138000e-05	-1.76418000e-10
1.27402574e+02	2026-09-04T17:20:29.611607	0.00000000e+00	1	26	9.67979000e-06	-1.25585000e-09	-2.37942000e-05	1.85360000e-09
1.27410351e+02	2026-09-04T17:20:29.626917	0.00000000e+00	1	26	7.44796000e-04	6.15599000e-09	-4.99898000e-02	-1.44763000e-05
1.27438742e+02	2026-09-04T17:20:29.642866	0.00000000e+00	1	26	-4.53711000e-05	3.19384000e-05	-1.00074000e-01	-3.19889000e-05
1.27478456e+02	2026-09-04T17:20:29.691101	0.00000000e+00	1	26	-8.94070000e-06	5.41612000e-05	-1.50123000e-01	-5.42348000e-05
1.27507091e+02	2026-09-04T17:20:29.722928	0.00000000e+00	1	26	1.47820000e-06	8.28264000e-05	-2.00157000e-01	-8.27718000e-05
1.27515806e+02	2026-09-04T17:20:29.722928	0.00000000e+00	1	26	2.02656000e-06	1.18014000e-04	-2.50297000e-01	-1.17517000e-04
1.27539391e+02	2026-09-04T17:20:29.754643	0.00000000e+00	1	26	1.43051000e-07	1.47841000e-04	-3.00357000e-01	-1.46812000e-04
1.27552662e+02	2026-09-04T17:20:29.754643	0.00000000e+00	1	26	3.09944000e-07	1.77561000e-04	-3.50410000e-01	-1.66243000e-04
1.27576005e+02	2026-09-04T17:20:29.786672	0.00000000e+00	1	26	3.91006000e-06	1.89388000e-04	-4.00480000e-01	-1.84964000e-04
1.27584205e+02	2026-09-04T17:20:29.786672	0.00000000e+00	1	26	5.00679000e-07	1.90277000e-04	-4.50469000e-01	-1.81983000e-04
1.27635178e+02	2026-09-04T17:20:29.850126	0.00000000e+00	1	26	1.93119000e-06	1.22002000e-04	-5.00533000e-01	-1.19855000e-04
1.27665454e+02	2026-09-04T17:20:29.881785	0.00000000e+00	1	26	-2.90871000e-06	1.18435000e-04	-5.50588000e-01	-1.19216000e-04
1.27673440e+02	2026-09-04T17:20:29.881785	0.00000000e+00	1	26	6.53267000e-06	1.28309000e-04	-6.00616000e-01	-1.18573000e-04
1.27698888e+02	2026-09-04T17:20:29.913482	0.00000000e+00	1	26	-6.41346000e-06	1.00838000e-04	-6.50644000e-01	-9.90819000e-05
1.27730862e+02	2026-09-04T17:20:29.945718	0.00000000e+00	1	26	-2.02656000e-06	1.10174000e-04	-7.00715000e-01	-1.03795000e-04
1.27742021e+02	2026-09-04T17:20:29.945718	0.00000000e+00	1	26	-1.47820000e-06	1.07808000e-04	-7.50750000e-01	-1.07452000e-04
1.27773114e+02	2026-09-04T17:20:29.977679	0.00000000e+00	1	26	-3.26633000e-06	8.96018000e-05	-8.00805000e-01	-8.68176000e-05
1.27825675e+02	2026-09-04T17:20:30.041891	0.00000000e+00	1	26	-2.38419000e-06	9.69426000e-05	-8.50844000e-01	-8.97041000e-05
1.27834160e+02	2026-09-04T17:20:30.041891	0.00000000e+00	1	26	5.00679000e-07	9.94557000e-05	-9.00864000e-01	-9.66066000e-05
1.27855215e+02	2026-09-04T17:20:30.059903	0.00000000e+00	1	26	5.96046000e-07	8.84057000e-05	-9.50894000e-01	-8.36725000e-05
1.27905994e+02	2026-09-04T17:20:30.121937	0.00000000e+00	1	26	-6.67572000e-07	9.16306000e-05	-1.00095000e+00	-9.12753000e-05
1.27914812e+02	2026-09-04T17:20:30.121937	0.00000000e+00	1	26	9.53674000e-07	1.06468000e-04	-1.05099000e+00	-9.98464000e-05
1.27937775e+02	2026-09-04T17:20:30.153622	0.00000000e+00	1	26	-2.45571000e-06	1.01601000e-04	-1.10105000e+00	-1.02038000e-04
1.27972216e+02	2026-09-04T17:20:30.185772	0.00000000e+00	1	26	-4.05312000e-07	1.03675000e-04	-1.15111000e+00	-1.00741000e-04
1.27980868e+02	2026-09-04T17:20:30.196164	0.00000000e+00	1	26	6.53267000e-06	1.17425000e-04	-1.20112000e+00	-1.08457000e-04
1.28001412e+02	2026-09-04T17:20:30.217659	0.00000000e+00	1	26	1.85966000e-06	1.08879000e-04	-1.25118000e+00	-1.05861000e-04
1.28049648e+02	2026-09-04T17:20:30.265309	0.00000000e+00	1	26	5.00679000e-06	8.80840000e-05	-1.30120000e+00	-8.82110000e-05
1.28073235e+02	2026-09-04T17:20:30.281531	0.00000000e+00	1	26	1.40667000e-06	9.63689000e-05	-1.35126000e+00	-9.62682000e-05
1.28097649e+02	2026-09-04T17:20:30.313208	0.00000000e+00	1	26	2.02656000e-06	1.04029000e-04	-1.40126000e+00	-1.05223000e-04
1.28129483e+02	2026-09-04T17:20:30.345397	0.00000000e+00	1	26	4.36306000e-06	1.16154000e-04	-1.45130000e+00	-1.16812000e-04
1.28138123e+02	2026-09-04T17:20:30.345397	0.00000000e+00	1	26	1.66893000e-06	1.28048000e-04	-1.50136000e+00	-1.27855000e-04
1.28161125e+02	2026-09-04T17:20:30.376898	0.00000000e+00	1	26	-7.15256000e-06	1.41140000e-04	-1.55140000e+00	-1.42269000e-04
1.28201812e+02	2026-09-04T17:20:30.408875	0.00000000e+00	1	26	3.64780000e-06	1.57831000e-04	-1.60142000e+00	-1.57660000e-04
1.28224846e+02	2026-09-04T17:20:30.441150	0.00000000e+00	1	26	-2.02656000e-06	1.71674000e-04	-1.65147000e+00	-1.72419000e-04
1.28233107e+02	2026-09-04T17:20:30.441898	0.00000000e+00	1	26	9.39369000e-06	1.85939000e-04	-1.70149000e+00	-1.86945000e-04
1.28257006e+02	2026-09-04T17:20:30.472835	0.00000000e+00	1	26	4.55379000e-06	2.03206000e-04	-1.75155000e+00	-2.04932000e-04
1.28290667e+02	2026-09-04T17:20:30.504941	0.00000000e+00	1	26	4.91142000e-06	2.25248000e-04	-1.80156000e+00	-2.24716000e-04
1.28298263e+02	2026-09-04T17:20:30.504941	0.00000000e+00	1	26	3.91006000e-06	2.44321000e-04	-1.85162000e+00	-2.45369000e-04
1.28336576e+02	2026-09-04T17:20:30.552569	0.00000000e+00	1	26	7.24792000e-06	2.82087000e-04	-1.90165000e+00	-2.80878000e-04
1.28384400e+02	2026-09-04T17:20:30.600727	0.00000000e+00	1	26	8.58307000e-07	2.97313000e-04	-1.95167000e+00	-2.99302000e-04
1.28424833e+02	2026-09-04T17:20:30.632622	0.00000000e+00	1	26	3.02792000e-06	3.34158000e-04	-2.00171000e+00	-3.30094000e-04
1.28434906e+02	2026-09-04T17:20:30.649543	0.00000000e+00	1	26	4.05312000e-07	3.30378000e-04	-2.00169000e+00	-3.33776000e-04
1.28455100e+02	2026-09-04T17:20:30.664597	0.00000000e+00	1	26	-1.38283000e-06	3.08978000e-04	-1.95167000e+00	-3.05864000e-04
1.28463010e+02	2026-09-04T17:20:30.664597	0.00000000e+00	1	26	4.05312000e-07	2.83991000e-04	-1.90164000e+00	-2.81517000e-04
1.28496703e+02	2026-09-04T17:20:30.712727	0.00000000e+00	1	26	5.00679000e-07	2.60533000e-04	-1.85161000e+00	-2.60680000e-04
1.28519158e+02	2026-09-04T17:20:30.728680	0.00000000e+00	1	26	1.47820000e-06	2.46131000e-04	-1.80155000e+00	-2.43952000e-04
1.28527216e+02	2026-09-04T17:20:30.728680	0.00000000e+00	1	26	-4.05312000e-07	2.26288000e-04	-1.75155000e+00	-2.25412000e-04
1.28587264e+02	2026-09-04T17:20:30.792588	0.00000000e+00	1	26	-2.83718000e-06	2.09008000e-04	-1.70151000e+00	-2.10999000e-04
1.28612787e+02	2026-09-04T17:20:30.824508	0.00000000e+00	1	26	-4.05312000e-07	1.93612000e-04	-1.65148000e+00	-1.94113000e-04
1.28620966e+02	2026-09-04T17:20:30.824508	0.00000000e+00	1	26	-3.19481000e-06	1.81193000e-04	-1.60139000e+00	-1.79583000e-04
1.28648964e+02	2026-09-04T17:20:30.863493	0.00000000e+00	1	26	-3.36170000e-06	1.64037000e-04	-1.55141000e+00	-1.63754000e-04
1.28672691e+02	2026-09-04T17:20:30.888280	0.00000000e+00	1	26	-5.07832000e-06	1.50867000e-04	-1.50135000e+00	-1.50194000e-04
1.28681156e+02	2026-09-04T17:20:30.888280	0.00000000e+00	1	26	-8.03471000e-06	1.38165000e-04	-1.45131000e+00	-1.37372000e-04
1.28703915e+02	2026-09-04T17:20:30.920098	0.00000000e+00	1	26	-9.84669000e-06	1.27588000e-04	-1.40126000e+00	-1.27880000e-04
1.28736227e+02	2026-09-04T17:20:30.951796	0.00000000e+00	1	26	-5.72205000e-07	1.14886000e-04	-1.35126000e+00	-1.16255000e-04
1.28763459e+02	2026-09-04T17:20:30.978289	0.00000000e+00	1	26	-8.58307000e-07	1.05833000e-04	-1.30118000e+00	-1.05968000e-04
1.28783698e+02	2026-09-04T17:20:30.999839	0.00000000e+00	1	26	-2.83718000e-06	9.58490000e-05	-1.25116000e+00	-9.58854000e-05
1.28796380e+02	2026-09-04T17:20:30.999839	0.00000000e+00	1	26	-4.07696000e-06	8.69372000e-05	-1.20111000e+00	-8.70553000e-05
1.28818484e+02	2026-09-04T17:20:31.031594	0.00000000e+00	1	26	-3.26633000e-06	7.62563000e-05	-1.15111000e+00	-7.60113000e-05
1.28847665e+02	2026-09-04T17:20:31.064577	0.00000000e+00	1	26	-4.36306000e-06	6.88492000e-05	-1.10104000e+00	-6.83537000e-05
1.28855980e+02	2026-09-04T17:20:31.064577	0.00000000e+00	1	26	-1.15395000e-05	6.08479000e-05	-1.05097000e+00	-6.08430000e-05
1.28879540e+02	2026-09-04T17:20:31.095671	0.00000000e+00	1	26	-4.17233000e-06	5.41355000e-05	-1.00097000e+00	-5.39814000e-05
1.28921444e+02	2026-09-04T17:20:31.127467	0.00000000e+00	1	26	-7.05719000e-06	4.72093000e-05	-9.50911000e-01	-4.69689000e-05
1.28943572e+02	2026-09-04T17:20:31.159426	0.00000000e+00	1	26	-4.07696000e-06	4.11743000e-05	-9.00872000e-01	-4.13036000e-05
1.28952473e+02	2026-09-04T17:20:31.159426	0.00000000e+00	1	26	-5.43594000e-06	3.56426000e-05	-8.50797000e-01	-3.58178000e-05
1.28975472e+02	2026-09-04T17:20:31.191163	0.00000000e+00	1	26	-1.57356000e-06	3.08926000e-05	-8.00808000e-01	-3.09149000e-05
1.29010591e+02	2026-09-04T17:20:31.223425	0.00000000e+00	1	26	-6.50883000e-06	2.63063000e-05	-7.50737000e-01	-2.61816000e-05
1.29018250e+02	2026-09-04T17:20:31.223425	0.00000000e+00	1	26	-6.67572000e-07	2.21284000e-05	-7.00694000e-01	-2.21126000e-05
1.29038995e+02	2026-09-04T17:20:31.254946	0.00000000e+00	1	26	-6.41346000e-06	1.85483000e-05	-6.50629000e-01	-1.84006000e-05
1.29070926e+02	2026-09-04T17:20:31.286690	0.00000000e+00	1	26	-7.58171000e-06	1.54530000e-05	-6.00645000e-01	-1.54122000e-05
1.29103167e+02	2026-09-04T17:20:31.319002	0.00000000e+00	1	26	5.17368000e-06	1.24194000e-05	-5.50597000e-01	-1.23505000e-05
1.29112164e+02	2026-09-04T17:20:31.319002	0.00000000e+00	1	26	-3.09944000e-07	1.00522000e-05	-5.00538000e-01	-1.00280000e-05
1.29135252e+02	2026-09-04T17:20:31.350773	0.00000000e+00	1	26	4.10080000e-06	7.87843000e-06	-4.50482000e-01	-7.80526000e-06
1.29167353e+02	2026-09-04T17:20:31.383078	0.00000000e+00	1	26	-2.74181000e-06	6.16599000e-06	-4.00485000e-01	-6.14094000e-06
1.29175972e+02	2026-09-04T17:20:31.383078	0.00000000e+00	1	26	-6.86646000e-06	4.70850000e-06	-3.50410000e-01	-4.67520000e-06
1.29199030e+02	2026-09-04T17:20:31.414809	0.00000000e+00	1	26	-1.38283000e-06	3.42464000e-06	-3.00356000e-01	-3.32545000e-06
1.29262663e+02	2026-09-04T17:20:31.479320	0.00000000e+00	1	26	-7.67708000e-06	2.43279000e-06	-2.50298000e-01	-2.40153000e-06
1.29271007e+02	2026-09-04T17:20:31.479320	0.00000000e+00	1	26	-1.05619000e-05	1.72652000e-06	-2.00166000e-01	-1.71757000e-06
1.29295729e+02	2026-09-04T17:20:31.510340	0.00000000e+00	1	26	-1.19209000e-07	1.15695000e-06	-1.50128000e-01	-1.14777000e-06
1.29326819e+02	2026-09-04T17:20:31.541983	0.00000000e+00	1	26	-9.20296000e-06	7.18276000e-07	-1.00085000e-01	-7.19827000e-07
1.29340370e+02	2026-09-04T17:20:31.541983	0.00000000e+00	1	26	-5.69820000e-06	3.41962000e-07	-5.00422000e-02	-3.58190000e-07
1.29390116e+02	2026-09-04T17:20:31.605501	0.00000000e+00	1	26	1.43051000e-07	-1.07801000e-10	-2.04563000e-05	-3.96013000e-11
1.32915743e+02	2026-09-04T17:20:35.130924	0.00000000e+00	1	27	-1.57356000e-06	9.97782000e-12	-2.22683000e-05	3.55256000e-10
1.32948137e+02	2026-09-04T17:20:35.162914	0.00000000e+00	1	27	-1.28031000e-05	2.50322000e-06	-5.00512000e-02	-2.51381000e-06
1.32979872e+02	2026-09-04T17:20:35.195073	0.00000000e+00	1	27	-8.94070000e-06	5.25768000e-06	-1.00089000e-01	-5.25534000e-06
1.33005902e+02	2026-09-04T17:20:35.221172	0.00000000e+00	1	27	-1.47820000e-05	8.52119000e-06	-1.50132000e-01	-8.48081000e-06
1.33026663e+02	2026-09-04T17:20:35.242855	0.00000000e+00	1	27	-5.45263000e-05	1.20180000e-05	-2.00131000e-01	-1.19977000e-05
1.33068809e+02	2026-09-04T17:20:35.283719	0.00000000e+00	1	27	-2.55108000e-06	1.75933000e-05	-2.50327000e-01	-1.73942000e-05
1.33095977e+02	2026-09-04T17:20:35.307341	0.00000000e+00	1	27	-1.12057000e-06	2.57450000e-05	-3.00384000e-01	-2.57505000e-05
1.33103883e+02	2026-09-04T17:20:35.307341	0.00000000e+00	1	27	3.09944000e-07	3.92406000e-05	-3.50418000e-01	-3.95242000e-05
1.33128657e+02	2026-09-04T17:20:35.339414	0.00000000e+00	1	27	-2.38419000e-06	5.97339000e-05	-4.00474000e-01	-5.18242000e-05
1.33156538e+02	2026-09-04T17:20:35.371240	0.00000000e+00	1	27	-1.66893000e-06	4.17389000e-05	-4.50463000e-01	-4.01351000e-05
1.33165676e+02	2026-09-04T17:20:35.381694	0.00000000e+00	1	27	-8.22544000e-06	4.81912000e-05	-5.00553000e-01	-4.24868000e-05
1.33186740e+02	2026-09-04T17:20:35.403012	0.00000000e+00	1	27	-3.00407000e-06	3.50573000e-05	-5.50581000e-01	-3.48131000e-05
1.33251115e+02	2026-09-04T17:20:35.466963	0.00000000e+00	1	27	-4.52995000e-06	4.46161000e-05	-6.00656000e-01	-4.45849000e-05
1.33259972e+02	2026-09-04T17:20:35.466963	0.00000000e+00	1	27	-4.05312000e-07	6.12015000e-05	-6.50644000e-01	-5.67707000e-05
1.33283216e+02	2026-09-04T17:20:35.499004	0.00000000e+00	1	27	-1.83582000e-06	5.97818000e-05	-7.00709000e-01	-6.00008000e-05
1.33316937e+02	2026-09-04T17:20:35.531229	0.00000000e+00	1	27	5.00679000e-07	6.72904000e-05	-7.50739000e-01	-6.65876000e-05
1.33324603e+02	2026-09-04T17:20:35.531229	0.00000000e+00	1	27	1.31130000e-06	8.77205000e-05	-8.00795000e-01	-8.41417000e-05
1.33346747e+02	2026-09-04T17:20:35.562615	0.00000000e+00	1	27	-8.67844000e-06	7.00956000e-05	-8.50812000e-01	-6.88079000e-05
1.33378541e+02	2026-09-04T17:20:35.594671	0.00000000e+00	1	27	-5.17368000e-06	8.63190000e-05	-9.00891000e-01	-8.57870000e-05
1.33410962e+02	2026-09-04T17:20:35.627687	0.00000000e+00	1	27	-1.38283000e-06	8.57970000e-05	-9.50936000e-01	-8.43358000e-05
1.33418971e+02	2026-09-04T17:20:35.627687	0.00000000e+00	1	27	3.55244000e-06	9.32503000e-05	-1.00098000e+00	-8.96226000e-05
1.33445046e+02	2026-09-04T17:20:35.658598	0.00000000e+00	1	27	-4.72069000e-06	8.47879000e-05	-1.05098000e+00	-8.44321000e-05
1.33475378e+02	2026-09-04T17:20:35.690817	0.00000000e+00	1	27	-2.90871000e-06	9.84442000e-05	-1.10105000e+00	-9.81011000e-05
1.33483178e+02	2026-09-04T17:20:35.690817	0.00000000e+00	1	27	-1.11103000e-05	9.95000000e-05	-1.15112000e+00	-9.86586000e-05
1.33506659e+02	2026-09-04T17:20:35.722683	0.00000000e+00	1	27	-1.83582000e-06	9.25217000e-05	-1.20113000e+00	-9.03944000e-05
1.33542853e+02	2026-09-04T17:20:35.754371	0.00000000e+00	1	27	-4.98295000e-06	1.06027000e-04	-1.25120000e+00	-1.04219000e-04
1.33570872e+02	2026-09-04T17:20:35.786606	0.00000000e+00	1	27	-1.00136000e-05	1.10559000e-04	-1.30119000e+00	-1.09206000e-04
1.33579361e+02	2026-09-04T17:20:35.786606	0.00000000e+00	1	27	1.31130000e-06	1.06506000e-04	-1.35128000e+00	-1.04964000e-04
1.33603403e+02	2026-09-04T17:20:35.818133	0.00000000e+00	1	27	-3.00407000e-06	1.13330000e-04	-1.40128000e+00	-1.13320000e-04
1.33636342e+02	2026-09-04T17:20:35.850427	0.00000000e+00	1	27	-7.15256000e-06	1.25023000e-04	-1.45133000e+00	-1.25405000e-04
1.33644433e+02	2026-09-04T17:20:35.850427	0.00000000e+00	1	27	-5.17368000e-06	1.38212000e-04	-1.50137000e+00	-1.38758000e-04
1.33666530e+02	2026-09-04T17:20:35.882166	0.00000000e+00	1	27	-1.83582000e-06	1.50089000e-04	-1.55142000e+00	-1.50497000e-04
1.33730055e+02	2026-09-04T17:20:35.946286	0.00000000e+00	1	27	-7.51019000e-06	1.65938000e-04	-1.60143000e+00	-1.65744000e-04
1.33737955e+02	2026-09-04T17:20:35.946286	0.00000000e+00	1	27	-7.31945000e-06	1.80261000e-04	-1.65147000e+00	-1.79925000e-04
1.33745604e+02	2026-09-04T17:20:35.962337	0.00000000e+00	1	27	-4.52995000e-06	1.98634000e-04	-1.70151000e+00	-1.97900000e-04
1.33778383e+02	2026-09-04T17:20:35.994642	0.00000000e+00	1	27	2.02656000e-06	2.15007000e-04	-1.75155000e+00	-2.11644000e-04
1.33801165e+02	2026-09-04T17:20:36.010519	0.00000000e+00	1	27	-1.28746000e-06	2.30453000e-04	-1.80158000e+00	-2.30492000e-04
1.33809395e+02	2026-09-04T17:20:36.010519	0.00000000e+00	1	27	-6.34193000e-06	2.48872000e-04	-1.85163000e+00	-2.37232000e-04
1.33858603e+02	2026-09-04T17:20:36.073960	0.00000000e+00	1	27	-7.31945000e-06	2.59766000e-04	-1.90164000e+00	-2.59935000e-04
1.33882891e+02	2026-09-04T17:20:36.092110	0.00000000e+00	1	27	-7.22408000e-06	2.85921000e-04	-1.95168000e+00	-2.86125000e-04
1.33906034e+02	2026-09-04T17:20:36.121841	0.00000000e+00	1	27	-3.26633000e-06	3.24353000e-04	-2.00171000e+00	-3.23183000e-04
1.33930564e+02	2026-09-04T17:20:36.138060	0.00000000e+00	1	27	-6.15120000e-06	3.18612000e-04	-2.00169000e+00	-3.19013000e-04
1.33970517e+02	2026-09-04T17:20:36.186301	0.00000000e+00	1	27	-2.83718000e-06	2.94811000e-04	-1.95169000e+00	-2.93493000e-04
1.33979132e+02	2026-09-04T17:20:36.186301	0.00000000e+00	1	27	-8.94070000e-06	2.74500000e-04	-1.90166000e+00	-2.72840000e-04
1.34003319e+02	2026-09-04T17:20:36.217854	0.00000000e+00	1	27	-1.03712000e-05	2.54614000e-04	-1.85163000e+00	-2.58789000e-04
1.34037309e+02	2026-09-04T17:20:36.250765	0.00000000e+00	1	27	-1.03712000e-05	2.34501000e-04	-1.80158000e+00	-2.34821000e-04
1.34045105e+02	2026-09-04T17:20:36.250765	0.00000000e+00	1	27	-9.13143000e-06	2.16716000e-04	-1.75154000e+00	-2.16313000e-04
1.34066103e+02	2026-09-04T17:20:36.281945	0.00000000e+00	1	27	-8.48770000e-06	1.99705000e-04	-1.70150000e+00	-1.99785000e-04
1.34097684e+02	2026-09-04T17:20:36.313922	0.00000000e+00	1	27	-2.45571000e-06	1.85334000e-04	-1.65148000e+00	-1.85319000e-04
1.34133408e+02	2026-09-04T17:20:36.345834	0.00000000e+00	1	27	-5.53131000e-06	1.71606000e-04	-1.60143000e+00	-1.70308000e-04
1.34141177e+02	2026-09-04T17:20:36.345834	0.00000000e+00	1	27	-6.96182000e-06	1.56900000e-04	-1.55139000e+00	-1.56964000e-04
1.34165501e+02	2026-09-04T17:20:36.377967	0.00000000e+00	1	27	-6.69956000e-06	1.43866000e-04	-1.50137000e+00	-1.44316000e-04
1.34196351e+02	2026-09-04T17:20:36.410223	0.00000000e+00	1	27	-4.62532000e-06	1.29874000e-04	-1.45134000e+00	-1.29829000e-04
1.34204106e+02	2026-09-04T17:20:36.410223	0.00000000e+00	1	27	-7.31945000e-06	1.18961000e-04	-1.40128000e+00	-1.19284000e-04
1.34240299e+02	2026-09-04T17:20:36.452499	0.00000000e+00	1	27	-6.96182000e-06	1.09835000e-04	-1.35127000e+00	-1.10308000e-04
1.34277952e+02	2026-09-04T17:20:36.490289	0.00000000e+00	1	27	-5.43594000e-06	9.97440000e-05	-1.30120000e+00	-1.00045000e-04
1.34288061e+02	2026-09-04T17:20:36.490289	0.00000000e+00	1	27	5.00679000e-07	9.05992000e-05	-1.25117000e+00	-9.04351000e-05
1.34344684e+02	2026-09-04T17:20:36.554055	0.00000000e+00	1	27	-1.19209000e-07	8.14734000e-05	-1.20111000e+00	-8.11597000e-05
1.34369506e+02	2026-09-04T17:20:36.585642	0.00000000e+00	1	27	-4.05312000e-07	7.34167000e-05	-1.15112000e+00	-7.33978000e-05
1.34377369e+02	2026-09-04T17:20:36.589783	0.00000000e+00	1	27	-2.38419000e-06	6.56602000e-05	-1.10105000e+00	-6.54234000e-05
1.34402111e+02	2026-09-04T17:20:36.617473	0.00000000e+00	1	27	-4.76837000e-08	5.79577000e-05	-1.05098000e+00	-5.78586000e-05
1.34434457e+02	2026-09-04T17:20:36.649357	0.00000000e+00	1	27	-3.81470000e-06	5.13811000e-05	-1.00095000e+00	-5.12949000e-05
1.34442583e+02	2026-09-04T17:20:36.649357	0.00000000e+00	1	27	-8.03471000e-06	4.49164000e-05	-9.50911000e-01	-4.48580000e-05
1.34465335e+02	2026-09-04T17:20:36.681124	0.00000000e+00	1	27	2.38419000e-07	3.92626000e-05	-9.00887000e-01	-3.87878000e-05
1.34496818e+02	2026-09-04T17:20:36.712550	0.00000000e+00	1	27	7.62939000e-07	3.37430000e-05	-8.50823000e-01	-3.34414000e-05
1.34527970e+02	2026-09-04T17:20:36.744278	0.00000000e+00	1	27	-9.65595000e-06	2.85388000e-05	-8.00805000e-01	-2.84822000e-05
1.34535785e+02	2026-09-04T17:20:36.744278	0.00000000e+00	1	27	-4.81606000e-06	2.41525000e-05	-7.50760000e-01	-2.42264000e-05
1.34543382e+02	2026-09-04T17:20:36.760167	0.00000000e+00	1	27	5.96046000e-07	2.05840000e-05	-7.00719000e-01	-2.06467000e-05
1.34592559e+02	2026-09-04T17:20:36.809156	0.00000000e+00	1	27	-1.21593000e-06	1.71221000e-05	-6.50650000e-01	-1.72893000e-05
1.34601028e+02	2026-09-04T17:20:36.809156	0.00000000e+00	1	27	1.21593000e-06	1.42600000e-05	-6.00604000e-01	-1.40923000e-05
1.34625954e+02	2026-09-04T17:20:36.840296	0.00000000e+00	1	27	-1.10149000e-05	1.14269000e-05	-5.50585000e-01	-1.14578000e-05
1.34652072e+02	2026-09-04T17:20:36.867676	0.00000000e+00	1	27	8.86917000e-06	9.16194000e-06	-5.00554000e-01	-9.11165000e-06
1.34675150e+02	2026-09-04T17:20:36.887202	0.00000000e+00	1	27	-1.27077000e-05	7.23600000e-06	-4.50470000e-01	-7.39562000e-06
1.34686541e+02	2026-09-04T17:20:36.902988	0.00000000e+00	1	27	-8.32081000e-06	5.88592000e-06	-4.00475000e-01	-5.85667000e-06
1.34734513e+02	2026-09-04T17:20:36.950786	0.00000000e+00	1	27	-1.74046000e-06	4.40548000e-06	-3.50387000e-01	-4.16108000e-06
1.34742784e+02	2026-09-04T17:20:36.950786	0.00000000e+00	1	27	-5.07832000e-06	3.23324000e-06	-3.00356000e-01	-3.19926000e-06
1.34780963e+02	2026-09-04T17:20:36.982291	0.00000000e+00	1	27	-4.36306000e-06	2.27026000e-06	-2.50306000e-01	-2.33914000e-06
1.34836319e+02	2026-09-04T17:20:37.046791	0.00000000e+00	1	27	-5.43594000e-06	1.62448000e-06	-2.00163000e-01	-1.62197000e-06
1.34844220e+02	2026-09-04T17:20:37.046791	0.00000000e+00	1	27	-8.58307000e-07	1.11801000e-06	-1.50129000e-01	-1.11627000e-06
1.34876401e+02	2026-09-04T17:20:37.079124	0.00000000e+00	1	27	-8.13007000e-06	7.21005000e-07	-1.00085000e-01	-7.13106000e-07
1.34901304e+02	2026-09-04T17:20:37.110592	0.00000000e+00	1	27	-3.09944000e-07	3.29802000e-07	-5.00406000e-02	-3.34509000e-07
1.34908857e+02	2026-09-04T17:20:37.121053	0.00000000e+00	1	27	-5.34058000e-06	-1.29259000e-10	-1.91212000e-05	-1.22094000e-10
1.38157617e+02	2026-09-04T17:20:40.367177	0.00000000e+00	1	28	7.86781000e-06	-6.00684000e-10	-9.20296000e-06	1.13862000e-09
1.38183431e+02	2026-09-04T17:20:40.398839	0.00000000e+00	1	28	4.19617000e-06	2.35680000e-06	-5.00293000e-02	-2.35404000e-06
1.38216981e+02	2026-09-04T17:20:40.430883	0.00000000e+00	1	28	-2.64645000e-06	4.94744000e-06	-1.00072000e-01	-4.93437000e-06
1.38246615e+02	2026-09-04T17:20:40.462572	0.00000000e+00	1	28	1.93119000e-06	7.99515000e-06	-1.50115000e-01	-7.98232000e-06
1.38254327e+02	2026-09-04T17:20:40.462572	0.00000000e+00	1	28	-3.80754000e-05	1.25061000e-05	-2.00121000e-01	-1.26821000e-05
1.38278738e+02	2026-09-04T17:20:40.494631	0.00000000e+00	1	28	1.13010000e-05	1.84996000e-05	-2.50297000e-01	-1.84899000e-05
1.38311116e+02	2026-09-04T17:20:40.526229	0.00000000e+00	1	28	1.02997000e-05	2.67007000e-05	-3.00365000e-01	-2.66783000e-05
1.38322211e+02	2026-09-04T17:20:40.526229	0.00000000e+00	1	28	7.51019000e-06	3.90581000e-05	-3.50383000e-01	-3.90297000e-05
1.38342004e+02	2026-09-04T17:20:40.557796	0.00000000e+00	1	28	7.24792000e-06	5.44272000e-05	-4.00467000e-01	-5.39098000e-05
1.38373480e+02	2026-09-04T17:20:40.589907	0.00000000e+00	1	28	7.34329000e-06	7.27260000e-05	-4.50463000e-01	-6.93492000e-05
1.38398519e+02	2026-09-04T17:20:40.611533	0.00000000e+00	1	28	5.53131000e-06	9.24086000e-05	-5.00533000e-01	-9.01121000e-05
1.38422284e+02	2026-09-04T17:20:40.638067	0.00000000e+00	1	28	4.76837000e-08	8.78641000e-05	-5.50555000e-01	-8.62893000e-05
1.38455495e+02	2026-09-04T17:20:40.670098	0.00000000e+00	1	28	7.15256000e-06	1.00512000e-04	-6.00628000e-01	-9.63418000e-05
1.38486170e+02	2026-09-04T17:20:40.702389	0.00000000e+00	1	28	1.43051000e-07	1.07085000e-04	-6.50646000e-01	-1.03989000e-04
1.38496273e+02	2026-09-04T17:20:40.702389	0.00000000e+00	1	28	8.41618000e-06	1.13712000e-04	-7.00700000e-01	-1.10156000e-04
1.38518113e+02	2026-09-04T17:20:40.733994	0.00000000e+00	1	28	2.12193000e-06	8.85279000e-05	-7.50748000e-01	-8.75093000e-05
1.38549420e+02	2026-09-04T17:20:40.765447	0.00000000e+00	1	28	-9.29832000e-07	9.05440000e-05	-8.00778000e-01	-8.41666000e-05
1.38581435e+02	2026-09-04T17:20:40.797658	0.00000000e+00	1	28	1.66893000e-06	8.31098000e-05	-8.50795000e-01	-8.26725000e-05
1.38589287e+02	2026-09-04T17:20:40.797658	0.00000000e+00	1	28	-6.67572000e-07	9.59220000e-05	-9.00876000e-01	-9.50913000e-05
1.38614684e+02	2026-09-04T17:20:40.829231	0.00000000e+00	1	28	1.57356000e-06	9.87751000e-05	-9.50912000e-01	-9.39289000e-05
1.38649920e+02	2026-09-04T17:20:40.860804	0.00000000e+00	1	28	7.34329000e-06	6.67805000e-05	-1.00095000e+00	-6.52067000e-05
1.38657687e+02	2026-09-04T17:20:40.860804	0.00000000e+00	1	28	2.47955000e-06	7.82934000e-05	-1.05097000e+00	-7.78713000e-05
1.38677123e+02	2026-09-04T17:20:40.893020	0.00000000e+00	1	28	4.05312000e-07	8.80770000e-05	-1.10103000e+00	-8.65211000e-05
1.38741573e+02	2026-09-04T17:20:40.957289	0.00000000e+00	1	28	8.86917000e-06	1.08327000e-04	-1.15112000e+00	-1.00181000e-04
1.38753876e+02	2026-09-04T17:20:40.957289	0.00000000e+00	1	28	2.28882000e-06	1.01898000e-04	-1.20111000e+00	-9.60600000e-05
1.38776681e+02	2026-09-04T17:20:40.989027	0.00000000e+00	1	28	1.12057000e-06	1.03928000e-04	-1.25118000e+00	-9.83245000e-05
1.38811604e+02	2026-09-04T17:20:41.020974	0.00000000e+00	1	28	-2.83718000e-06	1.12904000e-04	-1.30120000e+00	-1.11176000e-04
1.38819387e+02	2026-09-04T17:20:41.031579	0.00000000e+00	1	28	3.29018000e-06	1.23411000e-04	-1.35126000e+00	-1.13741000e-04
1.38870543e+02	2026-09-04T17:20:41.084378	0.00000000e+00	1	28	4.72069000e-06	1.14971000e-04	-1.40126000e+00	-1.13269000e-04
1.38900123e+02	2026-09-04T17:20:41.116327	0.00000000e+00	1	28	7.86781000e-06	1.24851000e-04	-1.45134000e+00	-1.24868000e-04
1.38907702e+02	2026-09-04T17:20:41.116327	0.00000000e+00	1	28	2.12193000e-06	1.38505000e-04	-1.50136000e+00	-1.37191000e-04
1.38915680e+02	2026-09-04T17:20:41.132020	0.00000000e+00	1	28	2.28882000e-06	1.68514000e-04	-1.55142000e+00	-1.57890000e-04
1.38948014e+02	2026-09-04T17:20:41.164041	0.00000000e+00	1	28	5.72205000e-06	1.74979000e-04	-1.60144000e+00	-1.68447000e-04
1.38971273e+02	2026-09-04T17:20:41.180110	0.00000000e+00	1	28	3.09944000e-06	1.88200000e-04	-1.65149000e+00	-1.87354000e-04
1.38979486e+02	2026-09-04T17:20:41.196088	0.00000000e+00	1	28	1.12057000e-06	2.18582000e-04	-1.70151000e+00	-2.07117000e-04
1.39027579e+02	2026-09-04T17:20:41.243382	0.00000000e+00	1	28	3.74317000e-06	2.30462000e-04	-1.75155000e+00	-2.41533000e-04
1.39063655e+02	2026-09-04T17:20:41.275216	0.00000000e+00	1	28	5.72205000e-06	2.55965000e-04	-1.80154000e+00	-2.57117000e-04
1.39071357e+02	2026-09-04T17:20:41.286511	0.00000000e+00	1	28	3.29018000e-06	2.55118000e-04	-1.85163000e+00	-2.52150000e-04
1.39095270e+02	2026-09-04T17:20:41.306833	0.00000000e+00	1	28	1.57356000e-06	2.80576000e-04	-1.90166000e+00	-2.82518000e-04
1.39123349e+02	2026-09-04T17:20:41.338425	0.00000000e+00	1	28	6.69956000e-06	3.12943000e-04	-1.95167000e+00	-3.07645000e-04
1.39131701e+02	2026-09-04T17:20:41.338425	0.00000000e+00	1	28	4.10080000e-06	3.35708000e-04	-2.00170000e+00	-3.38681000e-04
1.39138956e+02	2026-09-04T17:20:41.354068	0.00000000e+00	1	28	-3.19481000e-06	3.41048000e-04	-2.00171000e+00	-3.38477000e-04
1.39195750e+02	2026-09-04T17:20:41.402258	0.00000000e+00	1	28	4.91142000e-06	3.08197000e-04	-1.95169000e+00	-3.10379000e-04
1.39222521e+02	2026-09-04T17:20:41.434300	0.00000000e+00	1	28	4.19617000e-06	2.89432000e-04	-1.90165000e+00	-2.87864000e-04
1.39241541e+02	2026-09-04T17:20:41.450366	0.00000000e+00	1	28	2.93255000e-06	2.64756000e-04	-1.85162000e+00	-2.63243000e-04
1.39282350e+02	2026-09-04T17:20:41.498168	0.00000000e+00	1	28	5.26905000e-06	2.42907000e-04	-1.80156000e+00	-2.44450000e-04
1.39290338e+02	2026-09-04T17:20:41.498168	0.00000000e+00	1	28	2.28882000e-06	2.26303000e-04	-1.75153000e+00	-2.25260000e-04
1.39314559e+02	2026-09-04T17:20:41.529773	0.00000000e+00	1	28	4.76837000e-08	2.04780000e-04	-1.70152000e+00	-2.06789000e-04
1.39347945e+02	2026-09-04T17:20:41.561852	0.00000000e+00	1	28	-4.26769000e-06	1.90350000e-04	-1.65146000e+00	-1.90958000e-04
1.39355790e+02	2026-09-04T17:20:41.561852	0.00000000e+00	1	28	8.67844000e-06	1.75770000e-04	-1.60142000e+00	-1.75213000e-04
1.39377281e+02	2026-09-04T17:20:41.593433	0.00000000e+00	1	28	2.47955000e-06	1.60437000e-04	-1.55140000e+00	-1.59568000e-04
1.39421530e+02	2026-09-04T17:20:41.625523	0.00000000e+00	1	28	3.29018000e-06	1.45913000e-04	-1.50137000e+00	-1.45592000e-04
1.39446142e+02	2026-09-04T17:20:41.657164	0.00000000e+00	1	28	5.17368000e-06	1.32222000e-04	-1.45132000e+00	-1.32221000e-04
1.39453749e+02	2026-09-04T17:20:41.657164	0.00000000e+00	1	28	4.10080000e-06	1.21043000e-04	-1.40128000e+00	-1.20662000e-04
1.39482573e+02	2026-09-04T17:20:41.699466	0.00000000e+00	1	28	8.22544000e-06	1.10821000e-04	-1.35126000e+00	-1.09670000e-04
1.39505658e+02	2026-09-04T17:20:41.721215	0.00000000e+00	1	28	1.12057000e-06	9.96067000e-05	-1.30119000e+00	-1.00005000e-04
1.39516655e+02	2026-09-04T17:20:41.721215	0.00000000e+00	1	28	2.93255000e-06	9.10138000e-05	-1.25116000e+00	-9.09831000e-05
1.39537143e+02	2026-09-04T17:20:41.752983	0.00000000e+00	1	28	1.04904000e-06	8.17856000e-05	-1.20112000e+00	-8.17152000e-05
1.39579909e+02	2026-09-04T17:20:41.784615	0.00000000e+00	1	28	3.83854000e-06	7.36632000e-05	-1.15110000e+00	-7.34373000e-05
1.39600382e+02	2026-09-04T17:20:41.816588	0.00000000e+00	1	28	7.62939000e-07	6.57041000e-05	-1.10104000e+00	-6.57533000e-05
1.39608130e+02	2026-09-04T17:20:41.816588	0.00000000e+00	1	28	7.15256000e-06	5.82151000e-05	-1.05099000e+00	-5.84078000e-05
1.39615725e+02	2026-09-04T17:20:41.832427	0.00000000e+00	1	28	3.19481000e-06	5.34052000e-05	-1.00096000e+00	-5.15630000e-05
1.39664502e+02	2026-09-04T17:20:41.880445	0.00000000e+00	1	28	1.47820000e-06	4.48232000e-05	-9.50908000e-01	-4.47681000e-05
1.39673578e+02	2026-09-04T17:20:41.880445	0.00000000e+00	1	28	4.72069000e-06	3.90770000e-05	-9.00877000e-01	-3.89584000e-05
1.39696371e+02	2026-09-04T17:20:41.912165	0.00000000e+00	1	28	9.53674000e-07	3.36738000e-05	-8.50826000e-01	-3.49230000e-05
1.39737345e+02	2026-09-04T17:20:41.944311	0.00000000e+00	1	28	-3.09944000e-07	3.01249000e-05	-8.00800000e-01	-2.99955000e-05
1.39760504e+02	2026-09-04T17:20:41.976259	0.00000000e+00	1	28	7.05719000e-06	2.53947000e-05	-7.50729000e-01	-2.56001000e-05
1.39769262e+02	2026-09-04T17:20:41.976259	0.00000000e+00	1	28	5.81741000e-06	2.15296000e-05	-7.00717000e-01	-2.15240000e-05
1.39794251e+02	2026-09-04T17:20:42.008188	0.00000000e+00	1	28	9.13143000e-06	1.74519000e-05	-6.50632000e-01	-1.75156000e-05
1.39827298e+02	2026-09-04T17:20:42.040428	0.00000000e+00	1	28	6.98566000e-06	1.43926000e-05	-6.00646000e-01	-1.44260000e-05
1.39845287e+02	2026-09-04T17:20:42.056353	0.00000000e+00	1	28	8.67844000e-06	1.17083000e-05	-5.50581000e-01	-1.17069000e-05
1.39852854e+02	2026-09-04T17:20:42.067031	0.00000000e+00	1	28	2.54154000e-05	9.53735000e-06	-5.00551000e-01	-9.27795000e-06
1.39875383e+02	2026-09-04T17:20:42.087812	0.00000000e+00	1	28	1.21593000e-06	7.56767000e-06	-4.50480000e-01	-7.61357000e-06
1.39887731e+02	2026-09-04T17:20:42.103841	0.00000000e+00	1	28	-4.72069000e-06	5.98587000e-06	-4.00477000e-01	-5.86467000e-06
1.39915157e+02	2026-09-04T17:20:42.119763	0.00000000e+00	1	28	3.09944000e-06	4.44158000e-06	-3.50405000e-01	-4.43732000e-06
1.39935612e+02	2026-09-04T17:20:42.151457	0.00000000e+00	1	28	-5.88894000e-06	3.33736000e-06	-3.00369000e-01	-3.42558000e-06
1.39974326e+02	2026-09-04T17:20:42.183270	0.00000000e+00	1	28	1.85966000e-06	2.51521000e-06	-2.50330000e-01	-2.47615000e-06
1.40004258e+02	2026-09-04T17:20:42.214959	0.00000000e+00	1	28	5.17368000e-06	1.82304000e-06	-2.00167000e-01	-1.79312000e-06
1.40012152e+02	2026-09-04T17:20:42.214959	0.00000000e+00	1	28	1.85966000e-06	1.22285000e-06	-1.50126000e-01	-1.22936000e-06
1.40043425e+02	2026-09-04T17:20:42.257123	0.00000000e+00	1	28	5.36442000e-06	7.45163000e-07	-1.00078000e-01	-7.31414000e-07
1.40068272e+02	2026-09-04T17:20:42.278894	0.00000000e+00	1	28	1.57356000e-06	3.51313000e-07	-5.00373000e-02	-3.46401000e-07
1.40077608e+02	2026-09-04T17:20:42.287346	0.00000000e+00	1	28	3.02792000e-06	7.29203000e-11	-2.08139000e-05	8.12650000e-11
1.43463962e+02	2026-09-04T17:20:45.673334	0.00000000e+00	1	29	-6.50883000e-06	-4.07875000e-10	-1.98364000e-05	8.13055000e-10
1.43472869e+02	2026-09-04T17:20:45.689289	0.00000000e+00	1	29	-7.22408000e-06	2.44446000e-06	-5.00341000e-02	-2.45450000e-06
1.43522663e+02	2026-09-04T17:20:45.737226	0.00000000e+00	1	29	-4.00543000e-06	5.14079000e-06	-1.00082000e-01	-5.13376000e-06
1.43553521e+02	2026-09-04T17:20:45.769348	0.00000000e+00	1	29	-1.30892000e-05	8.33814000e-06	-1.50119000e-01	-8.36466000e-06
1.43562013e+02	2026-09-04T17:20:45.769348	0.00000000e+00	1	29	-5.48840000e-05	1.35698000e-05	-2.00121000e-01	-1.35054000e-05
1.43598713e+02	2026-09-04T17:20:45.800821	0.00000000e+00	1	29	-6.86646000e-06	1.96155000e-05	-2.50308000e-01	-1.96411000e-05
1.43625389e+02	2026-09-04T17:20:45.832987	0.00000000e+00	1	29	-9.39369000e-06	2.86137000e-05	-3.00353000e-01	-2.85867000e-05
1.43649139e+02	2026-09-04T17:20:45.864981	0.00000000e+00	1	29	-1.01089000e-05	4.35395000e-05	-3.50404000e-01	-4.36464000e-05
1.43680964e+02	2026-09-04T17:20:45.896799	0.00000000e+00	1	29	-8.32081000e-06	6.64543000e-05	-4.00450000e-01	-6.67369000e-05
1.43712317e+02	2026-09-04T17:20:45.928434	0.00000000e+00	1	29	-9.20296000e-06	9.84867000e-05	-4.50459000e-01	-9.75753000e-05
1.43744854e+02	2026-09-04T17:20:45.960547	0.00000000e+00	1	29	-1.38283000e-06	9.88439000e-05	-5.00524000e-01	-9.85878000e-05
1.43776392e+02	2026-09-04T17:20:45.993051	0.00000000e+00	1	29	-3.71933000e-06	1.19252000e-04	-5.50585000e-01	-1.17938000e-04
1.43788896e+02	2026-09-04T17:20:46.003645	0.00000000e+00	1	29	-6.24657000e-06	1.35592000e-04	-6.00636000e-01	-1.34262000e-04
1.43810412e+02	2026-09-04T17:20:46.024704	0.00000000e+00	1	29	-7.58171000e-06	1.24900000e-04	-6.50631000e-01	-1.23079000e-04
1.43842816e+02	2026-09-04T17:20:46.057190	0.00000000e+00	1	29	4.26769000e-06	1.21620000e-04	-7.00691000e-01	-1.20185000e-04
1.43850635e+02	2026-09-04T17:20:46.057190	0.00000000e+00	1	29	-6.50883000e-06	1.36962000e-04	-7.50740000e-01	-1.27718000e-04
1.43873005e+02	2026-09-04T17:20:46.088880	0.00000000e+00	1	29	-1.19209000e-07	1.13098000e-04	-8.00795000e-01	-1.06308000e-04
1.43908006e+02	2026-09-04T17:20:46.120594	0.00000000e+00	1	29	-1.72138000e-05	1.09960000e-04	-8.50819000e-01	-1.12894000e-04
1.43936598e+02	2026-09-04T17:20:46.152820	0.00000000e+00	1	29	-1.23501000e-05	1.03838000e-04	-9.00862000e-01	-1.01774000e-04
1.43944426e+02	2026-09-04T17:20:46.152820	0.00000000e+00	1	29	8.58307000e-07	1.18160000e-04	-9.50911000e-01	-1.15486000e-04
1.43970030e+02	2026-09-04T17:20:46.186396	0.00000000e+00	1	29	-9.48906000e-06	1.08589000e-04	-1.00096000e+00	-1.07108000e-04
1.44000671e+02	2026-09-04T17:20:46.216929	0.00000000e+00	1	29	-8.58307000e-06	1.11205000e-04	-1.05096000e+00	-1.10966000e-04
1.44008285e+02	2026-09-04T17:20:46.224697	0.00000000e+00	1	29	-4.52995000e-06	1.23644000e-04	-1.10106000e+00	-1.14403000e-04
1.44016465e+02	2026-09-04T17:20:46.232707	0.00000000e+00	1	29	4.76837000e-08	1.21142000e-04	-1.15113000e+00	-1.19037000e-04
1.44024294e+02	2026-09-04T17:20:46.240726	0.00000000e+00	1	29	-4.81606000e-06	1.31412000e-04	-1.20113000e+00	-1.17448000e-04
1.44049094e+02	2026-09-04T17:20:46.265530	0.00000000e+00	1	29	3.29018000e-06	1.16098000e-04	-1.25118000e+00	-1.13853000e-04
1.44072375e+02	2026-09-04T17:20:46.288074	0.00000000e+00	1	29	-2.90871000e-06	1.30683000e-04	-1.30122000e+00	-1.24109000e-04
1.44096494e+02	2026-09-04T17:20:46.312496	0.00000000e+00	1	29	-6.77109000e-06	1.35416000e-04	-1.35125000e+00	-1.35091000e-04
1.44120941e+02	2026-09-04T17:20:46.337469	0.00000000e+00	1	29	2.47955000e-06	1.29878000e-04	-1.40126000e+00	-1.27160000e-04
1.44137305e+02	2026-09-04T17:20:46.353471	0.00000000e+00	1	29	-3.09944000e-06	1.38307000e-04	-1.45132000e+00	-1.38548000e-04
1.44161043e+02	2026-09-04T17:20:46.377500	0.00000000e+00	1	29	-1.47820000e-06	1.82435000e-04	-1.50137000e+00	-1.73841000e-04
1.44168671e+02	2026-09-04T17:20:46.384718	0.00000000e+00	1	29	-6.34193000e-06	1.87883000e-04	-1.55141000e+00	-1.88132000e-04
1.44176886e+02	2026-09-04T17:20:46.393718	0.00000000e+00	1	29	-6.15120000e-06	2.02569000e-04	-1.60142000e+00	-2.01789000e-04
1.44203821e+02	2026-09-04T17:20:46.420432	0.00000000e+00	1	29	-3.00407000e-06	1.82887000e-04	-1.65148000e+00	-1.82600000e-04
1.44234497e+02	2026-09-04T17:20:46.450863	0.00000000e+00	1	29	-7.51019000e-06	2.03707000e-04	-1.70150000e+00	-2.02341000e-04
1.44242523e+02	2026-09-04T17:20:46.459172	0.00000000e+00	1	29	-5.88894000e-06	2.06038000e-04	-1.75153000e+00	-2.06494000e-04
1.44250657e+02	2026-09-04T17:20:46.467165	0.00000000e+00	1	29	-7.05719000e-06	2.25558000e-04	-1.80157000e+00	-2.26640000e-04
1.44258361e+02	2026-09-04T17:20:46.474867	0.00000000e+00	1	29	-2.09808000e-06	2.48202000e-04	-1.85164000e+00	-2.47181000e-04
1.44281895e+02	2026-09-04T17:20:46.498408	0.00000000e+00	1	29	-4.98295000e-06	2.64985000e-04	-1.90165000e+00	-2.65950000e-04
1.44311460e+02	2026-09-04T17:20:46.527401	0.00000000e+00	1	29	-6.77109000e-06	2.95669000e-04	-1.95168000e+00	-3.04520000e-04
1.44322222e+02	2026-09-04T17:20:46.538743	0.00000000e+00	1	29	-1.19925000e-05	3.20956000e-04	-2.00170000e+00	-3.27409000e-04
1.44353881e+02	2026-09-04T17:20:46.570216	0.00000000e+00	1	29	-8.39233000e-06	3.29019000e-04	-2.00171000e+00	-3.22290000e-04
1.44396929e+02	2026-09-04T17:20:46.612910	0.00000000e+00	1	29	-3.00407000e-06	3.00644000e-04	-1.95169000e+00	-3.00157000e-04
1.44419963e+02	2026-09-04T17:20:46.636767	0.00000000e+00	1	29	-8.22544000e-06	2.81391000e-04	-1.90166000e+00	-2.89499000e-04
1.44448716e+02	2026-09-04T17:20:46.664765	0.00000000e+00	1	29	-1.11818000e-05	2.66440000e-04	-1.85161000e+00	-2.65229000e-04
1.44474497e+02	2026-09-04T17:20:46.690769	0.00000000e+00	1	29	-1.13726000e-05	2.46351000e-04	-1.80154000e+00	-2.47312000e-04
1.44483051e+02	2026-09-04T17:20:46.699307	0.00000000e+00	1	29	-3.45707000e-06	2.30003000e-04	-1.75154000e+00	-2.30507000e-04
1.44490597e+02	2026-09-04T17:20:46.707308	0.00000000e+00	1	29	-1.33514000e-05	2.11397000e-04	-1.70149000e+00	-2.12820000e-04
1.44515107e+02	2026-09-04T17:20:46.731767	0.00000000e+00	1	29	-1.25408000e-05	1.96536000e-04	-1.65147000e+00	-1.96249000e-04
1.44543505e+02	2026-09-04T17:20:46.760165	0.00000000e+00	1	29	-8.84533000e-06	1.79920000e-04	-1.60141000e+00	-1.77828000e-04
1.44564295e+02	2026-09-04T17:20:46.780585	0.00000000e+00	1	29	-3.62396000e-06	1.65481000e-04	-1.55140000e+00	-1.64655000e-04
1.44571863e+02	2026-09-04T17:20:46.788577	0.00000000e+00	1	29	-4.36306000e-06	1.51024000e-04	-1.50133000e+00	-1.50624000e-04
1.44589970e+02	2026-09-04T17:20:46.806554	0.00000000e+00	1	29	-3.45707000e-06	1.37328000e-04	-1.45134000e+00	-1.36662000e-04
1.44630153e+02	2026-09-04T17:20:46.846848	0.00000000e+00	1	29	-1.04666000e-05	1.24920000e-04	-1.40127000e+00	-1.24947000e-04
1.44638257e+02	2026-09-04T17:20:46.855010	0.00000000e+00	1	29	-2.83718000e-06	1.13549000e-04	-1.35128000e+00	-1.13893000e-04
1.44646054e+02	2026-09-04T17:20:46.862005	0.00000000e+00	1	29	-6.24657000e-06	1.04015000e-04	-1.30121000e+00	-1.04293000e-04
1.44655009e+02	2026-09-04T17:20:46.871227	0.00000000e+00	1	29	-7.31945000e-06	9.37257000e-05	-1.25118000e+00	-9.37522000e-05
1.44701141e+02	2026-09-04T17:20:46.917308	0.00000000e+00	1	29	-8.67844000e-06	8.44606000e-05	-1.20111000e+00	-8.41021000e-05
1.44708907e+02	2026-09-04T17:20:46.925323	0.00000000e+00	1	29	-6.77109000e-06	7.57770000e-05	-1.15112000e+00	-7.50836000e-05
1.44717232e+02	2026-09-04T17:20:46.933733	0.00000000e+00	1	29	-7.22408000e-06	6.77617000e-05	-1.10105000e+00	-6.75581000e-05
1.44725653e+02	2026-09-04T17:20:46.941723	0.00000000e+00	1	29	-1.19209000e-07	5.98386000e-05	-1.05097000e+00	-5.94019000e-05
1.44748322e+02	2026-09-04T17:20:46.964581	0.00000000e+00	1	29	-3.81470000e-06	5.27858000e-05	-1.00099000e+00	-5.28586000e-05
1.44778924e+02	2026-09-04T17:20:46.995583	0.00000000e+00	1	29	4.76837000e-08	4.60104000e-05	-9.50895000e-01	-4.60851000e-05
1.44791399e+02	2026-09-04T17:20:47.007851	0.00000000e+00	1	29	-8.13007000e-06	4.00969000e-05	-9.00866000e-01	-4.00644000e-05
1.44799403e+02	2026-09-04T17:20:47.015865	0.00000000e+00	1	29	-5.17368000e-06	3.50070000e-05	-8.50814000e-01	-3.47851000e-05
1.44815448e+02	2026-09-04T17:20:47.031382	0.00000000e+00	1	29	-6.60419000e-06	2.96399000e-05	-8.00817000e-01	-2.96891000e-05
1.44850739e+02	2026-09-04T17:20:47.066908	0.00000000e+00	1	29	-7.58171000e-06	2.53200000e-05	-7.50725000e-01	-2.54332000e-05
1.44875396e+02	2026-09-04T17:20:47.091992	0.00000000e+00	1	29	-4.88758000e-06	2.15217000e-05	-7.00702000e-01	-2.15237000e-05
1.44883438e+02	2026-09-04T17:20:47.099475	0.00000000e+00	1	29	-3.62396000e-06	1.80771000e-05	-6.50651000e-01	-1.80362000e-05
1.44909173e+02	2026-09-04T17:20:47.125688	0.00000000e+00	1	29	-1.66893000e-06	1.49844000e-05	-6.00621000e-01	-1.50925000e-05
1.44939557e+02	2026-09-04T17:20:47.155524	0.00000000e+00	1	29	-3.09944000e-06	1.25536000e-05	-5.50588000e-01	-1.25884000e-05
1.44947252e+02	2026-09-04T17:20:47.163838	0.00000000e+00	1	29	1.12057000e-06	1.01969000e-05	-5.00518000e-01	-1.02162000e-05
1.44954877e+02	2026-09-04T17:20:47.168848	0.00000000e+00	1	29	2.36988000e-05	8.12461000e-06	-4.50485000e-01	-8.00361000e-06
1.44967853e+02	2026-09-04T17:20:47.168848	0.00000000e+00	1	29	-1.38760000e-05	6.33605000e-06	-4.00472000e-01	-6.40923000e-06
1.45015990e+02	2026-09-04T17:20:47.232690	0.00000000e+00	1	29	-1.29938000e-05	4.75932000e-06	-3.50397000e-01	-4.70594000e-06
1.45038447e+02	2026-09-04T17:20:47.248622	0.00000000e+00	1	29	-1.14679000e-05	3.56364000e-06	-3.00372000e-01	-3.51907000e-06
1.45054717e+02	2026-09-04T17:20:47.264675	0.00000000e+00	1	29	-1.14679000e-05	2.64639000e-06	-2.50312000e-01	-2.67438000e-06
1.45097066e+02	2026-09-04T17:20:47.312255	0.00000000e+00	1	29	-2.90871000e-06	1.89741000e-06	-2.00172000e-01	-1.85975000e-06
1.45105267e+02	2026-09-04T17:20:47.312255	0.00000000e+00	1	29	-1.04666000e-05	1.29557000e-06	-1.50135000e-01	-1.29392000e-06
1.45127813e+02	2026-09-04T17:20:47.343677	0.00000000e+00	1	29	-8.13007000e-06	7.79514000e-07	-1.00086000e-01	-7.63706000e-07
1.45174464e+02	2026-09-04T17:20:47.390926	0.00000000e+00	1	29	-1.93119000e-06	3.76333000e-07	-5.00452000e-02	-3.70114000e-07
1.45195747e+02	2026-09-04T17:20:47.406994	0.00000000e+00	1	29	-4.36306000e-06	1.23858000e-11	-2.72989000e-05	9.28044000e-11
1.48519043e+02	2026-09-04T17:20:50.723656	0.00000000e+00	1	30	5.26905000e-06	-2.14504000e-09	-2.27213000e-05	8.82941000e-09
1.48539566e+02	2026-09-04T17:20:50.755389	0.00000000e+00	1	30	-5.23806000e-05	2.80162000e-05	-4.99876000e-02	-2.79497000e-05
1.48586390e+02	2026-09-04T17:20:50.787274	0.00000000e+00	1	30	-5.72205000e-07	5.86823000e-05	-1.00083000e-01	-5.85592000e-05
1.48614678e+02	2026-09-04T17:20:50.830368	0.00000000e+00	1	30	-7.96318000e-06	9.41520000e-05	-1.50123000e-01	-9.41539000e-05
1.48635176e+02	2026-09-04T17:20:50.851547	0.00000000e+00	1	30	-5.43594000e-06	1.37046000e-04	-2.00165000e-01	-1.36598000e-04
1.48683395e+02	2026-09-04T17:20:50.899449	0.00000000e+00	1	30	-4.43459000e-06	1.86968000e-04	-2.50318000e-01	-1.87293000e-04
1.48704900e+02	2026-09-04T17:20:50.915203	0.00000000e+00	1	30	-3.09944000e-07	2.42763000e-04	-3.00379000e-01	-2.42108000e-04
1.48712785e+02	2026-09-04T17:20:50.915203	0.00000000e+00	1	30	-3.09944000e-06	3.01372000e-04	-3.50395000e-01	-3.01576000e-04
1.48763179e+02	2026-09-04T17:20:50.979012	0.00000000e+00	1	30	5.00679000e-07	3.62125000e-04	-4.00486000e-01	-3.61510000e-04
1.48771608e+02	2026-09-04T17:20:50.979012	0.00000000e+00	1	30	-2.28882000e-06	4.22677000e-04	-4.50469000e-01	-4.20665000e-04
1.48780838e+02	2026-09-04T17:20:50.996713	0.00000000e+00	1	30	-4.36306000e-06	4.73652000e-04	-5.00527000e-01	-4.71070000e-04
1.48788665e+02	2026-09-04T17:20:50.996713	0.00000000e+00	1	30	-7.62939000e-07	5.16088000e-04	-5.50570000e-01	-5.03721000e-04
1.48810979e+02	2026-09-04T17:20:51.026803	0.00000000e+00	1	30	-4.72069000e-06	4.07134000e-04	-6.00633000e-01	-3.97710000e-04
1.48846648e+02	2026-09-04T17:20:51.059020	0.00000000e+00	1	30	-1.04666000e-05	3.68303000e-04	-6.50618000e-01	-3.64121000e-04
1.48857062e+02	2026-09-04T17:20:51.059020	0.00000000e+00	1	30	-8.58307000e-06	2.41642000e-04	-7.00724000e-01	-2.35659000e-04
1.48911472e+02	2026-09-04T17:20:51.123086	0.00000000e+00	1	30	-3.91006000e-06	2.27651000e-04	-7.50734000e-01	-2.26126000e-04
1.48943974e+02	2026-09-04T17:20:51.155344	0.00000000e+00	1	30	-1.02997000e-05	2.41247000e-04	-8.00822000e-01	-2.39358000e-04
1.48954833e+02	2026-09-04T17:20:51.171312	0.00000000e+00	1	30	-9.48906000e-06	2.52161000e-04	-8.50809000e-01	-2.06301000e-04
1.49004937e+02	2026-09-04T17:20:51.219620	0.00000000e+00	1	30	-3.81470000e-06	2.22742000e-04	-9.00871000e-01	-2.20046000e-04
1.49013489e+02	2026-09-04T17:20:51.219620	0.00000000e+00	1	30	2.38419000e-07	2.34727000e-04	-9.50905000e-01	-2.37833000e-04
1.49034720e+02	2026-09-04T17:20:51.251038	0.00000000e+00	1	30	-1.74046000e-06	2.04719000e-04	-1.00096000e+00	-2.11626000e-04
1.49069255e+02	2026-09-04T17:20:51.283100	0.00000000e+00	1	30	-4.43459000e-06	2.08786000e-04	-1.05098000e+00	-2.01504000e-04
1.49098953e+02	2026-09-04T17:20:51.314984	0.00000000e+00	1	30	-1.16348000e-05	1.88793000e-04	-1.10105000e+00	-1.80932000e-04
1.49107535e+02	2026-09-04T17:20:51.314984	0.00000000e+00	1	30	-1.39713000e-05	2.00096000e-04	-1.15113000e+00	-1.96970000e-04
1.49132797e+02	2026-09-04T17:20:51.347773	0.00000000e+00	1	30	-4.26769000e-06	1.41524000e-04	-1.20114000e+00	-1.45295000e-04
1.49165021e+02	2026-09-04T17:20:51.379972	0.00000000e+00	1	30	-1.24455000e-05	1.41858000e-04	-1.25118000e+00	-1.42695000e-04
1.49173655e+02	2026-09-04T17:20:51.389795	0.00000000e+00	1	30	-9.94205000e-06	1.60236000e-04	-1.30121000e+00	-1.68172000e-04
1.49195476e+02	2026-09-04T17:20:51.411361	0.00000000e+00	1	30	-1.56879000e-05	1.57283000e-04	-1.35127000e+00	-1.40726000e-04
1.49249315e+02	2026-09-04T17:20:51.461789	0.00000000e+00	1	30	-2.10762000e-05	1.65269000e-04	-1.40127000e+00	-1.68340000e-04
1.49257559e+02	2026-09-04T17:20:51.461789	0.00000000e+00	1	30	-1.08242000e-05	1.90743000e-04	-1.45132000e+00	-1.60614000e-04
1.49289206e+02	2026-09-04T17:20:51.501562	0.00000000e+00	1	30	-6.86646000e-06	1.78931000e-04	-1.50137000e+00	-1.81131000e-04
1.49338231e+02	2026-09-04T17:20:51.554526	0.00000000e+00	1	30	-8.58307000e-07	1.90985000e-04	-1.55142000e+00	-1.89256000e-04
1.49345897e+02	2026-09-04T17:20:51.554526	0.00000000e+00	1	30	-3.19481000e-06	1.99353000e-04	-1.60143000e+00	-1.96648000e-04
1.49353477e+02	2026-09-04T17:20:51.554526	0.00000000e+00	1	30	1.19209000e-05	1.97427000e-04	-1.65147000e+00	-1.79906000e-04
1.49404311e+02	2026-09-04T17:20:51.618904	0.00000000e+00	1	30	2.47955000e-06	1.99659000e-04	-1.70154000e+00	-1.97805000e-04
1.49413234e+02	2026-09-04T17:20:51.618904	0.00000000e+00	1	30	-2.90871000e-06	2.15486000e-04	-1.75156000e+00	-2.15338000e-04
1.49421126e+02	2026-09-04T17:20:51.636173	0.00000000e+00	1	30	3.38554000e-06	2.34284000e-04	-1.80156000e+00	-2.32524000e-04
1.49429260e+02	2026-09-04T17:20:51.636173	0.00000000e+00	1	30	1.57356000e-06	2.52168000e-04	-1.85162000e+00	-2.50393000e-04
1.49455337e+02	2026-09-04T17:20:51.666592	0.00000000e+00	1	30	-2.64645000e-06	2.73149000e-04	-1.90163000e+00	-2.70970000e-04
1.49487568e+02	2026-09-04T17:20:51.698903	0.00000000e+00	1	30	2.12193000e-06	2.95015000e-04	-1.95170000e+00	-2.95257000e-04
1.49495208e+02	2026-09-04T17:20:51.698903	0.00000000e+00	1	30	-1.11103000e-05	3.27843000e-04	-2.00168000e+00	-3.33293000e-04
1.49501740e+02	2026-09-04T17:20:51.715157	0.00000000e+00	1	30	-4.43459000e-06	3.23587000e-04	-2.00172000e+00	-3.22887000e-04
1.49555888e+02	2026-09-04T17:20:51.761945	0.00000000e+00	1	30	-5.53131000e-06	2.96994000e-04	-1.95168000e+00	-2.97157000e-04
1.49577358e+02	2026-09-04T17:20:51.793660	0.00000000e+00	1	30	-4.43459000e-06	2.81794000e-04	-1.90165000e+00	-2.80154000e-04
1.49585349e+02	2026-09-04T17:20:51.793660	0.00000000e+00	1	30	-3.26633000e-06	2.62232000e-04	-1.85161000e+00	-2.61475000e-04
1.49593437e+02	2026-09-04T17:20:51.809745	0.00000000e+00	1	30	-1.19209000e-07	2.45867000e-04	-1.80156000e+00	-2.48607000e-04
1.49643532e+02	2026-09-04T17:20:51.857877	0.00000000e+00	1	30	-6.05583000e-06	2.30191000e-04	-1.75155000e+00	-2.29468000e-04
1.49651419e+02	2026-09-04T17:20:51.857877	0.00000000e+00	1	30	-2.45571000e-06	2.13916000e-04	-1.70147000e+00	-2.14139000e-04
1.49674108e+02	2026-09-04T17:20:51.889991	0.00000000e+00	1	30	1.57356000e-06	1.98753000e-04	-1.65147000e+00	-1.95688000e-04
1.49707625e+02	2026-09-04T17:20:51.922052	0.00000000e+00	1	30	-3.00407000e-06	1.82053000e-04	-1.60141000e+00	-1.80783000e-04
1.49737676e+02	2026-09-04T17:20:51.953816	0.00000000e+00	1	30	-5.07832000e-06	1.65972000e-04	-1.55140000e+00	-1.66418000e-04
1.49746027e+02	2026-09-04T17:20:51.962448	0.00000000e+00	1	30	-1.57356000e-06	1.52920000e-04	-1.50135000e+00	-1.53173000e-04
1.49768616e+02	2026-09-04T17:20:51.984748	0.00000000e+00	1	30	2.57492000e-06	1.39385000e-04	-1.45133000e+00	-1.41253000e-04
1.49821300e+02	2026-09-04T17:20:52.036790	0.00000000e+00	1	30	-4.88758000e-06	1.27742000e-04	-1.40127000e+00	-1.27412000e-04
1.49830642e+02	2026-09-04T17:20:52.046191	0.00000000e+00	1	30	-4.05312000e-07	1.16475000e-04	-1.35126000e+00	-1.15175000e-04
1.49853100e+02	2026-09-04T17:20:52.063946	0.00000000e+00	1	30	-1.38283000e-06	1.05059000e-04	-1.30121000e+00	-1.04889000e-04
1.49860991e+02	2026-09-04T17:20:52.063946	0.00000000e+00	1	30	-4.62532000e-06	9.56256000e-05	-1.25117000e+00	-9.54727000e-05
1.49892300e+02	2026-09-04T17:20:52.095559	0.00000000e+00	1	30	-1.19209000e-07	8.53795000e-05	-1.20111000e+00	-8.58028000e-05
1.49917861e+02	2026-09-04T17:20:52.130870	0.00000000e+00	1	30	-7.58171000e-06	7.70702000e-05	-1.15110000e+00	-7.68468000e-05
1.49925615e+02	2026-09-04T17:20:52.130870	0.00000000e+00	1	30	2.02656000e-06	6.84534000e-05	-1.10104000e+00	-6.81950000e-05
1.49975875e+02	2026-09-04T17:20:52.191032	0.00000000e+00	1	30	-4.43459000e-06	6.07079000e-05	-1.05099000e+00	-6.06438000e-05
1.50006757e+02	2026-09-04T17:20:52.223003	0.00000000e+00	1	30	2.67029000e-06	5.37137000e-05	-1.00097000e+00	-5.36613000e-05
1.50015372e+02	2026-09-04T17:20:52.223003	0.00000000e+00	1	30	1.04904000e-06	4.73799000e-05	-9.50913000e-01	-4.73324000e-05
1.50039419e+02	2026-09-04T17:20:52.255197	0.00000000e+00	1	30	-3.81470000e-06	4.10798000e-05	-9.00883000e-01	-4.10029000e-05
1.50072274e+02	2026-09-04T17:20:52.286931	0.00000000e+00	1	30	4.76837000e-08	3.54647000e-05	-8.50812000e-01	-3.55600000e-05
1.50080149e+02	2026-09-04T17:20:52.291632	0.00000000e+00	1	30	6.91414000e-07	3.02163000e-05	-8.00817000e-01	-3.02066000e-05
1.50102736e+02	2026-09-04T17:20:52.318706	0.00000000e+00	1	30	7.62939000e-07	2.51590000e-05	-7.50742000e-01	-2.52805000e-05
1.50135386e+02	2026-09-04T17:20:52.350818	0.00000000e+00	1	30	-1.47820000e-06	2.10854000e-05	-7.00713000e-01	-2.08164000e-05
1.50165753e+02	2026-09-04T17:20:52.382518	0.00000000e+00	1	30	6.43730000e-06	1.74762000e-05	-6.50641000e-01	-1.74789000e-05
1.50173817e+02	2026-09-04T17:20:52.382518	0.00000000e+00	1	30	1.43528000e-05	1.46657000e-05	-6.00616000e-01	-1.47241000e-05
1.50200419e+02	2026-09-04T17:20:52.413344	0.00000000e+00	1	30	6.43730000e-06	1.21675000e-05	-5.50573000e-01	-1.19231000e-05
1.50233219e+02	2026-09-04T17:20:52.445658	0.00000000e+00	1	30	1.58787000e-05	9.57661000e-06	-5.00537000e-01	-9.41993000e-06
1.50262248e+02	2026-09-04T17:20:52.477787	0.00000000e+00	1	30	-3.09944000e-06	7.46081000e-06	-4.50458000e-01	-7.44332000e-06
1.50305758e+02	2026-09-04T17:20:52.509836	0.00000000e+00	1	30	-6.60419000e-06	5.82102000e-06	-4.00452000e-01	-5.79033000e-06
1.50330130e+02	2026-09-04T17:20:52.541580	0.00000000e+00	1	30	-4.17233000e-06	4.52747000e-06	-3.50393000e-01	-4.55089000e-06
1.50337725e+02	2026-09-04T17:20:52.551007	0.00000000e+00	1	30	-9.48906000e-06	3.49000000e-06	-3.00341000e-01	-3.46785000e-06
1.50367024e+02	2026-09-04T17:20:52.573599	0.00000000e+00	1	30	-6.69956000e-06	2.67794000e-06	-2.50310000e-01	-2.65093000e-06
1.50397899e+02	2026-09-04T17:20:52.605982	0.00000000e+00	1	30	-3.55244000e-06	1.88897000e-06	-2.00162000e-01	-1.89367000e-06
1.50421417e+02	2026-09-04T17:20:52.637295	0.00000000e+00	1	30	-1.83582000e-06	1.28089000e-06	-1.50123000e-01	-1.25831000e-06
1.50484833e+02	2026-09-04T17:20:52.701072	0.00000000e+00	1	30	-2.09808000e-06	7.67281000e-07	-1.00075000e-01	-7.71293000e-07
1.50497367e+02	2026-09-04T17:20:52.701072	0.00000000e+00	1	30	-1.12057000e-06	3.66906000e-07	-5.00397000e-02	-3.67095000e-07
1.50517303e+02	2026-09-04T17:20:52.732901	0.00000000e+00	1	30	-8.22544000e-06	-1.33991000e-10	-2.02894000e-05	-5.10454000e-11
1.53810691e+02	2026-09-04T17:20:56.016509	0.00000000e+00	1	31	-4.00543000e-06	-1.42288000e-09	-1.64032000e-05	1.85250000e-09
1.53848720e+02	2026-09-04T17:20:56.064804	0.00000000e+00	1	31	-1.01089000e-05	3.33946000e-06	-5.00331000e-02	-3.32403000e-06
1.53874715e+02	2026-09-04T17:20:56.080765	0.00000000e+00	1	31	-8.22544000e-06	7.24772000e-06	-1.00073000e-01	-7.25181000e-06
1.53904059e+02	2026-09-04T17:20:56.112716	0.00000000e+00	1	31	-5.27382000e-05	1.32312000e-05	-1.50082000e-01	-1.36101000e-05
1.53961247e+02	2026-09-04T17:20:56.177590	0.00000000e+00	1	31	8.58307000e-07	2.15753000e-05	-2.00158000e-01	-2.14953000e-05
1.53969640e+02	2026-09-04T17:20:56.177590	0.00000000e+00	1	31	-2.02656000e-06	3.31241000e-05	-2.50305000e-01	-3.28906000e-05
1.53997223e+02	2026-09-04T17:20:56.208928	0.00000000e+00	1	31	-6.24657000e-06	4.93551000e-05	-3.00358000e-01	-4.95388000e-05
1.54028609e+02	2026-09-04T17:20:56.241224	0.00000000e+00	1	31	-3.19481000e-06	6.76430000e-05	-3.50402000e-01	-6.81029000e-05
1.54036493e+02	2026-09-04T17:20:56.250453	0.00000000e+00	1	31	-1.02043000e-05	9.04161000e-05	-4.00464000e-01	-8.96195000e-05
1.54057066e+02	2026-09-04T17:20:56.273370	0.00000000e+00	1	31	-8.67844000e-06	9.46632000e-05	-4.50461000e-01	-8.55113000e-05
1.54088947e+02	2026-09-04T17:20:56.305321	0.00000000e+00	1	31	-1.40667000e-05	4.68240000e-05	-5.00528000e-01	-4.91299000e-05
1.54114799e+02	2026-09-04T17:20:56.321267	0.00000000e+00	1	31	-1.30892000e-05	6.02240000e-05	-5.50565000e-01	-5.48383000e-05
1.54138392e+02	2026-09-04T17:20:56.353347	0.00000000e+00	1	31	-4.52995000e-06	5.43901000e-05	-6.00651000e-01	-6.00078000e-05
1.54172489e+02	2026-09-04T17:20:56.385392	0.00000000e+00	1	31	-6.05583000e-06	4.86389000e-05	-6.50648000e-01	-5.08987000e-05
1.54201320e+02	2026-09-04T17:20:56.417506	0.00000000e+00	1	31	-3.36170000e-06	5.55909000e-05	-7.00689000e-01	-5.52751000e-05
1.54209125e+02	2026-09-04T17:20:56.417506	0.00000000e+00	1	31	3.19481000e-06	6.22661000e-05	-7.50748000e-01	-5.86936000e-05
1.54216615e+02	2026-09-04T17:20:56.433423	0.00000000e+00	1	31	4.05312000e-07	6.32479000e-05	-8.00808000e-01	-4.86060000e-05
1.54268029e+02	2026-09-04T17:20:56.481500	0.00000000e+00	1	31	-1.21832000e-05	5.38318000e-05	-8.50821000e-01	-5.32093000e-05
1.54275914e+02	2026-09-04T17:20:56.481500	0.00000000e+00	1	31	4.76837000e-08	6.18683000e-05	-9.00879000e-01	-6.04659000e-05
1.54297765e+02	2026-09-04T17:20:56.514343	0.00000000e+00	1	31	4.62532000e-06	5.46148000e-05	-9.50893000e-01	-5.60986000e-05
1.54332422e+02	2026-09-04T17:20:56.545990	0.00000000e+00	1	31	3.19481000e-06	6.19055000e-05	-1.00094000e+00	-5.78461000e-05
1.54361760e+02	2026-09-04T17:20:56.577985	0.00000000e+00	1	31	-6.60419000e-06	6.34765000e-05	-1.05099000e+00	-6.34960000e-05
1.54370148e+02	2026-09-04T17:20:56.577985	0.00000000e+00	1	31	5.07832000e-06	6.81505000e-05	-1.10104000e+00	-6.57628000e-05
1.54394156e+02	2026-09-04T17:20:56.609903	0.00000000e+00	1	31	3.64780000e-06	7.07494000e-05	-1.15112000e+00	-7.35059000e-05
1.54421138e+02	2026-09-04T17:20:56.636615	0.00000000e+00	1	31	1.12057000e-06	8.07282000e-05	-1.20112000e+00	-7.96991000e-05
1.54442066e+02	2026-09-04T17:20:56.657853	0.00000000e+00	1	31	-3.00407000e-06	8.38713000e-05	-1.25115000e+00	-8.34371000e-05
1.54450166e+02	2026-09-04T17:20:56.657853	0.00000000e+00	1	31	-1.28746000e-06	9.48093000e-05	-1.30120000e+00	-9.38057000e-05
1.54476672e+02	2026-09-04T17:20:56.690958	0.00000000e+00	1	31	-2.55108000e-06	1.00829000e-04	-1.35126000e+00	-9.99795000e-05
1.54503380e+02	2026-09-04T17:20:56.714232	0.00000000e+00	1	31	-3.45707000e-06	1.10326000e-04	-1.40128000e+00	-1.11850000e-04
1.54526090e+02	2026-09-04T17:20:56.738966	0.00000000e+00	1	31	2.02656000e-06	1.20072000e-04	-1.45132000e+00	-1.21181000e-04
1.54552467e+02	2026-09-04T17:20:56.763915	0.00000000e+00	1	31	-5.17368000e-06	1.32625000e-04	-1.50136000e+00	-1.33390000e-04
1.54586435e+02	2026-09-04T17:20:56.801621	0.00000000e+00	1	31	-2.28882000e-06	1.46148000e-04	-1.55140000e+00	-1.45834000e-04
1.54594377e+02	2026-09-04T17:20:56.801621	0.00000000e+00	1	31	-3.19481000e-06	1.58409000e-04	-1.60141000e+00	-1.57136000e-04
1.54617055e+02	2026-09-04T17:20:56.833248	0.00000000e+00	1	31	-1.74046000e-06	1.72442000e-04	-1.65149000e+00	-1.74022000e-04
1.54649621e+02	2026-09-04T17:20:56.865491	0.00000000e+00	1	31	-4.00543000e-06	1.87331000e-04	-1.70151000e+00	-1.89617000e-04
1.54679890e+02	2026-09-04T17:20:56.881577	0.00000000e+00	1	31	-4.17233000e-06	2.01972000e-04	-1.75154000e+00	-2.02793000e-04
1.54731421e+02	2026-09-04T17:20:56.945581	0.00000000e+00	1	31	-2.74181000e-06	2.26568000e-04	-1.80154000e+00	-2.27189000e-04
1.54755207e+02	2026-09-04T17:20:56.962974	0.00000000e+00	1	31	-6.41346000e-06	2.43546000e-04	-1.85163000e+00	-2.45302000e-04
1.54777494e+02	2026-09-04T17:20:56.993496	0.00000000e+00	1	31	-5.07832000e-06	2.71716000e-04	-1.90166000e+00	-2.74817000e-04
1.54824481e+02	2026-09-04T17:20:57.025603	0.00000000e+00	1	31	-5.43594000e-06	2.96566000e-04	-1.95166000e+00	-3.04687000e-04
1.54845982e+02	2026-09-04T17:20:57.060718	0.00000000e+00	1	31	-7.51019000e-06	3.33989000e-04	-2.00170000e+00	-3.38460000e-04
1.54852512e+02	2026-09-04T17:20:57.060718	0.00000000e+00	1	31	1.76430000e-06	3.44426000e-04	-2.00169000e+00	-3.43128000e-04
1.54877110e+02	2026-09-04T17:20:57.089219	0.00000000e+00	1	31	-3.26633000e-06	3.16946000e-04	-1.95170000e+00	-3.16940000e-04
1.54908734e+02	2026-09-04T17:20:57.121271	0.00000000e+00	1	31	-2.55108000e-06	2.85382000e-04	-1.90165000e+00	-2.84944000e-04
1.54917014e+02	2026-09-04T17:20:57.121271	0.00000000e+00	1	31	-8.03471000e-06	2.70571000e-04	-1.85162000e+00	-2.73436000e-04
1.54937526e+02	2026-09-04T17:20:57.153343	0.00000000e+00	1	31	-4.88758000e-06	2.51435000e-04	-1.80156000e+00	-2.45912000e-04
1.54973922e+02	2026-09-04T17:20:57.188429	0.00000000e+00	1	31	-2.64645000e-06	2.26884000e-04	-1.75155000e+00	-2.27719000e-04
1.55001501e+02	2026-09-04T17:20:57.217355	0.00000000e+00	1	31	-9.94205000e-06	2.12967000e-04	-1.70151000e+00	-2.13261000e-04
1.55009734e+02	2026-09-04T17:20:57.226147	0.00000000e+00	1	31	-6.41346000e-06	1.96036000e-04	-1.65146000e+00	-1.96563000e-04
1.55037913e+02	2026-09-04T17:20:57.249168	0.00000000e+00	1	31	-6.69956000e-06	1.81653000e-04	-1.60140000e+00	-1.81191000e-04
1.55069945e+02	2026-09-04T17:20:57.281275	0.00000000e+00	1	31	-7.86781000e-06	1.66145000e-04	-1.55141000e+00	-1.66854000e-04
1.55077797e+02	2026-09-04T17:20:57.293227	0.00000000e+00	1	31	-6.86646000e-06	1.52573000e-04	-1.50136000e+00	-1.53747000e-04
1.55096626e+02	2026-09-04T17:20:57.312780	0.00000000e+00	1	31	-1.09196000e-05	1.40591000e-04	-1.45132000e+00	-1.39643000e-04
1.55139397e+02	2026-09-04T17:20:57.345411	0.00000000e+00	1	31	-7.58171000e-06	1.28614000e-04	-1.40125000e+00	-1.28639000e-04
1.55160746e+02	2026-09-04T17:20:57.377386	0.00000000e+00	1	31	-8.74996000e-06	1.16198000e-04	-1.35126000e+00	-1.15904000e-04
1.55168566e+02	2026-09-04T17:20:57.377386	0.00000000e+00	1	31	-4.76837000e-08	1.06085000e-04	-1.30118000e+00	-1.05456000e-04
1.55176903e+02	2026-09-04T17:20:57.392890	0.00000000e+00	1	31	-8.13007000e-06	9.51051000e-05	-1.25118000e+00	-9.58470000e-05
1.55225330e+02	2026-09-04T17:20:57.440492	0.00000000e+00	1	31	-3.71933000e-06	8.67945000e-05	-1.20111000e+00	-8.68921000e-05
1.55234566e+02	2026-09-04T17:20:57.440492	0.00000000e+00	1	31	-3.00407000e-06	7.77375000e-05	-1.15110000e+00	-7.75020000e-05
1.55256341e+02	2026-09-04T17:20:57.472182	0.00000000e+00	1	31	-4.00543000e-06	6.88457000e-05	-1.10104000e+00	-6.82675000e-05
1.55280567e+02	2026-09-04T17:20:57.490289	0.00000000e+00	1	31	7.62939000e-07	6.02544000e-05	-1.05099000e+00	-6.09865000e-05
1.55318867e+02	2026-09-04T17:20:57.531141	0.00000000e+00	1	31	-7.67708000e-06	5.42867000e-05	-1.00096000e+00	-5.44936000e-05
1.55341680e+02	2026-09-04T17:20:57.552066	0.00000000e+00	1	31	-1.57356000e-06	4.76757000e-05	-9.50927000e-01	-4.76010000e-05
1.55350618e+02	2026-09-04T17:20:57.552066	0.00000000e+00	1	31	-7.05719000e-06	4.19141000e-05	-9.00861000e-01	-4.13901000e-05
1.55402198e+02	2026-09-04T17:20:57.616045	0.00000000e+00	1	31	-6.05583000e-06	3.62955000e-05	-8.50822000e-01	-3.64771000e-05
1.55410098e+02	2026-09-04T17:20:57.616045	0.00000000e+00	1	31	-3.09944000e-07	3.13938000e-05	-8.00802000e-01	-3.14971000e-05
1.55433898e+02	2026-09-04T17:20:57.647501	0.00000000e+00	1	31	-1.26362000e-05	2.72516000e-05	-7.50733000e-01	-2.70812000e-05
1.55468784e+02	2026-09-04T17:20:57.679439	0.00000000e+00	1	31	-7.15256000e-06	2.27502000e-05	-7.00708000e-01	-2.25856000e-05
1.55495656e+02	2026-09-04T17:20:57.711735	0.00000000e+00	1	31	-9.75132000e-06	1.89078000e-05	-6.50646000e-01	-1.88684000e-05
1.55503663e+02	2026-09-04T17:20:57.711735	0.00000000e+00	1	31	-1.26362000e-05	1.58466000e-05	-6.00639000e-01	-1.57136000e-05
1.55530006e+02	2026-09-04T17:20:57.743337	0.00000000e+00	1	31	-5.17368000e-06	1.29312000e-05	-5.50551000e-01	-1.29536000e-05
1.55563599e+02	2026-09-04T17:20:57.775594	0.00000000e+00	1	31	-2.19345000e-06	1.05334000e-05	-5.00528000e-01	-1.04779000e-05
1.55571487e+02	2026-09-04T17:20:57.775594	0.00000000e+00	1	31	4.55379000e-06	8.63003000e-06	-4.50480000e-01	-8.53806000e-06
1.55591686e+02	2026-09-04T17:20:57.807569	0.00000000e+00	1	31	-9.75132000e-06	6.92834000e-06	-4.00463000e-01	-6.83513000e-06
1.55630576e+02	2026-09-04T17:20:57.839480	0.00000000e+00	1	31	-1.56879000e-05	5.27612000e-06	-3.50416000e-01	-5.28844000e-06
1.55655478e+02	2026-09-04T17:20:57.871685	0.00000000e+00	1	31	-1.22786000e-05	3.94156000e-06	-3.00375000e-01	-3.93582000e-06
1.55663216e+02	2026-09-04T17:20:57.871685	0.00000000e+00	1	31	-1.37091000e-05	2.97833000e-06	-2.50327000e-01	-2.97430000e-06
1.55690064e+02	2026-09-04T17:20:57.903482	0.00000000e+00	1	31	-1.34468000e-05	2.04976000e-06	-2.00160000e-01	-2.07147000e-06
1.55723292e+02	2026-09-04T17:20:57.935699	0.00000000e+00	1	31	-1.26362000e-05	1.35639000e-06	-1.50130000e-01	-1.35246000e-06
1.55731147e+02	2026-09-04T17:20:57.935699	0.00000000e+00	1	31	-1.20878000e-05	8.41770000e-07	-1.00071000e-01	-8.29163000e-07
1.55765163e+02	2026-09-04T17:20:57.978037	0.00000000e+00	1	31	-1.04666000e-05	3.89578000e-07	-5.00344000e-02	-3.88887000e-07
1.55815502e+02	2026-09-04T17:20:58.031326	0.00000000e+00	1	31	-1.04666000e-05	-1.99139000e-10	-1.88351000e-05	-2.64525000e-11
1.59047991e+02	2026-09-04T17:21:01.251567	0.00000000e+00	1	32	-2.55108000e-06	-2.28735000e-08	-2.06470000e-05	2.41170000e-08
1.59088382e+02	2026-09-04T17:21:01.299206	0.00000000e+00	1	32	-5.37157000e-05	4.94909000e-05	-4.99861000e-02	-4.90346000e-05
1.59115182e+02	2026-09-04T17:21:01.331196	0.00000000e+00	1	32	-6.05583000e-06	1.01664000e-04	-1.00072000e-01	-1.01297000e-04
1.59163065e+02	2026-09-04T17:21:01.378897	0.00000000e+00	1	32	-1.35183000e-05	1.62004000e-04	-1.50125000e-01	-1.62540000e-04
1.59194689e+02	2026-09-04T17:21:01.410895	0.00000000e+00	1	32	-1.16348000e-05	2.49147000e-04	-2.00161000e-01	-2.49220000e-04
1.59202468e+02	2026-09-04T17:21:01.410895	0.00000000e+00	1	32	-1.61409000e-05	3.24286000e-04	-2.50319000e-01	-3.24407000e-04
1.59210154e+02	2026-09-04T17:21:01.426665	0.00000000e+00	1	32	-1.95503000e-05	4.04809000e-04	-3.00361000e-01	-4.04653000e-04
1.59262109e+02	2026-09-04T17:21:01.474508	0.00000000e+00	1	32	-5.24521000e-06	4.96232000e-04	-3.50396000e-01	-4.96637000e-04
1.59290759e+02	2026-09-04T17:21:01.506481	0.00000000e+00	1	32	-2.15292000e-05	5.74640000e-04	-4.00484000e-01	-5.74377000e-04
1.59298860e+02	2026-09-04T17:21:01.506481	0.00000000e+00	1	32	-1.37091000e-05	6.59512000e-04	-4.50459000e-01	-6.56537000e-04
1.59326080e+02	2026-09-04T17:21:01.538719	0.00000000e+00	1	32	-1.54257000e-05	7.45049000e-04	-5.00523000e-01	-7.48425000e-04
1.59355192e+02	2026-09-04T17:21:01.570680	0.00000000e+00	1	32	-2.00033000e-05	9.11657000e-04	-5.50574000e-01	-9.15505000e-04
1.59367526e+02	2026-09-04T17:21:01.570680	0.00000000e+00	1	32	-4.65393000e-05	1.14057000e-03	-6.00573000e-01	-1.16512000e-03
1.59386848e+02	2026-09-04T17:21:01.602689	0.00000000e+00	1	32	-9.03606000e-06	1.14563000e-03	-6.50624000e-01	-1.13981000e-03
1.59419601e+02	2026-09-04T17:21:01.634249	0.00000000e+00	1	32	-1.84774000e-05	1.20477000e-03	-7.00687000e-01	-1.20546000e-03
1.59450405e+02	2026-09-04T17:21:01.666396	0.00000000e+00	1	32	-9.94205000e-06	1.11256000e-03	-7.50908000e-01	-9.58599000e-04
1.59460403e+02	2026-09-04T17:21:01.666396	0.00000000e+00	1	32	-1.27077000e-05	1.12259000e-03	-8.00814000e-01	-5.13839000e-04
1.59487874e+02	2026-09-04T17:21:01.697967	0.00000000e+00	1	32	-2.38419000e-06	4.00589000e-04	-8.50804000e-01	-3.99225000e-04
1.59514308e+02	2026-09-04T17:21:01.730217	0.00000000e+00	1	32	-5.60284000e-06	4.08486000e-04	-9.00878000e-01	-3.95209000e-04
1.59526908e+02	2026-09-04T17:21:01.741019	0.00000000e+00	1	32	1.47820000e-06	4.00838000e-04	-9.50932000e-01	-3.73616000e-04
1.59566471e+02	2026-09-04T17:21:01.777565	0.00000000e+00	1	32	-1.12772000e-05	3.22885000e-04	-1.00096000e+00	-3.14408000e-04
1.59591500e+02	2026-09-04T17:21:01.794392	0.00000000e+00	1	32	-1.06573000e-05	3.53806000e-04	-1.05098000e+00	-3.64497000e-04
1.59614735e+02	2026-09-04T17:21:01.825828	0.00000000e+00	1	32	-3.71933000e-06	3.47585000e-04	-1.10106000e+00	-3.42057000e-04
1.59623057e+02	2026-09-04T17:21:01.825828	0.00000000e+00	1	32	-7.67708000e-06	3.81135000e-04	-1.15111000e+00	-3.74007000e-04
1.59657338e+02	2026-09-04T17:21:01.873289	0.00000000e+00	1	32	-1.83821000e-05	2.82651000e-04	-1.20111000e+00	-2.86787000e-04
1.59682164e+02	2026-09-04T17:21:01.889074	0.00000000e+00	1	32	2.47955000e-06	3.01079000e-04	-1.25119000e+00	-2.86070000e-04
1.59705465e+02	2026-09-04T17:21:01.921197	0.00000000e+00	1	32	-2.45094000e-05	2.41159000e-04	-1.30120000e+00	-2.42240000e-04
1.59743420e+02	2026-09-04T17:21:01.953286	0.00000000e+00	1	32	-2.02656000e-06	2.66634000e-04	-1.35126000e+00	-2.60072000e-04
1.59769400e+02	2026-09-04T17:21:01.985450	0.00000000e+00	1	32	-1.87397000e-05	2.59094000e-04	-1.40128000e+00	-2.57722000e-04
1.59777144e+02	2026-09-04T17:21:01.985450	0.00000000e+00	1	32	-1.07288000e-05	3.23180000e-04	-1.45132000e+00	-2.95609000e-04
1.59801702e+02	2026-09-04T17:21:02.017140	0.00000000e+00	1	32	-1.82867000e-05	2.36864000e-04	-1.50136000e+00	-2.53325000e-04
1.59835057e+02	2026-09-04T17:21:02.049377	0.00000000e+00	1	32	-1.37091000e-05	2.54243000e-04	-1.55141000e+00	-2.54822000e-04
1.59843420e+02	2026-09-04T17:21:02.049377	0.00000000e+00	1	32	-1.94550000e-05	2.73928000e-04	-1.60143000e+00	-2.72589000e-04
1.59865024e+02	2026-09-04T17:21:02.080859	0.00000000e+00	1	32	-1.45197000e-05	2.59102000e-04	-1.65145000e+00	-2.45673000e-04
1.59928494e+02	2026-09-04T17:21:02.144935	0.00000000e+00	1	32	-1.91927000e-05	2.61695000e-04	-1.70149000e+00	-2.66845000e-04
1.59936506e+02	2026-09-04T17:21:02.144935	0.00000000e+00	1	32	-1.77622000e-05	2.82403000e-04	-1.75155000e+00	-2.85552000e-04
1.59944226e+02	2026-09-04T17:21:02.160654	0.00000000e+00	1	32	-2.47717000e-05	3.13223000e-04	-1.80159000e+00	-2.85220000e-04
1.59996249e+02	2026-09-04T17:21:02.208972	0.00000000e+00	1	32	-1.40667000e-05	2.40250000e-04	-1.85161000e+00	-2.37937000e-04
1.60004198e+02	2026-09-04T17:21:02.219324	0.00000000e+00	1	32	-1.35183000e-05	2.63013000e-04	-1.90165000e+00	-2.61008000e-04
1.60024794e+02	2026-09-04T17:21:02.241027	0.00000000e+00	1	32	-1.99080000e-05	2.89773000e-04	-1.95167000e+00	-2.98761000e-04
1.60062744e+02	2026-09-04T17:21:02.272999	0.00000000e+00	1	32	-1.83821000e-05	3.24933000e-04	-2.00170000e+00	-3.21950000e-04
1.60083217e+02	2026-09-04T17:21:02.295052	0.00000000e+00	1	32	-2.30551000e-05	3.26540000e-04	-2.00170000e+00	-3.23916000e-04
1.60105828e+02	2026-09-04T17:21:02.321334	0.00000000e+00	1	32	-1.63078000e-05	3.01294000e-04	-1.95168000e+00	-3.03427000e-04
1.60139482e+02	2026-09-04T17:21:02.353026	0.00000000e+00	1	32	-2.36988000e-05	2.80924000e-04	-1.90164000e+00	-2.80149000e-04
1.60169204e+02	2026-09-04T17:21:02.385064	0.00000000e+00	1	32	-1.47820000e-05	2.57173000e-04	-1.85161000e+00	-2.57917000e-04
1.60177217e+02	2026-09-04T17:21:02.385064	0.00000000e+00	1	32	-1.80244000e-05	2.41262000e-04	-1.80155000e+00	-2.38611000e-04
1.60204387e+02	2026-09-04T17:21:02.416861	0.00000000e+00	1	32	-2.24352000e-05	2.22484000e-04	-1.75154000e+00	-2.23874000e-04
1.60229928e+02	2026-09-04T17:21:02.443396	0.00000000e+00	1	32	-2.23398000e-05	2.06013000e-04	-1.70148000e+00	-2.03579000e-04
1.60253028e+02	2026-09-04T17:21:02.465138	0.00000000e+00	1	32	-1.81913000e-05	1.85870000e-04	-1.65150000e+00	-1.85584000e-04
1.60260572e+02	2026-09-04T17:21:02.465138	0.00000000e+00	1	32	-1.23501000e-05	1.71793000e-04	-1.60141000e+00	-1.71071000e-04
1.60281385e+02	2026-09-04T17:21:02.496902	0.00000000e+00	1	32	-1.98126000e-05	1.57924000e-04	-1.55142000e+00	-1.57810000e-04
1.60303325e+02	2026-09-04T17:21:02.515071	0.00000000e+00	1	32	-2.90871000e-06	1.44900000e-04	-1.50136000e+00	-1.44409000e-04
1.60329277e+02	2026-09-04T17:21:02.545110	0.00000000e+00	1	32	-1.81198000e-05	1.30583000e-04	-1.45134000e+00	-1.30617000e-04
1.60337621e+02	2026-09-04T17:21:02.545110	0.00000000e+00	1	32	-8.48770000e-06	1.18944000e-04	-1.40128000e+00	-1.18385000e-04
1.60364314e+02	2026-09-04T17:21:02.576610	0.00000000e+00	1	32	-1.41621000e-05	1.09033000e-04	-1.35125000e+00	-1.08607000e-04
1.60396295e+02	2026-09-04T17:21:02.608587	0.00000000e+00	1	32	-1.38760000e-05	9.83420000e-05	-1.30120000e+00	-9.86990000e-05
1.60424653e+02	2026-09-04T17:21:02.640529	0.00000000e+00	1	32	-2.24352000e-05	8.90747000e-05	-1.25119000e+00	-8.88193000e-05
1.60456473e+02	2026-09-04T17:21:02.672481	0.00000000e+00	1	32	-1.58548000e-05	8.01119000e-05	-1.20112000e+00	-7.94094000e-05
1.60485916e+02	2026-09-04T17:21:02.688244	0.00000000e+00	1	32	-1.78337000e-05	7.19014000e-05	-1.15111000e+00	-7.18970000e-05
1.60545073e+02	2026-09-04T17:21:02.751691	0.00000000e+00	1	32	-1.80244000e-05	6.32960000e-05	-1.10106000e+00	-6.32142000e-05
1.60567446e+02	2026-09-04T17:21:02.783654	0.00000000e+00	1	32	-1.83821000e-05	5.50521000e-05	-1.05099000e+00	-5.50427000e-05
1.60575226e+02	2026-09-04T17:21:02.783654	0.00000000e+00	1	32	-1.53303000e-05	4.85670000e-05	-1.00097000e+00	-4.85499000e-05
1.60582866e+02	2026-09-04T17:21:02.799521	0.00000000e+00	1	32	-2.09808000e-05	4.28099000e-05	-9.50918000e-01	-4.23971000e-05
1.60635814e+02	2026-09-04T17:21:02.847350	0.00000000e+00	1	32	-1.77622000e-05	3.64819000e-05	-9.00871000e-01	-3.63068000e-05
1.60644734e+02	2026-09-04T17:21:02.847350	0.00000000e+00	1	32	-1.46866000e-05	3.11884000e-05	-8.50817000e-01	-3.12698000e-05
1.60702364e+02	2026-09-04T17:21:02.911857	0.00000000e+00	1	32	-1.83821000e-05	2.65755000e-05	-8.00808000e-01	-2.64748000e-05
1.60727645e+02	2026-09-04T17:21:02.943827	0.00000000e+00	1	32	-1.67608000e-05	2.22903000e-05	-7.50752000e-01	-2.22911000e-05
1.60735507e+02	2026-09-04T17:21:02.943827	0.00000000e+00	1	32	-1.59502000e-05	1.87751000e-05	-7.00710000e-01	-1.87110000e-05
1.60743107e+02	2026-09-04T17:21:02.959750	0.00000000e+00	1	32	-1.46866000e-05	1.59024000e-05	-6.50635000e-01	-1.57248000e-05
1.60794322e+02	2026-09-04T17:21:03.007517	0.00000000e+00	1	32	-1.21832000e-05	1.24610000e-05	-6.00630000e-01	-1.24491000e-05
1.60802898e+02	2026-09-04T17:21:03.007517	0.00000000e+00	1	32	-2.11716000e-05	1.00831000e-05	-5.50573000e-01	-1.00628000e-05
1.60823885e+02	2026-09-04T17:21:03.039659	0.00000000e+00	1	32	-5.79357000e-06	8.21823000e-06	-5.00546000e-01	-7.98996000e-06
1.60868222e+02	2026-09-04T17:21:03.071825	0.00000000e+00	1	32	-2.17199000e-05	6.29413000e-06	-4.50462000e-01	-6.29729000e-06
1.60888263e+02	2026-09-04T17:21:03.103977	0.00000000e+00	1	32	-1.90020000e-05	4.83829000e-06	-4.00484000e-01	-4.76696000e-06
1.60896206e+02	2026-09-04T17:21:03.103977	0.00000000e+00	1	32	-2.06232000e-05	3.75952000e-06	-3.50402000e-01	-3.75225000e-06
1.60924206e+02	2026-09-04T17:21:03.135758	0.00000000e+00	1	32	-1.53303000e-05	2.79743000e-06	-3.00380000e-01	-2.78718000e-06
1.60958225e+02	2026-09-04T17:21:03.168058	0.00000000e+00	1	32	-2.20776000e-05	2.09234000e-06	-2.50318000e-01	-2.08356000e-06
1.60966078e+02	2026-09-04T17:21:03.168058	0.00000000e+00	1	32	-2.04563000e-05	1.49094000e-06	-2.00169000e-01	-1.50703000e-06
1.61018022e+02	2026-09-04T17:21:03.231695	0.00000000e+00	1	32	-2.34127000e-05	1.03054000e-06	-1.50132000e-01	-1.01662000e-06
1.61031231e+02	2026-09-04T17:21:03.247531	0.00000000e+00	1	32	-2.63929000e-05	6.21989000e-07	-1.00076000e-01	-6.21120000e-07
1.61055683e+02	2026-09-04T17:21:03.263631	0.00000000e+00	1	32	-1.87397000e-05	2.97103000e-07	-5.00379000e-02	-2.96432000e-07
1.61082391e+02	2026-09-04T17:21:03.295304	0.00000000e+00	1	32	-1.71185000e-05	-6.55055000e-11	-2.84672000e-05	3.16978000e-11
1.64502014e+02	2026-09-04T17:21:06.712123	0.00000000e+00	1	33	-4.52995000e-06	-1.65060000e-09	-2.58684000e-05	5.22019000e-09
1.64509826e+02	2026-09-04T17:21:06.722872	0.00000000e+00	1	33	-5.46217000e-05	1.21489000e-05	-5.00040000e-02	-1.20904000e-05
1.64561258e+02	2026-09-04T17:21:06.775833	0.00000000e+00	1	33	-1.01089000e-05	2.76132000e-05	-1.00091000e-01	-2.76089000e-05
1.64574007e+02	2026-09-04T17:21:06.775833	0.00000000e+00	1	33	-1.64032000e-05	4.99276000e-05	-1.50134000e-01	-4.99519000e-05
1.64605840e+02	2026-09-04T17:21:06.807939	0.00000000e+00	1	33	-1.48773000e-05	8.05950000e-05	-2.00172000e-01	-8.04951000e-05
1.64668535e+02	2026-09-04T17:21:06.871969	0.00000000e+00	1	33	-1.00136000e-05	1.17089000e-04	-2.50312000e-01	-1.16538000e-04
1.64688040e+02	2026-09-04T17:21:06.904136	0.00000000e+00	1	33	-1.14679000e-05	1.54192000e-04	-3.00358000e-01	-1.54012000e-04
1.64695816e+02	2026-09-04T17:21:06.904136	0.00000000e+00	1	33	-1.39713000e-05	1.90769000e-04	-3.50400000e-01	-1.88604000e-04
1.64722591e+02	2026-09-04T17:21:06.935853	0.00000000e+00	1	33	-1.74046000e-05	2.06733000e-04	-4.00459000e-01	-2.06122000e-04
1.64751810e+02	2026-09-04T17:21:06.968016	0.00000000e+00	1	33	-1.52349000e-05	2.35036000e-04	-4.50473000e-01	-2.29879000e-04
1.64764803e+02	2026-09-04T17:21:06.968016	0.00000000e+00	1	33	-1.59502000e-05	2.57056000e-04	-5.00546000e-01	-2.52106000e-04
1.64783925e+02	2026-09-04T17:21:06.999751	0.00000000e+00	1	33	1.41621000e-05	2.00587000e-04	-5.50578000e-01	-1.27666000e-04
1.64827518e+02	2026-09-04T17:21:07.031607	0.00000000e+00	1	33	-1.35183000e-05	1.27599000e-04	-6.00641000e-01	-1.26484000e-04
1.64851474e+02	2026-09-04T17:21:07.063526	0.00000000e+00	1	33	-7.86781000e-06	1.40728000e-04	-6.50647000e-01	-1.36008000e-04
1.64859113e+02	2026-09-04T17:21:07.063526	0.00000000e+00	1	33	-8.03471000e-06	1.29761000e-04	-7.00726000e-01	-1.18529000e-04
1.64885042e+02	2026-09-04T17:21:07.095351	0.00000000e+00	1	33	-1.40667000e-05	1.07476000e-04	-7.50742000e-01	-1.07134000e-04
1.64912412e+02	2026-09-04T17:21:07.127651	0.00000000e+00	1	33	-5.60284000e-06	1.16886000e-04	-8.00798000e-01	-1.10310000e-04
1.64925386e+02	2026-09-04T17:21:07.138398	0.00000000e+00	1	33	-8.39233000e-06	1.20441000e-04	-8.50836000e-01	-1.18227000e-04
1.64948141e+02	2026-09-04T17:21:07.159851	0.00000000e+00	1	33	-1.72138000e-05	1.19914000e-04	-9.00877000e-01	-1.14802000e-04
1.64955846e+02	2026-09-04T17:21:07.159851	0.00000000e+00	1	33	-1.52349000e-05	1.13076000e-04	-9.50917000e-01	-1.11465000e-04
1.64981533e+02	2026-09-04T17:21:07.191470	0.00000000e+00	1	33	-1.66655000e-05	1.28723000e-04	-1.00096000e+00	-1.23664000e-04
1.65007227e+02	2026-09-04T17:21:07.223233	0.00000000e+00	1	33	-1.06573000e-05	1.30573000e-04	-1.05100000e+00	-1.17115000e-04
1.65019314e+02	2026-09-04T17:21:07.223233	0.00000000e+00	1	33	-1.05619000e-05	1.35769000e-04	-1.10105000e+00	-1.29396000e-04
1.65039065e+02	2026-09-04T17:21:07.254849	0.00000000e+00	1	33	-1.54972000e-05	1.21096000e-04	-1.15112000e+00	-1.23615000e-04
1.65076678e+02	2026-09-04T17:21:07.286726	0.00000000e+00	1	33	-9.39369000e-06	1.36341000e-04	-1.20113000e+00	-1.39624000e-04
1.65102229e+02	2026-09-04T17:21:07.318363	0.00000000e+00	1	33	-9.65595000e-06	1.36234000e-04	-1.25118000e+00	-1.39153000e-04
1.65110639e+02	2026-09-04T17:21:07.318363	0.00000000e+00	1	33	-1.52349000e-05	1.53707000e-04	-1.30122000e+00	-1.50311000e-04
1.65137827e+02	2026-09-04T17:21:07.349918	0.00000000e+00	1	33	-1.51396000e-05	1.47936000e-04	-1.35128000e+00	-1.43217000e-04
1.65162535e+02	2026-09-04T17:21:07.378658	0.00000000e+00	1	33	-1.91927000e-05	1.60302000e-04	-1.40127000e+00	-1.57916000e-04
1.65185377e+02	2026-09-04T17:21:07.397608	0.00000000e+00	1	33	-1.35183000e-05	1.70001000e-04	-1.45133000e+00	-1.67665000e-04
1.65193110e+02	2026-09-04T17:21:07.397608	0.00000000e+00	1	33	-1.21832000e-05	1.73602000e-04	-1.50137000e+00	-1.70618000e-04
1.65216583e+02	2026-09-04T17:21:07.429108	0.00000000e+00	1	33	-1.16348000e-05	1.65783000e-04	-1.55140000e+00	-1.67728000e-04
1.65242161e+02	2026-09-04T17:21:07.444814	0.00000000e+00	1	33	-6.05583000e-06	1.72012000e-04	-1.60141000e+00	-1.71507000e-04
1.65257182e+02	2026-09-04T17:21:07.470730	0.00000000e+00	1	33	-1.72138000e-05	1.85795000e-04	-1.65150000e+00	-1.85751000e-04
1.65275673e+02	2026-09-04T17:21:07.491948	0.00000000e+00	1	33	-1.45197000e-05	1.88989000e-04	-1.70149000e+00	-1.91162000e-04
1.65310339e+02	2026-09-04T17:21:07.523600	0.00000000e+00	1	33	-1.26362000e-05	2.03392000e-04	-1.75154000e+00	-2.02415000e-04
1.65339193e+02	2026-09-04T17:21:07.555344	0.00000000e+00	1	33	-1.81198000e-05	2.23399000e-04	-1.80157000e+00	-2.23262000e-04
1.65347091e+02	2026-09-04T17:21:07.555344	0.00000000e+00	1	33	-1.67608000e-05	2.42653000e-04	-1.85164000e+00	-2.44211000e-04
1.65354730e+02	2026-09-04T17:21:07.571442	0.00000000e+00	1	33	-1.33514000e-05	2.65798000e-04	-1.90164000e+00	-2.72512000e-04
1.65387294e+02	2026-09-04T17:21:07.603299	0.00000000e+00	1	33	-1.15395000e-05	2.94250000e-04	-1.95169000e+00	-2.98231000e-04
1.65414594e+02	2026-09-04T17:21:07.619388	0.00000000e+00	1	33	-1.20878000e-05	3.22681000e-04	-2.00170000e+00	-3.16244000e-04
1.65421192e+02	2026-09-04T17:21:07.635439	0.00000000e+00	1	33	-2.12669000e-05	3.20665000e-04	-2.00170000e+00	-3.22006000e-04
1.65470690e+02	2026-09-04T17:21:07.683383	0.00000000e+00	1	33	-1.53303000e-05	2.95399000e-04	-1.95167000e+00	-2.93164000e-04
1.65499105e+02	2026-09-04T17:21:07.715360	0.00000000e+00	1	33	-4.26769000e-06	2.74364000e-04	-1.90166000e+00	-2.75957000e-04
1.65507223e+02	2026-09-04T17:21:07.715360	0.00000000e+00	1	33	-8.67844000e-06	2.55309000e-04	-1.85163000e+00	-2.56072000e-04
1.65531101e+02	2026-09-04T17:21:07.747024	0.00000000e+00	1	33	-1.02043000e-05	2.39281000e-04	-1.80155000e+00	-2.37226000e-04
1.65565094e+02	2026-09-04T17:21:07.779028	0.00000000e+00	1	33	-1.26362000e-05	2.24888000e-04	-1.75157000e+00	-2.23525000e-04
1.65573464e+02	2026-09-04T17:21:07.779028	0.00000000e+00	1	33	-9.56059000e-06	2.08974000e-04	-1.70152000e+00	-2.08741000e-04
1.65595405e+02	2026-09-04T17:21:07.811067	0.00000000e+00	1	33	-6.34193000e-06	1.92238000e-04	-1.65147000e+00	-1.91365000e-04
1.65638269e+02	2026-09-04T17:21:07.853408	0.00000000e+00	1	33	-1.23501000e-05	1.77777000e-04	-1.60144000e+00	-1.77366000e-04
1.65658721e+02	2026-09-04T17:21:07.874931	0.00000000e+00	1	33	-9.94205000e-06	1.64732000e-04	-1.55140000e+00	-1.65022000e-04
1.65666745e+02	2026-09-04T17:21:07.874931	0.00000000e+00	1	33	-1.52349000e-05	1.51221000e-04	-1.50136000e+00	-1.50891000e-04
1.65674456e+02	2026-09-04T17:21:07.890987	0.00000000e+00	1	33	-1.07288000e-05	1.39273000e-04	-1.45135000e+00	-1.37521000e-04
1.65727056e+02	2026-09-04T17:21:07.938564	0.00000000e+00	1	33	-9.84669000e-06	1.26020000e-04	-1.40127000e+00	-1.25871000e-04
1.65734796e+02	2026-09-04T17:21:07.938564	0.00000000e+00	1	33	-1.21832000e-05	1.15466000e-04	-1.35128000e+00	-1.15083000e-04
1.65754595e+02	2026-09-04T17:21:07.970541	0.00000000e+00	1	33	-5.24521000e-06	1.04841000e-04	-1.30120000e+00	-1.04164000e-04
1.65786055e+02	2026-09-04T17:21:08.002096	0.00000000e+00	1	33	-1.09196000e-05	9.37925000e-05	-1.25117000e+00	-9.37185000e-05
1.65817649e+02	2026-09-04T17:21:08.033836	0.00000000e+00	1	33	-9.94205000e-06	8.52288000e-05	-1.20112000e+00	-8.53999000e-05
1.65826446e+02	2026-09-04T17:21:08.033836	0.00000000e+00	1	33	-1.11818000e-05	7.56579000e-05	-1.15111000e+00	-7.57836000e-05
1.65849799e+02	2026-09-04T17:21:08.065712	0.00000000e+00	1	33	-1.65939000e-05	6.72254000e-05	-1.10104000e+00	-6.63665000e-05
1.65913813e+02	2026-09-04T17:21:08.129359	0.00000000e+00	1	33	-9.75132000e-06	5.89390000e-05	-1.05097000e+00	-5.90172000e-05
1.65921822e+02	2026-09-04T17:21:08.129359	0.00000000e+00	1	33	-1.47820000e-05	5.19095000e-05	-1.00097000e+00	-5.18534000e-05
1.65945480e+02	2026-09-04T17:21:08.161452	0.00000000e+00	1	33	-1.23501000e-05	4.54051000e-05	-9.50898000e-01	-4.51774000e-05
1.65976792e+02	2026-09-04T17:21:08.193138	0.00000000e+00	1	33	-1.45197000e-05	3.91874000e-05	-9.00879000e-01	-3.92732000e-05
1.65998360e+02	2026-09-04T17:21:08.209171	0.00000000e+00	1	33	-8.67844000e-06	3.36894000e-05	-8.50818000e-01	-3.39006000e-05
1.66006137e+02	2026-09-04T17:21:08.209171	0.00000000e+00	1	33	-1.00136000e-05	2.90085000e-05	-8.00813000e-01	-2.90546000e-05
1.66025179e+02	2026-09-04T17:21:08.240957	0.00000000e+00	1	33	-1.12772000e-05	2.44948000e-05	-7.50745000e-01	-2.48738000e-05
1.66062075e+02	2026-09-04T17:21:08.272778	0.00000000e+00	1	33	-1.13726000e-05	2.07844000e-05	-7.00724000e-01	-2.07772000e-05
1.66070029e+02	2026-09-04T17:21:08.272778	0.00000000e+00	1	33	-1.10149000e-05	1.72323000e-05	-6.50654000e-01	-1.71570000e-05
1.66078815e+02	2026-09-04T17:21:08.288755	0.00000000e+00	1	33	-8.84533000e-06	1.40594000e-05	-6.00628000e-01	-1.39621000e-05
1.66087813e+02	2026-09-04T17:21:08.304573	0.00000000e+00	1	33	-7.96318000e-06	1.13953000e-05	-5.50584000e-01	-1.13815000e-05
1.66140564e+02	2026-09-04T17:21:08.352262	0.00000000e+00	1	33	-1.21593000e-06	9.18511000e-06	-5.00526000e-01	-9.09036000e-06
1.66168639e+02	2026-09-04T17:21:08.384376	0.00000000e+00	1	33	-1.50442000e-05	7.29979000e-06	-4.50477000e-01	-7.24967000e-06
1.66232340e+02	2026-09-04T17:21:08.448121	0.00000000e+00	1	33	-1.18971000e-05	5.53542000e-06	-4.00472000e-01	-5.55615000e-06
1.66240235e+02	2026-09-04T17:21:08.448121	0.00000000e+00	1	33	-1.47820000e-05	4.29377000e-06	-3.50425000e-01	-4.33083000e-06
1.66266880e+02	2026-09-04T17:21:08.479737	0.00000000e+00	1	33	-7.15256000e-06	3.12070000e-06	-3.00358000e-01	-3.14889000e-06
1.66295628e+02	2026-09-04T17:21:08.511886	0.00000000e+00	1	33	-9.20296000e-06	2.33284000e-06	-2.50323000e-01	-2.28429000e-06
1.66308528e+02	2026-09-04T17:21:08.511886	0.00000000e+00	1	33	-1.00136000e-05	1.62357000e-06	-2.00163000e-01	-1.62434000e-06
1.66327348e+02	2026-09-04T17:21:08.543461	0.00000000e+00	1	33	-5.43594000e-06	1.09406000e-06	-1.50124000e-01	-1.09380000e-06
1.66366219e+02	2026-09-04T17:21:08.575442	0.00000000e+00	1	33	-1.29938000e-05	6.82598000e-07	-1.00085000e-01	-6.68686000e-07
1.66391059e+02	2026-09-04T17:21:08.607334	0.00000000e+00	1	33	-8.67844000e-06	3.21547000e-07	-5.00404000e-02	-3.22002000e-07
1.66399225e+02	2026-09-04T17:21:08.607334	0.00000000e+00	1	33	-1.18256000e-05	-1.14310000e-10	-1.93834000e-05	-8.00610000e-11
1.70026719e+02	2026-09-04T17:21:12.229872	0.00000000e+00	1	34	-6.05583000e-06	-1.43383000e-09	-1.46151000e-05	4.17819000e-09
1.70056222e+02	2026-09-04T17:21:12.271970	0.00000000e+00	1	34	-1.32561000e-05	8.00847000e-06	-5.00250000e-02	-8.00840000e-06
1.70084279e+02	2026-09-04T17:21:12.299196	0.00000000e+00	1	34	-1.00923000e-04	1.74094000e-05	-1.00019000e-01	-1.70357000e-05
1.70110494e+02	2026-09-04T17:21:12.325960	0.00000000e+00	1	34	-1.26362000e-05	2.92563000e-05	-1.50116000e-01	-2.92687000e-05
1.70118493e+02	2026-09-04T17:21:12.325960	0.00000000e+00	1	34	-7.05719000e-06	4.48844000e-05	-2.00156000e-01	-4.49815000e-05
1.70142171e+02	2026-09-04T17:21:12.357915	0.00000000e+00	1	34	-8.84533000e-06	6.45319000e-05	-2.50300000e-01	-6.43765000e-05
1.70179027e+02	2026-09-04T17:21:12.390145	0.00000000e+00	1	34	-9.75132000e-06	8.80905000e-05	-3.00356000e-01	-8.74225000e-05
1.70209900e+02	2026-09-04T17:21:12.421995	0.00000000e+00	1	34	-8.48770000e-06	1.10483000e-04	-3.50395000e-01	-1.08652000e-04
1.70243087e+02	2026-09-04T17:21:12.454050	0.00000000e+00	1	34	-9.84669000e-06	1.25233000e-04	-4.00459000e-01	-1.25866000e-04
1.70269899e+02	2026-09-04T17:21:12.485988	0.00000000e+00	1	34	5.96046000e-07	1.35158000e-04	-4.50480000e-01	-1.30674000e-04
1.70284542e+02	2026-09-04T17:21:12.496352	0.00000000e+00	1	34	-5.72205000e-07	1.38864000e-04	-5.00526000e-01	-1.27875000e-04
1.70307303e+02	2026-09-04T17:21:12.518152	0.00000000e+00	1	34	-9.29832000e-07	1.35809000e-04	-5.50576000e-01	-1.31497000e-04
1.70317866e+02	2026-09-04T17:21:12.533993	0.00000000e+00	1	34	-5.17368000e-06	1.23631000e-04	-6.00615000e-01	-1.14517000e-04
1.70367191e+02	2026-09-04T17:21:12.582052	0.00000000e+00	1	34	-6.15120000e-06	1.12794000e-04	-6.50651000e-01	-1.04209000e-04
1.70380636e+02	2026-09-04T17:21:12.582052	0.00000000e+00	1	34	-8.13007000e-06	1.22328000e-04	-7.00697000e-01	-1.07735000e-04
1.70430259e+02	2026-09-04T17:21:12.645532	0.00000000e+00	1	34	-9.29832000e-07	1.01356000e-04	-7.50737000e-01	-1.02551000e-04
1.70461093e+02	2026-09-04T17:21:12.677370	0.00000000e+00	1	34	-4.81606000e-06	1.07955000e-04	-8.00795000e-01	-1.04241000e-04
1.70469157e+02	2026-09-04T17:21:12.677370	0.00000000e+00	1	34	-3.09944000e-06	1.10586000e-04	-8.50816000e-01	-1.05226000e-04
1.70476776e+02	2026-09-04T17:21:12.693280	0.00000000e+00	1	34	3.74317000e-06	1.09626000e-04	-9.00871000e-01	-9.82124000e-05
1.70520248e+02	2026-09-04T17:21:12.735750	0.00000000e+00	1	34	-9.29832000e-06	8.87721000e-05	-9.50903000e-01	-9.16865000e-05
1.70535970e+02	2026-09-04T17:21:12.741024	0.00000000e+00	1	34	-9.29832000e-07	1.04867000e-04	-1.00098000e+00	-1.05255000e-04
1.70556977e+02	2026-09-04T17:21:12.772819	0.00000000e+00	1	34	-7.31945000e-06	1.03099000e-04	-1.05097000e+00	-1.05000000e-04
1.70592904e+02	2026-09-04T17:21:12.804798	0.00000000e+00	1	34	-4.00543000e-06	1.14486000e-04	-1.10104000e+00	-1.08148000e-04
1.70618639e+02	2026-09-04T17:21:12.831440	0.00000000e+00	1	34	-1.38283000e-06	1.25860000e-04	-1.15109000e+00	-1.16912000e-04
1.70641188e+02	2026-09-04T17:21:12.852498	0.00000000e+00	1	34	-9.56059000e-06	1.21816000e-04	-1.20112000e+00	-1.23070000e-04
1.70648944e+02	2026-09-04T17:21:12.852498	0.00000000e+00	1	34	-4.76837000e-07	1.30833000e-04	-1.25116000e+00	-1.29545000e-04
1.70673615e+02	2026-09-04T17:21:12.884027	0.00000000e+00	1	34	-1.08242000e-05	1.37351000e-04	-1.30119000e+00	-1.38252000e-04
1.70702832e+02	2026-09-04T17:21:12.916047	0.00000000e+00	1	34	-1.04666000e-05	1.50623000e-04	-1.35126000e+00	-1.38432000e-04
1.70731825e+02	2026-09-04T17:21:12.947989	0.00000000e+00	1	34	-6.86646000e-06	1.52176000e-04	-1.40126000e+00	-1.52346000e-04
1.70740320e+02	2026-09-04T17:21:12.947989	0.00000000e+00	1	34	-8.74996000e-06	1.55672000e-04	-1.45132000e+00	-1.49768000e-04
1.70769723e+02	2026-09-04T17:21:12.979641	0.00000000e+00	1	34	-5.53131000e-06	1.63755000e-04	-1.50134000e+00	-1.67417000e-04
1.70801178e+02	2026-09-04T17:21:13.011751	0.00000000e+00	1	34	-1.01089000e-05	1.75284000e-04	-1.55141000e+00	-1.73592000e-04
1.70810132e+02	2026-09-04T17:21:13.011751	0.00000000e+00	1	34	-6.41346000e-06	1.92168000e-04	-1.60142000e+00	-1.90940000e-04
1.70860360e+02	2026-09-04T17:21:13.076249	0.00000000e+00	1	34	-1.02520000e-06	1.99542000e-04	-1.65147000e+00	-2.01190000e-04
1.70891801e+02	2026-09-04T17:21:13.108105	0.00000000e+00	1	34	-8.58307000e-06	2.12124000e-04	-1.70151000e+00	-2.11362000e-04
1.70899893e+02	2026-09-04T17:21:13.108105	0.00000000e+00	1	34	-1.25408000e-05	2.39271000e-04	-1.75152000e+00	-2.33669000e-04
1.70927014e+02	2026-09-04T17:21:13.139786	0.00000000e+00	1	34	-1.33514000e-05	2.46416000e-04	-1.80154000e+00	-2.45895000e-04
1.70960356e+02	2026-09-04T17:21:13.171667	0.00000000e+00	1	34	-1.29938000e-05	2.69207000e-04	-1.85160000e+00	-2.64453000e-04
1.70969054e+02	2026-09-04T17:21:13.171667	0.00000000e+00	1	34	-7.58171000e-06	2.86616000e-04	-1.90164000e+00	-2.87384000e-04
1.71019959e+02	2026-09-04T17:21:13.236137	0.00000000e+00	1	34	-1.07288000e-05	3.19934000e-04	-1.95168000e+00	-3.19129000e-04
1.71052682e+02	2026-09-04T17:21:13.268305	0.00000000e+00	1	34	-4.76837000e-08	3.55128000e-04	-2.00172000e+00	-3.48296000e-04
1.71059467e+02	2026-09-04T17:21:13.268305	0.00000000e+00	1	34	-9.13143000e-06	3.45407000e-04	-2.00168000e+00	-3.44876000e-04
1.71068181e+02	2026-09-04T17:21:13.284184	0.00000000e+00	1	34	-1.22786000e-05	3.25562000e-04	-1.95169000e+00	-3.14772000e-04
1.71119793e+02	2026-09-04T17:21:13.331457	0.00000000e+00	1	34	-7.51019000e-06	2.89628000e-04	-1.90162000e+00	-2.93918000e-04
1.71146774e+02	2026-09-04T17:21:13.362940	0.00000000e+00	1	34	-8.39233000e-06	2.64990000e-04	-1.85162000e+00	-2.67199000e-04
1.71174279e+02	2026-09-04T17:21:13.389658	0.00000000e+00	1	34	-1.02043000e-05	2.47798000e-04	-1.80154000e+00	-2.45526000e-04
1.71206830e+02	2026-09-04T17:21:13.410839	0.00000000e+00	1	34	-1.59502000e-05	2.31512000e-04	-1.75154000e+00	-2.29554000e-04
1.71226575e+02	2026-09-04T17:21:13.442807	0.00000000e+00	1	34	-6.41346000e-06	2.09216000e-04	-1.70151000e+00	-2.08795000e-04
1.71259601e+02	2026-09-04T17:21:13.474857	0.00000000e+00	1	34	-7.22408000e-06	1.94338000e-04	-1.65149000e+00	-1.92814000e-04
1.71290818e+02	2026-09-04T17:21:13.507004	0.00000000e+00	1	34	-9.65595000e-06	1.77719000e-04	-1.60143000e+00	-1.77759000e-04
1.71298930e+02	2026-09-04T17:21:13.507004	0.00000000e+00	1	34	-1.18971000e-05	1.67548000e-04	-1.55140000e+00	-1.66670000e-04
1.71332107e+02	2026-09-04T17:21:13.539058	0.00000000e+00	1	34	-2.23398000e-05	1.51280000e-04	-1.50134000e+00	-1.49082000e-04
1.71361580e+02	2026-09-04T17:21:13.575748	0.00000000e+00	1	34	-1.81913000e-05	1.37504000e-04	-1.45133000e+00	-1.36870000e-04
1.71369666e+02	2026-09-04T17:21:13.586499	0.00000000e+00	1	34	-1.72138000e-05	1.25507000e-04	-1.40127000e+00	-1.25109000e-04
1.71419047e+02	2026-09-04T17:21:13.634548	0.00000000e+00	1	34	-1.54257000e-05	1.16524000e-04	-1.35126000e+00	-1.16684000e-04
1.71450760e+02	2026-09-04T17:21:13.666778	0.00000000e+00	1	34	-1.68562000e-05	1.04484000e-04	-1.30120000e+00	-1.04657000e-04
1.71458999e+02	2026-09-04T17:21:13.666778	0.00000000e+00	1	34	-1.76668000e-05	9.56464000e-05	-1.25118000e+00	-9.55798000e-05
1.71482219e+02	2026-09-04T17:21:13.698218	0.00000000e+00	1	34	-1.08242000e-05	8.55592000e-05	-1.20112000e+00	-8.55815000e-05
1.71529922e+02	2026-09-04T17:21:13.746199	0.00000000e+00	1	34	-1.09196000e-05	7.64598000e-05	-1.15109000e+00	-7.67550000e-05
1.71538329e+02	2026-09-04T17:21:13.746199	0.00000000e+00	1	34	-1.26362000e-05	6.86421000e-05	-1.10104000e+00	-6.87784000e-05
1.71564157e+02	2026-09-04T17:21:13.777959	0.00000000e+00	1	34	-1.23501000e-05	6.02829000e-05	-1.05097000e+00	-6.01683000e-05
1.71599829e+02	2026-09-04T17:21:13.809925	0.00000000e+00	1	34	-1.63078000e-05	5.30023000e-05	-1.00097000e+00	-5.28479000e-05
1.71607573e+02	2026-09-04T17:21:13.809925	0.00000000e+00	1	34	-1.11818000e-05	4.69427000e-05	-9.50900000e-01	-4.66136000e-05
1.71657870e+02	2026-09-04T17:21:13.873599	0.00000000e+00	1	34	-1.87397000e-05	4.05150000e-05	-9.00887000e-01	-4.01862000e-05
1.71690004e+02	2026-09-04T17:21:13.905755	0.00000000e+00	1	34	-1.65939000e-05	3.47865000e-05	-8.50820000e-01	-3.47874000e-05
1.71698055e+02	2026-09-04T17:21:13.905755	0.00000000e+00	1	34	-7.67708000e-06	2.98848000e-05	-8.00817000e-01	-2.98206000e-05
1.71726961e+02	2026-09-04T17:21:13.937582	0.00000000e+00	1	34	-1.13726000e-05	2.49953000e-05	-7.50752000e-01	-2.50891000e-05
1.71754488e+02	2026-09-04T17:21:13.969797	0.00000000e+00	1	34	-1.03712000e-05	2.15073000e-05	-7.00708000e-01	-2.12961000e-05
1.71767016e+02	2026-09-04T17:21:13.980365	0.00000000e+00	1	34	-9.20296000e-06	1.77187000e-05	-6.50628000e-01	-1.77279000e-05
1.71789710e+02	2026-09-04T17:21:14.001388	0.00000000e+00	1	34	1.13726000e-05	1.44752000e-05	-6.00622000e-01	-1.43003000e-05
1.71797401e+02	2026-09-04T17:21:14.001388	0.00000000e+00	1	34	-8.48770000e-06	1.17630000e-05	-5.50561000e-01	-1.16409000e-05
1.71820710e+02	2026-09-04T17:21:14.032947	0.00000000e+00	1	34	-6.15120000e-06	9.45897000e-06	-5.00552000e-01	-9.28114000e-06
1.71849719e+02	2026-09-04T17:21:14.065108	0.00000000e+00	1	34	-1.83821000e-05	7.37876000e-06	-4.50469000e-01	-7.57233000e-06
1.71881607e+02	2026-09-04T17:21:14.097154	0.00000000e+00	1	34	-2.04563000e-05	5.79205000e-06	-4.00465000e-01	-5.71615000e-06
1.71914863e+02	2026-09-04T17:21:14.129289	0.00000000e+00	1	34	-2.26021000e-05	4.40777000e-06	-3.50406000e-01	-4.43875000e-06
1.71949620e+02	2026-09-04T17:21:14.161029	0.00000000e+00	1	34	-2.35081000e-05	3.21920000e-06	-3.00378000e-01	-3.25274000e-06
1.71962513e+02	2026-09-04T17:21:14.176958	0.00000000e+00	1	34	-1.16348000e-05	2.45467000e-06	-2.50317000e-01	-2.43674000e-06
1.72010462e+02	2026-09-04T17:21:14.224886	0.00000000e+00	1	34	-1.51396000e-05	1.70117000e-06	-2.00164000e-01	-1.81023000e-06
1.72018272e+02	2026-09-04T17:21:14.224886	0.00000000e+00	1	34	-5.24521000e-06	1.23716000e-06	-1.50124000e-01	-1.17926000e-06
1.72042157e+02	2026-09-04T17:21:14.256696	0.00000000e+00	1	34	-1.64986000e-05	6.83872000e-07	-1.00081000e-01	-6.84916000e-07
1.72075691e+02	2026-09-04T17:21:14.289620	0.00000000e+00	1	34	-1.30892000e-05	3.20482000e-07	-5.00314000e-02	-3.19552000e-07
1.72084111e+02	2026-09-04T17:21:14.300286	0.00000000e+00	1	34	-1.79291000e-05	-1.32561000e-11	-1.37091000e-05	1.28090000e-10
1.75761427e+02	2026-09-04T17:21:17.973033	0.00000000e+00	1	35	-2.55108000e-06	-1.53209000e-09	-1.63317000e-05	6.04520000e-09
1.75809942e+02	2026-09-04T17:21:18.025990	0.00000000e+00	1	35	-1.38044000e-05	8.98988000e-06	-5.00300000e-02	-8.98262000e-06
1.75854741e+02	2026-09-04T17:21:18.057812	0.00000000e+00	1	35	-4.98533000e-05	1.99964000e-05	-1.00020000e-01	-1.97846000e-05
1.75878197e+02	2026-09-04T17:21:18.089744	0.00000000e+00	1	35	-2.38419000e-06	3.48087000e-05	-1.50120000e-01	-3.48464000e-05
1.75885943e+02	2026-09-04T17:21:18.089744	0.00000000e+00	1	35	-5.34058000e-06	5.61253000e-05	-2.00158000e-01	-5.59765000e-05
1.75909756e+02	2026-09-04T17:21:18.121461	0.00000000e+00	1	35	-8.84533000e-06	8.44752000e-05	-2.50299000e-01	-8.43974000e-05
1.75943365e+02	2026-09-04T17:21:18.153556	0.00000000e+00	1	35	-1.54257000e-05	1.18883000e-04	-3.00372000e-01	-1.18457000e-04
1.75968986e+02	2026-09-04T17:21:18.185253	0.00000000e+00	1	35	-7.22408000e-06	1.55160000e-04	-3.50402000e-01	-1.55203000e-04
1.76001770e+02	2026-09-04T17:21:18.217356	0.00000000e+00	1	35	-1.32561000e-05	1.94375000e-04	-4.00455000e-01	-1.94359000e-04
1.76033279e+02	2026-09-04T17:21:18.249358	0.00000000e+00	1	35	-6.86646000e-06	2.26535000e-04	-4.50488000e-01	-2.26145000e-04
1.76041478e+02	2026-09-04T17:21:18.249358	0.00000000e+00	1	35	-1.21832000e-05	2.59229000e-04	-5.00537000e-01	-2.57603000e-04
1.76066954e+02	2026-09-04T17:21:18.281594	0.00000000e+00	1	35	-1.64032000e-05	2.59292000e-04	-5.50551000e-01	-2.57853000e-04
1.76102417e+02	2026-09-04T17:21:18.313529	0.00000000e+00	1	35	-9.48906000e-06	2.01627000e-04	-6.00627000e-01	-1.99709000e-04
1.76110967e+02	2026-09-04T17:21:18.313529	0.00000000e+00	1	35	-5.24521000e-06	2.03679000e-04	-6.50635000e-01	-1.96958000e-04
1.76144733e+02	2026-09-04T17:21:18.361092	0.00000000e+00	1	35	-2.15292000e-05	1.58507000e-04	-7.00722000e-01	-1.44912000e-04
1.76193263e+02	2026-09-04T17:21:18.409528	0.00000000e+00	1	35	-9.94205000e-06	1.57381000e-04	-7.50754000e-01	-1.54974000e-04
1.76200979e+02	2026-09-04T17:21:18.409528	0.00000000e+00	1	35	-9.65595000e-06	1.61512000e-04	-8.00812000e-01	-1.54127000e-04
1.76225827e+02	2026-09-04T17:21:18.441224	0.00000000e+00	1	35	-1.04666000e-05	1.23589000e-04	-8.50821000e-01	-1.23340000e-04
1.76257353e+02	2026-09-04T17:21:18.472967	0.00000000e+00	1	35	-1.21832000e-05	1.30297000e-04	-9.00863000e-01	-1.27756000e-04
1.76271018e+02	2026-09-04T17:21:18.472967	0.00000000e+00	1	35	-9.29832000e-06	1.33708000e-04	-9.50908000e-01	-1.35962000e-04
1.76279028e+02	2026-09-04T17:21:18.488845	0.00000000e+00	1	35	1.66893000e-06	1.32945000e-04	-1.00097000e+00	-1.32068000e-04
1.76286656e+02	2026-09-04T17:21:18.488845	0.00000000e+00	1	35	-9.75132000e-06	1.35625000e-04	-1.05099000e+00	-1.25186000e-04
1.76333946e+02	2026-09-04T17:21:18.547318	0.00000000e+00	1	35	-1.21593000e-06	1.17100000e-04	-1.10103000e+00	-1.13475000e-04
1.76368921e+02	2026-09-04T17:21:18.585316	0.00000000e+00	1	35	-4.00543000e-06	1.22070000e-04	-1.15110000e+00	-1.15567000e-04
1.76417027e+02	2026-09-04T17:21:18.633321	0.00000000e+00	1	35	-1.00136000e-05	1.22491000e-04	-1.20111000e+00	-1.23856000e-04
1.76424843e+02	2026-09-04T17:21:18.633321	0.00000000e+00	1	35	-1.04666000e-05	1.36933000e-04	-1.25117000e+00	-1.30927000e-04
1.76432429e+02	2026-09-04T17:21:18.649153	0.00000000e+00	1	35	-1.02997000e-05	1.39562000e-04	-1.30120000e+00	-1.25144000e-04
1.76483736e+02	2026-09-04T17:21:18.697219	0.00000000e+00	1	35	-6.96182000e-06	1.56852000e-04	-1.35128000e+00	-1.48112000e-04
1.76493893e+02	2026-09-04T17:21:18.697219	0.00000000e+00	1	35	-6.05583000e-06	1.64437000e-04	-1.40128000e+00	-1.60659000e-04
1.76512776e+02	2026-09-04T17:21:18.729003	0.00000000e+00	1	35	-7.96318000e-06	1.54804000e-04	-1.45132000e+00	-1.58437000e-04
1.76544449e+02	2026-09-04T17:21:18.761294	0.00000000e+00	1	35	-6.15120000e-06	1.66646000e-04	-1.50135000e+00	-1.68877000e-04
1.76573248e+02	2026-09-04T17:21:18.777333	0.00000000e+00	1	35	-1.29938000e-05	1.82503000e-04	-1.55139000e+00	-1.84082000e-04
1.76592986e+02	2026-09-04T17:21:18.809057	0.00000000e+00	1	35	-4.43459000e-06	1.83911000e-04	-1.60141000e+00	-1.85659000e-04
1.76626240e+02	2026-09-04T17:21:18.840738	0.00000000e+00	1	35	-4.00543000e-06	2.04186000e-04	-1.65145000e+00	-2.04781000e-04
1.76656502e+02	2026-09-04T17:21:18.872575	0.00000000e+00	1	35	-5.07832000e-06	2.07219000e-04	-1.70151000e+00	-2.05159000e-04
1.76664233e+02	2026-09-04T17:21:18.872575	0.00000000e+00	1	35	-7.96318000e-06	2.24306000e-04	-1.75152000e+00	-2.24867000e-04
1.76671919e+02	2026-09-04T17:21:18.888462	0.00000000e+00	1	35	-9.39369000e-06	2.43302000e-04	-1.80156000e+00	-2.42133000e-04
1.76722266e+02	2026-09-04T17:21:18.936204	0.00000000e+00	1	35	-8.67844000e-06	2.68063000e-04	-1.85161000e+00	-2.71216000e-04
1.76749158e+02	2026-09-04T17:21:18.962505	0.00000000e+00	1	35	-1.16348000e-05	2.95295000e-04	-1.90163000e+00	-2.98183000e-04
1.76772897e+02	2026-09-04T17:21:18.984076	0.00000000e+00	1	35	-2.38419000e-06	3.32163000e-04	-1.95168000e+00	-3.27138000e-04
1.76781782e+02	2026-09-04T17:21:18.984076	0.00000000e+00	1	35	-7.67708000e-06	3.59296000e-04	-2.00170000e+00	-3.57204000e-04
1.76824146e+02	2026-09-04T17:21:19.031775	0.00000000e+00	1	35	-7.22408000e-06	3.50436000e-04	-2.00170000e+00	-3.51166000e-04
1.76841641e+02	2026-09-04T17:21:19.047904	0.00000000e+00	1	35	-7.67708000e-06	3.21234000e-04	-1.95169000e+00	-3.20619000e-04
1.76863737e+02	2026-09-04T17:21:19.079845	0.00000000e+00	1	35	-8.48770000e-06	2.95581000e-04	-1.90165000e+00	-2.89491000e-04
1.76896030e+02	2026-09-04T17:21:19.111737	0.00000000e+00	1	35	-9.29832000e-06	2.74305000e-04	-1.85163000e+00	-2.73684000e-04
1.76927186e+02	2026-09-04T17:21:19.143392	0.00000000e+00	1	35	-6.96182000e-06	2.52594000e-04	-1.80155000e+00	-2.53949000e-04
1.76935104e+02	2026-09-04T17:21:19.143392	0.00000000e+00	1	35	-8.48770000e-06	2.33574000e-04	-1.75154000e+00	-2.35227000e-04
1.76942773e+02	2026-09-04T17:21:19.159431	0.00000000e+00	1	35	-1.62363000e-05	2.16666000e-04	-1.70150000e+00	-2.15972000e-04
1.76992350e+02	2026-09-04T17:21:19.207322	0.00000000e+00	1	35	-1.35183000e-05	1.98337000e-04	-1.65148000e+00	-1.98591000e-04
1.77023696e+02	2026-09-04T17:21:19.239249	0.00000000e+00	1	35	-9.48906000e-06	1.85390000e-04	-1.60143000e+00	-1.85082000e-04
1.77031460e+02	2026-09-04T17:21:19.239249	0.00000000e+00	1	35	-5.98431000e-06	1.69886000e-04	-1.55140000e+00	-1.69289000e-04
1.77064896e+02	2026-09-04T17:21:19.270872	0.00000000e+00	1	35	-5.60284000e-06	1.56358000e-04	-1.50135000e+00	-1.56014000e-04
1.77087048e+02	2026-09-04T17:21:19.303282	0.00000000e+00	1	35	-1.64986000e-05	1.43027000e-04	-1.45133000e+00	-1.43097000e-04
1.77101693e+02	2026-09-04T17:21:19.313065	0.00000000e+00	1	35	-1.00136000e-05	1.30740000e-04	-1.40126000e+00	-1.31704000e-04
1.77151310e+02	2026-09-04T17:21:19.366938	0.00000000e+00	1	35	-1.02043000e-05	1.20734000e-04	-1.35126000e+00	-1.20376000e-04
1.77183168e+02	2026-09-04T17:21:19.399070	0.00000000e+00	1	35	-1.25408000e-05	1.08642000e-04	-1.30119000e+00	-1.08792000e-04
1.77191309e+02	2026-09-04T17:21:19.399070	0.00000000e+00	1	35	-1.05619000e-05	9.77488000e-05	-1.25117000e+00	-9.74068000e-05
1.77215015e+02	2026-09-04T17:21:19.431412	0.00000000e+00	1	35	-6.86646000e-06	8.69603000e-05	-1.20110000e+00	-8.64554000e-05
1.77263365e+02	2026-09-04T17:21:19.479524	0.00000000e+00	1	35	-5.43594000e-06	7.78779000e-05	-1.15110000e+00	-7.88265000e-05
1.77271358e+02	2026-09-04T17:21:19.479524	0.00000000e+00	1	35	-7.77245000e-06	6.96448000e-05	-1.10103000e+00	-6.91939000e-05
1.77279579e+02	2026-09-04T17:21:19.495632	0.00000000e+00	1	35	-7.96318000e-06	6.20229000e-05	-1.05097000e+00	-6.15574000e-05
1.77325730e+02	2026-09-04T17:21:19.537955	0.00000000e+00	1	35	-1.32561000e-05	5.43196000e-05	-1.00096000e+00	-5.44956000e-05
1.77347638e+02	2026-09-04T17:21:19.559652	0.00000000e+00	1	35	-8.58307000e-06	4.70058000e-05	-9.50907000e-01	-4.71938000e-05
1.77355931e+02	2026-09-04T17:21:19.559652	0.00000000e+00	1	35	-1.41621000e-05	4.06831000e-05	-9.00862000e-01	-4.04536000e-05
1.77379056e+02	2026-09-04T17:21:19.591400	0.00000000e+00	1	35	-6.15120000e-06	3.50524000e-05	-8.50797000e-01	-3.50781000e-05
1.77421345e+02	2026-09-04T17:21:19.623778	0.00000000e+00	1	35	-7.51019000e-06	2.93789000e-05	-8.00801000e-01	-2.93741000e-05
1.77473329e+02	2026-09-04T17:21:19.688012	0.00000000e+00	1	35	-9.56059000e-06	2.58711000e-05	-7.50731000e-01	-2.55412000e-05
1.77504314e+02	2026-09-04T17:21:19.720183	0.00000000e+00	1	35	-1.14679000e-05	2.15533000e-05	-7.00712000e-01	-2.13366000e-05
1.77512276e+02	2026-09-04T17:21:19.720183	0.00000000e+00	1	35	-7.86781000e-06	1.77329000e-05	-6.50645000e-01	-1.78078000e-05
1.77541954e+02	2026-09-04T17:21:19.751826	0.00000000e+00	1	35	-2.96116000e-05	1.48426000e-05	-6.00626000e-01	-1.46035000e-05
1.77573118e+02	2026-09-04T17:21:19.783797	0.00000000e+00	1	35	-9.84669000e-06	1.18985000e-05	-5.50584000e-01	-1.17683000e-05
1.77599952e+02	2026-09-04T17:21:19.815779	0.00000000e+00	1	35	-4.88758000e-06	9.89044000e-06	-5.00541000e-01	-9.89666000e-06
1.77613360e+02	2026-09-04T17:21:19.815779	0.00000000e+00	1	35	-1.57833000e-05	7.87853000e-06	-4.50480000e-01	-7.78771000e-06
1.77646756e+02	2026-09-04T17:21:19.863593	0.00000000e+00	1	35	-1.03712000e-05	5.69422000e-06	-4.00447000e-01	-5.59086000e-06
1.77676566e+02	2026-09-04T17:21:19.879382	0.00000000e+00	1	35	-1.23501000e-05	4.28942000e-06	-3.50400000e-01	-4.26050000e-06
1.77743314e+02	2026-09-04T17:21:19.959198	0.00000000e+00	1	35	-1.22786000e-05	3.10182000e-06	-3.00362000e-01	-3.09084000e-06
1.77765388e+02	2026-09-04T17:21:19.975194	0.00000000e+00	1	35	-1.88351000e-05	2.27023000e-06	-2.50319000e-01	-2.26622000e-06
1.77774835e+02	2026-09-04T17:21:19.991190	0.00000000e+00	1	35	-1.82867000e-05	1.60508000e-06	-2.00166000e-01	-1.61068000e-06
1.77823748e+02	2026-09-04T17:21:20.039366	0.00000000e+00	1	35	-1.76668000e-05	1.06812000e-06	-1.50121000e-01	-1.07531000e-06
1.77835702e+02	2026-09-04T17:21:20.039366	0.00000000e+00	1	35	-1.32561000e-05	6.53437000e-07	-1.00080000e-01	-6.49611000e-07
1.77855527e+02	2026-09-04T17:21:20.071420	0.00000000e+00	1	35	-1.22786000e-05	3.05157000e-07	-5.00343000e-02	-3.01940000e-07
1.77887468e+02	2026-09-04T17:21:20.103253	0.00000000e+00	1	35	-9.20296000e-06	-6.78301000e-12	-1.45197000e-05	1.65153000e-10
1.81548573e+02	2026-09-04T17:21:23.760536	0.00000000e+00	1	36	-1.74046000e-06	-2.61377000e-09	-2.36988000e-05	4.36646000e-09
1.81557067e+02	2026-09-04T17:21:23.760536	0.00000000e+00	1	36	-4.39167000e-05	1.06796000e-05	-5.00060000e-02	-1.07020000e-05
1.81591939e+02	2026-09-04T17:21:23.808159	0.00000000e+00	1	36	-7.31945000e-06	2.32309000e-05	-1.00083000e-01	-2.31359000e-05
1.81641078e+02	2026-09-04T17:21:23.856082	0.00000000e+00	1	36	-1.19925000e-05	3.91306000e-05	-1.50130000e-01	-3.91338000e-05
1.81655940e+02	2026-09-04T17:21:23.872213	0.00000000e+00	1	36	-1.44243000e-05	6.07312000e-05	-2.00163000e-01	-6.06705000e-05
1.81663570e+02	2026-09-04T17:21:23.872213	0.00000000e+00	1	36	-1.02997000e-05	8.84641000e-05	-2.50314000e-01	-8.84708000e-05
1.81690383e+02	2026-09-04T17:21:23.904371	0.00000000e+00	1	36	-7.86781000e-06	1.12075000e-04	-3.00378000e-01	-1.10761000e-04
1.81720696e+02	2026-09-04T17:21:23.936128	0.00000000e+00	1	36	-8.84533000e-06	1.30262000e-04	-3.50392000e-01	-1.25725000e-04
1.81733652e+02	2026-09-04T17:21:23.946555	0.00000000e+00	1	36	-1.44243000e-05	1.50684000e-04	-4.00471000e-01	-1.49155000e-04
1.81755599e+02	2026-09-04T17:21:23.968050	0.00000000e+00	1	36	-1.12772000e-05	1.64897000e-04	-4.50484000e-01	-1.62175000e-04
1.81762939e+02	2026-09-04T17:21:23.968050	0.00000000e+00	1	36	-2.01702000e-05	1.63897000e-04	-5.00546000e-01	-1.57273000e-04
1.81785586e+02	2026-09-04T17:21:24.000075	0.00000000e+00	1	36	-9.75132000e-06	1.36778000e-04	-5.50580000e-01	-1.32936000e-04
1.81817151e+02	2026-09-04T17:21:24.032177	0.00000000e+00	1	36	-1.12772000e-05	1.17714000e-04	-6.00637000e-01	-1.15842000e-04
1.81831752e+02	2026-09-04T17:21:24.048063	0.00000000e+00	1	36	-1.04666000e-05	1.23848000e-04	-6.50659000e-01	-1.21270000e-04
1.81840073e+02	2026-09-04T17:21:24.048063	0.00000000e+00	1	36	-1.51396000e-05	1.07609000e-04	-7.00708000e-01	-1.06199000e-04
1.81868798e+02	2026-09-04T17:21:24.079754	0.00000000e+00	1	36	-1.14679000e-05	9.79063000e-05	-7.50734000e-01	-9.66888000e-05
1.81896155e+02	2026-09-04T17:21:24.111621	0.00000000e+00	1	36	-3.45707000e-06	1.03205000e-04	-8.00821000e-01	-1.02779000e-04
1.81927875e+02	2026-09-04T17:21:24.143808	0.00000000e+00	1	36	-5.79357000e-06	9.94181000e-05	-8.50832000e-01	-1.01060000e-04
1.81938043e+02	2026-09-04T17:21:24.154543	0.00000000e+00	1	36	-7.15256000e-06	1.08351000e-04	-9.00885000e-01	-1.06685000e-04
1.81975028e+02	2026-09-04T17:21:24.191451	0.00000000e+00	1	36	-5.53131000e-06	1.02510000e-04	-9.50901000e-01	-9.53159000e-05
1.82002333e+02	2026-09-04T17:21:24.207339	0.00000000e+00	1	36	-9.65595000e-06	1.07948000e-04	-1.00096000e+00	-1.13948000e-04
1.82023017e+02	2026-09-04T17:21:24.238791	0.00000000e+00	1	36	-1.22786000e-05	1.04565000e-04	-1.05100000e+00	-1.04009000e-04
1.82062455e+02	2026-09-04T17:21:24.270479	0.00000000e+00	1	36	-1.10149000e-05	1.01008000e-04	-1.10106000e+00	-1.08977000e-04
1.82086423e+02	2026-09-04T17:21:24.303286	0.00000000e+00	1	36	-1.44243000e-05	1.08369000e-04	-1.15112000e+00	-1.03469000e-04
1.82107637e+02	2026-09-04T17:21:24.322668	0.00000000e+00	1	36	-1.11103000e-05	1.14115000e-04	-1.20113000e+00	-1.15037000e-04
1.82133514e+02	2026-09-04T17:21:24.345266	0.00000000e+00	1	36	-6.69956000e-06	1.20292000e-04	-1.25117000e+00	-1.12762000e-04
1.82157548e+02	2026-09-04T17:21:24.367022	0.00000000e+00	1	36	-8.94070000e-06	1.23590000e-04	-1.30119000e+00	-1.26174000e-04
1.82165433e+02	2026-09-04T17:21:24.367022	0.00000000e+00	1	36	-8.32081000e-06	1.26267000e-04	-1.35126000e+00	-1.25639000e-04
1.82221888e+02	2026-09-04T17:21:24.430724	0.00000000e+00	1	36	-8.39233000e-06	1.30719000e-04	-1.40126000e+00	-1.33039000e-04
1.82241524e+02	2026-09-04T17:21:24.457309	0.00000000e+00	1	36	-1.37091000e-05	1.50782000e-04	-1.45132000e+00	-1.53098000e-04
1.82262864e+02	2026-09-04T17:21:24.479124	0.00000000e+00	1	36	-1.36137000e-05	1.56219000e-04	-1.50136000e+00	-1.57034000e-04
1.82304324e+02	2026-09-04T17:21:24.510888	0.00000000e+00	1	36	-9.39369000e-06	1.64674000e-04	-1.55142000e+00	-1.64346000e-04
1.82327429e+02	2026-09-04T17:21:24.542755	0.00000000e+00	1	36	-8.48770000e-06	1.70775000e-04	-1.60142000e+00	-1.72546000e-04
1.82335723e+02	2026-09-04T17:21:24.542755	0.00000000e+00	1	36	-7.77245000e-06	1.87522000e-04	-1.65145000e+00	-1.88160000e-04
1.82358586e+02	2026-09-04T17:21:24.574342	0.00000000e+00	1	36	-1.39713000e-05	2.05522000e-04	-1.70150000e+00	-2.01575000e-04
1.82396183e+02	2026-09-04T17:21:24.606013	0.00000000e+00	1	36	-1.16348000e-05	2.20710000e-04	-1.75154000e+00	-2.19810000e-04
1.82422393e+02	2026-09-04T17:21:24.638140	0.00000000e+00	1	36	-1.68562000e-05	2.45352000e-04	-1.80157000e+00	-2.43246000e-04
1.82430533e+02	2026-09-04T17:21:24.638140	0.00000000e+00	1	36	-6.86646000e-06	2.70685000e-04	-1.85162000e+00	-2.63328000e-04
1.82455672e+02	2026-09-04T17:21:24.670109	0.00000000e+00	1	36	-1.30892000e-05	2.82548000e-04	-1.90166000e+00	-2.82438000e-04
1.82486541e+02	2026-09-04T17:21:24.701575	0.00000000e+00	1	36	-1.44243000e-05	3.05770000e-04	-1.95167000e+00	-3.03920000e-04
1.82517321e+02	2026-09-04T17:21:24.733512	0.00000000e+00	1	36	-1.81198000e-05	3.32467000e-04	-2.00172000e+00	-3.34512000e-04
1.82564479e+02	2026-09-04T17:21:24.776064	0.00000000e+00	1	36	-1.68562000e-05	3.40340000e-04	-2.00170000e+00	-3.35372000e-04
1.82586497e+02	2026-09-04T17:21:24.797503	0.00000000e+00	1	36	-1.43290000e-05	3.07401000e-04	-1.95167000e+00	-3.07157000e-04
1.82594115e+02	2026-09-04T17:21:24.797503	0.00000000e+00	1	36	-1.06573000e-05	2.86810000e-04	-1.90166000e+00	-2.83489000e-04
1.82613619e+02	2026-09-04T17:21:24.829361	0.00000000e+00	1	36	-1.17302000e-05	2.63674000e-04	-1.85160000e+00	-2.62850000e-04
1.82662283e+02	2026-09-04T17:21:24.877352	0.00000000e+00	1	36	-1.11818000e-05	2.48991000e-04	-1.80154000e+00	-2.51463000e-04
1.82682330e+02	2026-09-04T17:21:24.894099	0.00000000e+00	1	36	-8.22544000e-06	2.31104000e-04	-1.75154000e+00	-2.29848000e-04
1.82702789e+02	2026-09-04T17:21:24.909021	0.00000000e+00	1	36	-1.28984000e-05	2.10572000e-04	-1.70149000e+00	-2.08225000e-04
1.82744162e+02	2026-09-04T17:21:24.956697	0.00000000e+00	1	36	-6.50883000e-06	1.98329000e-04	-1.65148000e+00	-1.98184000e-04
1.82753094e+02	2026-09-04T17:21:24.956697	0.00000000e+00	1	36	-1.66655000e-05	1.81831000e-04	-1.60143000e+00	-1.81692000e-04
1.82772195e+02	2026-09-04T17:21:24.988480	0.00000000e+00	1	36	-9.94205000e-06	1.67562000e-04	-1.55140000e+00	-1.66671000e-04
1.82818509e+02	2026-09-04T17:21:25.020546	0.00000000e+00	1	36	-1.46866000e-05	1.52527000e-04	-1.50135000e+00	-1.52846000e-04
1.82840958e+02	2026-09-04T17:21:25.052317	0.00000000e+00	1	36	-1.46866000e-05	1.41121000e-04	-1.45132000e+00	-1.41005000e-04
1.82848791e+02	2026-09-04T17:21:25.052317	0.00000000e+00	1	36	-7.05719000e-06	1.28066000e-04	-1.40128000e+00	-1.27846000e-04
1.82876284e+02	2026-09-04T17:21:25.083849	0.00000000e+00	1	36	-8.48770000e-06	1.14967000e-04	-1.35127000e+00	-1.15580000e-04
1.82911539e+02	2026-09-04T17:21:25.126564	0.00000000e+00	1	36	-1.11818000e-05	1.06191000e-04	-1.30119000e+00	-1.05597000e-04
1.82930966e+02	2026-09-04T17:21:25.147265	0.00000000e+00	1	36	-7.58171000e-06	9.57183000e-05	-1.25118000e+00	-9.56988000e-05
1.82966473e+02	2026-09-04T17:21:25.179307	0.00000000e+00	1	36	-1.10149000e-05	8.58853000e-05	-1.20108000e+00	-8.49869000e-05
1.82995583e+02	2026-09-04T17:21:25.211248	0.00000000e+00	1	36	-2.03609000e-05	7.71013000e-05	-1.15111000e+00	-7.68985000e-05
1.83003872e+02	2026-09-04T17:21:25.211248	0.00000000e+00	1	36	-8.32081000e-06	6.95650000e-05	-1.10103000e+00	-6.86012000e-05
1.83032065e+02	2026-09-04T17:21:25.243198	0.00000000e+00	1	36	-6.86646000e-06	6.07792000e-05	-1.05098000e+00	-6.09653000e-05
1.83066568e+02	2026-09-04T17:21:25.275173	0.00000000e+00	1	36	-1.05619000e-05	5.29972000e-05	-1.00097000e+00	-5.28227000e-05
1.83074652e+02	2026-09-04T17:21:25.290952	0.00000000e+00	1	36	-8.48770000e-06	4.66677000e-05	-9.50891000e-01	-4.63507000e-05
1.83135955e+02	2026-09-04T17:21:25.348918	0.00000000e+00	1	36	-1.08242000e-05	4.05690000e-05	-9.00886000e-01	-4.02041000e-05
1.83158591e+02	2026-09-04T17:21:25.370788	0.00000000e+00	1	36	-9.48906000e-06	3.52777000e-05	-8.50793000e-01	-3.52328000e-05
1.83166184e+02	2026-09-04T17:21:25.370788	0.00000000e+00	1	36	-1.36137000e-05	3.01513000e-05	-8.00815000e-01	-3.04747000e-05
1.83195468e+02	2026-09-04T17:21:25.402715	0.00000000e+00	1	36	-1.28984000e-05	2.54214000e-05	-7.50732000e-01	-2.51853000e-05
1.83228638e+02	2026-09-04T17:21:25.434626	0.00000000e+00	1	36	-8.84533000e-06	2.12997000e-05	-7.00701000e-01	-2.11778000e-05
1.83250722e+02	2026-09-04T17:21:25.466523	0.00000000e+00	1	36	-6.05583000e-06	1.77218000e-05	-6.50670000e-01	-1.72351000e-05
1.83290406e+02	2026-09-04T17:21:25.498518	0.00000000e+00	1	36	-9.94205000e-06	1.40614000e-05	-6.00640000e-01	-1.39180000e-05
1.83314060e+02	2026-09-04T17:21:25.530403	0.00000000e+00	1	36	-1.11818000e-05	1.13494000e-05	-5.50572000e-01	-1.13242000e-05
1.83321764e+02	2026-09-04T17:21:25.530403	0.00000000e+00	1	36	-1.56879000e-05	9.12739000e-06	-5.00550000e-01	-9.11423000e-06
1.83352137e+02	2026-09-04T17:21:25.561766	0.00000000e+00	1	36	-1.28031000e-05	7.02532000e-06	-4.50496000e-01	-6.95781000e-06
1.83378115e+02	2026-09-04T17:21:25.593508	0.00000000e+00	1	36	-6.96182000e-06	5.55097000e-06	-4.00455000e-01	-5.46946000e-06
1.83392608e+02	2026-09-04T17:21:25.609387	0.00000000e+00	1	36	-1.13726000e-05	4.24084000e-06	-3.50424000e-01	-4.21578000e-06
1.83414975e+02	2026-09-04T17:21:25.625168	0.00000000e+00	1	36	-1.63078000e-05	3.23536000e-06	-3.00363000e-01	-3.24790000e-06
1.83422937e+02	2026-09-04T17:21:25.625168	0.00000000e+00	1	36	-1.53303000e-05	2.43713000e-06	-2.50326000e-01	-2.43740000e-06
1.83473276e+02	2026-09-04T17:21:25.688762	0.00000000e+00	1	36	-1.29938000e-05	1.67139000e-06	-2.00166000e-01	-1.68074000e-06
1.83505267e+02	2026-09-04T17:21:25.720835	0.00000000e+00	1	36	-6.50883000e-06	1.10528000e-06	-1.50122000e-01	-1.09428000e-06
1.83543439e+02	2026-09-04T17:21:25.752860	0.00000000e+00	1	36	-1.27077000e-05	6.59710000e-07	-1.00085000e-01	-6.71143000e-07
1.83568550e+02	2026-09-04T17:21:25.784808	0.00000000e+00	1	36	-1.16348000e-05	3.21433000e-07	-5.00384000e-02	-3.21937000e-07
1.83576676e+02	2026-09-04T17:21:25.784808	0.00000000e+00	1	36	-1.27077000e-05	-1.71757000e-10	-1.18256000e-05	2.21729000e-12
1.87011245e+02	2026-09-04T17:21:29.227462	0.00000000e+00	1	37	-4.62532000e-06	-1.19691000e-09	-2.34365000e-05	5.89434000e-09
1.87064076e+02	2026-09-04T17:21:29.274932	0.00000000e+00	1	37	-1.99080000e-05	9.81310000e-06	-5.00369000e-02	-9.80197000e-06
1.87091631e+02	2026-09-04T17:21:29.308029	0.00000000e+00	1	37	-5.61476000e-05	2.14346000e-05	-1.00030000e-01	-2.19322000e-05
1.87103889e+02	2026-09-04T17:21:29.308029	0.00000000e+00	1	37	-1.04666000e-05	3.74813000e-05	-1.50130000e-01	-3.74869000e-05
1.87122635e+02	2026-09-04T17:21:29.338915	0.00000000e+00	1	37	-5.43594000e-06	5.92574000e-05	-2.00171000e-01	-5.93957000e-05
1.87162871e+02	2026-09-04T17:21:29.370877	0.00000000e+00	1	37	-5.72205000e-07	8.66129000e-05	-2.50304000e-01	-8.68327000e-05
1.87189642e+02	2026-09-04T17:21:29.402979	0.00000000e+00	1	37	-3.45707000e-06	1.13791000e-04	-3.00351000e-01	-1.09064000e-04
1.87219122e+02	2026-09-04T17:21:29.434811	0.00000000e+00	1	37	-5.34058000e-06	1.37595000e-04	-3.50410000e-01	-1.37743000e-04
1.87251882e+02	2026-09-04T17:21:29.467857	0.00000000e+00	1	37	-9.20296000e-06	1.68491000e-04	-4.00487000e-01	-1.68398000e-04
1.87283636e+02	2026-09-04T17:21:29.498786	0.00000000e+00	1	37	-7.51019000e-06	1.96427000e-04	-4.50460000e-01	-1.93812000e-04
1.87291456e+02	2026-09-04T17:21:29.498786	0.00000000e+00	1	37	-8.84533000e-06	2.16432000e-04	-5.00529000e-01	-2.13606000e-04
1.87319178e+02	2026-09-04T17:21:29.530467	0.00000000e+00	1	37	-5.60284000e-06	1.56923000e-04	-5.50579000e-01	-1.54598000e-04
1.87346718e+02	2026-09-04T17:21:29.562231	0.00000000e+00	1	37	-1.00136000e-05	1.31588000e-04	-6.00624000e-01	-1.31618000e-04
1.87361402e+02	2026-09-04T17:21:29.562231	0.00000000e+00	1	37	-3.55244000e-06	1.27256000e-04	-6.50638000e-01	-1.16156000e-04
1.87421769e+02	2026-09-04T17:21:29.625764	0.00000000e+00	1	37	-8.03471000e-06	1.07474000e-04	-7.00703000e-01	-1.08400000e-04
1.87446374e+02	2026-09-04T17:21:29.657654	0.00000000e+00	1	37	-6.15120000e-06	1.15299000e-04	-7.50748000e-01	-1.16277000e-04
1.87454047e+02	2026-09-04T17:21:29.657654	0.00000000e+00	1	37	-1.08242000e-05	1.18056000e-04	-8.00794000e-01	-1.14401000e-04
1.87477725e+02	2026-09-04T17:21:29.689595	0.00000000e+00	1	37	-1.45197000e-05	1.13642000e-04	-8.50793000e-01	-1.10214000e-04
1.87507116e+02	2026-09-04T17:21:29.721892	0.00000000e+00	1	37	-7.31945000e-06	1.11210000e-04	-9.00886000e-01	-1.08246000e-04
1.87520248e+02	2026-09-04T17:21:29.721892	0.00000000e+00	1	37	-1.11103000e-05	1.22102000e-04	-9.50903000e-01	-1.06558000e-04
1.87554028e+02	2026-09-04T17:21:29.770078	0.00000000e+00	1	37	-8.39233000e-06	1.20627000e-04	-1.00096000e+00	-1.13293000e-04
1.87602289e+02	2026-09-04T17:21:29.818103	0.00000000e+00	1	37	-1.14679000e-05	1.11483000e-04	-1.05097000e+00	-1.05651000e-04
1.87609996e+02	2026-09-04T17:21:29.818103	0.00000000e+00	1	37	-1.24455000e-05	1.24788000e-04	-1.10105000e+00	-1.17981000e-04
1.87617699e+02	2026-09-04T17:21:29.834231	0.00000000e+00	1	37	-4.43459000e-06	1.27485000e-04	-1.15110000e+00	-1.09030000e-04
1.87674139e+02	2026-09-04T17:21:29.881746	0.00000000e+00	1	37	-4.81606000e-06	1.28809000e-04	-1.20111000e+00	-1.28805000e-04
1.87697639e+02	2026-09-04T17:21:29.913665	0.00000000e+00	1	37	-3.62396000e-06	1.33438000e-04	-1.25118000e+00	-1.29173000e-04
1.87705821e+02	2026-09-04T17:21:29.913665	0.00000000e+00	1	37	-9.94205000e-06	1.36352000e-04	-1.30120000e+00	-1.31953000e-04
1.87729787e+02	2026-09-04T17:21:29.945509	0.00000000e+00	1	37	-5.79357000e-06	1.36094000e-04	-1.35127000e+00	-1.32475000e-04
1.87768943e+02	2026-09-04T17:21:29.977519	0.00000000e+00	1	37	-9.39369000e-06	1.40978000e-04	-1.40128000e+00	-1.42341000e-04
1.87793585e+02	2026-09-04T17:21:30.009295	0.00000000e+00	1	37	-2.38419000e-06	1.55269000e-04	-1.45135000e+00	-1.54176000e-04
1.87802145e+02	2026-09-04T17:21:30.009295	0.00000000e+00	1	37	-7.22408000e-06	1.65841000e-04	-1.50138000e+00	-1.66793000e-04
1.87825317e+02	2026-09-04T17:21:30.041276	0.00000000e+00	1	37	-1.50442000e-05	1.71602000e-04	-1.55140000e+00	-1.69472000e-04
1.87863341e+02	2026-09-04T17:21:30.072921	0.00000000e+00	1	37	-1.06573000e-05	1.82865000e-04	-1.60143000e+00	-1.82463000e-04
1.87888513e+02	2026-09-04T17:21:30.104610	0.00000000e+00	1	37	-6.86646000e-06	1.93030000e-04	-1.65147000e+00	-1.95306000e-04
1.87896823e+02	2026-09-04T17:21:30.104610	0.00000000e+00	1	37	-1.04666000e-05	2.06514000e-04	-1.70151000e+00	-2.06759000e-04
1.87924310e+02	2026-09-04T17:21:30.136536	0.00000000e+00	1	37	-9.29832000e-06	2.14100000e-04	-1.75156000e+00	-2.15035000e-04
1.87951502e+02	2026-09-04T17:21:30.162731	0.00000000e+00	1	37	-6.96182000e-06	2.32079000e-04	-1.80155000e+00	-2.34027000e-04
1.87973477e+02	2026-09-04T17:21:30.184269	0.00000000e+00	1	37	-6.05583000e-06	2.46839000e-04	-1.85163000e+00	-2.47964000e-04
1.87981055e+02	2026-09-04T17:21:30.184269	0.00000000e+00	1	37	-5.34058000e-06	2.72048000e-04	-1.90167000e+00	-2.68280000e-04
1.88000537e+02	2026-09-04T17:21:30.215873	0.00000000e+00	1	37	-9.03606000e-06	3.08432000e-04	-1.95168000e+00	-3.03581000e-04
1.88032277e+02	2026-09-04T17:21:30.247719	0.00000000e+00	1	37	-1.42574000e-05	3.21416000e-04	-2.00172000e+00	-3.24278000e-04
1.88044681e+02	2026-09-04T17:21:30.258067	0.00000000e+00	1	37	-1.41621000e-05	3.29483000e-04	-2.00172000e+00	-3.28710000e-04
1.88063676e+02	2026-09-04T17:21:30.279559	0.00000000e+00	1	37	-1.15395000e-05	3.01926000e-04	-1.95168000e+00	-3.03289000e-04
1.88071617e+02	2026-09-04T17:21:30.279559	0.00000000e+00	1	37	-1.02043000e-05	2.80352000e-04	-1.90163000e+00	-2.80924000e-04
1.88079086e+02	2026-09-04T17:21:30.295601	0.00000000e+00	1	37	-9.39369000e-06	2.58889000e-04	-1.85161000e+00	-2.56670000e-04
1.88118874e+02	2026-09-04T17:21:30.327265	0.00000000e+00	1	37	-8.74996000e-06	2.40461000e-04	-1.80155000e+00	-2.41388000e-04
1.88143799e+02	2026-09-04T17:21:30.359294	0.00000000e+00	1	37	-1.28984000e-05	2.23647000e-04	-1.75152000e+00	-2.23009000e-04
1.88152519e+02	2026-09-04T17:21:30.359294	0.00000000e+00	1	37	-6.50883000e-06	2.07268000e-04	-1.70150000e+00	-2.08067000e-04
1.88180465e+02	2026-09-04T17:21:30.391377	0.00000000e+00	1	37	-1.26362000e-05	1.89116000e-04	-1.65149000e+00	-1.89363000e-04
1.88207546e+02	2026-09-04T17:21:30.423106	0.00000000e+00	1	37	-1.73092000e-05	1.74200000e-04	-1.60142000e+00	-1.74452000e-04
1.88221458e+02	2026-09-04T17:21:30.423106	0.00000000e+00	1	37	-1.23501000e-05	1.60265000e-04	-1.55141000e+00	-1.60083000e-04
1.88291022e+02	2026-09-04T17:21:30.502627	0.00000000e+00	1	37	-1.32561000e-05	1.48259000e-04	-1.50138000e+00	-1.47105000e-04
1.88308107e+02	2026-09-04T17:21:30.518525	0.00000000e+00	1	37	-8.74996000e-06	1.35927000e-04	-1.45133000e+00	-1.35872000e-04
1.88315626e+02	2026-09-04T17:21:30.518525	0.00000000e+00	1	37	-1.49727000e-05	1.24446000e-04	-1.40126000e+00	-1.24260000e-04
1.88334216e+02	2026-09-04T17:21:30.550461	0.00000000e+00	1	37	-7.51019000e-06	1.12998000e-04	-1.35127000e+00	-1.12953000e-04
1.88398306e+02	2026-09-04T17:21:30.614065	0.00000000e+00	1	37	-9.20296000e-06	1.01746000e-04	-1.30120000e+00	-1.01878000e-04
1.88406185e+02	2026-09-04T17:21:30.614065	0.00000000e+00	1	37	-4.36306000e-06	9.31535000e-05	-1.25117000e+00	-9.23537000e-05
1.88438153e+02	2026-09-04T17:21:30.646130	0.00000000e+00	1	37	-9.75132000e-06	8.34214000e-05	-1.20111000e+00	-8.33745000e-05
1.88466012e+02	2026-09-04T17:21:30.678375	0.00000000e+00	1	37	-9.29832000e-06	7.35959000e-05	-1.15110000e+00	-7.38015000e-05
1.88494111e+02	2026-09-04T17:21:30.710262	0.00000000e+00	1	37	-1.08242000e-05	6.66083000e-05	-1.10105000e+00	-6.55028000e-05
1.88502167e+02	2026-09-04T17:21:30.710262	0.00000000e+00	1	37	-1.47820000e-06	5.82386000e-05	-1.05099000e+00	-5.84187000e-05
1.88530714e+02	2026-09-04T17:21:30.741959	0.00000000e+00	1	37	-5.07832000e-06	5.09760000e-05	-1.00099000e+00	-5.12653000e-05
1.88559941e+02	2026-09-04T17:21:30.774113	0.00000000e+00	1	37	-7.58171000e-06	4.46823000e-05	-9.50912000e-01	-4.44803000e-05
1.88589892e+02	2026-09-04T17:21:30.805762	0.00000000e+00	1	37	-5.79357000e-06	3.89528000e-05	-9.00879000e-01	-3.92717000e-05
1.88624905e+02	2026-09-04T17:21:30.837846	0.00000000e+00	1	37	-1.18256000e-05	3.35147000e-05	-8.50822000e-01	-3.36576000e-05
1.88653818e+02	2026-09-04T17:21:30.869616	0.00000000e+00	1	37	-9.20296000e-06	2.89078000e-05	-8.00809000e-01	-2.89331000e-05
1.88662786e+02	2026-09-04T17:21:30.869616	0.00000000e+00	1	37	-1.38044000e-05	2.45307000e-05	-7.50735000e-01	-2.46319000e-05
1.88686683e+02	2026-09-04T17:21:30.901459	0.00000000e+00	1	37	-8.94070000e-06	2.06284000e-05	-7.00709000e-01	-2.05033000e-05
1.88717819e+02	2026-09-04T17:21:30.933471	0.00000000e+00	1	37	-1.21832000e-05	1.71039000e-05	-6.50675000e-01	-1.72380000e-05
1.88731255e+02	2026-09-04T17:21:30.933471	0.00000000e+00	1	37	-2.83718000e-06	1.42335000e-05	-6.00635000e-01	-1.42557000e-05
1.88786509e+02	2026-09-04T17:21:30.997207	0.00000000e+00	1	37	-7.96318000e-06	1.15088000e-05	-5.50566000e-01	-1.15386000e-05
1.88812821e+02	2026-09-04T17:21:31.028993	0.00000000e+00	1	37	-4.43459000e-06	9.31342000e-06	-5.00552000e-01	-9.37526000e-06
1.88836146e+02	2026-09-04T17:21:31.044805	0.00000000e+00	1	37	-1.64986000e-05	7.36924000e-06	-4.50476000e-01	-7.09276000e-06
1.88880807e+02	2026-09-04T17:21:31.092831	0.00000000e+00	1	37	-1.02043000e-05	5.52702000e-06	-4.00457000e-01	-5.55443000e-06
1.88888677e+02	2026-09-04T17:21:31.092831	0.00000000e+00	1	37	-1.45197000e-05	4.31108000e-06	-3.50413000e-01	-4.27571000e-06
1.88909051e+02	2026-09-04T17:21:31.124875	0.00000000e+00	1	37	-1.46866000e-05	3.26112000e-06	-3.00370000e-01	-3.19030000e-06
1.88951383e+02	2026-09-04T17:21:31.157116	0.00000000e+00	1	37	-1.13726000e-05	2.37150000e-06	-2.50309000e-01	-2.36152000e-06
1.88977689e+02	2026-09-04T17:21:31.188872	0.00000000e+00	1	37	-1.03712000e-05	1.73574000e-06	-2.00160000e-01	-1.73825000e-06
1.88995166e+02	2026-09-04T17:21:31.204989	0.00000000e+00	1	37	-9.94205000e-06	1.16468000e-06	-1.50126000e-01	-1.18771000e-06
1.89040252e+02	2026-09-04T17:21:31.252890	0.00000000e+00	1	37	-5.88894000e-06	7.02418000e-07	-1.00079000e-01	-7.02667000e-07
1.89068985e+02	2026-09-04T17:21:31.284784	0.00000000e+00	1	37	-5.34058000e-06	3.27117000e-07	-5.00363000e-02	-3.27818000e-07
1.89100917e+02	2026-09-04T17:21:31.316852	0.00000000e+00	1	37	-7.58171000e-06	-2.19750000e-10	-1.62363000e-05	-9.74536000e-11
1.92833236e+02	2026-09-04T17:21:35.036615	0.00000000e+00	1	38	-4.07696000e-06	-7.58350000e-10	-2.37942000e-05	4.20601000e-09
1.92884762e+02	2026-09-04T17:21:35.097480	0.00000000e+00	1	38	-6.69956000e-06	8.31247000e-06	-5.00267000e-02	-8.31158000e-06
1.92913504e+02	2026-09-04T17:21:35.129210	0.00000000e+00	1	38	-7.96318000e-05	1.82052000e-05	-1.00021000e-01	-1.82497000e-05
1.92929234e+02	2026-09-04T17:21:35.145132	0.00000000e+00	1	38	-2.64645000e-06	3.15374000e-05	-1.50116000e-01	-3.15446000e-05
1.92981997e+02	2026-09-04T17:21:35.193383	0.00000000e+00	1	38	-1.38283000e-06	4.99959000e-05	-2.00151000e-01	-5.00268000e-05
1.93043485e+02	2026-09-04T17:21:35.257794	0.00000000e+00	1	38	-4.36306000e-06	7.50587000e-05	-2.50302000e-01	-7.52190000e-05
1.93073585e+02	2026-09-04T17:21:35.289695	0.00000000e+00	1	38	-4.07696000e-06	1.03157000e-04	-3.00366000e-01	-1.01994000e-04
1.93085846e+02	2026-09-04T17:21:35.289695	0.00000000e+00	1	38	-3.09944000e-07	1.24996000e-04	-3.50397000e-01	-1.21383000e-04
1.93099209e+02	2026-09-04T17:21:35.310753	0.00000000e+00	1	38	1.31130000e-06	1.42989000e-04	-4.00459000e-01	-1.41315000e-04
1.93153154e+02	2026-09-04T17:21:35.368985	0.00000000e+00	1	38	-4.76837000e-07	1.64916000e-04	-4.50468000e-01	-1.64218000e-04
1.93160927e+02	2026-09-04T17:21:35.368985	0.00000000e+00	1	38	-3.55244000e-06	1.85724000e-04	-5.00540000e-01	-1.81394000e-04
1.93186732e+02	2026-09-04T17:21:35.400907	0.00000000e+00	1	38	1.12057000e-06	1.52135000e-04	-5.50551000e-01	-1.43608000e-04
1.93232638e+02	2026-09-04T17:21:35.448714	0.00000000e+00	1	38	-2.19345000e-06	1.25964000e-04	-6.00630000e-01	-1.21669000e-04
1.93240917e+02	2026-09-04T17:21:35.448714	0.00000000e+00	1	38	-4.76837000e-07	1.23678000e-04	-6.50634000e-01	-1.20471000e-04
1.93264894e+02	2026-09-04T17:21:35.480677	0.00000000e+00	1	38	2.02656000e-06	1.06660000e-04	-7.00696000e-01	-1.00871000e-04
1.93298114e+02	2026-09-04T17:21:35.512740	0.00000000e+00	1	38	-6.24657000e-06	1.08580000e-04	-7.50737000e-01	-1.08177000e-04
1.93328625e+02	2026-09-04T17:21:35.544704	0.00000000e+00	1	38	-9.75132000e-06	1.14496000e-04	-8.00797000e-01	-1.06735000e-04
1.93336448e+02	2026-09-04T17:21:35.544704	0.00000000e+00	1	38	1.40667000e-06	1.09461000e-04	-8.50808000e-01	-1.06410000e-04
1.93344024e+02	2026-09-04T17:21:35.560690	0.00000000e+00	1	38	-1.12057000e-06	1.08625000e-04	-9.00853000e-01	-9.09651000e-05
1.93396126e+02	2026-09-04T17:21:35.608069	0.00000000e+00	1	38	-7.05719000e-06	1.02057000e-04	-9.50896000e-01	-9.81646000e-05
1.93424321e+02	2026-09-04T17:21:35.639806	0.00000000e+00	1	38	-9.20296000e-06	1.07389000e-04	-1.00097000e+00	-1.06148000e-04
1.93434947e+02	2026-09-04T17:21:35.639806	0.00000000e+00	1	38	-3.36170000e-06	1.09328000e-04	-1.05099000e+00	-1.11399000e-04
1.93456027e+02	2026-09-04T17:21:35.671762	0.00000000e+00	1	38	-2.64645000e-06	1.07703000e-04	-1.10104000e+00	-1.09086000e-04
1.93489183e+02	2026-09-04T17:21:35.703690	0.00000000e+00	1	38	-3.26633000e-06	1.22243000e-04	-1.15109000e+00	-1.22995000e-04
1.93515797e+02	2026-09-04T17:21:35.730379	0.00000000e+00	1	38	-1.12057000e-06	1.18797000e-04	-1.20110000e+00	-1.18172000e-04
1.93535399e+02	2026-09-04T17:21:35.751372	0.00000000e+00	1	38	-3.55244000e-06	1.18820000e-04	-1.25116000e+00	-1.17039000e-04
1.93544151e+02	2026-09-04T17:21:35.751372	0.00000000e+00	1	38	-3.09944000e-07	1.28278000e-04	-1.30118000e+00	-1.32463000e-04
1.93574662e+02	2026-09-04T17:21:35.783397	0.00000000e+00	1	38	-7.67708000e-06	1.39682000e-04	-1.35125000e+00	-1.37530000e-04
1.93601500e+02	2026-09-04T17:21:35.815080	0.00000000e+00	1	38	8.58307000e-07	1.38805000e-04	-1.40127000e+00	-1.38749000e-04
1.93631604e+02	2026-09-04T17:21:35.847294	0.00000000e+00	1	38	-3.71933000e-06	1.47237000e-04	-1.45132000e+00	-1.51761000e-04
1.93639689e+02	2026-09-04T17:21:35.847294	0.00000000e+00	1	38	-2.38419000e-06	1.59967000e-04	-1.50134000e+00	-1.59704000e-04
1.93678695e+02	2026-09-04T17:21:35.895042	0.00000000e+00	1	38	-1.04666000e-05	1.70584000e-04	-1.55139000e+00	-1.68016000e-04
1.93709062e+02	2026-09-04T17:21:35.910952	0.00000000e+00	1	38	-7.58171000e-06	1.83215000e-04	-1.60141000e+00	-1.85960000e-04
1.93761571e+02	2026-09-04T17:21:35.975456	0.00000000e+00	1	38	-3.36170000e-06	1.86892000e-04	-1.65147000e+00	-1.89539000e-04
1.93790954e+02	2026-09-04T17:21:36.007183	0.00000000e+00	1	38	-4.26769000e-06	2.10051000e-04	-1.70151000e+00	-2.08431000e-04
1.93798717e+02	2026-09-04T17:21:36.007183	0.00000000e+00	1	38	-9.39369000e-06	2.23889000e-04	-1.75154000e+00	-2.26432000e-04
1.93806311e+02	2026-09-04T17:21:36.022971	0.00000000e+00	1	38	-5.07832000e-06	2.42259000e-04	-1.80155000e+00	-2.40495000e-04
1.93858323e+02	2026-09-04T17:21:36.070921	0.00000000e+00	1	38	-4.07696000e-06	2.59188000e-04	-1.85160000e+00	-2.55330000e-04
1.93868608e+02	2026-09-04T17:21:36.070921	0.00000000e+00	1	38	-2.02656000e-06	2.73401000e-04	-1.90162000e+00	-2.69411000e-04
1.93902713e+02	2026-09-04T17:21:36.118620	0.00000000e+00	1	38	-6.24657000e-06	2.98464000e-04	-1.95166000e+00	-2.95153000e-04
1.93951091e+02	2026-09-04T17:21:36.166803	0.00000000e+00	1	38	-1.14679000e-05	3.23946000e-04	-2.00169000e+00	-3.16744000e-04
1.93957862e+02	2026-09-04T17:21:36.166803	0.00000000e+00	1	38	-4.76837000e-08	3.21889000e-04	-2.00168000e+00	-3.22410000e-04
1.93970330e+02	2026-09-04T17:21:36.182561	0.00000000e+00	1	38	-9.75132000e-06	3.07491000e-04	-1.95166000e+00	-3.08047000e-04
1.93999061e+02	2026-09-04T17:21:36.214531	0.00000000e+00	1	38	-5.88894000e-06	2.83607000e-04	-1.90161000e+00	-2.79022000e-04
1.94025977e+02	2026-09-04T17:21:36.230537	0.00000000e+00	1	38	-6.34193000e-06	2.56779000e-04	-1.85158000e+00	-2.58691000e-04
1.94045999e+02	2026-09-04T17:21:36.262212	0.00000000e+00	1	38	7.62939000e-07	2.40874000e-04	-1.80153000e+00	-2.39019000e-04
1.94078778e+02	2026-09-04T17:21:36.294363	0.00000000e+00	1	38	-1.11103000e-05	2.17709000e-04	-1.75155000e+00	-2.19074000e-04
1.94110330e+02	2026-09-04T17:21:36.326560	0.00000000e+00	1	38	-9.03606000e-06	2.01955000e-04	-1.70150000e+00	-2.01800000e-04
1.94118716e+02	2026-09-04T17:21:36.326560	0.00000000e+00	1	38	-3.45707000e-06	1.86021000e-04	-1.65147000e+00	-1.85981000e-04
1.94156919e+02	2026-09-04T17:21:36.358695	0.00000000e+00	1	38	-4.62532000e-06	1.73390000e-04	-1.60141000e+00	-1.72589000e-04
1.94187149e+02	2026-09-04T17:21:36.401609	0.00000000e+00	1	38	-1.03712000e-05	1.59369000e-04	-1.55138000e+00	-1.59242000e-04
1.94206856e+02	2026-09-04T17:21:36.422617	0.00000000e+00	1	38	-3.71933000e-06	1.44024000e-04	-1.50135000e+00	-1.43597000e-04
1.94243359e+02	2026-09-04T17:21:36.454660	0.00000000e+00	1	38	-8.67844000e-06	1.31844000e-04	-1.45131000e+00	-1.32156000e-04
1.94261270e+02	2026-09-04T17:21:36.470861	0.00000000e+00	1	38	-1.32561000e-05	1.20684000e-04	-1.40126000e+00	-1.20488000e-04
1.94279386e+02	2026-09-04T17:21:36.486828	0.00000000e+00	1	38	-1.34468000e-05	1.10405000e-04	-1.35125000e+00	-1.09986000e-04
1.94302649e+02	2026-09-04T17:21:36.518415	0.00000000e+00	1	38	-1.46866000e-05	1.01012000e-04	-1.30119000e+00	-1.00761000e-04
1.94334875e+02	2026-09-04T17:21:36.550372	0.00000000e+00	1	38	-1.45197000e-05	9.07091000e-05	-1.25117000e+00	-9.07322000e-05
1.94366679e+02	2026-09-04T17:21:36.582307	0.00000000e+00	1	38	-9.65595000e-06	8.18362000e-05	-1.20108000e+00	-8.18062000e-05
1.94374852e+02	2026-09-04T17:21:36.582307	0.00000000e+00	1	38	-8.94070000e-06	7.42170000e-05	-1.15109000e+00	-7.39495000e-05
1.94402106e+02	2026-09-04T17:21:36.613914	0.00000000e+00	1	38	-1.20878000e-05	6.65449000e-05	-1.10104000e+00	-6.62092000e-05
1.94440404e+02	2026-09-04T17:21:36.646078	0.00000000e+00	1	38	-6.96182000e-06	5.86603000e-05	-1.05096000e+00	-5.88199000e-05
1.94461712e+02	2026-09-04T17:21:36.677721	0.00000000e+00	1	38	-1.64032000e-05	5.11192000e-05	-1.00095000e+00	-5.09344000e-05
1.94494823e+02	2026-09-04T17:21:36.709886	0.00000000e+00	1	38	-1.11103000e-05	4.48591000e-05	-9.50911000e-01	-4.39747000e-05
1.94524379e+02	2026-09-04T17:21:36.736527	0.00000000e+00	1	38	-9.20296000e-06	3.82968000e-05	-9.00860000e-01	-3.82243000e-05
1.94532366e+02	2026-09-04T17:21:36.742176	0.00000000e+00	1	38	-7.05719000e-06	3.30742000e-05	-8.50816000e-01	-3.30266000e-05
1.94540599e+02	2026-09-04T17:21:36.742176	0.00000000e+00	1	38	-8.58307000e-06	2.84339000e-05	-8.00805000e-01	-2.80589000e-05
1.94600221e+02	2026-09-04T17:21:36.805676	0.00000000e+00	1	38	-1.02043000e-05	2.46565000e-05	-7.50747000e-01	-2.46071000e-05
1.94621880e+02	2026-09-04T17:21:36.837791	0.00000000e+00	1	38	-1.32561000e-05	2.04278000e-05	-7.00706000e-01	-2.02839000e-05
1.94653555e+02	2026-09-04T17:21:36.869532	0.00000000e+00	1	38	-1.34468000e-05	1.69185000e-05	-6.50641000e-01	-1.69194000e-05
1.94685220e+02	2026-09-04T17:21:36.901491	0.00000000e+00	1	38	-5.24521000e-06	1.39443000e-05	-6.00622000e-01	-1.39045000e-05
1.94693722e+02	2026-09-04T17:21:36.901491	0.00000000e+00	1	38	-5.53131000e-06	1.15277000e-05	-5.50545000e-01	-1.15780000e-05
1.94719562e+02	2026-09-04T17:21:36.933471	0.00000000e+00	1	38	2.28882000e-06	8.65489000e-06	-5.00540000e-01	-8.65107000e-06
1.94761066e+02	2026-09-04T17:21:36.965259	0.00000000e+00	1	38	-6.96182000e-06	6.78647000e-06	-4.50484000e-01	-6.80571000e-06
1.94781035e+02	2026-09-04T17:21:36.997154	0.00000000e+00	1	38	-1.40667000e-05	5.31953000e-06	-4.00459000e-01	-5.24175000e-06
1.94814439e+02	2026-09-04T17:21:37.029031	0.00000000e+00	1	38	-9.94205000e-06	4.00598000e-06	-3.50383000e-01	-4.01082000e-06
1.94845308e+02	2026-09-04T17:21:37.061172	0.00000000e+00	1	38	-3.26633000e-06	3.08510000e-06	-3.00336000e-01	-3.07880000e-06
1.94853225e+02	2026-09-04T17:21:37.061172	0.00000000e+00	1	38	-4.17233000e-06	2.30967000e-06	-2.50294000e-01	-2.27983000e-06
1.94877266e+02	2026-09-04T17:21:37.093034	0.00000000e+00	1	38	-6.41346000e-06	1.63441000e-06	-2.00159000e-01	-1.61308000e-06
1.94911804e+02	2026-09-04T17:21:37.124727	0.00000000e+00	1	38	-1.20878000e-05	1.11886000e-06	-1.50118000e-01	-1.11380000e-06
1.94940355e+02	2026-09-04T17:21:37.156601	0.00000000e+00	1	38	-8.39233000e-06	6.88912000e-07	-1.00074000e-01	-6.79138000e-07
1.94952868e+02	2026-09-04T17:21:37.156601	0.00000000e+00	1	38	-9.65595000e-06	3.30169000e-07	-5.00308000e-02	-3.28897000e-07
1.94980530e+02	2026-09-04T17:21:37.188663	0.00000000e+00	1	38	-5.24521000e-06	-1.82068000e-10	-2.25306000e-05	-5.04971000e-11
1.98593566e+02	2026-09-04T17:21:40.804506	0.00000000e+00	1	39	-6.77109000e-06	-2.76717000e-09	-1.16348000e-05	5.03039000e-09
1.98602592e+02	2026-09-04T17:21:40.804506	0.00000000e+00	1	39	-2.12669000e-05	7.82275000e-06	-5.00289000e-02	-7.82009000e-06
1.98650330e+02	2026-09-04T17:21:40.862755	0.00000000e+00	1	39	-1.01376000e-04	1.72810000e-05	-1.00018000e-01	-1.73209000e-05
1.98681575e+02	2026-09-04T17:21:40.884451	0.00000000e+00	1	39	-1.33514000e-05	2.97899000e-05	-1.50114000e-01	-2.98349000e-05
1.98705490e+02	2026-09-04T17:21:40.916168	0.00000000e+00	1	39	-1.03712000e-05	4.75703000e-05	-2.00159000e-01	-4.76843000e-05
1.98713535e+02	2026-09-04T17:21:40.916168	0.00000000e+00	1	39	-1.06573000e-05	7.29857000e-05	-2.50299000e-01	-7.29841000e-05
1.98746865e+02	2026-09-04T17:21:40.963264	0.00000000e+00	1	39	-7.22408000e-06	9.97957000e-05	-3.00355000e-01	-9.25492000e-05
1.98778855e+02	2026-09-04T17:21:40.995443	0.00000000e+00	1	39	-1.31607000e-05	1.23250000e-04	-3.50407000e-01	-1.22454000e-04
1.98833521e+02	2026-09-04T17:21:41.044326	0.00000000e+00	1	39	-1.13726000e-05	1.53944000e-04	-4.00459000e-01	-1.53960000e-04
1.98859268e+02	2026-09-04T17:21:41.075439	0.00000000e+00	1	39	-1.24455000e-05	1.80342000e-04	-4.50474000e-01	-1.79285000e-04
1.98867777e+02	2026-09-04T17:21:41.075439	0.00000000e+00	1	39	-7.31945000e-06	2.04713000e-04	-5.00521000e-01	-2.03233000e-04
1.98891360e+02	2026-09-04T17:21:41.107158	0.00000000e+00	1	39	-9.29832000e-06	1.84479000e-04	-5.50557000e-01	-1.75530000e-04
1.98954511e+02	2026-09-04T17:21:41.170643	0.00000000e+00	1	39	-5.60284000e-06	1.62270000e-04	-6.00613000e-01	-1.57844000e-04
1.98962366e+02	2026-09-04T17:21:41.170643	0.00000000e+00	1	39	-3.45707000e-06	1.52520000e-04	-6.50633000e-01	-1.48762000e-04
1.98970047e+02	2026-09-04T17:21:41.186645	0.00000000e+00	1	39	-3.09944000e-06	1.22822000e-04	-7.00701000e-01	-1.09795000e-04
1.99018316e+02	2026-09-04T17:21:41.234636	0.00000000e+00	1	39	-6.50883000e-06	1.08649000e-04	-7.50754000e-01	-1.10405000e-04
1.99033159e+02	2026-09-04T17:21:41.234636	0.00000000e+00	1	39	-1.02997000e-05	1.17771000e-04	-8.00800000e-01	-1.05967000e-04
1.99088326e+02	2026-09-04T17:21:41.298414	0.00000000e+00	1	39	-4.72069000e-06	1.09391000e-04	-8.50823000e-01	-1.10966000e-04
1.99114594e+02	2026-09-04T17:21:41.329815	0.00000000e+00	1	39	-5.88894000e-06	1.06520000e-04	-9.00882000e-01	-1.01759000e-04
1.99123154e+02	2026-09-04T17:21:41.329815	0.00000000e+00	1	39	-1.13726000e-05	1.14146000e-04	-9.50897000e-01	-1.13510000e-04
1.99145911e+02	2026-09-04T17:21:41.361818	0.00000000e+00	1	39	-7.22408000e-06	1.07407000e-04	-1.00096000e+00	-1.09261000e-04
1.99183707e+02	2026-09-04T17:21:41.393088	0.00000000e+00	1	39	-6.96182000e-06	1.09809000e-04	-1.05100000e+00	-1.06963000e-04
1.99208926e+02	2026-09-04T17:21:41.424883	0.00000000e+00	1	39	-2.55108000e-06	1.20449000e-04	-1.10104000e+00	-1.15531000e-04
1.99216865e+02	2026-09-04T17:21:41.424883	0.00000000e+00	1	39	-9.29832000e-06	1.27919000e-04	-1.15110000e+00	-1.26456000e-04
1.99241056e+02	2026-09-04T17:21:41.456855	0.00000000e+00	1	39	-1.06573000e-05	1.15516000e-04	-1.20113000e+00	-1.17701000e-04
1.99304604e+02	2026-09-04T17:21:41.520169	0.00000000e+00	1	39	-1.37091000e-05	1.25309000e-04	-1.25119000e+00	-1.26295000e-04
1.99312530e+02	2026-09-04T17:21:41.520169	0.00000000e+00	1	39	-6.77109000e-06	1.37425000e-04	-1.30121000e+00	-1.30201000e-04
1.99340499e+02	2026-09-04T17:21:41.552083	0.00000000e+00	1	39	-3.55244000e-06	1.33823000e-04	-1.35124000e+00	-1.33581000e-04
1.99377876e+02	2026-09-04T17:21:41.583897	0.00000000e+00	1	39	-1.66655000e-05	1.42392000e-04	-1.40126000e+00	-1.48748000e-04
1.99399942e+02	2026-09-04T17:21:41.615749	0.00000000e+00	1	39	-1.64986000e-05	1.46475000e-04	-1.45131000e+00	-1.47552000e-04
1.99408397e+02	2026-09-04T17:21:41.615749	0.00000000e+00	1	39	-7.77245000e-06	1.60661000e-04	-1.50136000e+00	-1.56786000e-04
1.99431432e+02	2026-09-04T17:21:41.647202	0.00000000e+00	1	39	-1.12772000e-05	1.68581000e-04	-1.55140000e+00	-1.66929000e-04
1.99465325e+02	2026-09-04T17:21:41.679216	0.00000000e+00	1	39	-1.24455000e-05	1.79698000e-04	-1.60141000e+00	-1.84354000e-04
1.99495678e+02	2026-09-04T17:21:41.711437	0.00000000e+00	1	39	-1.37091000e-05	1.96851000e-04	-1.65146000e+00	-1.96614000e-04
1.99556423e+02	2026-09-04T17:21:41.769796	0.00000000e+00	1	39	-1.05619000e-05	2.12819000e-04	-1.70149000e+00	-2.09125000e-04
1.99589088e+02	2026-09-04T17:21:41.790480	0.00000000e+00	1	39	-1.83821000e-05	2.30747000e-04	-1.75155000e+00	-2.21809000e-04
1.99638319e+02	2026-09-04T17:21:41.854527	0.00000000e+00	1	39	-1.08242000e-05	2.34690000e-04	-1.80156000e+00	-2.36228000e-04
1.99646119e+02	2026-09-04T17:21:41.854527	0.00000000e+00	1	39	-1.18256000e-05	2.53771000e-04	-1.85162000e+00	-2.54957000e-04
1.99653866e+02	2026-09-04T17:21:41.870358	0.00000000e+00	1	39	-1.23501000e-05	2.78071000e-04	-1.90164000e+00	-2.89377000e-04
1.99681121e+02	2026-09-04T17:21:41.886332	0.00000000e+00	1	39	-1.05619000e-05	3.15547000e-04	-1.95168000e+00	-3.06172000e-04
1.99714540e+02	2026-09-04T17:21:41.918288	0.00000000e+00	1	39	-4.07696000e-06	3.20643000e-04	-2.00171000e+00	-3.17916000e-04
1.99738308e+02	2026-09-04T17:21:41.950546	0.00000000e+00	1	39	-1.10149000e-05	3.19120000e-04	-2.00169000e+00	-3.22725000e-04
1.99746191e+02	2026-09-04T17:21:41.950546	0.00000000e+00	1	39	-9.29832000e-06	2.99081000e-04	-1.95168000e+00	-2.97920000e-04
1.99771327e+02	2026-09-04T17:21:41.982377	0.00000000e+00	1	39	-7.05719000e-06	2.64318000e-04	-1.90166000e+00	-2.65057000e-04
1.99801410e+02	2026-09-04T17:21:42.014399	0.00000000e+00	1	39	-1.18971000e-05	2.42114000e-04	-1.85161000e+00	-2.44200000e-04
1.99830647e+02	2026-09-04T17:21:42.046383	0.00000000e+00	1	39	-1.07288000e-05	2.26983000e-04	-1.80156000e+00	-2.30602000e-04
1.99876083e+02	2026-09-04T17:21:42.089154	0.00000000e+00	1	39	-1.24455000e-05	2.15292000e-04	-1.75156000e+00	-2.12104000e-04
1.99897978e+02	2026-09-04T17:21:42.110214	0.00000000e+00	1	39	-7.58171000e-06	1.97305000e-04	-1.70150000e+00	-1.96655000e-04
1.99905596e+02	2026-09-04T17:21:42.110214	0.00000000e+00	1	39	-7.05719000e-06	1.81860000e-04	-1.65147000e+00	-1.82294000e-04
1.99930756e+02	2026-09-04T17:21:42.141813	0.00000000e+00	1	39	-1.05619000e-05	1.69507000e-04	-1.60143000e+00	-1.70135000e-04
1.99959962e+02	2026-09-04T17:21:42.173676	0.00000000e+00	1	39	-9.20296000e-06	1.56304000e-04	-1.55142000e+00	-1.55593000e-04
1.99989321e+02	2026-09-04T17:21:42.205432	0.00000000e+00	1	39	-1.18971000e-05	1.41846000e-04	-1.50136000e+00	-1.41462000e-04
1.99997505e+02	2026-09-04T17:21:42.205432	0.00000000e+00	1	39	-7.51019000e-06	1.30337000e-04	-1.45134000e+00	-1.30376000e-04
2.00021900e+02	2026-09-04T17:21:42.237177	0.00000000e+00	1	39	-6.24657000e-06	1.19878000e-04	-1.40126000e+00	-1.19303000e-04
2.00054761e+02	2026-09-04T17:21:42.268980	0.00000000e+00	1	39	-1.38044000e-05	1.08989000e-04	-1.35127000e+00	-1.09131000e-04
2.00084628e+02	2026-09-04T17:21:42.301097	0.00000000e+00	1	39	-1.11103000e-05	9.90529000e-05	-1.30117000e+00	-9.84328000e-05
2.00121291e+02	2026-09-04T17:21:42.333000	0.00000000e+00	1	39	-9.75132000e-06	9.03000000e-05	-1.25117000e+00	-9.00645000e-05
2.00149149e+02	2026-09-04T17:21:42.365169	0.00000000e+00	1	39	-1.78337000e-05	8.08877000e-05	-1.20112000e+00	-8.05981000e-05
2.00156939e+02	2026-09-04T17:21:42.365169	0.00000000e+00	1	39	-1.28984000e-05	7.27297000e-05	-1.15112000e+00	-7.24970000e-05
2.00182112e+02	2026-09-04T17:21:42.396803	0.00000000e+00	1	39	-1.75715000e-05	6.49452000e-05	-1.10103000e+00	-6.52706000e-05
2.00214844e+02	2026-09-04T17:21:42.428966	0.00000000e+00	1	39	-1.46151000e-05	5.81815000e-05	-1.05097000e+00	-5.83192000e-05
2.00244780e+02	2026-09-04T17:21:42.460825	0.00000000e+00	1	39	-1.11818000e-05	5.11925000e-05	-1.00096000e+00	-5.16681000e-05
2.00308805e+02	2026-09-04T17:21:42.524817	0.00000000e+00	1	39	-1.18256000e-05	4.44027000e-05	-9.50921000e-01	-4.44682000e-05
2.00317913e+02	2026-09-04T17:21:42.524817	0.00000000e+00	1	39	-1.18971000e-05	3.90008000e-05	-9.00872000e-01	-3.87031000e-05
2.00341937e+02	2026-09-04T17:21:42.556671	0.00000000e+00	1	39	-1.28984000e-05	3.35731000e-05	-8.50819000e-01	-3.34904000e-05
2.00372632e+02	2026-09-04T17:21:42.588554	0.00000000e+00	1	39	-1.15395000e-05	2.83923000e-05	-8.00795000e-01	-2.85275000e-05
2.00386696e+02	2026-09-04T17:21:42.598957	0.00000000e+00	1	39	-1.43290000e-05	2.45078000e-05	-7.50726000e-01	-2.43324000e-05
2.00430477e+02	2026-09-04T17:21:42.638894	0.00000000e+00	1	39	-1.20878000e-05	2.05059000e-05	-7.00697000e-01	-2.04802000e-05
2.00460134e+02	2026-09-04T17:21:42.668499	0.00000000e+00	1	39	-1.02043000e-05	1.68973000e-05	-6.50647000e-01	-1.68417000e-05
2.00484760e+02	2026-09-04T17:21:42.700457	0.00000000e+00	1	39	-1.02043000e-05	1.34406000e-05	-6.00626000e-01	-1.34603000e-05
2.00493130e+02	2026-09-04T17:21:42.700457	0.00000000e+00	1	39	-7.51019000e-06	1.09166000e-05	-5.50565000e-01	-1.09056000e-05
2.00517517e+02	2026-09-04T17:21:42.732106	0.00000000e+00	1	39	-4.72069000e-06	8.73742000e-06	-5.00531000e-01	-8.66442000e-06
2.00549088e+02	2026-09-04T17:21:42.763983	0.00000000e+00	1	39	-1.78337000e-05	7.16360000e-06	-4.50477000e-01	-7.06050000e-06
2.00580132e+02	2026-09-04T17:21:42.795810	0.00000000e+00	1	39	-2.30551000e-05	5.31784000e-06	-4.00467000e-01	-5.29116000e-06
2.00616828e+02	2026-09-04T17:21:42.827729	0.00000000e+00	1	39	-1.69516000e-05	4.03281000e-06	-3.50407000e-01	-4.01978000e-06
2.00643337e+02	2026-09-04T17:21:42.859390	0.00000000e+00	1	39	-1.72138000e-05	2.96436000e-06	-3.00361000e-01	-2.95815000e-06
2.00651059e+02	2026-09-04T17:21:42.859390	0.00000000e+00	1	39	-1.71185000e-05	2.26804000e-06	-2.50310000e-01	-2.24415000e-06
2.00671046e+02	2026-09-04T17:21:42.875288	0.00000000e+00	1	39	-1.51396000e-05	1.56236000e-06	-2.00155000e-01	-1.54724000e-06
2.00708933e+02	2026-09-04T17:21:42.922812	0.00000000e+00	1	39	-1.26362000e-05	1.09095000e-06	-1.50116000e-01	-1.10215000e-06
2.00738666e+02	2026-09-04T17:21:42.954449	0.00000000e+00	1	39	-7.67708000e-06	6.64282000e-07	-1.00071000e-01	-6.64366000e-07
2.00769994e+02	2026-09-04T17:21:42.986394	0.00000000e+00	1	39	-1.55926000e-05	3.38054000e-07	-5.00269000e-02	-3.36081000e-07
2.00801105e+02	2026-09-04T17:21:43.012837	0.00000000e+00	1	39	-1.93834000e-05	-1.72186000e-10	-8.58307000e-06	6.45161000e-11
2.04555490e+02	2026-09-04T17:21:46.764706	0.00000000e+00	1	40	-1.27077000e-05	-5.63526000e-09	-9.20296000e-06	6.14139000e-09
2.04592313e+02	2026-09-04T17:21:46.795834	0.00000000e+00	1	40	-1.60456000e-05	7.57965000e-06	-5.00257000e-02	-7.57230000e-06
2.04611340e+02	2026-09-04T17:21:46.827683	0.00000000e+00	1	40	-1.23334000e-04	1.62951000e-05	-1.00017000e-01	-1.64590000e-05
2.04623322e+02	2026-09-04T17:21:46.827683	0.00000000e+00	1	40	-8.74996000e-06	2.84088000e-05	-1.50120000e-01	-2.83412000e-05
2.04647297e+02	2026-09-04T17:21:46.859628	0.00000000e+00	1	40	-9.48906000e-06	4.51694000e-05	-2.00156000e-01	-4.50823000e-05
2.04685764e+02	2026-09-04T17:21:46.891815	0.00000000e+00	1	40	-1.04666000e-05	6.72619000e-05	-2.50315000e-01	-6.66107000e-05
2.04712723e+02	2026-09-04T17:21:46.923861	0.00000000e+00	1	40	-1.05619000e-05	8.86060000e-05	-3.00360000e-01	-8.77808000e-05
2.04722018e+02	2026-09-04T17:21:46.923861	0.00000000e+00	1	40	-1.45197000e-05	1.15020000e-04	-3.50394000e-01	-1.12433000e-04
2.04775226e+02	2026-09-04T17:21:46.988776	0.00000000e+00	1	40	-1.65939000e-05	1.39963000e-04	-4.00459000e-01	-1.39981000e-04
2.04803485e+02	2026-09-04T17:21:47.019644	0.00000000e+00	1	40	-1.46866000e-05	1.66460000e-04	-4.50458000e-01	-1.66246000e-04
2.04811100e+02	2026-09-04T17:21:47.019644	0.00000000e+00	1	40	-6.41346000e-06	1.91965000e-04	-5.00530000e-01	-1.86875000e-04
2.04818739e+02	2026-09-04T17:21:47.019644	0.00000000e+00	1	40	-4.88758000e-06	1.97097000e-04	-5.50544000e-01	-1.73542000e-04
2.04873727e+02	2026-09-04T17:21:47.083708	0.00000000e+00	1	40	-8.22544000e-06	1.41080000e-04	-6.00621000e-01	-1.39111000e-04
2.04899779e+02	2026-09-04T17:21:47.115523	0.00000000e+00	1	40	-8.84533000e-06	1.22056000e-04	-6.50642000e-01	-1.20205000e-04
2.04908154e+02	2026-09-04T17:21:47.115523	0.00000000e+00	1	40	-5.79357000e-06	1.26558000e-04	-7.00723000e-01	-1.22856000e-04
2.04931533e+02	2026-09-04T17:21:47.147360	0.00000000e+00	1	40	-1.24455000e-05	1.07268000e-04	-7.50748000e-01	-1.10062000e-04
2.04968293e+02	2026-09-04T17:21:47.179212	0.00000000e+00	1	40	-8.32081000e-06	1.12683000e-04	-8.00813000e-01	-1.11816000e-04
2.04995214e+02	2026-09-04T17:21:47.211761	0.00000000e+00	1	40	-1.16348000e-05	1.18481000e-04	-8.50817000e-01	-1.14840000e-04
2.05004547e+02	2026-09-04T17:21:47.212300	0.00000000e+00	1	40	-1.13726000e-05	1.22949000e-04	-9.00862000e-01	-1.21289000e-04
2.05027588e+02	2026-09-04T17:21:47.243380	0.00000000e+00	1	40	-1.21832000e-05	1.10901000e-04	-9.50912000e-01	-1.05630000e-04
2.05063303e+02	2026-09-04T17:21:47.275334	0.00000000e+00	1	40	-1.48773000e-05	1.17957000e-04	-1.00098000e+00	-1.20753000e-04
2.05091684e+02	2026-09-04T17:21:47.307779	0.00000000e+00	1	40	-1.15395000e-05	1.26315000e-04	-1.05096000e+00	-1.19822000e-04
2.05099216e+02	2026-09-04T17:21:47.307779	0.00000000e+00	1	40	-5.34058000e-06	1.32624000e-04	-1.10104000e+00	-1.23009000e-04
2.05107479e+02	2026-09-04T17:21:47.323887	0.00000000e+00	1	40	-2.64645000e-06	1.40374000e-04	-1.15111000e+00	-1.20428000e-04
2.05156846e+02	2026-09-04T17:21:47.372069	0.00000000e+00	1	40	-1.68562000e-05	1.28079000e-04	-1.20111000e+00	-1.30607000e-04
2.05204052e+02	2026-09-04T17:21:47.420052	0.00000000e+00	1	40	-8.13007000e-06	1.25079000e-04	-1.25116000e+00	-1.26469000e-04
2.05211944e+02	2026-09-04T17:21:47.420052	0.00000000e+00	1	40	-1.24455000e-05	1.42311000e-04	-1.30121000e+00	-1.44930000e-04
2.05219460e+02	2026-09-04T17:21:47.436104	0.00000000e+00	1	40	-1.11818000e-05	1.51249000e-04	-1.35125000e+00	-1.37236000e-04
2.05272336e+02	2026-09-04T17:21:47.488583	0.00000000e+00	1	40	-1.02997000e-05	1.47704000e-04	-1.40127000e+00	-1.44246000e-04
2.05285442e+02	2026-09-04T17:21:47.501772	0.00000000e+00	1	40	-1.70231000e-05	1.60145000e-04	-1.45132000e+00	-1.59132000e-04
2.05293135e+02	2026-09-04T17:21:47.509182	0.00000000e+00	1	40	-2.10762000e-05	1.72402000e-04	-1.50136000e+00	-1.70083000e-04
2.05300694e+02	2026-09-04T17:21:47.517173	0.00000000e+00	1	40	-7.67708000e-06	1.82758000e-04	-1.55138000e+00	-1.74540000e-04
2.05313826e+02	2026-09-04T17:21:47.530662	0.00000000e+00	1	40	-9.20296000e-06	1.79961000e-04	-1.60139000e+00	-1.80612000e-04
2.05359885e+02	2026-09-04T17:21:47.576494	0.00000000e+00	1	40	-1.38044000e-05	1.98341000e-04	-1.65148000e+00	-1.95099000e-04
2.05381464e+02	2026-09-04T17:21:47.598029	0.00000000e+00	1	40	-1.17302000e-05	2.07498000e-04	-1.70147000e+00	-2.07550000e-04
2.05389754e+02	2026-09-04T17:21:47.606029	0.00000000e+00	1	40	-1.41621000e-05	2.27632000e-04	-1.75153000e+00	-2.26611000e-04
2.05397356e+02	2026-09-04T17:21:47.613772	0.00000000e+00	1	40	-1.54257000e-05	2.37673000e-04	-1.80156000e+00	-2.41525000e-04
2.05410657e+02	2026-09-04T17:21:47.627442	0.00000000e+00	1	40	-1.41621000e-05	2.51703000e-04	-1.85160000e+00	-2.51929000e-04
2.05438639e+02	2026-09-04T17:21:47.655019	0.00000000e+00	1	40	-1.22786000e-05	2.76161000e-04	-1.90163000e+00	-2.78131000e-04
2.05465378e+02	2026-09-04T17:21:47.682077	0.00000000e+00	1	40	-8.74996000e-06	2.92308000e-04	-1.95167000e+00	-2.95387000e-04
2.05488437e+02	2026-09-04T17:21:47.704896	0.00000000e+00	1	40	-9.84669000e-06	3.18349000e-04	-2.00167000e+00	-3.27105000e-04
2.05495571e+02	2026-09-04T17:21:47.712154	0.00000000e+00	1	40	-1.65939000e-05	3.34327000e-04	-2.00170000e+00	-3.25104000e-04
2.05519846e+02	2026-09-04T17:21:47.736257	0.00000000e+00	1	40	-6.50883000e-06	3.00288000e-04	-1.95169000e+00	-3.00018000e-04
2.05551922e+02	2026-09-04T17:21:47.767843	0.00000000e+00	1	40	-1.26362000e-05	2.75765000e-04	-1.90162000e+00	-2.72882000e-04
2.05564003e+02	2026-09-04T17:21:47.780391	0.00000000e+00	1	40	-1.80244000e-05	2.57387000e-04	-1.85161000e+00	-2.56136000e-04
2.05571954e+02	2026-09-04T17:21:47.788778	0.00000000e+00	1	40	-1.57833000e-05	2.36339000e-04	-1.80155000e+00	-2.37012000e-04
2.05579941e+02	2026-09-04T17:21:47.796778	0.00000000e+00	1	40	-1.31607000e-05	2.19616000e-04	-1.75154000e+00	-2.20161000e-04
2.05587490e+02	2026-09-04T17:21:47.803546	0.00000000e+00	1	40	-1.14679000e-05	2.03828000e-04	-1.70150000e+00	-2.03124000e-04
2.05612780e+02	2026-09-04T17:21:47.828674	0.00000000e+00	1	40	-2.15292000e-05	1.91481000e-04	-1.65147000e+00	-1.89337000e-04
2.05628756e+02	2026-09-04T17:21:47.844828	0.00000000e+00	1	40	-1.88351000e-05	1.75920000e-04	-1.60141000e+00	-1.75727000e-04
2.05653424e+02	2026-09-04T17:21:47.870059	0.00000000e+00	1	40	-1.51396000e-05	1.59881000e-04	-1.55139000e+00	-1.58228000e-04
2.05675094e+02	2026-09-04T17:21:47.891283	0.00000000e+00	1	40	-1.37091000e-05	1.46391000e-04	-1.50136000e+00	-1.46921000e-04
2.05688341e+02	2026-09-04T17:21:47.904280	0.00000000e+00	1	40	-1.00136000e-05	1.34450000e-04	-1.45130000e+00	-1.34405000e-04
2.05719264e+02	2026-09-04T17:21:47.935283	0.00000000e+00	1	40	-1.76668000e-05	1.22305000e-04	-1.40125000e+00	-1.22328000e-04
2.05745402e+02	2026-09-04T17:21:47.961283	0.00000000e+00	1	40	-1.51396000e-05	1.11241000e-04	-1.35125000e+00	-1.11002000e-04
2.05753585e+02	2026-09-04T17:21:47.969995	0.00000000e+00	1	40	-1.13726000e-05	1.01715000e-04	-1.30118000e+00	-1.01198000e-04
2.05761942e+02	2026-09-04T17:21:47.978508	0.00000000e+00	1	40	-1.36137000e-05	9.26486000e-05	-1.25117000e+00	-9.23196000e-05
2.05773893e+02	2026-09-04T17:21:47.989372	0.00000000e+00	1	40	-1.42574000e-05	8.36545000e-05	-1.20113000e+00	-8.33306000e-05
2.05788094e+02	2026-09-04T17:21:48.004654	0.00000000e+00	1	40	-2.09093000e-05	7.49994000e-05	-1.15109000e+00	-7.41671000e-05
2.05829437e+02	2026-09-04T17:21:48.045645	0.00000000e+00	1	40	-9.48906000e-06	6.57793000e-05	-1.10102000e+00	-6.58062000e-05
2.05859402e+02	2026-09-04T17:21:48.075607	0.00000000e+00	1	40	-9.84669000e-06	5.82620000e-05	-1.05097000e+00	-5.82035000e-05
2.05867974e+02	2026-09-04T17:21:48.084415	0.00000000e+00	1	40	-1.36137000e-05	5.16473000e-05	-1.00095000e+00	-5.16386000e-05
2.05894496e+02	2026-09-04T17:21:48.110814	0.00000000e+00	1	40	-1.77622000e-05	4.48920000e-05	-9.50913000e-01	-4.45986000e-05
2.05927506e+02	2026-09-04T17:21:48.143812	0.00000000e+00	1	40	-2.58446000e-05	3.84341000e-05	-9.00875000e-01	-3.85075000e-05
2.05954607e+02	2026-09-04T17:21:48.171357	0.00000000e+00	1	40	-1.27077000e-05	3.37774000e-05	-8.50816000e-01	-3.36699000e-05
2.05963142e+02	2026-09-04T17:21:48.179850	0.00000000e+00	1	40	-1.91927000e-05	2.87456000e-05	-8.00817000e-01	-2.88813000e-05
2.05994775e+02	2026-09-04T17:21:48.210945	0.00000000e+00	1	40	-1.66655000e-05	2.42848000e-05	-7.50748000e-01	-2.40830000e-05
2.06024671e+02	2026-09-04T17:21:48.241474	0.00000000e+00	1	40	-1.28031000e-05	2.01761000e-05	-7.00715000e-01	-1.99224000e-05
2.06037117e+02	2026-09-04T17:21:48.253474	0.00000000e+00	1	40	-1.46866000e-05	1.67881000e-05	-6.50633000e-01	-1.67531000e-05
2.06045350e+02	2026-09-04T17:21:48.261468	0.00000000e+00	1	40	-1.82867000e-05	1.36562000e-05	-6.00612000e-01	-1.36312000e-05
2.06053112e+02	2026-09-04T17:21:48.269154	0.00000000e+00	1	40	-1.67608000e-05	1.10856000e-05	-5.50565000e-01	-1.11995000e-05
2.06065962e+02	2026-09-04T17:21:48.282154	0.00000000e+00	1	40	-3.45707000e-06	9.15564000e-06	-5.00539000e-01	-9.02417000e-06
2.06122068e+02	2026-09-04T17:21:48.338079	0.00000000e+00	1	40	-2.97070000e-05	7.29541000e-06	-4.50483000e-01	-7.28697000e-06
2.06144011e+02	2026-09-04T17:21:48.360208	0.00000000e+00	1	40	-2.48671000e-05	5.63353000e-06	-4.00463000e-01	-5.60036000e-06
2.06158101e+02	2026-09-04T17:21:48.374224	0.00000000e+00	1	40	-2.59399000e-05	4.31777000e-06	-3.50393000e-01	-4.31948000e-06
2.06189742e+02	2026-09-04T17:21:48.405758	0.00000000e+00	1	40	-2.34127000e-05	3.25085000e-06	-3.00339000e-01	-3.24170000e-06
2.06214260e+02	2026-09-04T17:21:48.430360	0.00000000e+00	1	40	-1.96457000e-05	2.37619000e-06	-2.50305000e-01	-2.37553000e-06
2.06224003e+02	2026-09-04T17:21:48.437880	0.00000000e+00	1	40	-2.24352000e-05	1.68747000e-06	-2.00160000e-01	-1.67462000e-06
2.06232164e+02	2026-09-04T17:21:48.437880	0.00000000e+00	1	40	-1.87397000e-05	1.15664000e-06	-1.50117000e-01	-1.16877000e-06
2.06253396e+02	2026-09-04T17:21:48.469496	0.00000000e+00	1	40	-2.09093000e-05	7.23805000e-07	-1.00076000e-01	-7.14324000e-07
2.06289063e+02	2026-09-04T17:21:48.501300	0.00000000e+00	1	40	-1.41621000e-05	3.42920000e-07	-5.00304000e-02	-3.43565000e-07
2.06318391e+02	2026-09-04T17:21:48.534053	0.00000000e+00	1	40	-2.96116000e-05	-1.10245000e-10	-9.84669000e-06	3.34466000e-10
2.09851935e+02	2026-09-04T17:21:52.056585	0.00000000e+00	1	41	8.58307000e-07	-1.54840000e-09	-1.54257000e-05	4.56470000e-09
2.09872867e+02	2026-09-04T17:21:52.088517	0.00000000e+00	1	41	-1.28984000e-05	7.98917000e-06	-5.00228000e-02	-7.98708000e-06
2.09909164e+02	2026-09-04T17:21:52.119791	0.00000000e+00	1	41	-1.16229000e-04	1.71090000e-05	-1.00022000e-01	-1.71053000e-05
2.09944869e+02	2026-09-04T17:21:52.151419	0.00000000e+00	1	41	-1.18971000e-05	2.91835000e-05	-1.50116000e-01	-2.92249000e-05
2.09967692e+02	2026-09-04T17:21:52.183470	0.00000000e+00	1	41	-7.51019000e-06	4.54459000e-05	-2.00159000e-01	-4.53964000e-05
2.09976087e+02	2026-09-04T17:21:52.183470	0.00000000e+00	1	41	-7.15256000e-06	6.70909000e-05	-2.50289000e-01	-6.70348000e-05
2.10003019e+02	2026-09-04T17:21:52.215343	0.00000000e+00	1	41	-5.88894000e-06	9.03530000e-05	-3.00333000e-01	-9.02819000e-05
2.10014934e+02	2026-09-04T17:21:52.231287	0.00000000e+00	1	41	-8.48770000e-06	1.14014000e-04	-3.50398000e-01	-1.10356000e-04
2.10045044e+02	2026-09-04T17:21:52.247399	0.00000000e+00	1	41	-6.34193000e-06	1.37996000e-04	-4.00449000e-01	-1.36911000e-04
2.10067292e+02	2026-09-04T17:21:52.279147	0.00000000e+00	1	41	-1.00136000e-05	1.60319000e-04	-4.50463000e-01	-1.59843000e-04
2.10075492e+02	2026-09-04T17:21:52.279147	0.00000000e+00	1	41	-9.39369000e-06	1.71941000e-04	-5.00526000e-01	-1.68386000e-04
2.10092268e+02	2026-09-04T17:21:52.305358	0.00000000e+00	1	41	-9.20296000e-06	1.57560000e-04	-5.50561000e-01	-1.39820000e-04
2.10133531e+02	2026-09-04T17:21:52.342632	0.00000000e+00	1	41	-1.10149000e-05	1.38320000e-04	-6.00625000e-01	-1.30151000e-04
2.10162267e+02	2026-09-04T17:21:52.374444	0.00000000e+00	1	41	-9.03606000e-06	1.37383000e-04	-6.50651000e-01	-1.28006000e-04
2.10170011e+02	2026-09-04T17:21:52.374444	0.00000000e+00	1	41	-9.94205000e-06	1.29231000e-04	-7.00700000e-01	-1.25476000e-04
2.10184569e+02	2026-09-04T17:21:52.396070	0.00000000e+00	1	41	-4.88758000e-06	1.23698000e-04	-7.50714000e-01	-1.20188000e-04
2.10238650e+02	2026-09-04T17:21:52.453676	0.00000000e+00	1	41	-1.14679000e-05	1.12957000e-04	-8.00817000e-01	-1.14122000e-04
2.10246952e+02	2026-09-04T17:21:52.453676	0.00000000e+00	1	41	-1.24455000e-05	1.27403000e-04	-8.50832000e-01	-1.22995000e-04
2.10269670e+02	2026-09-04T17:21:52.485601	0.00000000e+00	1	41	-1.86443000e-05	1.22424000e-04	-9.00866000e-01	-1.18195000e-04
2.10304018e+02	2026-09-04T17:21:52.519572	0.00000000e+00	1	41	-1.53303000e-05	1.17933000e-04	-9.50895000e-01	-1.16958000e-04
2.10334138e+02	2026-09-04T17:21:52.549456	0.00000000e+00	1	41	-1.40667000e-05	1.23633000e-04	-1.00096000e+00	-1.23257000e-04
2.10341869e+02	2026-09-04T17:21:52.549456	0.00000000e+00	1	41	-7.58171000e-06	1.28725000e-04	-1.05096000e+00	-1.26220000e-04
2.10365294e+02	2026-09-04T17:21:52.580854	0.00000000e+00	1	41	-2.09808000e-05	1.15013000e-04	-1.10104000e+00	-1.10197000e-04
2.10402223e+02	2026-09-04T17:21:52.614339	0.00000000e+00	1	41	-2.26974000e-05	1.29938000e-04	-1.15110000e+00	-1.27326000e-04
2.10433462e+02	2026-09-04T17:21:52.644043	0.00000000e+00	1	41	-1.99080000e-05	1.29490000e-04	-1.20111000e+00	-1.30190000e-04
2.10441799e+02	2026-09-04T17:21:52.654543	0.00000000e+00	1	41	-8.84533000e-06	1.35308000e-04	-1.25118000e+00	-1.33090000e-04
2.10491898e+02	2026-09-04T17:21:52.707589	0.00000000e+00	1	41	-1.48773000e-05	1.35601000e-04	-1.30118000e+00	-1.34436000e-04
2.10524800e+02	2026-09-04T17:21:52.739589	0.00000000e+00	1	41	-1.47820000e-05	1.47463000e-04	-1.35126000e+00	-1.47448000e-04
2.10533402e+02	2026-09-04T17:21:52.739589	0.00000000e+00	1	41	-1.83821000e-05	1.53723000e-04	-1.40126000e+00	-1.53317000e-04
2.10555678e+02	2026-09-04T17:21:52.771429	0.00000000e+00	1	41	-1.62363000e-05	1.59160000e-04	-1.45133000e+00	-1.61442000e-04
2.10589169e+02	2026-09-04T17:21:52.803251	0.00000000e+00	1	41	-2.78234000e-05	1.71774000e-04	-1.50136000e+00	-1.74954000e-04
2.10619303e+02	2026-09-04T17:21:52.835146	0.00000000e+00	1	41	-1.83821000e-05	1.81732000e-04	-1.55141000e+00	-1.79554000e-04
2.10627581e+02	2026-09-04T17:21:52.835146	0.00000000e+00	1	41	-1.33514000e-05	1.97766000e-04	-1.60142000e+00	-1.95967000e-04
2.10662076e+02	2026-09-04T17:21:52.877004	0.00000000e+00	1	41	-1.68562000e-05	1.97416000e-04	-1.65148000e+00	-1.99122000e-04
2.10687875e+02	2026-09-04T17:21:52.898172	0.00000000e+00	1	41	-1.90020000e-05	2.16272000e-04	-1.70150000e+00	-2.14034000e-04
2.10713784e+02	2026-09-04T17:21:52.930577	0.00000000e+00	1	41	-2.43187000e-05	2.31720000e-04	-1.75155000e+00	-2.39143000e-04
2.10721985e+02	2026-09-04T17:21:52.930577	0.00000000e+00	1	41	-1.21832000e-05	2.46230000e-04	-1.80154000e+00	-2.46431000e-04
2.10750083e+02	2026-09-04T17:21:52.960874	0.00000000e+00	1	41	-1.65939000e-05	2.67809000e-04	-1.85162000e+00	-2.66935000e-04
2.10781630e+02	2026-09-04T17:21:52.992589	0.00000000e+00	1	41	-2.00033000e-05	2.90810000e-04	-1.90164000e+00	-2.90380000e-04
2.10813927e+02	2026-09-04T17:21:53.024334	0.00000000e+00	1	41	-1.69516000e-05	3.04978000e-04	-1.95168000e+00	-3.04179000e-04
2.10821579e+02	2026-09-04T17:21:53.024334	0.00000000e+00	1	41	-1.48773000e-05	3.21986000e-04	-2.00169000e+00	-3.21232000e-04
2.10873099e+02	2026-09-04T17:21:53.087751	0.00000000e+00	1	41	-1.44243000e-05	3.33836000e-04	-2.00170000e+00	-3.22896000e-04
2.10903719e+02	2026-09-04T17:21:53.119434	0.00000000e+00	1	41	-1.55926000e-05	3.08940000e-04	-1.95167000e+00	-3.04664000e-04
2.10911519e+02	2026-09-04T17:21:53.119434	0.00000000e+00	1	41	-9.94205000e-06	2.77336000e-04	-1.90164000e+00	-2.77184000e-04
2.10948745e+02	2026-09-04T17:21:53.151103	0.00000000e+00	1	41	-1.71185000e-05	2.56487000e-04	-1.85162000e+00	-2.57824000e-04
2.10979101e+02	2026-09-04T17:21:53.182553	0.00000000e+00	1	41	-1.90973000e-05	2.38634000e-04	-1.80156000e+00	-2.40104000e-04
2.10998228e+02	2026-09-04T17:21:53.214022	0.00000000e+00	1	41	-1.77622000e-05	2.22078000e-04	-1.75156000e+00	-2.22415000e-04
2.11034190e+02	2026-09-04T17:21:53.247821	0.00000000e+00	1	41	-1.41621000e-05	2.06021000e-04	-1.70150000e+00	-2.06275000e-04
2.11063206e+02	2026-09-04T17:21:53.277548	0.00000000e+00	1	41	-1.52349000e-05	1.90507000e-04	-1.65148000e+00	-1.91566000e-04
2.11071110e+02	2026-09-04T17:21:53.277548	0.00000000e+00	1	41	-1.54257000e-05	1.76521000e-04	-1.60141000e+00	-1.75846000e-04
2.11093459e+02	2026-09-04T17:21:53.308986	0.00000000e+00	1	41	-1.38760000e-05	1.63037000e-04	-1.55141000e+00	-1.62769000e-04
2.11132512e+02	2026-09-04T17:21:53.341222	0.00000000e+00	1	41	-1.70231000e-05	1.47690000e-04	-1.50134000e+00	-1.48416000e-04
2.11164322e+02	2026-09-04T17:21:53.372807	0.00000000e+00	1	41	-1.69516000e-05	1.36491000e-04	-1.45134000e+00	-1.35887000e-04
2.11172599e+02	2026-09-04T17:21:53.388619	0.00000000e+00	1	41	-1.59502000e-05	1.24723000e-04	-1.40126000e+00	-1.25421000e-04
2.11217948e+02	2026-09-04T17:21:53.430756	0.00000000e+00	1	41	-1.76668000e-05	1.14189000e-04	-1.35126000e+00	-1.13931000e-04
2.11250173e+02	2026-09-04T17:21:53.452695	0.00000000e+00	1	41	-1.45197000e-05	1.02840000e-04	-1.30120000e+00	-1.02546000e-04
2.11272484e+02	2026-09-04T17:21:53.484670	0.00000000e+00	1	41	-1.65939000e-05	9.41939000e-05	-1.25117000e+00	-9.35544000e-05
2.11305015e+02	2026-09-04T17:21:53.520307	0.00000000e+00	1	41	-1.19925000e-05	8.41179000e-05	-1.20111000e+00	-8.38905000e-05
2.11337646e+02	2026-09-04T17:21:53.547864	0.00000000e+00	1	41	-1.57833000e-05	7.57035000e-05	-1.15110000e+00	-7.52157000e-05
2.11367711e+02	2026-09-04T17:21:53.582689	0.00000000e+00	1	41	-1.06573000e-05	6.57073000e-05	-1.10104000e+00	-6.54871000e-05
2.11379305e+02	2026-09-04T17:21:53.595639	0.00000000e+00	1	41	-1.91927000e-05	5.83410000e-05	-1.05097000e+00	-5.80659000e-05
2.11427611e+02	2026-09-04T17:21:53.643410	0.00000000e+00	1	41	-1.44243000e-05	5.31062000e-05	-1.00096000e+00	-5.27253000e-05
2.11441644e+02	2026-09-04T17:21:53.653866	0.00000000e+00	1	41	-1.54972000e-05	4.56376000e-05	-9.50890000e-01	-4.55519000e-05
2.11464798e+02	2026-09-04T17:21:53.675331	0.00000000e+00	1	41	-7.96318000e-06	3.99351000e-05	-9.00879000e-01	-4.00668000e-05
2.11473169e+02	2026-09-04T17:21:53.675331	0.00000000e+00	1	41	-1.54972000e-05	3.43171000e-05	-8.50794000e-01	-3.42096000e-05
2.11523391e+02	2026-09-04T17:21:53.739320	0.00000000e+00	1	41	-1.95503000e-05	2.89968000e-05	-8.00821000e-01	-2.89411000e-05
2.11544843e+02	2026-09-04T17:21:53.755335	0.00000000e+00	1	41	-1.81913000e-05	2.40914000e-05	-7.50722000e-01	-2.41295000e-05
2.11553298e+02	2026-09-04T17:21:53.765880	0.00000000e+00	1	41	-1.18971000e-05	2.00368000e-05	-7.00707000e-01	-2.01318000e-05
2.11561215e+02	2026-09-04T17:21:53.771355	0.00000000e+00	1	41	-1.29938000e-05	1.65945000e-05	-6.50633000e-01	-1.64089000e-05
2.11569041e+02	2026-09-04T17:21:53.771355	0.00000000e+00	1	41	-7.96318000e-06	1.34791000e-05	-6.00612000e-01	-1.33249000e-05
2.11618821e+02	2026-09-04T17:21:53.834946	0.00000000e+00	1	41	-1.57833000e-05	1.05473000e-05	-5.50560000e-01	-1.05472000e-05
2.11633819e+02	2026-09-04T17:21:53.837598	0.00000000e+00	1	41	1.40667000e-06	8.43168000e-06	-5.00536000e-01	-8.45033000e-06
2.11658709e+02	2026-09-04T17:21:53.866951	0.00000000e+00	1	41	-2.26021000e-05	6.68661000e-06	-4.50477000e-01	-6.62700000e-06
2.11684810e+02	2026-09-04T17:21:53.898828	0.00000000e+00	1	41	-1.66655000e-05	5.03526000e-06	-4.00459000e-01	-5.03313000e-06
2.11715212e+02	2026-09-04T17:21:53.930543	0.00000000e+00	1	41	-2.69175000e-05	3.88366000e-06	-3.50394000e-01	-3.77641000e-06
2.11729933e+02	2026-09-04T17:21:53.946498	0.00000000e+00	1	41	-1.70231000e-05	2.89920000e-06	-3.00352000e-01	-2.77041000e-06
2.11779277e+02	2026-09-04T17:21:53.994215	0.00000000e+00	1	41	-2.08139000e-05	2.02911000e-06	-2.50323000e-01	-2.01963000e-06
2.11805864e+02	2026-09-04T17:21:54.017256	0.00000000e+00	1	41	-1.58548000e-05	1.46083000e-06	-2.00163000e-01	-1.45646000e-06
2.11830500e+02	2026-09-04T17:21:54.041971	0.00000000e+00	1	41	-1.66655000e-05	1.01756000e-06	-1.50125000e-01	-1.00566000e-06
2.11838083e+02	2026-09-04T17:21:54.041971	0.00000000e+00	1	41	-2.48671000e-05	6.14283000e-07	-1.00084000e-01	-6.16777000e-07
2.11860707e+02	2026-09-04T17:21:54.073615	0.00000000e+00	1	41	-1.74046000e-05	2.94401000e-07	-5.00379000e-02	-2.99326000e-07
2.11901503e+02	2026-09-04T17:21:54.105333	0.00000000e+00	1	41	-1.32561000e-05	-3.43323000e-11	-1.44243000e-05	2.05326000e-10
2.15384924e+02	2026-09-04T17:21:57.601388	0.00000000e+00	1	42	-8.39233000e-06	-1.73779000e-09	-1.57833000e-05	6.78525000e-09
2.15429989e+02	2026-09-04T17:21:57.634879	0.00000000e+00	1	42	-2.19822000e-05	8.04724000e-06	-5.00357000e-02	-8.03752000e-06
2.15464161e+02	2026-09-04T17:21:57.680304	0.00000000e+00	1	42	-1.12987000e-04	1.72399000e-05	-1.00022000e-01	-1.72593000e-05
2.15489115e+02	2026-09-04T17:21:57.696236	0.00000000e+00	1	42	-1.64032000e-05	2.96345000e-05	-1.50123000e-01	-2.96448000e-05
2.15515178e+02	2026-09-04T17:21:57.730289	0.00000000e+00	1	42	-1.81198000e-05	4.63663000e-05	-2.00163000e-01	-4.64058000e-05
2.15544744e+02	2026-09-04T17:21:57.760289	0.00000000e+00	1	42	-1.04666000e-05	6.82434000e-05	-2.50290000e-01	-6.82582000e-05
2.15592123e+02	2026-09-04T17:21:57.807842	0.00000000e+00	1	42	-1.91927000e-05	9.30327000e-05	-3.00355000e-01	-9.29582000e-05
2.15600156e+02	2026-09-04T17:21:57.807842	0.00000000e+00	1	42	-1.56879000e-05	1.19643000e-04	-3.50389000e-01	-1.18015000e-04
2.15623007e+02	2026-09-04T17:21:57.839622	0.00000000e+00	1	42	-1.18256000e-05	1.43648000e-04	-4.00480000e-01	-1.39663000e-04
2.15661198e+02	2026-09-04T17:21:57.873550	0.00000000e+00	1	42	-1.30892000e-05	1.58228000e-04	-4.50488000e-01	-1.56304000e-04
2.15687302e+02	2026-09-04T17:21:57.903004	0.00000000e+00	1	42	-1.73092000e-05	1.60929000e-04	-5.00520000e-01	-1.58432000e-04
2.15695132e+02	2026-09-04T17:21:57.903004	0.00000000e+00	1	42	-1.29938000e-05	1.53568000e-04	-5.50573000e-01	-1.46012000e-04
2.15718954e+02	2026-09-04T17:21:57.934629	0.00000000e+00	1	42	-1.87397000e-05	1.18870000e-04	-6.00604000e-01	-1.17286000e-04
2.15753329e+02	2026-09-04T17:21:57.966320	0.00000000e+00	1	42	-1.83821000e-05	1.15072000e-04	-6.50632000e-01	-1.13420000e-04
2.15781794e+02	2026-09-04T17:21:57.997949	0.00000000e+00	1	42	-1.16348000e-05	1.11867000e-04	-7.00696000e-01	-1.09944000e-04
2.15789742e+02	2026-09-04T17:21:57.997949	0.00000000e+00	1	42	-1.18256000e-05	1.19601000e-04	-7.50738000e-01	-1.14488000e-04
2.15814454e+02	2026-09-04T17:21:58.029439	0.00000000e+00	1	42	-1.46151000e-05	1.02961000e-04	-8.00800000e-01	-1.07106000e-04
2.15851960e+02	2026-09-04T17:21:58.061024	0.00000000e+00	1	42	-1.65939000e-05	9.88036000e-05	-8.50817000e-01	-9.72979000e-05
2.15877244e+02	2026-09-04T17:21:58.093045	0.00000000e+00	1	42	-2.26974000e-05	1.01156000e-04	-9.00875000e-01	-1.02903000e-04
2.15887643e+02	2026-09-04T17:21:58.103586	0.00000000e+00	1	42	-2.26021000e-05	9.56131000e-05	-9.50909000e-01	-9.40508000e-05
2.15913241e+02	2026-09-04T17:21:58.124852	0.00000000e+00	1	42	-1.28984000e-05	9.21896000e-05	-1.00094000e+00	-9.67274000e-05
2.15947275e+02	2026-09-04T17:21:58.160457	0.00000000e+00	1	42	-1.46151000e-05	9.88748000e-05	-1.05099000e+00	-9.76630000e-05
2.15972625e+02	2026-09-04T17:21:58.188546	0.00000000e+00	1	42	-2.44141000e-05	1.09922000e-04	-1.10105000e+00	-1.04000000e-04
2.15980472e+02	2026-09-04T17:21:58.188546	0.00000000e+00	1	42	-1.34468000e-05	1.07120000e-04	-1.15110000e+00	-1.02644000e-04
2.16004582e+02	2026-09-04T17:21:58.220008	0.00000000e+00	1	42	-2.68459000e-05	1.01216000e-04	-1.20113000e+00	-1.06828000e-04
2.16044216e+02	2026-09-04T17:21:58.251443	0.00000000e+00	1	42	-1.93834000e-05	1.14465000e-04	-1.25116000e+00	-1.13501000e-04
2.16066974e+02	2026-09-04T17:21:58.283203	0.00000000e+00	1	42	-2.24352000e-05	1.24788000e-04	-1.30119000e+00	-1.26615000e-04
2.16075122e+02	2026-09-04T17:21:58.283203	0.00000000e+00	1	42	-1.95503000e-05	1.31349000e-04	-1.35126000e+00	-1.29654000e-04
2.16100926e+02	2026-09-04T17:21:58.314956	0.00000000e+00	1	42	-2.45094000e-05	1.33783000e-04	-1.40128000e+00	-1.37039000e-04
2.16130714e+02	2026-09-04T17:21:58.346782	0.00000000e+00	1	42	-1.72138000e-05	1.38922000e-04	-1.45132000e+00	-1.36190000e-04
2.16162469e+02	2026-09-04T17:21:58.378668	0.00000000e+00	1	42	-1.69516000e-05	1.50200000e-04	-1.50134000e+00	-1.47567000e-04
2.16170459e+02	2026-09-04T17:21:58.378668	0.00000000e+00	1	42	-1.82867000e-05	1.58131000e-04	-1.55142000e+00	-1.65221000e-04
2.16178439e+02	2026-09-04T17:21:58.394418	0.00000000e+00	1	42	-2.05517000e-05	1.76088000e-04	-1.60142000e+00	-1.67189000e-04
2.16229481e+02	2026-09-04T17:21:58.441532	0.00000000e+00	1	42	-1.63078000e-05	1.87116000e-04	-1.65148000e+00	-1.80162000e-04
2.16248756e+02	2026-09-04T17:21:58.457187	0.00000000e+00	1	42	-1.82867000e-05	2.05600000e-04	-1.70152000e+00	-2.06778000e-04
2.16256516e+02	2026-09-04T17:21:58.472903	0.00000000e+00	1	42	-2.40564000e-05	2.15128000e-04	-1.75153000e+00	-2.14510000e-04
2.16313444e+02	2026-09-04T17:21:58.520796	0.00000000e+00	1	42	-2.10762000e-05	2.32385000e-04	-1.80157000e+00	-2.31214000e-04
2.16341077e+02	2026-09-04T17:21:58.552337	0.00000000e+00	1	42	-2.06232000e-05	2.48783000e-04	-1.85160000e+00	-2.49805000e-04
2.16349130e+02	2026-09-04T17:21:58.552337	0.00000000e+00	1	42	-2.34127000e-05	2.75330000e-04	-1.90165000e+00	-2.78920000e-04
2.16367695e+02	2026-09-04T17:21:58.584004	0.00000000e+00	1	42	-1.63078000e-05	3.00055000e-04	-1.95167000e+00	-3.03365000e-04
2.16421794e+02	2026-09-04T17:21:58.631265	0.00000000e+00	1	42	-1.93834000e-05	3.34056000e-04	-2.00172000e+00	-3.31293000e-04
2.16436635e+02	2026-09-04T17:21:58.646917	0.00000000e+00	1	42	-1.80244000e-05	3.23119000e-04	-2.00169000e+00	-3.21476000e-04
2.16445056e+02	2026-09-04T17:21:58.657336	0.00000000e+00	1	42	-1.96457000e-05	3.02051000e-04	-1.95167000e+00	-3.00366000e-04
2.16498756e+02	2026-09-04T17:21:58.710677	0.00000000e+00	1	42	-2.43187000e-05	2.80272000e-04	-1.90164000e+00	-2.80005000e-04
2.16515949e+02	2026-09-04T17:21:58.726694	0.00000000e+00	1	42	-2.31504000e-05	2.64771000e-04	-1.85163000e+00	-2.65901000e-04
2.16523721e+02	2026-09-04T17:21:58.726694	0.00000000e+00	1	42	-1.54257000e-05	2.43330000e-04	-1.80156000e+00	-2.42036000e-04
2.16573621e+02	2026-09-04T17:21:58.790050	0.00000000e+00	1	42	-1.93834000e-05	2.24502000e-04	-1.75154000e+00	-2.24208000e-04
2.16608055e+02	2026-09-04T17:21:58.821918	0.00000000e+00	1	42	-2.23398000e-05	2.07751000e-04	-1.70150000e+00	-2.06932000e-04
2.16627127e+02	2026-09-04T17:21:58.837916	0.00000000e+00	1	42	-1.88351000e-05	1.92052000e-04	-1.65146000e+00	-1.92517000e-04
2.16634696e+02	2026-09-04T17:21:58.837916	0.00000000e+00	1	42	-1.43290000e-05	1.75091000e-04	-1.60140000e+00	-1.76260000e-04
2.16659115e+02	2026-09-04T17:21:58.869448	0.00000000e+00	1	42	-1.82867000e-05	1.62900000e-04	-1.55141000e+00	-1.61736000e-04
2.16686779e+02	2026-09-04T17:21:58.901117	0.00000000e+00	1	42	-1.95503000e-05	1.49956000e-04	-1.50133000e+00	-1.49407000e-04
2.16717024e+02	2026-09-04T17:21:58.933051	0.00000000e+00	1	42	-1.64032000e-05	1.37717000e-04	-1.45132000e+00	-1.37283000e-04
2.16724701e+02	2026-09-04T17:21:58.933051	0.00000000e+00	1	42	-2.17199000e-05	1.26248000e-04	-1.40129000e+00	-1.26362000e-04
2.16732311e+02	2026-09-04T17:21:58.948984	0.00000000e+00	1	42	-1.90020000e-05	1.14816000e-04	-1.35127000e+00	-1.14644000e-04
2.16786023e+02	2026-09-04T17:21:58.996619	0.00000000e+00	1	42	-2.34127000e-05	1.04634000e-04	-1.30120000e+00	-1.05020000e-04
2.16812195e+02	2026-09-04T17:21:59.028483	0.00000000e+00	1	42	-1.85728000e-05	9.47980000e-05	-1.25115000e+00	-9.43702000e-05
2.16872972e+02	2026-09-04T17:21:59.082547	0.00000000e+00	1	42	-1.86443000e-05	8.50670000e-05	-1.20114000e+00	-8.50592000e-05
2.16895520e+02	2026-09-04T17:21:59.107138	0.00000000e+00	1	42	-1.75715000e-05	7.68021000e-05	-1.15111000e+00	-7.70162000e-05
2.16916487e+02	2026-09-04T17:21:59.123120	0.00000000e+00	1	42	-2.41280000e-05	6.79843000e-05	-1.10104000e+00	-6.75522000e-05
2.16967220e+02	2026-09-04T17:21:59.183254	0.00000000e+00	1	42	-2.13623000e-05	6.03408000e-05	-1.05097000e+00	-6.04589000e-05
2.16986743e+02	2026-09-04T17:21:59.202444	0.00000000e+00	1	42	-2.14338000e-05	5.39440000e-05	-1.00096000e+00	-5.38572000e-05
2.16994476e+02	2026-09-04T17:21:59.202444	0.00000000e+00	1	42	-2.61068000e-05	4.73042000e-05	-9.50927000e-01	-4.72611000e-05
2.17019723e+02	2026-09-04T17:21:59.234300	0.00000000e+00	1	42	-1.98126000e-05	4.07744000e-05	-9.00851000e-01	-4.03420000e-05
2.17057369e+02	2026-09-04T17:21:59.265745	0.00000000e+00	1	42	-2.64645000e-05	3.50568000e-05	-8.50802000e-01	-3.47645000e-05
2.17072954e+02	2026-09-04T17:21:59.281644	0.00000000e+00	1	42	-2.34127000e-05	2.97990000e-05	-8.00797000e-01	-2.98927000e-05
2.17081206e+02	2026-09-04T17:21:59.297670	0.00000000e+00	1	42	-2.55823000e-05	2.55662000e-05	-7.50737000e-01	-2.54923000e-05
2.17137979e+02	2026-09-04T17:21:59.345771	0.00000000e+00	1	42	-2.19822000e-05	2.12572000e-05	-7.00695000e-01	-2.13096000e-05
2.17161715e+02	2026-09-04T17:21:59.377118	0.00000000e+00	1	42	-1.85728000e-05	1.79464000e-05	-6.50647000e-01	-1.78635000e-05
2.17170036e+02	2026-09-04T17:21:59.377118	0.00000000e+00	1	42	-1.26362000e-05	1.48559000e-05	-6.00630000e-01	-1.47344000e-05
2.17192773e+02	2026-09-04T17:21:59.408681	0.00000000e+00	1	42	-1.85728000e-05	1.19784000e-05	-5.50577000e-01	-1.19449000e-05
2.17222795e+02	2026-09-04T17:21:59.434800	0.00000000e+00	1	42	-7.77245000e-06	9.71673000e-06	-5.00549000e-01	-9.55745000e-06
2.17272473e+02	2026-09-04T17:21:59.488255	0.00000000e+00	1	42	-3.15189000e-05	7.56474000e-06	-4.50473000e-01	-7.59666000e-06
2.17281097e+02	2026-09-04T17:21:59.488255	0.00000000e+00	1	42	-1.99080000e-05	5.79786000e-06	-4.00444000e-01	-5.71106000e-06
2.17306123e+02	2026-09-04T17:21:59.519742	0.00000000e+00	1	42	-2.06232000e-05	4.27600000e-06	-3.50406000e-01	-4.26679000e-06
2.17335614e+02	2026-09-04T17:21:59.551671	0.00000000e+00	1	42	-2.98977000e-05	3.16626000e-06	-3.00356000e-01	-3.14984000e-06
2.17357468e+02	2026-09-04T17:21:59.567799	0.00000000e+00	1	42	-2.73705000e-05	2.31672000e-06	-2.50281000e-01	-2.31999000e-06
2.17365340e+02	2026-09-04T17:21:59.567799	0.00000000e+00	1	42	-2.77281000e-05	1.64452000e-06	-2.00162000e-01	-1.62966000e-06
2.17411958e+02	2026-09-04T17:21:59.628735	0.00000000e+00	1	42	-2.55823000e-05	1.07802000e-06	-1.50124000e-01	-1.07873000e-06
2.17441087e+02	2026-09-04T17:21:59.657386	0.00000000e+00	1	42	-2.06232000e-05	6.65302000e-07	-1.00073000e-01	-6.63075000e-07
2.17467649e+02	2026-09-04T17:21:59.678852	0.00000000e+00	1	42	-2.36988000e-05	3.12349000e-07	-5.00313000e-02	-3.12232000e-07
2.17475243e+02	2026-09-04T17:21:59.678852	0.00000000e+00	1	42	-2.37703000e-05	-2.74670000e-10	-1.67847000e-05	-2.44975000e-11
2.21063955e+02	2026-09-04T17:22:03.271262	0.00000000e+00	1	43	-1.27077000e-05	-1.89017000e-09	-1.72138000e-05	5.71370000e-09
2.21087047e+02	2026-09-04T17:22:03.303023	0.00000000e+00	1	43	-2.63929000e-05	7.94859000e-06	-5.00284000e-02	-7.95178000e-06
2.21134134e+02	2026-09-04T17:22:03.350539	0.00000000e+00	1	43	-1.46794000e-04	1.59246000e-05	-1.00018000e-01	-1.59505000e-05
2.21181726e+02	2026-09-04T17:22:03.397816	0.00000000e+00	1	43	-2.22445000e-05	2.74181000e-05	-1.50119000e-01	-2.74029000e-05
2.21190086e+02	2026-09-04T17:22:03.397816	0.00000000e+00	1	43	-1.86443000e-05	4.28195000e-05	-2.00158000e-01	-4.26949000e-05
2.21217314e+02	2026-09-04T17:22:03.432845	0.00000000e+00	1	43	-1.90973000e-05	6.29036000e-05	-2.50296000e-01	-6.27643000e-05
2.21246589e+02	2026-09-04T17:22:03.460961	0.00000000e+00	1	43	-1.34468000e-05	8.70481000e-05	-3.00364000e-01	-8.66143000e-05
2.21258651e+02	2026-09-04T17:22:03.460961	0.00000000e+00	1	43	-2.53916000e-05	1.13490000e-04	-3.50403000e-01	-1.12158000e-04
2.21281081e+02	2026-09-04T17:22:03.495020	0.00000000e+00	1	43	-2.10762000e-05	1.34736000e-04	-4.00446000e-01	-1.31861000e-04
2.21289801e+02	2026-09-04T17:22:03.495020	0.00000000e+00	1	43	-2.02656000e-05	1.46530000e-04	-4.50464000e-01	-1.41491000e-04
2.21340174e+02	2026-09-04T17:22:03.556476	0.00000000e+00	1	43	-2.43187000e-05	1.38284000e-04	-5.00533000e-01	-1.28028000e-04
2.21362130e+02	2026-09-04T17:22:03.572425	0.00000000e+00	1	43	-1.73092000e-05	1.32782000e-04	-5.50566000e-01	-1.28067000e-04
2.21369869e+02	2026-09-04T17:22:03.572425	0.00000000e+00	1	43	-1.38760000e-05	1.18448000e-04	-6.00615000e-01	-1.13618000e-04
2.21403939e+02	2026-09-04T17:22:03.619960	0.00000000e+00	1	43	-2.26974000e-05	1.01655000e-04	-6.50617000e-01	-9.85086000e-05
2.21438405e+02	2026-09-04T17:22:03.651681	0.00000000e+00	1	43	-2.66552000e-05	1.02785000e-04	-7.00699000e-01	-9.89288000e-05
2.21458728e+02	2026-09-04T17:22:03.667799	0.00000000e+00	1	43	-2.26021000e-05	1.08028000e-04	-7.50727000e-01	-1.04720000e-04
2.21495147e+02	2026-09-04T17:22:03.711244	0.00000000e+00	1	43	-2.17199000e-05	9.02550000e-05	-8.00809000e-01	-8.96225000e-05
2.21530420e+02	2026-09-04T17:22:03.739204	0.00000000e+00	1	43	-2.30551000e-05	8.76108000e-05	-8.50796000e-01	-8.81288000e-05
2.21549129e+02	2026-09-04T17:22:03.765505	0.00000000e+00	1	43	-1.55926000e-05	8.95537000e-05	-9.00892000e-01	-9.07704000e-05
2.21560770e+02	2026-09-04T17:22:03.777278	0.00000000e+00	1	43	-2.84433000e-05	8.79440000e-05	-9.50903000e-01	-8.82770000e-05
2.21570386e+02	2026-09-04T17:22:03.786355	0.00000000e+00	1	43	-2.24352000e-05	9.39309000e-05	-1.00095000e+00	-9.40473000e-05
2.21601087e+02	2026-09-04T17:22:03.815708	0.00000000e+00	1	43	-2.08139000e-05	8.96370000e-05	-1.05097000e+00	-9.19111000e-05
2.21633587e+02	2026-09-04T17:22:03.842598	0.00000000e+00	1	43	-2.16246000e-05	9.93128000e-05	-1.10103000e+00	-9.52879000e-05
2.21668337e+02	2026-09-04T17:22:03.884278	0.00000000e+00	1	43	-2.30551000e-05	1.04789000e-04	-1.15112000e+00	-1.03008000e-04
2.21680858e+02	2026-09-04T17:22:03.897000	0.00000000e+00	1	43	-2.04563000e-05	1.15805000e-04	-1.20109000e+00	-1.12896000e-04
2.21709723e+02	2026-09-04T17:22:03.919745	0.00000000e+00	1	43	-2.13623000e-05	1.14018000e-04	-1.25118000e+00	-1.13590000e-04
2.21742784e+02	2026-09-04T17:22:03.951210	0.00000000e+00	1	43	-2.02656000e-05	1.21839000e-04	-1.30119000e+00	-1.18383000e-04
2.21760033e+02	2026-09-04T17:22:03.975384	0.00000000e+00	1	43	-1.92881000e-05	1.26387000e-04	-1.35125000e+00	-1.28700000e-04
2.21768541e+02	2026-09-04T17:22:03.984493	0.00000000e+00	1	43	-2.16246000e-05	1.42882000e-04	-1.40126000e+00	-1.44484000e-04
2.21776596e+02	2026-09-04T17:22:03.984493	0.00000000e+00	1	43	-2.02656000e-05	1.53031000e-04	-1.45135000e+00	-1.46947000e-04
2.21802462e+02	2026-09-04T17:22:04.018324	0.00000000e+00	1	43	-1.92881000e-05	1.56941000e-04	-1.50137000e+00	-1.58642000e-04
2.21821989e+02	2026-09-04T17:22:04.037073	0.00000000e+00	1	43	-2.31504000e-05	1.67781000e-04	-1.55142000e+00	-1.69340000e-04
2.21859253e+02	2026-09-04T17:22:04.075393	0.00000000e+00	1	43	-2.19822000e-05	1.86062000e-04	-1.60141000e+00	-1.78829000e-04
2.21867239e+02	2026-09-04T17:22:04.075393	0.00000000e+00	1	43	-1.81913000e-05	1.97586000e-04	-1.65145000e+00	-1.95460000e-04
2.21905612e+02	2026-09-04T17:22:04.114897	0.00000000e+00	1	43	-1.45197000e-05	2.11266000e-04	-1.70148000e+00	-2.06907000e-04
2.21948591e+02	2026-09-04T17:22:04.164775	0.00000000e+00	1	43	-2.34127000e-05	2.30806000e-04	-1.75155000e+00	-2.22812000e-04
2.21964381e+02	2026-09-04T17:22:04.175058	0.00000000e+00	1	43	-2.24352000e-05	2.39975000e-04	-1.80154000e+00	-2.39805000e-04
2.21978323e+02	2026-09-04T17:22:04.194878	0.00000000e+00	1	43	-2.45810000e-05	2.57743000e-04	-1.85162000e+00	-2.52079000e-04
2.22009618e+02	2026-09-04T17:22:04.225401	0.00000000e+00	1	43	-2.65598000e-05	2.85796000e-04	-1.90165000e+00	-2.87009000e-04
2.22048092e+02	2026-09-04T17:22:04.264814	0.00000000e+00	1	43	-2.08139000e-05	3.06943000e-04	-1.95167000e+00	-3.13830000e-04
2.22063989e+02	2026-09-04T17:22:04.274831	0.00000000e+00	1	43	-2.52247000e-05	3.35736000e-04	-2.00170000e+00	-3.32814000e-04
2.22070571e+02	2026-09-04T17:22:04.284846	0.00000000e+00	1	43	-2.74658000e-05	3.32998000e-04	-2.00168000e+00	-3.28199000e-04
2.22107533e+02	2026-09-04T17:22:04.314893	0.00000000e+00	1	43	-3.31402000e-05	3.07340000e-04	-1.95166000e+00	-3.06798000e-04
2.22158785e+02	2026-09-04T17:22:04.375011	0.00000000e+00	1	43	-2.46763000e-05	2.74662000e-04	-1.90163000e+00	-2.74569000e-04
2.22166935e+02	2026-09-04T17:22:04.375011	0.00000000e+00	1	43	-2.79188000e-05	2.59345000e-04	-1.85159000e+00	-2.59868000e-04
2.22228549e+02	2026-09-04T17:22:04.444822	0.00000000e+00	1	43	-2.32458000e-05	2.41932000e-04	-1.80154000e+00	-2.40215000e-04
2.22248734e+02	2026-09-04T17:22:04.464961	0.00000000e+00	1	43	-2.11716000e-05	2.25236000e-04	-1.75154000e+00	-2.25387000e-04
2.22256370e+02	2026-09-04T17:22:04.464961	0.00000000e+00	1	43	-2.49386000e-05	2.08376000e-04	-1.70149000e+00	-2.09012000e-04
2.22296498e+02	2026-09-04T17:22:04.507267	0.00000000e+00	1	43	-2.50340000e-05	1.92982000e-04	-1.65147000e+00	-1.92204000e-04
2.22328873e+02	2026-09-04T17:22:04.545539	0.00000000e+00	1	43	-2.77281000e-05	1.79138000e-04	-1.60140000e+00	-1.78023000e-04
2.22336494e+02	2026-09-04T17:22:04.546966	0.00000000e+00	1	43	-2.44141000e-05	1.63056000e-04	-1.55141000e+00	-1.63615000e-04
2.22345409e+02	2026-09-04T17:22:04.558038	0.00000000e+00	1	43	-2.64645000e-05	1.50886000e-04	-1.50134000e+00	-1.50665000e-04
2.22360316e+02	2026-09-04T17:22:04.576589	0.00000000e+00	1	43	-2.51293000e-05	1.37602000e-04	-1.45134000e+00	-1.37768000e-04
2.22387158e+02	2026-09-04T17:22:04.601944	0.00000000e+00	1	43	-2.77281000e-05	1.26465000e-04	-1.40126000e+00	-1.26145000e-04
2.22422319e+02	2026-09-04T17:22:04.637946	0.00000000e+00	1	43	-2.21491000e-05	1.14548000e-04	-1.35125000e+00	-1.14709000e-04
2.22443281e+02	2026-09-04T17:22:04.655122	0.00000000e+00	1	43	-1.91927000e-05	1.04718000e-04	-1.30119000e+00	-1.04891000e-04
2.22459365e+02	2026-09-04T17:22:04.675328	0.00000000e+00	1	43	-2.45094000e-05	9.47928000e-05	-1.25115000e+00	-9.44901000e-05
2.22483984e+02	2026-09-04T17:22:04.698180	0.00000000e+00	1	43	-2.54869000e-05	8.62357000e-05	-1.20115000e+00	-8.58566000e-05
2.22512128e+02	2026-09-04T17:22:04.725641	0.00000000e+00	1	43	-2.27928000e-05	7.71899000e-05	-1.15109000e+00	-7.70058000e-05
2.22543138e+02	2026-09-04T17:22:04.755318	0.00000000e+00	1	43	-2.23398000e-05	6.84491000e-05	-1.10104000e+00	-6.86116000e-05
2.22554408e+02	2026-09-04T17:22:04.766059	0.00000000e+00	1	43	-1.83821000e-05	6.03643000e-05	-1.05096000e+00	-6.03816000e-05
2.22584460e+02	2026-09-04T17:22:04.797132	0.00000000e+00	1	43	-2.16246000e-05	5.32269000e-05	-1.00095000e+00	-5.34976000e-05
2.22623902e+02	2026-09-04T17:22:04.835091	0.00000000e+00	1	43	-2.76566000e-05	4.62429000e-05	-9.50901000e-01	-4.66770000e-05
2.22640681e+02	2026-09-04T17:22:04.853124	0.00000000e+00	1	43	-1.85728000e-05	4.07313000e-05	-9.00849000e-01	-4.09567000e-05
2.22648462e+02	2026-09-04T17:22:04.865209	0.00000000e+00	1	43	-1.78337000e-05	3.55287000e-05	-8.50805000e-01	-3.50920000e-05
2.22656366e+02	2026-09-04T17:22:04.865209	0.00000000e+00	1	43	-1.57833000e-05	3.03124000e-05	-8.00792000e-01	-3.02182000e-05
2.22695872e+02	2026-09-04T17:22:04.912235	0.00000000e+00	1	43	-1.99080000e-05	2.53547000e-05	-7.50734000e-01	-2.54131000e-05
2.22718160e+02	2026-09-04T17:22:04.928141	0.00000000e+00	1	43	-1.64986000e-05	2.11437000e-05	-7.00712000e-01	-2.10888000e-05
2.22730288e+02	2026-09-04T17:22:04.945453	0.00000000e+00	1	43	-2.56777000e-05	1.76010000e-05	-6.50635000e-01	-1.76337000e-05
2.22738160e+02	2026-09-04T17:22:04.954844	0.00000000e+00	1	43	-1.99080000e-05	1.45493000e-05	-6.00614000e-01	-1.41339000e-05
2.22759823e+02	2026-09-04T17:22:04.975188	0.00000000e+00	1	43	-1.38760000e-05	1.18281000e-05	-5.50566000e-01	-1.17574000e-05
2.22767954e+02	2026-09-04T17:22:04.975188	0.00000000e+00	1	43	-6.86646000e-06	9.65033000e-06	-5.00527000e-01	-9.75148000e-06
2.22805602e+02	2026-09-04T17:22:05.015258	0.00000000e+00	1	43	-2.69175000e-05	7.98177000e-06	-4.50466000e-01	-7.79898000e-06
2.22839507e+02	2026-09-04T17:22:05.056317	0.00000000e+00	1	43	-2.70128000e-05	6.08629000e-06	-4.00457000e-01	-6.01623000e-06
2.22847627e+02	2026-09-04T17:22:05.058570	0.00000000e+00	1	43	-2.26974000e-05	4.54761000e-06	-3.50397000e-01	-4.52995000e-06
2.22855733e+02	2026-09-04T17:22:05.066874	0.00000000e+00	1	43	-1.45197000e-05	3.45202000e-06	-3.00370000e-01	-3.43871000e-06
2.22876807e+02	2026-09-04T17:22:05.086764	0.00000000e+00	1	43	-2.39611000e-05	2.60135000e-06	-2.50299000e-01	-2.58624000e-06
2.22912535e+02	2026-09-04T17:22:05.126895	0.00000000e+00	1	43	-3.26872000e-05	1.88694000e-06	-2.00156000e-01	-1.87623000e-06
2.22931453e+02	2026-09-04T17:22:05.147478	0.00000000e+00	1	43	-2.49386000e-05	1.25987000e-06	-1.50121000e-01	-1.24871000e-06
2.22939626e+02	2026-09-04T17:22:05.155874	0.00000000e+00	1	43	-2.47717000e-05	7.77780000e-07	-1.00069000e-01	-7.70499000e-07
2.22963117e+02	2026-09-04T17:22:05.176887	0.00000000e+00	1	43	-2.47717000e-05	3.56557000e-07	-5.00317000e-02	-3.69494000e-07
2.23019426e+02	2026-09-04T17:22:05.236202	0.00000000e+00	1	43	-2.46763000e-05	-2.90048000e-10	-1.73092000e-05	-4.01735000e-12
2.26346690e+02	2026-09-04T17:22:08.555031	0.00000000e+00	1	44	-7.67708000e-06	-1.46770000e-09	-1.34468000e-05	4.43792000e-09
2.26367370e+02	2026-09-04T17:22:08.583122	0.00000000e+00	1	44	-2.30551000e-05	6.98740000e-06	-5.00225000e-02	-6.99013000e-06
2.26399188e+02	2026-09-04T17:22:08.615078	0.00000000e+00	1	44	-1.55163000e-04	1.46720000e-05	-1.00020000e-01	-1.46875000e-05
2.26424088e+02	2026-09-04T17:22:08.635091	0.00000000e+00	1	44	-1.76668000e-05	2.48699000e-05	-1.50113000e-01	-2.47326000e-05
2.26458535e+02	2026-09-04T17:22:08.674999	0.00000000e+00	1	44	-1.24455000e-05	3.85243000e-05	-2.00153000e-01	-3.85529000e-05
2.26470639e+02	2026-09-04T17:22:08.686786	0.00000000e+00	1	44	-1.42574000e-05	5.70342000e-05	-2.50284000e-01	-5.69014000e-05
2.26478441e+02	2026-09-04T17:22:08.694884	0.00000000e+00	1	44	-1.48773000e-05	8.02608000e-05	-3.00333000e-01	-7.99554000e-05
2.26509811e+02	2026-09-04T17:22:08.725901	0.00000000e+00	1	44	-1.69516000e-05	1.06591000e-04	-3.50377000e-01	-1.02724000e-04
2.26551047e+02	2026-09-04T17:22:08.765080	0.00000000e+00	1	44	-1.66655000e-05	1.28043000e-04	-4.00443000e-01	-1.26602000e-04
2.26559280e+02	2026-09-04T17:22:08.774803	0.00000000e+00	1	44	-1.52349000e-05	1.51575000e-04	-4.50473000e-01	-1.49751000e-04
2.26566983e+02	2026-09-04T17:22:08.782848	0.00000000e+00	1	44	-1.70231000e-05	1.63229000e-04	-5.00540000e-01	-1.58124000e-04
2.26594016e+02	2026-09-04T17:22:08.810242	0.00000000e+00	1	44	-1.56879000e-05	1.39960000e-04	-5.50559000e-01	-1.33570000e-04
2.26622043e+02	2026-09-04T17:22:08.838646	0.00000000e+00	1	44	-1.85728000e-05	1.22034000e-04	-6.00626000e-01	-1.14612000e-04
2.26644272e+02	2026-09-04T17:22:08.854950	0.00000000e+00	1	44	-1.39713000e-05	1.11522000e-04	-6.50656000e-01	-1.11897000e-04
2.26664200e+02	2026-09-04T17:22:08.880024	0.00000000e+00	1	44	-1.36137000e-05	1.00819000e-04	-7.00691000e-01	-1.00904000e-04
2.26679941e+02	2026-09-04T17:22:08.895857	0.00000000e+00	1	44	-1.74046000e-05	1.04407000e-04	-7.50735000e-01	-1.02367000e-04
2.26727075e+02	2026-09-04T17:22:08.943292	0.00000000e+00	1	44	-1.54257000e-05	1.04369000e-04	-8.00784000e-01	-1.05099000e-04
2.26758847e+02	2026-09-04T17:22:08.974870	0.00000000e+00	1	44	-1.98126000e-05	1.01503000e-04	-8.50818000e-01	-1.00169000e-04
2.26766838e+02	2026-09-04T17:22:08.974870	0.00000000e+00	1	44	-9.65595000e-06	1.07939000e-04	-9.00872000e-01	-1.06483000e-04
2.26791742e+02	2026-09-04T17:22:09.006384	0.00000000e+00	1	44	-1.43290000e-05	1.02672000e-04	-9.50916000e-01	-1.04410000e-04
2.26821990e+02	2026-09-04T17:22:09.037966	0.00000000e+00	1	44	-4.98295000e-06	1.04398000e-04	-1.00094000e+00	-1.00775000e-04
2.26842717e+02	2026-09-04T17:22:09.054876	0.00000000e+00	1	44	-5.79357000e-06	1.11713000e-04	-1.05097000e+00	-1.08021000e-04
2.26850602e+02	2026-09-04T17:22:09.064879	0.00000000e+00	1	44	-1.46151000e-05	1.19438000e-04	-1.10103000e+00	-1.18562000e-04
2.26911687e+02	2026-09-04T17:22:09.128273	0.00000000e+00	1	44	-1.79291000e-05	1.14850000e-04	-1.15110000e+00	-1.12226000e-04
2.26948262e+02	2026-09-04T17:22:09.164973	0.00000000e+00	1	44	-1.55926000e-05	1.15441000e-04	-1.20111000e+00	-1.14407000e-04
2.26956556e+02	2026-09-04T17:22:09.164973	0.00000000e+00	1	44	-1.51396000e-05	1.30307000e-04	-1.25117000e+00	-1.32880000e-04
2.26980801e+02	2026-09-04T17:22:09.196394	0.00000000e+00	1	44	-1.09196000e-05	1.32999000e-04	-1.30120000e+00	-1.30671000e-04
2.26993822e+02	2026-09-04T17:22:09.205512	0.00000000e+00	1	44	-1.47820000e-05	1.41141000e-04	-1.35126000e+00	-1.37988000e-04
2.27034878e+02	2026-09-04T17:22:09.244790	0.00000000e+00	1	44	-1.65939000e-05	1.45018000e-04	-1.40127000e+00	-1.47340000e-04
2.27044621e+02	2026-09-04T17:22:09.260456	0.00000000e+00	1	44	-1.73092000e-05	1.59929000e-04	-1.45130000e+00	-1.61079000e-04
2.27052584e+02	2026-09-04T17:22:09.268818	0.00000000e+00	1	44	-4.62532000e-06	1.63698000e-04	-1.50134000e+00	-1.62559000e-04
2.27074370e+02	2026-09-04T17:22:09.289941	0.00000000e+00	1	44	-8.03471000e-06	1.67931000e-04	-1.55141000e+00	-1.62233000e-04
2.27117169e+02	2026-09-04T17:22:09.327997	0.00000000e+00	1	44	-8.03471000e-06	1.84235000e-04	-1.60140000e+00	-1.79671000e-04
2.27141673e+02	2026-09-04T17:22:09.355077	0.00000000e+00	1	44	-7.51019000e-06	1.98223000e-04	-1.65146000e+00	-1.85024000e-04
2.27149449e+02	2026-09-04T17:22:09.365106	0.00000000e+00	1	44	-1.38044000e-05	2.05997000e-04	-1.70149000e+00	-2.08814000e-04
2.27177956e+02	2026-09-04T17:22:09.384661	0.00000000e+00	1	44	-1.28031000e-05	2.25892000e-04	-1.75153000e+00	-2.22374000e-04
2.27204583e+02	2026-09-04T17:22:09.417705	0.00000000e+00	1	44	-2.31504000e-05	2.32047000e-04	-1.80154000e+00	-2.47217000e-04
2.27225507e+02	2026-09-04T17:22:09.440870	0.00000000e+00	1	44	-2.18868000e-05	2.65838000e-04	-1.85161000e+00	-2.65614000e-04
2.27233522e+02	2026-09-04T17:22:09.449827	0.00000000e+00	1	44	-1.93834000e-05	2.94125000e-04	-1.90164000e+00	-2.97534000e-04
2.27241668e+02	2026-09-04T17:22:09.458389	0.00000000e+00	1	44	-2.00987000e-05	3.08889000e-04	-1.95168000e+00	-3.07911000e-04
2.27262941e+02	2026-09-04T17:22:09.474774	0.00000000e+00	1	44	-2.19822000e-05	3.41683000e-04	-2.00168000e+00	-3.44034000e-04
2.27274188e+02	2026-09-04T17:22:09.485059	0.00000000e+00	1	44	-2.26974000e-05	3.40770000e-04	-2.00172000e+00	-3.41653000e-04
2.27301103e+02	2026-09-04T17:22:09.517947	0.00000000e+00	1	44	-2.11716000e-05	3.08674000e-04	-1.95166000e+00	-3.08801000e-04
2.27309777e+02	2026-09-04T17:22:09.524718	0.00000000e+00	1	44	-1.81913000e-05	2.76805000e-04	-1.90164000e+00	-2.81709000e-04
2.27335048e+02	2026-09-04T17:22:09.546430	0.00000000e+00	1	44	-2.34127000e-05	2.60924000e-04	-1.85162000e+00	-2.61500000e-04
2.27360293e+02	2026-09-04T17:22:09.574692	0.00000000e+00	1	44	-2.45810000e-05	2.38886000e-04	-1.80154000e+00	-2.38869000e-04
2.27396751e+02	2026-09-04T17:22:09.609371	0.00000000e+00	1	44	-1.81913000e-05	2.21123000e-04	-1.75155000e+00	-2.21876000e-04
2.27424550e+02	2026-09-04T17:22:09.641217	0.00000000e+00	1	44	-2.42233000e-05	2.05499000e-04	-1.70151000e+00	-2.05102000e-04
2.27433809e+02	2026-09-04T17:22:09.644726	0.00000000e+00	1	44	-1.47820000e-05	1.92259000e-04	-1.65147000e+00	-1.91373000e-04
2.27465259e+02	2026-09-04T17:22:09.674809	0.00000000e+00	1	44	-1.92881000e-05	1.78745000e-04	-1.60142000e+00	-1.78192000e-04
2.27504805e+02	2026-09-04T17:22:09.720726	0.00000000e+00	1	44	-1.75715000e-05	1.62945000e-04	-1.55140000e+00	-1.61506000e-04
2.27525869e+02	2026-09-04T17:22:09.736534	0.00000000e+00	1	44	-1.58548000e-05	1.49664000e-04	-1.50134000e+00	-1.49985000e-04
2.27536934e+02	2026-09-04T17:22:09.752640	0.00000000e+00	1	44	-2.02656000e-05	1.36914000e-04	-1.45130000e+00	-1.37402000e-04
2.27591181e+02	2026-09-04T17:22:09.804776	0.00000000e+00	1	44	-2.74658000e-05	1.25692000e-04	-1.40124000e+00	-1.24944000e-04
2.27605285e+02	2026-09-04T17:22:09.817871	0.00000000e+00	1	44	-2.47717000e-05	1.14856000e-04	-1.35124000e+00	-1.14336000e-04
2.27613182e+02	2026-09-04T17:22:09.826290	0.00000000e+00	1	44	-1.70231000e-05	1.04600000e-04	-1.30117000e+00	-1.04585000e-04
2.27653338e+02	2026-09-04T17:22:09.864969	0.00000000e+00	1	44	-1.98126000e-05	9.38032000e-05	-1.25116000e+00	-9.39037000e-05
2.27693222e+02	2026-09-04T17:22:09.904839	0.00000000e+00	1	44	-1.98126000e-05	8.40974000e-05	-1.20110000e+00	-8.43735000e-05
2.27716934e+02	2026-09-04T17:22:09.929974	0.00000000e+00	1	44	-1.74761000e-05	7.58596000e-05	-1.15112000e+00	-7.60755000e-05
2.27724818e+02	2026-09-04T17:22:09.936877	0.00000000e+00	1	44	-2.26974000e-05	6.72858000e-05	-1.10103000e+00	-6.70040000e-05
2.27774251e+02	2026-09-04T17:22:09.988305	0.00000000e+00	1	44	-1.59502000e-05	5.96545000e-05	-1.05096000e+00	-5.92105000e-05
2.27797404e+02	2026-09-04T17:22:10.005062	0.00000000e+00	1	44	-1.88351000e-05	5.17070000e-05	-1.00094000e+00	-5.17914000e-05
2.27813898e+02	2026-09-04T17:22:10.028447	0.00000000e+00	1	44	-2.07186000e-05	4.62565000e-05	-9.50886000e-01	-4.59400000e-05
2.27851913e+02	2026-09-04T17:22:10.067863	0.00000000e+00	1	44	-1.56879000e-05	3.99431000e-05	-9.00859000e-01	-3.99330000e-05
2.27882916e+02	2026-09-04T17:22:10.098381	0.00000000e+00	1	44	-1.99080000e-05	3.42352000e-05	-8.50828000e-01	-3.42355000e-05
2.27901073e+02	2026-09-04T17:22:10.117703	0.00000000e+00	1	44	-2.04563000e-05	2.95425000e-05	-8.00786000e-01	-2.95611000e-05
2.27917450e+02	2026-09-04T17:22:10.128813	0.00000000e+00	1	44	-1.81913000e-05	2.51395000e-05	-7.50723000e-01	-2.51277000e-05
2.27926614e+02	2026-09-04T17:22:10.138805	0.00000000e+00	1	44	-1.18256000e-05	2.13219000e-05	-7.00683000e-01	-2.12206000e-05
2.27947808e+02	2026-09-04T17:22:10.159578	0.00000000e+00	1	44	-1.54257000e-05	1.81113000e-05	-6.50626000e-01	-1.79571000e-05
2.27962288e+02	2026-09-04T17:22:10.178637	0.00000000e+00	1	44	-2.54869000e-05	1.53614000e-05	-6.00613000e-01	-1.52150000e-05
2.27989722e+02	2026-09-04T17:22:10.204926	0.00000000e+00	1	44	-1.88351000e-05	1.23254000e-05	-5.50581000e-01	-1.23020000e-05
2.28001053e+02	2026-09-04T17:22:10.217694	0.00000000e+00	1	44	-1.72138000e-05	1.01746000e-05	-5.00519000e-01	-1.01043000e-05
2.28014560e+02	2026-09-04T17:22:10.230661	0.00000000e+00	1	44	-7.22408000e-06	8.04509000e-06	-4.50475000e-01	-8.01856000e-06
2.28041781e+02	2026-09-04T17:22:10.258194	0.00000000e+00	1	44	-2.26974000e-05	6.39423000e-06	-4.00473000e-01	-6.38807000e-06
2.28076999e+02	2026-09-04T17:22:10.292643	0.00000000e+00	1	44	-3.15189000e-05	4.78342000e-06	-3.50395000e-01	-4.84355000e-06
2.28092035e+02	2026-09-04T17:22:10.307995	0.00000000e+00	1	44	-2.75612000e-05	3.63385000e-06	-3.00349000e-01	-3.59422000e-06
2.28134476e+02	2026-09-04T17:22:10.348585	0.00000000e+00	1	44	-1.92881000e-05	2.57293000e-06	-2.50300000e-01	-2.54254000e-06
2.28168463e+02	2026-09-04T17:22:10.385071	0.00000000e+00	1	44	-2.09093000e-05	1.80241000e-06	-2.00156000e-01	-1.76886000e-06
2.28185573e+02	2026-09-04T17:22:10.400808	0.00000000e+00	1	44	-1.83821000e-05	1.19380000e-06	-1.50116000e-01	-1.18394000e-06
2.28198433e+02	2026-09-04T17:22:10.414692	0.00000000e+00	1	44	-1.93834000e-05	7.28576000e-07	-1.00072000e-01	-7.26331000e-07
2.28211182e+02	2026-09-04T17:22:10.424743	0.00000000e+00	1	44	-2.09808000e-05	3.32420000e-07	-5.00286000e-02	-3.26932000e-07
2.28232321e+02	2026-09-04T17:22:10.449157	0.00000000e+00	1	44	-2.25306000e-05	-7.67946000e-11	-1.40667000e-05	1.96838000e-10
2.31394365e+02	2026-09-04T17:22:13.609862	0.00000000e+00	1	45	-1.77622000e-05	-3.91352000e-09	-1.42574000e-05	6.46017000e-09
2.31402736e+02	2026-09-04T17:22:13.619421	0.00000000e+00	1	45	-2.54869000e-05	6.52114000e-06	-5.00273000e-02	-6.51780000e-06
2.31455365e+02	2026-09-04T17:22:13.669920	0.00000000e+00	1	45	-7.30515000e-05	1.38835000e-05	-1.00025000e-01	-1.40679000e-05
2.31476503e+02	2026-09-04T17:22:13.691904	0.00000000e+00	1	45	-1.58548000e-05	2.39450000e-05	-1.50116000e-01	-2.39838000e-05
2.31504886e+02	2026-09-04T17:22:13.720724	0.00000000e+00	1	45	-2.06232000e-05	3.80908000e-05	-2.00156000e-01	-3.80631000e-05
2.31512986e+02	2026-09-04T17:22:13.729478	0.00000000e+00	1	45	-1.82867000e-05	5.85613000e-05	-2.50293000e-01	-5.81486000e-05
2.31540704e+02	2026-09-04T17:22:13.754891	0.00000000e+00	1	45	-2.45094000e-05	8.38723000e-05	-3.00362000e-01	-8.34391000e-05
2.31569037e+02	2026-09-04T17:22:13.784884	0.00000000e+00	1	45	-1.94550000e-05	1.03223000e-04	-3.50401000e-01	-9.98892000e-05
2.31602745e+02	2026-09-04T17:22:13.814923	0.00000000e+00	1	45	-1.78337000e-05	1.23371000e-04	-4.00454000e-01	-1.20962000e-04
2.31610318e+02	2026-09-04T17:22:13.825303	0.00000000e+00	1	45	-1.87397000e-05	1.44092000e-04	-4.50455000e-01	-1.41843000e-04
2.31648553e+02	2026-09-04T17:22:13.864989	0.00000000e+00	1	45	-2.08139000e-05	1.42249000e-04	-5.00521000e-01	-1.40987000e-04
2.31684965e+02	2026-09-04T17:22:13.894722	0.00000000e+00	1	45	-2.01702000e-05	1.27787000e-04	-5.50577000e-01	-1.29154000e-04
2.31702762e+02	2026-09-04T17:22:13.915140	0.00000000e+00	1	45	-1.54972000e-05	1.37842000e-04	-6.00637000e-01	-1.27855000e-04
2.31710405e+02	2026-09-04T17:22:13.926734	0.00000000e+00	1	45	-2.20776000e-05	1.11631000e-04	-6.50656000e-01	-1.03582000e-04
2.31719127e+02	2026-09-04T17:22:13.934799	0.00000000e+00	1	45	-2.80857000e-05	1.03485000e-04	-7.00710000e-01	-1.01119000e-04
2.31743438e+02	2026-09-04T17:22:13.960058	0.00000000e+00	1	45	-3.21388000e-05	8.76134000e-05	-7.50744000e-01	-8.91531000e-05
2.31799528e+02	2026-09-04T17:22:14.015492	0.00000000e+00	1	45	-1.63078000e-05	9.92594000e-05	-8.00801000e-01	-9.11345000e-05
2.31828682e+02	2026-09-04T17:22:14.045023	0.00000000e+00	1	45	-1.97411000e-05	8.76139000e-05	-8.50804000e-01	-8.90427000e-05
2.31848712e+02	2026-09-04T17:22:14.064858	0.00000000e+00	1	45	-2.38657000e-05	9.27027000e-05	-9.00880000e-01	-9.06790000e-05
2.31880643e+02	2026-09-04T17:22:14.094897	0.00000000e+00	1	45	-1.00136000e-05	9.21549000e-05	-9.50907000e-01	-8.83220000e-05
2.31915556e+02	2026-09-04T17:22:14.130480	0.00000000e+00	1	45	-2.56777000e-05	9.63785000e-05	-1.00096000e+00	-9.27912000e-05
2.31924752e+02	2026-09-04T17:22:14.135129	0.00000000e+00	1	45	-2.22445000e-05	9.66387000e-05	-1.05098000e+00	-9.62488000e-05
2.31945699e+02	2026-09-04T17:22:14.161465	0.00000000e+00	1	45	-2.50340000e-05	9.27336000e-05	-1.10105000e+00	-9.10014000e-05
2.31964943e+02	2026-09-04T17:22:14.180104	0.00000000e+00	1	45	-2.52247000e-05	1.02543000e-04	-1.15111000e+00	-9.87039000e-05
2.32005246e+02	2026-09-04T17:22:14.220171	0.00000000e+00	1	45	-2.97070000e-05	1.08484000e-04	-1.20109000e+00	-1.07741000e-04
2.32034012e+02	2026-09-04T17:22:14.250180	0.00000000e+00	1	45	-2.72751000e-05	1.14781000e-04	-1.25117000e+00	-1.12234000e-04
2.32041706e+02	2026-09-04T17:22:14.254855	0.00000000e+00	1	45	-2.50340000e-05	1.21073000e-04	-1.30118000e+00	-1.19722000e-04
2.32072780e+02	2026-09-04T17:22:14.284844	0.00000000e+00	1	45	-2.63929000e-05	1.32662000e-04	-1.35124000e+00	-1.18578000e-04
2.32114829e+02	2026-09-04T17:22:14.330908	0.00000000e+00	1	45	-2.00987000e-05	1.40547000e-04	-1.40127000e+00	-1.33887000e-04
2.32123030e+02	2026-09-04T17:22:14.335668	0.00000000e+00	1	45	-2.32458000e-05	1.52892000e-04	-1.45132000e+00	-1.47026000e-04
2.32177128e+02	2026-09-04T17:22:14.390355	0.00000000e+00	1	45	-3.41177000e-05	1.55533000e-04	-1.50135000e+00	-1.56221000e-04
2.32214545e+02	2026-09-04T17:22:14.430539	0.00000000e+00	1	45	-3.08037000e-05	1.71489000e-04	-1.55139000e+00	-1.67566000e-04
2.32222756e+02	2026-09-04T17:22:14.434947	0.00000000e+00	1	45	-3.42131000e-05	1.80143000e-04	-1.60141000e+00	-1.81260000e-04
2.32230691e+02	2026-09-04T17:22:14.444871	0.00000000e+00	1	45	-3.32117000e-05	1.99759000e-04	-1.65149000e+00	-1.96988000e-04
2.32238824e+02	2026-09-04T17:22:14.454788	0.00000000e+00	1	45	-2.82764000e-05	2.05749000e-04	-1.70148000e+00	-2.09685000e-04
2.32267459e+02	2026-09-04T17:22:14.480410	0.00000000e+00	1	45	-2.54869000e-05	2.23878000e-04	-1.75155000e+00	-2.20102000e-04
2.32280859e+02	2026-09-04T17:22:14.494749	0.00000000e+00	1	45	-2.67506000e-05	2.44522000e-04	-1.80156000e+00	-2.45310000e-04
2.32321385e+02	2026-09-04T17:22:14.534750	0.00000000e+00	1	45	-3.28541000e-05	2.45442000e-04	-1.85161000e+00	-2.48027000e-04
2.32329315e+02	2026-09-04T17:22:14.544942	0.00000000e+00	1	45	-2.38657000e-05	2.69619000e-04	-1.90163000e+00	-2.70359000e-04
2.32343828e+02	2026-09-04T17:22:14.560422	0.00000000e+00	1	45	-3.00646000e-05	2.94404000e-04	-1.95169000e+00	-2.89959000e-04
2.32351772e+02	2026-09-04T17:22:14.564893	0.00000000e+00	1	45	-2.67506000e-05	3.13967000e-04	-2.00169000e+00	-3.18994000e-04
2.32381607e+02	2026-09-04T17:22:14.595080	0.00000000e+00	1	45	-3.24965000e-05	3.24630000e-04	-2.00169000e+00	-3.25759000e-04
2.32420480e+02	2026-09-04T17:22:14.635051	0.00000000e+00	1	45	-2.96116000e-05	2.89511000e-04	-1.95168000e+00	-2.91478000e-04
2.32438963e+02	2026-09-04T17:22:14.654842	0.00000000e+00	1	45	-2.08139000e-05	2.71382000e-04	-1.90163000e+00	-2.71769000e-04
2.32453818e+02	2026-09-04T17:22:14.670036	0.00000000e+00	1	45	-2.73705000e-05	2.52269000e-04	-1.85161000e+00	-2.57260000e-04
2.32486043e+02	2026-09-04T17:22:14.699833	0.00000000e+00	1	45	-2.67506000e-05	2.37000000e-04	-1.80156000e+00	-2.39124000e-04
2.32536746e+02	2026-09-04T17:22:14.752727	0.00000000e+00	1	45	-2.24352000e-05	2.15963000e-04	-1.75153000e+00	-2.17035000e-04
2.32544460e+02	2026-09-04T17:22:14.754739	0.00000000e+00	1	45	-2.33173000e-05	2.02062000e-04	-1.70149000e+00	-2.03069000e-04
2.32568075e+02	2026-09-04T17:22:14.784649	0.00000000e+00	1	45	-3.11613000e-05	1.86500000e-04	-1.65147000e+00	-1.84213000e-04
2.32620404e+02	2026-09-04T17:22:14.836446	0.00000000e+00	1	45	-3.25918000e-05	1.70760000e-04	-1.60141000e+00	-1.70232000e-04
2.32628366e+02	2026-09-04T17:22:14.844969	0.00000000e+00	1	45	-2.61068000e-05	1.56693000e-04	-1.55140000e+00	-1.56947000e-04
2.32661510e+02	2026-09-04T17:22:14.874687	0.00000000e+00	1	45	-3.05176000e-05	1.43273000e-04	-1.50134000e+00	-1.43478000e-04
2.32687251e+02	2026-09-04T17:22:14.895001	0.00000000e+00	1	45	-2.59399000e-05	1.32841000e-04	-1.45134000e+00	-1.31434000e-04
2.32709564e+02	2026-09-04T17:22:14.925430	0.00000000e+00	1	45	-2.05517000e-05	1.21936000e-04	-1.40125000e+00	-1.21518000e-04
2.32717250e+02	2026-09-04T17:22:14.925430	0.00000000e+00	1	45	-2.83718000e-05	1.10462000e-04	-1.35125000e+00	-1.10946000e-04
2.32747828e+02	2026-09-04T17:22:14.963134	0.00000000e+00	1	45	-2.07186000e-05	1.01037000e-04	-1.30119000e+00	-1.00925000e-04
2.32794576e+02	2026-09-04T17:22:15.004927	0.00000000e+00	1	45	-3.04222000e-05	9.13660000e-05	-1.25117000e+00	-9.10310000e-05
2.32820050e+02	2026-09-04T17:22:15.034808	0.00000000e+00	1	45	-2.62976000e-05	8.27159000e-05	-1.20114000e+00	-8.26767000e-05
2.32827787e+02	2026-09-04T17:22:15.034808	0.00000000e+00	1	45	-2.68459000e-05	7.38916000e-05	-1.15109000e+00	-7.38624000e-05
2.32849760e+02	2026-09-04T17:22:15.065010	0.00000000e+00	1	45	-2.27928000e-05	6.58298000e-05	-1.10102000e+00	-6.62453000e-05
2.32863421e+02	2026-09-04T17:22:15.078310	0.00000000e+00	1	45	-2.51293000e-05	5.87369000e-05	-1.05096000e+00	-5.81672000e-05
2.32903473e+02	2026-09-04T17:22:15.115040	0.00000000e+00	1	45	-2.26021000e-05	5.16260000e-05	-1.00095000e+00	-5.13867000e-05
2.32924688e+02	2026-09-04T17:22:15.140944	0.00000000e+00	1	45	-2.55823000e-05	4.47680000e-05	-9.50898000e-01	-4.46726000e-05
2.32953961e+02	2026-09-04T17:22:15.170304	0.00000000e+00	1	45	-1.82867000e-05	3.87312000e-05	-9.00872000e-01	-3.84451000e-05
2.32989462e+02	2026-09-04T17:22:15.204901	0.00000000e+00	1	45	-2.70128000e-05	3.29783000e-05	-8.50795000e-01	-3.28339000e-05
2.33000502e+02	2026-09-04T17:22:15.214882	0.00000000e+00	1	45	-2.86341000e-05	2.80684000e-05	-8.00792000e-01	-2.80021000e-05
2.33008991e+02	2026-09-04T17:22:15.225361	0.00000000e+00	1	45	-2.25306000e-05	2.36587000e-05	-7.50741000e-01	-2.35786000e-05
2.33023976e+02	2026-09-04T17:22:15.240295	0.00000000e+00	1	45	-2.51293000e-05	1.95925000e-05	-7.00716000e-01	-1.95393000e-05
2.33034924e+02	2026-09-04T17:22:15.250977	0.00000000e+00	1	45	-2.98023000e-05	1.60896000e-05	-6.50635000e-01	-1.58124000e-05
2.33065435e+02	2026-09-04T17:22:15.281187	0.00000000e+00	1	45	-2.49386000e-05	1.31183000e-05	-6.00608000e-01	-1.30521000e-05
2.33095078e+02	2026-09-04T17:22:15.310768	0.00000000e+00	1	45	-2.69175000e-05	1.07317000e-05	-5.50559000e-01	-1.07184000e-05
2.33112937e+02	2026-09-04T17:22:15.325726	0.00000000e+00	1	45	-7.51019000e-06	8.58507000e-06	-5.00545000e-01	-8.40555000e-06
2.33135596e+02	2026-09-04T17:22:15.352013	0.00000000e+00	1	45	-3.11613000e-05	6.70167000e-06	-4.50445000e-01	-6.66784000e-06
2.33166180e+02	2026-09-04T17:22:15.382761	0.00000000e+00	1	45	-2.64645000e-05	5.26519000e-06	-4.00467000e-01	-5.28829000e-06
2.33182147e+02	2026-09-04T17:22:15.398552	0.00000000e+00	1	45	-2.52962000e-05	3.95378000e-06	-3.50406000e-01	-3.94148000e-06
2.33214469e+02	2026-09-04T17:22:15.430509	0.00000000e+00	1	45	-2.75612000e-05	2.94960000e-06	-3.00331000e-01	-2.94903000e-06
2.33222304e+02	2026-09-04T17:22:15.434846	0.00000000e+00	1	45	-2.38657000e-05	2.18960000e-06	-2.50309000e-01	-2.18510000e-06
2.33244330e+02	2026-09-04T17:22:15.460758	0.00000000e+00	1	45	-2.47717000e-05	1.61070000e-06	-2.00153000e-01	-1.59163000e-06
2.33270628e+02	2026-09-04T17:22:15.486248	0.00000000e+00	1	45	-2.87294000e-05	1.09522000e-06	-1.50118000e-01	-1.10825000e-06
2.33294155e+02	2026-09-04T17:22:15.504825	0.00000000e+00	1	45	-2.52247000e-05	7.09069000e-07	-1.00070000e-01	-7.07590000e-07
2.33317859e+02	2026-09-04T17:22:15.533769	0.00000000e+00	1	45	-2.63929000e-05	3.22814000e-07	-5.00281000e-02	-3.28580000e-07
2.33326252e+02	2026-09-04T17:22:15.534782	0.00000000e+00	1	45	-2.62022000e-05	-2.87640000e-10	-7.96318000e-06	-1.38521000e-11
2.36827932e+02	2026-09-04T17:22:19.043350	0.00000000e+00	1	46	-2.05517000e-05	-4.94766000e-09	-1.88351000e-05	6.34314000e-09
2.36846551e+02	2026-09-04T17:22:19.063386	0.00000000e+00	1	46	-2.45810000e-05	7.30256000e-06	-5.00312000e-02	-7.37355000e-06
2.36875463e+02	2026-09-04T17:22:19.086957	0.00000000e+00	1	46	-1.62530000e-04	1.49247000e-05	-1.00025000e-01	-1.55367000e-05
2.36895745e+02	2026-09-04T17:22:19.112391	0.00000000e+00	1	46	-1.81913000e-05	2.67981000e-05	-1.50121000e-01	-2.69089000e-05
2.36912399e+02	2026-09-04T17:22:19.124910	0.00000000e+00	1	46	-1.60456000e-05	4.30552000e-05	-2.00158000e-01	-4.29916000e-05
2.36940308e+02	2026-09-04T17:22:19.155968	0.00000000e+00	1	46	-2.41280000e-05	6.56440000e-05	-2.50294000e-01	-6.50748000e-05
2.36960967e+02	2026-09-04T17:22:19.174896	0.00000000e+00	1	46	-2.55823000e-05	7.55089000e-05	-3.00366000e-01	-7.40971000e-05
2.36974916e+02	2026-09-04T17:22:19.190080	0.00000000e+00	1	46	-1.24455000e-05	9.56491000e-05	-3.50380000e-01	-9.45672000e-05
2.37003271e+02	2026-09-04T17:22:19.214841	0.00000000e+00	1	46	-2.23398000e-05	1.16797000e-04	-4.00453000e-01	-1.14266000e-04
2.37031330e+02	2026-09-04T17:22:19.245086	0.00000000e+00	1	46	-2.36988000e-05	1.38342000e-04	-4.50471000e-01	-1.38004000e-04
2.37039174e+02	2026-09-04T17:22:19.255980	0.00000000e+00	1	46	-2.22445000e-05	1.56793000e-04	-5.00505000e-01	-1.53977000e-04
2.37070882e+02	2026-09-04T17:22:19.284772	0.00000000e+00	1	46	-1.56879000e-05	1.39224000e-04	-5.50565000e-01	-1.36712000e-04
2.37111846e+02	2026-09-04T17:22:19.325047	0.00000000e+00	1	46	-9.65595000e-06	1.14776000e-04	-6.00633000e-01	-1.07632000e-04
2.37119622e+02	2026-09-04T17:22:19.336188	0.00000000e+00	1	46	-1.88351000e-05	1.01863000e-04	-6.50630000e-01	-9.72463000e-05
2.37129689e+02	2026-09-04T17:22:19.344991	0.00000000e+00	1	46	-1.64986000e-05	9.38910000e-05	-7.00695000e-01	-9.14108000e-05
2.37153911e+02	2026-09-04T17:22:19.370007	0.00000000e+00	1	46	-2.54869000e-05	8.92349000e-05	-7.50748000e-01	-8.61927000e-05
2.37180017e+02	2026-09-04T17:22:19.395052	0.00000000e+00	1	46	-2.10762000e-05	9.30956000e-05	-8.00794000e-01	-8.94766000e-05
2.37209800e+02	2026-09-04T17:22:19.424809	0.00000000e+00	1	46	-1.97411000e-05	9.49710000e-05	-8.50818000e-01	-9.00984000e-05
2.37233385e+02	2026-09-04T17:22:19.449550	0.00000000e+00	1	46	-1.65939000e-05	8.67645000e-05	-9.00885000e-01	-8.63297000e-05
2.37258517e+02	2026-09-04T17:22:19.474829	0.00000000e+00	1	46	-1.67608000e-05	9.23853000e-05	-9.50909000e-01	-8.91271000e-05
2.37302967e+02	2026-09-04T17:22:19.514629	0.00000000e+00	1	46	-2.03609000e-05	9.78421000e-05	-1.00096000e+00	-9.59041000e-05
2.37311637e+02	2026-09-04T17:22:19.528463	0.00000000e+00	1	46	-2.04563000e-05	9.80416000e-05	-1.05098000e+00	-9.61177000e-05
2.37360687e+02	2026-09-04T17:22:19.576460	0.00000000e+00	1	46	-7.15256000e-06	1.04170000e-04	-1.10104000e+00	-9.91824000e-05
2.37412116e+02	2026-09-04T17:22:19.624866	0.00000000e+00	1	46	-1.36137000e-05	1.07282000e-04	-1.15110000e+00	-1.01368000e-04
2.37422440e+02	2026-09-04T17:22:19.634832	0.00000000e+00	1	46	-1.56879000e-05	1.15941000e-04	-1.20111000e+00	-1.09560000e-04
2.37458873e+02	2026-09-04T17:22:19.674827	0.00000000e+00	1	46	-2.65598000e-05	1.17863000e-04	-1.25115000e+00	-1.15808000e-04
2.37490046e+02	2026-09-04T17:22:19.704852	0.00000000e+00	1	46	-1.81913000e-05	1.22841000e-04	-1.30120000e+00	-1.25563000e-04
2.37498054e+02	2026-09-04T17:22:19.714679	0.00000000e+00	1	46	-2.00987000e-05	1.35338000e-04	-1.35127000e+00	-1.32156000e-04
2.37518060e+02	2026-09-04T17:22:19.734674	0.00000000e+00	1	46	-2.36988000e-05	1.35251000e-04	-1.40125000e+00	-1.31182000e-04
2.37543837e+02	2026-09-04T17:22:19.756834	0.00000000e+00	1	46	-2.56777000e-05	1.45310000e-04	-1.45132000e+00	-1.46797000e-04
2.37572558e+02	2026-09-04T17:22:19.784732	0.00000000e+00	1	46	-2.03609000e-05	1.56532000e-04	-1.50135000e+00	-1.51156000e-04
2.37601283e+02	2026-09-04T17:22:19.814810	0.00000000e+00	1	46	-1.89304000e-05	1.70902000e-04	-1.55141000e+00	-1.66313000e-04
2.37608947e+02	2026-09-04T17:22:19.825090	0.00000000e+00	1	46	-2.65598000e-05	1.71958000e-04	-1.60141000e+00	-1.71196000e-04
2.37628426e+02	2026-09-04T17:22:19.844691	0.00000000e+00	1	46	-2.14338000e-05	1.87877000e-04	-1.65144000e+00	-1.89752000e-04
2.37659605e+02	2026-09-04T17:22:19.875844	0.00000000e+00	1	46	-2.28882000e-05	2.04336000e-04	-1.70147000e+00	-1.93497000e-04
2.37707230e+02	2026-09-04T17:22:19.923128	0.00000000e+00	1	46	-2.75612000e-05	2.20335000e-04	-1.75154000e+00	-2.20092000e-04
2.37715128e+02	2026-09-04T17:22:19.924635	0.00000000e+00	1	46	-1.71185000e-05	2.36101000e-04	-1.80154000e+00	-2.37515000e-04
2.37767033e+02	2026-09-04T17:22:19.981552	0.00000000e+00	1	46	-2.07186000e-05	2.45204000e-04	-1.85160000e+00	-2.46262000e-04
2.37782517e+02	2026-09-04T17:22:19.994894	0.00000000e+00	1	46	-1.87397000e-05	2.75033000e-04	-1.90166000e+00	-2.75254000e-04
2.37811887e+02	2026-09-04T17:22:20.027974	0.00000000e+00	1	46	-2.58446000e-05	2.99760000e-04	-1.95168000e+00	-2.96321000e-04
2.37819568e+02	2026-09-04T17:22:20.036207	0.00000000e+00	1	46	-2.01702000e-05	3.31663000e-04	-2.00171000e+00	-3.31780000e-04
2.37826543e+02	2026-09-04T17:22:20.042797	0.00000000e+00	1	46	-2.88963000e-05	3.39685000e-04	-2.00171000e+00	-3.29936000e-04
2.37866675e+02	2026-09-04T17:22:20.076697	0.00000000e+00	1	46	-2.45810000e-05	3.00021000e-04	-1.95169000e+00	-2.98929000e-04
2.37883768e+02	2026-09-04T17:22:20.094980	0.00000000e+00	1	46	-2.45810000e-05	2.79817000e-04	-1.90164000e+00	-2.82142000e-04
2.37912389e+02	2026-09-04T17:22:20.125688	0.00000000e+00	1	46	-2.34127000e-05	2.65600000e-04	-1.85161000e+00	-2.63657000e-04
2.37931319e+02	2026-09-04T17:22:20.144777	0.00000000e+00	1	46	-2.00987000e-05	2.44149000e-04	-1.80155000e+00	-2.45368000e-04
2.37939055e+02	2026-09-04T17:22:20.154809	0.00000000e+00	1	46	-1.53303000e-05	2.28017000e-04	-1.75154000e+00	-2.27064000e-04
2.37966389e+02	2026-09-04T17:22:20.174946	0.00000000e+00	1	46	-1.91927000e-05	2.11106000e-04	-1.70150000e+00	-2.08978000e-04
2.38003465e+02	2026-09-04T17:22:20.214869	0.00000000e+00	1	46	-2.15292000e-05	1.93645000e-04	-1.65149000e+00	-1.92530000e-04
2.38025688e+02	2026-09-04T17:22:20.237670	0.00000000e+00	1	46	-2.95401000e-05	1.78687000e-04	-1.60143000e+00	-1.78794000e-04
2.38045799e+02	2026-09-04T17:22:20.258171	0.00000000e+00	1	46	-2.39611000e-05	1.64087000e-04	-1.55140000e+00	-1.64233000e-04
2.38095745e+02	2026-09-04T17:22:20.309757	0.00000000e+00	1	46	-2.28882000e-05	1.50918000e-04	-1.50136000e+00	-1.49794000e-04
2.38104933e+02	2026-09-04T17:22:20.320221	0.00000000e+00	1	46	-1.96457000e-05	1.37464000e-04	-1.45132000e+00	-1.36974000e-04
2.38112860e+02	2026-09-04T17:22:20.324874	0.00000000e+00	1	46	-1.40667000e-05	1.25699000e-04	-1.40125000e+00	-1.25702000e-04
2.38130352e+02	2026-09-04T17:22:20.345086	0.00000000e+00	1	46	-1.92881000e-05	1.15452000e-04	-1.35127000e+00	-1.14082000e-04
2.38164678e+02	2026-09-04T17:22:20.381068	0.00000000e+00	1	46	-2.17199000e-05	1.02883000e-04	-1.30120000e+00	-1.02772000e-04
2.38191736e+02	2026-09-04T17:22:20.404685	0.00000000e+00	1	46	-1.49727000e-05	9.30343000e-05	-1.25118000e+00	-9.35747000e-05
2.38203812e+02	2026-09-04T17:22:20.414912	0.00000000e+00	1	46	-2.65598000e-05	8.47364000e-05	-1.20114000e+00	-8.47666000e-05
2.38211371e+02	2026-09-04T17:22:20.424796	0.00000000e+00	1	46	-2.14338000e-05	7.56344000e-05	-1.15110000e+00	-7.55856000e-05
2.38242298e+02	2026-09-04T17:22:20.458429	0.00000000e+00	1	46	-2.09808000e-05	6.70771000e-05	-1.10103000e+00	-6.69036000e-05
2.38283709e+02	2026-09-04T17:22:20.499808	0.00000000e+00	1	46	-2.09093000e-05	6.01044000e-05	-1.05097000e+00	-6.02948000e-05
2.38291791e+02	2026-09-04T17:22:20.504861	0.00000000e+00	1	46	-2.04563000e-05	5.29412000e-05	-1.00096000e+00	-5.40182000e-05
2.38335114e+02	2026-09-04T17:22:20.551305	0.00000000e+00	1	46	-1.72138000e-05	4.69249000e-05	-9.50913000e-01	-4.70111000e-05
2.38349004e+02	2026-09-04T17:22:20.564677	0.00000000e+00	1	46	-2.17199000e-05	4.07684000e-05	-9.00864000e-01	-4.05058000e-05
2.38382292e+02	2026-09-04T17:22:20.598210	0.00000000e+00	1	46	-1.60456000e-05	3.50971000e-05	-8.50835000e-01	-3.49083000e-05
2.38390954e+02	2026-09-04T17:22:20.605089	0.00000000e+00	1	46	-1.80244000e-05	2.99181000e-05	-8.00805000e-01	-3.00922000e-05
2.38399581e+02	2026-09-04T17:22:20.614810	0.00000000e+00	1	46	-1.85728000e-05	2.52813000e-05	-7.50756000e-01	-2.53827000e-05
2.38428402e+02	2026-09-04T17:22:20.645074	0.00000000e+00	1	46	-2.18868000e-05	2.13227000e-05	-7.00686000e-01	-2.10948000e-05
2.38456998e+02	2026-09-04T17:22:20.667263	0.00000000e+00	1	46	-1.38044000e-05	1.77132000e-05	-6.50661000e-01	-1.77364000e-05
2.38475951e+02	2026-09-04T17:22:20.687005	0.00000000e+00	1	46	-2.11716000e-05	1.50781000e-05	-6.00612000e-01	-1.52072000e-05
2.38499182e+02	2026-09-04T17:22:20.714956	0.00000000e+00	1	46	-2.25306000e-05	1.20710000e-05	-5.50578000e-01	-1.22100000e-05
2.38530421e+02	2026-09-04T17:22:20.746549	0.00000000e+00	1	46	-3.55244000e-06	9.89233000e-06	-5.00502000e-01	-1.00796000e-05
2.38560404e+02	2026-09-04T17:22:20.774807	0.00000000e+00	1	46	-1.90973000e-05	7.99589000e-06	-4.50456000e-01	-7.87717000e-06
2.38582997e+02	2026-09-04T17:22:20.794752	0.00000000e+00	1	46	-1.89304000e-05	6.39956000e-06	-4.00467000e-01	-6.31471000e-06
2.38601180e+02	2026-09-04T17:22:20.814632	0.00000000e+00	1	46	-2.24352000e-05	4.91344000e-06	-3.50401000e-01	-4.82394000e-06
2.38652033e+02	2026-09-04T17:22:20.865105	0.00000000e+00	1	46	-1.90020000e-05	3.61253000e-06	-3.00380000e-01	-3.52011000e-06
2.38661088e+02	2026-09-04T17:22:20.875095	0.00000000e+00	1	46	-2.36988000e-05	2.62890000e-06	-2.50316000e-01	-2.64274000e-06
2.38668819e+02	2026-09-04T17:22:20.884766	0.00000000e+00	1	46	-2.04563000e-05	1.91246000e-06	-2.00161000e-01	-1.93426000e-06
2.38688815e+02	2026-09-04T17:22:20.905008	0.00000000e+00	1	46	-1.42574000e-05	1.31688000e-06	-1.50117000e-01	-1.30885000e-06
2.38747018e+02	2026-09-04T17:22:20.963377	0.00000000e+00	1	46	-1.81913000e-05	7.89062000e-07	-1.00076000e-01	-7.83675000e-07
2.38772365e+02	2026-09-04T17:22:20.984966	0.00000000e+00	1	46	-2.17915000e-05	3.77556000e-07	-5.00285000e-02	-3.81064000e-07
2.38784583e+02	2026-09-04T17:22:21.000319	0.00000000e+00	1	46	-2.32458000e-05	-2.35462000e-10	-1.63317000e-05	7.18951000e-11
2.41942610e+02	2026-09-04T17:22:24.155077	0.00000000e+00	1	47	-2.56777000e-05	-6.27137000e-09	-6.60419000e-06	6.56815000e-09
2.41957409e+02	2026-09-04T17:22:24.165138	0.00000000e+00	1	47	-3.13282000e-05	6.15516000e-06	-5.00340000e-02	-6.15836000e-06
2.41975092e+02	2026-09-04T17:22:24.189177	0.00000000e+00	1	47	-8.36611000e-05	1.34132000e-05	-1.00034000e-01	-1.33783000e-05
2.41999147e+02	2026-09-04T17:22:24.214935	0.00000000e+00	1	47	-2.97070000e-05	2.24444000e-05	-1.50123000e-01	-2.24319000e-05
2.42007083e+02	2026-09-04T17:22:24.218451	0.00000000e+00	1	47	-2.15292000e-05	3.53111000e-05	-2.00158000e-01	-3.52620000e-05
2.42029492e+02	2026-09-04T17:22:24.244896	0.00000000e+00	1	47	-2.94447000e-05	5.35188000e-05	-2.50302000e-01	-5.34040000e-05
2.42048952e+02	2026-09-04T17:22:24.264933	0.00000000e+00	1	47	-2.87294000e-05	7.70730000e-05	-3.00349000e-01	-7.70353000e-05
2.42068117e+02	2026-09-04T17:22:24.275069	0.00000000e+00	1	47	-3.23296000e-05	1.01709000e-04	-3.50407000e-01	-9.95590000e-05
2.42098491e+02	2026-09-04T17:22:24.314702	0.00000000e+00	1	47	-3.10659000e-05	1.30614000e-04	-4.00463000e-01	-1.29841000e-04
2.42121650e+02	2026-09-04T17:22:24.337727	0.00000000e+00	1	47	-3.31402000e-05	1.54613000e-04	-4.50464000e-01	-1.46880000e-04
2.42187435e+02	2026-09-04T17:22:24.401800	0.00000000e+00	1	47	-3.61919000e-05	1.51266000e-04	-5.00533000e-01	-1.50425000e-04
2.42195298e+02	2026-09-04T17:22:24.404793	0.00000000e+00	1	47	-2.37703000e-05	1.60142000e-04	-5.50566000e-01	-1.51287000e-04
2.42217194e+02	2026-09-04T17:22:24.433366	0.00000000e+00	1	47	-3.39508000e-05	1.21749000e-04	-6.00616000e-01	-1.15913000e-04
2.42249522e+02	2026-09-04T17:22:24.464915	0.00000000e+00	1	47	-1.78337000e-05	1.18626000e-04	-6.50673000e-01	-1.01081000e-04
2.42289288e+02	2026-09-04T17:22:24.505014	0.00000000e+00	1	47	-2.47717000e-05	1.10317000e-04	-7.00694000e-01	-1.08584000e-04
2.42312633e+02	2026-09-04T17:22:24.528397	0.00000000e+00	1	47	-2.87294000e-05	9.90231000e-05	-7.50743000e-01	-1.03424000e-04
2.42350034e+02	2026-09-04T17:22:24.564943	0.00000000e+00	1	47	-3.09706000e-05	8.79680000e-05	-8.00791000e-01	-8.69676000e-05
2.42384909e+02	2026-09-04T17:22:24.600086	0.00000000e+00	1	47	-2.58446000e-05	9.98539000e-05	-8.50813000e-01	-1.01088000e-04
2.42407969e+02	2026-09-04T17:22:24.624678	0.00000000e+00	1	47	-2.33173000e-05	1.02263000e-04	-9.00868000e-01	-9.99477000e-05
2.42438291e+02	2026-09-04T17:22:24.654829	0.00000000e+00	1	47	-2.99931000e-05	9.83174000e-05	-9.50912000e-01	-9.83404000e-05
2.42477092e+02	2026-09-04T17:22:24.688442	0.00000000e+00	1	47	-2.51293000e-05	1.01413000e-04	-1.00094000e+00	-9.70545000e-05
2.42486823e+02	2026-09-04T17:22:24.694791	0.00000000e+00	1	47	-3.51191000e-05	1.12362000e-04	-1.05100000e+00	-1.03239000e-04
2.42496906e+02	2026-09-04T17:22:24.712488	0.00000000e+00	1	47	-3.67165000e-05	1.11168000e-04	-1.10106000e+00	-1.14441000e-04
2.42520936e+02	2026-09-04T17:22:24.736746	0.00000000e+00	1	47	-3.14236000e-05	1.10929000e-04	-1.15110000e+00	-1.08234000e-04
2.42586116e+02	2026-09-04T17:22:24.801322	0.00000000e+00	1	47	-3.45707000e-05	1.17952000e-04	-1.20113000e+00	-1.19958000e-04
2.42594065e+02	2026-09-04T17:22:24.804762	0.00000000e+00	1	47	-3.44753000e-05	1.31790000e-04	-1.25118000e+00	-1.27333000e-04
2.42633398e+02	2026-09-04T17:22:24.848737	0.00000000e+00	1	47	-3.02553000e-05	1.26287000e-04	-1.30119000e+00	-1.21045000e-04
2.42678754e+02	2026-09-04T17:22:24.894736	0.00000000e+00	1	47	-3.67165000e-05	1.28180000e-04	-1.35128000e+00	-1.27936000e-04
2.42715089e+02	2026-09-04T17:22:24.928681	0.00000000e+00	1	47	-3.33071000e-05	1.40178000e-04	-1.40128000e+00	-1.42689000e-04
2.42767668e+02	2026-09-04T17:22:24.976953	0.00000000e+00	1	47	-3.10659000e-05	1.50387000e-04	-1.45134000e+00	-1.50741000e-04
2.42775343e+02	2026-09-04T17:22:24.984933	0.00000000e+00	1	47	-3.84331000e-05	1.65681000e-04	-1.50136000e+00	-1.55589000e-04
2.42824934e+02	2026-09-04T17:22:25.040584	0.00000000e+00	1	47	-3.06129000e-05	1.76483000e-04	-1.55140000e+00	-1.70430000e-04
2.42852847e+02	2026-09-04T17:22:25.064913	0.00000000e+00	1	47	-3.42131000e-05	1.80693000e-04	-1.60142000e+00	-1.77293000e-04
2.42877800e+02	2026-09-04T17:22:25.089010	0.00000000e+00	1	47	-3.42131000e-05	1.94711000e-04	-1.65149000e+00	-1.93566000e-04
2.42886474e+02	2026-09-04T17:22:25.099546	0.00000000e+00	1	47	-3.86238000e-05	2.02473000e-04	-1.70152000e+00	-2.01250000e-04
2.42916108e+02	2026-09-04T17:22:25.130774	0.00000000e+00	1	47	-3.13282000e-05	2.17633000e-04	-1.75155000e+00	-2.17944000e-04
2.42943897e+02	2026-09-04T17:22:25.155010	0.00000000e+00	1	47	-3.51906000e-05	2.40792000e-04	-1.80156000e+00	-2.37356000e-04
2.42961435e+02	2026-09-04T17:22:25.174890	0.00000000e+00	1	47	-3.35693000e-05	2.53585000e-04	-1.85163000e+00	-2.50550000e-04
2.42984382e+02	2026-09-04T17:22:25.200230	0.00000000e+00	1	47	-3.48330000e-05	2.67474000e-04	-1.90163000e+00	-2.65754000e-04
2.43014174e+02	2026-09-04T17:22:25.225026	0.00000000e+00	1	47	-3.53813000e-05	2.91582000e-04	-1.95169000e+00	-2.90040000e-04
2.43055356e+02	2026-09-04T17:22:25.265242	0.00000000e+00	1	47	-3.28541000e-05	3.16488000e-04	-2.00170000e+00	-3.18388000e-04
2.43062075e+02	2026-09-04T17:22:25.274980	0.00000000e+00	1	47	-3.55482000e-05	3.20277000e-04	-2.00169000e+00	-3.18758000e-04
2.43104118e+02	2026-09-04T17:22:25.314981	0.00000000e+00	1	47	-3.43800000e-05	2.92496000e-04	-1.95169000e+00	-2.92765000e-04
2.43133829e+02	2026-09-04T17:22:25.345129	0.00000000e+00	1	47	-4.20332000e-05	2.67642000e-04	-1.90163000e+00	-2.69888000e-04
2.43152343e+02	2026-09-04T17:22:25.365053	0.00000000e+00	1	47	-4.50850000e-05	2.51251000e-04	-1.85162000e+00	-2.52464000e-04
2.43174699e+02	2026-09-04T17:22:25.390456	0.00000000e+00	1	47	-3.56436000e-05	2.33287000e-04	-1.80157000e+00	-2.34641000e-04
2.43233534e+02	2026-09-04T17:22:25.444764	0.00000000e+00	1	47	-4.00543000e-05	2.16289000e-04	-1.75155000e+00	-2.18131000e-04
2.43245333e+02	2026-09-04T17:22:25.458353	0.00000000e+00	1	47	-3.66449000e-05	2.02957000e-04	-1.70150000e+00	-2.03618000e-04
2.43253453e+02	2026-09-04T17:22:25.470085	0.00000000e+00	1	47	-3.72648000e-05	1.89179000e-04	-1.65148000e+00	-1.88412000e-04
2.43292074e+02	2026-09-04T17:22:25.504864	0.00000000e+00	1	47	-3.70026000e-05	1.74828000e-04	-1.60142000e+00	-1.75260000e-04
2.43314878e+02	2026-09-04T17:22:25.525118	0.00000000e+00	1	47	-3.86238000e-05	1.59310000e-04	-1.55141000e+00	-1.58370000e-04
2.43345403e+02	2026-09-04T17:22:25.555345	0.00000000e+00	1	47	-3.24965000e-05	1.46608000e-04	-1.50137000e+00	-1.45677000e-04
2.43364514e+02	2026-09-04T17:22:25.580816	0.00000000e+00	1	47	-3.36647000e-05	1.33373000e-04	-1.45134000e+00	-1.33559000e-04
2.43386766e+02	2026-09-04T17:22:25.596846	0.00000000e+00	1	47	-4.04119000e-05	1.22664000e-04	-1.40126000e+00	-1.23277000e-04
2.43429507e+02	2026-09-04T17:22:25.645156	0.00000000e+00	1	47	-3.62873000e-05	1.11843000e-04	-1.35127000e+00	-1.11174000e-04
2.43461586e+02	2026-09-04T17:22:25.677228	0.00000000e+00	1	47	-3.70026000e-05	1.01583000e-04	-1.30121000e+00	-1.01749000e-04
2.43476993e+02	2026-09-04T17:22:25.692996	0.00000000e+00	1	47	-3.90768000e-05	9.21234000e-05	-1.25117000e+00	-9.21316000e-05
2.43522518e+02	2026-09-04T17:22:25.734637	0.00000000e+00	1	47	-3.58343000e-05	8.44722000e-05	-1.20110000e+00	-8.40196000e-05
2.43539431e+02	2026-09-04T17:22:25.754969	0.00000000e+00	1	47	-4.14848000e-05	7.57473000e-05	-1.15111000e+00	-7.56569000e-05
2.43584693e+02	2026-09-04T17:22:25.798663	0.00000000e+00	1	47	-3.70026000e-05	6.72870000e-05	-1.10104000e+00	-6.74900000e-05
2.43599753e+02	2026-09-04T17:22:25.815014	0.00000000e+00	1	47	-3.99590000e-05	5.99443000e-05	-1.05099000e+00	-6.01254000e-05
2.43636729e+02	2026-09-04T17:22:25.852817	0.00000000e+00	1	47	-3.55482000e-05	5.33954000e-05	-1.00097000e+00	-5.32548000e-05
2.43644450e+02	2026-09-04T17:22:25.854923	0.00000000e+00	1	47	-3.93391000e-05	4.66985000e-05	-9.50936000e-01	-4.70209000e-05
2.43652108e+02	2026-09-04T17:22:25.868493	0.00000000e+00	1	47	-3.49283000e-05	4.12975000e-05	-9.00882000e-01	-4.09959000e-05
2.43681060e+02	2026-09-04T17:22:25.894790	0.00000000e+00	1	47	-3.15189000e-05	3.56708000e-05	-8.50797000e-01	-3.54343000e-05
2.43696768e+02	2026-09-04T17:22:25.911084	0.00000000e+00	1	47	-3.91483000e-05	3.02388000e-05	-8.00798000e-01	-2.99327000e-05
2.43726858e+02	2026-09-04T17:22:25.935155	0.00000000e+00	1	47	-4.32014000e-05	2.58911000e-05	-7.50757000e-01	-2.59612000e-05
2.43748148e+02	2026-09-04T17:22:25.964955	0.00000000e+00	1	47	-3.33071000e-05	2.16139000e-05	-7.00721000e-01	-2.13866000e-05
2.43773277e+02	2026-09-04T17:22:25.984822	0.00000000e+00	1	47	-3.23296000e-05	1.80983000e-05	-6.50649000e-01	-1.80786000e-05
2.43791277e+02	2026-09-04T17:22:26.004751	0.00000000e+00	1	47	-3.35693000e-05	1.48746000e-05	-6.00598000e-01	-1.45248000e-05
2.43828701e+02	2026-09-04T17:22:26.044791	0.00000000e+00	1	47	-3.15905000e-05	1.18454000e-05	-5.50564000e-01	-1.19083000e-05
2.43836451e+02	2026-09-04T17:22:26.044791	0.00000000e+00	1	47	-2.37703000e-05	9.76251000e-06	-5.00539000e-01	-9.74818000e-06
2.43867284e+02	2026-09-04T17:22:26.076418	0.00000000e+00	1	47	-4.41074000e-05	7.73405000e-06	-4.50455000e-01	-7.72212000e-06
2.43899582e+02	2026-09-04T17:22:26.115061	0.00000000e+00	1	47	-4.37498000e-05	6.01533000e-06	-4.00484000e-01	-6.07360000e-06
2.43917287e+02	2026-09-04T17:22:26.129915	0.00000000e+00	1	47	-3.28541000e-05	4.56098000e-06	-3.50386000e-01	-4.59547000e-06
2.43939973e+02	2026-09-04T17:22:26.156175	0.00000000e+00	1	47	-3.29494000e-05	3.24320000e-06	-3.00361000e-01	-3.29828000e-06
2.43972792e+02	2026-09-04T17:22:26.188081	0.00000000e+00	1	47	-3.35693000e-05	2.55204000e-06	-2.50318000e-01	-2.51319000e-06
2.43995345e+02	2026-09-04T17:22:26.205075	0.00000000e+00	1	47	-3.31402000e-05	1.73289000e-06	-2.00164000e-01	-1.73897000e-06
2.44018546e+02	2026-09-04T17:22:26.235148	0.00000000e+00	1	47	-3.67165000e-05	1.15161000e-06	-1.50126000e-01	-1.16953000e-06
2.44040308e+02	2026-09-04T17:22:26.254990	0.00000000e+00	1	47	-3.34024000e-05	7.36843000e-07	-1.00084000e-01	-7.20253000e-07
2.44076315e+02	2026-09-04T17:22:26.284825	0.00000000e+00	1	47	-3.97921000e-05	3.43559000e-07	-5.00360000e-02	-3.44962000e-07
2.44107790e+02	2026-09-04T17:22:26.315029	0.00000000e+00	1	47	-2.86341000e-05	-2.89667000e-10	-1.56879000e-05	9.68337000e-11
2.47590166e+02	2026-09-04T17:22:29.804826	0.00000000e+00	1	48	-2.52247000e-05	-6.51137000e-09	-1.83821000e-05	7.30125000e-09
2.47598679e+02	2026-09-04T17:22:29.815447	0.00000000e+00	1	48	-2.42233000e-05	8.15564000e-06	-5.00312000e-02	-8.13443000e-06
2.47633285e+02	2026-09-04T17:22:29.845053	0.00000000e+00	1	48	-1.01209000e-04	1.80214000e-05	-1.00024000e-01	-1.80402000e-05
2.47679876e+02	2026-09-04T17:22:29.894648	0.00000000e+00	1	48	-1.56879000e-05	3.12635000e-05	-1.50115000e-01	-3.12747000e-05
2.47699381e+02	2026-09-04T17:22:29.916053	0.00000000e+00	1	48	-2.04563000e-05	5.04850000e-05	-2.00157000e-01	-5.04418000e-05
2.47747489e+02	2026-09-04T17:22:29.963887	0.00000000e+00	1	48	-3.06129000e-05	7.82913000e-05	-2.50289000e-01	-7.58185000e-05
2.47777064e+02	2026-09-04T17:22:29.985052	0.00000000e+00	1	48	-2.52247000e-05	1.07315000e-04	-3.00349000e-01	-1.05500000e-04
2.47800638e+02	2026-09-04T17:22:30.014918	0.00000000e+00	1	48	-2.62022000e-05	1.37062000e-04	-3.50392000e-01	-1.35410000e-04
2.47808766e+02	2026-09-04T17:22:30.024687	0.00000000e+00	1	48	-2.30551000e-05	1.64381000e-04	-4.00471000e-01	-1.61575000e-04
2.47840191e+02	2026-09-04T17:22:30.054715	0.00000000e+00	1	48	-2.65598000e-05	1.76720000e-04	-4.50452000e-01	-1.74992000e-04
2.47885896e+02	2026-09-04T17:22:30.094870	0.00000000e+00	1	48	-2.12669000e-05	1.83764000e-04	-5.00525000e-01	-1.79915000e-04
2.47907843e+02	2026-09-04T17:22:30.123554	0.00000000e+00	1	48	-2.48671000e-05	1.67913000e-04	-5.50580000e-01	-1.65930000e-04
2.47915744e+02	2026-09-04T17:22:30.125071	0.00000000e+00	1	48	-2.42233000e-05	1.42381000e-04	-6.00635000e-01	-1.34946000e-04
2.47940106e+02	2026-09-04T17:22:30.155061	0.00000000e+00	1	48	-1.93834000e-05	1.16359000e-04	-6.50648000e-01	-1.16058000e-04
2.47960018e+02	2026-09-04T17:22:30.174861	0.00000000e+00	1	48	-1.98126000e-05	1.07334000e-04	-7.00708000e-01	-1.08224000e-04
2.47994776e+02	2026-09-04T17:22:30.205019	0.00000000e+00	1	48	-2.34127000e-05	1.13490000e-04	-7.50731000e-01	-1.09286000e-04
2.48018142e+02	2026-09-04T17:22:30.234815	0.00000000e+00	1	48	-2.94447000e-05	1.07270000e-04	-8.00803000e-01	-1.07513000e-04
2.48050059e+02	2026-09-04T17:22:30.266780	0.00000000e+00	1	48	-2.38657000e-05	1.10740000e-04	-8.50801000e-01	-1.03929000e-04
2.48089064e+02	2026-09-04T17:22:30.304797	0.00000000e+00	1	48	-1.59502000e-05	1.21359000e-04	-9.00873000e-01	-1.14518000e-04
2.48096855e+02	2026-09-04T17:22:30.304797	0.00000000e+00	1	48	-1.90973000e-05	1.16135000e-04	-9.50899000e-01	-1.08808000e-04
2.48145940e+02	2026-09-04T17:22:30.362000	0.00000000e+00	1	48	-1.97411000e-05	1.15431000e-04	-1.00098000e+00	-1.14616000e-04
2.48193860e+02	2026-09-04T17:22:30.409925	0.00000000e+00	1	48	-2.57492000e-05	1.17814000e-04	-1.05098000e+00	-1.13619000e-04
2.48210115e+02	2026-09-04T17:22:30.425978	0.00000000e+00	1	48	-2.44141000e-05	1.15082000e-04	-1.10105000e+00	-1.13015000e-04
2.48244079e+02	2026-09-04T17:22:30.458240	0.00000000e+00	1	48	-1.65939000e-05	1.15178000e-04	-1.15112000e+00	-1.13137000e-04
2.48273918e+02	2026-09-04T17:22:30.490063	0.00000000e+00	1	48	-2.35081000e-05	1.27248000e-04	-1.20111000e+00	-1.27933000e-04
2.48282113e+02	2026-09-04T17:22:30.494647	0.00000000e+00	1	48	-2.82764000e-05	1.31346000e-04	-1.25117000e+00	-1.32809000e-04
2.48306465e+02	2026-09-04T17:22:30.522014	0.00000000e+00	1	48	-2.32458000e-05	1.30354000e-04	-1.30120000e+00	-1.30698000e-04
2.48337827e+02	2026-09-04T17:22:30.553991	0.00000000e+00	1	48	-2.35081000e-05	1.33660000e-04	-1.35128000e+00	-1.38111000e-04
2.48371140e+02	2026-09-04T17:22:30.586131	0.00000000e+00	1	48	-1.61409000e-05	1.34298000e-04	-1.40128000e+00	-1.37513000e-04
2.48382488e+02	2026-09-04T17:22:30.596893	0.00000000e+00	1	48	-2.18868000e-05	1.57066000e-04	-1.45133000e+00	-1.55399000e-04
2.48391763e+02	2026-09-04T17:22:30.605142	0.00000000e+00	1	48	-1.66655000e-05	1.67491000e-04	-1.50136000e+00	-1.63486000e-04
2.48400148e+02	2026-09-04T17:22:30.614634	0.00000000e+00	1	48	-1.16348000e-05	1.76810000e-04	-1.55142000e+00	-1.70902000e-04
2.48429121e+02	2026-09-04T17:22:30.644714	0.00000000e+00	1	48	-1.64032000e-05	1.84129000e-04	-1.60141000e+00	-1.82739000e-04
2.48464483e+02	2026-09-04T17:22:30.674740	0.00000000e+00	1	48	-1.90973000e-05	1.97426000e-04	-1.65145000e+00	-1.95915000e-04
2.48487323e+02	2026-09-04T17:22:30.698030	0.00000000e+00	1	48	-2.19822000e-05	2.16724000e-04	-1.70151000e+00	-2.17335000e-04
2.48495814e+02	2026-09-04T17:22:30.708673	0.00000000e+00	1	48	-1.97411000e-05	2.28904000e-04	-1.75153000e+00	-2.27528000e-04
2.48548716e+02	2026-09-04T17:22:30.765062	0.00000000e+00	1	48	-2.16246000e-05	2.45325000e-04	-1.80154000e+00	-2.47672000e-04
2.48582306e+02	2026-09-04T17:22:30.794903	0.00000000e+00	1	48	-2.09808000e-05	2.65390000e-04	-1.85161000e+00	-2.65273000e-04
2.48605270e+02	2026-09-04T17:22:30.820255	0.00000000e+00	1	48	-1.85728000e-05	2.76852000e-04	-1.90163000e+00	-2.79100000e-04
2.48653310e+02	2026-09-04T17:22:30.865070	0.00000000e+00	1	48	-2.57492000e-05	3.07674000e-04	-1.95167000e+00	-3.11520000e-04
2.48663850e+02	2026-09-04T17:22:30.875096	0.00000000e+00	1	48	-1.90973000e-05	3.35089000e-04	-2.00170000e+00	-3.33833000e-04
2.48670595e+02	2026-09-04T17:22:30.884732	0.00000000e+00	1	48	-1.65939000e-05	3.40267000e-04	-2.00171000e+00	-3.32083000e-04
2.48690149e+02	2026-09-04T17:22:30.905828	0.00000000e+00	1	48	-1.87397000e-05	3.00276000e-04	-1.95167000e+00	-2.97146000e-04
2.48743683e+02	2026-09-04T17:22:30.954938	0.00000000e+00	1	48	-2.17199000e-05	2.76715000e-04	-1.90164000e+00	-2.77884000e-04
2.48769260e+02	2026-09-04T17:22:30.984984	0.00000000e+00	1	48	-1.79291000e-05	2.55568000e-04	-1.85163000e+00	-2.54390000e-04
2.48778221e+02	2026-09-04T17:22:30.994994	0.00000000e+00	1	48	-2.21491000e-05	2.36688000e-04	-1.80156000e+00	-2.35935000e-04
2.48805253e+02	2026-09-04T17:22:31.016498	0.00000000e+00	1	48	-2.16246000e-05	2.14952000e-04	-1.75153000e+00	-2.15058000e-04
2.48816044e+02	2026-09-04T17:22:31.032391	0.00000000e+00	1	48	-1.78337000e-05	1.97774000e-04	-1.70148000e+00	-1.99612000e-04
2.48864754e+02	2026-09-04T17:22:31.080435	0.00000000e+00	1	48	-2.00033000e-05	1.82900000e-04	-1.65149000e+00	-1.81438000e-04
2.48872951e+02	2026-09-04T17:22:31.084742	0.00000000e+00	1	48	-2.01702000e-05	1.68203000e-04	-1.60140000e+00	-1.68197000e-04
2.48896696e+02	2026-09-04T17:22:31.112367	0.00000000e+00	1	48	-1.07288000e-05	1.54266000e-04	-1.55139000e+00	-1.55341000e-04
2.48924135e+02	2026-09-04T17:22:31.135059	0.00000000e+00	1	48	-2.36988000e-05	1.41936000e-04	-1.50133000e+00	-1.42233000e-04
2.48944559e+02	2026-09-04T17:22:31.160505	0.00000000e+00	1	48	-1.92881000e-05	1.30165000e-04	-1.45133000e+00	-1.30185000e-04
2.48972390e+02	2026-09-04T17:22:31.185055	0.00000000e+00	1	48	-2.08139000e-05	1.19307000e-04	-1.40127000e+00	-1.19648000e-04
2.48998832e+02	2026-09-04T17:22:31.214912	0.00000000e+00	1	48	-2.45094000e-05	1.07844000e-04	-1.35126000e+00	-1.07959000e-04
2.49033659e+02	2026-09-04T17:22:31.245119	0.00000000e+00	1	48	-2.01702000e-05	9.74476000e-05	-1.30119000e+00	-9.70113000e-05
2.49049958e+02	2026-09-04T17:22:31.265747	0.00000000e+00	1	48	-2.44141000e-05	8.85652000e-05	-1.25116000e+00	-8.85383000e-05
2.49057849e+02	2026-09-04T17:22:31.272554	0.00000000e+00	1	48	-1.47820000e-05	7.97144000e-05	-1.20111000e+00	-7.97001000e-05
2.49065347e+02	2026-09-04T17:22:31.275123	0.00000000e+00	1	48	-1.35183000e-05	7.18756000e-05	-1.15110000e+00	-7.17297000e-05
2.49086716e+02	2026-09-04T17:22:31.303117	0.00000000e+00	1	48	-1.65939000e-05	6.41709000e-05	-1.10106000e+00	-6.40374000e-05
2.49119730e+02	2026-09-04T17:22:31.335109	0.00000000e+00	1	48	-1.81913000e-05	5.69146000e-05	-1.05098000e+00	-5.66010000e-05
2.49150767e+02	2026-09-04T17:22:31.366996	0.00000000e+00	1	48	-1.69516000e-05	5.03783000e-05	-1.00097000e+00	-5.06854000e-05
2.49172421e+02	2026-09-04T17:22:31.385040	0.00000000e+00	1	48	-1.72138000e-05	4.45219000e-05	-9.50889000e-01	-4.45484000e-05
2.49180050e+02	2026-09-04T17:22:31.394808	0.00000000e+00	1	48	-1.78337000e-05	3.84048000e-05	-9.00867000e-01	-3.81534000e-05
2.49207771e+02	2026-09-04T17:22:31.414938	0.00000000e+00	1	48	-1.31607000e-05	3.23316000e-05	-8.50811000e-01	-3.22297000e-05
2.49229818e+02	2026-09-04T17:22:31.445025	0.00000000e+00	1	48	-1.80244000e-05	2.75965000e-05	-8.00794000e-01	-2.74505000e-05
2.49256974e+02	2026-09-04T17:22:31.472703	0.00000000e+00	1	48	-1.73092000e-05	2.33353000e-05	-7.50740000e-01	-2.33081000e-05
2.49278958e+02	2026-09-04T17:22:31.494973	0.00000000e+00	1	48	-1.24455000e-05	1.97002000e-05	-7.00714000e-01	-1.97141000e-05
2.49305863e+02	2026-09-04T17:22:31.514815	0.00000000e+00	1	48	-2.45810000e-05	1.63692000e-05	-6.50650000e-01	-1.64011000e-05
2.49322186e+02	2026-09-04T17:22:31.535135	0.00000000e+00	1	48	-1.18256000e-05	1.33910000e-05	-6.00604000e-01	-1.32959000e-05
2.49348219e+02	2026-09-04T17:22:31.558445	0.00000000e+00	1	48	-1.12772000e-05	1.07517000e-05	-5.50566000e-01	-1.06745000e-05
2.49375016e+02	2026-09-04T17:22:31.590665	0.00000000e+00	1	48	-4.36306000e-06	8.65346000e-06	-5.00528000e-01	-8.52529000e-06
2.49402246e+02	2026-09-04T17:22:31.615065	0.00000000e+00	1	48	-2.56777000e-05	7.14416000e-06	-4.50468000e-01	-7.15742000e-06
2.49416454e+02	2026-09-04T17:22:31.624644	0.00000000e+00	1	48	-2.17915000e-05	5.76423000e-06	-4.00460000e-01	-5.77230000e-06
2.49438032e+02	2026-09-04T17:22:31.654812	0.00000000e+00	1	48	-1.93834000e-05	4.86590000e-06	-3.50386000e-01	-4.82523000e-06
2.49461867e+02	2026-09-04T17:22:31.675264	0.00000000e+00	1	48	-2.45810000e-05	3.84942000e-06	-3.00346000e-01	-4.04905000e-06
2.49469421e+02	2026-09-04T17:22:31.685851	0.00000000e+00	1	48	-2.22445000e-05	3.24151000e-06	-2.50326000e-01	-3.16524000e-06
2.49517848e+02	2026-09-04T17:22:31.733112	0.00000000e+00	1	48	-2.08139000e-05	2.48024000e-06	-2.00160000e-01	-2.46571000e-06
2.49549900e+02	2026-09-04T17:22:31.764890	0.00000000e+00	1	48	-2.37703000e-05	1.84877000e-06	-1.50123000e-01	-1.79136000e-06
2.49570436e+02	2026-09-04T17:22:31.785009	0.00000000e+00	1	48	-2.00033000e-05	1.10898000e-06	-1.00077000e-01	-1.09801000e-06
2.49578502e+02	2026-09-04T17:22:31.794718	0.00000000e+00	1	48	-1.42574000e-05	5.25377000e-07	-5.00344000e-02	-5.25319000e-07
2.49625869e+02	2026-09-04T17:22:31.834829	0.00000000e+00	1	48	-2.14338000e-05	-1.56462000e-10	-1.82152000e-05	3.20852000e-10
2.52958691e+02	2026-09-04T17:22:35.174880	0.00000000e+00	1	49	-2.27928000e-05	-6.42790000e-09	-1.46151000e-05	7.91487000e-09
2.52997987e+02	2026-09-04T17:22:35.204692	0.00000000e+00	1	49	-2.34127000e-05	7.36149000e-06	-5.00286000e-02	-7.34771000e-06
2.53015584e+02	2026-09-04T17:22:35.225148	0.00000000e+00	1	49	-1.48058000e-04	1.63664000e-05	-1.00021000e-01	-1.54457000e-05
2.53035992e+02	2026-09-04T17:22:35.252026	0.00000000e+00	1	49	-2.30551000e-05	2.59974000e-05	-1.50122000e-01	-2.56686000e-05
2.53090892e+02	2026-09-04T17:22:35.305061	0.00000000e+00	1	49	-2.01702000e-05	3.94384000e-05	-2.00154000e-01	-3.93427000e-05
2.53127345e+02	2026-09-04T17:22:35.342428	0.00000000e+00	1	49	-2.35081000e-05	6.00910000e-05	-2.50279000e-01	-5.95643000e-05
2.53148318e+02	2026-09-04T17:22:35.365082	0.00000000e+00	1	49	-1.95503000e-05	8.17988000e-05	-3.00337000e-01	-8.13426000e-05
2.53156159e+02	2026-09-04T17:22:35.365082	0.00000000e+00	1	49	-1.88351000e-05	1.11633000e-04	-3.50405000e-01	-1.06965000e-04
2.53190021e+02	2026-09-04T17:22:35.405081	0.00000000e+00	1	49	-2.07186000e-05	1.37996000e-04	-4.00451000e-01	-1.36131000e-04
2.53216621e+02	2026-09-04T17:22:35.426557	0.00000000e+00	1	49	-2.35081000e-05	1.62917000e-04	-4.50477000e-01	-1.62477000e-04
2.53226651e+02	2026-09-04T17:22:35.442661	0.00000000e+00	1	49	-1.64032000e-05	1.83338000e-04	-5.00509000e-01	-1.68112000e-04
2.53248179e+02	2026-09-04T17:22:35.464964	0.00000000e+00	1	49	-1.91927000e-05	1.84426000e-04	-5.50570000e-01	-1.78235000e-04
2.53256388e+02	2026-09-04T17:22:35.464964	0.00000000e+00	1	49	-2.38657000e-05	1.76044000e-04	-6.00612000e-01	-1.69405000e-04
2.53310039e+02	2026-09-04T17:22:35.524677	0.00000000e+00	1	49	-2.12669000e-05	1.31514000e-04	-6.50655000e-01	-1.23761000e-04
2.53345976e+02	2026-09-04T17:22:35.554700	0.00000000e+00	1	49	-2.04563000e-05	1.34602000e-04	-7.00716000e-01	-1.30976000e-04
2.53353750e+02	2026-09-04T17:22:35.570238	0.00000000e+00	1	49	-2.17199000e-05	1.30395000e-04	-7.50748000e-01	-1.17928000e-04
2.53399164e+02	2026-09-04T17:22:35.614892	0.00000000e+00	1	49	-1.54257000e-05	1.26578000e-04	-8.00798000e-01	-1.18427000e-04
2.53429970e+02	2026-09-04T17:22:35.644885	0.00000000e+00	1	49	-2.03609000e-05	1.19267000e-04	-8.50820000e-01	-1.16437000e-04
2.53444976e+02	2026-09-04T17:22:35.661198	0.00000000e+00	1	49	-2.10762000e-05	1.20047000e-04	-9.00879000e-01	-1.16770000e-04
2.53466678e+02	2026-09-04T17:22:35.682407	0.00000000e+00	1	49	-2.76566000e-05	1.10598000e-04	-9.50907000e-01	-1.01473000e-04
2.53527559e+02	2026-09-04T17:22:35.734719	0.00000000e+00	1	49	-2.00033000e-05	1.11651000e-04	-1.00095000e+00	-1.07002000e-04
2.53550536e+02	2026-09-04T17:22:35.764620	0.00000000e+00	1	49	-2.25306000e-05	1.18790000e-04	-1.05098000e+00	-1.17036000e-04
2.53559373e+02	2026-09-04T17:22:35.774747	0.00000000e+00	1	49	-2.20776000e-05	1.21124000e-04	-1.10102000e+00	-1.19770000e-04
2.53592386e+02	2026-09-04T17:22:35.804829	0.00000000e+00	1	49	-1.85728000e-05	1.26879000e-04	-1.15110000e+00	-1.20342000e-04
2.53632263e+02	2026-09-04T17:22:35.845070	0.00000000e+00	1	49	-2.39611000e-05	1.25252000e-04	-1.20114000e+00	-1.25785000e-04
2.53639919e+02	2026-09-04T17:22:35.856569	0.00000000e+00	1	49	-2.86341000e-05	1.32555000e-04	-1.25117000e+00	-1.20237000e-04
2.53682398e+02	2026-09-04T17:22:35.894820	0.00000000e+00	1	49	-3.39508000e-05	1.29386000e-04	-1.30120000e+00	-1.27026000e-04
2.53710909e+02	2026-09-04T17:22:35.924958	0.00000000e+00	1	49	-2.68459000e-05	1.27697000e-04	-1.35128000e+00	-1.27626000e-04
2.53736218e+02	2026-09-04T17:22:35.952222	0.00000000e+00	1	49	-2.45810000e-05	1.48533000e-04	-1.40126000e+00	-1.45169000e-04
2.53744502e+02	2026-09-04T17:22:35.955007	0.00000000e+00	1	49	-2.26021000e-05	1.64430000e-04	-1.45133000e+00	-1.60203000e-04
2.53768271e+02	2026-09-04T17:22:35.984950	0.00000000e+00	1	49	-2.77281000e-05	1.74976000e-04	-1.50133000e+00	-1.62158000e-04
2.53835457e+02	2026-09-04T17:22:36.047513	0.00000000e+00	1	49	-2.58446000e-05	1.76962000e-04	-1.55140000e+00	-1.80220000e-04
2.53852983e+02	2026-09-04T17:22:36.064988	0.00000000e+00	1	49	-1.99080000e-05	1.98502000e-04	-1.60142000e+00	-1.96241000e-04
2.53861215e+02	2026-09-04T17:22:36.074924	0.00000000e+00	1	49	-2.33173000e-05	2.07389000e-04	-1.65147000e+00	-2.05705000e-04
2.53910410e+02	2026-09-04T17:22:36.126930	0.00000000e+00	1	49	-1.92881000e-05	2.22260000e-04	-1.70147000e+00	-2.18063000e-04
2.53950254e+02	2026-09-04T17:22:36.164798	0.00000000e+00	1	49	-2.81811000e-05	2.39088000e-04	-1.75151000e+00	-2.43766000e-04
2.53958071e+02	2026-09-04T17:22:36.169426	0.00000000e+00	1	49	-2.08139000e-05	2.58313000e-04	-1.80156000e+00	-2.50957000e-04
2.53990802e+02	2026-09-04T17:22:36.206794	0.00000000e+00	1	49	-2.26021000e-05	2.71640000e-04	-1.85160000e+00	-2.71207000e-04
2.54036262e+02	2026-09-04T17:22:36.244768	0.00000000e+00	1	49	-2.30551000e-05	2.86384000e-04	-1.90165000e+00	-2.79443000e-04
2.54059538e+02	2026-09-04T17:22:36.274854	0.00000000e+00	1	49	-2.88963000e-05	3.11075000e-04	-1.95170000e+00	-3.06856000e-04
2.54067214e+02	2026-09-04T17:22:36.281181	0.00000000e+00	1	49	-2.50340000e-05	3.44595000e-04	-2.00171000e+00	-3.39258000e-04
2.54073706e+02	2026-09-04T17:22:36.286647	0.00000000e+00	1	49	-2.71082000e-05	3.32232000e-04	-2.00170000e+00	-3.32938000e-04
2.54117944e+02	2026-09-04T17:22:36.324621	0.00000000e+00	1	49	-2.83718000e-05	3.11892000e-04	-1.95168000e+00	-3.14208000e-04
2.54148113e+02	2026-09-04T17:22:36.364697	0.00000000e+00	1	49	-2.88963000e-05	2.85698000e-04	-1.90164000e+00	-2.85917000e-04
2.54170625e+02	2026-09-04T17:22:36.385030	0.00000000e+00	1	49	-3.01600000e-05	2.65276000e-04	-1.85159000e+00	-2.63530000e-04
2.54178509e+02	2026-09-04T17:22:36.394688	0.00000000e+00	1	49	-3.15189000e-05	2.45540000e-04	-1.80156000e+00	-2.48007000e-04
2.54211887e+02	2026-09-04T17:22:36.424726	0.00000000e+00	1	49	-1.98126000e-05	2.25859000e-04	-1.75152000e+00	-2.26906000e-04
2.54245141e+02	2026-09-04T17:22:36.461768	0.00000000e+00	1	49	-2.17915000e-05	2.12715000e-04	-1.70148000e+00	-2.08611000e-04
2.54266746e+02	2026-09-04T17:22:36.479673	0.00000000e+00	1	49	-3.09706000e-05	1.92509000e-04	-1.65144000e+00	-1.93401000e-04
2.54274590e+02	2026-09-04T17:22:36.487993	0.00000000e+00	1	49	-3.47376000e-05	1.79133000e-04	-1.60140000e+00	-1.79448000e-04
2.54296198e+02	2026-09-04T17:22:36.509672	0.00000000e+00	1	49	-2.58446000e-05	1.66384000e-04	-1.55142000e+00	-1.65845000e-04
2.54334801e+02	2026-09-04T17:22:36.544661	0.00000000e+00	1	49	-2.71082000e-05	1.53318000e-04	-1.50137000e+00	-1.53796000e-04
2.54354558e+02	2026-09-04T17:22:36.564668	0.00000000e+00	1	49	-2.64645000e-05	1.40648000e-04	-1.45133000e+00	-1.39726000e-04
2.54362248e+02	2026-09-04T17:22:36.574982	0.00000000e+00	1	49	-2.62022000e-05	1.28286000e-04	-1.40126000e+00	-1.28331000e-04
2.54371016e+02	2026-09-04T17:22:36.584612	0.00000000e+00	1	49	-2.89917000e-05	1.16371000e-04	-1.35127000e+00	-1.16515000e-04
2.54428113e+02	2026-09-04T17:22:36.636559	0.00000000e+00	1	49	-3.11613000e-05	1.06198000e-04	-1.30121000e+00	-1.05896000e-04
2.54443827e+02	2026-09-04T17:22:36.654919	0.00000000e+00	1	49	-2.08139000e-05	9.61059000e-05	-1.25117000e+00	-9.54266000e-05
2.54468649e+02	2026-09-04T17:22:36.684815	0.00000000e+00	1	49	-2.36988000e-05	8.65031000e-05	-1.20113000e+00	-8.67405000e-05
2.54523857e+02	2026-09-04T17:22:36.735068	0.00000000e+00	1	49	-3.20435000e-05	7.74438000e-05	-1.15110000e+00	-7.72489000e-05
2.54539581e+02	2026-09-04T17:22:36.754834	0.00000000e+00	1	49	-3.12328000e-05	6.97628000e-05	-1.10102000e+00	-6.98304000e-05
2.54564081e+02	2026-09-04T17:22:36.779783	0.00000000e+00	1	49	-2.45094000e-05	6.16949000e-05	-1.05097000e+00	-6.13743000e-05
2.54607351e+02	2026-09-04T17:22:36.814805	0.00000000e+00	1	49	-2.87294000e-05	5.39435000e-05	-1.00095000e+00	-5.37927000e-05
2.54635289e+02	2026-09-04T17:22:36.844836	0.00000000e+00	1	49	-2.30551000e-05	4.78235000e-05	-9.50896000e-01	-4.80967000e-05
2.54643076e+02	2026-09-04T17:22:36.859687	0.00000000e+00	1	49	-2.51293000e-05	4.17799000e-05	-9.00873000e-01	-4.19768000e-05
2.54686727e+02	2026-09-04T17:22:36.901670	0.00000000e+00	1	49	-2.09808000e-05	3.52630000e-05	-8.50819000e-01	-3.55017000e-05
2.54722377e+02	2026-09-04T17:22:36.938531	0.00000000e+00	1	49	-2.49386000e-05	3.03855000e-05	-8.00810000e-01	-3.01355000e-05
2.54731365e+02	2026-09-04T17:22:36.944987	0.00000000e+00	1	49	-1.90020000e-05	2.54905000e-05	-7.50737000e-01	-2.55315000e-05
2.54754943e+02	2026-09-04T17:22:36.970729	0.00000000e+00	1	49	-2.59399000e-05	2.14011000e-05	-7.00704000e-01	-2.09151000e-05
2.54786368e+02	2026-09-04T17:22:37.002411	0.00000000e+00	1	49	-2.81811000e-05	1.75952000e-05	-6.50653000e-01	-1.76405000e-05
2.54817620e+02	2026-09-04T17:22:37.033971	0.00000000e+00	1	49	-2.50340000e-05	1.41475000e-05	-6.00633000e-01	-1.42078000e-05
2.54830384e+02	2026-09-04T17:22:37.045009	0.00000000e+00	1	49	-2.62022000e-05	1.16405000e-05	-5.50570000e-01	-1.17324000e-05
2.54838813e+02	2026-09-04T17:22:37.054679	0.00000000e+00	1	49	-7.77245000e-06	9.69514000e-06	-5.00537000e-01	-9.40825000e-06
2.54866169e+02	2026-09-04T17:22:37.081784	0.00000000e+00	1	49	-3.43800000e-05	7.51003000e-06	-4.50488000e-01	-7.26945000e-06
2.54910406e+02	2026-09-04T17:22:37.125029	0.00000000e+00	1	49	-3.28541000e-05	5.63864000e-06	-4.00468000e-01	-5.66416000e-06
2.54938005e+02	2026-09-04T17:22:37.145027	0.00000000e+00	1	49	-3.16858000e-05	4.34855000e-06	-3.50384000e-01	-4.31004000e-06
2.54960924e+02	2026-09-04T17:22:37.176795	0.00000000e+00	1	49	-2.44141000e-05	3.10750000e-06	-3.00358000e-01	-3.06589000e-06
2.54992084e+02	2026-09-04T17:22:37.208166	0.00000000e+00	1	49	-3.36647000e-05	2.27832000e-06	-2.50305000e-01	-2.31476000e-06
2.55021676e+02	2026-09-04T17:22:37.235167	0.00000000e+00	1	49	-3.24011000e-05	1.69714000e-06	-2.00158000e-01	-1.66674000e-06
2.55043921e+02	2026-09-04T17:22:37.255710	0.00000000e+00	1	49	-2.64645000e-05	1.14637000e-06	-1.50123000e-01	-1.14352000e-06
2.55051637e+02	2026-09-04T17:22:37.265066	0.00000000e+00	1	49	-2.57492000e-05	6.92854000e-07	-1.00074000e-01	-6.86935000e-07
2.55076605e+02	2026-09-04T17:22:37.287106	0.00000000e+00	1	49	-2.81811000e-05	3.33301000e-07	-5.00355000e-02	-3.28964000e-07
2.55120470e+02	2026-09-04T17:22:37.334708	0.00000000e+00	1	49	-2.80857000e-05	-2.63262000e-10	-1.36137000e-05	2.03705000e-10
2.58540395e+02	2026-09-04T17:22:40.754726	0.00000000e+00	1	50	-1.63078000e-05	-3.45163000e-09	-1.17302000e-05	9.99165000e-09
2.58569789e+02	2026-09-04T17:22:40.785067	0.00000000e+00	1	50	-7.16209000e-05	1.18252000e-05	-4.99849000e-02	-1.19427000e-05
2.58607048e+02	2026-09-04T17:22:40.819735	0.00000000e+00	1	50	-2.69175000e-05	2.53723000e-05	-1.00066000e-01	-2.53768000e-05
2.58633852e+02	2026-09-04T17:22:40.850521	0.00000000e+00	1	50	-2.61068000e-05	4.23344000e-05	-1.50111000e-01	-4.20737000e-05
2.58656354e+02	2026-09-04T17:22:40.872205	0.00000000e+00	1	50	-2.51293000e-05	6.32162000e-05	-2.00151000e-01	-6.27404000e-05
2.58663911e+02	2026-09-04T17:22:40.874694	0.00000000e+00	1	50	-2.13623000e-05	9.06618000e-05	-2.50302000e-01	-9.02355000e-05
2.58671596e+02	2026-09-04T17:22:40.888103	0.00000000e+00	1	50	-2.26974000e-05	1.03078000e-04	-3.00347000e-01	-9.60985000e-05
2.58730628e+02	2026-09-04T17:22:40.945133	0.00000000e+00	1	50	-2.16246000e-05	1.19153000e-04	-3.50397000e-01	-1.17428000e-04
2.58756593e+02	2026-09-04T17:22:40.967690	0.00000000e+00	1	50	-2.66552000e-05	1.44305000e-04	-4.00437000e-01	-1.41399000e-04
2.58764461e+02	2026-09-04T17:22:40.975181	0.00000000e+00	1	50	-2.31504000e-05	1.66582000e-04	-4.50455000e-01	-1.63716000e-04
2.58783934e+02	2026-09-04T17:22:40.999219	0.00000000e+00	1	50	-2.73705000e-05	1.62945000e-04	-5.00514000e-01	-1.56576000e-04
2.58806243e+02	2026-09-04T17:22:41.017437	0.00000000e+00	1	50	-1.91927000e-05	1.55217000e-04	-5.50557000e-01	-1.50095000e-04
2.58830073e+02	2026-09-04T17:22:41.045164	0.00000000e+00	1	50	-2.62022000e-05	1.38070000e-04	-6.00608000e-01	-1.20275000e-04
2.58852034e+02	2026-09-04T17:22:41.064852	0.00000000e+00	1	50	-1.57833000e-05	1.28397000e-04	-6.50597000e-01	-1.22403000e-04
2.58859704e+02	2026-09-04T17:22:41.074754	0.00000000e+00	1	50	-2.55823000e-05	1.29913000e-04	-7.00690000e-01	-1.18819000e-04
2.58879054e+02	2026-09-04T17:22:41.094968	0.00000000e+00	1	50	-2.17915000e-05	1.06757000e-04	-7.50740000e-01	-1.08641000e-04
2.58934337e+02	2026-09-04T17:22:41.149956	0.00000000e+00	1	50	-2.21491000e-05	1.11621000e-04	-8.00782000e-01	-1.12169000e-04
2.58952922e+02	2026-09-04T17:22:41.165149	0.00000000e+00	1	50	-2.18868000e-05	1.18097000e-04	-8.50797000e-01	-1.16256000e-04
2.58975117e+02	2026-09-04T17:22:41.190918	0.00000000e+00	1	50	-2.36988000e-05	1.09097000e-04	-9.00853000e-01	-1.08675000e-04
2.58983625e+02	2026-09-04T17:22:41.194833	0.00000000e+00	1	50	-2.56777000e-05	1.25197000e-04	-9.50900000e-01	-1.16342000e-04
2.59020033e+02	2026-09-04T17:22:41.235083	0.00000000e+00	1	50	-2.29597000e-05	1.20958000e-04	-1.00096000e+00	-1.14416000e-04
2.59053615e+02	2026-09-04T17:22:41.269786	0.00000000e+00	1	50	-2.15292000e-05	1.22056000e-04	-1.05097000e+00	-1.20370000e-04
2.59062189e+02	2026-09-04T17:22:41.274994	0.00000000e+00	1	50	-2.65598000e-05	1.27189000e-04	-1.10103000e+00	-1.24068000e-04
2.59100212e+02	2026-09-04T17:22:41.314982	0.00000000e+00	1	50	-1.89304000e-05	1.24559000e-04	-1.15112000e+00	-1.23558000e-04
2.59144824e+02	2026-09-04T17:22:41.359731	0.00000000e+00	1	50	-2.40564000e-05	1.39873000e-04	-1.20110000e+00	-1.31814000e-04
2.59161142e+02	2026-09-04T17:22:41.375189	0.00000000e+00	1	50	-2.99931000e-05	1.33751000e-04	-1.25118000e+00	-1.37727000e-04
2.59169065e+02	2026-09-04T17:22:41.384997	0.00000000e+00	1	50	-3.32117000e-05	1.54548000e-04	-1.30120000e+00	-1.48015000e-04
2.59176748e+02	2026-09-04T17:22:41.384997	0.00000000e+00	1	50	-2.38657000e-05	1.53888000e-04	-1.35126000e+00	-1.48925000e-04
2.59202301e+02	2026-09-04T17:22:41.418238	0.00000000e+00	1	50	-3.07083000e-05	1.62140000e-04	-1.40126000e+00	-1.60691000e-04
2.59223419e+02	2026-09-04T17:22:41.439776	0.00000000e+00	1	50	-2.91824000e-05	1.67737000e-04	-1.45132000e+00	-1.60284000e-04
2.59252907e+02	2026-09-04T17:22:41.464731	0.00000000e+00	1	50	-2.54869000e-05	1.71630000e-04	-1.50134000e+00	-1.77166000e-04
2.59260793e+02	2026-09-04T17:22:41.475092	0.00000000e+00	1	50	-2.47717000e-05	1.85503000e-04	-1.55139000e+00	-1.76025000e-04
2.59307898e+02	2026-09-04T17:22:41.520286	0.00000000e+00	1	50	-2.37703000e-05	1.86408000e-04	-1.60142000e+00	-1.82985000e-04
2.59350519e+02	2026-09-04T17:22:41.565178	0.00000000e+00	1	50	-2.14338000e-05	1.98718000e-04	-1.65147000e+00	-1.92601000e-04
2.59374627e+02	2026-09-04T17:22:41.590415	0.00000000e+00	1	50	-2.86341000e-05	2.15527000e-04	-1.70150000e+00	-2.11581000e-04
2.59403166e+02	2026-09-04T17:22:41.618688	0.00000000e+00	1	50	-2.74658000e-05	2.31873000e-04	-1.75155000e+00	-2.28386000e-04
2.59438763e+02	2026-09-04T17:22:41.655131	0.00000000e+00	1	50	-3.11613000e-05	2.46961000e-04	-1.80154000e+00	-2.46202000e-04
2.59460472e+02	2026-09-04T17:22:41.674649	0.00000000e+00	1	50	-2.70128000e-05	2.78775000e-04	-1.85162000e+00	-2.74959000e-04
2.59468080e+02	2026-09-04T17:22:41.684655	0.00000000e+00	1	50	-2.18868000e-05	2.85431000e-04	-1.90163000e+00	-2.88362000e-04
2.59498833e+02	2026-09-04T17:22:41.715066	0.00000000e+00	1	50	-2.55823000e-05	3.14661000e-04	-1.95166000e+00	-3.18334000e-04
2.59551229e+02	2026-09-04T17:22:41.766753	0.00000000e+00	1	50	-3.55482000e-05	3.45184000e-04	-2.00171000e+00	-3.42910000e-04
2.59558117e+02	2026-09-04T17:22:41.766753	0.00000000e+00	1	50	-2.36988000e-05	3.48802000e-04	-2.00169000e+00	-3.38224000e-04
2.59611059e+02	2026-09-04T17:22:41.824949	0.00000000e+00	1	50	-3.13282000e-05	3.04164000e-04	-1.95168000e+00	-3.06859000e-04
2.59634335e+02	2026-09-04T17:22:41.847063	0.00000000e+00	1	50	-2.78234000e-05	2.84961000e-04	-1.90163000e+00	-2.88814000e-04
2.59641840e+02	2026-09-04T17:22:41.856852	0.00000000e+00	1	50	-3.08752000e-05	2.66400000e-04	-1.85160000e+00	-2.66394000e-04
2.59649797e+02	2026-09-04T17:22:41.864927	0.00000000e+00	1	50	-2.99931000e-05	2.47704000e-04	-1.80155000e+00	-2.48705000e-04
2.59657359e+02	2026-09-04T17:22:41.864927	0.00000000e+00	1	50	-2.84433000e-05	2.32132000e-04	-1.75155000e+00	-2.30879000e-04
2.59681565e+02	2026-09-04T17:22:41.895142	0.00000000e+00	1	50	-2.76566000e-05	2.10848000e-04	-1.70150000e+00	-2.10039000e-04
2.59719188e+02	2026-09-04T17:22:41.934765	0.00000000e+00	1	50	-2.98977000e-05	1.92478000e-04	-1.65146000e+00	-1.92516000e-04
2.59736958e+02	2026-09-04T17:22:41.949979	0.00000000e+00	1	50	-2.53916000e-05	1.77142000e-04	-1.60141000e+00	-1.76348000e-04
2.59757547e+02	2026-09-04T17:22:41.973697	0.00000000e+00	1	50	-3.32117000e-05	1.65015000e-04	-1.55140000e+00	-1.64430000e-04
2.59765987e+02	2026-09-04T17:22:41.974712	0.00000000e+00	1	50	-2.69175000e-05	1.50309000e-04	-1.50136000e+00	-1.50007000e-04
2.59789609e+02	2026-09-04T17:22:42.004987	0.00000000e+00	1	50	-2.72751000e-05	1.36399000e-04	-1.45132000e+00	-1.34740000e-04
2.59817332e+02	2026-09-04T17:22:42.030154	0.00000000e+00	1	50	-2.52962000e-05	1.23311000e-04	-1.40125000e+00	-1.23847000e-04
2.59845355e+02	2026-09-04T17:22:42.060025	0.00000000e+00	1	50	-2.45810000e-05	1.13415000e-04	-1.35125000e+00	-1.12889000e-04
2.59889128e+02	2026-09-04T17:22:42.105106	0.00000000e+00	1	50	-2.13623000e-05	1.02538000e-04	-1.30118000e+00	-1.02535000e-04
2.59927040e+02	2026-09-04T17:22:42.140147	0.00000000e+00	1	50	-2.10762000e-05	9.23972000e-05	-1.25116000e+00	-9.19272000e-05
2.59943364e+02	2026-09-04T17:22:42.155140	0.00000000e+00	1	50	-2.51293000e-05	8.38500000e-05	-1.20111000e+00	-8.36754000e-05
2.59964488e+02	2026-09-04T17:22:42.180736	0.00000000e+00	1	50	-2.41280000e-05	7.57003000e-05	-1.15109000e+00	-7.63872000e-05
2.60027018e+02	2026-09-04T17:22:42.239868	0.00000000e+00	1	50	-2.49386000e-05	6.68847000e-05	-1.10104000e+00	-6.68014000e-05
2.60049842e+02	2026-09-04T17:22:42.264961	0.00000000e+00	1	50	-3.02553000e-05	6.00230000e-05	-1.05099000e+00	-5.99576000e-05
2.60057324e+02	2026-09-04T17:22:42.271514	0.00000000e+00	1	50	-2.52247000e-05	5.25228000e-05	-1.00096000e+00	-5.25320000e-05
2.60080438e+02	2026-09-04T17:22:42.295099	0.00000000e+00	1	50	-2.11716000e-05	4.60796000e-05	-9.50912000e-01	-4.63716000e-05
2.60118386e+02	2026-09-04T17:22:42.334719	0.00000000e+00	1	50	-2.98977000e-05	4.07370000e-05	-9.00856000e-01	-4.08729000e-05
2.60135128e+02	2026-09-04T17:22:42.345607	0.00000000e+00	1	50	-2.27928000e-05	3.46566000e-05	-8.50832000e-01	-3.43882000e-05
2.60156788e+02	2026-09-04T17:22:42.372830	0.00000000e+00	1	50	-2.47717000e-05	2.94044000e-05	-8.00792000e-01	-2.94532000e-05
2.60217580e+02	2026-09-04T17:22:42.429832	0.00000000e+00	1	50	-2.21491000e-05	2.49386000e-05	-7.50740000e-01	-2.47965000e-05
2.60240506e+02	2026-09-04T17:22:42.455107	0.00000000e+00	1	50	-2.71082000e-05	2.11300000e-05	-7.00708000e-01	-2.12840000e-05
2.60248150e+02	2026-09-04T17:22:42.455107	0.00000000e+00	1	50	-2.86341000e-05	1.78511000e-05	-6.50624000e-01	-1.78929000e-05
2.60279595e+02	2026-09-04T17:22:42.494947	0.00000000e+00	1	50	-3.10659000e-05	1.50235000e-05	-6.00632000e-01	-1.50944000e-05
2.60314859e+02	2026-09-04T17:22:42.526336	0.00000000e+00	1	50	-2.24352000e-05	1.21502000e-05	-5.50572000e-01	-1.21301000e-05
2.60337345e+02	2026-09-04T17:22:42.547945	0.00000000e+00	1	50	-1.56879000e-05	9.95371000e-06	-5.00474000e-01	-9.98781000e-06
2.60352157e+02	2026-09-04T17:22:42.564908	0.00000000e+00	1	50	-3.13282000e-05	7.97169000e-06	-4.50473000e-01	-7.95097000e-06
2.60376539e+02	2026-09-04T17:22:42.590182	0.00000000e+00	1	50	-2.35081000e-05	6.28803000e-06	-4.00470000e-01	-6.14750000e-06
2.60411977e+02	2026-09-04T17:22:42.628599	0.00000000e+00	1	50	-2.92540000e-05	4.72972000e-06	-3.50398000e-01	-4.71884000e-06
2.60435907e+02	2026-09-04T17:22:42.644619	0.00000000e+00	1	50	-2.98977000e-05	3.67678000e-06	-3.00364000e-01	-3.57978000e-06
2.60474567e+02	2026-09-04T17:22:42.690942	0.00000000e+00	1	50	-2.87294000e-05	2.55811000e-06	-2.50274000e-01	-2.54514000e-06
2.60517223e+02	2026-09-04T17:22:42.730092	0.00000000e+00	1	50	-2.98977000e-05	1.84423000e-06	-2.00152000e-01	-1.84514000e-06
2.60532951e+02	2026-09-04T17:22:42.749153	0.00000000e+00	1	50	-2.74658000e-05	1.22446000e-06	-1.50113000e-01	-1.23045000e-06
2.60555327e+02	2026-09-04T17:22:42.771048	0.00000000e+00	1	50	-3.09706000e-05	7.16741000e-07	-1.00067000e-01	-7.11280000e-07
2.60579616e+02	2026-09-04T17:22:42.794695	0.00000000e+00	1	50	-3.60966000e-05	3.49194000e-07	-5.00273000e-02	-3.41540000e-07
2.60596491e+02	2026-09-04T17:22:42.809974	0.00000000e+00	1	50	-3.52859000e-05	-3.16501000e-10	-6.86646000e-06	1.53577000e-10