# Device 5_5, 50 consecutive DC cycles, CC = 0.1 mA (SMU limit 110 uA), TE biased, BE grounded
cycle	sweep	V_TE_V	I_TE_A
1	SET	6.008150e-06	-9.764200e-10
1	SET	4.998770e-02	8.324420e-05
1	SET	1.000700e-01	1.100380e-04
1	SET	1.501090e-01	1.100340e-04
1	SET	2.001430e-01	1.100370e-04
1	SET	2.500620e-01	1.100330e-04
1	SET	3.000650e-01	1.100330e-04
1	SET	3.501350e-01	1.100240e-04
1	SET	4.001510e-01	1.100350e-04
1	SET	4.502190e-01	1.100350e-04
1	SET	5.002290e-01	1.100360e-04
1	SET	5.502940e-01	1.100320e-04
1	SET	6.003320e-01	1.100350e-04
1	SET	6.503700e-01	1.100300e-04
1	SET	7.004100e-01	1.100300e-04
1	SET	7.504790e-01	1.100320e-04
1	SET	8.004860e-01	1.100340e-04
1	SET	8.505550e-01	1.100350e-04
1	SET	9.005700e-01	1.100350e-04
1	SET	9.506390e-01	1.100330e-04
1	SET	1.000660e+00	1.100360e-04
1	SET	1.050730e+00	1.100350e-04
1	SET	1.100720e+00	1.100390e-04
1	SET	1.150760e+00	1.100330e-04
1	SET	1.200810e+00	1.100340e-04
1	SET	1.250860e+00	1.100380e-04
1	SET	1.300860e+00	1.100350e-04
1	SET	1.350940e+00	1.100360e-04
1	SET	1.400950e+00	1.100340e-04
1	SET	1.450980e+00	1.100350e-04
1	SET	1.501030e+00	1.100400e-04
1	SET	1.551070e+00	1.100350e-04
1	SET	1.601090e+00	1.100320e-04
1	SET	1.651150e+00	1.100380e-04
1	SET	1.701150e+00	1.100350e-04
1	SET	1.751200e+00	1.100390e-04
1	SET	1.801220e+00	1.100360e-04
1	SET	1.851280e+00	1.100380e-04
1	SET	1.901280e+00	1.100360e-04
1	SET	1.951340e+00	1.100370e-04
1	SET	2.001370e+00	1.100310e-04
1	SET	2.050340e+00	1.100360e-04
1	SET	2.100160e+00	1.100370e-04
1	SET	2.150500e+00	1.100390e-04
1	SET	2.200610e+00	1.100350e-04
1	SET	2.250520e+00	1.100330e-04
1	SET	2.300340e+00	1.100340e-04
1	SET	2.350550e+00	1.100340e-04
1	SET	2.400580e+00	1.100330e-04
1	SET	2.450550e+00	1.100390e-04
1	SET	2.500600e+00	1.100370e-04
1	SET	2.550870e+00	1.100370e-04
1	SET	2.600680e+00	1.100380e-04
1	SET	2.650650e+00	1.100340e-04
1	SET	2.700890e+00	1.100370e-04
1	SET	2.750980e+00	1.100390e-04
1	SET	2.800710e+00	1.100370e-04
1	SET	2.851120e+00	1.100370e-04
1	SET	2.901070e+00	1.100360e-04
1	SET	2.951030e+00	1.100360e-04
1	SET	3.001160e+00	1.100330e-04
1	SET	3.001220e+00	1.100340e-04
1	SET	2.951010e+00	1.100350e-04
1	SET	2.901110e+00	1.100380e-04
1	SET	2.851060e+00	1.100350e-04
1	SET	2.800890e+00	1.100350e-04
1	SET	2.750800e+00	1.100370e-04
1	SET	2.701060e+00	1.100350e-04
1	SET	2.650840e+00	1.100320e-04
1	SET	2.600630e+00	1.100330e-04
1	SET	2.550920e+00	1.100340e-04
1	SET	2.500800e+00	1.100370e-04
1	SET	2.450430e+00	1.100360e-04
1	SET	2.400760e+00	1.100360e-04
1	SET	2.350750e+00	1.100340e-04
1	SET	2.300360e+00	1.100340e-04
1	SET	2.250470e+00	1.100350e-04
1	SET	2.200690e+00	1.100310e-04
1	SET	2.150580e+00	1.100350e-04
1	SET	2.100160e+00	1.100380e-04
1	SET	2.050350e+00	1.100330e-04
1	SET	2.001360e+00	1.100360e-04
1	SET	1.951350e+00	1.100360e-04
1	SET	1.901290e+00	1.100400e-04
1	SET	1.851260e+00	1.100350e-04
1	SET	1.801220e+00	1.100370e-04
1	SET	1.751210e+00	1.100360e-04
1	SET	1.701140e+00	1.100350e-04
1	SET	1.651120e+00	1.100330e-04
1	SET	1.601070e+00	1.100360e-04
1	SET	1.551050e+00	1.100320e-04
1	SET	1.501030e+00	1.100360e-04
1	SET	1.451010e+00	1.100360e-04
1	SET	1.400960e+00	1.100350e-04
1	SET	1.350930e+00	1.100380e-04
1	SET	1.300860e+00	1.100360e-04
1	SET	1.250860e+00	1.100360e-04
1	SET	1.200780e+00	1.100370e-04
1	SET	1.150780e+00	1.100340e-04
1	SET	1.100710e+00	1.100380e-04
1	SET	1.050690e+00	1.100340e-04
1	SET	1.000650e+00	1.100330e-04
1	SET	9.506100e-01	1.100290e-04
1	SET	9.005560e-01	1.100330e-04
1	SET	8.505560e-01	1.100290e-04
1	SET	8.004850e-01	1.100370e-04
1	SET	7.504590e-01	1.100370e-04
1	SET	7.003870e-01	1.100350e-04
1	SET	6.503880e-01	1.100340e-04
1	SET	6.003110e-01	1.100390e-04
1	SET	5.502750e-01	1.100380e-04
1	SET	5.002290e-01	1.100360e-04
1	SET	4.502120e-01	1.100400e-04
1	SET	4.001410e-01	1.100360e-04
1	SET	3.501140e-01	1.100290e-04
1	SET	3.000810e-01	1.100370e-04
1	SET	2.500830e-01	1.100380e-04
1	SET	2.001380e-01	1.100390e-04
1	SET	1.500970e-01	1.100390e-04
1	SET	1.000630e-01	1.100400e-04
1	SET	5.002040e-02	8.331270e-05
1	SET	-1.091960e-05	-5.441450e-08
1	RESET	4.291530e-07	-1.988900e-09
1	RESET	-4.998800e-02	-8.419090e-05
1	RESET	-1.000840e-01	-1.720720e-04
1	RESET	-1.501260e-01	-2.649850e-04
1	RESET	-2.001650e-01	-3.645400e-04
1	RESET	-2.503010e-01	-4.710360e-04
1	RESET	-3.003700e-01	-5.841920e-04
1	RESET	-3.503940e-01	-7.046960e-04
1	RESET	-4.004570e-01	-8.301200e-04
1	RESET	-4.504690e-01	-9.606750e-04
1	RESET	-5.004860e-01	-1.095570e-03
1	RESET	-5.505600e-01	-1.232710e-03
1	RESET	-6.006200e-01	-1.372700e-03
1	RESET	-6.506260e-01	-1.515010e-03
1	RESET	-7.006890e-01	-1.656880e-03
1	RESET	-7.507220e-01	-1.802590e-03
1	RESET	-8.007870e-01	-1.949420e-03
1	RESET	-8.507670e-01	-2.101120e-03
1	RESET	-9.008340e-01	-2.251440e-03
1	RESET	-9.508990e-01	-2.400780e-03
1	RESET	-1.000930e+00	-2.567370e-03
1	RESET	-1.050950e+00	-2.722570e-03
1	RESET	-1.101000e+00	-2.886990e-03
1	RESET	-1.151090e+00	-3.055970e-03
1	RESET	-1.201120e+00	-3.216380e-03
1	RESET	-1.251150e+00	-3.371200e-03
1	RESET	-1.301150e+00	-3.545430e-03
1	RESET	-1.351230e+00	-3.712100e-03
1	RESET	-1.401240e+00	-3.864950e-03
1	RESET	-1.451280e+00	-4.026910e-03
1	RESET	-1.501310e+00	-4.191700e-03
1	RESET	-1.551360e+00	-4.346170e-03
1	RESET	-1.601350e+00	-4.494490e-03
1	RESET	-1.651430e+00	-4.666140e-03
1	RESET	-1.701430e+00	-4.809890e-03
1	RESET	-1.751510e+00	-4.752520e-03
1	RESET	-1.801560e+00	-7.541090e-04
1	RESET	-1.851590e+00	-6.377960e-04
1	RESET	-1.901630e+00	-4.571450e-04
1	RESET	-1.951650e+00	-4.837630e-04
1	RESET	-2.001680e+00	-4.918510e-04
1	RESET	-2.001670e+00	-4.685010e-04
1	RESET	-1.951650e+00	-4.230190e-04
1	RESET	-1.901610e+00	-3.892680e-04
1	RESET	-1.851570e+00	-3.603170e-04
1	RESET	-1.801540e+00	-3.241170e-04
1	RESET	-1.751520e+00	-2.949920e-04
1	RESET	-1.701460e+00	-2.674410e-04
1	RESET	-1.651440e+00	-2.430160e-04
1	RESET	-1.601380e+00	-2.245140e-04
1	RESET	-1.551370e+00	-2.026750e-04
1	RESET	-1.501310e+00	-1.858300e-04
1	RESET	-1.451320e+00	-1.697450e-04
1	RESET	-1.401250e+00	-1.558380e-04
1	RESET	-1.351240e+00	-1.416620e-04
1	RESET	-1.301170e+00	-1.281770e-04
1	RESET	-1.251160e+00	-1.156660e-04
1	RESET	-1.201090e+00	-1.045030e-04
1	RESET	-1.151080e+00	-9.569580e-05
1	RESET	-1.101030e+00	-8.568910e-05
1	RESET	-1.050950e+00	-7.642260e-05
1	RESET	-1.000950e+00	-6.832840e-05
1	RESET	-9.508990e-01	-6.017000e-05
1	RESET	-9.008620e-01	-5.141460e-05
1	RESET	-8.508240e-01	-4.557320e-05
1	RESET	-8.007790e-01	-3.889170e-05
1	RESET	-7.507150e-01	-3.369000e-05
1	RESET	-7.006890e-01	-2.797880e-05
1	RESET	-6.506440e-01	-2.320830e-05
1	RESET	-6.005940e-01	-1.961920e-05
1	RESET	-5.505660e-01	-1.554730e-05
1	RESET	-5.005280e-01	-1.246880e-05
1	RESET	-4.504630e-01	-9.749400e-06
1	RESET	-4.004420e-01	-7.959980e-06
1	RESET	-3.503840e-01	-6.073100e-06
1	RESET	-3.003610e-01	-4.455820e-06
1	RESET	-2.502930e-01	-3.331810e-06
1	RESET	-2.001690e-01	-2.341820e-06
1	RESET	-1.501240e-01	-1.568620e-06
1	RESET	-1.000810e-01	-9.286420e-07
1	RESET	-5.003960e-02	-4.171000e-07
1	RESET	-2.298360e-05	-2.437350e-10
2	SET	-2.028940e-05	-1.424910e-10
2	SET	5.000550e-02	4.201520e-07
2	SET	1.000600e-01	8.046710e-07
2	SET	1.501020e-01	1.322180e-06
2	SET	2.001320e-01	2.040980e-06
2	SET	2.500470e-01	2.776380e-06
2	SET	3.000820e-01	3.607060e-06
2	SET	3.501320e-01	1.100330e-04
2	SET	4.001620e-01	1.100430e-04
2	SET	4.502060e-01	1.100420e-04
2	SET	5.002190e-01	1.100430e-04
2	SET	5.502870e-01	1.100330e-04
2	SET	6.003120e-01	1.100380e-04
2	SET	6.503840e-01	1.100380e-04
2	SET	7.004070e-01	1.100360e-04
2	SET	7.504730e-01	1.100380e-04
2	SET	8.004650e-01	1.100420e-04
2	SET	8.505410e-01	1.100380e-04
2	SET	9.005680e-01	1.100390e-04
2	SET	9.506380e-01	1.100350e-04
2	SET	1.000650e+00	1.100390e-04
2	SET	1.050690e+00	1.100390e-04
2	SET	1.100720e+00	1.100370e-04
2	SET	1.150770e+00	1.100380e-04
2	SET	1.200800e+00	1.100380e-04
2	SET	1.250860e+00	1.100330e-04
2	SET	1.300890e+00	1.100320e-04
2	SET	1.350920e+00	1.100380e-04
2	SET	1.400930e+00	1.100380e-04
2	SET	1.451020e+00	1.100350e-04
2	SET	1.501000e+00	1.100360e-04
2	SET	1.551060e+00	1.100320e-04
2	SET	1.601090e+00	1.100360e-04
2	SET	1.651140e+00	1.100400e-04
2	SET	1.701150e+00	1.100390e-04
2	SET	1.751210e+00	1.100360e-04
2	SET	1.801210e+00	1.100350e-04
2	SET	1.851270e+00	1.100440e-04
2	SET	1.901310e+00	1.100390e-04
2	SET	1.951350e+00	1.100390e-04
2	SET	2.001370e+00	1.100390e-04
2	SET	2.050300e+00	1.100380e-04
2	SET	2.100190e+00	1.100350e-04
2	SET	2.150370e+00	1.100400e-04
2	SET	2.200530e+00	1.100350e-04
2	SET	2.250490e+00	1.100370e-04
2	SET	2.300270e+00	1.100340e-04
2	SET	2.350540e+00	1.100400e-04
2	SET	2.400460e+00	1.100380e-04
2	SET	2.450540e+00	1.100430e-04
2	SET	2.500770e+00	1.100390e-04
2	SET	2.550750e+00	1.100360e-04
2	SET	2.600790e+00	1.100420e-04
2	SET	2.650750e+00	1.100400e-04
2	SET	2.700960e+00	1.100370e-04
2	SET	2.750750e+00	1.100360e-04
2	SET	2.800890e+00	1.100430e-04
2	SET	2.851000e+00	1.100440e-04
2	SET	2.901160e+00	1.100420e-04
2	SET	2.951050e+00	1.100400e-04
2	SET	3.001080e+00	1.100330e-04
2	SET	3.001120e+00	1.100340e-04
2	SET	2.951090e+00	1.100390e-04
2	SET	2.901030e+00	1.100400e-04
2	SET	2.851080e+00	1.100420e-04
2	SET	2.800810e+00	1.100390e-04
2	SET	2.750810e+00	1.100430e-04
2	SET	2.700850e+00	1.100380e-04
2	SET	2.650540e+00	1.100350e-04
2	SET	2.600690e+00	1.100390e-04
2	SET	2.550960e+00	1.100390e-04
2	SET	2.500700e+00	1.100400e-04
2	SET	2.450530e+00	1.100360e-04
2	SET	2.400590e+00	1.100390e-04
2	SET	2.350770e+00	1.100430e-04
2	SET	2.300280e+00	1.100340e-04
2	SET	2.250600e+00	1.100370e-04
2	SET	2.200560e+00	1.100430e-04
2	SET	2.150420e+00	1.100360e-04
2	SET	2.100130e+00	1.100370e-04
2	SET	2.050000e+00	1.100340e-04
2	SET	2.001360e+00	1.100370e-04
2	SET	1.951330e+00	1.100380e-04
2	SET	1.901290e+00	1.100320e-04
2	SET	1.851280e+00	1.100360e-04
2	SET	1.801230e+00	1.100340e-04
2	SET	1.751190e+00	1.100320e-04
2	SET	1.701160e+00	1.100380e-04
2	SET	1.651130e+00	1.100330e-04
2	SET	1.601060e+00	1.100380e-04
2	SET	1.551070e+00	1.100400e-04
2	SET	1.501010e+00	1.100360e-04
2	SET	1.451000e+00	1.100390e-04
2	SET	1.400940e+00	1.100360e-04
2	SET	1.350920e+00	1.100350e-04
2	SET	1.300860e+00	1.100390e-04
2	SET	1.250860e+00	1.100390e-04
2	SET	1.200790e+00	1.100370e-04
2	SET	1.150770e+00	1.100350e-04
2	SET	1.100710e+00	1.100370e-04
2	SET	1.050710e+00	1.100370e-04
2	SET	1.000640e+00	1.100360e-04
2	SET	9.506130e-01	1.100340e-04
2	SET	9.005670e-01	1.100360e-04
2	SET	8.505520e-01	1.100390e-04
2	SET	8.004740e-01	1.100370e-04
2	SET	7.504630e-01	1.100420e-04
2	SET	7.003900e-01	1.100370e-04
2	SET	6.503900e-01	1.100350e-04
2	SET	6.002880e-01	1.100400e-04
2	SET	5.502890e-01	1.100390e-04
2	SET	5.002220e-01	1.100360e-04
2	SET	4.502040e-01	1.100400e-04
2	SET	4.001630e-01	1.100370e-04
2	SET	3.501110e-01	1.100330e-04
2	SET	3.000810e-01	1.100330e-04
2	SET	2.500610e-01	1.100330e-04
2	SET	2.001370e-01	1.100360e-04
2	SET	1.501020e-01	1.100380e-04
2	SET	1.000600e-01	8.346770e-05
2	SET	5.001550e-02	4.056850e-05
2	SET	-2.074240e-05	-2.357360e-08
2	RESET	-1.714230e-05	-1.624950e-09
2	RESET	-4.997880e-02	-3.519850e-05
2	RESET	-1.000700e-01	-7.190990e-05
2	RESET	-1.501170e-01	-1.107990e-04
2	RESET	-2.001530e-01	-1.529010e-04
2	RESET	-2.503000e-01	-1.987160e-04
2	RESET	-3.003490e-01	-2.429340e-04
2	RESET	-3.503800e-01	-2.875370e-04
2	RESET	-4.004470e-01	-2.584380e-04
2	RESET	-4.504560e-01	-1.197280e-04
2	RESET	-5.005080e-01	-1.196850e-04
2	RESET	-5.505550e-01	-1.265730e-04
2	RESET	-6.006200e-01	-1.261430e-04
2	RESET	-6.506350e-01	-1.259450e-04
2	RESET	-7.006750e-01	-1.191410e-04
2	RESET	-7.507390e-01	-1.337920e-04
2	RESET	-8.007840e-01	-1.028840e-04
2	RESET	-8.507890e-01	-8.817700e-05
2	RESET	-9.008540e-01	-6.441610e-05
2	RESET	-9.509110e-01	-7.536150e-05
2	RESET	-1.000950e+00	-8.506590e-05
2	RESET	-1.050960e+00	-8.121600e-05
2	RESET	-1.101030e+00	-8.709660e-05
2	RESET	-1.151070e+00	-9.785730e-05
2	RESET	-1.201090e+00	-1.028270e-04
2	RESET	-1.251150e+00	-1.141120e-04
2	RESET	-1.301170e+00	-1.246700e-04
2	RESET	-1.351240e+00	-1.358450e-04
2	RESET	-1.401230e+00	-1.392530e-04
2	RESET	-1.451300e+00	-1.536780e-04
2	RESET	-1.501310e+00	-1.702600e-04
2	RESET	-1.551380e+00	-1.839140e-04
2	RESET	-1.601380e+00	-1.984650e-04
2	RESET	-1.651420e+00	-2.140750e-04
2	RESET	-1.701450e+00	-2.564930e-04
2	RESET	-1.751510e+00	-2.642120e-04
2	RESET	-1.801510e+00	-2.809860e-04
2	RESET	-1.851580e+00	-3.116090e-04
2	RESET	-1.901600e+00	-3.451070e-04
2	RESET	-1.951630e+00	-3.833360e-04
2	RESET	-2.001640e+00	-4.189880e-04
2	RESET	-2.001660e+00	-4.274050e-04
2	RESET	-1.951630e+00	-3.827250e-04
2	RESET	-1.901610e+00	-3.530550e-04
2	RESET	-1.851560e+00	-3.270260e-04
2	RESET	-1.801510e+00	-3.068850e-04
2	RESET	-1.751530e+00	-2.812990e-04
2	RESET	-1.701470e+00	-2.440810e-04
2	RESET	-1.651460e+00	-2.253570e-04
2	RESET	-1.601390e+00	-2.057100e-04
2	RESET	-1.551350e+00	-1.871100e-04
2	RESET	-1.501310e+00	-1.733300e-04
2	RESET	-1.451290e+00	-1.593510e-04
2	RESET	-1.401250e+00	-1.436400e-04
2	RESET	-1.351250e+00	-1.306490e-04
2	RESET	-1.301160e+00	-1.206630e-04
2	RESET	-1.251150e+00	-1.096960e-04
2	RESET	-1.201090e+00	-9.934720e-05
2	RESET	-1.151080e+00	-8.980920e-05
2	RESET	-1.101000e+00	-8.075580e-05
2	RESET	-1.050950e+00	-7.192660e-05
2	RESET	-1.000950e+00	-6.357650e-05
2	RESET	-9.508960e-01	-5.642850e-05
2	RESET	-9.008580e-01	-4.951740e-05
2	RESET	-8.508060e-01	-4.309440e-05
2	RESET	-8.007750e-01	-3.711200e-05
2	RESET	-7.507380e-01	-3.107850e-05
2	RESET	-7.007090e-01	-2.657260e-05
2	RESET	-6.506460e-01	-2.187290e-05
2	RESET	-6.006000e-01	-1.779670e-05
2	RESET	-5.505620e-01	-1.438500e-05
2	RESET	-5.005280e-01	-1.173940e-05
2	RESET	-4.504640e-01	-9.383120e-06
2	RESET	-4.004370e-01	-7.670830e-06
2	RESET	-3.504020e-01	-6.081730e-06
2	RESET	-3.003530e-01	-4.639940e-06
2	RESET	-2.503000e-01	-3.384660e-06
2	RESET	-2.001620e-01	-2.468530e-06
2	RESET	-1.501220e-01	-1.695300e-06
2	RESET	-1.000740e-01	-1.047570e-06
2	RESET	-5.003350e-02	-4.850740e-07
2	RESET	-1.957420e-05	-7.297990e-11
3	SET	-1.487730e-05	-2.490280e-10
3	SET	5.000790e-02	4.535780e-07
3	SET	1.000660e-01	8.455090e-07
3	SET	1.501060e-01	1.375920e-06
3	SET	2.001470e-01	1.973060e-06
3	SET	2.500480e-01	2.682040e-06
3	SET	3.000910e-01	5.622880e-06
3	SET	3.501350e-01	7.235370e-06
3	SET	4.002260e-01	7.873330e-06
3	SET	4.502110e-01	9.133880e-06
3	SET	5.002420e-01	1.100390e-04
3	SET	5.502890e-01	1.100360e-04
3	SET	6.003070e-01	1.100380e-04
3	SET	6.503940e-01	1.100380e-04
3	SET	7.004010e-01	1.100410e-04
3	SET	7.504780e-01	1.100360e-04
3	SET	8.004850e-01	1.100370e-04
3	SET	8.505590e-01	1.100330e-04
3	SET	9.005670e-01	1.100380e-04
3	SET	9.506380e-01	1.100340e-04
3	SET	1.000660e+00	1.100350e-04
3	SET	1.050690e+00	1.100390e-04
3	SET	1.100720e+00	1.100370e-04
3	SET	1.150770e+00	1.100360e-04
3	SET	1.200820e+00	1.100340e-04
3	SET	1.250870e+00	1.100310e-04
3	SET	1.300880e+00	1.100350e-04
3	SET	1.350930e+00	1.100380e-04
3	SET	1.400940e+00	1.100330e-04
3	SET	1.451010e+00	1.100360e-04
3	SET	1.501000e+00	1.100360e-04
3	SET	1.551050e+00	1.100350e-04
3	SET	1.601110e+00	1.100370e-04
3	SET	1.651120e+00	1.100320e-04
3	SET	1.701170e+00	1.100380e-04
3	SET	1.751210e+00	1.100380e-04
3	SET	1.801230e+00	1.100350e-04
3	SET	1.851280e+00	1.100380e-04
3	SET	1.901300e+00	1.100340e-04
3	SET	1.951350e+00	1.100340e-04
3	SET	2.001380e+00	1.100360e-04
3	SET	2.050100e+00	1.100370e-04
3	SET	2.100220e+00	1.100340e-04
3	SET	2.150680e+00	1.100430e-04
3	SET	2.200550e+00	1.100370e-04
3	SET	2.250580e+00	1.100340e-04
3	SET	2.300390e+00	1.100420e-04
3	SET	2.350730e+00	1.100360e-04
3	SET	2.400600e+00	1.100360e-04
3	SET	2.450430e+00	1.100370e-04
3	SET	2.500870e+00	1.100430e-04
3	SET	2.550840e+00	1.100380e-04
3	SET	2.600770e+00	1.100350e-04
3	SET	2.650700e+00	1.100370e-04
3	SET	2.701090e+00	1.100390e-04
3	SET	2.750970e+00	1.100370e-04
3	SET	2.800860e+00	1.100380e-04
3	SET	2.851300e+00	1.100420e-04
3	SET	2.901150e+00	1.100420e-04
3	SET	2.951060e+00	1.100390e-04
3	SET	3.001110e+00	1.100330e-04
3	SET	3.000960e+00	1.100320e-04
3	SET	2.951040e+00	1.100360e-04
3	SET	2.901040e+00	1.100380e-04
3	SET	2.851000e+00	1.100440e-04
3	SET	2.800880e+00	1.100390e-04
3	SET	2.750870e+00	1.100360e-04
3	SET	2.701160e+00	1.100330e-04
3	SET	2.650780e+00	1.100310e-04
3	SET	2.600880e+00	1.100380e-04
3	SET	2.550820e+00	1.100380e-04
3	SET	2.500830e+00	1.100390e-04
3	SET	2.450350e+00	1.100360e-04
3	SET	2.400600e+00	1.100340e-04
3	SET	2.350770e+00	1.100380e-04
3	SET	2.300470e+00	1.100360e-04
3	SET	2.250500e+00	1.100350e-04
3	SET	2.200680e+00	1.100390e-04
3	SET	2.150610e+00	1.100390e-04
3	SET	2.100060e+00	1.100390e-04
3	SET	2.050280e+00	1.100360e-04
3	SET	2.001370e+00	1.100380e-04
3	SET	1.951360e+00	1.100390e-04
3	SET	1.901300e+00	1.100360e-04
3	SET	1.851300e+00	1.100400e-04
3	SET	1.801240e+00	1.100360e-04
3	SET	1.751210e+00	1.100380e-04
3	SET	1.701160e+00	1.100360e-04
3	SET	1.651140e+00	1.100340e-04
3	SET	1.601100e+00	1.100370e-04
3	SET	1.551060e+00	1.100310e-04
3	SET	1.501000e+00	1.100340e-04
3	SET	1.451010e+00	1.100330e-04
3	SET	1.400960e+00	1.100390e-04
3	SET	1.350930e+00	1.100370e-04
3	SET	1.300860e+00	1.100390e-04
3	SET	1.250870e+00	1.100330e-04
3	SET	1.200790e+00	1.100340e-04
3	SET	1.150780e+00	1.100390e-04
3	SET	1.100720e+00	1.100340e-04
3	SET	1.050720e+00	1.100360e-04
3	SET	1.000660e+00	1.100350e-04
3	SET	9.506300e-01	1.100330e-04
3	SET	9.005610e-01	1.100340e-04
3	SET	8.505570e-01	1.100370e-04
3	SET	8.004820e-01	1.100400e-04
3	SET	7.504510e-01	1.100360e-04
3	SET	7.004120e-01	1.100340e-04
3	SET	6.504010e-01	1.100380e-04
3	SET	6.003090e-01	1.100390e-04
3	SET	5.502970e-01	1.100370e-04
3	SET	5.002370e-01	1.100390e-04
3	SET	4.502090e-01	1.100390e-04
3	SET	4.001420e-01	1.100360e-04
3	SET	3.501480e-01	1.100270e-04
3	SET	3.000770e-01	1.100330e-04
3	SET	2.500730e-01	1.100370e-04
3	SET	2.001450e-01	1.100380e-04
3	SET	1.501070e-01	1.017750e-04
3	SET	1.000650e-01	6.580490e-05
3	SET	5.003280e-02	3.171210e-05
3	SET	-1.208780e-05	-1.407830e-08
3	RESET	-1.082420e-05	1.184230e-10
3	RESET	-4.997430e-02	-8.278440e-06
3	RESET	-1.000730e-01	-1.622460e-05
3	RESET	-1.501180e-01	-2.565460e-05
3	RESET	-2.001550e-01	-3.564240e-05
3	RESET	-2.502930e-01	-4.060460e-05
3	RESET	-3.003580e-01	-3.831460e-05
3	RESET	-3.503800e-01	-5.785450e-05
3	RESET	-4.004550e-01	-7.587690e-05
3	RESET	-4.504570e-01	-8.780300e-05
3	RESET	-5.005210e-01	-9.035870e-05
3	RESET	-5.505670e-01	-1.049740e-04
3	RESET	-6.006090e-01	-1.067580e-04
3	RESET	-6.506320e-01	-7.387340e-05
3	RESET	-7.006910e-01	-6.942620e-05
3	RESET	-7.507430e-01	-6.915250e-05
3	RESET	-8.007920e-01	-5.523530e-05
3	RESET	-8.508110e-01	-5.995250e-05
3	RESET	-9.008600e-01	-7.393330e-05
3	RESET	-9.508810e-01	-6.677210e-05
3	RESET	-1.000950e+00	-6.206400e-05
3	RESET	-1.050950e+00	-7.121260e-05
3	RESET	-1.101010e+00	-7.090190e-05
3	RESET	-1.151080e+00	-7.985380e-05
3	RESET	-1.201080e+00	-9.205310e-05
3	RESET	-1.251170e+00	-1.071410e-04
3	RESET	-1.301190e+00	-1.223740e-04
3	RESET	-1.351250e+00	-1.320270e-04
3	RESET	-1.401250e+00	-1.508950e-04
3	RESET	-1.451300e+00	-1.595790e-04
3	RESET	-1.501310e+00	-1.726580e-04
3	RESET	-1.551380e+00	-1.853550e-04
3	RESET	-1.601400e+00	-2.350830e-04
3	RESET	-1.651440e+00	-2.473580e-04
3	RESET	-1.701470e+00	-2.431010e-04
3	RESET	-1.751500e+00	-2.551800e-04
3	RESET	-1.801530e+00	-2.811170e-04
3	RESET	-1.851600e+00	-3.062700e-04
3	RESET	-1.901620e+00	-3.318610e-04
3	RESET	-1.951640e+00	-3.622710e-04
3	RESET	-2.001660e+00	-4.054630e-04
3	RESET	-2.001680e+00	-4.361260e-04
3	RESET	-1.951650e+00	-4.006030e-04
3	RESET	-1.901620e+00	-3.680170e-04
3	RESET	-1.851590e+00	-3.290890e-04
3	RESET	-1.801510e+00	-2.945530e-04
3	RESET	-1.751500e+00	-2.733460e-04
3	RESET	-1.701480e+00	-2.525620e-04
3	RESET	-1.651450e+00	-2.323910e-04
3	RESET	-1.601390e+00	-2.123120e-04
3	RESET	-1.551380e+00	-1.920810e-04
3	RESET	-1.501330e+00	-1.785170e-04
3	RESET	-1.451290e+00	-1.637380e-04
3	RESET	-1.401250e+00	-1.503980e-04
3	RESET	-1.351230e+00	-1.376290e-04
3	RESET	-1.301190e+00	-1.246400e-04
3	RESET	-1.251160e+00	-1.133340e-04
3	RESET	-1.201120e+00	-1.031820e-04
3	RESET	-1.151070e+00	-9.380270e-05
3	RESET	-1.101010e+00	-8.377260e-05
3	RESET	-1.050970e+00	-7.340310e-05
3	RESET	-1.000940e+00	-6.450850e-05
3	RESET	-9.508890e-01	-5.629030e-05
3	RESET	-9.008520e-01	-4.915590e-05
3	RESET	-8.507910e-01	-4.205470e-05
3	RESET	-8.007870e-01	-3.608920e-05
3	RESET	-7.507270e-01	-3.049480e-05
3	RESET	-7.006720e-01	-2.540330e-05
3	RESET	-6.506320e-01	-2.119360e-05
3	RESET	-6.006110e-01	-1.746040e-05
3	RESET	-5.505510e-01	-1.380610e-05
3	RESET	-5.005290e-01	-1.146740e-05
3	RESET	-4.504510e-01	-8.895720e-06
3	RESET	-4.004290e-01	-7.244520e-06
3	RESET	-3.504050e-01	-5.576050e-06
3	RESET	-3.003460e-01	-4.237090e-06
3	RESET	-2.502930e-01	-3.055770e-06
3	RESET	-2.001590e-01	-2.201860e-06
3	RESET	-1.501190e-01	-1.484570e-06
3	RESET	-1.000740e-01	-8.612590e-07
3	RESET	-5.003590e-02	-3.828080e-07
3	RESET	-1.802440e-05	-2.127290e-10
4	SET	-2.379420e-05	-8.366110e-11
4	SET	5.000630e-02	3.887760e-07
4	SET	1.000650e-01	7.660380e-07
4	SET	1.501030e-01	1.306430e-06
4	SET	2.001430e-01	1.962990e-06
4	SET	2.500460e-01	2.761000e-06
4	SET	3.000540e-01	4.617770e-06
4	SET	3.500850e-01	3.685480e-05
4	SET	4.001460e-01	5.527230e-05
4	SET	4.502110e-01	7.534810e-05
4	SET	5.002270e-01	9.422000e-05
4	SET	5.502860e-01	1.088600e-04
4	SET	6.003130e-01	1.100390e-04
4	SET	6.503820e-01	1.100420e-04
4	SET	7.004190e-01	1.100410e-04
4	SET	7.504600e-01	1.100420e-04
4	SET	8.004650e-01	1.100370e-04
4	SET	8.505530e-01	1.100360e-04
4	SET	9.005660e-01	1.100410e-04
4	SET	9.506420e-01	1.100390e-04
4	SET	1.000650e+00	1.100420e-04
4	SET	1.050710e+00	1.100360e-04
4	SET	1.100710e+00	1.100370e-04
4	SET	1.150780e+00	1.100340e-04
4	SET	1.200790e+00	1.100340e-04
4	SET	1.250860e+00	1.100350e-04
4	SET	1.300890e+00	1.100340e-04
4	SET	1.350950e+00	1.100350e-04
4	SET	1.400950e+00	1.100400e-04
4	SET	1.451010e+00	1.100330e-04
4	SET	1.501030e+00	1.100350e-04
4	SET	1.551040e+00	1.100330e-04
4	SET	1.601090e+00	1.100330e-04
4	SET	1.651140e+00	1.100370e-04
4	SET	1.701170e+00	1.100340e-04
4	SET	1.751210e+00	1.100370e-04
4	SET	1.801220e+00	1.100390e-04
4	SET	1.851280e+00	1.100360e-04
4	SET	1.901300e+00	1.100360e-04
4	SET	1.951350e+00	1.100390e-04
4	SET	2.001390e+00	1.100390e-04
4	SET	2.050400e+00	1.100350e-04
4	SET	2.100220e+00	1.100430e-04
4	SET	2.150670e+00	1.100390e-04
4	SET	2.200740e+00	1.100390e-04
4	SET	2.250550e+00	1.100350e-04
4	SET	2.300660e+00	1.100350e-04
4	SET	2.350550e+00	1.100380e-04
4	SET	2.400750e+00	1.100360e-04
4	SET	2.450470e+00	1.100410e-04
4	SET	2.500810e+00	1.100380e-04
4	SET	2.550950e+00	1.100370e-04
4	SET	2.600840e+00	1.100380e-04
4	SET	2.650860e+00	1.100350e-04
4	SET	2.701020e+00	1.100400e-04
4	SET	2.750950e+00	1.100360e-04
4	SET	2.800960e+00	1.100420e-04
4	SET	2.851200e+00	1.100390e-04
4	SET	2.901050e+00	1.100380e-04
4	SET	2.951320e+00	1.100380e-04
4	SET	3.001340e+00	1.100360e-04
4	SET	3.000960e+00	1.100330e-04
4	SET	2.951090e+00	1.100370e-04
4	SET	2.901100e+00	1.100390e-04
4	SET	2.851110e+00	1.100410e-04
4	SET	2.800880e+00	1.100390e-04
4	SET	2.750970e+00	1.100350e-04
4	SET	2.701000e+00	1.100370e-04
4	SET	2.650850e+00	1.100360e-04
4	SET	2.600830e+00	1.100380e-04
4	SET	2.550750e+00	1.100390e-04
4	SET	2.500700e+00	1.100350e-04
4	SET	2.450520e+00	1.100370e-04
4	SET	2.400570e+00	1.100390e-04
4	SET	2.350690e+00	1.100340e-04
4	SET	2.300480e+00	1.100390e-04
4	SET	2.250400e+00	1.100340e-04
4	SET	2.200610e+00	1.100400e-04
4	SET	2.150650e+00	1.100390e-04
4	SET	2.100400e+00	1.100360e-04
4	SET	2.050160e+00	1.100410e-04
4	SET	2.001390e+00	1.100390e-04
4	SET	1.951340e+00	1.100340e-04
4	SET	1.901310e+00	1.100390e-04
4	SET	1.851290e+00	1.100350e-04
4	SET	1.801220e+00	1.100370e-04
4	SET	1.751210e+00	1.100340e-04
4	SET	1.701140e+00	1.100380e-04
4	SET	1.651140e+00	1.100350e-04
4	SET	1.601100e+00	1.100370e-04
4	SET	1.551060e+00	1.100380e-04
4	SET	1.501010e+00	1.100400e-04
4	SET	1.451000e+00	1.100400e-04
4	SET	1.400940e+00	1.100350e-04
4	SET	1.350920e+00	1.100350e-04
4	SET	1.300880e+00	1.100390e-04
4	SET	1.250850e+00	1.100380e-04
4	SET	1.200800e+00	1.100360e-04
4	SET	1.150760e+00	1.100390e-04
4	SET	1.100710e+00	1.100360e-04
4	SET	1.050690e+00	1.100380e-04
4	SET	1.000660e+00	1.100360e-04
4	SET	9.506440e-01	1.100340e-04
4	SET	9.005380e-01	1.100390e-04
4	SET	8.505490e-01	1.100370e-04
4	SET	8.004780e-01	1.100370e-04
4	SET	7.504490e-01	1.100360e-04
4	SET	7.003930e-01	1.100390e-04
4	SET	6.503910e-01	1.100370e-04
4	SET	6.002990e-01	1.100410e-04
4	SET	5.502940e-01	1.100370e-04
4	SET	5.002400e-01	1.100390e-04
4	SET	4.502220e-01	1.100420e-04
4	SET	4.001360e-01	1.100380e-04
4	SET	3.501430e-01	1.100300e-04
4	SET	3.000560e-01	1.100340e-04
4	SET	2.500640e-01	1.100350e-04
4	SET	2.001360e-01	9.750180e-05
4	SET	1.501010e-01	7.055270e-05
4	SET	1.000630e-01	4.591200e-05
4	SET	5.001650e-02	2.235170e-05
4	SET	-2.055170e-05	-1.297930e-08
4	RESET	-2.074240e-05	-8.139250e-10
4	RESET	-5.004840e-02	-6.913300e-06
4	RESET	-1.000870e-01	-3.411400e-06
4	RESET	-1.501310e-01	-5.672770e-06
4	RESET	-2.001490e-01	-8.354310e-06
4	RESET	-2.503010e-01	-7.922580e-06
4	RESET	-3.003430e-01	-1.037180e-05
4	RESET	-3.504070e-01	-1.562760e-05
4	RESET	-4.004550e-01	-2.082640e-05
4	RESET	-4.504680e-01	-3.732380e-05
4	RESET	-5.005300e-01	-5.459770e-05
4	RESET	-5.505720e-01	-7.246340e-05
4	RESET	-6.006260e-01	-7.265890e-05
4	RESET	-6.506090e-01	-7.530900e-05
4	RESET	-7.007090e-01	-8.076850e-05
4	RESET	-7.507410e-01	-7.209430e-05
4	RESET	-8.007860e-01	-7.376750e-05
4	RESET	-8.508010e-01	-7.165130e-05
4	RESET	-9.008520e-01	-7.783510e-05
4	RESET	-9.508930e-01	-7.768910e-05
4	RESET	-1.000940e+00	-6.876190e-05
4	RESET	-1.050970e+00	-6.900070e-05
4	RESET	-1.101010e+00	-7.324710e-05
4	RESET	-1.151080e+00	-8.387900e-05
4	RESET	-1.201070e+00	-9.352500e-05
4	RESET	-1.251160e+00	-1.060480e-04
4	RESET	-1.301190e+00	-1.143580e-04
4	RESET	-1.351240e+00	-1.263290e-04
4	RESET	-1.401240e+00	-1.350830e-04
4	RESET	-1.451300e+00	-1.498040e-04
4	RESET	-1.501340e+00	-1.629600e-04
4	RESET	-1.551370e+00	-2.001700e-04
4	RESET	-1.601400e+00	-2.066540e-04
4	RESET	-1.651460e+00	-2.229830e-04
4	RESET	-1.701480e+00	-2.370620e-04
4	RESET	-1.751520e+00	-2.534840e-04
4	RESET	-1.801530e+00	-2.688750e-04
4	RESET	-1.851580e+00	-2.947530e-04
4	RESET	-1.901620e+00	-3.196840e-04
4	RESET	-1.951660e+00	-3.475640e-04
4	RESET	-2.001670e+00	-3.717680e-04
4	RESET	-2.001690e+00	-3.735520e-04
4	RESET	-1.951650e+00	-3.462810e-04
4	RESET	-1.901620e+00	-3.139300e-04
4	RESET	-1.851580e+00	-2.843720e-04
4	RESET	-1.801520e+00	-2.651710e-04
4	RESET	-1.751490e+00	-2.440430e-04
4	RESET	-1.701470e+00	-2.239610e-04
4	RESET	-1.651450e+00	-2.060150e-04
4	RESET	-1.601380e+00	-1.893820e-04
4	RESET	-1.551360e+00	-1.730130e-04
4	RESET	-1.501340e+00	-1.598900e-04
4	RESET	-1.451290e+00	-1.475950e-04
4	RESET	-1.401260e+00	-1.350630e-04
4	RESET	-1.351240e+00	-1.231700e-04
4	RESET	-1.301190e+00	-1.130540e-04
4	RESET	-1.251150e+00	-1.011930e-04
4	RESET	-1.201100e+00	-9.270530e-05
4	RESET	-1.151080e+00	-8.181850e-05
4	RESET	-1.101020e+00	-7.347090e-05
4	RESET	-1.050950e+00	-6.635130e-05
4	RESET	-1.000950e+00	-5.858650e-05
4	RESET	-9.508890e-01	-5.096800e-05
4	RESET	-9.008630e-01	-4.439130e-05
4	RESET	-8.508100e-01	-3.874580e-05
4	RESET	-8.007970e-01	-3.343590e-05
4	RESET	-7.507270e-01	-2.818810e-05
4	RESET	-7.006930e-01	-2.348940e-05
4	RESET	-6.506280e-01	-1.980460e-05
4	RESET	-6.006140e-01	-1.622380e-05
4	RESET	-5.505690e-01	-1.296920e-05
4	RESET	-5.005250e-01	-1.029670e-05
4	RESET	-4.504850e-01	-7.979400e-06
4	RESET	-4.004550e-01	-6.371950e-06
4	RESET	-3.503820e-01	-5.149670e-06
4	RESET	-3.003580e-01	-4.129470e-06
4	RESET	-2.503220e-01	-2.909070e-06
4	RESET	-2.001610e-01	-2.060850e-06
4	RESET	-1.501260e-01	-1.361210e-06
4	RESET	-1.000780e-01	-8.587500e-07
4	RESET	-5.003550e-02	-3.975650e-07
4	RESET	-1.552100e-05	-1.403690e-10
5	SET	-1.354220e-05	2.295370e-10
5	SET	5.000950e-02	3.940310e-07
5	SET	1.000700e-01	7.479950e-07
5	SET	1.501040e-01	1.168410e-06
5	SET	2.001430e-01	1.692310e-06
5	SET	2.500730e-01	2.347880e-06
5	SET	3.000720e-01	3.066650e-06
5	SET	3.501100e-01	4.089400e-06
5	SET	4.001630e-01	6.052080e-06
5	SET	4.502020e-01	6.714080e-06
5	SET	5.002000e-01	2.057910e-05
5	SET	5.502790e-01	4.344920e-05
5	SET	6.003150e-01	4.947620e-05
5	SET	6.503900e-01	1.100330e-04
5	SET	7.004060e-01	1.100360e-04
5	SET	7.504450e-01	1.100360e-04
5	SET	8.004810e-01	1.100360e-04
5	SET	8.505600e-01	1.100360e-04
5	SET	9.005660e-01	1.100380e-04
5	SET	9.506130e-01	1.100320e-04
5	SET	1.000650e+00	1.100400e-04
5	SET	1.050710e+00	1.101080e-04
5	SET	1.100720e+00	1.100360e-04
5	SET	1.150760e+00	1.100330e-04
5	SET	1.200800e+00	1.100380e-04
5	SET	1.250870e+00	1.100370e-04
5	SET	1.300910e+00	1.100360e-04
5	SET	1.350940e+00	1.100330e-04
5	SET	1.400960e+00	1.100360e-04
5	SET	1.451000e+00	1.100370e-04
5	SET	1.501010e+00	1.100380e-04
5	SET	1.551060e+00	1.100320e-04
5	SET	1.601080e+00	1.100360e-04
5	SET	1.651140e+00	1.100380e-04
5	SET	1.701140e+00	1.100390e-04
5	SET	1.751220e+00	1.100340e-04
5	SET	1.801240e+00	1.100370e-04
5	SET	1.851270e+00	1.100390e-04
5	SET	1.901310e+00	1.100400e-04
5	SET	1.951350e+00	1.100380e-04
5	SET	2.001370e+00	1.100380e-04
5	SET	2.050380e+00	1.100340e-04
5	SET	2.100110e+00	1.100390e-04
5	SET	2.150660e+00	1.100420e-04
5	SET	2.200590e+00	1.100390e-04
5	SET	2.250520e+00	1.100340e-04
5	SET	2.300490e+00	1.100390e-04
5	SET	2.350560e+00	1.100380e-04
5	SET	2.400630e+00	1.100380e-04
5	SET	2.450350e+00	1.100380e-04
5	SET	2.500760e+00	1.100420e-04
5	SET	2.550780e+00	1.100390e-04
5	SET	2.600670e+00	1.100420e-04
5	SET	2.650540e+00	1.100340e-04
5	SET	2.700880e+00	1.100370e-04
5	SET	2.750910e+00	1.100420e-04
5	SET	2.800750e+00	1.100390e-04
5	SET	2.851010e+00	1.100400e-04
5	SET	2.901180e+00	1.100440e-04
5	SET	2.951090e+00	1.100370e-04
5	SET	3.001100e+00	1.100320e-04
5	SET	3.000960e+00	1.100360e-04
5	SET	2.950940e+00	1.100380e-04
5	SET	2.901150e+00	1.100370e-04
5	SET	2.851070e+00	1.100380e-04
5	SET	2.800730e+00	1.100410e-04
5	SET	2.750880e+00	1.100380e-04
5	SET	2.701150e+00	1.100380e-04
5	SET	2.650560e+00	1.100380e-04
5	SET	2.600830e+00	1.100370e-04
5	SET	2.550730e+00	1.100370e-04
5	SET	2.500770e+00	1.100420e-04
5	SET	2.450490e+00	1.100390e-04
5	SET	2.400640e+00	1.100380e-04
5	SET	2.350620e+00	1.100380e-04
5	SET	2.300420e+00	1.100350e-04
5	SET	2.250470e+00	1.100350e-04
5	SET	2.200620e+00	1.100400e-04
5	SET	2.150600e+00	1.100330e-04
5	SET	2.100190e+00	1.100380e-04
5	SET	2.050180e+00	1.100390e-04
5	SET	2.001390e+00	1.100390e-04
5	SET	1.951350e+00	1.100370e-04
5	SET	1.901300e+00	1.100400e-04
5	SET	1.851280e+00	1.100360e-04
5	SET	1.801240e+00	1.100360e-04
5	SET	1.751220e+00	1.100360e-04
5	SET	1.701150e+00	1.100350e-04
5	SET	1.651130e+00	1.100340e-04
5	SET	1.601100e+00	1.100330e-04
5	SET	1.551090e+00	1.100360e-04
5	SET	1.501010e+00	1.100360e-04
5	SET	1.451000e+00	1.100320e-04
5	SET	1.400950e+00	1.100350e-04
5	SET	1.350960e+00	1.100360e-04
5	SET	1.300890e+00	1.100320e-04
5	SET	1.250860e+00	1.100350e-04
5	SET	1.200820e+00	1.100330e-04
5	SET	1.150770e+00	1.100340e-04
5	SET	1.100720e+00	1.100370e-04
5	SET	1.050690e+00	1.100360e-04
5	SET	1.000680e+00	1.100310e-04
5	SET	9.506200e-01	1.100350e-04
5	SET	9.005780e-01	1.100330e-04
5	SET	8.505530e-01	1.100370e-04
5	SET	8.004930e-01	1.100360e-04
5	SET	7.504620e-01	1.100370e-04
5	SET	7.003960e-01	1.100360e-04
5	SET	6.503910e-01	1.100350e-04
5	SET	6.003000e-01	1.100340e-04
5	SET	5.502820e-01	1.100350e-04
5	SET	5.002160e-01	1.100350e-04
5	SET	4.502200e-01	1.100370e-04
5	SET	4.001610e-01	1.100400e-04
5	SET	3.501210e-01	1.100320e-04
5	SET	3.000770e-01	1.100360e-04
5	SET	2.500490e-01	1.100370e-04
5	SET	2.001330e-01	1.100400e-04
5	SET	1.500940e-01	1.063110e-04
5	SET	1.000610e-01	6.763350e-05
5	SET	5.002280e-02	3.263270e-05
5	SET	-2.136230e-05	-1.780600e-08
5	RESET	-2.110000e-05	-8.751270e-10
5	RESET	-4.998160e-02	-2.874160e-05
5	RESET	-1.000790e-01	-5.801700e-05
5	RESET	-1.501210e-01	-8.972070e-05
5	RESET	-2.001610e-01	-1.229600e-04
5	RESET	-2.503150e-01	-1.588820e-04
5	RESET	-3.003550e-01	-2.026930e-04
5	RESET	-3.503960e-01	-2.373290e-04
5	RESET	-4.004670e-01	-1.020130e-04
5	RESET	-4.504590e-01	-6.532190e-05
5	RESET	-5.005180e-01	-5.867810e-05
5	RESET	-5.505570e-01	-8.041760e-05
5	RESET	-6.006260e-01	-9.389450e-05
5	RESET	-6.506560e-01	-8.805200e-05
5	RESET	-7.006950e-01	-9.337500e-05
5	RESET	-7.507260e-01	-1.025820e-04
5	RESET	-8.007830e-01	-8.455350e-05
5	RESET	-8.507880e-01	-8.213640e-05
5	RESET	-9.008710e-01	-8.436450e-05
5	RESET	-9.508920e-01	-8.275590e-05
5	RESET	-1.000910e+00	-8.261140e-05
5	RESET	-1.050950e+00	-1.025810e-04
5	RESET	-1.101020e+00	-8.701540e-05
5	RESET	-1.151080e+00	-8.234420e-05
5	RESET	-1.201090e+00	-9.556550e-05
5	RESET	-1.251150e+00	-1.028210e-04
5	RESET	-1.301180e+00	-1.020170e-04
5	RESET	-1.351220e+00	-1.223920e-04
5	RESET	-1.401250e+00	-1.293590e-04
5	RESET	-1.451300e+00	-1.421500e-04
5	RESET	-1.501320e+00	-1.545290e-04
5	RESET	-1.551370e+00	-1.693750e-04
5	RESET	-1.601390e+00	-1.860520e-04
5	RESET	-1.651420e+00	-2.014030e-04
5	RESET	-1.701450e+00	-2.134950e-04
5	RESET	-1.751520e+00	-2.241490e-04
5	RESET	-1.801520e+00	-2.554900e-04
5	RESET	-1.851580e+00	-2.777690e-04
5	RESET	-1.901630e+00	-2.945770e-04
5	RESET	-1.951640e+00	-3.219580e-04
5	RESET	-2.001690e+00	-3.592840e-04
5	RESET	-2.001640e+00	-3.472530e-04
5	RESET	-1.951650e+00	-3.245310e-04
5	RESET	-1.901590e+00	-2.932740e-04
5	RESET	-1.851570e+00	-2.798310e-04
5	RESET	-1.801520e+00	-2.610450e-04
5	RESET	-1.751510e+00	-2.385360e-04
5	RESET	-1.701480e+00	-2.206500e-04
5	RESET	-1.651460e+00	-2.028000e-04
5	RESET	-1.601410e+00	-1.875700e-04
5	RESET	-1.551380e+00	-1.720780e-04
5	RESET	-1.501340e+00	-1.573080e-04
5	RESET	-1.451320e+00	-1.457240e-04
5	RESET	-1.401240e+00	-1.353960e-04
5	RESET	-1.351230e+00	-1.232080e-04
5	RESET	-1.301170e+00	-1.122890e-04
5	RESET	-1.251160e+00	-1.022740e-04
5	RESET	-1.201080e+00	-9.176510e-05
5	RESET	-1.151070e+00	-8.142690e-05
5	RESET	-1.100990e+00	-7.292960e-05
5	RESET	-1.050950e+00	-6.521950e-05
5	RESET	-1.000920e+00	-5.752810e-05
5	RESET	-9.508860e-01	-5.059480e-05
5	RESET	-9.008590e-01	-4.436050e-05
5	RESET	-8.508060e-01	-3.790210e-05
5	RESET	-8.007940e-01	-3.219510e-05
5	RESET	-7.507450e-01	-2.710240e-05
5	RESET	-7.007080e-01	-2.291640e-05
5	RESET	-6.506690e-01	-1.843050e-05
5	RESET	-6.006120e-01	-1.510760e-05
5	RESET	-5.505690e-01	-1.236170e-05
5	RESET	-5.005370e-01	-9.898810e-06
5	RESET	-4.504540e-01	-7.994510e-06
5	RESET	-4.004320e-01	-6.318660e-06
5	RESET	-3.503870e-01	-4.968790e-06
5	RESET	-3.003580e-01	-3.803190e-06
5	RESET	-2.503070e-01	-2.912370e-06
5	RESET	-2.001640e-01	-2.085200e-06
5	RESET	-1.501250e-01	-1.360450e-06
5	RESET	-1.000770e-01	-8.351480e-07
5	RESET	-5.003400e-02	-4.232190e-07
5	RESET	-1.065730e-05	-2.930160e-10
6	SET	-1.912120e-05	9.297130e-11
6	SET	5.000330e-02	4.127900e-07
6	SET	1.000670e-01	7.346590e-07
6	SET	1.501000e-01	1.191100e-06
6	SET	2.001370e-01	1.700120e-06
6	SET	2.500440e-01	2.394030e-06
6	SET	3.000670e-01	3.113200e-06
6	SET	3.501170e-01	3.796850e-06
6	SET	4.001710e-01	4.833210e-06
6	SET	4.502060e-01	5.612850e-06
6	SET	5.002190e-01	6.785340e-06
6	SET	5.502730e-01	7.902870e-06
6	SET	6.003130e-01	9.453470e-06
6	SET	6.503430e-01	1.040640e-05
6	SET	7.003850e-01	1.326490e-05
6	SET	7.504560e-01	1.482200e-05
6	SET	8.004860e-01	1.100390e-04
6	SET	8.505400e-01	1.100400e-04
6	SET	9.005780e-01	1.100330e-04
6	SET	9.506230e-01	1.100360e-04
6	SET	1.000640e+00	1.100370e-04
6	SET	1.050710e+00	1.100350e-04
6	SET	1.100700e+00	1.100370e-04
6	SET	1.150760e+00	1.100350e-04
6	SET	1.200790e+00	1.100360e-04
6	SET	1.250850e+00	1.100320e-04
6	SET	1.300860e+00	1.100400e-04
6	SET	1.350930e+00	1.100360e-04
6	SET	1.400970e+00	1.100410e-04
6	SET	1.451000e+00	1.100360e-04
6	SET	1.501000e+00	1.100340e-04
6	SET	1.551080e+00	1.100340e-04
6	SET	1.601090e+00	1.100350e-04
6	SET	1.651110e+00	1.100360e-04
6	SET	1.701150e+00	1.100350e-04
6	SET	1.751210e+00	1.100420e-04
6	SET	1.801230e+00	1.100350e-04
6	SET	1.851260e+00	1.100390e-04
6	SET	1.901290e+00	1.100350e-04
6	SET	1.951350e+00	1.100340e-04
6	SET	2.001350e+00	1.100390e-04
6	SET	2.050180e+00	1.100360e-04
6	SET	2.100140e+00	1.100390e-04
6	SET	2.150340e+00	1.100450e-04
6	SET	2.200570e+00	1.100360e-04
6	SET	2.250420e+00	1.100390e-04
6	SET	2.300450e+00	1.100350e-04
6	SET	2.350720e+00	1.100410e-04
6	SET	2.400520e+00	1.100370e-04
6	SET	2.450510e+00	1.100390e-04
6	SET	2.500710e+00	1.100380e-04
6	SET	2.550890e+00	1.100400e-04
6	SET	2.600640e+00	1.100330e-04
6	SET	2.650780e+00	1.100430e-04
6	SET	2.700970e+00	1.100340e-04
6	SET	2.750910e+00	1.100360e-04
6	SET	2.800750e+00	1.100370e-04
6	SET	2.851070e+00	1.100380e-04
6	SET	2.901190e+00	1.100420e-04
6	SET	2.951110e+00	1.100390e-04
6	SET	3.001070e+00	1.100350e-04
6	SET	3.001040e+00	1.100340e-04
6	SET	2.950990e+00	1.100340e-04
6	SET	2.901110e+00	1.100400e-04
6	SET	2.851140e+00	1.100390e-04
6	SET	2.800930e+00	1.100360e-04
6	SET	2.750740e+00	1.100330e-04
6	SET	2.701040e+00	1.100360e-04
6	SET	2.650710e+00	1.100380e-04
6	SET	2.600820e+00	1.100410e-04
6	SET	2.550900e+00	1.100360e-04
6	SET	2.500670e+00	1.100390e-04
6	SET	2.450370e+00	1.100330e-04
6	SET	2.400600e+00	1.100420e-04
6	SET	2.350710e+00	1.100370e-04
6	SET	2.300280e+00	1.100380e-04
6	SET	2.250470e+00	1.100340e-04
6	SET	2.200690e+00	1.100350e-04
6	SET	2.150390e+00	1.100390e-04
6	SET	2.100240e+00	1.100390e-04
6	SET	2.050390e+00	1.100390e-04
6	SET	2.001370e+00	1.100360e-04
6	SET	1.951360e+00	1.100350e-04
6	SET	1.901290e+00	1.100370e-04
6	SET	1.851260e+00	1.100390e-04
6	SET	1.801240e+00	1.100340e-04
6	SET	1.751220e+00	1.100320e-04
6	SET	1.701170e+00	1.100390e-04
6	SET	1.651150e+00	1.100360e-04
6	SET	1.601100e+00	1.100370e-04
6	SET	1.551040e+00	1.100360e-04
6	SET	1.501000e+00	1.100360e-04
6	SET	1.451020e+00	1.100340e-04
6	SET	1.400960e+00	1.100330e-04
6	SET	1.350920e+00	1.100330e-04
6	SET	1.300900e+00	1.100340e-04
6	SET	1.250860e+00	1.100370e-04
6	SET	1.200820e+00	1.100350e-04
6	SET	1.150800e+00	1.100340e-04
6	SET	1.100720e+00	1.100360e-04
6	SET	1.050720e+00	1.100380e-04
6	SET	1.000660e+00	1.100360e-04
6	SET	9.506330e-01	1.100360e-04
6	SET	9.005550e-01	1.100360e-04
6	SET	8.505730e-01	1.100340e-04
6	SET	8.004890e-01	1.100390e-04
6	SET	7.504530e-01	1.100400e-04
6	SET	7.004140e-01	1.100400e-04
6	SET	6.503780e-01	1.100350e-04
6	SET	6.002980e-01	1.100420e-04
6	SET	5.502860e-01	1.100370e-04
6	SET	5.002470e-01	1.100390e-04
6	SET	4.502090e-01	1.100420e-04
6	SET	4.001590e-01	1.100390e-04
6	SET	3.501290e-01	1.100320e-04
6	SET	3.000820e-01	1.100400e-04
6	SET	2.500440e-01	1.078770e-04
6	SET	2.001440e-01	8.303790e-05
6	SET	1.501090e-01	6.005630e-05
6	SET	1.000700e-01	3.912350e-05
6	SET	5.002820e-02	1.922150e-05
6	SET	-1.471040e-05	-1.754140e-09
6	RESET	-2.090930e-05	1.347900e-10
6	RESET	-5.004000e-02	-5.728360e-06
6	RESET	-1.000730e-01	-1.839300e-06
6	RESET	-1.501120e-01	-3.065360e-06
6	RESET	-2.001620e-01	-4.526820e-06
6	RESET	-2.503080e-01	-4.820430e-06
6	RESET	-3.003480e-01	-5.420960e-06
6	RESET	-3.503970e-01	-5.462670e-06
6	RESET	-4.004510e-01	-4.906790e-06
6	RESET	-4.504590e-01	-6.117910e-06
6	RESET	-5.005120e-01	-7.312070e-06
6	RESET	-5.505530e-01	-9.249300e-06
6	RESET	-6.005740e-01	-1.078620e-05
6	RESET	-6.506300e-01	-1.343970e-05
6	RESET	-7.006880e-01	-1.728200e-05
6	RESET	-7.507360e-01	-2.056580e-05
6	RESET	-8.008020e-01	-2.422020e-05
6	RESET	-8.507970e-01	-2.964650e-05
6	RESET	-9.008670e-01	-3.448830e-05
6	RESET	-9.508900e-01	-4.021930e-05
6	RESET	-1.000940e+00	-4.612750e-05
6	RESET	-1.050960e+00	-5.412420e-05
6	RESET	-1.101010e+00	-6.117010e-05
6	RESET	-1.151090e+00	-6.861950e-05
6	RESET	-1.201110e+00	-7.806070e-05
6	RESET	-1.251140e+00	-8.570330e-05
6	RESET	-1.301170e+00	-9.946910e-05
6	RESET	-1.351250e+00	-1.083350e-04
6	RESET	-1.401260e+00	-1.237930e-04
6	RESET	-1.451300e+00	-1.403740e-04
6	RESET	-1.501350e+00	-1.488620e-04
6	RESET	-1.551380e+00	-1.711420e-04
6	RESET	-1.601400e+00	-1.853130e-04
6	RESET	-1.651440e+00	-1.997670e-04
6	RESET	-1.701490e+00	-2.114330e-04
6	RESET	-1.751520e+00	-2.299080e-04
6	RESET	-1.801550e+00	-2.508800e-04
6	RESET	-1.851590e+00	-2.710920e-04
6	RESET	-1.901620e+00	-2.950860e-04
6	RESET	-1.951660e+00	-3.239060e-04
6	RESET	-2.001700e+00	-3.514850e-04
6	RESET	-2.001650e+00	-3.609910e-04
6	RESET	-1.951660e+00	-3.324980e-04
6	RESET	-1.901630e+00	-3.124400e-04
6	RESET	-1.851590e+00	-3.134310e-04
6	RESET	-1.801540e+00	-2.915400e-04
6	RESET	-1.751530e+00	-2.681050e-04
6	RESET	-1.701450e+00	-2.495640e-04
6	RESET	-1.651440e+00	-2.269220e-04
6	RESET	-1.601400e+00	-2.084570e-04
6	RESET	-1.551390e+00	-1.964900e-04
6	RESET	-1.501340e+00	-1.796660e-04
6	RESET	-1.451310e+00	-1.672090e-04
6	RESET	-1.401250e+00	-1.534020e-04
6	RESET	-1.351260e+00	-1.399040e-04
6	RESET	-1.301190e+00	-1.276630e-04
6	RESET	-1.251180e+00	-1.167570e-04
6	RESET	-1.201100e+00	-1.040350e-04
6	RESET	-1.151090e+00	-9.468610e-05
6	RESET	-1.101020e+00	-8.386060e-05
6	RESET	-1.050960e+00	-7.413780e-05
6	RESET	-1.000950e+00	-6.605710e-05
6	RESET	-9.509200e-01	-5.786240e-05
6	RESET	-9.008550e-01	-5.173120e-05
6	RESET	-8.508080e-01	-4.484300e-05
6	RESET	-8.007930e-01	-3.802880e-05
6	RESET	-7.507380e-01	-3.279350e-05
6	RESET	-7.006900e-01	-2.709920e-05
6	RESET	-6.506550e-01	-2.266350e-05
6	RESET	-6.006140e-01	-1.876950e-05
6	RESET	-5.505520e-01	-1.527890e-05
6	RESET	-5.005260e-01	-1.240060e-05
6	RESET	-4.504920e-01	-9.857290e-06
6	RESET	-4.004770e-01	-7.866790e-06
6	RESET	-3.504110e-01	-6.070920e-06
6	RESET	-3.003670e-01	-4.496120e-06
6	RESET	-2.503030e-01	-3.378180e-06
6	RESET	-2.001610e-01	-2.628260e-06
6	RESET	-1.501260e-01	-1.721540e-06
6	RESET	-1.000820e-01	-1.038700e-06
6	RESET	-5.004370e-02	-4.788320e-07
6	RESET	-1.568790e-05	-5.342960e-11
7	SET	-1.649860e-05	9.386540e-11
7	SET	5.000750e-02	6.312090e-07
7	SET	1.000660e-01	1.182680e-06
7	SET	1.501030e-01	1.835730e-06
7	SET	2.001310e-01	2.559350e-06
7	SET	2.500470e-01	3.622420e-06
7	SET	3.000700e-01	4.594930e-06
7	SET	3.501050e-01	5.689180e-06
7	SET	4.001520e-01	6.909340e-06
7	SET	4.502130e-01	7.421710e-06
7	SET	5.001920e-01	8.781990e-06
7	SET	5.502990e-01	9.922700e-06
7	SET	6.003020e-01	1.100410e-04
7	SET	6.503640e-01	1.100340e-04
7	SET	7.003960e-01	1.100370e-04
7	SET	7.504370e-01	1.100340e-04
7	SET	8.004880e-01	1.100370e-04
7	SET	8.505650e-01	1.100370e-04
7	SET	9.005530e-01	1.100390e-04
7	SET	9.506340e-01	1.100320e-04
7	SET	1.000650e+00	1.100380e-04
7	SET	1.050710e+00	1.100370e-04
7	SET	1.100730e+00	1.100360e-04
7	SET	1.150760e+00	1.100360e-04
7	SET	1.200810e+00	1.100310e-04
7	SET	1.250860e+00	1.100360e-04
7	SET	1.300870e+00	1.100370e-04
7	SET	1.350920e+00	1.100350e-04
7	SET	1.400970e+00	1.100410e-04
7	SET	1.450990e+00	1.100330e-04
7	SET	1.501020e+00	1.100340e-04
7	SET	1.551080e+00	1.100350e-04
7	SET	1.601090e+00	1.100390e-04
7	SET	1.651150e+00	1.100370e-04
7	SET	1.701170e+00	1.100360e-04
7	SET	1.751210e+00	1.100380e-04
7	SET	1.801230e+00	1.100320e-04
7	SET	1.851280e+00	1.100400e-04
7	SET	1.901300e+00	1.100370e-04
7	SET	1.951350e+00	1.100410e-04
7	SET	2.001360e+00	1.100360e-04
7	SET	2.050420e+00	1.100330e-04
7	SET	2.100200e+00	1.100390e-04
7	SET	2.150470e+00	1.100370e-04
7	SET	2.200640e+00	1.100360e-04
7	SET	2.250500e+00	1.100400e-04
7	SET	2.300400e+00	1.100380e-04
7	SET	2.350650e+00	1.100340e-04
7	SET	2.400470e+00	1.100340e-04
7	SET	2.450310e+00	1.100390e-04
7	SET	2.500660e+00	1.100390e-04
7	SET	2.550810e+00	1.100370e-04
7	SET	2.600860e+00	1.100370e-04
7	SET	2.650690e+00	1.100330e-04
7	SET	2.701000e+00	1.100340e-04
7	SET	2.750740e+00	1.100380e-04
7	SET	2.800860e+00	1.100400e-04
7	SET	2.851050e+00	1.100430e-04
7	SET	2.901150e+00	1.100390e-04
7	SET	2.951010e+00	1.100350e-04
7	SET	3.001200e+00	1.100300e-04
7	SET	3.001100e+00	1.100360e-04
7	SET	2.951230e+00	1.100420e-04
7	SET	2.901100e+00	1.100380e-04
7	SET	2.850970e+00	1.100420e-04
7	SET	2.800880e+00	1.100400e-04
7	SET	2.750940e+00	1.100380e-04
7	SET	2.700930e+00	1.100360e-04
7	SET	2.650820e+00	1.100330e-04
7	SET	2.600760e+00	1.100390e-04
7	SET	2.550910e+00	1.100390e-04
7	SET	2.500770e+00	1.100360e-04
7	SET	2.450550e+00	1.100370e-04
7	SET	2.400580e+00	1.100380e-04
7	SET	2.350690e+00	1.100340e-04
7	SET	2.300380e+00	1.100380e-04
7	SET	2.250380e+00	1.100360e-04
7	SET	2.200540e+00	1.100430e-04
7	SET	2.150540e+00	1.100370e-04
7	SET	2.100220e+00	1.100430e-04
7	SET	2.050250e+00	1.100370e-04
7	SET	2.001390e+00	1.100350e-04
7	SET	1.951340e+00	1.100370e-04
7	SET	1.901300e+00	1.100360e-04
7	SET	1.851300e+00	1.100360e-04
7	SET	1.801220e+00	1.100370e-04
7	SET	1.751210e+00	1.100340e-04
7	SET	1.701150e+00	1.100350e-04
7	SET	1.651130e+00	1.100360e-04
7	SET	1.601100e+00	1.100340e-04
7	SET	1.551060e+00	1.100360e-04
7	SET	1.501010e+00	1.100330e-04
7	SET	1.451000e+00	1.100350e-04
7	SET	1.400970e+00	1.100370e-04
7	SET	1.350940e+00	1.100380e-04
7	SET	1.300890e+00	1.100390e-04
7	SET	1.250880e+00	1.100350e-04
7	SET	1.200800e+00	1.100330e-04
7	SET	1.150770e+00	1.100340e-04
7	SET	1.100730e+00	1.100370e-04
7	SET	1.050710e+00	1.100340e-04
7	SET	1.000640e+00	1.100380e-04
7	SET	9.506250e-01	1.100320e-04
7	SET	9.005600e-01	1.100370e-04
7	SET	8.505580e-01	1.100360e-04
7	SET	8.004890e-01	1.100360e-04
7	SET	7.504680e-01	1.100370e-04
7	SET	7.004040e-01	1.100420e-04
7	SET	6.503830e-01	1.100420e-04
7	SET	6.003260e-01	1.100350e-04
7	SET	5.502630e-01	1.100350e-04
7	SET	5.002370e-01	1.100380e-04
7	SET	4.502070e-01	1.100390e-04
7	SET	4.001500e-01	1.100360e-04
7	SET	3.501200e-01	1.100290e-04
7	SET	3.000820e-01	1.100350e-04
7	SET	2.500610e-01	1.100370e-04
7	SET	2.001400e-01	1.100400e-04
7	SET	1.501040e-01	1.100370e-04
7	SET	1.000630e-01	7.629990e-05
7	SET	5.002130e-02	3.674220e-05
7	SET	-1.425740e-05	-1.524150e-08
7	RESET	-1.730920e-05	-4.504920e-10
7	RESET	-4.999180e-02	-3.198130e-05
7	RESET	-1.000800e-01	-6.538930e-05
7	RESET	-1.501310e-01	-1.000540e-04
7	RESET	-2.001620e-01	-1.373980e-04
7	RESET	-2.503230e-01	-1.784360e-04
7	RESET	-3.003390e-01	-2.356670e-04
7	RESET	-3.503970e-01	-2.672490e-04
7	RESET	-4.004630e-01	-2.909970e-04
7	RESET	-4.504660e-01	-3.082830e-04
7	RESET	-5.005220e-01	-2.833110e-04
7	RESET	-5.506280e-01	-1.648290e-04
7	RESET	-6.006170e-01	-6.823350e-05
7	RESET	-6.506220e-01	-5.964540e-05
7	RESET	-7.006810e-01	-4.097570e-05
7	RESET	-7.507300e-01	-3.771950e-05
7	RESET	-8.007870e-01	-4.595400e-05
7	RESET	-8.507970e-01	-4.095210e-05
7	RESET	-9.008720e-01	-4.545630e-05
7	RESET	-9.508930e-01	-4.899820e-05
7	RESET	-1.000960e+00	-5.676410e-05
7	RESET	-1.050970e+00	-6.373160e-05
7	RESET	-1.101030e+00	-7.063140e-05
7	RESET	-1.151100e+00	-7.834640e-05
7	RESET	-1.201100e+00	-9.030530e-05
7	RESET	-1.251150e+00	-1.020490e-04
7	RESET	-1.301190e+00	-1.114820e-04
7	RESET	-1.351260e+00	-1.246700e-04
7	RESET	-1.401270e+00	-1.359260e-04
7	RESET	-1.451310e+00	-1.503970e-04
7	RESET	-1.501320e+00	-1.633190e-04
7	RESET	-1.551380e+00	-1.786560e-04
7	RESET	-1.601390e+00	-1.861050e-04
7	RESET	-1.651450e+00	-2.004380e-04
7	RESET	-1.701490e+00	-2.107610e-04
7	RESET	-1.751520e+00	-2.347770e-04
7	RESET	-1.801540e+00	-2.543270e-04
7	RESET	-1.851580e+00	-2.760350e-04
7	RESET	-1.901600e+00	-2.985030e-04
7	RESET	-1.951670e+00	-3.230710e-04
7	RESET	-2.001670e+00	-3.479410e-04
7	RESET	-2.001680e+00	-3.619640e-04
7	RESET	-1.951670e+00	-3.424620e-04
7	RESET	-1.901630e+00	-3.127510e-04
7	RESET	-1.851590e+00	-2.899390e-04
7	RESET	-1.801540e+00	-2.722670e-04
7	RESET	-1.751520e+00	-2.528150e-04
7	RESET	-1.701480e+00	-2.317040e-04
7	RESET	-1.651430e+00	-2.171680e-04
7	RESET	-1.601390e+00	-1.987640e-04
7	RESET	-1.551390e+00	-1.803450e-04
7	RESET	-1.501340e+00	-1.667650e-04
7	RESET	-1.451320e+00	-1.535860e-04
7	RESET	-1.401250e+00	-1.407630e-04
7	RESET	-1.351250e+00	-1.271880e-04
7	RESET	-1.301200e+00	-1.157420e-04
7	RESET	-1.251160e+00	-1.054960e-04
7	RESET	-1.201120e+00	-9.629780e-05
7	RESET	-1.151090e+00	-8.577250e-05
7	RESET	-1.101040e+00	-7.778920e-05
7	RESET	-1.050970e+00	-6.968590e-05
7	RESET	-1.000960e+00	-6.145710e-05
7	RESET	-9.508940e-01	-7.504910e-05
7	RESET	-9.008410e-01	-6.382380e-05
7	RESET	-8.507980e-01	-6.387630e-05
7	RESET	-8.008040e-01	-5.418040e-05
7	RESET	-7.507400e-01	-4.217000e-05
7	RESET	-7.007130e-01	-3.752840e-05
7	RESET	-6.506190e-01	-3.332500e-05
7	RESET	-6.006340e-01	-2.798910e-05
7	RESET	-5.505720e-01	-2.349490e-05
7	RESET	-5.005220e-01	-1.963140e-05
7	RESET	-4.504810e-01	-1.706730e-05
7	RESET	-4.004600e-01	-1.391270e-05
7	RESET	-3.504100e-01	-1.172240e-05
7	RESET	-3.003740e-01	-8.715240e-06
7	RESET	-2.502980e-01	-6.989960e-06
7	RESET	-2.001690e-01	-5.249560e-06
7	RESET	-1.501220e-01	-3.370320e-06
7	RESET	-1.000830e-01	-2.161360e-06
7	RESET	-5.004210e-02	-1.013300e-06
7	RESET	-1.831050e-05	-1.560690e-10
8	SET	-1.721380e-05	1.700400e-10
8	SET	5.000380e-02	7.308900e-07
8	SET	1.000660e-01	1.452720e-06
8	SET	1.500980e-01	2.330310e-06
8	SET	2.001330e-01	2.825480e-06
8	SET	2.500370e-01	3.669460e-06
8	SET	3.000480e-01	4.738290e-06
8	SET	3.500940e-01	6.043310e-06
8	SET	4.001420e-01	7.034300e-06
8	SET	4.501920e-01	1.100410e-04
8	SET	5.002520e-01	6.190350e-06
8	SET	5.503190e-01	7.651210e-06
8	SET	6.002930e-01	1.100440e-04
8	SET	6.503810e-01	1.100380e-04
8	SET	7.003810e-01	1.100400e-04
8	SET	7.504360e-01	1.100370e-04
8	SET	8.004600e-01	1.100380e-04
8	SET	8.505510e-01	1.100380e-04
8	SET	9.005610e-01	1.100360e-04
8	SET	9.506220e-01	1.100310e-04
8	SET	1.000650e+00	1.100330e-04
8	SET	1.050700e+00	1.100340e-04
8	SET	1.100730e+00	1.100390e-04
8	SET	1.150760e+00	1.100320e-04
8	SET	1.200800e+00	1.100380e-04
8	SET	1.250860e+00	1.100340e-04
8	SET	1.300870e+00	1.100370e-04
8	SET	1.350940e+00	1.100350e-04
8	SET	1.400960e+00	1.100370e-04
8	SET	1.450990e+00	1.100360e-04
8	SET	1.501000e+00	1.100340e-04
8	SET	1.551080e+00	1.100330e-04
8	SET	1.601080e+00	1.100360e-04
8	SET	1.651130e+00	1.100340e-04
8	SET	1.701150e+00	1.100340e-04
8	SET	1.751190e+00	1.100380e-04
8	SET	1.801210e+00	1.100360e-04
8	SET	1.851270e+00	1.100400e-04
8	SET	1.901290e+00	1.100390e-04
8	SET	1.951330e+00	1.100380e-04
8	SET	2.001360e+00	1.100370e-04
8	SET	2.050100e+00	1.100380e-04
8	SET	2.100160e+00	1.100390e-04
8	SET	2.150580e+00	1.100400e-04
8	SET	2.200500e+00	1.100380e-04
8	SET	2.250420e+00	1.100410e-04
8	SET	2.300340e+00	1.100400e-04
8	SET	2.350720e+00	1.100330e-04
8	SET	2.400510e+00	1.100410e-04
8	SET	2.450620e+00	1.100390e-04
8	SET	2.500710e+00	1.100420e-04
8	SET	2.550860e+00	1.100390e-04
8	SET	2.600680e+00	1.100360e-04
8	SET	2.650820e+00	1.100380e-04
8	SET	2.700830e+00	1.100390e-04
8	SET	2.751000e+00	1.100390e-04
8	SET	2.800640e+00	1.100400e-04
8	SET	2.851190e+00	1.100390e-04
8	SET	2.901130e+00	1.100350e-04
8	SET	2.951040e+00	1.100380e-04
8	SET	3.001010e+00	1.100360e-04
8	SET	3.000920e+00	1.100340e-04
8	SET	2.950970e+00	1.100340e-04
8	SET	2.901060e+00	1.100400e-04
8	SET	2.851020e+00	1.100400e-04
8	SET	2.800980e+00	1.100390e-04
8	SET	2.750860e+00	1.100360e-04
8	SET	2.700970e+00	1.100360e-04
8	SET	2.650710e+00	1.100380e-04
8	SET	2.600820e+00	1.100380e-04
8	SET	2.550700e+00	1.100380e-04
8	SET	2.500620e+00	1.100380e-04
8	SET	2.450460e+00	1.100370e-04
8	SET	2.400700e+00	1.100380e-04
8	SET	2.350770e+00	1.100390e-04
8	SET	2.300630e+00	1.100390e-04
8	SET	2.250540e+00	1.100350e-04
8	SET	2.200720e+00	1.100400e-04
8	SET	2.150420e+00	1.100370e-04
8	SET	2.100240e+00	1.100390e-04
8	SET	2.050290e+00	1.100370e-04
8	SET	2.001370e+00	1.100400e-04
8	SET	1.951360e+00	1.100410e-04
8	SET	1.901290e+00	1.100340e-04
8	SET	1.851260e+00	1.100430e-04
8	SET	1.801230e+00	1.100370e-04
8	SET	1.751210e+00	1.100370e-04
8	SET	1.701150e+00	1.100400e-04
8	SET	1.651140e+00	1.100430e-04
8	SET	1.601090e+00	1.100360e-04
8	SET	1.551060e+00	1.100370e-04
8	SET	1.501020e+00	1.100360e-04
8	SET	1.451010e+00	1.100360e-04
8	SET	1.400950e+00	1.100380e-04
8	SET	1.350940e+00	1.100380e-04
8	SET	1.300880e+00	1.100370e-04
8	SET	1.250880e+00	1.100370e-04
8	SET	1.200830e+00	1.100310e-04
8	SET	1.150770e+00	1.100360e-04
8	SET	1.100710e+00	1.100380e-04
8	SET	1.050720e+00	1.100370e-04
8	SET	1.000650e+00	1.100360e-04
8	SET	9.506540e-01	1.100360e-04
8	SET	9.005560e-01	1.100390e-04
8	SET	8.505420e-01	1.100370e-04
8	SET	8.004800e-01	1.100360e-04
8	SET	7.504360e-01	1.100380e-04
8	SET	7.004260e-01	1.100380e-04
8	SET	6.503880e-01	1.100380e-04
8	SET	6.002970e-01	1.100400e-04
8	SET	5.502730e-01	1.100380e-04
8	SET	5.002410e-01	1.100360e-04
8	SET	4.502170e-01	1.100380e-04
8	SET	4.001360e-01	1.100380e-04
8	SET	3.501320e-01	1.100270e-04
8	SET	3.000860e-01	1.100340e-04
8	SET	2.500650e-01	1.100360e-04
8	SET	2.001430e-01	1.100380e-04
8	SET	1.500990e-01	1.100340e-04
8	SET	1.000660e-01	8.401390e-05
8	SET	5.002310e-02	3.993070e-05
8	SET	-1.308920e-05	-3.941540e-09
8	RESET	-2.236370e-05	-1.844410e-10
8	RESET	-4.999590e-02	-1.086520e-05
8	RESET	-1.000750e-01	-2.336910e-05
8	RESET	-1.501140e-01	-3.938680e-05
8	RESET	-2.001620e-01	-1.374140e-05
8	RESET	-2.503110e-01	-9.638510e-06
8	RESET	-3.003190e-01	-1.542930e-05
8	RESET	-3.503730e-01	-2.183950e-05
8	RESET	-4.004670e-01	-2.939060e-05
8	RESET	-4.504850e-01	-3.831070e-05
8	RESET	-5.005170e-01	-4.618890e-05
8	RESET	-5.505720e-01	-5.423320e-05
8	RESET	-6.006120e-01	-5.575370e-05
8	RESET	-6.506240e-01	-3.370490e-05
8	RESET	-7.007120e-01	-3.747890e-05
8	RESET	-7.507170e-01	-4.069620e-05
8	RESET	-8.007850e-01	-3.003300e-05
8	RESET	-8.507920e-01	-3.318020e-05
8	RESET	-9.008710e-01	-3.965980e-05
8	RESET	-9.508850e-01	-4.593660e-05
8	RESET	-1.000930e+00	-4.547060e-05
8	RESET	-1.050960e+00	-5.126310e-05
8	RESET	-1.101020e+00	-5.902250e-05
8	RESET	-1.151090e+00	-6.534140e-05
8	RESET	-1.201100e+00	-7.357740e-05
8	RESET	-1.251160e+00	-8.357600e-05
8	RESET	-1.301180e+00	-9.352240e-05
8	RESET	-1.351260e+00	-1.120180e-04
8	RESET	-1.401250e+00	-1.209640e-04
8	RESET	-1.451290e+00	-1.360130e-04
8	RESET	-1.501340e+00	-1.435110e-04
8	RESET	-1.551380e+00	-1.549620e-04
8	RESET	-1.601380e+00	-1.683380e-04
8	RESET	-1.651480e+00	-1.888720e-04
8	RESET	-1.701460e+00	-2.059550e-04
8	RESET	-1.751510e+00	-2.222950e-04
8	RESET	-1.801530e+00	-2.461880e-04
8	RESET	-1.851600e+00	-2.731320e-04
8	RESET	-1.901620e+00	-2.954350e-04
8	RESET	-1.951670e+00	-3.174470e-04
8	RESET	-2.001680e+00	-3.406730e-04
8	RESET	-2.001690e+00	-3.399820e-04
8	RESET	-1.951660e+00	-3.107940e-04
8	RESET	-1.901640e+00	-2.817380e-04
8	RESET	-1.851600e+00	-2.660720e-04
8	RESET	-1.801530e+00	-2.504410e-04
8	RESET	-1.751520e+00	-2.313270e-04
8	RESET	-1.701470e+00	-2.102430e-04
8	RESET	-1.651450e+00	-1.965030e-04
8	RESET	-1.601410e+00	-1.808020e-04
8	RESET	-1.551370e+00	-1.681690e-04
8	RESET	-1.501350e+00	-1.552080e-04
8	RESET	-1.451320e+00	-1.407020e-04
8	RESET	-1.401250e+00	-1.296590e-04
8	RESET	-1.351240e+00	-1.180810e-04
8	RESET	-1.301190e+00	-1.079510e-04
8	RESET	-1.251160e+00	-9.718710e-05
8	RESET	-1.201090e+00	-8.849950e-05
8	RESET	-1.151080e+00	-7.901970e-05
8	RESET	-1.101020e+00	-7.046940e-05
8	RESET	-1.050970e+00	-6.223300e-05
8	RESET	-1.000940e+00	-5.554750e-05
8	RESET	-9.508750e-01	-4.848400e-05
8	RESET	-9.008650e-01	-4.176260e-05
8	RESET	-8.507890e-01	-3.551200e-05
8	RESET	-8.008050e-01	-3.099990e-05
8	RESET	-7.507220e-01	-2.614220e-05
8	RESET	-7.007080e-01	-2.153790e-05
8	RESET	-6.506090e-01	-1.798840e-05
8	RESET	-6.006310e-01	-1.464820e-05
8	RESET	-5.505690e-01	-1.178960e-05
8	RESET	-5.005370e-01	-9.606300e-06
8	RESET	-4.504730e-01	-7.829600e-06
8	RESET	-4.004570e-01	-6.152660e-06
8	RESET	-3.503890e-01	-4.805790e-06
8	RESET	-3.003560e-01	-3.616920e-06
8	RESET	-2.502980e-01	-2.849440e-06
8	RESET	-2.001610e-01	-1.840450e-06
8	RESET	-1.501270e-01	-1.175730e-06
8	RESET	-1.000790e-01	-7.192630e-07
8	RESET	-5.004260e-02	-3.142060e-07
8	RESET	-1.685620e-05	-2.749440e-10
9	SET	-1.938340e-05	-1.983880e-10
9	SET	5.000380e-02	3.481140e-07
9	SET	1.000650e-01	6.695260e-07
9	SET	1.501030e-01	1.036620e-06
9	SET	2.001400e-01	1.470430e-06
9	SET	2.500610e-01	2.070590e-06
9	SET	3.000900e-01	2.776270e-06
9	SET	3.501240e-01	3.448090e-06
9	SET	4.001620e-01	4.320960e-06
9	SET	4.502200e-01	5.270570e-06
9	SET	5.002470e-01	5.898370e-06
9	SET	5.502940e-01	7.088890e-06
9	SET	6.003160e-01	8.091520e-06
9	SET	6.503940e-01	9.439940e-06
9	SET	7.003630e-01	1.129390e-05
9	SET	7.504680e-01	1.279120e-05
9	SET	8.004680e-01	1.100400e-04
9	SET	8.505700e-01	1.100390e-04
9	SET	9.005850e-01	1.100370e-04
9	SET	9.506440e-01	1.100340e-04
9	SET	1.000660e+00	1.100340e-04
9	SET	1.050720e+00	1.100390e-04
9	SET	1.100730e+00	1.100370e-04
9	SET	1.150770e+00	1.100370e-04
9	SET	1.200800e+00	1.100390e-04
9	SET	1.250880e+00	1.100380e-04
9	SET	1.300900e+00	1.100370e-04
9	SET	1.350940e+00	1.100400e-04
9	SET	1.400960e+00	1.100370e-04
9	SET	1.451040e+00	1.100350e-04
9	SET	1.501040e+00	1.100350e-04
9	SET	1.551080e+00	1.100350e-04
9	SET	1.601100e+00	1.100380e-04
9	SET	1.651150e+00	1.100430e-04
9	SET	1.701170e+00	1.100360e-04
9	SET	1.751240e+00	1.100380e-04
9	SET	1.801250e+00	1.100390e-04
9	SET	1.851290e+00	1.100340e-04
9	SET	1.901310e+00	1.100350e-04
9	SET	1.951350e+00	1.100340e-04
9	SET	2.001390e+00	1.100390e-04
9	SET	2.050100e+00	1.100350e-04
9	SET	2.100110e+00	1.100390e-04
9	SET	2.150610e+00	1.100390e-04
9	SET	2.200700e+00	1.100390e-04
9	SET	2.250430e+00	1.100370e-04
9	SET	2.300450e+00	1.100390e-04
9	SET	2.350790e+00	1.100380e-04
9	SET	2.400490e+00	1.100380e-04
9	SET	2.450380e+00	1.100400e-04
9	SET	2.500760e+00	1.100400e-04
9	SET	2.550900e+00	1.100370e-04
9	SET	2.600900e+00	1.100330e-04
9	SET	2.650830e+00	1.100370e-04
9	SET	2.701040e+00	1.100370e-04
9	SET	2.750890e+00	1.100370e-04
9	SET	2.800790e+00	1.100430e-04
9	SET	2.851260e+00	1.100390e-04
9	SET	2.901160e+00	1.100390e-04
9	SET	2.951090e+00	1.100350e-04
9	SET	3.001010e+00	1.100340e-04
9	SET	3.001070e+00	1.100350e-04
9	SET	2.951150e+00	1.100390e-04
9	SET	2.901130e+00	1.100370e-04
9	SET	2.851040e+00	1.100420e-04
9	SET	2.800870e+00	1.100390e-04
9	SET	2.750750e+00	1.100380e-04
9	SET	2.700930e+00	1.100340e-04
9	SET	2.650780e+00	1.100350e-04
9	SET	2.600920e+00	1.100360e-04
9	SET	2.550910e+00	1.100420e-04
9	SET	2.500700e+00	1.100390e-04
9	SET	2.450590e+00	1.100390e-04
9	SET	2.400670e+00	1.100360e-04
9	SET	2.350910e+00	1.100360e-04
9	SET	2.300530e+00	1.100350e-04
9	SET	2.250550e+00	1.100370e-04
9	SET	2.200690e+00	1.100380e-04
9	SET	2.150400e+00	1.100400e-04
9	SET	2.100170e+00	1.100390e-04
9	SET	2.050090e+00	1.100380e-04
9	SET	2.001360e+00	1.100380e-04
9	SET	1.951330e+00	1.100370e-04
9	SET	1.901310e+00	1.100380e-04
9	SET	1.851280e+00	1.100350e-04
9	SET	1.801230e+00	1.100340e-04
9	SET	1.751220e+00	1.100350e-04
9	SET	1.701150e+00	1.100340e-04
9	SET	1.651160e+00	1.100360e-04
9	SET	1.601110e+00	1.100360e-04
9	SET	1.551090e+00	1.100320e-04
9	SET	1.501020e+00	1.100350e-04
9	SET	1.451020e+00	1.100390e-04
9	SET	1.400960e+00	1.100380e-04
9	SET	1.350940e+00	1.100350e-04
9	SET	1.300900e+00	1.100340e-04
9	SET	1.250870e+00	1.100370e-04
9	SET	1.200800e+00	1.100300e-04
9	SET	1.150780e+00	1.100340e-04
9	SET	1.100720e+00	1.100400e-04
9	SET	1.050710e+00	1.100400e-04
9	SET	1.000670e+00	1.100370e-04
9	SET	9.506290e-01	1.100320e-04
9	SET	9.005560e-01	1.100400e-04
9	SET	8.505360e-01	1.100390e-04
9	SET	8.004790e-01	1.100340e-04
9	SET	7.504540e-01	1.100390e-04
9	SET	7.003830e-01	1.100350e-04
9	SET	6.503670e-01	1.100370e-04
9	SET	6.002970e-01	1.100380e-04
9	SET	5.502650e-01	1.100360e-04
9	SET	5.002520e-01	1.100350e-04
9	SET	4.502110e-01	1.100390e-04
9	SET	4.001460e-01	1.100420e-04
9	SET	3.501580e-01	1.100310e-04
9	SET	3.000560e-01	1.100380e-04
9	SET	2.500470e-01	1.100340e-04
9	SET	2.001440e-01	1.100410e-04
9	SET	1.501050e-01	1.089450e-04
9	SET	1.000650e-01	6.886340e-05
9	SET	5.002290e-02	3.286140e-05
9	SET	-1.506810e-05	-1.266410e-08
9	RESET	-1.919270e-05	-1.222250e-10
9	RESET	-5.003390e-02	-6.205240e-06
9	RESET	-1.000390e-01	-1.265840e-05
9	RESET	-1.501240e-01	-1.934980e-05
9	RESET	-2.001600e-01	-2.697070e-05
9	RESET	-2.502870e-01	-2.735800e-05
9	RESET	-3.003540e-01	-3.134870e-05
9	RESET	-3.503920e-01	-3.700440e-05
9	RESET	-4.004490e-01	-2.544400e-05
9	RESET	-4.504800e-01	-3.453620e-05
9	RESET	-5.005250e-01	-3.090230e-05
9	RESET	-5.505690e-01	-2.989300e-05
9	RESET	-6.006080e-01	-4.981300e-05
9	RESET	-6.506730e-01	-1.769540e-05
9	RESET	-7.007150e-01	-1.823500e-05
9	RESET	-7.507400e-01	-2.140190e-05
9	RESET	-8.007940e-01	-2.495070e-05
9	RESET	-8.507970e-01	-2.910320e-05
9	RESET	-9.008630e-01	-3.366620e-05
9	RESET	-9.509100e-01	-3.973930e-05
9	RESET	-1.000950e+00	-4.495790e-05
9	RESET	-1.050960e+00	-5.204850e-05
9	RESET	-1.101030e+00	-5.798190e-05
9	RESET	-1.151090e+00	-6.578510e-05
9	RESET	-1.201110e+00	-7.493210e-05
9	RESET	-1.251130e+00	-8.388520e-05
9	RESET	-1.301180e+00	-9.113500e-05
9	RESET	-1.351260e+00	-1.027390e-04
9	RESET	-1.401240e+00	-1.119010e-04
9	RESET	-1.451320e+00	-1.237580e-04
9	RESET	-1.501330e+00	-1.352400e-04
9	RESET	-1.551380e+00	-1.484650e-04
9	RESET	-1.601380e+00	-1.646400e-04
9	RESET	-1.651450e+00	-1.771400e-04
9	RESET	-1.701480e+00	-1.942010e-04
9	RESET	-1.751530e+00	-2.093280e-04
9	RESET	-1.801530e+00	-2.383300e-04
9	RESET	-1.851610e+00	-2.625770e-04
9	RESET	-1.901630e+00	-2.795110e-04
9	RESET	-1.951660e+00	-3.061470e-04
9	RESET	-2.001660e+00	-3.257820e-04
9	RESET	-2.001670e+00	-3.337250e-04
9	RESET	-1.951660e+00	-3.135980e-04
9	RESET	-1.901620e+00	-2.966680e-04
9	RESET	-1.851590e+00	-2.738350e-04
9	RESET	-1.801540e+00	-2.586880e-04
9	RESET	-1.751530e+00	-2.351140e-04
9	RESET	-1.701470e+00	-2.185760e-04
9	RESET	-1.651460e+00	-1.994400e-04
9	RESET	-1.601380e+00	-1.828860e-04
9	RESET	-1.551400e+00	-1.681580e-04
9	RESET	-1.501330e+00	-1.533230e-04
9	RESET	-1.451300e+00	-1.395780e-04
9	RESET	-1.401250e+00	-1.280970e-04
9	RESET	-1.351250e+00	-1.178590e-04
9	RESET	-1.301190e+00	-1.073820e-04
9	RESET	-1.251160e+00	-9.696280e-05
9	RESET	-1.201090e+00	-8.755230e-05
9	RESET	-1.151090e+00	-7.800410e-05
9	RESET	-1.101020e+00	-7.018310e-05
9	RESET	-1.050960e+00	-6.193460e-05
9	RESET	-1.000950e+00	-5.430950e-05
9	RESET	-9.509100e-01	-4.806540e-05
9	RESET	-9.008480e-01	-4.138620e-05
9	RESET	-8.507990e-01	-3.541180e-05
9	RESET	-8.007780e-01	-3.034600e-05
9	RESET	-7.507270e-01	-2.533150e-05
9	RESET	-7.007060e-01	-2.128790e-05
9	RESET	-6.506810e-01	-1.722630e-05
9	RESET	-6.006230e-01	-1.385020e-05
9	RESET	-5.505600e-01	-1.092160e-05
9	RESET	-5.005290e-01	-8.804150e-06
9	RESET	-4.504680e-01	-6.711610e-06
9	RESET	-4.004660e-01	-5.095260e-06
9	RESET	-3.503990e-01	-3.805510e-06
9	RESET	-3.003570e-01	-2.790290e-06
9	RESET	-2.503110e-01	-2.044410e-06
9	RESET	-2.001620e-01	-1.448060e-06
9	RESET	-1.501220e-01	-9.765360e-07
9	RESET	-1.000800e-01	-5.795250e-07
9	RESET	-5.004070e-02	-2.700170e-07
9	RESET	-1.938340e-05	-9.953980e-12
10	SET	-1.912120e-05	-1.159910e-10
10	SET	5.000260e-02	2.960260e-07
10	SET	1.000690e-01	5.520410e-07
10	SET	1.501030e-01	9.128450e-07
10	SET	2.001410e-01	1.399610e-06
10	SET	2.500710e-01	1.884610e-06
10	SET	3.000870e-01	2.398650e-06
10	SET	3.501120e-01	3.011670e-06
10	SET	4.001370e-01	3.747810e-06
10	SET	4.502100e-01	4.682630e-06
10	SET	5.002290e-01	5.644530e-06
10	SET	5.502850e-01	6.712130e-06
10	SET	6.003020e-01	7.677410e-06
10	SET	6.503760e-01	8.819420e-06
10	SET	7.003580e-01	1.064530e-05
10	SET	7.504520e-01	2.528960e-05
10	SET	8.004770e-01	4.157150e-05
10	SET	8.505460e-01	9.383820e-05
10	SET	9.005870e-01	1.100370e-04
10	SET	9.506140e-01	1.100340e-04
10	SET	1.000660e+00	1.100410e-04
10	SET	1.050710e+00	1.100350e-04
10	SET	1.100720e+00	1.100380e-04
10	SET	1.150790e+00	1.100340e-04
10	SET	1.200820e+00	1.100420e-04
10	SET	1.250870e+00	1.100370e-04
10	SET	1.300870e+00	1.100370e-04
10	SET	1.350940e+00	1.100380e-04
10	SET	1.400950e+00	1.100350e-04
10	SET	1.451000e+00	1.100380e-04
10	SET	1.501020e+00	1.100400e-04
10	SET	1.551080e+00	1.100350e-04
10	SET	1.601090e+00	1.100340e-04
10	SET	1.651140e+00	1.100340e-04
10	SET	1.701170e+00	1.100380e-04
10	SET	1.751210e+00	1.100370e-04
10	SET	1.801230e+00	1.100340e-04
10	SET	1.851280e+00	1.100340e-04
10	SET	1.901310e+00	1.100400e-04
10	SET	1.951360e+00	1.100380e-04
10	SET	2.001380e+00	1.100370e-04
10	SET	2.050150e+00	1.100380e-04
10	SET	2.100250e+00	1.100400e-04
10	SET	2.150550e+00	1.100370e-04
10	SET	2.200690e+00	1.100390e-04
10	SET	2.250520e+00	1.100370e-04
10	SET	2.300470e+00	1.100430e-04
10	SET	2.350760e+00	1.100360e-04
10	SET	2.400570e+00	1.100390e-04
10	SET	2.450380e+00	1.100440e-04
10	SET	2.500910e+00	1.100400e-04
10	SET	2.550910e+00	1.100380e-04
10	SET	2.600760e+00	1.100370e-04
10	SET	2.650550e+00	1.100390e-04
10	SET	2.700970e+00	1.100360e-04
10	SET	2.750770e+00	1.100380e-04
10	SET	2.800870e+00	1.100400e-04
10	SET	2.851050e+00	1.100370e-04
10	SET	2.901120e+00	1.100380e-04
10	SET	2.951230e+00	1.100350e-04
10	SET	3.001200e+00	1.100330e-04
10	SET	3.001070e+00	1.100360e-04
10	SET	2.951020e+00	1.100340e-04
10	SET	2.901200e+00	1.100360e-04
10	SET	2.851260e+00	1.100350e-04
10	SET	2.800830e+00	1.100400e-04
10	SET	2.751000e+00	1.100360e-04
10	SET	2.701020e+00	1.100370e-04
10	SET	2.650740e+00	1.100340e-04
10	SET	2.600890e+00	1.100390e-04
10	SET	2.550990e+00	1.100390e-04
10	SET	2.500810e+00	1.100370e-04
10	SET	2.450480e+00	1.100360e-04
10	SET	2.400550e+00	1.100390e-04
10	SET	2.350760e+00	1.100370e-04
10	SET	2.300350e+00	1.100340e-04
10	SET	2.250510e+00	1.100410e-04
10	SET	2.200570e+00	1.100370e-04
10	SET	2.150500e+00	1.100400e-04
10	SET	2.100170e+00	1.100350e-04
10	SET	2.050400e+00	1.100340e-04
10	SET	2.001370e+00	1.100380e-04
10	SET	1.951350e+00	1.100360e-04
10	SET	1.901300e+00	1.100390e-04
10	SET	1.851280e+00	1.100400e-04
10	SET	1.801230e+00	1.100340e-04
10	SET	1.751210e+00	1.100360e-04
10	SET	1.701170e+00	1.100330e-04
10	SET	1.651130e+00	1.100340e-04
10	SET	1.601120e+00	1.100380e-04
10	SET	1.551070e+00	1.100370e-04
10	SET	1.501010e+00	1.100370e-04
10	SET	1.451000e+00	1.100380e-04
10	SET	1.400970e+00	1.100340e-04
10	SET	1.350930e+00	1.100330e-04
10	SET	1.300870e+00	1.100380e-04
10	SET	1.250880e+00	1.100320e-04
10	SET	1.200830e+00	1.100350e-04
10	SET	1.150770e+00	1.100390e-04
10	SET	1.100730e+00	1.100330e-04
10	SET	1.050730e+00	1.100340e-04
10	SET	1.000650e+00	1.100370e-04
10	SET	9.506180e-01	1.100340e-04
10	SET	9.005680e-01	1.100390e-04
10	SET	8.505440e-01	1.100380e-04
10	SET	8.004790e-01	1.100360e-04
10	SET	7.504590e-01	1.100330e-04
10	SET	7.004090e-01	1.100330e-04
10	SET	6.503830e-01	1.100370e-04
10	SET	6.003070e-01	1.100390e-04
10	SET	5.502980e-01	1.100360e-04
10	SET	5.002270e-01	1.100380e-04
10	SET	4.502300e-01	1.100380e-04
10	SET	4.001410e-01	1.100380e-04
10	SET	3.501460e-01	1.100310e-04
10	SET	3.000830e-01	1.100340e-04
10	SET	2.500640e-01	1.100390e-04
10	SET	2.001390e-01	1.100370e-04
10	SET	1.501050e-01	9.793530e-05
10	SET	1.000660e-01	6.269590e-05
10	SET	5.002790e-02	3.027030e-05
10	SET	-1.280310e-05	-5.848930e-09
10	RESET	-1.552100e-05	-5.483030e-10
10	RESET	-4.999670e-02	-1.343270e-05
10	RESET	-1.000790e-01	-2.790780e-05
10	RESET	-1.501200e-01	-4.440430e-05
10	RESET	-2.001600e-01	-6.892720e-05
10	RESET	-2.502800e-01	-9.230200e-05
10	RESET	-3.003390e-01	-3.534340e-05
10	RESET	-3.503940e-01	-3.722000e-05
10	RESET	-4.004570e-01	-4.292190e-05
10	RESET	-4.504690e-01	-5.026840e-05
10	RESET	-5.005340e-01	-5.820050e-05
10	RESET	-5.505490e-01	-6.685570e-05
10	RESET	-6.006260e-01	-7.606450e-05
10	RESET	-6.506330e-01	-8.540320e-05
10	RESET	-7.006960e-01	-9.560230e-05
10	RESET	-7.507320e-01	-1.018330e-04
10	RESET	-8.007920e-01	-6.785700e-05
10	RESET	-8.508020e-01	-1.001310e-04
10	RESET	-9.008740e-01	-8.876700e-05
10	RESET	-9.509020e-01	-8.975350e-05
10	RESET	-1.000950e+00	-9.646740e-05
10	RESET	-1.050960e+00	-9.818490e-05
10	RESET	-1.101020e+00	-1.001630e-04
10	RESET	-1.151100e+00	-1.099300e-04
10	RESET	-1.201110e+00	-1.121480e-04
10	RESET	-1.251150e+00	-1.133070e-04
10	RESET	-1.301180e+00	-1.262120e-04
10	RESET	-1.351240e+00	-1.421880e-04
10	RESET	-1.401260e+00	-1.485780e-04
10	RESET	-1.451320e+00	-1.616760e-04
10	RESET	-1.501340e+00	-1.763920e-04
10	RESET	-1.551380e+00	-1.795660e-04
10	RESET	-1.601400e+00	-2.035400e-04
10	RESET	-1.651450e+00	-2.228980e-04
10	RESET	-1.701470e+00	-2.300460e-04
10	RESET	-1.751540e+00	-2.475050e-04
10	RESET	-1.801540e+00	-2.600930e-04
10	RESET	-1.851610e+00	-2.859120e-04
10	RESET	-1.901630e+00	-3.081510e-04
10	RESET	-1.951670e+00	-3.262690e-04
10	RESET	-2.001690e+00	-3.662630e-04
10	RESET	-2.001680e+00	-3.642070e-04
10	RESET	-1.951660e+00	-3.541160e-04
10	RESET	-1.901630e+00	-3.282420e-04
10	RESET	-1.851570e+00	-3.062870e-04
10	RESET	-1.801540e+00	-2.815250e-04
10	RESET	-1.751530e+00	-2.583040e-04
10	RESET	-1.701490e+00	-2.373520e-04
10	RESET	-1.651460e+00	-2.225780e-04
10	RESET	-1.601420e+00	-2.073150e-04
10	RESET	-1.551390e+00	-1.929470e-04
10	RESET	-1.501340e+00	-1.765090e-04
10	RESET	-1.451320e+00	-1.629300e-04
10	RESET	-1.401260e+00	-1.488000e-04
10	RESET	-1.351260e+00	-1.345630e-04
10	RESET	-1.301180e+00	-1.248150e-04
10	RESET	-1.251180e+00	-1.134530e-04
10	RESET	-1.201100e+00	-1.038000e-04
10	RESET	-1.151090e+00	-9.321720e-05
10	RESET	-1.101030e+00	-8.361300e-05
10	RESET	-1.050970e+00	-7.507200e-05
10	RESET	-1.000940e+00	-6.632510e-05
10	RESET	-9.509110e-01	-5.836640e-05
10	RESET	-9.008800e-01	-5.130080e-05
10	RESET	-8.508010e-01	-4.365790e-05
10	RESET	-8.008130e-01	-3.837740e-05
10	RESET	-7.507330e-01	-3.259650e-05
10	RESET	-7.006920e-01	-2.695950e-05
10	RESET	-6.506460e-01	-2.253750e-05
10	RESET	-6.006330e-01	-1.895000e-05
10	RESET	-5.505650e-01	-1.558630e-05
10	RESET	-5.005040e-01	-1.258950e-05
10	RESET	-4.504760e-01	-1.051900e-05
10	RESET	-4.004750e-01	-8.205910e-06
10	RESET	-3.504010e-01	-6.365180e-06
10	RESET	-3.003570e-01	-4.823240e-06
10	RESET	-2.503080e-01	-3.594250e-06
10	RESET	-2.001670e-01	-2.487090e-06
10	RESET	-1.501230e-01	-1.625240e-06
10	RESET	-1.000880e-01	-9.918720e-07
10	RESET	-5.003970e-02	-4.644090e-07
10	RESET	-2.307890e-05	-1.675130e-10
11	SET	-2.703670e-05	2.500300e-10
11	SET	4.999810e-02	4.763860e-07
11	SET	1.000540e-01	8.954620e-07
11	SET	1.501000e-01	1.463580e-06
11	SET	2.001370e-01	2.417750e-06
11	SET	2.500600e-01	2.963120e-06
11	SET	3.000620e-01	4.182070e-06
11	SET	3.501070e-01	5.019390e-06
11	SET	4.001220e-01	6.350970e-06
11	SET	4.501890e-01	7.855580e-06
11	SET	5.002310e-01	9.516940e-06
11	SET	5.502440e-01	4.864630e-05
11	SET	6.003060e-01	4.918230e-05
11	SET	6.503660e-01	5.234610e-05
11	SET	7.004000e-01	6.189660e-05
11	SET	7.504680e-01	7.064360e-05
11	SET	8.004850e-01	7.388770e-05
11	SET	8.505540e-01	1.100450e-04
11	SET	9.005620e-01	1.100390e-04
11	SET	9.506240e-01	1.100360e-04
11	SET	1.000660e+00	1.100370e-04
11	SET	1.050720e+00	1.100390e-04
11	SET	1.100710e+00	1.100370e-04
11	SET	1.150770e+00	1.100390e-04
11	SET	1.200830e+00	1.100390e-04
11	SET	1.250840e+00	1.100340e-04
11	SET	1.300870e+00	1.100380e-04
11	SET	1.350920e+00	1.100390e-04
11	SET	1.400960e+00	1.100330e-04
11	SET	1.451010e+00	1.100390e-04
11	SET	1.501000e+00	1.100380e-04
11	SET	1.551050e+00	1.100380e-04
11	SET	1.601110e+00	1.100330e-04
11	SET	1.651150e+00	1.100380e-04
11	SET	1.701160e+00	1.100370e-04
11	SET	1.751200e+00	1.100340e-04
11	SET	1.801220e+00	1.100360e-04
11	SET	1.851280e+00	1.100370e-04
11	SET	1.901290e+00	1.100360e-04
11	SET	1.951340e+00	1.100390e-04
11	SET	2.001370e+00	1.100370e-04
11	SET	2.050100e+00	1.100350e-04
11	SET	2.100200e+00	1.100380e-04
11	SET	2.150430e+00	1.100380e-04
11	SET	2.200610e+00	1.100370e-04
11	SET	2.250620e+00	1.100390e-04
11	SET	2.300340e+00	1.100360e-04
11	SET	2.350720e+00	1.100420e-04
11	SET	2.400550e+00	1.100380e-04
11	SET	2.450300e+00	1.100400e-04
11	SET	2.500650e+00	1.100390e-04
11	SET	2.550890e+00	1.100380e-04
11	SET	2.600790e+00	1.100380e-04
11	SET	2.650680e+00	1.100420e-04
11	SET	2.700990e+00	1.100390e-04
11	SET	2.750820e+00	1.100390e-04
11	SET	2.800750e+00	1.100380e-04
11	SET	2.850990e+00	1.100380e-04
11	SET	2.900990e+00	1.100380e-04
11	SET	2.951150e+00	1.100380e-04
11	SET	3.001180e+00	1.100350e-04
11	SET	3.001080e+00	1.100370e-04
11	SET	2.950880e+00	1.100340e-04
11	SET	2.901040e+00	1.100380e-04
11	SET	2.851110e+00	1.100430e-04
11	SET	2.800810e+00	1.100410e-04
11	SET	2.750840e+00	1.100320e-04
11	SET	2.701000e+00	1.100410e-04
11	SET	2.650670e+00	1.100400e-04
11	SET	2.600670e+00	1.100370e-04
11	SET	2.550740e+00	1.100380e-04
11	SET	2.500900e+00	1.100380e-04
11	SET	2.450390e+00	1.100420e-04
11	SET	2.400440e+00	1.100380e-04
11	SET	2.350780e+00	1.100360e-04
11	SET	2.300270e+00	1.100390e-04
11	SET	2.250640e+00	1.100380e-04
11	SET	2.200560e+00	1.100310e-04
11	SET	2.150430e+00	1.100420e-04
11	SET	2.100220e+00	1.100430e-04
11	SET	2.050150e+00	1.100390e-04
11	SET	2.001390e+00	1.100410e-04
11	SET	1.951360e+00	1.100390e-04
11	SET	1.901300e+00	1.100370e-04
11	SET	1.851280e+00	1.100400e-04
11	SET	1.801230e+00	1.100380e-04
11	SET	1.751230e+00	1.100370e-04
11	SET	1.701180e+00	1.100420e-04
11	SET	1.651130e+00	1.100440e-04
11	SET	1.601090e+00	1.100400e-04
11	SET	1.551100e+00	1.100370e-04
11	SET	1.501030e+00	1.100340e-04
11	SET	1.451030e+00	1.100380e-04
11	SET	1.400960e+00	1.100380e-04
11	SET	1.350920e+00	1.100370e-04
11	SET	1.300890e+00	1.100410e-04
11	SET	1.250870e+00	1.100380e-04
11	SET	1.200810e+00	1.100400e-04
11	SET	1.150790e+00	1.100410e-04
11	SET	1.100720e+00	1.100380e-04
11	SET	1.050720e+00	1.100390e-04
11	SET	1.000660e+00	1.100380e-04
11	SET	9.506410e-01	1.100350e-04
11	SET	9.005670e-01	1.100380e-04
11	SET	8.505540e-01	1.100350e-04
11	SET	8.004860e-01	1.100390e-04
11	SET	7.504470e-01	1.100380e-04
11	SET	7.003750e-01	1.100380e-04
11	SET	6.503760e-01	1.100420e-04
11	SET	6.003090e-01	1.100410e-04
11	SET	5.503020e-01	1.100380e-04
11	SET	5.002360e-01	1.100370e-04
11	SET	4.502170e-01	1.100380e-04
11	SET	4.001580e-01	1.100380e-04
11	SET	3.501360e-01	1.100310e-04
11	SET	3.000800e-01	1.100390e-04
11	SET	2.500640e-01	1.100390e-04
11	SET	2.001440e-01	1.100380e-04
11	SET	1.501050e-01	1.100390e-04
11	SET	1.000680e-01	7.165450e-05
11	SET	5.002500e-02	3.465890e-05
11	SET	-1.308920e-05	-1.041800e-08
11	RESET	-1.425740e-05	1.849830e-09
11	RESET	-5.003980e-02	-2.923810e-06
11	RESET	-1.000790e-01	-5.893260e-06
11	RESET	-1.501290e-01	-9.032790e-06
11	RESET	-2.001250e-01	-1.255110e-05
11	RESET	-2.503270e-01	-1.600190e-05
11	RESET	-3.003620e-01	-1.979520e-05
11	RESET	-3.503910e-01	-2.404350e-05
11	RESET	-4.004640e-01	-2.807960e-05
11	RESET	-4.504580e-01	-3.265400e-05
11	RESET	-5.005320e-01	-3.860540e-05
11	RESET	-5.505780e-01	-4.379280e-05
11	RESET	-6.006330e-01	-4.934220e-05
11	RESET	-6.506200e-01	-5.651150e-05
11	RESET	-7.007060e-01	-6.192750e-05
11	RESET	-7.507400e-01	-7.016440e-05
11	RESET	-8.007780e-01	-7.481990e-05
11	RESET	-8.508110e-01	-7.926260e-05
11	RESET	-9.008570e-01	-8.985130e-05
11	RESET	-9.508870e-01	-8.220050e-05
11	RESET	-1.000950e+00	-8.089310e-05
11	RESET	-1.050990e+00	-8.397270e-05
11	RESET	-1.101030e+00	-9.709100e-05
11	RESET	-1.151120e+00	-1.040370e-04
11	RESET	-1.201120e+00	-1.179380e-04
11	RESET	-1.251170e+00	-1.066710e-04
11	RESET	-1.301190e+00	-1.172340e-04
11	RESET	-1.351240e+00	-1.275990e-04
11	RESET	-1.401270e+00	-1.319140e-04
11	RESET	-1.451300e+00	-1.512220e-04
11	RESET	-1.501350e+00	-1.595450e-04
11	RESET	-1.551380e+00	-1.721630e-04
11	RESET	-1.601420e+00	-1.858750e-04
11	RESET	-1.651460e+00	-2.047250e-04
11	RESET	-1.701470e+00	-2.216550e-04
11	RESET	-1.751550e+00	-2.402520e-04
11	RESET	-1.801540e+00	-2.544260e-04
11	RESET	-1.851620e+00	-2.757410e-04
11	RESET	-1.901620e+00	-2.970660e-04
11	RESET	-1.951670e+00	-3.249310e-04
11	RESET	-2.001690e+00	-3.597960e-04
11	RESET	-2.001680e+00	-3.558420e-04
11	RESET	-1.951700e+00	-3.448900e-04
11	RESET	-1.901620e+00	-3.096070e-04
11	RESET	-1.851590e+00	-2.953880e-04
11	RESET	-1.801520e+00	-2.770390e-04
11	RESET	-1.751530e+00	-2.656350e-04
11	RESET	-1.701480e+00	-2.395990e-04
11	RESET	-1.651460e+00	-2.227480e-04
11	RESET	-1.601400e+00	-2.060190e-04
11	RESET	-1.551390e+00	-1.905340e-04
11	RESET	-1.501340e+00	-1.758570e-04
11	RESET	-1.451290e+00	-1.619840e-04
11	RESET	-1.401260e+00	-1.470200e-04
11	RESET	-1.351260e+00	-1.343970e-04
11	RESET	-1.301210e+00	-1.218960e-04
11	RESET	-1.251170e+00	-1.107370e-04
11	RESET	-1.201110e+00	-1.005540e-04
11	RESET	-1.151080e+00	-9.010520e-05
11	RESET	-1.101040e+00	-8.039940e-05
11	RESET	-1.050970e+00	-7.137700e-05
11	RESET	-1.000950e+00	-6.296490e-05
11	RESET	-9.509010e-01	-5.612340e-05
11	RESET	-9.008630e-01	-4.874000e-05
11	RESET	-8.507940e-01	-4.193290e-05
11	RESET	-8.008090e-01	-3.540910e-05
11	RESET	-7.507220e-01	-2.983950e-05
11	RESET	-7.007060e-01	-2.555530e-05
11	RESET	-6.506360e-01	-2.108340e-05
11	RESET	-6.006030e-01	-1.766300e-05
11	RESET	-5.505590e-01	-1.423140e-05
11	RESET	-5.005240e-01	-1.146200e-05
11	RESET	-4.504770e-01	-9.218580e-06
11	RESET	-4.004840e-01	-7.397700e-06
11	RESET	-3.504130e-01	-5.684530e-06
11	RESET	-3.003630e-01	-4.256230e-06
11	RESET	-2.503040e-01	-3.414560e-06
11	RESET	-2.001610e-01	-2.729930e-06
11	RESET	-1.501020e-01	-2.731160e-06
11	RESET	-1.000860e-01	-2.402490e-06
11	RESET	-5.003760e-02	-1.118640e-06
11	RESET	-1.325610e-05	-2.081040e-10
12	SET	-1.335140e-05	-7.802250e-11
12	SET	5.001310e-02	9.651220e-07
12	SET	1.000700e-01	2.056410e-06
12	SET	1.501150e-01	2.755740e-06
12	SET	2.001240e-01	4.621860e-06
12	SET	2.500210e-01	5.800890e-06
12	SET	3.001750e-01	7.206570e-06
12	SET	3.501280e-01	6.517440e-06
12	SET	4.001810e-01	9.510920e-06
12	SET	4.501670e-01	1.217960e-05
12	SET	5.002440e-01	1.130680e-05
12	SET	5.502700e-01	2.652780e-05
12	SET	6.003070e-01	3.271810e-05
12	SET	6.503920e-01	3.607100e-05
12	SET	7.004100e-01	4.135800e-05
12	SET	7.504450e-01	6.236860e-05
12	SET	8.004680e-01	7.297560e-05
12	SET	8.505510e-01	8.009330e-05
12	SET	9.005840e-01	1.100370e-04
12	SET	9.506320e-01	1.100340e-04
12	SET	1.000660e+00	1.100420e-04
12	SET	1.050710e+00	1.100370e-04
12	SET	1.100710e+00	1.100350e-04
12	SET	1.150790e+00	1.100360e-04
12	SET	1.200810e+00	1.100370e-04
12	SET	1.250860e+00	1.100340e-04
12	SET	1.300870e+00	1.100360e-04
12	SET	1.350950e+00	1.100390e-04
12	SET	1.400960e+00	1.100410e-04
12	SET	1.451030e+00	1.100360e-04
12	SET	1.501020e+00	1.100370e-04
12	SET	1.551080e+00	1.100340e-04
12	SET	1.601110e+00	1.100370e-04
12	SET	1.651150e+00	1.100390e-04
12	SET	1.701160e+00	1.100350e-04
12	SET	1.751220e+00	1.100360e-04
12	SET	1.801240e+00	1.100370e-04
12	SET	1.851280e+00	1.100360e-04
12	SET	1.901290e+00	1.100340e-04
12	SET	1.951370e+00	1.100410e-04
12	SET	2.001390e+00	1.100390e-04
12	SET	2.050210e+00	1.100370e-04
12	SET	2.100200e+00	1.100410e-04
12	SET	2.150670e+00	1.100390e-04
12	SET	2.200410e+00	1.100370e-04
12	SET	2.250550e+00	1.100350e-04
12	SET	2.300250e+00	1.100360e-04
12	SET	2.350560e+00	1.100370e-04
12	SET	2.400570e+00	1.100380e-04
12	SET	2.450480e+00	1.100420e-04
12	SET	2.500730e+00	1.100390e-04
12	SET	2.550860e+00	1.100420e-04
12	SET	2.600820e+00	1.100380e-04
12	SET	2.650700e+00	1.100400e-04
12	SET	2.701030e+00	1.100370e-04
12	SET	2.751030e+00	1.100400e-04
12	SET	2.800810e+00	1.100450e-04
12	SET	2.851050e+00	1.100420e-04
12	SET	2.901220e+00	1.100390e-04
12	SET	2.951170e+00	1.100410e-04
12	SET	3.001390e+00	1.100380e-04
12	SET	3.001330e+00	1.100380e-04
12	SET	2.951190e+00	1.100370e-04
12	SET	2.901220e+00	1.100380e-04
12	SET	2.851110e+00	1.100400e-04
12	SET	2.800740e+00	1.100380e-04
12	SET	2.750920e+00	1.100420e-04
12	SET	2.701120e+00	1.100370e-04
12	SET	2.650780e+00	1.100400e-04
12	SET	2.600780e+00	1.100400e-04
12	SET	2.550840e+00	1.100380e-04
12	SET	2.500800e+00	1.100400e-04
12	SET	2.450590e+00	1.100420e-04
12	SET	2.400650e+00	1.100380e-04
12	SET	2.350770e+00	1.100400e-04
12	SET	2.300560e+00	1.100400e-04
12	SET	2.250650e+00	1.100360e-04
12	SET	2.200560e+00	1.100370e-04
12	SET	2.150580e+00	1.100360e-04
12	SET	2.100040e+00	1.100410e-04
12	SET	2.050130e+00	1.100390e-04
12	SET	2.001390e+00	1.100400e-04
12	SET	1.951350e+00	1.100380e-04
12	SET	1.901300e+00	1.100340e-04
12	SET	1.851310e+00	1.100430e-04
12	SET	1.801240e+00	1.100390e-04
12	SET	1.751230e+00	1.100380e-04
12	SET	1.701160e+00	1.100390e-04
12	SET	1.651150e+00	1.100360e-04
12	SET	1.601100e+00	1.100380e-04
12	SET	1.551080e+00	1.100360e-04
12	SET	1.501020e+00	1.100370e-04
12	SET	1.451010e+00	1.100360e-04
12	SET	1.400990e+00	1.100360e-04
12	SET	1.350940e+00	1.100350e-04
12	SET	1.300880e+00	1.100340e-04
12	SET	1.250870e+00	1.100370e-04
12	SET	1.200820e+00	1.100390e-04
12	SET	1.150780e+00	1.100370e-04
12	SET	1.100740e+00	1.100360e-04
12	SET	1.050740e+00	1.100420e-04
12	SET	1.000670e+00	1.100420e-04
12	SET	9.506220e-01	1.100340e-04
12	SET	9.005710e-01	1.100400e-04
12	SET	8.505720e-01	1.100380e-04
12	SET	8.005000e-01	1.100360e-04
12	SET	7.504680e-01	1.100380e-04
12	SET	7.004180e-01	1.100420e-04
12	SET	6.503940e-01	1.100380e-04
12	SET	6.003100e-01	1.100340e-04
12	SET	5.502920e-01	1.100380e-04
12	SET	5.002360e-01	1.100360e-04
12	SET	4.502220e-01	1.100400e-04
12	SET	4.001590e-01	1.100380e-04
12	SET	3.501320e-01	1.100370e-04
12	SET	3.000720e-01	1.100380e-04
12	SET	2.500560e-01	1.100380e-04
12	SET	2.001390e-01	1.100400e-04
12	SET	1.501030e-01	1.100410e-04
12	SET	1.000650e-01	7.424400e-05
12	SET	5.002440e-02	3.559600e-05
12	SET	-1.416210e-05	-9.107890e-09
12	RESET	-1.516340e-05	8.092760e-10
12	RESET	-5.005100e-02	-6.331410e-06
12	RESET	-1.000510e-01	-1.267000e-05
12	RESET	-1.501370e-01	-2.101890e-05
12	RESET	-2.001790e-01	-3.119900e-05
12	RESET	-2.503150e-01	-4.446690e-05
12	RESET	-3.003720e-01	-5.966660e-05
12	RESET	-3.504060e-01	-7.891040e-05
12	RESET	-4.004760e-01	-8.680910e-05
12	RESET	-4.504990e-01	-9.406120e-05
12	RESET	-5.005390e-01	-9.652120e-05
12	RESET	-5.505800e-01	-8.256350e-05
12	RESET	-6.006240e-01	-8.166100e-05
12	RESET	-6.506450e-01	-8.815130e-05
12	RESET	-7.006990e-01	-8.393920e-05
12	RESET	-7.507400e-01	-9.485390e-05
12	RESET	-8.008140e-01	-9.622430e-05
12	RESET	-8.508200e-01	-1.006380e-04
12	RESET	-9.008670e-01	-1.027920e-04
12	RESET	-9.509180e-01	-1.048060e-04
12	RESET	-1.000960e+00	-1.051920e-04
12	RESET	-1.050970e+00	-9.962150e-05
12	RESET	-1.101050e+00	-9.630790e-05
12	RESET	-1.151110e+00	-1.032630e-04
12	RESET	-1.201110e+00	-1.105280e-04
12	RESET	-1.251180e+00	-1.240750e-04
12	RESET	-1.301210e+00	-1.264330e-04
12	RESET	-1.351270e+00	-1.324930e-04
12	RESET	-1.401270e+00	-1.523100e-04
12	RESET	-1.451320e+00	-1.414920e-04
12	RESET	-1.501370e+00	-1.512670e-04
12	RESET	-1.551400e+00	-1.713770e-04
12	RESET	-1.601420e+00	-1.876400e-04
12	RESET	-1.651480e+00	-2.003730e-04
12	RESET	-1.701470e+00	-2.222810e-04
12	RESET	-1.751540e+00	-2.422520e-04
12	RESET	-1.801540e+00	-2.614510e-04
12	RESET	-1.851600e+00	-2.783600e-04
12	RESET	-1.901630e+00	-3.018290e-04
12	RESET	-1.951680e+00	-3.222890e-04
12	RESET	-2.001720e+00	-3.513620e-04
12	RESET	-2.001730e+00	-3.489990e-04
12	RESET	-1.951670e+00	-3.173530e-04
12	RESET	-1.901630e+00	-2.999330e-04
12	RESET	-1.851630e+00	-2.808770e-04
12	RESET	-1.801540e+00	-2.616570e-04
12	RESET	-1.751530e+00	-2.400100e-04
12	RESET	-1.701490e+00	-2.220390e-04
12	RESET	-1.651470e+00	-2.051420e-04
12	RESET	-1.601420e+00	-1.893380e-04
12	RESET	-1.551420e+00	-1.737770e-04
12	RESET	-1.501340e+00	-1.607730e-04
12	RESET	-1.451320e+00	-1.465820e-04
12	RESET	-1.401260e+00	-1.331780e-04
12	RESET	-1.351280e+00	-1.220500e-04
12	RESET	-1.301200e+00	-1.113290e-04
12	RESET	-1.251180e+00	-1.007260e-04
12	RESET	-1.201110e+00	-9.112180e-05
12	RESET	-1.151100e+00	-8.206040e-05
12	RESET	-1.101060e+00	-7.248360e-05
12	RESET	-1.050980e+00	-6.423990e-05
12	RESET	-1.000980e+00	-5.682430e-05
12	RESET	-9.509130e-01	-4.967290e-05
12	RESET	-9.008800e-01	-4.313370e-05
12	RESET	-8.508220e-01	-3.722790e-05
12	RESET	-8.008270e-01	-3.215650e-05
12	RESET	-7.507440e-01	-2.699260e-05
12	RESET	-7.007160e-01	-2.268660e-05
12	RESET	-6.506610e-01	-1.907440e-05
12	RESET	-6.006320e-01	-1.605310e-05
12	RESET	-5.505830e-01	-1.305230e-05
12	RESET	-5.005390e-01	-1.062070e-05
12	RESET	-4.504700e-01	-8.562700e-06
12	RESET	-4.004550e-01	-6.771270e-06
12	RESET	-3.504150e-01	-5.398080e-06
12	RESET	-3.003630e-01	-4.179060e-06
12	RESET	-2.503170e-01	-3.154090e-06
12	RESET	-2.001730e-01	-2.186920e-06
12	RESET	-1.501320e-01	-1.447190e-06
12	RESET	-1.000890e-01	-8.643420e-07
12	RESET	-5.004700e-02	-3.989600e-07
12	RESET	-2.272130e-05	-1.708270e-11
13	SET	-1.614090e-05	-1.469020e-10
13	SET	5.000430e-02	3.942010e-07
13	SET	1.000660e-01	7.037040e-07
13	SET	1.501070e-01	1.101010e-06
13	SET	2.001420e-01	1.607970e-06
13	SET	2.500420e-01	2.118290e-06
13	SET	3.000800e-01	3.000650e-06
13	SET	3.501120e-01	3.882680e-06
13	SET	4.001680e-01	4.823620e-06
13	SET	4.502210e-01	5.497410e-06
13	SET	5.002330e-01	6.490760e-06
13	SET	5.502850e-01	8.001320e-06
13	SET	6.002770e-01	9.089690e-06
13	SET	6.503730e-01	1.100410e-04
13	SET	7.004070e-01	1.100360e-04
13	SET	7.504610e-01	1.100390e-04
13	SET	8.004890e-01	1.100370e-04
13	SET	8.505610e-01	1.100320e-04
13	SET	9.005760e-01	1.100370e-04
13	SET	9.506350e-01	1.100340e-04
13	SET	1.000680e+00	1.100350e-04
13	SET	1.050700e+00	1.100370e-04
13	SET	1.100720e+00	1.100370e-04
13	SET	1.150780e+00	1.100390e-04
13	SET	1.200800e+00	1.100340e-04
13	SET	1.250880e+00	1.100360e-04
13	SET	1.300880e+00	1.100360e-04
13	SET	1.350940e+00	1.100330e-04
13	SET	1.400970e+00	1.100390e-04
13	SET	1.451000e+00	1.100340e-04
13	SET	1.501020e+00	1.100360e-04
13	SET	1.551080e+00	1.100390e-04
13	SET	1.601120e+00	1.100420e-04
13	SET	1.651130e+00	1.100410e-04
13	SET	1.701160e+00	1.100380e-04
13	SET	1.751250e+00	1.100380e-04
13	SET	1.801240e+00	1.100390e-04
13	SET	1.851280e+00	1.100380e-04
13	SET	1.901310e+00	1.100400e-04
13	SET	1.951360e+00	1.100420e-04
13	SET	2.001380e+00	1.100380e-04
13	SET	2.050230e+00	1.100400e-04
13	SET	2.100350e+00	1.100390e-04
13	SET	2.150400e+00	1.100370e-04
13	SET	2.200500e+00	1.100360e-04
13	SET	2.250440e+00	1.100400e-04
13	SET	2.300320e+00	1.100370e-04
13	SET	2.350770e+00	1.100420e-04
13	SET	2.400520e+00	1.100370e-04
13	SET	2.450510e+00	1.100420e-04
13	SET	2.500710e+00	1.100380e-04
13	SET	2.550740e+00	1.100420e-04
13	SET	2.600720e+00	1.100370e-04
13	SET	2.650660e+00	1.100400e-04
13	SET	2.701050e+00	1.100370e-04
13	SET	2.750840e+00	1.100380e-04
13	SET	2.800680e+00	1.100410e-04
13	SET	2.851120e+00	1.100410e-04
13	SET	2.900900e+00	1.100380e-04
13	SET	2.951020e+00	1.100400e-04
13	SET	3.001130e+00	1.100370e-04
13	SET	3.001100e+00	1.100370e-04
13	SET	2.951040e+00	1.100350e-04
13	SET	2.901050e+00	1.100400e-04
13	SET	2.851180e+00	1.100400e-04
13	SET	2.800910e+00	1.100420e-04
13	SET	2.751050e+00	1.100390e-04
13	SET	2.701070e+00	1.100340e-04
13	SET	2.650800e+00	1.100400e-04
13	SET	2.600560e+00	1.100440e-04
13	SET	2.550910e+00	1.100400e-04
13	SET	2.500770e+00	1.100420e-04
13	SET	2.450500e+00	1.100390e-04
13	SET	2.400550e+00	1.100410e-04
13	SET	2.350730e+00	1.100410e-04
13	SET	2.300320e+00	1.100400e-04
13	SET	2.250570e+00	1.100390e-04
13	SET	2.200710e+00	1.100350e-04
13	SET	2.150410e+00	1.100430e-04
13	SET	2.100370e+00	1.100400e-04
13	SET	2.050180e+00	1.100390e-04
13	SET	2.001360e+00	1.100420e-04
13	SET	1.951340e+00	1.100410e-04
13	SET	1.901310e+00	1.100400e-04
13	SET	1.851300e+00	1.100390e-04
13	SET	1.801230e+00	1.100460e-04
13	SET	1.751210e+00	1.100380e-04
13	SET	1.701180e+00	1.100340e-04
13	SET	1.651130e+00	1.100370e-04
13	SET	1.601100e+00	1.100380e-04
13	SET	1.551070e+00	1.100380e-04
13	SET	1.501030e+00	1.100420e-04
13	SET	1.451010e+00	1.100400e-04
13	SET	1.400960e+00	1.100390e-04
13	SET	1.350940e+00	1.100350e-04
13	SET	1.300900e+00	1.100340e-04
13	SET	1.250860e+00	1.100390e-04
13	SET	1.200810e+00	1.100390e-04
13	SET	1.150790e+00	1.100390e-04
13	SET	1.100740e+00	1.100380e-04
13	SET	1.050710e+00	1.100390e-04
13	SET	1.000670e+00	1.100370e-04
13	SET	9.506160e-01	1.100380e-04
13	SET	9.005500e-01	1.100410e-04
13	SET	8.505450e-01	1.100380e-04
13	SET	8.004950e-01	1.100420e-04
13	SET	7.504780e-01	1.100400e-04
13	SET	7.003820e-01	1.100400e-04
13	SET	6.503690e-01	1.100380e-04
13	SET	6.002980e-01	1.100350e-04
13	SET	5.502940e-01	1.100390e-04
13	SET	5.002330e-01	1.100350e-04
13	SET	4.502300e-01	1.100370e-04
13	SET	4.001620e-01	1.100390e-04
13	SET	3.501420e-01	1.100310e-04
13	SET	3.000810e-01	1.100380e-04
13	SET	2.500610e-01	1.100420e-04
13	SET	2.001320e-01	1.007330e-04
13	SET	1.501050e-01	7.077810e-05
13	SET	1.000620e-01	4.474120e-05
13	SET	5.002430e-02	2.151060e-05
13	SET	-1.623630e-05	-6.920710e-09
13	RESET	-2.288820e-05	4.223470e-10
13	RESET	-4.999380e-02	-2.132410e-05
13	RESET	-1.000870e-01	-4.434420e-05
13	RESET	-1.501280e-01	-6.983320e-05
13	RESET	-2.001650e-01	-9.689320e-05
13	RESET	-2.503020e-01	-9.936460e-05
13	RESET	-3.003500e-01	-5.398180e-06
13	RESET	-3.503980e-01	-5.582560e-06
13	RESET	-4.004800e-01	-6.005550e-06
13	RESET	-4.504690e-01	-7.702980e-06
13	RESET	-5.005460e-01	-9.923890e-06
13	RESET	-5.505390e-01	-1.027180e-05
13	RESET	-6.006360e-01	-1.249930e-05
13	RESET	-6.506480e-01	-1.515880e-05
13	RESET	-7.006930e-01	-1.832080e-05
13	RESET	-7.507430e-01	-2.171610e-05
13	RESET	-8.007850e-01	-2.538300e-05
13	RESET	-8.508180e-01	-3.018720e-05
13	RESET	-9.008760e-01	-3.525310e-05
13	RESET	-9.509050e-01	-4.032500e-05
13	RESET	-1.000960e+00	-4.606720e-05
13	RESET	-1.050970e+00	-5.321950e-05
13	RESET	-1.101040e+00	-6.017750e-05
13	RESET	-1.151080e+00	-6.790970e-05
13	RESET	-1.201120e+00	-7.740490e-05
13	RESET	-1.251170e+00	-8.518280e-05
13	RESET	-1.301180e+00	-9.845350e-05
13	RESET	-1.351260e+00	-1.046260e-04
13	RESET	-1.401260e+00	-1.173650e-04
13	RESET	-1.451330e+00	-1.366580e-04
13	RESET	-1.501340e+00	-1.498470e-04
13	RESET	-1.551410e+00	-1.625870e-04
13	RESET	-1.601420e+00	-1.753630e-04
13	RESET	-1.651450e+00	-1.858590e-04
13	RESET	-1.701480e+00	-2.001250e-04
13	RESET	-1.751550e+00	-2.276460e-04
13	RESET	-1.801530e+00	-2.419280e-04
13	RESET	-1.851620e+00	-2.592020e-04
13	RESET	-1.901630e+00	-2.808450e-04
13	RESET	-1.951690e+00	-3.067410e-04
13	RESET	-2.001690e+00	-3.333470e-04
13	RESET	-2.001660e+00	-3.261310e-04
13	RESET	-1.951660e+00	-3.062180e-04
13	RESET	-1.901630e+00	-2.918390e-04
13	RESET	-1.851610e+00	-2.637670e-04
13	RESET	-1.801550e+00	-2.473370e-04
13	RESET	-1.751520e+00	-2.319840e-04
13	RESET	-1.701500e+00	-2.115320e-04
13	RESET	-1.651460e+00	-1.947930e-04
13	RESET	-1.601420e+00	-1.796710e-04
13	RESET	-1.551390e+00	-1.672670e-04
13	RESET	-1.501350e+00	-1.542410e-04
13	RESET	-1.451330e+00	-1.400560e-04
13	RESET	-1.401260e+00	-1.283890e-04
13	RESET	-1.351280e+00	-1.158800e-04
13	RESET	-1.301200e+00	-1.037870e-04
13	RESET	-1.251150e+00	-9.442930e-05
13	RESET	-1.201120e+00	-8.585260e-05
13	RESET	-1.151090e+00	-7.532470e-05
13	RESET	-1.101040e+00	-6.791270e-05
13	RESET	-1.050980e+00	-6.015270e-05
13	RESET	-1.000950e+00	-5.357980e-05
13	RESET	-9.509000e-01	-4.742250e-05
13	RESET	-9.008640e-01	-4.002530e-05
13	RESET	-8.508040e-01	-3.466330e-05
13	RESET	-8.008100e-01	-2.963280e-05
13	RESET	-7.507390e-01	-2.519980e-05
13	RESET	-7.007140e-01	-2.094800e-05
13	RESET	-6.506480e-01	-1.733730e-05
13	RESET	-6.006260e-01	-1.409290e-05
13	RESET	-5.505850e-01	-1.143030e-05
13	RESET	-5.005460e-01	-9.305290e-06
13	RESET	-4.504970e-01	-7.598900e-06
13	RESET	-4.004500e-01	-6.064400e-06
13	RESET	-3.503920e-01	-4.496820e-06
13	RESET	-3.003740e-01	-3.548790e-06
13	RESET	-2.503160e-01	-2.633420e-06
13	RESET	-2.001670e-01	-2.031100e-06
13	RESET	-1.501360e-01	-1.350630e-06
13	RESET	-1.000840e-01	-7.997760e-07
13	RESET	-5.003950e-02	-3.869160e-07
13	RESET	-1.685620e-05	-1.380800e-10
14	SET	-1.370910e-05	5.798340e-11
14	SET	5.000600e-02	4.136830e-07
14	SET	1.000710e-01	8.153240e-07
14	SET	1.501040e-01	1.236300e-06
14	SET	2.001390e-01	1.837990e-06
14	SET	2.500650e-01	2.376940e-06
14	SET	3.000750e-01	2.989610e-06
14	SET	3.501180e-01	3.873300e-06
14	SET	4.001890e-01	5.514650e-06
14	SET	4.502250e-01	5.632480e-06
14	SET	5.002230e-01	6.723280e-06
14	SET	5.502030e-01	8.054090e-06
14	SET	6.002950e-01	1.098240e-05
14	SET	6.503810e-01	1.262380e-05
14	SET	7.003880e-01	1.429220e-05
14	SET	7.504520e-01	1.441090e-05
14	SET	8.004760e-01	1.739960e-05
14	SET	8.505590e-01	1.960380e-05
14	SET	9.005710e-01	3.617490e-05
14	SET	9.506310e-01	8.495040e-05
14	SET	1.000670e+00	1.098690e-04
14	SET	1.050730e+00	1.100400e-04
14	SET	1.100710e+00	1.100390e-04
14	SET	1.150790e+00	1.100370e-04
14	SET	1.200810e+00	1.100380e-04
14	SET	1.250880e+00	1.100380e-04
14	SET	1.300900e+00	1.100410e-04
14	SET	1.350930e+00	1.100360e-04
14	SET	1.400970e+00	1.100380e-04
14	SET	1.451010e+00	1.100360e-04
14	SET	1.501020e+00	1.100390e-04
14	SET	1.551070e+00	1.100330e-04
14	SET	1.601100e+00	1.100360e-04
14	SET	1.651140e+00	1.100360e-04
14	SET	1.701180e+00	1.100340e-04
14	SET	1.751220e+00	1.100370e-04
14	SET	1.801240e+00	1.100330e-04
14	SET	1.851290e+00	1.100390e-04
14	SET	1.901300e+00	1.100350e-04
14	SET	1.951350e+00	1.100400e-04
14	SET	2.001380e+00	1.100380e-04
14	SET	2.050230e+00	1.100350e-04
14	SET	2.100310e+00	1.100420e-04
14	SET	2.150300e+00	1.100380e-04
14	SET	2.200490e+00	1.100400e-04
14	SET	2.250560e+00	1.100380e-04
14	SET	2.300410e+00	1.100370e-04
14	SET	2.350710e+00	1.100420e-04
14	SET	2.400470e+00	1.100370e-04
14	SET	2.450400e+00	1.100430e-04
14	SET	2.500750e+00	1.100390e-04
14	SET	2.550700e+00	1.100420e-04
14	SET	2.600790e+00	1.100400e-04
14	SET	2.650740e+00	1.100380e-04
14	SET	2.700940e+00	1.100390e-04
14	SET	2.750880e+00	1.100370e-04
14	SET	2.800780e+00	1.100380e-04
14	SET	2.850910e+00	1.100390e-04
14	SET	2.901040e+00	1.100430e-04
14	SET	2.951210e+00	1.100340e-04
14	SET	3.001290e+00	1.100370e-04
14	SET	3.001170e+00	1.100340e-04
14	SET	2.950970e+00	1.100370e-04
14	SET	2.901160e+00	1.100380e-04
14	SET	2.851010e+00	1.100420e-04
14	SET	2.800960e+00	1.100430e-04
14	SET	2.750920e+00	1.100370e-04
14	SET	2.700950e+00	1.100390e-04
14	SET	2.650800e+00	1.100370e-04
14	SET	2.600840e+00	1.100340e-04
14	SET	2.550980e+00	1.100390e-04
14	SET	2.500560e+00	1.100340e-04
14	SET	2.450530e+00	1.100340e-04
14	SET	2.400510e+00	1.100370e-04
14	SET	2.350660e+00	1.100380e-04
14	SET	2.300350e+00	1.100370e-04
14	SET	2.250490e+00	1.100380e-04
14	SET	2.200460e+00	1.100340e-04
14	SET	2.150480e+00	1.100400e-04
14	SET	2.100190e+00	1.100370e-04
14	SET	2.050250e+00	1.100370e-04
14	SET	2.001380e+00	1.100390e-04
14	SET	1.951340e+00	1.100420e-04
14	SET	1.901300e+00	1.100350e-04
14	SET	1.851290e+00	1.100390e-04
14	SET	1.801240e+00	1.100360e-04
14	SET	1.751230e+00	1.100340e-04
14	SET	1.701160e+00	1.100390e-04
14	SET	1.651130e+00	1.100390e-04
14	SET	1.601130e+00	1.100370e-04
14	SET	1.551060e+00	1.100390e-04
14	SET	1.501020e+00	1.100390e-04
14	SET	1.451030e+00	1.100380e-04
14	SET	1.400940e+00	1.100350e-04
14	SET	1.350940e+00	1.100380e-04
14	SET	1.300900e+00	1.100360e-04
14	SET	1.250860e+00	1.100370e-04
14	SET	1.200820e+00	1.100380e-04
14	SET	1.150780e+00	1.100340e-04
14	SET	1.100730e+00	1.100360e-04
14	SET	1.050720e+00	1.100380e-04
14	SET	1.000640e+00	1.100390e-04
14	SET	9.506440e-01	1.100370e-04
14	SET	9.005660e-01	1.100350e-04
14	SET	8.505580e-01	1.100330e-04
14	SET	8.004950e-01	1.100420e-04
14	SET	7.504500e-01	1.100410e-04
14	SET	7.003970e-01	1.100360e-04
14	SET	6.503710e-01	1.036560e-04
14	SET	6.003120e-01	7.170230e-05
14	SET	5.503030e-01	5.461470e-05
14	SET	5.002270e-01	4.610860e-05
14	SET	4.502270e-01	3.950840e-05
14	SET	4.001310e-01	3.348930e-05
14	SET	3.501280e-01	2.821380e-05
14	SET	3.000830e-01	2.368450e-05
14	SET	2.500450e-01	1.910000e-05
14	SET	2.001410e-01	1.518110e-05
14	SET	1.501050e-01	1.104330e-05
14	SET	1.000600e-01	7.253390e-06
14	SET	5.001550e-02	3.586970e-06
14	SET	-1.749990e-05	-9.011750e-10
14	RESET	-1.938340e-05	3.787880e-10
14	RESET	-5.004270e-02	-3.549610e-06
14	RESET	-1.000870e-01	-7.246530e-06
14	RESET	-1.500950e-01	-1.084440e-05
14	RESET	-2.001630e-01	-1.473800e-05
14	RESET	-2.503270e-01	-1.881750e-05
14	RESET	-3.003560e-01	-2.313250e-05
14	RESET	-3.504000e-01	-2.772950e-05
14	RESET	-4.004820e-01	-3.253670e-05
14	RESET	-4.504590e-01	-3.798590e-05
14	RESET	-5.005360e-01	-3.515700e-05
14	RESET	-5.505780e-01	-2.641340e-05
14	RESET	-6.006380e-01	-4.198200e-05
14	RESET	-6.506380e-01	-3.304170e-05
14	RESET	-7.007130e-01	-3.457510e-05
14	RESET	-7.507430e-01	-2.664670e-05
14	RESET	-8.007850e-01	-3.222590e-05
14	RESET	-8.507930e-01	-6.584590e-05
14	RESET	-9.008710e-01	-6.226360e-05
14	RESET	-9.508980e-01	-6.460340e-05
14	RESET	-1.000950e+00	-6.376680e-05
14	RESET	-1.050970e+00	-7.998980e-05
14	RESET	-1.101030e+00	-7.185010e-05
14	RESET	-1.151100e+00	-7.194370e-05
14	RESET	-1.201120e+00	-8.364260e-05
14	RESET	-1.251160e+00	-9.481870e-05
14	RESET	-1.301210e+00	-9.831900e-05
14	RESET	-1.351260e+00	-1.098640e-04
14	RESET	-1.401260e+00	-1.253040e-04
14	RESET	-1.451330e+00	-1.333990e-04
14	RESET	-1.501340e+00	-1.455530e-04
14	RESET	-1.551400e+00	-1.586380e-04
14	RESET	-1.601410e+00	-1.740080e-04
14	RESET	-1.651470e+00	-1.885710e-04
14	RESET	-1.701490e+00	-2.040850e-04
14	RESET	-1.751540e+00	-2.220120e-04
14	RESET	-1.801550e+00	-2.420820e-04
14	RESET	-1.851590e+00	-2.571120e-04
14	RESET	-1.901620e+00	-2.755490e-04
14	RESET	-1.951680e+00	-3.076650e-04
14	RESET	-2.001670e+00	-3.356930e-04
14	RESET	-2.001690e+00	-3.493130e-04
14	RESET	-1.951660e+00	-3.244190e-04
14	RESET	-1.901650e+00	-2.984380e-04
14	RESET	-1.851620e+00	-2.740390e-04
14	RESET	-1.801560e+00	-2.531890e-04
14	RESET	-1.751540e+00	-2.380160e-04
14	RESET	-1.701510e+00	-2.199350e-04
14	RESET	-1.651490e+00	-2.020570e-04
14	RESET	-1.601410e+00	-1.850420e-04
14	RESET	-1.551390e+00	-1.713910e-04
14	RESET	-1.501340e+00	-1.552660e-04
14	RESET	-1.451310e+00	-1.429220e-04
14	RESET	-1.401290e+00	-1.311560e-04
14	RESET	-1.351260e+00	-1.199690e-04
14	RESET	-1.301190e+00	-1.080880e-04
14	RESET	-1.251180e+00	-9.821210e-05
14	RESET	-1.201130e+00	-8.982980e-05
14	RESET	-1.151090e+00	-8.104010e-05
14	RESET	-1.101070e+00	-7.287670e-05
14	RESET	-1.051000e+00	-6.414470e-05
14	RESET	-1.000970e+00	-5.649820e-05
14	RESET	-9.509030e-01	-4.931060e-05
14	RESET	-9.008700e-01	-4.186090e-05
14	RESET	-8.508240e-01	-3.654140e-05
14	RESET	-8.007880e-01	-3.107530e-05
14	RESET	-7.507520e-01	-2.611730e-05
14	RESET	-7.006870e-01	-2.112910e-05
14	RESET	-6.506640e-01	-1.764560e-05
14	RESET	-6.006280e-01	-1.423020e-05
14	RESET	-5.505760e-01	-1.165710e-05
14	RESET	-5.005330e-01	-9.201700e-06
14	RESET	-4.504590e-01	-7.388060e-06
14	RESET	-4.004420e-01	-5.890430e-06
14	RESET	-3.503940e-01	-4.225900e-06
14	RESET	-3.003660e-01	-3.172020e-06
14	RESET	-2.503110e-01	-2.365730e-06
14	RESET	-2.001630e-01	-1.706430e-06
14	RESET	-1.501290e-01	-1.173270e-06
14	RESET	-1.000820e-01	-7.102580e-07
14	RESET	-5.004020e-02	-3.316460e-07
14	RESET	-1.919270e-05	-2.263900e-10
15	SET	-1.947880e-05	-1.266720e-10
15	SET	5.000400e-02	3.686980e-07
15	SET	1.000630e-01	6.829300e-07
15	SET	1.501020e-01	1.103680e-06
15	SET	2.001410e-01	1.555900e-06
15	SET	2.500430e-01	2.090710e-06
15	SET	3.000660e-01	2.780500e-06
15	SET	3.501160e-01	3.613980e-06
15	SET	4.001320e-01	4.063780e-06
15	SET	4.502080e-01	5.126420e-06
15	SET	5.001880e-01	3.308490e-05
15	SET	5.502630e-01	3.601520e-05
15	SET	6.003050e-01	3.996110e-05
15	SET	6.503880e-01	4.791440e-05
15	SET	7.003730e-01	5.440110e-05
15	SET	7.504700e-01	5.590880e-05
15	SET	8.004830e-01	7.101690e-05
15	SET	8.505630e-01	7.802320e-05
15	SET	9.005720e-01	8.969640e-05
15	SET	9.506610e-01	1.098800e-04
15	SET	1.000640e+00	1.100420e-04
15	SET	1.050690e+00	1.100430e-04
15	SET	1.100730e+00	1.100430e-04
15	SET	1.150770e+00	1.100380e-04
15	SET	1.200810e+00	1.100340e-04
15	SET	1.250860e+00	1.100380e-04
15	SET	1.300890e+00	1.100390e-04
15	SET	1.350930e+00	1.100370e-04
15	SET	1.400940e+00	1.100380e-04
15	SET	1.451010e+00	1.100410e-04
15	SET	1.501020e+00	1.100370e-04
15	SET	1.551080e+00	1.100380e-04
15	SET	1.601100e+00	1.100370e-04
15	SET	1.651130e+00	1.100390e-04
15	SET	1.701170e+00	1.100370e-04
15	SET	1.751200e+00	1.100370e-04
15	SET	1.801230e+00	1.100370e-04
15	SET	1.851280e+00	1.100420e-04
15	SET	1.901300e+00	1.100370e-04
15	SET	1.951340e+00	1.100380e-04
15	SET	2.001390e+00	1.100400e-04
15	SET	2.050540e+00	1.100340e-04
15	SET	2.100250e+00	1.100390e-04
15	SET	2.150410e+00	1.100390e-04
15	SET	2.200620e+00	1.100390e-04
15	SET	2.250570e+00	1.100420e-04
15	SET	2.300570e+00	1.100390e-04
15	SET	2.350850e+00	1.100360e-04
15	SET	2.400620e+00	1.100370e-04
15	SET	2.450430e+00	1.100380e-04
15	SET	2.500870e+00	1.100430e-04
15	SET	2.550870e+00	1.100370e-04
15	SET	2.600890e+00	1.100380e-04
15	SET	2.650870e+00	1.100360e-04
15	SET	2.701220e+00	1.100390e-04
15	SET	2.750850e+00	1.100380e-04
15	SET	2.801040e+00	1.100420e-04
15	SET	2.851120e+00	1.100450e-04
15	SET	2.901120e+00	1.100390e-04
15	SET	2.951060e+00	1.100410e-04
15	SET	3.001190e+00	1.100370e-04
15	SET	3.001130e+00	1.100350e-04
15	SET	2.951180e+00	1.100380e-04
15	SET	2.901080e+00	1.100350e-04
15	SET	2.851010e+00	1.100440e-04
15	SET	2.800910e+00	1.100370e-04
15	SET	2.750840e+00	1.100370e-04
15	SET	2.701050e+00	1.100370e-04
15	SET	2.650780e+00	1.100370e-04
15	SET	2.600620e+00	1.100330e-04
15	SET	2.550890e+00	1.100430e-04
15	SET	2.500840e+00	1.100420e-04
15	SET	2.450550e+00	1.100420e-04
15	SET	2.400570e+00	1.100390e-04
15	SET	2.350700e+00	1.100380e-04
15	SET	2.300300e+00	1.100330e-04
15	SET	2.250510e+00	1.100340e-04
15	SET	2.200610e+00	1.100350e-04
15	SET	2.150430e+00	1.100360e-04
15	SET	2.100080e+00	1.100350e-04
15	SET	2.050180e+00	1.100440e-04
15	SET	2.001380e+00	1.100430e-04
15	SET	1.951350e+00	1.100380e-04
15	SET	1.901300e+00	1.100390e-04
15	SET	1.851290e+00	1.100380e-04
15	SET	1.801240e+00	1.100380e-04
15	SET	1.751220e+00	1.100370e-04
15	SET	1.701150e+00	1.100380e-04
15	SET	1.651140e+00	1.100400e-04
15	SET	1.601100e+00	1.100390e-04
15	SET	1.551100e+00	1.100330e-04
15	SET	1.501030e+00	1.100390e-04
15	SET	1.451020e+00	1.100350e-04
15	SET	1.400970e+00	1.100370e-04
15	SET	1.350940e+00	1.100390e-04
15	SET	1.300880e+00	1.100360e-04
15	SET	1.250870e+00	1.100320e-04
15	SET	1.200820e+00	1.100380e-04
15	SET	1.150760e+00	1.100380e-04
15	SET	1.100720e+00	1.100380e-04
15	SET	1.050720e+00	1.100390e-04
15	SET	1.000670e+00	1.100360e-04
15	SET	9.506190e-01	1.100410e-04
15	SET	9.005560e-01	1.100380e-04
15	SET	8.505640e-01	1.100370e-04
15	SET	8.004850e-01	1.100380e-04
15	SET	7.504510e-01	1.100360e-04
15	SET	7.004010e-01	1.100380e-04
15	SET	6.503660e-01	1.100420e-04
15	SET	6.003000e-01	1.100420e-04
15	SET	5.502720e-01	1.100380e-04
15	SET	5.002390e-01	1.100410e-04
15	SET	4.502110e-01	1.100370e-04
15	SET	4.001520e-01	1.100390e-04
15	SET	3.501380e-01	1.100350e-04
15	SET	3.000690e-01	9.356260e-05
15	SET	2.500470e-01	6.477590e-05
15	SET	2.001360e-01	4.287450e-05
15	SET	1.500970e-01	2.728890e-05
15	SET	1.000600e-01	1.632090e-05
15	SET	5.002840e-02	7.634700e-06
15	SET	-2.028940e-05	-2.801740e-09
15	RESET	-1.866820e-05	-3.293750e-11
15	RESET	-5.004160e-02	-7.663880e-06
15	RESET	-1.000360e-01	-1.667660e-05
15	RESET	-1.501260e-01	-2.773930e-05
15	RESET	-2.001650e-01	-4.251870e-05
15	RESET	-2.502960e-01	-6.169060e-05
15	RESET	-3.003830e-01	-8.472200e-05
15	RESET	-3.504320e-01	-1.095770e-04
15	RESET	-4.004500e-01	-1.350230e-04
15	RESET	-4.504740e-01	-1.543310e-04
15	RESET	-5.005480e-01	-9.288930e-05
15	RESET	-5.505630e-01	-9.417610e-05
15	RESET	-6.006340e-01	-1.014650e-04
15	RESET	-6.506320e-01	-9.601020e-05
15	RESET	-7.006960e-01	-1.023940e-04
15	RESET	-7.507590e-01	-1.095740e-04
15	RESET	-8.008000e-01	-1.006760e-04
15	RESET	-8.508140e-01	-1.175280e-04
15	RESET	-9.008410e-01	-9.970390e-05
15	RESET	-9.508890e-01	-9.956820e-05
15	RESET	-1.000980e+00	-1.071820e-04
15	RESET	-1.050990e+00	-1.105570e-04
15	RESET	-1.101030e+00	-1.176230e-04
15	RESET	-1.151110e+00	-1.198380e-04
15	RESET	-1.201110e+00	-1.126930e-04
15	RESET	-1.251180e+00	-1.219570e-04
15	RESET	-1.301190e+00	-1.312700e-04
15	RESET	-1.351260e+00	-1.449580e-04
15	RESET	-1.401250e+00	-1.492970e-04
15	RESET	-1.451320e+00	-1.693880e-04
15	RESET	-1.501350e+00	-1.553290e-04
15	RESET	-1.551400e+00	-1.690180e-04
15	RESET	-1.601420e+00	-1.849920e-04
15	RESET	-1.651480e+00	-2.047360e-04
15	RESET	-1.701490e+00	-2.057910e-04
15	RESET	-1.751540e+00	-2.196470e-04
15	RESET	-1.801550e+00	-2.395490e-04
15	RESET	-1.851600e+00	-2.737720e-04
15	RESET	-1.901630e+00	-2.947340e-04
15	RESET	-1.951680e+00	-3.102190e-04
15	RESET	-2.001690e+00	-3.429610e-04
15	RESET	-2.001670e+00	-3.189710e-04
15	RESET	-1.951680e+00	-3.001860e-04
15	RESET	-1.901630e+00	-2.794260e-04
15	RESET	-1.851600e+00	-2.536780e-04
15	RESET	-1.801540e+00	-2.379030e-04
15	RESET	-1.751510e+00	-2.203830e-04
15	RESET	-1.701510e+00	-2.025980e-04
15	RESET	-1.651480e+00	-1.886640e-04
15	RESET	-1.601400e+00	-1.741810e-04
15	RESET	-1.551410e+00	-1.610450e-04
15	RESET	-1.501350e+00	-1.469320e-04
15	RESET	-1.451320e+00	-1.361240e-04
15	RESET	-1.401260e+00	-1.243390e-04
15	RESET	-1.351260e+00	-1.143500e-04
15	RESET	-1.301200e+00	-1.041190e-04
15	RESET	-1.251150e+00	-9.424820e-05
15	RESET	-1.201130e+00	-8.541680e-05
15	RESET	-1.151110e+00	-7.620480e-05
15	RESET	-1.101030e+00	-6.778990e-05
15	RESET	-1.050970e+00	-5.988580e-05
15	RESET	-1.000960e+00	-5.347140e-05
15	RESET	-9.509080e-01	-4.694480e-05
15	RESET	-9.008840e-01	-4.054860e-05
15	RESET	-8.507920e-01	-3.423300e-05
15	RESET	-8.008010e-01	-2.934340e-05
15	RESET	-7.507360e-01	-2.455590e-05
15	RESET	-7.007090e-01	-1.978650e-05
15	RESET	-6.506870e-01	-1.645490e-05
15	RESET	-6.006420e-01	-1.357670e-05
15	RESET	-5.505790e-01	-1.063340e-05
15	RESET	-5.005330e-01	-8.427130e-06
15	RESET	-4.504810e-01	-6.393890e-06
15	RESET	-4.004800e-01	-5.038090e-06
15	RESET	-3.503980e-01	-3.920530e-06
15	RESET	-3.003630e-01	-3.001200e-06
15	RESET	-2.503030e-01	-2.081620e-06
15	RESET	-2.001710e-01	-1.455500e-06
15	RESET	-1.501260e-01	-1.017710e-06
15	RESET	-1.000850e-01	-5.930270e-07
15	RESET	-5.004570e-02	-2.854370e-07
15	RESET	-2.379420e-05	-1.534220e-11
16	SET	-2.343650e-05	5.602840e-11
16	SET	4.999260e-02	2.984820e-07
16	SET	1.000590e-01	5.589130e-07
16	SET	1.500960e-01	8.711490e-07
16	SET	2.001350e-01	1.218450e-06
16	SET	2.500510e-01	1.669410e-06
16	SET	3.000580e-01	2.140810e-06
16	SET	3.501040e-01	2.703140e-06
16	SET	4.001460e-01	3.372940e-06
16	SET	4.501930e-01	4.242270e-06
16	SET	5.002370e-01	5.133430e-06
16	SET	5.502770e-01	6.286550e-06
16	SET	6.002920e-01	7.449120e-06
16	SET	6.503750e-01	8.703590e-06
16	SET	7.003700e-01	1.012100e-05
16	SET	7.504480e-01	1.162250e-05
16	SET	8.004850e-01	1.346850e-05
16	SET	8.505600e-01	1.527280e-05
16	SET	9.005660e-01	1.765590e-05
16	SET	9.506010e-01	2.149070e-05
16	SET	1.000640e+00	2.707830e-05
16	SET	1.050690e+00	3.274040e-05
16	SET	1.100710e+00	3.215010e-05
16	SET	1.150770e+00	1.100410e-04
16	SET	1.200810e+00	1.100380e-04
16	SET	1.250850e+00	1.100360e-04
16	SET	1.300880e+00	1.100400e-04
16	SET	1.350930e+00	1.100380e-04
16	SET	1.400960e+00	1.100360e-04
16	SET	1.451010e+00	1.100370e-04
16	SET	1.501000e+00	1.100360e-04
16	SET	1.551070e+00	1.100340e-04
16	SET	1.601120e+00	1.100380e-04
16	SET	1.651130e+00	1.100390e-04
16	SET	1.701160e+00	1.100380e-04
16	SET	1.751210e+00	1.100360e-04
16	SET	1.801240e+00	1.100400e-04
16	SET	1.851290e+00	1.100380e-04
16	SET	1.901310e+00	1.100400e-04
16	SET	1.951350e+00	1.100390e-04
16	SET	2.001390e+00	1.100400e-04
16	SET	2.050200e+00	1.100340e-04
16	SET	2.100360e+00	1.100390e-04
16	SET	2.150450e+00	1.100430e-04
16	SET	2.200690e+00	1.100360e-04
16	SET	2.250570e+00	1.100390e-04
16	SET	2.300320e+00	1.100390e-04
16	SET	2.350510e+00	1.100360e-04
16	SET	2.400620e+00	1.100390e-04
16	SET	2.450350e+00	1.100400e-04
16	SET	2.500990e+00	1.100390e-04
16	SET	2.550940e+00	1.100380e-04
16	SET	2.600680e+00	1.100380e-04
16	SET	2.650780e+00	1.100400e-04
16	SET	2.701020e+00	1.100350e-04
16	SET	2.750940e+00	1.100390e-04
16	SET	2.800830e+00	1.100380e-04
16	SET	2.851120e+00	1.100430e-04
16	SET	2.901020e+00	1.100380e-04
16	SET	2.951130e+00	1.100390e-04
16	SET	3.001240e+00	1.100320e-04
16	SET	3.001210e+00	1.100340e-04
16	SET	2.951090e+00	1.100420e-04
16	SET	2.901150e+00	1.100380e-04
16	SET	2.850980e+00	1.100360e-04
16	SET	2.800860e+00	1.100390e-04
16	SET	2.750840e+00	1.100370e-04
16	SET	2.701150e+00	1.100400e-04
16	SET	2.650920e+00	1.100350e-04
16	SET	2.600770e+00	1.100360e-04
16	SET	2.550820e+00	1.100380e-04
16	SET	2.500730e+00	1.100370e-04
16	SET	2.450670e+00	1.100400e-04
16	SET	2.400610e+00	1.100380e-04
16	SET	2.350730e+00	1.100360e-04
16	SET	2.300450e+00	1.100340e-04
16	SET	2.250600e+00	1.100330e-04
16	SET	2.200670e+00	1.100370e-04
16	SET	2.150460e+00	1.100380e-04
16	SET	2.100290e+00	1.100420e-04
16	SET	2.050150e+00	1.100390e-04
16	SET	2.001400e+00	1.100370e-04
16	SET	1.951360e+00	1.100380e-04
16	SET	1.901300e+00	1.100350e-04
16	SET	1.851300e+00	1.100380e-04
16	SET	1.801250e+00	1.100420e-04
16	SET	1.751230e+00	1.100410e-04
16	SET	1.701170e+00	1.100380e-04
16	SET	1.651150e+00	1.100350e-04
16	SET	1.601120e+00	1.100380e-04
16	SET	1.551050e+00	1.100340e-04
16	SET	1.501030e+00	1.100340e-04
16	SET	1.451020e+00	1.100380e-04
16	SET	1.400950e+00	1.100340e-04
16	SET	1.350910e+00	1.100390e-04
16	SET	1.300880e+00	1.100330e-04
16	SET	1.250860e+00	1.100360e-04
16	SET	1.200830e+00	1.100380e-04
16	SET	1.150790e+00	1.100350e-04
16	SET	1.100730e+00	1.100360e-04
16	SET	1.050710e+00	1.100390e-04
16	SET	1.000650e+00	1.100350e-04
16	SET	9.506370e-01	1.100330e-04
16	SET	9.005810e-01	1.100360e-04
16	SET	8.505400e-01	1.100370e-04
16	SET	8.004910e-01	1.100340e-04
16	SET	7.504220e-01	1.100350e-04
16	SET	7.003880e-01	1.100390e-04
16	SET	6.503920e-01	1.100390e-04
16	SET	6.002980e-01	1.100360e-04
16	SET	5.502780e-01	1.100320e-04
16	SET	5.002380e-01	1.100380e-04
16	SET	4.502220e-01	1.100340e-04
16	SET	4.001340e-01	1.100380e-04
16	SET	3.501340e-01	1.100270e-04
16	SET	3.000660e-01	1.100390e-04
16	SET	2.500410e-01	1.100390e-04
16	SET	2.001290e-01	1.100390e-04
16	SET	1.500990e-01	1.100380e-04
16	SET	1.000570e-01	1.100400e-04
16	SET	5.001150e-02	8.299050e-05
16	SET	-2.541540e-05	-2.543940e-08
16	RESET	-1.876350e-05	2.366080e-09
16	RESET	-4.999170e-02	-8.148460e-05
16	RESET	-1.000820e-01	-1.643710e-04
16	RESET	-1.501280e-01	-2.454050e-04
16	RESET	-2.001660e-01	-2.956870e-04
16	RESET	-2.503280e-01	-3.616200e-04
16	RESET	-3.003590e-01	-3.328870e-04
16	RESET	-3.504120e-01	-3.679290e-04
16	RESET	-4.004650e-01	-4.101780e-04
16	RESET	-4.504720e-01	-3.934410e-04
16	RESET	-5.005310e-01	-3.253940e-04
16	RESET	-5.505650e-01	-1.470820e-04
16	RESET	-6.006580e-01	-1.474800e-04
16	RESET	-6.506650e-01	-1.461890e-04
16	RESET	-7.007010e-01	-1.333070e-04
16	RESET	-7.507330e-01	-9.477550e-05
16	RESET	-8.007990e-01	-8.922780e-05
16	RESET	-8.508230e-01	-5.426050e-05
16	RESET	-9.008680e-01	-4.689820e-05
16	RESET	-9.509030e-01	-4.278470e-05
16	RESET	-1.000970e+00	-4.995360e-05
16	RESET	-1.050960e+00	-5.696680e-05
16	RESET	-1.101030e+00	-6.920610e-05
16	RESET	-1.151100e+00	-7.198470e-05
16	RESET	-1.201080e+00	-7.937590e-05
16	RESET	-1.251160e+00	-9.512450e-05
16	RESET	-1.301190e+00	-9.240460e-05
16	RESET	-1.351250e+00	-1.097670e-04
16	RESET	-1.401260e+00	-1.083820e-04
16	RESET	-1.451310e+00	-1.253040e-04
16	RESET	-1.501350e+00	-1.377380e-04
16	RESET	-1.551410e+00	-1.510630e-04
16	RESET	-1.601410e+00	-1.636470e-04
16	RESET	-1.651450e+00	-1.866360e-04
16	RESET	-1.701480e+00	-1.984310e-04
16	RESET	-1.751520e+00	-2.165010e-04
16	RESET	-1.801570e+00	-2.332820e-04
16	RESET	-1.851610e+00	-2.590150e-04
16	RESET	-1.901640e+00	-2.812370e-04
16	RESET	-1.951650e+00	-3.138430e-04
16	RESET	-2.001700e+00	-3.471870e-04
16	RESET	-2.001690e+00	-3.563540e-04
16	RESET	-1.951660e+00	-3.256030e-04
16	RESET	-1.901630e+00	-2.871440e-04
16	RESET	-1.851610e+00	-2.643000e-04
16	RESET	-1.801550e+00	-2.464730e-04
16	RESET	-1.751540e+00	-2.295140e-04
16	RESET	-1.701490e+00	-2.133860e-04
16	RESET	-1.651480e+00	-1.959630e-04
16	RESET	-1.601390e+00	-1.782210e-04
16	RESET	-1.551400e+00	-1.688390e-04
16	RESET	-1.501360e+00	-1.562630e-04
16	RESET	-1.451300e+00	-1.433610e-04
16	RESET	-1.401270e+00	-1.318670e-04
16	RESET	-1.351260e+00	-1.210820e-04
16	RESET	-1.301190e+00	-1.103290e-04
16	RESET	-1.251170e+00	-9.882660e-05
16	RESET	-1.201110e+00	-8.989900e-05
16	RESET	-1.151110e+00	-7.897940e-05
16	RESET	-1.101040e+00	-6.935300e-05
16	RESET	-1.050970e+00	-6.235770e-05
16	RESET	-1.000960e+00	-5.543750e-05
16	RESET	-9.509090e-01	-4.846960e-05
16	RESET	-9.008590e-01	-4.247200e-05
16	RESET	-8.508230e-01	-3.678910e-05
16	RESET	-8.008010e-01	-3.252010e-05
16	RESET	-7.507360e-01	-2.632630e-05
16	RESET	-7.006910e-01	-2.236930e-05
16	RESET	-6.506490e-01	-1.878940e-05
16	RESET	-6.006260e-01	-1.537830e-05
16	RESET	-5.505580e-01	-1.258420e-05
16	RESET	-5.005330e-01	-1.017140e-05
16	RESET	-4.504810e-01	-8.377880e-06
16	RESET	-4.004790e-01	-6.520880e-06
16	RESET	-3.503780e-01	-4.868370e-06
16	RESET	-3.003550e-01	-3.977940e-06
16	RESET	-2.503010e-01	-2.914230e-06
16	RESET	-2.001630e-01	-2.089770e-06
16	RESET	-1.501250e-01	-1.416030e-06
16	RESET	-1.000780e-01	-8.865440e-07
16	RESET	-5.003380e-02	-4.090390e-07
16	RESET	-1.380440e-05	-3.438000e-11
17	SET	-1.811980e-05	9.000300e-11
17	SET	5.000160e-02	4.331630e-07
17	SET	1.000690e-01	8.204510e-07
17	SET	1.501100e-01	1.293640e-06
17	SET	2.001400e-01	1.649050e-06
17	SET	2.500520e-01	2.117690e-06
17	SET	3.000600e-01	2.259290e-06
17	SET	3.501000e-01	2.825940e-06
17	SET	4.001470e-01	3.466190e-06
17	SET	4.502050e-01	4.395130e-06
17	SET	5.002260e-01	5.204940e-06
17	SET	5.502820e-01	6.203880e-06
17	SET	6.003060e-01	7.329560e-06
17	SET	6.503860e-01	8.776510e-06
17	SET	7.004220e-01	1.100380e-04
17	SET	7.504740e-01	1.100380e-04
17	SET	8.004900e-01	1.100360e-04
17	SET	8.505510e-01	1.100370e-04
17	SET	9.005860e-01	1.100350e-04
17	SET	9.506330e-01	1.100330e-04
17	SET	1.000650e+00	1.100380e-04
17	SET	1.050740e+00	1.100390e-04
17	SET	1.100730e+00	1.100370e-04
17	SET	1.150790e+00	1.100370e-04
17	SET	1.200800e+00	1.100350e-04
17	SET	1.250870e+00	1.100390e-04
17	SET	1.300860e+00	1.100390e-04
17	SET	1.350950e+00	1.100360e-04
17	SET	1.400960e+00	1.100330e-04
17	SET	1.451030e+00	1.100330e-04
17	SET	1.501020e+00	1.100380e-04
17	SET	1.551100e+00	1.100340e-04
17	SET	1.601090e+00	1.100380e-04
17	SET	1.651160e+00	1.100380e-04
17	SET	1.701180e+00	1.100370e-04
17	SET	1.751220e+00	1.100350e-04
17	SET	1.801240e+00	1.100350e-04
17	SET	1.851290e+00	1.100390e-04
17	SET	1.901310e+00	1.100390e-04
17	SET	1.951360e+00	1.100390e-04
17	SET	2.001390e+00	1.100390e-04
17	SET	2.050330e+00	1.100360e-04
17	SET	2.100420e+00	1.100360e-04
17	SET	2.150560e+00	1.100390e-04
17	SET	2.200620e+00	1.100360e-04
17	SET	2.250510e+00	1.100380e-04
17	SET	2.300410e+00	1.100350e-04
17	SET	2.350680e+00	1.100350e-04
17	SET	2.400690e+00	1.100350e-04
17	SET	2.450400e+00	1.100420e-04
17	SET	2.500720e+00	1.100390e-04
17	SET	2.550840e+00	1.100370e-04
17	SET	2.600780e+00	1.100380e-04
17	SET	2.650850e+00	1.100330e-04
17	SET	2.701020e+00	1.100370e-04
17	SET	2.750970e+00	1.100360e-04
17	SET	2.800810e+00	1.100430e-04
17	SET	2.851010e+00	1.100410e-04
17	SET	2.901150e+00	1.100390e-04
17	SET	2.951200e+00	1.100380e-04
17	SET	3.001050e+00	1.100330e-04
17	SET	3.001050e+00	1.100320e-04
17	SET	2.951120e+00	1.100340e-04
17	SET	2.901190e+00	1.100390e-04
17	SET	2.851020e+00	1.100420e-04
17	SET	2.800820e+00	1.100390e-04
17	SET	2.750920e+00	1.100430e-04
17	SET	2.700950e+00	1.100390e-04
17	SET	2.650840e+00	1.100310e-04
17	SET	2.600830e+00	1.100390e-04
17	SET	2.550870e+00	1.100360e-04
17	SET	2.500880e+00	1.100400e-04
17	SET	2.450400e+00	1.100380e-04
17	SET	2.400600e+00	1.100400e-04
17	SET	2.350760e+00	1.100340e-04
17	SET	2.300380e+00	1.100340e-04
17	SET	2.250500e+00	1.100360e-04
17	SET	2.200390e+00	1.100340e-04
17	SET	2.150450e+00	1.100410e-04
17	SET	2.100160e+00	1.100420e-04
17	SET	2.050260e+00	1.100360e-04
17	SET	2.001370e+00	1.100370e-04
17	SET	1.951360e+00	1.100400e-04
17	SET	1.901330e+00	1.100330e-04
17	SET	1.851290e+00	1.100390e-04
17	SET	1.801260e+00	1.100360e-04
17	SET	1.751220e+00	1.100400e-04
17	SET	1.701140e+00	1.100390e-04
17	SET	1.651120e+00	1.100370e-04
17	SET	1.601090e+00	1.100330e-04
17	SET	1.551080e+00	1.100340e-04
17	SET	1.501010e+00	1.100380e-04
17	SET	1.451010e+00	1.100360e-04
17	SET	1.400960e+00	1.100360e-04
17	SET	1.350940e+00	1.100390e-04
17	SET	1.300870e+00	1.100360e-04
17	SET	1.250880e+00	1.100420e-04
17	SET	1.200830e+00	1.100360e-04
17	SET	1.150790e+00	1.100350e-04
17	SET	1.100720e+00	1.100330e-04
17	SET	1.050710e+00	1.100380e-04
17	SET	1.000660e+00	1.100350e-04
17	SET	9.506370e-01	1.100320e-04
17	SET	9.005540e-01	1.100360e-04
17	SET	8.505430e-01	1.100370e-04
17	SET	8.004730e-01	1.100340e-04
17	SET	7.504960e-01	1.100390e-04
17	SET	7.004180e-01	1.100380e-04
17	SET	6.503820e-01	1.100380e-04
17	SET	6.003070e-01	1.100430e-04
17	SET	5.502790e-01	1.100360e-04
17	SET	5.002420e-01	1.100390e-04
17	SET	4.502130e-01	1.100370e-04
17	SET	4.001440e-01	1.100360e-04
17	SET	3.501280e-01	1.100290e-04
17	SET	3.000560e-01	1.100380e-04
17	SET	2.500670e-01	1.100350e-04
17	SET	2.001390e-01	1.095950e-04
17	SET	1.500970e-01	7.163030e-05
17	SET	1.000630e-01	4.220450e-05
17	SET	5.002270e-02	1.925120e-05
17	SET	-1.759530e-05	-4.815790e-09
17	RESET	-1.957420e-05	2.204660e-09
17	RESET	-4.998930e-02	-1.878250e-05
17	RESET	-1.000860e-01	-4.069960e-05
17	RESET	-1.501310e-01	-6.837090e-05
17	RESET	-2.001720e-01	-1.039990e-04
17	RESET	-2.503020e-01	-1.449380e-04
17	RESET	-3.003670e-01	-1.908950e-04
17	RESET	-3.504040e-01	-2.116880e-04
17	RESET	-4.004760e-01	-1.112900e-04
17	RESET	-4.504790e-01	-1.321780e-05
17	RESET	-5.005200e-01	-1.776470e-05
17	RESET	-5.505760e-01	-2.170180e-05
17	RESET	-6.006170e-01	-2.872720e-05
17	RESET	-6.506610e-01	-2.177200e-05
17	RESET	-7.007150e-01	-2.764590e-05
17	RESET	-7.507410e-01	-3.131740e-05
17	RESET	-8.008130e-01	-3.068600e-05
17	RESET	-8.508120e-01	-3.023600e-05
17	RESET	-9.008620e-01	-3.753720e-05
17	RESET	-9.508920e-01	-4.269700e-05
17	RESET	-1.000950e+00	-5.008930e-05
17	RESET	-1.050980e+00	-5.329780e-05
17	RESET	-1.101040e+00	-6.723930e-05
17	RESET	-1.151110e+00	-7.413930e-05
17	RESET	-1.201110e+00	-7.642160e-05
17	RESET	-1.251180e+00	-8.584240e-05
17	RESET	-1.301180e+00	-9.705190e-05
17	RESET	-1.351260e+00	-1.015960e-04
17	RESET	-1.401280e+00	-1.143110e-04
17	RESET	-1.451320e+00	-1.244970e-04
17	RESET	-1.501360e+00	-1.368070e-04
17	RESET	-1.551420e+00	-1.479500e-04
17	RESET	-1.601400e+00	-1.636870e-04
17	RESET	-1.651480e+00	-1.803480e-04
17	RESET	-1.701490e+00	-2.004140e-04
17	RESET	-1.751540e+00	-2.207890e-04
17	RESET	-1.801560e+00	-2.379970e-04
17	RESET	-1.851600e+00	-2.583140e-04
17	RESET	-1.901640e+00	-2.710960e-04
17	RESET	-1.951690e+00	-3.024750e-04
17	RESET	-2.001660e+00	-3.225610e-04
17	RESET	-2.001680e+00	-3.265950e-04
17	RESET	-1.951680e+00	-3.068700e-04
17	RESET	-1.901650e+00	-2.820080e-04
17	RESET	-1.851600e+00	-2.635860e-04
17	RESET	-1.801530e+00	-2.461010e-04
17	RESET	-1.751530e+00	-2.297690e-04
17	RESET	-1.701510e+00	-2.120400e-04
17	RESET	-1.651460e+00	-1.941920e-04
17	RESET	-1.601410e+00	-1.793310e-04
17	RESET	-1.551410e+00	-1.651490e-04
17	RESET	-1.501350e+00	-1.511310e-04
17	RESET	-1.451320e+00	-1.389390e-04
17	RESET	-1.401260e+00	-1.271870e-04
17	RESET	-1.351250e+00	-1.156700e-04
17	RESET	-1.301190e+00	-1.060620e-04
17	RESET	-1.251160e+00	-9.589050e-05
17	RESET	-1.201110e+00	-8.602350e-05
17	RESET	-1.151090e+00	-7.761140e-05
17	RESET	-1.101040e+00	-6.942020e-05
17	RESET	-1.050980e+00	-6.092060e-05
17	RESET	-1.000940e+00	-5.416230e-05
17	RESET	-9.508820e-01	-4.682170e-05
17	RESET	-9.008610e-01	-4.051510e-05
17	RESET	-8.508110e-01	-3.485240e-05
17	RESET	-8.007870e-01	-2.946730e-05
17	RESET	-7.507420e-01	-2.512210e-05
17	RESET	-7.007000e-01	-2.096730e-05
17	RESET	-6.506360e-01	-1.749210e-05
17	RESET	-6.006330e-01	-1.480640e-05
17	RESET	-5.505600e-01	-1.205120e-05
17	RESET	-5.005440e-01	-9.556980e-06
17	RESET	-4.504880e-01	-7.619400e-06
17	RESET	-4.004720e-01	-5.995710e-06
17	RESET	-3.503950e-01	-4.672520e-06
17	RESET	-3.003730e-01	-3.437440e-06
17	RESET	-2.503190e-01	-2.565970e-06
17	RESET	-2.001690e-01	-1.873770e-06
17	RESET	-1.501320e-01	-1.283180e-06
17	RESET	-1.000840e-01	-7.834670e-07
17	RESET	-5.004430e-02	-3.794100e-07
17	RESET	-1.199250e-05	-8.400680e-11
18	SET	-1.552100e-05	2.881290e-11
18	SET	5.000550e-02	3.942310e-07
18	SET	1.000660e-01	7.450510e-07
18	SET	1.501020e-01	1.173690e-06
18	SET	2.001370e-01	1.657320e-06
18	SET	2.500480e-01	2.465290e-06
18	SET	3.000680e-01	2.598070e-06
18	SET	3.501130e-01	3.340610e-06
18	SET	4.001480e-01	4.010910e-06
18	SET	4.502220e-01	4.871330e-06
18	SET	5.002460e-01	5.650710e-06
18	SET	5.502800e-01	6.830420e-06
18	SET	6.003170e-01	7.930080e-06
18	SET	6.503560e-01	9.505630e-06
18	SET	7.003750e-01	1.113860e-05
18	SET	7.504760e-01	1.317630e-05
18	SET	8.004940e-01	1.549510e-05
18	SET	8.505580e-01	1.794840e-05
18	SET	9.005540e-01	2.102010e-05
18	SET	9.506360e-01	2.383440e-05
18	SET	1.000650e+00	1.100420e-04
18	SET	1.050710e+00	1.100350e-04
18	SET	1.100710e+00	1.100390e-04
18	SET	1.150780e+00	1.100400e-04
18	SET	1.200820e+00	1.100340e-04
18	SET	1.250860e+00	1.100330e-04
18	SET	1.300900e+00	1.100370e-04
18	SET	1.350950e+00	1.100380e-04
18	SET	1.400960e+00	1.100360e-04
18	SET	1.451010e+00	1.100360e-04
18	SET	1.501020e+00	1.100420e-04
18	SET	1.551080e+00	1.100350e-04
18	SET	1.601110e+00	1.100320e-04
18	SET	1.651130e+00	1.100400e-04
18	SET	1.701170e+00	1.100370e-04
18	SET	1.751220e+00	1.100370e-04
18	SET	1.801230e+00	1.100390e-04
18	SET	1.851300e+00	1.100330e-04
18	SET	1.901320e+00	1.100360e-04
18	SET	1.951370e+00	1.100380e-04
18	SET	2.001370e+00	1.100400e-04
18	SET	2.050070e+00	1.100390e-04
18	SET	2.100260e+00	1.100400e-04
18	SET	2.150490e+00	1.100360e-04
18	SET	2.200670e+00	1.100390e-04
18	SET	2.250490e+00	1.100390e-04
18	SET	2.300290e+00	1.100390e-04
18	SET	2.350750e+00	1.100360e-04
18	SET	2.400680e+00	1.100360e-04
18	SET	2.450650e+00	1.100410e-04
18	SET	2.500790e+00	1.100420e-04
18	SET	2.550660e+00	1.100330e-04
18	SET	2.600770e+00	1.100340e-04
18	SET	2.650830e+00	1.100350e-04
18	SET	2.701030e+00	1.100340e-04
18	SET	2.750900e+00	1.100350e-04
18	SET	2.800750e+00	1.100370e-04
18	SET	2.850990e+00	1.100380e-04
18	SET	2.901100e+00	1.100370e-04
18	SET	2.951170e+00	1.100410e-04
18	SET	3.001230e+00	1.100340e-04
18	SET	3.001120e+00	1.100310e-04
18	SET	2.951140e+00	1.100360e-04
18	SET	2.901200e+00	1.100400e-04
18	SET	2.851200e+00	1.100400e-04
18	SET	2.800720e+00	1.100410e-04
18	SET	2.750880e+00	1.100380e-04
18	SET	2.700970e+00	1.100320e-04
18	SET	2.650570e+00	1.100390e-04
18	SET	2.600750e+00	1.100340e-04
18	SET	2.550900e+00	1.100360e-04
18	SET	2.500860e+00	1.100370e-04
18	SET	2.450560e+00	1.100360e-04
18	SET	2.400620e+00	1.100420e-04
18	SET	2.350610e+00	1.100340e-04
18	SET	2.300410e+00	1.100360e-04
18	SET	2.250520e+00	1.100380e-04
18	SET	2.200630e+00	1.100350e-04
18	SET	2.150400e+00	1.100370e-04
18	SET	2.100190e+00	1.100340e-04
18	SET	2.050190e+00	1.100340e-04
18	SET	2.001400e+00	1.100380e-04
18	SET	1.951370e+00	1.100350e-04
18	SET	1.901310e+00	1.100390e-04
18	SET	1.851310e+00	1.100360e-04
18	SET	1.801240e+00	1.100320e-04
18	SET	1.751230e+00	1.100330e-04
18	SET	1.701160e+00	1.100360e-04
18	SET	1.651140e+00	1.100370e-04
18	SET	1.601110e+00	1.100390e-04
18	SET	1.551100e+00	1.100360e-04
18	SET	1.501020e+00	1.100340e-04
18	SET	1.451020e+00	1.100370e-04
18	SET	1.400970e+00	1.100360e-04
18	SET	1.350930e+00	1.100390e-04
18	SET	1.300900e+00	1.100320e-04
18	SET	1.250860e+00	1.100360e-04
18	SET	1.200840e+00	1.100340e-04
18	SET	1.150800e+00	1.100370e-04
18	SET	1.100730e+00	1.100360e-04
18	SET	1.050700e+00	1.100350e-04
18	SET	1.000650e+00	1.100330e-04
18	SET	9.506570e-01	1.100350e-04
18	SET	9.005950e-01	1.100350e-04
18	SET	8.505570e-01	1.100370e-04
18	SET	8.004770e-01	1.100390e-04
18	SET	7.504540e-01	1.100360e-04
18	SET	7.004060e-01	1.100390e-04
18	SET	6.504090e-01	1.100340e-04
18	SET	6.003150e-01	1.100350e-04
18	SET	5.502910e-01	1.100330e-04
18	SET	5.002360e-01	1.100390e-04
18	SET	4.502060e-01	1.100360e-04
18	SET	4.001520e-01	1.100360e-04
18	SET	3.501300e-01	1.100290e-04
18	SET	3.000710e-01	1.100390e-04
18	SET	2.500590e-01	1.100340e-04
18	SET	2.001490e-01	1.100370e-04
18	SET	1.501120e-01	1.100340e-04
18	SET	1.000710e-01	1.100390e-04
18	SET	5.002680e-02	6.899520e-05
18	SET	-5.888940e-06	-1.911680e-08
18	RESET	-1.082420e-05	8.039360e-10
18	RESET	-4.998680e-02	-4.158220e-05
18	RESET	-1.000850e-01	-8.787560e-05
18	RESET	-1.501320e-01	-1.164880e-04
18	RESET	-2.001590e-01	-1.314530e-04
18	RESET	-2.503310e-01	-1.381910e-04
18	RESET	-3.003400e-01	-1.699740e-04
18	RESET	-3.504050e-01	-2.180800e-04
18	RESET	-4.004690e-01	-2.960470e-04
18	RESET	-4.504760e-01	-1.678370e-04
18	RESET	-5.005290e-01	-1.765890e-04
18	RESET	-5.505560e-01	-1.841590e-04
18	RESET	-6.006170e-01	-1.453690e-04
18	RESET	-6.506370e-01	-1.524980e-04
18	RESET	-7.007120e-01	-1.300650e-04
18	RESET	-7.507570e-01	-1.303670e-04
18	RESET	-8.007990e-01	-1.098090e-04
18	RESET	-8.508070e-01	-1.044150e-04
18	RESET	-9.008790e-01	-1.105630e-04
18	RESET	-9.509150e-01	-9.528060e-05
18	RESET	-1.000960e+00	-1.023290e-04
18	RESET	-1.050980e+00	-1.106540e-04
18	RESET	-1.101050e+00	-1.046640e-04
18	RESET	-1.151120e+00	-1.073810e-04
18	RESET	-1.201120e+00	-1.200430e-04
18	RESET	-1.251180e+00	-8.091190e-05
18	RESET	-1.301190e+00	-9.289830e-05
18	RESET	-1.351260e+00	-1.050440e-04
18	RESET	-1.401280e+00	-1.172350e-04
18	RESET	-1.451330e+00	-1.288900e-04
18	RESET	-1.501340e+00	-1.436800e-04
18	RESET	-1.551410e+00	-1.620140e-04
18	RESET	-1.601410e+00	-1.774080e-04
18	RESET	-1.651470e+00	-1.973060e-04
18	RESET	-1.701470e+00	-2.140880e-04
18	RESET	-1.751550e+00	-2.249320e-04
18	RESET	-1.801560e+00	-2.520220e-04
18	RESET	-1.851610e+00	-2.634320e-04
18	RESET	-1.901620e+00	-2.972140e-04
18	RESET	-1.951680e+00	-3.007510e-04
18	RESET	-2.001710e+00	-3.229340e-04
18	RESET	-2.001690e+00	-3.218820e-04
18	RESET	-1.951670e+00	-2.988010e-04
18	RESET	-1.901640e+00	-2.805510e-04
18	RESET	-1.851600e+00	-2.619990e-04
18	RESET	-1.801550e+00	-2.447700e-04
18	RESET	-1.751540e+00	-2.244920e-04
18	RESET	-1.701500e+00	-2.154320e-04
18	RESET	-1.651450e+00	-1.979230e-04
18	RESET	-1.601400e+00	-1.816160e-04
18	RESET	-1.551400e+00	-1.676700e-04
18	RESET	-1.501350e+00	-1.550830e-04
18	RESET	-1.451340e+00	-1.439180e-04
18	RESET	-1.401260e+00	-1.313200e-04
18	RESET	-1.351260e+00	-1.189770e-04
18	RESET	-1.301200e+00	-1.064540e-04
18	RESET	-1.251170e+00	-9.747860e-05
18	RESET	-1.201120e+00	-8.834870e-05
18	RESET	-1.151100e+00	-7.890680e-05
18	RESET	-1.101060e+00	-7.095150e-05
18	RESET	-1.050970e+00	-6.271240e-05
18	RESET	-1.000960e+00	-5.575890e-05
18	RESET	-9.509160e-01	-4.931230e-05
18	RESET	-9.008630e-01	-4.292540e-05
18	RESET	-8.507980e-01	-3.772070e-05
18	RESET	-8.007920e-01	-3.235820e-05
18	RESET	-7.507330e-01	-2.722090e-05
18	RESET	-7.006870e-01	-2.285400e-05
18	RESET	-6.506440e-01	-1.959290e-05
18	RESET	-6.006340e-01	-1.614120e-05
18	RESET	-5.505680e-01	-1.340880e-05
18	RESET	-5.005450e-01	-1.072500e-05
18	RESET	-4.504830e-01	-8.219580e-06
18	RESET	-4.004680e-01	-6.383540e-06
18	RESET	-3.503990e-01	-5.068690e-06
18	RESET	-3.003630e-01	-3.919840e-06
18	RESET	-2.503010e-01	-2.963060e-06
18	RESET	-2.001610e-01	-1.461060e-06
18	RESET	-1.501270e-01	-9.171500e-07
18	RESET	-1.000800e-01	-6.035600e-07
18	RESET	-5.003860e-02	-2.845990e-07
18	RESET	-1.559260e-05	-2.257470e-10
19	SET	-1.831050e-05	-7.916690e-11
19	SET	5.000390e-02	2.996730e-07
19	SET	1.000700e-01	5.524620e-07
19	SET	1.501050e-01	8.499030e-07
19	SET	2.001450e-01	1.237860e-06
19	SET	2.500600e-01	1.709280e-06
19	SET	3.000550e-01	2.277860e-06
19	SET	3.501140e-01	2.873860e-06
19	SET	4.001400e-01	3.538280e-06
19	SET	4.502170e-01	4.310530e-06
19	SET	5.002240e-01	5.210930e-06
19	SET	5.502890e-01	6.466640e-06
19	SET	6.003090e-01	7.203880e-06
19	SET	6.504000e-01	9.123470e-06
19	SET	7.004100e-01	1.100380e-04
19	SET	7.504530e-01	1.100380e-04
19	SET	8.004840e-01	1.100390e-04
19	SET	8.505500e-01	1.100380e-04
19	SET	9.005560e-01	1.100370e-04
19	SET	9.506380e-01	1.100340e-04
19	SET	1.000650e+00	1.100370e-04
19	SET	1.050710e+00	1.100370e-04
19	SET	1.100730e+00	1.100370e-04
19	SET	1.150770e+00	1.100380e-04
19	SET	1.200800e+00	1.100340e-04
19	SET	1.250880e+00	1.100370e-04
19	SET	1.300860e+00	1.100360e-04
19	SET	1.350930e+00	1.100430e-04
19	SET	1.400960e+00	1.100380e-04
19	SET	1.451010e+00	1.100340e-04
19	SET	1.501020e+00	1.100390e-04
19	SET	1.551090e+00	1.100380e-04
19	SET	1.601110e+00	1.100390e-04
19	SET	1.651140e+00	1.100350e-04
19	SET	1.701180e+00	1.100390e-04
19	SET	1.751230e+00	1.100340e-04
19	SET	1.801240e+00	1.100390e-04
19	SET	1.851300e+00	1.100370e-04
19	SET	1.901320e+00	1.100340e-04
19	SET	1.951370e+00	1.100370e-04
19	SET	2.001400e+00	1.100380e-04
19	SET	2.050200e+00	1.100370e-04
19	SET	2.100110e+00	1.100370e-04
19	SET	2.150530e+00	1.100380e-04
19	SET	2.200520e+00	1.100390e-04
19	SET	2.250420e+00	1.100390e-04
19	SET	2.300330e+00	1.100380e-04
19	SET	2.350720e+00	1.100390e-04
19	SET	2.400620e+00	1.100360e-04
19	SET	2.450370e+00	1.100350e-04
19	SET	2.500750e+00	1.100420e-04
19	SET	2.550930e+00	1.100390e-04
19	SET	2.600770e+00	1.100390e-04
19	SET	2.650690e+00	1.100380e-04
19	SET	2.701120e+00	1.100380e-04
19	SET	2.750740e+00	1.100440e-04
19	SET	2.800880e+00	1.100370e-04
19	SET	2.851130e+00	1.100390e-04
19	SET	2.901160e+00	1.100420e-04
19	SET	2.951210e+00	1.100420e-04
19	SET	3.000970e+00	1.100340e-04
19	SET	3.001340e+00	1.100320e-04
19	SET	2.951180e+00	1.100410e-04
19	SET	2.901250e+00	1.100440e-04
19	SET	2.850940e+00	1.100410e-04
19	SET	2.800780e+00	1.100400e-04
19	SET	2.750970e+00	1.100330e-04
19	SET	2.700940e+00	1.100370e-04
19	SET	2.650670e+00	1.100380e-04
19	SET	2.600810e+00	1.100400e-04
19	SET	2.550860e+00	1.100370e-04
19	SET	2.500740e+00	1.100380e-04
19	SET	2.450590e+00	1.100410e-04
19	SET	2.400620e+00	1.100380e-04
19	SET	2.350700e+00	1.100380e-04
19	SET	2.300410e+00	1.100340e-04
19	SET	2.250540e+00	1.100350e-04
19	SET	2.200620e+00	1.100370e-04
19	SET	2.150550e+00	1.100380e-04
19	SET	2.100100e+00	1.100420e-04
19	SET	2.050080e+00	1.100420e-04
19	SET	2.001390e+00	1.100410e-04
19	SET	1.951370e+00	1.100400e-04
19	SET	1.901300e+00	1.100370e-04
19	SET	1.851300e+00	1.100370e-04
19	SET	1.801230e+00	1.100380e-04
19	SET	1.751220e+00	1.100400e-04
19	SET	1.701170e+00	1.100400e-04
19	SET	1.651150e+00	1.100330e-04
19	SET	1.601110e+00	1.100390e-04
19	SET	1.551080e+00	1.100350e-04
19	SET	1.501020e+00	1.100400e-04
19	SET	1.451000e+00	1.100340e-04
19	SET	1.400970e+00	1.100360e-04
19	SET	1.350950e+00	1.100430e-04
19	SET	1.300880e+00	1.100390e-04
19	SET	1.250860e+00	1.100400e-04
19	SET	1.200810e+00	1.100380e-04
19	SET	1.150790e+00	1.100380e-04
19	SET	1.100720e+00	1.100360e-04
19	SET	1.050700e+00	1.100360e-04
19	SET	1.000680e+00	1.100330e-04
19	SET	9.506220e-01	1.100360e-04
19	SET	9.005800e-01	1.100350e-04
19	SET	8.505540e-01	1.100330e-04
19	SET	8.004870e-01	1.100360e-04
19	SET	7.504940e-01	1.100370e-04
19	SET	7.003790e-01	1.100360e-04
19	SET	6.503880e-01	1.100380e-04
19	SET	6.003020e-01	1.100380e-04
19	SET	5.503010e-01	1.100380e-04
19	SET	5.002410e-01	1.100380e-04
19	SET	4.502060e-01	1.100370e-04
19	SET	4.001590e-01	1.100400e-04
19	SET	3.501420e-01	1.100310e-04
19	SET	3.000600e-01	1.100370e-04
19	SET	2.500600e-01	1.100390e-04
19	SET	2.001380e-01	1.100360e-04
19	SET	1.501070e-01	1.100380e-04
19	SET	1.000690e-01	1.100390e-04
19	SET	5.002490e-02	5.613570e-05
19	SET	-1.623630e-05	-9.656070e-09
19	RESET	-1.370910e-05	5.677690e-09
19	RESET	-4.998350e-02	-5.590850e-05
19	RESET	-1.000750e-01	-1.144750e-04
19	RESET	-1.501170e-01	-1.770540e-04
19	RESET	-2.001610e-01	-2.444280e-04
19	RESET	-2.503020e-01	-3.160610e-04
19	RESET	-3.003620e-01	-3.916360e-04
19	RESET	-3.503770e-01	-4.709710e-04
19	RESET	-4.004690e-01	-5.042720e-04
19	RESET	-4.504730e-01	-5.653230e-04
19	RESET	-5.005290e-01	-5.841350e-04
19	RESET	-5.505630e-01	-4.887580e-04
19	RESET	-6.006270e-01	-4.284390e-04
19	RESET	-6.506650e-01	-3.530040e-04
19	RESET	-7.007090e-01	-3.218760e-04
19	RESET	-7.507430e-01	-2.578490e-04
19	RESET	-8.008070e-01	-3.676950e-04
19	RESET	-8.508300e-01	-1.790800e-04
19	RESET	-9.008860e-01	-1.948690e-04
19	RESET	-9.508990e-01	-1.857510e-04
19	RESET	-1.000950e+00	-2.009060e-04
19	RESET	-1.050970e+00	-1.705960e-04
19	RESET	-1.101050e+00	-1.820840e-04
19	RESET	-1.151120e+00	-1.862160e-04
19	RESET	-1.201130e+00	-1.774090e-04
19	RESET	-1.251170e+00	-2.016470e-04
19	RESET	-1.301190e+00	-1.982950e-04
19	RESET	-1.351250e+00	-1.798200e-04
19	RESET	-1.401280e+00	-1.942080e-04
19	RESET	-1.451310e+00	-2.110690e-04
19	RESET	-1.501370e+00	-1.524220e-04
19	RESET	-1.551410e+00	-1.654580e-04
19	RESET	-1.601400e+00	-1.830320e-04
19	RESET	-1.651470e+00	-1.970920e-04
19	RESET	-1.701470e+00	-2.325590e-04
19	RESET	-1.751520e+00	-2.566900e-04
19	RESET	-1.801560e+00	-2.863930e-04
19	RESET	-1.851600e+00	-2.978100e-04
19	RESET	-1.901640e+00	-3.220120e-04
19	RESET	-1.951680e+00	-3.500920e-04
19	RESET	-2.001670e+00	-3.737760e-04
19	RESET	-2.001700e+00	-3.670250e-04
19	RESET	-1.951670e+00	-3.310760e-04
19	RESET	-1.901620e+00	-3.033110e-04
19	RESET	-1.851610e+00	-2.819710e-04
19	RESET	-1.801560e+00	-2.625680e-04
19	RESET	-1.751530e+00	-2.396500e-04
19	RESET	-1.701500e+00	-2.244550e-04
19	RESET	-1.651480e+00	-2.041600e-04
19	RESET	-1.601400e+00	-1.866570e-04
19	RESET	-1.551390e+00	-1.723710e-04
19	RESET	-1.501360e+00	-1.578510e-04
19	RESET	-1.451330e+00	-1.451070e-04
19	RESET	-1.401240e+00	-1.333010e-04
19	RESET	-1.351260e+00	-1.220410e-04
19	RESET	-1.301170e+00	-1.097740e-04
19	RESET	-1.251160e+00	-9.968320e-05
19	RESET	-1.201100e+00	-8.862870e-05
19	RESET	-1.151100e+00	-8.009990e-05
19	RESET	-1.101030e+00	-7.159140e-05
19	RESET	-1.050970e+00	-6.370090e-05
19	RESET	-1.000950e+00	-5.559290e-05
19	RESET	-9.509150e-01	-4.876890e-05
19	RESET	-9.008710e-01	-4.269850e-05
19	RESET	-8.507960e-01	-3.689930e-05
19	RESET	-8.007950e-01	-3.068390e-05
19	RESET	-7.507390e-01	-2.623850e-05
19	RESET	-7.007080e-01	-2.200300e-05
19	RESET	-6.506400e-01	-1.836720e-05
19	RESET	-6.006300e-01	-1.523890e-05
19	RESET	-5.505830e-01	-1.212760e-05
19	RESET	-5.005410e-01	-9.790950e-06
19	RESET	-4.504700e-01	-7.879240e-06
19	RESET	-4.004670e-01	-6.275480e-06
19	RESET	-3.503980e-01	-4.744930e-06
19	RESET	-3.003450e-01	-3.625480e-06
19	RESET	-2.502930e-01	-2.793200e-06
19	RESET	-2.001600e-01	-1.983400e-06
19	RESET	-1.501210e-01	-1.354100e-06
19	RESET	-1.000740e-01	-8.827080e-07
19	RESET	-5.003440e-02	-4.289490e-07
19	RESET	-1.173020e-05	-9.770390e-11
20	SET	-1.425740e-05	1.103880e-11
20	SET	5.001190e-02	4.444540e-07
20	SET	1.000690e-01	9.036940e-07
20	SET	1.501100e-01	1.439590e-06
20	SET	2.001460e-01	1.965830e-06
20	SET	2.500700e-01	2.603770e-06
20	SET	3.000890e-01	3.440970e-06
20	SET	3.501100e-01	4.266530e-06
20	SET	4.001650e-01	4.320150e-06
20	SET	4.502320e-01	5.283530e-06
20	SET	5.002440e-01	6.195660e-06
20	SET	5.502760e-01	7.433700e-06
20	SET	6.002880e-01	9.542250e-06
20	SET	6.503750e-01	1.144530e-05
20	SET	7.004040e-01	1.236400e-05
20	SET	7.504520e-01	1.408930e-05
20	SET	8.004890e-01	1.514110e-05
20	SET	8.505610e-01	1.941080e-05
20	SET	9.005620e-01	2.192420e-05
20	SET	9.506460e-01	2.413850e-05
20	SET	1.000650e+00	2.547390e-05
20	SET	1.050700e+00	2.876990e-05
20	SET	1.100720e+00	1.100370e-04
20	SET	1.150800e+00	1.100360e-04
20	SET	1.200810e+00	1.100370e-04
20	SET	1.250870e+00	1.100380e-04
20	SET	1.300860e+00	1.100370e-04
20	SET	1.350950e+00	1.100370e-04
20	SET	1.400960e+00	1.100420e-04
20	SET	1.451010e+00	1.100370e-04
20	SET	1.501020e+00	1.100430e-04
20	SET	1.551070e+00	1.100400e-04
20	SET	1.601100e+00	1.100420e-04
20	SET	1.651170e+00	1.100350e-04
20	SET	1.701180e+00	1.100380e-04
20	SET	1.751240e+00	1.100380e-04
20	SET	1.801270e+00	1.100400e-04
20	SET	1.851310e+00	1.100380e-04
20	SET	1.901320e+00	1.100380e-04
20	SET	1.951370e+00	1.100360e-04
20	SET	2.001380e+00	1.100360e-04
20	SET	2.050270e+00	1.100380e-04
20	SET	2.100310e+00	1.100340e-04
20	SET	2.150360e+00	1.100310e-04
20	SET	2.200730e+00	1.100370e-04
20	SET	2.250550e+00	1.100360e-04
20	SET	2.300510e+00	1.100380e-04
20	SET	2.350850e+00	1.100370e-04
20	SET	2.400620e+00	1.100400e-04
20	SET	2.450560e+00	1.100370e-04
20	SET	2.500860e+00	1.100430e-04
20	SET	2.550960e+00	1.100330e-04
20	SET	2.600930e+00	1.100370e-04
20	SET	2.650800e+00	1.100330e-04
20	SET	2.701040e+00	1.100410e-04
20	SET	2.750870e+00	1.100380e-04
20	SET	2.800770e+00	1.100390e-04
20	SET	2.851020e+00	1.100400e-04
20	SET	2.901190e+00	1.100400e-04
20	SET	2.951070e+00	1.100410e-04
20	SET	3.001250e+00	1.100280e-04
20	SET	3.001210e+00	1.100330e-04
20	SET	2.951040e+00	1.100400e-04
20	SET	2.901210e+00	1.100420e-04
20	SET	2.851100e+00	1.100420e-04
20	SET	2.800970e+00	1.100430e-04
20	SET	2.750860e+00	1.100330e-04
20	SET	2.701000e+00	1.100400e-04
20	SET	2.650690e+00	1.100370e-04
20	SET	2.600990e+00	1.100340e-04
20	SET	2.550920e+00	1.100370e-04
20	SET	2.500740e+00	1.100420e-04
20	SET	2.450430e+00	1.100430e-04
20	SET	2.400540e+00	1.100370e-04
20	SET	2.350890e+00	1.100450e-04
20	SET	2.300390e+00	1.100420e-04
20	SET	2.250440e+00	1.100370e-04
20	SET	2.200620e+00	1.100380e-04
20	SET	2.150590e+00	1.100380e-04
20	SET	2.100240e+00	1.100440e-04
20	SET	2.050290e+00	1.100350e-04
20	SET	2.001400e+00	1.100330e-04
20	SET	1.951360e+00	1.100420e-04
20	SET	1.901310e+00	1.100350e-04
20	SET	1.851290e+00	1.100330e-04
20	SET	1.801240e+00	1.100340e-04
20	SET	1.751230e+00	1.100340e-04
20	SET	1.701170e+00	1.100390e-04
20	SET	1.651130e+00	1.100360e-04
20	SET	1.601100e+00	1.100360e-04
20	SET	1.551090e+00	1.100350e-04
20	SET	1.501030e+00	1.100350e-04
20	SET	1.451020e+00	1.100340e-04
20	SET	1.400970e+00	1.100390e-04
20	SET	1.350930e+00	1.100370e-04
20	SET	1.300880e+00	1.100380e-04
20	SET	1.250860e+00	1.100380e-04
20	SET	1.200830e+00	1.100320e-04
20	SET	1.150800e+00	1.100400e-04
20	SET	1.100730e+00	1.100460e-04
20	SET	1.050710e+00	1.100420e-04
20	SET	1.000660e+00	1.100380e-04
20	SET	9.506120e-01	1.035640e-04
20	SET	9.005700e-01	9.285870e-05
20	SET	8.505400e-01	8.456330e-05
20	SET	8.004700e-01	7.842690e-05
20	SET	7.504470e-01	7.066550e-05
20	SET	7.004100e-01	6.384350e-05
20	SET	6.503890e-01	5.663470e-05
20	SET	6.003150e-01	5.036410e-05
20	SET	5.502820e-01	4.506610e-05
20	SET	5.002260e-01	3.929860e-05
20	SET	4.502080e-01	3.439400e-05
20	SET	4.001660e-01	2.965170e-05
20	SET	3.501240e-01	2.532780e-05
20	SET	3.000830e-01	2.095180e-05
20	SET	2.500790e-01	1.699530e-05
20	SET	2.001490e-01	1.336440e-05
20	SET	1.501080e-01	9.871240e-06
20	SET	1.000650e-01	6.395810e-06
20	SET	5.002830e-02	3.183640e-06
20	SET	-2.074240e-05	-2.038480e-11
20	RESET	-1.659390e-05	3.584740e-10
20	RESET	-5.003310e-02	-3.149300e-06
20	RESET	-1.000790e-01	-6.386570e-06
20	RESET	-1.501180e-01	-9.677670e-06
20	RESET	-2.001210e-01	-1.287010e-05
20	RESET	-2.503020e-01	-1.636790e-05
20	RESET	-3.003540e-01	-2.034490e-05
20	RESET	-3.504010e-01	-2.421370e-05
20	RESET	-4.004870e-01	-2.910430e-05
20	RESET	-4.504850e-01	-3.337600e-05
20	RESET	-5.005230e-01	-3.847410e-05
20	RESET	-5.505550e-01	-4.197890e-05
20	RESET	-6.006300e-01	-4.710520e-05
20	RESET	-6.506160e-01	-5.375650e-05
20	RESET	-7.007030e-01	-5.817510e-05
20	RESET	-7.507460e-01	-6.631110e-05
20	RESET	-8.007970e-01	-7.268270e-05
20	RESET	-8.507980e-01	-7.488890e-05
20	RESET	-9.008610e-01	-7.743990e-05
20	RESET	-9.509040e-01	-8.635580e-05
20	RESET	-1.000930e+00	-8.733570e-05
20	RESET	-1.050970e+00	-8.600330e-05
20	RESET	-1.101040e+00	-6.043150e-05
20	RESET	-1.151100e+00	-6.302900e-05
20	RESET	-1.201100e+00	-6.776910e-05
20	RESET	-1.251160e+00	-7.633210e-05
20	RESET	-1.301180e+00	-8.725610e-05
20	RESET	-1.351240e+00	-9.814860e-05
20	RESET	-1.401240e+00	-1.106660e-04
20	RESET	-1.451310e+00	-1.231360e-04
20	RESET	-1.501340e+00	-1.316750e-04
20	RESET	-1.551380e+00	-1.453490e-04
20	RESET	-1.601420e+00	-1.582640e-04
20	RESET	-1.651450e+00	-1.744070e-04
20	RESET	-1.701510e+00	-1.915770e-04
20	RESET	-1.751540e+00	-2.132950e-04
20	RESET	-1.801550e+00	-2.353990e-04
20	RESET	-1.851610e+00	-2.523910e-04
20	RESET	-1.901640e+00	-2.816730e-04
20	RESET	-1.951680e+00	-3.011930e-04
20	RESET	-2.001700e+00	-3.382010e-04
20	RESET	-2.001710e+00	-3.397040e-04
20	RESET	-1.951680e+00	-3.035710e-04
20	RESET	-1.901640e+00	-2.751850e-04
20	RESET	-1.851600e+00	-2.545020e-04
20	RESET	-1.801550e+00	-2.364000e-04
20	RESET	-1.751530e+00	-2.235720e-04
20	RESET	-1.701470e+00	-2.086360e-04
20	RESET	-1.651480e+00	-1.949200e-04
20	RESET	-1.601400e+00	-1.795930e-04
20	RESET	-1.551420e+00	-1.653250e-04
20	RESET	-1.501340e+00	-1.523190e-04
20	RESET	-1.451330e+00	-1.393740e-04
20	RESET	-1.401260e+00	-1.266160e-04
20	RESET	-1.351260e+00	-1.160630e-04
20	RESET	-1.301190e+00	-1.058320e-04
20	RESET	-1.251160e+00	-9.649330e-05
20	RESET	-1.201100e+00	-8.650400e-05
20	RESET	-1.151070e+00	-7.801480e-05
20	RESET	-1.101040e+00	-7.041080e-05
20	RESET	-1.050970e+00	-6.256760e-05
20	RESET	-1.000940e+00	-5.544750e-05
20	RESET	-9.509080e-01	-4.771300e-05
20	RESET	-9.008720e-01	-4.138820e-05
20	RESET	-8.508320e-01	-3.535620e-05
20	RESET	-8.008010e-01	-3.014930e-05
20	RESET	-7.507500e-01	-2.517200e-05
20	RESET	-7.006930e-01	-2.118230e-05
20	RESET	-6.506550e-01	-1.748330e-05
20	RESET	-6.006170e-01	-1.544110e-05
20	RESET	-5.505660e-01	-1.291220e-05
20	RESET	-5.005450e-01	-1.051970e-05
20	RESET	-4.504730e-01	-8.349570e-06
20	RESET	-4.004590e-01	-6.703120e-06
20	RESET	-3.504030e-01	-5.319340e-06
20	RESET	-3.003680e-01	-3.853010e-06
20	RESET	-2.503070e-01	-2.874350e-06
20	RESET	-2.001620e-01	-2.046710e-06
20	RESET	-1.501230e-01	-1.338520e-06
20	RESET	-1.000790e-01	-8.008720e-07
20	RESET	-5.003100e-02	-3.858150e-07
20	RESET	-2.162460e-05	5.760190e-11
21	SET	-2.162460e-05	7.342100e-11
21	SET	5.000550e-02	4.156900e-07
21	SET	1.000600e-01	8.740120e-07
21	SET	1.501030e-01	1.351700e-06
21	SET	2.001410e-01	1.867260e-06
21	SET	2.500620e-01	2.697100e-06
21	SET	3.000530e-01	3.194380e-06
21	SET	3.501180e-01	3.087030e-06
21	SET	4.001440e-01	3.840200e-06
21	SET	4.502220e-01	4.398530e-06
21	SET	5.002280e-01	5.461060e-06
21	SET	5.502820e-01	6.551890e-06
21	SET	6.003000e-01	7.875000e-06
21	SET	6.503750e-01	9.232240e-06
21	SET	7.003780e-01	1.076760e-05
21	SET	7.504590e-01	1.188250e-05
21	SET	8.004900e-01	1.380740e-05
21	SET	8.505610e-01	1.585190e-05
21	SET	9.006000e-01	1.723690e-05
21	SET	9.506160e-01	1.883830e-05
21	SET	1.000670e+00	2.010090e-05
21	SET	1.050720e+00	2.303520e-05
21	SET	1.100720e+00	1.100390e-04
21	SET	1.150800e+00	1.100340e-04
21	SET	1.200830e+00	1.100370e-04
21	SET	1.250880e+00	1.100360e-04
21	SET	1.300900e+00	1.100370e-04
21	SET	1.350950e+00	1.100400e-04
21	SET	1.400990e+00	1.100380e-04
21	SET	1.451020e+00	1.100370e-04
21	SET	1.501060e+00	1.100390e-04
21	SET	1.551100e+00	1.100390e-04
21	SET	1.601100e+00	1.100370e-04
21	SET	1.651160e+00	1.100370e-04
21	SET	1.701170e+00	1.100390e-04
21	SET	1.751240e+00	1.100380e-04
21	SET	1.801250e+00	1.100420e-04
21	SET	1.851290e+00	1.100390e-04
21	SET	1.901320e+00	1.100370e-04
21	SET	1.951370e+00	1.100370e-04
21	SET	2.001390e+00	1.100380e-04
21	SET	2.050320e+00	1.100430e-04
21	SET	2.100210e+00	1.100380e-04
21	SET	2.150630e+00	1.100370e-04
21	SET	2.200620e+00	1.100400e-04
21	SET	2.250660e+00	1.100390e-04
21	SET	2.300460e+00	1.100390e-04
21	SET	2.350780e+00	1.100380e-04
21	SET	2.400770e+00	1.100420e-04
21	SET	2.450690e+00	1.100440e-04
21	SET	2.500910e+00	1.100410e-04
21	SET	2.550900e+00	1.100370e-04
21	SET	2.600940e+00	1.100370e-04
21	SET	2.650950e+00	1.100400e-04
21	SET	2.701020e+00	1.100420e-04
21	SET	2.750830e+00	1.100390e-04
21	SET	2.800980e+00	1.100400e-04
21	SET	2.851170e+00	1.100420e-04
21	SET	2.901210e+00	1.100370e-04
21	SET	2.951280e+00	1.100370e-04
21	SET	3.001400e+00	1.100380e-04
21	SET	3.001140e+00	1.100370e-04
21	SET	2.951110e+00	1.100370e-04
21	SET	2.901330e+00	1.100420e-04
21	SET	2.851040e+00	1.100400e-04
21	SET	2.800800e+00	1.100460e-04
21	SET	2.750880e+00	1.100450e-04
21	SET	2.701040e+00	1.100400e-04
21	SET	2.650830e+00	1.100440e-04
21	SET	2.600720e+00	1.100390e-04
21	SET	2.551040e+00	1.100400e-04
21	SET	2.500930e+00	1.100390e-04
21	SET	2.450410e+00	1.100400e-04
21	SET	2.400700e+00	1.100330e-04
21	SET	2.350770e+00	1.100380e-04
21	SET	2.300570e+00	1.100350e-04
21	SET	2.250490e+00	1.100420e-04
21	SET	2.200520e+00	1.100360e-04
21	SET	2.150580e+00	1.100370e-04
21	SET	2.100210e+00	1.100390e-04
21	SET	2.050250e+00	1.100370e-04
21	SET	2.001390e+00	1.100360e-04
21	SET	1.951370e+00	1.100430e-04
21	SET	1.901330e+00	1.100400e-04
21	SET	1.851300e+00	1.100390e-04
21	SET	1.801250e+00	1.100420e-04
21	SET	1.751240e+00	1.100360e-04
21	SET	1.701190e+00	1.100370e-04
21	SET	1.651150e+00	1.100390e-04
21	SET	1.601120e+00	1.100390e-04
21	SET	1.551110e+00	1.100370e-04
21	SET	1.501060e+00	1.100360e-04
21	SET	1.451020e+00	1.100390e-04
21	SET	1.400980e+00	1.100410e-04
21	SET	1.350950e+00	1.100400e-04
21	SET	1.300900e+00	1.100370e-04
21	SET	1.250880e+00	1.100390e-04
21	SET	1.200840e+00	1.100410e-04
21	SET	1.150810e+00	1.100390e-04
21	SET	1.100720e+00	1.100430e-04
21	SET	1.050720e+00	1.100410e-04
21	SET	1.000690e+00	1.100380e-04
21	SET	9.506550e-01	1.100390e-04
21	SET	9.005740e-01	1.100360e-04
21	SET	8.505560e-01	1.100380e-04
21	SET	8.005110e-01	1.100410e-04
21	SET	7.504680e-01	1.100390e-04
21	SET	7.004220e-01	1.100390e-04
21	SET	6.503880e-01	1.100400e-04
21	SET	6.003250e-01	1.100390e-04
21	SET	5.502980e-01	1.100340e-04
21	SET	5.002460e-01	1.100430e-04
21	SET	4.502380e-01	1.100390e-04
21	SET	4.001680e-01	1.100400e-04
21	SET	3.501410e-01	1.100300e-04
21	SET	3.000720e-01	1.100400e-04
21	SET	2.500730e-01	1.100420e-04
21	SET	2.001500e-01	1.100390e-04
21	SET	1.501120e-01	1.100440e-04
21	SET	1.000720e-01	1.026850e-04
21	SET	5.003330e-02	4.898770e-05
21	SET	-7.867810e-06	3.090310e-09
21	RESET	-4.625320e-06	1.757540e-08
21	RESET	-4.998190e-02	-4.839140e-05
21	RESET	-1.000780e-01	-1.011010e-04
21	RESET	-1.501170e-01	-1.604800e-04
21	RESET	-2.001550e-01	-2.266050e-04
21	RESET	-2.502980e-01	-2.980900e-04
21	RESET	-3.003590e-01	-3.731930e-04
21	RESET	-3.503860e-01	-4.513990e-04
21	RESET	-4.004670e-01	-5.284670e-04
21	RESET	-4.504560e-01	-6.084430e-04
21	RESET	-5.005210e-01	-6.793630e-04
21	RESET	-5.505750e-01	-7.486310e-04
21	RESET	-6.006400e-01	-7.486930e-04
21	RESET	-6.506650e-01	-3.708640e-04
21	RESET	-7.007000e-01	-4.084760e-04
21	RESET	-7.507480e-01	-4.246160e-04
21	RESET	-8.007990e-01	-3.767810e-04
21	RESET	-8.508040e-01	-3.469100e-04
21	RESET	-9.008700e-01	-2.878290e-04
21	RESET	-9.508940e-01	-2.372300e-04
21	RESET	-1.000940e+00	-2.283110e-04
21	RESET	-1.050970e+00	-2.439810e-04
21	RESET	-1.101040e+00	-2.068730e-04
21	RESET	-1.151110e+00	-2.224220e-04
21	RESET	-1.201130e+00	-2.293790e-04
21	RESET	-1.251170e+00	-1.951230e-04
21	RESET	-1.301200e+00	-2.288120e-04
21	RESET	-1.351250e+00	-2.215790e-04
21	RESET	-1.401260e+00	-2.080720e-04
21	RESET	-1.451310e+00	-2.263030e-04
21	RESET	-1.501330e+00	-2.247550e-04
21	RESET	-1.551380e+00	-1.813560e-04
21	RESET	-1.601380e+00	-1.944570e-04
21	RESET	-1.651450e+00	-1.882250e-04
21	RESET	-1.701470e+00	-1.999980e-04
21	RESET	-1.751530e+00	-2.193270e-04
21	RESET	-1.801550e+00	-2.313030e-04
21	RESET	-1.851580e+00	-2.584800e-04
21	RESET	-1.901610e+00	-2.826780e-04
21	RESET	-1.951650e+00	-3.205470e-04
21	RESET	-2.001680e+00	-3.432610e-04
21	RESET	-2.001680e+00	-3.418230e-04
21	RESET	-1.951680e+00	-3.210510e-04
21	RESET	-1.901630e+00	-2.844810e-04
21	RESET	-1.851600e+00	-2.664400e-04
21	RESET	-1.801540e+00	-2.487750e-04
21	RESET	-1.751530e+00	-2.279470e-04
21	RESET	-1.701480e+00	-2.120290e-04
21	RESET	-1.651470e+00	-1.957220e-04
21	RESET	-1.601400e+00	-1.797640e-04
21	RESET	-1.551390e+00	-1.665470e-04
21	RESET	-1.501330e+00	-1.537320e-04
21	RESET	-1.451320e+00	-1.398950e-04
21	RESET	-1.401260e+00	-1.284820e-04
21	RESET	-1.351280e+00	-1.171210e-04
21	RESET	-1.301190e+00	-1.061460e-04
21	RESET	-1.251170e+00	-9.460080e-05
21	RESET	-1.201120e+00	-8.519420e-05
21	RESET	-1.151100e+00	-7.635930e-05
21	RESET	-1.101010e+00	-6.805870e-05
21	RESET	-1.050970e+00	-6.039030e-05
21	RESET	-1.000960e+00	-5.332880e-05
21	RESET	-9.509020e-01	-4.636570e-05
21	RESET	-9.008800e-01	-4.127000e-05
21	RESET	-8.507990e-01	-3.455950e-05
21	RESET	-8.007880e-01	-2.971300e-05
21	RESET	-7.507330e-01	-2.511720e-05
21	RESET	-7.006990e-01	-2.125710e-05
21	RESET	-6.506470e-01	-1.786890e-05
21	RESET	-6.006300e-01	-1.469670e-05
21	RESET	-5.505820e-01	-1.237750e-05
21	RESET	-5.005550e-01	-9.861770e-06
21	RESET	-4.504740e-01	-7.775050e-06
21	RESET	-4.004620e-01	-5.963570e-06
21	RESET	-3.503850e-01	-4.636490e-06
21	RESET	-3.003680e-01	-3.512250e-06
21	RESET	-2.503080e-01	-2.545030e-06
21	RESET	-2.001660e-01	-1.783660e-06
21	RESET	-1.501220e-01	-1.208020e-06
21	RESET	-1.000720e-01	-7.154650e-07
21	RESET	-5.003560e-02	-3.470900e-07
21	RESET	-1.714230e-05	-1.103880e-10
22	SET	-9.131430e-06	1.146790e-11
22	SET	5.001260e-02	3.641650e-07
22	SET	1.000700e-01	6.892410e-07
22	SET	1.501080e-01	1.045290e-06
22	SET	2.001400e-01	1.504670e-06
22	SET	2.500600e-01	2.005160e-06
22	SET	3.000810e-01	2.692680e-06
22	SET	3.501280e-01	3.367690e-06
22	SET	4.001580e-01	4.259450e-06
22	SET	4.502180e-01	4.927570e-06
22	SET	5.002410e-01	5.976130e-06
22	SET	5.502680e-01	7.246180e-06
22	SET	6.003100e-01	8.562260e-06
22	SET	6.503840e-01	9.501450e-06
22	SET	7.003740e-01	1.083610e-05
22	SET	7.504730e-01	1.259120e-05
22	SET	8.004930e-01	1.389200e-05
22	SET	8.505580e-01	1.575790e-05
22	SET	9.005790e-01	1.814060e-05
22	SET	9.506270e-01	1.100360e-04
22	SET	1.000650e+00	1.100420e-04
22	SET	1.050720e+00	1.100340e-04
22	SET	1.100730e+00	1.100360e-04
22	SET	1.150790e+00	1.100350e-04
22	SET	1.200840e+00	1.100420e-04
22	SET	1.250870e+00	1.100360e-04
22	SET	1.300890e+00	1.100350e-04
22	SET	1.350950e+00	1.100360e-04
22	SET	1.400980e+00	1.100380e-04
22	SET	1.451020e+00	1.100350e-04
22	SET	1.501050e+00	1.100350e-04
22	SET	1.551080e+00	1.100390e-04
22	SET	1.601110e+00	1.100360e-04
22	SET	1.651140e+00	1.100390e-04
22	SET	1.701180e+00	1.100400e-04
22	SET	1.751240e+00	1.100370e-04
22	SET	1.801270e+00	1.100330e-04
22	SET	1.851310e+00	1.100400e-04
22	SET	1.901330e+00	1.100340e-04
22	SET	1.951380e+00	1.100350e-04
22	SET	2.001400e+00	1.100370e-04
22	SET	2.050240e+00	1.100380e-04
22	SET	2.100370e+00	1.100410e-04
22	SET	2.150560e+00	1.100400e-04
22	SET	2.200520e+00	1.100380e-04
22	SET	2.250480e+00	1.100380e-04
22	SET	2.300340e+00	1.100360e-04
22	SET	2.350570e+00	1.100380e-04
22	SET	2.400550e+00	1.100390e-04
22	SET	2.450610e+00	1.100380e-04
22	SET	2.500830e+00	1.100420e-04
22	SET	2.550950e+00	1.100390e-04
22	SET	2.600830e+00	1.100370e-04
22	SET	2.650730e+00	1.100390e-04
22	SET	2.701090e+00	1.100370e-04
22	SET	2.750770e+00	1.100380e-04
22	SET	2.800870e+00	1.100420e-04
22	SET	2.851070e+00	1.100440e-04
22	SET	2.901200e+00	1.100430e-04
22	SET	2.951160e+00	1.100350e-04
22	SET	3.001160e+00	1.100370e-04
22	SET	3.001210e+00	1.100340e-04
22	SET	2.951060e+00	1.100390e-04
22	SET	2.901110e+00	1.100420e-04
22	SET	2.851150e+00	1.100430e-04
22	SET	2.800820e+00	1.100410e-04
22	SET	2.750780e+00	1.100370e-04
22	SET	2.700970e+00	1.100330e-04
22	SET	2.650610e+00	1.100380e-04
22	SET	2.600770e+00	1.100360e-04
22	SET	2.550990e+00	1.100380e-04
22	SET	2.500820e+00	1.100380e-04
22	SET	2.450740e+00	1.100380e-04
22	SET	2.400470e+00	1.100400e-04
22	SET	2.350720e+00	1.100390e-04
22	SET	2.300430e+00	1.100390e-04
22	SET	2.250570e+00	1.100350e-04
22	SET	2.200550e+00	1.100410e-04
22	SET	2.150500e+00	1.100420e-04
22	SET	2.100160e+00	1.100400e-04
22	SET	2.050300e+00	1.100390e-04
22	SET	2.001400e+00	1.100390e-04
22	SET	1.951370e+00	1.100390e-04
22	SET	1.901320e+00	1.100350e-04
22	SET	1.851290e+00	1.100330e-04
22	SET	1.801260e+00	1.100350e-04
22	SET	1.751230e+00	1.100360e-04
22	SET	1.701160e+00	1.100380e-04
22	SET	1.651150e+00	1.100340e-04
22	SET	1.601110e+00	1.100380e-04
22	SET	1.551050e+00	1.100400e-04
22	SET	1.501020e+00	1.100360e-04
22	SET	1.451020e+00	1.100420e-04
22	SET	1.400950e+00	1.100370e-04
22	SET	1.350940e+00	1.100350e-04
22	SET	1.300890e+00	1.100350e-04
22	SET	1.250870e+00	1.100370e-04
22	SET	1.200830e+00	1.100350e-04
22	SET	1.150800e+00	1.100390e-04
22	SET	1.100730e+00	1.100410e-04
22	SET	1.050720e+00	1.100390e-04
22	SET	1.000660e+00	1.100420e-04
22	SET	9.506360e-01	1.100360e-04
22	SET	9.005850e-01	1.100420e-04
22	SET	8.505480e-01	1.100400e-04
22	SET	8.004870e-01	1.100400e-04
22	SET	7.504380e-01	1.100440e-04
22	SET	7.004180e-01	1.100390e-04
22	SET	6.503980e-01	1.100380e-04
22	SET	6.003210e-01	1.100420e-04
22	SET	5.502910e-01	1.100360e-04
22	SET	5.002610e-01	1.100390e-04
22	SET	4.502200e-01	1.100470e-04
22	SET	4.001500e-01	1.100430e-04
22	SET	3.501300e-01	1.100310e-04
22	SET	3.000750e-01	8.654460e-05
22	SET	2.500580e-01	5.519050e-05
22	SET	2.001440e-01	3.344660e-05
22	SET	1.501140e-01	1.972930e-05
22	SET	1.000720e-01	1.096210e-05
22	SET	5.003230e-02	4.887520e-06
22	SET	-1.623630e-05	1.085400e-10
22	RESET	-1.776220e-05	1.219150e-09
22	RESET	-5.002840e-02	-4.803810e-06
22	RESET	-1.000410e-01	-1.100640e-05
22	RESET	-1.501240e-01	-1.926190e-05
22	RESET	-2.001610e-01	-3.213960e-05
22	RESET	-2.503060e-01	-5.112730e-05
22	RESET	-3.003460e-01	-7.894900e-05
22	RESET	-3.503890e-01	-1.028050e-04
22	RESET	-4.004720e-01	-1.198480e-04
22	RESET	-4.504660e-01	-1.242360e-04
22	RESET	-5.005420e-01	-1.045090e-04
22	RESET	-5.505680e-01	-1.046450e-04
22	RESET	-6.006120e-01	-1.029370e-04
22	RESET	-6.506270e-01	-3.489330e-05
22	RESET	-7.006870e-01	-3.403390e-05
22	RESET	-7.507310e-01	-3.881860e-05
22	RESET	-8.007920e-01	-4.474030e-05
22	RESET	-8.508090e-01	-4.123140e-05
22	RESET	-9.008660e-01	-4.173010e-05
22	RESET	-9.509180e-01	-5.337070e-05
22	RESET	-1.000950e+00	-5.705950e-05
22	RESET	-1.050980e+00	-5.624940e-05
22	RESET	-1.101030e+00	-6.427160e-05
22	RESET	-1.151110e+00	-6.407800e-05
22	RESET	-1.201120e+00	-7.236250e-05
22	RESET	-1.251160e+00	-8.180040e-05
22	RESET	-1.301190e+00	-8.906150e-05
22	RESET	-1.351260e+00	-9.919750e-05
22	RESET	-1.401290e+00	-1.073670e-04
22	RESET	-1.451340e+00	-1.208470e-04
22	RESET	-1.501350e+00	-1.323670e-04
22	RESET	-1.551420e+00	-1.450990e-04
22	RESET	-1.601380e+00	-1.657150e-04
22	RESET	-1.651460e+00	-1.839330e-04
22	RESET	-1.701500e+00	-1.950120e-04
22	RESET	-1.751520e+00	-2.171320e-04
22	RESET	-1.801540e+00	-2.325790e-04
22	RESET	-1.851610e+00	-2.603480e-04
22	RESET	-1.901650e+00	-3.062710e-04
22	RESET	-1.951660e+00	-3.279610e-04
22	RESET	-2.001720e+00	-3.694160e-04
22	RESET	-2.001710e+00	-3.604650e-04
22	RESET	-1.951660e+00	-3.438250e-04
22	RESET	-1.901620e+00	-3.189130e-04
22	RESET	-1.851610e+00	-2.975110e-04
22	RESET	-1.801540e+00	-2.766040e-04
22	RESET	-1.751530e+00	-2.581040e-04
22	RESET	-1.701470e+00	-2.356390e-04
22	RESET	-1.651460e+00	-2.192240e-04
22	RESET	-1.601400e+00	-2.014340e-04
22	RESET	-1.551400e+00	-1.857890e-04
22	RESET	-1.501340e+00	-1.712550e-04
22	RESET	-1.451320e+00	-1.572680e-04
22	RESET	-1.401270e+00	-1.433110e-04
22	RESET	-1.351250e+00	-1.315510e-04
22	RESET	-1.301190e+00	-1.199010e-04
22	RESET	-1.251160e+00	-1.080730e-04
22	RESET	-1.201090e+00	-9.851590e-05
22	RESET	-1.151090e+00	-8.903400e-05
22	RESET	-1.101040e+00	-7.923520e-05
22	RESET	-1.050960e+00	-7.087530e-05
22	RESET	-1.000960e+00	-6.274050e-05
22	RESET	-9.509240e-01	-5.510230e-05
22	RESET	-9.008710e-01	-4.833250e-05
22	RESET	-8.508050e-01	-4.183950e-05
22	RESET	-8.008060e-01	-3.659690e-05
22	RESET	-7.507300e-01	-3.133920e-05
22	RESET	-7.007160e-01	-2.729990e-05
22	RESET	-6.506350e-01	-2.307260e-05
22	RESET	-6.006420e-01	-1.904870e-05
22	RESET	-5.505690e-01	-1.575130e-05
22	RESET	-5.005340e-01	-1.306160e-05
22	RESET	-4.504800e-01	-1.059210e-05
22	RESET	-4.004920e-01	-8.230550e-06
22	RESET	-3.504200e-01	-6.709080e-06
22	RESET	-3.003710e-01	-5.275160e-06
22	RESET	-2.503290e-01	-3.924940e-06
22	RESET	-2.001600e-01	-2.899630e-06
22	RESET	-1.501290e-01	-2.176690e-06
22	RESET	-1.000820e-01	-1.380210e-06
22	RESET	-5.003890e-02	-6.851810e-07
22	RESET	-1.866820e-05	-4.074570e-11
23	SET	-1.838210e-05	-1.012680e-10
23	SET	5.000480e-02	5.356720e-07
23	SET	1.000720e-01	1.033470e-06
23	SET	1.501100e-01	1.606320e-06
23	SET	2.001430e-01	2.182270e-06
23	SET	2.500710e-01	2.885000e-06
23	SET	3.000650e-01	3.297720e-06
23	SET	3.501130e-01	4.175220e-06
23	SET	4.001330e-01	5.216670e-06
23	SET	4.502350e-01	5.627980e-06
23	SET	5.002650e-01	6.622470e-06
23	SET	5.502980e-01	8.058860e-06
23	SET	6.003170e-01	8.992960e-06
23	SET	6.503490e-01	1.059210e-05
23	SET	7.004100e-01	1.210610e-05
23	SET	7.504770e-01	1.100440e-04
23	SET	8.004800e-01	1.100370e-04
23	SET	8.505730e-01	1.100390e-04
23	SET	9.005840e-01	1.100390e-04
23	SET	9.506220e-01	1.100360e-04
23	SET	1.000680e+00	1.100410e-04
23	SET	1.050740e+00	1.100370e-04
23	SET	1.100740e+00	1.100390e-04
23	SET	1.150790e+00	1.100410e-04
23	SET	1.200810e+00	1.100410e-04
23	SET	1.250870e+00	1.100400e-04
23	SET	1.300910e+00	1.100390e-04
23	SET	1.350950e+00	1.100420e-04
23	SET	1.400970e+00	1.100370e-04
23	SET	1.451030e+00	1.100410e-04
23	SET	1.501040e+00	1.100380e-04
23	SET	1.551070e+00	1.100350e-04
23	SET	1.601120e+00	1.100410e-04
23	SET	1.651150e+00	1.100390e-04
23	SET	1.701180e+00	1.100390e-04
23	SET	1.751230e+00	1.100360e-04
23	SET	1.801270e+00	1.100410e-04
23	SET	1.851310e+00	1.100380e-04
23	SET	1.901310e+00	1.100410e-04
23	SET	1.951360e+00	1.100410e-04
23	SET	2.001390e+00	1.100420e-04
23	SET	2.050350e+00	1.100390e-04
23	SET	2.100210e+00	1.100410e-04
23	SET	2.150580e+00	1.100390e-04
23	SET	2.200520e+00	1.100360e-04
23	SET	2.250480e+00	1.100400e-04
23	SET	2.300370e+00	1.100390e-04
23	SET	2.350820e+00	1.100370e-04
23	SET	2.400530e+00	1.100460e-04
23	SET	2.450580e+00	1.100410e-04
23	SET	2.500790e+00	1.100430e-04
23	SET	2.550810e+00	1.100430e-04
23	SET	2.600970e+00	1.100370e-04
23	SET	2.650720e+00	1.100400e-04
23	SET	2.701120e+00	1.100390e-04
23	SET	2.750870e+00	1.100370e-04
23	SET	2.800920e+00	1.100460e-04
23	SET	2.851140e+00	1.100400e-04
23	SET	2.901210e+00	1.100440e-04
23	SET	2.951090e+00	1.100400e-04
23	SET	3.001240e+00	1.100380e-04
23	SET	3.001080e+00	1.100390e-04
23	SET	2.951160e+00	1.100400e-04
23	SET	2.901150e+00	1.100390e-04
23	SET	2.851060e+00	1.100430e-04
23	SET	2.800780e+00	1.100440e-04
23	SET	2.750870e+00	1.100410e-04
23	SET	2.700830e+00	1.100390e-04
23	SET	2.650860e+00	1.100370e-04
23	SET	2.600900e+00	1.100420e-04
23	SET	2.550940e+00	1.100390e-04
23	SET	2.500740e+00	1.100430e-04
23	SET	2.450630e+00	1.100460e-04
23	SET	2.400550e+00	1.100400e-04
23	SET	2.350750e+00	1.100420e-04
23	SET	2.300510e+00	1.100390e-04
23	SET	2.250590e+00	1.100380e-04
23	SET	2.200460e+00	1.100380e-04
23	SET	2.150580e+00	1.100390e-04
23	SET	2.100360e+00	1.100390e-04
23	SET	2.050340e+00	1.100420e-04
23	SET	2.001410e+00	1.100390e-04
23	SET	1.951370e+00	1.100380e-04
23	SET	1.901310e+00	1.100400e-04
23	SET	1.851280e+00	1.100400e-04
23	SET	1.801240e+00	1.100390e-04
23	SET	1.751230e+00	1.100380e-04
23	SET	1.701150e+00	1.100360e-04
23	SET	1.651170e+00	1.100400e-04
23	SET	1.601090e+00	1.100420e-04
23	SET	1.551110e+00	1.100380e-04
23	SET	1.501050e+00	1.100360e-04
23	SET	1.451010e+00	1.100420e-04
23	SET	1.400970e+00	1.100380e-04
23	SET	1.350940e+00	1.100340e-04
23	SET	1.300870e+00	1.100350e-04
23	SET	1.250880e+00	1.100380e-04
23	SET	1.200830e+00	1.100330e-04
23	SET	1.150800e+00	1.100370e-04
23	SET	1.100710e+00	1.100410e-04
23	SET	1.050710e+00	1.100390e-04
23	SET	1.000670e+00	1.100360e-04
23	SET	9.506370e-01	1.100360e-04
23	SET	9.005570e-01	1.100390e-04
23	SET	8.505540e-01	1.100360e-04
23	SET	8.004770e-01	1.100360e-04
23	SET	7.504470e-01	1.100430e-04
23	SET	7.003970e-01	1.100390e-04
23	SET	6.503740e-01	1.100380e-04
23	SET	6.002940e-01	1.100400e-04
23	SET	5.502820e-01	1.100420e-04
23	SET	5.002280e-01	1.100390e-04
23	SET	4.502150e-01	1.100380e-04
23	SET	4.001360e-01	1.100390e-04
23	SET	3.501340e-01	1.097980e-04
23	SET	3.000660e-01	7.569000e-05
23	SET	2.500490e-01	5.032030e-05
23	SET	2.001430e-01	3.281040e-05
23	SET	1.501040e-01	2.060170e-05
23	SET	1.000710e-01	1.194870e-05
23	SET	5.003050e-02	5.424130e-06
23	SET	-1.416210e-05	1.318060e-09
23	RESET	-1.354220e-05	2.121520e-09
23	RESET	-5.003880e-02	-5.265600e-06
23	RESET	-1.000500e-01	-1.169390e-05
23	RESET	-1.501250e-01	-1.974970e-05
23	RESET	-2.001650e-01	-3.098860e-05
23	RESET	-2.503120e-01	-4.698060e-05
23	RESET	-3.003680e-01	-6.788650e-05
23	RESET	-3.503930e-01	-6.135810e-05
23	RESET	-4.004530e-01	-5.491440e-05
23	RESET	-4.504720e-01	-5.077440e-05
23	RESET	-5.005410e-01	-4.958280e-05
23	RESET	-5.505800e-01	-3.863780e-05
23	RESET	-6.006390e-01	-2.886080e-05
23	RESET	-6.506660e-01	-2.477450e-05
23	RESET	-7.007030e-01	-3.040780e-05
23	RESET	-7.507480e-01	-2.100740e-05
23	RESET	-8.007980e-01	-2.689000e-05
23	RESET	-8.508260e-01	-2.879550e-05
23	RESET	-9.008830e-01	-3.277770e-05
23	RESET	-9.508960e-01	-3.712540e-05
23	RESET	-1.000960e+00	-4.284940e-05
23	RESET	-1.050980e+00	-4.710730e-05
23	RESET	-1.101030e+00	-5.482930e-05
23	RESET	-1.151080e+00	-6.230190e-05
23	RESET	-1.201110e+00	-7.151900e-05
23	RESET	-1.251180e+00	-7.924510e-05
23	RESET	-1.301210e+00	-8.904110e-05
23	RESET	-1.351250e+00	-9.789930e-05
23	RESET	-1.401270e+00	-1.086370e-04
23	RESET	-1.451310e+00	-1.208930e-04
23	RESET	-1.501370e+00	-1.318440e-04
23	RESET	-1.551410e+00	-1.466380e-04
23	RESET	-1.601410e+00	-1.627580e-04
23	RESET	-1.651480e+00	-1.808450e-04
23	RESET	-1.701490e+00	-1.966080e-04
23	RESET	-1.751540e+00	-2.136490e-04
23	RESET	-1.801550e+00	-2.340510e-04
23	RESET	-1.851610e+00	-2.530970e-04
23	RESET	-1.901650e+00	-2.890700e-04
23	RESET	-1.951690e+00	-3.103240e-04
23	RESET	-2.001690e+00	-3.295190e-04
23	RESET	-2.001670e+00	-3.202100e-04
23	RESET	-1.951690e+00	-2.976470e-04
23	RESET	-1.901650e+00	-2.743640e-04
23	RESET	-1.851630e+00	-2.510360e-04
23	RESET	-1.801540e+00	-2.338740e-04
23	RESET	-1.751530e+00	-2.133380e-04
23	RESET	-1.701480e+00	-1.978460e-04
23	RESET	-1.651480e+00	-1.824480e-04
23	RESET	-1.601430e+00	-1.704750e-04
23	RESET	-1.551400e+00	-1.573160e-04
23	RESET	-1.501340e+00	-1.438140e-04
23	RESET	-1.451340e+00	-1.310910e-04
23	RESET	-1.401260e+00	-1.205880e-04
23	RESET	-1.351270e+00	-1.098570e-04
23	RESET	-1.301190e+00	-1.003990e-04
23	RESET	-1.251160e+00	-9.136180e-05
23	RESET	-1.201130e+00	-8.191950e-05
23	RESET	-1.151100e+00	-7.356680e-05
23	RESET	-1.101040e+00	-6.529110e-05
23	RESET	-1.050980e+00	-5.837370e-05
23	RESET	-1.000980e+00	-5.110000e-05
23	RESET	-9.508990e-01	-4.459360e-05
23	RESET	-9.008830e-01	-3.880210e-05
23	RESET	-8.508050e-01	-3.290900e-05
23	RESET	-8.008050e-01	-2.830300e-05
23	RESET	-7.507410e-01	-2.397980e-05
23	RESET	-7.007020e-01	-1.996590e-05
23	RESET	-6.506260e-01	-1.624550e-05
23	RESET	-6.006210e-01	-1.347850e-05
23	RESET	-5.505590e-01	-1.106360e-05
23	RESET	-5.005430e-01	-8.858860e-06
23	RESET	-4.504600e-01	-7.076720e-06
23	RESET	-4.004610e-01	-5.577270e-06
23	RESET	-3.504120e-01	-4.215920e-06
23	RESET	-3.003680e-01	-3.223630e-06
23	RESET	-2.503250e-01	-2.375420e-06
23	RESET	-2.001680e-01	-1.705230e-06
23	RESET	-1.501350e-01	-1.148680e-06
23	RESET	-1.000860e-01	-7.236800e-07
23	RESET	-5.004970e-02	-3.364950e-07
23	RESET	-1.883510e-05	-1.677270e-10
24	SET	-1.244550e-05	8.457900e-11
24	SET	5.000510e-02	3.645370e-07
24	SET	1.000640e-01	6.736590e-07
24	SET	1.501040e-01	1.045430e-06
24	SET	2.001410e-01	1.523930e-06
24	SET	2.500470e-01	2.013120e-06
24	SET	3.000730e-01	2.654840e-06
24	SET	3.501160e-01	3.255790e-06
24	SET	4.001430e-01	3.949800e-06
24	SET	4.502020e-01	4.778430e-06
24	SET	5.002410e-01	5.744900e-06
24	SET	5.502830e-01	6.573010e-06
24	SET	6.003250e-01	7.841270e-06
24	SET	6.503860e-01	1.100460e-04
24	SET	7.004150e-01	1.100420e-04
24	SET	7.504450e-01	1.100370e-04
24	SET	8.004670e-01	1.100360e-04
24	SET	8.505530e-01	1.100360e-04
24	SET	9.005730e-01	1.100410e-04
24	SET	9.506030e-01	1.100340e-04
24	SET	1.000650e+00	1.100370e-04
24	SET	1.050700e+00	1.100440e-04
24	SET	1.100730e+00	1.100370e-04
24	SET	1.150790e+00	1.100400e-04
24	SET	1.200820e+00	1.100380e-04
24	SET	1.250880e+00	1.100370e-04
24	SET	1.300880e+00	1.100400e-04
24	SET	1.350930e+00	1.100400e-04
24	SET	1.400960e+00	1.100390e-04
24	SET	1.451020e+00	1.100420e-04
24	SET	1.501030e+00	1.100350e-04
24	SET	1.551090e+00	1.100360e-04
24	SET	1.601110e+00	1.100410e-04
24	SET	1.651140e+00	1.100430e-04
24	SET	1.701160e+00	1.100390e-04
24	SET	1.751220e+00	1.100420e-04
24	SET	1.801250e+00	1.100400e-04
24	SET	1.851290e+00	1.100400e-04
24	SET	1.901330e+00	1.100400e-04
24	SET	1.951360e+00	1.100390e-04
24	SET	2.001400e+00	1.100380e-04
24	SET	2.050290e+00	1.100380e-04
24	SET	2.100080e+00	1.100380e-04
24	SET	2.150400e+00	1.100370e-04
24	SET	2.200490e+00	1.100390e-04
24	SET	2.250560e+00	1.100420e-04
24	SET	2.300340e+00	1.100390e-04
24	SET	2.350750e+00	1.100380e-04
24	SET	2.400620e+00	1.100410e-04
24	SET	2.450420e+00	1.100390e-04
24	SET	2.500820e+00	1.100430e-04
24	SET	2.550890e+00	1.100370e-04
24	SET	2.600980e+00	1.100400e-04
24	SET	2.650750e+00	1.100410e-04
24	SET	2.701130e+00	1.100370e-04
24	SET	2.750730e+00	1.100410e-04
24	SET	2.800690e+00	1.100400e-04
24	SET	2.851000e+00	1.100440e-04
24	SET	2.901130e+00	1.100380e-04
24	SET	2.951060e+00	1.100390e-04
24	SET	3.001030e+00	1.100380e-04
24	SET	3.001180e+00	1.100380e-04
24	SET	2.951090e+00	1.100390e-04
24	SET	2.901160e+00	1.100370e-04
24	SET	2.851240e+00	1.100420e-04
24	SET	2.800730e+00	1.100380e-04
24	SET	2.750830e+00	1.100450e-04
24	SET	2.700890e+00	1.100410e-04
24	SET	2.650730e+00	1.100430e-04
24	SET	2.600670e+00	1.100400e-04
24	SET	2.550850e+00	1.100360e-04
24	SET	2.500720e+00	1.100420e-04
24	SET	2.450330e+00	1.100420e-04
24	SET	2.400570e+00	1.100390e-04
24	SET	2.350660e+00	1.100420e-04
24	SET	2.300330e+00	1.100390e-04
24	SET	2.250530e+00	1.100410e-04
24	SET	2.200490e+00	1.100400e-04
24	SET	2.150500e+00	1.100400e-04
24	SET	2.100300e+00	1.100430e-04
24	SET	2.050250e+00	1.100390e-04
24	SET	2.001400e+00	1.100390e-04
24	SET	1.951350e+00	1.100400e-04
24	SET	1.901330e+00	1.100400e-04
24	SET	1.851270e+00	1.100390e-04
24	SET	1.801250e+00	1.100380e-04
24	SET	1.751220e+00	1.100400e-04
24	SET	1.701170e+00	1.100390e-04
24	SET	1.651150e+00	1.100370e-04
24	SET	1.601110e+00	1.100400e-04
24	SET	1.551090e+00	1.100380e-04
24	SET	1.501030e+00	1.100390e-04
24	SET	1.451010e+00	1.100360e-04
24	SET	1.400980e+00	1.100410e-04
24	SET	1.350960e+00	1.100410e-04
24	SET	1.300880e+00	1.100390e-04
24	SET	1.250870e+00	1.100360e-04
24	SET	1.200830e+00	1.100360e-04
24	SET	1.150790e+00	1.100380e-04
24	SET	1.100700e+00	1.100400e-04
24	SET	1.050720e+00	1.100420e-04
24	SET	1.000660e+00	1.100380e-04
24	SET	9.506470e-01	1.100400e-04
24	SET	9.005660e-01	1.100420e-04
24	SET	8.505450e-01	1.100350e-04
24	SET	8.004870e-01	1.100400e-04
24	SET	7.504720e-01	1.100400e-04
24	SET	7.003830e-01	1.100380e-04
24	SET	6.503810e-01	1.100410e-04
24	SET	6.003190e-01	1.100380e-04
24	SET	5.503040e-01	1.100370e-04
24	SET	5.002370e-01	1.100380e-04
24	SET	4.502060e-01	1.100380e-04
24	SET	4.001580e-01	1.100440e-04
24	SET	3.501400e-01	1.100350e-04
24	SET	3.000710e-01	1.100420e-04
24	SET	2.500520e-01	1.100370e-04
24	SET	2.001430e-01	8.982310e-05
24	SET	1.501140e-01	1.150530e-05
24	SET	1.000800e-01	6.323940e-06
24	SET	5.002600e-02	2.815830e-06
24	SET	-1.299380e-05	4.544970e-10
24	RESET	-9.298320e-06	1.577580e-09
24	RESET	-5.003330e-02	-2.778430e-06
24	RESET	-1.000770e-01	-6.385510e-06
24	RESET	-1.501220e-01	-7.589440e-06
24	RESET	-2.001300e-01	-9.066330e-06
24	RESET	-2.503210e-01	-1.376860e-05
24	RESET	-3.003700e-01	-2.240540e-05
24	RESET	-3.503940e-01	-3.445680e-05
24	RESET	-4.004680e-01	-4.263590e-05
24	RESET	-4.504590e-01	-4.704320e-05
24	RESET	-5.005410e-01	-4.487180e-05
24	RESET	-5.505870e-01	-3.872460e-05
24	RESET	-6.006260e-01	-3.946380e-05
24	RESET	-6.506270e-01	-4.955950e-05
24	RESET	-7.006940e-01	-4.847730e-05
24	RESET	-7.507480e-01	-4.475530e-05
24	RESET	-8.008140e-01	-4.428610e-05
24	RESET	-8.508000e-01	-4.341740e-05
24	RESET	-9.008860e-01	-4.666040e-05
24	RESET	-9.509030e-01	-4.678940e-05
24	RESET	-1.000950e+00	-5.358090e-05
24	RESET	-1.050970e+00	-6.233900e-05
24	RESET	-1.101030e+00	-6.278010e-05
24	RESET	-1.151100e+00	-7.710160e-05
24	RESET	-1.201110e+00	-7.776080e-05
24	RESET	-1.251180e+00	-8.372040e-05
24	RESET	-1.301200e+00	-9.337660e-05
24	RESET	-1.351250e+00	-9.764190e-05
24	RESET	-1.401270e+00	-1.098400e-04
24	RESET	-1.451320e+00	-1.240710e-04
24	RESET	-1.501350e+00	-1.364720e-04
24	RESET	-1.551410e+00	-1.497760e-04
24	RESET	-1.601420e+00	-1.648970e-04
24	RESET	-1.651480e+00	-1.780700e-04
24	RESET	-1.701500e+00	-1.915220e-04
24	RESET	-1.751530e+00	-1.991190e-04
24	RESET	-1.801550e+00	-2.193440e-04
24	RESET	-1.851630e+00	-2.387470e-04
24	RESET	-1.901640e+00	-2.666240e-04
24	RESET	-1.951690e+00	-3.069560e-04
24	RESET	-2.001690e+00	-3.344200e-04
24	RESET	-2.001690e+00	-3.336330e-04
24	RESET	-1.951670e+00	-3.032650e-04
24	RESET	-1.901630e+00	-2.825540e-04
24	RESET	-1.851610e+00	-2.660710e-04
24	RESET	-1.801550e+00	-2.472090e-04
24	RESET	-1.751560e+00	-2.223890e-04
24	RESET	-1.701500e+00	-2.096470e-04
24	RESET	-1.651480e+00	-1.922760e-04
24	RESET	-1.601410e+00	-1.777050e-04
24	RESET	-1.551400e+00	-1.651950e-04
24	RESET	-1.501350e+00	-1.526640e-04
24	RESET	-1.451330e+00	-1.403280e-04
24	RESET	-1.401280e+00	-1.282300e-04
24	RESET	-1.351250e+00	-1.170270e-04
24	RESET	-1.301200e+00	-1.055530e-04
24	RESET	-1.251190e+00	-9.669870e-05
24	RESET	-1.201120e+00	-8.757800e-05
24	RESET	-1.151080e+00	-7.775210e-05
24	RESET	-1.101040e+00	-7.051830e-05
24	RESET	-1.050990e+00	-6.267380e-05
24	RESET	-1.000960e+00	-5.507910e-05
24	RESET	-9.509210e-01	-4.806140e-05
24	RESET	-9.008810e-01	-4.225550e-05
24	RESET	-8.508230e-01	-3.617430e-05
24	RESET	-8.008040e-01	-3.057710e-05
24	RESET	-7.507280e-01	-2.622070e-05
24	RESET	-7.007040e-01	-2.222180e-05
24	RESET	-6.506570e-01	-1.846130e-05
24	RESET	-6.006280e-01	-1.551400e-05
24	RESET	-5.505990e-01	-1.275230e-05
24	RESET	-5.005390e-01	-1.052340e-05
24	RESET	-4.504900e-01	-8.580780e-06
24	RESET	-4.004690e-01	-6.514830e-06
24	RESET	-3.504160e-01	-4.960450e-06
24	RESET	-3.003680e-01	-3.898420e-06
24	RESET	-2.503220e-01	-2.858830e-06
24	RESET	-2.001610e-01	-1.972760e-06
24	RESET	-1.501260e-01	-1.296960e-06
24	RESET	-1.000820e-01	-7.911410e-07
24	RESET	-5.003690e-02	-3.698050e-07
24	RESET	-2.145770e-05	3.681180e-11
25	SET	-1.795290e-05	-4.990100e-11
25	SET	5.000340e-02	3.446560e-07
25	SET	1.000640e-01	6.632640e-07
25	SET	1.501030e-01	1.036850e-06
25	SET	2.001370e-01	1.502700e-06
25	SET	2.500690e-01	1.972130e-06
25	SET	3.000760e-01	2.588160e-06
25	SET	3.501160e-01	3.297930e-06
25	SET	4.001500e-01	4.033590e-06
25	SET	4.502090e-01	4.893620e-06
25	SET	5.002390e-01	5.898460e-06
25	SET	5.502710e-01	6.905900e-06
25	SET	6.002930e-01	7.612460e-06
25	SET	6.503980e-01	9.084200e-06
25	SET	7.003680e-01	1.070130e-05
25	SET	7.504820e-01	1.227280e-05
25	SET	8.005020e-01	1.441820e-05
25	SET	8.505740e-01	1.615630e-05
25	SET	9.005780e-01	1.827390e-05
25	SET	9.506540e-01	2.009080e-05
25	SET	1.000660e+00	2.248800e-05
25	SET	1.050740e+00	3.967100e-05
25	SET	1.100740e+00	4.107200e-05
25	SET	1.150780e+00	4.582060e-05
25	SET	1.200810e+00	5.138670e-05
25	SET	1.250880e+00	1.100380e-04
25	SET	1.300870e+00	1.100330e-04
25	SET	1.350950e+00	1.100420e-04
25	SET	1.400960e+00	1.100370e-04
25	SET	1.451020e+00	1.100380e-04
25	SET	1.501020e+00	1.100380e-04
25	SET	1.551080e+00	1.100370e-04
25	SET	1.601110e+00	1.100380e-04
25	SET	1.651140e+00	1.100420e-04
25	SET	1.701170e+00	1.100380e-04
25	SET	1.751230e+00	1.100380e-04
25	SET	1.801270e+00	1.100380e-04
25	SET	1.851280e+00	1.100410e-04
25	SET	1.901300e+00	1.100380e-04
25	SET	1.951350e+00	1.100390e-04
25	SET	2.001390e+00	1.100390e-04
25	SET	2.050170e+00	1.100390e-04
25	SET	2.100240e+00	1.100430e-04
25	SET	2.150490e+00	1.100400e-04
25	SET	2.200490e+00	1.100400e-04
25	SET	2.250330e+00	1.100400e-04
25	SET	2.300430e+00	1.100370e-04
25	SET	2.350650e+00	1.100400e-04
25	SET	2.400640e+00	1.100370e-04
25	SET	2.450350e+00	1.100430e-04
25	SET	2.500750e+00	1.100380e-04
25	SET	2.550760e+00	1.100430e-04
25	SET	2.600670e+00	1.100420e-04
25	SET	2.650670e+00	1.100380e-04
25	SET	2.701010e+00	1.100380e-04
25	SET	2.750820e+00	1.100370e-04
25	SET	2.800750e+00	1.100420e-04
25	SET	2.851100e+00	1.100390e-04
25	SET	2.901040e+00	1.100400e-04
25	SET	2.950970e+00	1.100370e-04
25	SET	3.001210e+00	1.100330e-04
25	SET	3.001170e+00	1.100360e-04
25	SET	2.950940e+00	1.100420e-04
25	SET	2.901250e+00	1.100380e-04
25	SET	2.851120e+00	1.100420e-04
25	SET	2.800700e+00	1.100370e-04
25	SET	2.750770e+00	1.100390e-04
25	SET	2.701110e+00	1.100380e-04
25	SET	2.650560e+00	1.100350e-04
25	SET	2.600730e+00	1.100400e-04
25	SET	2.550960e+00	1.100380e-04
25	SET	2.500780e+00	1.100410e-04
25	SET	2.450550e+00	1.100390e-04
25	SET	2.400680e+00	1.100360e-04
25	SET	2.350830e+00	1.100350e-04
25	SET	2.300360e+00	1.100420e-04
25	SET	2.250600e+00	1.100390e-04
25	SET	2.200480e+00	1.100380e-04
25	SET	2.150360e+00	1.100360e-04
25	SET	2.100130e+00	1.100370e-04
25	SET	2.050280e+00	1.100350e-04
25	SET	2.001380e+00	1.100360e-04
25	SET	1.951350e+00	1.100380e-04
25	SET	1.901310e+00	1.100400e-04
25	SET	1.851280e+00	1.100400e-04
25	SET	1.801250e+00	1.100350e-04
25	SET	1.751240e+00	1.100380e-04
25	SET	1.701160e+00	1.100390e-04
25	SET	1.651170e+00	1.100360e-04
25	SET	1.601120e+00	1.100390e-04
25	SET	1.551070e+00	1.100350e-04
25	SET	1.501020e+00	1.100380e-04
25	SET	1.451030e+00	1.100400e-04
25	SET	1.400970e+00	1.100420e-04
25	SET	1.350960e+00	1.100390e-04
25	SET	1.300900e+00	1.100400e-04
25	SET	1.250880e+00	1.100390e-04
25	SET	1.200810e+00	1.100360e-04
25	SET	1.150800e+00	1.100370e-04
25	SET	1.100730e+00	1.100430e-04
25	SET	1.050700e+00	1.100390e-04
25	SET	1.000650e+00	1.100380e-04
25	SET	9.506240e-01	1.100350e-04
25	SET	9.005590e-01	1.100380e-04
25	SET	8.505370e-01	1.100420e-04
25	SET	8.004850e-01	1.100380e-04
25	SET	7.504360e-01	1.100380e-04
25	SET	7.003870e-01	1.100430e-04
25	SET	6.503930e-01	1.100340e-04
25	SET	6.002950e-01	1.100390e-04
25	SET	5.502980e-01	1.100360e-04
25	SET	5.002390e-01	1.100400e-04
25	SET	4.501970e-01	1.100420e-04
25	SET	4.001470e-01	1.100410e-04
25	SET	3.501450e-01	1.100270e-04
25	SET	3.000600e-01	1.100410e-04
25	SET	2.500380e-01	1.100390e-04
25	SET	2.001300e-01	1.100400e-04
25	SET	1.500950e-01	1.100420e-04
25	SET	1.000570e-01	1.100390e-04
25	SET	5.001330e-02	9.312830e-05
25	SET	-2.207760e-05	-1.049270e-08
25	RESET	-2.470020e-05	3.144000e-09
25	RESET	-4.999070e-02	-9.300480e-05
25	RESET	-1.000860e-01	-1.863160e-04
25	RESET	-1.501260e-01	-2.794940e-04
25	RESET	-2.001640e-01	-3.722140e-04
25	RESET	-2.503300e-01	-4.546270e-04
25	RESET	-3.003630e-01	-5.583220e-04
25	RESET	-3.503900e-01	-6.507820e-04
25	RESET	-4.004750e-01	-7.545450e-04
25	RESET	-4.504590e-01	-8.406230e-04
25	RESET	-5.005200e-01	-8.964750e-04
25	RESET	-5.507510e-01	-5.235670e-04
25	RESET	-6.006460e-01	-1.753810e-04
25	RESET	-6.506660e-01	-1.785160e-04
25	RESET	-7.007180e-01	-1.513850e-04
25	RESET	-7.507530e-01	-1.413170e-04
25	RESET	-8.008040e-01	-1.466490e-04
25	RESET	-8.508440e-01	-1.358640e-04
25	RESET	-9.008670e-01	-1.251720e-04
25	RESET	-9.509150e-01	-1.310940e-04
25	RESET	-1.000970e+00	-1.328630e-04
25	RESET	-1.050980e+00	-1.077390e-04
25	RESET	-1.101060e+00	-1.150620e-04
25	RESET	-1.151090e+00	-1.221880e-04
25	RESET	-1.201090e+00	-1.375350e-04
25	RESET	-1.251180e+00	-1.323180e-04
25	RESET	-1.301200e+00	-1.399820e-04
25	RESET	-1.351270e+00	-1.474450e-04
25	RESET	-1.401260e+00	-1.388690e-04
25	RESET	-1.451320e+00	-1.502200e-04
25	RESET	-1.501350e+00	-1.694550e-04
25	RESET	-1.551410e+00	-1.758410e-04
25	RESET	-1.601410e+00	-1.917690e-04
25	RESET	-1.651490e+00	-1.785060e-04
25	RESET	-1.701490e+00	-1.961470e-04
25	RESET	-1.751530e+00	-2.129150e-04
25	RESET	-1.801570e+00	-2.336330e-04
25	RESET	-1.851590e+00	-2.558390e-04
25	RESET	-1.901650e+00	-2.843080e-04
25	RESET	-1.951680e+00	-3.099950e-04
25	RESET	-2.001700e+00	-3.443580e-04
25	RESET	-2.001700e+00	-3.398510e-04
25	RESET	-1.951690e+00	-3.043040e-04
25	RESET	-1.901650e+00	-2.750940e-04
25	RESET	-1.851630e+00	-2.556460e-04
25	RESET	-1.801550e+00	-2.370320e-04
25	RESET	-1.751550e+00	-2.179280e-04
25	RESET	-1.701490e+00	-2.038240e-04
25	RESET	-1.651480e+00	-1.867490e-04
25	RESET	-1.601410e+00	-1.727690e-04
25	RESET	-1.551410e+00	-1.620850e-04
25	RESET	-1.501350e+00	-1.490730e-04
25	RESET	-1.451330e+00	-1.365820e-04
25	RESET	-1.401260e+00	-1.245410e-04
25	RESET	-1.351270e+00	-1.121400e-04
25	RESET	-1.301220e+00	-1.029700e-04
25	RESET	-1.251170e+00	-9.402630e-05
25	RESET	-1.201130e+00	-8.525510e-05
25	RESET	-1.151110e+00	-7.665170e-05
25	RESET	-1.101040e+00	-6.793970e-05
25	RESET	-1.050980e+00	-5.842990e-05
25	RESET	-1.000960e+00	-5.156150e-05
25	RESET	-9.509080e-01	-4.524970e-05
25	RESET	-9.008790e-01	-3.923900e-05
25	RESET	-8.508110e-01	-3.354750e-05
25	RESET	-8.008050e-01	-2.893450e-05
25	RESET	-7.507570e-01	-2.468690e-05
25	RESET	-7.007260e-01	-2.059430e-05
25	RESET	-6.506560e-01	-1.717830e-05
25	RESET	-6.006370e-01	-1.410590e-05
25	RESET	-5.505840e-01	-1.157590e-05
25	RESET	-5.005510e-01	-9.649680e-06
25	RESET	-4.504770e-01	-7.855860e-06
25	RESET	-4.004550e-01	-6.113480e-06
25	RESET	-3.504050e-01	-4.587280e-06
25	RESET	-3.003680e-01	-3.290790e-06
25	RESET	-2.503280e-01	-2.425610e-06
25	RESET	-2.001690e-01	-1.699480e-06
25	RESET	-1.501330e-01	-1.138700e-06
25	RESET	-1.000820e-01	-6.556620e-07
25	RESET	-5.003720e-02	-3.086790e-07
25	RESET	-1.721380e-05	-1.764180e-10
26	SET	-2.000330e-05	1.822470e-10
26	SET	5.000050e-02	3.459370e-07
26	SET	1.000690e-01	6.268110e-07
26	SET	1.501070e-01	9.613850e-07
26	SET	2.001430e-01	1.388640e-06
26	SET	2.500610e-01	1.912080e-06
26	SET	3.000610e-01	2.472820e-06
26	SET	3.501280e-01	3.187230e-06
26	SET	4.001620e-01	4.030320e-06
26	SET	4.502220e-01	4.818760e-06
26	SET	5.002370e-01	5.613450e-06
26	SET	5.503120e-01	6.844350e-06
26	SET	6.003060e-01	8.219760e-06
26	SET	6.503940e-01	9.619630e-06
26	SET	7.004150e-01	9.915390e-06
26	SET	7.504120e-01	1.092680e-05
26	SET	8.004930e-01	1.233350e-05
26	SET	8.505700e-01	1.466340e-05
26	SET	9.005650e-01	1.685650e-05
26	SET	9.506340e-01	1.100360e-04
26	SET	1.000660e+00	1.100390e-04
26	SET	1.050720e+00	1.100380e-04
26	SET	1.100710e+00	1.100380e-04
26	SET	1.150770e+00	1.100390e-04
26	SET	1.200810e+00	1.100390e-04
26	SET	1.250870e+00	1.100390e-04
26	SET	1.300900e+00	1.100390e-04
26	SET	1.350950e+00	1.100430e-04
26	SET	1.400980e+00	1.100360e-04
26	SET	1.451020e+00	1.100380e-04
26	SET	1.501010e+00	1.100430e-04
26	SET	1.551070e+00	1.100360e-04
26	SET	1.601110e+00	1.100360e-04
26	SET	1.651170e+00	1.100380e-04
26	SET	1.701180e+00	1.100400e-04
26	SET	1.751240e+00	1.100400e-04
26	SET	1.801250e+00	1.100380e-04
26	SET	1.851300e+00	1.100410e-04
26	SET	1.901330e+00	1.100420e-04
26	SET	1.951390e+00	1.100410e-04
26	SET	2.001380e+00	1.100370e-04
26	SET	2.050280e+00	1.100390e-04
26	SET	2.100290e+00	1.100410e-04
26	SET	2.150350e+00	1.100450e-04
26	SET	2.200760e+00	1.100400e-04
26	SET	2.250510e+00	1.100400e-04
26	SET	2.300480e+00	1.100370e-04
26	SET	2.350650e+00	1.100390e-04
26	SET	2.400440e+00	1.100380e-04
26	SET	2.450490e+00	1.100430e-04
26	SET	2.500720e+00	1.100370e-04
26	SET	2.550830e+00	1.100400e-04
26	SET	2.600820e+00	1.100390e-04
26	SET	2.650740e+00	1.100390e-04
26	SET	2.701040e+00	1.100400e-04
26	SET	2.750860e+00	1.100400e-04
26	SET	2.800880e+00	1.100400e-04
26	SET	2.851100e+00	1.100450e-04
26	SET	2.901130e+00	1.100390e-04
26	SET	2.951130e+00	1.100380e-04
26	SET	3.001100e+00	1.100400e-04
26	SET	3.001280e+00	1.100380e-04
26	SET	2.951140e+00	1.100390e-04
26	SET	2.901010e+00	1.100410e-04
26	SET	2.851120e+00	1.100450e-04
26	SET	2.800850e+00	1.100450e-04
26	SET	2.750870e+00	1.100420e-04
26	SET	2.700930e+00	1.100430e-04
26	SET	2.650830e+00	1.100410e-04
26	SET	2.600940e+00	1.100400e-04
26	SET	2.550850e+00	1.100440e-04
26	SET	2.500820e+00	1.100420e-04
26	SET	2.450550e+00	1.100430e-04
26	SET	2.400490e+00	1.100380e-04
26	SET	2.350590e+00	1.100360e-04
26	SET	2.300440e+00	1.100350e-04
26	SET	2.250500e+00	1.100400e-04
26	SET	2.200570e+00	1.100400e-04
26	SET	2.150600e+00	1.100370e-04
26	SET	2.100240e+00	1.100400e-04
26	SET	2.050240e+00	1.100370e-04
26	SET	2.001380e+00	1.100410e-04
26	SET	1.951360e+00	1.100370e-04
26	SET	1.901330e+00	1.100390e-04
26	SET	1.851300e+00	1.100370e-04
26	SET	1.801250e+00	1.100400e-04
26	SET	1.751210e+00	1.100390e-04
26	SET	1.701170e+00	1.100410e-04
26	SET	1.651140e+00	1.100400e-04
26	SET	1.601100e+00	1.100340e-04
26	SET	1.551070e+00	1.100390e-04
26	SET	1.501010e+00	1.100390e-04
26	SET	1.451020e+00	1.100410e-04
26	SET	1.400950e+00	1.100400e-04
26	SET	1.350920e+00	1.100400e-04
26	SET	1.300880e+00	1.100390e-04
26	SET	1.250880e+00	1.100390e-04
26	SET	1.200820e+00	1.100400e-04
26	SET	1.150780e+00	1.100380e-04
26	SET	1.100710e+00	1.100360e-04
26	SET	1.050700e+00	1.100420e-04
26	SET	1.000660e+00	1.100370e-04
26	SET	9.506270e-01	1.100380e-04
26	SET	9.005510e-01	1.100390e-04
26	SET	8.505530e-01	1.100420e-04
26	SET	8.004870e-01	1.100410e-04
26	SET	7.504650e-01	1.100430e-04
26	SET	7.004020e-01	1.100400e-04
26	SET	6.503960e-01	1.100420e-04
26	SET	6.003020e-01	1.100440e-04
26	SET	5.502960e-01	1.100410e-04
26	SET	5.002370e-01	1.100450e-04
26	SET	4.502210e-01	1.100390e-04
26	SET	4.001570e-01	1.100420e-04
26	SET	3.501360e-01	1.100330e-04
26	SET	3.000690e-01	1.100390e-04
26	SET	2.500520e-01	1.100390e-04
26	SET	2.001410e-01	8.229960e-05
26	SET	1.501050e-01	5.310310e-05
26	SET	1.000670e-01	3.129470e-05
26	SET	5.002140e-02	1.444320e-05
26	SET	-1.831050e-05	1.943830e-10
26	RESET	-2.379420e-05	1.853600e-09
26	RESET	-4.998980e-02	-1.447630e-05
26	RESET	-1.000740e-01	-3.198890e-05
26	RESET	-1.501230e-01	-5.423480e-05
26	RESET	-2.001570e-01	-8.277180e-05
26	RESET	-2.502970e-01	-1.175170e-04
26	RESET	-3.003570e-01	-1.468120e-04
26	RESET	-3.504100e-01	-1.662430e-04
26	RESET	-4.004800e-01	-1.849640e-04
26	RESET	-4.504690e-01	-1.819830e-04
26	RESET	-5.005330e-01	-1.198550e-04
26	RESET	-5.505880e-01	-1.192160e-04
26	RESET	-6.006160e-01	-1.185730e-04
26	RESET	-6.506440e-01	-9.908190e-05
26	RESET	-7.007150e-01	-1.037950e-04
26	RESET	-7.507500e-01	-1.074520e-04
26	RESET	-8.008050e-01	-8.681760e-05
26	RESET	-8.508440e-01	-8.970410e-05
26	RESET	-9.008640e-01	-9.660660e-05
26	RESET	-9.508940e-01	-8.367250e-05
26	RESET	-1.000950e+00	-9.127530e-05
26	RESET	-1.050990e+00	-9.984640e-05
26	RESET	-1.101050e+00	-1.020380e-04
26	RESET	-1.151110e+00	-1.007410e-04
26	RESET	-1.201120e+00	-1.084570e-04
26	RESET	-1.251180e+00	-1.058610e-04
26	RESET	-1.301200e+00	-8.821100e-05
26	RESET	-1.351260e+00	-9.626820e-05
26	RESET	-1.401260e+00	-1.052230e-04
26	RESET	-1.451300e+00	-1.168120e-04
26	RESET	-1.501360e+00	-1.278550e-04
26	RESET	-1.551400e+00	-1.422690e-04
26	RESET	-1.601420e+00	-1.576600e-04
26	RESET	-1.651470e+00	-1.724190e-04
26	RESET	-1.701490e+00	-1.869450e-04
26	RESET	-1.751550e+00	-2.049320e-04
26	RESET	-1.801560e+00	-2.247160e-04
26	RESET	-1.851620e+00	-2.453690e-04
26	RESET	-1.901650e+00	-2.808780e-04
26	RESET	-1.951670e+00	-2.993020e-04
26	RESET	-2.001710e+00	-3.300940e-04
26	RESET	-2.001690e+00	-3.337760e-04
26	RESET	-1.951670e+00	-3.058640e-04
26	RESET	-1.901640e+00	-2.815170e-04
26	RESET	-1.851610e+00	-2.606800e-04
26	RESET	-1.801550e+00	-2.439520e-04
26	RESET	-1.751550e+00	-2.254120e-04
26	RESET	-1.701510e+00	-2.109990e-04
26	RESET	-1.651480e+00	-1.941130e-04
26	RESET	-1.601390e+00	-1.795830e-04
26	RESET	-1.551410e+00	-1.637540e-04
26	RESET	-1.501350e+00	-1.501940e-04
26	RESET	-1.451310e+00	-1.373720e-04
26	RESET	-1.401260e+00	-1.278800e-04
26	RESET	-1.351260e+00	-1.162550e-04
26	RESET	-1.301180e+00	-1.059680e-04
26	RESET	-1.251160e+00	-9.588540e-05
26	RESET	-1.201110e+00	-8.705530e-05
26	RESET	-1.151110e+00	-7.601130e-05
26	RESET	-1.101040e+00	-6.835370e-05
26	RESET	-1.050970e+00	-6.084300e-05
26	RESET	-1.000970e+00	-5.398140e-05
26	RESET	-9.509110e-01	-4.696890e-05
26	RESET	-9.008720e-01	-4.130360e-05
26	RESET	-8.507970e-01	-3.581780e-05
26	RESET	-8.008080e-01	-3.091490e-05
26	RESET	-7.507370e-01	-2.618160e-05
26	RESET	-7.006940e-01	-2.211260e-05
26	RESET	-6.506290e-01	-1.840060e-05
26	RESET	-6.006450e-01	-1.541220e-05
26	RESET	-5.505970e-01	-1.235050e-05
26	RESET	-5.005380e-01	-1.002800e-05
26	RESET	-4.504820e-01	-7.805260e-06
26	RESET	-4.004850e-01	-6.140940e-06
26	RESET	-3.504100e-01	-4.675200e-06
26	RESET	-3.003560e-01	-3.325450e-06
26	RESET	-2.502980e-01	-2.401530e-06
26	RESET	-2.001660e-01	-1.717570e-06
26	RESET	-1.501280e-01	-1.147770e-06
26	RESET	-1.000850e-01	-7.198270e-07
26	RESET	-5.004220e-02	-3.581900e-07
26	RESET	-2.045630e-05	-3.960130e-11
27	SET	-2.434250e-05	-8.680820e-11
27	SET	4.999840e-02	3.673910e-07
27	SET	1.000620e-01	6.892020e-07
27	SET	1.501010e-01	1.047600e-06
27	SET	2.001330e-01	1.529010e-06
27	SET	2.500360e-01	2.048090e-06
27	SET	3.000660e-01	2.625610e-06
27	SET	3.501320e-01	3.302760e-06
27	SET	4.001420e-01	4.243080e-06
27	SET	4.502040e-01	5.170520e-06
27	SET	5.002280e-01	6.168640e-06
27	SET	5.502820e-01	7.308810e-06
27	SET	6.002870e-01	8.326680e-06
27	SET	6.503750e-01	9.747020e-06
27	SET	7.003710e-01	1.148770e-05
27	SET	7.504600e-01	1.299540e-05
27	SET	8.004890e-01	1.531780e-05
27	SET	8.505450e-01	1.658000e-05
27	SET	9.005700e-01	1.873020e-05
27	SET	9.506450e-01	2.140640e-05
27	SET	1.000670e+00	1.100420e-04
27	SET	1.050720e+00	1.100370e-04
27	SET	1.100730e+00	1.100370e-04
27	SET	1.150790e+00	1.100400e-04
27	SET	1.200840e+00	1.100390e-04
27	SET	1.250850e+00	1.100360e-04
27	SET	1.300880e+00	1.100400e-04
27	SET	1.350950e+00	1.100370e-04
27	SET	1.400960e+00	1.100360e-04
27	SET	1.451010e+00	1.100360e-04
27	SET	1.501020e+00	1.100400e-04
27	SET	1.551090e+00	1.100360e-04
27	SET	1.601110e+00	1.100340e-04
27	SET	1.651140e+00	1.100400e-04
27	SET	1.701170e+00	1.100390e-04
27	SET	1.751230e+00	1.100350e-04
27	SET	1.801240e+00	1.100390e-04
27	SET	1.851300e+00	1.100360e-04
27	SET	1.901330e+00	1.100380e-04
27	SET	1.951360e+00	1.100370e-04
27	SET	2.001400e+00	1.100370e-04
27	SET	2.050260e+00	1.100340e-04
27	SET	2.100160e+00	1.100390e-04
27	SET	2.150330e+00	1.100400e-04
27	SET	2.200490e+00	1.100390e-04
27	SET	2.250480e+00	1.100370e-04
27	SET	2.300360e+00	1.100420e-04
27	SET	2.350670e+00	1.100380e-04
27	SET	2.400540e+00	1.100380e-04
27	SET	2.450400e+00	1.100430e-04
27	SET	2.500690e+00	1.100370e-04
27	SET	2.550840e+00	1.100390e-04
27	SET	2.600510e+00	1.100380e-04
27	SET	2.650630e+00	1.100370e-04
27	SET	2.700860e+00	1.100360e-04
27	SET	2.750790e+00	1.100380e-04
27	SET	2.800740e+00	1.100380e-04
27	SET	2.850990e+00	1.100420e-04
27	SET	2.901110e+00	1.100430e-04
27	SET	2.951230e+00	1.100410e-04
27	SET	3.001030e+00	1.100380e-04
27	SET	3.001030e+00	1.100380e-04
27	SET	2.951110e+00	1.100380e-04
27	SET	2.901200e+00	1.100400e-04
27	SET	2.851200e+00	1.100420e-04
27	SET	2.800810e+00	1.100390e-04
27	SET	2.750700e+00	1.100390e-04
27	SET	2.700870e+00	1.100370e-04
27	SET	2.650690e+00	1.100380e-04
27	SET	2.600740e+00	1.100390e-04
27	SET	2.550940e+00	1.100430e-04
27	SET	2.500800e+00	1.100400e-04
27	SET	2.450570e+00	1.100360e-04
27	SET	2.400640e+00	1.100400e-04
27	SET	2.350790e+00	1.100400e-04
27	SET	2.300560e+00	1.100370e-04
27	SET	2.250370e+00	1.100400e-04
27	SET	2.200660e+00	1.100370e-04
27	SET	2.150570e+00	1.100350e-04
27	SET	2.100190e+00	1.100380e-04
27	SET	2.050180e+00	1.100380e-04
27	SET	2.001400e+00	1.100360e-04
27	SET	1.951370e+00	1.100400e-04
27	SET	1.901310e+00	1.100410e-04
27	SET	1.851280e+00	1.100350e-04
27	SET	1.801240e+00	1.100350e-04
27	SET	1.751210e+00	1.100380e-04
27	SET	1.701170e+00	1.100410e-04
27	SET	1.651130e+00	1.100440e-04
27	SET	1.601110e+00	1.100360e-04
27	SET	1.551080e+00	1.100380e-04
27	SET	1.501020e+00	1.100390e-04
27	SET	1.451030e+00	1.100360e-04
27	SET	1.400970e+00	1.100360e-04
27	SET	1.350950e+00	1.100380e-04
27	SET	1.300890e+00	1.100370e-04
27	SET	1.250870e+00	1.100390e-04
27	SET	1.200820e+00	1.100390e-04
27	SET	1.150780e+00	1.100390e-04
27	SET	1.100730e+00	1.100370e-04
27	SET	1.050720e+00	1.100430e-04
27	SET	1.000660e+00	1.100380e-04
27	SET	9.506380e-01	1.100360e-04
27	SET	9.005780e-01	1.100390e-04
27	SET	8.505580e-01	1.100370e-04
27	SET	8.004970e-01	1.100380e-04
27	SET	7.504680e-01	1.100410e-04
27	SET	7.004010e-01	1.100400e-04
27	SET	6.503760e-01	1.100380e-04
27	SET	6.003150e-01	1.100430e-04
27	SET	5.502950e-01	1.100390e-04
27	SET	5.002470e-01	1.100420e-04
27	SET	4.502250e-01	1.045500e-04
27	SET	4.001460e-01	7.009280e-05
27	SET	3.501090e-01	4.500930e-05
27	SET	3.000610e-01	2.918560e-05
27	SET	2.500550e-01	1.967020e-05
27	SET	2.001380e-01	1.338200e-05
27	SET	1.501000e-01	8.795020e-06
27	SET	1.000600e-01	5.399800e-06
27	SET	5.002520e-02	2.535030e-06
27	SET	-2.658370e-05	2.454400e-10
27	RESET	-2.226830e-05	3.552560e-10
27	RESET	-5.005120e-02	-2.513810e-06
27	RESET	-1.000890e-01	-5.255340e-06
27	RESET	-1.501320e-01	-8.480810e-06
27	RESET	-2.001310e-01	-1.199770e-05
27	RESET	-2.503270e-01	-1.739420e-05
27	RESET	-3.003840e-01	-2.575050e-05
27	RESET	-3.504180e-01	-3.952420e-05
27	RESET	-4.004740e-01	-5.182420e-05
27	RESET	-4.504630e-01	-4.013510e-05
27	RESET	-5.005530e-01	-4.248680e-05
27	RESET	-5.505810e-01	-3.481310e-05
27	RESET	-6.006560e-01	-4.458490e-05
27	RESET	-6.506440e-01	-5.677070e-05
27	RESET	-7.007090e-01	-6.000080e-05
27	RESET	-7.507390e-01	-6.658760e-05
27	RESET	-8.007950e-01	-8.414170e-05
27	RESET	-8.508120e-01	-6.880790e-05
27	RESET	-9.008910e-01	-8.578700e-05
27	RESET	-9.509360e-01	-8.433580e-05
27	RESET	-1.000980e+00	-8.962260e-05
27	RESET	-1.050980e+00	-8.443210e-05
27	RESET	-1.101050e+00	-9.810110e-05
27	RESET	-1.151120e+00	-9.865860e-05
27	RESET	-1.201130e+00	-9.039440e-05
27	RESET	-1.251200e+00	-1.042190e-04
27	RESET	-1.301190e+00	-1.092060e-04
27	RESET	-1.351280e+00	-1.049640e-04
27	RESET	-1.401280e+00	-1.133200e-04
27	RESET	-1.451330e+00	-1.254050e-04
27	RESET	-1.501370e+00	-1.387580e-04
27	RESET	-1.551420e+00	-1.504970e-04
27	RESET	-1.601430e+00	-1.657440e-04
27	RESET	-1.651470e+00	-1.799250e-04
27	RESET	-1.701510e+00	-1.979000e-04
27	RESET	-1.751550e+00	-2.116440e-04
27	RESET	-1.801580e+00	-2.304920e-04
27	RESET	-1.851630e+00	-2.372320e-04
27	RESET	-1.901640e+00	-2.599350e-04
27	RESET	-1.951680e+00	-2.861250e-04
27	RESET	-2.001710e+00	-3.231830e-04
27	RESET	-2.001690e+00	-3.190130e-04
27	RESET	-1.951690e+00	-2.934930e-04
27	RESET	-1.901660e+00	-2.728400e-04
27	RESET	-1.851630e+00	-2.587890e-04
27	RESET	-1.801580e+00	-2.348210e-04
27	RESET	-1.751540e+00	-2.163130e-04
27	RESET	-1.701500e+00	-1.997850e-04
27	RESET	-1.651480e+00	-1.853190e-04
27	RESET	-1.601430e+00	-1.703080e-04
27	RESET	-1.551390e+00	-1.569640e-04
27	RESET	-1.501370e+00	-1.443160e-04
27	RESET	-1.451340e+00	-1.298290e-04
27	RESET	-1.401280e+00	-1.192840e-04
27	RESET	-1.351270e+00	-1.103080e-04
27	RESET	-1.301200e+00	-1.000450e-04
27	RESET	-1.251170e+00	-9.043510e-05
27	RESET	-1.201110e+00	-8.115970e-05
27	RESET	-1.151120e+00	-7.339780e-05
27	RESET	-1.101050e+00	-6.542340e-05
27	RESET	-1.050980e+00	-5.785860e-05
27	RESET	-1.000950e+00	-5.129490e-05
27	RESET	-9.509110e-01	-4.485800e-05
27	RESET	-9.008870e-01	-3.878780e-05
27	RESET	-8.508230e-01	-3.344140e-05
27	RESET	-8.008050e-01	-2.848220e-05
27	RESET	-7.507600e-01	-2.422640e-05
27	RESET	-7.007190e-01	-2.064670e-05
27	RESET	-6.506500e-01	-1.728930e-05
27	RESET	-6.006040e-01	-1.409230e-05
27	RESET	-5.505850e-01	-1.145780e-05
27	RESET	-5.005540e-01	-9.111650e-06
27	RESET	-4.504700e-01	-7.395620e-06
27	RESET	-4.004750e-01	-5.856670e-06
27	RESET	-3.503870e-01	-4.161080e-06
27	RESET	-3.003560e-01	-3.199260e-06
27	RESET	-2.503060e-01	-2.339140e-06
27	RESET	-2.001630e-01	-1.621970e-06
27	RESET	-1.501290e-01	-1.116270e-06
27	RESET	-1.000850e-01	-7.131060e-07
27	RESET	-5.004060e-02	-3.345090e-07
27	RESET	-1.912120e-05	-1.220940e-10
28	SET	-1.399520e-05	1.347420e-10
28	SET	4.999830e-02	3.569780e-07
28	SET	1.000660e-01	6.617910e-07
28	SET	1.501030e-01	1.047500e-06
28	SET	2.001440e-01	1.528160e-06
28	SET	2.500570e-01	2.008740e-06
28	SET	3.000840e-01	2.668860e-06
28	SET	3.501110e-01	3.265450e-06
28	SET	4.001500e-01	4.049390e-06
28	SET	4.502030e-01	4.946610e-06
28	SET	5.002460e-01	5.955510e-06
28	SET	5.502900e-01	7.035590e-06
28	SET	6.003230e-01	8.258000e-06
28	SET	6.503880e-01	9.451250e-06
28	SET	7.003670e-01	1.141850e-05
28	SET	7.504850e-01	1.543770e-05
28	SET	8.004510e-01	6.962230e-05
28	SET	8.505610e-01	1.100370e-04
28	SET	9.005900e-01	1.100420e-04
28	SET	9.506550e-01	1.100370e-04
28	SET	1.000690e+00	1.100380e-04
28	SET	1.050700e+00	1.100420e-04
28	SET	1.100710e+00	1.100340e-04
28	SET	1.150790e+00	1.100370e-04
28	SET	1.200830e+00	1.100390e-04
28	SET	1.250860e+00	1.100350e-04
28	SET	1.300910e+00	1.100360e-04
28	SET	1.350940e+00	1.100350e-04
28	SET	1.400980e+00	1.100350e-04
28	SET	1.451020e+00	1.100390e-04
28	SET	1.501030e+00	1.100360e-04
28	SET	1.551090e+00	1.100330e-04
28	SET	1.601110e+00	1.100370e-04
28	SET	1.651150e+00	1.100350e-04
28	SET	1.701200e+00	1.100380e-04
28	SET	1.751220e+00	1.100390e-04
28	SET	1.801240e+00	1.100380e-04
28	SET	1.851310e+00	1.100370e-04
28	SET	1.901330e+00	1.100340e-04
28	SET	1.951360e+00	1.100390e-04
28	SET	2.001380e+00	1.100370e-04
28	SET	2.050270e+00	1.100340e-04
28	SET	2.100100e+00	1.100370e-04
28	SET	2.150400e+00	1.100360e-04
28	SET	2.200610e+00	1.100370e-04
28	SET	2.250620e+00	1.100380e-04
28	SET	2.300380e+00	1.100370e-04
28	SET	2.350710e+00	1.100370e-04
28	SET	2.400610e+00	1.100360e-04
28	SET	2.450550e+00	1.100370e-04
28	SET	2.500850e+00	1.100380e-04
28	SET	2.551010e+00	1.100420e-04
28	SET	2.600970e+00	1.100360e-04
28	SET	2.650920e+00	1.100380e-04
28	SET	2.701170e+00	1.100370e-04
28	SET	2.750960e+00	1.100380e-04
28	SET	2.800930e+00	1.100390e-04
28	SET	2.851120e+00	1.100380e-04
28	SET	2.901170e+00	1.100380e-04
28	SET	2.951070e+00	1.100340e-04
28	SET	3.001130e+00	1.100370e-04
28	SET	3.001100e+00	1.100340e-04
28	SET	2.951290e+00	1.100370e-04
28	SET	2.901210e+00	1.100420e-04
28	SET	2.851150e+00	1.100390e-04
28	SET	2.800880e+00	1.100380e-04
28	SET	2.750990e+00	1.100370e-04
28	SET	2.701020e+00	1.100390e-04
28	SET	2.650760e+00	1.100320e-04
28	SET	2.600860e+00	1.100350e-04
28	SET	2.551010e+00	1.100340e-04
28	SET	2.500750e+00	1.100390e-04
28	SET	2.450690e+00	1.100370e-04
28	SET	2.400720e+00	1.100370e-04
28	SET	2.350980e+00	1.100360e-04
28	SET	2.300480e+00	1.100360e-04
28	SET	2.250680e+00	1.100370e-04
28	SET	2.200550e+00	1.100380e-04
28	SET	2.150580e+00	1.100390e-04
28	SET	2.100140e+00	1.100390e-04
28	SET	2.050380e+00	1.100390e-04
28	SET	2.001400e+00	1.100420e-04
28	SET	1.951370e+00	1.100360e-04
28	SET	1.901340e+00	1.100380e-04
28	SET	1.851300e+00	1.100380e-04
28	SET	1.801270e+00	1.100340e-04
28	SET	1.751240e+00	1.100370e-04
28	SET	1.701190e+00	1.100360e-04
28	SET	1.651140e+00	1.100360e-04
28	SET	1.601120e+00	1.100330e-04
28	SET	1.551100e+00	1.100360e-04
28	SET	1.501030e+00	1.100380e-04
28	SET	1.451010e+00	1.100340e-04
28	SET	1.400960e+00	1.100330e-04
28	SET	1.350930e+00	1.100390e-04
28	SET	1.300900e+00	1.100390e-04
28	SET	1.250890e+00	1.100300e-04
28	SET	1.200850e+00	1.100340e-04
28	SET	1.150790e+00	1.100380e-04
28	SET	1.100740e+00	1.100360e-04
28	SET	1.050720e+00	1.100390e-04
28	SET	1.000670e+00	1.100380e-04
28	SET	9.506420e-01	1.100380e-04
28	SET	9.005920e-01	1.100380e-04
28	SET	8.505480e-01	1.100330e-04
28	SET	8.005100e-01	1.100360e-04
28	SET	7.504730e-01	1.100400e-04
28	SET	7.004170e-01	1.100340e-04
28	SET	6.503930e-01	1.100390e-04
28	SET	6.003310e-01	1.100400e-04
28	SET	5.502790e-01	1.100380e-04
28	SET	5.002470e-01	1.100380e-04
28	SET	4.502290e-01	9.251810e-05
28	SET	4.001510e-01	6.569620e-05
28	SET	3.501140e-01	4.424280e-05
28	SET	3.000610e-01	3.000280e-05
28	SET	2.500510e-01	2.030080e-05
28	SET	2.001520e-01	1.366140e-05
28	SET	1.501090e-01	8.867310e-06
28	SET	1.000710e-01	5.312010e-06
28	SET	5.003140e-02	2.461650e-06
28	SET	-8.773800e-06	6.244060e-10
28	RESET	-9.202960e-06	1.138620e-09
28	RESET	-5.002930e-02	-2.354040e-06
28	RESET	-1.000720e-01	-4.934370e-06
28	RESET	-1.501150e-01	-7.982320e-06
28	RESET	-2.001210e-01	-1.268210e-05
28	RESET	-2.502970e-01	-1.848990e-05
28	RESET	-3.003650e-01	-2.667830e-05
28	RESET	-3.503830e-01	-3.902970e-05
28	RESET	-4.004670e-01	-5.390980e-05
28	RESET	-4.504630e-01	-6.934920e-05
28	RESET	-5.005330e-01	-9.011210e-05
28	RESET	-5.505550e-01	-8.628930e-05
28	RESET	-6.006280e-01	-9.634180e-05
28	RESET	-6.506460e-01	-1.039890e-04
28	RESET	-7.007000e-01	-1.101560e-04
28	RESET	-7.507480e-01	-8.750930e-05
28	RESET	-8.007780e-01	-8.416660e-05
28	RESET	-8.507950e-01	-8.267250e-05
28	RESET	-9.008760e-01	-9.509130e-05
28	RESET	-9.509120e-01	-9.392890e-05
28	RESET	-1.000950e+00	-6.520670e-05
28	RESET	-1.050970e+00	-7.787130e-05
28	RESET	-1.101030e+00	-8.652110e-05
28	RESET	-1.151120e+00	-1.001810e-04
28	RESET	-1.201110e+00	-9.606000e-05
28	RESET	-1.251180e+00	-9.832450e-05
28	RESET	-1.301200e+00	-1.111760e-04
28	RESET	-1.351260e+00	-1.137410e-04
28	RESET	-1.401260e+00	-1.132690e-04
28	RESET	-1.451340e+00	-1.248680e-04
28	RESET	-1.501360e+00	-1.371910e-04
28	RESET	-1.551420e+00	-1.578900e-04
28	RESET	-1.601440e+00	-1.684470e-04
28	RESET	-1.651490e+00	-1.873540e-04
28	RESET	-1.701510e+00	-2.071170e-04
28	RESET	-1.751550e+00	-2.415330e-04
28	RESET	-1.801540e+00	-2.571170e-04
28	RESET	-1.851630e+00	-2.521500e-04
28	RESET	-1.901660e+00	-2.825180e-04
28	RESET	-1.951670e+00	-3.076450e-04
28	RESET	-2.001700e+00	-3.386810e-04
28	RESET	-2.001710e+00	-3.384770e-04
28	RESET	-1.951690e+00	-3.103790e-04
28	RESET	-1.901650e+00	-2.878640e-04
28	RESET	-1.851620e+00	-2.632430e-04
28	RESET	-1.801560e+00	-2.444500e-04
28	RESET	-1.751530e+00	-2.252600e-04
28	RESET	-1.701520e+00	-2.067890e-04
28	RESET	-1.651460e+00	-1.909580e-04
28	RESET	-1.601420e+00	-1.752130e-04
28	RESET	-1.551400e+00	-1.595680e-04
28	RESET	-1.501370e+00	-1.455920e-04
28	RESET	-1.451320e+00	-1.322210e-04
28	RESET	-1.401280e+00	-1.206620e-04
28	RESET	-1.351260e+00	-1.096700e-04
28	RESET	-1.301190e+00	-1.000050e-04
28	RESET	-1.251160e+00	-9.098310e-05
28	RESET	-1.201120e+00	-8.171520e-05
28	RESET	-1.151100e+00	-7.343730e-05
28	RESET	-1.101040e+00	-6.575330e-05
28	RESET	-1.050990e+00	-5.840780e-05
28	RESET	-1.000960e+00	-5.156300e-05
28	RESET	-9.509080e-01	-4.476810e-05
28	RESET	-9.008770e-01	-3.895840e-05
28	RESET	-8.508260e-01	-3.492300e-05
28	RESET	-8.008000e-01	-2.999550e-05
28	RESET	-7.507290e-01	-2.560010e-05
28	RESET	-7.007170e-01	-2.152400e-05
28	RESET	-6.506320e-01	-1.751560e-05
28	RESET	-6.006460e-01	-1.442600e-05
28	RESET	-5.505810e-01	-1.170690e-05
28	RESET	-5.005510e-01	-9.277950e-06
28	RESET	-4.504800e-01	-7.613570e-06
28	RESET	-4.004770e-01	-5.864670e-06
28	RESET	-3.504050e-01	-4.437320e-06
28	RESET	-3.003690e-01	-3.425580e-06
28	RESET	-2.503300e-01	-2.476150e-06
28	RESET	-2.001670e-01	-1.793120e-06
28	RESET	-1.501260e-01	-1.229360e-06
28	RESET	-1.000780e-01	-7.314140e-07
28	RESET	-5.003730e-02	-3.464010e-07
28	RESET	-2.081390e-05	8.126500e-11
29	SET	-1.776220e-05	-6.568430e-11
29	SET	5.000150e-02	3.643320e-07
29	SET	1.000650e-01	6.686260e-07
29	SET	1.501070e-01	1.086680e-06
29	SET	2.001420e-01	1.488780e-06
29	SET	2.500660e-01	1.980230e-06
29	SET	3.000660e-01	2.663520e-06
29	SET	3.501220e-01	3.382440e-06
29	SET	4.001580e-01	4.252600e-06
29	SET	4.502330e-01	5.288000e-06
29	SET	5.001920e-01	6.156350e-05
29	SET	5.502820e-01	8.314930e-05
29	SET	6.003060e-01	1.068400e-04
29	SET	6.503750e-01	1.100390e-04
29	SET	7.004210e-01	1.100370e-04
29	SET	7.504750e-01	1.100400e-04
29	SET	8.004730e-01	1.100390e-04
29	SET	8.505660e-01	1.100390e-04
29	SET	9.005600e-01	1.100400e-04
29	SET	9.506410e-01	1.100380e-04
29	SET	1.000680e+00	1.100400e-04
29	SET	1.050720e+00	1.100380e-04
29	SET	1.100710e+00	1.100430e-04
29	SET	1.150790e+00	1.100380e-04
29	SET	1.200830e+00	1.100380e-04
29	SET	1.250860e+00	1.100380e-04
29	SET	1.300890e+00	1.100390e-04
29	SET	1.350940e+00	1.100420e-04
29	SET	1.400970e+00	1.100390e-04
29	SET	1.451020e+00	1.100400e-04
29	SET	1.501030e+00	1.100410e-04
29	SET	1.551060e+00	1.100390e-04
29	SET	1.601120e+00	1.100420e-04
29	SET	1.651140e+00	1.100420e-04
29	SET	1.701170e+00	1.100400e-04
29	SET	1.751230e+00	1.100350e-04
29	SET	1.801230e+00	1.100390e-04
29	SET	1.851300e+00	1.100370e-04
29	SET	1.901310e+00	1.100380e-04
29	SET	1.951360e+00	1.100360e-04
29	SET	2.001400e+00	1.100400e-04
29	SET	2.050180e+00	1.100390e-04
29	SET	2.100180e+00	1.100420e-04
29	SET	2.150460e+00	1.100410e-04
29	SET	2.200420e+00	1.100380e-04
29	SET	2.250440e+00	1.100380e-04
29	SET	2.300310e+00	1.100370e-04
29	SET	2.350770e+00	1.100390e-04
29	SET	2.400720e+00	1.100420e-04
29	SET	2.450400e+00	1.100410e-04
29	SET	2.500850e+00	1.100380e-04
29	SET	2.550920e+00	1.100380e-04
29	SET	2.600820e+00	1.100430e-04
29	SET	2.650690e+00	1.100360e-04
29	SET	2.701000e+00	1.100370e-04
29	SET	2.750710e+00	1.100450e-04
29	SET	2.800650e+00	1.100380e-04
29	SET	2.851200e+00	1.100390e-04
29	SET	2.901090e+00	1.100400e-04
29	SET	2.951090e+00	1.100380e-04
29	SET	3.001100e+00	1.100360e-04
29	SET	3.001000e+00	1.100400e-04
29	SET	2.950960e+00	1.100360e-04
29	SET	2.901070e+00	1.100370e-04
29	SET	2.851070e+00	1.100400e-04
29	SET	2.800750e+00	1.100450e-04
29	SET	2.751000e+00	1.100400e-04
29	SET	2.701060e+00	1.100340e-04
29	SET	2.650730e+00	1.100390e-04
29	SET	2.600710e+00	1.100390e-04
29	SET	2.550730e+00	1.100370e-04
29	SET	2.500780e+00	1.100380e-04
29	SET	2.450440e+00	1.100440e-04
29	SET	2.400620e+00	1.100420e-04
29	SET	2.350470e+00	1.100380e-04
29	SET	2.300290e+00	1.100370e-04
29	SET	2.250300e+00	1.100380e-04
29	SET	2.200540e+00	1.100360e-04
29	SET	2.150500e+00	1.100350e-04
29	SET	2.100220e+00	1.100400e-04
29	SET	2.050200e+00	1.100360e-04
29	SET	2.001380e+00	1.100390e-04
29	SET	1.951360e+00	1.100380e-04
29	SET	1.901300e+00	1.100380e-04
29	SET	1.851310e+00	1.100390e-04
29	SET	1.801220e+00	1.100390e-04
29	SET	1.751230e+00	1.100380e-04
29	SET	1.701180e+00	1.100380e-04
29	SET	1.651160e+00	1.100370e-04
29	SET	1.601100e+00	1.100370e-04
29	SET	1.551080e+00	1.100350e-04
29	SET	1.501020e+00	1.100360e-04
29	SET	1.451010e+00	1.100340e-04
29	SET	1.400960e+00	1.100360e-04
29	SET	1.350930e+00	1.100360e-04
29	SET	1.300880e+00	1.100350e-04
29	SET	1.250870e+00	1.100370e-04
29	SET	1.200820e+00	1.100420e-04
29	SET	1.150780e+00	1.100410e-04
29	SET	1.100730e+00	1.100330e-04
29	SET	1.050720e+00	1.100340e-04
29	SET	1.000680e+00	1.100390e-04
29	SET	9.506210e-01	1.100400e-04
29	SET	9.005720e-01	1.100400e-04
29	SET	8.505570e-01	1.100380e-04
29	SET	8.004820e-01	1.100370e-04
29	SET	7.504470e-01	1.100430e-04
29	SET	7.003830e-01	1.100420e-04
29	SET	6.503900e-01	1.100430e-04
29	SET	6.003040e-01	1.100420e-04
29	SET	5.502940e-01	1.100360e-04
29	SET	5.002170e-01	1.100370e-04
29	SET	4.502060e-01	1.000670e-04
29	SET	4.001510e-01	6.767270e-05
29	SET	3.501160e-01	4.383450e-05
29	SET	3.000820e-01	2.890450e-05
29	SET	2.500570e-01	1.965300e-05
29	SET	2.001410e-01	1.338730e-05
29	SET	1.501130e-01	8.854930e-06
29	SET	1.000580e-01	5.367250e-06
29	SET	5.002220e-02	2.510820e-06
29	SET	-2.000330e-05	7.940530e-10
29	RESET	-1.983640e-05	8.130550e-10
29	RESET	-5.003410e-02	-2.454500e-06
29	RESET	-1.000820e-01	-5.133760e-06
29	RESET	-1.501190e-01	-8.364660e-06
29	RESET	-2.001210e-01	-1.350540e-05
29	RESET	-2.503080e-01	-1.964110e-05
29	RESET	-3.003530e-01	-2.858670e-05
29	RESET	-3.504040e-01	-4.364640e-05
29	RESET	-4.004500e-01	-6.673690e-05
29	RESET	-4.504590e-01	-9.757530e-05
29	RESET	-5.005240e-01	-9.858780e-05
29	RESET	-5.505850e-01	-1.179380e-04
29	RESET	-6.006360e-01	-1.342620e-04
29	RESET	-6.506310e-01	-1.230790e-04
29	RESET	-7.006910e-01	-1.201850e-04
29	RESET	-7.507400e-01	-1.277180e-04
29	RESET	-8.007950e-01	-1.063080e-04
29	RESET	-8.508190e-01	-1.128940e-04
29	RESET	-9.008620e-01	-1.017740e-04
29	RESET	-9.509110e-01	-1.154860e-04
29	RESET	-1.000960e+00	-1.071080e-04
29	RESET	-1.050960e+00	-1.109660e-04
29	RESET	-1.101060e+00	-1.144030e-04
29	RESET	-1.151130e+00	-1.190370e-04
29	RESET	-1.201130e+00	-1.174480e-04
29	RESET	-1.251180e+00	-1.138530e-04
29	RESET	-1.301220e+00	-1.241090e-04
29	RESET	-1.351250e+00	-1.350910e-04
29	RESET	-1.401260e+00	-1.271600e-04
29	RESET	-1.451320e+00	-1.385480e-04
29	RESET	-1.501370e+00	-1.738410e-04
29	RESET	-1.551410e+00	-1.881320e-04
29	RESET	-1.601420e+00	-2.017890e-04
29	RESET	-1.651480e+00	-1.826000e-04
29	RESET	-1.701500e+00	-2.023410e-04
29	RESET	-1.751530e+00	-2.064940e-04
29	RESET	-1.801570e+00	-2.266400e-04
29	RESET	-1.851640e+00	-2.471810e-04
29	RESET	-1.901650e+00	-2.659500e-04
29	RESET	-1.951680e+00	-3.045200e-04
29	RESET	-2.001700e+00	-3.274090e-04
29	RESET	-2.001710e+00	-3.222900e-04
29	RESET	-1.951690e+00	-3.001570e-04
29	RESET	-1.901660e+00	-2.894990e-04
29	RESET	-1.851610e+00	-2.652290e-04
29	RESET	-1.801540e+00	-2.473120e-04
29	RESET	-1.751540e+00	-2.305070e-04
29	RESET	-1.701490e+00	-2.128200e-04
29	RESET	-1.651470e+00	-1.962490e-04
29	RESET	-1.601410e+00	-1.778280e-04
29	RESET	-1.551400e+00	-1.646550e-04
29	RESET	-1.501330e+00	-1.506240e-04
29	RESET	-1.451340e+00	-1.366620e-04
29	RESET	-1.401270e+00	-1.249470e-04
29	RESET	-1.351280e+00	-1.138930e-04
29	RESET	-1.301210e+00	-1.042930e-04
29	RESET	-1.251180e+00	-9.375220e-05
29	RESET	-1.201110e+00	-8.410210e-05
29	RESET	-1.151120e+00	-7.508360e-05
29	RESET	-1.101050e+00	-6.755810e-05
29	RESET	-1.050970e+00	-5.940190e-05
29	RESET	-1.000990e+00	-5.285860e-05
29	RESET	-9.508950e-01	-4.608510e-05
29	RESET	-9.008660e-01	-4.006440e-05
29	RESET	-8.508140e-01	-3.478510e-05
29	RESET	-8.008170e-01	-2.968910e-05
29	RESET	-7.507250e-01	-2.543320e-05
29	RESET	-7.007020e-01	-2.152370e-05
29	RESET	-6.506510e-01	-1.803620e-05
29	RESET	-6.006210e-01	-1.509250e-05
29	RESET	-5.505880e-01	-1.258840e-05
29	RESET	-5.005180e-01	-1.021620e-05
29	RESET	-4.504850e-01	-8.003610e-06
29	RESET	-4.004720e-01	-6.409230e-06
29	RESET	-3.503970e-01	-4.705940e-06
29	RESET	-3.003720e-01	-3.519070e-06
29	RESET	-2.503120e-01	-2.674380e-06
29	RESET	-2.001720e-01	-1.859750e-06
29	RESET	-1.501350e-01	-1.293920e-06
29	RESET	-1.000860e-01	-7.637060e-07
29	RESET	-5.004520e-02	-3.701140e-07
29	RESET	-2.729890e-05	9.280440e-11
30	SET	-2.434250e-05	1.941680e-10
30	SET	5.000760e-02	3.712060e-07
30	SET	1.000620e-01	6.814790e-07
30	SET	1.500970e-01	1.140240e-06
30	SET	2.001410e-01	1.657190e-06
30	SET	2.500480e-01	2.259770e-06
30	SET	3.000640e-01	2.942910e-06
30	SET	3.501170e-01	3.572270e-06
30	SET	4.001430e-01	4.138630e-06
30	SET	4.501990e-01	5.067690e-06
30	SET	5.002290e-01	6.108370e-06
30	SET	5.502860e-01	7.124170e-06
30	SET	6.003170e-01	8.248480e-06
30	SET	6.503890e-01	9.628780e-06
30	SET	7.003720e-01	1.096330e-05
30	SET	7.504620e-01	1.261200e-05
30	SET	8.005070e-01	1.443750e-05
30	SET	8.505580e-01	1.614760e-05
30	SET	9.005660e-01	1.864130e-05
30	SET	9.506340e-01	2.119130e-05
30	SET	1.000660e+00	2.433480e-05
30	SET	1.050700e+00	2.636000e-05
30	SET	1.100720e+00	1.100350e-04
30	SET	1.150790e+00	1.100350e-04
30	SET	1.200810e+00	1.100380e-04
30	SET	1.250870e+00	1.100390e-04
30	SET	1.300880e+00	1.100400e-04
30	SET	1.350950e+00	1.100360e-04
30	SET	1.400990e+00	1.100370e-04
30	SET	1.451030e+00	1.100380e-04
30	SET	1.501030e+00	1.100430e-04
30	SET	1.551080e+00	1.100340e-04
30	SET	1.601120e+00	1.100390e-04
30	SET	1.651150e+00	1.100420e-04
30	SET	1.701170e+00	1.100410e-04
30	SET	1.751210e+00	1.100340e-04
30	SET	1.801250e+00	1.100370e-04
30	SET	1.851310e+00	1.100370e-04
30	SET	1.901310e+00	1.100390e-04
30	SET	1.951370e+00	1.100320e-04
30	SET	2.001390e+00	1.100390e-04
30	SET	2.050330e+00	1.100390e-04
30	SET	2.100190e+00	1.100370e-04
30	SET	2.150460e+00	1.100360e-04
30	SET	2.200590e+00	1.100390e-04
30	SET	2.250560e+00	1.100370e-04
30	SET	2.300250e+00	1.100380e-04
30	SET	2.350670e+00	1.100420e-04
30	SET	2.400480e+00	1.100380e-04
30	SET	2.450560e+00	1.100370e-04
30	SET	2.500700e+00	1.100360e-04
30	SET	2.550960e+00	1.100420e-04
30	SET	2.600920e+00	1.100360e-04
30	SET	2.650780e+00	1.100390e-04
30	SET	2.701030e+00	1.100360e-04
30	SET	2.750880e+00	1.100440e-04
30	SET	2.800720e+00	1.100440e-04
30	SET	2.851130e+00	1.100430e-04
30	SET	2.901320e+00	1.100430e-04
30	SET	2.951040e+00	1.100360e-04
30	SET	3.001050e+00	1.100370e-04
30	SET	3.001090e+00	1.100370e-04
30	SET	2.951040e+00	1.100380e-04
30	SET	2.901110e+00	1.100410e-04
30	SET	2.851230e+00	1.100390e-04
30	SET	2.800930e+00	1.100430e-04
30	SET	2.751020e+00	1.100390e-04
30	SET	2.700900e+00	1.100390e-04
30	SET	2.650900e+00	1.100350e-04
30	SET	2.600790e+00	1.100410e-04
30	SET	2.550730e+00	1.100380e-04
30	SET	2.500750e+00	1.100370e-04
30	SET	2.450230e+00	1.100430e-04
30	SET	2.400480e+00	1.100420e-04
30	SET	2.350750e+00	1.100350e-04
30	SET	2.300460e+00	1.100400e-04
30	SET	2.250700e+00	1.100370e-04
30	SET	2.200700e+00	1.100340e-04
30	SET	2.150360e+00	1.100390e-04
30	SET	2.099980e+00	1.100380e-04
30	SET	2.050130e+00	1.100370e-04
30	SET	2.001400e+00	1.100400e-04
30	SET	1.951370e+00	1.100440e-04
30	SET	1.901310e+00	1.100420e-04
30	SET	1.851310e+00	1.100380e-04
30	SET	1.801250e+00	1.100370e-04
30	SET	1.751240e+00	1.100390e-04
30	SET	1.701170e+00	1.100390e-04
30	SET	1.651150e+00	1.100380e-04
30	SET	1.601120e+00	1.100350e-04
30	SET	1.551110e+00	1.100390e-04
30	SET	1.501030e+00	1.100360e-04
30	SET	1.451030e+00	1.100370e-04
30	SET	1.400970e+00	1.100400e-04
30	SET	1.350940e+00	1.100380e-04
30	SET	1.300900e+00	1.100370e-04
30	SET	1.250870e+00	1.100420e-04
30	SET	1.200820e+00	1.100400e-04
30	SET	1.150770e+00	1.100370e-04
30	SET	1.100720e+00	1.100400e-04
30	SET	1.050720e+00	1.100380e-04
30	SET	1.000650e+00	1.100420e-04
30	SET	9.506210e-01	1.100360e-04
30	SET	9.005720e-01	1.100400e-04
30	SET	8.505430e-01	1.100350e-04
30	SET	8.004900e-01	1.100400e-04
30	SET	7.504680e-01	1.100420e-04
30	SET	7.003990e-01	1.100380e-04
30	SET	6.503780e-01	1.100430e-04
30	SET	6.003030e-01	1.100390e-04
30	SET	5.502770e-01	1.100370e-04
30	SET	5.002350e-01	1.100390e-04
30	SET	4.502020e-01	1.100410e-04
30	SET	4.001460e-01	1.100360e-04
30	SET	3.501210e-01	1.100320e-04
30	SET	3.000950e-01	1.100390e-04
30	SET	2.500570e-01	1.100410e-04
30	SET	2.001430e-01	1.100420e-04
30	SET	1.501040e-01	9.641320e-05
30	SET	1.000690e-01	5.944660e-05
30	SET	5.003160e-02	2.826900e-05
30	SET	-1.974110e-05	4.681070e-09
30	RESET	-2.272130e-05	8.829410e-09
30	RESET	-4.998760e-02	-2.794970e-05
30	RESET	-1.000830e-01	-5.855920e-05
30	RESET	-1.501230e-01	-9.415390e-05
30	RESET	-2.001650e-01	-1.365980e-04
30	RESET	-2.503180e-01	-1.872930e-04
30	RESET	-3.003790e-01	-2.421080e-04
30	RESET	-3.503950e-01	-3.015760e-04
30	RESET	-4.004860e-01	-3.615100e-04
30	RESET	-4.504690e-01	-4.206650e-04
30	RESET	-5.005270e-01	-4.710700e-04
30	RESET	-5.505700e-01	-5.037210e-04
30	RESET	-6.006330e-01	-3.977100e-04
30	RESET	-6.506180e-01	-3.641210e-04
30	RESET	-7.007240e-01	-2.356590e-04
30	RESET	-7.507340e-01	-2.261260e-04
30	RESET	-8.008220e-01	-2.393580e-04
30	RESET	-8.508090e-01	-2.063010e-04
30	RESET	-9.008710e-01	-2.200460e-04
30	RESET	-9.509050e-01	-2.378330e-04
30	RESET	-1.000960e+00	-2.116260e-04
30	RESET	-1.050980e+00	-2.015040e-04
30	RESET	-1.101050e+00	-1.809320e-04
30	RESET	-1.151130e+00	-1.969700e-04
30	RESET	-1.201140e+00	-1.452950e-04
30	RESET	-1.251180e+00	-1.426950e-04
30	RESET	-1.301210e+00	-1.681720e-04
30	RESET	-1.351270e+00	-1.407260e-04
30	RESET	-1.401270e+00	-1.683400e-04
30	RESET	-1.451320e+00	-1.606140e-04
30	RESET	-1.501370e+00	-1.811310e-04
30	RESET	-1.551420e+00	-1.892560e-04
30	RESET	-1.601430e+00	-1.966480e-04
30	RESET	-1.651470e+00	-1.799060e-04
30	RESET	-1.701540e+00	-1.978050e-04
30	RESET	-1.751560e+00	-2.153380e-04
30	RESET	-1.801560e+00	-2.325240e-04
30	RESET	-1.851620e+00	-2.503930e-04
30	RESET	-1.901630e+00	-2.709700e-04
30	RESET	-1.951700e+00	-2.952570e-04
30	RESET	-2.001680e+00	-3.332930e-04
30	RESET	-2.001720e+00	-3.228870e-04
30	RESET	-1.951680e+00	-2.971570e-04
30	RESET	-1.901650e+00	-2.801540e-04
30	RESET	-1.851610e+00	-2.614750e-04
30	RESET	-1.801560e+00	-2.486070e-04
30	RESET	-1.751550e+00	-2.294680e-04
30	RESET	-1.701470e+00	-2.141390e-04
30	RESET	-1.651470e+00	-1.956880e-04
30	RESET	-1.601410e+00	-1.807830e-04
30	RESET	-1.551400e+00	-1.664180e-04
30	RESET	-1.501350e+00	-1.531730e-04
30	RESET	-1.451330e+00	-1.412530e-04
30	RESET	-1.401270e+00	-1.274120e-04
30	RESET	-1.351260e+00	-1.151750e-04
30	RESET	-1.301210e+00	-1.048890e-04
30	RESET	-1.251170e+00	-9.547270e-05
30	RESET	-1.201110e+00	-8.580280e-05
30	RESET	-1.151100e+00	-7.684680e-05
30	RESET	-1.101040e+00	-6.819500e-05
30	RESET	-1.050990e+00	-6.064380e-05
30	RESET	-1.000970e+00	-5.366130e-05
30	RESET	-9.509130e-01	-4.733240e-05
30	RESET	-9.008830e-01	-4.100290e-05
30	RESET	-8.508120e-01	-3.556000e-05
30	RESET	-8.008170e-01	-3.020660e-05
30	RESET	-7.507420e-01	-2.528050e-05
30	RESET	-7.007130e-01	-2.081640e-05
30	RESET	-6.506410e-01	-1.747890e-05
30	RESET	-6.006160e-01	-1.472410e-05
30	RESET	-5.505730e-01	-1.192310e-05
30	RESET	-5.005370e-01	-9.419930e-06
30	RESET	-4.504580e-01	-7.443320e-06
30	RESET	-4.004520e-01	-5.790330e-06
30	RESET	-3.503930e-01	-4.550890e-06
30	RESET	-3.003410e-01	-3.467850e-06
30	RESET	-2.503100e-01	-2.650930e-06
30	RESET	-2.001620e-01	-1.893670e-06
30	RESET	-1.501230e-01	-1.258310e-06
30	RESET	-1.000750e-01	-7.712930e-07
30	RESET	-5.003970e-02	-3.670950e-07
30	RESET	-2.028940e-05	-5.104540e-11
31	SET	-1.957420e-05	-9.762050e-11
31	SET	5.000240e-02	3.975140e-07
31	SET	1.000620e-01	7.622950e-07
31	SET	1.501050e-01	1.234500e-06
31	SET	2.001350e-01	1.758180e-06
31	SET	2.500550e-01	2.313170e-06
31	SET	3.000760e-01	3.055720e-06
31	SET	3.501170e-01	3.932870e-06
31	SET	4.001650e-01	4.674820e-06
31	SET	4.502050e-01	5.792640e-06
31	SET	5.002430e-01	6.846890e-06
31	SET	5.502610e-01	8.480730e-06
31	SET	6.003140e-01	1.100460e-04
31	SET	6.503940e-01	1.086790e-05
31	SET	7.003990e-01	1.100420e-04
31	SET	7.504590e-01	1.100400e-04
31	SET	8.004890e-01	1.100390e-04
31	SET	8.505440e-01	1.100420e-04
31	SET	9.005790e-01	1.100430e-04
31	SET	9.506270e-01	1.100410e-04
31	SET	1.000670e+00	1.100390e-04
31	SET	1.050710e+00	1.100400e-04
31	SET	1.100750e+00	1.100420e-04
31	SET	1.150790e+00	1.100400e-04
31	SET	1.200820e+00	1.100410e-04
31	SET	1.250870e+00	1.100380e-04
31	SET	1.300870e+00	1.100370e-04
31	SET	1.350930e+00	1.100340e-04
31	SET	1.400970e+00	1.100370e-04
31	SET	1.451010e+00	1.100370e-04
31	SET	1.501010e+00	1.100380e-04
31	SET	1.551090e+00	1.100390e-04
31	SET	1.601120e+00	1.100390e-04
31	SET	1.651160e+00	1.100370e-04
31	SET	1.701180e+00	1.100390e-04
31	SET	1.751230e+00	1.100370e-04
31	SET	1.801240e+00	1.100380e-04
31	SET	1.851290e+00	1.100400e-04
31	SET	1.901320e+00	1.100430e-04
31	SET	1.951370e+00	1.100380e-04
31	SET	2.001390e+00	1.100370e-04
31	SET	2.050290e+00	1.100350e-04
31	SET	2.100240e+00	1.100390e-04
31	SET	2.150520e+00	1.100440e-04
31	SET	2.200610e+00	1.100420e-04
31	SET	2.250390e+00	1.100400e-04
31	SET	2.300400e+00	1.100380e-04
31	SET	2.350720e+00	1.100420e-04
31	SET	2.400620e+00	1.100410e-04
31	SET	2.450380e+00	1.100390e-04
31	SET	2.500790e+00	1.100430e-04
31	SET	2.550710e+00	1.100430e-04
31	SET	2.600900e+00	1.100400e-04
31	SET	2.650620e+00	1.100410e-04
31	SET	2.700980e+00	1.100390e-04
31	SET	2.751000e+00	1.100430e-04
31	SET	2.800800e+00	1.100430e-04
31	SET	2.851100e+00	1.100430e-04
31	SET	2.901130e+00	1.100450e-04
31	SET	2.951240e+00	1.100400e-04
31	SET	3.001120e+00	1.100350e-04
31	SET	3.001140e+00	1.100390e-04
31	SET	2.951060e+00	1.100370e-04
31	SET	2.901160e+00	1.100390e-04
31	SET	2.851000e+00	1.100430e-04
31	SET	2.800860e+00	1.100380e-04
31	SET	2.750770e+00	1.100430e-04
31	SET	2.700890e+00	1.100390e-04
31	SET	2.650860e+00	1.100370e-04
31	SET	2.600790e+00	1.100410e-04
31	SET	2.550870e+00	1.100420e-04
31	SET	2.500820e+00	1.100430e-04
31	SET	2.450450e+00	1.100400e-04
31	SET	2.400670e+00	1.100430e-04
31	SET	2.350670e+00	1.100400e-04
31	SET	2.300500e+00	1.100380e-04
31	SET	2.250480e+00	1.100400e-04
31	SET	2.200650e+00	1.100390e-04
31	SET	2.150640e+00	1.100430e-04
31	SET	2.100130e+00	1.100410e-04
31	SET	2.050260e+00	1.100390e-04
31	SET	2.001390e+00	1.100420e-04
31	SET	1.951360e+00	1.100390e-04
31	SET	1.901330e+00	1.100370e-04
31	SET	1.851310e+00	1.100350e-04
31	SET	1.801270e+00	1.100380e-04
31	SET	1.751220e+00	1.100380e-04
31	SET	1.701170e+00	1.100370e-04
31	SET	1.651160e+00	1.100390e-04
31	SET	1.601110e+00	1.100340e-04
31	SET	1.551090e+00	1.100360e-04
31	SET	1.501040e+00	1.100440e-04
31	SET	1.451030e+00	1.100380e-04
31	SET	1.400970e+00	1.100390e-04
31	SET	1.350950e+00	1.100390e-04
31	SET	1.300880e+00	1.100330e-04
31	SET	1.250900e+00	1.100360e-04
31	SET	1.200820e+00	1.100340e-04
31	SET	1.150790e+00	1.100370e-04
31	SET	1.100750e+00	1.100380e-04
31	SET	1.050740e+00	1.100370e-04
31	SET	1.000660e+00	1.100420e-04
31	SET	9.506490e-01	1.100340e-04
31	SET	9.005820e-01	1.100340e-04
31	SET	8.505580e-01	1.100390e-04
31	SET	8.004810e-01	1.100420e-04
31	SET	7.504490e-01	1.100450e-04
31	SET	7.004270e-01	1.100410e-04
31	SET	6.503760e-01	1.100390e-04
31	SET	6.003250e-01	1.100390e-04
31	SET	5.502910e-01	1.100400e-04
31	SET	5.002340e-01	1.100420e-04
31	SET	4.502130e-01	1.100410e-04
31	SET	4.001550e-01	9.709460e-05
31	SET	3.501200e-01	7.165120e-05
31	SET	3.000560e-01	5.007710e-05
31	SET	2.500680e-01	3.311930e-05
31	SET	2.001420e-01	2.102940e-05
31	SET	1.501070e-01	1.296920e-05
31	SET	1.000770e-01	7.450410e-06
31	SET	5.002530e-02	3.376310e-06
31	SET	-1.668930e-05	1.016840e-09
31	RESET	-1.640320e-05	1.852500e-09
31	RESET	-5.003310e-02	-3.324030e-06
31	RESET	-1.000730e-01	-7.251810e-06
31	RESET	-1.500820e-01	-1.361010e-05
31	RESET	-2.001580e-01	-2.149530e-05
31	RESET	-2.503050e-01	-3.289060e-05
31	RESET	-3.003580e-01	-4.953880e-05
31	RESET	-3.504020e-01	-6.810290e-05
31	RESET	-4.004640e-01	-8.961950e-05
31	RESET	-4.504610e-01	-8.551130e-05
31	RESET	-5.005280e-01	-4.912990e-05
31	RESET	-5.505650e-01	-5.483830e-05
31	RESET	-6.006510e-01	-6.000780e-05
31	RESET	-6.506480e-01	-5.089870e-05
31	RESET	-7.006890e-01	-5.527510e-05
31	RESET	-7.507480e-01	-5.869360e-05
31	RESET	-8.008080e-01	-4.860600e-05
31	RESET	-8.508210e-01	-5.320930e-05
31	RESET	-9.008790e-01	-6.046590e-05
31	RESET	-9.508930e-01	-5.609860e-05
31	RESET	-1.000940e+00	-5.784610e-05
31	RESET	-1.050990e+00	-6.349600e-05
31	RESET	-1.101040e+00	-6.576280e-05
31	RESET	-1.151120e+00	-7.350590e-05
31	RESET	-1.201120e+00	-7.969910e-05
31	RESET	-1.251150e+00	-8.343710e-05
31	RESET	-1.301200e+00	-9.380570e-05
31	RESET	-1.351260e+00	-9.997950e-05
31	RESET	-1.401280e+00	-1.118500e-04
31	RESET	-1.451320e+00	-1.211810e-04
31	RESET	-1.501360e+00	-1.333900e-04
31	RESET	-1.551400e+00	-1.458340e-04
31	RESET	-1.601410e+00	-1.571360e-04
31	RESET	-1.651490e+00	-1.740220e-04
31	RESET	-1.701510e+00	-1.896170e-04
31	RESET	-1.751540e+00	-2.027930e-04
31	RESET	-1.801540e+00	-2.271890e-04
31	RESET	-1.851630e+00	-2.453020e-04
31	RESET	-1.901660e+00	-2.748170e-04
31	RESET	-1.951660e+00	-3.046870e-04
31	RESET	-2.001700e+00	-3.384600e-04
31	RESET	-2.001690e+00	-3.431280e-04
31	RESET	-1.951700e+00	-3.169400e-04
31	RESET	-1.901650e+00	-2.849440e-04
31	RESET	-1.851620e+00	-2.734360e-04
31	RESET	-1.801560e+00	-2.459120e-04
31	RESET	-1.751550e+00	-2.277190e-04
31	RESET	-1.701510e+00	-2.132610e-04
31	RESET	-1.651460e+00	-1.965630e-04
31	RESET	-1.601400e+00	-1.811910e-04
31	RESET	-1.551410e+00	-1.668540e-04
31	RESET	-1.501360e+00	-1.537470e-04
31	RESET	-1.451320e+00	-1.396430e-04
31	RESET	-1.401250e+00	-1.286390e-04
31	RESET	-1.351260e+00	-1.159040e-04
31	RESET	-1.301180e+00	-1.054560e-04
31	RESET	-1.251180e+00	-9.584700e-05
31	RESET	-1.201110e+00	-8.689210e-05
31	RESET	-1.151100e+00	-7.750200e-05
31	RESET	-1.101040e+00	-6.826750e-05
31	RESET	-1.050990e+00	-6.098650e-05
31	RESET	-1.000960e+00	-5.449360e-05
31	RESET	-9.509270e-01	-4.760100e-05
31	RESET	-9.008610e-01	-4.139010e-05
31	RESET	-8.508220e-01	-3.647710e-05
31	RESET	-8.008020e-01	-3.149710e-05
31	RESET	-7.507330e-01	-2.708120e-05
31	RESET	-7.007080e-01	-2.258560e-05
31	RESET	-6.506460e-01	-1.886840e-05
31	RESET	-6.006390e-01	-1.571360e-05
31	RESET	-5.505510e-01	-1.295360e-05
31	RESET	-5.005280e-01	-1.047790e-05
31	RESET	-4.504800e-01	-8.538060e-06
31	RESET	-4.004630e-01	-6.835130e-06
31	RESET	-3.504160e-01	-5.288440e-06
31	RESET	-3.003750e-01	-3.935820e-06
31	RESET	-2.503270e-01	-2.974300e-06
31	RESET	-2.001600e-01	-2.071470e-06
31	RESET	-1.501300e-01	-1.352460e-06
31	RESET	-1.000710e-01	-8.291630e-07
31	RESET	-5.003440e-02	-3.888870e-07
31	RESET	-1.883510e-05	-2.645250e-11
32	SET	-1.173020e-05	8.075240e-11
32	SET	5.001380e-02	3.986300e-07
32	SET	1.000700e-01	7.507640e-07
32	SET	1.501070e-01	1.209640e-06
32	SET	2.001400e-01	1.682320e-06
32	SET	2.500500e-01	2.283270e-06
32	SET	3.000770e-01	2.973030e-06
32	SET	3.501420e-01	3.706530e-06
32	SET	4.001550e-01	4.636870e-06
32	SET	4.502330e-01	5.488940e-06
32	SET	5.002620e-01	6.646360e-06
32	SET	5.502940e-01	7.988070e-06
32	SET	6.003150e-01	1.100420e-04
32	SET	6.503980e-01	1.100380e-04
32	SET	7.004180e-01	1.100380e-04
32	SET	7.504790e-01	1.100390e-04
32	SET	8.004970e-01	1.100410e-04
32	SET	8.505600e-01	1.100390e-04
32	SET	9.005860e-01	1.100380e-04
32	SET	9.506500e-01	1.100360e-04
32	SET	1.000670e+00	1.100340e-04
32	SET	1.050700e+00	1.100370e-04
32	SET	1.100740e+00	1.100400e-04
32	SET	1.150810e+00	1.100380e-04
32	SET	1.200850e+00	1.100380e-04
32	SET	1.250880e+00	1.100380e-04
32	SET	1.300900e+00	1.100370e-04
32	SET	1.350960e+00	1.100420e-04
32	SET	1.400970e+00	1.100390e-04
32	SET	1.451040e+00	1.100360e-04
32	SET	1.501040e+00	1.100380e-04
32	SET	1.551070e+00	1.100390e-04
32	SET	1.601120e+00	1.100420e-04
32	SET	1.651150e+00	1.100370e-04
32	SET	1.701170e+00	1.100390e-04
32	SET	1.751260e+00	1.100390e-04
32	SET	1.801250e+00	1.100360e-04
32	SET	1.851300e+00	1.100350e-04
32	SET	1.901320e+00	1.100350e-04
32	SET	1.951370e+00	1.100410e-04
32	SET	2.001390e+00	1.100360e-04
32	SET	2.050290e+00	1.100390e-04
32	SET	2.100280e+00	1.100410e-04
32	SET	2.150560e+00	1.100410e-04
32	SET	2.200670e+00	1.100430e-04
32	SET	2.250550e+00	1.100360e-04
32	SET	2.300560e+00	1.100360e-04
32	SET	2.350860e+00	1.100440e-04
32	SET	2.400730e+00	1.100400e-04
32	SET	2.450510e+00	1.100380e-04
32	SET	2.500950e+00	1.100400e-04
32	SET	2.550990e+00	1.100350e-04
32	SET	2.600690e+00	1.100340e-04
32	SET	2.650890e+00	1.100360e-04
32	SET	2.701020e+00	1.100380e-04
32	SET	2.750810e+00	1.100360e-04
32	SET	2.800880e+00	1.100450e-04
32	SET	2.851010e+00	1.100400e-04
32	SET	2.901140e+00	1.100380e-04
32	SET	2.951110e+00	1.100370e-04
32	SET	3.001290e+00	1.100340e-04
32	SET	3.001220e+00	1.100360e-04
32	SET	2.951080e+00	1.100330e-04
32	SET	2.901140e+00	1.100400e-04
32	SET	2.851020e+00	1.100390e-04
32	SET	2.800940e+00	1.100390e-04
32	SET	2.750940e+00	1.100450e-04
32	SET	2.701020e+00	1.100330e-04
32	SET	2.650670e+00	1.100380e-04
32	SET	2.600830e+00	1.100370e-04
32	SET	2.550770e+00	1.100400e-04
32	SET	2.500750e+00	1.100420e-04
32	SET	2.450510e+00	1.100390e-04
32	SET	2.400550e+00	1.100430e-04
32	SET	2.350800e+00	1.100370e-04
32	SET	2.300370e+00	1.100390e-04
32	SET	2.250650e+00	1.100340e-04
32	SET	2.200580e+00	1.100330e-04
32	SET	2.150630e+00	1.100390e-04
32	SET	2.100260e+00	1.100340e-04
32	SET	2.050290e+00	1.100350e-04
32	SET	2.001410e+00	1.100390e-04
32	SET	1.951380e+00	1.100340e-04
32	SET	1.901300e+00	1.100340e-04
32	SET	1.851290e+00	1.100370e-04
32	SET	1.801240e+00	1.100390e-04
32	SET	1.751230e+00	1.100320e-04
32	SET	1.701180e+00	1.100330e-04
32	SET	1.651140e+00	1.100360e-04
32	SET	1.601120e+00	1.100370e-04
32	SET	1.551100e+00	1.100380e-04
32	SET	1.501030e+00	1.100410e-04
32	SET	1.451010e+00	1.100410e-04
32	SET	1.400980e+00	1.100370e-04
32	SET	1.350940e+00	1.100340e-04
32	SET	1.300880e+00	1.100360e-04
32	SET	1.250880e+00	1.100370e-04
32	SET	1.200820e+00	1.100380e-04
32	SET	1.150790e+00	1.100370e-04
32	SET	1.100730e+00	1.100400e-04
32	SET	1.050720e+00	1.100360e-04
32	SET	1.000650e+00	1.100340e-04
32	SET	9.506400e-01	1.100330e-04
32	SET	9.005780e-01	1.100340e-04
32	SET	8.505690e-01	1.100390e-04
32	SET	8.004840e-01	1.100380e-04
32	SET	7.504680e-01	1.100420e-04
32	SET	7.004040e-01	1.100370e-04
32	SET	6.503990e-01	1.100370e-04
32	SET	6.003180e-01	1.100360e-04
32	SET	5.502820e-01	1.100370e-04
32	SET	5.002520e-01	1.100390e-04
32	SET	4.502240e-01	1.100390e-04
32	SET	4.001410e-01	1.100360e-04
32	SET	3.501430e-01	1.100320e-04
32	SET	3.000650e-01	1.100390e-04
32	SET	2.500630e-01	1.100350e-04
32	SET	2.001410e-01	1.100390e-04
32	SET	1.501010e-01	1.100380e-04
32	SET	1.000650e-01	1.050450e-04
32	SET	5.002460e-02	5.032810e-05
32	SET	-2.279280e-05	1.915530e-09
32	RESET	-2.064700e-05	2.411700e-08
32	RESET	-4.998610e-02	-4.903460e-05
32	RESET	-1.000720e-01	-1.012970e-04
32	RESET	-1.501250e-01	-1.625400e-04
32	RESET	-2.001610e-01	-2.492200e-04
32	RESET	-2.503190e-01	-3.244070e-04
32	RESET	-3.003610e-01	-4.046530e-04
32	RESET	-3.503960e-01	-4.966370e-04
32	RESET	-4.004840e-01	-5.743770e-04
32	RESET	-4.504590e-01	-6.565370e-04
32	RESET	-5.005230e-01	-7.484250e-04
32	RESET	-5.505740e-01	-9.155050e-04
32	RESET	-6.005730e-01	-1.165120e-03
32	RESET	-6.506240e-01	-1.139810e-03
32	RESET	-7.006870e-01	-1.205460e-03
32	RESET	-7.509080e-01	-9.585990e-04
32	RESET	-8.008140e-01	-5.138390e-04
32	RESET	-8.508040e-01	-3.992250e-04
32	RESET	-9.008780e-01	-3.952090e-04
32	RESET	-9.509320e-01	-3.736160e-04
32	RESET	-1.000960e+00	-3.144080e-04
32	RESET	-1.050980e+00	-3.644970e-04
32	RESET	-1.101060e+00	-3.420570e-04
32	RESET	-1.151110e+00	-3.740070e-04
32	RESET	-1.201110e+00	-2.867870e-04
32	RESET	-1.251190e+00	-2.860700e-04
32	RESET	-1.301200e+00	-2.422400e-04
32	RESET	-1.351260e+00	-2.600720e-04
32	RESET	-1.401280e+00	-2.577220e-04
32	RESET	-1.451320e+00	-2.956090e-04
32	RESET	-1.501360e+00	-2.533250e-04
32	RESET	-1.551410e+00	-2.548220e-04
32	RESET	-1.601430e+00	-2.725890e-04
32	RESET	-1.651450e+00	-2.456730e-04
32	RESET	-1.701490e+00	-2.668450e-04
32	RESET	-1.751550e+00	-2.855520e-04
32	RESET	-1.801590e+00	-2.852200e-04
32	RESET	-1.851610e+00	-2.379370e-04
32	RESET	-1.901650e+00	-2.610080e-04
32	RESET	-1.951670e+00	-2.987610e-04
32	RESET	-2.001700e+00	-3.219500e-04
32	RESET	-2.001700e+00	-3.239160e-04
32	RESET	-1.951680e+00	-3.034270e-04
32	RESET	-1.901640e+00	-2.801490e-04
32	RESET	-1.851610e+00	-2.579170e-04
32	RESET	-1.801550e+00	-2.386110e-04
32	RESET	-1.751540e+00	-2.238740e-04
32	RESET	-1.701480e+00	-2.035790e-04
32	RESET	-1.651500e+00	-1.855840e-04
32	RESET	-1.601410e+00	-1.710710e-04
32	RESET	-1.551420e+00	-1.578100e-04
32	RESET	-1.501360e+00	-1.444090e-04
32	RESET	-1.451340e+00	-1.306170e-04
32	RESET	-1.401280e+00	-1.183850e-04
32	RESET	-1.351250e+00	-1.086070e-04
32	RESET	-1.301200e+00	-9.869900e-05
32	RESET	-1.251190e+00	-8.881930e-05
32	RESET	-1.201120e+00	-7.940940e-05
32	RESET	-1.151110e+00	-7.189700e-05
32	RESET	-1.101060e+00	-6.321420e-05
32	RESET	-1.050990e+00	-5.504270e-05
32	RESET	-1.000970e+00	-4.854990e-05
32	RESET	-9.509180e-01	-4.239710e-05
32	RESET	-9.008710e-01	-3.630680e-05
32	RESET	-8.508170e-01	-3.126980e-05
32	RESET	-8.008080e-01	-2.647480e-05
32	RESET	-7.507520e-01	-2.229110e-05
32	RESET	-7.007100e-01	-1.871100e-05
32	RESET	-6.506350e-01	-1.572480e-05
32	RESET	-6.006300e-01	-1.244910e-05
32	RESET	-5.505730e-01	-1.006280e-05
32	RESET	-5.005460e-01	-7.989960e-06
32	RESET	-4.504620e-01	-6.297290e-06
32	RESET	-4.004840e-01	-4.766960e-06
32	RESET	-3.504020e-01	-3.752250e-06
32	RESET	-3.003800e-01	-2.787180e-06
32	RESET	-2.503180e-01	-2.083560e-06
32	RESET	-2.001690e-01	-1.507030e-06
32	RESET	-1.501320e-01	-1.016620e-06
32	RESET	-1.000760e-01	-6.211200e-07
32	RESET	-5.003790e-02	-2.964320e-07
32	RESET	-2.846720e-05	3.169780e-11
33	SET	-2.470020e-05	1.206400e-11
33	SET	4.999510e-02	3.329570e-07
33	SET	1.000610e-01	6.075870e-07
33	SET	1.501010e-01	9.768070e-07
33	SET	2.001360e-01	1.412780e-06
33	SET	2.500610e-01	1.878100e-06
33	SET	3.000860e-01	2.359920e-06
33	SET	3.501090e-01	2.992800e-06
33	SET	4.001580e-01	3.651470e-06
33	SET	4.502010e-01	4.476070e-06
33	SET	5.002420e-01	5.514380e-06
33	SET	5.502830e-01	6.588640e-06
33	SET	6.003170e-01	7.711420e-06
33	SET	6.503900e-01	8.873570e-06
33	SET	7.003710e-01	1.026000e-05
33	SET	7.504630e-01	1.212830e-05
33	SET	8.004920e-01	1.387560e-05
33	SET	8.505640e-01	1.549400e-05
33	SET	9.005620e-01	1.835940e-05
33	SET	9.506300e-01	4.668540e-05
33	SET	1.000660e+00	1.100410e-04
33	SET	1.050750e+00	1.100400e-04
33	SET	1.100740e+00	1.100420e-04
33	SET	1.150780e+00	1.100420e-04
33	SET	1.200820e+00	1.100370e-04
33	SET	1.250880e+00	1.100400e-04
33	SET	1.300890e+00	1.100370e-04
33	SET	1.350950e+00	1.100410e-04
33	SET	1.400970e+00	1.100370e-04
33	SET	1.451020e+00	1.100380e-04
33	SET	1.501040e+00	1.100420e-04
33	SET	1.551090e+00	1.100350e-04
33	SET	1.601120e+00	1.100380e-04
33	SET	1.651140e+00	1.100420e-04
33	SET	1.701180e+00	1.100390e-04
33	SET	1.751230e+00	1.100370e-04
33	SET	1.801270e+00	1.100360e-04
33	SET	1.851320e+00	1.100410e-04
33	SET	1.901320e+00	1.100390e-04
33	SET	1.951380e+00	1.100390e-04
33	SET	2.001390e+00	1.100360e-04
33	SET	2.050210e+00	1.100350e-04
33	SET	2.100110e+00	1.100400e-04
33	SET	2.150450e+00	1.100410e-04
33	SET	2.200640e+00	1.100350e-04
33	SET	2.250560e+00	1.100380e-04
33	SET	2.300350e+00	1.100400e-04
33	SET	2.350670e+00	1.100380e-04
33	SET	2.400580e+00	1.100350e-04
33	SET	2.450380e+00	1.100400e-04
33	SET	2.500720e+00	1.100410e-04
33	SET	2.550790e+00	1.100410e-04
33	SET	2.600680e+00	1.100380e-04
33	SET	2.650750e+00	1.100430e-04
33	SET	2.701020e+00	1.100350e-04
33	SET	2.750840e+00	1.100390e-04
33	SET	2.800800e+00	1.100430e-04
33	SET	2.850940e+00	1.100400e-04
33	SET	2.901040e+00	1.100390e-04
33	SET	2.950950e+00	1.100390e-04
33	SET	3.001190e+00	1.100340e-04
33	SET	3.001300e+00	1.100350e-04
33	SET	2.950960e+00	1.100390e-04
33	SET	2.901270e+00	1.100420e-04
33	SET	2.851120e+00	1.100420e-04
33	SET	2.800680e+00	1.100440e-04
33	SET	2.750850e+00	1.100410e-04
33	SET	2.701060e+00	1.100410e-04
33	SET	2.650620e+00	1.100410e-04
33	SET	2.600690e+00	1.100390e-04
33	SET	2.550840e+00	1.100420e-04
33	SET	2.500730e+00	1.100410e-04
33	SET	2.450410e+00	1.100410e-04
33	SET	2.400420e+00	1.100370e-04
33	SET	2.350700e+00	1.100370e-04
33	SET	2.300360e+00	1.100380e-04
33	SET	2.250690e+00	1.100370e-04
33	SET	2.200540e+00	1.100360e-04
33	SET	2.150510e+00	1.100380e-04
33	SET	2.100160e+00	1.100390e-04
33	SET	2.050240e+00	1.100360e-04
33	SET	2.001390e+00	1.100430e-04
33	SET	1.951370e+00	1.100370e-04
33	SET	1.901320e+00	1.100390e-04
33	SET	1.851300e+00	1.100400e-04
33	SET	1.801240e+00	1.100390e-04
33	SET	1.751220e+00	1.100380e-04
33	SET	1.701160e+00	1.100350e-04
33	SET	1.651140e+00	1.100370e-04
33	SET	1.601110e+00	1.100390e-04
33	SET	1.551070e+00	1.100420e-04
33	SET	1.501010e+00	1.100380e-04
33	SET	1.451020e+00	1.100360e-04
33	SET	1.400970e+00	1.100370e-04
33	SET	1.350940e+00	1.100390e-04
33	SET	1.300890e+00	1.100370e-04
33	SET	1.250880e+00	1.100390e-04
33	SET	1.200810e+00	1.100400e-04
33	SET	1.150790e+00	1.100360e-04
33	SET	1.100730e+00	1.100430e-04
33	SET	1.050720e+00	1.100380e-04
33	SET	1.000660e+00	1.100360e-04
33	SET	9.506160e-01	1.100360e-04
33	SET	9.005700e-01	1.100400e-04
33	SET	8.505600e-01	1.100370e-04
33	SET	8.004630e-01	1.100360e-04
33	SET	7.504470e-01	1.100410e-04
33	SET	7.003960e-01	1.100410e-04
33	SET	6.503960e-01	1.100420e-04
33	SET	6.003180e-01	1.100390e-04
33	SET	5.502820e-01	1.100390e-04
33	SET	5.002410e-01	1.100370e-04
33	SET	4.502250e-01	1.100430e-04
33	SET	4.001390e-01	1.100390e-04
33	SET	3.501500e-01	1.100310e-04
33	SET	3.000770e-01	1.100380e-04
33	SET	2.500500e-01	1.100390e-04
33	SET	2.001360e-01	8.394090e-05
33	SET	1.500980e-01	5.142820e-05
33	SET	1.000620e-01	2.845100e-05
33	SET	5.001560e-02	1.243050e-05
33	SET	-2.560620e-05	2.812210e-09
33	RESET	-2.586840e-05	5.220190e-09
33	RESET	-5.000400e-02	-1.209040e-05
33	RESET	-1.000910e-01	-2.760890e-05
33	RESET	-1.501340e-01	-4.995190e-05
33	RESET	-2.001720e-01	-8.049510e-05
33	RESET	-2.503120e-01	-1.165380e-04
33	RESET	-3.003580e-01	-1.540120e-04
33	RESET	-3.504000e-01	-1.886040e-04
33	RESET	-4.004590e-01	-2.061220e-04
33	RESET	-4.504730e-01	-2.298790e-04
33	RESET	-5.005460e-01	-2.521060e-04
33	RESET	-5.505780e-01	-1.276660e-04
33	RESET	-6.006410e-01	-1.264840e-04
33	RESET	-6.506470e-01	-1.360080e-04
33	RESET	-7.007260e-01	-1.185290e-04
33	RESET	-7.507420e-01	-1.071340e-04
33	RESET	-8.007980e-01	-1.103100e-04
33	RESET	-8.508360e-01	-1.182270e-04
33	RESET	-9.008770e-01	-1.148020e-04
33	RESET	-9.509170e-01	-1.114650e-04
33	RESET	-1.000960e+00	-1.236640e-04
33	RESET	-1.051000e+00	-1.171150e-04
33	RESET	-1.101050e+00	-1.293960e-04
33	RESET	-1.151120e+00	-1.236150e-04
33	RESET	-1.201130e+00	-1.396240e-04
33	RESET	-1.251180e+00	-1.391530e-04
33	RESET	-1.301220e+00	-1.503110e-04
33	RESET	-1.351280e+00	-1.432170e-04
33	RESET	-1.401270e+00	-1.579160e-04
33	RESET	-1.451330e+00	-1.676650e-04
33	RESET	-1.501370e+00	-1.706180e-04
33	RESET	-1.551400e+00	-1.677280e-04
33	RESET	-1.601410e+00	-1.715070e-04
33	RESET	-1.651500e+00	-1.857510e-04
33	RESET	-1.701490e+00	-1.911620e-04
33	RESET	-1.751540e+00	-2.024150e-04
33	RESET	-1.801570e+00	-2.232620e-04
33	RESET	-1.851640e+00	-2.442110e-04
33	RESET	-1.901640e+00	-2.725120e-04
33	RESET	-1.951690e+00	-2.982310e-04
33	RESET	-2.001700e+00	-3.162440e-04
33	RESET	-2.001700e+00	-3.220060e-04
33	RESET	-1.951670e+00	-2.931640e-04
33	RESET	-1.901660e+00	-2.759570e-04
33	RESET	-1.851630e+00	-2.560720e-04
33	RESET	-1.801550e+00	-2.372260e-04
33	RESET	-1.751570e+00	-2.235250e-04
33	RESET	-1.701520e+00	-2.087410e-04
33	RESET	-1.651470e+00	-1.913650e-04
33	RESET	-1.601440e+00	-1.773660e-04
33	RESET	-1.551400e+00	-1.650220e-04
33	RESET	-1.501360e+00	-1.508910e-04
33	RESET	-1.451350e+00	-1.375210e-04
33	RESET	-1.401270e+00	-1.258710e-04
33	RESET	-1.351280e+00	-1.150830e-04
33	RESET	-1.301200e+00	-1.041640e-04
33	RESET	-1.251170e+00	-9.371850e-05
33	RESET	-1.201120e+00	-8.539990e-05
33	RESET	-1.151110e+00	-7.578360e-05
33	RESET	-1.101040e+00	-6.636650e-05
33	RESET	-1.050970e+00	-5.901720e-05
33	RESET	-1.000970e+00	-5.185340e-05
33	RESET	-9.508980e-01	-4.517740e-05
33	RESET	-9.008790e-01	-3.927320e-05
33	RESET	-8.508180e-01	-3.390060e-05
33	RESET	-8.008130e-01	-2.905460e-05
33	RESET	-7.507450e-01	-2.487380e-05
33	RESET	-7.007240e-01	-2.077720e-05
33	RESET	-6.506540e-01	-1.715700e-05
33	RESET	-6.006280e-01	-1.396210e-05
33	RESET	-5.505840e-01	-1.138150e-05
33	RESET	-5.005260e-01	-9.090360e-06
33	RESET	-4.504770e-01	-7.249670e-06
33	RESET	-4.004720e-01	-5.556150e-06
33	RESET	-3.504250e-01	-4.330830e-06
33	RESET	-3.003580e-01	-3.148890e-06
33	RESET	-2.503230e-01	-2.284290e-06
33	RESET	-2.001630e-01	-1.624340e-06
33	RESET	-1.501240e-01	-1.093800e-06
33	RESET	-1.000850e-01	-6.686860e-07
33	RESET	-5.004040e-02	-3.220020e-07
33	RESET	-1.938340e-05	-8.006100e-11
34	SET	-2.090930e-05	1.816990e-10
34	SET	5.000090e-02	3.365410e-07
34	SET	1.000680e-01	6.257870e-07
34	SET	1.501060e-01	9.947800e-07
34	SET	2.001400e-01	1.455470e-06
34	SET	2.500620e-01	1.905640e-06
34	SET	3.000620e-01	2.487340e-06
34	SET	3.501140e-01	3.193210e-06
34	SET	4.001550e-01	3.985800e-06
34	SET	4.502070e-01	4.973710e-06
34	SET	5.002270e-01	5.906400e-06
34	SET	5.502380e-01	7.472820e-06
34	SET	6.003270e-01	1.100460e-04
34	SET	6.503970e-01	1.100340e-04
34	SET	7.004120e-01	1.100420e-04
34	SET	7.504810e-01	1.100360e-04
34	SET	8.004870e-01	1.100420e-04
34	SET	8.505740e-01	1.100390e-04
34	SET	9.005860e-01	1.100390e-04
34	SET	9.506580e-01	1.100390e-04
34	SET	1.000680e+00	1.100390e-04
34	SET	1.050720e+00	1.100380e-04
34	SET	1.100750e+00	1.100390e-04
34	SET	1.150800e+00	1.100350e-04
34	SET	1.200810e+00	1.100380e-04
34	SET	1.250890e+00	1.100370e-04
34	SET	1.300900e+00	1.100370e-04
34	SET	1.350950e+00	1.100370e-04
34	SET	1.400960e+00	1.100410e-04
34	SET	1.451030e+00	1.100390e-04
34	SET	1.501030e+00	1.100360e-04
34	SET	1.551080e+00	1.100370e-04
34	SET	1.601120e+00	1.100390e-04
34	SET	1.651150e+00	1.100360e-04
34	SET	1.701190e+00	1.100390e-04
34	SET	1.751240e+00	1.100370e-04
34	SET	1.801280e+00	1.100350e-04
34	SET	1.851310e+00	1.100400e-04
34	SET	1.901330e+00	1.100380e-04
34	SET	1.951360e+00	1.100380e-04
34	SET	2.001410e+00	1.100340e-04
34	SET	2.050450e+00	1.100380e-04
34	SET	2.100220e+00	1.100350e-04
34	SET	2.150520e+00	1.100390e-04
34	SET	2.200680e+00	1.100400e-04
34	SET	2.250600e+00	1.100350e-04
34	SET	2.300490e+00	1.100390e-04
34	SET	2.350610e+00	1.100380e-04
34	SET	2.400510e+00	1.100410e-04
34	SET	2.450620e+00	1.100380e-04
34	SET	2.500850e+00	1.100410e-04
34	SET	2.550790e+00	1.100430e-04
34	SET	2.600710e+00	1.100370e-04
34	SET	2.650900e+00	1.100390e-04
34	SET	2.701120e+00	1.100390e-04
34	SET	2.751010e+00	1.100420e-04
34	SET	2.800990e+00	1.100440e-04
34	SET	2.851140e+00	1.100420e-04
34	SET	2.901320e+00	1.100390e-04
34	SET	2.951210e+00	1.100420e-04
34	SET	3.001050e+00	1.100330e-04
34	SET	3.001120e+00	1.100370e-04
34	SET	2.951120e+00	1.100370e-04
34	SET	2.901190e+00	1.100420e-04
34	SET	2.851200e+00	1.100410e-04
34	SET	2.800840e+00	1.100370e-04
34	SET	2.751080e+00	1.100390e-04
34	SET	2.701120e+00	1.100350e-04
34	SET	2.650830e+00	1.100390e-04
34	SET	2.600920e+00	1.100390e-04
34	SET	2.550940e+00	1.100370e-04
34	SET	2.500720e+00	1.100360e-04
34	SET	2.450460e+00	1.100440e-04
34	SET	2.400630e+00	1.100400e-04
34	SET	2.350750e+00	1.100350e-04
34	SET	2.300550e+00	1.100430e-04
34	SET	2.250560e+00	1.100340e-04
34	SET	2.200670e+00	1.100390e-04
34	SET	2.150630e+00	1.100390e-04
34	SET	2.100140e+00	1.100390e-04
34	SET	2.050540e+00	1.100370e-04
34	SET	2.001410e+00	1.100380e-04
34	SET	1.951400e+00	1.100390e-04
34	SET	1.901330e+00	1.100360e-04
34	SET	1.851300e+00	1.100390e-04
34	SET	1.801260e+00	1.100390e-04
34	SET	1.751250e+00	1.100360e-04
34	SET	1.701180e+00	1.100380e-04
34	SET	1.651160e+00	1.100390e-04
34	SET	1.601120e+00	1.100410e-04
34	SET	1.551120e+00	1.100350e-04
34	SET	1.501030e+00	1.100400e-04
34	SET	1.451030e+00	1.100370e-04
34	SET	1.400980e+00	1.100390e-04
34	SET	1.350960e+00	1.100370e-04
34	SET	1.300910e+00	1.100340e-04
34	SET	1.250880e+00	1.100390e-04
34	SET	1.200850e+00	1.100340e-04
34	SET	1.150820e+00	1.100390e-04
34	SET	1.100750e+00	1.100380e-04
34	SET	1.050740e+00	1.100410e-04
34	SET	1.000670e+00	1.100380e-04
34	SET	9.506680e-01	1.100370e-04
34	SET	9.005690e-01	1.100350e-04
34	SET	8.505920e-01	1.100370e-04
34	SET	8.005060e-01	1.100360e-04
34	SET	7.504810e-01	1.100420e-04
34	SET	7.004100e-01	1.100390e-04
34	SET	6.503930e-01	1.100380e-04
34	SET	6.003250e-01	1.100380e-04
34	SET	5.503030e-01	1.100360e-04
34	SET	5.002650e-01	1.100440e-04
34	SET	4.502330e-01	1.100420e-04
34	SET	4.001640e-01	1.100360e-04
34	SET	3.501460e-01	1.100350e-04
34	SET	3.000840e-01	9.983270e-05
34	SET	2.500810e-01	7.068210e-05
34	SET	2.001500e-01	4.689270e-05
34	SET	1.501140e-01	2.960430e-05
34	SET	1.000770e-01	1.736270e-05
34	SET	5.004230e-02	8.009810e-06
34	SET	-9.942050e-06	2.873920e-09
34	RESET	-1.461510e-05	4.178190e-09
34	RESET	-5.002500e-02	-8.008400e-06
34	RESET	-1.000190e-01	-1.703570e-05
34	RESET	-1.501160e-01	-2.926870e-05
34	RESET	-2.001560e-01	-4.498150e-05
34	RESET	-2.503000e-01	-6.437650e-05
34	RESET	-3.003560e-01	-8.742250e-05
34	RESET	-3.503950e-01	-1.086520e-04
34	RESET	-4.004590e-01	-1.258660e-04
34	RESET	-4.504800e-01	-1.306740e-04
34	RESET	-5.005260e-01	-1.278750e-04
34	RESET	-5.505760e-01	-1.314970e-04
34	RESET	-6.006150e-01	-1.145170e-04
34	RESET	-6.506510e-01	-1.042090e-04
34	RESET	-7.006970e-01	-1.077350e-04
34	RESET	-7.507370e-01	-1.025510e-04
34	RESET	-8.007950e-01	-1.042410e-04
34	RESET	-8.508160e-01	-1.052260e-04
34	RESET	-9.008710e-01	-9.821240e-05
34	RESET	-9.509030e-01	-9.168650e-05
34	RESET	-1.000980e+00	-1.052550e-04
34	RESET	-1.050970e+00	-1.050000e-04
34	RESET	-1.101040e+00	-1.081480e-04
34	RESET	-1.151090e+00	-1.169120e-04
34	RESET	-1.201120e+00	-1.230700e-04
34	RESET	-1.251160e+00	-1.295450e-04
34	RESET	-1.301190e+00	-1.382520e-04
34	RESET	-1.351260e+00	-1.384320e-04
34	RESET	-1.401260e+00	-1.523460e-04
34	RESET	-1.451320e+00	-1.497680e-04
34	RESET	-1.501340e+00	-1.674170e-04
34	RESET	-1.551410e+00	-1.735920e-04
34	RESET	-1.601420e+00	-1.909400e-04
34	RESET	-1.651470e+00	-2.011900e-04
34	RESET	-1.701510e+00	-2.113620e-04
34	RESET	-1.751520e+00	-2.336690e-04
34	RESET	-1.801540e+00	-2.458950e-04
34	RESET	-1.851600e+00	-2.644530e-04
34	RESET	-1.901640e+00	-2.873840e-04
34	RESET	-1.951680e+00	-3.191290e-04
34	RESET	-2.001720e+00	-3.482960e-04
34	RESET	-2.001680e+00	-3.448760e-04
34	RESET	-1.951690e+00	-3.147720e-04
34	RESET	-1.901620e+00	-2.939180e-04
34	RESET	-1.851620e+00	-2.671990e-04
34	RESET	-1.801540e+00	-2.455260e-04
34	RESET	-1.751540e+00	-2.295540e-04
34	RESET	-1.701510e+00	-2.087950e-04
34	RESET	-1.651490e+00	-1.928140e-04
34	RESET	-1.601430e+00	-1.777590e-04
34	RESET	-1.551400e+00	-1.666700e-04
34	RESET	-1.501340e+00	-1.490820e-04
34	RESET	-1.451330e+00	-1.368700e-04
34	RESET	-1.401270e+00	-1.251090e-04
34	RESET	-1.351260e+00	-1.166840e-04
34	RESET	-1.301200e+00	-1.046570e-04
34	RESET	-1.251180e+00	-9.557980e-05
34	RESET	-1.201120e+00	-8.558150e-05
34	RESET	-1.151090e+00	-7.675500e-05
34	RESET	-1.101040e+00	-6.877840e-05
34	RESET	-1.050970e+00	-6.016830e-05
34	RESET	-1.000970e+00	-5.284790e-05
34	RESET	-9.509000e-01	-4.661360e-05
34	RESET	-9.008870e-01	-4.018620e-05
34	RESET	-8.508200e-01	-3.478740e-05
34	RESET	-8.008170e-01	-2.982060e-05
34	RESET	-7.507520e-01	-2.508910e-05
34	RESET	-7.007080e-01	-2.129610e-05
34	RESET	-6.506280e-01	-1.772790e-05
34	RESET	-6.006220e-01	-1.430030e-05
34	RESET	-5.505610e-01	-1.164090e-05
34	RESET	-5.005520e-01	-9.281140e-06
34	RESET	-4.504690e-01	-7.572330e-06
34	RESET	-4.004650e-01	-5.716150e-06
34	RESET	-3.504060e-01	-4.438750e-06
34	RESET	-3.003780e-01	-3.252740e-06
34	RESET	-2.503170e-01	-2.436740e-06
34	RESET	-2.001640e-01	-1.810230e-06
34	RESET	-1.501240e-01	-1.179260e-06
34	RESET	-1.000810e-01	-6.849160e-07
34	RESET	-5.003140e-02	-3.195520e-07
34	RESET	-1.370910e-05	1.280900e-10
35	SET	-1.633170e-05	-4.426240e-11
35	SET	5.000940e-02	3.796030e-07
35	SET	1.000730e-01	7.167750e-07
35	SET	1.501100e-01	1.145360e-06
35	SET	2.001410e-01	1.654350e-06
35	SET	2.500700e-01	2.065480e-06
35	SET	3.000750e-01	2.704660e-06
35	SET	3.501410e-01	3.409050e-06
35	SET	4.001810e-01	4.259880e-06
35	SET	4.502350e-01	5.313490e-06
35	SET	5.002240e-01	6.057690e-06
35	SET	5.502750e-01	7.717440e-06
35	SET	6.003280e-01	8.863050e-06
35	SET	6.504010e-01	1.100410e-04
35	SET	7.004000e-01	1.100420e-04
35	SET	7.504820e-01	1.100420e-04
35	SET	8.005020e-01	1.100400e-04
35	SET	8.505540e-01	1.100360e-04
35	SET	9.005740e-01	1.100420e-04
35	SET	9.506370e-01	1.100360e-04
35	SET	1.000670e+00	1.100430e-04
35	SET	1.050710e+00	1.100390e-04
35	SET	1.100740e+00	1.100350e-04
35	SET	1.150790e+00	1.100410e-04
35	SET	1.200820e+00	1.100380e-04
35	SET	1.250880e+00	1.100370e-04
35	SET	1.300900e+00	1.100390e-04
35	SET	1.350960e+00	1.100360e-04
35	SET	1.400990e+00	1.100420e-04
35	SET	1.451030e+00	1.100420e-04
35	SET	1.501040e+00	1.100430e-04
35	SET	1.551100e+00	1.100360e-04
35	SET	1.601110e+00	1.100370e-04
35	SET	1.651180e+00	1.100410e-04
35	SET	1.701180e+00	1.100390e-04
35	SET	1.751240e+00	1.100370e-04
35	SET	1.801250e+00	1.100390e-04
35	SET	1.851310e+00	1.100380e-04
35	SET	1.901330e+00	1.100390e-04
35	SET	1.951370e+00	1.100410e-04
35	SET	2.001390e+00	1.100440e-04
35	SET	2.050280e+00	1.100350e-04
35	SET	2.100270e+00	1.100390e-04
35	SET	2.150570e+00	1.100400e-04
35	SET	2.200580e+00	1.100390e-04
35	SET	2.250730e+00	1.100380e-04
35	SET	2.300530e+00	1.100350e-04
35	SET	2.350850e+00	1.100390e-04
35	SET	2.400570e+00	1.100400e-04
35	SET	2.450570e+00	1.100430e-04
35	SET	2.500860e+00	1.100430e-04
35	SET	2.550880e+00	1.100400e-04
35	SET	2.600810e+00	1.100370e-04
35	SET	2.650690e+00	1.100390e-04
35	SET	2.701150e+00	1.100380e-04
35	SET	2.750870e+00	1.100440e-04
35	SET	2.801100e+00	1.100430e-04
35	SET	2.851020e+00	1.100400e-04
35	SET	2.901270e+00	1.100420e-04
35	SET	2.951250e+00	1.100380e-04
35	SET	3.001160e+00	1.100380e-04
35	SET	3.001330e+00	1.100370e-04
35	SET	2.951190e+00	1.100390e-04
35	SET	2.901130e+00	1.100430e-04
35	SET	2.851120e+00	1.100380e-04
35	SET	2.800900e+00	1.100420e-04
35	SET	2.750820e+00	1.100410e-04
35	SET	2.701050e+00	1.100380e-04
35	SET	2.650950e+00	1.100340e-04
35	SET	2.600940e+00	1.100380e-04
35	SET	2.550980e+00	1.100390e-04
35	SET	2.500880e+00	1.100460e-04
35	SET	2.450400e+00	1.100440e-04
35	SET	2.400680e+00	1.100390e-04
35	SET	2.350740e+00	1.100350e-04
35	SET	2.300370e+00	1.100380e-04
35	SET	2.250620e+00	1.100420e-04
35	SET	2.200540e+00	1.100390e-04
35	SET	2.150570e+00	1.100400e-04
35	SET	2.100250e+00	1.100380e-04
35	SET	2.050400e+00	1.100370e-04
35	SET	2.001410e+00	1.100430e-04
35	SET	1.951380e+00	1.100370e-04
35	SET	1.901340e+00	1.100380e-04
35	SET	1.851330e+00	1.100390e-04
35	SET	1.801270e+00	1.100390e-04
35	SET	1.751240e+00	1.100390e-04
35	SET	1.701190e+00	1.100380e-04
35	SET	1.651180e+00	1.100400e-04
35	SET	1.601120e+00	1.100360e-04
35	SET	1.551090e+00	1.100430e-04
35	SET	1.501040e+00	1.100400e-04
35	SET	1.451030e+00	1.100400e-04
35	SET	1.400990e+00	1.100380e-04
35	SET	1.350960e+00	1.100410e-04
35	SET	1.300900e+00	1.100390e-04
35	SET	1.250890e+00	1.100390e-04
35	SET	1.200850e+00	1.100350e-04
35	SET	1.150790e+00	1.100390e-04
35	SET	1.100740e+00	1.100380e-04
35	SET	1.050740e+00	1.100390e-04
35	SET	1.000670e+00	1.100360e-04
35	SET	9.506290e-01	1.100380e-04
35	SET	9.005920e-01	1.100410e-04
35	SET	8.505710e-01	1.100410e-04
35	SET	8.005100e-01	1.100380e-04
35	SET	7.504750e-01	1.100430e-04
35	SET	7.004090e-01	1.100380e-04
35	SET	6.503940e-01	1.100380e-04
35	SET	6.003150e-01	1.100440e-04
35	SET	5.502810e-01	1.100400e-04
35	SET	5.002430e-01	1.100430e-04
35	SET	4.502340e-01	1.100400e-04
35	SET	4.001410e-01	1.100380e-04
35	SET	3.501640e-01	1.100340e-04
35	SET	3.000580e-01	1.100420e-04
35	SET	2.500650e-01	8.498660e-05
35	SET	2.001520e-01	5.530980e-05
35	SET	1.501100e-01	3.421080e-05
35	SET	1.000690e-01	1.967830e-05
35	SET	5.002180e-02	8.956410e-06
35	SET	-1.254080e-05	3.524660e-09
35	RESET	-1.633170e-05	6.045200e-09
35	RESET	-5.003000e-02	-8.982620e-06
35	RESET	-1.000200e-01	-1.978460e-05
35	RESET	-1.501200e-01	-3.484640e-05
35	RESET	-2.001580e-01	-5.597650e-05
35	RESET	-2.502990e-01	-8.439740e-05
35	RESET	-3.003720e-01	-1.184570e-04
35	RESET	-3.504020e-01	-1.552030e-04
35	RESET	-4.004550e-01	-1.943590e-04
35	RESET	-4.504880e-01	-2.261450e-04
35	RESET	-5.005370e-01	-2.576030e-04
35	RESET	-5.505510e-01	-2.578530e-04
35	RESET	-6.006270e-01	-1.997090e-04
35	RESET	-6.506350e-01	-1.969580e-04
35	RESET	-7.007220e-01	-1.449120e-04
35	RESET	-7.507540e-01	-1.549740e-04
35	RESET	-8.008120e-01	-1.541270e-04
35	RESET	-8.508210e-01	-1.233400e-04
35	RESET	-9.008630e-01	-1.277560e-04
35	RESET	-9.509080e-01	-1.359620e-04
35	RESET	-1.000970e+00	-1.320680e-04
35	RESET	-1.050990e+00	-1.251860e-04
35	RESET	-1.101030e+00	-1.134750e-04
35	RESET	-1.151100e+00	-1.155670e-04
35	RESET	-1.201110e+00	-1.238560e-04
35	RESET	-1.251170e+00	-1.309270e-04
35	RESET	-1.301200e+00	-1.251440e-04
35	RESET	-1.351280e+00	-1.481120e-04
35	RESET	-1.401280e+00	-1.606590e-04
35	RESET	-1.451320e+00	-1.584370e-04
35	RESET	-1.501350e+00	-1.688770e-04
35	RESET	-1.551390e+00	-1.840820e-04
35	RESET	-1.601410e+00	-1.856590e-04
35	RESET	-1.651450e+00	-2.047810e-04
35	RESET	-1.701510e+00	-2.051590e-04
35	RESET	-1.751520e+00	-2.248670e-04
35	RESET	-1.801560e+00	-2.421330e-04
35	RESET	-1.851610e+00	-2.712160e-04
35	RESET	-1.901630e+00	-2.981830e-04
35	RESET	-1.951680e+00	-3.271380e-04
35	RESET	-2.001700e+00	-3.572040e-04
35	RESET	-2.001700e+00	-3.511660e-04
35	RESET	-1.951690e+00	-3.206190e-04
35	RESET	-1.901650e+00	-2.894910e-04
35	RESET	-1.851630e+00	-2.736840e-04
35	RESET	-1.801550e+00	-2.539490e-04
35	RESET	-1.751540e+00	-2.352270e-04
35	RESET	-1.701500e+00	-2.159720e-04
35	RESET	-1.651480e+00	-1.985910e-04
35	RESET	-1.601430e+00	-1.850820e-04
35	RESET	-1.551400e+00	-1.692890e-04
35	RESET	-1.501350e+00	-1.560140e-04
35	RESET	-1.451330e+00	-1.430970e-04
35	RESET	-1.401260e+00	-1.317040e-04
35	RESET	-1.351260e+00	-1.203760e-04
35	RESET	-1.301190e+00	-1.087920e-04
35	RESET	-1.251170e+00	-9.740680e-05
35	RESET	-1.201100e+00	-8.645540e-05
35	RESET	-1.151100e+00	-7.882650e-05
35	RESET	-1.101030e+00	-6.919390e-05
35	RESET	-1.050970e+00	-6.155740e-05
35	RESET	-1.000960e+00	-5.449560e-05
35	RESET	-9.509070e-01	-4.719380e-05
35	RESET	-9.008620e-01	-4.045360e-05
35	RESET	-8.507970e-01	-3.507810e-05
35	RESET	-8.008010e-01	-2.937410e-05
35	RESET	-7.507310e-01	-2.554120e-05
35	RESET	-7.007120e-01	-2.133660e-05
35	RESET	-6.506450e-01	-1.780780e-05
35	RESET	-6.006260e-01	-1.460350e-05
35	RESET	-5.505840e-01	-1.176830e-05
35	RESET	-5.005410e-01	-9.896660e-06
35	RESET	-4.504800e-01	-7.787710e-06
35	RESET	-4.004470e-01	-5.590860e-06
35	RESET	-3.504000e-01	-4.260500e-06
35	RESET	-3.003620e-01	-3.090840e-06
35	RESET	-2.503190e-01	-2.266220e-06
35	RESET	-2.001660e-01	-1.610680e-06
35	RESET	-1.501210e-01	-1.075310e-06
35	RESET	-1.000800e-01	-6.496110e-07
35	RESET	-5.003430e-02	-3.019400e-07
35	RESET	-1.451970e-05	1.651530e-10
36	SET	-1.516340e-05	1.758930e-10
36	SET	5.002690e-02	1.101860e-06
36	SET	1.000660e-01	2.444770e-06
36	SET	1.501070e-01	4.140550e-06
36	SET	2.001330e-01	6.209540e-06
36	SET	2.500650e-01	8.087960e-06
36	SET	3.000360e-01	6.615330e-05
36	SET	3.501340e-01	1.100340e-04
36	SET	4.001550e-01	1.100410e-04
36	SET	4.502310e-01	1.100390e-04
36	SET	5.002450e-01	1.100430e-04
36	SET	5.503020e-01	1.100400e-04
36	SET	6.003100e-01	1.100400e-04
36	SET	6.504030e-01	1.100410e-04
36	SET	7.004260e-01	1.100410e-04
36	SET	7.504860e-01	1.100360e-04
36	SET	8.004970e-01	1.100400e-04
36	SET	8.505690e-01	1.100380e-04
36	SET	9.005640e-01	1.100430e-04
36	SET	9.506350e-01	1.100360e-04
36	SET	1.000660e+00	1.100380e-04
36	SET	1.050730e+00	1.100360e-04
36	SET	1.100730e+00	1.100420e-04
36	SET	1.150800e+00	1.100400e-04
36	SET	1.200830e+00	1.100380e-04
36	SET	1.250880e+00	1.100350e-04
36	SET	1.300920e+00	1.100350e-04
36	SET	1.350950e+00	1.100370e-04
36	SET	1.400980e+00	1.100360e-04
36	SET	1.451030e+00	1.100330e-04
36	SET	1.501030e+00	1.100350e-04
36	SET	1.551120e+00	1.100360e-04
36	SET	1.601100e+00	1.100390e-04
36	SET	1.651140e+00	1.100390e-04
36	SET	1.701170e+00	1.100390e-04
36	SET	1.751250e+00	1.100380e-04
36	SET	1.801260e+00	1.100370e-04
36	SET	1.851310e+00	1.100380e-04
36	SET	1.901320e+00	1.100380e-04
36	SET	1.951360e+00	1.100380e-04
36	SET	2.001390e+00	1.100430e-04
36	SET	2.050160e+00	1.100400e-04
36	SET	2.100170e+00	1.100400e-04
36	SET	2.150450e+00	1.100420e-04
36	SET	2.200520e+00	1.100380e-04
36	SET	2.250310e+00	1.100380e-04
36	SET	2.300510e+00	1.100390e-04
36	SET	2.350740e+00	1.100420e-04
36	SET	2.400720e+00	1.100400e-04
36	SET	2.450440e+00	1.100420e-04
36	SET	2.500750e+00	1.100370e-04
36	SET	2.550890e+00	1.100380e-04
36	SET	2.600820e+00	1.100350e-04
36	SET	2.650820e+00	1.100390e-04
36	SET	2.700980e+00	1.100390e-04
36	SET	2.750910e+00	1.100400e-04
36	SET	2.800880e+00	1.100420e-04
36	SET	2.851150e+00	1.100470e-04
36	SET	2.901150e+00	1.100380e-04
36	SET	2.950990e+00	1.100380e-04
36	SET	3.001070e+00	1.100310e-04
36	SET	3.001120e+00	1.100340e-04
36	SET	2.951040e+00	1.100370e-04
36	SET	2.901180e+00	1.100420e-04
36	SET	2.851230e+00	1.100460e-04
36	SET	2.800960e+00	1.100420e-04
36	SET	2.750950e+00	1.100440e-04
36	SET	2.700970e+00	1.100420e-04
36	SET	2.650850e+00	1.100410e-04
36	SET	2.600730e+00	1.100400e-04
36	SET	2.550940e+00	1.100400e-04
36	SET	2.500660e+00	1.100430e-04
36	SET	2.450430e+00	1.100390e-04
36	SET	2.400520e+00	1.100400e-04
36	SET	2.350770e+00	1.100360e-04
36	SET	2.300430e+00	1.100380e-04
36	SET	2.250560e+00	1.100380e-04
36	SET	2.200680e+00	1.100340e-04
36	SET	2.150450e+00	1.100400e-04
36	SET	2.100190e+00	1.100350e-04
36	SET	2.050260e+00	1.100400e-04
36	SET	2.001380e+00	1.100370e-04
36	SET	1.951380e+00	1.100340e-04
36	SET	1.901320e+00	1.100370e-04
36	SET	1.851300e+00	1.100360e-04
36	SET	1.801260e+00	1.100380e-04
36	SET	1.751220e+00	1.100380e-04
36	SET	1.701170e+00	1.100390e-04
36	SET	1.651150e+00	1.100380e-04
36	SET	1.601110e+00	1.100390e-04
36	SET	1.551100e+00	1.100340e-04
36	SET	1.501020e+00	1.100380e-04
36	SET	1.451020e+00	1.100380e-04
36	SET	1.400990e+00	1.100360e-04
36	SET	1.350950e+00	1.100420e-04
36	SET	1.300890e+00	1.100380e-04
36	SET	1.250870e+00	1.100400e-04
36	SET	1.200800e+00	1.100350e-04
36	SET	1.150790e+00	1.100390e-04
36	SET	1.100730e+00	1.100370e-04
36	SET	1.050720e+00	1.100410e-04
36	SET	1.000680e+00	1.100380e-04
36	SET	9.506550e-01	1.100360e-04
36	SET	9.005810e-01	1.100350e-04
36	SET	8.505680e-01	1.100400e-04
36	SET	8.004770e-01	1.100370e-04
36	SET	7.504450e-01	1.100390e-04
36	SET	7.004140e-01	1.100400e-04
36	SET	6.503730e-01	1.100420e-04
36	SET	6.003110e-01	1.100420e-04
36	SET	5.502900e-01	1.100410e-04
36	SET	5.002290e-01	1.100400e-04
36	SET	4.501970e-01	1.100400e-04
36	SET	4.001500e-01	1.100390e-04
36	SET	3.501540e-01	1.100340e-04
36	SET	3.000690e-01	1.100400e-04
36	SET	2.500360e-01	9.276930e-05
36	SET	2.001330e-01	6.252800e-05
36	SET	1.501010e-01	3.995860e-05
36	SET	1.000600e-01	2.344240e-05
36	SET	5.001680e-02	1.081040e-05
36	SET	-2.577300e-05	6.411910e-10
36	RESET	-2.369880e-05	4.366460e-09
36	RESET	-5.000600e-02	-1.070200e-05
36	RESET	-1.000830e-01	-2.313590e-05
36	RESET	-1.501300e-01	-3.913380e-05
36	RESET	-2.001630e-01	-6.067050e-05
36	RESET	-2.503140e-01	-8.847080e-05
36	RESET	-3.003780e-01	-1.107610e-04
36	RESET	-3.503920e-01	-1.257250e-04
36	RESET	-4.004710e-01	-1.491550e-04
36	RESET	-4.504840e-01	-1.621750e-04
36	RESET	-5.005460e-01	-1.572730e-04
36	RESET	-5.505800e-01	-1.329360e-04
36	RESET	-6.006370e-01	-1.158420e-04
36	RESET	-6.506590e-01	-1.212700e-04
36	RESET	-7.007080e-01	-1.061990e-04
36	RESET	-7.507340e-01	-9.668880e-05
36	RESET	-8.008210e-01	-1.027790e-04
36	RESET	-8.508320e-01	-1.010600e-04
36	RESET	-9.008850e-01	-1.066850e-04
36	RESET	-9.509010e-01	-9.531590e-05
36	RESET	-1.000960e+00	-1.139480e-04
36	RESET	-1.051000e+00	-1.040090e-04
36	RESET	-1.101060e+00	-1.089770e-04
36	RESET	-1.151120e+00	-1.034690e-04
36	RESET	-1.201130e+00	-1.150370e-04
36	RESET	-1.251170e+00	-1.127620e-04
36	RESET	-1.301190e+00	-1.261740e-04
36	RESET	-1.351260e+00	-1.256390e-04
36	RESET	-1.401260e+00	-1.330390e-04
36	RESET	-1.451320e+00	-1.530980e-04
36	RESET	-1.501360e+00	-1.570340e-04
36	RESET	-1.551420e+00	-1.643460e-04
36	RESET	-1.601420e+00	-1.725460e-04
36	RESET	-1.651450e+00	-1.881600e-04
36	RESET	-1.701500e+00	-2.015750e-04
36	RESET	-1.751540e+00	-2.198100e-04
36	RESET	-1.801570e+00	-2.432460e-04
36	RESET	-1.851620e+00	-2.633280e-04
36	RESET	-1.901660e+00	-2.824380e-04
36	RESET	-1.951670e+00	-3.039200e-04
36	RESET	-2.001720e+00	-3.345120e-04
36	RESET	-2.001700e+00	-3.353720e-04
36	RESET	-1.951670e+00	-3.071570e-04
36	RESET	-1.901660e+00	-2.834890e-04
36	RESET	-1.851600e+00	-2.628500e-04
36	RESET	-1.801540e+00	-2.514630e-04
36	RESET	-1.751540e+00	-2.298480e-04
36	RESET	-1.701490e+00	-2.082250e-04
36	RESET	-1.651480e+00	-1.981840e-04
36	RESET	-1.601430e+00	-1.816920e-04
36	RESET	-1.551400e+00	-1.666710e-04
36	RESET	-1.501350e+00	-1.528460e-04
36	RESET	-1.451320e+00	-1.410050e-04
36	RESET	-1.401280e+00	-1.278460e-04
36	RESET	-1.351270e+00	-1.155800e-04
36	RESET	-1.301190e+00	-1.055970e-04
36	RESET	-1.251180e+00	-9.569880e-05
36	RESET	-1.201080e+00	-8.498690e-05
36	RESET	-1.151110e+00	-7.689850e-05
36	RESET	-1.101030e+00	-6.860120e-05
36	RESET	-1.050980e+00	-6.096530e-05
36	RESET	-1.000970e+00	-5.282270e-05
36	RESET	-9.508910e-01	-4.635070e-05
36	RESET	-9.008860e-01	-4.020410e-05
36	RESET	-8.507930e-01	-3.523280e-05
36	RESET	-8.008150e-01	-3.047470e-05
36	RESET	-7.507320e-01	-2.518530e-05
36	RESET	-7.007010e-01	-2.117780e-05
36	RESET	-6.506700e-01	-1.723510e-05
36	RESET	-6.006400e-01	-1.391800e-05
36	RESET	-5.505720e-01	-1.132420e-05
36	RESET	-5.005500e-01	-9.114230e-06
36	RESET	-4.504960e-01	-6.957810e-06
36	RESET	-4.004550e-01	-5.469460e-06
36	RESET	-3.504240e-01	-4.215780e-06
36	RESET	-3.003630e-01	-3.247900e-06
36	RESET	-2.503260e-01	-2.437400e-06
36	RESET	-2.001660e-01	-1.680740e-06
36	RESET	-1.501220e-01	-1.094280e-06
36	RESET	-1.000850e-01	-6.711430e-07
36	RESET	-5.003840e-02	-3.219370e-07
36	RESET	-1.182560e-05	2.217290e-12
37	SET	-1.802440e-05	1.056550e-10
37	SET	5.000570e-02	3.655980e-07
37	SET	1.000720e-01	7.102690e-07
37	SET	1.501100e-01	1.079820e-06
37	SET	2.001430e-01	1.571740e-06
37	SET	2.500610e-01	2.163830e-06
37	SET	3.000930e-01	2.731400e-06
37	SET	3.501290e-01	3.395840e-06
37	SET	4.001710e-01	4.265480e-06
37	SET	4.502270e-01	4.996600e-06
37	SET	5.002520e-01	6.049590e-06
37	SET	5.502780e-01	7.047570e-06
37	SET	6.003310e-01	8.344430e-06
37	SET	6.503490e-01	1.013390e-05
37	SET	7.004080e-01	1.161300e-05
37	SET	7.504590e-01	1.354420e-05
37	SET	8.004840e-01	1.829080e-05
37	SET	8.505480e-01	1.100390e-04
37	SET	9.005550e-01	1.100420e-04
37	SET	9.506680e-01	1.100390e-04
37	SET	1.000670e+00	1.100410e-04
37	SET	1.050730e+00	1.100400e-04
37	SET	1.100720e+00	1.100370e-04
37	SET	1.150790e+00	1.100380e-04
37	SET	1.200810e+00	1.100390e-04
37	SET	1.250900e+00	1.100360e-04
37	SET	1.300920e+00	1.100420e-04
37	SET	1.350950e+00	1.100420e-04
37	SET	1.400970e+00	1.100380e-04
37	SET	1.451030e+00	1.100410e-04
37	SET	1.501030e+00	1.100420e-04
37	SET	1.551110e+00	1.100370e-04
37	SET	1.601130e+00	1.100360e-04
37	SET	1.651150e+00	1.100410e-04
37	SET	1.701190e+00	1.100410e-04
37	SET	1.751210e+00	1.100420e-04
37	SET	1.801240e+00	1.100380e-04
37	SET	1.851310e+00	1.100420e-04
37	SET	1.901330e+00	1.100420e-04
37	SET	1.951360e+00	1.100380e-04
37	SET	2.001400e+00	1.100380e-04
37	SET	2.050160e+00	1.100420e-04
37	SET	2.100220e+00	1.100420e-04
37	SET	2.150410e+00	1.100400e-04
37	SET	2.200590e+00	1.100350e-04
37	SET	2.250510e+00	1.100380e-04
37	SET	2.300380e+00	1.100390e-04
37	SET	2.350740e+00	1.100410e-04
37	SET	2.400690e+00	1.100400e-04
37	SET	2.450360e+00	1.100370e-04
37	SET	2.500890e+00	1.100390e-04
37	SET	2.550810e+00	1.100420e-04
37	SET	2.600830e+00	1.100380e-04
37	SET	2.650740e+00	1.100390e-04
37	SET	2.701020e+00	1.100420e-04
37	SET	2.750950e+00	1.100340e-04
37	SET	2.800810e+00	1.100400e-04
37	SET	2.851150e+00	1.100450e-04
37	SET	2.901250e+00	1.100420e-04
37	SET	2.951020e+00	1.100420e-04
37	SET	3.001100e+00	1.100390e-04
37	SET	3.001200e+00	1.100390e-04
37	SET	2.951120e+00	1.100440e-04
37	SET	2.901070e+00	1.100430e-04
37	SET	2.851040e+00	1.100430e-04
37	SET	2.800930e+00	1.100440e-04
37	SET	2.750830e+00	1.100400e-04
37	SET	2.700920e+00	1.100430e-04
37	SET	2.650730e+00	1.100410e-04
37	SET	2.600790e+00	1.100440e-04
37	SET	2.550890e+00	1.100420e-04
37	SET	2.500840e+00	1.100420e-04
37	SET	2.450760e+00	1.100460e-04
37	SET	2.400660e+00	1.100440e-04
37	SET	2.350770e+00	1.100380e-04
37	SET	2.300300e+00	1.100410e-04
37	SET	2.250600e+00	1.100400e-04
37	SET	2.200550e+00	1.100390e-04
37	SET	2.150500e+00	1.100430e-04
37	SET	2.100160e+00	1.100430e-04
37	SET	2.050300e+00	1.100430e-04
37	SET	2.001380e+00	1.100370e-04
37	SET	1.951370e+00	1.100390e-04
37	SET	1.901330e+00	1.100400e-04
37	SET	1.851290e+00	1.100360e-04
37	SET	1.801270e+00	1.100400e-04
37	SET	1.751260e+00	1.100390e-04
37	SET	1.701160e+00	1.100380e-04
37	SET	1.651150e+00	1.100380e-04
37	SET	1.601110e+00	1.100380e-04
37	SET	1.551100e+00	1.100430e-04
37	SET	1.501040e+00	1.100390e-04
37	SET	1.451040e+00	1.100370e-04
37	SET	1.400970e+00	1.100410e-04
37	SET	1.350940e+00	1.100420e-04
37	SET	1.300900e+00	1.100400e-04
37	SET	1.250880e+00	1.100400e-04
37	SET	1.200810e+00	1.100360e-04
37	SET	1.150790e+00	1.100420e-04
37	SET	1.100740e+00	1.100370e-04
37	SET	1.050730e+00	1.100390e-04
37	SET	1.000690e+00	1.100380e-04
37	SET	9.506330e-01	1.100340e-04
37	SET	9.005790e-01	1.100390e-04
37	SET	8.505810e-01	1.100400e-04
37	SET	8.004850e-01	1.100390e-04
37	SET	7.504730e-01	1.100400e-04
37	SET	7.003990e-01	1.100380e-04
37	SET	6.503880e-01	1.100420e-04
37	SET	6.003150e-01	1.100410e-04
37	SET	5.502830e-01	1.100400e-04
37	SET	5.002490e-01	1.100390e-04
37	SET	4.502270e-01	1.100400e-04
37	SET	4.001410e-01	1.100400e-04
37	SET	3.501530e-01	1.100310e-04
37	SET	3.000880e-01	1.100380e-04
37	SET	2.500610e-01	8.936530e-05
37	SET	2.001480e-01	5.885840e-05
37	SET	1.501010e-01	3.695660e-05
37	SET	1.000660e-01	2.140710e-05
37	SET	5.002020e-02	9.792690e-06
37	SET	-1.614090e-05	2.530340e-09
37	RESET	-2.343650e-05	5.894340e-09
37	RESET	-5.003690e-02	-9.801970e-06
37	RESET	-1.000300e-01	-2.193220e-05
37	RESET	-1.501300e-01	-3.748690e-05
37	RESET	-2.001710e-01	-5.939570e-05
37	RESET	-2.503040e-01	-8.683270e-05
37	RESET	-3.003510e-01	-1.090640e-04
37	RESET	-3.504100e-01	-1.377430e-04
37	RESET	-4.004870e-01	-1.683980e-04
37	RESET	-4.504600e-01	-1.938120e-04
37	RESET	-5.005290e-01	-2.136060e-04
37	RESET	-5.505790e-01	-1.545980e-04
37	RESET	-6.006240e-01	-1.316180e-04
37	RESET	-6.506380e-01	-1.161560e-04
37	RESET	-7.007030e-01	-1.084000e-04
37	RESET	-7.507480e-01	-1.162770e-04
37	RESET	-8.007940e-01	-1.144010e-04
37	RESET	-8.507930e-01	-1.102140e-04
37	RESET	-9.008860e-01	-1.082460e-04
37	RESET	-9.509030e-01	-1.065580e-04
37	RESET	-1.000960e+00	-1.132930e-04
37	RESET	-1.050970e+00	-1.056510e-04
37	RESET	-1.101050e+00	-1.179810e-04
37	RESET	-1.151100e+00	-1.090300e-04
37	RESET	-1.201110e+00	-1.288050e-04
37	RESET	-1.251180e+00	-1.291730e-04
37	RESET	-1.301200e+00	-1.319530e-04
37	RESET	-1.351270e+00	-1.324750e-04
37	RESET	-1.401280e+00	-1.423410e-04
37	RESET	-1.451350e+00	-1.541760e-04
37	RESET	-1.501380e+00	-1.667930e-04
37	RESET	-1.551400e+00	-1.694720e-04
37	RESET	-1.601430e+00	-1.824630e-04
37	RESET	-1.651470e+00	-1.953060e-04
37	RESET	-1.701510e+00	-2.067590e-04
37	RESET	-1.751560e+00	-2.150350e-04
37	RESET	-1.801550e+00	-2.340270e-04
37	RESET	-1.851630e+00	-2.479640e-04
37	RESET	-1.901670e+00	-2.682800e-04
37	RESET	-1.951680e+00	-3.035810e-04
37	RESET	-2.001720e+00	-3.242780e-04
37	RESET	-2.001720e+00	-3.287100e-04
37	RESET	-1.951680e+00	-3.032890e-04
37	RESET	-1.901630e+00	-2.809240e-04
37	RESET	-1.851610e+00	-2.566700e-04
37	RESET	-1.801550e+00	-2.413880e-04
37	RESET	-1.751520e+00	-2.230090e-04
37	RESET	-1.701500e+00	-2.080670e-04
37	RESET	-1.651490e+00	-1.893630e-04
37	RESET	-1.601420e+00	-1.744520e-04
37	RESET	-1.551410e+00	-1.600830e-04
37	RESET	-1.501380e+00	-1.471050e-04
37	RESET	-1.451330e+00	-1.358720e-04
37	RESET	-1.401260e+00	-1.242600e-04
37	RESET	-1.351270e+00	-1.129530e-04
37	RESET	-1.301200e+00	-1.018780e-04
37	RESET	-1.251170e+00	-9.235370e-05
37	RESET	-1.201110e+00	-8.337450e-05
37	RESET	-1.151100e+00	-7.380150e-05
37	RESET	-1.101050e+00	-6.550280e-05
37	RESET	-1.050990e+00	-5.841870e-05
37	RESET	-1.000990e+00	-5.126530e-05
37	RESET	-9.509120e-01	-4.448030e-05
37	RESET	-9.008790e-01	-3.927170e-05
37	RESET	-8.508220e-01	-3.365760e-05
37	RESET	-8.008090e-01	-2.893310e-05
37	RESET	-7.507350e-01	-2.463190e-05
37	RESET	-7.007090e-01	-2.050330e-05
37	RESET	-6.506750e-01	-1.723800e-05
37	RESET	-6.006350e-01	-1.425570e-05
37	RESET	-5.505660e-01	-1.153860e-05
37	RESET	-5.005520e-01	-9.375260e-06
37	RESET	-4.504760e-01	-7.092760e-06
37	RESET	-4.004570e-01	-5.554430e-06
37	RESET	-3.504130e-01	-4.275710e-06
37	RESET	-3.003700e-01	-3.190300e-06
37	RESET	-2.503090e-01	-2.361520e-06
37	RESET	-2.001600e-01	-1.738250e-06
37	RESET	-1.501260e-01	-1.187710e-06
37	RESET	-1.000790e-01	-7.026670e-07
37	RESET	-5.003630e-02	-3.278180e-07
37	RESET	-1.623630e-05	-9.745360e-11
38	SET	-1.678470e-05	-4.333260e-11
38	SET	5.000270e-02	3.663980e-07
38	SET	1.000680e-01	7.835950e-07
38	SET	1.501050e-01	1.999960e-06
38	SET	2.001440e-01	3.102000e-06
38	SET	2.500570e-01	4.517910e-06
38	SET	3.000830e-01	6.164190e-06
38	SET	3.500850e-01	9.980720e-05
38	SET	4.001580e-01	1.100420e-04
38	SET	4.502120e-01	1.100430e-04
38	SET	5.002390e-01	1.100420e-04
38	SET	5.503010e-01	1.100380e-04
38	SET	6.003070e-01	1.100380e-04
38	SET	6.503800e-01	1.100360e-04
38	SET	7.004000e-01	1.100430e-04
38	SET	7.504570e-01	1.100400e-04
38	SET	8.004860e-01	1.100400e-04
38	SET	8.505650e-01	1.100420e-04
38	SET	9.005720e-01	1.100380e-04
38	SET	9.506250e-01	1.100350e-04
38	SET	1.000660e+00	1.100440e-04
38	SET	1.050720e+00	1.100370e-04
38	SET	1.100710e+00	1.100390e-04
38	SET	1.150790e+00	1.100390e-04
38	SET	1.200820e+00	1.100400e-04
38	SET	1.250870e+00	1.100380e-04
38	SET	1.300900e+00	1.100430e-04
38	SET	1.350950e+00	1.100320e-04
38	SET	1.400970e+00	1.100400e-04
38	SET	1.451030e+00	1.100360e-04
38	SET	1.501030e+00	1.100370e-04
38	SET	1.551120e+00	1.100390e-04
38	SET	1.601120e+00	1.100390e-04
38	SET	1.651150e+00	1.100430e-04
38	SET	1.701170e+00	1.100390e-04
38	SET	1.751240e+00	1.100390e-04
38	SET	1.801270e+00	1.100390e-04
38	SET	1.851310e+00	1.100400e-04
38	SET	1.901330e+00	1.100370e-04
38	SET	1.951370e+00	1.100420e-04
38	SET	2.001410e+00	1.100410e-04
38	SET	2.050370e+00	1.100400e-04
38	SET	2.100290e+00	1.100420e-04
38	SET	2.150620e+00	1.100410e-04
38	SET	2.200420e+00	1.100400e-04
38	SET	2.250620e+00	1.100400e-04
38	SET	2.300440e+00	1.100360e-04
38	SET	2.350670e+00	1.100370e-04
38	SET	2.400670e+00	1.100420e-04
38	SET	2.450480e+00	1.100390e-04
38	SET	2.500710e+00	1.100380e-04
38	SET	2.551000e+00	1.100420e-04
38	SET	2.600740e+00	1.100360e-04
38	SET	2.650820e+00	1.100340e-04
38	SET	2.700990e+00	1.100380e-04
38	SET	2.750870e+00	1.100400e-04
38	SET	2.800890e+00	1.100420e-04
38	SET	2.851060e+00	1.100390e-04
38	SET	2.901160e+00	1.100460e-04
38	SET	2.951110e+00	1.100410e-04
38	SET	3.000990e+00	1.100350e-04
38	SET	3.001130e+00	1.100340e-04
38	SET	2.951130e+00	1.100390e-04
38	SET	2.901220e+00	1.100400e-04
38	SET	2.851060e+00	1.100400e-04
38	SET	2.800830e+00	1.100400e-04
38	SET	2.750850e+00	1.100400e-04
38	SET	2.700970e+00	1.100370e-04
38	SET	2.650920e+00	1.100400e-04
38	SET	2.600890e+00	1.100350e-04
38	SET	2.550790e+00	1.100380e-04
38	SET	2.500870e+00	1.100420e-04
38	SET	2.450360e+00	1.100390e-04
38	SET	2.400650e+00	1.100400e-04
38	SET	2.350790e+00	1.100390e-04
38	SET	2.300250e+00	1.100380e-04
38	SET	2.250550e+00	1.100400e-04
38	SET	2.200430e+00	1.100350e-04
38	SET	2.150560e+00	1.100400e-04
38	SET	2.100370e+00	1.100380e-04
38	SET	2.050330e+00	1.100380e-04
38	SET	2.001380e+00	1.100380e-04
38	SET	1.951380e+00	1.100370e-04
38	SET	1.901330e+00	1.100410e-04
38	SET	1.851320e+00	1.100360e-04
38	SET	1.801240e+00	1.100380e-04
38	SET	1.751250e+00	1.100400e-04
38	SET	1.701180e+00	1.100390e-04
38	SET	1.651140e+00	1.100420e-04
38	SET	1.601100e+00	1.100390e-04
38	SET	1.551090e+00	1.100360e-04
38	SET	1.501040e+00	1.100430e-04
38	SET	1.451010e+00	1.100410e-04
38	SET	1.400970e+00	1.100390e-04
38	SET	1.350940e+00	1.100360e-04
38	SET	1.300900e+00	1.100380e-04
38	SET	1.250870e+00	1.100380e-04
38	SET	1.200820e+00	1.100380e-04
38	SET	1.150780e+00	1.100370e-04
38	SET	1.100740e+00	1.100390e-04
38	SET	1.050710e+00	1.100370e-04
38	SET	1.000670e+00	1.100350e-04
38	SET	9.506380e-01	1.100330e-04
38	SET	9.005750e-01	1.100370e-04
38	SET	8.505510e-01	1.100340e-04
38	SET	8.004790e-01	1.100350e-04
38	SET	7.504360e-01	1.100370e-04
38	SET	7.004080e-01	1.100390e-04
38	SET	6.503820e-01	1.100360e-04
38	SET	6.003030e-01	1.100400e-04
38	SET	5.502820e-01	1.100380e-04
38	SET	5.002210e-01	1.100370e-04
38	SET	4.502000e-01	1.100400e-04
38	SET	4.001700e-01	1.100390e-04
38	SET	3.501200e-01	1.100290e-04
38	SET	3.000510e-01	1.100390e-04
38	SET	2.500500e-01	7.752380e-05
38	SET	2.001320e-01	5.068360e-05
38	SET	1.501000e-01	3.143900e-05
38	SET	1.000590e-01	1.820090e-05
38	SET	5.002620e-02	8.293380e-06
38	SET	-2.126690e-05	1.108070e-09
38	RESET	-2.379420e-05	4.206010e-09
38	RESET	-5.002670e-02	-8.311580e-06
38	RESET	-1.000210e-01	-1.824970e-05
38	RESET	-1.501160e-01	-3.154460e-05
38	RESET	-2.001510e-01	-5.002680e-05
38	RESET	-2.503020e-01	-7.521900e-05
38	RESET	-3.003660e-01	-1.019940e-04
38	RESET	-3.503970e-01	-1.213830e-04
38	RESET	-4.004590e-01	-1.413150e-04
38	RESET	-4.504680e-01	-1.642180e-04
38	RESET	-5.005400e-01	-1.813940e-04
38	RESET	-5.505510e-01	-1.436080e-04
38	RESET	-6.006300e-01	-1.216690e-04
38	RESET	-6.506340e-01	-1.204710e-04
38	RESET	-7.006960e-01	-1.008710e-04
38	RESET	-7.507370e-01	-1.081770e-04
38	RESET	-8.007970e-01	-1.067350e-04
38	RESET	-8.508080e-01	-1.064100e-04
38	RESET	-9.008530e-01	-9.096510e-05
38	RESET	-9.508960e-01	-9.816460e-05
38	RESET	-1.000970e+00	-1.061480e-04
38	RESET	-1.050990e+00	-1.113990e-04
38	RESET	-1.101040e+00	-1.090860e-04
38	RESET	-1.151090e+00	-1.229950e-04
38	RESET	-1.201100e+00	-1.181720e-04
38	RESET	-1.251160e+00	-1.170390e-04
38	RESET	-1.301180e+00	-1.324630e-04
38	RESET	-1.351250e+00	-1.375300e-04
38	RESET	-1.401270e+00	-1.387490e-04
38	RESET	-1.451320e+00	-1.517610e-04
38	RESET	-1.501340e+00	-1.597040e-04
38	RESET	-1.551390e+00	-1.680160e-04
38	RESET	-1.601410e+00	-1.859600e-04
38	RESET	-1.651470e+00	-1.895390e-04
38	RESET	-1.701510e+00	-2.084310e-04
38	RESET	-1.751540e+00	-2.264320e-04
38	RESET	-1.801550e+00	-2.404950e-04
38	RESET	-1.851600e+00	-2.553300e-04
38	RESET	-1.901620e+00	-2.694110e-04
38	RESET	-1.951660e+00	-2.951530e-04
38	RESET	-2.001690e+00	-3.167440e-04
38	RESET	-2.001680e+00	-3.224100e-04
38	RESET	-1.951660e+00	-3.080470e-04
38	RESET	-1.901610e+00	-2.790220e-04
38	RESET	-1.851580e+00	-2.586910e-04
38	RESET	-1.801530e+00	-2.390190e-04
38	RESET	-1.751550e+00	-2.190740e-04
38	RESET	-1.701500e+00	-2.018000e-04
38	RESET	-1.651470e+00	-1.859810e-04
38	RESET	-1.601410e+00	-1.725890e-04
38	RESET	-1.551380e+00	-1.592420e-04
38	RESET	-1.501350e+00	-1.435970e-04
38	RESET	-1.451310e+00	-1.321560e-04
38	RESET	-1.401260e+00	-1.204880e-04
38	RESET	-1.351250e+00	-1.099860e-04
38	RESET	-1.301190e+00	-1.007610e-04
38	RESET	-1.251170e+00	-9.073220e-05
38	RESET	-1.201080e+00	-8.180620e-05
38	RESET	-1.151090e+00	-7.394950e-05
38	RESET	-1.101040e+00	-6.620920e-05
38	RESET	-1.050960e+00	-5.881990e-05
38	RESET	-1.000950e+00	-5.093440e-05
38	RESET	-9.509110e-01	-4.397470e-05
38	RESET	-9.008600e-01	-3.822430e-05
38	RESET	-8.508160e-01	-3.302660e-05
38	RESET	-8.008050e-01	-2.805890e-05
38	RESET	-7.507470e-01	-2.460710e-05
38	RESET	-7.007060e-01	-2.028390e-05
38	RESET	-6.506410e-01	-1.691940e-05
38	RESET	-6.006220e-01	-1.390450e-05
38	RESET	-5.505450e-01	-1.157800e-05
38	RESET	-5.005400e-01	-8.651070e-06
38	RESET	-4.504840e-01	-6.805710e-06
38	RESET	-4.004590e-01	-5.241750e-06
38	RESET	-3.503830e-01	-4.010820e-06
38	RESET	-3.003360e-01	-3.078800e-06
38	RESET	-2.502940e-01	-2.279830e-06
38	RESET	-2.001590e-01	-1.613080e-06
38	RESET	-1.501180e-01	-1.113800e-06
38	RESET	-1.000740e-01	-6.791380e-07
38	RESET	-5.003080e-02	-3.288970e-07
38	RESET	-2.253060e-05	-5.049710e-11
39	SET	-1.838210e-05	-6.110670e-11
39	SET	5.000460e-02	3.769740e-07
39	SET	1.000660e-01	6.868260e-07
39	SET	1.501010e-01	1.085790e-06
39	SET	2.001400e-01	1.542500e-06
39	SET	2.500610e-01	2.026940e-06
39	SET	3.000730e-01	2.661290e-06
39	SET	3.501150e-01	3.405420e-06
39	SET	4.001580e-01	4.185310e-06
39	SET	4.502090e-01	4.907050e-06
39	SET	5.002350e-01	5.976210e-06
39	SET	5.502870e-01	6.867820e-06
39	SET	6.003190e-01	8.027190e-06
39	SET	6.503690e-01	9.418450e-06
39	SET	7.003740e-01	1.136250e-05
39	SET	7.504770e-01	1.352750e-05
39	SET	8.004930e-01	1.586480e-05
39	SET	8.505630e-01	1.813510e-05
39	SET	9.005520e-01	1.985650e-05
39	SET	9.506520e-01	1.100370e-04
39	SET	1.000660e+00	1.100390e-04
39	SET	1.050720e+00	1.100410e-04
39	SET	1.100730e+00	1.100380e-04
39	SET	1.150800e+00	1.100380e-04
39	SET	1.200820e+00	1.100400e-04
39	SET	1.250880e+00	1.100390e-04
39	SET	1.300900e+00	1.100400e-04
39	SET	1.350960e+00	1.100400e-04
39	SET	1.400990e+00	1.100340e-04
39	SET	1.451020e+00	1.100400e-04
39	SET	1.501030e+00	1.100420e-04
39	SET	1.551090e+00	1.100380e-04
39	SET	1.601110e+00	1.100420e-04
39	SET	1.651160e+00	1.100380e-04
39	SET	1.701190e+00	1.100400e-04
39	SET	1.751220e+00	1.100420e-04
39	SET	1.801250e+00	1.100380e-04
39	SET	1.851290e+00	1.100410e-04
39	SET	1.901340e+00	1.100420e-04
39	SET	1.951350e+00	1.100380e-04
39	SET	2.001390e+00	1.100420e-04
39	SET	2.050490e+00	1.100420e-04
39	SET	2.100260e+00	1.100420e-04
39	SET	2.150700e+00	1.100410e-04
39	SET	2.200660e+00	1.100370e-04
39	SET	2.250490e+00	1.100440e-04
39	SET	2.300450e+00	1.100360e-04
39	SET	2.350620e+00	1.100390e-04
39	SET	2.400580e+00	1.100410e-04
39	SET	2.450500e+00	1.100440e-04
39	SET	2.500750e+00	1.100400e-04
39	SET	2.551100e+00	1.100450e-04
39	SET	2.600840e+00	1.100380e-04
39	SET	2.650780e+00	1.100370e-04
39	SET	2.701240e+00	1.100340e-04
39	SET	2.751030e+00	1.100380e-04
39	SET	2.800870e+00	1.100370e-04
39	SET	2.851220e+00	1.100380e-04
39	SET	2.901270e+00	1.100380e-04
39	SET	2.951080e+00	1.100420e-04
39	SET	3.001220e+00	1.100370e-04
39	SET	3.001380e+00	1.100380e-04
39	SET	2.951020e+00	1.100380e-04
39	SET	2.901250e+00	1.100430e-04
39	SET	2.851100e+00	1.100410e-04
39	SET	2.800940e+00	1.100390e-04
39	SET	2.750990e+00	1.100380e-04
39	SET	2.701300e+00	1.100370e-04
39	SET	2.650860e+00	1.100430e-04
39	SET	2.600980e+00	1.100400e-04
39	SET	2.550990e+00	1.100420e-04
39	SET	2.500830e+00	1.100380e-04
39	SET	2.450520e+00	1.100390e-04
39	SET	2.400660e+00	1.100400e-04
39	SET	2.350890e+00	1.100390e-04
39	SET	2.300450e+00	1.100370e-04
39	SET	2.250610e+00	1.100360e-04
39	SET	2.200730e+00	1.100390e-04
39	SET	2.150480e+00	1.100420e-04
39	SET	2.100300e+00	1.100380e-04
39	SET	2.050320e+00	1.100420e-04
39	SET	2.001410e+00	1.100390e-04
39	SET	1.951380e+00	1.100410e-04
39	SET	1.901320e+00	1.100430e-04
39	SET	1.851310e+00	1.100370e-04
39	SET	1.801270e+00	1.100350e-04
39	SET	1.751240e+00	1.100370e-04
39	SET	1.701200e+00	1.100380e-04
39	SET	1.651180e+00	1.100420e-04
39	SET	1.601130e+00	1.100380e-04
39	SET	1.551090e+00	1.100350e-04
39	SET	1.501050e+00	1.100350e-04
39	SET	1.451030e+00	1.100340e-04
39	SET	1.400980e+00	1.100410e-04
39	SET	1.350980e+00	1.100390e-04
39	SET	1.300890e+00	1.100380e-04
39	SET	1.250910e+00	1.100360e-04
39	SET	1.200840e+00	1.100410e-04
39	SET	1.150800e+00	1.100390e-04
39	SET	1.100740e+00	1.100400e-04
39	SET	1.050720e+00	1.100380e-04
39	SET	1.000680e+00	1.100350e-04
39	SET	9.506460e-01	1.100420e-04
39	SET	9.005780e-01	1.100360e-04
39	SET	8.505750e-01	1.100360e-04
39	SET	8.004810e-01	1.100370e-04
39	SET	7.504490e-01	1.100370e-04
39	SET	7.004160e-01	1.100360e-04
39	SET	6.504090e-01	1.100360e-04
39	SET	6.003150e-01	1.100390e-04
39	SET	5.503200e-01	1.100390e-04
39	SET	5.002430e-01	1.100420e-04
39	SET	4.502300e-01	1.100420e-04
39	SET	4.001790e-01	1.100380e-04
39	SET	3.501540e-01	1.100320e-04
39	SET	3.000910e-01	1.063950e-04
39	SET	2.500710e-01	7.232670e-05
39	SET	2.001490e-01	4.703460e-05
39	SET	1.501140e-01	2.932510e-05
39	SET	1.000770e-01	1.702490e-05
39	SET	5.002910e-02	7.821040e-06
39	SET	-4.267690e-06	4.287960e-09
39	RESET	-1.163480e-05	5.030390e-09
39	RESET	-5.002890e-02	-7.820090e-06
39	RESET	-1.000180e-01	-1.732090e-05
39	RESET	-1.501140e-01	-2.983490e-05
39	RESET	-2.001590e-01	-4.768430e-05
39	RESET	-2.502990e-01	-7.298410e-05
39	RESET	-3.003550e-01	-9.254920e-05
39	RESET	-3.504070e-01	-1.224540e-04
39	RESET	-4.004590e-01	-1.539600e-04
39	RESET	-4.504740e-01	-1.792850e-04
39	RESET	-5.005210e-01	-2.032330e-04
39	RESET	-5.505570e-01	-1.755300e-04
39	RESET	-6.006130e-01	-1.578440e-04
39	RESET	-6.506330e-01	-1.487620e-04
39	RESET	-7.007010e-01	-1.097950e-04
39	RESET	-7.507540e-01	-1.104050e-04
39	RESET	-8.008000e-01	-1.059670e-04
39	RESET	-8.508230e-01	-1.109660e-04
39	RESET	-9.008820e-01	-1.017590e-04
39	RESET	-9.508970e-01	-1.135100e-04
39	RESET	-1.000960e+00	-1.092610e-04
39	RESET	-1.051000e+00	-1.069630e-04
39	RESET	-1.101040e+00	-1.155310e-04
39	RESET	-1.151100e+00	-1.264560e-04
39	RESET	-1.201130e+00	-1.177010e-04
39	RESET	-1.251190e+00	-1.262950e-04
39	RESET	-1.301210e+00	-1.302010e-04
39	RESET	-1.351240e+00	-1.335810e-04
39	RESET	-1.401260e+00	-1.487480e-04
39	RESET	-1.451310e+00	-1.475520e-04
39	RESET	-1.501360e+00	-1.567860e-04
39	RESET	-1.551400e+00	-1.669290e-04
39	RESET	-1.601410e+00	-1.843540e-04
39	RESET	-1.651460e+00	-1.966140e-04
39	RESET	-1.701490e+00	-2.091250e-04
39	RESET	-1.751550e+00	-2.218090e-04
39	RESET	-1.801560e+00	-2.362280e-04
39	RESET	-1.851620e+00	-2.549570e-04
39	RESET	-1.901640e+00	-2.893770e-04
39	RESET	-1.951680e+00	-3.061720e-04
39	RESET	-2.001710e+00	-3.179160e-04
39	RESET	-2.001690e+00	-3.227250e-04
39	RESET	-1.951680e+00	-2.979200e-04
39	RESET	-1.901660e+00	-2.650570e-04
39	RESET	-1.851610e+00	-2.442000e-04
39	RESET	-1.801560e+00	-2.306020e-04
39	RESET	-1.751560e+00	-2.121040e-04
39	RESET	-1.701500e+00	-1.966550e-04
39	RESET	-1.651470e+00	-1.822940e-04
39	RESET	-1.601430e+00	-1.701350e-04
39	RESET	-1.551420e+00	-1.555930e-04
39	RESET	-1.501360e+00	-1.414620e-04
39	RESET	-1.451340e+00	-1.303760e-04
39	RESET	-1.401260e+00	-1.193030e-04
39	RESET	-1.351270e+00	-1.091310e-04
39	RESET	-1.301170e+00	-9.843280e-05
39	RESET	-1.251170e+00	-9.006450e-05
39	RESET	-1.201120e+00	-8.059810e-05
39	RESET	-1.151120e+00	-7.249700e-05
39	RESET	-1.101030e+00	-6.527060e-05
39	RESET	-1.050970e+00	-5.831920e-05
39	RESET	-1.000960e+00	-5.166810e-05
39	RESET	-9.509210e-01	-4.446820e-05
39	RESET	-9.008720e-01	-3.870310e-05
39	RESET	-8.508190e-01	-3.349040e-05
39	RESET	-8.007950e-01	-2.852750e-05
39	RESET	-7.507260e-01	-2.433240e-05
39	RESET	-7.006970e-01	-2.048020e-05
39	RESET	-6.506470e-01	-1.684170e-05
39	RESET	-6.006260e-01	-1.346030e-05
39	RESET	-5.505650e-01	-1.090560e-05
39	RESET	-5.005310e-01	-8.664420e-06
39	RESET	-4.504770e-01	-7.060500e-06
39	RESET	-4.004670e-01	-5.291160e-06
39	RESET	-3.504070e-01	-4.019780e-06
39	RESET	-3.003610e-01	-2.958150e-06
39	RESET	-2.503100e-01	-2.244150e-06
39	RESET	-2.001550e-01	-1.547240e-06
39	RESET	-1.501160e-01	-1.102150e-06
39	RESET	-1.000710e-01	-6.643660e-07
39	RESET	-5.002690e-02	-3.360810e-07
39	RESET	-8.583070e-06	6.451610e-11
40	SET	-1.416210e-05	-2.666710e-11
40	SET	5.001210e-02	3.753610e-07
40	SET	1.000710e-01	6.933280e-07
40	SET	1.501100e-01	1.075060e-06
40	SET	2.001440e-01	1.518290e-06
40	SET	2.500430e-01	2.077390e-06
40	SET	3.000700e-01	2.711400e-06
40	SET	3.501340e-01	3.338190e-06
40	SET	4.001510e-01	4.182330e-06
40	SET	4.502120e-01	5.290060e-06
40	SET	5.002590e-01	6.350970e-06
40	SET	5.503080e-01	7.301400e-06
40	SET	6.003210e-01	8.463350e-06
40	SET	6.503560e-01	1.028530e-05
40	SET	7.004080e-01	1.228490e-05
40	SET	7.504790e-01	1.387120e-05
40	SET	8.004980e-01	1.641230e-05
40	SET	8.505640e-01	1.100410e-04
40	SET	9.005620e-01	1.100370e-04
40	SET	9.506400e-01	1.100370e-04
40	SET	1.000650e+00	1.100410e-04
40	SET	1.050730e+00	1.100380e-04
40	SET	1.100740e+00	1.100350e-04
40	SET	1.150800e+00	1.100360e-04
40	SET	1.200820e+00	1.100380e-04
40	SET	1.250900e+00	1.100390e-04
40	SET	1.300920e+00	1.100340e-04
40	SET	1.350960e+00	1.100370e-04
40	SET	1.400990e+00	1.100360e-04
40	SET	1.451030e+00	1.100400e-04
40	SET	1.501030e+00	1.100400e-04
40	SET	1.551100e+00	1.100410e-04
40	SET	1.601140e+00	1.100360e-04
40	SET	1.651140e+00	1.100410e-04
40	SET	1.701180e+00	1.100390e-04
40	SET	1.751240e+00	1.100330e-04
40	SET	1.801260e+00	1.100390e-04
40	SET	1.851320e+00	1.100360e-04
40	SET	1.901320e+00	1.100410e-04
40	SET	1.951380e+00	1.100380e-04
40	SET	2.001400e+00	1.100420e-04
40	SET	2.050510e+00	1.100360e-04
40	SET	2.100210e+00	1.100390e-04
40	SET	2.150580e+00	1.100400e-04
40	SET	2.200680e+00	1.100390e-04
40	SET	2.250580e+00	1.100390e-04
40	SET	2.300510e+00	1.100360e-04
40	SET	2.350660e+00	1.100370e-04
40	SET	2.400520e+00	1.100400e-04
40	SET	2.450590e+00	1.100400e-04
40	SET	2.500860e+00	1.100360e-04
40	SET	2.550840e+00	1.100420e-04
40	SET	2.600940e+00	1.100350e-04
40	SET	2.650660e+00	1.100380e-04
40	SET	2.701060e+00	1.100380e-04
40	SET	2.751020e+00	1.100400e-04
40	SET	2.800900e+00	1.100390e-04
40	SET	2.851100e+00	1.100420e-04
40	SET	2.901160e+00	1.100380e-04
40	SET	2.951210e+00	1.100380e-04
40	SET	3.001080e+00	1.100360e-04
40	SET	3.001210e+00	1.100340e-04
40	SET	2.951070e+00	1.100380e-04
40	SET	2.901280e+00	1.100410e-04
40	SET	2.851160e+00	1.100420e-04
40	SET	2.801000e+00	1.100450e-04
40	SET	2.750940e+00	1.100420e-04
40	SET	2.701000e+00	1.100350e-04
40	SET	2.650880e+00	1.100400e-04
40	SET	2.600820e+00	1.100430e-04
40	SET	2.550860e+00	1.100390e-04
40	SET	2.500870e+00	1.100400e-04
40	SET	2.450510e+00	1.100420e-04
40	SET	2.400730e+00	1.100440e-04
40	SET	2.350750e+00	1.100380e-04
40	SET	2.300510e+00	1.100430e-04
40	SET	2.250570e+00	1.100330e-04
40	SET	2.200700e+00	1.100430e-04
40	SET	2.150480e+00	1.100440e-04
40	SET	2.100440e+00	1.100380e-04
40	SET	2.050450e+00	1.100360e-04
40	SET	2.001410e+00	1.100400e-04
40	SET	1.951380e+00	1.100390e-04
40	SET	1.901330e+00	1.100350e-04
40	SET	1.851300e+00	1.100380e-04
40	SET	1.801260e+00	1.100360e-04
40	SET	1.751250e+00	1.100390e-04
40	SET	1.701200e+00	1.100400e-04
40	SET	1.651160e+00	1.100390e-04
40	SET	1.601120e+00	1.100380e-04
40	SET	1.551100e+00	1.100390e-04
40	SET	1.501030e+00	1.100390e-04
40	SET	1.451040e+00	1.100380e-04
40	SET	1.400980e+00	1.100410e-04
40	SET	1.350960e+00	1.100390e-04
40	SET	1.300900e+00	1.100340e-04
40	SET	1.250900e+00	1.100380e-04
40	SET	1.200820e+00	1.100420e-04
40	SET	1.150810e+00	1.100330e-04
40	SET	1.100740e+00	1.100420e-04
40	SET	1.050720e+00	1.100390e-04
40	SET	1.000670e+00	1.100390e-04
40	SET	9.506400e-01	1.100370e-04
40	SET	9.005900e-01	1.100400e-04
40	SET	8.505710e-01	1.100400e-04
40	SET	8.005060e-01	1.100350e-04
40	SET	7.504600e-01	1.100400e-04
40	SET	7.004150e-01	1.100360e-04
40	SET	6.503970e-01	1.100370e-04
40	SET	6.003200e-01	1.100440e-04
40	SET	5.503180e-01	1.100360e-04
40	SET	5.002490e-01	1.100440e-04
40	SET	4.502370e-01	1.100380e-04
40	SET	4.001570e-01	1.100390e-04
40	SET	3.501520e-01	1.100320e-04
40	SET	3.000860e-01	1.017670e-04
40	SET	2.500630e-01	6.940970e-05
40	SET	2.001470e-01	4.501270e-05
40	SET	1.501140e-01	2.814270e-05
40	SET	1.000770e-01	1.641270e-05
40	SET	5.002880e-02	7.556460e-06
40	SET	-6.699560e-06	3.564010e-09
40	RESET	-9.202960e-06	6.141390e-09
40	RESET	-5.002570e-02	-7.572300e-06
40	RESET	-1.000170e-01	-1.645900e-05
40	RESET	-1.501200e-01	-2.834120e-05
40	RESET	-2.001560e-01	-4.508230e-05
40	RESET	-2.503150e-01	-6.661070e-05
40	RESET	-3.003600e-01	-8.778080e-05
40	RESET	-3.503940e-01	-1.124330e-04
40	RESET	-4.004590e-01	-1.399810e-04
40	RESET	-4.504580e-01	-1.662460e-04
40	RESET	-5.005300e-01	-1.868750e-04
40	RESET	-5.505440e-01	-1.735420e-04
40	RESET	-6.006210e-01	-1.391110e-04
40	RESET	-6.506420e-01	-1.202050e-04
40	RESET	-7.007230e-01	-1.228560e-04
40	RESET	-7.507480e-01	-1.100620e-04
40	RESET	-8.008130e-01	-1.118160e-04
40	RESET	-8.508170e-01	-1.148400e-04
40	RESET	-9.008620e-01	-1.212890e-04
40	RESET	-9.509120e-01	-1.056300e-04
40	RESET	-1.000980e+00	-1.207530e-04
40	RESET	-1.050960e+00	-1.198220e-04
40	RESET	-1.101040e+00	-1.230090e-04
40	RESET	-1.151110e+00	-1.204280e-04
40	RESET	-1.201110e+00	-1.306070e-04
40	RESET	-1.251160e+00	-1.264690e-04
40	RESET	-1.301210e+00	-1.449300e-04
40	RESET	-1.351250e+00	-1.372360e-04
40	RESET	-1.401270e+00	-1.442460e-04
40	RESET	-1.451320e+00	-1.591320e-04
40	RESET	-1.501360e+00	-1.700830e-04
40	RESET	-1.551380e+00	-1.745400e-04
40	RESET	-1.601390e+00	-1.806120e-04
40	RESET	-1.651480e+00	-1.950990e-04
40	RESET	-1.701470e+00	-2.075500e-04
40	RESET	-1.751530e+00	-2.266110e-04
40	RESET	-1.801560e+00	-2.415250e-04
40	RESET	-1.851600e+00	-2.519290e-04
40	RESET	-1.901630e+00	-2.781310e-04
40	RESET	-1.951670e+00	-2.953870e-04
40	RESET	-2.001670e+00	-3.271050e-04
40	RESET	-2.001700e+00	-3.251040e-04
40	RESET	-1.951690e+00	-3.000180e-04
40	RESET	-1.901620e+00	-2.728820e-04
40	RESET	-1.851610e+00	-2.561360e-04
40	RESET	-1.801550e+00	-2.370120e-04
40	RESET	-1.751540e+00	-2.201610e-04
40	RESET	-1.701500e+00	-2.031240e-04
40	RESET	-1.651470e+00	-1.893370e-04
40	RESET	-1.601410e+00	-1.757270e-04
40	RESET	-1.551390e+00	-1.582280e-04
40	RESET	-1.501360e+00	-1.469210e-04
40	RESET	-1.451300e+00	-1.344050e-04
40	RESET	-1.401250e+00	-1.223280e-04
40	RESET	-1.351250e+00	-1.110020e-04
40	RESET	-1.301180e+00	-1.011980e-04
40	RESET	-1.251170e+00	-9.231960e-05
40	RESET	-1.201130e+00	-8.333060e-05
40	RESET	-1.151090e+00	-7.416710e-05
40	RESET	-1.101020e+00	-6.580620e-05
40	RESET	-1.050970e+00	-5.820350e-05
40	RESET	-1.000950e+00	-5.163860e-05
40	RESET	-9.509130e-01	-4.459860e-05
40	RESET	-9.008750e-01	-3.850750e-05
40	RESET	-8.508160e-01	-3.366990e-05
40	RESET	-8.008170e-01	-2.888130e-05
40	RESET	-7.507480e-01	-2.408300e-05
40	RESET	-7.007150e-01	-1.992240e-05
40	RESET	-6.506330e-01	-1.675310e-05
40	RESET	-6.006120e-01	-1.363120e-05
40	RESET	-5.505650e-01	-1.119950e-05
40	RESET	-5.005390e-01	-9.024170e-06
40	RESET	-4.504830e-01	-7.286970e-06
40	RESET	-4.004630e-01	-5.600360e-06
40	RESET	-3.503930e-01	-4.319480e-06
40	RESET	-3.003390e-01	-3.241700e-06
40	RESET	-2.503050e-01	-2.375530e-06
40	RESET	-2.001600e-01	-1.674620e-06
40	RESET	-1.501170e-01	-1.168770e-06
40	RESET	-1.000760e-01	-7.143240e-07
40	RESET	-5.003040e-02	-3.435650e-07
40	RESET	-9.846690e-06	3.344660e-10
41	SET	-8.034710e-06	3.614900e-10
41	SET	5.001390e-02	4.336060e-07
41	SET	1.000770e-01	1.321580e-06
41	SET	1.501160e-01	2.191580e-06
41	SET	2.001480e-01	3.745370e-06
41	SET	2.500670e-01	7.611400e-06
41	SET	3.000510e-01	7.163940e-05
41	SET	3.501590e-01	1.100360e-04
41	SET	4.001700e-01	1.100420e-04
41	SET	4.502280e-01	1.100430e-04
41	SET	5.002570e-01	1.100420e-04
41	SET	5.502980e-01	1.100390e-04
41	SET	6.003210e-01	1.100390e-04
41	SET	6.503790e-01	1.100360e-04
41	SET	7.004080e-01	1.100420e-04
41	SET	7.504710e-01	1.100390e-04
41	SET	8.005040e-01	1.100370e-04
41	SET	8.505550e-01	1.100400e-04
41	SET	9.005700e-01	1.100370e-04
41	SET	9.506520e-01	1.100390e-04
41	SET	1.000650e+00	1.100380e-04
41	SET	1.050720e+00	1.100390e-04
41	SET	1.100720e+00	1.100380e-04
41	SET	1.150800e+00	1.100360e-04
41	SET	1.200830e+00	1.100370e-04
41	SET	1.250890e+00	1.100410e-04
41	SET	1.300890e+00	1.100410e-04
41	SET	1.350960e+00	1.100380e-04
41	SET	1.401010e+00	1.100370e-04
41	SET	1.451030e+00	1.100390e-04
41	SET	1.501040e+00	1.100390e-04
41	SET	1.551110e+00	1.100360e-04
41	SET	1.601120e+00	1.100370e-04
41	SET	1.651180e+00	1.100390e-04
41	SET	1.701180e+00	1.100410e-04
41	SET	1.751240e+00	1.100360e-04
41	SET	1.801240e+00	1.100410e-04
41	SET	1.851320e+00	1.100410e-04
41	SET	1.901340e+00	1.100370e-04
41	SET	1.951370e+00	1.100420e-04
41	SET	2.001410e+00	1.100400e-04
41	SET	2.050340e+00	1.100420e-04
41	SET	2.100300e+00	1.100410e-04
41	SET	2.150660e+00	1.100390e-04
41	SET	2.200540e+00	1.100420e-04
41	SET	2.250560e+00	1.100400e-04
41	SET	2.300430e+00	1.100410e-04
41	SET	2.350680e+00	1.100410e-04
41	SET	2.400670e+00	1.100390e-04
41	SET	2.450640e+00	1.100400e-04
41	SET	2.500850e+00	1.100420e-04
41	SET	2.551080e+00	1.100460e-04
41	SET	2.600930e+00	1.100420e-04
41	SET	2.650690e+00	1.100400e-04
41	SET	2.701170e+00	1.100420e-04
41	SET	2.750970e+00	1.100400e-04
41	SET	2.800770e+00	1.100390e-04
41	SET	2.851000e+00	1.100420e-04
41	SET	2.901080e+00	1.100400e-04
41	SET	2.951100e+00	1.100410e-04
41	SET	3.001320e+00	1.100350e-04
41	SET	3.000970e+00	1.100380e-04
41	SET	2.951320e+00	1.100350e-04
41	SET	2.901310e+00	1.100420e-04
41	SET	2.851100e+00	1.100400e-04
41	SET	2.800900e+00	1.100450e-04
41	SET	2.750930e+00	1.100370e-04
41	SET	2.701070e+00	1.100410e-04
41	SET	2.650850e+00	1.100340e-04
41	SET	2.600920e+00	1.100440e-04
41	SET	2.550940e+00	1.100440e-04
41	SET	2.500580e+00	1.100440e-04
41	SET	2.450590e+00	1.100400e-04
41	SET	2.400650e+00	1.100380e-04
41	SET	2.350700e+00	1.100380e-04
41	SET	2.300580e+00	1.100380e-04
41	SET	2.250570e+00	1.100390e-04
41	SET	2.200590e+00	1.100370e-04
41	SET	2.150420e+00	1.100400e-04
41	SET	2.100290e+00	1.100410e-04
41	SET	2.050130e+00	1.100390e-04
41	SET	2.001400e+00	1.100400e-04
41	SET	1.951350e+00	1.100370e-04
41	SET	1.901330e+00	1.100370e-04
41	SET	1.851290e+00	1.100380e-04
41	SET	1.801260e+00	1.100370e-04
41	SET	1.751240e+00	1.100350e-04
41	SET	1.701180e+00	1.100360e-04
41	SET	1.651150e+00	1.100390e-04
41	SET	1.601110e+00	1.100410e-04
41	SET	1.551100e+00	1.100350e-04
41	SET	1.501020e+00	1.100390e-04
41	SET	1.451030e+00	1.100390e-04
41	SET	1.400980e+00	1.100360e-04
41	SET	1.350950e+00	1.100420e-04
41	SET	1.300900e+00	1.100330e-04
41	SET	1.250910e+00	1.100410e-04
41	SET	1.200840e+00	1.100390e-04
41	SET	1.150790e+00	1.100380e-04
41	SET	1.100750e+00	1.100390e-04
41	SET	1.050720e+00	1.100400e-04
41	SET	1.000660e+00	1.100390e-04
41	SET	9.506440e-01	1.100350e-04
41	SET	9.005730e-01	1.100400e-04
41	SET	8.505600e-01	1.100390e-04
41	SET	8.004920e-01	1.100380e-04
41	SET	7.504660e-01	1.100390e-04
41	SET	7.004270e-01	1.100390e-04
41	SET	6.503760e-01	1.100380e-04
41	SET	6.003020e-01	1.100380e-04
41	SET	5.503000e-01	1.100420e-04
41	SET	5.002550e-01	1.100400e-04
41	SET	4.502260e-01	1.100390e-04
41	SET	4.001750e-01	1.100380e-04
41	SET	3.501420e-01	1.100320e-04
41	SET	3.000880e-01	1.007170e-04
41	SET	2.500520e-01	7.004830e-05
41	SET	2.001420e-01	4.644250e-05
41	SET	1.501080e-01	2.942730e-05
41	SET	1.000690e-01	1.728150e-05
41	SET	5.003220e-02	7.984750e-06
41	SET	-1.821520e-05	2.231710e-09
41	RESET	-1.542570e-05	4.564700e-09
41	RESET	-5.002280e-02	-7.987080e-06
41	RESET	-1.000220e-01	-1.710530e-05
41	RESET	-1.501160e-01	-2.922490e-05
41	RESET	-2.001590e-01	-4.539640e-05
41	RESET	-2.502890e-01	-6.703480e-05
41	RESET	-3.003330e-01	-9.028190e-05
41	RESET	-3.503980e-01	-1.103560e-04
41	RESET	-4.004490e-01	-1.369110e-04
41	RESET	-4.504630e-01	-1.598430e-04
41	RESET	-5.005260e-01	-1.683860e-04
41	RESET	-5.505610e-01	-1.398200e-04
41	RESET	-6.006250e-01	-1.301510e-04
41	RESET	-6.506510e-01	-1.280060e-04
41	RESET	-7.007000e-01	-1.254760e-04
41	RESET	-7.507140e-01	-1.201880e-04
41	RESET	-8.008170e-01	-1.141220e-04
41	RESET	-8.508320e-01	-1.229950e-04
41	RESET	-9.008660e-01	-1.181950e-04
41	RESET	-9.508950e-01	-1.169580e-04
41	RESET	-1.000960e+00	-1.232570e-04
41	RESET	-1.050960e+00	-1.262200e-04
41	RESET	-1.101040e+00	-1.101970e-04
41	RESET	-1.151100e+00	-1.273260e-04
41	RESET	-1.201110e+00	-1.301900e-04
41	RESET	-1.251180e+00	-1.330900e-04
41	RESET	-1.301180e+00	-1.344360e-04
41	RESET	-1.351260e+00	-1.474480e-04
41	RESET	-1.401260e+00	-1.533170e-04
41	RESET	-1.451330e+00	-1.614420e-04
41	RESET	-1.501360e+00	-1.749540e-04
41	RESET	-1.551410e+00	-1.795540e-04
41	RESET	-1.601420e+00	-1.959670e-04
41	RESET	-1.651480e+00	-1.991220e-04
41	RESET	-1.701500e+00	-2.140340e-04
41	RESET	-1.751550e+00	-2.391430e-04
41	RESET	-1.801540e+00	-2.464310e-04
41	RESET	-1.851620e+00	-2.669350e-04
41	RESET	-1.901640e+00	-2.903800e-04
41	RESET	-1.951680e+00	-3.041790e-04
41	RESET	-2.001690e+00	-3.212320e-04
41	RESET	-2.001700e+00	-3.228960e-04
41	RESET	-1.951670e+00	-3.046640e-04
41	RESET	-1.901640e+00	-2.771840e-04
41	RESET	-1.851620e+00	-2.578240e-04
41	RESET	-1.801560e+00	-2.401040e-04
41	RESET	-1.751560e+00	-2.224150e-04
41	RESET	-1.701500e+00	-2.062750e-04
41	RESET	-1.651480e+00	-1.915660e-04
41	RESET	-1.601410e+00	-1.758460e-04
41	RESET	-1.551410e+00	-1.627690e-04
41	RESET	-1.501340e+00	-1.484160e-04
41	RESET	-1.451340e+00	-1.358870e-04
41	RESET	-1.401260e+00	-1.254210e-04
41	RESET	-1.351260e+00	-1.139310e-04
41	RESET	-1.301200e+00	-1.025460e-04
41	RESET	-1.251170e+00	-9.355440e-05
41	RESET	-1.201110e+00	-8.389050e-05
41	RESET	-1.151100e+00	-7.521570e-05
41	RESET	-1.101040e+00	-6.548710e-05
41	RESET	-1.050970e+00	-5.806590e-05
41	RESET	-1.000960e+00	-5.272530e-05
41	RESET	-9.508900e-01	-4.555190e-05
41	RESET	-9.008790e-01	-4.006680e-05
41	RESET	-8.507940e-01	-3.420960e-05
41	RESET	-8.008210e-01	-2.894110e-05
41	RESET	-7.507220e-01	-2.412950e-05
41	RESET	-7.007070e-01	-2.013180e-05
41	RESET	-6.506330e-01	-1.640890e-05
41	RESET	-6.006120e-01	-1.332490e-05
41	RESET	-5.505600e-01	-1.054720e-05
41	RESET	-5.005360e-01	-8.450330e-06
41	RESET	-4.504770e-01	-6.627000e-06
41	RESET	-4.004590e-01	-5.033130e-06
41	RESET	-3.503940e-01	-3.776410e-06
41	RESET	-3.003520e-01	-2.770410e-06
41	RESET	-2.503230e-01	-2.019630e-06
41	RESET	-2.001630e-01	-1.456460e-06
41	RESET	-1.501250e-01	-1.005660e-06
41	RESET	-1.000840e-01	-6.167770e-07
41	RESET	-5.003790e-02	-2.993260e-07
41	RESET	-1.442430e-05	2.053260e-10
42	SET	-1.318450e-05	2.280950e-10
42	SET	5.001720e-02	8.482670e-07
42	SET	1.000730e-01	2.263880e-06
42	SET	1.501080e-01	3.765510e-06
42	SET	2.001400e-01	5.603160e-06
42	SET	2.500390e-01	8.569500e-06
42	SET	3.000300e-01	7.000000e-05
42	SET	3.501420e-01	1.100310e-04
42	SET	4.001510e-01	1.100390e-04
42	SET	4.502090e-01	1.100400e-04
42	SET	5.002680e-01	1.100430e-04
42	SET	5.503090e-01	1.100380e-04
42	SET	6.003050e-01	1.100400e-04
42	SET	6.504120e-01	1.100370e-04
42	SET	7.004080e-01	1.100360e-04
42	SET	7.504490e-01	1.100400e-04
42	SET	8.004930e-01	1.100390e-04
42	SET	8.505580e-01	1.100370e-04
42	SET	9.005700e-01	1.100360e-04
42	SET	9.506480e-01	1.100360e-04
42	SET	1.000660e+00	1.100420e-04
42	SET	1.050730e+00	1.100380e-04
42	SET	1.100750e+00	1.100380e-04
42	SET	1.150800e+00	1.100360e-04
42	SET	1.200840e+00	1.100340e-04
42	SET	1.250880e+00	1.100380e-04
42	SET	1.300910e+00	1.100370e-04
42	SET	1.350950e+00	1.100360e-04
42	SET	1.400980e+00	1.100390e-04
42	SET	1.451010e+00	1.100360e-04
42	SET	1.501040e+00	1.100380e-04
42	SET	1.551100e+00	1.100350e-04
42	SET	1.601120e+00	1.100410e-04
42	SET	1.651170e+00	1.100390e-04
42	SET	1.701190e+00	1.100360e-04
42	SET	1.751260e+00	1.100350e-04
42	SET	1.801260e+00	1.100360e-04
42	SET	1.851300e+00	1.100380e-04
42	SET	1.901350e+00	1.100370e-04
42	SET	1.951380e+00	1.100400e-04
42	SET	2.001400e+00	1.100380e-04
42	SET	2.050500e+00	1.100360e-04
42	SET	2.100270e+00	1.100370e-04
42	SET	2.150430e+00	1.100390e-04
42	SET	2.200740e+00	1.100360e-04
42	SET	2.250560e+00	1.100390e-04
42	SET	2.300480e+00	1.100390e-04
42	SET	2.350820e+00	1.100390e-04
42	SET	2.400700e+00	1.100380e-04
42	SET	2.450630e+00	1.100440e-04
42	SET	2.500870e+00	1.100390e-04
42	SET	2.550960e+00	1.100410e-04
42	SET	2.600740e+00	1.100350e-04
42	SET	2.650580e+00	1.100440e-04
42	SET	2.700970e+00	1.100370e-04
42	SET	2.751010e+00	1.100380e-04
42	SET	2.800750e+00	1.100380e-04
42	SET	2.851110e+00	1.100430e-04
42	SET	2.901210e+00	1.100380e-04
42	SET	2.951240e+00	1.100370e-04
42	SET	3.001120e+00	1.100360e-04
42	SET	3.001140e+00	1.100350e-04
42	SET	2.951210e+00	1.100370e-04
42	SET	2.901350e+00	1.100390e-04
42	SET	2.851000e+00	1.100380e-04
42	SET	2.800880e+00	1.100410e-04
42	SET	2.751090e+00	1.100410e-04
42	SET	2.701090e+00	1.100370e-04
42	SET	2.650880e+00	1.100400e-04
42	SET	2.600860e+00	1.100380e-04
42	SET	2.550920e+00	1.100400e-04
42	SET	2.500930e+00	1.100380e-04
42	SET	2.450490e+00	1.100390e-04
42	SET	2.400630e+00	1.100390e-04
42	SET	2.350760e+00	1.100380e-04
42	SET	2.300690e+00	1.100380e-04
42	SET	2.250630e+00	1.100360e-04
42	SET	2.200590e+00	1.100370e-04
42	SET	2.150620e+00	1.100390e-04
42	SET	2.100210e+00	1.100440e-04
42	SET	2.050290e+00	1.100390e-04
42	SET	2.001400e+00	1.100390e-04
42	SET	1.951380e+00	1.100380e-04
42	SET	1.901330e+00	1.100390e-04
42	SET	1.851310e+00	1.100380e-04
42	SET	1.801270e+00	1.100400e-04
42	SET	1.751240e+00	1.100370e-04
42	SET	1.701170e+00	1.100370e-04
42	SET	1.651180e+00	1.100370e-04
42	SET	1.601130e+00	1.100360e-04
42	SET	1.551100e+00	1.100340e-04
42	SET	1.501030e+00	1.100350e-04
42	SET	1.451020e+00	1.100340e-04
42	SET	1.401000e+00	1.100380e-04
42	SET	1.350950e+00	1.100360e-04
42	SET	1.300910e+00	1.100360e-04
42	SET	1.250900e+00	1.100380e-04
42	SET	1.200850e+00	1.100360e-04
42	SET	1.150810e+00	1.100400e-04
42	SET	1.100750e+00	1.100390e-04
42	SET	1.050730e+00	1.100370e-04
42	SET	1.000670e+00	1.100370e-04
42	SET	9.506380e-01	1.100320e-04
42	SET	9.005780e-01	1.100350e-04
42	SET	8.505610e-01	1.100380e-04
42	SET	8.004950e-01	1.100370e-04
42	SET	7.504680e-01	1.100370e-04
42	SET	7.004180e-01	1.100410e-04
42	SET	6.504000e-01	1.100390e-04
42	SET	6.003150e-01	1.100390e-04
42	SET	5.502980e-01	1.100360e-04
42	SET	5.002550e-01	1.100420e-04
42	SET	4.502090e-01	1.100420e-04
42	SET	4.001630e-01	1.100400e-04
42	SET	3.501420e-01	1.100290e-04
42	SET	3.000670e-01	1.009370e-04
42	SET	2.500550e-01	7.057560e-05
42	SET	2.001440e-01	4.683870e-05
42	SET	1.501080e-01	2.967680e-05
42	SET	1.000740e-01	1.740900e-05
42	SET	5.002900e-02	8.039700e-06
42	SET	-1.399520e-05	3.534330e-09
42	RESET	-1.578330e-05	6.785250e-09
42	RESET	-5.003570e-02	-8.037520e-06
42	RESET	-1.000220e-01	-1.725930e-05
42	RESET	-1.501230e-01	-2.964480e-05
42	RESET	-2.001630e-01	-4.640580e-05
42	RESET	-2.502900e-01	-6.825820e-05
42	RESET	-3.003550e-01	-9.295820e-05
42	RESET	-3.503890e-01	-1.180150e-04
42	RESET	-4.004800e-01	-1.396630e-04
42	RESET	-4.504880e-01	-1.563040e-04
42	RESET	-5.005200e-01	-1.584320e-04
42	RESET	-5.505730e-01	-1.460120e-04
42	RESET	-6.006040e-01	-1.172860e-04
42	RESET	-6.506320e-01	-1.134200e-04
42	RESET	-7.006960e-01	-1.099440e-04
42	RESET	-7.507380e-01	-1.144880e-04
42	RESET	-8.008000e-01	-1.071060e-04
42	RESET	-8.508170e-01	-9.729790e-05
42	RESET	-9.008750e-01	-1.029030e-04
42	RESET	-9.509090e-01	-9.405080e-05
42	RESET	-1.000940e+00	-9.672740e-05
42	RESET	-1.050990e+00	-9.766300e-05
42	RESET	-1.101050e+00	-1.040000e-04
42	RESET	-1.151100e+00	-1.026440e-04
42	RESET	-1.201130e+00	-1.068280e-04
42	RESET	-1.251160e+00	-1.135010e-04
42	RESET	-1.301190e+00	-1.266150e-04
42	RESET	-1.351260e+00	-1.296540e-04
42	RESET	-1.401280e+00	-1.370390e-04
42	RESET	-1.451320e+00	-1.361900e-04
42	RESET	-1.501340e+00	-1.475670e-04
42	RESET	-1.551420e+00	-1.652210e-04
42	RESET	-1.601420e+00	-1.671890e-04
42	RESET	-1.651480e+00	-1.801620e-04
42	RESET	-1.701520e+00	-2.067780e-04
42	RESET	-1.751530e+00	-2.145100e-04
42	RESET	-1.801570e+00	-2.312140e-04
42	RESET	-1.851600e+00	-2.498050e-04
42	RESET	-1.901650e+00	-2.789200e-04
42	RESET	-1.951670e+00	-3.033650e-04
42	RESET	-2.001720e+00	-3.312930e-04
42	RESET	-2.001690e+00	-3.214760e-04
42	RESET	-1.951670e+00	-3.003660e-04
42	RESET	-1.901640e+00	-2.800050e-04
42	RESET	-1.851630e+00	-2.659010e-04
42	RESET	-1.801560e+00	-2.420360e-04
42	RESET	-1.751540e+00	-2.242080e-04
42	RESET	-1.701500e+00	-2.069320e-04
42	RESET	-1.651460e+00	-1.925170e-04
42	RESET	-1.601400e+00	-1.762600e-04
42	RESET	-1.551410e+00	-1.617360e-04
42	RESET	-1.501330e+00	-1.494070e-04
42	RESET	-1.451320e+00	-1.372830e-04
42	RESET	-1.401290e+00	-1.263620e-04
42	RESET	-1.351270e+00	-1.146440e-04
42	RESET	-1.301200e+00	-1.050200e-04
42	RESET	-1.251150e+00	-9.437020e-05
42	RESET	-1.201140e+00	-8.505920e-05
42	RESET	-1.151110e+00	-7.701620e-05
42	RESET	-1.101040e+00	-6.755220e-05
42	RESET	-1.050970e+00	-6.045890e-05
42	RESET	-1.000960e+00	-5.385720e-05
42	RESET	-9.509270e-01	-4.726110e-05
42	RESET	-9.008510e-01	-4.034200e-05
42	RESET	-8.508020e-01	-3.476450e-05
42	RESET	-8.007970e-01	-2.989270e-05
42	RESET	-7.507370e-01	-2.549230e-05
42	RESET	-7.006950e-01	-2.130960e-05
42	RESET	-6.506470e-01	-1.786350e-05
42	RESET	-6.006300e-01	-1.473440e-05
42	RESET	-5.505770e-01	-1.194490e-05
42	RESET	-5.005490e-01	-9.557450e-06
42	RESET	-4.504730e-01	-7.596660e-06
42	RESET	-4.004440e-01	-5.711060e-06
42	RESET	-3.504060e-01	-4.266790e-06
42	RESET	-3.003560e-01	-3.149840e-06
42	RESET	-2.502810e-01	-2.319990e-06
42	RESET	-2.001620e-01	-1.629660e-06
42	RESET	-1.501240e-01	-1.078730e-06
42	RESET	-1.000730e-01	-6.630750e-07
42	RESET	-5.003130e-02	-3.122320e-07
42	RESET	-1.678470e-05	-2.449750e-11
43	SET	-1.721380e-05	2.886060e-11
43	SET	5.000190e-02	3.721870e-07
43	SET	1.000700e-01	6.856680e-07
43	SET	1.501120e-01	1.140880e-06
43	SET	2.001430e-01	1.645200e-06
43	SET	2.500630e-01	2.319860e-06
43	SET	3.000750e-01	3.079920e-06
43	SET	3.501230e-01	4.224740e-06
43	SET	4.001500e-01	6.734810e-06
43	SET	4.501450e-01	7.301410e-06
43	SET	5.002600e-01	1.100480e-04
43	SET	5.502880e-01	9.620170e-06
43	SET	6.003100e-01	1.100430e-04
43	SET	6.503960e-01	1.100400e-04
43	SET	7.004190e-01	1.100380e-04
43	SET	7.504760e-01	1.100440e-04
43	SET	8.005060e-01	1.100390e-04
43	SET	8.505780e-01	1.100390e-04
43	SET	9.005920e-01	1.100380e-04
43	SET	9.506330e-01	1.100380e-04
43	SET	1.000670e+00	1.100380e-04
43	SET	1.050720e+00	1.100420e-04
43	SET	1.100730e+00	1.100400e-04
43	SET	1.150800e+00	1.100360e-04
43	SET	1.200810e+00	1.100390e-04
43	SET	1.250880e+00	1.100320e-04
43	SET	1.300920e+00	1.100370e-04
43	SET	1.350940e+00	1.100390e-04
43	SET	1.400970e+00	1.100370e-04
43	SET	1.451020e+00	1.100380e-04
43	SET	1.501040e+00	1.100410e-04
43	SET	1.551080e+00	1.100380e-04
43	SET	1.601140e+00	1.100370e-04
43	SET	1.651150e+00	1.100390e-04
43	SET	1.701170e+00	1.100380e-04
43	SET	1.751220e+00	1.100380e-04
43	SET	1.801270e+00	1.100340e-04
43	SET	1.851310e+00	1.100370e-04
43	SET	1.901330e+00	1.100360e-04
43	SET	1.951370e+00	1.100420e-04
43	SET	2.001420e+00	1.100410e-04
43	SET	2.050380e+00	1.100410e-04
43	SET	2.100310e+00	1.100410e-04
43	SET	2.150760e+00	1.100390e-04
43	SET	2.200600e+00	1.100360e-04
43	SET	2.250660e+00	1.100400e-04
43	SET	2.300480e+00	1.100390e-04
43	SET	2.350800e+00	1.100420e-04
43	SET	2.400620e+00	1.100400e-04
43	SET	2.450610e+00	1.100400e-04
43	SET	2.500760e+00	1.100420e-04
43	SET	2.550970e+00	1.100390e-04
43	SET	2.600920e+00	1.100360e-04
43	SET	2.650810e+00	1.100390e-04
43	SET	2.701150e+00	1.100410e-04
43	SET	2.750970e+00	1.100400e-04
43	SET	2.800820e+00	1.100400e-04
43	SET	2.851050e+00	1.100440e-04
43	SET	2.901180e+00	1.100390e-04
43	SET	2.951220e+00	1.100380e-04
43	SET	3.001230e+00	1.100350e-04
43	SET	3.001150e+00	1.100370e-04
43	SET	2.951210e+00	1.100390e-04
43	SET	2.901320e+00	1.100380e-04
43	SET	2.851040e+00	1.100430e-04
43	SET	2.800920e+00	1.100400e-04
43	SET	2.751130e+00	1.100370e-04
43	SET	2.701060e+00	1.100380e-04
43	SET	2.650950e+00	1.100380e-04
43	SET	2.600910e+00	1.100420e-04
43	SET	2.550920e+00	1.100400e-04
43	SET	2.500800e+00	1.100430e-04
43	SET	2.450450e+00	1.100420e-04
43	SET	2.400820e+00	1.100390e-04
43	SET	2.350670e+00	1.100380e-04
43	SET	2.300410e+00	1.100400e-04
43	SET	2.250520e+00	1.100360e-04
43	SET	2.200640e+00	1.100360e-04
43	SET	2.150450e+00	1.100430e-04
43	SET	2.100100e+00	1.100420e-04
43	SET	2.050230e+00	1.100370e-04
43	SET	2.001410e+00	1.100400e-04
43	SET	1.951380e+00	1.100390e-04
43	SET	1.901330e+00	1.100440e-04
43	SET	1.851320e+00	1.100380e-04
43	SET	1.801260e+00	1.100380e-04
43	SET	1.751240e+00	1.100360e-04
43	SET	1.701190e+00	1.100390e-04
43	SET	1.651150e+00	1.100350e-04
43	SET	1.601120e+00	1.100380e-04
43	SET	1.551090e+00	1.100360e-04
43	SET	1.501040e+00	1.100350e-04
43	SET	1.451040e+00	1.100370e-04
43	SET	1.400980e+00	1.100390e-04
43	SET	1.350950e+00	1.100400e-04
43	SET	1.300920e+00	1.100390e-04
43	SET	1.250880e+00	1.100360e-04
43	SET	1.200830e+00	1.100380e-04
43	SET	1.150800e+00	1.100400e-04
43	SET	1.100730e+00	1.100400e-04
43	SET	1.050740e+00	1.100360e-04
43	SET	1.000660e+00	1.100450e-04
43	SET	9.506570e-01	1.100340e-04
43	SET	9.005890e-01	1.100390e-04
43	SET	8.505610e-01	1.100370e-04
43	SET	8.004860e-01	1.100400e-04
43	SET	7.504750e-01	1.100420e-04
43	SET	7.004000e-01	1.100390e-04
43	SET	6.503960e-01	1.100390e-04
43	SET	6.003160e-01	1.100390e-04
43	SET	5.502900e-01	1.100370e-04
43	SET	5.002580e-01	1.100360e-04
43	SET	4.502320e-01	1.100400e-04
43	SET	4.001420e-01	1.100390e-04
43	SET	3.501640e-01	1.100340e-04
43	SET	3.000970e-01	1.016700e-04
43	SET	2.500510e-01	7.071420e-05
43	SET	2.001450e-01	4.664490e-05
43	SET	1.501120e-01	2.948460e-05
43	SET	1.000700e-01	1.728180e-05
43	SET	5.003370e-02	7.991710e-06
43	SET	-1.208780e-05	4.462230e-09
43	RESET	-1.721380e-05	5.713700e-09
43	RESET	-5.002840e-02	-7.951780e-06
43	RESET	-1.000180e-01	-1.595050e-05
43	RESET	-1.501190e-01	-2.740290e-05
43	RESET	-2.001580e-01	-4.269490e-05
43	RESET	-2.502960e-01	-6.276430e-05
43	RESET	-3.003640e-01	-8.661430e-05
43	RESET	-3.504030e-01	-1.121580e-04
43	RESET	-4.004460e-01	-1.318610e-04
43	RESET	-4.504640e-01	-1.414910e-04
43	RESET	-5.005330e-01	-1.280280e-04
43	RESET	-5.505660e-01	-1.280670e-04
43	RESET	-6.006150e-01	-1.136180e-04
43	RESET	-6.506170e-01	-9.850860e-05
43	RESET	-7.006990e-01	-9.892880e-05
43	RESET	-7.507270e-01	-1.047200e-04
43	RESET	-8.008090e-01	-8.962250e-05
43	RESET	-8.507960e-01	-8.812880e-05
43	RESET	-9.008920e-01	-9.077040e-05
43	RESET	-9.509030e-01	-8.827700e-05
43	RESET	-1.000950e+00	-9.404730e-05
43	RESET	-1.050970e+00	-9.191110e-05
43	RESET	-1.101030e+00	-9.528790e-05
43	RESET	-1.151120e+00	-1.030080e-04
43	RESET	-1.201090e+00	-1.128960e-04
43	RESET	-1.251180e+00	-1.135900e-04
43	RESET	-1.301190e+00	-1.183830e-04
43	RESET	-1.351250e+00	-1.287000e-04
43	RESET	-1.401260e+00	-1.444840e-04
43	RESET	-1.451350e+00	-1.469470e-04
43	RESET	-1.501370e+00	-1.586420e-04
43	RESET	-1.551420e+00	-1.693400e-04
43	RESET	-1.601410e+00	-1.788290e-04
43	RESET	-1.651450e+00	-1.954600e-04
43	RESET	-1.701480e+00	-2.069070e-04
43	RESET	-1.751550e+00	-2.228120e-04
43	RESET	-1.801540e+00	-2.398050e-04
43	RESET	-1.851620e+00	-2.520790e-04
43	RESET	-1.901650e+00	-2.870090e-04
43	RESET	-1.951670e+00	-3.138300e-04
43	RESET	-2.001700e+00	-3.328140e-04
43	RESET	-2.001680e+00	-3.281990e-04
43	RESET	-1.951660e+00	-3.067980e-04
43	RESET	-1.901630e+00	-2.745690e-04
43	RESET	-1.851590e+00	-2.598680e-04
43	RESET	-1.801540e+00	-2.402150e-04
43	RESET	-1.751540e+00	-2.253870e-04
43	RESET	-1.701490e+00	-2.090120e-04
43	RESET	-1.651470e+00	-1.922040e-04
43	RESET	-1.601400e+00	-1.780230e-04
43	RESET	-1.551410e+00	-1.636150e-04
43	RESET	-1.501340e+00	-1.506650e-04
43	RESET	-1.451340e+00	-1.377680e-04
43	RESET	-1.401260e+00	-1.261450e-04
43	RESET	-1.351250e+00	-1.147090e-04
43	RESET	-1.301190e+00	-1.048910e-04
43	RESET	-1.251150e+00	-9.449010e-05
43	RESET	-1.201150e+00	-8.585660e-05
43	RESET	-1.151090e+00	-7.700580e-05
43	RESET	-1.101040e+00	-6.861160e-05
43	RESET	-1.050960e+00	-6.038160e-05
43	RESET	-1.000950e+00	-5.349760e-05
43	RESET	-9.509010e-01	-4.667700e-05
43	RESET	-9.008490e-01	-4.095670e-05
43	RESET	-8.508050e-01	-3.509200e-05
43	RESET	-8.007920e-01	-3.021820e-05
43	RESET	-7.507340e-01	-2.541310e-05
43	RESET	-7.007120e-01	-2.108880e-05
43	RESET	-6.506350e-01	-1.763370e-05
43	RESET	-6.006140e-01	-1.413390e-05
43	RESET	-5.505660e-01	-1.175740e-05
43	RESET	-5.005270e-01	-9.751480e-06
43	RESET	-4.504660e-01	-7.798980e-06
43	RESET	-4.004570e-01	-6.016230e-06
43	RESET	-3.503970e-01	-4.529950e-06
43	RESET	-3.003700e-01	-3.438710e-06
43	RESET	-2.502990e-01	-2.586240e-06
43	RESET	-2.001560e-01	-1.876230e-06
43	RESET	-1.501210e-01	-1.248710e-06
43	RESET	-1.000690e-01	-7.704990e-07
43	RESET	-5.003170e-02	-3.694940e-07
43	RESET	-1.730920e-05	-4.017350e-12
44	SET	-1.254080e-05	2.341630e-10
44	SET	5.000680e-02	3.962300e-07
44	SET	1.000710e-01	7.424870e-07
44	SET	1.501100e-01	1.197840e-06
44	SET	2.001400e-01	1.741650e-06
44	SET	2.500510e-01	2.364810e-06
44	SET	3.000760e-01	3.043850e-06
44	SET	3.501420e-01	3.734750e-06
44	SET	4.001580e-01	4.638310e-06
44	SET	4.502150e-01	5.856690e-06
44	SET	5.002540e-01	7.815980e-06
44	SET	5.503020e-01	1.100420e-04
44	SET	6.003250e-01	1.100400e-04
44	SET	6.503820e-01	1.100380e-04
44	SET	7.004250e-01	1.100380e-04
44	SET	7.504560e-01	1.100400e-04
44	SET	8.004990e-01	1.100390e-04
44	SET	8.505640e-01	1.100350e-04
44	SET	9.005880e-01	1.100360e-04
44	SET	9.506600e-01	1.100350e-04
44	SET	1.000670e+00	1.100390e-04
44	SET	1.050720e+00	1.100370e-04
44	SET	1.100750e+00	1.100370e-04
44	SET	1.150780e+00	1.100350e-04
44	SET	1.200840e+00	1.100390e-04
44	SET	1.250890e+00	1.100350e-04
44	SET	1.300910e+00	1.100420e-04
44	SET	1.350980e+00	1.100400e-04
44	SET	1.400990e+00	1.100340e-04
44	SET	1.451030e+00	1.100400e-04
44	SET	1.501030e+00	1.100380e-04
44	SET	1.551090e+00	1.100370e-04
44	SET	1.601120e+00	1.100420e-04
44	SET	1.651140e+00	1.100400e-04
44	SET	1.701180e+00	1.100400e-04
44	SET	1.751240e+00	1.100420e-04
44	SET	1.801250e+00	1.100390e-04
44	SET	1.851310e+00	1.100400e-04
44	SET	1.901340e+00	1.100420e-04
44	SET	1.951380e+00	1.100410e-04
44	SET	2.001390e+00	1.100400e-04
44	SET	2.050220e+00	1.100390e-04
44	SET	2.100350e+00	1.100370e-04
44	SET	2.150640e+00	1.100380e-04
44	SET	2.200610e+00	1.100420e-04
44	SET	2.250700e+00	1.100400e-04
44	SET	2.300450e+00	1.100390e-04
44	SET	2.350660e+00	1.100390e-04
44	SET	2.400560e+00	1.100400e-04
44	SET	2.450760e+00	1.100450e-04
44	SET	2.500840e+00	1.100390e-04
44	SET	2.550940e+00	1.100420e-04
44	SET	2.600980e+00	1.100400e-04
44	SET	2.650980e+00	1.100430e-04
44	SET	2.700900e+00	1.100420e-04
44	SET	2.750790e+00	1.100380e-04
44	SET	2.800780e+00	1.100450e-04
44	SET	2.851060e+00	1.100410e-04
44	SET	2.901250e+00	1.100420e-04
44	SET	2.951150e+00	1.100390e-04
44	SET	3.001120e+00	1.100370e-04
44	SET	3.001230e+00	1.100380e-04
44	SET	2.950990e+00	1.100370e-04
44	SET	2.901090e+00	1.100390e-04
44	SET	2.851020e+00	1.100420e-04
44	SET	2.800900e+00	1.100440e-04
44	SET	2.750970e+00	1.100390e-04
44	SET	2.700980e+00	1.100380e-04
44	SET	2.650820e+00	1.100400e-04
44	SET	2.600820e+00	1.100400e-04
44	SET	2.550940e+00	1.100410e-04
44	SET	2.500740e+00	1.100430e-04
44	SET	2.450320e+00	1.100390e-04
44	SET	2.400630e+00	1.100340e-04
44	SET	2.350920e+00	1.100390e-04
44	SET	2.300480e+00	1.100380e-04
44	SET	2.250640e+00	1.100340e-04
44	SET	2.200520e+00	1.100390e-04
44	SET	2.150700e+00	1.100340e-04
44	SET	2.100310e+00	1.100410e-04
44	SET	2.050280e+00	1.100360e-04
44	SET	2.001400e+00	1.100370e-04
44	SET	1.951370e+00	1.100390e-04
44	SET	1.901310e+00	1.100420e-04
44	SET	1.851300e+00	1.100390e-04
44	SET	1.801260e+00	1.100390e-04
44	SET	1.751240e+00	1.100360e-04
44	SET	1.701180e+00	1.100390e-04
44	SET	1.651160e+00	1.100360e-04
44	SET	1.601110e+00	1.100360e-04
44	SET	1.551070e+00	1.100390e-04
44	SET	1.501020e+00	1.100380e-04
44	SET	1.451020e+00	1.100390e-04
44	SET	1.400990e+00	1.100380e-04
44	SET	1.350940e+00	1.100400e-04
44	SET	1.300900e+00	1.100380e-04
44	SET	1.250880e+00	1.100380e-04
44	SET	1.200830e+00	1.100400e-04
44	SET	1.150780e+00	1.100390e-04
44	SET	1.100730e+00	1.100370e-04
44	SET	1.050720e+00	1.100400e-04
44	SET	1.000680e+00	1.100370e-04
44	SET	9.506450e-01	1.100370e-04
44	SET	9.005870e-01	1.100370e-04
44	SET	8.505770e-01	1.100390e-04
44	SET	8.004880e-01	1.100410e-04
44	SET	7.504700e-01	1.100390e-04
44	SET	7.004000e-01	1.100430e-04
44	SET	6.504050e-01	1.100370e-04
44	SET	6.003210e-01	1.100400e-04
44	SET	5.502900e-01	1.100410e-04
44	SET	5.002420e-01	1.100420e-04
44	SET	4.502170e-01	1.100400e-04
44	SET	4.001720e-01	1.100420e-04
44	SET	3.501340e-01	1.100330e-04
44	SET	3.000610e-01	8.968220e-05
44	SET	2.500390e-01	6.148870e-05
44	SET	2.001530e-01	4.044070e-05
44	SET	1.501170e-01	2.561970e-05
44	SET	1.000760e-01	1.511540e-05
44	SET	5.004000e-02	7.018520e-06
44	SET	-9.298320e-06	3.835330e-09
44	RESET	-1.344680e-05	4.437920e-09
44	RESET	-5.002250e-02	-6.990130e-06
44	RESET	-1.000200e-01	-1.468750e-05
44	RESET	-1.501130e-01	-2.473260e-05
44	RESET	-2.001530e-01	-3.855290e-05
44	RESET	-2.502840e-01	-5.690140e-05
44	RESET	-3.003330e-01	-7.995540e-05
44	RESET	-3.503770e-01	-1.027240e-04
44	RESET	-4.004430e-01	-1.266020e-04
44	RESET	-4.504730e-01	-1.497510e-04
44	RESET	-5.005400e-01	-1.581240e-04
44	RESET	-5.505590e-01	-1.335700e-04
44	RESET	-6.006260e-01	-1.146120e-04
44	RESET	-6.506560e-01	-1.118970e-04
44	RESET	-7.006910e-01	-1.009040e-04
44	RESET	-7.507350e-01	-1.023670e-04
44	RESET	-8.007840e-01	-1.050990e-04
44	RESET	-8.508180e-01	-1.001690e-04
44	RESET	-9.008720e-01	-1.064830e-04
44	RESET	-9.509160e-01	-1.044100e-04
44	RESET	-1.000940e+00	-1.007750e-04
44	RESET	-1.050970e+00	-1.080210e-04
44	RESET	-1.101030e+00	-1.185620e-04
44	RESET	-1.151100e+00	-1.122260e-04
44	RESET	-1.201110e+00	-1.144070e-04
44	RESET	-1.251170e+00	-1.328800e-04
44	RESET	-1.301200e+00	-1.306710e-04
44	RESET	-1.351260e+00	-1.379880e-04
44	RESET	-1.401270e+00	-1.473400e-04
44	RESET	-1.451300e+00	-1.610790e-04
44	RESET	-1.501340e+00	-1.625590e-04
44	RESET	-1.551410e+00	-1.622330e-04
44	RESET	-1.601400e+00	-1.796710e-04
44	RESET	-1.651460e+00	-1.850240e-04
44	RESET	-1.701490e+00	-2.088140e-04
44	RESET	-1.751530e+00	-2.223740e-04
44	RESET	-1.801540e+00	-2.472170e-04
44	RESET	-1.851610e+00	-2.656140e-04
44	RESET	-1.901640e+00	-2.975340e-04
44	RESET	-1.951680e+00	-3.079110e-04
44	RESET	-2.001680e+00	-3.440340e-04
44	RESET	-2.001720e+00	-3.416530e-04
44	RESET	-1.951660e+00	-3.088010e-04
44	RESET	-1.901640e+00	-2.817090e-04
44	RESET	-1.851620e+00	-2.615000e-04
44	RESET	-1.801540e+00	-2.388690e-04
44	RESET	-1.751550e+00	-2.218760e-04
44	RESET	-1.701510e+00	-2.051020e-04
44	RESET	-1.651470e+00	-1.913730e-04
44	RESET	-1.601420e+00	-1.781920e-04
44	RESET	-1.551400e+00	-1.615060e-04
44	RESET	-1.501340e+00	-1.499850e-04
44	RESET	-1.451300e+00	-1.374020e-04
44	RESET	-1.401240e+00	-1.249440e-04
44	RESET	-1.351240e+00	-1.143360e-04
44	RESET	-1.301170e+00	-1.045850e-04
44	RESET	-1.251160e+00	-9.390370e-05
44	RESET	-1.201100e+00	-8.437350e-05
44	RESET	-1.151120e+00	-7.607550e-05
44	RESET	-1.101030e+00	-6.700400e-05
44	RESET	-1.050960e+00	-5.921050e-05
44	RESET	-1.000940e+00	-5.179140e-05
44	RESET	-9.508860e-01	-4.594000e-05
44	RESET	-9.008590e-01	-3.993300e-05
44	RESET	-8.508280e-01	-3.423550e-05
44	RESET	-8.007860e-01	-2.956110e-05
44	RESET	-7.507230e-01	-2.512770e-05
44	RESET	-7.006830e-01	-2.122060e-05
44	RESET	-6.506260e-01	-1.795710e-05
44	RESET	-6.006130e-01	-1.521500e-05
44	RESET	-5.505810e-01	-1.230200e-05
44	RESET	-5.005190e-01	-1.010430e-05
44	RESET	-4.504750e-01	-8.018560e-06
44	RESET	-4.004730e-01	-6.388070e-06
44	RESET	-3.503950e-01	-4.843550e-06
44	RESET	-3.003490e-01	-3.594220e-06
44	RESET	-2.503000e-01	-2.542540e-06
44	RESET	-2.001560e-01	-1.768860e-06
44	RESET	-1.501160e-01	-1.183940e-06
44	RESET	-1.000720e-01	-7.263310e-07
44	RESET	-5.002860e-02	-3.269320e-07
44	RESET	-1.406670e-05	1.968380e-10
45	SET	-1.208780e-05	2.397300e-11
45	SET	5.000670e-02	3.871430e-07
45	SET	1.000700e-01	7.561800e-07
45	SET	1.501070e-01	1.237720e-06
45	SET	2.001470e-01	1.769230e-06
45	SET	2.500620e-01	2.486070e-06
45	SET	3.000780e-01	3.350910e-06
45	SET	3.501320e-01	4.161530e-06
45	SET	4.001250e-01	9.587680e-05
45	SET	4.502090e-01	1.100460e-04
45	SET	5.002180e-01	1.100430e-04
45	SET	5.502890e-01	1.100410e-04
45	SET	6.003090e-01	1.100460e-04
45	SET	6.504110e-01	1.100420e-04
45	SET	7.004080e-01	1.100420e-04
45	SET	7.504470e-01	1.100420e-04
45	SET	8.004930e-01	1.100400e-04
45	SET	8.505520e-01	1.100410e-04
45	SET	9.005780e-01	1.100400e-04
45	SET	9.506290e-01	1.100380e-04
45	SET	1.000670e+00	1.100370e-04
45	SET	1.050730e+00	1.100420e-04
45	SET	1.100740e+00	1.100400e-04
45	SET	1.150800e+00	1.100370e-04
45	SET	1.200830e+00	1.100380e-04
45	SET	1.250870e+00	1.100380e-04
45	SET	1.300900e+00	1.100390e-04
45	SET	1.350960e+00	1.100420e-04
45	SET	1.400980e+00	1.100370e-04
45	SET	1.451010e+00	1.100410e-04
45	SET	1.501020e+00	1.100410e-04
45	SET	1.551100e+00	1.100380e-04
45	SET	1.601110e+00	1.100380e-04
45	SET	1.651170e+00	1.100390e-04
45	SET	1.701180e+00	1.100420e-04
45	SET	1.751230e+00	1.100390e-04
45	SET	1.801260e+00	1.100430e-04
45	SET	1.851310e+00	1.100380e-04
45	SET	1.901330e+00	1.100400e-04
45	SET	1.951370e+00	1.100390e-04
45	SET	2.001400e+00	1.100390e-04
45	SET	2.050170e+00	1.100430e-04
45	SET	2.100090e+00	1.100400e-04
45	SET	2.150530e+00	1.100430e-04
45	SET	2.200580e+00	1.100420e-04
45	SET	2.250580e+00	1.100370e-04
45	SET	2.300320e+00	1.100400e-04
45	SET	2.350790e+00	1.100390e-04
45	SET	2.400590e+00	1.100400e-04
45	SET	2.450350e+00	1.100450e-04
45	SET	2.500810e+00	1.100420e-04
45	SET	2.550910e+00	1.100390e-04
45	SET	2.600850e+00	1.100430e-04
45	SET	2.650800e+00	1.100390e-04
45	SET	2.701070e+00	1.100370e-04
45	SET	2.750990e+00	1.100390e-04
45	SET	2.800750e+00	1.100370e-04
45	SET	2.851130e+00	1.100460e-04
45	SET	2.901300e+00	1.100400e-04
45	SET	2.951140e+00	1.100390e-04
45	SET	3.001160e+00	1.100350e-04
45	SET	3.001220e+00	1.100350e-04
45	SET	2.951260e+00	1.100420e-04
45	SET	2.901190e+00	1.100390e-04
45	SET	2.851130e+00	1.100420e-04
45	SET	2.800960e+00	1.100420e-04
45	SET	2.750880e+00	1.100400e-04
45	SET	2.701120e+00	1.100400e-04
45	SET	2.650910e+00	1.100420e-04
45	SET	2.600830e+00	1.100400e-04
45	SET	2.551090e+00	1.100390e-04
45	SET	2.500870e+00	1.100390e-04
45	SET	2.450470e+00	1.100430e-04
45	SET	2.400690e+00	1.100400e-04
45	SET	2.350540e+00	1.100400e-04
45	SET	2.300500e+00	1.100360e-04
45	SET	2.250550e+00	1.100410e-04
45	SET	2.200750e+00	1.100400e-04
45	SET	2.150550e+00	1.100390e-04
45	SET	2.100350e+00	1.100350e-04
45	SET	2.050350e+00	1.100390e-04
45	SET	2.001390e+00	1.100390e-04
45	SET	1.951380e+00	1.100420e-04
45	SET	1.901320e+00	1.100390e-04
45	SET	1.851310e+00	1.100380e-04
45	SET	1.801260e+00	1.100380e-04
45	SET	1.751230e+00	1.100360e-04
45	SET	1.701180e+00	1.100380e-04
45	SET	1.651160e+00	1.100360e-04
45	SET	1.601130e+00	1.100380e-04
45	SET	1.551110e+00	1.100380e-04
45	SET	1.501030e+00	1.100380e-04
45	SET	1.451030e+00	1.100370e-04
45	SET	1.401000e+00	1.100400e-04
45	SET	1.350960e+00	1.100410e-04
45	SET	1.300910e+00	1.100340e-04
45	SET	1.250880e+00	1.100340e-04
45	SET	1.200840e+00	1.100360e-04
45	SET	1.150800e+00	1.100400e-04
45	SET	1.100740e+00	1.100360e-04
45	SET	1.050730e+00	1.100400e-04
45	SET	1.000680e+00	1.100350e-04
45	SET	9.506580e-01	1.100360e-04
45	SET	9.005910e-01	1.100410e-04
45	SET	8.505660e-01	1.100360e-04
45	SET	8.005100e-01	1.100420e-04
45	SET	7.504960e-01	1.100370e-04
45	SET	7.004040e-01	1.100370e-04
45	SET	6.504170e-01	1.100390e-04
45	SET	6.003310e-01	1.100420e-04
45	SET	5.503120e-01	1.100430e-04
45	SET	5.002500e-01	1.100400e-04
45	SET	4.502170e-01	1.100420e-04
45	SET	4.001670e-01	1.100390e-04
45	SET	3.501630e-01	1.100290e-04
45	SET	3.000770e-01	8.855510e-05
45	SET	2.500820e-01	5.947600e-05
45	SET	2.001480e-01	3.828310e-05
45	SET	1.501100e-01	2.403860e-05
45	SET	1.000740e-01	1.412740e-05
45	SET	5.004270e-02	6.538860e-06
45	SET	-1.487730e-05	4.265180e-09
45	RESET	-1.425740e-05	6.460170e-09
45	RESET	-5.002730e-02	-6.517800e-06
45	RESET	-1.000250e-01	-1.406790e-05
45	RESET	-1.501160e-01	-2.398380e-05
45	RESET	-2.001560e-01	-3.806310e-05
45	RESET	-2.502930e-01	-5.814860e-05
45	RESET	-3.003620e-01	-8.343910e-05
45	RESET	-3.504010e-01	-9.988920e-05
45	RESET	-4.004540e-01	-1.209620e-04
45	RESET	-4.504550e-01	-1.418430e-04
45	RESET	-5.005210e-01	-1.409870e-04
45	RESET	-5.505770e-01	-1.291540e-04
45	RESET	-6.006370e-01	-1.278550e-04
45	RESET	-6.506560e-01	-1.035820e-04
45	RESET	-7.007100e-01	-1.011190e-04
45	RESET	-7.507440e-01	-8.915310e-05
45	RESET	-8.008010e-01	-9.113450e-05
45	RESET	-8.508040e-01	-8.904270e-05
45	RESET	-9.008800e-01	-9.067900e-05
45	RESET	-9.509070e-01	-8.832200e-05
45	RESET	-1.000960e+00	-9.279120e-05
45	RESET	-1.050980e+00	-9.624880e-05
45	RESET	-1.101050e+00	-9.100140e-05
45	RESET	-1.151110e+00	-9.870390e-05
45	RESET	-1.201090e+00	-1.077410e-04
45	RESET	-1.251170e+00	-1.122340e-04
45	RESET	-1.301180e+00	-1.197220e-04
45	RESET	-1.351240e+00	-1.185780e-04
45	RESET	-1.401270e+00	-1.338870e-04
45	RESET	-1.451320e+00	-1.470260e-04
45	RESET	-1.501350e+00	-1.562210e-04
45	RESET	-1.551390e+00	-1.675660e-04
45	RESET	-1.601410e+00	-1.812600e-04
45	RESET	-1.651490e+00	-1.969880e-04
45	RESET	-1.701480e+00	-2.096850e-04
45	RESET	-1.751550e+00	-2.201020e-04
45	RESET	-1.801560e+00	-2.453100e-04
45	RESET	-1.851610e+00	-2.480270e-04
45	RESET	-1.901630e+00	-2.703590e-04
45	RESET	-1.951690e+00	-2.899590e-04
45	RESET	-2.001690e+00	-3.189940e-04
45	RESET	-2.001690e+00	-3.257590e-04
45	RESET	-1.951680e+00	-2.914780e-04
45	RESET	-1.901630e+00	-2.717690e-04
45	RESET	-1.851610e+00	-2.572600e-04
45	RESET	-1.801560e+00	-2.391240e-04
45	RESET	-1.751530e+00	-2.170350e-04
45	RESET	-1.701490e+00	-2.030690e-04
45	RESET	-1.651470e+00	-1.842130e-04
45	RESET	-1.601410e+00	-1.702320e-04
45	RESET	-1.551400e+00	-1.569470e-04
45	RESET	-1.501340e+00	-1.434780e-04
45	RESET	-1.451340e+00	-1.314340e-04
45	RESET	-1.401250e+00	-1.215180e-04
45	RESET	-1.351250e+00	-1.109460e-04
45	RESET	-1.301190e+00	-1.009250e-04
45	RESET	-1.251170e+00	-9.103100e-05
45	RESET	-1.201140e+00	-8.267670e-05
45	RESET	-1.151090e+00	-7.386240e-05
45	RESET	-1.101020e+00	-6.624530e-05
45	RESET	-1.050960e+00	-5.816720e-05
45	RESET	-1.000950e+00	-5.138670e-05
45	RESET	-9.508980e-01	-4.467260e-05
45	RESET	-9.008720e-01	-3.844510e-05
45	RESET	-8.507950e-01	-3.283390e-05
45	RESET	-8.007920e-01	-2.800210e-05
45	RESET	-7.507410e-01	-2.357860e-05
45	RESET	-7.007160e-01	-1.953930e-05
45	RESET	-6.506350e-01	-1.581240e-05
45	RESET	-6.006080e-01	-1.305210e-05
45	RESET	-5.505590e-01	-1.071840e-05
45	RESET	-5.005450e-01	-8.405550e-06
45	RESET	-4.504450e-01	-6.667840e-06
45	RESET	-4.004670e-01	-5.288290e-06
45	RESET	-3.504060e-01	-3.941480e-06
45	RESET	-3.003310e-01	-2.949030e-06
45	RESET	-2.503090e-01	-2.185100e-06
45	RESET	-2.001530e-01	-1.591630e-06
45	RESET	-1.501180e-01	-1.108250e-06
45	RESET	-1.000700e-01	-7.075900e-07
45	RESET	-5.002810e-02	-3.285800e-07
45	RESET	-7.963180e-06	-1.385210e-11
46	SET	-1.597400e-05	2.962950e-10
46	SET	5.000430e-02	3.719080e-07
46	SET	1.000740e-01	7.060310e-07
46	SET	1.501080e-01	1.107220e-06
46	SET	2.001460e-01	1.641710e-06
46	SET	2.500640e-01	2.215260e-06
46	SET	3.000710e-01	2.884060e-06
46	SET	3.501240e-01	4.793900e-06
46	SET	4.001620e-01	5.994230e-06
46	SET	4.502230e-01	6.379060e-06
46	SET	5.002520e-01	8.468210e-06
46	SET	5.502770e-01	9.005750e-06
46	SET	6.003260e-01	1.100440e-04
46	SET	6.504180e-01	1.100340e-04
46	SET	7.004330e-01	1.100400e-04
46	SET	7.504770e-01	1.100350e-04
46	SET	8.004840e-01	1.100430e-04
46	SET	8.505520e-01	1.100390e-04
46	SET	9.005780e-01	1.100390e-04
46	SET	9.506400e-01	1.100340e-04
46	SET	1.000670e+00	1.100380e-04
46	SET	1.050710e+00	1.100410e-04
46	SET	1.100740e+00	1.100380e-04
46	SET	1.150780e+00	1.100420e-04
46	SET	1.200820e+00	1.100380e-04
46	SET	1.250880e+00	1.100380e-04
46	SET	1.300900e+00	1.100400e-04
46	SET	1.350940e+00	1.100390e-04
46	SET	1.400960e+00	1.100400e-04
46	SET	1.451050e+00	1.100370e-04
46	SET	1.501030e+00	1.100360e-04
46	SET	1.551070e+00	1.100380e-04
46	SET	1.601130e+00	1.100380e-04
46	SET	1.651150e+00	1.100420e-04
46	SET	1.701190e+00	1.100390e-04
46	SET	1.751220e+00	1.100390e-04
46	SET	1.801250e+00	1.100420e-04
46	SET	1.851300e+00	1.100430e-04
46	SET	1.901330e+00	1.100400e-04
46	SET	1.951380e+00	1.100400e-04
46	SET	2.001400e+00	1.100400e-04
46	SET	2.050300e+00	1.100400e-04
46	SET	2.100190e+00	1.100380e-04
46	SET	2.150580e+00	1.100420e-04
46	SET	2.200540e+00	1.100360e-04
46	SET	2.250590e+00	1.100380e-04
46	SET	2.300520e+00	1.100390e-04
46	SET	2.350870e+00	1.100360e-04
46	SET	2.400550e+00	1.100420e-04
46	SET	2.450520e+00	1.100400e-04
46	SET	2.500820e+00	1.100390e-04
46	SET	2.550790e+00	1.100380e-04
46	SET	2.600820e+00	1.100390e-04
46	SET	2.650670e+00	1.100380e-04
46	SET	2.701060e+00	1.100380e-04
46	SET	2.750970e+00	1.100410e-04
46	SET	2.800810e+00	1.100390e-04
46	SET	2.851040e+00	1.100430e-04
46	SET	2.901200e+00	1.100390e-04
46	SET	2.951000e+00	1.100390e-04
46	SET	3.001150e+00	1.100350e-04
46	SET	3.001220e+00	1.100360e-04
46	SET	2.951120e+00	1.100360e-04
46	SET	2.901080e+00	1.100420e-04
46	SET	2.851050e+00	1.100420e-04
46	SET	2.800780e+00	1.100420e-04
46	SET	2.750760e+00	1.100390e-04
46	SET	2.701010e+00	1.100420e-04
46	SET	2.650780e+00	1.100400e-04
46	SET	2.600760e+00	1.100370e-04
46	SET	2.550810e+00	1.100400e-04
46	SET	2.501090e+00	1.100390e-04
46	SET	2.450520e+00	1.100390e-04
46	SET	2.400740e+00	1.100380e-04
46	SET	2.350760e+00	1.100420e-04
46	SET	2.300700e+00	1.100410e-04
46	SET	2.250730e+00	1.100380e-04
46	SET	2.200650e+00	1.100390e-04
46	SET	2.150530e+00	1.100380e-04
46	SET	2.100170e+00	1.100370e-04
46	SET	2.050130e+00	1.100410e-04
46	SET	2.001390e+00	1.100410e-04
46	SET	1.951390e+00	1.100380e-04
46	SET	1.901310e+00	1.100360e-04
46	SET	1.851320e+00	1.100400e-04
46	SET	1.801240e+00	1.100380e-04
46	SET	1.751220e+00	1.100360e-04
46	SET	1.701170e+00	1.100420e-04
46	SET	1.651170e+00	1.100380e-04
46	SET	1.601120e+00	1.100420e-04
46	SET	1.551090e+00	1.100350e-04
46	SET	1.501040e+00	1.100380e-04
46	SET	1.451040e+00	1.100360e-04
46	SET	1.400990e+00	1.100340e-04
46	SET	1.350940e+00	1.100370e-04
46	SET	1.300920e+00	1.100350e-04
46	SET	1.250890e+00	1.100340e-04
46	SET	1.200820e+00	1.100380e-04
46	SET	1.150810e+00	1.100360e-04
46	SET	1.100740e+00	1.100380e-04
46	SET	1.050730e+00	1.100380e-04
46	SET	1.000680e+00	1.100390e-04
46	SET	9.506490e-01	1.100350e-04
46	SET	9.005640e-01	1.100370e-04
46	SET	8.505580e-01	1.100410e-04
46	SET	8.004980e-01	1.100380e-04
46	SET	7.504370e-01	1.100390e-04
46	SET	7.004120e-01	1.100400e-04
46	SET	6.503930e-01	1.100370e-04
46	SET	6.003070e-01	1.100390e-04
46	SET	5.502920e-01	1.100420e-04
46	SET	5.002500e-01	1.100390e-04
46	SET	4.502330e-01	1.100340e-04
46	SET	4.001510e-01	1.100390e-04
46	SET	3.501370e-01	1.100280e-04
46	SET	3.000670e-01	1.029530e-04
46	SET	2.500440e-01	7.016510e-05
46	SET	2.001460e-01	4.494970e-05
46	SET	1.501060e-01	2.793180e-05
46	SET	1.000710e-01	1.617460e-05
46	SET	5.003640e-02	7.448440e-06
46	SET	-1.623630e-05	4.723950e-09
46	RESET	-1.883510e-05	6.343140e-09
46	RESET	-5.003120e-02	-7.373550e-06
46	RESET	-1.000250e-01	-1.553670e-05
46	RESET	-1.501210e-01	-2.690890e-05
46	RESET	-2.001580e-01	-4.299160e-05
46	RESET	-2.502940e-01	-6.507480e-05
46	RESET	-3.003660e-01	-7.409710e-05
46	RESET	-3.503800e-01	-9.456720e-05
46	RESET	-4.004530e-01	-1.142660e-04
46	RESET	-4.504710e-01	-1.380040e-04
46	RESET	-5.005050e-01	-1.539770e-04
46	RESET	-5.505650e-01	-1.367120e-04
46	RESET	-6.006330e-01	-1.076320e-04
46	RESET	-6.506300e-01	-9.724630e-05
46	RESET	-7.006950e-01	-9.141080e-05
46	RESET	-7.507480e-01	-8.619270e-05
46	RESET	-8.007940e-01	-8.947660e-05
46	RESET	-8.508180e-01	-9.009840e-05
46	RESET	-9.008850e-01	-8.632970e-05
46	RESET	-9.509090e-01	-8.912710e-05
46	RESET	-1.000960e+00	-9.590410e-05
46	RESET	-1.050980e+00	-9.611770e-05
46	RESET	-1.101040e+00	-9.918240e-05
46	RESET	-1.151100e+00	-1.013680e-04
46	RESET	-1.201110e+00	-1.095600e-04
46	RESET	-1.251150e+00	-1.158080e-04
46	RESET	-1.301200e+00	-1.255630e-04
46	RESET	-1.351270e+00	-1.321560e-04
46	RESET	-1.401250e+00	-1.311820e-04
46	RESET	-1.451320e+00	-1.467970e-04
46	RESET	-1.501350e+00	-1.511560e-04
46	RESET	-1.551410e+00	-1.663130e-04
46	RESET	-1.601410e+00	-1.711960e-04
46	RESET	-1.651440e+00	-1.897520e-04
46	RESET	-1.701470e+00	-1.934970e-04
46	RESET	-1.751540e+00	-2.200920e-04
46	RESET	-1.801540e+00	-2.375150e-04
46	RESET	-1.851600e+00	-2.462620e-04
46	RESET	-1.901660e+00	-2.752540e-04
46	RESET	-1.951680e+00	-2.963210e-04
46	RESET	-2.001710e+00	-3.317800e-04
46	RESET	-2.001710e+00	-3.299360e-04
46	RESET	-1.951690e+00	-2.989290e-04
46	RESET	-1.901640e+00	-2.821420e-04
46	RESET	-1.851610e+00	-2.636570e-04
46	RESET	-1.801550e+00	-2.453680e-04
46	RESET	-1.751540e+00	-2.270640e-04
46	RESET	-1.701500e+00	-2.089780e-04
46	RESET	-1.651490e+00	-1.925300e-04
46	RESET	-1.601430e+00	-1.787940e-04
46	RESET	-1.551400e+00	-1.642330e-04
46	RESET	-1.501360e+00	-1.497940e-04
46	RESET	-1.451320e+00	-1.369740e-04
46	RESET	-1.401250e+00	-1.257020e-04
46	RESET	-1.351270e+00	-1.140820e-04
46	RESET	-1.301200e+00	-1.027720e-04
46	RESET	-1.251180e+00	-9.357470e-05
46	RESET	-1.201140e+00	-8.476660e-05
46	RESET	-1.151100e+00	-7.558560e-05
46	RESET	-1.101030e+00	-6.690360e-05
46	RESET	-1.050970e+00	-6.029480e-05
46	RESET	-1.000960e+00	-5.401820e-05
46	RESET	-9.509130e-01	-4.701110e-05
46	RESET	-9.008640e-01	-4.050580e-05
46	RESET	-8.508350e-01	-3.490830e-05
46	RESET	-8.008050e-01	-3.009220e-05
46	RESET	-7.507560e-01	-2.538270e-05
46	RESET	-7.006860e-01	-2.109480e-05
46	RESET	-6.506610e-01	-1.773640e-05
46	RESET	-6.006120e-01	-1.520720e-05
46	RESET	-5.505780e-01	-1.221000e-05
46	RESET	-5.005020e-01	-1.007960e-05
46	RESET	-4.504560e-01	-7.877170e-06
46	RESET	-4.004670e-01	-6.314710e-06
46	RESET	-3.504010e-01	-4.823940e-06
46	RESET	-3.003800e-01	-3.520110e-06
46	RESET	-2.503160e-01	-2.642740e-06
46	RESET	-2.001610e-01	-1.934260e-06
46	RESET	-1.501170e-01	-1.308850e-06
46	RESET	-1.000760e-01	-7.836750e-07
46	RESET	-5.002850e-02	-3.810640e-07
46	RESET	-1.633170e-05	7.189510e-11
47	SET	-1.299380e-05	3.097420e-10
47	SET	5.000410e-02	4.197860e-07
47	SET	1.000740e-01	8.277900e-07
47	SET	1.501080e-01	1.332870e-06
47	SET	2.001530e-01	1.897950e-06
47	SET	2.500650e-01	2.635130e-06
47	SET	3.000620e-01	3.476520e-06
47	SET	3.501580e-01	6.245650e-06
47	SET	4.001680e-01	6.021360e-06
47	SET	4.502430e-01	7.529900e-06
47	SET	5.002300e-01	9.773350e-06
47	SET	5.503150e-01	1.100430e-04
47	SET	6.003150e-01	1.100470e-04
47	SET	6.504010e-01	1.100420e-04
47	SET	7.003970e-01	1.100440e-04
47	SET	7.504590e-01	1.100370e-04
47	SET	8.004980e-01	1.100380e-04
47	SET	8.505820e-01	1.100390e-04
47	SET	9.005950e-01	1.100390e-04
47	SET	9.506340e-01	1.100400e-04
47	SET	1.000670e+00	1.100380e-04
47	SET	1.050750e+00	1.100420e-04
47	SET	1.100740e+00	1.100380e-04
47	SET	1.150810e+00	1.100420e-04
47	SET	1.200840e+00	1.100390e-04
47	SET	1.250880e+00	1.100380e-04
47	SET	1.300910e+00	1.100370e-04
47	SET	1.350950e+00	1.100390e-04
47	SET	1.400980e+00	1.100410e-04
47	SET	1.451030e+00	1.100420e-04
47	SET	1.501050e+00	1.100360e-04
47	SET	1.551110e+00	1.100400e-04
47	SET	1.601120e+00	1.100410e-04
47	SET	1.651170e+00	1.100420e-04
47	SET	1.701180e+00	1.100390e-04
47	SET	1.751230e+00	1.100370e-04
47	SET	1.801280e+00	1.100370e-04
47	SET	1.851320e+00	1.100400e-04
47	SET	1.901340e+00	1.100340e-04
47	SET	1.951390e+00	1.100380e-04
47	SET	2.001400e+00	1.100390e-04
47	SET	2.050330e+00	1.100410e-04
47	SET	2.100370e+00	1.100380e-04
47	SET	2.150640e+00	1.100390e-04
47	SET	2.200570e+00	1.100410e-04
47	SET	2.250710e+00	1.100370e-04
47	SET	2.300540e+00	1.100430e-04
47	SET	2.350880e+00	1.100370e-04
47	SET	2.400900e+00	1.100400e-04
47	SET	2.450770e+00	1.100370e-04
47	SET	2.501180e+00	1.100420e-04
47	SET	2.551070e+00	1.100360e-04
47	SET	2.600930e+00	1.100380e-04
47	SET	2.650960e+00	1.100340e-04
47	SET	2.700990e+00	1.100390e-04
47	SET	2.751020e+00	1.100420e-04
47	SET	2.800960e+00	1.100430e-04
47	SET	2.851280e+00	1.100410e-04
47	SET	2.901330e+00	1.100410e-04
47	SET	2.951160e+00	1.100360e-04
47	SET	3.001230e+00	1.100330e-04
47	SET	3.001330e+00	1.100380e-04
47	SET	2.951210e+00	1.100400e-04
47	SET	2.901360e+00	1.100350e-04
47	SET	2.851170e+00	1.100430e-04
47	SET	2.801060e+00	1.100430e-04
47	SET	2.750900e+00	1.100380e-04
47	SET	2.701090e+00	1.100370e-04
47	SET	2.650950e+00	1.100410e-04
47	SET	2.601080e+00	1.100380e-04
47	SET	2.551010e+00	1.100430e-04
47	SET	2.500960e+00	1.100390e-04
47	SET	2.450710e+00	1.100410e-04
47	SET	2.400890e+00	1.100390e-04
47	SET	2.350890e+00	1.100390e-04
47	SET	2.300650e+00	1.100400e-04
47	SET	2.250690e+00	1.100430e-04
47	SET	2.200720e+00	1.100390e-04
47	SET	2.150680e+00	1.100420e-04
47	SET	2.100510e+00	1.100370e-04
47	SET	2.050120e+00	1.100420e-04
47	SET	2.001410e+00	1.100380e-04
47	SET	1.951390e+00	1.100440e-04
47	SET	1.901330e+00	1.100370e-04
47	SET	1.851320e+00	1.100390e-04
47	SET	1.801280e+00	1.100380e-04
47	SET	1.751250e+00	1.100360e-04
47	SET	1.701200e+00	1.100390e-04
47	SET	1.651190e+00	1.100420e-04
47	SET	1.601140e+00	1.100380e-04
47	SET	1.551100e+00	1.100390e-04
47	SET	1.501050e+00	1.100430e-04
47	SET	1.451050e+00	1.100420e-04
47	SET	1.400980e+00	1.100430e-04
47	SET	1.350970e+00	1.100380e-04
47	SET	1.300890e+00	1.100390e-04
47	SET	1.250900e+00	1.100380e-04
47	SET	1.200830e+00	1.100400e-04
47	SET	1.150800e+00	1.100380e-04
47	SET	1.100770e+00	1.100390e-04
47	SET	1.050730e+00	1.100380e-04
47	SET	1.000680e+00	1.100380e-04
47	SET	9.506540e-01	1.100380e-04
47	SET	9.005870e-01	1.100370e-04
47	SET	8.505750e-01	1.100360e-04
47	SET	8.005180e-01	1.100400e-04
47	SET	7.504840e-01	1.100360e-04
47	SET	7.004080e-01	1.100400e-04
47	SET	6.503890e-01	1.100410e-04
47	SET	6.003320e-01	1.100400e-04
47	SET	5.503030e-01	1.100400e-04
47	SET	5.002300e-01	1.100420e-04
47	SET	4.502330e-01	1.100390e-04
47	SET	4.001560e-01	1.100370e-04
47	SET	3.501560e-01	1.100330e-04
47	SET	3.000870e-01	8.097610e-05
47	SET	2.500780e-01	5.449050e-05
47	SET	2.001530e-01	3.556540e-05
47	SET	1.501090e-01	2.253070e-05
47	SET	1.000780e-01	1.328130e-05
47	SET	5.003820e-02	6.166560e-06
47	SET	-1.037120e-05	4.775570e-09
47	RESET	-6.604190e-06	6.568150e-09
47	RESET	-5.003400e-02	-6.158360e-06
47	RESET	-1.000340e-01	-1.337830e-05
47	RESET	-1.501230e-01	-2.243190e-05
47	RESET	-2.001580e-01	-3.526200e-05
47	RESET	-2.503020e-01	-5.340400e-05
47	RESET	-3.003490e-01	-7.703530e-05
47	RESET	-3.504070e-01	-9.955900e-05
47	RESET	-4.004630e-01	-1.298410e-04
47	RESET	-4.504640e-01	-1.468800e-04
47	RESET	-5.005330e-01	-1.504250e-04
47	RESET	-5.505660e-01	-1.512870e-04
47	RESET	-6.006160e-01	-1.159130e-04
47	RESET	-6.506730e-01	-1.010810e-04
47	RESET	-7.006940e-01	-1.085840e-04
47	RESET	-7.507430e-01	-1.034240e-04
47	RESET	-8.007910e-01	-8.696760e-05
47	RESET	-8.508130e-01	-1.010880e-04
47	RESET	-9.008680e-01	-9.994770e-05
47	RESET	-9.509120e-01	-9.834040e-05
47	RESET	-1.000940e+00	-9.705450e-05
47	RESET	-1.051000e+00	-1.032390e-04
47	RESET	-1.101060e+00	-1.144410e-04
47	RESET	-1.151100e+00	-1.082340e-04
47	RESET	-1.201130e+00	-1.199580e-04
47	RESET	-1.251180e+00	-1.273330e-04
47	RESET	-1.301190e+00	-1.210450e-04
47	RESET	-1.351280e+00	-1.279360e-04
47	RESET	-1.401280e+00	-1.426890e-04
47	RESET	-1.451340e+00	-1.507410e-04
47	RESET	-1.501360e+00	-1.555890e-04
47	RESET	-1.551400e+00	-1.704300e-04
47	RESET	-1.601420e+00	-1.772930e-04
47	RESET	-1.651490e+00	-1.935660e-04
47	RESET	-1.701520e+00	-2.012500e-04
47	RESET	-1.751550e+00	-2.179440e-04
47	RESET	-1.801560e+00	-2.373560e-04
47	RESET	-1.851630e+00	-2.505500e-04
47	RESET	-1.901630e+00	-2.657540e-04
47	RESET	-1.951690e+00	-2.900400e-04
47	RESET	-2.001700e+00	-3.183880e-04
47	RESET	-2.001690e+00	-3.187580e-04
47	RESET	-1.951690e+00	-2.927650e-04
47	RESET	-1.901630e+00	-2.698880e-04
47	RESET	-1.851620e+00	-2.524640e-04
47	RESET	-1.801570e+00	-2.346410e-04
47	RESET	-1.751550e+00	-2.181310e-04
47	RESET	-1.701500e+00	-2.036180e-04
47	RESET	-1.651480e+00	-1.884120e-04
47	RESET	-1.601420e+00	-1.752600e-04
47	RESET	-1.551410e+00	-1.583700e-04
47	RESET	-1.501370e+00	-1.456770e-04
47	RESET	-1.451340e+00	-1.335590e-04
47	RESET	-1.401260e+00	-1.232770e-04
47	RESET	-1.351270e+00	-1.111740e-04
47	RESET	-1.301210e+00	-1.017490e-04
47	RESET	-1.251170e+00	-9.213160e-05
47	RESET	-1.201100e+00	-8.401960e-05
47	RESET	-1.151110e+00	-7.565690e-05
47	RESET	-1.101040e+00	-6.749000e-05
47	RESET	-1.050990e+00	-6.012540e-05
47	RESET	-1.000970e+00	-5.325480e-05
47	RESET	-9.509360e-01	-4.702090e-05
47	RESET	-9.008820e-01	-4.099590e-05
47	RESET	-8.507970e-01	-3.543430e-05
47	RESET	-8.007980e-01	-2.993270e-05
47	RESET	-7.507570e-01	-2.596120e-05
47	RESET	-7.007210e-01	-2.138660e-05
47	RESET	-6.506490e-01	-1.807860e-05
47	RESET	-6.005980e-01	-1.452480e-05
47	RESET	-5.505640e-01	-1.190830e-05
47	RESET	-5.005390e-01	-9.748180e-06
47	RESET	-4.504550e-01	-7.722120e-06
47	RESET	-4.004840e-01	-6.073600e-06
47	RESET	-3.503860e-01	-4.595470e-06
47	RESET	-3.003610e-01	-3.298280e-06
47	RESET	-2.503180e-01	-2.513190e-06
47	RESET	-2.001640e-01	-1.738970e-06
47	RESET	-1.501260e-01	-1.169530e-06
47	RESET	-1.000840e-01	-7.202530e-07
47	RESET	-5.003600e-02	-3.449620e-07
47	RESET	-1.568790e-05	9.683370e-11
48	SET	-1.640320e-05	1.554490e-10
48	SET	5.000920e-02	3.850980e-07
48	SET	1.000720e-01	7.260550e-07
48	SET	1.501120e-01	1.157930e-06
48	SET	2.001430e-01	1.644050e-06
48	SET	2.500620e-01	2.260620e-06
48	SET	3.000790e-01	2.880220e-06
48	SET	3.501240e-01	3.773080e-06
48	SET	4.001530e-01	4.741460e-06
48	SET	4.502300e-01	5.854500e-06
48	SET	5.002500e-01	7.084250e-06
48	SET	5.502980e-01	9.580470e-06
48	SET	6.003180e-01	1.100460e-04
48	SET	6.503980e-01	1.100420e-04
48	SET	7.003920e-01	1.100430e-04
48	SET	7.504930e-01	1.100430e-04
48	SET	8.005090e-01	1.100420e-04
48	SET	8.505480e-01	1.100380e-04
48	SET	9.006030e-01	1.100410e-04
48	SET	9.506370e-01	1.100410e-04
48	SET	1.000670e+00	1.100400e-04
48	SET	1.050740e+00	1.100400e-04
48	SET	1.100740e+00	1.100390e-04
48	SET	1.150800e+00	1.100380e-04
48	SET	1.200830e+00	1.100400e-04
48	SET	1.250890e+00	1.100380e-04
48	SET	1.300920e+00	1.100400e-04
48	SET	1.350960e+00	1.100420e-04
48	SET	1.400990e+00	1.100400e-04
48	SET	1.451020e+00	1.100400e-04
48	SET	1.501040e+00	1.100370e-04
48	SET	1.551090e+00	1.100340e-04
48	SET	1.601110e+00	1.100380e-04
48	SET	1.651170e+00	1.100390e-04
48	SET	1.701180e+00	1.100400e-04
48	SET	1.751220e+00	1.100420e-04
48	SET	1.801270e+00	1.100380e-04
48	SET	1.851320e+00	1.100390e-04
48	SET	1.901340e+00	1.100390e-04
48	SET	1.951360e+00	1.100350e-04
48	SET	2.001400e+00	1.100430e-04
48	SET	2.050270e+00	1.100380e-04
48	SET	2.100290e+00	1.100420e-04
48	SET	2.150460e+00	1.100410e-04
48	SET	2.200630e+00	1.100400e-04
48	SET	2.250620e+00	1.100430e-04
48	SET	2.300680e+00	1.100380e-04
48	SET	2.350730e+00	1.100390e-04
48	SET	2.400460e+00	1.100460e-04
48	SET	2.450530e+00	1.100430e-04
48	SET	2.500800e+00	1.100400e-04
48	SET	2.550950e+00	1.100410e-04
48	SET	2.600740e+00	1.100410e-04
48	SET	2.650760e+00	1.100410e-04
48	SET	2.701050e+00	1.100350e-04
48	SET	2.751100e+00	1.100420e-04
48	SET	2.800960e+00	1.100420e-04
48	SET	2.851140e+00	1.100460e-04
48	SET	2.901160e+00	1.100370e-04
48	SET	2.951120e+00	1.100390e-04
48	SET	3.001100e+00	1.100340e-04
48	SET	3.001260e+00	1.100360e-04
48	SET	2.951120e+00	1.100400e-04
48	SET	2.901260e+00	1.100420e-04
48	SET	2.851090e+00	1.100430e-04
48	SET	2.800790e+00	1.100430e-04
48	SET	2.750910e+00	1.100390e-04
48	SET	2.701060e+00	1.100430e-04
48	SET	2.650780e+00	1.100410e-04
48	SET	2.600710e+00	1.100390e-04
48	SET	2.550900e+00	1.100390e-04
48	SET	2.500810e+00	1.100440e-04
48	SET	2.450530e+00	1.100430e-04
48	SET	2.400670e+00	1.100430e-04
48	SET	2.350830e+00	1.100380e-04
48	SET	2.300470e+00	1.100420e-04
48	SET	2.250510e+00	1.100370e-04
48	SET	2.200640e+00	1.100360e-04
48	SET	2.150600e+00	1.100460e-04
48	SET	2.100130e+00	1.100420e-04
48	SET	2.050270e+00	1.100430e-04
48	SET	2.001400e+00	1.100430e-04
48	SET	1.951370e+00	1.100370e-04
48	SET	1.901330e+00	1.100390e-04
48	SET	1.851320e+00	1.100370e-04
48	SET	1.801260e+00	1.100390e-04
48	SET	1.751230e+00	1.100370e-04
48	SET	1.701180e+00	1.100390e-04
48	SET	1.651160e+00	1.100370e-04
48	SET	1.601120e+00	1.100370e-04
48	SET	1.551080e+00	1.100320e-04
48	SET	1.501040e+00	1.100360e-04
48	SET	1.451020e+00	1.100350e-04
48	SET	1.400990e+00	1.100400e-04
48	SET	1.350950e+00	1.100400e-04
48	SET	1.300920e+00	1.100400e-04
48	SET	1.250890e+00	1.100370e-04
48	SET	1.200820e+00	1.100360e-04
48	SET	1.150780e+00	1.100390e-04
48	SET	1.100740e+00	1.100410e-04
48	SET	1.050750e+00	1.100390e-04
48	SET	1.000680e+00	1.100380e-04
48	SET	9.506550e-01	1.100420e-04
48	SET	9.005830e-01	1.100380e-04
48	SET	8.505630e-01	1.100370e-04
48	SET	8.004980e-01	1.100360e-04
48	SET	7.504540e-01	1.100400e-04
48	SET	7.004020e-01	1.100410e-04
48	SET	6.504070e-01	1.100380e-04
48	SET	6.003190e-01	1.100420e-04
48	SET	5.502900e-01	1.100410e-04
48	SET	5.002430e-01	1.100360e-04
48	SET	4.502130e-01	1.100410e-04
48	SET	4.001450e-01	1.100430e-04
48	SET	3.501420e-01	1.100310e-04
48	SET	3.000710e-01	1.100410e-04
48	SET	2.500300e-01	7.902150e-05
48	SET	2.001420e-01	5.043890e-05
48	SET	1.501060e-01	3.090690e-05
48	SET	1.000640e-01	1.786530e-05
48	SET	5.003190e-02	8.194050e-06
48	SET	-1.974110e-05	4.335460e-09
48	RESET	-1.838210e-05	7.301250e-09
48	RESET	-5.003120e-02	-8.134430e-06
48	RESET	-1.000240e-01	-1.804020e-05
48	RESET	-1.501150e-01	-3.127470e-05
48	RESET	-2.001570e-01	-5.044180e-05
48	RESET	-2.502890e-01	-7.581850e-05
48	RESET	-3.003490e-01	-1.055000e-04
48	RESET	-3.503920e-01	-1.354100e-04
48	RESET	-4.004710e-01	-1.615750e-04
48	RESET	-4.504520e-01	-1.749920e-04
48	RESET	-5.005250e-01	-1.799150e-04
48	RESET	-5.505800e-01	-1.659300e-04
48	RESET	-6.006350e-01	-1.349460e-04
48	RESET	-6.506480e-01	-1.160580e-04
48	RESET	-7.007080e-01	-1.082240e-04
48	RESET	-7.507310e-01	-1.092860e-04
48	RESET	-8.008030e-01	-1.075130e-04
48	RESET	-8.508010e-01	-1.039290e-04
48	RESET	-9.008730e-01	-1.145180e-04
48	RESET	-9.508990e-01	-1.088080e-04
48	RESET	-1.000980e+00	-1.146160e-04
48	RESET	-1.050980e+00	-1.136190e-04
48	RESET	-1.101050e+00	-1.130150e-04
48	RESET	-1.151120e+00	-1.131370e-04
48	RESET	-1.201110e+00	-1.279330e-04
48	RESET	-1.251170e+00	-1.328090e-04
48	RESET	-1.301200e+00	-1.306980e-04
48	RESET	-1.351280e+00	-1.381110e-04
48	RESET	-1.401280e+00	-1.375130e-04
48	RESET	-1.451330e+00	-1.553990e-04
48	RESET	-1.501360e+00	-1.634860e-04
48	RESET	-1.551420e+00	-1.709020e-04
48	RESET	-1.601410e+00	-1.827390e-04
48	RESET	-1.651450e+00	-1.959150e-04
48	RESET	-1.701510e+00	-2.173350e-04
48	RESET	-1.751530e+00	-2.275280e-04
48	RESET	-1.801540e+00	-2.476720e-04
48	RESET	-1.851610e+00	-2.652730e-04
48	RESET	-1.901630e+00	-2.791000e-04
48	RESET	-1.951670e+00	-3.115200e-04
48	RESET	-2.001700e+00	-3.338330e-04
48	RESET	-2.001710e+00	-3.320830e-04
48	RESET	-1.951670e+00	-2.971460e-04
48	RESET	-1.901640e+00	-2.778840e-04
48	RESET	-1.851630e+00	-2.543900e-04
48	RESET	-1.801560e+00	-2.359350e-04
48	RESET	-1.751530e+00	-2.150580e-04
48	RESET	-1.701480e+00	-1.996120e-04
48	RESET	-1.651490e+00	-1.814380e-04
48	RESET	-1.601400e+00	-1.681970e-04
48	RESET	-1.551390e+00	-1.553410e-04
48	RESET	-1.501330e+00	-1.422330e-04
48	RESET	-1.451330e+00	-1.301850e-04
48	RESET	-1.401270e+00	-1.196480e-04
48	RESET	-1.351260e+00	-1.079590e-04
48	RESET	-1.301190e+00	-9.701130e-05
48	RESET	-1.251160e+00	-8.853830e-05
48	RESET	-1.201110e+00	-7.970010e-05
48	RESET	-1.151100e+00	-7.172970e-05
48	RESET	-1.101060e+00	-6.403740e-05
48	RESET	-1.050980e+00	-5.660100e-05
48	RESET	-1.000970e+00	-5.068540e-05
48	RESET	-9.508890e-01	-4.454840e-05
48	RESET	-9.008670e-01	-3.815340e-05
48	RESET	-8.508110e-01	-3.222970e-05
48	RESET	-8.007940e-01	-2.745050e-05
48	RESET	-7.507400e-01	-2.330810e-05
48	RESET	-7.007140e-01	-1.971410e-05
48	RESET	-6.506500e-01	-1.640110e-05
48	RESET	-6.006040e-01	-1.329590e-05
48	RESET	-5.505660e-01	-1.067450e-05
48	RESET	-5.005280e-01	-8.525290e-06
48	RESET	-4.504680e-01	-7.157420e-06
48	RESET	-4.004600e-01	-5.772300e-06
48	RESET	-3.503860e-01	-4.825230e-06
48	RESET	-3.003460e-01	-4.049050e-06
48	RESET	-2.503260e-01	-3.165240e-06
48	RESET	-2.001600e-01	-2.465710e-06
48	RESET	-1.501230e-01	-1.791360e-06
48	RESET	-1.000770e-01	-1.098010e-06
48	RESET	-5.003440e-02	-5.253190e-07
48	RESET	-1.821520e-05	3.208520e-10
49	SET	-1.263620e-05	4.089000e-10
49	SET	5.000870e-02	5.631850e-07
49	SET	1.000680e-01	1.298920e-06
49	SET	1.501080e-01	2.093230e-06
49	SET	2.001440e-01	3.233450e-06
49	SET	2.500720e-01	4.161830e-06
49	SET	3.000720e-01	4.962810e-06
49	SET	3.501210e-01	5.641390e-06
49	SET	4.001350e-01	7.060860e-06
49	SET	4.502100e-01	8.631730e-06
49	SET	5.002490e-01	1.100440e-04
49	SET	5.503040e-01	1.100390e-04
49	SET	6.003180e-01	1.100390e-04
49	SET	6.503990e-01	1.100380e-04
49	SET	7.004000e-01	1.100430e-04
49	SET	7.504700e-01	1.100390e-04
49	SET	8.004780e-01	1.100410e-04
49	SET	8.505560e-01	1.100400e-04
49	SET	9.005650e-01	1.100390e-04
49	SET	9.506290e-01	1.100370e-04
49	SET	1.000670e+00	1.100420e-04
49	SET	1.050730e+00	1.100420e-04
49	SET	1.100720e+00	1.100400e-04
49	SET	1.150790e+00	1.100390e-04
49	SET	1.200830e+00	1.100390e-04
49	SET	1.250890e+00	1.100360e-04
49	SET	1.300890e+00	1.100390e-04
49	SET	1.350940e+00	1.100350e-04
49	SET	1.400970e+00	1.100390e-04
49	SET	1.451020e+00	1.100370e-04
49	SET	1.501030e+00	1.100350e-04
49	SET	1.551090e+00	1.100350e-04
49	SET	1.601120e+00	1.100390e-04
49	SET	1.651170e+00	1.100370e-04
49	SET	1.701170e+00	1.100420e-04
49	SET	1.751240e+00	1.100360e-04
49	SET	1.801250e+00	1.100370e-04
49	SET	1.851300e+00	1.100390e-04
49	SET	1.901340e+00	1.100360e-04
49	SET	1.951380e+00	1.100380e-04
49	SET	2.001420e+00	1.100420e-04
49	SET	2.050150e+00	1.100430e-04
49	SET	2.100390e+00	1.100390e-04
49	SET	2.150580e+00	1.100390e-04
49	SET	2.200670e+00	1.100400e-04
49	SET	2.250730e+00	1.100420e-04
49	SET	2.300450e+00	1.100370e-04
49	SET	2.350800e+00	1.100360e-04
49	SET	2.400680e+00	1.100390e-04
49	SET	2.450690e+00	1.100460e-04
49	SET	2.500750e+00	1.100430e-04
49	SET	2.551060e+00	1.100420e-04
49	SET	2.600870e+00	1.100390e-04
49	SET	2.650790e+00	1.100420e-04
49	SET	2.701080e+00	1.100380e-04
49	SET	2.750840e+00	1.100390e-04
49	SET	2.800990e+00	1.100420e-04
49	SET	2.851220e+00	1.100410e-04
49	SET	2.901320e+00	1.100410e-04
49	SET	2.951350e+00	1.100380e-04
49	SET	3.001280e+00	1.100360e-04
49	SET	3.001140e+00	1.100350e-04
49	SET	2.951160e+00	1.100380e-04
49	SET	2.901130e+00	1.100410e-04
49	SET	2.851120e+00	1.100390e-04
49	SET	2.801030e+00	1.100400e-04
49	SET	2.750820e+00	1.100360e-04
49	SET	2.701140e+00	1.100360e-04
49	SET	2.650750e+00	1.100400e-04
49	SET	2.600890e+00	1.100380e-04
49	SET	2.550900e+00	1.100390e-04
49	SET	2.500770e+00	1.100420e-04
49	SET	2.450670e+00	1.100360e-04
49	SET	2.400670e+00	1.100430e-04
49	SET	2.350890e+00	1.100330e-04
49	SET	2.300410e+00	1.100360e-04
49	SET	2.250540e+00	1.100380e-04
49	SET	2.200720e+00	1.100350e-04
49	SET	2.150600e+00	1.100360e-04
49	SET	2.100380e+00	1.100380e-04
49	SET	2.050250e+00	1.100350e-04
49	SET	2.001410e+00	1.100380e-04
49	SET	1.951390e+00	1.100410e-04
49	SET	1.901340e+00	1.100380e-04
49	SET	1.851320e+00	1.100360e-04
49	SET	1.801260e+00	1.100340e-04
49	SET	1.751260e+00	1.100380e-04
49	SET	1.701180e+00	1.100370e-04
49	SET	1.651180e+00	1.100390e-04
49	SET	1.601120e+00	1.100390e-04
49	SET	1.551110e+00	1.100350e-04
49	SET	1.501070e+00	1.100360e-04
49	SET	1.451030e+00	1.100370e-04
49	SET	1.400980e+00	1.100380e-04
49	SET	1.350930e+00	1.100360e-04
49	SET	1.300890e+00	1.100360e-04
49	SET	1.250890e+00	1.100390e-04
49	SET	1.200820e+00	1.100350e-04
49	SET	1.150800e+00	1.100390e-04
49	SET	1.100770e+00	1.100360e-04
49	SET	1.050750e+00	1.100410e-04
49	SET	1.000670e+00	1.100370e-04
49	SET	9.506490e-01	1.100390e-04
49	SET	9.005980e-01	1.100420e-04
49	SET	8.505610e-01	1.100390e-04
49	SET	8.004980e-01	1.100380e-04
49	SET	7.504850e-01	1.100390e-04
49	SET	7.004130e-01	1.100360e-04
49	SET	6.503950e-01	1.100360e-04
49	SET	6.003400e-01	1.100420e-04
49	SET	5.503120e-01	1.100360e-04
49	SET	5.002480e-01	1.100400e-04
49	SET	4.502340e-01	1.100410e-04
49	SET	4.001600e-01	1.100390e-04
49	SET	3.501320e-01	1.100280e-04
49	SET	3.000730e-01	1.035940e-04
49	SET	2.500670e-01	6.924210e-05
49	SET	2.001470e-01	4.465800e-05
49	SET	1.501150e-01	2.805020e-05
49	SET	1.000750e-01	1.651540e-05
49	SET	5.003660e-02	7.669620e-06
49	SET	-1.523490e-05	5.091760e-09
49	RESET	-1.461510e-05	7.914870e-09
49	RESET	-5.002860e-02	-7.347710e-06
49	RESET	-1.000210e-01	-1.544570e-05
49	RESET	-1.501220e-01	-2.566860e-05
49	RESET	-2.001540e-01	-3.934270e-05
49	RESET	-2.502790e-01	-5.956430e-05
49	RESET	-3.003370e-01	-8.134260e-05
49	RESET	-3.504050e-01	-1.069650e-04
49	RESET	-4.004510e-01	-1.361310e-04
49	RESET	-4.504770e-01	-1.624770e-04
49	RESET	-5.005090e-01	-1.681120e-04
49	RESET	-5.505700e-01	-1.782350e-04
49	RESET	-6.006120e-01	-1.694050e-04
49	RESET	-6.506550e-01	-1.237610e-04
49	RESET	-7.007160e-01	-1.309760e-04
49	RESET	-7.507480e-01	-1.179280e-04
49	RESET	-8.007980e-01	-1.184270e-04
49	RESET	-8.508200e-01	-1.164370e-04
49	RESET	-9.008790e-01	-1.167700e-04
49	RESET	-9.509070e-01	-1.014730e-04
49	RESET	-1.000950e+00	-1.070020e-04
49	RESET	-1.050980e+00	-1.170360e-04
49	RESET	-1.101020e+00	-1.197700e-04
49	RESET	-1.151100e+00	-1.203420e-04
49	RESET	-1.201140e+00	-1.257850e-04
49	RESET	-1.251170e+00	-1.202370e-04
49	RESET	-1.301200e+00	-1.270260e-04
49	RESET	-1.351280e+00	-1.276260e-04
49	RESET	-1.401260e+00	-1.451690e-04
49	RESET	-1.451330e+00	-1.602030e-04
49	RESET	-1.501330e+00	-1.621580e-04
49	RESET	-1.551400e+00	-1.802200e-04
49	RESET	-1.601420e+00	-1.962410e-04
49	RESET	-1.651470e+00	-2.057050e-04
49	RESET	-1.701470e+00	-2.180630e-04
49	RESET	-1.751510e+00	-2.437660e-04
49	RESET	-1.801560e+00	-2.509570e-04
49	RESET	-1.851600e+00	-2.712070e-04
49	RESET	-1.901650e+00	-2.794430e-04
49	RESET	-1.951700e+00	-3.068560e-04
49	RESET	-2.001710e+00	-3.392580e-04
49	RESET	-2.001700e+00	-3.329380e-04
49	RESET	-1.951680e+00	-3.142080e-04
49	RESET	-1.901640e+00	-2.859170e-04
49	RESET	-1.851590e+00	-2.635300e-04
49	RESET	-1.801560e+00	-2.480070e-04
49	RESET	-1.751520e+00	-2.269060e-04
49	RESET	-1.701480e+00	-2.086110e-04
49	RESET	-1.651440e+00	-1.934010e-04
49	RESET	-1.601400e+00	-1.794480e-04
49	RESET	-1.551420e+00	-1.658450e-04
49	RESET	-1.501370e+00	-1.537960e-04
49	RESET	-1.451330e+00	-1.397260e-04
49	RESET	-1.401260e+00	-1.283310e-04
49	RESET	-1.351270e+00	-1.165150e-04
49	RESET	-1.301210e+00	-1.058960e-04
49	RESET	-1.251170e+00	-9.542660e-05
49	RESET	-1.201130e+00	-8.674050e-05
49	RESET	-1.151100e+00	-7.724890e-05
49	RESET	-1.101020e+00	-6.983040e-05
49	RESET	-1.050970e+00	-6.137430e-05
49	RESET	-1.000950e+00	-5.379270e-05
49	RESET	-9.508960e-01	-4.809670e-05
49	RESET	-9.008730e-01	-4.197680e-05
49	RESET	-8.508190e-01	-3.550170e-05
49	RESET	-8.008100e-01	-3.013550e-05
49	RESET	-7.507370e-01	-2.553150e-05
49	RESET	-7.007040e-01	-2.091510e-05
49	RESET	-6.506530e-01	-1.764050e-05
49	RESET	-6.006330e-01	-1.420780e-05
49	RESET	-5.505700e-01	-1.173240e-05
49	RESET	-5.005370e-01	-9.408250e-06
49	RESET	-4.504880e-01	-7.269450e-06
49	RESET	-4.004680e-01	-5.664160e-06
49	RESET	-3.503840e-01	-4.310040e-06
49	RESET	-3.003580e-01	-3.065890e-06
49	RESET	-2.503050e-01	-2.314760e-06
49	RESET	-2.001580e-01	-1.666740e-06
49	RESET	-1.501230e-01	-1.143520e-06
49	RESET	-1.000740e-01	-6.869350e-07
49	RESET	-5.003550e-02	-3.289640e-07
49	RESET	-1.361370e-05	2.037050e-10
50	SET	-8.487700e-06	4.377480e-10
50	SET	5.000830e-02	6.076260e-07
50	SET	1.000720e-01	1.355260e-06
50	SET	1.501100e-01	1.937660e-06
50	SET	2.001420e-01	2.807180e-06
50	SET	2.500850e-01	8.624000e-06
50	SET	3.000370e-01	4.297570e-05
50	SET	3.501490e-01	1.100430e-04
50	SET	4.001580e-01	1.100390e-04
50	SET	4.502150e-01	1.100440e-04
50	SET	5.002340e-01	1.100430e-04
50	SET	5.502920e-01	1.100400e-04
50	SET	6.003240e-01	1.100430e-04
50	SET	6.504070e-01	1.100420e-04
50	SET	7.004130e-01	1.100410e-04
50	SET	7.504800e-01	1.100430e-04
50	SET	8.005000e-01	1.100390e-04
50	SET	8.505670e-01	1.100390e-04
50	SET	9.005800e-01	1.100360e-04
50	SET	9.506460e-01	1.100360e-04
50	SET	1.000680e+00	1.100400e-04
50	SET	1.050720e+00	1.100430e-04
50	SET	1.100750e+00	1.100430e-04
50	SET	1.150800e+00	1.100430e-04
50	SET	1.200860e+00	1.100430e-04
50	SET	1.250900e+00	1.100370e-04
50	SET	1.300900e+00	1.100410e-04
50	SET	1.350970e+00	1.100360e-04
50	SET	1.400980e+00	1.100420e-04
50	SET	1.451040e+00	1.100400e-04
50	SET	1.501040e+00	1.100450e-04
50	SET	1.551110e+00	1.100390e-04
50	SET	1.601120e+00	1.100390e-04
50	SET	1.651190e+00	1.100400e-04
50	SET	1.701190e+00	1.100420e-04
50	SET	1.751260e+00	1.100430e-04
50	SET	1.801260e+00	1.100360e-04
50	SET	1.851310e+00	1.100370e-04
50	SET	1.901330e+00	1.100470e-04
50	SET	1.951390e+00	1.100420e-04
50	SET	2.001400e+00	1.100450e-04
50	SET	2.050280e+00	1.100370e-04
50	SET	2.100360e+00	1.100390e-04
50	SET	2.150690e+00	1.100450e-04
50	SET	2.200700e+00	1.100410e-04
50	SET	2.250690e+00	1.100370e-04
50	SET	2.300530e+00	1.100370e-04
50	SET	2.350930e+00	1.100390e-04
50	SET	2.400780e+00	1.100420e-04
50	SET	2.450700e+00	1.100420e-04
50	SET	2.500890e+00	1.100390e-04
50	SET	2.550990e+00	1.100430e-04
50	SET	2.600820e+00	1.100410e-04
50	SET	2.650930e+00	1.100340e-04
50	SET	2.701060e+00	1.100410e-04
50	SET	2.751080e+00	1.100430e-04
50	SET	2.801000e+00	1.100460e-04
50	SET	2.851230e+00	1.100400e-04
50	SET	2.901270e+00	1.100390e-04
50	SET	2.951010e+00	1.100410e-04
50	SET	3.001210e+00	1.100350e-04
50	SET	3.001050e+00	1.100380e-04
50	SET	2.951280e+00	1.100400e-04
50	SET	2.901300e+00	1.100380e-04
50	SET	2.851110e+00	1.100420e-04
50	SET	2.800790e+00	1.100410e-04
50	SET	2.750930e+00	1.100420e-04
50	SET	2.701280e+00	1.100390e-04
50	SET	2.650790e+00	1.100370e-04
50	SET	2.600870e+00	1.100390e-04
50	SET	2.550960e+00	1.100390e-04
50	SET	2.500800e+00	1.100430e-04
50	SET	2.450610e+00	1.100370e-04
50	SET	2.400860e+00	1.100390e-04
50	SET	2.350850e+00	1.100420e-04
50	SET	2.300480e+00	1.100390e-04
50	SET	2.250570e+00	1.100420e-04
50	SET	2.200740e+00	1.100420e-04
50	SET	2.150490e+00	1.100410e-04
50	SET	2.100460e+00	1.100440e-04
50	SET	2.050590e+00	1.100380e-04
50	SET	2.001410e+00	1.100420e-04
50	SET	1.951380e+00	1.100430e-04
50	SET	1.901340e+00	1.100380e-04
50	SET	1.851320e+00	1.100410e-04
50	SET	1.801260e+00	1.100360e-04
50	SET	1.751250e+00	1.100420e-04
50	SET	1.701170e+00	1.100400e-04
50	SET	1.651170e+00	1.100380e-04
50	SET	1.601110e+00	1.100380e-04
50	SET	1.551100e+00	1.100390e-04
50	SET	1.501050e+00	1.100430e-04
50	SET	1.451040e+00	1.100410e-04
50	SET	1.400980e+00	1.100370e-04
50	SET	1.350970e+00	1.100410e-04
50	SET	1.300920e+00	1.100390e-04
50	SET	1.250900e+00	1.100380e-04
50	SET	1.200850e+00	1.100390e-04
50	SET	1.150790e+00	1.100400e-04
50	SET	1.100760e+00	1.100410e-04
50	SET	1.050740e+00	1.100420e-04
50	SET	1.000670e+00	1.100380e-04
50	SET	9.506480e-01	1.100360e-04
50	SET	9.005910e-01	1.100360e-04
50	SET	8.505810e-01	1.100380e-04
50	SET	8.005030e-01	1.100380e-04
50	SET	7.505060e-01	1.100390e-04
50	SET	7.004390e-01	1.100430e-04
50	SET	6.503920e-01	1.100390e-04
50	SET	6.003270e-01	1.100410e-04
50	SET	5.503150e-01	1.100390e-04
50	SET	5.002500e-01	1.100380e-04
50	SET	4.502270e-01	1.100430e-04
50	SET	4.001680e-01	1.100370e-04
50	SET	3.501450e-01	1.100330e-04
50	SET	3.000910e-01	1.100380e-04
50	SET	2.500770e-01	9.387070e-05
50	SET	2.001560e-01	6.366620e-05
50	SET	1.501160e-01	4.119190e-05
50	SET	1.000770e-01	2.457050e-05
50	SET	5.003710e-02	1.146090e-05
50	SET	-8.678440e-06	3.499160e-09
50	RESET	-1.173020e-05	9.991650e-09
50	RESET	-4.998490e-02	-1.194270e-05
50	RESET	-1.000660e-01	-2.537680e-05
50	RESET	-1.501110e-01	-4.207370e-05
50	RESET	-2.001510e-01	-6.274040e-05
50	RESET	-2.503020e-01	-9.023550e-05
50	RESET	-3.003470e-01	-9.609850e-05
50	RESET	-3.503970e-01	-1.174280e-04
50	RESET	-4.004370e-01	-1.413990e-04
50	RESET	-4.504550e-01	-1.637160e-04
50	RESET	-5.005140e-01	-1.565760e-04
50	RESET	-5.505570e-01	-1.500950e-04
50	RESET	-6.006080e-01	-1.202750e-04
50	RESET	-6.505970e-01	-1.224030e-04
50	RESET	-7.006900e-01	-1.188190e-04
50	RESET	-7.507400e-01	-1.086410e-04
50	RESET	-8.007820e-01	-1.121690e-04
50	RESET	-8.507970e-01	-1.162560e-04
50	RESET	-9.008530e-01	-1.086750e-04
50	RESET	-9.509000e-01	-1.163420e-04
50	RESET	-1.000960e+00	-1.144160e-04
50	RESET	-1.050970e+00	-1.203700e-04
50	RESET	-1.101030e+00	-1.240680e-04
50	RESET	-1.151120e+00	-1.235580e-04
50	RESET	-1.201100e+00	-1.318140e-04
50	RESET	-1.251180e+00	-1.377270e-04
50	RESET	-1.301200e+00	-1.480150e-04
50	RESET	-1.351260e+00	-1.489250e-04
50	RESET	-1.401260e+00	-1.606910e-04
50	RESET	-1.451320e+00	-1.602840e-04
50	RESET	-1.501340e+00	-1.771660e-04
50	RESET	-1.551390e+00	-1.760250e-04
50	RESET	-1.601420e+00	-1.829850e-04
50	RESET	-1.651470e+00	-1.926010e-04
50	RESET	-1.701500e+00	-2.115810e-04
50	RESET	-1.751550e+00	-2.283860e-04
50	RESET	-1.801540e+00	-2.462020e-04
50	RESET	-1.851620e+00	-2.749590e-04
50	RESET	-1.901630e+00	-2.883620e-04
50	RESET	-1.951660e+00	-3.183340e-04
50	RESET	-2.001710e+00	-3.429100e-04
50	RESET	-2.001690e+00	-3.382240e-04
50	RESET	-1.951680e+00	-3.068590e-04
50	RESET	-1.901630e+00	-2.888140e-04
50	RESET	-1.851600e+00	-2.663940e-04
50	RESET	-1.801550e+00	-2.487050e-04
50	RESET	-1.751550e+00	-2.308790e-04
50	RESET	-1.701500e+00	-2.100390e-04
50	RESET	-1.651460e+00	-1.925160e-04
50	RESET	-1.601410e+00	-1.763480e-04
50	RESET	-1.551400e+00	-1.644300e-04
50	RESET	-1.501360e+00	-1.500070e-04
50	RESET	-1.451320e+00	-1.347400e-04
50	RESET	-1.401250e+00	-1.238470e-04
50	RESET	-1.351250e+00	-1.128890e-04
50	RESET	-1.301180e+00	-1.025350e-04
50	RESET	-1.251160e+00	-9.192720e-05
50	RESET	-1.201110e+00	-8.367540e-05
50	RESET	-1.151090e+00	-7.638720e-05
50	RESET	-1.101040e+00	-6.680140e-05
50	RESET	-1.050990e+00	-5.995760e-05
50	RESET	-1.000960e+00	-5.253200e-05
50	RESET	-9.509120e-01	-4.637160e-05
50	RESET	-9.008560e-01	-4.087290e-05
50	RESET	-8.508320e-01	-3.438820e-05
50	RESET	-8.007920e-01	-2.945320e-05
50	RESET	-7.507400e-01	-2.479650e-05
50	RESET	-7.007080e-01	-2.128400e-05
50	RESET	-6.506240e-01	-1.789290e-05
50	RESET	-6.006320e-01	-1.509440e-05
50	RESET	-5.505720e-01	-1.213010e-05
50	RESET	-5.004740e-01	-9.987810e-06
50	RESET	-4.504730e-01	-7.950970e-06
50	RESET	-4.004700e-01	-6.147500e-06
50	RESET	-3.503980e-01	-4.718840e-06
50	RESET	-3.003640e-01	-3.579780e-06
50	RESET	-2.502740e-01	-2.545140e-06
50	RESET	-2.001520e-01	-1.845140e-06
50	RESET	-1.501130e-01	-1.230450e-06
50	RESET	-1.000670e-01	-7.112800e-07
50	RESET	-5.002730e-02	-3.415400e-07
50	RESET	-6.866460e-06	1.535770e-10
