Time elapsed	Time stamp	Sweep_WaitingTimes Value	Sweep_WaitingTimes Index	Loop2 Index	SMU_BE_set Voltage	SMU_BE_set Current	SMU_TE_set Voltage	SMU_TE_set Current
s					V	A	V	A

6.27363650e+00	2026-08-11T16:30:40.041590	0.00000000e+00	1	1	2.86341000e-05	-5.65513000e-08	5.69820000e-05	8.06108000e-08
6.33264870e+00	2026-08-11T16:30:40.105395	0.00000000e+00	1	1	-1.13249000e-05	-1.01946000e-04	1.00072000e-01	1.01963000e-04
6.55596310e+00	2026-08-11T16:30:40.330600	0.00000000e+00	1	1	9.22616000e-02	-1.09913000e-04	2.00066000e-01	1.09885000e-04
6.60534270e+00	2026-08-11T16:30:40.377551	0.00000000e+00	1	1	1.92226000e-01	-1.09912000e-04	3.00039000e-01	1.09884000e-04
6.65146780e+00	2026-08-11T16:30:40.426186	0.00000000e+00	1	1	--	--	4.00046000e-01	1.09882000e-04
6.71521080e+00	2026-08-11T16:30:40.489479	0.00000000e+00	1	1	--	--	5.00043000e-01	1.09882000e-04
6.77865950e+00	2026-08-11T16:30:40.553048	0.00000000e+00	1	1	--	--	6.00047000e-01	1.09883000e-04
6.84319340e+00	2026-08-11T16:30:40.616893	0.00000000e+00	1	1	--	--	7.00058000e-01	1.09883000e-04
6.88959170e+00	2026-08-11T16:30:40.648858	0.00000000e+00	1	1	--	--	8.00067000e-01	1.09882000e-04
6.93488940e+00	2026-08-11T16:30:40.706905	0.00000000e+00	1	1	--	--	9.00065000e-01	1.09881000e-04
6.98829250e+00	2026-08-11T16:30:40.760785	0.00000000e+00	1	1	--	--	1.00007000e+00	1.09881000e-04
7.05117070e+00	2026-08-11T16:30:40.823938	0.00000000e+00	1	1	--	--	1.10007000e+00	1.09880000e-04
7.09671620e+00	2026-08-11T16:30:40.871341	0.00000000e+00	1	1	--	--	1.20007000e+00	1.09881000e-04
7.14911210e+00	2026-08-11T16:30:40.919530	0.00000000e+00	1	1	--	--	1.30007000e+00	1.09881000e-04
7.20909030e+00	2026-08-11T16:30:40.983217	0.00000000e+00	1	1	--	--	1.40005000e+00	1.09881000e-04
7.25559600e+00	2026-08-11T16:30:41.015403	0.00000000e+00	1	1	--	--	1.50004000e+00	1.09882000e-04
7.30510830e+00	2026-08-11T16:30:41.079232	0.00000000e+00	1	1	--	--	1.60004000e+00	1.09882000e-04
7.34929790e+00	2026-08-11T16:30:41.121311	0.00000000e+00	1	1	--	--	1.70003000e+00	1.09883000e-04
7.40155580e+00	2026-08-11T16:30:41.174830	0.00000000e+00	1	1	--	--	1.80002000e+00	1.09882000e-04
7.44868710e+00	2026-08-11T16:30:41.222694	0.00000000e+00	1	1	--	--	1.90001000e+00	1.09883000e-04
7.49305370e+00	2026-08-11T16:30:41.265065	0.00000000e+00	1	1	--	--	2.00000000e+00	1.09883000e-04
7.55087150e+00	2026-08-11T16:30:41.318595	0.00000000e+00	1	1	--	--	2.10042000e+00	1.09884000e-04
7.59891770e+00	2026-08-11T16:30:41.368172	0.00000000e+00	1	1	--	--	2.20061000e+00	1.09883000e-04
7.65647990e+00	2026-08-11T16:30:41.429842	0.00000000e+00	1	1	--	--	2.30036000e+00	1.09883000e-04
7.70209240e+00	2026-08-11T16:30:41.462318	0.00000000e+00	1	1	--	--	2.40056000e+00	1.09882000e-04
7.75712280e+00	2026-08-11T16:30:41.532008	0.00000000e+00	1	1	--	--	2.50068000e+00	1.09884000e-04
7.81711410e+00	2026-08-11T16:30:41.590175	0.00000000e+00	1	1	--	--	2.60049000e+00	1.09883000e-04
7.86160670e+00	2026-08-11T16:30:41.621851	0.00000000e+00	1	1	--	--	2.70064000e+00	1.09883000e-04
7.90893770e+00	2026-08-11T16:30:41.683665	0.00000000e+00	1	1	--	--	2.80048000e+00	1.09883000e-04
7.96908530e+00	2026-08-11T16:30:41.743899	0.00000000e+00	1	1	--	--	2.90066000e+00	1.09884000e-04
8.03051360e+00	2026-08-11T16:30:41.795414	0.00000000e+00	1	1	--	--	3.00049000e+00	1.09883000e-04
8.08610110e+00	2026-08-11T16:30:41.858348	0.00000000e+00	1	1	--	--	3.10070000e+00	1.09881000e-04
8.13165260e+00	2026-08-11T16:30:41.906424	0.00000000e+00	1	1	--	--	3.20079000e+00	1.09885000e-04
8.17907320e+00	2026-08-11T16:30:41.953989	0.00000000e+00	1	1	--	--	3.30057000e+00	1.09884000e-04
8.22772430e+00	2026-08-11T16:30:42.001822	0.00000000e+00	1	1	--	--	3.40073000e+00	1.09885000e-04
8.29312270e+00	2026-08-11T16:30:42.065770	0.00000000e+00	1	1	--	--	3.50057000e+00	1.09885000e-04
8.35616970e+00	2026-08-11T16:30:42.129933	0.00000000e+00	1	1	--	--	3.60069000e+00	1.09885000e-04
8.42204190e+00	2026-08-11T16:30:42.193381	0.00000000e+00	1	1	--	--	3.70061000e+00	1.09885000e-04
8.48529300e+00	2026-08-11T16:30:42.256929	0.00000000e+00	1	1	--	--	3.80069000e+00	1.09886000e-04
8.54878930e+00	2026-08-11T16:30:42.321010	0.00000000e+00	1	1	--	--	3.90074000e+00	1.09885000e-04
8.60997570e+00	2026-08-11T16:30:42.385078	0.00000000e+00	1	1	--	--	4.00058000e+00	1.09886000e-04
8.65963170e+00	2026-08-11T16:30:42.434596	0.00000000e+00	1	1	--	--	4.00058000e+00	1.09886000e-04
8.72510140e+00	2026-08-11T16:30:42.496672	0.00000000e+00	1	1	--	--	3.90077000e+00	1.09886000e-04
8.78529150e+00	2026-08-11T16:30:42.559503	0.00000000e+00	1	1	--	--	3.80065000e+00	1.09886000e-04
8.83082130e+00	2026-08-11T16:30:42.603858	0.00000000e+00	1	1	--	--	3.70052000e+00	1.09886000e-04
8.88108430e+00	2026-08-11T16:30:42.655693	0.00000000e+00	1	1	--	--	3.60067000e+00	1.09886000e-04
8.92628500e+00	2026-08-11T16:30:42.687859	0.00000000e+00	1	1	--	--	3.50054000e+00	1.09885000e-04
8.97645880e+00	2026-08-11T16:30:42.751057	0.00000000e+00	1	1	--	--	3.40067000e+00	1.09885000e-04
9.02166000e+00	2026-08-11T16:30:42.794072	0.00000000e+00	1	1	--	--	3.30052000e+00	1.09885000e-04
9.06826950e+00	2026-08-11T16:30:42.835471	0.00000000e+00	1	1	--	--	3.20073000e+00	1.09885000e-04
9.11346760e+00	2026-08-11T16:30:42.882929	0.00000000e+00	1	1	--	--	3.10063000e+00	1.09882000e-04
9.16879170e+00	2026-08-11T16:30:42.942859	0.00000000e+00	1	1	--	--	3.00040000e+00	1.09885000e-04
9.21333170e+00	2026-08-11T16:30:42.974742	0.00000000e+00	1	1	--	--	2.90061000e+00	1.09884000e-04
9.26389610e+00	2026-08-11T16:30:43.038156	0.00000000e+00	1	1	--	--	2.80046000e+00	1.09885000e-04
9.31035540e+00	2026-08-11T16:30:43.069948	0.00000000e+00	1	1	--	--	2.70061000e+00	1.09884000e-04
9.35569370e+00	2026-08-11T16:30:43.128235	0.00000000e+00	1	1	--	--	2.60047000e+00	1.09883000e-04
9.40634660e+00	2026-08-11T16:30:43.180867	0.00000000e+00	1	1	--	--	2.50063000e+00	1.09884000e-04
9.45079330e+00	2026-08-11T16:30:43.213091	0.00000000e+00	1	1	--	--	2.40054000e+00	1.09884000e-04
9.49729640e+00	2026-08-11T16:30:43.271465	0.00000000e+00	1	1	--	--	2.30034000e+00	1.09884000e-04
9.55059590e+00	2026-08-11T16:30:43.325499	0.00000000e+00	1	1	--	--	2.20058000e+00	1.09884000e-04
9.59603930e+00	2026-08-11T16:30:43.356699	0.00000000e+00	1	1	--	--	2.10036000e+00	1.09883000e-04
9.64091810e+00	2026-08-11T16:30:43.405997	0.00000000e+00	1	1	--	--	2.00000000e+00	1.09883000e-04
9.68536290e+00	2026-08-11T16:30:43.456256	0.00000000e+00	1	1	--	--	1.90002000e+00	1.09883000e-04
9.73158100e+00	2026-08-11T16:30:43.505024	0.00000000e+00	1	1	--	--	1.80001000e+00	1.09882000e-04
9.78982980e+00	2026-08-11T16:30:43.564066	0.00000000e+00	1	1	--	--	1.70003000e+00	1.09882000e-04
9.85372380e+00	2026-08-11T16:30:43.627917	0.00000000e+00	1	1	--	--	1.60003000e+00	1.09882000e-04
9.89913960e+00	2026-08-11T16:30:43.659591	0.00000000e+00	1	1	--	--	1.50004000e+00	1.09882000e-04
9.94460050e+00	2026-08-11T16:30:43.718029	0.00000000e+00	1	1	--	--	1.40005000e+00	1.09882000e-04
9.99669240e+00	2026-08-11T16:30:43.770721	0.00000000e+00	1	1	--	--	1.30006000e+00	1.09883000e-04
1.00424732e+01	2026-08-11T16:30:43.802694	0.00000000e+00	1	1	--	--	1.20006000e+00	1.09882000e-04
1.00923553e+01	2026-08-11T16:30:43.866490	0.00000000e+00	1	1	--	--	1.10005000e+00	1.09881000e-04
1.01393990e+01	2026-08-11T16:30:43.912167	0.00000000e+00	1	1	--	--	1.00006000e+00	1.09881000e-04
1.01881317e+01	2026-08-11T16:30:43.962732	0.00000000e+00	1	1	--	--	9.00059000e-01	1.09882000e-04
1.02336603e+01	2026-08-11T16:30:43.994311	0.00000000e+00	1	1	--	--	8.00057000e-01	1.09882000e-04
1.02802951e+01	2026-08-11T16:30:44.052806	0.00000000e+00	1	1	--	--	7.00049000e-01	1.09883000e-04
1.03333162e+01	2026-08-11T16:30:44.106438	0.00000000e+00	1	1	--	--	6.00038000e-01	1.09882000e-04
1.03791345e+01	2026-08-11T16:30:44.154119	0.00000000e+00	1	1	--	--	5.00034000e-01	1.09882000e-04
1.04240970e+01	2026-08-11T16:30:44.188038	0.00000000e+00	1	1	--	--	4.00035000e-01	1.09883000e-04
1.04687390e+01	2026-08-11T16:30:44.243924	0.00000000e+00	1	1	1.92163000e-01	-1.09911000e-04	3.00025000e-01	1.09883000e-04
1.05235913e+01	2026-08-11T16:30:44.297743	0.00000000e+00	1	1	9.22112000e-02	-1.09912000e-04	2.00058000e-01	1.09883000e-04
1.05691732e+01	2026-08-11T16:30:44.329440	0.00000000e+00	1	1	-1.26123000e-05	-1.01946000e-04	1.00063000e-01	1.01920000e-04
1.06144693e+01	2026-08-11T16:30:44.387365	0.00000000e+00	1	1	8.44002000e-06	-1.01934000e-07	5.17130000e-05	9.31028000e-08
1.46756277e+01	2026-08-11T16:30:48.442617	0.00000000e+00	1	2	-1.07288000e-06	-1.40905000e-11	5.06163000e-05	-4.00782000e-11
1.47324527e+01	2026-08-11T16:30:48.507033	0.00000000e+00	1	2	3.60012000e-06	-6.77857000e-09	1.00056000e-01	8.36008000e-09
1.47774430e+01	2026-08-11T16:30:48.538964	0.00000000e+00	1	2	1.38283000e-06	-7.07616000e-09	2.00051000e-01	7.50277000e-09
1.48236503e+01	2026-08-11T16:30:48.597626	0.00000000e+00	1	2	4.33922000e-06	-1.34753000e-08	3.00017000e-01	1.49877000e-08
1.48766332e+01	2026-08-11T16:30:48.650886	0.00000000e+00	1	2	5.31673000e-06	-2.91345000e-08	4.00023000e-01	3.12648000e-08
1.49218644e+01	2026-08-11T16:30:48.682876	0.00000000e+00	1	2	3.26633000e-06	-5.44325000e-08	5.00021000e-01	3.99515000e-08
1.49805989e+01	2026-08-11T16:30:48.754991	0.00000000e+00	1	2	2.07424000e-06	-9.92090000e-08	6.00026000e-01	1.13574000e-07
1.50717852e+01	2026-08-11T16:30:48.843425	0.00000000e+00	1	2	2.38419000e-08	-1.47032000e-07	7.00032000e-01	1.69722000e-07
1.51327295e+01	2026-08-11T16:30:48.906672	0.00000000e+00	1	2	-1.40667000e-06	-2.06388000e-07	8.00044000e-01	1.81567000e-07
1.51779191e+01	2026-08-11T16:30:48.938752	0.00000000e+00	1	2	-2.38419000e-06	-1.90991000e-07	9.00044000e-01	1.57581000e-07
1.52257293e+01	2026-08-11T16:30:48.995893	0.00000000e+00	1	2	-1.54972000e-06	-2.12461000e-07	1.00005000e+00	1.97592000e-07
1.52710919e+01	2026-08-11T16:30:49.043340	0.00000000e+00	1	2	-2.50340000e-06	-2.55439000e-07	1.10004000e+00	2.33426000e-07
1.53177200e+01	2026-08-11T16:30:49.087992	0.00000000e+00	1	2	-2.98023000e-06	-3.37032000e-07	1.20004000e+00	3.44188000e-07
1.53703339e+01	2026-08-11T16:30:49.144382	0.00000000e+00	1	2	-4.14848000e-06	-4.05066000e-07	1.30004000e+00	4.21429000e-07
1.54158417e+01	2026-08-11T16:30:49.188730	0.00000000e+00	1	2	-3.00407000e-06	-5.76392000e-07	1.40003000e+00	5.61291000e-07
1.54669716e+01	2026-08-11T16:30:49.239204	0.00000000e+00	1	2	-2.95639000e-06	-7.94062000e-07	1.50002000e+00	8.25484000e-07
1.55285603e+01	2026-08-11T16:30:49.303227	0.00000000e+00	1	2	-1.71661000e-06	-1.07009000e-06	1.60002000e+00	1.13117000e-06
1.56208277e+01	2026-08-11T16:30:49.388191	0.00000000e+00	1	2	-1.88351000e-06	-1.56668000e-06	1.70002000e+00	1.77814000e-06
1.56662251e+01	2026-08-11T16:30:49.430192	0.00000000e+00	1	2	-6.36578000e-06	-2.47968000e-06	1.80001000e+00	1.09887000e-04
1.57523734e+01	2026-08-11T16:30:49.527114	0.00000000e+00	1	2	--	--	1.90000000e+00	1.09884000e-04
1.58561138e+01	2026-08-11T16:30:49.622270	0.00000000e+00	1	2	--	--	1.99999000e+00	1.09884000e-04
1.59117409e+01	2026-08-11T16:30:49.685796	0.00000000e+00	1	2	--	--	2.10030000e+00	1.09885000e-04
1.59764612e+01	2026-08-11T16:30:49.751010	0.00000000e+00	1	2	--	--	2.20052000e+00	1.09885000e-04
1.60222813e+01	2026-08-11T16:30:49.795092	0.00000000e+00	1	2	--	--	2.30031000e+00	1.09885000e-04
1.60726303e+01	2026-08-11T16:30:49.845748	0.00000000e+00	1	2	--	--	2.40047000e+00	1.09885000e-04
1.61192324e+01	2026-08-11T16:30:49.893990	0.00000000e+00	1	2	--	--	2.50060000e+00	1.09886000e-04
1.61698977e+01	2026-08-11T16:30:49.941808	0.00000000e+00	1	2	--	--	2.60040000e+00	1.09886000e-04
1.62315179e+01	2026-08-11T16:30:50.005555	0.00000000e+00	1	2	--	--	2.70052000e+00	1.09886000e-04
1.62766260e+01	2026-08-11T16:30:50.047406	0.00000000e+00	1	2	--	--	2.80038000e+00	1.09885000e-04
1.63272422e+01	2026-08-11T16:30:50.100652	0.00000000e+00	1	2	--	--	2.90055000e+00	1.09886000e-04
1.63771327e+01	2026-08-11T16:30:50.148268	0.00000000e+00	1	2	--	--	3.00039000e+00	1.09886000e-04
1.64370635e+01	2026-08-11T16:30:50.211623	0.00000000e+00	1	2	--	--	3.10060000e+00	1.09883000e-04
1.64825473e+01	2026-08-11T16:30:50.243262	0.00000000e+00	1	2	--	--	3.20066000e+00	1.09888000e-04
1.65284247e+01	2026-08-11T16:30:50.301362	0.00000000e+00	1	2	--	--	3.30048000e+00	1.09887000e-04
1.65859949e+01	2026-08-11T16:30:50.354061	0.00000000e+00	1	2	--	--	3.40064000e+00	1.09887000e-04
1.66489795e+01	2026-08-11T16:30:50.423197	0.00000000e+00	1	2	--	--	3.50049000e+00	1.09887000e-04
1.67065669e+01	2026-08-11T16:30:50.480696	0.00000000e+00	1	2	--	--	3.60058000e+00	1.09888000e-04
1.67509801e+01	2026-08-11T16:30:50.522524	0.00000000e+00	1	2	--	--	3.70045000e+00	1.09887000e-04
1.68015693e+01	2026-08-11T16:30:50.576488	0.00000000e+00	1	2	--	--	3.80056000e+00	1.09887000e-04
1.68473536e+01	2026-08-11T16:30:50.607277	0.00000000e+00	1	2	--	--	3.90064000e+00	1.09887000e-04
1.68973503e+01	2026-08-11T16:30:50.670946	0.00000000e+00	1	2	--	--	4.00049000e+00	1.09887000e-04
1.69415885e+01	2026-08-11T16:30:50.712945	0.00000000e+00	1	2	--	--	4.00051000e+00	1.09887000e-04
1.69900116e+01	2026-08-11T16:30:50.752312	0.00000000e+00	1	2	--	--	3.90070000e+00	1.09887000e-04
1.70396576e+01	2026-08-11T16:30:50.813864	0.00000000e+00	1	2	--	--	3.80055000e+00	1.09888000e-04
1.70845727e+01	2026-08-11T16:30:50.856185	0.00000000e+00	1	2	--	--	3.70041000e+00	1.09887000e-04
1.71352576e+01	2026-08-11T16:30:50.909651	0.00000000e+00	1	2	--	--	3.60052000e+00	1.09887000e-04
1.71822908e+01	2026-08-11T16:30:50.957209	0.00000000e+00	1	2	--	--	3.50047000e+00	1.09886000e-04
1.72307851e+01	2026-08-11T16:30:51.004666	0.00000000e+00	1	2	--	--	3.40059000e+00	1.09886000e-04
1.72939404e+01	2026-08-11T16:30:51.068016	0.00000000e+00	1	2	--	--	3.30045000e+00	1.09886000e-04
1.73392033e+01	2026-08-11T16:30:51.102261	0.00000000e+00	1	2	--	--	3.20065000e+00	1.09885000e-04
1.73851353e+01	2026-08-11T16:30:51.158253	0.00000000e+00	1	2	--	--	3.10056000e+00	1.09882000e-04
1.74404233e+01	2026-08-11T16:30:51.211575	0.00000000e+00	1	2	--	--	3.00036000e+00	1.09884000e-04
1.75015353e+01	2026-08-11T16:30:51.275807	0.00000000e+00	1	2	--	--	2.90055000e+00	1.09884000e-04
1.75461471e+01	2026-08-11T16:30:51.308173	0.00000000e+00	1	2	--	--	2.80041000e+00	1.09885000e-04
1.75979518e+01	2026-08-11T16:30:51.371887	0.00000000e+00	1	2	--	--	2.70054000e+00	1.09886000e-04
1.76434029e+01	2026-08-11T16:30:51.414332	0.00000000e+00	1	2	--	--	2.60038000e+00	1.09885000e-04
1.76905488e+01	2026-08-11T16:30:51.462566	0.00000000e+00	1	2	--	--	2.50060000e+00	1.09884000e-04
1.77410079e+01	2026-08-11T16:30:51.515136	0.00000000e+00	1	2	--	--	2.40051000e+00	1.09884000e-04
1.77849523e+01	2026-08-11T16:30:51.555209	0.00000000e+00	1	2	--	--	2.30033000e+00	1.09884000e-04
1.78316057e+01	2026-08-11T16:30:51.604168	0.00000000e+00	1	2	--	--	2.20055000e+00	1.09884000e-04
1.78830294e+01	2026-08-11T16:30:51.657538	0.00000000e+00	1	2	--	--	2.10036000e+00	1.09884000e-04
1.79284492e+01	2026-08-11T16:30:51.689377	0.00000000e+00	1	2	--	--	2.00000000e+00	1.09883000e-04
1.79755108e+01	2026-08-11T16:30:51.747239	0.00000000e+00	1	2	--	--	1.90001000e+00	1.09884000e-04
1.80336356e+01	2026-08-11T16:30:51.801266	0.00000000e+00	1	2	--	--	1.80001000e+00	1.09884000e-04
1.80923078e+01	2026-08-11T16:30:51.865530	0.00000000e+00	1	2	--	--	1.70002000e+00	1.09883000e-04
1.81555854e+01	2026-08-11T16:30:51.929305	0.00000000e+00	1	2	--	--	1.60003000e+00	1.09883000e-04
1.82014483e+01	2026-08-11T16:30:51.974249	0.00000000e+00	1	2	--	--	1.50003000e+00	1.09883000e-04
1.82554413e+01	2026-08-11T16:30:52.025158	0.00000000e+00	1	2	--	--	1.40004000e+00	1.09883000e-04
1.83135807e+01	2026-08-11T16:30:52.088212	0.00000000e+00	1	2	--	--	1.30005000e+00	1.09883000e-04
1.83594757e+01	2026-08-11T16:30:52.120221	0.00000000e+00	1	2	--	--	1.20005000e+00	1.09883000e-04
1.84100205e+01	2026-08-11T16:30:52.184106	0.00000000e+00	1	2	--	--	1.10005000e+00	1.09883000e-04
1.84554538e+01	2026-08-11T16:30:52.227734	0.00000000e+00	1	2	--	--	1.00006000e+00	1.09884000e-04
1.85020014e+01	2026-08-11T16:30:52.274002	0.00000000e+00	1	2	--	--	9.00057000e-01	1.09884000e-04
1.85521233e+01	2026-08-11T16:30:52.326780	0.00000000e+00	1	2	--	--	8.00053000e-01	1.09884000e-04
1.85975132e+01	2026-08-11T16:30:52.358935	0.00000000e+00	1	2	1.82796000e-01	-1.09912000e-04	7.00042000e-01	1.09885000e-04
1.86438759e+01	2026-08-11T16:30:52.417454	0.00000000e+00	1	2	8.22186000e-02	-1.09912000e-04	6.00035000e-01	1.09885000e-04
1.86969105e+01	2026-08-11T16:30:52.471501	0.00000000e+00	1	2	-1.82152000e-05	-1.00590000e-04	5.00031000e-01	1.00829000e-04
1.87410703e+01	2026-08-11T16:30:52.503032	0.00000000e+00	1	2	-9.63211000e-06	-5.76607000e-05	4.00030000e-01	5.79562000e-05
1.88275011e+01	2026-08-11T16:30:52.599913	0.00000000e+00	1	2	-4.62532000e-06	-2.98229000e-05	3.00022000e-01	2.96643000e-05
1.88728879e+01	2026-08-11T16:30:52.647792	0.00000000e+00	1	2	-2.38419000e-07	-1.42119000e-05	2.00058000e-01	1.41734000e-05
1.89235045e+01	2026-08-11T16:30:52.695854	0.00000000e+00	1	2	3.79086000e-06	-5.66682000e-06	1.00057000e-01	5.61664000e-06
1.90101709e+01	2026-08-11T16:30:52.780011	0.00000000e+00	1	2	-1.19209000e-06	-5.23926000e-09	5.27859000e-05	5.38368000e-09
2.29207618e+01	2026-08-11T16:30:56.683567	0.00000000e+00	1	3	-1.39713000e-05	-1.63436000e-11	5.60284000e-05	-4.13775000e-11
2.29813442e+01	2026-08-11T16:30:56.746664	0.00000000e+00	1	3	-1.16110000e-05	-9.07552000e-10	1.00060000e-01	1.99771000e-09
2.30303112e+01	2026-08-11T16:30:56.798776	0.00000000e+00	1	3	-1.09911000e-05	-3.74939000e-09	2.00056000e-01	3.92672000e-09
2.30797417e+01	2026-08-11T16:30:56.852890	0.00000000e+00	1	3	-8.72612000e-06	-8.16082000e-09	3.00022000e-01	9.80070000e-09
2.31319878e+01	2026-08-11T16:30:56.905879	0.00000000e+00	1	3	-8.36849000e-06	-1.93838000e-08	4.00030000e-01	2.09152000e-08
2.31770789e+01	2026-08-11T16:30:56.937711	0.00000000e+00	1	3	-6.41346000e-06	-3.26761000e-08	5.00025000e-01	3.70710000e-08
2.32268313e+01	2026-08-11T16:30:57.002041	0.00000000e+00	1	3	-1.04904000e-06	-5.50802000e-08	6.00028000e-01	6.74183000e-08
2.32721172e+01	2026-08-11T16:30:57.047051	0.00000000e+00	1	3	4.91142000e-06	-9.87966000e-08	7.00039000e-01	1.23974000e-07
2.33383779e+01	2026-08-11T16:30:57.112817	0.00000000e+00	1	3	-8.86917000e-06	-1.84723000e-07	8.00046000e-01	1.86476000e-07
2.34185279e+01	2026-08-11T16:30:57.192636	0.00000000e+00	1	3	-8.22544000e-06	-2.58567000e-07	9.00056000e-01	2.66852000e-07
2.34634293e+01	2026-08-11T16:30:57.224028	0.00000000e+00	1	3	-9.51290000e-06	-3.80911000e-07	1.00005000e+00	4.08951000e-07
2.35135254e+01	2026-08-11T16:30:57.287687	0.00000000e+00	1	3	-1.08957000e-05	-5.53324000e-07	1.10005000e+00	5.56955000e-07
2.35778129e+01	2026-08-11T16:30:57.351678	0.00000000e+00	1	3	-1.16825000e-05	-7.15289000e-07	1.20005000e+00	7.41423000e-07
2.36239371e+01	2026-08-11T16:30:57.383744	0.00000000e+00	1	3	-1.12057000e-05	-9.08131000e-07	1.30004000e+00	9.93159000e-07
2.36697578e+01	2026-08-11T16:30:57.442533	0.00000000e+00	1	3	-8.96454000e-06	-1.03016000e-06	1.40005000e+00	1.16660000e-06
2.37563872e+01	2026-08-11T16:30:57.527535	0.00000000e+00	1	3	-1.02997000e-05	-1.84989000e-06	1.50003000e+00	1.94253000e-06
2.38227229e+01	2026-08-11T16:30:57.591583	0.00000000e+00	1	3	-1.24455000e-05	-2.62222000e-06	1.60003000e+00	3.01972000e-06
2.38809276e+01	2026-08-11T16:30:57.654866	0.00000000e+00	1	3	-1.19686000e-05	-2.21707000e-06	1.70002000e+00	2.24327000e-06
2.39274349e+01	2026-08-11T16:30:57.688025	0.00000000e+00	1	3	--	--	1.80001000e+00	1.09884000e-04
2.40552734e+01	2026-08-11T16:30:57.815175	0.00000000e+00	1	3	--	--	1.90001000e+00	1.09884000e-04
2.41111190e+01	2026-08-11T16:30:57.878862	0.00000000e+00	1	3	--	--	2.00000000e+00	1.09884000e-04
2.41685985e+01	2026-08-11T16:30:57.942569	0.00000000e+00	1	3	--	--	2.10035000e+00	1.09885000e-04
2.42148455e+01	2026-08-11T16:30:57.974542	0.00000000e+00	1	3	--	--	2.20053000e+00	1.09884000e-04
2.42638951e+01	2026-08-11T16:30:58.039048	0.00000000e+00	1	3	--	--	2.30031000e+00	1.09884000e-04
2.43099774e+01	2026-08-11T16:30:58.081114	0.00000000e+00	1	3	--	--	2.40049000e+00	1.09884000e-04
2.43621179e+01	2026-08-11T16:30:58.134360	0.00000000e+00	1	3	--	--	2.50060000e+00	1.09884000e-04
2.44301286e+01	2026-08-11T16:30:58.202655	0.00000000e+00	1	3	--	--	2.60042000e+00	1.09885000e-04
2.44842933e+01	2026-08-11T16:30:58.253096	0.00000000e+00	1	3	--	--	2.70057000e+00	1.09886000e-04
2.45311761e+01	2026-08-11T16:30:58.304872	0.00000000e+00	1	3	--	--	2.80043000e+00	1.09885000e-04
2.45837551e+01	2026-08-11T16:30:58.358419	0.00000000e+00	1	3	--	--	2.90058000e+00	1.09884000e-04
2.46292764e+01	2026-08-11T16:30:58.390556	0.00000000e+00	1	3	--	--	3.00040000e+00	1.09884000e-04
2.46767316e+01	2026-08-11T16:30:58.449351	0.00000000e+00	1	3	--	--	3.10062000e+00	1.09883000e-04
2.47283909e+01	2026-08-11T16:30:58.502476	0.00000000e+00	1	3	--	--	3.20070000e+00	1.09885000e-04
2.47748598e+01	2026-08-11T16:30:58.534468	0.00000000e+00	1	3	--	--	3.30050000e+00	1.09885000e-04
2.48261648e+01	2026-08-11T16:30:58.598923	0.00000000e+00	1	3	--	--	3.40064000e+00	1.09886000e-04
2.48823012e+01	2026-08-11T16:30:58.648315	0.00000000e+00	1	3	--	--	3.50054000e+00	1.09887000e-04
2.49351886e+01	2026-08-11T16:30:58.710387	0.00000000e+00	1	3	--	--	3.60060000e+00	1.09887000e-04
2.50002774e+01	2026-08-11T16:30:58.774021	0.00000000e+00	1	3	--	--	3.70049000e+00	1.09886000e-04
2.50637751e+01	2026-08-11T16:30:58.838619	0.00000000e+00	1	3	--	--	3.80061000e+00	1.09887000e-04
2.51085344e+01	2026-08-11T16:30:58.871874	0.00000000e+00	1	3	--	--	3.90072000e+00	1.09886000e-04
2.51566825e+01	2026-08-11T16:30:58.924857	0.00000000e+00	1	3	--	--	4.00057000e+00	1.09887000e-04
2.52065533e+01	2026-08-11T16:30:58.980266	0.00000000e+00	1	3	--	--	4.00056000e+00	1.09887000e-04
2.52693419e+01	2026-08-11T16:30:59.044368	0.00000000e+00	1	3	--	--	3.90077000e+00	1.09887000e-04
2.53138265e+01	2026-08-11T16:30:59.086473	0.00000000e+00	1	3	--	--	3.80059000e+00	1.09887000e-04
2.53644759e+01	2026-08-11T16:30:59.139124	0.00000000e+00	1	3	--	--	3.70053000e+00	1.09886000e-04
2.54096001e+01	2026-08-11T16:30:59.170710	0.00000000e+00	1	3	--	--	3.60062000e+00	1.09887000e-04
2.54572254e+01	2026-08-11T16:30:59.228795	0.00000000e+00	1	3	--	--	3.50051000e+00	1.09886000e-04
2.55072460e+01	2026-08-11T16:30:59.282407	0.00000000e+00	1	3	--	--	3.40067000e+00	1.09887000e-04
2.55531397e+01	2026-08-11T16:30:59.313634	0.00000000e+00	1	3	--	--	3.30050000e+00	1.09886000e-04
2.55994309e+01	2026-08-11T16:30:59.367545	0.00000000e+00	1	3	--	--	3.20071000e+00	1.09886000e-04
2.56478809e+01	2026-08-11T16:30:59.419696	0.00000000e+00	1	3	--	--	3.10062000e+00	1.09883000e-04
2.56991577e+01	2026-08-11T16:30:59.472687	0.00000000e+00	1	3	--	--	3.00041000e+00	1.09885000e-04
2.57618470e+01	2026-08-11T16:30:59.536250	0.00000000e+00	1	3	--	--	2.90059000e+00	1.09886000e-04
2.58074659e+01	2026-08-11T16:30:59.567720	0.00000000e+00	1	3	--	--	2.80040000e+00	1.09884000e-04
2.58569830e+01	2026-08-11T16:30:59.630734	0.00000000e+00	1	3	--	--	2.70057000e+00	1.09884000e-04
2.59095677e+01	2026-08-11T16:30:59.680417	0.00000000e+00	1	3	--	--	2.60040000e+00	1.09885000e-04
2.59550784e+01	2026-08-11T16:30:59.729905	0.00000000e+00	1	3	--	--	2.50060000e+00	1.09885000e-04
2.60108126e+01	2026-08-11T16:30:59.784291	0.00000000e+00	1	3	--	--	2.40051000e+00	1.09884000e-04
2.60639882e+01	2026-08-11T16:30:59.837131	0.00000000e+00	1	3	--	--	2.30031000e+00	1.09884000e-04
2.61151475e+01	2026-08-11T16:30:59.884839	0.00000000e+00	1	3	--	--	2.20055000e+00	1.09883000e-04
2.61741217e+01	2026-08-11T16:30:59.948767	0.00000000e+00	1	3	--	--	2.10034000e+00	1.09883000e-04
2.62393128e+01	2026-08-11T16:31:00.013150	0.00000000e+00	1	3	--	--	2.00000000e+00	1.09884000e-04
2.63040623e+01	2026-08-11T16:31:00.076431	0.00000000e+00	1	3	--	--	1.90001000e+00	1.09882000e-04
2.63493018e+01	2026-08-11T16:31:00.124059	0.00000000e+00	1	3	--	--	1.80001000e+00	1.09882000e-04
2.63948757e+01	2026-08-11T16:31:00.156061	0.00000000e+00	1	3	--	--	1.70003000e+00	1.09881000e-04
2.64461093e+01	2026-08-11T16:31:00.220490	0.00000000e+00	1	3	--	--	1.60004000e+00	1.09881000e-04
2.64915474e+01	2026-08-11T16:31:00.252457	0.00000000e+00	1	3	--	--	1.50004000e+00	1.09882000e-04
2.65434122e+01	2026-08-11T16:31:00.316465	0.00000000e+00	1	3	--	--	1.40005000e+00	1.09882000e-04
2.65920805e+01	2026-08-11T16:31:00.363648	0.00000000e+00	1	3	--	--	1.30006000e+00	1.09881000e-04
2.66537649e+01	2026-08-11T16:31:00.427483	0.00000000e+00	1	3	--	--	1.20006000e+00	1.09882000e-04
2.66990092e+01	2026-08-11T16:31:00.473171	0.00000000e+00	1	3	--	--	1.10005000e+00	1.09882000e-04
2.67454382e+01	2026-08-11T16:31:00.520316	0.00000000e+00	1	3	--	--	1.00006000e+00	1.09883000e-04
2.67950085e+01	2026-08-11T16:31:00.569357	0.00000000e+00	1	3	--	--	9.00059000e-01	1.09882000e-04
2.68416464e+01	2026-08-11T16:31:00.604346	0.00000000e+00	1	3	--	--	8.00054000e-01	1.09883000e-04
2.68863280e+01	2026-08-11T16:31:00.655790	0.00000000e+00	1	3	--	--	7.00047000e-01	1.09882000e-04
2.69376575e+01	2026-08-11T16:31:00.712185	0.00000000e+00	1	3	--	--	6.00037000e-01	1.09884000e-04
2.69828464e+01	2026-08-11T16:31:00.754305	0.00000000e+00	1	3	--	--	5.00030000e-01	1.09885000e-04
2.70442949e+01	2026-08-11T16:31:00.807285	0.00000000e+00	1	3	1.11380000e-01	-1.09912000e-04	4.00037000e-01	1.09885000e-04
2.70940059e+01	2026-08-11T16:31:00.865627	0.00000000e+00	1	3	1.13773000e-02	-1.09913000e-04	3.00028000e-01	1.09884000e-04
2.71531040e+01	2026-08-11T16:31:00.921426	0.00000000e+00	1	3	-1.52349000e-05	-6.25206000e-05	2.00060000e-01	6.26176000e-05
2.72490654e+01	2026-08-11T16:31:01.014750	0.00000000e+00	1	3	-8.05855000e-06	-2.62399000e-05	1.00063000e-01	2.62205000e-05
2.73046331e+01	2026-08-11T16:31:01.078328	0.00000000e+00	1	3	-3.17097000e-06	-2.75936000e-08	5.43833000e-05	2.57097000e-08
3.13798121e+01	2026-08-11T16:31:05.144430	0.00000000e+00	1	4	-1.24931000e-05	-3.14474000e-11	6.17504000e-05	-4.11749000e-11
3.14337505e+01	2026-08-11T16:31:05.208273	0.00000000e+00	1	4	-1.28746000e-05	-7.14064000e-10	1.00067000e-01	1.79096000e-09
3.15017023e+01	2026-08-11T16:31:05.272200	0.00000000e+00	1	4	-1.18256000e-05	-3.62562000e-09	2.00064000e-01	3.40449000e-09
3.15618499e+01	2026-08-11T16:31:05.336048	0.00000000e+00	1	4	-1.32799000e-05	-6.43315000e-09	3.00031000e-01	7.14573000e-09
3.16273824e+01	2026-08-11T16:31:05.400130	0.00000000e+00	1	4	-1.18971000e-05	-1.52315000e-08	4.00049000e-01	1.57879000e-08
3.16895812e+01	2026-08-11T16:31:05.463627	0.00000000e+00	1	4	-1.21593000e-05	-2.55388000e-08	5.00039000e-01	2.83715000e-08
3.17528803e+01	2026-08-11T16:31:05.527379	0.00000000e+00	1	4	-1.00136000e-05	-3.46629000e-08	6.00042000e-01	3.96455000e-08
3.17995824e+01	2026-08-11T16:31:05.559061	0.00000000e+00	1	4	-4.64916000e-06	-6.79747000e-08	7.00051000e-01	6.04283000e-08
3.18510088e+01	2026-08-11T16:31:05.622577	0.00000000e+00	1	4	2.07424000e-06	-9.03981000e-08	8.00062000e-01	1.16517000e-07
3.19159058e+01	2026-08-11T16:31:05.687081	0.00000000e+00	1	4	-1.07765000e-05	-1.93547000e-07	9.00064000e-01	2.09701000e-07
3.19823672e+01	2026-08-11T16:31:05.753313	0.00000000e+00	1	4	-1.07527000e-05	-3.88583000e-07	1.00007000e+00	4.27391000e-07
3.20370799e+01	2026-08-11T16:31:05.807961	0.00000000e+00	1	4	-1.03951000e-05	-5.58762000e-07	1.10006000e+00	5.61040000e-07
3.20839948e+01	2026-08-11T16:31:05.856951	0.00000000e+00	1	4	-1.10388000e-05	-5.55962000e-07	1.20007000e+00	5.06453000e-07
3.21341256e+01	2026-08-11T16:31:05.909004	0.00000000e+00	1	4	-1.02758000e-05	-6.75208000e-07	1.30006000e+00	8.05585000e-07
3.21896965e+01	2026-08-11T16:31:05.956274	0.00000000e+00	1	4	-1.16348000e-05	-8.17590000e-07	1.40005000e+00	5.13395000e-07
3.22451422e+01	2026-08-11T16:31:06.019613	0.00000000e+00	1	4	-1.18256000e-05	-6.64323000e-07	1.50004000e+00	7.31576000e-07
3.22900356e+01	2026-08-11T16:31:06.051264	0.00000000e+00	1	4	-1.27077000e-05	-9.65279000e-07	1.60004000e+00	9.27958000e-07
3.23548921e+01	2026-08-11T16:31:06.115709	0.00000000e+00	1	4	-1.30177000e-05	-1.14055000e-06	1.70003000e+00	1.19657000e-06
3.24372275e+01	2026-08-11T16:31:06.210977	0.00000000e+00	1	4	-1.05143000e-05	-1.23944000e-06	1.80002000e+00	1.17070000e-06
3.24840136e+01	2026-08-11T16:31:06.258784	0.00000000e+00	1	4	--	--	1.90002000e+00	1.09888000e-04
3.25691017e+01	2026-08-11T16:31:06.339039	0.00000000e+00	1	4	--	--	2.00001000e+00	1.09885000e-04
3.26595832e+01	2026-08-11T16:31:06.434053	0.00000000e+00	1	4	--	--	2.10046000e+00	1.09885000e-04
3.27051913e+01	2026-08-11T16:31:06.476441	0.00000000e+00	1	4	--	--	2.20065000e+00	1.09885000e-04
3.27545611e+01	2026-08-11T16:31:06.529233	0.00000000e+00	1	4	--	--	2.30043000e+00	1.09885000e-04
3.28184257e+01	2026-08-11T16:31:06.592774	0.00000000e+00	1	4	--	--	2.40063000e+00	1.09884000e-04
3.28828320e+01	2026-08-11T16:31:06.656674	0.00000000e+00	1	4	--	--	2.50073000e+00	1.09885000e-04
3.29471260e+01	2026-08-11T16:31:06.720945	0.00000000e+00	1	4	--	--	2.60053000e+00	1.09885000e-04
3.29929925e+01	2026-08-11T16:31:06.752572	0.00000000e+00	1	4	--	--	2.70070000e+00	1.09885000e-04
3.30398185e+01	2026-08-11T16:31:06.811096	0.00000000e+00	1	4	--	--	2.80052000e+00	1.09885000e-04
3.30917545e+01	2026-08-11T16:31:06.865536	0.00000000e+00	1	4	--	--	2.90067000e+00	1.09885000e-04
3.31554248e+01	2026-08-11T16:31:06.928171	0.00000000e+00	1	4	--	--	3.00051000e+00	1.09884000e-04
3.32276561e+01	2026-08-11T16:31:06.992460	0.00000000e+00	1	4	--	--	3.10070000e+00	1.09884000e-04
3.32818018e+01	2026-08-11T16:31:07.056377	0.00000000e+00	1	4	--	--	3.20079000e+00	1.09886000e-04
3.33338119e+01	2026-08-11T16:31:07.108000	0.00000000e+00	1	4	--	--	3.30059000e+00	1.09886000e-04
3.33942269e+01	2026-08-11T16:31:07.168089	0.00000000e+00	1	4	--	--	3.40071000e+00	1.09885000e-04
3.34404514e+01	2026-08-11T16:31:07.200167	0.00000000e+00	1	4	--	--	3.50060000e+00	1.09886000e-04
3.34882666e+01	2026-08-11T16:31:07.258228	0.00000000e+00	1	4	--	--	3.60070000e+00	1.09886000e-04
3.35397871e+01	2026-08-11T16:31:07.311957	0.00000000e+00	1	4	--	--	3.70057000e+00	1.09885000e-04
3.35910889e+01	2026-08-11T16:31:07.362267	0.00000000e+00	1	4	--	--	3.80069000e+00	1.09886000e-04
3.36547774e+01	2026-08-11T16:31:07.423040	0.00000000e+00	1	4	--	--	3.90079000e+00	1.09887000e-04
3.37119242e+01	2026-08-11T16:31:07.486687	0.00000000e+00	1	4	--	--	4.00064000e+00	1.09886000e-04
3.37553238e+01	2026-08-11T16:31:07.518300	0.00000000e+00	1	4	--	--	4.00063000e+00	1.09887000e-04
3.38062612e+01	2026-08-11T16:31:07.566882	0.00000000e+00	1	4	--	--	3.90076000e+00	1.09886000e-04
3.38718455e+01	2026-08-11T16:31:07.646278	0.00000000e+00	1	4	--	--	3.80066000e+00	1.09886000e-04
3.39180470e+01	2026-08-11T16:31:07.678347	0.00000000e+00	1	4	--	--	3.70060000e+00	1.09886000e-04
3.39674781e+01	2026-08-11T16:31:07.742110	0.00000000e+00	1	4	--	--	3.60070000e+00	1.09886000e-04
3.40201698e+01	2026-08-11T16:31:07.794236	0.00000000e+00	1	4	--	--	3.50056000e+00	1.09886000e-04
3.40816677e+01	2026-08-11T16:31:07.854163	0.00000000e+00	1	4	--	--	3.40070000e+00	1.09886000e-04
3.41436690e+01	2026-08-11T16:31:07.917521	0.00000000e+00	1	4	--	--	3.30055000e+00	1.09886000e-04
3.41897774e+01	2026-08-11T16:31:07.949348	0.00000000e+00	1	4	--	--	3.20076000e+00	1.09885000e-04
3.42382113e+01	2026-08-11T16:31:08.013177	0.00000000e+00	1	4	--	--	3.10065000e+00	1.09882000e-04
3.42875565e+01	2026-08-11T16:31:08.062700	0.00000000e+00	1	4	--	--	3.00043000e+00	1.09884000e-04
3.43376451e+01	2026-08-11T16:31:08.112736	0.00000000e+00	1	4	--	--	2.90064000e+00	1.09884000e-04
3.43892225e+01	2026-08-11T16:31:08.164426	0.00000000e+00	1	4	--	--	2.80045000e+00	1.09885000e-04
3.44337204e+01	2026-08-11T16:31:08.208441	0.00000000e+00	1	4	--	--	2.70062000e+00	1.09885000e-04
3.44783122e+01	2026-08-11T16:31:08.252622	0.00000000e+00	1	4	--	--	2.60048000e+00	1.09885000e-04
3.45462304e+01	2026-08-11T16:31:08.320971	0.00000000e+00	1	4	--	--	2.50064000e+00	1.09885000e-04
3.45916803e+01	2026-08-11T16:31:08.366088	0.00000000e+00	1	4	--	--	2.40055000e+00	1.09885000e-04
3.46374123e+01	2026-08-11T16:31:08.411818	0.00000000e+00	1	4	--	--	2.30039000e+00	1.09885000e-04
3.46819617e+01	2026-08-11T16:31:08.456691	0.00000000e+00	1	4	--	--	2.20061000e+00	1.09884000e-04
3.47274257e+01	2026-08-11T16:31:08.502022	0.00000000e+00	1	4	--	--	2.10042000e+00	1.09883000e-04
3.47786292e+01	2026-08-11T16:31:08.553532	0.00000000e+00	1	4	--	--	2.00001000e+00	1.09884000e-04
3.48391826e+01	2026-08-11T16:31:08.613811	0.00000000e+00	1	4	--	--	1.90002000e+00	1.09884000e-04
3.49024940e+01	2026-08-11T16:31:08.677560	0.00000000e+00	1	4	--	--	1.80002000e+00	1.09883000e-04
3.49554062e+01	2026-08-11T16:31:08.729825	0.00000000e+00	1	4	--	--	1.70004000e+00	1.09882000e-04
3.50004557e+01	2026-08-11T16:31:08.774801	0.00000000e+00	1	4	--	--	1.60004000e+00	1.09882000e-04
3.50447232e+01	2026-08-11T16:31:08.819139	0.00000000e+00	1	4	--	--	1.50005000e+00	1.09882000e-04
3.51014146e+01	2026-08-11T16:31:08.876297	0.00000000e+00	1	4	--	--	1.40006000e+00	1.09882000e-04
3.51532762e+01	2026-08-11T16:31:08.927771	0.00000000e+00	1	4	--	--	1.30006000e+00	1.09882000e-04
3.52177582e+01	2026-08-11T16:31:08.992052	0.00000000e+00	1	4	--	--	1.20007000e+00	1.09882000e-04
3.52875412e+01	2026-08-11T16:31:09.061544	0.00000000e+00	1	4	--	--	1.10007000e+00	1.09882000e-04
3.53344648e+01	2026-08-11T16:31:09.104361	0.00000000e+00	1	4	--	--	1.00007000e+00	1.09883000e-04
3.53834653e+01	2026-08-11T16:31:09.157809	0.00000000e+00	1	4	--	--	9.00066000e-01	1.09882000e-04
3.54307840e+01	2026-08-11T16:31:09.205488	0.00000000e+00	1	4	--	--	8.00064000e-01	1.09884000e-04
3.54813611e+01	2026-08-11T16:31:09.255483	0.00000000e+00	1	4	--	--	7.00060000e-01	1.09884000e-04
3.55438661e+01	2026-08-11T16:31:09.317147	0.00000000e+00	1	4	--	--	6.00045000e-01	1.09884000e-04
3.55969773e+01	2026-08-11T16:31:09.365052	0.00000000e+00	1	4	--	--	5.00042000e-01	1.09884000e-04
3.56637118e+01	2026-08-11T16:31:09.429245	0.00000000e+00	1	4	1.67790000e-01	-1.09913000e-04	4.00044000e-01	1.09883000e-04
3.57187752e+01	2026-08-11T16:31:09.492952	0.00000000e+00	1	4	6.77028000e-02	-1.09914000e-04	3.00033000e-01	1.09885000e-04
3.57649937e+01	2026-08-11T16:31:09.525283	0.00000000e+00	1	4	-2.80857000e-05	-9.23089000e-05	2.00068000e-01	9.22731000e-05
3.58512738e+01	2026-08-11T16:31:09.622003	0.00000000e+00	1	4	-1.98364000e-05	-4.30748000e-05	1.00072000e-01	4.30714000e-05
3.59003617e+01	2026-08-11T16:31:09.671358	0.00000000e+00	1	4	-7.82013000e-06	-5.21333000e-08	6.05822000e-05	4.90232000e-08
3.98835162e+01	2026-08-11T16:31:13.652344	0.00000000e+00	1	5	-1.05858000e-05	-1.79410000e-11	6.04153000e-05	-3.86477000e-11
3.99363999e+01	2026-08-11T16:31:13.709671	0.00000000e+00	1	5	-8.39233000e-06	-8.33547000e-10	1.00065000e-01	2.30533000e-09
3.99902810e+01	2026-08-11T16:31:13.763512	0.00000000e+00	1	5	-9.39369000e-06	-3.65863000e-09	2.00059000e-01	3.47843000e-09
4.00522013e+01	2026-08-11T16:31:13.826280	0.00000000e+00	1	5	-9.51290000e-06	-5.54266000e-09	3.00027000e-01	5.94738000e-09
4.01163370e+01	2026-08-11T16:31:13.890384	0.00000000e+00	1	5	-1.02997000e-05	-1.06679000e-08	4.00035000e-01	1.06307000e-08
4.01801533e+01	2026-08-11T16:31:13.954020	0.00000000e+00	1	5	-9.48906000e-06	-1.82236000e-08	5.00032000e-01	1.74621000e-08
4.02436281e+01	2026-08-11T16:31:14.018510	0.00000000e+00	1	5	-6.50883000e-06	-3.74801000e-08	6.00035000e-01	4.86013000e-08
4.02907448e+01	2026-08-11T16:31:14.065524	0.00000000e+00	1	5	-6.53267000e-06	-5.98667000e-08	7.00046000e-01	5.87414000e-08
4.03445134e+01	2026-08-11T16:31:14.118375	0.00000000e+00	1	5	-2.59876000e-06	-6.81354000e-08	8.00048000e-01	8.93549000e-08
4.04049388e+01	2026-08-11T16:31:14.177731	0.00000000e+00	1	5	-8.55923000e-06	-1.77806000e-07	9.00057000e-01	1.91877000e-07
4.04990765e+01	2026-08-11T16:31:14.272770	0.00000000e+00	1	5	-9.44138000e-06	-2.74993000e-07	1.00006000e+00	2.65026000e-07
4.05438542e+01	2026-08-11T16:31:14.304431	0.00000000e+00	1	5	-7.72476000e-06	-3.41993000e-07	1.10006000e+00	4.10352000e-07
4.05931298e+01	2026-08-11T16:31:14.367762	0.00000000e+00	1	5	-8.17776000e-06	-5.66535000e-07	1.20006000e+00	5.62724000e-07
4.06570727e+01	2026-08-11T16:31:14.431662	0.00000000e+00	1	5	-9.51290000e-06	-6.40939000e-07	1.30006000e+00	6.77373000e-07
4.07036512e+01	2026-08-11T16:31:14.463656	0.00000000e+00	1	5	-9.39369000e-06	-7.46786000e-07	1.40005000e+00	7.56023000e-07
4.07538077e+01	2026-08-11T16:31:14.527625	0.00000000e+00	1	5	-9.17912000e-06	-1.44975000e-06	1.50004000e+00	1.37134000e-06
4.08490084e+01	2026-08-11T16:31:14.623132	0.00000000e+00	1	5	-9.32217000e-06	-1.33017000e-06	1.60004000e+00	1.31334000e-06
4.08957150e+01	2026-08-11T16:31:14.655172	0.00000000e+00	1	5	--	--	1.70004000e+00	1.09884000e-04
4.10228632e+01	2026-08-11T16:31:14.793191	0.00000000e+00	1	5	--	--	1.80002000e+00	1.09884000e-04
4.10674888e+01	2026-08-11T16:31:14.834604	0.00000000e+00	1	5	--	--	1.90002000e+00	1.09883000e-04
4.11200475e+01	2026-08-11T16:31:14.894186	0.00000000e+00	1	5	--	--	2.00001000e+00	1.09883000e-04
4.11674215e+01	2026-08-11T16:31:14.941895	0.00000000e+00	1	5	--	--	2.10043000e+00	1.09883000e-04
4.12152797e+01	2026-08-11T16:31:14.989896	0.00000000e+00	1	5	--	--	2.20059000e+00	1.09883000e-04
4.12611573e+01	2026-08-11T16:31:15.022048	0.00000000e+00	1	5	--	--	2.30038000e+00	1.09883000e-04
4.13106995e+01	2026-08-11T16:31:15.085435	0.00000000e+00	1	5	--	--	2.40056000e+00	1.09884000e-04
4.13757421e+01	2026-08-11T16:31:15.149125	0.00000000e+00	1	5	--	--	2.50069000e+00	1.09884000e-04
4.14387618e+01	2026-08-11T16:31:15.213962	0.00000000e+00	1	5	--	--	2.60050000e+00	1.09884000e-04
4.15025771e+01	2026-08-11T16:31:15.276490	0.00000000e+00	1	5	--	--	2.70065000e+00	1.09885000e-04
4.15488828e+01	2026-08-11T16:31:15.308454	0.00000000e+00	1	5	--	--	2.80047000e+00	1.09884000e-04
4.16031904e+01	2026-08-11T16:31:15.371877	0.00000000e+00	1	5	--	--	2.90062000e+00	1.09885000e-04
4.16651296e+01	2026-08-11T16:31:15.436270	0.00000000e+00	1	5	--	--	3.00043000e+00	1.09885000e-04
4.17279602e+01	2026-08-11T16:31:15.500449	0.00000000e+00	1	5	--	--	3.10064000e+00	1.09882000e-04
4.17989138e+01	2026-08-11T16:31:15.572404	0.00000000e+00	1	5	--	--	3.20076000e+00	1.09885000e-04
4.18543902e+01	2026-08-11T16:31:15.628713	0.00000000e+00	1	5	--	--	3.30055000e+00	1.09886000e-04
4.18996567e+01	2026-08-11T16:31:15.660568	0.00000000e+00	1	5	--	--	3.40072000e+00	1.09885000e-04
4.19515592e+01	2026-08-11T16:31:15.724849	0.00000000e+00	1	5	--	--	3.50058000e+00	1.09885000e-04
4.20036406e+01	2026-08-11T16:31:15.774752	0.00000000e+00	1	5	--	--	3.60072000e+00	1.09886000e-04
4.20574200e+01	2026-08-11T16:31:15.831427	0.00000000e+00	1	5	--	--	3.70061000e+00	1.09887000e-04
4.21038054e+01	2026-08-11T16:31:15.875950	0.00000000e+00	1	5	--	--	3.80068000e+00	1.09886000e-04
4.21650383e+01	2026-08-11T16:31:15.932617	0.00000000e+00	1	5	--	--	3.90077000e+00	1.09886000e-04
4.22229802e+01	2026-08-11T16:31:15.996674	0.00000000e+00	1	5	--	--	4.00059000e+00	1.09886000e-04
4.22690039e+01	2026-08-11T16:31:16.028820	0.00000000e+00	1	5	--	--	4.00061000e+00	1.09886000e-04
4.23185926e+01	2026-08-11T16:31:16.092327	0.00000000e+00	1	5	--	--	3.90077000e+00	1.09886000e-04
4.23730912e+01	2026-08-11T16:31:16.140743	0.00000000e+00	1	5	--	--	3.80069000e+00	1.09887000e-04
4.24262960e+01	2026-08-11T16:31:16.199694	0.00000000e+00	1	5	--	--	3.70059000e+00	1.09886000e-04
4.24720504e+01	2026-08-11T16:31:16.246552	0.00000000e+00	1	5	--	--	3.60066000e+00	1.09886000e-04
4.25254154e+01	2026-08-11T16:31:16.299963	0.00000000e+00	1	5	--	--	3.50056000e+00	1.09885000e-04
4.25739269e+01	2026-08-11T16:31:16.347737	0.00000000e+00	1	5	--	--	3.40071000e+00	1.09885000e-04
4.26263614e+01	2026-08-11T16:31:16.395353	0.00000000e+00	1	5	--	--	3.30058000e+00	1.09886000e-04
4.26735773e+01	2026-08-11T16:31:16.443029	0.00000000e+00	1	5	--	--	3.20078000e+00	1.09885000e-04
4.27198245e+01	2026-08-11T16:31:16.493249	0.00000000e+00	1	5	--	--	3.10068000e+00	1.09881000e-04
4.27898748e+01	2026-08-11T16:31:16.554993	0.00000000e+00	1	5	--	--	3.00048000e+00	1.09884000e-04
4.28452863e+01	2026-08-11T16:31:16.619204	0.00000000e+00	1	5	--	--	2.90067000e+00	1.09884000e-04
4.28902657e+01	2026-08-11T16:31:16.651368	0.00000000e+00	1	5	--	--	2.80050000e+00	1.09886000e-04
4.29425559e+01	2026-08-11T16:31:16.714577	0.00000000e+00	1	5	--	--	2.70064000e+00	1.09885000e-04
4.30079629e+01	2026-08-11T16:31:16.778502	0.00000000e+00	1	5	--	--	2.60050000e+00	1.09885000e-04
4.30680609e+01	2026-08-11T16:31:16.842552	0.00000000e+00	1	5	--	--	2.50070000e+00	1.09884000e-04
4.31148780e+01	2026-08-11T16:31:16.875313	0.00000000e+00	1	5	--	--	2.40059000e+00	1.09885000e-04
4.31701122e+01	2026-08-11T16:31:16.938655	0.00000000e+00	1	5	--	--	2.30041000e+00	1.09885000e-04
4.32229191e+01	2026-08-11T16:31:16.988631	0.00000000e+00	1	5	--	--	2.20062000e+00	1.09885000e-04
4.32681987e+01	2026-08-11T16:31:17.036168	0.00000000e+00	1	5	--	--	2.10043000e+00	1.09884000e-04
4.33123671e+01	2026-08-11T16:31:17.083061	0.00000000e+00	1	5	--	--	2.00001000e+00	1.09884000e-04
4.33709428e+01	2026-08-11T16:31:17.145216	0.00000000e+00	1	5	--	--	1.90002000e+00	1.09883000e-04
4.34165172e+01	2026-08-11T16:31:17.177088	0.00000000e+00	1	5	--	--	1.80003000e+00	1.09882000e-04
4.34679335e+01	2026-08-11T16:31:17.240743	0.00000000e+00	1	5	--	--	1.70003000e+00	1.09882000e-04
4.35306714e+01	2026-08-11T16:31:17.304936	0.00000000e+00	1	5	--	--	1.60004000e+00	1.09883000e-04
4.35757300e+01	2026-08-11T16:31:17.336870	0.00000000e+00	1	5	--	--	1.50005000e+00	1.09883000e-04
4.36239009e+01	2026-08-11T16:31:17.395219	0.00000000e+00	1	5	--	--	1.40006000e+00	1.09882000e-04
4.36714494e+01	2026-08-11T16:31:17.443883	0.00000000e+00	1	5	--	--	1.30007000e+00	1.09882000e-04
4.37269180e+01	2026-08-11T16:31:17.496432	0.00000000e+00	1	5	--	--	1.20007000e+00	1.09883000e-04
4.37878279e+01	2026-08-11T16:31:17.559916	0.00000000e+00	1	5	--	--	1.10006000e+00	1.09884000e-04
4.38365489e+01	2026-08-11T16:31:17.609593	0.00000000e+00	1	5	--	--	1.00007000e+00	1.09884000e-04
4.38978668e+01	2026-08-11T16:31:17.672089	0.00000000e+00	1	5	--	--	9.00069000e-01	1.09884000e-04
4.39617563e+01	2026-08-11T16:31:17.735311	0.00000000e+00	1	5	--	--	8.00066000e-01	1.09885000e-04
4.40078275e+01	2026-08-11T16:31:17.782555	0.00000000e+00	1	5	--	--	7.00060000e-01	1.09885000e-04
4.40602888e+01	2026-08-11T16:31:17.830574	0.00000000e+00	1	5	1.40199000e-01	-1.09913000e-04	6.00053000e-01	1.09885000e-04
4.41197447e+01	2026-08-11T16:31:17.894138	0.00000000e+00	1	5	3.99392000e-02	-1.09914000e-04	5.00046000e-01	1.09886000e-04
4.41756039e+01	2026-08-11T16:31:17.942349	0.00000000e+00	1	5	-2.55585000e-05	-8.54879000e-05	4.00044000e-01	8.54661000e-05
4.42634618e+01	2026-08-11T16:31:18.037552	0.00000000e+00	1	5	-1.89304000e-05	-5.08140000e-05	3.00033000e-01	5.07987000e-05
4.43100861e+01	2026-08-11T16:31:18.069747	0.00000000e+00	1	5	-1.40429000e-05	-2.64894000e-05	2.00070000e-01	2.64600000e-05
4.43599016e+01	2026-08-11T16:31:18.133068	0.00000000e+00	1	5	-1.07527000e-05	-1.08585000e-05	1.00076000e-01	1.08313000e-05
4.44067804e+01	2026-08-11T16:31:18.181243	0.00000000e+00	1	5	-1.03712000e-05	-1.25296000e-08	6.67095000e-05	1.14874000e-08
4.84778654e+01	2026-08-11T16:31:22.240183	0.00000000e+00	1	6	-1.42336000e-05	-3.68476000e-11	6.69479000e-05	-4.73380000e-11
4.85307944e+01	2026-08-11T16:31:22.303740	0.00000000e+00	1	6	-1.25647000e-05	-1.68250000e-09	1.00073000e-01	3.40657000e-09
4.85850797e+01	2026-08-11T16:31:22.351465	0.00000000e+00	1	6	-1.32799000e-05	-6.73879000e-09	2.00067000e-01	8.09391000e-09
4.86372594e+01	2026-08-11T16:31:22.409476	0.00000000e+00	1	6	-1.27792000e-05	-1.28774000e-08	3.00035000e-01	1.47190000e-08
4.86941334e+01	2026-08-11T16:31:22.464242	0.00000000e+00	1	6	-1.29223000e-05	-2.05466000e-08	4.00042000e-01	1.96478000e-08
4.87575454e+01	2026-08-11T16:31:22.527687	0.00000000e+00	1	6	-1.27077000e-05	-3.08071000e-08	5.00039000e-01	2.95709000e-08
4.88207815e+01	2026-08-11T16:31:22.591904	0.00000000e+00	1	6	-1.15395000e-05	-4.11235000e-08	6.00044000e-01	3.72995000e-08
4.88836180e+01	2026-08-11T16:31:22.655377	0.00000000e+00	1	6	-8.86917000e-06	-5.61392000e-08	7.00046000e-01	7.20591000e-08
4.89463848e+01	2026-08-11T16:31:22.719172	0.00000000e+00	1	6	-1.90735000e-06	-9.60882000e-08	8.00062000e-01	1.21168000e-07
4.90131029e+01	2026-08-11T16:31:22.782548	0.00000000e+00	1	6	-1.02758000e-05	-1.53666000e-07	9.00064000e-01	1.53702000e-07
4.90795843e+01	2026-08-11T16:31:22.846760	0.00000000e+00	1	6	-1.17540000e-05	-2.13800000e-07	1.00007000e+00	2.27808000e-07
4.91279641e+01	2026-08-11T16:31:22.899228	0.00000000e+00	1	6	-1.08719000e-05	-3.47175000e-07	1.10007000e+00	3.73173000e-07
4.91881679e+01	2026-08-11T16:31:22.957700	0.00000000e+00	1	6	-9.44138000e-06	-4.70700000e-07	1.20006000e+00	4.17752000e-07
4.92495940e+01	2026-08-11T16:31:23.020763	0.00000000e+00	1	6	-9.56059000e-06	-5.65454000e-07	1.30006000e+00	5.68850000e-07
4.93117746e+01	2026-08-11T16:31:23.084844	0.00000000e+00	1	6	-1.07527000e-05	-8.46371000e-07	1.40006000e+00	8.54395000e-07
4.93574961e+01	2026-08-11T16:31:23.132144	0.00000000e+00	1	6	1.29223000e-04	-1.05143000e-06	1.50005000e+00	9.20386000e-07
4.94693909e+01	2026-08-11T16:31:23.243839	0.00000000e+00	1	6	-9.56059000e-06	-1.57138000e-06	1.60004000e+00	1.24171000e-06
4.95355561e+01	2026-08-11T16:31:23.307695	0.00000000e+00	1	6	-7.08103000e-06	-1.91615000e-06	1.70003000e+00	1.79370000e-06
4.95807470e+01	2026-08-11T16:31:23.355319	0.00000000e+00	1	6	-7.96318000e-06	-2.01242000e-06	1.80002000e+00	1.09886000e-04
4.96710806e+01	2026-08-11T16:31:23.434875	0.00000000e+00	1	6	--	--	1.90002000e+00	1.09884000e-04
4.97585832e+01	2026-08-11T16:31:23.532070	0.00000000e+00	1	6	--	--	2.00001000e+00	1.09885000e-04
4.98191099e+01	2026-08-11T16:31:23.593599	0.00000000e+00	1	6	--	--	2.10041000e+00	1.09884000e-04
4.98729181e+01	2026-08-11T16:31:23.641512	0.00000000e+00	1	6	--	--	2.20060000e+00	1.09885000e-04
4.99266322e+01	2026-08-11T16:31:23.695228	0.00000000e+00	1	6	--	--	2.30038000e+00	1.09886000e-04
4.99723938e+01	2026-08-11T16:31:23.747012	0.00000000e+00	1	6	--	--	2.40059000e+00	1.09886000e-04
5.00345058e+01	2026-08-11T16:31:23.800353	0.00000000e+00	1	6	--	--	2.50069000e+00	1.09885000e-04
5.00902445e+01	2026-08-11T16:31:23.864111	0.00000000e+00	1	6	--	--	2.60048000e+00	1.09885000e-04
5.01362938e+01	2026-08-11T16:31:23.897868	0.00000000e+00	1	6	--	--	2.70066000e+00	1.09886000e-04
5.01859486e+01	2026-08-11T16:31:23.959921	0.00000000e+00	1	6	--	--	2.80051000e+00	1.09886000e-04
5.02469979e+01	2026-08-11T16:31:24.013858	0.00000000e+00	1	6	--	--	2.90062000e+00	1.09886000e-04
5.02966569e+01	2026-08-11T16:31:24.071388	0.00000000e+00	1	6	--	--	3.00046000e+00	1.09886000e-04
5.03529422e+01	2026-08-11T16:31:24.120062	0.00000000e+00	1	6	--	--	3.10065000e+00	1.09883000e-04
5.04167208e+01	2026-08-11T16:31:24.182969	0.00000000e+00	1	6	--	--	3.20076000e+00	1.09885000e-04
5.04612526e+01	2026-08-11T16:31:24.231974	0.00000000e+00	1	6	--	--	3.30056000e+00	1.09886000e-04
5.05208269e+01	2026-08-11T16:31:24.294456	0.00000000e+00	1	6	--	--	3.40070000e+00	1.09886000e-04
5.05765862e+01	2026-08-11T16:31:24.342659	0.00000000e+00	1	6	--	--	3.50055000e+00	1.09886000e-04
5.06298615e+01	2026-08-11T16:31:24.390665	0.00000000e+00	1	6	--	--	3.60063000e+00	1.09887000e-04
5.06882631e+01	2026-08-11T16:31:24.454735	0.00000000e+00	1	6	--	--	3.70054000e+00	1.09887000e-04
5.07457821e+01	2026-08-11T16:31:24.518462	0.00000000e+00	1	6	--	--	3.80064000e+00	1.09886000e-04
5.07906399e+01	2026-08-11T16:31:24.550554	0.00000000e+00	1	6	--	--	3.90075000e+00	1.09887000e-04
5.08381682e+01	2026-08-11T16:31:24.608749	0.00000000e+00	1	6	--	--	4.00059000e+00	1.09887000e-04
5.08832373e+01	2026-08-11T16:31:24.654603	0.00000000e+00	1	6	--	--	4.00059000e+00	1.09887000e-04
5.09364834e+01	2026-08-11T16:31:24.710825	0.00000000e+00	1	6	--	--	3.90076000e+00	1.09887000e-04
5.09814452e+01	2026-08-11T16:31:24.752672	0.00000000e+00	1	6	--	--	3.80064000e+00	1.09887000e-04
5.10341289e+01	2026-08-11T16:31:24.805637	0.00000000e+00	1	6	--	--	3.70051000e+00	1.09887000e-04
5.10851309e+01	2026-08-11T16:31:24.855475	0.00000000e+00	1	6	--	--	3.60064000e+00	1.09887000e-04
5.11483353e+01	2026-08-11T16:31:24.917089	0.00000000e+00	1	6	--	--	3.50056000e+00	1.09886000e-04
5.12035882e+01	2026-08-11T16:31:24.975058	0.00000000e+00	1	6	--	--	3.40070000e+00	1.09885000e-04
5.12624575e+01	2026-08-11T16:31:25.028379	0.00000000e+00	1	6	--	--	3.30051000e+00	1.09886000e-04
5.13184791e+01	2026-08-11T16:31:25.092237	0.00000000e+00	1	6	--	--	3.20074000e+00	1.09886000e-04
5.13664153e+01	2026-08-11T16:31:25.140205	0.00000000e+00	1	6	--	--	3.10064000e+00	1.09882000e-04
5.14172434e+01	2026-08-11T16:31:25.187575	0.00000000e+00	1	6	--	--	3.00043000e+00	1.09885000e-04
5.14785959e+01	2026-08-11T16:31:25.252872	0.00000000e+00	1	6	--	--	2.90058000e+00	1.09885000e-04
5.15421744e+01	2026-08-11T16:31:25.314804	0.00000000e+00	1	6	--	--	2.80041000e+00	1.09884000e-04
5.16140913e+01	2026-08-11T16:31:25.389041	0.00000000e+00	1	6	--	--	2.70056000e+00	1.09885000e-04
5.16686932e+01	2026-08-11T16:31:25.442802	0.00000000e+00	1	6	--	--	2.60039000e+00	1.09885000e-04
5.17129637e+01	2026-08-11T16:31:25.474608	0.00000000e+00	1	6	--	--	2.50060000e+00	1.09885000e-04
5.17631918e+01	2026-08-11T16:31:25.538234	0.00000000e+00	1	6	--	--	2.40050000e+00	1.09884000e-04
5.18193690e+01	2026-08-11T16:31:25.585938	0.00000000e+00	1	6	--	--	2.30030000e+00	1.09884000e-04
5.18723288e+01	2026-08-11T16:31:25.644240	0.00000000e+00	1	6	--	--	2.20054000e+00	1.09884000e-04
5.19234280e+01	2026-08-11T16:31:25.697773	0.00000000e+00	1	6	--	--	2.10032000e+00	1.09884000e-04
5.19696419e+01	2026-08-11T16:31:25.729493	0.00000000e+00	1	6	--	--	2.00000000e+00	1.09883000e-04
5.20231400e+01	2026-08-11T16:31:25.792731	0.00000000e+00	1	6	--	--	1.90002000e+00	1.09884000e-04
5.20840480e+01	2026-08-11T16:31:25.856527	0.00000000e+00	1	6	--	--	1.80002000e+00	1.09884000e-04
5.21295865e+01	2026-08-11T16:31:25.904454	0.00000000e+00	1	6	--	--	1.70003000e+00	1.09884000e-04
5.21815340e+01	2026-08-11T16:31:25.952477	0.00000000e+00	1	6	--	--	1.60004000e+00	1.09883000e-04
5.22436688e+01	2026-08-11T16:31:26.016691	0.00000000e+00	1	6	--	--	1.50004000e+00	1.09883000e-04
5.22905780e+01	2026-08-11T16:31:26.064982	0.00000000e+00	1	6	--	--	1.40005000e+00	1.09883000e-04
5.23458691e+01	2026-08-11T16:31:26.112608	0.00000000e+00	1	6	--	--	1.30006000e+00	1.09883000e-04
5.24026761e+01	2026-08-11T16:31:26.176922	0.00000000e+00	1	6	--	--	1.20006000e+00	1.09883000e-04
5.24498896e+01	2026-08-11T16:31:26.224596	0.00000000e+00	1	6	--	--	1.10006000e+00	1.09883000e-04
5.25109117e+01	2026-08-11T16:31:26.282681	0.00000000e+00	1	6	--	--	1.00006000e+00	1.09884000e-04
5.25580311e+01	2026-08-11T16:31:26.321893	0.00000000e+00	1	6	--	--	9.00060000e-01	1.09884000e-04
5.26187281e+01	2026-08-11T16:31:26.393701	0.00000000e+00	1	6	--	--	8.00056000e-01	1.09884000e-04
5.26736603e+01	2026-08-11T16:31:26.447523	0.00000000e+00	1	6	--	--	7.00047000e-01	1.09885000e-04
5.27212207e+01	2026-08-11T16:31:26.495369	0.00000000e+00	1	6	--	--	6.00039000e-01	1.09885000e-04
5.27692602e+01	2026-08-11T16:31:26.543444	0.00000000e+00	1	6	1.84986000e-01	-1.09913000e-04	5.00033000e-01	1.09886000e-04
5.28265049e+01	2026-08-11T16:31:26.591174	0.00000000e+00	1	6	8.52550000e-02	-1.09915000e-04	4.00037000e-01	1.09887000e-04
5.28764621e+01	2026-08-11T16:31:26.649104	0.00000000e+00	1	6	-2.80142000e-05	-1.01919000e-04	3.00027000e-01	1.01952000e-04
5.29371920e+01	2026-08-11T16:31:26.701719	0.00000000e+00	1	6	-1.87397000e-05	-5.71442000e-05	2.00059000e-01	5.70722000e-05
5.30301162e+01	2026-08-11T16:31:26.797150	0.00000000e+00	1	6	-1.28508000e-05	-2.45498000e-05	1.00061000e-01	2.45236000e-05
5.30853214e+01	2026-08-11T16:31:26.860064	0.00000000e+00	1	6	-6.91414000e-06	-2.63949000e-08	5.58853000e-05	2.44843000e-08
5.72146846e+01	2026-08-11T16:31:30.983122	0.00000000e+00	1	7	-1.69277000e-05	-2.22206000e-11	6.61850000e-05	-3.55124000e-11
5.72772865e+01	2026-08-11T16:31:31.047100	0.00000000e+00	1	7	-1.27316000e-05	-2.40350000e-09	1.00069000e-01	5.66103000e-09
5.73364119e+01	2026-08-11T16:31:31.110431	0.00000000e+00	1	7	-1.81198000e-05	-1.46317000e-08	2.00066000e-01	1.15606000e-08
5.73833833e+01	2026-08-11T16:31:31.142616	0.00000000e+00	1	7	-1.37091000e-05	-1.87692000e-08	3.00034000e-01	1.43023000e-08
5.74354345e+01	2026-08-11T16:31:31.206478	0.00000000e+00	1	7	-1.41859000e-05	-2.34961000e-08	4.00040000e-01	2.64603000e-08
5.74962616e+01	2026-08-11T16:31:31.270270	0.00000000e+00	1	7	-1.43528000e-05	-4.36446000e-08	5.00042000e-01	3.63385000e-08
5.75436459e+01	2026-08-11T16:31:31.317931	0.00000000e+00	1	7	-7.20024000e-06	-5.11807000e-08	6.00044000e-01	5.83200000e-08
5.75974754e+01	2026-08-11T16:31:31.366847	0.00000000e+00	1	7	-1.56164000e-05	-7.54810000e-08	7.00056000e-01	6.24893000e-08
5.76617426e+01	2026-08-11T16:31:31.429304	0.00000000e+00	1	7	-1.05619000e-05	-8.82780000e-08	8.00058000e-01	9.23192000e-08
5.77164122e+01	2026-08-11T16:31:31.488689	0.00000000e+00	1	7	-1.26839000e-05	-2.37853000e-07	9.00067000e-01	2.50337000e-07
5.78030275e+01	2026-08-11T16:31:31.576003	0.00000000e+00	1	7	-1.67131000e-05	-3.04877000e-07	1.00007000e+00	3.13105000e-07
5.78634920e+01	2026-08-11T16:31:31.636606	0.00000000e+00	1	7	-1.85966000e-05	-5.20732000e-07	1.10007000e+00	5.78091000e-07
5.79356483e+01	2026-08-11T16:31:31.699800	0.00000000e+00	1	7	-1.74284000e-05	-7.29244000e-07	1.20007000e+00	6.70397000e-07
5.79807310e+01	2026-08-11T16:31:31.754202	0.00000000e+00	1	7	-1.71423000e-05	-8.09331000e-07	1.30007000e+00	1.09883000e-04
5.81113895e+01	2026-08-11T16:31:31.885574	0.00000000e+00	1	7	--	--	1.40006000e+00	1.09885000e-04
5.82421793e+01	2026-08-11T16:31:32.003665	0.00000000e+00	1	7	--	--	1.50005000e+00	1.09883000e-04
5.82873784e+01	2026-08-11T16:31:32.051382	0.00000000e+00	1	7	--	--	1.60005000e+00	1.09884000e-04
5.83329551e+01	2026-08-11T16:31:32.106320	0.00000000e+00	1	7	--	--	1.70004000e+00	1.09884000e-04
5.83851623e+01	2026-08-11T16:31:32.159152	0.00000000e+00	1	7	--	--	1.80003000e+00	1.09885000e-04
5.84446947e+01	2026-08-11T16:31:32.210589	0.00000000e+00	1	7	--	--	1.90003000e+00	1.09885000e-04
5.84991004e+01	2026-08-11T16:31:32.273753	0.00000000e+00	1	7	--	--	2.00001000e+00	1.09885000e-04
5.85444518e+01	2026-08-11T16:31:32.305482	0.00000000e+00	1	7	--	--	2.10047000e+00	1.09885000e-04
5.85943351e+01	2026-08-11T16:31:32.369116	0.00000000e+00	1	7	--	--	2.20064000e+00	1.09885000e-04
5.86584817e+01	2026-08-11T16:31:32.432329	0.00000000e+00	1	7	--	--	2.30044000e+00	1.09885000e-04
5.87064945e+01	2026-08-11T16:31:32.480285	0.00000000e+00	1	7	--	--	2.40060000e+00	1.09886000e-04
5.87537383e+01	2026-08-11T16:31:32.528515	0.00000000e+00	1	7	--	--	2.50071000e+00	1.09887000e-04
5.88094659e+01	2026-08-11T16:31:32.584128	0.00000000e+00	1	7	--	--	2.60051000e+00	1.09886000e-04
5.88764114e+01	2026-08-11T16:31:32.640331	0.00000000e+00	1	7	--	--	2.70065000e+00	1.09886000e-04
5.89303300e+01	2026-08-11T16:31:32.704167	0.00000000e+00	1	7	--	--	2.80050000e+00	1.09885000e-04
5.89761975e+01	2026-08-11T16:31:32.746412	0.00000000e+00	1	7	--	--	2.90067000e+00	1.09885000e-04
5.90259810e+01	2026-08-11T16:31:32.799582	0.00000000e+00	1	7	--	--	3.00045000e+00	1.09886000e-04
5.90792245e+01	2026-08-11T16:31:32.854148	0.00000000e+00	1	7	--	--	3.10066000e+00	1.09884000e-04
5.91354168e+01	2026-08-11T16:31:32.910145	0.00000000e+00	1	7	--	--	3.20079000e+00	1.09886000e-04
5.91808152e+01	2026-08-11T16:31:32.941679	0.00000000e+00	1	7	--	--	3.30059000e+00	1.09886000e-04
5.92308746e+01	2026-08-11T16:31:33.005544	0.00000000e+00	1	7	--	--	3.40075000e+00	1.09887000e-04
5.92790112e+01	2026-08-11T16:31:33.053440	0.00000000e+00	1	7	--	--	3.50059000e+00	1.09887000e-04
5.93431359e+01	2026-08-11T16:31:33.117181	0.00000000e+00	1	7	--	--	3.60070000e+00	1.09886000e-04
5.94065744e+01	2026-08-11T16:31:33.180176	0.00000000e+00	1	7	--	--	3.70056000e+00	1.09888000e-04
5.94705000e+01	2026-08-11T16:31:33.244104	0.00000000e+00	1	7	--	--	3.80067000e+00	1.09888000e-04
5.95340980e+01	2026-08-11T16:31:33.307930	0.00000000e+00	1	7	--	--	3.90078000e+00	1.09888000e-04
5.95818391e+01	2026-08-11T16:31:33.355598	0.00000000e+00	1	7	--	--	4.00062000e+00	1.09887000e-04
5.96264604e+01	2026-08-11T16:31:33.387873	0.00000000e+00	1	7	--	--	4.00062000e+00	1.09888000e-04
5.96733174e+01	2026-08-11T16:31:33.445874	0.00000000e+00	1	7	--	--	3.90077000e+00	1.09887000e-04
5.97314517e+01	2026-08-11T16:31:33.498125	0.00000000e+00	1	7	--	--	3.80066000e+00	1.09887000e-04
5.97884894e+01	2026-08-11T16:31:33.562241	0.00000000e+00	1	7	--	--	3.70052000e+00	1.09887000e-04
5.98524327e+01	2026-08-11T16:31:33.626299	0.00000000e+00	1	7	--	--	3.60069000e+00	1.09888000e-04
5.99152692e+01	2026-08-11T16:31:33.689645	0.00000000e+00	1	7	--	--	3.50056000e+00	1.09887000e-04
5.99798508e+01	2026-08-11T16:31:33.754378	0.00000000e+00	1	7	--	--	3.40070000e+00	1.09886000e-04
6.00515453e+01	2026-08-11T16:31:33.825318	0.00000000e+00	1	7	--	--	3.30054000e+00	1.09886000e-04
6.01079306e+01	2026-08-11T16:31:33.882839	0.00000000e+00	1	7	--	--	3.20073000e+00	1.09886000e-04
6.01536341e+01	2026-08-11T16:31:33.926998	0.00000000e+00	1	7	--	--	3.10062000e+00	1.09884000e-04
6.02066121e+01	2026-08-11T16:31:33.977486	0.00000000e+00	1	7	--	--	3.00041000e+00	1.09885000e-04
6.02677823e+01	2026-08-11T16:31:34.040931	0.00000000e+00	1	7	--	--	2.90061000e+00	1.09886000e-04
6.03224887e+01	2026-08-11T16:31:34.093236	0.00000000e+00	1	7	--	--	2.80043000e+00	1.09886000e-04
6.03781658e+01	2026-08-11T16:31:34.152102	0.00000000e+00	1	7	--	--	2.70059000e+00	1.09887000e-04
6.04243450e+01	2026-08-11T16:31:34.184953	0.00000000e+00	1	7	--	--	2.60043000e+00	1.09885000e-04
6.04820212e+01	2026-08-11T16:31:34.254412	0.00000000e+00	1	7	--	--	2.50063000e+00	1.09886000e-04
6.05407891e+01	2026-08-11T16:31:34.312304	0.00000000e+00	1	7	--	--	2.40051000e+00	1.09885000e-04
6.06039231e+01	2026-08-11T16:31:34.376888	0.00000000e+00	1	7	--	--	2.30032000e+00	1.09884000e-04
6.06656388e+01	2026-08-11T16:31:34.439710	0.00000000e+00	1	7	--	--	2.20057000e+00	1.09885000e-04
6.07113056e+01	2026-08-11T16:31:34.471907	0.00000000e+00	1	7	--	--	2.10036000e+00	1.09885000e-04
6.07600143e+01	2026-08-11T16:31:34.534717	0.00000000e+00	1	7	--	--	2.00001000e+00	1.09885000e-04
6.08079250e+01	2026-08-11T16:31:34.582431	0.00000000e+00	1	7	--	--	1.90002000e+00	1.09885000e-04
6.08635971e+01	2026-08-11T16:31:34.630775	0.00000000e+00	1	7	--	--	1.80002000e+00	1.09885000e-04
6.09241316e+01	2026-08-11T16:31:34.693498	0.00000000e+00	1	7	--	--	1.70003000e+00	1.09884000e-04
6.09835415e+01	2026-08-11T16:31:34.758388	0.00000000e+00	1	7	--	--	1.60004000e+00	1.09884000e-04
6.10382052e+01	2026-08-11T16:31:34.805397	0.00000000e+00	1	7	--	--	1.50004000e+00	1.09884000e-04
6.10952895e+01	2026-08-11T16:31:34.869084	0.00000000e+00	1	7	--	--	1.40005000e+00	1.09884000e-04
6.11402632e+01	2026-08-11T16:31:34.901881	0.00000000e+00	1	7	--	--	1.30006000e+00	1.09883000e-04
6.11915847e+01	2026-08-11T16:31:34.965512	0.00000000e+00	1	7	--	--	1.20006000e+00	1.09884000e-04
6.12459494e+01	2026-08-11T16:31:35.014770	0.00000000e+00	1	7	--	--	1.10006000e+00	1.09884000e-04
6.13084138e+01	2026-08-11T16:31:35.077307	0.00000000e+00	1	7	--	--	1.00006000e+00	1.09884000e-04
6.13703691e+01	2026-08-11T16:31:35.140654	0.00000000e+00	1	7	--	--	9.00059000e-01	1.09884000e-04
6.14367433e+01	2026-08-11T16:31:35.204610	0.00000000e+00	1	7	--	--	8.00056000e-01	1.09885000e-04
6.14977939e+01	2026-08-11T16:31:35.268789	0.00000000e+00	1	7	--	--	7.00050000e-01	1.09885000e-04
6.15597017e+01	2026-08-11T16:31:35.332730	0.00000000e+00	1	7	--	--	6.00038000e-01	1.09886000e-04
6.16241015e+01	2026-08-11T16:31:35.397928	0.00000000e+00	1	7	1.07627000e-01	-1.09914000e-04	5.00034000e-01	1.09887000e-04
6.16689366e+01	2026-08-11T16:31:35.443541	0.00000000e+00	1	7	8.09131000e-03	-1.09914000e-04	4.00033000e-01	1.09887000e-04
6.17142308e+01	2026-08-11T16:31:35.475622	0.00000000e+00	1	7	-2.37226000e-05	-6.65803000e-05	3.00024000e-01	6.66472000e-05
6.18018980e+01	2026-08-11T16:31:35.571848	0.00000000e+00	1	7	-1.86920000e-05	-3.53226000e-05	2.00061000e-01	3.52177000e-05
6.18664473e+01	2026-08-11T16:31:35.636303	0.00000000e+00	1	7	-1.41621000e-05	-1.53170000e-05	1.00063000e-01	1.52669000e-05
6.19265670e+01	2026-08-11T16:31:35.699317	0.00000000e+00	1	7	-1.43051000e-05	-1.72629000e-08	5.82695000e-05	1.64432000e-08
6.59956981e+01	2026-08-11T16:31:39.762694	0.00000000e+00	1	8	-2.13385000e-05	-1.76787000e-11	6.45399000e-05	-3.83973000e-11
6.60575593e+01	2026-08-11T16:31:39.832124	0.00000000e+00	1	8	-1.87874000e-05	-5.01589000e-09	1.00067000e-01	4.77155000e-09
6.61100881e+01	2026-08-11T16:31:39.884746	0.00000000e+00	1	8	-1.92642000e-05	-9.39040000e-09	2.00062000e-01	1.12309000e-08
6.61603217e+01	2026-08-11T16:31:39.934904	0.00000000e+00	1	8	-1.54018000e-05	-1.99156000e-08	3.00028000e-01	2.33011000e-08
6.62145115e+01	2026-08-11T16:31:39.987353	0.00000000e+00	1	8	-2.00033000e-05	-2.46270000e-08	4.00037000e-01	1.78451000e-08
6.62754720e+01	2026-08-11T16:31:40.045527	0.00000000e+00	1	8	-7.08103000e-06	-6.95849000e-08	5.00031000e-01	8.61397000e-08
6.63393945e+01	2026-08-11T16:31:40.110082	0.00000000e+00	1	8	-2.03133000e-05	-5.08996000e-08	6.00042000e-01	5.06710000e-08
6.64059837e+01	2026-08-11T16:31:40.173715	0.00000000e+00	1	8	-1.66178000e-05	-5.95159000e-08	7.00050000e-01	5.87404000e-08
6.65280831e+01	2026-08-11T16:31:40.301826	0.00000000e+00	1	8	-1.60933000e-05	-2.51828000e-07	8.00057000e-01	3.01288000e-07
6.66244281e+01	2026-08-11T16:31:40.398062	0.00000000e+00	1	8	-2.01702000e-05	-1.77606000e-06	9.00064000e-01	1.09888000e-04
6.67524821e+01	2026-08-11T16:31:40.526451	0.00000000e+00	1	8	9.24110000e-05	-2.49670000e-06	1.00007000e+00	1.43942000e-06
6.68486061e+01	2026-08-11T16:31:40.622552	0.00000000e+00	1	8	--	--	1.10006000e+00	1.09887000e-04
6.70171112e+01	2026-08-11T16:31:40.782994	0.00000000e+00	1	8	--	--	1.20006000e+00	1.09886000e-04
6.70629234e+01	2026-08-11T16:31:40.835716	0.00000000e+00	1	8	--	--	1.30006000e+00	1.09885000e-04
6.71259616e+01	2026-08-11T16:31:40.895086	0.00000000e+00	1	8	--	--	1.40006000e+00	1.09885000e-04
6.71915869e+01	2026-08-11T16:31:40.958262	0.00000000e+00	1	8	--	--	1.50005000e+00	1.09885000e-04
6.72548972e+01	2026-08-11T16:31:41.022983	0.00000000e+00	1	8	--	--	1.60004000e+00	1.09884000e-04
6.73189005e+01	2026-08-11T16:31:41.086290	0.00000000e+00	1	8	--	--	1.70003000e+00	1.09885000e-04
6.73761470e+01	2026-08-11T16:31:41.150151	0.00000000e+00	1	8	--	--	1.80002000e+00	1.09885000e-04
6.74215215e+01	2026-08-11T16:31:41.182110	0.00000000e+00	1	8	--	--	1.90002000e+00	1.09886000e-04
6.74762497e+01	2026-08-11T16:31:41.248437	0.00000000e+00	1	8	--	--	2.00001000e+00	1.09886000e-04
6.75411908e+01	2026-08-11T16:31:41.314667	0.00000000e+00	1	8	--	--	2.10042000e+00	1.09886000e-04
6.76031841e+01	2026-08-11T16:31:41.373641	0.00000000e+00	1	8	--	--	2.20059000e+00	1.09885000e-04
6.76670422e+01	2026-08-11T16:31:41.437278	0.00000000e+00	1	8	--	--	2.30038000e+00	1.09886000e-04
6.77298444e+01	2026-08-11T16:31:41.501460	0.00000000e+00	1	8	--	--	2.40056000e+00	1.09887000e-04
6.77924581e+01	2026-08-11T16:31:41.566183	0.00000000e+00	1	8	--	--	2.50064000e+00	1.09886000e-04
6.78445571e+01	2026-08-11T16:31:41.612723	0.00000000e+00	1	8	--	--	2.60045000e+00	1.09887000e-04
6.78899157e+01	2026-08-11T16:31:41.663663	0.00000000e+00	1	8	--	--	2.70060000e+00	1.09888000e-04
6.79503465e+01	2026-08-11T16:31:41.724845	0.00000000e+00	1	8	--	--	2.80046000e+00	1.09887000e-04
6.80147788e+01	2026-08-11T16:31:41.788607	0.00000000e+00	1	8	--	--	2.90064000e+00	1.09888000e-04
6.80861811e+01	2026-08-11T16:31:41.852584	0.00000000e+00	1	8	--	--	3.00045000e+00	1.09887000e-04
6.81425216e+01	2026-08-11T16:31:41.917138	0.00000000e+00	1	8	--	--	3.10065000e+00	1.09886000e-04
6.81877992e+01	2026-08-11T16:31:41.947883	0.00000000e+00	1	8	--	--	3.20074000e+00	1.09888000e-04
6.82419347e+01	2026-08-11T16:31:42.011555	0.00000000e+00	1	8	--	--	3.30056000e+00	1.09889000e-04
6.83008736e+01	2026-08-11T16:31:42.075504	0.00000000e+00	1	8	--	--	3.40073000e+00	1.09887000e-04
6.83466016e+01	2026-08-11T16:31:42.117769	0.00000000e+00	1	8	--	--	3.50057000e+00	1.09887000e-04
6.83972528e+01	2026-08-11T16:31:42.171102	0.00000000e+00	1	8	--	--	3.60067000e+00	1.09889000e-04
6.84605654e+01	2026-08-11T16:31:42.234745	0.00000000e+00	1	8	--	--	3.70057000e+00	1.09889000e-04
6.85245039e+01	2026-08-11T16:31:42.298574	0.00000000e+00	1	8	--	--	3.80068000e+00	1.09889000e-04
6.85717938e+01	2026-08-11T16:31:42.346583	0.00000000e+00	1	8	--	--	3.90080000e+00	1.09889000e-04
6.86265125e+01	2026-08-11T16:31:42.394330	0.00000000e+00	1	8	--	--	4.00060000e+00	1.09890000e-04
6.86777661e+01	2026-08-11T16:31:42.452258	0.00000000e+00	1	8	--	--	4.00062000e+00	1.09889000e-04
6.87311282e+01	2026-08-11T16:31:42.505788	0.00000000e+00	1	8	--	--	3.90079000e+00	1.09890000e-04
6.87781822e+01	2026-08-11T16:31:42.537526	0.00000000e+00	1	8	--	--	3.80068000e+00	1.09888000e-04
6.88305835e+01	2026-08-11T16:31:42.601896	0.00000000e+00	1	8	--	--	3.70055000e+00	1.09889000e-04
6.88917186e+01	2026-08-11T16:31:42.665254	0.00000000e+00	1	8	--	--	3.60066000e+00	1.09889000e-04
6.89551640e+01	2026-08-11T16:31:42.728934	0.00000000e+00	1	8	--	--	3.50056000e+00	1.09887000e-04
6.90181078e+01	2026-08-11T16:31:42.792114	0.00000000e+00	1	8	--	--	3.40069000e+00	1.09887000e-04
6.90654780e+01	2026-08-11T16:31:42.840201	0.00000000e+00	1	8	--	--	3.30055000e+00	1.09887000e-04
6.91204122e+01	2026-08-11T16:31:42.887892	0.00000000e+00	1	8	--	--	3.20075000e+00	1.09888000e-04
6.91779626e+01	2026-08-11T16:31:42.952156	0.00000000e+00	1	8	--	--	3.10066000e+00	1.09885000e-04
6.92226154e+01	2026-08-11T16:31:42.983568	0.00000000e+00	1	8	--	--	3.00045000e+00	1.09887000e-04
6.92750405e+01	2026-08-11T16:31:43.046979	0.00000000e+00	1	8	--	--	2.90066000e+00	1.09888000e-04
6.93367886e+01	2026-08-11T16:31:43.110786	0.00000000e+00	1	8	--	--	2.80049000e+00	1.09887000e-04
6.94003522e+01	2026-08-11T16:31:43.175042	0.00000000e+00	1	8	--	--	2.70063000e+00	1.09887000e-04
6.94644558e+01	2026-08-11T16:31:43.238654	0.00000000e+00	1	8	--	--	2.60051000e+00	1.09887000e-04
6.95128885e+01	2026-08-11T16:31:43.286421	0.00000000e+00	1	8	--	--	2.50069000e+00	1.09887000e-04
6.95620601e+01	2026-08-11T16:31:43.334111	0.00000000e+00	1	8	--	--	2.40055000e+00	1.09887000e-04
6.96080332e+01	2026-08-11T16:31:43.383142	0.00000000e+00	1	8	--	--	2.30039000e+00	1.09886000e-04
6.96547429e+01	2026-08-11T16:31:43.429472	0.00000000e+00	1	8	--	--	2.20062000e+00	1.09886000e-04
6.97190745e+01	2026-08-11T16:31:43.493018	0.00000000e+00	1	8	--	--	2.10044000e+00	1.09887000e-04
6.97829437e+01	2026-08-11T16:31:43.556850	0.00000000e+00	1	8	--	--	2.00001000e+00	1.09886000e-04
6.98311574e+01	2026-08-11T16:31:43.605588	0.00000000e+00	1	8	--	--	1.90002000e+00	1.09886000e-04
6.98963721e+01	2026-08-11T16:31:43.668623	0.00000000e+00	1	8	--	--	1.80002000e+00	1.09886000e-04
6.99474291e+01	2026-08-11T16:31:43.717651	0.00000000e+00	1	8	--	--	1.70004000e+00	1.09885000e-04
7.00104391e+01	2026-08-11T16:31:43.779476	0.00000000e+00	1	8	--	--	1.60005000e+00	1.09885000e-04
7.00730069e+01	2026-08-11T16:31:43.843463	0.00000000e+00	1	8	--	--	1.50005000e+00	1.09884000e-04
7.01283868e+01	2026-08-11T16:31:43.901421	0.00000000e+00	1	8	--	--	1.40006000e+00	1.09884000e-04
7.01841849e+01	2026-08-11T16:31:43.954560	0.00000000e+00	1	8	--	--	1.30007000e+00	1.09885000e-04
7.02440229e+01	2026-08-11T16:31:44.018067	0.00000000e+00	1	8	--	--	1.20007000e+00	1.09887000e-04
7.03084876e+01	2026-08-11T16:31:44.081516	0.00000000e+00	1	8	--	--	1.10007000e+00	1.09885000e-04
7.03639199e+01	2026-08-11T16:31:44.138234	0.00000000e+00	1	8	--	--	1.00007000e+00	1.09887000e-04
7.04204016e+01	2026-08-11T16:31:44.194716	0.00000000e+00	1	8	--	--	9.00069000e-01	1.09887000e-04
7.04731370e+01	2026-08-11T16:31:44.240597	0.00000000e+00	1	8	--	--	8.00068000e-01	1.09887000e-04
7.05390980e+01	2026-08-11T16:31:44.304576	0.00000000e+00	1	8	1.39162000e-01	-1.09913000e-04	7.00060000e-01	1.09887000e-04
7.06006232e+01	2026-08-11T16:31:44.374827	0.00000000e+00	1	8	3.74166000e-02	-1.09914000e-04	6.00052000e-01	1.09888000e-04
7.06653526e+01	2026-08-11T16:31:44.431748	0.00000000e+00	1	8	-2.57730000e-05	-8.93141000e-05	5.00036000e-01	8.91824000e-05
7.07627944e+01	2026-08-11T16:31:44.527378	0.00000000e+00	1	8	-1.84774000e-05	-6.05805000e-05	4.00043000e-01	6.05933000e-05
7.08161545e+01	2026-08-11T16:31:44.590860	0.00000000e+00	1	8	-1.44482000e-05	-3.76315000e-05	3.00036000e-01	3.76048000e-05
7.08803532e+01	2026-08-11T16:31:44.654725	0.00000000e+00	1	8	-1.18256000e-05	-2.06222000e-05	2.00069000e-01	2.05894000e-05
7.09439064e+01	2026-08-11T16:31:44.717849	0.00000000e+00	1	8	-2.62260000e-06	-8.66671000e-06	1.00066000e-01	8.66759000e-06
7.10398946e+01	2026-08-11T16:31:44.815030	0.00000000e+00	1	8	-6.10352000e-06	-9.74263000e-09	6.51836000e-05	9.59464000e-09
7.53377609e+01	2026-08-11T16:31:49.100436	0.00000000e+00	1	9	-1.84059000e-05	-1.38521000e-11	5.80311000e-05	-3.81827000e-11
7.53984953e+01	2026-08-11T16:31:49.171331	0.00000000e+00	1	9	-1.59979000e-05	-2.88861000e-09	1.00062000e-01	3.80001000e-09
7.54542547e+01	2026-08-11T16:31:49.228013	0.00000000e+00	1	9	-1.69277000e-05	-3.75668000e-09	2.00058000e-01	3.68733000e-09
7.55184063e+01	2026-08-11T16:31:49.291820	0.00000000e+00	1	9	-1.58310000e-05	-5.21413000e-09	3.00026000e-01	5.53238000e-09
7.55701783e+01	2026-08-11T16:31:49.339589	0.00000000e+00	1	9	-1.65701000e-05	-8.43157000e-09	4.00036000e-01	8.59724000e-09
7.56306789e+01	2026-08-11T16:31:49.404111	0.00000000e+00	1	9	-1.61648000e-05	-1.44858000e-08	5.00028000e-01	1.31196000e-08
7.56761620e+01	2026-08-11T16:31:49.435677	0.00000000e+00	1	9	-1.72138000e-05	-1.61954000e-08	6.00034000e-01	1.72818000e-08
7.57255627e+01	2026-08-11T16:31:49.500095	0.00000000e+00	1	9	-1.51157000e-05	-3.29846000e-08	7.00042000e-01	3.35171000e-08
7.57898801e+01	2026-08-11T16:31:49.563789	0.00000000e+00	1	9	-1.10149000e-05	-7.06502000e-08	8.00049000e-01	5.47739000e-08
7.58535307e+01	2026-08-11T16:31:49.627843	0.00000000e+00	1	9	-1.39713000e-05	-8.88145000e-08	9.00049000e-01	6.85656000e-08
7.59177472e+01	2026-08-11T16:31:49.691975	0.00000000e+00	1	9	-1.46151000e-05	-9.83949000e-08	1.00005000e+00	9.95986000e-08
7.59840358e+01	2026-08-11T16:31:49.755596	0.00000000e+00	1	9	-1.46866000e-05	-1.59141000e-07	1.10005000e+00	1.70502000e-07
7.60487586e+01	2026-08-11T16:31:49.819036	0.00000000e+00	1	9	-1.47104000e-05	-2.72522000e-07	1.20005000e+00	2.31325000e-07
7.61086728e+01	2026-08-11T16:31:49.882654	0.00000000e+00	1	9	-1.43290000e-05	-5.38645000e-07	1.30005000e+00	6.02958000e-07
7.61723675e+01	2026-08-11T16:31:49.947469	0.00000000e+00	1	9	-1.40905000e-05	-7.99845000e-07	1.40005000e+00	7.51781000e-07
7.62358770e+01	2026-08-11T16:31:50.010383	0.00000000e+00	1	9	-9.75132000e-06	-1.29488000e-06	1.50004000e+00	1.99638000e-06
7.63320869e+01	2026-08-11T16:31:50.105826	0.00000000e+00	1	9	-1.42574000e-05	-1.81527000e-06	1.60004000e+00	2.03891000e-06
7.63955025e+01	2026-08-11T16:31:50.169644	0.00000000e+00	1	9	--	--	1.70002000e+00	1.09885000e-04
7.65310356e+01	2026-08-11T16:31:50.296853	0.00000000e+00	1	9	--	--	1.80001000e+00	1.09884000e-04
7.65948869e+01	2026-08-11T16:31:50.369198	0.00000000e+00	1	9	--	--	1.90001000e+00	1.09884000e-04
7.66578529e+01	2026-08-11T16:31:50.423898	0.00000000e+00	1	9	--	--	2.00000000e+00	1.09885000e-04
7.67213482e+01	2026-08-11T16:31:50.486482	0.00000000e+00	1	9	--	--	2.10034000e+00	1.09885000e-04
7.67659176e+01	2026-08-11T16:31:50.536395	0.00000000e+00	1	9	--	--	2.20051000e+00	1.09886000e-04
7.68242114e+01	2026-08-11T16:31:50.598508	0.00000000e+00	1	9	--	--	2.30029000e+00	1.09885000e-04
7.68873539e+01	2026-08-11T16:31:50.661904	0.00000000e+00	1	9	--	--	2.40046000e+00	1.09886000e-04
7.69516914e+01	2026-08-11T16:31:50.726476	0.00000000e+00	1	9	--	--	2.50057000e+00	1.09885000e-04
7.70146248e+01	2026-08-11T16:31:50.788534	0.00000000e+00	1	9	--	--	2.60037000e+00	1.09885000e-04
7.70789696e+01	2026-08-11T16:31:50.852813	0.00000000e+00	1	9	--	--	2.70051000e+00	1.09886000e-04
7.71426142e+01	2026-08-11T16:31:50.916518	0.00000000e+00	1	9	--	--	2.80035000e+00	1.09885000e-04
7.72070338e+01	2026-08-11T16:31:50.980949	0.00000000e+00	1	9	--	--	2.90053000e+00	1.09885000e-04
7.72715201e+01	2026-08-11T16:31:51.046039	0.00000000e+00	1	9	--	--	3.00035000e+00	1.09885000e-04
7.73351147e+01	2026-08-11T16:31:51.109274	0.00000000e+00	1	9	--	--	3.10055000e+00	1.09884000e-04
7.73992367e+01	2026-08-11T16:31:51.173455	0.00000000e+00	1	9	--	--	3.20070000e+00	1.09887000e-04
7.74630094e+01	2026-08-11T16:31:51.236784	0.00000000e+00	1	9	--	--	3.30047000e+00	1.09887000e-04
7.75147196e+01	2026-08-11T16:31:51.287515	0.00000000e+00	1	9	--	--	3.40063000e+00	1.09887000e-04
7.75779842e+01	2026-08-11T16:31:51.349005	0.00000000e+00	1	9	--	--	3.50050000e+00	1.09887000e-04
7.76353425e+01	2026-08-11T16:31:51.409463	0.00000000e+00	1	9	--	--	3.60058000e+00	1.09887000e-04
7.76957650e+01	2026-08-11T16:31:51.460844	0.00000000e+00	1	9	--	--	3.70042000e+00	1.09887000e-04
7.77569408e+01	2026-08-11T16:31:51.530130	0.00000000e+00	1	9	--	--	3.80056000e+00	1.09887000e-04
7.78228336e+01	2026-08-11T16:31:51.596057	0.00000000e+00	1	9	--	--	3.90069000e+00	1.09887000e-04
7.78879092e+01	2026-08-11T16:31:51.651390	0.00000000e+00	1	9	--	--	4.00052000e+00	1.09886000e-04
7.79310317e+01	2026-08-11T16:31:51.699130	0.00000000e+00	1	9	--	--	4.00050000e+00	1.09887000e-04
7.79766519e+01	2026-08-11T16:31:51.748722	0.00000000e+00	1	9	--	--	3.90069000e+00	1.09888000e-04
7.80430036e+01	2026-08-11T16:31:51.816295	0.00000000e+00	1	9	--	--	3.80055000e+00	1.09887000e-04
7.81034592e+01	2026-08-11T16:31:51.874867	0.00000000e+00	1	9	--	--	3.70046000e+00	1.09887000e-04
7.81705913e+01	2026-08-11T16:31:51.944251	0.00000000e+00	1	9	--	--	3.60060000e+00	1.09887000e-04
7.82304463e+01	2026-08-11T16:31:52.002232	0.00000000e+00	1	9	--	--	3.50046000e+00	1.09886000e-04
7.82752162e+01	2026-08-11T16:31:52.049835	0.00000000e+00	1	9	--	--	3.40062000e+00	1.09886000e-04
7.83229973e+01	2026-08-11T16:31:52.097169	0.00000000e+00	1	9	--	--	3.30046000e+00	1.09886000e-04
7.83702149e+01	2026-08-11T16:31:52.144985	0.00000000e+00	1	9	--	--	3.20066000e+00	1.09886000e-04
7.84254205e+01	2026-08-11T16:31:52.192701	0.00000000e+00	1	9	--	--	3.10056000e+00	1.09883000e-04
7.84830564e+01	2026-08-11T16:31:52.256706	0.00000000e+00	1	9	--	--	3.00036000e+00	1.09885000e-04
7.85279111e+01	2026-08-11T16:31:52.299324	0.00000000e+00	1	9	--	--	2.90058000e+00	1.09885000e-04
7.85821187e+01	2026-08-11T16:31:52.352224	0.00000000e+00	1	9	--	--	2.80040000e+00	1.09886000e-04
7.86292393e+01	2026-08-11T16:31:52.402703	0.00000000e+00	1	9	--	--	2.70054000e+00	1.09886000e-04
7.87000500e+01	2026-08-11T16:31:52.463253	0.00000000e+00	1	9	--	--	2.60041000e+00	1.09885000e-04
7.87645654e+01	2026-08-11T16:31:52.527540	0.00000000e+00	1	9	--	--	2.50060000e+00	1.09885000e-04
7.88176191e+01	2026-08-11T16:31:52.591373	0.00000000e+00	1	9	--	--	2.40050000e+00	1.09885000e-04
7.88648150e+01	2026-08-11T16:31:52.639275	0.00000000e+00	1	9	--	--	2.30028000e+00	1.09885000e-04
7.89190027e+01	2026-08-11T16:31:52.689214	0.00000000e+00	1	9	--	--	2.20054000e+00	1.09884000e-04
7.89732668e+01	2026-08-11T16:31:52.745488	0.00000000e+00	1	9	--	--	2.10035000e+00	1.09885000e-04
7.90195105e+01	2026-08-11T16:31:52.791582	0.00000000e+00	1	9	--	--	2.00000000e+00	1.09883000e-04
7.90634926e+01	2026-08-11T16:31:52.832137	0.00000000e+00	1	9	--	--	1.90002000e+00	1.09884000e-04
7.91210130e+01	2026-08-11T16:31:52.893855	0.00000000e+00	1	9	--	--	1.80002000e+00	1.09882000e-04
7.91848083e+01	2026-08-11T16:31:52.957774	0.00000000e+00	1	9	--	--	1.70003000e+00	1.09882000e-04
7.92492509e+01	2026-08-11T16:31:53.021369	0.00000000e+00	1	9	--	--	1.60004000e+00	1.09883000e-04
7.93117378e+01	2026-08-11T16:31:53.085599	0.00000000e+00	1	9	--	--	1.50004000e+00	1.09882000e-04
7.93650373e+01	2026-08-11T16:31:53.137188	0.00000000e+00	1	9	--	--	1.40005000e+00	1.09882000e-04
7.94137317e+01	2026-08-11T16:31:53.188828	0.00000000e+00	1	9	--	--	1.30006000e+00	1.09883000e-04
7.94763757e+01	2026-08-11T16:31:53.245284	0.00000000e+00	1	9	--	--	1.20006000e+00	1.09884000e-04
7.95309006e+01	2026-08-11T16:31:53.305725	0.00000000e+00	1	9	--	--	1.10006000e+00	1.09884000e-04
7.95915376e+01	2026-08-11T16:31:53.357628	0.00000000e+00	1	9	--	--	1.00006000e+00	1.09884000e-04
7.96552746e+01	2026-08-11T16:31:53.421772	0.00000000e+00	1	9	--	--	9.00058000e-01	1.09885000e-04
7.97167531e+01	2026-08-11T16:31:53.484644	0.00000000e+00	1	9	--	--	8.00055000e-01	1.09885000e-04
7.97824250e+01	2026-08-11T16:31:53.548152	0.00000000e+00	1	9	--	--	7.00049000e-01	1.09884000e-04
7.98451417e+01	2026-08-11T16:31:53.618069	0.00000000e+00	1	9	1.75912000e-01	-1.09913000e-04	6.00038000e-01	1.09886000e-04
7.99079142e+01	2026-08-11T16:31:53.675621	0.00000000e+00	1	9	7.59796000e-02	-1.09914000e-04	5.00035000e-01	1.09887000e-04
7.99720421e+01	2026-08-11T16:31:53.739878	0.00000000e+00	1	9	-2.52724000e-05	-9.85005000e-05	4.00033000e-01	9.84329000e-05
8.00667435e+01	2026-08-11T16:31:53.841369	0.00000000e+00	1	9	-1.80960000e-05	-6.07233000e-05	3.00025000e-01	6.07477000e-05
8.01361337e+01	2026-08-11T16:31:53.899181	0.00000000e+00	1	9	-1.48773000e-05	-3.47624000e-05	2.00061000e-01	3.47315000e-05
8.01893224e+01	2026-08-11T16:31:53.963254	0.00000000e+00	1	9	-1.06573000e-05	-1.58136000e-05	1.00065000e-01	1.57630000e-05
8.02525147e+01	2026-08-11T16:31:54.026283	0.00000000e+00	1	9	-8.86917000e-06	-1.84183000e-08	5.75781000e-05	1.67017000e-08
8.44857943e+01	2026-08-11T16:31:58.250542	0.00000000e+00	1	10	-1.48058000e-05	-2.12073000e-11	5.69344000e-05	-4.65155000e-11
8.45394592e+01	2026-08-11T16:31:58.313977	0.00000000e+00	1	10	-1.28508000e-05	-1.18667000e-09	1.00060000e-01	2.57415000e-09
8.45867595e+01	2026-08-11T16:31:58.360994	0.00000000e+00	1	10	-1.38521000e-05	-3.95930000e-09	2.00056000e-01	4.21135000e-09
8.46346815e+01	2026-08-11T16:31:58.409459	0.00000000e+00	1	10	-1.16110000e-05	-6.39565000e-09	3.00023000e-01	5.78834000e-09
8.46832213e+01	2026-08-11T16:31:58.457208	0.00000000e+00	1	10	-1.23978000e-05	-8.27003000e-09	4.00032000e-01	9.30289000e-09
8.47304573e+01	2026-08-11T16:31:58.505190	0.00000000e+00	1	10	-1.28746000e-05	-1.30017000e-08	5.00025000e-01	1.52462000e-08
8.47881952e+01	2026-08-11T16:31:58.553073	0.00000000e+00	1	10	-1.56403000e-05	-2.31371000e-08	6.00034000e-01	2.03428000e-08
8.48430920e+01	2026-08-11T16:31:58.616987	0.00000000e+00	1	10	-1.11580000e-05	-5.81366000e-08	7.00040000e-01	5.98279000e-08
8.48891061e+01	2026-08-11T16:31:58.660115	0.00000000e+00	1	10	-1.36137000e-05	-5.56239000e-08	8.00045000e-01	6.04437000e-08
8.49350355e+01	2026-08-11T16:31:58.696993	0.00000000e+00	1	10	-1.62601000e-05	-1.49419000e-07	9.00056000e-01	1.51646000e-07
8.50220874e+01	2026-08-11T16:31:58.795649	0.00000000e+00	1	10	-1.92165000e-05	-2.52734000e-07	1.00006000e+00	3.71687000e-07
8.50820185e+01	2026-08-11T16:31:58.856446	0.00000000e+00	1	10	-1.86443000e-05	-2.01034000e-07	1.10006000e+00	2.82320000e-07
8.51301196e+01	2026-08-11T16:31:58.904898	0.00000000e+00	1	10	-1.59979000e-05	-4.50822000e-07	1.20006000e+00	3.22473000e-07
8.51941458e+01	2026-08-11T16:31:58.968116	0.00000000e+00	1	10	-1.73569000e-05	-8.62187000e-07	1.30005000e+00	7.43517000e-07
8.52573498e+01	2026-08-11T16:31:59.031510	0.00000000e+00	1	10	-1.56879000e-05	-8.25775000e-07	1.40004000e+00	8.12922000e-07
8.53218888e+01	2026-08-11T16:31:59.095596	0.00000000e+00	1	10	-9.13143000e-06	-1.70420000e-06	1.50004000e+00	2.53734000e-06
8.54091034e+01	2026-08-11T16:31:59.181723	0.00000000e+00	1	10	-2.30312000e-05	-1.08519000e-06	1.60004000e+00	1.06864000e-06
8.54650713e+01	2026-08-11T16:31:59.238531	0.00000000e+00	1	10	-1.76907000e-05	-1.52637000e-06	1.70002000e+00	1.36014000e-06
8.55314569e+01	2026-08-11T16:31:59.301782	0.00000000e+00	1	10	--	--	1.80001000e+00	1.09886000e-04
8.56588580e+01	2026-08-11T16:31:59.429645	0.00000000e+00	1	10	--	--	1.90001000e+00	1.09886000e-04
8.57125765e+01	2026-08-11T16:31:59.481737	0.00000000e+00	1	10	--	--	2.00000000e+00	1.09886000e-04
8.57670262e+01	2026-08-11T16:31:59.541809	0.00000000e+00	1	10	--	--	2.10032000e+00	1.09886000e-04
8.58122668e+01	2026-08-11T16:31:59.574929	0.00000000e+00	1	10	--	--	2.20052000e+00	1.09887000e-04
8.58626546e+01	2026-08-11T16:31:59.637020	0.00000000e+00	1	10	--	--	2.30028000e+00	1.09885000e-04
8.59186022e+01	2026-08-11T16:31:59.692658	0.00000000e+00	1	10	--	--	2.40049000e+00	1.09886000e-04
8.59703123e+01	2026-08-11T16:31:59.743198	0.00000000e+00	1	10	--	--	2.50058000e+00	1.09886000e-04
8.60308279e+01	2026-08-11T16:31:59.796978	0.00000000e+00	1	10	--	--	2.60039000e+00	1.09886000e-04
8.60869253e+01	2026-08-11T16:31:59.860673	0.00000000e+00	1	10	--	--	2.70057000e+00	1.09887000e-04
8.61318793e+01	2026-08-11T16:31:59.892460	0.00000000e+00	1	10	--	--	2.80040000e+00	1.09887000e-04
8.61819839e+01	2026-08-11T16:31:59.956801	0.00000000e+00	1	10	--	--	2.90056000e+00	1.09887000e-04
8.62333207e+01	2026-08-11T16:32:00.007181	0.00000000e+00	1	10	--	--	3.00039000e+00	1.09887000e-04
8.62956192e+01	2026-08-11T16:32:00.067505	0.00000000e+00	1	10	--	--	3.10057000e+00	1.09885000e-04
8.63569814e+01	2026-08-11T16:32:00.130190	0.00000000e+00	1	10	--	--	3.20067000e+00	1.09887000e-04
8.64032106e+01	2026-08-11T16:32:00.178251	0.00000000e+00	1	10	--	--	3.30047000e+00	1.09886000e-04
8.64485225e+01	2026-08-11T16:32:00.220692	0.00000000e+00	1	10	--	--	3.40063000e+00	1.09888000e-04
8.65014288e+01	2026-08-11T16:32:00.273867	0.00000000e+00	1	10	--	--	3.50049000e+00	1.09888000e-04
8.65652281e+01	2026-08-11T16:32:00.337581	0.00000000e+00	1	10	--	--	3.60061000e+00	1.09887000e-04
8.66276444e+01	2026-08-11T16:32:00.401690	0.00000000e+00	1	10	--	--	3.70044000e+00	1.09887000e-04
8.66906087e+01	2026-08-11T16:32:00.464931	0.00000000e+00	1	10	--	--	3.80057000e+00	1.09888000e-04
8.67549732e+01	2026-08-11T16:32:00.528957	0.00000000e+00	1	10	--	--	3.90067000e+00	1.09888000e-04
8.68027335e+01	2026-08-11T16:32:00.577305	0.00000000e+00	1	10	--	--	4.00051000e+00	1.09887000e-04
8.68527212e+01	2026-08-11T16:32:00.625372	0.00000000e+00	1	10	--	--	4.00049000e+00	1.09888000e-04
8.69147262e+01	2026-08-11T16:32:00.688417	0.00000000e+00	1	10	--	--	3.90068000e+00	1.09887000e-04
8.69616720e+01	2026-08-11T16:32:00.736483	0.00000000e+00	1	10	--	--	3.80055000e+00	1.09887000e-04
8.70073123e+01	2026-08-11T16:32:00.779316	0.00000000e+00	1	10	--	--	3.70042000e+00	1.09888000e-04
8.70619455e+01	2026-08-11T16:32:00.832570	0.00000000e+00	1	10	--	--	3.60054000e+00	1.09888000e-04
8.71225293e+01	2026-08-11T16:32:00.896518	0.00000000e+00	1	10	--	--	3.50045000e+00	1.09887000e-04
8.71766629e+01	2026-08-11T16:32:00.945899	0.00000000e+00	1	10	--	--	3.40059000e+00	1.09887000e-04
8.72333414e+01	2026-08-11T16:32:01.008124	0.00000000e+00	1	10	--	--	3.30042000e+00	1.09887000e-04
8.72813752e+01	2026-08-11T16:32:01.056040	0.00000000e+00	1	10	--	--	3.20062000e+00	1.09887000e-04
8.73456011e+01	2026-08-11T16:32:01.119900	0.00000000e+00	1	10	--	--	3.10053000e+00	1.09885000e-04
8.73988111e+01	2026-08-11T16:32:01.169901	0.00000000e+00	1	10	--	--	3.00032000e+00	1.09887000e-04
8.74530417e+01	2026-08-11T16:32:01.226695	0.00000000e+00	1	10	--	--	2.90050000e+00	1.09886000e-04
8.75063817e+01	2026-08-11T16:32:01.280178	0.00000000e+00	1	10	--	--	2.80034000e+00	1.09886000e-04
8.75516702e+01	2026-08-11T16:32:01.312114	0.00000000e+00	1	10	--	--	2.70050000e+00	1.09887000e-04
8.76038645e+01	2026-08-11T16:32:01.375887	0.00000000e+00	1	10	--	--	2.60034000e+00	1.09885000e-04
8.76664289e+01	2026-08-11T16:32:01.440019	0.00000000e+00	1	10	--	--	2.50053000e+00	1.09885000e-04
8.77303575e+01	2026-08-11T16:32:01.503470	0.00000000e+00	1	10	--	--	2.40041000e+00	1.09886000e-04
8.77942040e+01	2026-08-11T16:32:01.567532	0.00000000e+00	1	10	--	--	2.30024000e+00	1.09885000e-04
8.78581428e+01	2026-08-11T16:32:01.631476	0.00000000e+00	1	10	--	--	2.20046000e+00	1.09885000e-04
8.79145081e+01	2026-08-11T16:32:01.683497	0.00000000e+00	1	10	--	--	2.10028000e+00	1.09886000e-04
8.79718547e+01	2026-08-11T16:32:01.742613	0.00000000e+00	1	10	--	--	2.00000000e+00	1.09885000e-04
8.80321137e+01	2026-08-11T16:32:01.806365	0.00000000e+00	1	10	--	--	1.90001000e+00	1.09884000e-04
8.80965884e+01	2026-08-11T16:32:01.870104	0.00000000e+00	1	10	--	--	1.80001000e+00	1.09885000e-04
8.81495839e+01	2026-08-11T16:32:01.919309	0.00000000e+00	1	10	--	--	1.70002000e+00	1.09885000e-04
8.81946052e+01	2026-08-11T16:32:01.965892	0.00000000e+00	1	10	--	--	1.60003000e+00	1.09884000e-04
8.82552155e+01	2026-08-11T16:32:02.029706	0.00000000e+00	1	10	--	--	1.50004000e+00	1.09884000e-04
8.83012038e+01	2026-08-11T16:32:02.073988	0.00000000e+00	1	10	--	--	1.40005000e+00	1.09885000e-04
8.83545212e+01	2026-08-11T16:32:02.126502	0.00000000e+00	1	10	--	--	1.30005000e+00	1.09884000e-04
8.84154652e+01	2026-08-11T16:32:02.188491	0.00000000e+00	1	10	--	--	1.20006000e+00	1.09885000e-04
8.84791051e+01	2026-08-11T16:32:02.252308	0.00000000e+00	1	10	--	--	1.10005000e+00	1.09885000e-04
8.85447754e+01	2026-08-11T16:32:02.316402	0.00000000e+00	1	10	--	--	1.00006000e+00	1.09885000e-04
8.86111638e+01	2026-08-11T16:32:02.380409	0.00000000e+00	1	10	--	--	9.00058000e-01	1.09885000e-04
8.86706188e+01	2026-08-11T16:32:02.445480	0.00000000e+00	1	10	--	--	8.00055000e-01	1.09884000e-04
8.87239619e+01	2026-08-11T16:32:02.496541	0.00000000e+00	1	10	--	--	7.00048000e-01	1.09885000e-04
8.87787429e+01	2026-08-11T16:32:02.548467	0.00000000e+00	1	10	--	--	6.00037000e-01	1.09885000e-04
8.88240875e+01	2026-08-11T16:32:02.589947	0.00000000e+00	1	10	--	--	5.00033000e-01	1.09885000e-04
8.88777895e+01	2026-08-11T16:32:02.652550	0.00000000e+00	1	10	--	--	4.00038000e-01	1.09886000e-04
8.89496775e+01	2026-08-11T16:32:02.723956	0.00000000e+00	1	10	1.21398000e-01	-1.09912000e-04	3.00026000e-01	1.09886000e-04
8.89947357e+01	2026-08-11T16:32:02.768059	0.00000000e+00	1	10	2.14545000e-02	-1.09913000e-04	2.00059000e-01	1.09887000e-04
8.90542000e+01	2026-08-11T16:32:02.828264	0.00000000e+00	1	10	-2.53201000e-05	-5.79538000e-05	1.00062000e-01	5.79548000e-05
8.91500202e+01	2026-08-11T16:32:02.923840	0.00000000e+00	1	10	-1.12772000e-05	-6.48061000e-08	5.47647000e-05	5.97415000e-08
9.35213393e+01	2026-08-11T16:32:07.290816	0.00000000e+00	1	11	-1.32799000e-05	-1.64032000e-11	6.07729000e-05	-4.20809000e-11
9.35804716e+01	2026-08-11T16:32:07.354591	0.00000000e+00	1	11	-1.03951000e-05	-3.45349000e-09	1.00065000e-01	4.33313000e-09
9.36439582e+01	2026-08-11T16:32:07.418185	0.00000000e+00	1	11	-1.16348000e-05	-8.76825000e-09	2.00062000e-01	8.49229000e-09
9.36897944e+01	2026-08-11T16:32:07.449300	0.00000000e+00	1	11	-1.10388000e-05	-1.27171000e-08	3.00031000e-01	1.56617000e-08
9.37379132e+01	2026-08-11T16:32:07.512613	0.00000000e+00	1	11	-1.10388000e-05	-2.44199000e-08	4.00039000e-01	2.77771000e-08
9.38015695e+01	2026-08-11T16:32:07.576364	0.00000000e+00	1	11	-7.89166000e-06	-4.60112000e-08	5.00036000e-01	4.40143000e-08
9.38654982e+01	2026-08-11T16:32:07.639572	0.00000000e+00	1	11	-8.17776000e-06	-4.79187000e-08	6.00041000e-01	5.03870000e-08
9.39286060e+01	2026-08-11T16:32:07.702749	0.00000000e+00	1	11	-8.86917000e-06	-5.86960000e-08	7.00050000e-01	5.46626000e-08
9.39797979e+01	2026-08-11T16:32:07.752405	0.00000000e+00	1	11	-4.76837000e-06	-6.65372000e-08	8.00056000e-01	6.99460000e-08
9.40311365e+01	2026-08-11T16:32:07.800303	0.00000000e+00	1	11	-1.02520000e-05	-4.06554000e-07	9.00061000e-01	2.59066000e-07
9.41168532e+01	2026-08-11T16:32:07.888941	0.00000000e+00	1	11	-1.10149000e-05	-3.09307000e-07	1.00006000e+00	3.67145000e-07
9.41711071e+01	2026-08-11T16:32:07.942109	0.00000000e+00	1	11	-1.06573000e-05	-2.86255000e-07	1.10006000e+00	4.43421000e-07
9.42331377e+01	2026-08-11T16:32:08.005989	0.00000000e+00	1	11	-1.03712000e-05	-6.28553000e-07	1.20006000e+00	9.72951000e-07
9.42980453e+01	2026-08-11T16:32:08.070923	0.00000000e+00	1	11	-1.00851000e-05	-8.41978000e-07	1.30006000e+00	7.60191000e-07
9.43642814e+01	2026-08-11T16:32:08.134344	0.00000000e+00	1	11	-9.25064000e-06	-2.25394000e-06	1.40006000e+00	1.80790000e-06
9.44519859e+01	2026-08-11T16:32:08.223870	0.00000000e+00	1	11	-5.91278000e-06	-2.20154000e-06	1.50004000e+00	2.93088000e-06
9.44995274e+01	2026-08-11T16:32:08.271535	0.00000000e+00	1	11	-8.86917000e-06	-1.37086000e-06	1.60004000e+00	1.35765000e-06
9.45503518e+01	2026-08-11T16:32:08.324655	0.00000000e+00	1	11	--	--	1.70004000e+00	1.09887000e-04
9.46464562e+01	2026-08-11T16:32:08.420135	0.00000000e+00	1	11	2.06041000e-04	-1.79423000e-06	1.80003000e+00	2.69011000e-06
9.47427224e+01	2026-08-11T16:32:08.516315	0.00000000e+00	1	11	-9.91821000e-06	-1.29560000e-06	1.90003000e+00	1.60386000e-06
9.48087313e+01	2026-08-11T16:32:08.581046	0.00000000e+00	1	11	-7.27177000e-06	-1.56157000e-06	2.00001000e+00	1.84955000e-06
9.48604377e+01	2026-08-11T16:32:08.633448	0.00000000e+00	1	11	-7.31945000e-06	-2.48610000e-06	2.10044000e+00	2.56697000e-06
9.49209316e+01	2026-08-11T16:32:08.691564	0.00000000e+00	1	11	-6.17504000e-06	-3.64454000e-06	2.20056000e+00	4.23825000e-06
9.49832804e+01	2026-08-11T16:32:08.757226	0.00000000e+00	1	11	-8.89301000e-06	-3.77051000e-06	2.30031000e+00	5.03676000e-06
9.50466325e+01	2026-08-11T16:32:08.819083	0.00000000e+00	1	11	7.46180000e-02	-7.63909000e-06	2.40059000e+00	1.09889000e-04
9.51337487e+01	2026-08-11T16:32:08.906015	0.00000000e+00	1	11	--	--	2.50071000e+00	1.09887000e-04
9.52275703e+01	2026-08-11T16:32:09.000987	0.00000000e+00	1	11	--	--	2.60049000e+00	1.09887000e-04
9.52920763e+01	2026-08-11T16:32:09.066034	0.00000000e+00	1	11	--	--	2.70064000e+00	1.09887000e-04
9.53566919e+01	2026-08-11T16:32:09.122639	0.00000000e+00	1	11	--	--	2.80050000e+00	1.09887000e-04
9.54124455e+01	2026-08-11T16:32:09.187465	0.00000000e+00	1	11	--	--	2.90066000e+00	1.09886000e-04
9.54582975e+01	2026-08-11T16:32:09.231024	0.00000000e+00	1	11	--	--	3.00047000e+00	1.09887000e-04
9.55132889e+01	2026-08-11T16:32:09.288112	0.00000000e+00	1	11	--	--	3.10067000e+00	1.09883000e-04
9.55720773e+01	2026-08-11T16:32:09.346384	0.00000000e+00	1	11	--	--	3.20077000e+00	1.09886000e-04
9.56253592e+01	2026-08-11T16:32:09.400133	0.00000000e+00	1	11	--	--	3.30058000e+00	1.09886000e-04
9.56700454e+01	2026-08-11T16:32:09.444333	0.00000000e+00	1	11	--	--	3.40075000e+00	1.09886000e-04
9.57169471e+01	2026-08-11T16:32:09.491584	0.00000000e+00	1	11	--	--	3.50064000e+00	1.09887000e-04
9.57760701e+01	2026-08-11T16:32:09.550823	0.00000000e+00	1	11	--	--	3.60070000e+00	1.09887000e-04
9.58263762e+01	2026-08-11T16:32:09.600640	0.00000000e+00	1	11	--	--	3.70060000e+00	1.09888000e-04
9.58780719e+01	2026-08-11T16:32:09.653077	0.00000000e+00	1	11	--	--	3.80070000e+00	1.09889000e-04
9.59235780e+01	2026-08-11T16:32:09.697424	0.00000000e+00	1	11	--	--	3.90079000e+00	1.09889000e-04
9.59684982e+01	2026-08-11T16:32:09.743297	0.00000000e+00	1	11	--	--	4.00066000e+00	1.09887000e-04
9.60151200e+01	2026-08-11T16:32:09.790188	0.00000000e+00	1	11	--	--	4.00065000e+00	1.09887000e-04
9.60676098e+01	2026-08-11T16:32:09.842578	0.00000000e+00	1	11	--	--	3.90082000e+00	1.09889000e-04
9.61183276e+01	2026-08-11T16:32:09.892668	0.00000000e+00	1	11	--	--	3.80070000e+00	1.09887000e-04
9.61726804e+01	2026-08-11T16:32:09.947262	0.00000000e+00	1	11	--	--	3.70061000e+00	1.09888000e-04
9.62243806e+01	2026-08-11T16:32:09.999047	0.00000000e+00	1	11	--	--	3.60071000e+00	1.09888000e-04
9.62690457e+01	2026-08-11T16:32:10.044060	0.00000000e+00	1	11	--	--	3.50061000e+00	1.09888000e-04
9.63257298e+01	2026-08-11T16:32:10.100416	0.00000000e+00	1	11	--	--	3.40077000e+00	1.09888000e-04
9.63765696e+01	2026-08-11T16:32:10.151053	0.00000000e+00	1	11	--	--	3.30060000e+00	1.09889000e-04
9.64230823e+01	2026-08-11T16:32:10.197916	0.00000000e+00	1	11	--	--	3.20080000e+00	1.09888000e-04
9.64679073e+01	2026-08-11T16:32:10.235497	0.00000000e+00	1	11	--	--	3.10069000e+00	1.09885000e-04
9.65257984e+01	2026-08-11T16:32:10.299278	0.00000000e+00	1	11	--	--	3.00049000e+00	1.09888000e-04
9.65788564e+01	2026-08-11T16:32:10.348210	0.00000000e+00	1	11	--	--	2.90067000e+00	1.09887000e-04
9.66412045e+01	2026-08-11T16:32:10.409325	0.00000000e+00	1	11	--	--	2.80050000e+00	1.09887000e-04
9.66929058e+01	2026-08-11T16:32:10.465952	0.00000000e+00	1	11	--	--	2.70066000e+00	1.09886000e-04
9.67505230e+01	2026-08-11T16:32:10.520790	0.00000000e+00	1	11	--	--	2.60051000e+00	1.09887000e-04
9.68126039e+01	2026-08-11T16:32:10.584970	0.00000000e+00	1	11	--	--	2.50068000e+00	1.09887000e-04
9.68747989e+01	2026-08-11T16:32:10.648291	0.00000000e+00	1	11	--	--	2.40060000e+00	1.09886000e-04
9.69379735e+01	2026-08-11T16:32:10.712937	0.00000000e+00	1	11	--	--	2.30041000e+00	1.09887000e-04
9.69859680e+01	2026-08-11T16:32:10.760211	0.00000000e+00	1	11	--	--	2.20062000e+00	1.09886000e-04
9.70402944e+01	2026-08-11T16:32:10.808104	0.00000000e+00	1	11	--	--	2.10044000e+00	1.09886000e-04
9.71052783e+01	2026-08-11T16:32:10.872229	0.00000000e+00	1	11	--	--	2.00002000e+00	1.09885000e-04
9.71622037e+01	2026-08-11T16:32:10.936470	0.00000000e+00	1	11	--	--	1.90003000e+00	1.09885000e-04
9.72161348e+01	2026-08-11T16:32:10.984382	0.00000000e+00	1	11	--	--	1.80003000e+00	1.09885000e-04
9.72809200e+01	2026-08-11T16:32:11.048033	0.00000000e+00	1	11	--	--	1.70004000e+00	1.09885000e-04
9.73445413e+01	2026-08-11T16:32:11.118515	0.00000000e+00	1	11	--	--	1.60005000e+00	1.09884000e-04
9.74105254e+01	2026-08-11T16:32:11.178182	0.00000000e+00	1	11	--	--	1.50005000e+00	1.09885000e-04
9.74728615e+01	2026-08-11T16:32:11.240523	0.00000000e+00	1	11	--	--	1.40006000e+00	1.09884000e-04
9.75380619e+01	2026-08-11T16:32:11.304323	0.00000000e+00	1	11	--	--	1.30007000e+00	1.09884000e-04
9.76013705e+01	2026-08-11T16:32:11.368296	0.00000000e+00	1	11	--	--	1.20007000e+00	1.09885000e-04
9.76582438e+01	2026-08-11T16:32:11.432498	0.00000000e+00	1	11	--	--	1.10007000e+00	1.09883000e-04
9.77222320e+01	2026-08-11T16:32:11.496077	0.00000000e+00	1	11	--	--	1.00007000e+00	1.09883000e-04
9.77858353e+01	2026-08-11T16:32:11.559680	0.00000000e+00	1	11	--	--	9.00066000e-01	1.09883000e-04
9.78414396e+01	2026-08-11T16:32:11.615373	0.00000000e+00	1	11	--	--	8.00063000e-01	1.09884000e-04
9.78946259e+01	2026-08-11T16:32:11.666845	0.00000000e+00	1	11	--	--	7.00054000e-01	1.09885000e-04
9.79459302e+01	2026-08-11T16:32:11.720088	0.00000000e+00	1	11	--	--	6.00040000e-01	1.09885000e-04
9.79911955e+01	2026-08-11T16:32:11.752881	0.00000000e+00	1	11	--	--	5.00036000e-01	1.09885000e-04
9.80412042e+01	2026-08-11T16:32:11.815872	0.00000000e+00	1	11	1.79019000e-01	-1.09912000e-04	4.00037000e-01	1.09885000e-04
9.80918739e+01	2026-08-11T16:32:11.863420	0.00000000e+00	1	11	7.87124000e-02	-1.09912000e-04	3.00033000e-01	1.09886000e-04
9.81370156e+01	2026-08-11T16:32:11.911321	0.00000000e+00	1	11	-2.05040000e-05	-9.56863000e-05	2.00063000e-01	9.58174000e-05
9.82340625e+01	2026-08-11T16:32:12.007666	0.00000000e+00	1	11	-9.82285000e-06	-4.10518000e-05	1.00066000e-01	4.09757000e-05
9.82793837e+01	2026-08-11T16:32:12.049693	0.00000000e+00	1	11	-1.19209000e-07	-4.28459000e-08	6.05345000e-05	3.97216000e-08
1.02273421e+02	2026-08-11T16:32:16.037768	0.00000000e+00	1	12	-1.98126000e-05	-1.76549000e-11	5.91993000e-05	-3.62158000e-11
1.02330941e+02	2026-08-11T16:32:16.102059	0.00000000e+00	1	12	-1.85013000e-05	-3.15657000e-09	1.00065000e-01	4.65709000e-09
1.02397752e+02	2026-08-11T16:32:16.165375	0.00000000e+00	1	12	-1.99556000e-05	-9.54746000e-09	2.00059000e-01	9.16457000e-09
1.02465287e+02	2026-08-11T16:32:16.239211	0.00000000e+00	1	12	-1.95265000e-05	-1.53183000e-08	3.00027000e-01	1.54420000e-08
1.02517285e+02	2026-08-11T16:32:16.292036	0.00000000e+00	1	12	-1.54018000e-05	-2.60630000e-08	4.00035000e-01	3.09913000e-08
1.02565464e+02	2026-08-11T16:32:16.339920	0.00000000e+00	1	12	-4.10080000e-06	-7.01618000e-08	5.00042000e-01	5.18624000e-08
1.02609715e+02	2026-08-11T16:32:16.372280	0.00000000e+00	1	12	-1.24931000e-05	-6.20927000e-08	6.00033000e-01	6.18008000e-08
1.02663799e+02	2026-08-11T16:32:16.436503	0.00000000e+00	1	12	-7.96318000e-06	-9.19922000e-08	7.00050000e-01	1.71817000e-07
1.02730835e+02	2026-08-11T16:32:16.500516	0.00000000e+00	1	12	-1.76430000e-05	-1.99111000e-07	8.00057000e-01	1.78033000e-07
1.02795628e+02	2026-08-11T16:32:16.563979	0.00000000e+00	1	12	-1.90735000e-05	-4.91118000e-07	9.00062000e-01	2.28715000e-07
1.02848934e+02	2026-08-11T16:32:16.621777	0.00000000e+00	1	12	-1.71185000e-05	-1.88552000e-07	1.00007000e+00	1.77534000e-07
1.02902291e+02	2026-08-11T16:32:16.674804	0.00000000e+00	1	12	-1.63794000e-05	-2.86200000e-07	1.10006000e+00	2.29800000e-07
1.02947578e+02	2026-08-11T16:32:16.722672	0.00000000e+00	1	12	-1.64032000e-05	-2.22547000e-07	1.20006000e+00	1.94467000e-07
1.02994899e+02	2026-08-11T16:32:16.770110	0.00000000e+00	1	12	-1.57356000e-05	-2.43815000e-07	1.30006000e+00	3.05474000e-07
1.03050129e+02	2026-08-11T16:32:16.824466	0.00000000e+00	1	12	-1.74284000e-05	-4.42452000e-07	1.40005000e+00	3.74414000e-07
1.03106385e+02	2026-08-11T16:32:16.881197	0.00000000e+00	1	12	-1.78099000e-05	-5.50990000e-07	1.50004000e+00	5.92092000e-07
1.03153961e+02	2026-08-11T16:32:16.928787	0.00000000e+00	1	12	-1.57356000e-05	-6.32395000e-07	1.60004000e+00	6.15294000e-07
1.03214429e+02	2026-08-11T16:32:16.977480	0.00000000e+00	1	12	-1.51396000e-05	-6.76428000e-07	1.70003000e+00	7.41850000e-07
1.03266173e+02	2026-08-11T16:32:17.040507	0.00000000e+00	1	12	-1.42574000e-05	-7.03960000e-07	1.80002000e+00	6.72225000e-07
1.03310442e+02	2026-08-11T16:32:17.074350	0.00000000e+00	1	12	-1.05381000e-05	-7.95941000e-07	1.90002000e+00	8.46140000e-07
1.03356527e+02	2026-08-11T16:32:17.130302	0.00000000e+00	1	12	-9.01222000e-06	-9.80424000e-07	2.00000000e+00	9.85584000e-07
1.03420692e+02	2026-08-11T16:32:17.183787	0.00000000e+00	1	12	-1.23024000e-05	-1.12767000e-06	2.10036000e+00	1.08170000e-06
1.03508035e+02	2026-08-11T16:32:17.279207	0.00000000e+00	1	12	-1.04904000e-05	-1.41594000e-06	2.20059000e+00	1.53793000e-06
1.03569649e+02	2026-08-11T16:32:17.343850	0.00000000e+00	1	12	--	--	2.30038000e+00	1.09887000e-04
1.03697505e+02	2026-08-11T16:32:17.470805	0.00000000e+00	1	12	--	--	2.40056000e+00	1.09887000e-04
1.03750746e+02	2026-08-11T16:32:17.525818	0.00000000e+00	1	12	--	--	2.50072000e+00	1.09887000e-04
1.03807069e+02	2026-08-11T16:32:17.582026	0.00000000e+00	1	12	--	--	2.60048000e+00	1.09887000e-04
1.03854795e+02	2026-08-11T16:32:17.629423	0.00000000e+00	1	12	--	--	2.70062000e+00	1.09888000e-04
1.03902571e+02	2026-08-11T16:32:17.676609	0.00000000e+00	1	12	--	--	2.80049000e+00	1.09887000e-04
1.03949670e+02	2026-08-11T16:32:17.724484	0.00000000e+00	1	12	--	--	2.90066000e+00	1.09888000e-04
1.04003663e+02	2026-08-11T16:32:17.772689	0.00000000e+00	1	12	--	--	3.00048000e+00	1.09887000e-04
1.04072727e+02	2026-08-11T16:32:17.846786	0.00000000e+00	1	12	--	--	3.10067000e+00	1.09885000e-04
1.04137590e+02	2026-08-11T16:32:17.910600	0.00000000e+00	1	12	--	--	3.20078000e+00	1.09888000e-04
1.04198686e+02	2026-08-11T16:32:17.972300	0.00000000e+00	1	12	--	--	3.30057000e+00	1.09887000e-04
1.04253688e+02	2026-08-11T16:32:18.027545	0.00000000e+00	1	12	--	--	3.40073000e+00	1.09887000e-04
1.04299423e+02	2026-08-11T16:32:18.069931	0.00000000e+00	1	12	--	--	3.50060000e+00	1.09887000e-04
1.04355081e+02	2026-08-11T16:32:18.123612	0.00000000e+00	1	12	--	--	3.60072000e+00	1.09889000e-04
1.04414894e+02	2026-08-11T16:32:18.186805	0.00000000e+00	1	12	--	--	3.70055000e+00	1.09888000e-04
1.04471074e+02	2026-08-11T16:32:18.244957	0.00000000e+00	1	12	--	--	3.80070000e+00	1.09888000e-04
1.04523103e+02	2026-08-11T16:32:18.297867	0.00000000e+00	1	12	--	--	3.90080000e+00	1.09889000e-04
1.04584651e+02	2026-08-11T16:32:18.356420	0.00000000e+00	1	12	--	--	4.00064000e+00	1.09889000e-04
1.04629306e+02	2026-08-11T16:32:18.394267	0.00000000e+00	1	12	--	--	4.00065000e+00	1.09889000e-04
1.04683070e+02	2026-08-11T16:32:18.457341	0.00000000e+00	1	12	--	--	3.90080000e+00	1.09889000e-04
1.04728472e+02	2026-08-11T16:32:18.489510	0.00000000e+00	1	12	--	--	3.80072000e+00	1.09889000e-04
1.04783141e+02	2026-08-11T16:32:18.557259	0.00000000e+00	1	12	--	--	3.70056000e+00	1.09888000e-04
1.04847100e+02	2026-08-11T16:32:18.617638	0.00000000e+00	1	12	--	--	3.60070000e+00	1.09887000e-04
1.04905156e+02	2026-08-11T16:32:18.680203	0.00000000e+00	1	12	--	--	3.50059000e+00	1.09887000e-04
1.04960241e+02	2026-08-11T16:32:18.733854	0.00000000e+00	1	12	--	--	3.40073000e+00	1.09887000e-04
1.05020031e+02	2026-08-11T16:32:18.794583	0.00000000e+00	1	12	--	--	3.30062000e+00	1.09887000e-04
1.05064364e+02	2026-08-11T16:32:18.826151	0.00000000e+00	1	12	--	--	3.20080000e+00	1.09887000e-04
1.05118565e+02	2026-08-11T16:32:18.888885	0.00000000e+00	1	12	--	--	3.10070000e+00	1.09885000e-04
1.05182026e+02	2026-08-11T16:32:18.952566	0.00000000e+00	1	12	--	--	3.00046000e+00	1.09887000e-04
1.05242706e+02	2026-08-11T16:32:19.016619	0.00000000e+00	1	12	--	--	2.90067000e+00	1.09887000e-04
1.05310717e+02	2026-08-11T16:32:19.085065	0.00000000e+00	1	12	--	--	2.80050000e+00	1.09886000e-04
1.05360464e+02	2026-08-11T16:32:19.130015	0.00000000e+00	1	12	--	--	2.70067000e+00	1.09886000e-04
1.05416516e+02	2026-08-11T16:32:19.191508	0.00000000e+00	1	12	--	--	2.60047000e+00	1.09886000e-04
1.05476785e+02	2026-08-11T16:32:19.249799	0.00000000e+00	1	12	--	--	2.50066000e+00	1.09886000e-04
1.05527910e+02	2026-08-11T16:32:19.302656	0.00000000e+00	1	12	--	--	2.40056000e+00	1.09885000e-04
1.05572844e+02	2026-08-11T16:32:19.346267	0.00000000e+00	1	12	--	--	2.30036000e+00	1.09885000e-04
1.05629519e+02	2026-08-11T16:32:19.398188	0.00000000e+00	1	12	--	--	2.20055000e+00	1.09885000e-04
1.05687233e+02	2026-08-11T16:32:19.461314	0.00000000e+00	1	12	--	--	2.10036000e+00	1.09885000e-04
1.05735053e+02	2026-08-11T16:32:19.510023	0.00000000e+00	1	12	--	--	2.00001000e+00	1.09884000e-04
1.05783654e+02	2026-08-11T16:32:19.556898	0.00000000e+00	1	12	--	--	1.90002000e+00	1.09884000e-04
1.05829553e+02	2026-08-11T16:32:19.604728	0.00000000e+00	1	12	--	--	1.80003000e+00	1.09884000e-04
1.05878202e+02	2026-08-11T16:32:19.652779	0.00000000e+00	1	12	--	--	1.70004000e+00	1.09884000e-04
1.05924328e+02	2026-08-11T16:32:19.697472	0.00000000e+00	1	12	--	--	1.60005000e+00	1.09884000e-04
1.05971395e+02	2026-08-11T16:32:19.743391	0.00000000e+00	1	12	--	--	1.50005000e+00	1.09883000e-04
1.06034399e+02	2026-08-11T16:32:19.806494	0.00000000e+00	1	12	--	--	1.40006000e+00	1.09884000e-04
1.06081055e+02	2026-08-11T16:32:19.854376	0.00000000e+00	1	12	--	--	1.30006000e+00	1.09884000e-04
1.06132453e+02	2026-08-11T16:32:19.907060	0.00000000e+00	1	12	--	--	1.20007000e+00	1.09884000e-04
1.06196529e+02	2026-08-11T16:32:19.970574	0.00000000e+00	1	12	--	--	1.10006000e+00	1.09884000e-04
1.06244631e+02	2026-08-11T16:32:20.018968	0.00000000e+00	1	12	--	--	1.00007000e+00	1.09885000e-04
1.06293003e+02	2026-08-11T16:32:20.066938	0.00000000e+00	1	12	--	--	9.00064000e-01	1.09885000e-04
1.06338592e+02	2026-08-11T16:32:20.098866	0.00000000e+00	1	12	--	--	8.00062000e-01	1.09884000e-04
1.06388224e+02	2026-08-11T16:32:20.162313	0.00000000e+00	1	12	--	--	7.00053000e-01	1.09885000e-04
1.06452363e+02	2026-08-11T16:32:20.226392	0.00000000e+00	1	12	--	--	6.00044000e-01	1.09886000e-04
1.06497741e+02	2026-08-11T16:32:20.258566	0.00000000e+00	1	12	--	--	5.00041000e-01	1.09885000e-04
1.06557809e+02	2026-08-11T16:32:20.323771	0.00000000e+00	1	12	--	--	4.00041000e-01	1.09886000e-04
1.06613235e+02	2026-08-11T16:32:20.386555	0.00000000e+00	1	12	1.42066000e-01	-1.09913000e-04	3.00030000e-01	1.09885000e-04
1.06658885e+02	2026-08-11T16:32:20.418639	0.00000000e+00	1	12	4.21067000e-02	-1.09913000e-04	2.00062000e-01	1.09886000e-04
1.06708874e+02	2026-08-11T16:32:20.482690	0.00000000e+00	1	12	-1.55449000e-05	-6.70895000e-05	1.00066000e-01	6.70635000e-05
1.06793793e+02	2026-08-11T16:32:20.562562	0.00000000e+00	1	12	2.45571000e-06	-7.02534000e-08	5.56231000e-05	6.47555000e-08
1.11068846e+02	2026-08-11T16:32:24.830947	0.00000000e+00	1	13	-1.49250000e-05	-2.22921000e-11	5.81980000e-05	-4.64797000e-11
1.11126254e+02	2026-08-11T16:32:24.895030	0.00000000e+00	1	13	-1.29938000e-05	-3.65174000e-09	1.00061000e-01	4.37951000e-09
1.11196349e+02	2026-08-11T16:32:24.959432	0.00000000e+00	1	13	-1.47820000e-05	-8.09747000e-09	2.00056000e-01	7.26496000e-09
1.11248627e+02	2026-08-11T16:32:25.022904	0.00000000e+00	1	13	-1.51873000e-05	-1.27892000e-08	3.00023000e-01	1.46911000e-08
1.11293051e+02	2026-08-11T16:32:25.054749	0.00000000e+00	1	13	-1.47104000e-05	-2.16382000e-08	4.00027000e-01	3.13570000e-08
1.11344068e+02	2026-08-11T16:32:25.118694	0.00000000e+00	1	13	-1.54972000e-05	-4.69594000e-08	5.00028000e-01	3.83889000e-08
1.11399799e+02	2026-08-11T16:32:25.166248	0.00000000e+00	1	13	-6.36578000e-06	-5.86020000e-08	6.00032000e-01	6.37872000e-08
1.11456120e+02	2026-08-11T16:32:25.230146	0.00000000e+00	1	13	9.29832000e-07	-9.18843000e-08	7.00040000e-01	8.74554000e-08
1.11520423e+02	2026-08-11T16:32:25.294119	0.00000000e+00	1	13	-1.54257000e-05	-9.42749000e-08	8.00043000e-01	9.39348000e-08
1.11586704e+02	2026-08-11T16:32:25.357446	0.00000000e+00	1	13	-1.36375000e-05	-8.86744000e-08	9.00054000e-01	8.67465000e-08
1.11720065e+02	2026-08-11T16:32:25.485287	0.00000000e+00	1	13	-1.82629000e-05	-1.06657000e-07	1.00005000e+00	9.99702000e-08
1.11764364e+02	2026-08-11T16:32:25.534658	0.00000000e+00	1	13	-1.64032000e-05	-1.54180000e-07	1.10005000e+00	1.87705000e-07
1.11832167e+02	2026-08-11T16:32:25.606302	0.00000000e+00	1	13	-1.41144000e-05	-2.71237000e-07	1.20006000e+00	2.81390000e-07
1.11882181e+02	2026-08-11T16:32:25.654381	0.00000000e+00	1	13	-1.49965000e-05	-2.66184000e-07	1.30005000e+00	2.28352000e-07
1.11934351e+02	2026-08-11T16:32:25.708302	0.00000000e+00	1	13	-1.47820000e-05	-3.00012000e-07	1.40005000e+00	3.21898000e-07
1.12000899e+02	2026-08-11T16:32:25.771685	0.00000000e+00	1	13	-1.52349000e-05	-4.24080000e-07	1.50003000e+00	3.98717000e-07
1.12066633e+02	2026-08-11T16:32:25.836088	0.00000000e+00	1	13	-1.39713000e-05	-4.72756000e-07	1.60003000e+00	4.87380000e-07
1.12122984e+02	2026-08-11T16:32:25.885610	0.00000000e+00	1	13	-1.46151000e-05	-6.68678000e-07	1.70002000e+00	8.50289000e-07
1.12167567e+02	2026-08-11T16:32:25.941383	0.00000000e+00	1	13	-1.33753000e-05	-9.08992000e-07	1.80001000e+00	8.63349000e-07
1.12220485e+02	2026-08-11T16:32:25.994455	0.00000000e+00	1	13	-1.39236000e-05	-1.31764000e-06	1.90001000e+00	1.16013000e-06
1.12313682e+02	2026-08-11T16:32:26.079983	0.00000000e+00	1	13	-1.45435000e-05	-1.31317000e-06	2.00000000e+00	1.31095000e-06
1.12370372e+02	2026-08-11T16:32:26.136929	0.00000000e+00	1	13	-1.75238000e-05	-1.52635000e-06	2.10030000e+00	1.29008000e-06
1.12415321e+02	2026-08-11T16:32:26.188751	0.00000000e+00	1	13	-1.40905000e-05	-2.17663000e-06	2.20050000e+00	2.15514000e-06
1.12478247e+02	2026-08-11T16:32:26.249591	0.00000000e+00	1	13	-1.47820000e-05	-2.62747000e-06	2.30027000e+00	2.65390000e-06
1.12538829e+02	2026-08-11T16:32:26.313030	0.00000000e+00	1	13	1.77301000e-01	-7.94098000e-06	2.40044000e+00	1.09890000e-04
1.12625421e+02	2026-08-11T16:32:26.397576	0.00000000e+00	1	13	--	--	2.50057000e+00	1.09888000e-04
1.12723462e+02	2026-08-11T16:32:26.489279	0.00000000e+00	1	13	--	--	2.60040000e+00	1.09887000e-04
1.12779789e+02	2026-08-11T16:32:26.553561	0.00000000e+00	1	13	--	--	2.70051000e+00	1.09887000e-04
1.12825896e+02	2026-08-11T16:32:26.585883	0.00000000e+00	1	13	--	--	2.80037000e+00	1.09887000e-04
1.12875424e+02	2026-08-11T16:32:26.650038	0.00000000e+00	1	13	--	--	2.90053000e+00	1.09887000e-04
1.12921945e+02	2026-08-11T16:32:26.697028	0.00000000e+00	1	13	--	--	3.00035000e+00	1.09887000e-04
1.12981934e+02	2026-08-11T16:32:26.744785	0.00000000e+00	1	13	--	--	3.10054000e+00	1.09884000e-04
1.13044396e+02	2026-08-11T16:32:26.808237	0.00000000e+00	1	13	--	--	3.20063000e+00	1.09888000e-04
1.13097958e+02	2026-08-11T16:32:26.873017	0.00000000e+00	1	13	--	--	3.30044000e+00	1.09887000e-04
1.13143769e+02	2026-08-11T16:32:26.907829	0.00000000e+00	1	13	--	--	3.40061000e+00	1.09889000e-04
1.13201923e+02	2026-08-11T16:32:26.966845	0.00000000e+00	1	13	--	--	3.50049000e+00	1.09889000e-04
1.13258222e+02	2026-08-11T16:32:27.030302	0.00000000e+00	1	13	--	--	3.60061000e+00	1.09888000e-04
1.13321710e+02	2026-08-11T16:32:27.093529	0.00000000e+00	1	13	--	--	3.70054000e+00	1.09888000e-04
1.13382942e+02	2026-08-11T16:32:27.156699	0.00000000e+00	1	13	--	--	3.80060000e+00	1.09887000e-04
1.13430241e+02	2026-08-11T16:32:27.204536	0.00000000e+00	1	13	--	--	3.90068000e+00	1.09889000e-04
1.13488746e+02	2026-08-11T16:32:27.252071	0.00000000e+00	1	13	--	--	4.00054000e+00	1.09888000e-04
1.13532148e+02	2026-08-11T16:32:27.300323	0.00000000e+00	1	13	--	--	4.00054000e+00	1.09889000e-04
1.13579444e+02	2026-08-11T16:32:27.353312	0.00000000e+00	1	13	--	--	3.90070000e+00	1.09889000e-04
1.13643275e+02	2026-08-11T16:32:27.411839	0.00000000e+00	1	13	--	--	3.80061000e+00	1.09888000e-04
1.13695907e+02	2026-08-11T16:32:27.465875	0.00000000e+00	1	13	--	--	3.70049000e+00	1.09888000e-04
1.13748753e+02	2026-08-11T16:32:27.522784	0.00000000e+00	1	13	--	--	3.60057000e+00	1.09888000e-04
1.13793567e+02	2026-08-11T16:32:27.554700	0.00000000e+00	1	13	--	--	3.50049000e+00	1.09888000e-04
1.13839042e+02	2026-08-11T16:32:27.613090	0.00000000e+00	1	13	--	--	3.40063000e+00	1.09888000e-04
1.13889917e+02	2026-08-11T16:32:27.661188	0.00000000e+00	1	13	--	--	3.30049000e+00	1.09887000e-04
1.13941208e+02	2026-08-11T16:32:27.715093	0.00000000e+00	1	13	--	--	3.20071000e+00	1.09887000e-04
1.13986202e+02	2026-08-11T16:32:27.746824	0.00000000e+00	1	13	--	--	3.10058000e+00	1.09885000e-04
1.14036243e+02	2026-08-11T16:32:27.810217	0.00000000e+00	1	13	--	--	3.00037000e+00	1.09887000e-04
1.14084413e+02	2026-08-11T16:32:27.858849	0.00000000e+00	1	13	--	--	2.90054000e+00	1.09887000e-04
1.14129985e+02	2026-08-11T16:32:27.891191	0.00000000e+00	1	13	--	--	2.80038000e+00	1.09887000e-04
1.14180382e+02	2026-08-11T16:32:27.954648	0.00000000e+00	1	13	--	--	2.70055000e+00	1.09887000e-04
1.14243863e+02	2026-08-11T16:32:28.018293	0.00000000e+00	1	13	--	--	2.60038000e+00	1.09887000e-04
1.14291275e+02	2026-08-11T16:32:28.065797	0.00000000e+00	1	13	--	--	2.50059000e+00	1.09887000e-04
1.14341318e+02	2026-08-11T16:32:28.114555	0.00000000e+00	1	13	--	--	2.40047000e+00	1.09887000e-04
1.14397850e+02	2026-08-11T16:32:28.161789	0.00000000e+00	1	13	--	--	2.30029000e+00	1.09886000e-04
1.14462312e+02	2026-08-11T16:32:28.236379	0.00000000e+00	1	13	--	--	2.20054000e+00	1.09886000e-04
1.14513910e+02	2026-08-11T16:32:28.288082	0.00000000e+00	1	13	--	--	2.10033000e+00	1.09887000e-04
1.14558696e+02	2026-08-11T16:32:28.332576	0.00000000e+00	1	13	--	--	2.00001000e+00	1.09887000e-04
1.14606786e+02	2026-08-11T16:32:28.378552	0.00000000e+00	1	13	--	--	1.90002000e+00	1.09886000e-04
1.14664215e+02	2026-08-11T16:32:28.432294	0.00000000e+00	1	13	--	--	1.80002000e+00	1.09886000e-04
1.14711229e+02	2026-08-11T16:32:28.481076	0.00000000e+00	1	13	--	--	1.70003000e+00	1.09886000e-04
1.14769088e+02	2026-08-11T16:32:28.543296	0.00000000e+00	1	13	--	--	1.60004000e+00	1.09886000e-04
1.14833285e+02	2026-08-11T16:32:28.608105	0.00000000e+00	1	13	--	--	1.50004000e+00	1.09885000e-04
1.14881191e+02	2026-08-11T16:32:28.655460	0.00000000e+00	1	13	--	--	1.40005000e+00	1.09885000e-04
1.14929829e+02	2026-08-11T16:32:28.703171	0.00000000e+00	1	13	--	--	1.30006000e+00	1.09885000e-04
1.14984820e+02	2026-08-11T16:32:28.751427	0.00000000e+00	1	13	--	--	1.20006000e+00	1.09884000e-04
1.15041001e+02	2026-08-11T16:32:28.815384	0.00000000e+00	1	13	--	--	1.10006000e+00	1.09883000e-04
1.15086258e+02	2026-08-11T16:32:28.847191	0.00000000e+00	1	13	--	--	1.00006000e+00	1.09884000e-04
1.15142333e+02	2026-08-11T16:32:28.910965	0.00000000e+00	1	13	--	--	9.00064000e-01	1.09884000e-04
1.15206316e+02	2026-08-11T16:32:28.975049	0.00000000e+00	1	13	--	--	8.00064000e-01	1.09884000e-04
1.15271133e+02	2026-08-11T16:32:29.040683	0.00000000e+00	1	13	--	--	7.00053000e-01	1.09884000e-04
1.15332981e+02	2026-08-11T16:32:29.102684	0.00000000e+00	1	13	--	--	6.00044000e-01	1.09884000e-04
1.15396977e+02	2026-08-11T16:32:29.167518	0.00000000e+00	1	13	--	--	5.00039000e-01	1.09885000e-04
1.15448686e+02	2026-08-11T16:32:29.219032	0.00000000e+00	1	13	1.96769000e-01	-1.09912000e-04	4.00041000e-01	1.09886000e-04
1.15517665e+02	2026-08-11T16:32:29.279204	0.00000000e+00	1	13	9.67564000e-02	-1.09913000e-04	3.00031000e-01	1.09887000e-04
1.15566278e+02	2026-08-11T16:32:29.336768	0.00000000e+00	1	13	-2.89202000e-05	-1.07830000e-04	2.00062000e-01	1.07812000e-04
1.15612703e+02	2026-08-11T16:32:29.374923	0.00000000e+00	1	13	-1.57833000e-05	-4.91064000e-05	1.00064000e-01	4.90842000e-05
1.15699049e+02	2026-08-11T16:32:29.469779	0.00000000e+00	1	13	-4.38690000e-06	-5.36068000e-08	5.78642000e-05	5.22371000e-08
1.19998823e+02	2026-08-11T16:32:33.763648	0.00000000e+00	1	14	-2.43187000e-05	-2.99335000e-11	6.24895000e-05	-4.15683000e-11
1.20055176e+02	2026-08-11T16:32:33.823854	0.00000000e+00	1	14	-2.00272000e-05	-3.67908000e-09	1.00066000e-01	4.54931000e-09
1.20113712e+02	2026-08-11T16:32:33.887552	0.00000000e+00	1	14	-1.88112000e-05	-8.56642000e-09	2.00062000e-01	8.05109000e-09
1.20177644e+02	2026-08-11T16:32:33.951492	0.00000000e+00	1	14	-1.94073000e-05	-1.55235000e-08	3.00031000e-01	1.59135000e-08
1.20224877e+02	2026-08-11T16:32:33.999614	0.00000000e+00	1	14	-1.67131000e-05	-2.73814000e-08	4.00038000e-01	2.38115000e-08
1.20277990e+02	2026-08-11T16:32:34.049814	0.00000000e+00	1	14	-1.67131000e-05	-3.41649000e-08	5.00037000e-01	3.62770000e-08
1.20338290e+02	2026-08-11T16:32:34.111458	0.00000000e+00	1	14	-1.73092000e-05	-5.46816000e-08	6.00039000e-01	5.32825000e-08
1.20401261e+02	2026-08-11T16:32:34.175258	0.00000000e+00	1	14	-1.62125000e-05	-7.91093000e-08	7.00051000e-01	6.72059000e-08
1.20447539e+02	2026-08-11T16:32:34.207231	0.00000000e+00	1	14	-2.03848000e-05	-8.71869000e-08	8.00057000e-01	1.05053000e-07
1.20533973e+02	2026-08-11T16:32:34.302233	0.00000000e+00	1	14	-2.21014000e-05	-1.47419000e-07	9.00057000e-01	1.58001000e-07
1.20591772e+02	2026-08-11T16:32:34.365535	0.00000000e+00	1	14	-1.96218000e-05	-1.92458000e-07	1.00006000e+00	1.94160000e-07
1.20655319e+02	2026-08-11T16:32:34.429152	0.00000000e+00	1	14	-1.94788000e-05	-2.26006000e-07	1.10006000e+00	2.29808000e-07
1.20710667e+02	2026-08-11T16:32:34.483438	0.00000000e+00	1	14	-2.01702000e-05	-2.51086000e-07	1.20006000e+00	2.28320000e-07
1.20761553e+02	2026-08-11T16:32:34.534928	0.00000000e+00	1	14	-1.84298000e-05	-3.43390000e-07	1.30006000e+00	3.74567000e-07
1.20814506e+02	2026-08-11T16:32:34.589408	0.00000000e+00	1	14	-1.75715000e-05	-4.26713000e-07	1.40005000e+00	4.34899000e-07
1.20859612e+02	2026-08-11T16:32:34.632922	0.00000000e+00	1	14	-1.82867000e-05	-5.78821000e-07	1.50004000e+00	6.63513000e-07
1.20912908e+02	2026-08-11T16:32:34.684464	0.00000000e+00	1	14	-1.55210000e-05	-7.62630000e-07	1.60003000e+00	7.25546000e-07
1.20961542e+02	2026-08-11T16:32:34.735944	0.00000000e+00	1	14	-1.47104000e-05	-8.93638000e-07	1.70002000e+00	8.64191000e-07
1.21026101e+02	2026-08-11T16:32:34.795462	0.00000000e+00	1	14	--	--	1.80002000e+00	1.09885000e-04
1.21194856e+02	2026-08-11T16:32:34.966899	0.00000000e+00	1	14	--	--	1.90002000e+00	1.09885000e-04
1.21246135e+02	2026-08-11T16:32:35.019329	0.00000000e+00	1	14	--	--	2.00000000e+00	1.09886000e-04
1.21311586e+02	2026-08-11T16:32:35.082203	0.00000000e+00	1	14	--	--	2.10036000e+00	1.09886000e-04
1.21376707e+02	2026-08-11T16:32:35.146649	0.00000000e+00	1	14	--	--	2.20055000e+00	1.09886000e-04
1.21433527e+02	2026-08-11T16:32:35.204842	0.00000000e+00	1	14	--	--	2.30031000e+00	1.09885000e-04
1.21484008e+02	2026-08-11T16:32:35.258716	0.00000000e+00	1	14	--	--	2.40048000e+00	1.09886000e-04
1.21529638e+02	2026-08-11T16:32:35.290466	0.00000000e+00	1	14	--	--	2.50058000e+00	1.09888000e-04
1.21579298e+02	2026-08-11T16:32:35.353907	0.00000000e+00	1	14	--	--	2.60039000e+00	1.09887000e-04
1.21626958e+02	2026-08-11T16:32:35.401687	0.00000000e+00	1	14	--	--	2.70052000e+00	1.09887000e-04
1.21676701e+02	2026-08-11T16:32:35.449703	0.00000000e+00	1	14	--	--	2.80039000e+00	1.09887000e-04
1.21723501e+02	2026-08-11T16:32:35.497520	0.00000000e+00	1	14	--	--	2.90056000e+00	1.09887000e-04
1.21769336e+02	2026-08-11T16:32:35.542109	0.00000000e+00	1	14	--	--	3.00041000e+00	1.09886000e-04
1.21823957e+02	2026-08-11T16:32:35.592139	0.00000000e+00	1	14	--	--	3.10056000e+00	1.09885000e-04
1.21885103e+02	2026-08-11T16:32:35.655510	0.00000000e+00	1	14	--	--	3.20069000e+00	1.09886000e-04
1.21950144e+02	2026-08-11T16:32:35.719283	0.00000000e+00	1	14	--	--	3.30044000e+00	1.09888000e-04
1.22009071e+02	2026-08-11T16:32:35.783847	0.00000000e+00	1	14	--	--	3.40062000e+00	1.09888000e-04
1.22073139e+02	2026-08-11T16:32:35.847436	0.00000000e+00	1	14	--	--	3.50046000e+00	1.09887000e-04
1.22120088e+02	2026-08-11T16:32:35.895229	0.00000000e+00	1	14	--	--	3.60056000e+00	1.09889000e-04
1.22168978e+02	2026-08-11T16:32:35.943132	0.00000000e+00	1	14	--	--	3.70043000e+00	1.09888000e-04
1.22214667e+02	2026-08-11T16:32:35.985652	0.00000000e+00	1	14	--	--	3.80058000e+00	1.09890000e-04
1.22267703e+02	2026-08-11T16:32:36.038699	0.00000000e+00	1	14	--	--	3.90066000e+00	1.09889000e-04
1.22332769e+02	2026-08-11T16:32:36.102295	0.00000000e+00	1	14	--	--	4.00052000e+00	1.09889000e-04
1.22386946e+02	2026-08-11T16:32:36.150139	0.00000000e+00	1	14	--	--	4.00052000e+00	1.09889000e-04
1.22436555e+02	2026-08-11T16:32:36.208782	0.00000000e+00	1	14	--	--	3.90070000e+00	1.09889000e-04
1.22494249e+02	2026-08-11T16:32:36.262227	0.00000000e+00	1	14	--	--	3.80059000e+00	1.09889000e-04
1.22546319e+02	2026-08-11T16:32:36.320304	0.00000000e+00	1	14	--	--	3.70043000e+00	1.09888000e-04
1.22610365e+02	2026-08-11T16:32:36.373238	0.00000000e+00	1	14	--	--	3.60059000e+00	1.09889000e-04
1.22662900e+02	2026-08-11T16:32:36.436765	0.00000000e+00	1	14	--	--	3.50049000e+00	1.09888000e-04
1.22739319e+02	2026-08-11T16:32:36.500727	0.00000000e+00	1	14	--	--	3.40065000e+00	1.09888000e-04
1.22791482e+02	2026-08-11T16:32:36.565270	0.00000000e+00	1	14	--	--	3.30051000e+00	1.09887000e-04
1.22837019e+02	2026-08-11T16:32:36.596968	0.00000000e+00	1	14	--	--	3.20071000e+00	1.09888000e-04
1.22885536e+02	2026-08-11T16:32:36.660563	0.00000000e+00	1	14	--	--	3.10058000e+00	1.09885000e-04
1.22935156e+02	2026-08-11T16:32:36.708705	0.00000000e+00	1	14	--	--	3.00039000e+00	1.09887000e-04
1.22980533e+02	2026-08-11T16:32:36.740410	0.00000000e+00	1	14	--	--	2.90058000e+00	1.09888000e-04
1.23038823e+02	2026-08-11T16:32:36.804049	0.00000000e+00	1	14	--	--	2.80042000e+00	1.09887000e-04
1.23096292e+02	2026-08-11T16:32:36.867272	0.00000000e+00	1	14	--	--	2.70056000e+00	1.09887000e-04
1.23156055e+02	2026-08-11T16:32:36.930284	0.00000000e+00	1	14	--	--	2.60041000e+00	1.09887000e-04
1.23202644e+02	2026-08-11T16:32:36.962131	0.00000000e+00	1	14	--	--	2.50063000e+00	1.09887000e-04
1.23259739e+02	2026-08-11T16:32:37.026658	0.00000000e+00	1	14	--	--	2.40049000e+00	1.09887000e-04
1.23327958e+02	2026-08-11T16:32:37.100066	0.00000000e+00	1	14	--	--	2.30032000e+00	1.09886000e-04
1.23380745e+02	2026-08-11T16:32:37.153558	0.00000000e+00	1	14	--	--	2.20056000e+00	1.09886000e-04
1.23426034e+02	2026-08-11T16:32:37.185401	0.00000000e+00	1	14	--	--	2.10037000e+00	1.09885000e-04
1.23475132e+02	2026-08-11T16:32:37.250011	0.00000000e+00	1	14	--	--	2.00001000e+00	1.09885000e-04
1.23521247e+02	2026-08-11T16:32:37.280999	0.00000000e+00	1	14	--	--	1.90002000e+00	1.09886000e-04
1.23570751e+02	2026-08-11T16:32:37.344669	0.00000000e+00	1	14	--	--	1.80002000e+00	1.09886000e-04
1.23615962e+02	2026-08-11T16:32:37.376682	0.00000000e+00	1	14	--	--	1.70003000e+00	1.09887000e-04
1.23660852e+02	2026-08-11T16:32:37.434433	0.00000000e+00	1	14	--	--	1.60004000e+00	1.09886000e-04
1.23719240e+02	2026-08-11T16:32:37.487838	0.00000000e+00	1	14	--	--	1.50004000e+00	1.09885000e-04
1.23774496e+02	2026-08-11T16:32:37.545793	0.00000000e+00	1	14	--	--	1.40005000e+00	1.09886000e-04
1.23826200e+02	2026-08-11T16:32:37.599194	0.00000000e+00	1	14	--	--	1.30006000e+00	1.09886000e-04
1.23871007e+02	2026-08-11T16:32:37.631192	0.00000000e+00	1	14	--	--	1.20006000e+00	1.09886000e-04
1.23919582e+02	2026-08-11T16:32:37.694125	0.00000000e+00	1	14	--	--	1.10006000e+00	1.09886000e-04
1.23968038e+02	2026-08-11T16:32:37.741898	0.00000000e+00	1	14	--	--	1.00006000e+00	1.09886000e-04
1.24014904e+02	2026-08-11T16:32:37.788904	0.00000000e+00	1	14	--	--	9.00057000e-01	1.09886000e-04
1.24060586e+02	2026-08-11T16:32:37.820682	0.00000000e+00	1	14	--	--	8.00053000e-01	1.09886000e-04
1.24112114e+02	2026-08-11T16:32:37.883791	0.00000000e+00	1	14	--	--	7.00045000e-01	1.09887000e-04
1.24172680e+02	2026-08-11T16:32:37.947077	0.00000000e+00	1	14	--	--	6.00038000e-01	1.09887000e-04
1.24219208e+02	2026-08-11T16:32:37.979789	0.00000000e+00	1	14	1.61214000e-01	-1.09914000e-04	5.00031000e-01	1.09887000e-04
1.24268172e+02	2026-08-11T16:32:38.042062	0.00000000e+00	1	14	5.97953000e-02	-1.09914000e-04	4.00032000e-01	1.09888000e-04
1.24312445e+02	2026-08-11T16:32:38.073543	0.00000000e+00	1	14	-2.55108000e-05	-9.52834000e-05	3.00022000e-01	9.54370000e-05
1.24410062e+02	2026-08-11T16:32:38.184238	0.00000000e+00	1	14	-1.97411000e-05	-6.21789000e-05	2.00059000e-01	6.20557000e-05
1.24454999e+02	2026-08-11T16:32:38.220222	0.00000000e+00	1	14	-1.22070000e-05	-3.05976000e-05	1.00061000e-01	3.06240000e-05
1.24509045e+02	2026-08-11T16:32:38.279089	0.00000000e+00	1	14	-6.98566000e-06	-3.48085000e-08	5.35011000e-05	3.19401000e-08
1.28815024e+02	2026-08-11T16:32:42.581236	0.00000000e+00	1	15	-1.48296000e-05	-2.88963000e-11	6.07967000e-05	-3.84569000e-11
1.28873214e+02	2026-08-11T16:32:42.644828	0.00000000e+00	1	15	-1.11103000e-05	-4.23368000e-09	1.00064000e-01	5.23359000e-09
1.28917901e+02	2026-08-11T16:32:42.692595	0.00000000e+00	1	15	-1.15633000e-05	-8.62175000e-09	2.00061000e-01	8.89418000e-09
1.28982087e+02	2026-08-11T16:32:42.756836	0.00000000e+00	1	15	-9.01222000e-06	-2.14330000e-08	3.00029000e-01	2.44545000e-08
1.29046672e+02	2026-08-11T16:32:42.820809	0.00000000e+00	1	15	-1.38044000e-05	-2.99407000e-08	4.00034000e-01	2.92458000e-08
1.29108629e+02	2026-08-11T16:32:42.883186	0.00000000e+00	1	15	-8.70228000e-06	-3.82898000e-08	5.00032000e-01	3.82759000e-08
1.29172320e+02	2026-08-11T16:32:42.946953	0.00000000e+00	1	15	-5.76973000e-06	-4.41649000e-08	6.00032000e-01	4.94430000e-08
1.29236506e+02	2026-08-11T16:32:43.010645	0.00000000e+00	1	15	-9.01222000e-06	-1.86176000e-07	7.00047000e-01	1.58876000e-07
1.29331621e+02	2026-08-11T16:32:43.106805	0.00000000e+00	1	15	-1.39952000e-05	-1.46511000e-07	8.00057000e-01	1.83511000e-07
1.29396335e+02	2026-08-11T16:32:43.170351	0.00000000e+00	1	15	-1.38521000e-05	-2.09961000e-07	9.00059000e-01	2.07020000e-07
1.29458798e+02	2026-08-11T16:32:43.233382	0.00000000e+00	1	15	-1.48773000e-05	-3.00737000e-07	1.00006000e+00	3.20355000e-07
1.29522635e+02	2026-08-11T16:32:43.297257	0.00000000e+00	1	15	-1.48058000e-05	-5.37896000e-07	1.10006000e+00	4.56787000e-07
1.29587047e+02	2026-08-11T16:32:43.361176	0.00000000e+00	1	15	-1.37091000e-05	-4.43788000e-07	1.20006000e+00	4.73924000e-07
1.29650077e+02	2026-08-11T16:32:43.424607	0.00000000e+00	1	15	-1.23739000e-05	-6.06740000e-07	1.30006000e+00	6.69391000e-07
1.29714588e+02	2026-08-11T16:32:43.488498	0.00000000e+00	1	15	-1.28984000e-05	-7.35031000e-07	1.40005000e+00	2.83126000e-06
1.29780908e+02	2026-08-11T16:32:43.553265	0.00000000e+00	1	15	-1.28746000e-05	-2.41161000e-06	1.50004000e+00	3.26078000e-06
1.29846494e+02	2026-08-11T16:32:43.615601	0.00000000e+00	1	15	-1.18732000e-05	-3.70423000e-06	1.60003000e+00	3.29806000e-06
1.29905631e+02	2026-08-11T16:32:43.679948	0.00000000e+00	1	15	-1.58787000e-05	-4.36896000e-06	1.70003000e+00	3.58609000e-06
1.29969522e+02	2026-08-11T16:32:43.743514	0.00000000e+00	1	15	-3.88622000e-06	-7.68502000e-06	1.80002000e+00	7.67530000e-06
1.30023335e+02	2026-08-11T16:32:43.793251	0.00000000e+00	1	15	-1.18256000e-05	-5.80099000e-06	1.90001000e+00	7.00782000e-06
1.30081636e+02	2026-08-11T16:32:43.856370	0.00000000e+00	1	15	-1.83344000e-05	-7.47064000e-06	2.00001000e+00	6.17899000e-06
1.30150374e+02	2026-08-11T16:32:43.919617	0.00000000e+00	1	15	-1.23739000e-05	-6.95769000e-06	2.10016000e+00	7.95275000e-06
1.30209064e+02	2026-08-11T16:32:43.983249	0.00000000e+00	1	15	-9.91821000e-06	-7.73221000e-06	2.20047000e+00	8.11272000e-06
1.30272762e+02	2026-08-11T16:32:44.047336	0.00000000e+00	1	15	--	--	2.30034000e+00	1.09887000e-04
1.30399669e+02	2026-08-11T16:32:44.173442	0.00000000e+00	1	15	--	--	2.40055000e+00	1.09887000e-04
1.30462738e+02	2026-08-11T16:32:44.237322	0.00000000e+00	1	15	--	--	2.50063000e+00	1.09887000e-04
1.30527355e+02	2026-08-11T16:32:44.301147	0.00000000e+00	1	15	--	--	2.60043000e+00	1.09888000e-04
1.30590460e+02	2026-08-11T16:32:44.365017	0.00000000e+00	1	15	--	--	2.70056000e+00	1.09888000e-04
1.30654725e+02	2026-08-11T16:32:44.428674	0.00000000e+00	1	15	--	--	2.80040000e+00	1.09887000e-04
1.30718701e+02	2026-08-11T16:32:44.492825	0.00000000e+00	1	15	--	--	2.90058000e+00	1.09887000e-04
1.30782398e+02	2026-08-11T16:32:44.556735	0.00000000e+00	1	15	--	--	3.00040000e+00	1.09886000e-04
1.30846336e+02	2026-08-11T16:32:44.620665	0.00000000e+00	1	15	--	--	3.10060000e+00	1.09885000e-04
1.30893949e+02	2026-08-11T16:32:44.668805	0.00000000e+00	1	15	--	--	3.20072000e+00	1.09888000e-04
1.30951391e+02	2026-08-11T16:32:44.724584	0.00000000e+00	1	15	--	--	3.30048000e+00	1.09887000e-04
1.31005751e+02	2026-08-11T16:32:44.779962	0.00000000e+00	1	15	--	--	3.40063000e+00	1.09888000e-04
1.31051446e+02	2026-08-11T16:32:44.812856	0.00000000e+00	1	15	--	--	3.50053000e+00	1.09888000e-04
1.31102854e+02	2026-08-11T16:32:44.876848	0.00000000e+00	1	15	--	--	3.60063000e+00	1.09888000e-04
1.31167836e+02	2026-08-11T16:32:44.940228	0.00000000e+00	1	15	--	--	3.70055000e+00	1.09889000e-04
1.31232296e+02	2026-08-11T16:32:45.004379	0.00000000e+00	1	15	--	--	3.80063000e+00	1.09889000e-04
1.31295919e+02	2026-08-11T16:32:45.067878	0.00000000e+00	1	15	--	--	3.90072000e+00	1.09889000e-04
1.31358875e+02	2026-08-11T16:32:45.131241	0.00000000e+00	1	15	--	--	4.00057000e+00	1.09888000e-04
1.31412589e+02	2026-08-11T16:32:45.178778	0.00000000e+00	1	15	--	--	4.00058000e+00	1.09889000e-04
1.31467611e+02	2026-08-11T16:32:45.242165	0.00000000e+00	1	15	--	--	3.90074000e+00	1.09888000e-04
1.31524358e+02	2026-08-11T16:32:45.289725	0.00000000e+00	1	15	--	--	3.80064000e+00	1.09888000e-04
1.31588796e+02	2026-08-11T16:32:45.353629	0.00000000e+00	1	15	--	--	3.70051000e+00	1.09887000e-04
1.31644641e+02	2026-08-11T16:32:45.417294	0.00000000e+00	1	15	--	--	3.60067000e+00	1.09888000e-04
1.31691848e+02	2026-08-11T16:32:45.465062	0.00000000e+00	1	15	--	--	3.50054000e+00	1.09887000e-04
1.31749387e+02	2026-08-11T16:32:45.513307	0.00000000e+00	1	15	--	--	3.40067000e+00	1.09887000e-04
1.31806358e+02	2026-08-11T16:32:45.576738	0.00000000e+00	1	15	--	--	3.30050000e+00	1.09887000e-04
1.31874455e+02	2026-08-11T16:32:45.640750	0.00000000e+00	1	15	--	--	3.20072000e+00	1.09887000e-04
1.31937322e+02	2026-08-11T16:32:45.705470	0.00000000e+00	1	15	--	--	3.10059000e+00	1.09884000e-04
1.31995730e+02	2026-08-11T16:32:45.769155	0.00000000e+00	1	15	--	--	3.00040000e+00	1.09886000e-04
1.32040673e+02	2026-08-11T16:32:45.801201	0.00000000e+00	1	15	--	--	2.90061000e+00	1.09885000e-04
1.32090628e+02	2026-08-11T16:32:45.864250	0.00000000e+00	1	15	--	--	2.80042000e+00	1.09886000e-04
1.32137695e+02	2026-08-11T16:32:45.912122	0.00000000e+00	1	15	--	--	2.70060000e+00	1.09886000e-04
1.32191846e+02	2026-08-11T16:32:45.959969	0.00000000e+00	1	15	--	--	2.60046000e+00	1.09886000e-04
1.32237423e+02	2026-08-11T16:32:46.007917	0.00000000e+00	1	15	--	--	2.50067000e+00	1.09885000e-04
1.32297766e+02	2026-08-11T16:32:46.072113	0.00000000e+00	1	15	--	--	2.40058000e+00	1.09885000e-04
1.32361710e+02	2026-08-11T16:32:46.136279	0.00000000e+00	1	15	--	--	2.30039000e+00	1.09885000e-04
1.32425001e+02	2026-08-11T16:32:46.199388	0.00000000e+00	1	15	--	--	2.20058000e+00	1.09884000e-04
1.32489118e+02	2026-08-11T16:32:46.263625	0.00000000e+00	1	15	--	--	2.10039000e+00	1.09885000e-04
1.32553512e+02	2026-08-11T16:32:46.327443	0.00000000e+00	1	15	--	--	2.00002000e+00	1.09886000e-04
1.32618040e+02	2026-08-11T16:32:46.391816	0.00000000e+00	1	15	--	--	1.90003000e+00	1.09884000e-04
1.32682024e+02	2026-08-11T16:32:46.456077	0.00000000e+00	1	15	--	--	1.80003000e+00	1.09883000e-04
1.32729874e+02	2026-08-11T16:32:46.504569	0.00000000e+00	1	15	--	--	1.70004000e+00	1.09884000e-04
1.32787176e+02	2026-08-11T16:32:46.552802	0.00000000e+00	1	15	--	--	1.60005000e+00	1.09885000e-04
1.32842471e+02	2026-08-11T16:32:46.616361	0.00000000e+00	1	15	--	--	1.50005000e+00	1.09885000e-04
1.32888447e+02	2026-08-11T16:32:46.648048	0.00000000e+00	1	15	--	--	1.40006000e+00	1.09885000e-04
1.32945639e+02	2026-08-11T16:32:46.711200	0.00000000e+00	1	15	--	--	1.30006000e+00	1.09884000e-04
1.33003337e+02	2026-08-11T16:32:46.774682	0.00000000e+00	1	15	--	--	1.20007000e+00	1.09884000e-04
1.33067910e+02	2026-08-11T16:32:46.839073	0.00000000e+00	1	15	--	--	1.10006000e+00	1.09884000e-04
1.33133193e+02	2026-08-11T16:32:46.902377	0.00000000e+00	1	15	--	--	1.00007000e+00	1.09885000e-04
1.33191096e+02	2026-08-11T16:32:46.965923	0.00000000e+00	1	15	--	--	9.00062000e-01	1.09884000e-04
1.33249536e+02	2026-08-11T16:32:47.024214	0.00000000e+00	1	15	--	--	8.00060000e-01	1.09885000e-04
1.33312666e+02	2026-08-11T16:32:47.077617	0.00000000e+00	1	15	--	--	7.00048000e-01	1.09885000e-04
1.33366718e+02	2026-08-11T16:32:47.140864	0.00000000e+00	1	15	--	--	6.00042000e-01	1.09885000e-04
1.33411288e+02	2026-08-11T16:32:47.182992	0.00000000e+00	1	15	--	--	5.00037000e-01	1.09886000e-04
1.33470312e+02	2026-08-11T16:32:47.236023	0.00000000e+00	1	15	--	--	4.00034000e-01	1.09886000e-04
1.33528429e+02	2026-08-11T16:32:47.299432	0.00000000e+00	1	15	1.35940000e-01	-1.09912000e-04	3.00028000e-01	1.09886000e-04
1.33592448e+02	2026-08-11T16:32:47.363491	0.00000000e+00	1	15	3.59036000e-02	-1.09914000e-04	2.00061000e-01	1.09887000e-04
1.33653332e+02	2026-08-11T16:32:47.427121	0.00000000e+00	1	15	-2.33412000e-05	-6.53780000e-05	1.00063000e-01	6.53790000e-05
1.33749458e+02	2026-08-11T16:32:47.523436	0.00000000e+00	1	15	-6.46114000e-06	-7.46498000e-08	5.55754000e-05	6.98153000e-08
1.37896802e+02	2026-08-11T16:32:51.670746	0.00000000e+00	1	16	-1.77622000e-05	-1.43766000e-11	6.04153000e-05	-4.01139000e-11
1.37968710e+02	2026-08-11T16:32:51.742849	0.00000000e+00	1	16	-1.58548000e-05	-5.33308000e-09	1.00065000e-01	4.99673000e-09
1.38025976e+02	2026-08-11T16:32:51.796015	0.00000000e+00	1	16	-1.94788000e-05	-1.04808000e-08	2.00061000e-01	1.06877000e-08
1.38084615e+02	2026-08-11T16:32:51.859088	0.00000000e+00	1	16	-1.70708000e-05	-1.83685000e-08	3.00034000e-01	1.63780000e-08
1.38153529e+02	2026-08-11T16:32:51.922664	0.00000000e+00	1	16	-1.60217000e-05	-2.54740000e-08	4.00042000e-01	2.31820000e-08
1.38212415e+02	2026-08-11T16:32:51.986253	0.00000000e+00	1	16	-1.38283000e-05	-3.48346000e-08	5.00037000e-01	4.41779000e-08
1.38259488e+02	2026-08-11T16:32:52.033878	0.00000000e+00	1	16	-1.26600000e-05	-6.86491000e-08	6.00036000e-01	5.83654000e-08
1.38312012e+02	2026-08-11T16:32:52.084836	0.00000000e+00	1	16	-1.38760000e-05	-7.58664000e-08	7.00047000e-01	6.35987000e-08
1.38369185e+02	2026-08-11T16:32:52.143681	0.00000000e+00	1	16	-1.02282000e-05	-9.31855000e-08	8.00056000e-01	1.25983000e-07
1.38434163e+02	2026-08-11T16:32:52.206672	0.00000000e+00	1	16	-1.72377000e-05	-1.69408000e-07	9.00059000e-01	1.84104000e-07
1.38506496e+02	2026-08-11T16:32:52.270054	0.00000000e+00	1	16	-2.01941000e-05	-1.30068000e-07	1.00006000e+00	1.28176000e-07
1.38551605e+02	2026-08-11T16:32:52.319292	0.00000000e+00	1	16	1.93469000e-01	-8.93633000e-07	1.10006000e+00	1.09885000e-04
1.38669770e+02	2026-08-11T16:32:52.444201	0.00000000e+00	1	16	1.49965000e-04	-3.08490000e-07	1.20006000e+00	7.47479000e-07
1.38774859e+02	2026-08-11T16:32:52.548921	0.00000000e+00	1	16	-2.04563000e-05	-8.97537000e-07	1.30006000e+00	5.43330000e-07
1.38839251e+02	2026-08-11T16:32:52.603081	0.00000000e+00	1	16	-2.17676000e-05	-6.13140000e-07	1.40006000e+00	5.87851000e-07
1.38892445e+02	2026-08-11T16:32:52.666256	0.00000000e+00	1	16	-1.97411000e-05	-6.63438000e-07	1.50005000e+00	6.45731000e-07
1.38938897e+02	2026-08-11T16:32:52.713380	0.00000000e+00	1	16	-1.71423000e-05	-8.66804000e-07	1.60004000e+00	1.09883000e-04
1.39050607e+02	2026-08-11T16:32:52.824787	0.00000000e+00	1	16	--	--	1.70004000e+00	1.09884000e-04
1.39155366e+02	2026-08-11T16:32:52.930227	0.00000000e+00	1	16	--	--	1.80003000e+00	1.09884000e-04
1.39199408e+02	2026-08-11T16:32:52.970687	0.00000000e+00	1	16	--	--	1.90002000e+00	1.09884000e-04
1.39248656e+02	2026-08-11T16:32:53.017672	0.00000000e+00	1	16	--	--	2.00001000e+00	1.09885000e-04
1.39307866e+02	2026-08-11T16:32:53.078537	0.00000000e+00	1	16	--	--	2.10038000e+00	1.09886000e-04
1.39351716e+02	2026-08-11T16:32:53.126622	0.00000000e+00	1	16	--	--	2.20059000e+00	1.09885000e-04
1.39399574e+02	2026-08-11T16:32:53.174227	0.00000000e+00	1	16	--	--	2.30033000e+00	1.09885000e-04
1.39463437e+02	2026-08-11T16:32:53.237933	0.00000000e+00	1	16	--	--	2.40050000e+00	1.09886000e-04
1.39517858e+02	2026-08-11T16:32:53.291226	0.00000000e+00	1	16	--	--	2.50060000e+00	1.09887000e-04
1.39574262e+02	2026-08-11T16:32:53.348450	0.00000000e+00	1	16	--	--	2.60043000e+00	1.09886000e-04
1.39631566e+02	2026-08-11T16:32:53.401120	0.00000000e+00	1	16	--	--	2.70058000e+00	1.09887000e-04
1.39676138e+02	2026-08-11T16:32:53.450891	0.00000000e+00	1	16	--	--	2.80040000e+00	1.09888000e-04
1.39722367e+02	2026-08-11T16:32:53.496038	0.00000000e+00	1	16	--	--	2.90058000e+00	1.09887000e-04
1.39780036e+02	2026-08-11T16:32:53.554727	0.00000000e+00	1	16	--	--	3.00040000e+00	1.09888000e-04
1.39827246e+02	2026-08-11T16:32:53.597234	0.00000000e+00	1	16	--	--	3.10061000e+00	1.09885000e-04
1.39885087e+02	2026-08-11T16:32:53.660131	0.00000000e+00	1	16	--	--	3.20071000e+00	1.09888000e-04
1.39933245e+02	2026-08-11T16:32:53.708072	0.00000000e+00	1	16	--	--	3.30053000e+00	1.09888000e-04
1.39978084e+02	2026-08-11T16:32:53.753214	0.00000000e+00	1	16	--	--	3.40065000e+00	1.09888000e-04
1.40025486e+02	2026-08-11T16:32:53.799079	0.00000000e+00	1	16	--	--	3.50053000e+00	1.09888000e-04
1.40083947e+02	2026-08-11T16:32:53.858295	0.00000000e+00	1	16	--	--	3.60060000e+00	1.09888000e-04
1.40147105e+02	2026-08-11T16:32:53.918059	0.00000000e+00	1	16	--	--	3.70049000e+00	1.09888000e-04
1.40206872e+02	2026-08-11T16:32:53.981260	0.00000000e+00	1	16	--	--	3.80056000e+00	1.09888000e-04
1.40251641e+02	2026-08-11T16:32:54.024167	0.00000000e+00	1	16	--	--	3.90070000e+00	1.09889000e-04
1.40295826e+02	2026-08-11T16:32:54.064648	0.00000000e+00	1	16	--	--	4.00052000e+00	1.09889000e-04
1.40353601e+02	2026-08-11T16:32:54.123919	0.00000000e+00	1	16	--	--	4.00055000e+00	1.09888000e-04
1.40405086e+02	2026-08-11T16:32:54.179726	0.00000000e+00	1	16	--	--	3.90069000e+00	1.09888000e-04
1.40454442e+02	2026-08-11T16:32:54.229372	0.00000000e+00	1	16	--	--	3.80061000e+00	1.09888000e-04
1.40498373e+02	2026-08-11T16:32:54.272884	0.00000000e+00	1	16	--	--	3.70049000e+00	1.09888000e-04
1.40546151e+02	2026-08-11T16:32:54.320616	0.00000000e+00	1	16	--	--	3.60060000e+00	1.09889000e-04
1.40591171e+02	2026-08-11T16:32:54.365627	0.00000000e+00	1	16	--	--	3.50052000e+00	1.09888000e-04
1.40654700e+02	2026-08-11T16:32:54.429192	0.00000000e+00	1	16	--	--	3.40064000e+00	1.09888000e-04
1.40705946e+02	2026-08-11T16:32:54.480176	0.00000000e+00	1	16	--	--	3.30048000e+00	1.09888000e-04
1.40749908e+02	2026-08-11T16:32:54.524600	0.00000000e+00	1	16	--	--	3.20071000e+00	1.09888000e-04
1.40797196e+02	2026-08-11T16:32:54.572217	0.00000000e+00	1	16	--	--	3.10061000e+00	1.09885000e-04
1.40845372e+02	2026-08-11T16:32:54.620466	0.00000000e+00	1	16	--	--	3.00042000e+00	1.09887000e-04
1.40892334e+02	2026-08-11T16:32:54.667005	0.00000000e+00	1	16	--	--	2.90057000e+00	1.09887000e-04
1.40936618e+02	2026-08-11T16:32:54.711048	0.00000000e+00	1	16	--	--	2.80041000e+00	1.09887000e-04
1.40984077e+02	2026-08-11T16:32:54.746231	0.00000000e+00	1	16	--	--	2.70057000e+00	1.09887000e-04
1.41037266e+02	2026-08-11T16:32:54.807683	0.00000000e+00	1	16	--	--	2.60040000e+00	1.09887000e-04
1.41099371e+02	2026-08-11T16:32:54.871887	0.00000000e+00	1	16	--	--	2.50063000e+00	1.09886000e-04
1.41152468e+02	2026-08-11T16:32:54.920830	0.00000000e+00	1	16	--	--	2.40053000e+00	1.09886000e-04
1.41200896e+02	2026-08-11T16:32:54.969040	0.00000000e+00	1	16	--	--	2.30033000e+00	1.09886000e-04
1.41260782e+02	2026-08-11T16:32:55.035463	0.00000000e+00	1	16	--	--	2.20056000e+00	1.09885000e-04
1.41317993e+02	2026-08-11T16:32:55.092626	0.00000000e+00	1	16	--	--	2.10036000e+00	1.09886000e-04
1.41361798e+02	2026-08-11T16:32:55.135125	0.00000000e+00	1	16	--	--	2.00001000e+00	1.09885000e-04
1.41413401e+02	2026-08-11T16:32:55.187665	0.00000000e+00	1	16	--	--	1.90002000e+00	1.09886000e-04
1.41466411e+02	2026-08-11T16:32:55.235900	0.00000000e+00	1	16	--	--	1.80002000e+00	1.09885000e-04
1.41523351e+02	2026-08-11T16:32:55.293076	0.00000000e+00	1	16	--	--	1.70003000e+00	1.09885000e-04
1.41574555e+02	2026-08-11T16:32:55.346205	0.00000000e+00	1	16	--	--	1.60004000e+00	1.09885000e-04
1.41619731e+02	2026-08-11T16:32:55.393512	0.00000000e+00	1	16	--	--	1.50004000e+00	1.09884000e-04
1.41682514e+02	2026-08-11T16:32:55.456655	0.00000000e+00	1	16	--	--	1.40005000e+00	1.09885000e-04
1.41732962e+02	2026-08-11T16:32:55.504178	0.00000000e+00	1	16	--	--	1.30006000e+00	1.09884000e-04
1.41785063e+02	2026-08-11T16:32:55.552081	0.00000000e+00	1	16	--	--	1.20006000e+00	1.09885000e-04
1.41842923e+02	2026-08-11T16:32:55.615326	0.00000000e+00	1	16	--	--	1.10006000e+00	1.09885000e-04
1.41888695e+02	2026-08-11T16:32:55.663104	0.00000000e+00	1	16	--	--	1.00006000e+00	1.09885000e-04
1.41936624e+02	2026-08-11T16:32:55.710925	0.00000000e+00	1	16	--	--	9.00060000e-01	1.09884000e-04
1.41999604e+02	2026-08-11T16:32:55.774162	0.00000000e+00	1	16	--	--	8.00059000e-01	1.09884000e-04
1.42063406e+02	2026-08-11T16:32:55.837518	0.00000000e+00	1	16	--	--	7.00051000e-01	1.09885000e-04
1.42127392e+02	2026-08-11T16:32:55.901510	0.00000000e+00	1	16	--	--	6.00040000e-01	1.09886000e-04
1.42190769e+02	2026-08-11T16:32:55.964962	0.00000000e+00	1	16	1.19087000e-01	-1.09913000e-04	5.00042000e-01	1.09886000e-04
1.42238204e+02	2026-08-11T16:32:56.012749	0.00000000e+00	1	16	1.87340000e-02	-1.09914000e-04	4.00043000e-01	1.09887000e-04
1.42294475e+02	2026-08-11T16:32:56.061369	0.00000000e+00	1	16	-1.93119000e-05	-7.96867000e-05	3.00029000e-01	7.93696000e-05
1.42381301e+02	2026-08-11T16:32:56.155918	0.00000000e+00	1	16	-1.39236000e-05	-4.84884000e-05	2.00065000e-01	4.85461000e-05
1.42425379e+02	2026-08-11T16:32:56.187480	0.00000000e+00	1	16	-8.65459000e-06	-2.26854000e-05	1.00070000e-01	2.26337000e-05
1.42483976e+02	2026-08-11T16:32:56.252559	0.00000000e+00	1	16	-3.69549000e-06	-2.66296000e-08	6.30856000e-05	2.51240000e-08
1.46580188e+02	2026-08-11T16:33:00.350695	0.00000000e+00	1	17	-1.11580000e-05	-3.28660000e-11	6.50883000e-05	-3.83616000e-11
1.46636700e+02	2026-08-11T16:33:00.409991	0.00000000e+00	1	17	-1.15395000e-05	-4.43864000e-09	1.00070000e-01	5.48763000e-09
1.46683345e+02	2026-08-11T16:33:00.458158	0.00000000e+00	1	17	-1.18971000e-05	-9.74507000e-09	2.00064000e-01	1.07077000e-08
1.46742728e+02	2026-08-11T16:33:00.515272	0.00000000e+00	1	17	-1.13010000e-05	-1.62559000e-08	3.00035000e-01	1.65260000e-08
1.46795121e+02	2026-08-11T16:33:00.567708	0.00000000e+00	1	17	-9.10759000e-06	-3.02793000e-08	4.00044000e-01	3.00133000e-08
1.46859478e+02	2026-08-11T16:33:00.627635	0.00000000e+00	1	17	1.53542000e-05	-4.74241000e-08	5.00042000e-01	2.11633000e-07
1.46925591e+02	2026-08-11T16:33:00.691552	0.00000000e+00	1	17	-1.15633000e-05	-4.10441000e-07	6.00049000e-01	3.98834000e-07
1.46992282e+02	2026-08-11T16:33:00.755028	0.00000000e+00	1	17	-1.79052000e-05	-4.88945000e-07	7.00059000e-01	5.51667000e-07
1.47044837e+02	2026-08-11T16:33:00.819180	0.00000000e+00	1	17	-1.36375000e-05	-9.63760000e-07	8.00062000e-01	9.16700000e-07
1.47108288e+02	2026-08-11T16:33:00.882371	0.00000000e+00	1	17	-1.48296000e-05	-8.02319000e-07	9.00070000e-01	2.16674000e-06
1.47174266e+02	2026-08-11T16:33:00.946373	0.00000000e+00	1	17	-1.25408000e-05	-1.96448000e-06	1.00007000e+00	1.93812000e-06
1.47245243e+02	2026-08-11T16:33:01.020412	0.00000000e+00	1	17	-9.63211000e-06	-2.13732000e-06	1.10007000e+00	2.09555000e-06
1.47298949e+02	2026-08-11T16:33:01.073649	0.00000000e+00	1	17	-1.25170000e-05	-2.39951000e-06	1.20007000e+00	2.33930000e-06
1.47362616e+02	2026-08-11T16:33:01.137196	0.00000000e+00	1	17	--	--	1.30007000e+00	1.09885000e-04
1.47498251e+02	2026-08-11T16:33:01.264373	0.00000000e+00	1	17	--	--	1.40007000e+00	1.09885000e-04
1.47563521e+02	2026-08-11T16:33:01.328528	0.00000000e+00	1	17	--	--	1.50005000e+00	1.09885000e-04
1.47617238e+02	2026-08-11T16:33:01.391969	0.00000000e+00	1	17	--	--	1.60005000e+00	1.09886000e-04
1.47663563e+02	2026-08-11T16:33:01.423663	0.00000000e+00	1	17	--	--	1.70004000e+00	1.09886000e-04
1.47715671e+02	2026-08-11T16:33:01.487148	0.00000000e+00	1	17	--	--	1.80003000e+00	1.09886000e-04
1.47779082e+02	2026-08-11T16:33:01.554084	0.00000000e+00	1	17	--	--	1.90003000e+00	1.09886000e-04
1.47845167e+02	2026-08-11T16:33:01.614959	0.00000000e+00	1	17	--	--	2.00002000e+00	1.09886000e-04
1.47904714e+02	2026-08-11T16:33:01.678682	0.00000000e+00	1	17	--	--	2.10045000e+00	1.09887000e-04
1.47951034e+02	2026-08-11T16:33:01.711057	0.00000000e+00	1	17	--	--	2.20062000e+00	1.09886000e-04
1.48001907e+02	2026-08-11T16:33:01.774707	0.00000000e+00	1	17	--	--	2.30038000e+00	1.09886000e-04
1.48064479e+02	2026-08-11T16:33:01.838589	0.00000000e+00	1	17	--	--	2.40056000e+00	1.09887000e-04
1.48112492e+02	2026-08-11T16:33:01.886876	0.00000000e+00	1	17	--	--	2.50069000e+00	1.09887000e-04
1.48162560e+02	2026-08-11T16:33:01.935015	0.00000000e+00	1	17	--	--	2.60051000e+00	1.09887000e-04
1.48233786e+02	2026-08-11T16:33:01.998892	0.00000000e+00	1	17	--	--	2.70064000e+00	1.09888000e-04
1.48288784e+02	2026-08-11T16:33:02.063772	0.00000000e+00	1	17	--	--	2.80049000e+00	1.09887000e-04
1.48352504e+02	2026-08-11T16:33:02.126586	0.00000000e+00	1	17	--	--	2.90066000e+00	1.09887000e-04
1.48401535e+02	2026-08-11T16:33:02.175044	0.00000000e+00	1	17	--	--	3.00049000e+00	1.09887000e-04
1.48464758e+02	2026-08-11T16:33:02.238006	0.00000000e+00	1	17	--	--	3.10065000e+00	1.09885000e-04
1.48516773e+02	2026-08-11T16:33:02.287976	0.00000000e+00	1	17	--	--	3.20077000e+00	1.09888000e-04
1.48577817e+02	2026-08-11T16:33:02.351614	0.00000000e+00	1	17	--	--	3.30056000e+00	1.09888000e-04
1.48622158e+02	2026-08-11T16:33:02.397212	0.00000000e+00	1	17	--	--	3.40073000e+00	1.09888000e-04
1.48673975e+02	2026-08-11T16:33:02.445212	0.00000000e+00	1	17	--	--	3.50060000e+00	1.09888000e-04
1.48728414e+02	2026-08-11T16:33:02.499331	0.00000000e+00	1	17	--	--	3.60071000e+00	1.09888000e-04
1.48773146e+02	2026-08-11T16:33:02.541389	0.00000000e+00	1	17	--	--	3.70056000e+00	1.09888000e-04
1.48831660e+02	2026-08-11T16:33:02.604892	0.00000000e+00	1	17	--	--	3.80071000e+00	1.09888000e-04
1.48877913e+02	2026-08-11T16:33:02.652677	0.00000000e+00	1	17	--	--	3.90077000e+00	1.09888000e-04
1.48924065e+02	2026-08-11T16:33:02.695253	0.00000000e+00	1	17	--	--	4.00064000e+00	1.09888000e-04
1.48979821e+02	2026-08-11T16:33:02.748419	0.00000000e+00	1	17	--	--	4.00064000e+00	1.09888000e-04
1.49038808e+02	2026-08-11T16:33:02.812580	0.00000000e+00	1	17	--	--	3.90082000e+00	1.09888000e-04
1.49108874e+02	2026-08-11T16:33:02.882589	0.00000000e+00	1	17	--	--	3.80068000e+00	1.09887000e-04
1.49166847e+02	2026-08-11T16:33:02.940433	0.00000000e+00	1	17	--	--	3.70053000e+00	1.09887000e-04
1.49221072e+02	2026-08-11T16:33:02.992936	0.00000000e+00	1	17	--	--	3.60072000e+00	1.09886000e-04
1.49281170e+02	2026-08-11T16:33:03.052320	0.00000000e+00	1	17	--	--	3.50060000e+00	1.09887000e-04
1.49344726e+02	2026-08-11T16:33:03.116254	0.00000000e+00	1	17	--	--	3.40073000e+00	1.09885000e-04
1.49405940e+02	2026-08-11T16:33:03.180620	0.00000000e+00	1	17	--	--	3.30060000e+00	1.09886000e-04
1.49450353e+02	2026-08-11T16:33:03.222076	0.00000000e+00	1	17	--	--	3.20081000e+00	1.09886000e-04
1.49506119e+02	2026-08-11T16:33:03.280865	0.00000000e+00	1	17	--	--	3.10071000e+00	1.09883000e-04
1.49565189e+02	2026-08-11T16:33:03.337790	0.00000000e+00	1	17	--	--	3.00050000e+00	1.09885000e-04
1.49610715e+02	2026-08-11T16:33:03.385654	0.00000000e+00	1	17	--	--	2.90064000e+00	1.09886000e-04
1.49654917e+02	2026-08-11T16:33:03.423588	0.00000000e+00	1	17	--	--	2.80048000e+00	1.09886000e-04
1.49701997e+02	2026-08-11T16:33:03.475034	0.00000000e+00	1	17	--	--	2.70063000e+00	1.09886000e-04
1.49754240e+02	2026-08-11T16:33:03.528414	0.00000000e+00	1	17	--	--	2.60047000e+00	1.09886000e-04
1.49810255e+02	2026-08-11T16:33:03.580544	0.00000000e+00	1	17	--	--	2.50068000e+00	1.09886000e-04
1.49866608e+02	2026-08-11T16:33:03.640372	0.00000000e+00	1	17	--	--	2.40058000e+00	1.09886000e-04
1.49921260e+02	2026-08-11T16:33:03.688770	0.00000000e+00	1	17	--	--	2.30040000e+00	1.09886000e-04
1.49978527e+02	2026-08-11T16:33:03.752538	0.00000000e+00	1	17	--	--	2.20059000e+00	1.09885000e-04
1.50052610e+02	2026-08-11T16:33:03.825015	0.00000000e+00	1	17	--	--	2.10036000e+00	1.09885000e-04
1.50105083e+02	2026-08-11T16:33:03.879006	0.00000000e+00	1	17	--	--	2.00001000e+00	1.09885000e-04
1.50168688e+02	2026-08-11T16:33:03.942575	0.00000000e+00	1	17	--	--	1.90002000e+00	1.09885000e-04
1.50232388e+02	2026-08-11T16:33:04.006294	0.00000000e+00	1	17	--	--	1.80003000e+00	1.09884000e-04
1.50287269e+02	2026-08-11T16:33:04.056360	0.00000000e+00	1	17	--	--	1.70004000e+00	1.09883000e-04
1.50342755e+02	2026-08-11T16:33:04.117493	0.00000000e+00	1	17	--	--	1.60005000e+00	1.09885000e-04
1.50400244e+02	2026-08-11T16:33:04.166060	0.00000000e+00	1	17	--	--	1.50005000e+00	1.09885000e-04
1.50455408e+02	2026-08-11T16:33:04.230109	0.00000000e+00	1	17	--	--	1.40005000e+00	1.09884000e-04
1.50500713e+02	2026-08-11T16:33:04.261327	0.00000000e+00	1	17	--	--	1.30006000e+00	1.09884000e-04
1.50557876e+02	2026-08-11T16:33:04.330911	0.00000000e+00	1	17	--	--	1.20006000e+00	1.09884000e-04
1.50616614e+02	2026-08-11T16:33:04.391226	0.00000000e+00	1	17	--	--	1.10006000e+00	1.09885000e-04
1.50666492e+02	2026-08-11T16:33:04.438567	0.00000000e+00	1	17	--	--	1.00006000e+00	1.09885000e-04
1.50727489e+02	2026-08-11T16:33:04.499405	0.00000000e+00	1	17	--	--	9.00058000e-01	1.09885000e-04
1.50792669e+02	2026-08-11T16:33:04.563175	0.00000000e+00	1	17	--	--	8.00056000e-01	1.09886000e-04
1.50856205e+02	2026-08-11T16:33:04.627018	0.00000000e+00	1	17	--	--	7.00046000e-01	1.09885000e-04
1.50917663e+02	2026-08-11T16:33:04.690856	0.00000000e+00	1	17	--	--	6.00032000e-01	1.09886000e-04
1.50962703e+02	2026-08-11T16:33:04.722944	0.00000000e+00	1	17	1.62002000e-01	-1.09913000e-04	5.00029000e-01	1.09886000e-04
1.51011965e+02	2026-08-11T16:33:04.786628	0.00000000e+00	1	17	6.20070000e-02	-1.09915000e-04	4.00034000e-01	1.09887000e-04
1.51059216e+02	2026-08-11T16:33:04.818833	0.00000000e+00	1	17	-1.70469000e-05	-9.21755000e-05	3.00021000e-01	9.20898000e-05
1.51144694e+02	2026-08-11T16:33:04.915100	0.00000000e+00	1	17	-1.21355000e-05	-5.34422000e-05	2.00056000e-01	5.34192000e-05
1.51203991e+02	2026-08-11T16:33:04.978519	0.00000000e+00	1	17	-5.24521000e-06	-2.41190000e-05	1.00060000e-01	2.40669000e-05
1.51267951e+02	2026-08-11T16:33:05.042019	0.00000000e+00	1	17	-9.53674000e-08	-2.35632000e-08	5.21898000e-05	2.28822000e-08
1.55526499e+02	2026-08-11T16:33:09.293516	0.00000000e+00	1	18	-1.15871000e-05	-1.95026000e-11	6.06298000e-05	-3.39866000e-11
1.55588014e+02	2026-08-11T16:33:09.356612	0.00000000e+00	1	18	-9.27448000e-06	-6.88102000e-09	1.00065000e-01	6.79940000e-09
1.55647580e+02	2026-08-11T16:33:09.419867	0.00000000e+00	1	18	-8.44002000e-06	-1.49679000e-08	2.00063000e-01	1.35181000e-08
1.55712547e+02	2026-08-11T16:33:09.485104	0.00000000e+00	1	18	-8.58307000e-06	-2.16021000e-08	3.00026000e-01	1.94257000e-08
1.55778226e+02	2026-08-11T16:33:09.547331	0.00000000e+00	1	18	-6.69956000e-06	-3.64164000e-08	4.00037000e-01	3.44131000e-08
1.55842336e+02	2026-08-11T16:33:09.611043	0.00000000e+00	1	18	-7.62939000e-07	-5.74135000e-08	5.00034000e-01	6.26921000e-08
1.55906841e+02	2026-08-11T16:33:09.675046	0.00000000e+00	1	18	-4.24385000e-06	-9.71378000e-08	6.00041000e-01	8.80839000e-08
1.55971713e+02	2026-08-11T16:33:09.739109	0.00000000e+00	1	18	-4.81606000e-06	-1.24608000e-07	7.00048000e-01	1.31841000e-07
1.56068213e+02	2026-08-11T16:33:09.835946	0.00000000e+00	1	18	-7.79629000e-06	-1.84772000e-07	8.00058000e-01	1.90129000e-07
1.56136714e+02	2026-08-11T16:33:09.897343	0.00000000e+00	1	18	-9.44138000e-06	-5.44532000e-07	9.00060000e-01	4.37691000e-07
1.56181057e+02	2026-08-11T16:33:09.945223	0.00000000e+00	1	18	-8.53538000e-06	-6.93809000e-07	1.00006000e+00	5.46718000e-07
1.56234443e+02	2026-08-11T16:33:10.008678	0.00000000e+00	1	18	-7.41482000e-06	-5.79214000e-07	1.10006000e+00	1.17461000e-06
1.56300037e+02	2026-08-11T16:33:10.072176	0.00000000e+00	1	18	-1.14441000e-05	-1.48986000e-06	1.20006000e+00	1.32440000e-06
1.56366086e+02	2026-08-11T16:33:10.137017	0.00000000e+00	1	18	-1.10865000e-05	-1.07951000e-06	1.30006000e+00	1.20975000e-06
1.56456794e+02	2026-08-11T16:33:10.231394	0.00000000e+00	1	18	-1.46389000e-05	-1.33626000e-06	1.40005000e+00	1.16096000e-06
1.56520848e+02	2026-08-11T16:33:10.294986	0.00000000e+00	1	18	-1.23739000e-05	-1.22477000e-06	1.50005000e+00	1.35571000e-06
1.56573837e+02	2026-08-11T16:33:10.344668	0.00000000e+00	1	18	-1.10626000e-05	-1.33952000e-06	1.60005000e+00	1.08617000e-06
1.56639819e+02	2026-08-11T16:33:10.413085	0.00000000e+00	1	18	-1.47104000e-05	-2.06809000e-06	1.70004000e+00	2.12897000e-06
1.56686498e+02	2026-08-11T16:33:10.459163	0.00000000e+00	1	18	--	--	1.80003000e+00	1.09890000e-04
1.56775552e+02	2026-08-11T16:33:10.550564	0.00000000e+00	1	18	--	--	1.90003000e+00	1.09887000e-04
1.56861820e+02	2026-08-11T16:33:10.629167	0.00000000e+00	1	18	--	--	2.00001000e+00	1.09887000e-04
1.56917876e+02	2026-08-11T16:33:10.692566	0.00000000e+00	1	18	--	--	2.10038000e+00	1.09887000e-04
1.56974558e+02	2026-08-11T16:33:10.744532	0.00000000e+00	1	18	--	--	2.20057000e+00	1.09888000e-04
1.57034248e+02	2026-08-11T16:33:10.803915	0.00000000e+00	1	18	--	--	2.30036000e+00	1.09889000e-04
1.57100543e+02	2026-08-11T16:33:10.867332	0.00000000e+00	1	18	--	--	2.40056000e+00	1.09889000e-04
1.57151404e+02	2026-08-11T16:33:10.925886	0.00000000e+00	1	18	--	--	2.50067000e+00	1.09888000e-04
1.57196121e+02	2026-08-11T16:33:10.970890	0.00000000e+00	1	18	--	--	2.60042000e+00	1.09889000e-04
1.57241783e+02	2026-08-11T16:33:11.016256	0.00000000e+00	1	18	--	--	2.70060000e+00	1.09890000e-04
1.57287076e+02	2026-08-11T16:33:11.061701	0.00000000e+00	1	18	--	--	2.80045000e+00	1.09890000e-04
1.57332430e+02	2026-08-11T16:33:11.106670	0.00000000e+00	1	18	--	--	2.90060000e+00	1.09888000e-04
1.57383789e+02	2026-08-11T16:33:11.158002	0.00000000e+00	1	18	--	--	3.00045000e+00	1.09889000e-04
1.57427794e+02	2026-08-11T16:33:11.202627	0.00000000e+00	1	18	--	--	3.10062000e+00	1.09887000e-04
1.57474434e+02	2026-08-11T16:33:11.248868	0.00000000e+00	1	18	--	--	3.20072000e+00	1.09890000e-04
1.57519654e+02	2026-08-11T16:33:11.294434	0.00000000e+00	1	18	--	--	3.30051000e+00	1.09890000e-04
1.57568481e+02	2026-08-11T16:33:11.343212	0.00000000e+00	1	18	--	--	3.40066000e+00	1.09890000e-04
1.57619371e+02	2026-08-11T16:33:11.393684	0.00000000e+00	1	18	--	--	3.50055000e+00	1.09891000e-04
1.57664124e+02	2026-08-11T16:33:11.438661	0.00000000e+00	1	18	--	--	3.60065000e+00	1.09891000e-04
1.57719957e+02	2026-08-11T16:33:11.494712	0.00000000e+00	1	18	--	--	3.70048000e+00	1.09891000e-04
1.57764499e+02	2026-08-11T16:33:11.539091	0.00000000e+00	1	18	--	--	3.80065000e+00	1.09890000e-04
1.57821188e+02	2026-08-11T16:33:11.595659	0.00000000e+00	1	18	--	--	3.90075000e+00	1.09891000e-04
1.57880307e+02	2026-08-11T16:33:11.655219	0.00000000e+00	1	18	--	--	4.00060000e+00	1.09891000e-04
1.57923574e+02	2026-08-11T16:33:11.698597	0.00000000e+00	1	18	--	--	4.00060000e+00	1.09891000e-04
1.57983978e+02	2026-08-11T16:33:11.758403	0.00000000e+00	1	18	--	--	3.90076000e+00	1.09891000e-04
1.58039211e+02	2026-08-11T16:33:11.814094	0.00000000e+00	1	18	--	--	3.80064000e+00	1.09889000e-04
1.58087974e+02	2026-08-11T16:33:11.862126	0.00000000e+00	1	18	--	--	3.70055000e+00	1.09889000e-04
1.58133733e+02	2026-08-11T16:33:11.908554	0.00000000e+00	1	18	--	--	3.60065000e+00	1.09890000e-04
1.58187698e+02	2026-08-11T16:33:11.961832	0.00000000e+00	1	18	--	--	3.50057000e+00	1.09889000e-04
1.58235205e+02	2026-08-11T16:33:12.009384	0.00000000e+00	1	18	--	--	3.40069000e+00	1.09889000e-04
1.58279973e+02	2026-08-11T16:33:12.041094	0.00000000e+00	1	18	--	--	3.30055000e+00	1.09889000e-04
1.58337814e+02	2026-08-11T16:33:12.104859	0.00000000e+00	1	18	--	--	3.20076000e+00	1.09889000e-04
1.58397659e+02	2026-08-11T16:33:12.168273	0.00000000e+00	1	18	--	--	3.10065000e+00	1.09886000e-04
1.58452343e+02	2026-08-11T16:33:12.221613	0.00000000e+00	1	18	--	--	3.00045000e+00	1.09889000e-04
1.58497546e+02	2026-08-11T16:33:12.270900	0.00000000e+00	1	18	--	--	2.90064000e+00	1.09888000e-04
1.58552611e+02	2026-08-11T16:33:12.326504	0.00000000e+00	1	18	--	--	2.80046000e+00	1.09888000e-04
1.58615449e+02	2026-08-11T16:33:12.390627	0.00000000e+00	1	18	--	--	2.70064000e+00	1.09889000e-04
1.58679203e+02	2026-08-11T16:33:12.453572	0.00000000e+00	1	18	--	--	2.60047000e+00	1.09890000e-04
1.58731271e+02	2026-08-11T16:33:12.501314	0.00000000e+00	1	18	--	--	2.50064000e+00	1.09889000e-04
1.58792176e+02	2026-08-11T16:33:12.565344	0.00000000e+00	1	18	--	--	2.40053000e+00	1.09887000e-04
1.58860451e+02	2026-08-11T16:33:12.628967	0.00000000e+00	1	18	--	--	2.30036000e+00	1.09888000e-04
1.58909049e+02	2026-08-11T16:33:12.678479	0.00000000e+00	1	18	--	--	2.20058000e+00	1.09888000e-04
1.58954930e+02	2026-08-11T16:33:12.727947	0.00000000e+00	1	18	--	--	2.10037000e+00	1.09888000e-04
1.59016577e+02	2026-08-11T16:33:12.788083	0.00000000e+00	1	18	--	--	2.00001000e+00	1.09887000e-04
1.59080561e+02	2026-08-11T16:33:12.850954	0.00000000e+00	1	18	--	--	1.90003000e+00	1.09887000e-04
1.59140324e+02	2026-08-11T16:33:12.914019	0.00000000e+00	1	18	--	--	1.80003000e+00	1.09886000e-04
1.59185219e+02	2026-08-11T16:33:12.946047	0.00000000e+00	1	18	--	--	1.70004000e+00	1.09886000e-04
1.59236458e+02	2026-08-11T16:33:13.011240	0.00000000e+00	1	18	--	--	1.60004000e+00	1.09886000e-04
1.59300840e+02	2026-08-11T16:33:13.075203	0.00000000e+00	1	18	--	--	1.50005000e+00	1.09886000e-04
1.59355755e+02	2026-08-11T16:33:13.126286	0.00000000e+00	1	18	--	--	1.40006000e+00	1.09886000e-04
1.59403267e+02	2026-08-11T16:33:13.173353	0.00000000e+00	1	18	--	--	1.30007000e+00	1.09887000e-04
1.59461782e+02	2026-08-11T16:33:13.233739	0.00000000e+00	1	18	--	--	1.20007000e+00	1.09887000e-04
1.59524237e+02	2026-08-11T16:33:13.297465	0.00000000e+00	1	18	--	--	1.10007000e+00	1.09888000e-04
1.59569097e+02	2026-08-11T16:33:13.329244	0.00000000e+00	1	18	--	--	1.00007000e+00	1.09888000e-04
1.59618071e+02	2026-08-11T16:33:13.393002	0.00000000e+00	1	18	--	--	9.00061000e-01	1.09888000e-04
1.59671434e+02	2026-08-11T16:33:13.444684	0.00000000e+00	1	18	--	--	8.00057000e-01	1.09888000e-04
1.59733201e+02	2026-08-11T16:33:13.503878	0.00000000e+00	1	18	--	--	7.00048000e-01	1.09888000e-04
1.59796656e+02	2026-08-11T16:33:13.567544	0.00000000e+00	1	18	1.97154000e-01	-1.09915000e-04	6.00038000e-01	1.09888000e-04
1.59863997e+02	2026-08-11T16:33:13.631812	0.00000000e+00	1	18	9.64725000e-02	-1.09916000e-04	5.00035000e-01	1.09889000e-04
1.59916211e+02	2026-08-11T16:33:13.690157	0.00000000e+00	1	18	-3.39031000e-05	-1.08584000e-04	4.00033000e-01	1.08499000e-04
1.59975202e+02	2026-08-11T16:33:13.743763	0.00000000e+00	1	18	-2.45094000e-05	-6.76900000e-05	3.00022000e-01	6.74244000e-05
1.60076014e+02	2026-08-11T16:33:13.839529	0.00000000e+00	1	18	-2.02417000e-05	-3.85661000e-05	2.00060000e-01	3.85861000e-05
1.60127981e+02	2026-08-11T16:33:13.902045	0.00000000e+00	1	18	-1.85490000e-05	-1.76881000e-05	1.00064000e-01	1.76245000e-05
1.60172151e+02	2026-08-11T16:33:13.933669	0.00000000e+00	1	18	-1.56879000e-05	-2.10921000e-08	5.56707000e-05	1.94572000e-08
1.64464655e+02	2026-08-11T16:33:18.237844	0.00000000e+00	1	19	-1.96934000e-05	-2.12550000e-11	6.14643000e-05	-3.42846000e-11
1.64527775e+02	2026-08-11T16:33:18.301721	0.00000000e+00	1	19	-1.64032000e-05	-6.29402000e-09	1.00065000e-01	6.97249000e-09
1.64583032e+02	2026-08-11T16:33:18.350331	0.00000000e+00	1	19	-1.54257000e-05	-1.34165000e-08	2.00061000e-01	1.43767000e-08
1.64645531e+02	2026-08-11T16:33:18.412524	0.00000000e+00	1	19	-1.58787000e-05	-2.33700000e-08	3.00025000e-01	2.31294000e-08
1.64708234e+02	2026-08-11T16:33:18.482566	0.00000000e+00	1	19	-1.76668000e-05	-3.98520000e-08	4.00031000e-01	3.40253000e-08
1.64772898e+02	2026-08-11T16:33:18.540193	0.00000000e+00	1	19	-9.56059000e-06	-8.84619000e-08	5.00018000e-01	9.08597000e-08
1.64836023e+02	2026-08-11T16:33:18.604862	0.00000000e+00	1	19	-1.39952000e-05	-9.30136000e-08	6.00037000e-01	8.70480000e-08
1.64901187e+02	2026-08-11T16:33:18.667918	0.00000000e+00	1	19	-1.53780000e-05	-1.46555000e-07	7.00043000e-01	1.42954000e-07
1.64967405e+02	2026-08-11T16:33:18.732047	0.00000000e+00	1	19	-1.49488000e-05	-1.82639000e-07	8.00058000e-01	1.83823000e-07
1.65025980e+02	2026-08-11T16:33:18.795948	0.00000000e+00	1	19	-1.56641000e-05	-2.68787000e-07	9.00059000e-01	3.43962000e-07
1.65084718e+02	2026-08-11T16:33:18.859467	0.00000000e+00	1	19	-1.86443000e-05	-4.81709000e-07	1.00006000e+00	5.24272000e-07
1.65133423e+02	2026-08-11T16:33:18.907153	0.00000000e+00	1	19	-1.82867000e-05	-8.00248000e-07	1.10006000e+00	8.90187000e-07
1.65179551e+02	2026-08-11T16:33:18.950253	0.00000000e+00	1	19	-1.85013000e-05	-8.86981000e-07	1.20006000e+00	9.52403000e-07
1.65270513e+02	2026-08-11T16:33:19.035035	0.00000000e+00	1	19	-1.85013000e-05	-1.07261000e-06	1.30006000e+00	1.51463000e-06
1.65339346e+02	2026-08-11T16:33:19.114060	0.00000000e+00	1	19	-1.37568000e-05	-1.15811000e-06	1.40005000e+00	1.12923000e-06
1.65387962e+02	2026-08-11T16:33:19.161848	0.00000000e+00	1	19	-1.56403000e-05	-1.16286000e-06	1.50004000e+00	1.67112000e-06
1.65450873e+02	2026-08-11T16:33:19.225487	0.00000000e+00	1	19	-1.46389000e-05	-1.38998000e-06	1.60004000e+00	1.77626000e-06
1.65512026e+02	2026-08-11T16:33:19.283824	0.00000000e+00	1	19	-1.50204000e-05	-2.79813000e-06	1.70003000e+00	2.54053000e-06
1.65562079e+02	2026-08-11T16:33:19.336858	0.00000000e+00	1	19	-1.47343000e-05	-2.42445000e-06	1.80002000e+00	2.13410000e-06
1.65609547e+02	2026-08-11T16:33:19.384260	0.00000000e+00	1	19	-1.07288000e-05	-2.73424000e-06	1.90002000e+00	2.95094000e-06
1.65654991e+02	2026-08-11T16:33:19.415909	0.00000000e+00	1	19	-1.33753000e-05	-2.69442000e-06	2.00001000e+00	2.78477000e-06
1.65708926e+02	2026-08-11T16:33:19.479522	0.00000000e+00	1	19	-1.02282000e-05	-3.51667000e-06	2.10033000e+00	4.12224000e-06
1.65775094e+02	2026-08-11T16:33:19.543195	0.00000000e+00	1	19	-1.05858000e-05	-3.20196000e-06	2.20054000e+00	1.09891000e-04
1.65879294e+02	2026-08-11T16:33:19.639730	0.00000000e+00	1	19	--	--	2.30033000e+00	1.09887000e-04
1.65966238e+02	2026-08-11T16:33:19.735125	0.00000000e+00	1	19	--	--	2.40051000e+00	1.09888000e-04
1.66025409e+02	2026-08-11T16:33:19.799401	0.00000000e+00	1	19	--	--	2.50063000e+00	1.09888000e-04
1.66089378e+02	2026-08-11T16:33:19.863378	0.00000000e+00	1	19	--	--	2.60045000e+00	1.09888000e-04
1.66139507e+02	2026-08-11T16:33:19.911718	0.00000000e+00	1	19	--	--	2.70059000e+00	1.09888000e-04
1.66207109e+02	2026-08-11T16:33:19.974679	0.00000000e+00	1	19	--	--	2.80043000e+00	1.09889000e-04
1.66258172e+02	2026-08-11T16:33:20.029677	0.00000000e+00	1	19	--	--	2.90060000e+00	1.09889000e-04
1.66320411e+02	2026-08-11T16:33:20.086467	0.00000000e+00	1	19	--	--	3.00042000e+00	1.09889000e-04
1.66386333e+02	2026-08-11T16:33:20.150132	0.00000000e+00	1	19	--	--	3.10061000e+00	1.09886000e-04
1.66439338e+02	2026-08-11T16:33:20.213904	0.00000000e+00	1	19	--	--	3.20074000e+00	1.09888000e-04
1.66497297e+02	2026-08-11T16:33:20.264236	0.00000000e+00	1	19	--	--	3.30050000e+00	1.09888000e-04
1.66560863e+02	2026-08-11T16:33:20.335553	0.00000000e+00	1	19	--	--	3.40068000e+00	1.09888000e-04
1.66614599e+02	2026-08-11T16:33:20.388814	0.00000000e+00	1	19	--	--	3.50055000e+00	1.09889000e-04
1.66659952e+02	2026-08-11T16:33:20.433101	0.00000000e+00	1	19	--	--	3.60065000e+00	1.09889000e-04
1.66712291e+02	2026-08-11T16:33:20.483931	0.00000000e+00	1	19	--	--	3.70052000e+00	1.09889000e-04
1.66779177e+02	2026-08-11T16:33:20.549274	0.00000000e+00	1	19	--	--	3.80063000e+00	1.09889000e-04
1.66838039e+02	2026-08-11T16:33:20.612006	0.00000000e+00	1	19	--	--	3.90072000e+00	1.09890000e-04
1.66901001e+02	2026-08-11T16:33:20.675950	0.00000000e+00	1	19	--	--	4.00058000e+00	1.09889000e-04
1.66957289e+02	2026-08-11T16:33:20.726047	0.00000000e+00	1	19	--	--	4.00057000e+00	1.09890000e-04
1.67011856e+02	2026-08-11T16:33:20.781435	0.00000000e+00	1	19	--	--	3.90074000e+00	1.09890000e-04
1.67075031e+02	2026-08-11T16:33:20.845480	0.00000000e+00	1	19	--	--	3.80064000e+00	1.09888000e-04
1.67124953e+02	2026-08-11T16:33:20.899319	0.00000000e+00	1	19	--	--	3.70047000e+00	1.09888000e-04
1.67173014e+02	2026-08-11T16:33:20.947190	0.00000000e+00	1	19	--	--	3.60064000e+00	1.09889000e-04
1.67236670e+02	2026-08-11T16:33:21.011051	0.00000000e+00	1	19	--	--	3.50055000e+00	1.09889000e-04
1.67301040e+02	2026-08-11T16:33:21.075120	0.00000000e+00	1	19	--	--	3.40070000e+00	1.09889000e-04
1.67364194e+02	2026-08-11T16:33:21.138758	0.00000000e+00	1	19	--	--	3.30054000e+00	1.09888000e-04
1.67428548e+02	2026-08-11T16:33:21.202515	0.00000000e+00	1	19	--	--	3.20074000e+00	1.09889000e-04
1.67491713e+02	2026-08-11T16:33:21.266104	0.00000000e+00	1	19	--	--	3.10063000e+00	1.09886000e-04
1.67556105e+02	2026-08-11T16:33:21.330967	0.00000000e+00	1	19	--	--	3.00043000e+00	1.09888000e-04
1.67620116e+02	2026-08-11T16:33:21.394004	0.00000000e+00	1	19	--	--	2.90061000e+00	1.09889000e-04
1.67682606e+02	2026-08-11T16:33:21.457235	0.00000000e+00	1	19	--	--	2.80046000e+00	1.09889000e-04
1.67746801e+02	2026-08-11T16:33:21.521147	0.00000000e+00	1	19	--	--	2.70060000e+00	1.09888000e-04
1.67810054e+02	2026-08-11T16:33:21.584662	0.00000000e+00	1	19	--	--	2.60045000e+00	1.09888000e-04
1.67877630e+02	2026-08-11T16:33:21.648395	0.00000000e+00	1	19	--	--	2.50064000e+00	1.09887000e-04
1.67945632e+02	2026-08-11T16:33:21.712557	0.00000000e+00	1	19	--	--	2.40055000e+00	1.09887000e-04
1.68001215e+02	2026-08-11T16:33:21.775371	0.00000000e+00	1	19	--	--	2.30032000e+00	1.09885000e-04
1.68065209e+02	2026-08-11T16:33:21.839161	0.00000000e+00	1	19	--	--	2.20055000e+00	1.09886000e-04
1.68121538e+02	2026-08-11T16:33:21.891047	0.00000000e+00	1	19	--	--	2.10036000e+00	1.09887000e-04
1.68183869e+02	2026-08-11T16:33:21.950878	0.00000000e+00	1	19	--	--	2.00001000e+00	1.09885000e-04
1.68247982e+02	2026-08-11T16:33:22.013575	0.00000000e+00	1	19	--	--	1.90003000e+00	1.09884000e-04
1.68300950e+02	2026-08-11T16:33:22.074134	0.00000000e+00	1	19	--	--	1.80003000e+00	1.09885000e-04
1.68345373e+02	2026-08-11T16:33:22.118881	0.00000000e+00	1	19	--	--	1.70003000e+00	1.09885000e-04
1.68398462e+02	2026-08-11T16:33:22.172275	0.00000000e+00	1	19	--	--	1.60004000e+00	1.09885000e-04
1.68461931e+02	2026-08-11T16:33:22.236170	0.00000000e+00	1	19	--	--	1.50005000e+00	1.09885000e-04
1.68525820e+02	2026-08-11T16:33:22.300217	0.00000000e+00	1	19	--	--	1.40005000e+00	1.09885000e-04
1.68574671e+02	2026-08-11T16:33:22.348398	0.00000000e+00	1	19	--	--	1.30006000e+00	1.09885000e-04
1.68630799e+02	2026-08-11T16:33:22.396227	0.00000000e+00	1	19	--	--	1.20006000e+00	1.09885000e-04
1.68694820e+02	2026-08-11T16:33:22.468447	0.00000000e+00	1	19	--	--	1.10006000e+00	1.09884000e-04
1.68748576e+02	2026-08-11T16:33:22.518730	0.00000000e+00	1	19	--	--	1.00006000e+00	1.09885000e-04
1.68805582e+02	2026-08-11T16:33:22.572840	0.00000000e+00	1	19	--	--	9.00061000e-01	1.09884000e-04
1.68851193e+02	2026-08-11T16:33:22.620276	0.00000000e+00	1	19	--	--	8.00060000e-01	1.09885000e-04
1.68909742e+02	2026-08-11T16:33:22.684142	0.00000000e+00	1	19	--	--	7.00055000e-01	1.09887000e-04
1.68973638e+02	2026-08-11T16:33:22.748760	0.00000000e+00	1	19	--	--	6.00042000e-01	1.09886000e-04
1.69026785e+02	2026-08-11T16:33:22.797456	0.00000000e+00	1	19	--	--	5.00039000e-01	1.09886000e-04
1.69088870e+02	2026-08-11T16:33:22.859332	0.00000000e+00	1	19	1.18627000e-01	-1.09912000e-04	4.00039000e-01	1.09887000e-04
1.69153940e+02	2026-08-11T16:33:22.922692	0.00000000e+00	1	19	1.87433000e-02	-1.09913000e-04	3.00031000e-01	1.09887000e-04
1.69204166e+02	2026-08-11T16:33:22.977115	0.00000000e+00	1	19	-1.85966000e-05	-7.01610000e-05	2.00063000e-01	7.03469000e-05
1.69298015e+02	2026-08-11T16:33:23.067164	0.00000000e+00	1	19	-1.06573000e-05	-3.18272000e-05	1.00066000e-01	3.18267000e-05
1.69345857e+02	2026-08-11T16:33:23.116703	0.00000000e+00	1	19	-3.60012000e-06	-3.45314000e-08	6.00338000e-05	3.46029000e-08
1.73606550e+02	2026-08-11T16:33:27.367267	0.00000000e+00	1	20	-2.18153000e-05	-2.44975000e-11	5.94378000e-05	-3.10183000e-11
1.73655769e+02	2026-08-11T16:33:27.430577	0.00000000e+00	1	20	-1.95742000e-05	-6.44270000e-09	1.00064000e-01	7.52933000e-09
1.73704143e+02	2026-08-11T16:33:27.478621	0.00000000e+00	1	20	-1.64270000e-05	-1.47741000e-08	2.00059000e-01	1.43186000e-08
1.73752494e+02	2026-08-11T16:33:27.526719	0.00000000e+00	1	20	-1.72138000e-05	-1.78451000e-08	3.00026000e-01	2.12963000e-08
1.73800611e+02	2026-08-11T16:33:27.575378	0.00000000e+00	1	20	-1.64747000e-05	-3.39328000e-08	4.00036000e-01	3.03604000e-08
1.73844801e+02	2026-08-11T16:33:27.606659	0.00000000e+00	1	20	-1.17064000e-05	-5.09937000e-08	5.00040000e-01	4.98137000e-08
1.73901349e+02	2026-08-11T16:33:27.671020	0.00000000e+00	1	20	-1.16825000e-05	-7.31664000e-08	6.00040000e-01	7.45259000e-08
1.73964089e+02	2026-08-11T16:33:27.734585	0.00000000e+00	1	20	-1.77145000e-05	-3.48181000e-07	7.00045000e-01	3.14372000e-07
1.74055528e+02	2026-08-11T16:33:27.830007	0.00000000e+00	1	20	-1.91689000e-05	-4.21578000e-07	8.00056000e-01	3.68916000e-07
1.74119800e+02	2026-08-11T16:33:27.894803	0.00000000e+00	1	20	-2.14338000e-05	-4.27236000e-07	9.00059000e-01	3.41522000e-07
1.74169295e+02	2026-08-11T16:33:27.941818	0.00000000e+00	1	20	-2.10285000e-05	-3.61908000e-07	1.00006000e+00	3.33622000e-07
1.74215061e+02	2026-08-11T16:33:27.989652	0.00000000e+00	1	20	-1.98841000e-05	-4.49762000e-07	1.10006000e+00	5.06867000e-07
1.74260673e+02	2026-08-11T16:33:28.022056	0.00000000e+00	1	20	--	--	1.20006000e+00	1.09888000e-04
1.74439120e+02	2026-08-11T16:33:28.213026	0.00000000e+00	1	20	--	--	1.30006000e+00	1.09888000e-04
1.74502460e+02	2026-08-11T16:33:28.277114	0.00000000e+00	1	20	--	--	1.40005000e+00	1.09888000e-04
1.74565932e+02	2026-08-11T16:33:28.341092	0.00000000e+00	1	20	--	--	1.50004000e+00	1.09888000e-04
1.74630831e+02	2026-08-11T16:33:28.404574	0.00000000e+00	1	20	--	--	1.60004000e+00	1.09888000e-04
1.74694420e+02	2026-08-11T16:33:28.469327	0.00000000e+00	1	20	--	--	1.70003000e+00	1.09888000e-04
1.74758021e+02	2026-08-11T16:33:28.532366	0.00000000e+00	1	20	--	--	1.80002000e+00	1.09888000e-04
1.74821858e+02	2026-08-11T16:33:28.596304	0.00000000e+00	1	20	--	--	1.90002000e+00	1.09888000e-04
1.74885281e+02	2026-08-11T16:33:28.659854	0.00000000e+00	1	20	--	--	2.00001000e+00	1.09888000e-04
1.74939207e+02	2026-08-11T16:33:28.709007	0.00000000e+00	1	20	--	--	2.10035000e+00	1.09888000e-04
1.74989601e+02	2026-08-11T16:33:28.759991	0.00000000e+00	1	20	--	--	2.20055000e+00	1.09888000e-04
1.75042161e+02	2026-08-11T16:33:28.811909	0.00000000e+00	1	20	--	--	2.30033000e+00	1.09889000e-04
1.75106194e+02	2026-08-11T16:33:28.877824	0.00000000e+00	1	20	--	--	2.40055000e+00	1.09889000e-04
1.75166595e+02	2026-08-11T16:33:28.931410	0.00000000e+00	1	20	--	--	2.50062000e+00	1.09889000e-04
1.75221643e+02	2026-08-11T16:33:28.995601	0.00000000e+00	1	20	--	--	2.60042000e+00	1.09889000e-04
1.75266322e+02	2026-08-11T16:33:29.027945	0.00000000e+00	1	20	--	--	2.70058000e+00	1.09889000e-04
1.75324262e+02	2026-08-11T16:33:29.090549	0.00000000e+00	1	20	--	--	2.80044000e+00	1.09888000e-04
1.75381146e+02	2026-08-11T16:33:29.154857	0.00000000e+00	1	20	--	--	2.90061000e+00	1.09888000e-04
1.75446362e+02	2026-08-11T16:33:29.218717	0.00000000e+00	1	20	--	--	3.00043000e+00	1.09886000e-04
1.75517870e+02	2026-08-11T16:33:29.282745	0.00000000e+00	1	20	--	--	3.10064000e+00	1.09885000e-04
1.75573996e+02	2026-08-11T16:33:29.345673	0.00000000e+00	1	20	--	--	3.20076000e+00	1.09888000e-04
1.75638752e+02	2026-08-11T16:33:29.409535	0.00000000e+00	1	20	--	--	3.30051000e+00	1.09888000e-04
1.75703143e+02	2026-08-11T16:33:29.473927	0.00000000e+00	1	20	--	--	3.40066000e+00	1.09889000e-04
1.75767419e+02	2026-08-11T16:33:29.541216	0.00000000e+00	1	20	--	--	3.50053000e+00	1.09889000e-04
1.75826731e+02	2026-08-11T16:33:29.601087	0.00000000e+00	1	20	--	--	3.60066000e+00	1.09889000e-04
1.75871517e+02	2026-08-11T16:33:29.632947	0.00000000e+00	1	20	--	--	3.70054000e+00	1.09889000e-04
1.75917561e+02	2026-08-11T16:33:29.681064	0.00000000e+00	1	20	--	--	3.80064000e+00	1.09890000e-04
1.75970250e+02	2026-08-11T16:33:29.744808	0.00000000e+00	1	20	--	--	3.90073000e+00	1.09890000e-04
1.76029621e+02	2026-08-11T16:33:29.793124	0.00000000e+00	1	20	--	--	4.00055000e+00	1.09890000e-04
1.76072874e+02	2026-08-11T16:33:29.840144	0.00000000e+00	1	20	--	--	4.00056000e+00	1.09890000e-04
1.76122034e+02	2026-08-11T16:33:29.888091	0.00000000e+00	1	20	--	--	3.90074000e+00	1.09891000e-04
1.76177790e+02	2026-08-11T16:33:29.951844	0.00000000e+00	1	20	--	--	3.80063000e+00	1.09889000e-04
1.76247624e+02	2026-08-11T16:33:30.015456	0.00000000e+00	1	20	--	--	3.70051000e+00	1.09890000e-04
1.76305463e+02	2026-08-11T16:33:30.079204	0.00000000e+00	1	20	--	--	3.60063000e+00	1.09890000e-04
1.76353889e+02	2026-08-11T16:33:30.126860	0.00000000e+00	1	20	--	--	3.50055000e+00	1.09890000e-04
1.76417006e+02	2026-08-11T16:33:30.190477	0.00000000e+00	1	20	--	--	3.40066000e+00	1.09890000e-04
1.76464378e+02	2026-08-11T16:33:30.238778	0.00000000e+00	1	20	--	--	3.30051000e+00	1.09889000e-04
1.76510386e+02	2026-08-11T16:33:30.282965	0.00000000e+00	1	20	--	--	3.20072000e+00	1.09889000e-04
1.76556200e+02	2026-08-11T16:33:30.328348	0.00000000e+00	1	20	--	--	3.10060000e+00	1.09886000e-04
1.76610887e+02	2026-08-11T16:33:30.381684	0.00000000e+00	1	20	--	--	3.00043000e+00	1.09888000e-04
1.76676338e+02	2026-08-11T16:33:30.446338	0.00000000e+00	1	20	--	--	2.90060000e+00	1.09889000e-04
1.76725953e+02	2026-08-11T16:33:30.496156	0.00000000e+00	1	20	--	--	2.80041000e+00	1.09890000e-04
1.76782248e+02	2026-08-11T16:33:30.551976	0.00000000e+00	1	20	--	--	2.70057000e+00	1.09889000e-04
1.76831245e+02	2026-08-11T16:33:30.605209	0.00000000e+00	1	20	--	--	2.60044000e+00	1.09888000e-04
1.76894992e+02	2026-08-11T16:33:30.668947	0.00000000e+00	1	20	--	--	2.50065000e+00	1.09888000e-04
1.76958471e+02	2026-08-11T16:33:30.733356	0.00000000e+00	1	20	--	--	2.40053000e+00	1.09888000e-04
1.77022037e+02	2026-08-11T16:33:30.796544	0.00000000e+00	1	20	--	--	2.30036000e+00	1.09888000e-04
1.77085590e+02	2026-08-11T16:33:30.860154	0.00000000e+00	1	20	--	--	2.20058000e+00	1.09888000e-04
1.77150132e+02	2026-08-11T16:33:30.924524	0.00000000e+00	1	20	--	--	2.10037000e+00	1.09887000e-04
1.77213520e+02	2026-08-11T16:33:30.988001	0.00000000e+00	1	20	--	--	2.00001000e+00	1.09889000e-04
1.77277315e+02	2026-08-11T16:33:31.051851	0.00000000e+00	1	20	--	--	1.90003000e+00	1.09887000e-04
1.77340762e+02	2026-08-11T16:33:31.115288	0.00000000e+00	1	20	--	--	1.80003000e+00	1.09887000e-04
1.77404872e+02	2026-08-11T16:33:31.179026	0.00000000e+00	1	20	--	--	1.70004000e+00	1.09887000e-04
1.77455707e+02	2026-08-11T16:33:31.228057	0.00000000e+00	1	20	--	--	1.60005000e+00	1.09887000e-04
1.77520661e+02	2026-08-11T16:33:31.289937	0.00000000e+00	1	20	--	--	1.50005000e+00	1.09887000e-04
1.77579639e+02	2026-08-11T16:33:31.353771	0.00000000e+00	1	20	--	--	1.40006000e+00	1.09887000e-04
1.77643061e+02	2026-08-11T16:33:31.417559	0.00000000e+00	1	20	--	--	1.30007000e+00	1.09887000e-04
1.77721998e+02	2026-08-11T16:33:31.482459	0.00000000e+00	1	20	--	--	1.20007000e+00	1.09888000e-04
1.77785657e+02	2026-08-11T16:33:31.555822	0.00000000e+00	1	20	--	--	1.10007000e+00	1.09887000e-04
1.77834931e+02	2026-08-11T16:33:31.609778	0.00000000e+00	1	20	--	--	1.00008000e+00	1.09888000e-04
1.77879096e+02	2026-08-11T16:33:31.640893	0.00000000e+00	1	20	--	--	9.00068000e-01	1.09887000e-04
1.77933493e+02	2026-08-11T16:33:31.705524	0.00000000e+00	1	20	--	--	8.00067000e-01	1.09887000e-04
1.77999648e+02	2026-08-11T16:33:31.774280	0.00000000e+00	1	20	1.83062000e-01	-1.09913000e-04	7.00061000e-01	1.09887000e-04
1.78066288e+02	2026-08-11T16:33:31.831467	0.00000000e+00	1	20	8.12946000e-02	-1.09914000e-04	6.00047000e-01	1.09888000e-04
1.78116296e+02	2026-08-11T16:33:31.889126	0.00000000e+00	1	20	-2.61545000e-05	-1.06555000e-04	5.00045000e-01	1.05929000e-04
1.78170472e+02	2026-08-11T16:33:31.944099	0.00000000e+00	1	20	-2.03371000e-05	-7.80610000e-05	4.00045000e-01	7.83174000e-05
1.78263215e+02	2026-08-11T16:33:32.038142	0.00000000e+00	1	20	-1.55449000e-05	-5.43296000e-05	3.00033000e-01	5.44800000e-05
1.78308782e+02	2026-08-11T16:33:32.069648	0.00000000e+00	1	20	-1.38760000e-05	-3.39390000e-05	2.00067000e-01	3.38507000e-05
1.78358285e+02	2026-08-11T16:33:32.133059	0.00000000e+00	1	20	-8.82149000e-06	-1.62739000e-05	1.00071000e-01	1.65170000e-05
1.78408080e+02	2026-08-11T16:33:32.181078	0.00000000e+00	1	20	-6.48499000e-06	-2.00600000e-08	6.63996000e-05	1.90756000e-08
1.82514407e+02	2026-08-11T16:33:36.285169	0.00000000e+00	1	21	-1.94788000e-05	-2.44379000e-11	5.89371000e-05	-4.06265000e-11
1.82584448e+02	2026-08-11T16:33:36.348714	0.00000000e+00	1	21	-1.68562000e-05	-6.54414000e-09	1.00062000e-01	6.63995000e-09
1.82630056e+02	2026-08-11T16:33:36.402752	0.00000000e+00	1	21	-1.57118000e-05	-1.18163000e-08	2.00058000e-01	1.38819000e-08
1.82685283e+02	2026-08-11T16:33:36.459394	0.00000000e+00	1	21	-1.15871000e-05	-2.45957000e-08	3.00025000e-01	2.42454000e-08
1.82748786e+02	2026-08-11T16:33:36.523066	0.00000000e+00	1	21	-1.48535000e-05	-3.78454000e-08	4.00036000e-01	2.90826000e-08
1.82812423e+02	2026-08-11T16:33:36.586570	0.00000000e+00	1	21	-1.53065000e-05	-3.64940000e-08	5.00032000e-01	3.24934000e-08
1.82876312e+02	2026-08-11T16:33:36.650418	0.00000000e+00	1	21	-1.34230000e-05	-5.41391000e-08	6.00036000e-01	5.01921000e-08
1.82940122e+02	2026-08-11T16:33:36.714222	0.00000000e+00	1	21	-4.52995000e-06	-6.78414000e-08	7.00047000e-01	6.42917000e-08
1.82987933e+02	2026-08-11T16:33:36.762207	0.00000000e+00	1	21	-7.74860000e-06	-1.27072000e-07	8.00056000e-01	1.54508000e-07
1.83074119e+02	2026-08-11T16:33:36.841296	0.00000000e+00	1	21	-1.46866000e-05	-1.62287000e-07	9.00056000e-01	2.00589000e-07
1.83131077e+02	2026-08-11T16:33:36.905155	0.00000000e+00	1	21	-1.41382000e-05	-1.96615000e-07	1.00006000e+00	1.74453000e-07
1.83195657e+02	2026-08-11T16:33:36.969620	0.00000000e+00	1	21	-1.41144000e-05	-3.15352000e-07	1.10006000e+00	3.29348000e-07
1.83259738e+02	2026-08-11T16:33:37.034345	0.00000000e+00	1	21	-1.60456000e-05	-4.63593000e-07	1.20006000e+00	1.09887000e-04
1.83366812e+02	2026-08-11T16:33:37.129949	0.00000000e+00	1	21	--	--	1.30006000e+00	1.09887000e-04
1.83484256e+02	2026-08-11T16:33:37.258075	0.00000000e+00	1	21	--	--	1.40005000e+00	1.09887000e-04
1.83548844e+02	2026-08-11T16:33:37.322107	0.00000000e+00	1	21	--	--	1.50005000e+00	1.09885000e-04
1.83611724e+02	2026-08-11T16:33:37.385902	0.00000000e+00	1	21	--	--	1.60004000e+00	1.09886000e-04
1.83659486e+02	2026-08-11T16:33:37.433797	0.00000000e+00	1	21	--	--	1.70003000e+00	1.09885000e-04
1.83707834e+02	2026-08-11T16:33:37.481253	0.00000000e+00	1	21	--	--	1.80002000e+00	1.09886000e-04
1.83753091e+02	2026-08-11T16:33:37.513317	0.00000000e+00	1	21	--	--	1.90002000e+00	1.09887000e-04
1.83807471e+02	2026-08-11T16:33:37.580056	0.00000000e+00	1	21	--	--	2.00001000e+00	1.09885000e-04
1.83866460e+02	2026-08-11T16:33:37.640532	0.00000000e+00	1	21	--	--	2.10034000e+00	1.09885000e-04
1.83913807e+02	2026-08-11T16:33:37.688102	0.00000000e+00	1	21	--	--	2.20051000e+00	1.09885000e-04
1.83970775e+02	2026-08-11T16:33:37.741292	0.00000000e+00	1	21	--	--	2.30031000e+00	1.09886000e-04
1.84015116e+02	2026-08-11T16:33:37.784930	0.00000000e+00	1	21	--	--	2.40049000e+00	1.09886000e-04
1.84072349e+02	2026-08-11T16:33:37.846970	0.00000000e+00	1	21	--	--	2.50060000e+00	1.09885000e-04
1.84119810e+02	2026-08-11T16:33:37.894916	0.00000000e+00	1	21	--	--	2.60040000e+00	1.09886000e-04
1.84166967e+02	2026-08-11T16:33:37.941720	0.00000000e+00	1	21	--	--	2.70052000e+00	1.09886000e-04
1.84215076e+02	2026-08-11T16:33:37.989200	0.00000000e+00	1	21	--	--	2.80036000e+00	1.09886000e-04
1.84262076e+02	2026-08-11T16:33:38.036856	0.00000000e+00	1	21	--	--	2.90055000e+00	1.09886000e-04
1.84309802e+02	2026-08-11T16:33:38.084749	0.00000000e+00	1	21	--	--	3.00036000e+00	1.09886000e-04
1.84354398e+02	2026-08-11T16:33:38.121790	0.00000000e+00	1	21	--	--	3.10059000e+00	1.09884000e-04
1.84400909e+02	2026-08-11T16:33:38.173948	0.00000000e+00	1	21	--	--	3.20068000e+00	1.09888000e-04
1.84453898e+02	2026-08-11T16:33:38.226818	0.00000000e+00	1	21	--	--	3.30046000e+00	1.09887000e-04
1.84498157e+02	2026-08-11T16:33:38.258297	0.00000000e+00	1	21	--	--	3.40063000e+00	1.09888000e-04
1.84556560e+02	2026-08-11T16:33:38.329828	0.00000000e+00	1	21	--	--	3.50047000e+00	1.09888000e-04
1.84611140e+02	2026-08-11T16:33:38.384178	0.00000000e+00	1	21	--	--	3.60057000e+00	1.09887000e-04
1.84655654e+02	2026-08-11T16:33:38.415737	0.00000000e+00	1	21	--	--	3.70048000e+00	1.09888000e-04
1.84708309e+02	2026-08-11T16:33:38.479819	0.00000000e+00	1	21	--	--	3.80058000e+00	1.09888000e-04
1.84768288e+02	2026-08-11T16:33:38.542911	0.00000000e+00	1	21	--	--	3.90068000e+00	1.09889000e-04
1.84814627e+02	2026-08-11T16:33:38.574767	0.00000000e+00	1	21	--	--	4.00048000e+00	1.09889000e-04
1.84865775e+02	2026-08-11T16:33:38.638861	0.00000000e+00	1	21	--	--	4.00051000e+00	1.09889000e-04
1.84914331e+02	2026-08-11T16:33:38.687289	0.00000000e+00	1	21	--	--	3.90067000e+00	1.09889000e-04
1.84958610e+02	2026-08-11T16:33:38.729268	0.00000000e+00	1	21	--	--	3.80056000e+00	1.09889000e-04
1.85006871e+02	2026-08-11T16:33:38.781567	0.00000000e+00	1	21	--	--	3.70042000e+00	1.09889000e-04
1.85054058e+02	2026-08-11T16:33:38.829250	0.00000000e+00	1	21	--	--	3.60057000e+00	1.09890000e-04
1.85103175e+02	2026-08-11T16:33:38.877136	0.00000000e+00	1	21	--	--	3.50049000e+00	1.09889000e-04
1.85147905e+02	2026-08-11T16:33:38.909812	0.00000000e+00	1	21	--	--	3.40062000e+00	1.09888000e-04
1.85201366e+02	2026-08-11T16:33:38.973230	0.00000000e+00	1	21	--	--	3.30045000e+00	1.09887000e-04
1.85263341e+02	2026-08-11T16:33:39.037194	0.00000000e+00	1	21	--	--	3.20066000e+00	1.09887000e-04
1.85307738e+02	2026-08-11T16:33:39.069059	0.00000000e+00	1	21	--	--	3.10057000e+00	1.09884000e-04
1.85352678e+02	2026-08-11T16:33:39.127105	0.00000000e+00	1	21	--	--	3.00034000e+00	1.09887000e-04
1.85400799e+02	2026-08-11T16:33:39.174067	0.00000000e+00	1	21	--	--	2.90052000e+00	1.09888000e-04
1.85452530e+02	2026-08-11T16:33:39.227069	0.00000000e+00	1	21	--	--	2.80036000e+00	1.09887000e-04
1.85496539e+02	2026-08-11T16:33:39.258737	0.00000000e+00	1	21	--	--	2.70054000e+00	1.09887000e-04
1.85555159e+02	2026-08-11T16:33:39.326094	0.00000000e+00	1	21	--	--	2.60037000e+00	1.09887000e-04
1.85611069e+02	2026-08-11T16:33:39.385385	0.00000000e+00	1	21	--	--	2.50055000e+00	1.09886000e-04
1.85655384e+02	2026-08-11T16:33:39.421378	0.00000000e+00	1	21	--	--	2.40047000e+00	1.09887000e-04
1.85707530e+02	2026-08-11T16:33:39.481105	0.00000000e+00	1	21	--	--	2.30027000e+00	1.09887000e-04
1.85769923e+02	2026-08-11T16:33:39.544584	0.00000000e+00	1	21	--	--	2.20052000e+00	1.09886000e-04
1.85834317e+02	2026-08-11T16:33:39.607805	0.00000000e+00	1	21	--	--	2.10031000e+00	1.09886000e-04
1.85880537e+02	2026-08-11T16:33:39.655233	0.00000000e+00	1	21	--	--	2.00001000e+00	1.09886000e-04
1.85924786e+02	2026-08-11T16:33:39.699911	0.00000000e+00	1	21	--	--	1.90002000e+00	1.09886000e-04
1.85976449e+02	2026-08-11T16:33:39.750889	0.00000000e+00	1	21	--	--	1.80002000e+00	1.09886000e-04
1.86022710e+02	2026-08-11T16:33:39.792935	0.00000000e+00	1	21	--	--	1.70003000e+00	1.09886000e-04
1.86070982e+02	2026-08-11T16:33:39.845764	0.00000000e+00	1	21	--	--	1.60004000e+00	1.09886000e-04
1.86129142e+02	2026-08-11T16:33:39.903557	0.00000000e+00	1	21	--	--	1.50004000e+00	1.09886000e-04
1.86173326e+02	2026-08-11T16:33:39.947823	0.00000000e+00	1	21	--	--	1.40005000e+00	1.09886000e-04
1.86223668e+02	2026-08-11T16:33:39.995604	0.00000000e+00	1	21	--	--	1.30006000e+00	1.09886000e-04
1.86281551e+02	2026-08-11T16:33:40.056483	0.00000000e+00	1	21	--	--	1.20006000e+00	1.09886000e-04
1.86340529e+02	2026-08-11T16:33:40.115053	0.00000000e+00	1	21	--	--	1.10006000e+00	1.09888000e-04
1.86384589e+02	2026-08-11T16:33:40.151526	0.00000000e+00	1	21	--	--	1.00006000e+00	1.09888000e-04
1.86431074e+02	2026-08-11T16:33:40.199698	0.00000000e+00	1	21	1.48771000e-01	-1.09915000e-04	9.00059000e-01	1.09889000e-04
1.86483946e+02	2026-08-11T16:33:40.257792	0.00000000e+00	1	21	4.89690000e-02	-1.09916000e-04	8.00059000e-01	1.09888000e-04
1.86547249e+02	2026-08-11T16:33:40.320691	0.00000000e+00	1	21	-2.89440000e-05	-9.04157000e-05	7.00044000e-01	9.03175000e-05
1.86655366e+02	2026-08-11T16:33:40.430369	0.00000000e+00	1	21	-2.30551000e-05	-5.56828000e-05	6.00035000e-01	5.56878000e-05
1.86704901e+02	2026-08-11T16:33:40.479504	0.00000000e+00	1	21	-1.62125000e-05	-3.23567000e-05	5.00030000e-01	3.23739000e-05
1.86768893e+02	2026-08-11T16:33:40.544020	0.00000000e+00	1	21	-1.48773000e-05	-1.93319000e-05	4.00033000e-01	1.93566000e-05
1.86832274e+02	2026-08-11T16:33:40.606837	0.00000000e+00	1	21	-1.26600000e-05	-1.17557000e-05	3.00026000e-01	1.17518000e-05
1.86878754e+02	2026-08-11T16:33:40.650103	0.00000000e+00	1	21	-5.34058000e-06	-6.70839000e-06	2.00053000e-01	6.70689000e-06
1.86964246e+02	2026-08-11T16:33:40.733750	0.00000000e+00	1	21	-8.51154000e-06	-3.03579000e-06	1.00056000e-01	3.04289000e-06
1.87024404e+02	2026-08-11T16:33:40.797704	0.00000000e+00	1	21	-1.01805000e-05	-3.36679000e-09	5.10931000e-05	3.36887000e-09
1.91329050e+02	2026-08-11T16:33:45.097871	0.00000000e+00	1	22	-2.34365000e-05	-3.33905000e-11	5.35727000e-05	-3.58820000e-11
1.91386220e+02	2026-08-11T16:33:45.160400	0.00000000e+00	1	22	-2.34365000e-05	-5.56878000e-09	1.00060000e-01	6.31349000e-09
1.91449417e+02	2026-08-11T16:33:45.223720	0.00000000e+00	1	22	-1.92881000e-05	-1.33051000e-08	2.00056000e-01	1.27017000e-08
1.91494830e+02	2026-08-11T16:33:45.255761	0.00000000e+00	1	22	-1.46866000e-05	-2.24267000e-08	3.00021000e-01	2.47158000e-08
1.91546622e+02	2026-08-11T16:33:45.320093	0.00000000e+00	1	22	-8.63075000e-06	-5.24557000e-08	4.00023000e-01	5.79763000e-08
1.91609863e+02	2026-08-11T16:33:45.383875	0.00000000e+00	1	22	-1.74999000e-05	-5.30119000e-08	5.00024000e-01	4.81743000e-08
1.91674030e+02	2026-08-11T16:33:45.448236	0.00000000e+00	1	22	-1.46151000e-05	-6.04776000e-08	6.00025000e-01	6.99258000e-08
1.91722927e+02	2026-08-11T16:33:45.496245	0.00000000e+00	1	22	-1.85013000e-05	-1.13910000e-07	7.00043000e-01	9.52917000e-08
1.91801964e+02	2026-08-11T16:33:45.575944	0.00000000e+00	1	22	-1.72377000e-05	-1.01788000e-07	8.00048000e-01	1.14628000e-07
1.91868255e+02	2026-08-11T16:33:45.639246	0.00000000e+00	1	22	-1.90973000e-05	-1.70697000e-07	9.00056000e-01	1.97821000e-07
1.91928497e+02	2026-08-11T16:33:45.702911	0.00000000e+00	1	22	-1.93119000e-05	-2.44446000e-07	1.00006000e+00	2.27755000e-07
1.91992400e+02	2026-08-11T16:33:45.766540	0.00000000e+00	1	22	-1.99556000e-05	-3.21354000e-07	1.10006000e+00	3.18331000e-07
1.92056273e+02	2026-08-11T16:33:45.830468	0.00000000e+00	1	22	-1.95503000e-05	-6.40108000e-07	1.20006000e+00	6.72760000e-07
1.92112271e+02	2026-08-11T16:33:45.884702	0.00000000e+00	1	22	-2.01225000e-05	-5.39232000e-07	1.30005000e+00	5.79992000e-07
1.92171762e+02	2026-08-11T16:33:45.942890	0.00000000e+00	1	22	--	--	1.40005000e+00	1.09886000e-04
1.92328837e+02	2026-08-11T16:33:46.102801	0.00000000e+00	1	22	--	--	1.50004000e+00	1.09887000e-04
1.92394262e+02	2026-08-11T16:33:46.168124	0.00000000e+00	1	22	--	--	1.60004000e+00	1.09887000e-04
1.92455798e+02	2026-08-11T16:33:46.229789	0.00000000e+00	1	22	--	--	1.70003000e+00	1.09886000e-04
1.92504001e+02	2026-08-11T16:33:46.277926	0.00000000e+00	1	22	--	--	1.80002000e+00	1.09887000e-04
1.92560115e+02	2026-08-11T16:33:46.325754	0.00000000e+00	1	22	--	--	1.90002000e+00	1.09888000e-04
1.92617018e+02	2026-08-11T16:33:46.389787	0.00000000e+00	1	22	--	--	2.00001000e+00	1.09888000e-04
1.92688069e+02	2026-08-11T16:33:46.453522	0.00000000e+00	1	22	--	--	2.10031000e+00	1.09888000e-04
1.92742799e+02	2026-08-11T16:33:46.516776	0.00000000e+00	1	22	--	--	2.20048000e+00	1.09889000e-04
1.92806751e+02	2026-08-11T16:33:46.580823	0.00000000e+00	1	22	--	--	2.30027000e+00	1.09887000e-04
1.92870172e+02	2026-08-11T16:33:46.644390	0.00000000e+00	1	22	--	--	2.40047000e+00	1.09888000e-04
1.92933604e+02	2026-08-11T16:33:46.707940	0.00000000e+00	1	22	--	--	2.50055000e+00	1.09888000e-04
1.92991636e+02	2026-08-11T16:33:46.761801	0.00000000e+00	1	22	--	--	2.60037000e+00	1.09888000e-04
1.93053183e+02	2026-08-11T16:33:46.819033	0.00000000e+00	1	22	--	--	2.70054000e+00	1.09887000e-04
1.93109973e+02	2026-08-11T16:33:46.882737	0.00000000e+00	1	22	--	--	2.80038000e+00	1.09887000e-04
1.93178247e+02	2026-08-11T16:33:46.946268	0.00000000e+00	1	22	--	--	2.90053000e+00	1.09887000e-04
1.93226017e+02	2026-08-11T16:33:47.000684	0.00000000e+00	1	22	--	--	3.00034000e+00	1.09887000e-04
1.93288208e+02	2026-08-11T16:33:47.057925	0.00000000e+00	1	22	--	--	3.10057000e+00	1.09885000e-04
1.93355105e+02	2026-08-11T16:33:47.121783	0.00000000e+00	1	22	--	--	3.20066000e+00	1.09888000e-04
1.93418260e+02	2026-08-11T16:33:47.186901	0.00000000e+00	1	22	--	--	3.30047000e+00	1.09889000e-04
1.93482127e+02	2026-08-11T16:33:47.250345	0.00000000e+00	1	22	--	--	3.40060000e+00	1.09889000e-04
1.93546094e+02	2026-08-11T16:33:47.313874	0.00000000e+00	1	22	--	--	3.50049000e+00	1.09889000e-04
1.93591994e+02	2026-08-11T16:33:47.364771	0.00000000e+00	1	22	--	--	3.60057000e+00	1.09888000e-04
1.93644287e+02	2026-08-11T16:33:47.415554	0.00000000e+00	1	22	--	--	3.70047000e+00	1.09888000e-04
1.93690485e+02	2026-08-11T16:33:47.465229	0.00000000e+00	1	22	--	--	3.80056000e+00	1.09888000e-04
1.93741512e+02	2026-08-11T16:33:47.514217	0.00000000e+00	1	22	--	--	3.90065000e+00	1.09889000e-04
1.93786748e+02	2026-08-11T16:33:47.552466	0.00000000e+00	1	22	--	--	4.00049000e+00	1.09890000e-04
1.93831534e+02	2026-08-11T16:33:47.600346	0.00000000e+00	1	22	--	--	4.00049000e+00	1.09890000e-04
1.93883670e+02	2026-08-11T16:33:47.648170	0.00000000e+00	1	22	--	--	3.90064000e+00	1.09888000e-04
1.93937359e+02	2026-08-11T16:33:47.711741	0.00000000e+00	1	22	--	--	3.80056000e+00	1.09889000e-04
1.93982365e+02	2026-08-11T16:33:47.753501	0.00000000e+00	1	22	--	--	3.70041000e+00	1.09889000e-04
1.94040672e+02	2026-08-11T16:33:47.812049	0.00000000e+00	1	22	--	--	3.60057000e+00	1.09889000e-04
1.94086570e+02	2026-08-11T16:33:47.859316	0.00000000e+00	1	22	--	--	3.50047000e+00	1.09888000e-04
1.94152482e+02	2026-08-11T16:33:47.919111	0.00000000e+00	1	22	--	--	3.40061000e+00	1.09888000e-04
1.94216177e+02	2026-08-11T16:33:47.982998	0.00000000e+00	1	22	--	--	3.30047000e+00	1.09888000e-04
1.94279955e+02	2026-08-11T16:33:48.052888	0.00000000e+00	1	22	--	--	3.20065000e+00	1.09888000e-04
1.94342179e+02	2026-08-11T16:33:48.111649	0.00000000e+00	1	22	--	--	3.10054000e+00	1.09885000e-04
1.94399814e+02	2026-08-11T16:33:48.174165	0.00000000e+00	1	22	--	--	3.00033000e+00	1.09887000e-04
1.94444401e+02	2026-08-11T16:33:48.206516	0.00000000e+00	1	22	--	--	2.90051000e+00	1.09888000e-04
1.94495701e+02	2026-08-11T16:33:48.270096	0.00000000e+00	1	22	--	--	2.80035000e+00	1.09886000e-04
1.94549180e+02	2026-08-11T16:33:48.317601	0.00000000e+00	1	22	--	--	2.70050000e+00	1.09887000e-04
1.94606852e+02	2026-08-11T16:33:48.381269	0.00000000e+00	1	22	--	--	2.60036000e+00	1.09886000e-04
1.94663222e+02	2026-08-11T16:33:48.429253	0.00000000e+00	1	22	--	--	2.50054000e+00	1.09886000e-04
1.94725574e+02	2026-08-11T16:33:48.498696	0.00000000e+00	1	22	--	--	2.40045000e+00	1.09885000e-04
1.94781618e+02	2026-08-11T16:33:48.556084	0.00000000e+00	1	22	--	--	2.30029000e+00	1.09885000e-04
1.94835316e+02	2026-08-11T16:33:48.606130	0.00000000e+00	1	22	--	--	2.20051000e+00	1.09885000e-04
1.94901030e+02	2026-08-11T16:33:48.667660	0.00000000e+00	1	22	--	--	2.10034000e+00	1.09885000e-04
1.94956405e+02	2026-08-11T16:33:48.731112	0.00000000e+00	1	22	--	--	2.00001000e+00	1.09886000e-04
1.95021057e+02	2026-08-11T16:33:48.795180	0.00000000e+00	1	22	--	--	1.90003000e+00	1.09885000e-04
1.95084844e+02	2026-08-11T16:33:48.859482	0.00000000e+00	1	22	--	--	1.80002000e+00	1.09885000e-04
1.95149204e+02	2026-08-11T16:33:48.923269	0.00000000e+00	1	22	--	--	1.70003000e+00	1.09884000e-04
1.95213635e+02	2026-08-11T16:33:48.987668	0.00000000e+00	1	22	--	--	1.60004000e+00	1.09884000e-04
1.95272482e+02	2026-08-11T16:33:49.045891	0.00000000e+00	1	22	--	--	1.50004000e+00	1.09885000e-04
1.95320280e+02	2026-08-11T16:33:49.093595	0.00000000e+00	1	22	--	--	1.40005000e+00	1.09884000e-04
1.95366774e+02	2026-08-11T16:33:49.132551	0.00000000e+00	1	22	--	--	1.30006000e+00	1.09884000e-04
1.95420865e+02	2026-08-11T16:33:49.195553	0.00000000e+00	1	22	--	--	1.20006000e+00	1.09885000e-04
1.95477813e+02	2026-08-11T16:33:49.251056	0.00000000e+00	1	22	--	--	1.10006000e+00	1.09885000e-04
1.95539321e+02	2026-08-11T16:33:49.306175	0.00000000e+00	1	22	--	--	1.00006000e+00	1.09886000e-04
1.95602414e+02	2026-08-11T16:33:49.368905	0.00000000e+00	1	22	--	--	9.00061000e-01	1.09886000e-04
1.95664775e+02	2026-08-11T16:33:49.432355	0.00000000e+00	1	22	1.88778000e-01	-1.09914000e-04	8.00054000e-01	1.09887000e-04
1.95722049e+02	2026-08-11T16:33:49.496346	0.00000000e+00	1	22	8.81483000e-02	-1.09915000e-04	7.00044000e-01	1.09888000e-04
1.95791377e+02	2026-08-11T16:33:49.565651	0.00000000e+00	1	22	-2.60830000e-05	-1.04234000e-04	6.00039000e-01	1.04309000e-04
1.95854365e+02	2026-08-11T16:33:49.623060	0.00000000e+00	1	22	-1.82867000e-05	-6.42425000e-05	5.00025000e-01	6.42388000e-05
1.95941162e+02	2026-08-11T16:33:49.713198	0.00000000e+00	1	22	-1.69277000e-05	-3.70889000e-05	4.00033000e-01	3.70324000e-05
1.95986396e+02	2026-08-11T16:33:49.760989	0.00000000e+00	1	22	-1.42336000e-05	-2.14537000e-05	3.00022000e-01	2.14027000e-05
1.96040410e+02	2026-08-11T16:33:49.814276	0.00000000e+00	1	22	-1.06335000e-05	-1.19793000e-05	2.00060000e-01	1.19544000e-05
1.96103246e+02	2026-08-11T16:33:49.877882	0.00000000e+00	1	22	-6.00815000e-06	-5.40118000e-06	1.00057000e-01	5.40149000e-06
1.96189324e+02	2026-08-11T16:33:49.957412	0.00000000e+00	1	22	-1.19925000e-05	-5.83725000e-09	5.19753000e-05	6.03266000e-09
2.00270852e+02	2026-08-11T16:33:54.036124	0.00000000e+00	1	23	-1.77622000e-05	-2.06232000e-11	5.08785000e-05	-3.58820000e-11
2.00321201e+02	2026-08-11T16:33:54.087919	0.00000000e+00	1	23	-1.63794000e-05	-3.29981000e-09	1.00057000e-01	5.66257000e-09
2.00376928e+02	2026-08-11T16:33:54.146852	0.00000000e+00	1	23	-1.93596000e-05	-9.21563000e-09	2.00054000e-01	9.47388000e-09
2.00436444e+02	2026-08-11T16:33:54.211113	0.00000000e+00	1	23	-2.04563000e-05	-1.40856000e-08	3.00022000e-01	1.37618000e-08
2.00482880e+02	2026-08-11T16:33:54.242330	0.00000000e+00	1	23	-2.07663000e-05	-2.10288000e-08	4.00031000e-01	2.23719000e-08
2.00534787e+02	2026-08-11T16:33:54.306231	0.00000000e+00	1	23	-1.89781000e-05	-3.12607000e-08	5.00028000e-01	2.92623000e-08
2.00602084e+02	2026-08-11T16:33:54.370329	0.00000000e+00	1	23	-1.58072000e-05	-4.36376000e-08	6.00037000e-01	4.35553000e-08
2.00663102e+02	2026-08-11T16:33:54.433992	0.00000000e+00	1	23	-2.11000000e-05	-5.67604000e-08	7.00043000e-01	5.65094000e-08
2.00723709e+02	2026-08-11T16:33:54.498306	0.00000000e+00	1	23	-2.50340000e-05	-7.70534000e-08	8.00049000e-01	7.11844000e-08
2.00795557e+02	2026-08-11T16:33:54.561477	0.00000000e+00	1	23	-2.15530000e-05	-1.02689000e-07	9.00057000e-01	1.18445000e-07
2.00889034e+02	2026-08-11T16:33:54.657405	0.00000000e+00	1	23	-2.16246000e-05	-1.69006000e-07	1.00006000e+00	1.76627000e-07
2.00952893e+02	2026-08-11T16:33:54.721380	0.00000000e+00	1	23	-2.03371000e-05	-2.74665000e-07	1.10006000e+00	2.40233000e-07
2.00999060e+02	2026-08-11T16:33:54.771511	0.00000000e+00	1	23	-1.99556000e-05	-2.95698000e-07	1.20006000e+00	3.79258000e-07
2.01058929e+02	2026-08-11T16:33:54.834008	0.00000000e+00	1	23	--	--	1.30005000e+00	1.09886000e-04
2.01226917e+02	2026-08-11T16:33:54.993093	0.00000000e+00	1	23	--	--	1.40005000e+00	1.09885000e-04
2.01283185e+02	2026-08-11T16:33:55.057260	0.00000000e+00	1	23	--	--	1.50004000e+00	1.09885000e-04
2.01335505e+02	2026-08-11T16:33:55.108681	0.00000000e+00	1	23	--	--	1.60004000e+00	1.09885000e-04
2.01394986e+02	2026-08-11T16:33:55.168772	0.00000000e+00	1	23	--	--	1.70003000e+00	1.09886000e-04
2.01439055e+02	2026-08-11T16:33:55.200267	0.00000000e+00	1	23	--	--	1.80002000e+00	1.09886000e-04
2.01486905e+02	2026-08-11T16:33:55.260185	0.00000000e+00	1	23	--	--	1.90002000e+00	1.09887000e-04
2.01539816e+02	2026-08-11T16:33:55.310615	0.00000000e+00	1	23	--	--	2.00000000e+00	1.09887000e-04
2.01604533e+02	2026-08-11T16:33:55.374238	0.00000000e+00	1	23	--	--	2.10028000e+00	1.09886000e-04
2.01665105e+02	2026-08-11T16:33:55.437587	0.00000000e+00	1	23	--	--	2.20048000e+00	1.09886000e-04
2.01727885e+02	2026-08-11T16:33:55.501407	0.00000000e+00	1	23	--	--	2.30025000e+00	1.09887000e-04
2.01790615e+02	2026-08-11T16:33:55.564406	0.00000000e+00	1	23	--	--	2.40045000e+00	1.09886000e-04
2.01853917e+02	2026-08-11T16:33:55.627811	0.00000000e+00	1	23	--	--	2.50053000e+00	1.09887000e-04
2.01918838e+02	2026-08-11T16:33:55.691533	0.00000000e+00	1	23	--	--	2.60036000e+00	1.09887000e-04
2.01965867e+02	2026-08-11T16:33:55.739498	0.00000000e+00	1	23	--	--	2.70051000e+00	1.09888000e-04
2.02018116e+02	2026-08-11T16:33:55.787669	0.00000000e+00	1	23	--	--	2.80035000e+00	1.09887000e-04
2.02062552e+02	2026-08-11T16:33:55.835090	0.00000000e+00	1	23	--	--	2.90055000e+00	1.09887000e-04
2.02119580e+02	2026-08-11T16:33:55.893489	0.00000000e+00	1	23	--	--	3.00037000e+00	1.09887000e-04
2.02174234e+02	2026-08-11T16:33:55.946261	0.00000000e+00	1	23	--	--	3.10055000e+00	1.09884000e-04
2.02250235e+02	2026-08-11T16:33:56.010099	0.00000000e+00	1	23	--	--	3.20065000e+00	1.09887000e-04
2.02299534e+02	2026-08-11T16:33:56.073871	0.00000000e+00	1	23	--	--	3.30046000e+00	1.09887000e-04
2.02343818e+02	2026-08-11T16:33:56.116012	0.00000000e+00	1	23	--	--	3.40063000e+00	1.09887000e-04
2.02399347e+02	2026-08-11T16:33:56.169444	0.00000000e+00	1	23	--	--	3.50049000e+00	1.09888000e-04
2.02461407e+02	2026-08-11T16:33:56.233651	0.00000000e+00	1	23	--	--	3.60060000e+00	1.09889000e-04
2.02522881e+02	2026-08-11T16:33:56.297246	0.00000000e+00	1	23	--	--	3.70048000e+00	1.09888000e-04
2.02570907e+02	2026-08-11T16:33:56.345259	0.00000000e+00	1	23	--	--	3.80059000e+00	1.09888000e-04
2.02627754e+02	2026-08-11T16:33:56.393169	0.00000000e+00	1	23	--	--	3.90074000e+00	1.09889000e-04
2.02700190e+02	2026-08-11T16:33:56.472581	0.00000000e+00	1	23	--	--	4.00057000e+00	1.09890000e-04
2.02753103e+02	2026-08-11T16:33:56.520042	0.00000000e+00	1	23	--	--	4.00056000e+00	1.09890000e-04
2.02810696e+02	2026-08-11T16:33:56.583740	0.00000000e+00	1	23	--	--	3.90068000e+00	1.09890000e-04
2.02855717e+02	2026-08-11T16:33:56.626053	0.00000000e+00	1	23	--	--	3.80061000e+00	1.09890000e-04
2.02906406e+02	2026-08-11T16:33:56.679166	0.00000000e+00	1	23	--	--	3.70049000e+00	1.09889000e-04
2.02951232e+02	2026-08-11T16:33:56.711315	0.00000000e+00	1	23	--	--	3.60061000e+00	1.09889000e-04
2.03000936e+02	2026-08-11T16:33:56.774986	0.00000000e+00	1	23	--	--	3.50052000e+00	1.09889000e-04
2.03064199e+02	2026-08-11T16:33:56.838533	0.00000000e+00	1	23	--	--	3.40062000e+00	1.09888000e-04
2.03127482e+02	2026-08-11T16:33:56.902442	0.00000000e+00	1	23	--	--	3.30049000e+00	1.09889000e-04
2.03192162e+02	2026-08-11T16:33:56.965733	0.00000000e+00	1	23	--	--	3.20070000e+00	1.09889000e-04
2.03258826e+02	2026-08-11T16:33:57.029175	0.00000000e+00	1	23	--	--	3.10058000e+00	1.09885000e-04
2.03319774e+02	2026-08-11T16:33:57.092742	0.00000000e+00	1	23	--	--	3.00038000e+00	1.09887000e-04
2.03364086e+02	2026-08-11T16:33:57.124449	0.00000000e+00	1	23	--	--	2.90057000e+00	1.09888000e-04
2.03428700e+02	2026-08-11T16:33:57.188295	0.00000000e+00	1	23	--	--	2.80040000e+00	1.09888000e-04
2.03490833e+02	2026-08-11T16:33:57.252242	0.00000000e+00	1	23	--	--	2.70056000e+00	1.09887000e-04
2.03542384e+02	2026-08-11T16:33:57.315938	0.00000000e+00	1	23	--	--	2.60040000e+00	1.09887000e-04
2.03604538e+02	2026-08-11T16:33:57.378533	0.00000000e+00	1	23	--	--	2.50060000e+00	1.09887000e-04
2.03668157e+02	2026-08-11T16:33:57.441904	0.00000000e+00	1	23	--	--	2.40048000e+00	1.09887000e-04
2.03713020e+02	2026-08-11T16:33:57.474133	0.00000000e+00	1	23	--	--	2.30027000e+00	1.09886000e-04
2.03763040e+02	2026-08-11T16:33:57.537629	0.00000000e+00	1	23	--	--	2.20051000e+00	1.09886000e-04
2.03827673e+02	2026-08-11T16:33:57.601679	0.00000000e+00	1	23	--	--	2.10034000e+00	1.09887000e-04
2.03890985e+02	2026-08-11T16:33:57.665587	0.00000000e+00	1	23	--	--	2.00001000e+00	1.09887000e-04
2.03954974e+02	2026-08-11T16:33:57.729439	0.00000000e+00	1	23	--	--	1.90003000e+00	1.09886000e-04
2.04009782e+02	2026-08-11T16:33:57.776693	0.00000000e+00	1	23	--	--	1.80003000e+00	1.09886000e-04
2.04054773e+02	2026-08-11T16:33:57.824854	0.00000000e+00	1	23	--	--	1.70004000e+00	1.09886000e-04
2.04114318e+02	2026-08-11T16:33:57.888832	0.00000000e+00	1	23	--	--	1.60005000e+00	1.09886000e-04
2.04161637e+02	2026-08-11T16:33:57.936432	0.00000000e+00	1	23	--	--	1.50005000e+00	1.09887000e-04
2.04212646e+02	2026-08-11T16:33:57.984302	0.00000000e+00	1	23	--	--	1.40006000e+00	1.09887000e-04
2.04273862e+02	2026-08-11T16:33:58.047942	0.00000000e+00	1	23	--	--	1.30007000e+00	1.09886000e-04
2.04327160e+02	2026-08-11T16:33:58.100227	0.00000000e+00	1	23	--	--	1.20007000e+00	1.09886000e-04
2.04396194e+02	2026-08-11T16:33:58.160242	0.00000000e+00	1	23	--	--	1.10007000e+00	1.09887000e-04
2.04458929e+02	2026-08-11T16:33:58.223985	0.00000000e+00	1	23	1.98287000e-01	-1.09913000e-04	1.00007000e+00	1.09887000e-04
2.04505302e+02	2026-08-11T16:33:58.277193	0.00000000e+00	1	23	8.12784000e-02	-1.09914000e-04	9.00066000e-01	1.09888000e-04
2.04561252e+02	2026-08-11T16:33:58.335749	0.00000000e+00	1	23	-2.82764000e-05	-1.03056000e-04	8.00061000e-01	1.02363000e-04
2.04607687e+02	2026-08-11T16:33:58.367568	0.00000000e+00	1	23	-2.05040000e-05	-7.10877000e-05	7.00048000e-01	7.11380000e-05
2.04693253e+02	2026-08-11T16:33:58.462738	0.00000000e+00	1	23	-1.53065000e-05	-4.72784000e-05	6.00037000e-01	4.72765000e-05
2.04758030e+02	2026-08-11T16:33:58.525616	0.00000000e+00	1	23	-1.36375000e-05	-3.08109000e-05	5.00036000e-01	3.07397000e-05
2.04809403e+02	2026-08-11T16:33:58.580860	0.00000000e+00	1	23	-1.06335000e-05	-2.00710000e-05	4.00035000e-01	2.00387000e-05
2.04865925e+02	2026-08-11T16:33:58.636948	0.00000000e+00	1	23	-1.08719000e-05	-1.28519000e-05	3.00030000e-01	1.28321000e-05
2.04926947e+02	2026-08-11T16:33:58.700514	0.00000000e+00	1	23	-5.86510000e-06	-7.66625000e-06	2.00060000e-01	7.65970000e-06
2.05031691e+02	2026-08-11T16:33:58.795816	0.00000000e+00	1	23	-7.36713000e-06	-3.58511000e-06	1.00065000e-01	3.58367000e-06
2.05098152e+02	2026-08-11T16:33:58.858768	0.00000000e+00	1	23	-1.32561000e-05	-4.44448000e-09	6.45161000e-05	4.44810000e-09
2.09330727e+02	2026-08-11T16:34:03.097767	0.00000000e+00	1	24	-1.72138000e-05	-1.75834000e-11	4.99487000e-05	-3.32713000e-11
2.09389274e+02	2026-08-11T16:34:03.161742	0.00000000e+00	1	24	-1.50681000e-05	-8.28804000e-09	1.00054000e-01	9.19206000e-09
2.09436264e+02	2026-08-11T16:34:03.209162	0.00000000e+00	1	24	-1.56164000e-05	-1.70677000e-08	2.00050000e-01	1.69881000e-08
2.09484098e+02	2026-08-11T16:34:03.256339	0.00000000e+00	1	24	-1.50442000e-05	-2.56926000e-08	3.00017000e-01	2.41840000e-08
2.09554669e+02	2026-08-11T16:34:03.328609	0.00000000e+00	1	24	-1.39713000e-05	-3.09690000e-08	4.00030000e-01	2.89774000e-08
2.09615996e+02	2026-08-11T16:34:03.384842	0.00000000e+00	1	24	-1.43766000e-05	-3.57797000e-08	5.00027000e-01	3.63574000e-08
2.09673264e+02	2026-08-11T16:34:03.447687	0.00000000e+00	1	24	-1.29461000e-05	-4.83085000e-08	6.00029000e-01	5.12035000e-08
2.09740849e+02	2026-08-11T16:34:03.511513	0.00000000e+00	1	24	-1.61648000e-05	-6.65855000e-08	7.00042000e-01	6.11074000e-08
2.09812026e+02	2026-08-11T16:34:03.585897	0.00000000e+00	1	24	-1.61648000e-05	-9.81829000e-08	8.00052000e-01	1.07163000e-07
2.09908803e+02	2026-08-11T16:34:03.671165	0.00000000e+00	1	24	-1.37329000e-05	-1.84816000e-07	9.00056000e-01	1.88315000e-07
2.09953430e+02	2026-08-11T16:34:03.726986	0.00000000e+00	1	24	-1.32322000e-05	-1.90150000e-07	1.00006000e+00	2.69082000e-07
2.10008801e+02	2026-08-11T16:34:03.783194	0.00000000e+00	1	24	-1.31607000e-05	-2.82531000e-07	1.10005000e+00	2.82984000e-07
2.10056546e+02	2026-08-11T16:34:03.831348	0.00000000e+00	1	24	-1.45912000e-05	-3.61565000e-07	1.20005000e+00	3.85076000e-07
2.10109069e+02	2026-08-11T16:34:03.879188	0.00000000e+00	1	24	-1.50442000e-05	-5.90754000e-07	1.30005000e+00	6.39746000e-07
2.10179666e+02	2026-08-11T16:34:03.943400	0.00000000e+00	1	24	-1.66893000e-05	-8.34994000e-07	1.40005000e+00	1.07419000e-06
2.10245014e+02	2026-08-11T16:34:04.006890	0.00000000e+00	1	24	-1.52111000e-05	-1.36089000e-06	1.50004000e+00	1.23433000e-06
2.10311285e+02	2026-08-11T16:34:04.070653	0.00000000e+00	1	24	--	--	1.60004000e+00	1.09887000e-04
2.10440219e+02	2026-08-11T16:34:04.214535	0.00000000e+00	1	24	--	--	1.70003000e+00	1.09885000e-04
2.10487585e+02	2026-08-11T16:34:04.262096	0.00000000e+00	1	24	--	--	1.80002000e+00	1.09885000e-04
2.10546295e+02	2026-08-11T16:34:04.320834	0.00000000e+00	1	24	--	--	1.90002000e+00	1.09885000e-04
2.10599409e+02	2026-08-11T16:34:04.374230	0.00000000e+00	1	24	--	--	2.00000000e+00	1.09886000e-04
2.10648559e+02	2026-08-11T16:34:04.423038	0.00000000e+00	1	24	--	--	2.10026000e+00	1.09884000e-04
2.10726472e+02	2026-08-11T16:34:04.501556	0.00000000e+00	1	24	--	--	2.20046000e+00	1.09886000e-04
2.10781350e+02	2026-08-11T16:34:04.555414	0.00000000e+00	1	24	--	--	2.30022000e+00	1.09887000e-04
2.10839148e+02	2026-08-11T16:34:04.613477	0.00000000e+00	1	24	--	--	2.40043000e+00	1.09885000e-04
2.10883765e+02	2026-08-11T16:34:04.655552	0.00000000e+00	1	24	--	--	2.50051000e+00	1.09886000e-04
2.10933723e+02	2026-08-11T16:34:04.708486	0.00000000e+00	1	24	--	--	2.60036000e+00	1.09887000e-04
2.10981012e+02	2026-08-11T16:34:04.750973	0.00000000e+00	1	24	--	--	2.70048000e+00	1.09887000e-04
2.11039419e+02	2026-08-11T16:34:04.814278	0.00000000e+00	1	24	--	--	2.80032000e+00	1.09887000e-04
2.11093310e+02	2026-08-11T16:34:04.867342	0.00000000e+00	1	24	--	--	2.90049000e+00	1.09886000e-04
2.11137980e+02	2026-08-11T16:34:04.898718	0.00000000e+00	1	24	--	--	3.00030000e+00	1.09885000e-04
2.11188239e+02	2026-08-11T16:34:04.962341	0.00000000e+00	1	24	--	--	3.10051000e+00	1.09885000e-04
2.11252967e+02	2026-08-11T16:34:05.025569	0.00000000e+00	1	24	--	--	3.20062000e+00	1.09887000e-04
2.11299323e+02	2026-08-11T16:34:05.073728	0.00000000e+00	1	24	--	--	3.30043000e+00	1.09887000e-04
2.11346683e+02	2026-08-11T16:34:05.120957	0.00000000e+00	1	24	--	--	3.40058000e+00	1.09888000e-04
2.11421870e+02	2026-08-11T16:34:05.195422	0.00000000e+00	1	24	--	--	3.50047000e+00	1.09887000e-04
2.11484821e+02	2026-08-11T16:34:05.258616	0.00000000e+00	1	24	--	--	3.60055000e+00	1.09887000e-04
2.11554199e+02	2026-08-11T16:34:05.328094	0.00000000e+00	1	24	--	--	3.70039000e+00	1.09887000e-04
2.11599934e+02	2026-08-11T16:34:05.370252	0.00000000e+00	1	24	--	--	3.80050000e+00	1.09889000e-04
2.11649255e+02	2026-08-11T16:34:05.424086	0.00000000e+00	1	24	--	--	3.90065000e+00	1.09889000e-04
2.11712877e+02	2026-08-11T16:34:05.487375	0.00000000e+00	1	24	--	--	4.00045000e+00	1.09889000e-04
2.11762504e+02	2026-08-11T16:34:05.537176	0.00000000e+00	1	24	--	--	4.00044000e+00	1.09889000e-04
2.11806899e+02	2026-08-11T16:34:05.566620	0.00000000e+00	1	24	--	--	3.90061000e+00	1.09889000e-04
2.11867598e+02	2026-08-11T16:34:05.630163	0.00000000e+00	1	24	--	--	3.80051000e+00	1.09888000e-04
2.11925003e+02	2026-08-11T16:34:05.694329	0.00000000e+00	1	24	--	--	3.70040000e+00	1.09888000e-04
2.11984596e+02	2026-08-11T16:34:05.757591	0.00000000e+00	1	24	--	--	3.60052000e+00	1.09889000e-04
2.12030669e+02	2026-08-11T16:34:05.805697	0.00000000e+00	1	24	--	--	3.50042000e+00	1.09889000e-04
2.12094058e+02	2026-08-11T16:34:05.868494	0.00000000e+00	1	24	--	--	3.40054000e+00	1.09888000e-04
2.12143574e+02	2026-08-11T16:34:05.916269	0.00000000e+00	1	24	--	--	3.30039000e+00	1.09889000e-04
2.12199051e+02	2026-08-11T16:34:05.963672	0.00000000e+00	1	24	--	--	3.20060000e+00	1.09888000e-04
2.12253721e+02	2026-08-11T16:34:06.028026	0.00000000e+00	1	24	--	--	3.10045000e+00	1.09885000e-04
2.12299622e+02	2026-08-11T16:34:06.059459	0.00000000e+00	1	24	--	--	3.00028000e+00	1.09887000e-04
2.12349397e+02	2026-08-11T16:34:06.123633	0.00000000e+00	1	24	--	--	2.90046000e+00	1.09887000e-04
2.12399022e+02	2026-08-11T16:34:06.171532	0.00000000e+00	1	24	--	--	2.80030000e+00	1.09888000e-04
2.12448707e+02	2026-08-11T16:34:06.219437	0.00000000e+00	1	24	--	--	2.70045000e+00	1.09888000e-04
2.12508916e+02	2026-08-11T16:34:06.282614	0.00000000e+00	1	24	--	--	2.60031000e+00	1.09888000e-04
2.12554016e+02	2026-08-11T16:34:06.325012	0.00000000e+00	1	24	--	--	2.50048000e+00	1.09889000e-04
2.12604548e+02	2026-08-11T16:34:06.378738	0.00000000e+00	1	24	--	--	2.40039000e+00	1.09888000e-04
2.12667772e+02	2026-08-11T16:34:06.442337	0.00000000e+00	1	24	--	--	2.30020000e+00	1.09887000e-04
2.12714411e+02	2026-08-11T16:34:06.484734	0.00000000e+00	1	24	--	--	2.20045000e+00	1.09888000e-04
2.12762997e+02	2026-08-11T16:34:06.537486	0.00000000e+00	1	24	--	--	2.10024000e+00	1.09887000e-04
2.12811580e+02	2026-08-11T16:34:06.585811	0.00000000e+00	1	24	--	--	2.00001000e+00	1.09887000e-04
2.12869068e+02	2026-08-11T16:34:06.633962	0.00000000e+00	1	24	--	--	1.90002000e+00	1.09886000e-04
2.12923261e+02	2026-08-11T16:34:06.697155	0.00000000e+00	1	24	--	--	1.80002000e+00	1.09886000e-04
2.12968873e+02	2026-08-11T16:34:06.728840	0.00000000e+00	1	24	--	--	1.70003000e+00	1.09886000e-04
2.13017672e+02	2026-08-11T16:34:06.792213	0.00000000e+00	1	24	--	--	1.60003000e+00	1.09887000e-04
2.13065258e+02	2026-08-11T16:34:06.839901	0.00000000e+00	1	24	--	--	1.50004000e+00	1.09886000e-04
2.13119967e+02	2026-08-11T16:34:06.887165	0.00000000e+00	1	24	--	--	1.40005000e+00	1.09888000e-04
2.13165044e+02	2026-08-11T16:34:06.934905	0.00000000e+00	1	24	--	--	1.30005000e+00	1.09887000e-04
2.13225115e+02	2026-08-11T16:34:06.998969	0.00000000e+00	1	24	--	--	1.20006000e+00	1.09889000e-04
2.13288224e+02	2026-08-11T16:34:07.062661	0.00000000e+00	1	24	--	--	1.10005000e+00	1.09888000e-04
2.13340126e+02	2026-08-11T16:34:07.110498	0.00000000e+00	1	24	1.45196000e-01	-1.09914000e-04	1.00006000e+00	1.09889000e-04
2.13396567e+02	2026-08-11T16:34:07.158369	0.00000000e+00	1	24	4.52952000e-02	-1.09915000e-04	9.00055000e-01	1.09889000e-04
2.13447315e+02	2026-08-11T16:34:07.222104	0.00000000e+00	1	24	-2.69413000e-05	-7.68154000e-05	8.00049000e-01	7.63468000e-05
2.13533548e+02	2026-08-11T16:34:07.305973	0.00000000e+00	1	24	-1.61648000e-05	-3.67676000e-05	7.00044000e-01	3.68242000e-05
2.13585702e+02	2026-08-11T16:34:07.353778	0.00000000e+00	1	24	-1.35660000e-05	-2.10673000e-05	6.00038000e-01	2.10758000e-05
2.13649108e+02	2026-08-11T16:34:07.413595	0.00000000e+00	1	24	-1.27792000e-05	-1.36364000e-05	5.00032000e-01	1.36166000e-05
2.13703361e+02	2026-08-11T16:34:07.478526	0.00000000e+00	1	24	-5.86510000e-06	-9.16216000e-06	4.00031000e-01	9.17336000e-06
2.13814780e+02	2026-08-11T16:34:07.588710	0.00000000e+00	1	24	-7.00951000e-06	-6.08334000e-06	3.00019000e-01	6.08399000e-06
2.13870770e+02	2026-08-11T16:34:07.636608	0.00000000e+00	1	24	-8.36849000e-06	-3.73042000e-06	2.00054000e-01	3.72861000e-06
2.13926456e+02	2026-08-11T16:34:07.700772	0.00000000e+00	1	24	-8.96454000e-06	-1.77521000e-06	1.00059000e-01	1.77478000e-06
2.13971110e+02	2026-08-11T16:34:07.732476	0.00000000e+00	1	24	-1.22547000e-05	-2.00686000e-09	5.52654000e-05	1.99684000e-09
2.18106390e+02	2026-08-11T16:34:11.880896	0.00000000e+00	1	25	-1.57833000e-05	-2.70844000e-11	5.42879000e-05	-4.06146000e-11
2.18162496e+02	2026-08-11T16:34:11.937296	0.00000000e+00	1	25	-1.25885000e-05	-6.43902000e-09	1.00059000e-01	7.90675000e-09
2.18214017e+02	2026-08-11T16:34:11.988961	0.00000000e+00	1	25	-1.36614000e-05	-1.48921000e-08	2.00056000e-01	1.67965000e-08
2.18260931e+02	2026-08-11T16:34:12.036079	0.00000000e+00	1	25	-1.29461000e-05	-2.98714000e-08	3.00019000e-01	3.05247000e-08
2.18324020e+02	2026-08-11T16:34:12.098390	0.00000000e+00	1	25	-1.13249000e-05	-5.35984000e-08	4.00027000e-01	6.39806000e-08
2.18378360e+02	2026-08-11T16:34:12.153465	0.00000000e+00	1	25	-1.64509000e-05	-4.15490000e-07	5.00027000e-01	3.92320000e-07
2.18465686e+02	2026-08-11T16:34:12.240880	0.00000000e+00	1	25	-1.81913000e-05	-3.67676000e-07	6.00039000e-01	1.45463000e-07
2.18533777e+02	2026-08-11T16:34:12.308718	0.00000000e+00	1	25	-1.84298000e-05	-2.76373000e-07	7.00047000e-01	2.39488000e-07
2.18583830e+02	2026-08-11T16:34:12.358923	0.00000000e+00	1	25	-1.96457000e-05	-4.62160000e-07	8.00057000e-01	2.31502000e-07
2.18629213e+02	2026-08-11T16:34:12.402336	0.00000000e+00	1	25	-1.82152000e-05	-2.81421000e-07	9.00061000e-01	2.70322000e-07
2.18687615e+02	2026-08-11T16:34:12.456490	0.00000000e+00	1	25	-1.71900000e-05	-6.34912000e-07	1.00006000e+00	9.29585000e-07
2.18753186e+02	2026-08-11T16:34:12.520176	0.00000000e+00	1	25	-1.44720000e-05	-1.34596000e-06	1.10004000e+00	5.13001000e-06
2.18819857e+02	2026-08-11T16:34:12.594506	0.00000000e+00	1	25	--	--	1.20006000e+00	1.09889000e-04
2.18946042e+02	2026-08-11T16:34:12.711507	0.00000000e+00	1	25	--	--	1.30006000e+00	1.09888000e-04
2.18995363e+02	2026-08-11T16:34:12.769307	0.00000000e+00	1	25	--	--	1.40005000e+00	1.09888000e-04
2.19057765e+02	2026-08-11T16:34:12.823248	0.00000000e+00	1	25	--	--	1.50004000e+00	1.09887000e-04
2.19112917e+02	2026-08-11T16:34:12.886436	0.00000000e+00	1	25	--	--	1.60004000e+00	1.09887000e-04
2.19157888e+02	2026-08-11T16:34:12.928492	0.00000000e+00	1	25	--	--	1.70003000e+00	1.09886000e-04
2.19220389e+02	2026-08-11T16:34:12.991817	0.00000000e+00	1	25	--	--	1.80002000e+00	1.09887000e-04
2.19274670e+02	2026-08-11T16:34:13.045235	0.00000000e+00	1	25	--	--	1.90002000e+00	1.09885000e-04
2.19322472e+02	2026-08-11T16:34:13.093161	0.00000000e+00	1	25	--	--	2.00001000e+00	1.09887000e-04
2.19382858e+02	2026-08-11T16:34:13.156882	0.00000000e+00	1	25	--	--	2.10031000e+00	1.09887000e-04
2.19446354e+02	2026-08-11T16:34:13.220570	0.00000000e+00	1	25	--	--	2.20050000e+00	1.09887000e-04
2.19503185e+02	2026-08-11T16:34:13.277725	0.00000000e+00	1	25	--	--	2.30027000e+00	1.09887000e-04
2.19555026e+02	2026-08-11T16:34:13.326365	0.00000000e+00	1	25	--	--	2.40047000e+00	1.09887000e-04
2.19610467e+02	2026-08-11T16:34:13.384860	0.00000000e+00	1	25	--	--	2.50059000e+00	1.09887000e-04
2.19667006e+02	2026-08-11T16:34:13.441868	0.00000000e+00	1	25	--	--	2.60039000e+00	1.09887000e-04
2.19711668e+02	2026-08-11T16:34:13.483193	0.00000000e+00	1	25	--	--	2.70054000e+00	1.09888000e-04
2.19766208e+02	2026-08-11T16:34:13.536773	0.00000000e+00	1	25	--	--	2.80039000e+00	1.09888000e-04
2.19827101e+02	2026-08-11T16:34:13.601046	0.00000000e+00	1	25	--	--	2.90057000e+00	1.09888000e-04
2.19871569e+02	2026-08-11T16:34:13.631949	0.00000000e+00	1	25	--	--	3.00035000e+00	1.09888000e-04
2.19921173e+02	2026-08-11T16:34:13.695327	0.00000000e+00	1	25	--	--	3.10055000e+00	1.09886000e-04
2.19984106e+02	2026-08-11T16:34:13.758603	0.00000000e+00	1	25	--	--	3.20065000e+00	1.09890000e-04
2.20047564e+02	2026-08-11T16:34:13.822205	0.00000000e+00	1	25	--	--	3.30045000e+00	1.09888000e-04
2.20094053e+02	2026-08-11T16:34:13.867225	0.00000000e+00	1	25	--	--	3.40060000e+00	1.09889000e-04
2.20153259e+02	2026-08-11T16:34:13.928100	0.00000000e+00	1	25	--	--	3.50047000e+00	1.09889000e-04
2.20218811e+02	2026-08-11T16:34:13.991998	0.00000000e+00	1	25	--	--	3.60059000e+00	1.09889000e-04
2.20270970e+02	2026-08-11T16:34:14.045592	0.00000000e+00	1	25	--	--	3.70047000e+00	1.09889000e-04
2.20315146e+02	2026-08-11T16:34:14.077280	0.00000000e+00	1	25	--	--	3.80058000e+00	1.09889000e-04
2.20376393e+02	2026-08-11T16:34:14.141346	0.00000000e+00	1	25	--	--	3.90066000e+00	1.09890000e-04
2.20440258e+02	2026-08-11T16:34:14.215372	0.00000000e+00	1	25	--	--	4.00053000e+00	1.09890000e-04
2.20486863e+02	2026-08-11T16:34:14.252648	0.00000000e+00	1	25	--	--	4.00050000e+00	1.09889000e-04
2.20541520e+02	2026-08-11T16:34:14.316292	0.00000000e+00	1	25	--	--	3.90070000e+00	1.09889000e-04
2.20599802e+02	2026-08-11T16:34:14.374935	0.00000000e+00	1	25	--	--	3.80055000e+00	1.09889000e-04
2.20664884e+02	2026-08-11T16:34:14.438146	0.00000000e+00	1	25	--	--	3.70048000e+00	1.09890000e-04
2.20727598e+02	2026-08-11T16:34:14.491491	0.00000000e+00	1	25	--	--	3.60058000e+00	1.09889000e-04
2.20780892e+02	2026-08-11T16:34:14.554970	0.00000000e+00	1	25	--	--	3.50047000e+00	1.09889000e-04
2.20826720e+02	2026-08-11T16:34:14.597348	0.00000000e+00	1	25	--	--	3.40059000e+00	1.09889000e-04
2.20884808e+02	2026-08-11T16:34:14.650117	0.00000000e+00	1	25	--	--	3.30045000e+00	1.09888000e-04
2.20937618e+02	2026-08-11T16:34:14.708802	0.00000000e+00	1	25	--	--	3.20065000e+00	1.09888000e-04
2.20999049e+02	2026-08-11T16:34:14.772625	0.00000000e+00	1	25	--	--	3.10057000e+00	1.09885000e-04
2.21063411e+02	2026-08-11T16:34:14.825111	0.00000000e+00	1	25	--	--	3.00038000e+00	1.09888000e-04
2.21109679e+02	2026-08-11T16:34:14.883244	0.00000000e+00	1	25	--	--	2.90052000e+00	1.09888000e-04
2.21162102e+02	2026-08-11T16:34:14.936720	0.00000000e+00	1	25	--	--	2.80037000e+00	1.09888000e-04
2.21226865e+02	2026-08-11T16:34:15.000766	0.00000000e+00	1	25	--	--	2.70056000e+00	1.09889000e-04
2.21290067e+02	2026-08-11T16:34:15.064440	0.00000000e+00	1	25	--	--	2.60042000e+00	1.09887000e-04
2.21353147e+02	2026-08-11T16:34:15.127488	0.00000000e+00	1	25	--	--	2.50061000e+00	1.09887000e-04
2.21402278e+02	2026-08-11T16:34:15.174712	0.00000000e+00	1	25	--	--	2.40048000e+00	1.09887000e-04
2.21447489e+02	2026-08-11T16:34:15.222370	0.00000000e+00	1	25	--	--	2.30032000e+00	1.09887000e-04
2.21493786e+02	2026-08-11T16:34:15.264865	0.00000000e+00	1	25	--	--	2.20052000e+00	1.09887000e-04
2.21548928e+02	2026-08-11T16:34:15.318732	0.00000000e+00	1	25	--	--	2.10033000e+00	1.09888000e-04
2.21609434e+02	2026-08-11T16:34:15.382210	0.00000000e+00	1	25	--	--	2.00001000e+00	1.09888000e-04
2.21676549e+02	2026-08-11T16:34:15.445730	0.00000000e+00	1	25	--	--	1.90003000e+00	1.09888000e-04
2.21735572e+02	2026-08-11T16:34:15.510526	0.00000000e+00	1	25	--	--	1.80003000e+00	1.09886000e-04
2.21798404e+02	2026-08-11T16:34:15.573007	0.00000000e+00	1	25	--	--	1.70004000e+00	1.09887000e-04
2.21862716e+02	2026-08-11T16:34:15.637639	0.00000000e+00	1	25	--	--	1.60005000e+00	1.09887000e-04
2.21926979e+02	2026-08-11T16:34:15.700927	0.00000000e+00	1	25	--	--	1.50005000e+00	1.09887000e-04
2.21989935e+02	2026-08-11T16:34:15.765072	0.00000000e+00	1	25	--	--	1.40006000e+00	1.09888000e-04
2.22053160e+02	2026-08-11T16:34:15.827726	0.00000000e+00	1	25	--	--	1.30007000e+00	1.09888000e-04
2.22100974e+02	2026-08-11T16:34:15.875827	0.00000000e+00	1	25	--	--	1.20007000e+00	1.09890000e-04
2.22150551e+02	2026-08-11T16:34:15.924250	0.00000000e+00	1	25	1.74587000e-01	-1.09915000e-04	1.10007000e+00	1.09890000e-04
2.22195473e+02	2026-08-11T16:34:15.955248	0.00000000e+00	1	25	7.52254000e-02	-1.09915000e-04	1.00007000e+00	1.09890000e-04
2.22251380e+02	2026-08-11T16:34:16.018201	0.00000000e+00	1	25	-3.13044000e-05	-9.91662000e-05	9.00065000e-01	9.90229000e-05
2.22337581e+02	2026-08-11T16:34:16.108843	0.00000000e+00	1	25	-2.25782000e-05	-6.08096000e-05	8.00065000e-01	6.07288000e-05
2.22383015e+02	2026-08-11T16:34:16.156778	0.00000000e+00	1	25	-1.95503000e-05	-3.61405000e-05	7.00054000e-01	3.61118000e-05
2.22430261e+02	2026-08-11T16:34:16.204954	0.00000000e+00	1	25	-1.63317000e-05	-2.29298000e-05	6.00047000e-01	2.29178000e-05
2.22499515e+02	2026-08-11T16:34:16.273375	0.00000000e+00	1	25	-1.44720000e-05	-1.54349000e-05	5.00038000e-01	1.54091000e-05
2.22546483e+02	2026-08-11T16:34:16.321125	0.00000000e+00	1	25	-1.33514000e-05	-1.06032000e-05	4.00044000e-01	1.05862000e-05
2.22610414e+02	2026-08-11T16:34:16.384965	0.00000000e+00	1	25	-7.86781000e-06	-7.16057000e-06	3.00027000e-01	7.15659000e-06
2.22715842e+02	2026-08-11T16:34:16.481185	0.00000000e+00	1	25	-8.05855000e-06	-4.45202000e-06	2.00060000e-01	4.45062000e-06
2.22771409e+02	2026-08-11T16:34:16.546186	0.00000000e+00	1	25	-1.13010000e-05	-2.13787000e-06	1.00067000e-01	2.13709000e-06
2.22816201e+02	2026-08-11T16:34:16.577551	0.00000000e+00	1	25	-1.16587000e-05	-2.53608000e-09	6.33001000e-05	2.48889000e-09
2.27005387e+02	2026-08-11T16:34:20.779771	0.00000000e+00	1	26	-1.86443000e-05	-1.41025000e-11	6.16550000e-05	-3.44038000e-11
2.27052038e+02	2026-08-11T16:34:20.811542	0.00000000e+00	1	26	-1.15156000e-05	-4.54596000e-09	1.00068000e-01	7.73169000e-09
2.27111831e+02	2026-08-11T16:34:20.875624	0.00000000e+00	1	26	-1.45435000e-05	-1.42202000e-08	2.00061000e-01	1.43582000e-08
2.27171961e+02	2026-08-11T16:34:20.939706	0.00000000e+00	1	26	-1.60456000e-05	-2.49210000e-08	3.00029000e-01	2.29332000e-08
2.27236601e+02	2026-08-11T16:34:21.009905	0.00000000e+00	1	26	-1.45435000e-05	-3.19710000e-08	4.00038000e-01	3.09129000e-08
2.27298203e+02	2026-08-11T16:34:21.067384	0.00000000e+00	1	26	-1.49250000e-05	-5.77126000e-08	5.00033000e-01	5.85809000e-08
2.27357465e+02	2026-08-11T16:34:21.131660	0.00000000e+00	1	26	-1.17064000e-05	-8.28152000e-08	6.00037000e-01	9.13553000e-08
2.27405420e+02	2026-08-11T16:34:21.179880	0.00000000e+00	1	26	-1.40667000e-05	-1.66010000e-07	7.00052000e-01	1.31928000e-07
2.27492348e+02	2026-08-11T16:34:21.259271	0.00000000e+00	1	26	-1.58310000e-05	-1.78542000e-07	8.00064000e-01	1.95215000e-07
2.27555770e+02	2026-08-11T16:34:21.323077	0.00000000e+00	1	26	-1.66655000e-05	-1.76554000e-07	9.00068000e-01	1.64552000e-07
2.27615481e+02	2026-08-11T16:34:21.387259	0.00000000e+00	1	26	-1.69277000e-05	-2.34186000e-07	1.00007000e+00	2.28306000e-07
2.27676250e+02	2026-08-11T16:34:21.450194	0.00000000e+00	1	26	-1.72377000e-05	-3.39364000e-07	1.10006000e+00	3.51200000e-07
2.27722514e+02	2026-08-11T16:34:21.482275	0.00000000e+00	1	26	1.52832000e-01	-9.62384000e-07	1.20007000e+00	1.09886000e-04
2.27836743e+02	2026-08-11T16:34:21.610648	0.00000000e+00	1	26	--	--	1.30006000e+00	1.09887000e-04
2.27944322e+02	2026-08-11T16:34:21.705487	0.00000000e+00	1	26	--	--	1.40006000e+00	1.09887000e-04
2.27996626e+02	2026-08-11T16:34:21.770145	0.00000000e+00	1	26	--	--	1.50005000e+00	1.09887000e-04
2.28042456e+02	2026-08-11T16:34:21.817289	0.00000000e+00	1	26	--	--	1.60005000e+00	1.09887000e-04
2.28088267e+02	2026-08-11T16:34:21.863407	0.00000000e+00	1	26	--	--	1.70004000e+00	1.09886000e-04
2.28134255e+02	2026-08-11T16:34:21.906180	0.00000000e+00	1	26	--	--	1.80002000e+00	1.09886000e-04
2.28197305e+02	2026-08-11T16:34:21.959869	0.00000000e+00	1	26	--	--	1.90002000e+00	1.09886000e-04
2.28249407e+02	2026-08-11T16:34:22.023409	0.00000000e+00	1	26	--	--	2.00001000e+00	1.09886000e-04
2.28313162e+02	2026-08-11T16:34:22.087257	0.00000000e+00	1	26	--	--	2.10035000e+00	1.09887000e-04
2.28358745e+02	2026-08-11T16:34:22.131741	0.00000000e+00	1	26	--	--	2.20053000e+00	1.09886000e-04
2.28411400e+02	2026-08-11T16:34:22.182516	0.00000000e+00	1	26	--	--	2.30030000e+00	1.09888000e-04
2.28472216e+02	2026-08-11T16:34:22.245808	0.00000000e+00	1	26	--	--	2.40051000e+00	1.09888000e-04
2.28517022e+02	2026-08-11T16:34:22.278172	0.00000000e+00	1	26	--	--	2.50061000e+00	1.09888000e-04
2.28562214e+02	2026-08-11T16:34:22.325213	0.00000000e+00	1	26	--	--	2.60042000e+00	1.09888000e-04
2.28618544e+02	2026-08-11T16:34:22.388991	0.00000000e+00	1	26	--	--	2.70057000e+00	1.09889000e-04
2.28678375e+02	2026-08-11T16:34:22.451701	0.00000000e+00	1	26	--	--	2.80039000e+00	1.09889000e-04
2.28723580e+02	2026-08-11T16:34:22.483741	0.00000000e+00	1	26	--	--	2.90058000e+00	1.09889000e-04
2.28769490e+02	2026-08-11T16:34:22.544533	0.00000000e+00	1	26	--	--	3.00040000e+00	1.09889000e-04
2.28823553e+02	2026-08-11T16:34:22.594909	0.00000000e+00	1	26	--	--	3.10060000e+00	1.09887000e-04
2.28884712e+02	2026-08-11T16:34:22.658660	0.00000000e+00	1	26	--	--	3.20069000e+00	1.09890000e-04
2.28929122e+02	2026-08-11T16:34:22.690404	0.00000000e+00	1	26	--	--	3.30050000e+00	1.09890000e-04
2.28985531e+02	2026-08-11T16:34:22.754801	0.00000000e+00	1	26	--	--	3.40064000e+00	1.09889000e-04
2.29043461e+02	2026-08-11T16:34:22.818157	0.00000000e+00	1	26	--	--	3.50051000e+00	1.09890000e-04
2.29096679e+02	2026-08-11T16:34:22.865960	0.00000000e+00	1	26	--	--	3.60066000e+00	1.09889000e-04
2.29142045e+02	2026-08-11T16:34:22.913438	0.00000000e+00	1	26	--	--	3.70055000e+00	1.09890000e-04
2.29202123e+02	2026-08-11T16:34:22.976461	0.00000000e+00	1	26	--	--	3.80058000e+00	1.09890000e-04
2.29265794e+02	2026-08-11T16:34:23.040173	0.00000000e+00	1	26	--	--	3.90074000e+00	1.09889000e-04
2.29313810e+02	2026-08-11T16:34:23.088189	0.00000000e+00	1	26	--	--	4.00055000e+00	1.09890000e-04
2.29356867e+02	2026-08-11T16:34:23.130660	0.00000000e+00	1	26	--	--	4.00057000e+00	1.09890000e-04
2.29405411e+02	2026-08-11T16:34:23.168382	0.00000000e+00	1	26	--	--	3.90070000e+00	1.09889000e-04
2.29457050e+02	2026-08-11T16:34:23.231217	0.00000000e+00	1	26	--	--	3.80061000e+00	1.09889000e-04
2.29520586e+02	2026-08-11T16:34:23.294597	0.00000000e+00	1	26	--	--	3.70054000e+00	1.09889000e-04
2.29569490e+02	2026-08-11T16:34:23.342687	0.00000000e+00	1	26	--	--	3.60060000e+00	1.09889000e-04
2.29616023e+02	2026-08-11T16:34:23.390883	0.00000000e+00	1	26	--	--	3.50052000e+00	1.09888000e-04
2.29679071e+02	2026-08-11T16:34:23.453574	0.00000000e+00	1	26	--	--	3.40065000e+00	1.09889000e-04
2.29743418e+02	2026-08-11T16:34:23.516861	0.00000000e+00	1	26	--	--	3.30053000e+00	1.09888000e-04
2.29788267e+02	2026-08-11T16:34:23.549483	0.00000000e+00	1	26	--	--	3.20072000e+00	1.09888000e-04
2.29838414e+02	2026-08-11T16:34:23.612701	0.00000000e+00	1	26	--	--	3.10063000e+00	1.09885000e-04
2.29902165e+02	2026-08-11T16:34:23.676472	0.00000000e+00	1	26	--	--	3.00044000e+00	1.09887000e-04
2.29951023e+02	2026-08-11T16:34:23.724748	0.00000000e+00	1	26	--	--	2.90060000e+00	1.09888000e-04
2.30008504e+02	2026-08-11T16:34:23.782567	0.00000000e+00	1	26	--	--	2.80044000e+00	1.09888000e-04
2.30074754e+02	2026-08-11T16:34:23.835642	0.00000000e+00	1	26	--	--	2.70060000e+00	1.09888000e-04
2.30140993e+02	2026-08-11T16:34:23.914899	0.00000000e+00	1	26	--	--	2.60044000e+00	1.09887000e-04
2.30187800e+02	2026-08-11T16:34:23.962530	0.00000000e+00	1	26	--	--	2.50063000e+00	1.09888000e-04
2.30235984e+02	2026-08-11T16:34:24.010586	0.00000000e+00	1	26	--	--	2.40053000e+00	1.09887000e-04
2.30287343e+02	2026-08-11T16:34:24.059448	0.00000000e+00	1	26	--	--	2.30032000e+00	1.09887000e-04
2.30332786e+02	2026-08-11T16:34:24.106415	0.00000000e+00	1	26	--	--	2.20056000e+00	1.09887000e-04
2.30395764e+02	2026-08-11T16:34:24.170513	0.00000000e+00	1	26	--	--	2.10038000e+00	1.09886000e-04
2.30442202e+02	2026-08-11T16:34:24.216983	0.00000000e+00	1	26	--	--	2.00002000e+00	1.09887000e-04
2.30502049e+02	2026-08-11T16:34:24.264563	0.00000000e+00	1	26	--	--	1.90003000e+00	1.09887000e-04
2.30556942e+02	2026-08-11T16:34:24.328193	0.00000000e+00	1	26	--	--	1.80003000e+00	1.09887000e-04
2.30618013e+02	2026-08-11T16:34:24.392919	0.00000000e+00	1	26	--	--	1.70004000e+00	1.09886000e-04
2.30662407e+02	2026-08-11T16:34:24.423619	0.00000000e+00	1	26	--	--	1.60005000e+00	1.09886000e-04
2.30712706e+02	2026-08-11T16:34:24.487364	0.00000000e+00	1	26	--	--	1.50005000e+00	1.09887000e-04
2.30775901e+02	2026-08-11T16:34:24.550481	0.00000000e+00	1	26	--	--	1.40006000e+00	1.09885000e-04
2.30839386e+02	2026-08-11T16:34:24.613910	0.00000000e+00	1	26	--	--	1.30006000e+00	1.09886000e-04
2.30902883e+02	2026-08-11T16:34:24.677401	0.00000000e+00	1	26	--	--	1.20006000e+00	1.09886000e-04
2.30950478e+02	2026-08-11T16:34:24.725233	0.00000000e+00	1	26	--	--	1.10006000e+00	1.09887000e-04
2.31000679e+02	2026-08-11T16:34:24.773094	0.00000000e+00	1	26	--	--	1.00007000e+00	1.09887000e-04
2.31045917e+02	2026-08-11T16:34:24.820596	0.00000000e+00	1	26	--	--	9.00067000e-01	1.09887000e-04
2.31109824e+02	2026-08-11T16:34:24.883985	0.00000000e+00	1	26	--	--	8.00063000e-01	1.09888000e-04
2.31173686e+02	2026-08-11T16:34:24.948279	0.00000000e+00	1	26	1.67832000e-01	-1.09914000e-04	7.00054000e-01	1.09887000e-04
2.31221509e+02	2026-08-11T16:34:24.995276	0.00000000e+00	1	26	6.71282000e-02	-1.09914000e-04	6.00043000e-01	1.09889000e-04
2.31281442e+02	2026-08-11T16:34:25.043481	0.00000000e+00	1	26	-3.33786000e-05	-9.44693000e-05	5.00032000e-01	9.44190000e-05
2.31381198e+02	2026-08-11T16:34:25.155524	0.00000000e+00	1	26	-2.56777000e-05	-5.48429000e-05	4.00034000e-01	5.46469000e-05
2.31444545e+02	2026-08-11T16:34:25.218930	0.00000000e+00	1	26	-2.09570000e-05	-2.92875000e-05	3.00027000e-01	2.91485000e-05
2.31499422e+02	2026-08-11T16:34:25.274411	0.00000000e+00	1	26	-1.60456000e-05	-1.51945000e-05	2.00059000e-01	1.51756000e-05
2.31556932e+02	2026-08-11T16:34:25.329842	0.00000000e+00	1	26	-1.05143000e-05	-6.37256000e-06	1.00060000e-01	6.29584000e-06
2.31643826e+02	2026-08-11T16:34:25.410805	0.00000000e+00	1	26	-1.39713000e-05	-6.58983000e-09	5.90324000e-05	6.12235000e-09
2.35958581e+02	2026-08-11T16:34:29.728899	0.00000000e+00	1	27	-1.52826000e-05	-2.09332000e-11	5.79596000e-05	-3.26991000e-11
2.36027804e+02	2026-08-11T16:34:29.793361	0.00000000e+00	1	27	-1.22547000e-05	-9.65781000e-09	1.00063000e-01	1.10523000e-08
2.36086921e+02	2026-08-11T16:34:29.859839	0.00000000e+00	1	27	-1.31369000e-05	-2.27145000e-08	2.00059000e-01	1.98234000e-08
2.36144778e+02	2026-08-11T16:34:29.919871	0.00000000e+00	1	27	-1.05619000e-05	-3.04226000e-08	3.00027000e-01	2.97840000e-08
2.36190242e+02	2026-08-11T16:34:29.953014	0.00000000e+00	1	27	-1.97887000e-06	-6.03843000e-08	4.00038000e-01	4.64299000e-08
2.36251291e+02	2026-08-11T16:34:30.014495	0.00000000e+00	1	27	-1.08242000e-05	-4.88258000e-08	5.00032000e-01	4.72680000e-08
2.36311966e+02	2026-08-11T16:34:30.077559	0.00000000e+00	1	27	-6.58035000e-06	-9.11626000e-08	6.00038000e-01	8.72479000e-08
2.36371764e+02	2026-08-11T16:34:30.142384	0.00000000e+00	1	27	-1.50919000e-05	-1.46387000e-07	7.00048000e-01	1.76933000e-07
2.36458020e+02	2026-08-11T16:34:30.231911	0.00000000e+00	1	27	-1.40667000e-05	-2.17658000e-07	8.00062000e-01	2.31032000e-07
2.36515658e+02	2026-08-11T16:34:30.289490	0.00000000e+00	1	27	-1.16110000e-05	-4.72154000e-07	9.00063000e-01	4.55297000e-07
2.36566222e+02	2026-08-11T16:34:30.340153	0.00000000e+00	1	27	-1.08480000e-05	-6.12898000e-07	1.00006000e+00	5.26598000e-07
2.36610433e+02	2026-08-11T16:34:30.381062	0.00000000e+00	1	27	-9.58443000e-06	-4.05830000e-07	1.10006000e+00	4.78502000e-07
2.36664305e+02	2026-08-11T16:34:30.433110	0.00000000e+00	1	27	-1.05381000e-05	-5.52194000e-07	1.20007000e+00	5.44075000e-07
2.36717249e+02	2026-08-11T16:34:30.491439	0.00000000e+00	1	27	-1.33514000e-05	-5.16060000e-07	1.30006000e+00	5.07923000e-07
2.36763817e+02	2026-08-11T16:34:30.534055	0.00000000e+00	1	27	-1.06573000e-05	-6.34649000e-07	1.40005000e+00	6.94784000e-07
2.36816049e+02	2026-08-11T16:34:30.590111	0.00000000e+00	1	27	-1.26123000e-05	-8.72865000e-07	1.50004000e+00	8.63966000e-07
2.36860198e+02	2026-08-11T16:34:30.634956	0.00000000e+00	1	27	-1.00851000e-05	-9.55356000e-07	1.60004000e+00	8.41846000e-07
2.36924746e+02	2026-08-11T16:34:30.699167	0.00000000e+00	1	27	-8.96454000e-06	-1.07432000e-06	1.70004000e+00	9.16917000e-07
2.36995551e+02	2026-08-11T16:34:30.765237	0.00000000e+00	1	27	-1.02043000e-05	-1.23788000e-06	1.80003000e+00	1.31039000e-06
2.37055916e+02	2026-08-11T16:34:30.826712	0.00000000e+00	1	27	-6.72340000e-06	-1.75470000e-06	1.90003000e+00	1.71659000e-06
2.37120550e+02	2026-08-11T16:34:30.889155	0.00000000e+00	1	27	1.37101000e-01	-5.53922000e-06	2.00001000e+00	1.09889000e-04
2.37205207e+02	2026-08-11T16:34:30.979140	0.00000000e+00	1	27	--	--	2.10036000e+00	1.09887000e-04
2.37290802e+02	2026-08-11T16:34:31.064380	0.00000000e+00	1	27	--	--	2.20057000e+00	1.09886000e-04
2.37346963e+02	2026-08-11T16:34:31.117367	0.00000000e+00	1	27	--	--	2.30035000e+00	1.09887000e-04
2.37406446e+02	2026-08-11T16:34:31.175571	0.00000000e+00	1	27	--	--	2.40052000e+00	1.09888000e-04
2.37467455e+02	2026-08-11T16:34:31.238802	0.00000000e+00	1	27	--	--	2.50065000e+00	1.09887000e-04
2.37534572e+02	2026-08-11T16:34:31.302023	0.00000000e+00	1	27	--	--	2.60044000e+00	1.09887000e-04
2.37585571e+02	2026-08-11T16:34:31.355985	0.00000000e+00	1	27	--	--	2.70060000e+00	1.09889000e-04
2.37640605e+02	2026-08-11T16:34:31.413654	0.00000000e+00	1	27	--	--	2.80045000e+00	1.09888000e-04
2.37686425e+02	2026-08-11T16:34:31.461246	0.00000000e+00	1	27	--	--	2.90062000e+00	1.09888000e-04
2.37734211e+02	2026-08-11T16:34:31.508884	0.00000000e+00	1	27	--	--	3.00044000e+00	1.09889000e-04
2.37797807e+02	2026-08-11T16:34:31.572417	0.00000000e+00	1	27	--	--	3.10063000e+00	1.09886000e-04
2.37871890e+02	2026-08-11T16:34:31.645756	0.00000000e+00	1	27	--	--	3.20074000e+00	1.09888000e-04
2.37928742e+02	2026-08-11T16:34:31.699667	0.00000000e+00	1	27	--	--	3.30053000e+00	1.09888000e-04
2.37973057e+02	2026-08-11T16:34:31.747162	0.00000000e+00	1	27	--	--	3.40068000e+00	1.09888000e-04
2.38036721e+02	2026-08-11T16:34:31.811105	0.00000000e+00	1	27	--	--	3.50054000e+00	1.09888000e-04
2.38084093e+02	2026-08-11T16:34:31.858878	0.00000000e+00	1	27	--	--	3.60066000e+00	1.09889000e-04
2.38129936e+02	2026-08-11T16:34:31.898859	0.00000000e+00	1	27	--	--	3.70053000e+00	1.09889000e-04
2.38179329e+02	2026-08-11T16:34:31.954321	0.00000000e+00	1	27	--	--	3.80063000e+00	1.09888000e-04
2.38237888e+02	2026-08-11T16:34:32.011029	0.00000000e+00	1	27	--	--	3.90071000e+00	1.09889000e-04
2.38290520e+02	2026-08-11T16:34:32.065463	0.00000000e+00	1	27	--	--	4.00057000e+00	1.09888000e-04
2.38336460e+02	2026-08-11T16:34:32.096571	0.00000000e+00	1	27	--	--	4.00061000e+00	1.09888000e-04
2.38393039e+02	2026-08-11T16:34:32.160416	0.00000000e+00	1	27	--	--	3.90072000e+00	1.09889000e-04
2.38454070e+02	2026-08-11T16:34:32.223921	0.00000000e+00	1	27	--	--	3.80064000e+00	1.09888000e-04
2.38513953e+02	2026-08-11T16:34:32.288113	0.00000000e+00	1	27	--	--	3.70060000e+00	1.09889000e-04
2.38559555e+02	2026-08-11T16:34:32.322262	0.00000000e+00	1	27	--	--	3.60066000e+00	1.09888000e-04
2.38605170e+02	2026-08-11T16:34:32.377959	0.00000000e+00	1	27	--	--	3.50055000e+00	1.09889000e-04
2.38661519e+02	2026-08-11T16:34:32.430800	0.00000000e+00	1	27	--	--	3.40068000e+00	1.09888000e-04
2.38720091e+02	2026-08-11T16:34:32.494712	0.00000000e+00	1	27	--	--	3.30053000e+00	1.09888000e-04
2.38766123e+02	2026-08-11T16:34:32.537213	0.00000000e+00	1	27	--	--	3.20076000e+00	1.09888000e-04
2.38824421e+02	2026-08-11T16:34:32.589980	0.00000000e+00	1	27	--	--	3.10063000e+00	1.09885000e-04
2.38882818e+02	2026-08-11T16:34:32.653444	0.00000000e+00	1	27	--	--	3.00042000e+00	1.09886000e-04
2.38947168e+02	2026-08-11T16:34:32.716084	0.00000000e+00	1	27	--	--	2.90061000e+00	1.09886000e-04
2.39004908e+02	2026-08-11T16:34:32.779599	0.00000000e+00	1	27	--	--	2.80045000e+00	1.09886000e-04
2.39051059e+02	2026-08-11T16:34:32.821910	0.00000000e+00	1	27	--	--	2.70060000e+00	1.09887000e-04
2.39097334e+02	2026-08-11T16:34:32.870283	0.00000000e+00	1	27	--	--	2.60044000e+00	1.09886000e-04
2.39152515e+02	2026-08-11T16:34:32.923481	0.00000000e+00	1	27	--	--	2.50062000e+00	1.09886000e-04
2.39217359e+02	2026-08-11T16:34:32.987991	0.00000000e+00	1	27	--	--	2.40050000e+00	1.09886000e-04
2.39278840e+02	2026-08-11T16:34:33.050755	0.00000000e+00	1	27	--	--	2.30031000e+00	1.09884000e-04
2.39329226e+02	2026-08-11T16:34:33.102955	0.00000000e+00	1	27	--	--	2.20054000e+00	1.09886000e-04
2.39392000e+02	2026-08-11T16:34:33.161309	0.00000000e+00	1	27	--	--	2.10035000e+00	1.09885000e-04
2.39450099e+02	2026-08-11T16:34:33.224739	0.00000000e+00	1	27	--	--	2.00002000e+00	1.09886000e-04
2.39504685e+02	2026-08-11T16:34:33.278399	0.00000000e+00	1	27	--	--	1.90003000e+00	1.09885000e-04
2.39564611e+02	2026-08-11T16:34:33.335655	0.00000000e+00	1	27	--	--	1.80003000e+00	1.09885000e-04
2.39632507e+02	2026-08-11T16:34:33.405200	0.00000000e+00	1	27	--	--	1.70004000e+00	1.09885000e-04
2.39688333e+02	2026-08-11T16:34:33.462953	0.00000000e+00	1	27	--	--	1.60005000e+00	1.09885000e-04
2.39735698e+02	2026-08-11T16:34:33.510435	0.00000000e+00	1	27	--	--	1.50005000e+00	1.09885000e-04
2.39789988e+02	2026-08-11T16:34:33.557872	0.00000000e+00	1	27	--	--	1.40006000e+00	1.09885000e-04
2.39847424e+02	2026-08-11T16:34:33.621493	0.00000000e+00	1	27	--	--	1.30007000e+00	1.09885000e-04
2.39915989e+02	2026-08-11T16:34:33.684746	0.00000000e+00	1	27	--	--	1.20007000e+00	1.09885000e-04
2.39973714e+02	2026-08-11T16:34:33.748168	0.00000000e+00	1	27	--	--	1.10006000e+00	1.09886000e-04
2.40019386e+02	2026-08-11T16:34:33.780024	0.00000000e+00	1	27	--	--	1.00007000e+00	1.09886000e-04
2.40075352e+02	2026-08-11T16:34:33.844072	0.00000000e+00	1	27	--	--	9.00064000e-01	1.09886000e-04
2.40126097e+02	2026-08-11T16:34:33.899813	0.00000000e+00	1	27	--	--	8.00061000e-01	1.09887000e-04
2.40179841e+02	2026-08-11T16:34:33.954343	0.00000000e+00	1	27	--	--	7.00053000e-01	1.09887000e-04
2.40224428e+02	2026-08-11T16:34:33.988127	0.00000000e+00	1	27	1.37555000e-01	-1.09914000e-04	6.00042000e-01	1.09888000e-04
2.40274473e+02	2026-08-11T16:34:34.049219	0.00000000e+00	1	27	3.81546000e-02	-1.09915000e-04	5.00038000e-01	1.09887000e-04
2.40322053e+02	2026-08-11T16:34:34.096828	0.00000000e+00	1	27	-1.97649000e-05	-8.57258000e-05	4.00034000e-01	8.56471000e-05
2.40407564e+02	2026-08-11T16:34:34.180620	0.00000000e+00	1	27	-1.52349000e-05	-5.57620000e-05	3.00028000e-01	5.57273000e-05
2.40461900e+02	2026-08-11T16:34:34.236128	0.00000000e+00	1	27	-1.26362000e-05	-3.31842000e-05	2.00063000e-01	3.34122000e-05
2.40515982e+02	2026-08-11T16:34:34.288227	0.00000000e+00	1	27	-1.12057000e-05	-1.56646000e-05	1.00068000e-01	1.56644000e-05
2.40560096e+02	2026-08-11T16:34:34.319725	0.00000000e+00	1	27	-5.24521000e-06	-1.76212000e-08	5.85794000e-05	1.60804000e-08
2.44758145e+02	2026-08-11T16:34:38.518344	0.00000000e+00	1	28	-2.27690000e-05	-3.70622000e-11	5.83172000e-05	-4.52042000e-11
2.44816674e+02	2026-08-11T16:34:38.581822	0.00000000e+00	1	28	-1.80960000e-05	-4.34275000e-09	1.00065000e-01	7.38769000e-09
2.44877073e+02	2026-08-11T16:34:38.650204	0.00000000e+00	1	28	-1.93357000e-05	-1.35827000e-08	2.00061000e-01	1.37197000e-08
2.44933610e+02	2026-08-11T16:34:38.707706	0.00000000e+00	1	28	-2.01702000e-05	-1.92171000e-08	3.00027000e-01	1.87438000e-08
2.44997345e+02	2026-08-11T16:34:38.771447	0.00000000e+00	1	28	-1.77145000e-05	-2.99280000e-08	4.00037000e-01	3.07329000e-08
2.45044292e+02	2026-08-11T16:34:38.819082	0.00000000e+00	1	28	-1.43290000e-05	-4.48227000e-08	5.00031000e-01	4.83265000e-08
2.45104328e+02	2026-08-11T16:34:38.877033	0.00000000e+00	1	28	-2.02656000e-05	-6.05033000e-08	6.00037000e-01	5.33176000e-08
2.45149458e+02	2026-08-11T16:34:38.916779	0.00000000e+00	1	28	-1.45435000e-05	-6.79895000e-08	7.00047000e-01	6.61229000e-08
2.45204563e+02	2026-08-11T16:34:38.978598	0.00000000e+00	1	28	-1.92165000e-05	-6.39899000e-07	8.00051000e-01	8.51868000e-07
2.45314133e+02	2026-08-11T16:34:39.074168	0.00000000e+00	1	28	-2.43902000e-05	-5.33380000e-07	9.00057000e-01	3.96714000e-07
2.45364149e+02	2026-08-11T16:34:39.138054	0.00000000e+00	1	28	-2.35796000e-05	-4.60140000e-07	1.00006000e+00	6.36426000e-07
2.45427155e+02	2026-08-11T16:34:39.201659	0.00000000e+00	1	28	-2.75135000e-05	-5.78857000e-07	1.10006000e+00	4.53953000e-07
2.45481046e+02	2026-08-11T16:34:39.249539	0.00000000e+00	1	28	-2.75850000e-05	-3.30884000e-07	1.20006000e+00	2.80258000e-07
2.45530784e+02	2026-08-11T16:34:39.297847	0.00000000e+00	1	28	-2.59876000e-05	-3.20831000e-07	1.30006000e+00	2.82747000e-07
2.45585144e+02	2026-08-11T16:34:39.358597	0.00000000e+00	1	28	-2.54393000e-05	-3.93961000e-07	1.40006000e+00	4.07469000e-07
2.45633765e+02	2026-08-11T16:34:39.408448	0.00000000e+00	1	28	-2.44141000e-05	-4.63089000e-07	1.50005000e+00	5.18052000e-07
2.45682219e+02	2026-08-11T16:34:39.456084	0.00000000e+00	1	28	-2.64883000e-05	-6.74740000e-07	1.60004000e+00	6.92004000e-07
2.45740784e+02	2026-08-11T16:34:39.504437	0.00000000e+00	1	28	-2.50340000e-05	-9.32902000e-07	1.70004000e+00	1.04110000e-06
2.45818427e+02	2026-08-11T16:34:39.583326	0.00000000e+00	1	28	-2.66552000e-05	-1.11004000e-06	1.80002000e+00	9.54446000e-07
2.45905000e+02	2026-08-11T16:34:39.678952	0.00000000e+00	1	28	-2.35558000e-05	-1.41702000e-06	1.90003000e+00	1.27811000e-06
2.45970644e+02	2026-08-11T16:34:39.742140	0.00000000e+00	1	28	-2.59399000e-05	-1.51934000e-06	2.00002000e+00	1.41317000e-06
2.46031160e+02	2026-08-11T16:34:39.805731	0.00000000e+00	1	28	-2.07663000e-05	-3.05890000e-06	2.10036000e+00	3.37933000e-06
2.46085318e+02	2026-08-11T16:34:39.855186	0.00000000e+00	1	28	--	--	2.20055000e+00	1.09888000e-04
2.46213071e+02	2026-08-11T16:34:39.980083	0.00000000e+00	1	28	--	--	2.30033000e+00	1.09886000e-04
2.46263209e+02	2026-08-11T16:34:40.037886	0.00000000e+00	1	28	--	--	2.40050000e+00	1.09886000e-04
2.46317807e+02	2026-08-11T16:34:40.091661	0.00000000e+00	1	28	--	--	2.50061000e+00	1.09887000e-04
2.46362902e+02	2026-08-11T16:34:40.130255	0.00000000e+00	1	28	--	--	2.60041000e+00	1.09887000e-04
2.46411093e+02	2026-08-11T16:34:40.186136	0.00000000e+00	1	28	--	--	2.70058000e+00	1.09887000e-04
2.46467935e+02	2026-08-11T16:34:40.233865	0.00000000e+00	1	28	--	--	2.80040000e+00	1.09888000e-04
2.46523370e+02	2026-08-11T16:34:40.297390	0.00000000e+00	1	28	--	--	2.90056000e+00	1.09888000e-04
2.46587685e+02	2026-08-11T16:34:40.361599	0.00000000e+00	1	28	--	--	3.00036000e+00	1.09888000e-04
2.46633121e+02	2026-08-11T16:34:40.403530	0.00000000e+00	1	28	--	--	3.10055000e+00	1.09885000e-04
2.46696590e+02	2026-08-11T16:34:40.470450	0.00000000e+00	1	28	--	--	3.20067000e+00	1.09888000e-04
2.46747038e+02	2026-08-11T16:34:40.521219	0.00000000e+00	1	28	--	--	3.30046000e+00	1.09888000e-04
2.46806602e+02	2026-08-11T16:34:40.569310	0.00000000e+00	1	28	--	--	3.40060000e+00	1.09889000e-04
2.46862877e+02	2026-08-11T16:34:40.635056	0.00000000e+00	1	28	--	--	3.50047000e+00	1.09888000e-04
2.46921838e+02	2026-08-11T16:34:40.696248	0.00000000e+00	1	28	--	--	3.60058000e+00	1.09889000e-04
2.46968749e+02	2026-08-11T16:34:40.740223	0.00000000e+00	1	28	--	--	3.70044000e+00	1.09889000e-04
2.47017473e+02	2026-08-11T16:34:40.791784	0.00000000e+00	1	28	--	--	3.80055000e+00	1.09890000e-04
2.47062227e+02	2026-08-11T16:34:40.833751	0.00000000e+00	1	28	--	--	3.90069000e+00	1.09889000e-04
2.47116377e+02	2026-08-11T16:34:40.890732	0.00000000e+00	1	28	--	--	4.00050000e+00	1.09889000e-04
2.47160929e+02	2026-08-11T16:34:40.934391	0.00000000e+00	1	28	--	--	4.00051000e+00	1.09889000e-04
2.47211061e+02	2026-08-11T16:34:40.981800	0.00000000e+00	1	28	--	--	3.90065000e+00	1.09890000e-04
2.47271455e+02	2026-08-11T16:34:41.045356	0.00000000e+00	1	28	--	--	3.80054000e+00	1.09888000e-04
2.47315914e+02	2026-08-11T16:34:41.077396	0.00000000e+00	1	28	--	--	3.70044000e+00	1.09889000e-04
2.47364140e+02	2026-08-11T16:34:41.139186	0.00000000e+00	1	28	--	--	3.60053000e+00	1.09889000e-04
2.47415961e+02	2026-08-11T16:34:41.189302	0.00000000e+00	1	28	--	--	3.50046000e+00	1.09888000e-04
2.47460831e+02	2026-08-11T16:34:41.221477	0.00000000e+00	1	28	--	--	3.40061000e+00	1.09887000e-04
2.47509400e+02	2026-08-11T16:34:41.279638	0.00000000e+00	1	28	--	--	3.30045000e+00	1.09887000e-04
2.47564946e+02	2026-08-11T16:34:41.335422	0.00000000e+00	1	28	--	--	3.20066000e+00	1.09888000e-04
2.47622176e+02	2026-08-11T16:34:41.396523	0.00000000e+00	1	28	--	--	3.10056000e+00	1.09884000e-04
2.47667828e+02	2026-08-11T16:34:41.438792	0.00000000e+00	1	28	--	--	3.00038000e+00	1.09886000e-04
2.47722665e+02	2026-08-11T16:34:41.497268	0.00000000e+00	1	28	--	--	2.90056000e+00	1.09887000e-04
2.47768488e+02	2026-08-11T16:34:41.541922	0.00000000e+00	1	28	--	--	2.80041000e+00	1.09886000e-04
2.47828655e+02	2026-08-11T16:34:41.602693	0.00000000e+00	1	28	--	--	2.70057000e+00	1.09887000e-04
2.47878434e+02	2026-08-11T16:34:41.650233	0.00000000e+00	1	28	--	--	2.60041000e+00	1.09886000e-04
2.47923965e+02	2026-08-11T16:34:41.697943	0.00000000e+00	1	28	--	--	2.50061000e+00	1.09886000e-04
2.47986420e+02	2026-08-11T16:34:41.745731	0.00000000e+00	1	28	--	--	2.40052000e+00	1.09886000e-04
2.48031914e+02	2026-08-11T16:34:41.793491	0.00000000e+00	1	28	--	--	2.30031000e+00	1.09886000e-04
2.48082596e+02	2026-08-11T16:34:41.857089	0.00000000e+00	1	28	--	--	2.20050000e+00	1.09885000e-04
2.48130402e+02	2026-08-11T16:34:41.905072	0.00000000e+00	1	28	--	--	2.10034000e+00	1.09886000e-04
2.48176419e+02	2026-08-11T16:34:41.947785	0.00000000e+00	1	28	--	--	2.00002000e+00	1.09885000e-04
2.48227285e+02	2026-08-11T16:34:42.001593	0.00000000e+00	1	28	--	--	1.90003000e+00	1.09885000e-04
2.48275169e+02	2026-08-11T16:34:42.049559	0.00000000e+00	1	28	--	--	1.80003000e+00	1.09884000e-04
2.48333049e+02	2026-08-11T16:34:42.108117	0.00000000e+00	1	28	--	--	1.70004000e+00	1.09885000e-04
2.48386780e+02	2026-08-11T16:34:42.161252	0.00000000e+00	1	28	--	--	1.60005000e+00	1.09884000e-04
2.48440815e+02	2026-08-11T16:34:42.208555	0.00000000e+00	1	28	--	--	1.50005000e+00	1.09885000e-04
2.48527250e+02	2026-08-11T16:34:42.287845	0.00000000e+00	1	28	--	--	1.40006000e+00	1.09884000e-04
2.48572512e+02	2026-08-11T16:34:42.335551	0.00000000e+00	1	28	--	--	1.30007000e+00	1.09885000e-04
2.48616992e+02	2026-08-11T16:34:42.390610	0.00000000e+00	1	28	--	--	1.20007000e+00	1.09883000e-04
2.48669676e+02	2026-08-11T16:34:42.443483	0.00000000e+00	1	28	--	--	1.10007000e+00	1.09884000e-04
2.48735714e+02	2026-08-11T16:34:42.510398	0.00000000e+00	1	28	--	--	1.00007000e+00	1.09884000e-04
2.48792448e+02	2026-08-11T16:34:42.557818	0.00000000e+00	1	28	--	--	9.00068000e-01	1.09884000e-04
2.48846047e+02	2026-08-11T16:34:42.621039	0.00000000e+00	1	28	--	--	8.00064000e-01	1.09885000e-04
2.48890890e+02	2026-08-11T16:34:42.663610	0.00000000e+00	1	28	--	--	7.00054000e-01	1.09886000e-04
2.48952007e+02	2026-08-11T16:34:42.726604	0.00000000e+00	1	28	--	--	6.00047000e-01	1.09887000e-04
2.49004712e+02	2026-08-11T16:34:42.779190	0.00000000e+00	1	28	1.22467000e-01	-1.09913000e-04	5.00037000e-01	1.09887000e-04
2.49053546e+02	2026-08-11T16:34:42.826782	0.00000000e+00	1	28	2.20421000e-02	-1.09915000e-04	4.00039000e-01	1.09887000e-04
2.49099489e+02	2026-08-11T16:34:42.874241	0.00000000e+00	1	28	-2.52247000e-05	-7.32177000e-05	3.00025000e-01	7.31230000e-05
2.49192321e+02	2026-08-11T16:34:42.954965	0.00000000e+00	1	28	-1.64986000e-05	-4.04917000e-05	2.00059000e-01	4.03650000e-05
2.49242824e+02	2026-08-11T16:34:43.016988	0.00000000e+00	1	28	-9.65595000e-06	-1.79891000e-05	1.00061000e-01	1.79677000e-05
2.49287135e+02	2026-08-11T16:34:43.058686	0.00000000e+00	1	28	-8.10623000e-06	-1.96549000e-08	5.27143000e-05	1.86964000e-08
2.53684273e+02	2026-08-11T16:34:47.452607	0.00000000e+00	1	29	-1.77622000e-05	-1.99914000e-11	5.46932000e-05	-2.71201000e-11
2.53749165e+02	2026-08-11T16:34:47.516552	0.00000000e+00	1	29	-1.64032000e-05	-1.22434000e-08	1.00058000e-01	1.23512000e-08
2.53805792e+02	2026-08-11T16:34:47.580038	0.00000000e+00	1	29	-1.55210000e-05	-2.77908000e-08	2.00055000e-01	2.88268000e-08
2.53872276e+02	2026-08-11T16:34:47.643712	0.00000000e+00	1	29	-1.61171000e-05	-4.45154000e-08	3.00020000e-01	4.68215000e-08
2.53944020e+02	2026-08-11T16:34:47.707037	0.00000000e+00	1	29	-1.50442000e-05	-6.67250000e-08	4.00031000e-01	6.46157000e-08
2.53996679e+02	2026-08-11T16:34:47.771044	0.00000000e+00	1	29	-1.17302000e-05	-9.03945000e-08	5.00022000e-01	9.65620000e-08
2.54060115e+02	2026-08-11T16:34:47.834171	0.00000000e+00	1	29	-1.65701000e-05	-1.77826000e-07	6.00032000e-01	1.97977000e-07
2.54155259e+02	2026-08-11T16:34:47.929907	0.00000000e+00	1	29	-1.97649000e-05	-2.43196000e-07	7.00043000e-01	2.02345000e-07
2.54202999e+02	2026-08-11T16:34:47.977761	0.00000000e+00	1	29	-1.86920000e-05	-2.50606000e-07	8.00051000e-01	2.44093000e-07
2.54258828e+02	2026-08-11T16:34:48.025914	0.00000000e+00	1	29	-1.93834000e-05	-3.00218000e-07	9.00054000e-01	2.97176000e-07
2.54316012e+02	2026-08-11T16:34:48.089780	0.00000000e+00	1	29	-1.89543000e-05	-3.91904000e-07	1.00006000e+00	3.89590000e-07
2.54384475e+02	2026-08-11T16:34:48.153464	0.00000000e+00	1	29	-2.11477000e-05	-4.84407000e-07	1.10005000e+00	4.87973000e-07
2.54443229e+02	2026-08-11T16:34:48.217183	0.00000000e+00	1	29	-1.87159000e-05	-6.19352000e-07	1.20006000e+00	6.06938000e-07
2.54507090e+02	2026-08-11T16:34:48.281065	0.00000000e+00	1	29	-1.82390000e-05	-7.17842000e-07	1.30006000e+00	7.45946000e-07
2.54554881e+02	2026-08-11T16:34:48.329860	0.00000000e+00	1	29	-1.72138000e-05	-8.51687000e-07	1.40005000e+00	8.92948000e-07
2.54599902e+02	2026-08-11T16:34:48.361169	0.00000000e+00	1	29	-1.66178000e-05	-8.88491000e-07	1.50004000e+00	8.80134000e-07
2.54666217e+02	2026-08-11T16:34:48.440860	0.00000000e+00	1	29	-1.70708000e-05	-1.13627000e-06	1.60004000e+00	1.26982000e-06
2.54734500e+02	2026-08-11T16:34:48.507533	0.00000000e+00	1	29	-1.74522000e-05	-1.48433000e-06	1.70003000e+00	1.51701000e-06
2.54799773e+02	2026-08-11T16:34:48.568056	0.00000000e+00	1	29	-1.98841000e-05	-2.16959000e-06	1.80002000e+00	1.66184000e-06
2.54857870e+02	2026-08-11T16:34:48.632070	0.00000000e+00	1	29	-1.88112000e-05	-1.58293000e-06	1.90002000e+00	1.70347000e-06
2.54902719e+02	2026-08-11T16:34:48.674438	0.00000000e+00	1	29	-2.00272000e-05	-1.66303000e-06	2.00001000e+00	1.61454000e-06
2.54953719e+02	2026-08-11T16:34:48.727487	0.00000000e+00	1	29	-1.97411000e-05	-1.70031000e-06	2.10029000e+00	1.82477000e-06
2.55017446e+02	2026-08-11T16:34:48.791426	0.00000000e+00	1	29	-1.92165000e-05	-2.09710000e-06	2.20049000e+00	1.86305000e-06
2.55080639e+02	2026-08-11T16:34:48.854401	0.00000000e+00	1	29	-1.89543000e-05	-2.34088000e-06	2.30026000e+00	2.46978000e-06
2.55127105e+02	2026-08-11T16:34:48.901937	0.00000000e+00	1	29	--	--	2.40047000e+00	1.09886000e-04
2.55253015e+02	2026-08-11T16:34:49.014642	0.00000000e+00	1	29	--	--	2.50055000e+00	1.09887000e-04
2.55303152e+02	2026-08-11T16:34:49.077930	0.00000000e+00	1	29	--	--	2.60035000e+00	1.09887000e-04
2.55348018e+02	2026-08-11T16:34:49.120379	0.00000000e+00	1	29	--	--	2.70054000e+00	1.09887000e-04
2.55398728e+02	2026-08-11T16:34:49.173426	0.00000000e+00	1	29	--	--	2.80039000e+00	1.09886000e-04
2.55459719e+02	2026-08-11T16:34:49.231891	0.00000000e+00	1	29	--	--	2.90056000e+00	1.09886000e-04
2.55516207e+02	2026-08-11T16:34:49.285386	0.00000000e+00	1	29	--	--	3.00036000e+00	1.09885000e-04
2.55585013e+02	2026-08-11T16:34:49.350060	0.00000000e+00	1	29	--	--	3.10055000e+00	1.09883000e-04
2.55638818e+02	2026-08-11T16:34:49.413381	0.00000000e+00	1	29	--	--	3.20067000e+00	1.09887000e-04
2.55702308e+02	2026-08-11T16:34:49.476327	0.00000000e+00	1	29	--	--	3.30045000e+00	1.09887000e-04
2.55772015e+02	2026-08-11T16:34:49.545839	0.00000000e+00	1	29	--	--	3.40059000e+00	1.09886000e-04
2.55831364e+02	2026-08-11T16:34:49.603982	0.00000000e+00	1	29	--	--	3.50048000e+00	1.09887000e-04
2.55877047e+02	2026-08-11T16:34:49.651630	0.00000000e+00	1	29	--	--	3.60057000e+00	1.09887000e-04
2.55933537e+02	2026-08-11T16:34:49.699069	0.00000000e+00	1	29	--	--	3.70044000e+00	1.09887000e-04
2.55979751e+02	2026-08-11T16:34:49.752007	0.00000000e+00	1	29	--	--	3.80053000e+00	1.09887000e-04
2.56026409e+02	2026-08-11T16:34:49.794207	0.00000000e+00	1	29	--	--	3.90067000e+00	1.09887000e-04
2.56097002e+02	2026-08-11T16:34:49.858719	0.00000000e+00	1	29	--	--	4.00051000e+00	1.09887000e-04
2.56144119e+02	2026-08-11T16:34:49.918468	0.00000000e+00	1	29	--	--	4.00048000e+00	1.09888000e-04
2.56196760e+02	2026-08-11T16:34:49.970670	0.00000000e+00	1	29	--	--	3.90063000e+00	1.09887000e-04
2.56253561e+02	2026-08-11T16:34:50.018481	0.00000000e+00	1	29	--	--	3.80056000e+00	1.09888000e-04
2.56307456e+02	2026-08-11T16:34:50.081799	0.00000000e+00	1	29	--	--	3.70045000e+00	1.09888000e-04
2.56362605e+02	2026-08-11T16:34:50.129640	0.00000000e+00	1	29	--	--	3.60056000e+00	1.09887000e-04
2.56418585e+02	2026-08-11T16:34:50.193224	0.00000000e+00	1	29	--	--	3.50041000e+00	1.09887000e-04
2.56491651e+02	2026-08-11T16:34:50.257419	0.00000000e+00	1	29	--	--	3.40054000e+00	1.09888000e-04
2.56550825e+02	2026-08-11T16:34:50.320507	0.00000000e+00	1	29	--	--	3.30040000e+00	1.09887000e-04
2.56594994e+02	2026-08-11T16:34:50.369558	0.00000000e+00	1	29	--	--	3.20061000e+00	1.09887000e-04
2.56658138e+02	2026-08-11T16:34:50.432345	0.00000000e+00	1	29	--	--	3.10050000e+00	1.09884000e-04
2.56705835e+02	2026-08-11T16:34:50.480117	0.00000000e+00	1	29	--	--	3.00032000e+00	1.09886000e-04
2.56767995e+02	2026-08-11T16:34:50.527742	0.00000000e+00	1	29	--	--	2.90047000e+00	1.09885000e-04
2.56826393e+02	2026-08-11T16:34:50.591212	0.00000000e+00	1	29	--	--	2.80031000e+00	1.09887000e-04
2.56894588e+02	2026-08-11T16:34:50.655094	0.00000000e+00	1	29	--	--	2.70048000e+00	1.09887000e-04
2.56946110e+02	2026-08-11T16:34:50.718535	0.00000000e+00	1	29	--	--	2.60032000e+00	1.09887000e-04
2.56992031e+02	2026-08-11T16:34:50.766877	0.00000000e+00	1	29	--	--	2.50056000e+00	1.09886000e-04
2.57046562e+02	2026-08-11T16:34:50.814473	0.00000000e+00	1	29	--	--	2.40043000e+00	1.09886000e-04
2.57108689e+02	2026-08-11T16:34:50.878862	0.00000000e+00	1	29	--	--	2.30026000e+00	1.09886000e-04
2.57183222e+02	2026-08-11T16:34:50.957304	0.00000000e+00	1	29	--	--	2.20045000e+00	1.09887000e-04
2.57246014e+02	2026-08-11T16:34:51.020476	0.00000000e+00	1	29	--	--	2.10027000e+00	1.09886000e-04
2.57298752e+02	2026-08-11T16:34:51.068434	0.00000000e+00	1	29	--	--	2.00001000e+00	1.09886000e-04
2.57355014e+02	2026-08-11T16:34:51.126428	0.00000000e+00	1	29	--	--	1.90002000e+00	1.09885000e-04
2.57404284e+02	2026-08-11T16:34:51.177767	0.00000000e+00	1	29	--	--	1.80002000e+00	1.09886000e-04
2.57453558e+02	2026-08-11T16:34:51.227116	0.00000000e+00	1	29	--	--	1.70003000e+00	1.09885000e-04
2.57500632e+02	2026-08-11T16:34:51.275005	0.00000000e+00	1	29	--	--	1.60004000e+00	1.09885000e-04
2.57549888e+02	2026-08-11T16:34:51.322727	0.00000000e+00	1	29	--	--	1.50004000e+00	1.09885000e-04
2.57612423e+02	2026-08-11T16:34:51.387091	0.00000000e+00	1	29	--	--	1.40005000e+00	1.09886000e-04
2.57676245e+02	2026-08-11T16:34:51.450309	0.00000000e+00	1	29	--	--	1.30006000e+00	1.09885000e-04
2.57739610e+02	2026-08-11T16:34:51.513664	0.00000000e+00	1	29	--	--	1.20006000e+00	1.09885000e-04
2.57786975e+02	2026-08-11T16:34:51.561558	0.00000000e+00	1	29	--	--	1.10005000e+00	1.09885000e-04
2.57835194e+02	2026-08-11T16:34:51.609575	0.00000000e+00	1	29	--	--	1.00006000e+00	1.09885000e-04
2.57881425e+02	2026-08-11T16:34:51.641519	0.00000000e+00	1	29	--	--	9.00053000e-01	1.09887000e-04
2.57945313e+02	2026-08-11T16:34:51.719073	0.00000000e+00	1	29	--	--	8.00050000e-01	1.09887000e-04
2.57995774e+02	2026-08-11T16:34:51.769608	0.00000000e+00	1	29	--	--	7.00046000e-01	1.09887000e-04
2.58040174e+02	2026-08-11T16:34:51.801657	0.00000000e+00	1	29	1.82575000e-01	-1.09914000e-04	6.00033000e-01	1.09888000e-04
2.58086239e+02	2026-08-11T16:34:51.859380	0.00000000e+00	1	29	8.25457000e-02	-1.09915000e-04	5.00030000e-01	1.09888000e-04
2.58138891e+02	2026-08-11T16:34:51.913321	0.00000000e+00	1	29	-2.78950000e-05	-1.01095000e-04	4.00032000e-01	1.00942000e-04
2.58183523e+02	2026-08-11T16:34:51.944882	0.00000000e+00	1	29	-1.83105000e-05	-6.00458000e-05	3.00017000e-01	5.99989000e-05
2.58269001e+02	2026-08-11T16:34:52.042852	0.00000000e+00	1	29	-1.41144000e-05	-3.36285000e-05	2.00058000e-01	3.36301000e-05
2.58331134e+02	2026-08-11T16:34:52.105011	0.00000000e+00	1	29	-9.46522000e-06	-1.51746000e-05	1.00059000e-01	1.51623000e-05
2.58377578e+02	2026-08-11T16:34:52.152506	0.00000000e+00	1	29	-7.70092000e-06	-1.58043000e-08	5.10931000e-05	1.46215000e-08
2.62540267e+02	2026-08-11T16:34:56.307370	0.00000000e+00	1	30	-2.12908000e-05	-2.14338000e-11	4.97103000e-05	-2.12312000e-11
2.62597522e+02	2026-08-11T16:34:56.370959	0.00000000e+00	1	30	-1.67370000e-05	-9.32587000e-09	1.00055000e-01	1.28737000e-08
2.62663730e+02	2026-08-11T16:34:56.434682	0.00000000e+00	1	30	-2.02417000e-05	-2.87169000e-08	2.00051000e-01	2.88967000e-08
2.62724372e+02	2026-08-11T16:34:56.498466	0.00000000e+00	1	30	-1.80483000e-05	-4.01183000e-08	3.00017000e-01	3.94897000e-08
2.62794661e+02	2026-08-11T16:34:56.561930	0.00000000e+00	1	30	-1.29223000e-05	-6.96668000e-08	4.00026000e-01	7.53841000e-08
2.62857563e+02	2026-08-11T16:34:56.625196	0.00000000e+00	1	30	-2.00272000e-05	-1.13998000e-07	5.00028000e-01	1.09639000e-07
2.62943162e+02	2026-08-11T16:34:56.714684	0.00000000e+00	1	30	-2.39134000e-05	-1.54194000e-07	6.00032000e-01	1.53186000e-07
2.62993112e+02	2026-08-11T16:34:56.767726	0.00000000e+00	1	30	-2.20776000e-05	-2.03575000e-07	7.00045000e-01	2.16280000e-07
2.63038025e+02	2026-08-11T16:34:56.809664	0.00000000e+00	1	30	-2.26498000e-05	-3.22153000e-07	8.00056000e-01	3.20603000e-07
2.63088711e+02	2026-08-11T16:34:56.863338	0.00000000e+00	1	30	-2.53677000e-05	-4.02433000e-07	9.00056000e-01	3.81656000e-07
2.63136778e+02	2026-08-11T16:34:56.911033	0.00000000e+00	1	30	-2.10762000e-05	-5.05372000e-07	1.00006000e+00	5.09465000e-07
2.63190246e+02	2026-08-11T16:34:56.959075	0.00000000e+00	1	30	-2.24352000e-05	-6.60993000e-07	1.10006000e+00	4.99550000e-07
2.63247730e+02	2026-08-11T16:34:57.022432	0.00000000e+00	1	30	-2.20537000e-05	-9.21469000e-07	1.20006000e+00	8.64593000e-07
2.63311044e+02	2026-08-11T16:34:57.085623	0.00000000e+00	1	30	-2.03371000e-05	-9.50311000e-07	1.30006000e+00	9.22670000e-07
2.63358192e+02	2026-08-11T16:34:57.133316	0.00000000e+00	1	30	-1.99080000e-05	-1.05149000e-06	1.40005000e+00	9.38123000e-07
2.63450733e+02	2026-08-11T16:34:57.213439	0.00000000e+00	1	30	-2.05755000e-05	-9.08240000e-07	1.50004000e+00	9.97941000e-07
2.63518104e+02	2026-08-11T16:34:57.293215	0.00000000e+00	1	30	-2.12908000e-05	-1.20225000e-06	1.60004000e+00	1.01979000e-06
2.63604153e+02	2026-08-11T16:34:57.372458	0.00000000e+00	1	30	-2.05040000e-05	-1.23839000e-06	1.70003000e+00	1.20284000e-06
2.63656685e+02	2026-08-11T16:34:57.430418	0.00000000e+00	1	30	-1.67370000e-05	-2.08805000e-06	1.80002000e+00	2.46208000e-06
2.63705441e+02	2026-08-11T16:34:57.478095	0.00000000e+00	1	30	-1.69992000e-05	-2.52700000e-06	1.90002000e+00	2.50147000e-06
2.63762099e+02	2026-08-11T16:34:57.530783	0.00000000e+00	1	30	-1.78337000e-05	-2.81329000e-06	2.00001000e+00	1.09888000e-04
2.63852074e+02	2026-08-11T16:34:57.627135	0.00000000e+00	1	30	--	--	2.10032000e+00	1.09887000e-04
2.63947489e+02	2026-08-11T16:34:57.721908	0.00000000e+00	1	30	--	--	2.20051000e+00	1.09886000e-04
2.64011470e+02	2026-08-11T16:34:57.786073	0.00000000e+00	1	30	--	--	2.30029000e+00	1.09885000e-04
2.64072722e+02	2026-08-11T16:34:57.836284	0.00000000e+00	1	30	--	--	2.40048000e+00	1.09887000e-04
2.64131705e+02	2026-08-11T16:34:57.898133	0.00000000e+00	1	30	--	--	2.50059000e+00	1.09886000e-04
2.64182693e+02	2026-08-11T16:34:57.954049	0.00000000e+00	1	30	--	--	2.60041000e+00	1.09886000e-04
2.64235115e+02	2026-08-11T16:34:58.009493	0.00000000e+00	1	30	--	--	2.70058000e+00	1.09886000e-04
2.64282827e+02	2026-08-11T16:34:58.057144	0.00000000e+00	1	30	--	--	2.80041000e+00	1.09887000e-04
2.64330484e+02	2026-08-11T16:34:58.104743	0.00000000e+00	1	30	--	--	2.90061000e+00	1.09886000e-04
2.64376812e+02	2026-08-11T16:34:58.146730	0.00000000e+00	1	30	--	--	3.00042000e+00	1.09887000e-04
2.64437271e+02	2026-08-11T16:34:58.210602	0.00000000e+00	1	30	--	--	3.10059000e+00	1.09885000e-04
2.64489172e+02	2026-08-11T16:34:58.263503	0.00000000e+00	1	30	--	--	3.20071000e+00	1.09888000e-04
2.64538358e+02	2026-08-11T16:34:58.311338	0.00000000e+00	1	30	--	--	3.30050000e+00	1.09889000e-04
2.64592651e+02	2026-08-11T16:34:58.367052	0.00000000e+00	1	30	--	--	3.40064000e+00	1.09888000e-04
2.64652021e+02	2026-08-11T16:34:58.422854	0.00000000e+00	1	30	--	--	3.50051000e+00	1.09888000e-04
2.64719864e+02	2026-08-11T16:34:58.486853	0.00000000e+00	1	30	--	--	3.60064000e+00	1.09889000e-04
2.64765461e+02	2026-08-11T16:34:58.538487	0.00000000e+00	1	30	--	--	3.70047000e+00	1.09888000e-04
2.64825265e+02	2026-08-11T16:34:58.598969	0.00000000e+00	1	30	--	--	3.80062000e+00	1.09888000e-04
2.64895131e+02	2026-08-11T16:34:58.663070	0.00000000e+00	1	30	--	--	3.90074000e+00	1.09889000e-04
2.64960695e+02	2026-08-11T16:34:58.726858	0.00000000e+00	1	30	--	--	4.00058000e+00	1.09888000e-04
2.65007925e+02	2026-08-11T16:34:58.774924	0.00000000e+00	1	30	--	--	4.00059000e+00	1.09889000e-04
2.65053151e+02	2026-08-11T16:34:58.822652	0.00000000e+00	1	30	--	--	3.90076000e+00	1.09889000e-04
2.65107692e+02	2026-08-11T16:34:58.881282	0.00000000e+00	1	30	--	--	3.80061000e+00	1.09888000e-04
2.65167841e+02	2026-08-11T16:34:58.940917	0.00000000e+00	1	30	--	--	3.70047000e+00	1.09888000e-04
2.65231416e+02	2026-08-11T16:34:58.998604	0.00000000e+00	1	30	--	--	3.60064000e+00	1.09888000e-04
2.65288027e+02	2026-08-11T16:34:59.061968	0.00000000e+00	1	30	--	--	3.50053000e+00	1.09888000e-04
2.65347153e+02	2026-08-11T16:34:59.120215	0.00000000e+00	1	30	--	--	3.40068000e+00	1.09889000e-04
2.65403590e+02	2026-08-11T16:34:59.177617	0.00000000e+00	1	30	--	--	3.30052000e+00	1.09888000e-04
2.65473092e+02	2026-08-11T16:34:59.237163	0.00000000e+00	1	30	--	--	3.20074000e+00	1.09889000e-04
2.65531897e+02	2026-08-11T16:34:59.304908	0.00000000e+00	1	30	--	--	3.10061000e+00	1.09885000e-04
2.65590521e+02	2026-08-11T16:34:59.365397	0.00000000e+00	1	30	--	--	3.00043000e+00	1.09887000e-04
2.65644661e+02	2026-08-11T16:34:59.412862	0.00000000e+00	1	30	--	--	2.90060000e+00	1.09888000e-04
2.65697199e+02	2026-08-11T16:34:59.468262	0.00000000e+00	1	30	--	--	2.80041000e+00	1.09887000e-04
2.65741034e+02	2026-08-11T16:34:59.513010	0.00000000e+00	1	30	--	--	2.70059000e+00	1.09888000e-04
2.65791955e+02	2026-08-11T16:34:59.562122	0.00000000e+00	1	30	--	--	2.60043000e+00	1.09888000e-04
2.65837539e+02	2026-08-11T16:34:59.607524	0.00000000e+00	1	30	--	--	2.50060000e+00	1.09888000e-04
2.65891153e+02	2026-08-11T16:34:59.665059	0.00000000e+00	1	30	--	--	2.40051000e+00	1.09888000e-04
2.65936491e+02	2026-08-11T16:34:59.708973	0.00000000e+00	1	30	--	--	2.30033000e+00	1.09887000e-04
2.65982759e+02	2026-08-11T16:34:59.757695	0.00000000e+00	1	30	--	--	2.20057000e+00	1.09886000e-04
2.66027374e+02	2026-08-11T16:34:59.793150	0.00000000e+00	1	30	--	--	2.10036000e+00	1.09887000e-04
2.66083816e+02	2026-08-11T16:34:59.856984	0.00000000e+00	1	30	--	--	2.00002000e+00	1.09887000e-04
2.66139500e+02	2026-08-11T16:34:59.913543	0.00000000e+00	1	30	--	--	1.90003000e+00	1.09887000e-04
2.66199948e+02	2026-08-11T16:34:59.968252	0.00000000e+00	1	30	--	--	1.80003000e+00	1.09886000e-04
2.66244480e+02	2026-08-11T16:35:00.016808	0.00000000e+00	1	30	--	--	1.70004000e+00	1.09886000e-04
2.66304577e+02	2026-08-11T16:35:00.079130	0.00000000e+00	1	30	--	--	1.60005000e+00	1.09886000e-04
2.66361032e+02	2026-08-11T16:35:00.135861	0.00000000e+00	1	30	--	--	1.50005000e+00	1.09885000e-04
2.66423903e+02	2026-08-11T16:35:00.191142	0.00000000e+00	1	30	--	--	1.40006000e+00	1.09886000e-04
2.66480432e+02	2026-08-11T16:35:00.254232	0.00000000e+00	1	30	--	--	1.30007000e+00	1.09886000e-04
2.66543913e+02	2026-08-11T16:35:00.317955	0.00000000e+00	1	30	--	--	1.20007000e+00	1.09886000e-04
2.66605352e+02	2026-08-11T16:35:00.375767	0.00000000e+00	1	30	--	--	1.10007000e+00	1.09887000e-04
2.66654115e+02	2026-08-11T16:35:00.428697	0.00000000e+00	1	30	--	--	1.00007000e+00	1.09887000e-04
2.66700689e+02	2026-08-11T16:35:00.473717	0.00000000e+00	1	30	--	--	9.00067000e-01	1.09886000e-04
2.66755594e+02	2026-08-11T16:35:00.524930	0.00000000e+00	1	30	--	--	8.00065000e-01	1.09887000e-04
2.66820285e+02	2026-08-11T16:35:00.590634	0.00000000e+00	1	30	1.59401000e-01	-1.09914000e-04	7.00054000e-01	1.09887000e-04
2.66877839e+02	2026-08-11T16:35:00.652355	0.00000000e+00	1	30	5.84861000e-02	-1.09915000e-04	6.00041000e-01	1.09887000e-04
2.66939030e+02	2026-08-11T16:35:00.710245	0.00000000e+00	1	30	-3.33309000e-05	-9.62902000e-05	5.00035000e-01	9.58056000e-05
2.67025336e+02	2026-08-11T16:35:00.795862	0.00000000e+00	1	30	-2.64406000e-05	-6.82412000e-05	4.00038000e-01	6.81913000e-05
2.67085639e+02	2026-08-11T16:35:00.859404	0.00000000e+00	1	30	-2.11477000e-05	-4.65753000e-05	3.00029000e-01	4.65845000e-05
2.67132253e+02	2026-08-11T16:35:00.906952	0.00000000e+00	1	30	-1.85728000e-05	-2.89639000e-05	2.00063000e-01	2.89770000e-05
2.67181184e+02	2026-08-11T16:35:00.954791	0.00000000e+00	1	30	-1.65939000e-05	-1.38269000e-05	1.00069000e-01	1.37972000e-05
2.67246476e+02	2026-08-11T16:35:01.019475	0.00000000e+00	1	30	-1.45435000e-05	-1.72052000e-08	5.91278000e-05	1.58818000e-08
2.71442754e+02	2026-08-11T16:35:05.212240	0.00000000e+00	1	31	-1.75953000e-05	-1.52229000e-07	5.13077000e-05	1.51478000e-07
2.71502967e+02	2026-08-11T16:35:05.275633	0.00000000e+00	1	31	1.34502000e-02	-1.09916000e-04	1.00057000e-01	1.09887000e-04
2.71671007e+02	2026-08-11T16:35:05.443506	0.00000000e+00	1	31	1.13442000e-01	-1.09914000e-04	2.00053000e-01	1.09887000e-04
2.71719289e+02	2026-08-11T16:35:05.492352	0.00000000e+00	1	31	--	--	3.00023000e-01	1.09886000e-04
2.71779377e+02	2026-08-11T16:35:05.553719	0.00000000e+00	1	31	--	--	4.00035000e-01	1.09885000e-04
2.71836659e+02	2026-08-11T16:35:05.610801	0.00000000e+00	1	31	--	--	5.00036000e-01	1.09885000e-04
2.71884296e+02	2026-08-11T16:35:05.659115	0.00000000e+00	1	31	--	--	6.00039000e-01	1.09885000e-04
2.71928633e+02	2026-08-11T16:35:05.690460	0.00000000e+00	1	31	--	--	7.00048000e-01	1.09885000e-04
2.71980441e+02	2026-08-11T16:35:05.754110	0.00000000e+00	1	31	--	--	8.00061000e-01	1.09884000e-04
2.72054791e+02	2026-08-11T16:35:05.817972	0.00000000e+00	1	31	--	--	9.00066000e-01	1.09884000e-04
2.72102943e+02	2026-08-11T16:35:05.875072	0.00000000e+00	1	31	--	--	1.00007000e+00	1.09885000e-04
2.72155276e+02	2026-08-11T16:35:05.929714	0.00000000e+00	1	31	--	--	1.10006000e+00	1.09884000e-04
2.72218955e+02	2026-08-11T16:35:05.993667	0.00000000e+00	1	31	--	--	1.20006000e+00	1.09885000e-04
2.72282572e+02	2026-08-11T16:35:06.057114	0.00000000e+00	1	31	--	--	1.30006000e+00	1.09883000e-04
2.72344496e+02	2026-08-11T16:35:06.106836	0.00000000e+00	1	31	--	--	1.40006000e+00	1.09884000e-04
2.72400471e+02	2026-08-11T16:35:06.168070	0.00000000e+00	1	31	--	--	1.50005000e+00	1.09885000e-04
2.72463421e+02	2026-08-11T16:35:06.232211	0.00000000e+00	1	31	--	--	1.60004000e+00	1.09885000e-04
2.72527029e+02	2026-08-11T16:35:06.295753	0.00000000e+00	1	31	--	--	1.70004000e+00	1.09885000e-04
2.72584974e+02	2026-08-11T16:35:06.359677	0.00000000e+00	1	31	--	--	1.80002000e+00	1.09885000e-04
2.72649321e+02	2026-08-11T16:35:06.423460	0.00000000e+00	1	31	--	--	1.90002000e+00	1.09886000e-04
2.72721630e+02	2026-08-11T16:35:06.487290	0.00000000e+00	1	31	--	--	2.00001000e+00	1.09886000e-04
2.72771046e+02	2026-08-11T16:35:06.540822	0.00000000e+00	1	31	--	--	2.10030000e+00	1.09887000e-04
2.72817136e+02	2026-08-11T16:35:06.589913	0.00000000e+00	1	31	--	--	2.20050000e+00	1.09886000e-04
2.72866690e+02	2026-08-11T16:35:06.636008	0.00000000e+00	1	31	--	--	2.30032000e+00	1.09887000e-04
2.72912174e+02	2026-08-11T16:35:06.679369	0.00000000e+00	1	31	--	--	2.40051000e+00	1.09887000e-04
2.72968887e+02	2026-08-11T16:35:06.741718	0.00000000e+00	1	31	--	--	2.50060000e+00	1.09887000e-04
2.73030949e+02	2026-08-11T16:35:06.805403	0.00000000e+00	1	31	--	--	2.60038000e+00	1.09888000e-04
2.73076443e+02	2026-08-11T16:35:06.847710	0.00000000e+00	1	31	--	--	2.70057000e+00	1.09888000e-04
2.73126591e+02	2026-08-11T16:35:06.900500	0.00000000e+00	1	31	--	--	2.80043000e+00	1.09888000e-04
2.73171125e+02	2026-08-11T16:35:06.932373	0.00000000e+00	1	31	--	--	2.90058000e+00	1.09889000e-04
2.73223140e+02	2026-08-11T16:35:06.996285	0.00000000e+00	1	31	--	--	3.00044000e+00	1.09888000e-04
2.73282515e+02	2026-08-11T16:35:07.046104	0.00000000e+00	1	31	--	--	3.10059000e+00	1.09886000e-04
2.73342275e+02	2026-08-11T16:35:07.108169	0.00000000e+00	1	31	--	--	3.20071000e+00	1.09888000e-04
2.73398438e+02	2026-08-11T16:35:07.172410	0.00000000e+00	1	31	--	--	3.30047000e+00	1.09889000e-04
2.73463151e+02	2026-08-11T16:35:07.237284	0.00000000e+00	1	31	--	--	3.40064000e+00	1.09887000e-04
2.73516979e+02	2026-08-11T16:35:07.286605	0.00000000e+00	1	31	--	--	3.50051000e+00	1.09889000e-04
2.73579648e+02	2026-08-11T16:35:07.347602	0.00000000e+00	1	31	--	--	3.60061000e+00	1.09888000e-04
2.73636411e+02	2026-08-11T16:35:07.410808	0.00000000e+00	1	31	--	--	3.70048000e+00	1.09888000e-04
2.73682942e+02	2026-08-11T16:35:07.451659	0.00000000e+00	1	31	--	--	3.80064000e+00	1.09889000e-04
2.73739064e+02	2026-08-11T16:35:07.506440	0.00000000e+00	1	31	--	--	3.90075000e+00	1.09890000e-04
2.73795947e+02	2026-08-11T16:35:07.570339	0.00000000e+00	1	31	--	--	4.00058000e+00	1.09889000e-04
2.73841530e+02	2026-08-11T16:35:07.602627	0.00000000e+00	1	31	--	--	4.00059000e+00	1.09889000e-04
2.73897721e+02	2026-08-11T16:35:07.665985	0.00000000e+00	1	31	--	--	3.90074000e+00	1.09889000e-04
2.73963012e+02	2026-08-11T16:35:07.730322	0.00000000e+00	1	31	--	--	3.80061000e+00	1.09889000e-04
2.74019370e+02	2026-08-11T16:35:07.793603	0.00000000e+00	1	31	--	--	3.70047000e+00	1.09888000e-04
2.74071119e+02	2026-08-11T16:35:07.843863	0.00000000e+00	1	31	--	--	3.60063000e+00	1.09889000e-04
2.74130951e+02	2026-08-11T16:35:07.904656	0.00000000e+00	1	31	--	--	3.50052000e+00	1.09889000e-04
2.74175528e+02	2026-08-11T16:35:07.938440	0.00000000e+00	1	31	--	--	3.40065000e+00	1.09889000e-04
2.74235581e+02	2026-08-11T16:35:08.000175	0.00000000e+00	1	31	--	--	3.30051000e+00	1.09889000e-04
2.74294104e+02	2026-08-11T16:35:08.064690	0.00000000e+00	1	31	--	--	3.20072000e+00	1.09889000e-04
2.74359507e+02	2026-08-11T16:35:08.127623	0.00000000e+00	1	31	--	--	3.10061000e+00	1.09887000e-04
2.74416403e+02	2026-08-11T16:35:08.191008	0.00000000e+00	1	31	--	--	3.00040000e+00	1.09888000e-04
2.74463869e+02	2026-08-11T16:35:08.238662	0.00000000e+00	1	31	--	--	2.90058000e+00	1.09888000e-04
2.74512284e+02	2026-08-11T16:35:08.286445	0.00000000e+00	1	31	--	--	2.80041000e+00	1.09888000e-04
2.74575828e+02	2026-08-11T16:35:08.350365	0.00000000e+00	1	31	--	--	2.70061000e+00	1.09888000e-04
2.74649877e+02	2026-08-11T16:35:08.414397	0.00000000e+00	1	31	--	--	2.60042000e+00	1.09888000e-04
2.74712923e+02	2026-08-11T16:35:08.479368	0.00000000e+00	1	31	--	--	2.50061000e+00	1.09889000e-04
2.74768140e+02	2026-08-11T16:35:08.542492	0.00000000e+00	1	31	--	--	2.40048000e+00	1.09888000e-04
2.74814104e+02	2026-08-11T16:35:08.585204	0.00000000e+00	1	31	--	--	2.30034000e+00	1.09888000e-04
2.74877292e+02	2026-08-11T16:35:08.638261	0.00000000e+00	1	31	--	--	2.20055000e+00	1.09887000e-04
2.74922442e+02	2026-08-11T16:35:08.696345	0.00000000e+00	1	31	--	--	2.10032000e+00	1.09886000e-04
2.74972747e+02	2026-08-11T16:35:08.743822	0.00000000e+00	1	31	--	--	2.00002000e+00	1.09886000e-04
2.75036323e+02	2026-08-11T16:35:08.807377	0.00000000e+00	1	31	--	--	1.90003000e+00	1.09886000e-04
2.75081195e+02	2026-08-11T16:35:08.854870	0.00000000e+00	1	31	--	--	1.80003000e+00	1.09887000e-04
2.75130857e+02	2026-08-11T16:35:08.905485	0.00000000e+00	1	31	--	--	1.70004000e+00	1.09887000e-04
2.75188423e+02	2026-08-11T16:35:08.955540	0.00000000e+00	1	31	--	--	1.60005000e+00	1.09886000e-04
2.75245094e+02	2026-08-11T16:35:09.019009	0.00000000e+00	1	31	--	--	1.50005000e+00	1.09887000e-04
2.75294534e+02	2026-08-11T16:35:09.066649	0.00000000e+00	1	31	--	--	1.40006000e+00	1.09886000e-04
2.75348744e+02	2026-08-11T16:35:09.116409	0.00000000e+00	1	31	--	--	1.30006000e+00	1.09886000e-04
2.75410202e+02	2026-08-11T16:35:09.178500	0.00000000e+00	1	31	--	--	1.20007000e+00	1.09887000e-04
2.75467386e+02	2026-08-11T16:35:09.241530	0.00000000e+00	1	31	--	--	1.10006000e+00	1.09885000e-04
2.75524196e+02	2026-08-11T16:35:09.299024	0.00000000e+00	1	31	--	--	1.00007000e+00	1.09886000e-04
2.75571199e+02	2026-08-11T16:35:09.342396	0.00000000e+00	1	31	--	--	9.00066000e-01	1.09885000e-04
2.75615114e+02	2026-08-11T16:35:09.383400	0.00000000e+00	1	31	--	--	8.00065000e-01	1.09886000e-04
2.75667551e+02	2026-08-11T16:35:09.434789	0.00000000e+00	1	31	--	--	7.00054000e-01	1.09887000e-04
2.75727146e+02	2026-08-11T16:35:09.500414	0.00000000e+00	1	31	--	--	6.00044000e-01	1.09887000e-04
2.75783228e+02	2026-08-11T16:35:09.557792	0.00000000e+00	1	31	--	--	5.00039000e-01	1.09887000e-04
2.75831161e+02	2026-08-11T16:35:09.605912	0.00000000e+00	1	31	--	--	4.00038000e-01	1.09886000e-04
2.75882907e+02	2026-08-11T16:35:09.653579	0.00000000e+00	1	31	--	--	3.00029000e-01	1.09887000e-04
2.75931494e+02	2026-08-11T16:35:09.701124	0.00000000e+00	1	31	1.13444000e-01	-1.09915000e-04	2.00064000e-01	1.09887000e-04
2.75983653e+02	2026-08-11T16:35:09.750478	0.00000000e+00	1	31	1.34565000e-02	-1.09915000e-04	1.00066000e-01	1.09888000e-04
2.76028376e+02	2026-08-11T16:35:09.802003	0.00000000e+00	1	31	-6.05583000e-06	-1.48489000e-07	6.13451000e-05	1.46537000e-07
2.79842347e+02	2026-08-11T16:35:13.608411	0.00000000e+00	1	32	-1.33991000e-05	-1.66124000e-07	6.33240000e-05	1.63977000e-07
2.79904088e+02	2026-08-11T16:35:13.671606	0.00000000e+00	1	32	1.37177000e-02	-1.09916000e-04	1.00067000e-01	1.09888000e-04
2.80071657e+02	2026-08-11T16:35:13.846464	0.00000000e+00	1	32	1.13712000e-01	-1.09915000e-04	2.00064000e-01	1.09888000e-04
2.80136590e+02	2026-08-11T16:35:13.910184	0.00000000e+00	1	32	--	--	3.00031000e-01	1.09888000e-04
2.80200282e+02	2026-08-11T16:35:13.973996	0.00000000e+00	1	32	--	--	4.00041000e-01	1.09887000e-04
2.80270173e+02	2026-08-11T16:35:14.038368	0.00000000e+00	1	32	--	--	5.00040000e-01	1.09886000e-04
2.80326964e+02	2026-08-11T16:35:14.101746	0.00000000e+00	1	32	--	--	6.00044000e-01	1.09886000e-04
2.80374906e+02	2026-08-11T16:35:14.149041	0.00000000e+00	1	32	--	--	7.00057000e-01	1.09886000e-04
2.80440383e+02	2026-08-11T16:35:14.212927	0.00000000e+00	1	32	--	--	8.00067000e-01	1.09886000e-04
2.80491174e+02	2026-08-11T16:35:14.263272	0.00000000e+00	1	32	--	--	9.00066000e-01	1.09886000e-04
2.80563253e+02	2026-08-11T16:35:14.325482	0.00000000e+00	1	32	--	--	1.00007000e+00	1.09885000e-04
2.80607402e+02	2026-08-11T16:35:14.372997	0.00000000e+00	1	32	--	--	1.10007000e+00	1.09886000e-04
2.80656688e+02	2026-08-11T16:35:14.431466	0.00000000e+00	1	32	--	--	1.20007000e+00	1.09886000e-04
2.80710107e+02	2026-08-11T16:35:14.484151	0.00000000e+00	1	32	--	--	1.30007000e+00	1.09886000e-04
2.80774038e+02	2026-08-11T16:35:14.548210	0.00000000e+00	1	32	--	--	1.40006000e+00	1.09885000e-04
2.80836291e+02	2026-08-11T16:35:14.595906	0.00000000e+00	1	32	--	--	1.50005000e+00	1.09885000e-04
2.80884235e+02	2026-08-11T16:35:14.659057	0.00000000e+00	1	32	--	--	1.60005000e+00	1.09887000e-04
2.80932266e+02	2026-08-11T16:35:14.706409	0.00000000e+00	1	32	--	--	1.70004000e+00	1.09886000e-04
2.80996229e+02	2026-08-11T16:35:14.770166	0.00000000e+00	1	32	--	--	1.80003000e+00	1.09886000e-04
2.81068154e+02	2026-08-11T16:35:14.834119	0.00000000e+00	1	32	--	--	1.90003000e+00	1.09886000e-04
2.81125561e+02	2026-08-11T16:35:14.898237	0.00000000e+00	1	32	--	--	2.00002000e+00	1.09885000e-04
2.81169760e+02	2026-08-11T16:35:14.930010	0.00000000e+00	1	32	--	--	2.10034000e+00	1.09887000e-04
2.81226519e+02	2026-08-11T16:35:14.993865	0.00000000e+00	1	32	--	--	2.20053000e+00	1.09886000e-04
2.81290899e+02	2026-08-11T16:35:15.057860	0.00000000e+00	1	32	--	--	2.30027000e+00	1.09887000e-04
2.81347415e+02	2026-08-11T16:35:15.121550	0.00000000e+00	1	32	--	--	2.40047000e+00	1.09887000e-04
2.81395832e+02	2026-08-11T16:35:15.170438	0.00000000e+00	1	32	--	--	2.50059000e+00	1.09887000e-04
2.81473252e+02	2026-08-11T16:35:15.247875	0.00000000e+00	1	32	--	--	2.60043000e+00	1.09889000e-04
2.81523539e+02	2026-08-11T16:35:15.297572	0.00000000e+00	1	32	--	--	2.70057000e+00	1.09887000e-04
2.81567921e+02	2026-08-11T16:35:15.342874	0.00000000e+00	1	32	--	--	2.80041000e+00	1.09887000e-04
2.81633576e+02	2026-08-11T16:35:15.406794	0.00000000e+00	1	32	--	--	2.90055000e+00	1.09887000e-04
2.81684700e+02	2026-08-11T16:35:15.454296	0.00000000e+00	1	32	--	--	3.00039000e+00	1.09887000e-04
2.81743871e+02	2026-08-11T16:35:15.517943	0.00000000e+00	1	32	--	--	3.10059000e+00	1.09884000e-04
2.81796324e+02	2026-08-11T16:35:15.565289	0.00000000e+00	1	32	--	--	3.20070000e+00	1.09886000e-04
2.81862724e+02	2026-08-11T16:35:15.636389	0.00000000e+00	1	32	--	--	3.30050000e+00	1.09887000e-04
2.81917866e+02	2026-08-11T16:35:15.692788	0.00000000e+00	1	32	--	--	3.40063000e+00	1.09887000e-04
2.81972769e+02	2026-08-11T16:35:15.739682	0.00000000e+00	1	32	--	--	3.50049000e+00	1.09887000e-04
2.82023410e+02	2026-08-11T16:35:15.793946	0.00000000e+00	1	32	--	--	3.60059000e+00	1.09888000e-04
2.82080321e+02	2026-08-11T16:35:15.854340	0.00000000e+00	1	32	--	--	3.70045000e+00	1.09887000e-04
2.82125455e+02	2026-08-11T16:35:15.899336	0.00000000e+00	1	32	--	--	3.80059000e+00	1.09888000e-04
2.82187939e+02	2026-08-11T16:35:15.962007	0.00000000e+00	1	32	--	--	3.90067000e+00	1.09888000e-04
2.82257679e+02	2026-08-11T16:35:16.031584	0.00000000e+00	1	32	--	--	4.00055000e+00	1.09887000e-04
2.82302864e+02	2026-08-11T16:35:16.073313	0.00000000e+00	1	32	--	--	4.00054000e+00	1.09888000e-04
2.82379293e+02	2026-08-11T16:35:16.153998	0.00000000e+00	1	32	--	--	3.90070000e+00	1.09888000e-04
2.82448495e+02	2026-08-11T16:35:16.222319	0.00000000e+00	1	32	--	--	3.80061000e+00	1.09888000e-04
2.82511138e+02	2026-08-11T16:35:16.280463	0.00000000e+00	1	32	--	--	3.70048000e+00	1.09888000e-04
2.82579806e+02	2026-08-11T16:35:16.353837	0.00000000e+00	1	32	--	--	3.60062000e+00	1.09888000e-04
2.82625711e+02	2026-08-11T16:35:16.393411	0.00000000e+00	1	32	--	--	3.50051000e+00	1.09887000e-04
2.82693328e+02	2026-08-11T16:35:16.464707	0.00000000e+00	1	32	--	--	3.40066000e+00	1.09888000e-04
2.82745337e+02	2026-08-11T16:35:16.518694	0.00000000e+00	1	32	--	--	3.30048000e+00	1.09887000e-04
2.82790643e+02	2026-08-11T16:35:16.565596	0.00000000e+00	1	32	--	--	3.20070000e+00	1.09887000e-04
2.82870484e+02	2026-08-11T16:35:16.645184	0.00000000e+00	1	32	--	--	3.10058000e+00	1.09884000e-04
2.82916807e+02	2026-08-11T16:35:16.687738	0.00000000e+00	1	32	--	--	3.00038000e+00	1.09887000e-04
2.82966089e+02	2026-08-11T16:35:16.740254	0.00000000e+00	1	32	--	--	2.90058000e+00	1.09886000e-04
2.83030109e+02	2026-08-11T16:35:16.804514	0.00000000e+00	1	32	--	--	2.80039000e+00	1.09887000e-04
2.83083249e+02	2026-08-11T16:35:16.856157	0.00000000e+00	1	32	--	--	2.70056000e+00	1.09886000e-04
2.83144857e+02	2026-08-11T16:35:16.917338	0.00000000e+00	1	32	--	--	2.60040000e+00	1.09886000e-04
2.83220096e+02	2026-08-11T16:35:16.993437	0.00000000e+00	1	32	--	--	2.50061000e+00	1.09887000e-04
2.83276197e+02	2026-08-11T16:35:17.043242	0.00000000e+00	1	32	--	--	2.40050000e+00	1.09886000e-04
2.83334491e+02	2026-08-11T16:35:17.106743	0.00000000e+00	1	32	--	--	2.30029000e+00	1.09887000e-04
2.83386672e+02	2026-08-11T16:35:17.156756	0.00000000e+00	1	32	--	--	2.20051000e+00	1.09885000e-04
2.83462770e+02	2026-08-11T16:35:17.234598	0.00000000e+00	1	32	--	--	2.10035000e+00	1.09886000e-04
2.83513541e+02	2026-08-11T16:35:17.282574	0.00000000e+00	1	32	--	--	2.00001000e+00	1.09885000e-04
2.83571225e+02	2026-08-11T16:35:17.346386	0.00000000e+00	1	32	--	--	1.90003000e+00	1.09885000e-04
2.83619160e+02	2026-08-11T16:35:17.393801	0.00000000e+00	1	32	--	--	1.80003000e+00	1.09886000e-04
2.83664979e+02	2026-08-11T16:35:17.437464	0.00000000e+00	1	32	--	--	1.70004000e+00	1.09886000e-04
2.83726180e+02	2026-08-11T16:35:17.489233	0.00000000e+00	1	32	--	--	1.60005000e+00	1.09886000e-04
2.83783526e+02	2026-08-11T16:35:17.553708	0.00000000e+00	1	32	--	--	1.50005000e+00	1.09885000e-04
2.83852432e+02	2026-08-11T16:35:17.617291	0.00000000e+00	1	32	--	--	1.40006000e+00	1.09885000e-04
2.83906212e+02	2026-08-11T16:35:17.680428	0.00000000e+00	1	32	--	--	1.30006000e+00	1.09885000e-04
2.83970609e+02	2026-08-11T16:35:17.743817	0.00000000e+00	1	32	--	--	1.20006000e+00	1.09884000e-04
2.84045467e+02	2026-08-11T16:35:17.807079	0.00000000e+00	1	32	--	--	1.10006000e+00	1.09883000e-04
2.84095615e+02	2026-08-11T16:35:17.870635	0.00000000e+00	1	32	--	--	1.00007000e+00	1.09885000e-04
2.84146166e+02	2026-08-11T16:35:17.919092	0.00000000e+00	1	32	--	--	9.00064000e-01	1.09884000e-04
2.84209679e+02	2026-08-11T16:35:17.982276	0.00000000e+00	1	32	--	--	8.00062000e-01	1.09884000e-04
2.84272498e+02	2026-08-11T16:35:18.046079	0.00000000e+00	1	32	--	--	7.00051000e-01	1.09884000e-04
2.84317965e+02	2026-08-11T16:35:18.077747	0.00000000e+00	1	32	--	--	6.00040000e-01	1.09885000e-04
2.84366544e+02	2026-08-11T16:35:18.141480	0.00000000e+00	1	32	--	--	5.00039000e-01	1.09885000e-04
2.84415968e+02	2026-08-11T16:35:18.189094	0.00000000e+00	1	32	--	--	4.00037000e-01	1.09886000e-04
2.84469084e+02	2026-08-11T16:35:18.237062	0.00000000e+00	1	32	--	--	3.00030000e-01	1.09885000e-04
2.84521117e+02	2026-08-11T16:35:18.291014	0.00000000e+00	1	32	1.13707000e-01	-1.09914000e-04	2.00061000e-01	1.09886000e-04
2.84574285e+02	2026-08-11T16:35:18.347837	0.00000000e+00	1	32	1.37217000e-02	-1.09915000e-04	1.00065000e-01	1.09887000e-04
2.84619679e+02	2026-08-11T16:35:18.380541	0.00000000e+00	1	32	-1.46866000e-05	-1.62205000e-07	5.88179000e-05	1.52844000e-07
2.88494367e+02	2026-08-11T16:35:22.264202	0.00000000e+00	1	33	-1.44005000e-05	-1.62634000e-07	6.15358000e-05	1.63347000e-07
2.88555266e+02	2026-08-11T16:35:22.328472	0.00000000e+00	1	33	1.41869000e-02	-1.09915000e-04	1.00064000e-01	1.09887000e-04
2.88723189e+02	2026-08-11T16:35:22.487517	0.00000000e+00	1	33	1.14182000e-01	-1.09913000e-04	2.00060000e-01	1.09886000e-04
2.88773876e+02	2026-08-11T16:35:22.542292	0.00000000e+00	1	33	--	--	3.00028000e-01	1.09887000e-04
2.88834276e+02	2026-08-11T16:35:22.599773	0.00000000e+00	1	33	--	--	4.00038000e-01	1.09886000e-04
2.88889261e+02	2026-08-11T16:35:22.663432	0.00000000e+00	1	33	--	--	5.00037000e-01	1.09886000e-04
2.88938000e+02	2026-08-11T16:35:22.711650	0.00000000e+00	1	33	--	--	6.00041000e-01	1.09885000e-04
2.88984550e+02	2026-08-11T16:35:22.759266	0.00000000e+00	1	33	--	--	7.00055000e-01	1.09885000e-04
2.89032880e+02	2026-08-11T16:35:22.807680	0.00000000e+00	1	33	--	--	8.00061000e-01	1.09885000e-04
2.89096543e+02	2026-08-11T16:35:22.870043	0.00000000e+00	1	33	--	--	9.00063000e-01	1.09885000e-04
2.89147274e+02	2026-08-11T16:35:22.918171	0.00000000e+00	1	33	--	--	1.00007000e+00	1.09885000e-04
2.89206922e+02	2026-08-11T16:35:22.981385	0.00000000e+00	1	33	--	--	1.10007000e+00	1.09886000e-04
2.89252493e+02	2026-08-11T16:35:23.013625	0.00000000e+00	1	33	--	--	1.20006000e+00	1.09885000e-04
2.89302991e+02	2026-08-11T16:35:23.077142	0.00000000e+00	1	33	--	--	1.30007000e+00	1.09886000e-04
2.89348468e+02	2026-08-11T16:35:23.108910	0.00000000e+00	1	33	--	--	1.40006000e+00	1.09885000e-04
2.89398786e+02	2026-08-11T16:35:23.173053	0.00000000e+00	1	33	--	--	1.50005000e+00	1.09886000e-04
2.89444454e+02	2026-08-11T16:35:23.204984	0.00000000e+00	1	33	--	--	1.60005000e+00	1.09886000e-04
2.89494251e+02	2026-08-11T16:35:23.268533	0.00000000e+00	1	33	--	--	1.70004000e+00	1.09886000e-04
2.89539636e+02	2026-08-11T16:35:23.310623	0.00000000e+00	1	33	--	--	1.80003000e+00	1.09887000e-04
2.89591396e+02	2026-08-11T16:35:23.364714	0.00000000e+00	1	33	--	--	1.90003000e+00	1.09887000e-04
2.89636650e+02	2026-08-11T16:35:23.396019	0.00000000e+00	1	33	--	--	2.00002000e+00	1.09887000e-04
2.89689212e+02	2026-08-11T16:35:23.459741	0.00000000e+00	1	33	--	--	2.10036000e+00	1.09887000e-04
2.89755016e+02	2026-08-11T16:35:23.525413	0.00000000e+00	1	33	--	--	2.20054000e+00	1.09887000e-04
2.89828493e+02	2026-08-11T16:35:23.602916	0.00000000e+00	1	33	--	--	2.30032000e+00	1.09888000e-04
2.89874149e+02	2026-08-11T16:35:23.645367	0.00000000e+00	1	33	--	--	2.40049000e+00	1.09889000e-04
2.89935405e+02	2026-08-11T16:35:23.698737	0.00000000e+00	1	33	--	--	2.50060000e+00	1.09889000e-04
2.89986502e+02	2026-08-11T16:35:23.756570	0.00000000e+00	1	33	--	--	2.60042000e+00	1.09888000e-04
2.90035928e+02	2026-08-11T16:35:23.810671	0.00000000e+00	1	33	--	--	2.70058000e+00	1.09888000e-04
2.90100515e+02	2026-08-11T16:35:23.873554	0.00000000e+00	1	33	--	--	2.80043000e+00	1.09889000e-04
2.90163686e+02	2026-08-11T16:35:23.937506	0.00000000e+00	1	33	--	--	2.90060000e+00	1.09889000e-04
2.90209552e+02	2026-08-11T16:35:23.979230	0.00000000e+00	1	33	--	--	3.00040000e+00	1.09890000e-04
2.90261892e+02	2026-08-11T16:35:24.035691	0.00000000e+00	1	33	--	--	3.10065000e+00	1.09886000e-04
2.90324108e+02	2026-08-11T16:35:24.096219	0.00000000e+00	1	33	--	--	3.20075000e+00	1.09889000e-04
2.90387277e+02	2026-08-11T16:35:24.159965	0.00000000e+00	1	33	--	--	3.30055000e+00	1.09889000e-04
2.90440774e+02	2026-08-11T16:35:24.208049	0.00000000e+00	1	33	--	--	3.40072000e+00	1.09889000e-04
2.90484895e+02	2026-08-11T16:35:24.256124	0.00000000e+00	1	33	--	--	3.50059000e+00	1.09890000e-04
2.90544314e+02	2026-08-11T16:35:24.319043	0.00000000e+00	1	33	--	--	3.60070000e+00	1.09890000e-04
2.90612579e+02	2026-08-11T16:35:24.383485	0.00000000e+00	1	33	--	--	3.70059000e+00	1.09890000e-04
2.90674685e+02	2026-08-11T16:35:24.446456	0.00000000e+00	1	33	--	--	3.80069000e+00	1.09890000e-04
2.90738758e+02	2026-08-11T16:35:24.510483	0.00000000e+00	1	33	--	--	3.90079000e+00	1.09890000e-04
2.90782744e+02	2026-08-11T16:35:24.557918	0.00000000e+00	1	33	--	--	4.00063000e+00	1.09891000e-04
2.90832798e+02	2026-08-11T16:35:24.605822	0.00000000e+00	1	33	--	--	4.00061000e+00	1.09891000e-04
2.90879538e+02	2026-08-11T16:35:24.653834	0.00000000e+00	1	33	--	--	3.90078000e+00	1.09891000e-04
2.90927575e+02	2026-08-11T16:35:24.702780	0.00000000e+00	1	33	--	--	3.80067000e+00	1.09890000e-04
2.90995558e+02	2026-08-11T16:35:24.766012	0.00000000e+00	1	33	--	--	3.70053000e+00	1.09891000e-04
2.91057803e+02	2026-08-11T16:35:24.829970	0.00000000e+00	1	33	--	--	3.60067000e+00	1.09891000e-04
2.91102992e+02	2026-08-11T16:35:24.877957	0.00000000e+00	1	33	--	--	3.50057000e+00	1.09889000e-04
2.91168223e+02	2026-08-11T16:35:24.941458	0.00000000e+00	1	33	--	--	3.40068000e+00	1.09889000e-04
2.91214632e+02	2026-08-11T16:35:24.989374	0.00000000e+00	1	33	--	--	3.30053000e+00	1.09889000e-04
2.91263205e+02	2026-08-11T16:35:25.038100	0.00000000e+00	1	33	--	--	3.20075000e+00	1.09889000e-04
2.91327230e+02	2026-08-11T16:35:25.101414	0.00000000e+00	1	33	--	--	3.10063000e+00	1.09886000e-04
2.91392153e+02	2026-08-11T16:35:25.166264	0.00000000e+00	1	33	--	--	3.00045000e+00	1.09889000e-04
2.91439174e+02	2026-08-11T16:35:25.214131	0.00000000e+00	1	33	--	--	2.90064000e+00	1.09888000e-04
2.91489967e+02	2026-08-11T16:35:25.262192	0.00000000e+00	1	33	--	--	2.80046000e+00	1.09889000e-04
2.91554156e+02	2026-08-11T16:35:25.325261	0.00000000e+00	1	33	--	--	2.70062000e+00	1.09888000e-04
2.91598183e+02	2026-08-11T16:35:25.373110	0.00000000e+00	1	33	--	--	2.60047000e+00	1.09889000e-04
2.91645965e+02	2026-08-11T16:35:25.420661	0.00000000e+00	1	33	--	--	2.50064000e+00	1.09888000e-04
2.91696436e+02	2026-08-11T16:35:25.468916	0.00000000e+00	1	33	--	--	2.40056000e+00	1.09888000e-04
2.91741941e+02	2026-08-11T16:35:25.516579	0.00000000e+00	1	33	--	--	2.30034000e+00	1.09887000e-04
2.91807274e+02	2026-08-11T16:35:25.580137	0.00000000e+00	1	33	--	--	2.20058000e+00	1.09887000e-04
2.91876894e+02	2026-08-11T16:35:25.644079	0.00000000e+00	1	33	--	--	2.10040000e+00	1.09888000e-04
2.91937630e+02	2026-08-11T16:35:25.708718	0.00000000e+00	1	33	--	--	2.00002000e+00	1.09888000e-04
2.92002245e+02	2026-08-11T16:35:25.771408	0.00000000e+00	1	33	--	--	1.90003000e+00	1.09887000e-04
2.92047580e+02	2026-08-11T16:35:25.819866	0.00000000e+00	1	33	--	--	1.80003000e+00	1.09887000e-04
2.92107957e+02	2026-08-11T16:35:25.882421	0.00000000e+00	1	33	--	--	1.70004000e+00	1.09886000e-04
2.92154794e+02	2026-08-11T16:35:25.914033	0.00000000e+00	1	33	--	--	1.60005000e+00	1.09886000e-04
2.92202758e+02	2026-08-11T16:35:25.977435	0.00000000e+00	1	33	--	--	1.50005000e+00	1.09887000e-04
2.92266821e+02	2026-08-11T16:35:26.041775	0.00000000e+00	1	33	--	--	1.40006000e+00	1.09888000e-04
2.92313397e+02	2026-08-11T16:35:26.088516	0.00000000e+00	1	33	--	--	1.30007000e+00	1.09886000e-04
2.92365520e+02	2026-08-11T16:35:26.136366	0.00000000e+00	1	33	--	--	1.20007000e+00	1.09887000e-04
2.92428771e+02	2026-08-11T16:35:26.200290	0.00000000e+00	1	33	--	--	1.10006000e+00	1.09887000e-04
2.92493615e+02	2026-08-11T16:35:26.263834	0.00000000e+00	1	33	--	--	1.00007000e+00	1.09887000e-04
2.92552734e+02	2026-08-11T16:35:26.327441	0.00000000e+00	1	33	--	--	9.00064000e-01	1.09888000e-04
2.92616807e+02	2026-08-11T16:35:26.391294	0.00000000e+00	1	33	--	--	8.00066000e-01	1.09887000e-04
2.92684921e+02	2026-08-11T16:35:26.455486	0.00000000e+00	1	33	--	--	7.00056000e-01	1.09887000e-04
2.92750638e+02	2026-08-11T16:35:26.518229	0.00000000e+00	1	33	--	--	6.00046000e-01	1.09887000e-04
2.92810950e+02	2026-08-11T16:35:26.581700	0.00000000e+00	1	33	--	--	5.00041000e-01	1.09887000e-04
2.92872195e+02	2026-08-11T16:35:26.646148	0.00000000e+00	1	33	--	--	4.00042000e-01	1.09889000e-04
2.92935355e+02	2026-08-11T16:35:26.709531	0.00000000e+00	1	33	--	--	3.00033000e-01	1.09888000e-04
2.92999729e+02	2026-08-11T16:35:26.772906	0.00000000e+00	1	33	1.14180000e-01	-1.09915000e-04	2.00065000e-01	1.09889000e-04
2.93048491e+02	2026-08-11T16:35:26.822831	0.00000000e+00	1	33	1.41945000e-02	-1.09916000e-04	1.00067000e-01	1.09889000e-04
2.93092533e+02	2026-08-11T16:35:26.852548	0.00000000e+00	1	33	-1.50919000e-05	-1.65194000e-07	6.63281000e-05	1.62336000e-07
2.96853946e+02	2026-08-11T16:35:30.622191	0.00000000e+00	1	34	-2.33412000e-05	-1.69752000e-07	5.79357000e-05	1.68330000e-07
2.96912916e+02	2026-08-11T16:35:30.686137	0.00000000e+00	1	34	1.45258000e-02	-1.09917000e-04	1.00064000e-01	1.09890000e-04
2.97078749e+02	2026-08-11T16:35:30.844669	0.00000000e+00	1	34	1.14524000e-01	-1.09916000e-04	2.00061000e-01	1.09889000e-04
2.97135441e+02	2026-08-11T16:35:30.908246	0.00000000e+00	1	34	--	--	3.00030000e-01	1.09890000e-04
2.97184834e+02	2026-08-11T16:35:30.957815	0.00000000e+00	1	34	--	--	4.00035000e-01	1.09889000e-04
2.97248793e+02	2026-08-11T16:35:31.023910	0.00000000e+00	1	34	--	--	5.00036000e-01	1.09888000e-04
2.97293235e+02	2026-08-11T16:35:31.067916	0.00000000e+00	1	34	--	--	6.00044000e-01	1.09888000e-04
2.97338785e+02	2026-08-11T16:35:31.112688	0.00000000e+00	1	34	--	--	7.00051000e-01	1.09888000e-04
2.97391255e+02	2026-08-11T16:35:31.166114	0.00000000e+00	1	34	--	--	8.00058000e-01	1.09887000e-04
2.97435897e+02	2026-08-11T16:35:31.211086	0.00000000e+00	1	34	--	--	9.00060000e-01	1.09886000e-04
2.97500355e+02	2026-08-11T16:35:31.275061	0.00000000e+00	1	34	--	--	1.00006000e+00	1.09886000e-04
2.97545720e+02	2026-08-11T16:35:31.320319	0.00000000e+00	1	34	--	--	1.10006000e+00	1.09885000e-04
2.97617288e+02	2026-08-11T16:35:31.385745	0.00000000e+00	1	34	--	--	1.20006000e+00	1.09886000e-04
2.97672789e+02	2026-08-11T16:35:31.443705	0.00000000e+00	1	34	--	--	1.30006000e+00	1.09886000e-04
2.97751210e+02	2026-08-11T16:35:31.526116	0.00000000e+00	1	34	--	--	1.40006000e+00	1.09887000e-04
2.97797174e+02	2026-08-11T16:35:31.571321	0.00000000e+00	1	34	--	--	1.50005000e+00	1.09887000e-04
2.97866908e+02	2026-08-11T16:35:31.641153	0.00000000e+00	1	34	--	--	1.60005000e+00	1.09887000e-04
2.97928724e+02	2026-08-11T16:35:31.703722	0.00000000e+00	1	34	--	--	1.70004000e+00	1.09888000e-04
2.97972780e+02	2026-08-11T16:35:31.747435	0.00000000e+00	1	34	--	--	1.80003000e+00	1.09888000e-04
2.98017583e+02	2026-08-11T16:35:31.792714	0.00000000e+00	1	34	--	--	1.90003000e+00	1.09888000e-04
2.98062039e+02	2026-08-11T16:35:31.837060	0.00000000e+00	1	34	--	--	2.00002000e+00	1.09889000e-04
2.98114375e+02	2026-08-11T16:35:31.888685	0.00000000e+00	1	34	--	--	2.10035000e+00	1.09889000e-04
2.98169026e+02	2026-08-11T16:35:31.943762	0.00000000e+00	1	34	--	--	2.20054000e+00	1.09889000e-04
2.98222398e+02	2026-08-11T16:35:31.997480	0.00000000e+00	1	34	--	--	2.30030000e+00	1.09889000e-04
2.98301437e+02	2026-08-11T16:35:32.074138	0.00000000e+00	1	34	--	--	2.40052000e+00	1.09889000e-04
2.98353761e+02	2026-08-11T16:35:32.124504	0.00000000e+00	1	34	--	--	2.50064000e+00	1.09889000e-04
2.98410579e+02	2026-08-11T16:35:32.184941	0.00000000e+00	1	34	--	--	2.60043000e+00	1.09889000e-04
2.98460307e+02	2026-08-11T16:35:32.233916	0.00000000e+00	1	34	--	--	2.70058000e+00	1.09890000e-04
2.98505194e+02	2026-08-11T16:35:32.279995	0.00000000e+00	1	34	--	--	2.80044000e+00	1.09888000e-04
2.98550616e+02	2026-08-11T16:35:32.324759	0.00000000e+00	1	34	--	--	2.90061000e+00	1.09890000e-04
2.98611329e+02	2026-08-11T16:35:32.383884	0.00000000e+00	1	34	--	--	3.00046000e+00	1.09890000e-04
2.98666293e+02	2026-08-11T16:35:32.439229	0.00000000e+00	1	34	--	--	3.10066000e+00	1.09888000e-04
2.98710295e+02	2026-08-11T16:35:32.483826	0.00000000e+00	1	34	--	--	3.20078000e+00	1.09891000e-04
2.98760364e+02	2026-08-11T16:35:32.533884	0.00000000e+00	1	34	--	--	3.30057000e+00	1.09891000e-04
2.98804385e+02	2026-08-11T16:35:32.573760	0.00000000e+00	1	34	--	--	3.40073000e+00	1.09891000e-04
2.98853284e+02	2026-08-11T16:35:32.627538	0.00000000e+00	1	34	--	--	3.50059000e+00	1.09891000e-04
2.98904616e+02	2026-08-11T16:35:32.675377	0.00000000e+00	1	34	--	--	3.60065000e+00	1.09891000e-04
2.98980595e+02	2026-08-11T16:35:32.754964	0.00000000e+00	1	34	--	--	3.70060000e+00	1.09891000e-04
2.99024946e+02	2026-08-11T16:35:32.793755	0.00000000e+00	1	34	--	--	3.80068000e+00	1.09891000e-04
2.99085443e+02	2026-08-11T16:35:32.853923	0.00000000e+00	1	34	--	--	3.90075000e+00	1.09892000e-04
2.99141976e+02	2026-08-11T16:35:32.914006	0.00000000e+00	1	34	--	--	4.00060000e+00	1.09892000e-04
2.99186512e+02	2026-08-11T16:35:32.959949	0.00000000e+00	1	34	--	--	4.00059000e+00	1.09892000e-04
2.99232351e+02	2026-08-11T16:35:33.003861	0.00000000e+00	1	34	--	--	3.90076000e+00	1.09891000e-04
2.99285163e+02	2026-08-11T16:35:33.056274	0.00000000e+00	1	34	--	--	3.80065000e+00	1.09892000e-04
2.99351449e+02	2026-08-11T16:35:33.125653	0.00000000e+00	1	34	--	--	3.70048000e+00	1.09891000e-04
2.99415089e+02	2026-08-11T16:35:33.182638	0.00000000e+00	1	34	--	--	3.60068000e+00	1.09892000e-04
2.99472274e+02	2026-08-11T16:35:33.246897	0.00000000e+00	1	34	--	--	3.50056000e+00	1.09891000e-04
2.99519596e+02	2026-08-11T16:35:33.293808	0.00000000e+00	1	34	--	--	3.40066000e+00	1.09890000e-04
2.99575141e+02	2026-08-11T16:35:33.341569	0.00000000e+00	1	34	--	--	3.30050000e+00	1.09889000e-04
2.99637303e+02	2026-08-11T16:35:33.404720	0.00000000e+00	1	34	--	--	3.20071000e+00	1.09889000e-04
2.99682066e+02	2026-08-11T16:35:33.455689	0.00000000e+00	1	34	--	--	3.10059000e+00	1.09887000e-04
2.99745740e+02	2026-08-11T16:35:33.516863	0.00000000e+00	1	34	--	--	3.00039000e+00	1.09889000e-04
2.99806882e+02	2026-08-11T16:35:33.580292	0.00000000e+00	1	34	--	--	2.90060000e+00	1.09889000e-04
2.99851295e+02	2026-08-11T16:35:33.611953	0.00000000e+00	1	34	--	--	2.80043000e+00	1.09891000e-04
2.99902647e+02	2026-08-11T16:35:33.675466	0.00000000e+00	1	34	--	--	2.70056000e+00	1.09890000e-04
2.99956679e+02	2026-08-11T16:35:33.726665	0.00000000e+00	1	34	--	--	2.60039000e+00	1.09889000e-04
3.00011413e+02	2026-08-11T16:35:33.785943	0.00000000e+00	1	34	--	--	2.50059000e+00	1.09888000e-04
3.00057107e+02	2026-08-11T16:35:33.826745	0.00000000e+00	1	34	--	--	2.40049000e+00	1.09888000e-04
3.00104179e+02	2026-08-11T16:35:33.875110	0.00000000e+00	1	34	--	--	2.30032000e+00	1.09888000e-04
3.00153092e+02	2026-08-11T16:35:33.927796	0.00000000e+00	1	34	--	--	2.20054000e+00	1.09888000e-04
3.00219276e+02	2026-08-11T16:35:33.991130	0.00000000e+00	1	34	--	--	2.10037000e+00	1.09888000e-04
3.00272293e+02	2026-08-11T16:35:34.040382	0.00000000e+00	1	34	--	--	2.00002000e+00	1.09889000e-04
3.00340632e+02	2026-08-11T16:35:34.112341	0.00000000e+00	1	34	--	--	1.90003000e+00	1.09887000e-04
3.00391971e+02	2026-08-11T16:35:34.166200	0.00000000e+00	1	34	--	--	1.80003000e+00	1.09887000e-04
3.00456173e+02	2026-08-11T16:35:34.229717	0.00000000e+00	1	34	--	--	1.70004000e+00	1.09888000e-04
3.00505442e+02	2026-08-11T16:35:34.278662	0.00000000e+00	1	34	--	--	1.60005000e+00	1.09887000e-04
3.00549904e+02	2026-08-11T16:35:34.320298	0.00000000e+00	1	34	--	--	1.50005000e+00	1.09887000e-04
3.00608279e+02	2026-08-11T16:35:34.372843	0.00000000e+00	1	34	--	--	1.40006000e+00	1.09887000e-04
3.00661499e+02	2026-08-11T16:35:34.436197	0.00000000e+00	1	34	--	--	1.30007000e+00	1.09887000e-04
3.00709154e+02	2026-08-11T16:35:34.483424	0.00000000e+00	1	34	--	--	1.20007000e+00	1.09888000e-04
3.00768504e+02	2026-08-11T16:35:34.541318	0.00000000e+00	1	34	--	--	1.10007000e+00	1.09888000e-04
3.00825383e+02	2026-08-11T16:35:34.596478	0.00000000e+00	1	34	--	--	1.00007000e+00	1.09887000e-04
3.00883949e+02	2026-08-11T16:35:34.658185	0.00000000e+00	1	34	--	--	9.00069000e-01	1.09887000e-04
3.00931323e+02	2026-08-11T16:35:34.706239	0.00000000e+00	1	34	--	--	8.00065000e-01	1.09887000e-04
3.00986154e+02	2026-08-11T16:35:34.752856	0.00000000e+00	1	34	--	--	7.00054000e-01	1.09888000e-04
3.01041247e+02	2026-08-11T16:35:34.815835	0.00000000e+00	1	34	--	--	6.00043000e-01	1.09887000e-04
3.01104452e+02	2026-08-11T16:35:34.879003	0.00000000e+00	1	34	--	--	5.00041000e-01	1.09887000e-04
3.01183548e+02	2026-08-11T16:35:34.958191	0.00000000e+00	1	34	--	--	4.00041000e-01	1.09888000e-04
3.01231129e+02	2026-08-11T16:35:35.005908	0.00000000e+00	1	34	--	--	3.00031000e-01	1.09889000e-04
3.01278959e+02	2026-08-11T16:35:35.053757	0.00000000e+00	1	34	1.14525000e-01	-1.09916000e-04	2.00066000e-01	1.09889000e-04
3.01324480e+02	2026-08-11T16:35:35.095794	0.00000000e+00	1	34	1.45415000e-02	-1.09916000e-04	1.00070000e-01	1.09890000e-04
3.01373891e+02	2026-08-11T16:35:35.148441	0.00000000e+00	1	34	-1.40429000e-05	-1.69232000e-07	6.67810000e-05	1.68235000e-07
3.05365549e+02	2026-08-11T16:35:39.131865	0.00000000e+00	1	35	-2.18630000e-05	-1.68280000e-07	5.85318000e-05	1.67624000e-07
3.05431568e+02	2026-08-11T16:35:39.204036	0.00000000e+00	1	35	1.48524000e-02	-1.09916000e-04	1.00065000e-01	1.09889000e-04
3.05598015e+02	2026-08-11T16:35:39.373120	0.00000000e+00	1	35	1.14853000e-01	-1.09915000e-04	2.00064000e-01	1.09889000e-04
3.05644420e+02	2026-08-11T16:35:39.419141	0.00000000e+00	1	35	--	--	3.00031000e-01	1.09888000e-04
3.05688540e+02	2026-08-11T16:35:39.463437	0.00000000e+00	1	35	--	--	4.00043000e-01	1.09887000e-04
3.05747282e+02	2026-08-11T16:35:39.519618	0.00000000e+00	1	35	--	--	5.00041000e-01	1.09887000e-04
3.05791707e+02	2026-08-11T16:35:39.554155	0.00000000e+00	1	35	--	--	6.00044000e-01	1.09887000e-04
3.05845613e+02	2026-08-11T16:35:39.618824	0.00000000e+00	1	35	--	--	7.00058000e-01	1.09887000e-04
3.05911534e+02	2026-08-11T16:35:39.685253	0.00000000e+00	1	35	--	--	8.00064000e-01	1.09886000e-04
3.05967883e+02	2026-08-11T16:35:39.742213	0.00000000e+00	1	35	--	--	9.00066000e-01	1.09885000e-04
3.06014964e+02	2026-08-11T16:35:39.789849	0.00000000e+00	1	35	--	--	1.00007000e+00	1.09887000e-04
3.06059500e+02	2026-08-11T16:35:39.833022	0.00000000e+00	1	35	--	--	1.10007000e+00	1.09886000e-04
3.06110306e+02	2026-08-11T16:35:39.884779	0.00000000e+00	1	35	--	--	1.20007000e+00	1.09887000e-04
3.06158731e+02	2026-08-11T16:35:39.932906	0.00000000e+00	1	35	--	--	1.30007000e+00	1.09886000e-04
3.06224915e+02	2026-08-11T16:35:39.996572	0.00000000e+00	1	35	--	--	1.40006000e+00	1.09886000e-04
3.06286371e+02	2026-08-11T16:35:40.060704	0.00000000e+00	1	35	--	--	1.50005000e+00	1.09886000e-04
3.06331088e+02	2026-08-11T16:35:40.102209	0.00000000e+00	1	35	--	--	1.60005000e+00	1.09887000e-04
3.06381264e+02	2026-08-11T16:35:40.155498	0.00000000e+00	1	35	--	--	1.70004000e+00	1.09887000e-04
3.06427393e+02	2026-08-11T16:35:40.202132	0.00000000e+00	1	35	--	--	1.80003000e+00	1.09888000e-04
3.06471400e+02	2026-08-11T16:35:40.240940	0.00000000e+00	1	35	--	--	1.90003000e+00	1.09888000e-04
3.06521554e+02	2026-08-11T16:35:40.294128	0.00000000e+00	1	35	--	--	2.00001000e+00	1.09888000e-04
3.06566930e+02	2026-08-11T16:35:40.333108	0.00000000e+00	1	35	--	--	2.10039000e+00	1.09888000e-04
3.06621117e+02	2026-08-11T16:35:40.393294	0.00000000e+00	1	35	--	--	2.20056000e+00	1.09888000e-04
3.06683182e+02	2026-08-11T16:35:40.456539	0.00000000e+00	1	35	--	--	2.30034000e+00	1.09888000e-04
3.06727941e+02	2026-08-11T16:35:40.488082	0.00000000e+00	1	35	--	--	2.40054000e+00	1.09888000e-04
3.06774922e+02	2026-08-11T16:35:40.549241	0.00000000e+00	1	35	--	--	2.50066000e+00	1.09889000e-04
3.06832244e+02	2026-08-11T16:35:40.603652	0.00000000e+00	1	35	--	--	2.60046000e+00	1.09889000e-04
3.06887654e+02	2026-08-11T16:35:40.662276	0.00000000e+00	1	35	--	--	2.70062000e+00	1.09889000e-04
3.06951257e+02	2026-08-11T16:35:40.725903	0.00000000e+00	1	35	--	--	2.80047000e+00	1.09890000e-04
3.07019484e+02	2026-08-11T16:35:40.789608	0.00000000e+00	1	35	--	--	2.90062000e+00	1.09890000e-04
3.07078491e+02	2026-08-11T16:35:40.852810	0.00000000e+00	1	35	--	--	3.00044000e+00	1.09890000e-04
3.07123479e+02	2026-08-11T16:35:40.885453	0.00000000e+00	1	35	--	--	3.10064000e+00	1.09888000e-04
3.07186532e+02	2026-08-11T16:35:40.948304	0.00000000e+00	1	35	--	--	3.20075000e+00	1.09891000e-04
3.07236166e+02	2026-08-11T16:35:41.010814	0.00000000e+00	1	35	--	--	3.30055000e+00	1.09891000e-04
3.07286787e+02	2026-08-11T16:35:41.058636	0.00000000e+00	1	35	--	--	3.40071000e+00	1.09891000e-04
3.07339666e+02	2026-08-11T16:35:41.114728	0.00000000e+00	1	35	--	--	3.50060000e+00	1.09891000e-04
3.07383862e+02	2026-08-11T16:35:41.153063	0.00000000e+00	1	35	--	--	3.60069000e+00	1.09892000e-04
3.07453539e+02	2026-08-11T16:35:41.227365	0.00000000e+00	1	35	--	--	3.70053000e+00	1.09892000e-04
3.07508579e+02	2026-08-11T16:35:41.282916	0.00000000e+00	1	35	--	--	3.80068000e+00	1.09891000e-04
3.07552782e+02	2026-08-11T16:35:41.323504	0.00000000e+00	1	35	--	--	3.90081000e+00	1.09891000e-04
3.07603218e+02	2026-08-11T16:35:41.376601	0.00000000e+00	1	35	--	--	4.00062000e+00	1.09891000e-04
3.07646462e+02	2026-08-11T16:35:41.418933	0.00000000e+00	1	35	--	--	4.00061000e+00	1.09890000e-04
3.07696463e+02	2026-08-11T16:35:41.471042	0.00000000e+00	1	35	--	--	3.90078000e+00	1.09891000e-04
3.07741916e+02	2026-08-11T16:35:41.505246	0.00000000e+00	1	35	--	--	3.80066000e+00	1.09892000e-04
3.07799410e+02	2026-08-11T16:35:41.570579	0.00000000e+00	1	35	--	--	3.70060000e+00	1.09890000e-04
3.07860505e+02	2026-08-11T16:35:41.634154	0.00000000e+00	1	35	--	--	3.60068000e+00	1.09889000e-04
3.07921414e+02	2026-08-11T16:35:41.695687	0.00000000e+00	1	35	--	--	3.50056000e+00	1.09890000e-04
3.07985567e+02	2026-08-11T16:35:41.758688	0.00000000e+00	1	35	--	--	3.40070000e+00	1.09889000e-04
3.08039271e+02	2026-08-11T16:35:41.813436	0.00000000e+00	1	35	--	--	3.30052000e+00	1.09889000e-04
3.08095184e+02	2026-08-11T16:35:41.869818	0.00000000e+00	1	35	--	--	3.20073000e+00	1.09890000e-04
3.08160740e+02	2026-08-11T16:35:41.934335	0.00000000e+00	1	35	--	--	3.10065000e+00	1.09888000e-04
3.08207297e+02	2026-08-11T16:35:41.981955	0.00000000e+00	1	35	--	--	3.00046000e+00	1.09889000e-04
3.08251281e+02	2026-08-11T16:35:42.021676	0.00000000e+00	1	35	--	--	2.90063000e+00	1.09890000e-04
3.08301622e+02	2026-08-11T16:35:42.075823	0.00000000e+00	1	35	--	--	2.80046000e+00	1.09890000e-04
3.08349827e+02	2026-08-11T16:35:42.124471	0.00000000e+00	1	35	--	--	2.70059000e+00	1.09889000e-04
3.08413578e+02	2026-08-11T16:35:42.187769	0.00000000e+00	1	35	--	--	2.60043000e+00	1.09890000e-04
3.08481842e+02	2026-08-11T16:35:42.255712	0.00000000e+00	1	35	--	--	2.50062000e+00	1.09890000e-04
3.08542220e+02	2026-08-11T16:35:42.315120	0.00000000e+00	1	35	--	--	2.40051000e+00	1.09889000e-04
3.08587028e+02	2026-08-11T16:35:42.347003	0.00000000e+00	1	35	--	--	2.30032000e+00	1.09887000e-04
3.08647151e+02	2026-08-11T16:35:42.420960	0.00000000e+00	1	35	--	--	2.20055000e+00	1.09888000e-04
3.08708817e+02	2026-08-11T16:35:42.482023	0.00000000e+00	1	35	--	--	2.10036000e+00	1.09888000e-04
3.08762594e+02	2026-08-11T16:35:42.537704	0.00000000e+00	1	35	--	--	2.00002000e+00	1.09888000e-04
3.08821044e+02	2026-08-11T16:35:42.594341	0.00000000e+00	1	35	--	--	1.90003000e+00	1.09888000e-04
3.08871096e+02	2026-08-11T16:35:42.643098	0.00000000e+00	1	35	--	--	1.80003000e+00	1.09888000e-04
3.08915674e+02	2026-08-11T16:35:42.686230	0.00000000e+00	1	35	--	--	1.70005000e+00	1.09887000e-04
3.08985625e+02	2026-08-11T16:35:42.760107	0.00000000e+00	1	35	--	--	1.60005000e+00	1.09887000e-04
3.09030054e+02	2026-08-11T16:35:42.805062	0.00000000e+00	1	35	--	--	1.50006000e+00	1.09887000e-04
3.09080444e+02	2026-08-11T16:35:42.855574	0.00000000e+00	1	35	--	--	1.40006000e+00	1.09886000e-04
3.09124624e+02	2026-08-11T16:35:42.899384	0.00000000e+00	1	35	--	--	1.30007000e+00	1.09885000e-04
3.09181288e+02	2026-08-11T16:35:42.951252	0.00000000e+00	1	35	--	--	1.20007000e+00	1.09887000e-04
3.09238493e+02	2026-08-11T16:35:43.011032	0.00000000e+00	1	35	--	--	1.10006000e+00	1.09886000e-04
3.09282536e+02	2026-08-11T16:35:43.051467	0.00000000e+00	1	35	--	--	1.00007000e+00	1.09887000e-04
3.09332965e+02	2026-08-11T16:35:43.103316	0.00000000e+00	1	35	--	--	9.00066000e-01	1.09887000e-04
3.09382116e+02	2026-08-11T16:35:43.156948	0.00000000e+00	1	35	--	--	8.00061000e-01	1.09887000e-04
3.09433205e+02	2026-08-11T16:35:43.206260	0.00000000e+00	1	35	--	--	7.00056000e-01	1.09887000e-04
3.09484762e+02	2026-08-11T16:35:43.258644	0.00000000e+00	1	35	--	--	6.00045000e-01	1.09889000e-04
3.09530128e+02	2026-08-11T16:35:43.302153	0.00000000e+00	1	35	--	--	5.00036000e-01	1.09888000e-04
3.09589455e+02	2026-08-11T16:35:43.362766	0.00000000e+00	1	35	--	--	4.00040000e-01	1.09888000e-04
3.09639206e+02	2026-08-11T16:35:43.409702	0.00000000e+00	1	35	--	--	3.00027000e-01	1.09888000e-04
3.09710282e+02	2026-08-11T16:35:43.483260	0.00000000e+00	1	35	1.14848000e-01	-1.09915000e-04	2.00061000e-01	1.09889000e-04
3.09755384e+02	2026-08-11T16:35:43.523684	0.00000000e+00	1	35	1.48620000e-02	-1.09915000e-04	1.00064000e-01	1.09889000e-04
3.09809213e+02	2026-08-11T16:35:43.583601	0.00000000e+00	1	35	-1.19686000e-05	-1.61089000e-07	6.08683000e-05	1.60175000e-07
3.14491164e+02	2026-08-11T16:35:48.257735	0.00000000e+00	1	36	-2.15530000e-05	-2.78831000e-11	5.61953000e-05	-2.39491000e-11
3.14552016e+02	2026-08-11T16:35:48.322888	0.00000000e+00	1	36	-1.87397000e-05	-7.74828000e-09	1.00061000e-01	1.05280000e-08
3.14625650e+02	2026-08-11T16:35:48.399544	0.00000000e+00	1	36	-2.32220000e-05	-2.07179000e-08	2.00056000e-01	1.98901000e-08
3.14671399e+02	2026-08-11T16:35:48.445425	0.00000000e+00	1	36	-1.84298000e-05	-3.07498000e-08	3.00020000e-01	3.20624000e-08
3.14720237e+02	2026-08-11T16:35:48.490403	0.00000000e+00	1	36	-2.03848000e-05	-3.59222000e-08	4.00028000e-01	3.80380000e-08
3.14765015e+02	2026-08-11T16:35:48.539099	0.00000000e+00	1	36	-1.83821000e-05	-5.50731000e-08	5.00027000e-01	5.87386000e-08
3.14813054e+02	2026-08-11T16:35:48.587769	0.00000000e+00	1	36	-1.39236000e-05	-8.29811000e-08	6.00038000e-01	1.08727000e-07
3.14881295e+02	2026-08-11T16:35:48.655634	0.00000000e+00	1	36	-1.83105000e-05	-1.21325000e-07	7.00053000e-01	1.35733000e-07
3.14976597e+02	2026-08-11T16:35:48.751324	0.00000000e+00	1	36	-2.33650000e-05	-1.10592000e-07	8.00057000e-01	1.18266000e-07
3.15029913e+02	2026-08-11T16:35:48.804458	0.00000000e+00	1	36	-2.41041000e-05	-1.99414000e-07	9.00061000e-01	2.00143000e-07
3.15105503e+02	2026-08-11T16:35:48.877763	0.00000000e+00	1	36	-2.12431000e-05	-3.25553000e-07	1.00006000e+00	3.69819000e-07
3.15156130e+02	2026-08-11T16:35:48.925189	0.00000000e+00	1	36	-2.22683000e-05	-6.78720000e-07	1.10006000e+00	7.33431000e-07
3.15219142e+02	2026-08-11T16:35:48.989695	0.00000000e+00	1	36	-2.11239000e-05	-8.66550000e-07	1.20006000e+00	9.99299000e-07
3.15269783e+02	2026-08-11T16:35:49.037522	0.00000000e+00	1	36	-2.05994000e-05	-8.37516000e-07	1.30006000e+00	8.34309000e-07
3.15336511e+02	2026-08-11T16:35:49.111650	0.00000000e+00	1	36	-1.90973000e-05	-1.08954000e-06	1.40006000e+00	9.38344000e-07
3.15454620e+02	2026-08-11T16:35:49.228582	0.00000000e+00	1	36	-1.98841000e-05	-1.45240000e-06	1.50004000e+00	1.38597000e-06
3.15506649e+02	2026-08-11T16:35:49.276081	0.00000000e+00	1	36	-1.94788000e-05	-1.47661000e-06	1.60004000e+00	1.47155000e-06
3.15569975e+02	2026-08-11T16:35:49.340577	0.00000000e+00	1	36	-1.77383000e-05	-2.49656000e-06	1.70004000e+00	2.64667000e-06
3.15635941e+02	2026-08-11T16:35:49.410139	0.00000000e+00	1	36	-1.44243000e-05	-2.57551000e-06	1.80003000e+00	2.51821000e-06
3.15693363e+02	2026-08-11T16:35:49.467499	0.00000000e+00	1	36	-1.63317000e-05	-2.84319000e-06	1.90003000e+00	2.73404000e-06
3.15741182e+02	2026-08-11T16:35:49.515471	0.00000000e+00	1	36	2.86102000e-07	-6.04334000e-06	2.00001000e+00	7.78575000e-06
3.15793559e+02	2026-08-11T16:35:49.563452	0.00000000e+00	1	36	-1.61648000e-05	-9.28458000e-06	2.10027000e+00	8.16480000e-06
3.15870089e+02	2026-08-11T16:35:49.644840	0.00000000e+00	1	36	-2.13385000e-05	-9.61840000e-06	2.20047000e+00	8.96988000e-06
3.15934367e+02	2026-08-11T16:35:49.705711	0.00000000e+00	1	36	-1.77860000e-05	-8.62314000e-06	2.30021000e+00	8.98102000e-06
3.16010949e+02	2026-08-11T16:35:49.785731	0.00000000e+00	1	36	-2.28167000e-05	-9.48143000e-06	2.40039000e+00	8.78459000e-06
3.16091416e+02	2026-08-11T16:35:49.865522	0.00000000e+00	1	36	--	--	2.50058000e+00	1.09890000e-04
3.16197373e+02	2026-08-11T16:35:49.961786	0.00000000e+00	1	36	--	--	2.60042000e+00	1.09888000e-04
3.16251470e+02	2026-08-11T16:35:50.025672	0.00000000e+00	1	36	--	--	2.70056000e+00	1.09889000e-04
3.16322891e+02	2026-08-11T16:35:50.089863	0.00000000e+00	1	36	--	--	2.80038000e+00	1.09889000e-04
3.16383527e+02	2026-08-11T16:35:50.153143	0.00000000e+00	1	36	--	--	2.90052000e+00	1.09889000e-04
3.16448118e+02	2026-08-11T16:35:50.216444	0.00000000e+00	1	36	--	--	3.00038000e+00	1.09889000e-04
3.16506168e+02	2026-08-11T16:35:50.280271	0.00000000e+00	1	36	--	--	3.10056000e+00	1.09886000e-04
3.16572275e+02	2026-08-11T16:35:50.346394	0.00000000e+00	1	36	--	--	3.20067000e+00	1.09889000e-04
3.16641123e+02	2026-08-11T16:35:50.408346	0.00000000e+00	1	36	--	--	3.30047000e+00	1.09890000e-04
3.16704759e+02	2026-08-11T16:35:50.471618	0.00000000e+00	1	36	--	--	3.40060000e+00	1.09890000e-04
3.16750195e+02	2026-08-11T16:35:50.519672	0.00000000e+00	1	36	--	--	3.50047000e+00	1.09889000e-04
3.16810423e+02	2026-08-11T16:35:50.583328	0.00000000e+00	1	36	--	--	3.60056000e+00	1.09891000e-04
3.16893462e+02	2026-08-11T16:35:50.663274	0.00000000e+00	1	36	--	--	3.70039000e+00	1.09889000e-04
3.16950836e+02	2026-08-11T16:35:50.710175	0.00000000e+00	1	36	--	--	3.80057000e+00	1.09890000e-04
3.16995595e+02	2026-08-11T16:35:50.768802	0.00000000e+00	1	36	--	--	3.90065000e+00	1.09891000e-04
3.17047617e+02	2026-08-11T16:35:50.821740	0.00000000e+00	1	36	--	--	4.00050000e+00	1.09891000e-04
3.17091974e+02	2026-08-11T16:35:50.853425	0.00000000e+00	1	36	--	--	4.00047000e+00	1.09891000e-04
3.17147746e+02	2026-08-11T16:35:50.916974	0.00000000e+00	1	36	--	--	3.90065000e+00	1.09891000e-04
3.17203229e+02	2026-08-11T16:35:50.968674	0.00000000e+00	1	36	--	--	3.80055000e+00	1.09889000e-04
3.17254669e+02	2026-08-11T16:35:51.028368	0.00000000e+00	1	36	--	--	3.70039000e+00	1.09890000e-04
3.17299926e+02	2026-08-11T16:35:51.060073	0.00000000e+00	1	36	--	--	3.60058000e+00	1.09890000e-04
3.17349224e+02	2026-08-11T16:35:51.123930	0.00000000e+00	1	36	--	--	3.50047000e+00	1.09889000e-04
3.17403979e+02	2026-08-11T16:35:51.171581	0.00000000e+00	1	36	--	--	3.40059000e+00	1.09889000e-04
3.17460991e+02	2026-08-11T16:35:51.235231	0.00000000e+00	1	36	--	--	3.30045000e+00	1.09889000e-04
3.17507704e+02	2026-08-11T16:35:51.282225	0.00000000e+00	1	36	--	--	3.20069000e+00	1.09889000e-04
3.17553418e+02	2026-08-11T16:35:51.324692	0.00000000e+00	1	36	--	--	3.10054000e+00	1.09885000e-04
3.17605257e+02	2026-08-11T16:35:51.377447	0.00000000e+00	1	36	--	--	3.00036000e+00	1.09888000e-04
3.17668925e+02	2026-08-11T16:35:51.441655	0.00000000e+00	1	36	--	--	2.90054000e+00	1.09887000e-04
3.17714658e+02	2026-08-11T16:35:51.474000	0.00000000e+00	1	36	--	--	2.80036000e+00	1.09888000e-04
3.17769061e+02	2026-08-11T16:35:51.537843	0.00000000e+00	1	36	--	--	2.70049000e+00	1.09888000e-04
3.17835375e+02	2026-08-11T16:35:51.601291	0.00000000e+00	1	36	--	--	2.60035000e+00	1.09888000e-04
3.17885890e+02	2026-08-11T16:35:51.659353	0.00000000e+00	1	36	--	--	2.50055000e+00	1.09887000e-04
3.17938972e+02	2026-08-11T16:35:51.712917	0.00000000e+00	1	36	--	--	2.40045000e+00	1.09887000e-04
3.17984774e+02	2026-08-11T16:35:51.754819	0.00000000e+00	1	36	--	--	2.30026000e+00	1.09887000e-04
3.18039565e+02	2026-08-11T16:35:51.808285	0.00000000e+00	1	36	--	--	2.20049000e+00	1.09887000e-04
3.18097491e+02	2026-08-11T16:35:51.872015	0.00000000e+00	1	36	--	--	2.10028000e+00	1.09887000e-04
3.18144356e+02	2026-08-11T16:35:51.903751	0.00000000e+00	1	36	--	--	2.00002000e+00	1.09887000e-04
3.18199917e+02	2026-08-11T16:35:51.966943	0.00000000e+00	1	36	--	--	1.90003000e+00	1.09887000e-04
3.18256540e+02	2026-08-11T16:35:52.030652	0.00000000e+00	1	36	--	--	1.80003000e+00	1.09887000e-04
3.18304105e+02	2026-08-11T16:35:52.078771	0.00000000e+00	1	36	--	--	1.70004000e+00	1.09887000e-04
3.18348309e+02	2026-08-11T16:35:52.121222	0.00000000e+00	1	36	--	--	1.60005000e+00	1.09887000e-04
3.18403977e+02	2026-08-11T16:35:52.173836	0.00000000e+00	1	36	--	--	1.50005000e+00	1.09886000e-04
3.18463353e+02	2026-08-11T16:35:52.237510	0.00000000e+00	1	36	--	--	1.40006000e+00	1.09886000e-04
3.18513517e+02	2026-08-11T16:35:52.285117	0.00000000e+00	1	36	--	--	1.30006000e+00	1.09887000e-04
3.18558607e+02	2026-08-11T16:35:52.332810	0.00000000e+00	1	36	--	--	1.20006000e+00	1.09887000e-04
3.18617123e+02	2026-08-11T16:35:52.380625	0.00000000e+00	1	36	--	--	1.10006000e+00	1.09886000e-04
3.18676485e+02	2026-08-11T16:35:52.444729	0.00000000e+00	1	36	--	--	1.00007000e+00	1.09887000e-04
3.18734372e+02	2026-08-11T16:35:52.508981	0.00000000e+00	1	36	--	--	9.00061000e-01	1.09887000e-04
3.18798153e+02	2026-08-11T16:35:52.571963	0.00000000e+00	1	36	--	--	8.00057000e-01	1.09888000e-04
3.18854312e+02	2026-08-11T16:35:52.626347	0.00000000e+00	1	36	--	--	7.00051000e-01	1.09889000e-04
3.18913565e+02	2026-08-11T16:35:52.682561	0.00000000e+00	1	36	--	--	6.00038000e-01	1.09889000e-04
3.18961561e+02	2026-08-11T16:35:52.731890	0.00000000e+00	1	36	--	--	5.00033000e-01	1.09888000e-04
3.19014549e+02	2026-08-11T16:35:52.787423	0.00000000e+00	1	36	1.97577000e-01	-1.09915000e-04	4.00035000e-01	1.09889000e-04
3.19058987e+02	2026-08-11T16:35:52.831077	0.00000000e+00	1	36	9.76050000e-02	-1.09915000e-04	3.00024000e-01	1.09889000e-04
3.19122240e+02	2026-08-11T16:35:52.887856	0.00000000e+00	1	36	-3.27826000e-05	-1.08354000e-04	2.00057000e-01	1.08450000e-04
3.19181857e+02	2026-08-11T16:35:52.950839	0.00000000e+00	1	36	-2.35319000e-05	-4.94345000e-05	1.00061000e-01	4.94814000e-05
3.19271124e+02	2026-08-11T16:35:53.045791	0.00000000e+00	1	36	-1.19925000e-05	-5.68163000e-08	5.14984000e-05	5.35192000e-08
3.24241400e+02	2026-08-11T16:35:58.011453	0.00000000e+00	1	37	-2.39372000e-05	-2.60592000e-11	5.13077000e-05	-1.49488000e-11
3.24303581e+02	2026-08-11T16:35:58.077336	0.00000000e+00	1	37	-2.18868000e-05	-9.51839000e-09	1.00055000e-01	9.82747000e-09
3.24364611e+02	2026-08-11T16:35:58.138106	0.00000000e+00	1	37	-2.14100000e-05	-1.65590000e-08	2.00054000e-01	1.45678000e-08
3.24409887e+02	2026-08-11T16:35:58.169847	0.00000000e+00	1	37	-1.96457000e-05	-2.12149000e-08	3.00019000e-01	2.33842000e-08
3.24490132e+02	2026-08-11T16:35:58.264732	0.00000000e+00	1	37	-1.96934000e-05	-3.63495000e-08	4.00032000e-01	3.76445000e-08
3.24537836e+02	2026-08-11T16:35:58.312349	0.00000000e+00	1	37	-1.73807000e-05	-5.30463000e-08	5.00028000e-01	5.48303000e-08
3.24583805e+02	2026-08-11T16:35:58.354851	0.00000000e+00	1	37	-1.13249000e-05	-7.59852000e-08	6.00032000e-01	9.23534000e-08
3.24638190e+02	2026-08-11T16:35:58.407372	0.00000000e+00	1	37	-2.08855000e-05	-1.59790000e-07	7.00045000e-01	1.85312000e-07
3.24728644e+02	2026-08-11T16:35:58.503135	0.00000000e+00	1	37	-2.53201000e-05	-2.55850000e-07	8.00055000e-01	2.51727000e-07
3.24775814e+02	2026-08-11T16:35:58.550569	0.00000000e+00	1	37	-2.42233000e-05	-3.57545000e-07	9.00059000e-01	3.60149000e-07
3.24836287e+02	2026-08-11T16:35:58.598061	0.00000000e+00	1	37	-2.40326000e-05	-5.17655000e-07	1.00006000e+00	5.29210000e-07
3.24880604e+02	2026-08-11T16:35:58.647421	0.00000000e+00	1	37	-2.26259000e-05	-7.07144000e-07	1.10006000e+00	7.88249000e-07
3.24942594e+02	2026-08-11T16:35:58.709087	0.00000000e+00	1	37	-2.14815000e-05	-9.31942000e-07	1.20007000e+00	9.52160000e-07
3.25012522e+02	2026-08-11T16:35:58.782383	0.00000000e+00	1	37	-2.35796000e-05	-9.35536000e-07	1.30006000e+00	1.17844000e-06
3.25067919e+02	2026-08-11T16:35:58.842600	0.00000000e+00	1	37	-2.34127000e-05	-1.76093000e-06	1.40006000e+00	1.95029000e-06
3.25148318e+02	2026-08-11T16:35:58.917405	0.00000000e+00	1	37	-2.32458000e-05	-2.47850000e-06	1.50005000e+00	2.46179000e-06
3.25204992e+02	2026-08-11T16:35:58.979334	0.00000000e+00	1	37	-2.26736000e-05	-3.09666000e-06	1.60005000e+00	3.16517000e-06
3.25268076e+02	2026-08-11T16:35:59.043221	0.00000000e+00	1	37	-2.53916000e-05	-4.17007000e-06	1.70004000e+00	3.90835000e-06
3.25335746e+02	2026-08-11T16:35:59.106380	0.00000000e+00	1	37	-1.64032000e-05	-4.84418000e-06	1.80003000e+00	5.14811000e-06
3.25397003e+02	2026-08-11T16:35:59.170425	0.00000000e+00	1	37	-2.16961000e-05	-6.03401000e-06	1.90003000e+00	1.09892000e-04
3.25494006e+02	2026-08-11T16:35:59.267875	0.00000000e+00	1	37	--	--	2.00002000e+00	1.09888000e-04
3.25586250e+02	2026-08-11T16:35:59.360370	0.00000000e+00	1	37	--	--	2.10036000e+00	1.09888000e-04
3.25632777e+02	2026-08-11T16:35:59.405332	0.00000000e+00	1	37	--	--	2.20054000e+00	1.09888000e-04
3.25681571e+02	2026-08-11T16:35:59.455904	0.00000000e+00	1	37	--	--	2.30032000e+00	1.09888000e-04
3.25731207e+02	2026-08-11T16:35:59.503276	0.00000000e+00	1	37	--	--	2.40049000e+00	1.09888000e-04
3.25806404e+02	2026-08-11T16:35:59.578060	0.00000000e+00	1	37	--	--	2.50059000e+00	1.09889000e-04
3.25865175e+02	2026-08-11T16:35:59.631528	0.00000000e+00	1	37	--	--	2.60039000e+00	1.09888000e-04
3.25920967e+02	2026-08-11T16:35:59.696104	0.00000000e+00	1	37	--	--	2.70053000e+00	1.09889000e-04
3.25968246e+02	2026-08-11T16:35:59.742944	0.00000000e+00	1	37	--	--	2.80041000e+00	1.09889000e-04
3.26021034e+02	2026-08-11T16:35:59.790270	0.00000000e+00	1	37	--	--	2.90056000e+00	1.09889000e-04
3.26065993e+02	2026-08-11T16:35:59.839846	0.00000000e+00	1	37	--	--	3.00038000e+00	1.09890000e-04
3.26131404e+02	2026-08-11T16:35:59.902578	0.00000000e+00	1	37	--	--	3.10057000e+00	1.09887000e-04
3.26182059e+02	2026-08-11T16:35:59.950780	0.00000000e+00	1	37	--	--	3.20068000e+00	1.09890000e-04
3.26248532e+02	2026-08-11T16:36:00.023032	0.00000000e+00	1	37	--	--	3.30047000e+00	1.09890000e-04
3.26302017e+02	2026-08-11T16:36:00.076587	0.00000000e+00	1	37	--	--	3.40059000e+00	1.09891000e-04
3.26349095e+02	2026-08-11T16:36:00.119235	0.00000000e+00	1	37	--	--	3.50046000e+00	1.09891000e-04
3.26407389e+02	2026-08-11T16:36:00.172953	0.00000000e+00	1	37	--	--	3.60057000e+00	1.09891000e-04
3.26461488e+02	2026-08-11T16:36:00.235752	0.00000000e+00	1	37	--	--	3.70050000e+00	1.09891000e-04
3.26526421e+02	2026-08-11T16:36:00.299657	0.00000000e+00	1	37	--	--	3.80057000e+00	1.09891000e-04
3.26600099e+02	2026-08-11T16:36:00.363440	0.00000000e+00	1	37	--	--	3.90067000e+00	1.09892000e-04
3.26655416e+02	2026-08-11T16:36:00.426812	0.00000000e+00	1	37	--	--	4.00052000e+00	1.09891000e-04
3.26698337e+02	2026-08-11T16:36:00.469104	0.00000000e+00	1	37	--	--	4.00052000e+00	1.09892000e-04
3.26759082e+02	2026-08-11T16:36:00.522992	0.00000000e+00	1	37	--	--	3.90071000e+00	1.09890000e-04
3.26813186e+02	2026-08-11T16:36:00.585735	0.00000000e+00	1	37	--	--	3.80058000e+00	1.09891000e-04
3.26858139e+02	2026-08-11T16:36:00.617433	0.00000000e+00	1	37	--	--	3.70044000e+00	1.09892000e-04
3.26920435e+02	2026-08-11T16:36:00.690921	0.00000000e+00	1	37	--	--	3.60059000e+00	1.09890000e-04
3.26985064e+02	2026-08-11T16:36:00.744380	0.00000000e+00	1	37	--	--	3.50048000e+00	1.09890000e-04
3.27040374e+02	2026-08-11T16:36:00.808170	0.00000000e+00	1	37	--	--	3.40064000e+00	1.09891000e-04
3.27084840e+02	2026-08-11T16:36:00.855999	0.00000000e+00	1	37	--	--	3.30047000e+00	1.09890000e-04
3.27152991e+02	2026-08-11T16:36:00.919739	0.00000000e+00	1	37	--	--	3.20069000e+00	1.09889000e-04
3.27209104e+02	2026-08-11T16:36:00.983480	0.00000000e+00	1	37	--	--	3.10058000e+00	1.09886000e-04
3.27254822e+02	2026-08-11T16:36:01.025951	0.00000000e+00	1	37	--	--	3.00038000e+00	1.09888000e-04
3.27306150e+02	2026-08-11T16:36:01.079106	0.00000000e+00	1	37	--	--	2.90057000e+00	1.09888000e-04
3.27350776e+02	2026-08-11T16:36:01.120952	0.00000000e+00	1	37	--	--	2.80040000e+00	1.09888000e-04
3.27404518e+02	2026-08-11T16:36:01.173906	0.00000000e+00	1	37	--	--	2.70054000e+00	1.09889000e-04
3.27463374e+02	2026-08-11T16:36:01.237920	0.00000000e+00	1	37	--	--	2.60037000e+00	1.09888000e-04
3.27520762e+02	2026-08-11T16:36:01.285278	0.00000000e+00	1	37	--	--	2.50062000e+00	1.09887000e-04
3.27565781e+02	2026-08-11T16:36:01.333541	0.00000000e+00	1	37	--	--	2.40052000e+00	1.09887000e-04
3.27613673e+02	2026-08-11T16:36:01.386538	0.00000000e+00	1	37	--	--	2.30030000e+00	1.09887000e-04
3.27671698e+02	2026-08-11T16:36:01.445995	0.00000000e+00	1	37	--	--	2.20053000e+00	1.09887000e-04
3.27734707e+02	2026-08-11T16:36:01.509186	0.00000000e+00	1	37	--	--	2.10036000e+00	1.09887000e-04
3.27800838e+02	2026-08-11T16:36:01.572749	0.00000000e+00	1	37	--	--	2.00002000e+00	1.09887000e-04
3.27914376e+02	2026-08-11T16:36:01.684162	0.00000000e+00	1	37	--	--	1.90003000e+00	1.09887000e-04
3.27959879e+02	2026-08-11T16:36:01.731680	0.00000000e+00	1	37	--	--	1.80003000e+00	1.09886000e-04
3.28012410e+02	2026-08-11T16:36:01.779461	0.00000000e+00	1	37	--	--	1.70004000e+00	1.09886000e-04
3.28068549e+02	2026-08-11T16:36:01.843030	0.00000000e+00	1	37	--	--	1.60005000e+00	1.09885000e-04
3.28113321e+02	2026-08-11T16:36:01.875012	0.00000000e+00	1	37	--	--	1.50005000e+00	1.09886000e-04
3.28164284e+02	2026-08-11T16:36:01.938795	0.00000000e+00	1	37	--	--	1.40006000e+00	1.09886000e-04
3.28209338e+02	2026-08-11T16:36:01.971577	0.00000000e+00	1	37	--	--	1.30007000e+00	1.09886000e-04
3.28260841e+02	2026-08-11T16:36:02.034839	0.00000000e+00	1	37	--	--	1.20007000e+00	1.09885000e-04
3.28339965e+02	2026-08-11T16:36:02.115106	0.00000000e+00	1	37	--	--	1.10006000e+00	1.09886000e-04
3.28387617e+02	2026-08-11T16:36:02.162200	0.00000000e+00	1	37	--	--	1.00007000e+00	1.09886000e-04
3.28432331e+02	2026-08-11T16:36:02.194360	0.00000000e+00	1	37	--	--	9.00065000e-01	1.09886000e-04
3.28481797e+02	2026-08-11T16:36:02.252667	0.00000000e+00	1	37	--	--	8.00063000e-01	1.09887000e-04
3.28526720e+02	2026-08-11T16:36:02.289856	0.00000000e+00	1	37	--	--	7.00057000e-01	1.09887000e-04
3.28580175e+02	2026-08-11T16:36:02.353481	0.00000000e+00	1	37	--	--	6.00041000e-01	1.09887000e-04
3.28627061e+02	2026-08-11T16:36:02.401879	0.00000000e+00	1	37	1.05568000e-01	-1.09915000e-04	5.00036000e-01	1.09888000e-04
3.28675276e+02	2026-08-11T16:36:02.449855	0.00000000e+00	1	37	5.42347000e-03	-1.09915000e-04	4.00036000e-01	1.09888000e-04
3.28722653e+02	2026-08-11T16:36:02.497491	0.00000000e+00	1	37	-2.36750000e-05	-7.13567000e-05	3.00024000e-01	7.11931000e-05
3.28812391e+02	2026-08-11T16:36:02.577511	0.00000000e+00	1	37	-1.55926000e-05	-4.09639000e-05	2.00062000e-01	4.09003000e-05
3.28868659e+02	2026-08-11T16:36:02.641052	0.00000000e+00	1	37	-1.25885000e-05	-1.83542000e-05	1.00066000e-01	1.83456000e-05
3.28912971e+02	2026-08-11T16:36:02.683347	0.00000000e+00	1	37	-8.55923000e-06	-2.11480000e-08	5.91993000e-05	2.03650000e-08
3.33256470e+02	2026-08-11T16:36:07.028079	0.00000000e+00	1	38	-2.30312000e-05	-3.01242000e-11	5.54562000e-05	-1.98126000e-11
3.33311777e+02	2026-08-11T16:36:07.086015	0.00000000e+00	1	38	-2.22921000e-05	-1.52867000e-08	1.00061000e-01	1.63565000e-08
3.33375412e+02	2026-08-11T16:36:07.149962	0.00000000e+00	1	38	-2.29597000e-05	-2.90027000e-08	2.00058000e-01	2.94943000e-08
3.33420300e+02	2026-08-11T16:36:07.181575	0.00000000e+00	1	38	-1.68562000e-05	-4.51088000e-08	3.00025000e-01	4.95985000e-08
3.33469295e+02	2026-08-11T16:36:07.236422	0.00000000e+00	1	38	-1.67131000e-05	-7.21580000e-08	4.00037000e-01	7.42814000e-08
3.33518677e+02	2026-08-11T16:36:07.293119	0.00000000e+00	1	38	-2.04802000e-05	-1.26568000e-07	5.00036000e-01	1.24889000e-07
3.33605484e+02	2026-08-11T16:36:07.377760	0.00000000e+00	1	38	-2.49863000e-05	-1.65790000e-07	6.00042000e-01	1.53723000e-07
3.33664113e+02	2026-08-11T16:36:07.438566	0.00000000e+00	1	38	-2.57492000e-05	-2.34218000e-07	7.00052000e-01	2.25304000e-07
3.33728557e+02	2026-08-11T16:36:07.500786	0.00000000e+00	1	38	-2.39372000e-05	-2.67729000e-07	8.00062000e-01	2.86610000e-07
3.33773180e+02	2026-08-11T16:36:07.532835	0.00000000e+00	1	38	-2.19584000e-05	-5.14429000e-07	9.00064000e-01	4.90972000e-07
3.33821701e+02	2026-08-11T16:36:07.596136	0.00000000e+00	1	38	-2.23875000e-05	-7.32779000e-07	1.00007000e+00	7.99716000e-07
3.33875138e+02	2026-08-11T16:36:07.650328	0.00000000e+00	1	38	-2.30312000e-05	-9.00822000e-07	1.10006000e+00	9.75032000e-07
3.33946723e+02	2026-08-11T16:36:07.717756	0.00000000e+00	1	38	-2.24590000e-05	-1.43192000e-06	1.20007000e+00	1.48529000e-06
3.34033279e+02	2026-08-11T16:36:07.807066	0.00000000e+00	1	38	-2.13623000e-05	-2.27609000e-06	1.30007000e+00	2.35013000e-06
3.34092707e+02	2026-08-11T16:36:07.866633	0.00000000e+00	1	38	-2.33650000e-05	-3.18031000e-06	1.40007000e+00	3.03910000e-06
3.34156592e+02	2026-08-11T16:36:07.930711	0.00000000e+00	1	38	-2.86341000e-05	-2.58253000e-06	1.50005000e+00	2.72634000e-06
3.34222835e+02	2026-08-11T16:36:07.994321	0.00000000e+00	1	38	-1.83344000e-05	-4.37543000e-06	1.60005000e+00	4.76406000e-06
3.34284950e+02	2026-08-11T16:36:08.058068	0.00000000e+00	1	38	-2.23875000e-05	-4.77910000e-06	1.70004000e+00	4.76295000e-06
3.34329648e+02	2026-08-11T16:36:08.089567	0.00000000e+00	1	38	-2.41518000e-05	-5.90105000e-06	1.80003000e+00	5.28680000e-06
3.34378926e+02	2026-08-11T16:36:08.153395	0.00000000e+00	1	38	-2.14338000e-05	-6.94488000e-06	1.90003000e+00	6.35375000e-06
3.34434385e+02	2026-08-11T16:36:08.201254	0.00000000e+00	1	38	-2.27928000e-05	-8.03408000e-06	2.00001000e+00	8.20271000e-06
3.34490837e+02	2026-08-11T16:36:08.265224	0.00000000e+00	1	38	-2.26736000e-05	-1.06115000e-05	2.10020000e+00	1.47822000e-05
3.34586457e+02	2026-08-11T16:36:08.360542	0.00000000e+00	1	38	-2.69890000e-05	-1.71836000e-05	2.20051000e+00	1.57377000e-05
3.34657321e+02	2026-08-11T16:36:08.424561	0.00000000e+00	1	38	--	--	2.30028000e+00	1.09887000e-04
3.34723042e+02	2026-08-11T16:36:08.488518	0.00000000e+00	1	38	--	--	2.40047000e+00	1.09888000e-04
3.34791598e+02	2026-08-11T16:36:08.552530	0.00000000e+00	1	38	--	--	2.50057000e+00	1.09890000e-04
3.34844758e+02	2026-08-11T16:36:08.616868	0.00000000e+00	1	38	--	--	2.60036000e+00	1.09889000e-04
3.34890182e+02	2026-08-11T16:36:08.664518	0.00000000e+00	1	38	--	--	2.70052000e+00	1.09890000e-04
3.34937554e+02	2026-08-11T16:36:08.712125	0.00000000e+00	1	38	--	--	2.80036000e+00	1.09888000e-04
3.34982356e+02	2026-08-11T16:36:08.744043	0.00000000e+00	1	38	--	--	2.90053000e+00	1.09889000e-04
3.35033336e+02	2026-08-11T16:36:08.807994	0.00000000e+00	1	38	--	--	3.00035000e+00	1.09888000e-04
3.35097877e+02	2026-08-11T16:36:08.870624	0.00000000e+00	1	38	--	--	3.10056000e+00	1.09887000e-04
3.35160305e+02	2026-08-11T16:36:08.934278	0.00000000e+00	1	38	--	--	3.20068000e+00	1.09890000e-04
3.35223902e+02	2026-08-11T16:36:08.998081	0.00000000e+00	1	38	--	--	3.30044000e+00	1.09890000e-04
3.35288927e+02	2026-08-11T16:36:09.061682	0.00000000e+00	1	38	--	--	3.40061000e+00	1.09889000e-04
3.35354133e+02	2026-08-11T16:36:09.126725	0.00000000e+00	1	38	--	--	3.50048000e+00	1.09889000e-04
3.35414991e+02	2026-08-11T16:36:09.188343	0.00000000e+00	1	38	--	--	3.60059000e+00	1.09889000e-04
3.35459617e+02	2026-08-11T16:36:09.220924	0.00000000e+00	1	38	--	--	3.70051000e+00	1.09890000e-04
3.35511235e+02	2026-08-11T16:36:09.284346	0.00000000e+00	1	38	--	--	3.80057000e+00	1.09890000e-04
3.35557344e+02	2026-08-11T16:36:09.332022	0.00000000e+00	1	38	--	--	3.90072000e+00	1.09891000e-04
3.35609096e+02	2026-08-11T16:36:09.383535	0.00000000e+00	1	38	--	--	4.00053000e+00	1.09891000e-04
3.35654836e+02	2026-08-11T16:36:09.428042	0.00000000e+00	1	38	--	--	4.00052000e+00	1.09891000e-04
3.35700284e+02	2026-08-11T16:36:09.474963	0.00000000e+00	1	38	--	--	3.90071000e+00	1.09890000e-04
3.35766483e+02	2026-08-11T16:36:09.538689	0.00000000e+00	1	38	--	--	3.80059000e+00	1.09889000e-04
3.35828271e+02	2026-08-11T16:36:09.602297	0.00000000e+00	1	38	--	--	3.70047000e+00	1.09889000e-04
3.35872959e+02	2026-08-11T16:36:09.634460	0.00000000e+00	1	38	--	--	3.60060000e+00	1.09889000e-04
3.35924251e+02	2026-08-11T16:36:09.697185	0.00000000e+00	1	38	--	--	3.50049000e+00	1.09889000e-04
3.35969862e+02	2026-08-11T16:36:09.729308	0.00000000e+00	1	38	--	--	3.40062000e+00	1.09888000e-04
3.36018109e+02	2026-08-11T16:36:09.792912	0.00000000e+00	1	38	--	--	3.30048000e+00	1.09889000e-04
3.36065928e+02	2026-08-11T16:36:09.840648	0.00000000e+00	1	38	--	--	3.20070000e+00	1.09889000e-04
3.36113316e+02	2026-08-11T16:36:09.887897	0.00000000e+00	1	38	--	--	3.10058000e+00	1.09887000e-04
3.36180084e+02	2026-08-11T16:36:09.951113	0.00000000e+00	1	38	--	--	3.00035000e+00	1.09887000e-04
3.36248558e+02	2026-08-11T16:36:10.022201	0.00000000e+00	1	38	--	--	2.90054000e+00	1.09888000e-04
3.36301947e+02	2026-08-11T16:36:10.072839	0.00000000e+00	1	38	--	--	2.80035000e+00	1.09888000e-04
3.36354776e+02	2026-08-11T16:36:10.125709	0.00000000e+00	1	38	--	--	2.70052000e+00	1.09888000e-04
3.36417084e+02	2026-08-11T16:36:10.189355	0.00000000e+00	1	38	--	--	2.60037000e+00	1.09889000e-04
3.36490226e+02	2026-08-11T16:36:10.264153	0.00000000e+00	1	38	--	--	2.50057000e+00	1.09888000e-04
3.36549688e+02	2026-08-11T16:36:10.317424	0.00000000e+00	1	38	--	--	2.40047000e+00	1.09888000e-04
3.36617513e+02	2026-08-11T16:36:10.391510	0.00000000e+00	1	38	--	--	2.30028000e+00	1.09888000e-04
3.36671212e+02	2026-08-11T16:36:10.445132	0.00000000e+00	1	38	--	--	2.20048000e+00	1.09887000e-04
3.36735304e+02	2026-08-11T16:36:10.508438	0.00000000e+00	1	38	--	--	2.10030000e+00	1.09887000e-04
3.36806780e+02	2026-08-11T16:36:10.580291	0.00000000e+00	1	38	--	--	2.00002000e+00	1.09886000e-04
3.36868541e+02	2026-08-11T16:36:10.636078	0.00000000e+00	1	38	--	--	1.90003000e+00	1.09887000e-04
3.36925336e+02	2026-08-11T16:36:10.699801	0.00000000e+00	1	38	--	--	1.80003000e+00	1.09886000e-04
3.36978097e+02	2026-08-11T16:36:10.752196	0.00000000e+00	1	38	--	--	1.70004000e+00	1.09886000e-04
3.37037098e+02	2026-08-11T16:36:10.811711	0.00000000e+00	1	38	--	--	1.60005000e+00	1.09886000e-04
3.37101877e+02	2026-08-11T16:36:10.875809	0.00000000e+00	1	38	--	--	1.50004000e+00	1.09886000e-04
3.37166235e+02	2026-08-11T16:36:10.938784	0.00000000e+00	1	38	--	--	1.40005000e+00	1.09886000e-04
3.37229099e+02	2026-08-11T16:36:11.001899	0.00000000e+00	1	38	--	--	1.30006000e+00	1.09886000e-04
3.37273382e+02	2026-08-11T16:36:11.044455	0.00000000e+00	1	38	--	--	1.20007000e+00	1.09886000e-04
3.37329147e+02	2026-08-11T16:36:11.097485	0.00000000e+00	1	38	--	--	1.10006000e+00	1.09885000e-04
3.37390107e+02	2026-08-11T16:36:11.161115	0.00000000e+00	1	38	--	--	1.00007000e+00	1.09886000e-04
3.37461839e+02	2026-08-11T16:36:11.224515	0.00000000e+00	1	38	--	--	9.00062000e-01	1.09887000e-04
3.37513166e+02	2026-08-11T16:36:11.287819	0.00000000e+00	1	38	--	--	8.00060000e-01	1.09887000e-04
3.37580178e+02	2026-08-11T16:36:11.351211	0.00000000e+00	1	38	--	--	7.00049000e-01	1.09887000e-04
3.37650649e+02	2026-08-11T16:36:11.415162	0.00000000e+00	1	38	--	--	6.00037000e-01	1.09888000e-04
3.37713080e+02	2026-08-11T16:36:11.482532	0.00000000e+00	1	38	--	--	5.00030000e-01	1.09888000e-04
3.37774539e+02	2026-08-11T16:36:11.541705	0.00000000e+00	1	38	1.20585000e-01	-1.09914000e-04	4.00034000e-01	1.09888000e-04
3.37847380e+02	2026-08-11T16:36:11.621400	0.00000000e+00	1	38	2.05098000e-02	-1.09916000e-04	3.00024000e-01	1.09889000e-04
3.37894206e+02	2026-08-11T16:36:11.668933	0.00000000e+00	1	38	-2.17199000e-05	-6.73012000e-05	2.00056000e-01	6.71979000e-05
3.37989701e+02	2026-08-11T16:36:11.764389	0.00000000e+00	1	38	-1.34706000e-05	-2.84047000e-05	1.00060000e-01	2.83770000e-05
3.38053466e+02	2026-08-11T16:36:11.828417	0.00000000e+00	1	38	-5.72205000e-06	-2.84714000e-08	5.10216000e-05	2.74539000e-08
3.42100485e+02	2026-08-11T16:36:15.862095	0.00000000e+00	1	39	-2.89440000e-05	-2.28167000e-11	5.44786000e-05	-1.71542000e-11
3.42156935e+02	2026-08-11T16:36:15.926161	0.00000000e+00	1	39	-2.33650000e-05	-1.47960000e-08	1.00058000e-01	1.64258000e-08
3.42215382e+02	2026-08-11T16:36:15.989371	0.00000000e+00	1	39	-2.46763000e-05	-2.99864000e-08	2.00055000e-01	3.15570000e-08
3.42278569e+02	2026-08-11T16:36:16.052761	0.00000000e+00	1	39	-2.28167000e-05	-5.18535000e-08	3.00022000e-01	5.17179000e-08
3.42345199e+02	2026-08-11T16:36:16.116288	0.00000000e+00	1	39	-2.30074000e-05	-7.99958000e-08	4.00032000e-01	7.21179000e-08
3.42410410e+02	2026-08-11T16:36:16.181020	0.00000000e+00	1	39	-2.46763000e-05	-1.27969000e-07	5.00032000e-01	1.21531000e-07
3.42513976e+02	2026-08-11T16:36:16.276262	0.00000000e+00	1	39	-2.57015000e-05	-2.55553000e-07	6.00036000e-01	2.22618000e-07
3.42565334e+02	2026-08-11T16:36:16.340003	0.00000000e+00	1	39	-2.43425000e-05	-3.38728000e-07	7.00045000e-01	3.15238000e-07
3.42629149e+02	2026-08-11T16:36:16.403657	0.00000000e+00	1	39	-2.24590000e-05	-5.39758000e-07	8.00054000e-01	8.24400000e-07
3.42685034e+02	2026-08-11T16:36:16.452107	0.00000000e+00	1	39	7.09250000e-02	-4.92338000e-05	9.00061000e-01	1.09886000e-04
3.42832080e+02	2026-08-11T16:36:16.605200	0.00000000e+00	1	39	--	--	1.00006000e+00	1.09887000e-04
3.42905431e+02	2026-08-11T16:36:16.674521	0.00000000e+00	1	39	--	--	1.10006000e+00	1.09886000e-04
3.42955238e+02	2026-08-11T16:36:16.724091	0.00000000e+00	1	39	--	--	1.20006000e+00	1.09886000e-04
3.43011246e+02	2026-08-11T16:36:16.785869	0.00000000e+00	1	39	--	--	1.30006000e+00	1.09885000e-04
3.43075637e+02	2026-08-11T16:36:16.849509	0.00000000e+00	1	39	--	--	1.40006000e+00	1.09886000e-04
3.43129228e+02	2026-08-11T16:36:16.903255	0.00000000e+00	1	39	--	--	1.50005000e+00	1.09886000e-04
3.43179603e+02	2026-08-11T16:36:16.954743	0.00000000e+00	1	39	--	--	1.60005000e+00	1.09885000e-04
3.43240146e+02	2026-08-11T16:36:17.007840	0.00000000e+00	1	39	--	--	1.70004000e+00	1.09885000e-04
3.43296867e+02	2026-08-11T16:36:17.071992	0.00000000e+00	1	39	--	--	1.80003000e+00	1.09886000e-04
3.43357216e+02	2026-08-11T16:36:17.127215	0.00000000e+00	1	39	--	--	1.90003000e+00	1.09887000e-04
3.43408334e+02	2026-08-11T16:36:17.182614	0.00000000e+00	1	39	--	--	2.00002000e+00	1.09886000e-04
3.43454333e+02	2026-08-11T16:36:17.215580	0.00000000e+00	1	39	--	--	2.10031000e+00	1.09887000e-04
3.43501291e+02	2026-08-11T16:36:17.272361	0.00000000e+00	1	39	--	--	2.20048000e+00	1.09886000e-04
3.43550337e+02	2026-08-11T16:36:17.325004	0.00000000e+00	1	39	--	--	2.30026000e+00	1.09887000e-04
3.43617821e+02	2026-08-11T16:36:17.392422	0.00000000e+00	1	39	--	--	2.40046000e+00	1.09887000e-04
3.43683636e+02	2026-08-11T16:36:17.451982	0.00000000e+00	1	39	--	--	2.50059000e+00	1.09888000e-04
3.43741014e+02	2026-08-11T16:36:17.515371	0.00000000e+00	1	39	--	--	2.60038000e+00	1.09888000e-04
3.43803616e+02	2026-08-11T16:36:17.578215	0.00000000e+00	1	39	--	--	2.70056000e+00	1.09888000e-04
3.43866751e+02	2026-08-11T16:36:17.641481	0.00000000e+00	1	39	--	--	2.80036000e+00	1.09888000e-04
3.43916833e+02	2026-08-11T16:36:17.689869	0.00000000e+00	1	39	--	--	2.90054000e+00	1.09888000e-04
3.43963587e+02	2026-08-11T16:36:17.736853	0.00000000e+00	1	39	--	--	3.00037000e+00	1.09889000e-04
3.44026683e+02	2026-08-11T16:36:17.799891	0.00000000e+00	1	39	--	--	3.10055000e+00	1.09885000e-04
3.44081378e+02	2026-08-11T16:36:17.849032	0.00000000e+00	1	39	--	--	3.20067000e+00	1.09889000e-04
3.44136277e+02	2026-08-11T16:36:17.910602	0.00000000e+00	1	39	--	--	3.30045000e+00	1.09889000e-04
3.44199465e+02	2026-08-11T16:36:17.973934	0.00000000e+00	1	39	--	--	3.40062000e+00	1.09890000e-04
3.44246783e+02	2026-08-11T16:36:18.021489	0.00000000e+00	1	39	--	--	3.50048000e+00	1.09890000e-04
3.44294693e+02	2026-08-11T16:36:18.069302	0.00000000e+00	1	39	--	--	3.60056000e+00	1.09889000e-04
3.44342223e+02	2026-08-11T16:36:18.116791	0.00000000e+00	1	39	--	--	3.70048000e+00	1.09890000e-04
3.44398137e+02	2026-08-11T16:36:18.168499	0.00000000e+00	1	39	--	--	3.80057000e+00	1.09890000e-04
3.44461389e+02	2026-08-11T16:36:18.228452	0.00000000e+00	1	39	--	--	3.90067000e+00	1.09891000e-04
3.44528557e+02	2026-08-11T16:36:18.302900	0.00000000e+00	1	39	--	--	4.00052000e+00	1.09891000e-04
3.44572468e+02	2026-08-11T16:36:18.338800	0.00000000e+00	1	39	--	--	4.00054000e+00	1.09890000e-04
3.44635034e+02	2026-08-11T16:36:18.406376	0.00000000e+00	1	39	--	--	3.90070000e+00	1.09889000e-04
3.44690366e+02	2026-08-11T16:36:18.465031	0.00000000e+00	1	39	--	--	3.80063000e+00	1.09890000e-04
3.44753848e+02	2026-08-11T16:36:18.528012	0.00000000e+00	1	39	--	--	3.70044000e+00	1.09889000e-04
3.44803631e+02	2026-08-11T16:36:18.575633	0.00000000e+00	1	39	--	--	3.60063000e+00	1.09889000e-04
3.44847887e+02	2026-08-11T16:36:18.622760	0.00000000e+00	1	39	--	--	3.50050000e+00	1.09889000e-04
3.44902680e+02	2026-08-11T16:36:18.674104	0.00000000e+00	1	39	--	--	3.40063000e+00	1.09887000e-04
3.44956251e+02	2026-08-11T16:36:18.731024	0.00000000e+00	1	39	--	--	3.30047000e+00	1.09888000e-04
3.45001981e+02	2026-08-11T16:36:18.773402	0.00000000e+00	1	39	--	--	3.20068000e+00	1.09888000e-04
3.45055268e+02	2026-08-11T16:36:18.830057	0.00000000e+00	1	39	--	--	3.10058000e+00	1.09885000e-04
3.45099957e+02	2026-08-11T16:36:18.860150	0.00000000e+00	1	39	--	--	3.00039000e+00	1.09888000e-04
3.45146254e+02	2026-08-11T16:36:18.917592	0.00000000e+00	1	39	--	--	2.90056000e+00	1.09888000e-04
3.45195289e+02	2026-08-11T16:36:18.965770	0.00000000e+00	1	39	--	--	2.80041000e+00	1.09890000e-04
3.45244314e+02	2026-08-11T16:36:19.018776	0.00000000e+00	1	39	--	--	2.70056000e+00	1.09888000e-04
3.45307653e+02	2026-08-11T16:36:19.081523	0.00000000e+00	1	39	--	--	2.60040000e+00	1.09889000e-04
3.45357373e+02	2026-08-11T16:36:19.131789	0.00000000e+00	1	39	--	--	2.50059000e+00	1.09889000e-04
3.45432684e+02	2026-08-11T16:36:19.207412	0.00000000e+00	1	39	--	--	2.40050000e+00	1.09888000e-04
3.45476775e+02	2026-08-11T16:36:19.249138	0.00000000e+00	1	39	--	--	2.30031000e+00	1.09887000e-04
3.45521526e+02	2026-08-11T16:36:19.296467	0.00000000e+00	1	39	--	--	2.20055000e+00	1.09887000e-04
3.45566406e+02	2026-08-11T16:36:19.334422	0.00000000e+00	1	39	--	--	2.10037000e+00	1.09886000e-04
3.45617951e+02	2026-08-11T16:36:19.388473	0.00000000e+00	1	39	--	--	2.00002000e+00	1.09887000e-04
3.45669950e+02	2026-08-11T16:36:19.444543	0.00000000e+00	1	39	--	--	1.90003000e+00	1.09886000e-04
3.45723131e+02	2026-08-11T16:36:19.498307	0.00000000e+00	1	39	--	--	1.80004000e+00	1.09887000e-04
3.45788580e+02	2026-08-11T16:36:19.561487	0.00000000e+00	1	39	--	--	1.70005000e+00	1.09887000e-04
3.45845317e+02	2026-08-11T16:36:19.619364	0.00000000e+00	1	39	--	--	1.60005000e+00	1.09886000e-04
3.45900696e+02	2026-08-11T16:36:19.675345	0.00000000e+00	1	39	--	--	1.50005000e+00	1.09886000e-04
3.45967934e+02	2026-08-11T16:36:19.741652	0.00000000e+00	1	39	--	--	1.40006000e+00	1.09887000e-04
3.46012046e+02	2026-08-11T16:36:19.782735	0.00000000e+00	1	39	--	--	1.30006000e+00	1.09887000e-04
3.46073970e+02	2026-08-11T16:36:19.848029	0.00000000e+00	1	39	--	--	1.20007000e+00	1.09887000e-04
3.46128258e+02	2026-08-11T16:36:19.902420	0.00000000e+00	1	39	--	--	1.10006000e+00	1.09886000e-04
3.46174205e+02	2026-08-11T16:36:19.935098	0.00000000e+00	1	39	--	--	1.00007000e+00	1.09887000e-04
3.46224717e+02	2026-08-11T16:36:19.998628	0.00000000e+00	1	39	--	--	9.00068000e-01	1.09887000e-04
3.46269359e+02	2026-08-11T16:36:20.040942	0.00000000e+00	1	39	--	--	8.00063000e-01	1.09888000e-04
3.46333694e+02	2026-08-11T16:36:20.094021	0.00000000e+00	1	39	--	--	7.00055000e-01	1.09888000e-04
3.46387516e+02	2026-08-11T16:36:20.158086	0.00000000e+00	1	39	--	--	6.00045000e-01	1.09889000e-04
3.46433218e+02	2026-08-11T16:36:20.205516	0.00000000e+00	1	39	--	--	5.00039000e-01	1.09888000e-04
3.46498233e+02	2026-08-11T16:36:20.269298	0.00000000e+00	1	39	1.59900000e-01	-1.09915000e-04	4.00039000e-01	1.09889000e-04
3.46568054e+02	2026-08-11T16:36:20.332663	0.00000000e+00	1	39	6.01382000e-02	-1.09915000e-04	3.00025000e-01	1.09889000e-04
3.46628752e+02	2026-08-11T16:36:20.395896	0.00000000e+00	1	39	-4.09842000e-05	-8.56523000e-05	2.00063000e-01	8.56948000e-05
3.46714527e+02	2026-08-11T16:36:20.485900	0.00000000e+00	1	39	-2.92063000e-05	-3.72365000e-05	1.00067000e-01	3.72591000e-05
3.46764634e+02	2026-08-11T16:36:20.538838	0.00000000e+00	1	39	-1.77145000e-05	-4.70883000e-08	6.06775000e-05	4.36855000e-08
3.51151938e+02	2026-08-11T16:36:24.913675	0.00000000e+00	1	40	-2.12669000e-05	-3.11971000e-11	5.71728000e-05	-1.57475000e-11
3.51202025e+02	2026-08-11T16:36:24.976633	0.00000000e+00	1	40	-1.84059000e-05	-1.25499000e-08	1.00062000e-01	1.42117000e-08
3.51270461e+02	2026-08-11T16:36:25.040767	0.00000000e+00	1	40	-1.83344000e-05	-3.05828000e-08	2.00061000e-01	3.02905000e-08
3.51330372e+02	2026-08-11T16:36:25.104339	0.00000000e+00	1	40	-1.85013000e-05	-4.97615000e-08	3.00028000e-01	4.79492000e-08
3.51400252e+02	2026-08-11T16:36:25.168702	0.00000000e+00	1	40	-1.71900000e-05	-6.66601000e-08	4.00032000e-01	6.77244000e-08
3.51469463e+02	2026-08-11T16:36:25.232553	0.00000000e+00	1	40	-2.15530000e-05	-9.46247000e-08	5.00037000e-01	8.33633000e-08
3.51529880e+02	2026-08-11T16:36:25.295519	0.00000000e+00	1	40	-2.19584000e-05	-1.28994000e-07	6.00039000e-01	1.45900000e-07
3.51616391e+02	2026-08-11T16:36:25.391222	0.00000000e+00	1	40	-2.25782000e-05	-1.77265000e-07	7.00054000e-01	1.72802000e-07
3.51685325e+02	2026-08-11T16:36:25.454419	0.00000000e+00	1	40	-2.18630000e-05	-2.78767000e-07	8.00062000e-01	2.70459000e-07
3.51748973e+02	2026-08-11T16:36:25.518022	0.00000000e+00	1	40	-2.23637000e-05	-4.62102000e-07	9.00065000e-01	4.51496000e-07
3.51807906e+02	2026-08-11T16:36:25.581548	0.00000000e+00	1	40	-1.95503000e-05	-7.65812000e-07	1.00007000e+00	7.86417000e-07
3.51853098e+02	2026-08-11T16:36:25.613235	0.00000000e+00	1	40	-2.22683000e-05	-1.03072000e-06	1.10007000e+00	1.21200000e-06
3.51938663e+02	2026-08-11T16:36:25.708792	0.00000000e+00	1	40	-1.90258000e-05	-1.91679000e-06	1.20007000e+00	1.82474000e-06
3.52001197e+02	2026-08-11T16:36:25.772565	0.00000000e+00	1	40	-2.12193000e-05	-2.76685000e-06	1.30007000e+00	2.56722000e-06
3.52077360e+02	2026-08-11T16:36:25.852020	0.00000000e+00	1	40	-2.13385000e-05	-2.31357000e-06	1.40007000e+00	2.18857000e-06
3.52130827e+02	2026-08-11T16:36:25.900024	0.00000000e+00	1	40	-1.69754000e-05	-4.01455000e-06	1.50005000e+00	4.51023000e-06
3.52189380e+02	2026-08-11T16:36:25.964008	0.00000000e+00	1	40	-1.30415000e-05	-9.28735000e-06	1.60005000e+00	9.04073000e-06
3.52236794e+02	2026-08-11T16:36:26.011748	0.00000000e+00	1	40	-1.87874000e-05	-8.71573000e-06	1.70004000e+00	8.37388000e-06
3.52290300e+02	2026-08-11T16:36:26.059380	0.00000000e+00	1	40	-2.16246000e-05	-1.10862000e-05	1.80002000e+00	1.45053000e-05
3.52381275e+02	2026-08-11T16:36:26.156173	0.00000000e+00	1	40	--	--	1.90003000e+00	1.09887000e-04
3.52450456e+02	2026-08-11T16:36:26.218825	0.00000000e+00	1	40	--	--	2.00002000e+00	1.09888000e-04
3.52539344e+02	2026-08-11T16:36:26.313687	0.00000000e+00	1	40	--	--	2.10036000e+00	1.09889000e-04
3.52586987e+02	2026-08-11T16:36:26.361873	0.00000000e+00	1	40	--	--	2.20053000e+00	1.09888000e-04
3.52643381e+02	2026-08-11T16:36:26.409510	0.00000000e+00	1	40	--	--	2.30030000e+00	1.09888000e-04
3.52697838e+02	2026-08-11T16:36:26.472449	0.00000000e+00	1	40	--	--	2.40051000e+00	1.09889000e-04
3.52764764e+02	2026-08-11T16:36:26.536894	0.00000000e+00	1	40	--	--	2.50061000e+00	1.09888000e-04
3.52828462e+02	2026-08-11T16:36:26.600446	0.00000000e+00	1	40	--	--	2.60040000e+00	1.09888000e-04
3.52882030e+02	2026-08-11T16:36:26.648627	0.00000000e+00	1	40	--	--	2.70055000e+00	1.09890000e-04
3.52928605e+02	2026-08-11T16:36:26.702217	0.00000000e+00	1	40	--	--	2.80041000e+00	1.09890000e-04
3.52986865e+02	2026-08-11T16:36:26.760601	0.00000000e+00	1	40	--	--	2.90058000e+00	1.09889000e-04
3.53031677e+02	2026-08-11T16:36:26.792263	0.00000000e+00	1	40	--	--	3.00039000e+00	1.09889000e-04
3.53096912e+02	2026-08-11T16:36:26.856280	0.00000000e+00	1	40	--	--	3.10059000e+00	1.09888000e-04
3.53154271e+02	2026-08-11T16:36:26.919949	0.00000000e+00	1	40	--	--	3.20069000e+00	1.09890000e-04
3.53214764e+02	2026-08-11T16:36:26.984200	0.00000000e+00	1	40	--	--	3.30050000e+00	1.09890000e-04
3.53282736e+02	2026-08-11T16:36:27.057890	0.00000000e+00	1	40	--	--	3.40066000e+00	1.09890000e-04
3.53336408e+02	2026-08-11T16:36:27.111046	0.00000000e+00	1	40	--	--	3.50052000e+00	1.09890000e-04
3.53403078e+02	2026-08-11T16:36:27.174666	0.00000000e+00	1	40	--	--	3.60065000e+00	1.09890000e-04
3.53464819e+02	2026-08-11T16:36:27.237651	0.00000000e+00	1	40	--	--	3.70055000e+00	1.09890000e-04
3.53518862e+02	2026-08-11T16:36:27.285494	0.00000000e+00	1	40	--	--	3.80063000e+00	1.09889000e-04
3.53565008e+02	2026-08-11T16:36:27.333286	0.00000000e+00	1	40	--	--	3.90073000e+00	1.09891000e-04
3.53622977e+02	2026-08-11T16:36:27.397184	0.00000000e+00	1	40	--	--	4.00059000e+00	1.09891000e-04
3.53666019e+02	2026-08-11T16:36:27.428770	0.00000000e+00	1	40	--	--	4.00058000e+00	1.09890000e-04
3.53720123e+02	2026-08-11T16:36:27.492636	0.00000000e+00	1	40	--	--	3.90076000e+00	1.09891000e-04
3.53782029e+02	2026-08-11T16:36:27.556107	0.00000000e+00	1	40	--	--	3.80063000e+00	1.09891000e-04
3.53826915e+02	2026-08-11T16:36:27.587911	0.00000000e+00	1	40	--	--	3.70049000e+00	1.09890000e-04
3.53878947e+02	2026-08-11T16:36:27.651540	0.00000000e+00	1	40	--	--	3.60066000e+00	1.09890000e-04
3.53953800e+02	2026-08-11T16:36:27.725681	0.00000000e+00	1	40	--	--	3.50051000e+00	1.09890000e-04
3.54004380e+02	2026-08-11T16:36:27.778844	0.00000000e+00	1	40	--	--	3.40066000e+00	1.09890000e-04
3.54048660e+02	2026-08-11T16:36:27.811643	0.00000000e+00	1	40	--	--	3.30050000e+00	1.09890000e-04
3.54113464e+02	2026-08-11T16:36:27.874852	0.00000000e+00	1	40	--	--	3.20072000e+00	1.09890000e-04
3.54169089e+02	2026-08-11T16:36:27.938432	0.00000000e+00	1	40	--	--	3.10060000e+00	1.09887000e-04
3.54237488e+02	2026-08-11T16:36:28.002389	0.00000000e+00	1	40	--	--	3.00041000e+00	1.09889000e-04
3.54291982e+02	2026-08-11T16:36:28.066145	0.00000000e+00	1	40	--	--	2.90057000e+00	1.09889000e-04
3.54337248e+02	2026-08-11T16:36:28.097942	0.00000000e+00	1	40	--	--	2.80041000e+00	1.09890000e-04
3.54391484e+02	2026-08-11T16:36:28.165646	0.00000000e+00	1	40	--	--	2.70056000e+00	1.09889000e-04
3.54439197e+02	2026-08-11T16:36:28.210268	0.00000000e+00	1	40	--	--	2.60040000e+00	1.09889000e-04
3.54497288e+02	2026-08-11T16:36:28.271500	0.00000000e+00	1	40	--	--	2.50060000e+00	1.09889000e-04
3.54541556e+02	2026-08-11T16:36:28.303465	0.00000000e+00	1	40	--	--	2.40051000e+00	1.09889000e-04
3.54600480e+02	2026-08-11T16:36:28.367008	0.00000000e+00	1	40	--	--	2.30031000e+00	1.09888000e-04
3.54656195e+02	2026-08-11T16:36:28.431247	0.00000000e+00	1	40	--	--	2.20056000e+00	1.09888000e-04
3.54702254e+02	2026-08-11T16:36:28.462582	0.00000000e+00	1	40	--	--	2.10034000e+00	1.09888000e-04
3.54756939e+02	2026-08-11T16:36:28.526361	0.00000000e+00	1	40	--	--	2.00002000e+00	1.09888000e-04
3.54816141e+02	2026-08-11T16:36:28.590056	0.00000000e+00	1	40	--	--	1.90004000e+00	1.09888000e-04
3.54861521e+02	2026-08-11T16:36:28.621870	0.00000000e+00	1	40	--	--	1.80004000e+00	1.09888000e-04
3.54912596e+02	2026-08-11T16:36:28.685154	0.00000000e+00	1	40	--	--	1.70004000e+00	1.09889000e-04
3.54974599e+02	2026-08-11T16:36:28.748941	0.00000000e+00	1	40	--	--	1.60005000e+00	1.09888000e-04
3.55019640e+02	2026-08-11T16:36:28.780646	0.00000000e+00	1	40	--	--	1.50005000e+00	1.09888000e-04
3.55079337e+02	2026-08-11T16:36:28.845059	0.00000000e+00	1	40	--	--	1.40006000e+00	1.09887000e-04
3.55130743e+02	2026-08-11T16:36:28.897113	0.00000000e+00	1	40	--	--	1.30007000e+00	1.09887000e-04
3.55176681e+02	2026-08-11T16:36:28.950187	0.00000000e+00	1	40	--	--	1.20008000e+00	1.09887000e-04
3.55227259e+02	2026-08-11T16:36:28.994251	0.00000000e+00	1	40	--	--	1.10007000e+00	1.09886000e-04
3.55283276e+02	2026-08-11T16:36:29.051259	0.00000000e+00	1	40	--	--	1.00007000e+00	1.09887000e-04
3.55355093e+02	2026-08-11T16:36:29.114527	0.00000000e+00	1	40	--	--	9.00070000e-01	1.09888000e-04
3.55406953e+02	2026-08-11T16:36:29.181493	0.00000000e+00	1	40	--	--	8.00062000e-01	1.09887000e-04
3.55462158e+02	2026-08-11T16:36:29.228737	0.00000000e+00	1	40	--	--	7.00052000e-01	1.09888000e-04
3.55514262e+02	2026-08-11T16:36:29.288597	0.00000000e+00	1	40	--	--	6.00043000e-01	1.09888000e-04
3.55560163e+02	2026-08-11T16:36:29.332520	0.00000000e+00	1	40	--	--	5.00041000e-01	1.09888000e-04
3.55612707e+02	2026-08-11T16:36:29.385995	0.00000000e+00	1	40	--	--	4.00038000e-01	1.09889000e-04
3.55672392e+02	2026-08-11T16:36:29.447023	0.00000000e+00	1	40	1.09582000e-01	-1.09915000e-04	3.00029000e-01	1.09890000e-04
3.55740722e+02	2026-08-11T16:36:29.510700	0.00000000e+00	1	40	9.61947000e-03	-1.09916000e-04	2.00062000e-01	1.09889000e-04
3.55800175e+02	2026-08-11T16:36:29.574484	0.00000000e+00	1	40	-2.25306000e-05	-5.34380000e-05	1.00062000e-01	5.34151000e-05
3.55904833e+02	2026-08-11T16:36:29.678149	0.00000000e+00	1	40	-8.82149000e-06	-6.03671000e-08	5.45263000e-05	5.88523000e-08
3.60164241e+02	2026-08-11T16:36:33.937335	0.00000000e+00	1	41	-2.42472000e-05	-3.31879000e-11	5.01394000e-05	-1.38640000e-11
3.60208677e+02	2026-08-11T16:36:33.969611	0.00000000e+00	1	41	1.32322000e-05	-4.40663000e-08	1.00054000e-01	2.02028000e-08
3.60290812e+02	2026-08-11T16:36:34.064778	0.00000000e+00	1	41	-2.27928000e-05	-4.29867000e-08	2.00051000e-01	3.71931000e-08
3.60418084e+02	2026-08-11T16:36:34.191781	0.00000000e+00	1	41	-1.55926000e-05	-7.99647000e-08	3.00019000e-01	6.70388000e-08
3.60473462e+02	2026-08-11T16:36:34.241901	0.00000000e+00	1	41	-1.07765000e-05	-9.35350000e-08	4.00030000e-01	1.02303000e-07
3.60560362e+02	2026-08-11T16:36:34.334916	0.00000000e+00	1	41	-1.76191000e-05	-1.80375000e-07	5.00033000e-01	1.61441000e-07
3.60629994e+02	2026-08-11T16:36:34.398069	0.00000000e+00	1	41	-1.81913000e-05	-4.65298000e-07	6.00037000e-01	3.53074000e-07
3.60700081e+02	2026-08-11T16:36:34.462089	0.00000000e+00	1	41	-1.86205000e-05	-6.63067000e-07	7.00047000e-01	7.83449000e-07
3.60745955e+02	2026-08-11T16:36:34.520316	0.00000000e+00	1	41	-2.47240000e-05	-1.69209000e-06	8.00061000e-01	1.40590000e-06
3.60832401e+02	2026-08-11T16:36:34.604707	0.00000000e+00	1	41	-2.24113000e-05	-1.72072000e-06	9.00062000e-01	1.43592000e-06
3.60880925e+02	2026-08-11T16:36:34.652817	0.00000000e+00	1	41	-1.98841000e-05	-1.99227000e-06	1.00007000e+00	1.76966000e-06
3.60925838e+02	2026-08-11T16:36:34.700514	0.00000000e+00	1	41	-2.06470000e-05	-2.30940000e-06	1.10007000e+00	1.63517000e-06
3.60989472e+02	2026-08-11T16:36:34.764060	0.00000000e+00	1	41	-1.93357000e-05	-3.32786000e-06	1.20007000e+00	2.78745000e-06
3.61059685e+02	2026-08-11T16:36:34.826724	0.00000000e+00	1	41	-2.13623000e-05	-2.95565000e-06	1.30007000e+00	3.44459000e-06
3.61116191e+02	2026-08-11T16:36:34.890789	0.00000000e+00	1	41	-1.60694000e-05	-4.45191000e-06	1.40006000e+00	4.17925000e-06
3.61160886e+02	2026-08-11T16:36:34.922352	0.00000000e+00	1	41	-1.92881000e-05	-7.72420000e-06	1.50005000e+00	7.74647000e-06
3.61214458e+02	2026-08-11T16:36:34.986166	0.00000000e+00	1	41	-1.68324000e-05	-1.06475000e-05	1.60005000e+00	1.10857000e-05
3.61306741e+02	2026-08-11T16:36:35.081304	0.00000000e+00	1	41	-2.25067000e-05	-1.07652000e-05	1.70003000e+00	7.96351000e-05
3.61372285e+02	2026-08-11T16:36:35.145420	0.00000000e+00	1	41	--	--	1.80003000e+00	1.09886000e-04
3.61466233e+02	2026-08-11T16:36:35.240729	0.00000000e+00	1	41	--	--	1.90003000e+00	1.09887000e-04
3.61531992e+02	2026-08-11T16:36:35.304641	0.00000000e+00	1	41	--	--	2.00002000e+00	1.09886000e-04
3.61594203e+02	2026-08-11T16:36:35.368218	0.00000000e+00	1	41	--	--	2.10033000e+00	1.09887000e-04
3.61641304e+02	2026-08-11T16:36:35.415625	0.00000000e+00	1	41	--	--	2.20053000e+00	1.09887000e-04
3.61693558e+02	2026-08-11T16:36:35.464264	0.00000000e+00	1	41	--	--	2.30032000e+00	1.09887000e-04
3.61753379e+02	2026-08-11T16:36:35.527166	0.00000000e+00	1	41	--	--	2.40053000e+00	1.09888000e-04
3.61799300e+02	2026-08-11T16:36:35.559367	0.00000000e+00	1	41	--	--	2.50060000e+00	1.09888000e-04
3.61850795e+02	2026-08-11T16:36:35.622287	0.00000000e+00	1	41	--	--	2.60040000e+00	1.09887000e-04
3.61910362e+02	2026-08-11T16:36:35.680473	0.00000000e+00	1	41	--	--	2.70058000e+00	1.09888000e-04
3.61959131e+02	2026-08-11T16:36:35.733027	0.00000000e+00	1	41	--	--	2.80041000e+00	1.09888000e-04
3.62023802e+02	2026-08-11T16:36:35.796543	0.00000000e+00	1	41	--	--	2.90059000e+00	1.09888000e-04
3.62069284e+02	2026-08-11T16:36:35.828595	0.00000000e+00	1	41	--	--	3.00042000e+00	1.09888000e-04
3.62125574e+02	2026-08-11T16:36:35.892054	0.00000000e+00	1	41	--	--	3.10061000e+00	1.09886000e-04
3.62183314e+02	2026-08-11T16:36:35.956110	0.00000000e+00	1	41	--	--	3.20072000e+00	1.09889000e-04
3.62228492e+02	2026-08-11T16:36:35.987993	0.00000000e+00	1	41	--	--	3.30053000e+00	1.09889000e-04
3.62280491e+02	2026-08-11T16:36:36.051619	0.00000000e+00	1	41	--	--	3.40066000e+00	1.09889000e-04
3.62341170e+02	2026-08-11T16:36:36.115258	0.00000000e+00	1	41	--	--	3.50052000e+00	1.09890000e-04
3.62386472e+02	2026-08-11T16:36:36.146919	0.00000000e+00	1	41	--	--	3.60066000e+00	1.09890000e-04
3.62443197e+02	2026-08-11T16:36:36.210176	0.00000000e+00	1	41	--	--	3.70052000e+00	1.09890000e-04
3.62501847e+02	2026-08-11T16:36:36.273633	0.00000000e+00	1	41	--	--	3.80061000e+00	1.09890000e-04
3.62545993e+02	2026-08-11T16:36:36.305196	0.00000000e+00	1	41	--	--	3.90073000e+00	1.09891000e-04
3.62596438e+02	2026-08-11T16:36:36.369138	0.00000000e+00	1	41	--	--	4.00055000e+00	1.09890000e-04
3.62639720e+02	2026-08-11T16:36:36.411929	0.00000000e+00	1	41	--	--	4.00057000e+00	1.09890000e-04
3.62692706e+02	2026-08-11T16:36:36.464768	0.00000000e+00	1	41	--	--	3.90068000e+00	1.09890000e-04
3.62753673e+02	2026-08-11T16:36:36.527773	0.00000000e+00	1	41	--	--	3.80061000e+00	1.09890000e-04
3.62799170e+02	2026-08-11T16:36:36.559526	0.00000000e+00	1	41	--	--	3.70046000e+00	1.09890000e-04
3.62854295e+02	2026-08-11T16:36:36.623623	0.00000000e+00	1	41	--	--	3.60061000e+00	1.09890000e-04
3.62914759e+02	2026-08-11T16:36:36.686937	0.00000000e+00	1	41	--	--	3.50053000e+00	1.09889000e-04
3.62959664e+02	2026-08-11T16:36:36.734716	0.00000000e+00	1	41	--	--	3.40066000e+00	1.09890000e-04
3.63008145e+02	2026-08-11T16:36:36.782551	0.00000000e+00	1	41	--	--	3.30049000e+00	1.09890000e-04
3.63072607e+02	2026-08-11T16:36:36.846254	0.00000000e+00	1	41	--	--	3.20071000e+00	1.09889000e-04
3.63117796e+02	2026-08-11T16:36:36.877848	0.00000000e+00	1	41	--	--	3.10058000e+00	1.09887000e-04
3.63171661e+02	2026-08-11T16:36:36.941595	0.00000000e+00	1	41	--	--	3.00040000e+00	1.09889000e-04
3.63230991e+02	2026-08-11T16:36:37.005370	0.00000000e+00	1	41	--	--	2.90056000e+00	1.09889000e-04
3.63276218e+02	2026-08-11T16:36:37.037569	0.00000000e+00	1	41	--	--	2.80038000e+00	1.09889000e-04
3.63334467e+02	2026-08-11T16:36:37.101256	0.00000000e+00	1	41	--	--	2.70052000e+00	1.09888000e-04
3.63401587e+02	2026-08-11T16:36:37.164601	0.00000000e+00	1	41	--	--	2.60040000e+00	1.09889000e-04
3.63458277e+02	2026-08-11T16:36:37.228038	0.00000000e+00	1	41	--	--	2.50057000e+00	1.09889000e-04
3.63517081e+02	2026-08-11T16:36:37.291229	0.00000000e+00	1	41	--	--	2.40047000e+00	1.09889000e-04
3.63580529e+02	2026-08-11T16:36:37.355070	0.00000000e+00	1	41	--	--	2.30027000e+00	1.09888000e-04
3.63646465e+02	2026-08-11T16:36:37.418454	0.00000000e+00	1	41	--	--	2.20048000e+00	1.09889000e-04
3.63708523e+02	2026-08-11T16:36:37.481819	0.00000000e+00	1	41	--	--	2.10031000e+00	1.09888000e-04
3.63753427e+02	2026-08-11T16:36:37.524212	0.00000000e+00	1	41	--	--	2.00002000e+00	1.09888000e-04
3.63814664e+02	2026-08-11T16:36:37.577475	0.00000000e+00	1	41	--	--	1.90003000e+00	1.09888000e-04
3.63868225e+02	2026-08-11T16:36:37.640533	0.00000000e+00	1	41	--	--	1.80003000e+00	1.09888000e-04
3.63920374e+02	2026-08-11T16:36:37.694144	0.00000000e+00	1	41	--	--	1.70004000e+00	1.09888000e-04
3.63977358e+02	2026-08-11T16:36:37.751557	0.00000000e+00	1	41	--	--	1.60005000e+00	1.09888000e-04
3.64046001e+02	2026-08-11T16:36:37.815071	0.00000000e+00	1	41	--	--	1.50005000e+00	1.09888000e-04
3.64104811e+02	2026-08-11T16:36:37.878686	0.00000000e+00	1	41	--	--	1.40006000e+00	1.09887000e-04
3.64149277e+02	2026-08-11T16:36:37.910523	0.00000000e+00	1	41	--	--	1.30007000e+00	1.09887000e-04
3.64204303e+02	2026-08-11T16:36:37.973839	0.00000000e+00	1	41	--	--	1.20007000e+00	1.09887000e-04
3.64263528e+02	2026-08-11T16:36:38.037752	0.00000000e+00	1	41	--	--	1.10007000e+00	1.09887000e-04
3.64310846e+02	2026-08-11T16:36:38.085604	0.00000000e+00	1	41	--	--	1.00007000e+00	1.09887000e-04
3.64364126e+02	2026-08-11T16:36:38.133613	0.00000000e+00	1	41	--	--	9.00062000e-01	1.09887000e-04
3.64423737e+02	2026-08-11T16:36:38.196887	0.00000000e+00	1	41	--	--	8.00059000e-01	1.09887000e-04
3.64467654e+02	2026-08-11T16:36:38.228520	0.00000000e+00	1	41	1.37610000e-01	-1.09915000e-04	7.00049000e-01	1.09888000e-04
3.64521695e+02	2026-08-11T16:36:38.291940	0.00000000e+00	1	41	3.74219000e-02	-1.09916000e-04	6.00039000e-01	1.09889000e-04
3.64581162e+02	2026-08-11T16:36:38.355906	0.00000000e+00	1	41	-2.74658000e-05	-7.27621000e-05	5.00029000e-01	7.25176000e-05
3.64683036e+02	2026-08-11T16:36:38.450460	0.00000000e+00	1	41	-1.68085000e-05	-3.79058000e-05	4.00034000e-01	3.79597000e-05
3.64740768e+02	2026-08-11T16:36:38.514784	0.00000000e+00	1	41	-1.53780000e-05	-2.12818000e-05	3.00023000e-01	2.13317000e-05
3.64804192e+02	2026-08-11T16:36:38.578430	0.00000000e+00	1	41	-1.54018000e-05	-1.18899000e-05	2.00059000e-01	1.18388000e-05
3.64857576e+02	2026-08-11T16:36:38.626954	0.00000000e+00	1	41	-9.29832000e-06	-5.33180000e-06	1.00054000e-01	5.35555000e-06
3.64963025e+02	2026-08-11T16:36:38.737048	0.00000000e+00	1	41	-1.70708000e-05	-6.24486000e-09	5.08785000e-05	6.17135000e-09
3.69191257e+02	2026-08-11T16:36:42.964397	0.00000000e+00	1	42	-2.38657000e-05	-2.90751000e-11	5.74350000e-05	-1.57475000e-11
3.69255097e+02	2026-08-11T16:36:43.027927	0.00000000e+00	1	42	-2.26259000e-05	-1.78013000e-08	1.00059000e-01	1.88741000e-08
3.69299969e+02	2026-08-11T16:36:43.062186	0.00000000e+00	1	42	-2.00033000e-05	-3.60015000e-08	2.00057000e-01	3.85625000e-08
3.69352349e+02	2026-08-11T16:36:43.123625	0.00000000e+00	1	42	-1.67131000e-05	-6.28064000e-08	3.00022000e-01	6.33436000e-08
3.69424598e+02	2026-08-11T16:36:43.198928	0.00000000e+00	1	42	-2.35081000e-05	-1.22390000e-07	4.00036000e-01	1.59699000e-07
3.69511476e+02	2026-08-11T16:36:43.285924	0.00000000e+00	1	42	-2.42472000e-05	-2.58923000e-07	5.00036000e-01	2.31680000e-07
3.69561768e+02	2026-08-11T16:36:43.332281	0.00000000e+00	1	42	-2.55585000e-05	-3.03074000e-07	6.00043000e-01	2.56257000e-07
3.69625470e+02	2026-08-11T16:36:43.393211	0.00000000e+00	1	42	-2.62976000e-05	-4.02871000e-07	7.00054000e-01	3.13780000e-07
3.69687021e+02	2026-08-11T16:36:43.456098	0.00000000e+00	1	42	-2.66075000e-05	-5.11255000e-07	8.00060000e-01	4.49985000e-07
3.69735947e+02	2026-08-11T16:36:43.505120	0.00000000e+00	1	42	-2.43187000e-05	-4.01577000e-07	9.00065000e-01	5.21116000e-07
3.69797894e+02	2026-08-11T16:36:43.566397	0.00000000e+00	1	42	-2.59399000e-05	-5.90896000e-07	1.00006000e+00	7.84547000e-07
3.69854651e+02	2026-08-11T16:36:43.629259	0.00000000e+00	1	42	-2.97546000e-05	-1.53252000e-06	1.10006000e+00	1.66791000e-06
3.69950142e+02	2026-08-11T16:36:43.724750	0.00000000e+00	1	42	-3.44276000e-05	-4.39320000e-06	1.20007000e+00	3.84747000e-06
3.70014643e+02	2026-08-11T16:36:43.788163	0.00000000e+00	1	42	--	--	1.30007000e+00	1.09889000e-04
3.70140963e+02	2026-08-11T16:36:43.915682	0.00000000e+00	1	42	--	--	1.40006000e+00	1.09889000e-04
3.70207663e+02	2026-08-11T16:36:43.978968	0.00000000e+00	1	42	--	--	1.50005000e+00	1.09888000e-04
3.70276566e+02	2026-08-11T16:36:44.050898	0.00000000e+00	1	42	--	--	1.60005000e+00	1.09888000e-04
3.70344160e+02	2026-08-11T16:36:44.113221	0.00000000e+00	1	42	--	--	1.70004000e+00	1.09888000e-04
3.70394694e+02	2026-08-11T16:36:44.169301	0.00000000e+00	1	42	--	--	1.80003000e+00	1.09889000e-04
3.70458559e+02	2026-08-11T16:36:44.232639	0.00000000e+00	1	42	--	--	1.90003000e+00	1.09888000e-04
3.70526285e+02	2026-08-11T16:36:44.296036	0.00000000e+00	1	42	--	--	2.00001000e+00	1.09889000e-04
3.70593317e+02	2026-08-11T16:36:44.366431	0.00000000e+00	1	42	--	--	2.10027000e+00	1.09888000e-04
3.70648949e+02	2026-08-11T16:36:44.423048	0.00000000e+00	1	42	--	--	2.20049000e+00	1.09887000e-04
3.70712837e+02	2026-08-11T16:36:44.487191	0.00000000e+00	1	42	--	--	2.30026000e+00	1.09888000e-04
3.70760652e+02	2026-08-11T16:36:44.534894	0.00000000e+00	1	42	--	--	2.40044000e+00	1.09890000e-04
3.70816598e+02	2026-08-11T16:36:44.582644	0.00000000e+00	1	42	--	--	2.50056000e+00	1.09889000e-04
3.70876005e+02	2026-08-11T16:36:44.646282	0.00000000e+00	1	42	--	--	2.60037000e+00	1.09890000e-04
3.70935835e+02	2026-08-11T16:36:44.709881	0.00000000e+00	1	42	--	--	2.70052000e+00	1.09890000e-04
3.70982264e+02	2026-08-11T16:36:44.757022	0.00000000e+00	1	42	--	--	2.80035000e+00	1.09891000e-04
3.71032691e+02	2026-08-11T16:36:44.806168	0.00000000e+00	1	42	--	--	2.90051000e+00	1.09890000e-04
3.71077442e+02	2026-08-11T16:36:44.852265	0.00000000e+00	1	42	--	--	3.00035000e+00	1.09890000e-04
3.71129541e+02	2026-08-11T16:36:44.901343	0.00000000e+00	1	42	--	--	3.10048000e+00	1.09887000e-04
3.71193704e+02	2026-08-11T16:36:44.964426	0.00000000e+00	1	42	--	--	3.20063000e+00	1.09890000e-04
3.71252933e+02	2026-08-11T16:36:45.026882	0.00000000e+00	1	42	--	--	3.30043000e+00	1.09890000e-04
3.71316181e+02	2026-08-11T16:36:45.090676	0.00000000e+00	1	42	--	--	3.40057000e+00	1.09890000e-04
3.71381184e+02	2026-08-11T16:36:45.154385	0.00000000e+00	1	42	--	--	3.50044000e+00	1.09891000e-04
3.71443918e+02	2026-08-11T16:36:45.217996	0.00000000e+00	1	42	--	--	3.60055000e+00	1.09891000e-04
3.71489510e+02	2026-08-11T16:36:45.249857	0.00000000e+00	1	42	--	--	3.70048000e+00	1.09891000e-04
3.71551831e+02	2026-08-11T16:36:45.317680	0.00000000e+00	1	42	--	--	3.80052000e+00	1.09891000e-04
3.71605601e+02	2026-08-11T16:36:45.376602	0.00000000e+00	1	42	--	--	3.90066000e+00	1.09891000e-04
3.71651971e+02	2026-08-11T16:36:45.423272	0.00000000e+00	1	42	--	--	4.00047000e+00	1.09892000e-04
3.71699247e+02	2026-08-11T16:36:45.470953	0.00000000e+00	1	42	--	--	4.00046000e+00	1.09892000e-04
3.71744068e+02	2026-08-11T16:36:45.518650	0.00000000e+00	1	42	--	--	3.90061000e+00	1.09891000e-04
3.71808678e+02	2026-08-11T16:36:45.582547	0.00000000e+00	1	42	--	--	3.80051000e+00	1.09892000e-04
3.71882006e+02	2026-08-11T16:36:45.644822	0.00000000e+00	1	42	--	--	3.70037000e+00	1.09891000e-04
3.71934260e+02	2026-08-11T16:36:45.708145	0.00000000e+00	1	42	--	--	3.60052000e+00	1.09890000e-04
3.71997561e+02	2026-08-11T16:36:45.772041	0.00000000e+00	1	42	--	--	3.50046000e+00	1.09891000e-04
3.72061706e+02	2026-08-11T16:36:45.835367	0.00000000e+00	1	42	--	--	3.40058000e+00	1.09889000e-04
3.72138631e+02	2026-08-11T16:36:45.899353	0.00000000e+00	1	42	--	--	3.30043000e+00	1.09890000e-04
3.72192701e+02	2026-08-11T16:36:45.963161	0.00000000e+00	1	42	--	--	3.20062000e+00	1.09890000e-04
3.72253175e+02	2026-08-11T16:36:46.027136	0.00000000e+00	1	42	--	--	3.10052000e+00	1.09888000e-04
3.72315935e+02	2026-08-11T16:36:46.090568	0.00000000e+00	1	42	--	--	3.00033000e+00	1.09890000e-04
3.72385376e+02	2026-08-11T16:36:46.154523	0.00000000e+00	1	42	--	--	2.90051000e+00	1.09889000e-04
3.72437960e+02	2026-08-11T16:36:46.207506	0.00000000e+00	1	42	--	--	2.80035000e+00	1.09890000e-04
3.72483378e+02	2026-08-11T16:36:46.251935	0.00000000e+00	1	42	--	--	2.70049000e+00	1.09889000e-04
3.72538846e+02	2026-08-11T16:36:46.313211	0.00000000e+00	1	42	--	--	2.60032000e+00	1.09889000e-04
3.72592315e+02	2026-08-11T16:36:46.360681	0.00000000e+00	1	42	--	--	2.50054000e+00	1.09888000e-04
3.72649719e+02	2026-08-11T16:36:46.424162	0.00000000e+00	1	42	--	--	2.40044000e+00	1.09889000e-04
3.72713576e+02	2026-08-11T16:36:46.487944	0.00000000e+00	1	42	--	--	2.30026000e+00	1.09888000e-04
3.72778509e+02	2026-08-11T16:36:46.551923	0.00000000e+00	1	42	--	--	2.20048000e+00	1.09888000e-04
3.72846195e+02	2026-08-11T16:36:46.615986	0.00000000e+00	1	42	--	--	2.10029000e+00	1.09888000e-04
3.72905460e+02	2026-08-11T16:36:46.679321	0.00000000e+00	1	42	--	--	2.00001000e+00	1.09888000e-04
3.72969104e+02	2026-08-11T16:36:46.742970	0.00000000e+00	1	42	--	--	1.90003000e+00	1.09887000e-04
3.73043081e+02	2026-08-11T16:36:46.807040	0.00000000e+00	1	42	--	--	1.80003000e+00	1.09888000e-04
3.73108425e+02	2026-08-11T16:36:46.869881	0.00000000e+00	1	42	--	--	1.70004000e+00	1.09888000e-04
3.73159748e+02	2026-08-11T16:36:46.933906	0.00000000e+00	1	42	--	--	1.60005000e+00	1.09887000e-04
3.73213367e+02	2026-08-11T16:36:46.988307	0.00000000e+00	1	42	--	--	1.50005000e+00	1.09888000e-04
3.73277774e+02	2026-08-11T16:36:47.044421	0.00000000e+00	1	42	--	--	1.40006000e+00	1.09888000e-04
3.73343517e+02	2026-08-11T16:36:47.107914	0.00000000e+00	1	42	--	--	1.30007000e+00	1.09888000e-04
3.73393619e+02	2026-08-11T16:36:47.157701	0.00000000e+00	1	42	--	--	1.20007000e+00	1.09888000e-04
3.73453449e+02	2026-08-11T16:36:47.219235	0.00000000e+00	1	42	--	--	1.10006000e+00	1.09889000e-04
3.73511128e+02	2026-08-11T16:36:47.282794	0.00000000e+00	1	42	--	--	1.00007000e+00	1.09890000e-04
3.73555350e+02	2026-08-11T16:36:47.330389	0.00000000e+00	1	42	1.93523000e-01	-1.09916000e-04	9.00063000e-01	1.09890000e-04
3.73610816e+02	2026-08-11T16:36:47.377606	0.00000000e+00	1	42	9.37371000e-02	-1.09917000e-04	8.00059000e-01	1.09889000e-04
3.73667429e+02	2026-08-11T16:36:47.441831	0.00000000e+00	1	42	-4.29869000e-05	-1.05234000e-04	7.00051000e-01	1.05113000e-04
3.73712579e+02	2026-08-11T16:36:47.473108	0.00000000e+00	1	42	-2.88248000e-05	-4.48164000e-05	6.00040000e-01	4.46796000e-05
3.73796877e+02	2026-08-11T16:36:47.568662	0.00000000e+00	1	42	-2.46286000e-05	-2.07412000e-05	5.00035000e-01	2.07309000e-05
3.73857371e+02	2026-08-11T16:36:47.631668	0.00000000e+00	1	42	-2.45571000e-05	-1.21151000e-05	4.00038000e-01	1.20572000e-05
3.73908369e+02	2026-08-11T16:36:47.680104	0.00000000e+00	1	42	-1.92881000e-05	-7.45949000e-06	3.00020000e-01	7.45973000e-06
3.74001422e+02	2026-08-11T16:36:47.775940	0.00000000e+00	1	42	-1.78576000e-05	-4.41392000e-06	2.00052000e-01	4.41455000e-06
3.74050153e+02	2026-08-11T16:36:47.824479	0.00000000e+00	1	42	-1.87397000e-05	-2.06220000e-06	1.00057000e-01	2.06452000e-06
3.74102772e+02	2026-08-11T16:36:47.871478	0.00000000e+00	1	42	-2.05994000e-05	-2.52620000e-09	5.12123000e-05	2.49479000e-09
3.78149097e+02	2026-08-11T16:36:51.916713	0.00000000e+00	1	43	-2.54154000e-05	-3.20077000e-11	5.19037000e-05	-2.89917000e-11
3.78205084e+02	2026-08-11T16:36:51.979941	0.00000000e+00	1	43	-2.37465000e-05	-2.64719000e-08	1.00057000e-01	2.19741000e-08
3.78258092e+02	2026-08-11T16:36:52.026822	0.00000000e+00	1	43	-2.07901000e-05	-4.00981000e-08	2.00048000e-01	4.33185000e-08
3.78326354e+02	2026-08-11T16:36:52.089858	0.00000000e+00	1	43	-1.78814000e-05	-6.39640000e-08	3.00015000e-01	6.84706000e-08
3.78392085e+02	2026-08-11T16:36:52.165507	0.00000000e+00	1	43	-2.06709000e-05	-1.24372000e-07	4.00034000e-01	1.22263000e-07
3.78477667e+02	2026-08-11T16:36:52.248213	0.00000000e+00	1	43	-2.36750000e-05	-1.94374000e-07	5.00034000e-01	2.02942000e-07
3.78536668e+02	2026-08-11T16:36:52.311095	0.00000000e+00	1	43	-2.52008000e-05	-2.41048000e-07	6.00035000e-01	2.50560000e-07
3.78584626e+02	2026-08-11T16:36:52.358373	0.00000000e+00	1	43	-2.41280000e-05	-3.58769000e-07	7.00042000e-01	4.15337000e-07
3.78629952e+02	2026-08-11T16:36:52.390651	0.00000000e+00	1	43	-2.32220000e-05	-6.09481000e-07	8.00052000e-01	4.85633000e-07
3.78683638e+02	2026-08-11T16:36:52.453785	0.00000000e+00	1	43	-2.33650000e-05	-1.28817000e-06	9.00055000e-01	2.06663000e-06
3.78775141e+02	2026-08-11T16:36:52.549340	0.00000000e+00	1	43	-1.56164000e-05	-4.39345000e-06	1.00006000e+00	4.83024000e-06
3.78839482e+02	2026-08-11T16:36:52.612973	0.00000000e+00	1	43	-2.07424000e-05	-4.92554000e-06	1.10004000e+00	6.60184000e-06
3.78885547e+02	2026-08-11T16:36:52.660237	0.00000000e+00	1	43	-1.33038000e-05	-8.36250000e-06	1.20006000e+00	6.63924000e-06
3.78937723e+02	2026-08-11T16:36:52.708136	0.00000000e+00	1	43	-1.75476000e-05	-9.58211000e-06	1.30007000e+00	8.59700000e-06
3.78998168e+02	2026-08-11T16:36:52.771514	0.00000000e+00	1	43	-1.75953000e-05	-7.32747000e-06	1.40005000e+00	7.85055000e-06
3.79065326e+02	2026-08-11T16:36:52.834796	0.00000000e+00	1	43	-3.38316000e-05	-8.70438000e-06	1.50004000e+00	7.66631000e-06
3.79123666e+02	2026-08-11T16:36:52.897804	0.00000000e+00	1	43	-2.77042000e-05	-1.03035000e-05	1.60005000e+00	8.34247000e-06
3.79189072e+02	2026-08-11T16:36:52.963974	0.00000000e+00	1	43	-2.79188000e-05	-7.83057000e-06	1.70004000e+00	1.07275000e-05
3.79298079e+02	2026-08-11T16:36:53.072255	0.00000000e+00	1	43	-2.26259000e-05	-1.13479000e-05	1.80002000e+00	1.20926000e-05
3.79377358e+02	2026-08-11T16:36:53.151507	0.00000000e+00	1	43	-2.81811000e-05	-1.27723000e-05	1.90003000e+00	1.15090000e-05
3.79424584e+02	2026-08-11T16:36:53.199268	0.00000000e+00	1	43	-2.89202000e-05	-1.31121000e-05	2.00002000e+00	1.22443000e-05
3.79479049e+02	2026-08-11T16:36:53.247298	0.00000000e+00	1	43	-2.71320000e-05	-1.30629000e-05	2.10029000e+00	1.29002000e-05
3.79536454e+02	2026-08-11T16:36:53.310532	0.00000000e+00	1	43	-2.74897000e-05	-1.68074000e-05	2.20048000e+00	1.58073000e-05
3.79603940e+02	2026-08-11T16:36:53.374168	0.00000000e+00	1	43	-2.98977000e-05	-1.64765000e-05	2.30027000e+00	1.60734000e-05
3.79663508e+02	2026-08-11T16:36:53.437946	0.00000000e+00	1	43	-2.80380000e-05	-1.79206000e-05	2.40045000e+00	1.92733000e-05
3.79707321e+02	2026-08-11T16:36:53.469413	0.00000000e+00	1	43	--	--	2.50058000e+00	1.09887000e-04
3.79772257e+02	2026-08-11T16:36:53.535082	0.00000000e+00	1	43	--	--	2.60041000e+00	1.09888000e-04
3.79854043e+02	2026-08-11T16:36:53.628515	0.00000000e+00	1	43	--	--	2.70053000e+00	1.09890000e-04
3.79921827e+02	2026-08-11T16:36:53.691615	0.00000000e+00	1	43	--	--	2.80039000e+00	1.09890000e-04
3.79982542e+02	2026-08-11T16:36:53.755622	0.00000000e+00	1	43	--	--	2.90059000e+00	1.09890000e-04
3.80026988e+02	2026-08-11T16:36:53.787525	0.00000000e+00	1	43	--	--	3.00039000e+00	1.09890000e-04
3.80089929e+02	2026-08-11T16:36:53.861083	0.00000000e+00	1	43	--	--	3.10057000e+00	1.09887000e-04
3.80144362e+02	2026-08-11T16:36:53.915396	0.00000000e+00	1	43	--	--	3.20072000e+00	1.09890000e-04
3.80203499e+02	2026-08-11T16:36:53.978071	0.00000000e+00	1	43	--	--	3.30052000e+00	1.09890000e-04
3.80272783e+02	2026-08-11T16:36:54.042628	0.00000000e+00	1	43	--	--	3.40065000e+00	1.09890000e-04
3.80332219e+02	2026-08-11T16:36:54.105788	0.00000000e+00	1	43	--	--	3.50050000e+00	1.09891000e-04
3.80377075e+02	2026-08-11T16:36:54.137745	0.00000000e+00	1	43	--	--	3.60060000e+00	1.09892000e-04
3.80428310e+02	2026-08-11T16:36:54.201327	0.00000000e+00	1	43	--	--	3.70054000e+00	1.09892000e-04
3.80490701e+02	2026-08-11T16:36:54.265175	0.00000000e+00	1	43	--	--	3.80060000e+00	1.09891000e-04
3.80534945e+02	2026-08-11T16:36:54.307385	0.00000000e+00	1	43	--	--	3.90068000e+00	1.09891000e-04
3.80587492e+02	2026-08-11T16:36:54.360946	0.00000000e+00	1	43	--	--	4.00054000e+00	1.09892000e-04
3.80644642e+02	2026-08-11T16:36:54.418901	0.00000000e+00	1	43	--	--	4.00054000e+00	1.09892000e-04
3.80697919e+02	2026-08-11T16:36:54.472133	0.00000000e+00	1	43	--	--	3.90073000e+00	1.09892000e-04
3.80761252e+02	2026-08-11T16:36:54.535816	0.00000000e+00	1	43	--	--	3.80060000e+00	1.09892000e-04
3.80826884e+02	2026-08-11T16:36:54.601793	0.00000000e+00	1	43	--	--	3.70049000e+00	1.09891000e-04
3.80873031e+02	2026-08-11T16:36:54.647276	0.00000000e+00	1	43	--	--	3.60063000e+00	1.09891000e-04
3.80921535e+02	2026-08-11T16:36:54.695508	0.00000000e+00	1	43	--	--	3.50049000e+00	1.09891000e-04
3.80980567e+02	2026-08-11T16:36:54.753358	0.00000000e+00	1	43	--	--	3.40063000e+00	1.09891000e-04
3.81039208e+02	2026-08-11T16:36:54.806688	0.00000000e+00	1	43	--	--	3.30045000e+00	1.09890000e-04
3.81093635e+02	2026-08-11T16:36:54.864829	0.00000000e+00	1	43	--	--	3.20064000e+00	1.09891000e-04
3.81152030e+02	2026-08-11T16:36:54.917417	0.00000000e+00	1	43	--	--	3.10054000e+00	1.09888000e-04
3.81211876e+02	2026-08-11T16:36:54.981432	0.00000000e+00	1	43	--	--	3.00035000e+00	1.09890000e-04
3.81269473e+02	2026-08-11T16:36:55.043539	0.00000000e+00	1	43	--	--	2.90054000e+00	1.09890000e-04
3.81324763e+02	2026-08-11T16:36:55.097781	0.00000000e+00	1	43	--	--	2.80039000e+00	1.09890000e-04
3.81381299e+02	2026-08-11T16:36:55.155089	0.00000000e+00	1	43	--	--	2.70050000e+00	1.09891000e-04
3.81427496e+02	2026-08-11T16:36:55.197482	0.00000000e+00	1	43	--	--	2.60035000e+00	1.09890000e-04
3.81481787e+02	2026-08-11T16:36:55.250333	0.00000000e+00	1	43	--	--	2.50055000e+00	1.09890000e-04
3.81540489e+02	2026-08-11T16:36:55.314470	0.00000000e+00	1	43	--	--	2.40044000e+00	1.09890000e-04
3.81605441e+02	2026-08-11T16:36:55.378235	0.00000000e+00	1	43	--	--	2.30025000e+00	1.09890000e-04
3.81668328e+02	2026-08-11T16:36:55.441663	0.00000000e+00	1	43	--	--	2.20050000e+00	1.09889000e-04
3.81712669e+02	2026-08-11T16:36:55.473762	0.00000000e+00	1	43	--	--	2.10031000e+00	1.09889000e-04
3.81761313e+02	2026-08-11T16:36:55.532061	0.00000000e+00	1	43	--	--	2.00002000e+00	1.09889000e-04
3.81817443e+02	2026-08-11T16:36:55.585631	0.00000000e+00	1	43	--	--	1.90003000e+00	1.09889000e-04
3.81872413e+02	2026-08-11T16:36:55.643331	0.00000000e+00	1	43	--	--	1.80003000e+00	1.09890000e-04
3.81928510e+02	2026-08-11T16:36:55.696803	0.00000000e+00	1	43	--	--	1.70004000e+00	1.09889000e-04
3.81985813e+02	2026-08-11T16:36:55.760035	0.00000000e+00	1	43	--	--	1.60005000e+00	1.09890000e-04
3.82049134e+02	2026-08-11T16:36:55.823182	0.00000000e+00	1	43	--	--	1.50005000e+00	1.09889000e-04
3.82117482e+02	2026-08-11T16:36:55.886286	0.00000000e+00	1	43	--	--	1.40006000e+00	1.09889000e-04
3.82166647e+02	2026-08-11T16:36:55.935882	0.00000000e+00	1	43	--	--	1.30006000e+00	1.09889000e-04
3.82222626e+02	2026-08-11T16:36:55.997685	0.00000000e+00	1	43	--	--	1.20007000e+00	1.09888000e-04
3.82270349e+02	2026-08-11T16:36:56.045028	0.00000000e+00	1	43	--	--	1.10006000e+00	1.09888000e-04
3.82324496e+02	2026-08-11T16:36:56.093126	0.00000000e+00	1	43	--	--	1.00007000e+00	1.09889000e-04
3.82388075e+02	2026-08-11T16:36:56.156636	0.00000000e+00	1	43	--	--	9.00061000e-01	1.09890000e-04
3.82445842e+02	2026-08-11T16:36:56.220385	0.00000000e+00	1	43	--	--	8.00059000e-01	1.09890000e-04
3.82510327e+02	2026-08-11T16:36:56.283722	0.00000000e+00	1	43	--	--	7.00050000e-01	1.09889000e-04
3.82564509e+02	2026-08-11T16:36:56.333369	0.00000000e+00	1	43	--	--	6.00038000e-01	1.09890000e-04
3.82620447e+02	2026-08-11T16:36:56.394596	0.00000000e+00	1	43	--	--	5.00032000e-01	1.09890000e-04
3.82684153e+02	2026-08-11T16:36:56.458336	0.00000000e+00	1	43	1.85468000e-01	-1.09916000e-04	4.00035000e-01	1.09889000e-04
3.82730969e+02	2026-08-11T16:36:56.505613	0.00000000e+00	1	43	8.53612000e-02	-1.09917000e-04	3.00023000e-01	1.09890000e-04
3.82778926e+02	2026-08-11T16:36:56.553485	0.00000000e+00	1	43	-4.10795000e-05	-1.00686000e-04	2.00057000e-01	1.00644000e-04
3.82826028e+02	2026-08-11T16:36:56.598634	0.00000000e+00	1	43	-3.03268000e-05	-4.51562000e-05	1.00062000e-01	4.51284000e-05
3.82911281e+02	2026-08-11T16:36:56.680735	0.00000000e+00	1	43	-1.65462000e-05	-5.21541000e-08	5.41449000e-05	5.03450000e-08
3.87115122e+02	2026-08-11T16:37:00.876886	0.00000000e+00	1	44	-2.19822000e-05	-1.58037000e-07	4.84467000e-05	1.53910000e-07
3.87163114e+02	2026-08-11T16:37:00.936420	0.00000000e+00	1	44	1.15947000e-02	-1.09917000e-04	1.00054000e-01	1.09890000e-04
3.87329520e+02	2026-08-11T16:37:01.102824	0.00000000e+00	1	44	1.11593000e-01	-1.09916000e-04	2.00051000e-01	1.09890000e-04
3.87387858e+02	2026-08-11T16:37:01.161941	0.00000000e+00	1	44	--	--	3.00021000e-01	1.09890000e-04
3.87434763e+02	2026-08-11T16:37:01.209441	0.00000000e+00	1	44	--	--	4.00033000e-01	1.09888000e-04
3.87485082e+02	2026-08-11T16:37:01.257017	0.00000000e+00	1	44	--	--	5.00030000e-01	1.09887000e-04
3.87530092e+02	2026-08-11T16:37:01.304545	0.00000000e+00	1	44	--	--	6.00035000e-01	1.09888000e-04
3.87594364e+02	2026-08-11T16:37:01.368500	0.00000000e+00	1	44	--	--	7.00049000e-01	1.09887000e-04
3.87658177e+02	2026-08-11T16:37:01.432004	0.00000000e+00	1	44	--	--	8.00057000e-01	1.09887000e-04
3.87721859e+02	2026-08-11T16:37:01.494752	0.00000000e+00	1	44	--	--	9.00062000e-01	1.09886000e-04
3.87791839e+02	2026-08-11T16:37:01.558813	0.00000000e+00	1	44	--	--	1.00007000e+00	1.09886000e-04
3.87853694e+02	2026-08-11T16:37:01.622270	0.00000000e+00	1	44	--	--	1.10006000e+00	1.09886000e-04
3.87911600e+02	2026-08-11T16:37:01.685989	0.00000000e+00	1	44	--	--	1.20007000e+00	1.09887000e-04
3.87956457e+02	2026-08-11T16:37:01.717916	0.00000000e+00	1	44	--	--	1.30007000e+00	1.09887000e-04
3.88013283e+02	2026-08-11T16:37:01.781867	0.00000000e+00	1	44	--	--	1.40006000e+00	1.09888000e-04
3.88071547e+02	2026-08-11T16:37:01.845674	0.00000000e+00	1	44	--	--	1.50005000e+00	1.09888000e-04
3.88143068e+02	2026-08-11T16:37:01.909431	0.00000000e+00	1	44	--	--	1.60005000e+00	1.09888000e-04
3.88199078e+02	2026-08-11T16:37:01.972801	0.00000000e+00	1	44	--	--	1.70004000e+00	1.09888000e-04
3.88243547e+02	2026-08-11T16:37:02.004560	0.00000000e+00	1	44	--	--	1.80003000e+00	1.09888000e-04
3.88295209e+02	2026-08-11T16:37:02.068133	0.00000000e+00	1	44	--	--	1.90003000e+00	1.09888000e-04
3.88358937e+02	2026-08-11T16:37:02.132625	0.00000000e+00	1	44	--	--	2.00002000e+00	1.09889000e-04
3.88404801e+02	2026-08-11T16:37:02.179236	0.00000000e+00	1	44	--	--	2.10033000e+00	1.09889000e-04
3.88454826e+02	2026-08-11T16:37:02.226805	0.00000000e+00	1	44	--	--	2.20052000e+00	1.09888000e-04
3.88499683e+02	2026-08-11T16:37:02.274452	0.00000000e+00	1	44	--	--	2.30028000e+00	1.09889000e-04
3.88552875e+02	2026-08-11T16:37:02.322192	0.00000000e+00	1	44	--	--	2.40047000e+00	1.09889000e-04
3.88611007e+02	2026-08-11T16:37:02.385081	0.00000000e+00	1	44	--	--	2.50057000e+00	1.09889000e-04
3.88658464e+02	2026-08-11T16:37:02.432728	0.00000000e+00	1	44	--	--	2.60037000e+00	1.09888000e-04
3.88710866e+02	2026-08-11T16:37:02.480315	0.00000000e+00	1	44	--	--	2.70054000e+00	1.09890000e-04
3.88764852e+02	2026-08-11T16:37:02.538306	0.00000000e+00	1	44	--	--	2.80036000e+00	1.09889000e-04
3.88817568e+02	2026-08-11T16:37:02.591728	0.00000000e+00	1	44	--	--	2.90056000e+00	1.09890000e-04
3.88880544e+02	2026-08-11T16:37:02.654575	0.00000000e+00	1	44	--	--	3.00039000e+00	1.09889000e-04
3.88931762e+02	2026-08-11T16:37:02.706181	0.00000000e+00	1	44	--	--	3.10059000e+00	1.09887000e-04
3.88999690e+02	2026-08-11T16:37:02.772354	0.00000000e+00	1	44	--	--	3.20066000e+00	1.09890000e-04
3.89056504e+02	2026-08-11T16:37:02.830518	0.00000000e+00	1	44	--	--	3.30047000e+00	1.09890000e-04
3.89103809e+02	2026-08-11T16:37:02.878133	0.00000000e+00	1	44	--	--	3.40063000e+00	1.09891000e-04
3.89158026e+02	2026-08-11T16:37:02.932437	0.00000000e+00	1	44	--	--	3.50048000e+00	1.09891000e-04
3.89214880e+02	2026-08-11T16:37:02.989434	0.00000000e+00	1	44	--	--	3.60060000e+00	1.09891000e-04
3.89279506e+02	2026-08-11T16:37:03.053270	0.00000000e+00	1	44	--	--	3.70049000e+00	1.09892000e-04
3.89343879e+02	2026-08-11T16:37:03.117315	0.00000000e+00	1	44	--	--	3.80057000e+00	1.09890000e-04
3.89390709e+02	2026-08-11T16:37:03.165591	0.00000000e+00	1	44	--	--	3.90067000e+00	1.09891000e-04
3.89438181e+02	2026-08-11T16:37:03.212769	0.00000000e+00	1	44	--	--	4.00052000e+00	1.09891000e-04
3.89481526e+02	2026-08-11T16:37:03.244599	0.00000000e+00	1	44	--	--	4.00052000e+00	1.09891000e-04
3.89550025e+02	2026-08-11T16:37:03.324032	0.00000000e+00	1	44	--	--	3.90066000e+00	1.09891000e-04
3.89603853e+02	2026-08-11T16:37:03.373590	0.00000000e+00	1	44	--	--	3.80058000e+00	1.09892000e-04
3.89669865e+02	2026-08-11T16:37:03.434566	0.00000000e+00	1	44	--	--	3.70052000e+00	1.09890000e-04
3.89724214e+02	2026-08-11T16:37:03.498278	0.00000000e+00	1	44	--	--	3.60058000e+00	1.09891000e-04
3.89790032e+02	2026-08-11T16:37:03.561694	0.00000000e+00	1	44	--	--	3.50047000e+00	1.09890000e-04
3.89852253e+02	2026-08-11T16:37:03.625696	0.00000000e+00	1	44	--	--	3.40063000e+00	1.09890000e-04
3.89897960e+02	2026-08-11T16:37:03.657679	0.00000000e+00	1	44	--	--	3.30048000e+00	1.09890000e-04
3.89951134e+02	2026-08-11T16:37:03.725049	0.00000000e+00	1	44	--	--	3.20070000e+00	1.09890000e-04
3.90013577e+02	2026-08-11T16:37:03.784378	0.00000000e+00	1	44	--	--	3.10058000e+00	1.09887000e-04
3.90080865e+02	2026-08-11T16:37:03.847916	0.00000000e+00	1	44	--	--	3.00039000e+00	1.09889000e-04
3.90137885e+02	2026-08-11T16:37:03.911921	0.00000000e+00	1	44	--	--	2.90058000e+00	1.09890000e-04
3.90201472e+02	2026-08-11T16:37:03.975721	0.00000000e+00	1	44	--	--	2.80044000e+00	1.09890000e-04
3.90246265e+02	2026-08-11T16:37:04.006624	0.00000000e+00	1	44	--	--	2.70056000e+00	1.09889000e-04
3.90298783e+02	2026-08-11T16:37:04.069686	0.00000000e+00	1	44	--	--	2.60039000e+00	1.09890000e-04
3.90355705e+02	2026-08-11T16:37:04.124922	0.00000000e+00	1	44	--	--	2.50062000e+00	1.09890000e-04
3.90400374e+02	2026-08-11T16:37:04.164956	0.00000000e+00	1	44	--	--	2.40048000e+00	1.09890000e-04
3.90454596e+02	2026-08-11T16:37:04.227846	0.00000000e+00	1	44	--	--	2.30028000e+00	1.09889000e-04
3.90498608e+02	2026-08-11T16:37:04.259615	0.00000000e+00	1	44	--	--	2.20049000e+00	1.09888000e-04
3.90551037e+02	2026-08-11T16:37:04.322500	0.00000000e+00	1	44	--	--	2.10031000e+00	1.09889000e-04
3.90605381e+02	2026-08-11T16:37:04.372556	0.00000000e+00	1	44	--	--	2.00002000e+00	1.09888000e-04
3.90665591e+02	2026-08-11T16:37:04.433766	0.00000000e+00	1	44	--	--	1.90003000e+00	1.09887000e-04
3.90722760e+02	2026-08-11T16:37:04.497000	0.00000000e+00	1	44	--	--	1.80003000e+00	1.09887000e-04
3.90786139e+02	2026-08-11T16:37:04.560712	0.00000000e+00	1	44	--	--	1.70004000e+00	1.09887000e-04
3.90831304e+02	2026-08-11T16:37:04.592296	0.00000000e+00	1	44	--	--	1.60005000e+00	1.09888000e-04
3.90890495e+02	2026-08-11T16:37:04.655355	0.00000000e+00	1	44	--	--	1.50005000e+00	1.09887000e-04
3.90935960e+02	2026-08-11T16:37:04.708705	0.00000000e+00	1	44	--	--	1.40006000e+00	1.09887000e-04
3.90992487e+02	2026-08-11T16:37:04.766841	0.00000000e+00	1	44	--	--	1.30006000e+00	1.09886000e-04
3.91048530e+02	2026-08-11T16:37:04.814222	0.00000000e+00	1	44	--	--	1.20007000e+00	1.09885000e-04
3.91110305e+02	2026-08-11T16:37:04.877716	0.00000000e+00	1	44	--	--	1.10006000e+00	1.09885000e-04
3.91166571e+02	2026-08-11T16:37:04.940685	0.00000000e+00	1	44	--	--	1.00007000e+00	1.09886000e-04
3.91232117e+02	2026-08-11T16:37:05.004104	0.00000000e+00	1	44	--	--	9.00065000e-01	1.09886000e-04
3.91294103e+02	2026-08-11T16:37:05.067117	0.00000000e+00	1	44	--	--	8.00061000e-01	1.09886000e-04
3.91339543e+02	2026-08-11T16:37:05.099202	0.00000000e+00	1	44	--	--	7.00049000e-01	1.09886000e-04
3.91392901e+02	2026-08-11T16:37:05.162429	0.00000000e+00	1	44	--	--	6.00036000e-01	1.09886000e-04
3.91451116e+02	2026-08-11T16:37:05.225663	0.00000000e+00	1	44	--	--	5.00031000e-01	1.09887000e-04
3.91514623e+02	2026-08-11T16:37:05.288391	0.00000000e+00	1	44	--	--	4.00031000e-01	1.09889000e-04
3.91577716e+02	2026-08-11T16:37:05.352030	0.00000000e+00	1	44	--	--	3.00024000e-01	1.09888000e-04
3.91623877e+02	2026-08-11T16:37:05.383935	0.00000000e+00	1	44	1.11596000e-01	-1.09915000e-04	2.00057000e-01	1.09888000e-04
3.91690341e+02	2026-08-11T16:37:05.464601	0.00000000e+00	1	44	1.16108000e-02	-1.09915000e-04	1.00058000e-01	1.09889000e-04
3.91738978e+02	2026-08-11T16:37:05.512520	0.00000000e+00	1	44	-1.67847000e-05	-1.53409000e-07	5.29051000e-05	1.49673000e-07
3.96388196e+02	2026-08-11T16:37:10.163062	0.00000000e+00	1	45	-2.64406000e-05	-1.82481000e-07	5.49078000e-05	1.78609000e-07
3.96439483e+02	2026-08-11T16:37:10.210393	0.00000000e+00	1	45	1.71560000e-02	-1.09917000e-04	1.00062000e-01	1.09891000e-04
3.96620394e+02	2026-08-11T16:37:10.384121	0.00000000e+00	1	45	1.17148000e-01	-1.09916000e-04	2.00059000e-01	1.09889000e-04
3.96665872e+02	2026-08-11T16:37:10.431920	0.00000000e+00	1	45	--	--	3.00025000e-01	1.09890000e-04
3.96721384e+02	2026-08-11T16:37:10.495193	0.00000000e+00	1	45	--	--	4.00037000e-01	1.09889000e-04
3.96767956e+02	2026-08-11T16:37:10.542646	0.00000000e+00	1	45	--	--	5.00037000e-01	1.09889000e-04
3.96819406e+02	2026-08-11T16:37:10.590344	0.00000000e+00	1	45	--	--	6.00042000e-01	1.09889000e-04
3.96880796e+02	2026-08-11T16:37:10.653580	0.00000000e+00	1	45	--	--	7.00055000e-01	1.09888000e-04
3.96926081e+02	2026-08-11T16:37:10.685514	0.00000000e+00	1	45	--	--	8.00065000e-01	1.09889000e-04
3.96981980e+02	2026-08-11T16:37:10.749367	0.00000000e+00	1	45	--	--	9.00065000e-01	1.09887000e-04
3.97031571e+02	2026-08-11T16:37:10.797739	0.00000000e+00	1	45	--	--	1.00007000e+00	1.09887000e-04
3.97075790e+02	2026-08-11T16:37:10.847336	0.00000000e+00	1	45	--	--	1.10007000e+00	1.09888000e-04
3.97143312e+02	2026-08-11T16:37:10.908197	0.00000000e+00	1	45	--	--	1.20007000e+00	1.09887000e-04
3.97195720e+02	2026-08-11T16:37:10.970306	0.00000000e+00	1	45	--	--	1.30007000e+00	1.09887000e-04
3.97240250e+02	2026-08-11T16:37:11.001464	0.00000000e+00	1	45	--	--	1.40006000e+00	1.09888000e-04
3.97293045e+02	2026-08-11T16:37:11.064596	0.00000000e+00	1	45	--	--	1.50005000e+00	1.09888000e-04
3.97337354e+02	2026-08-11T16:37:11.112133	0.00000000e+00	1	45	--	--	1.60005000e+00	1.09888000e-04
3.97416918e+02	2026-08-11T16:37:11.191411	0.00000000e+00	1	45	--	--	1.70004000e+00	1.09888000e-04
3.97479983e+02	2026-08-11T16:37:11.254324	0.00000000e+00	1	45	--	--	1.80003000e+00	1.09888000e-04
3.97546254e+02	2026-08-11T16:37:11.318120	0.00000000e+00	1	45	--	--	1.90003000e+00	1.09888000e-04
3.97622506e+02	2026-08-11T16:37:11.397047	0.00000000e+00	1	45	--	--	2.00002000e+00	1.09888000e-04
3.97670227e+02	2026-08-11T16:37:11.444668	0.00000000e+00	1	45	--	--	2.10034000e+00	1.09889000e-04
3.97734756e+02	2026-08-11T16:37:11.508091	0.00000000e+00	1	45	--	--	2.20053000e+00	1.09888000e-04
3.97779023e+02	2026-08-11T16:37:11.539443	0.00000000e+00	1	45	--	--	2.30029000e+00	1.09888000e-04
3.97831019e+02	2026-08-11T16:37:11.603037	0.00000000e+00	1	45	--	--	2.40050000e+00	1.09890000e-04
3.97892655e+02	2026-08-11T16:37:11.666325	0.00000000e+00	1	45	--	--	2.50059000e+00	1.09889000e-04
3.97938354e+02	2026-08-11T16:37:11.698268	0.00000000e+00	1	45	--	--	2.60041000e+00	1.09889000e-04
3.97989180e+02	2026-08-11T16:37:11.761633	0.00000000e+00	1	45	--	--	2.70055000e+00	1.09891000e-04
3.98033861e+02	2026-08-11T16:37:11.807364	0.00000000e+00	1	45	--	--	2.80040000e+00	1.09889000e-04
3.98093578e+02	2026-08-11T16:37:11.866589	0.00000000e+00	1	45	--	--	2.90058000e+00	1.09888000e-04
3.98150346e+02	2026-08-11T16:37:11.923935	0.00000000e+00	1	45	--	--	3.00038000e+00	1.09889000e-04
3.98208975e+02	2026-08-11T16:37:11.983247	0.00000000e+00	1	45	--	--	3.10058000e+00	1.09887000e-04
3.98256912e+02	2026-08-11T16:37:12.030411	0.00000000e+00	1	45	--	--	3.20068000e+00	1.09890000e-04
3.98320866e+02	2026-08-11T16:37:12.094303	0.00000000e+00	1	45	--	--	3.30047000e+00	1.09890000e-04
3.98365698e+02	2026-08-11T16:37:12.125810	0.00000000e+00	1	45	--	--	3.40065000e+00	1.09891000e-04
3.98415712e+02	2026-08-11T16:37:12.189362	0.00000000e+00	1	45	--	--	3.50051000e+00	1.09891000e-04
3.98464945e+02	2026-08-11T16:37:12.236841	0.00000000e+00	1	45	--	--	3.60060000e+00	1.09892000e-04
3.98525807e+02	2026-08-11T16:37:12.300556	0.00000000e+00	1	45	--	--	3.70054000e+00	1.09891000e-04
3.98592615e+02	2026-08-11T16:37:12.363968	0.00000000e+00	1	45	--	--	3.80061000e+00	1.09891000e-04
3.98653710e+02	2026-08-11T16:37:12.426976	0.00000000e+00	1	45	--	--	3.90073000e+00	1.09891000e-04
3.98698070e+02	2026-08-11T16:37:12.458511	0.00000000e+00	1	45	--	--	4.00053000e+00	1.09891000e-04
3.98755329e+02	2026-08-11T16:37:12.522487	0.00000000e+00	1	45	--	--	4.00054000e+00	1.09892000e-04
3.98826310e+02	2026-08-11T16:37:12.601115	0.00000000e+00	1	45	--	--	3.90074000e+00	1.09892000e-04
3.98872118e+02	2026-08-11T16:37:12.643110	0.00000000e+00	1	45	--	--	3.80059000e+00	1.09891000e-04
3.98922725e+02	2026-08-11T16:37:12.696853	0.00000000e+00	1	45	--	--	3.70046000e+00	1.09891000e-04
3.98966790e+02	2026-08-11T16:37:12.728305	0.00000000e+00	1	45	--	--	3.60060000e+00	1.09892000e-04
3.99027631e+02	2026-08-11T16:37:12.791614	0.00000000e+00	1	45	--	--	3.50051000e+00	1.09891000e-04
3.99081334e+02	2026-08-11T16:37:12.855683	0.00000000e+00	1	45	--	--	3.40063000e+00	1.09891000e-04
3.99125403e+02	2026-08-11T16:37:12.886516	0.00000000e+00	1	45	--	--	3.30051000e+00	1.09890000e-04
3.99178424e+02	2026-08-11T16:37:12.950204	0.00000000e+00	1	45	--	--	3.20072000e+00	1.09889000e-04
3.99247046e+02	2026-08-11T16:37:13.013328	0.00000000e+00	1	45	--	--	3.10061000e+00	1.09886000e-04
3.99294083e+02	2026-08-11T16:37:13.066690	0.00000000e+00	1	45	--	--	3.00042000e+00	1.09889000e-04
3.99350764e+02	2026-08-11T16:37:13.124904	0.00000000e+00	1	45	--	--	2.90058000e+00	1.09890000e-04
3.99398867e+02	2026-08-11T16:37:13.173066	0.00000000e+00	1	45	--	--	2.80044000e+00	1.09890000e-04
3.99461542e+02	2026-08-11T16:37:13.236335	0.00000000e+00	1	45	--	--	2.70059000e+00	1.09890000e-04
3.99508739e+02	2026-08-11T16:37:13.283319	0.00000000e+00	1	45	--	--	2.60041000e+00	1.09890000e-04
3.99565704e+02	2026-08-11T16:37:13.335707	0.00000000e+00	1	45	--	--	2.50062000e+00	1.09889000e-04
3.99622051e+02	2026-08-11T16:37:13.396008	0.00000000e+00	1	45	--	--	2.40050000e+00	1.09889000e-04
3.99666902e+02	2026-08-11T16:37:13.427177	0.00000000e+00	1	45	--	--	2.30033000e+00	1.09889000e-04
3.99740527e+02	2026-08-11T16:37:13.506019	0.00000000e+00	1	45	--	--	2.20055000e+00	1.09889000e-04
3.99796081e+02	2026-08-11T16:37:13.569830	0.00000000e+00	1	45	--	--	2.10037000e+00	1.09889000e-04
3.99840954e+02	2026-08-11T16:37:13.601764	0.00000000e+00	1	45	--	--	2.00003000e+00	1.09889000e-04
3.99896775e+02	2026-08-11T16:37:13.666341	0.00000000e+00	1	45	--	--	1.90004000e+00	1.09889000e-04
3.99955665e+02	2026-08-11T16:37:13.729038	0.00000000e+00	1	45	--	--	1.80004000e+00	1.09889000e-04
4.00001471e+02	2026-08-11T16:37:13.761158	0.00000000e+00	1	45	--	--	1.70005000e+00	1.09889000e-04
4.00066102e+02	2026-08-11T16:37:13.840356	0.00000000e+00	1	45	--	--	1.60006000e+00	1.09889000e-04
4.00125098e+02	2026-08-11T16:37:13.887999	0.00000000e+00	1	45	--	--	1.50006000e+00	1.09889000e-04
4.00177485e+02	2026-08-11T16:37:13.951605	0.00000000e+00	1	45	--	--	1.40007000e+00	1.09889000e-04
4.00243685e+02	2026-08-11T16:37:14.017547	0.00000000e+00	1	45	--	--	1.30007000e+00	1.09888000e-04
4.00309490e+02	2026-08-11T16:37:14.078782	0.00000000e+00	1	45	--	--	1.20007000e+00	1.09888000e-04
4.00367813e+02	2026-08-11T16:37:14.142278	0.00000000e+00	1	45	--	--	1.10007000e+00	1.09888000e-04
4.00431664e+02	2026-08-11T16:37:14.206246	0.00000000e+00	1	45	--	--	1.00007000e+00	1.09887000e-04
4.00496825e+02	2026-08-11T16:37:14.270926	0.00000000e+00	1	45	--	--	9.00068000e-01	1.09887000e-04
4.00542630e+02	2026-08-11T16:37:14.317349	0.00000000e+00	1	45	--	--	8.00064000e-01	1.09888000e-04
4.00597704e+02	2026-08-11T16:37:14.364723	0.00000000e+00	1	45	--	--	7.00056000e-01	1.09888000e-04
4.00654455e+02	2026-08-11T16:37:14.429150	0.00000000e+00	1	45	--	--	6.00047000e-01	1.09888000e-04
4.00699958e+02	2026-08-11T16:37:14.460179	0.00000000e+00	1	45	--	--	5.00042000e-01	1.09887000e-04
4.00765366e+02	2026-08-11T16:37:14.539893	0.00000000e+00	1	45	--	--	4.00038000e-01	1.09889000e-04
4.00830778e+02	2026-08-11T16:37:14.603492	0.00000000e+00	1	45	--	--	3.00028000e-01	1.09889000e-04
4.00876608e+02	2026-08-11T16:37:14.651330	0.00000000e+00	1	45	1.17149000e-01	-1.09915000e-04	2.00062000e-01	1.09889000e-04
4.00926602e+02	2026-08-11T16:37:14.699536	0.00000000e+00	1	45	1.71625000e-02	-1.09917000e-04	1.00064000e-01	1.09890000e-04
4.00989693e+02	2026-08-11T16:37:14.762812	0.00000000e+00	1	45	-2.23875000e-05	-1.74111000e-07	5.72443000e-05	1.70178000e-07
4.06075717e+02	2026-08-11T16:37:19.849337	0.00000000e+00	1	46	-2.17676000e-05	-1.77764000e-07	5.96523000e-05	1.79138000e-07
4.06138684e+02	2026-08-11T16:37:19.902032	0.00000000e+00	1	46	1.80578000e-02	-1.09917000e-04	1.00063000e-01	1.09891000e-04
4.06317668e+02	2026-08-11T16:37:20.091881	0.00000000e+00	1	46	1.18052000e-01	-1.09916000e-04	2.00061000e-01	1.09890000e-04
4.06382982e+02	2026-08-11T16:37:20.155711	0.00000000e+00	1	46	--	--	3.00029000e-01	1.09889000e-04
4.06428743e+02	2026-08-11T16:37:20.203191	0.00000000e+00	1	46	--	--	4.00038000e-01	1.09889000e-04
4.06476623e+02	2026-08-11T16:37:20.250776	0.00000000e+00	1	46	--	--	5.00041000e-01	1.09888000e-04
4.06610860e+02	2026-08-11T16:37:20.377811	0.00000000e+00	1	46	--	--	6.00046000e-01	1.09888000e-04
4.06678756e+02	2026-08-11T16:37:20.441907	0.00000000e+00	1	46	--	--	7.00055000e-01	1.09888000e-04
4.06731589e+02	2026-08-11T16:37:20.504803	0.00000000e+00	1	46	--	--	8.00066000e-01	1.09888000e-04
4.06805200e+02	2026-08-11T16:37:20.568313	0.00000000e+00	1	46	--	--	9.00069000e-01	1.09888000e-04
4.06871419e+02	2026-08-11T16:37:20.644416	0.00000000e+00	1	46	--	--	1.00007000e+00	1.09889000e-04
4.06921757e+02	2026-08-11T16:37:20.695856	0.00000000e+00	1	46	--	--	1.10007000e+00	1.09888000e-04
4.06988102e+02	2026-08-11T16:37:20.759246	0.00000000e+00	1	46	--	--	1.20007000e+00	1.09888000e-04
4.07055594e+02	2026-08-11T16:37:20.822708	0.00000000e+00	1	46	--	--	1.30007000e+00	1.09887000e-04
4.07111935e+02	2026-08-11T16:37:20.886499	0.00000000e+00	1	46	--	--	1.40007000e+00	1.09887000e-04
4.07157708e+02	2026-08-11T16:37:20.918210	0.00000000e+00	1	46	--	--	1.50006000e+00	1.09888000e-04
4.07208622e+02	2026-08-11T16:37:20.982234	0.00000000e+00	1	46	--	--	1.60006000e+00	1.09888000e-04
4.07254109e+02	2026-08-11T16:37:21.014183	0.00000000e+00	1	46	--	--	1.70005000e+00	1.09888000e-04
4.07302866e+02	2026-08-11T16:37:21.077546	0.00000000e+00	1	46	--	--	1.80004000e+00	1.09889000e-04
4.07350159e+02	2026-08-11T16:37:21.124696	0.00000000e+00	1	46	--	--	1.90004000e+00	1.09889000e-04
4.07397923e+02	2026-08-11T16:37:21.172451	0.00000000e+00	1	46	--	--	2.00003000e+00	1.09889000e-04
4.07446288e+02	2026-08-11T16:37:21.220458	0.00000000e+00	1	46	--	--	2.10035000e+00	1.09888000e-04
4.07493579e+02	2026-08-11T16:37:21.268628	0.00000000e+00	1	46	--	--	2.20057000e+00	1.09888000e-04
4.07540916e+02	2026-08-11T16:37:21.315463	0.00000000e+00	1	46	--	--	2.30036000e+00	1.09888000e-04
4.07606686e+02	2026-08-11T16:37:21.379382	0.00000000e+00	1	46	--	--	2.40054000e+00	1.09889000e-04
4.07680086e+02	2026-08-11T16:37:21.443137	0.00000000e+00	1	46	--	--	2.50066000e+00	1.09889000e-04
4.07744817e+02	2026-08-11T16:37:21.517277	0.00000000e+00	1	46	--	--	2.60045000e+00	1.09889000e-04
4.07796177e+02	2026-08-11T16:37:21.570619	0.00000000e+00	1	46	--	--	2.70061000e+00	1.09889000e-04
4.07867312e+02	2026-08-11T16:37:21.633935	0.00000000e+00	1	46	--	--	2.80046000e+00	1.09890000e-04
4.07933204e+02	2026-08-11T16:37:21.697411	0.00000000e+00	1	46	--	--	2.90064000e+00	1.09889000e-04
4.07986277e+02	2026-08-11T16:37:21.760435	0.00000000e+00	1	46	--	--	3.00044000e+00	1.09888000e-04
4.08053135e+02	2026-08-11T16:37:21.824552	0.00000000e+00	1	46	--	--	3.10063000e+00	1.09887000e-04
4.08117848e+02	2026-08-11T16:37:21.888507	0.00000000e+00	1	46	--	--	3.20076000e+00	1.09890000e-04
4.08177205e+02	2026-08-11T16:37:21.951132	0.00000000e+00	1	46	--	--	3.30053000e+00	1.09890000e-04
4.08224377e+02	2026-08-11T16:37:21.999081	0.00000000e+00	1	46	--	--	3.40065000e+00	1.09890000e-04
4.08276677e+02	2026-08-11T16:37:22.046336	0.00000000e+00	1	46	--	--	3.50050000e+00	1.09891000e-04
4.08335962e+02	2026-08-11T16:37:22.110433	0.00000000e+00	1	46	--	--	3.60063000e+00	1.09890000e-04
4.08399606e+02	2026-08-11T16:37:22.174097	0.00000000e+00	1	46	--	--	3.70053000e+00	1.09890000e-04
4.08444947e+02	2026-08-11T16:37:22.205805	0.00000000e+00	1	46	--	--	3.80059000e+00	1.09891000e-04
4.08495933e+02	2026-08-11T16:37:22.269292	0.00000000e+00	1	46	--	--	3.90068000e+00	1.09891000e-04
4.08539909e+02	2026-08-11T16:37:22.301438	0.00000000e+00	1	46	--	--	4.00054000e+00	1.09891000e-04
4.08585262e+02	2026-08-11T16:37:22.348128	0.00000000e+00	1	46	--	--	4.00059000e+00	1.09891000e-04
4.08654895e+02	2026-08-11T16:37:22.429524	0.00000000e+00	1	46	--	--	3.90072000e+00	1.09892000e-04
4.08717283e+02	2026-08-11T16:37:22.491309	0.00000000e+00	1	46	--	--	3.80058000e+00	1.09890000e-04
4.08781184e+02	2026-08-11T16:37:22.554953	0.00000000e+00	1	46	--	--	3.70046000e+00	1.09891000e-04
4.08855656e+02	2026-08-11T16:37:22.629673	0.00000000e+00	1	46	--	--	3.60062000e+00	1.09891000e-04
4.08913505e+02	2026-08-11T16:37:22.682707	0.00000000e+00	1	46	--	--	3.50051000e+00	1.09890000e-04
4.08971681e+02	2026-08-11T16:37:22.746020	0.00000000e+00	1	46	--	--	3.40065000e+00	1.09890000e-04
4.09032262e+02	2026-08-11T16:37:22.807149	0.00000000e+00	1	46	--	--	3.30047000e+00	1.09889000e-04
4.09090777e+02	2026-08-11T16:37:22.857594	0.00000000e+00	1	46	--	--	3.20069000e+00	1.09890000e-04
4.09154316e+02	2026-08-11T16:37:22.921655	0.00000000e+00	1	46	--	--	3.10057000e+00	1.09887000e-04
4.09199411e+02	2026-08-11T16:37:22.972590	0.00000000e+00	1	46	--	--	3.00039000e+00	1.09889000e-04
4.09258181e+02	2026-08-11T16:37:23.032090	0.00000000e+00	1	46	--	--	2.90058000e+00	1.09890000e-04
4.09329497e+02	2026-08-11T16:37:23.095682	0.00000000e+00	1	46	--	--	2.80041000e+00	1.09889000e-04
4.09386263e+02	2026-08-11T16:37:23.159724	0.00000000e+00	1	46	--	--	2.70053000e+00	1.09889000e-04
4.09456169e+02	2026-08-11T16:37:23.223419	0.00000000e+00	1	46	--	--	2.60037000e+00	1.09889000e-04
4.09504591e+02	2026-08-11T16:37:23.274168	0.00000000e+00	1	46	--	--	2.50058000e+00	1.09888000e-04
4.09582525e+02	2026-08-11T16:37:23.349915	0.00000000e+00	1	46	--	--	2.40046000e+00	1.09889000e-04
4.09637901e+02	2026-08-11T16:37:23.407736	0.00000000e+00	1	46	--	--	2.30029000e+00	1.09890000e-04
4.09693873e+02	2026-08-11T16:37:23.460787	0.00000000e+00	1	46	--	--	2.20051000e+00	1.09889000e-04
4.09752249e+02	2026-08-11T16:37:23.525263	0.00000000e+00	1	46	--	--	2.10033000e+00	1.09889000e-04
4.09823013e+02	2026-08-11T16:37:23.588646	0.00000000e+00	1	46	--	--	2.00002000e+00	1.09889000e-04
4.09885464e+02	2026-08-11T16:37:23.654026	0.00000000e+00	1	46	--	--	1.90004000e+00	1.09889000e-04
4.09961671e+02	2026-08-11T16:37:23.732694	0.00000000e+00	1	46	--	--	1.80004000e+00	1.09887000e-04
4.10009844e+02	2026-08-11T16:37:23.782833	0.00000000e+00	1	46	--	--	1.70004000e+00	1.09889000e-04
4.10079675e+02	2026-08-11T16:37:23.853428	0.00000000e+00	1	46	--	--	1.60005000e+00	1.09888000e-04
4.10142589e+02	2026-08-11T16:37:23.912323	0.00000000e+00	1	46	--	--	1.50006000e+00	1.09887000e-04
4.10218092e+02	2026-08-11T16:37:23.990973	0.00000000e+00	1	46	--	--	1.40007000e+00	1.09888000e-04
4.10278415e+02	2026-08-11T16:37:24.052335	0.00000000e+00	1	46	--	--	1.30007000e+00	1.09888000e-04
4.10344150e+02	2026-08-11T16:37:24.115430	0.00000000e+00	1	46	--	--	1.20007000e+00	1.09888000e-04
4.10405469e+02	2026-08-11T16:37:24.178672	0.00000000e+00	1	46	--	--	1.10007000e+00	1.09888000e-04
4.10450384e+02	2026-08-11T16:37:24.210883	0.00000000e+00	1	46	--	--	1.00007000e+00	1.09887000e-04
4.10509154e+02	2026-08-11T16:37:24.274240	0.00000000e+00	1	46	--	--	9.00069000e-01	1.09888000e-04
4.10563329e+02	2026-08-11T16:37:24.337973	0.00000000e+00	1	46	--	--	8.00067000e-01	1.09889000e-04
4.10618890e+02	2026-08-11T16:37:24.385839	0.00000000e+00	1	46	--	--	7.00056000e-01	1.09889000e-04
4.10675692e+02	2026-08-11T16:37:24.449191	0.00000000e+00	1	46	--	--	6.00045000e-01	1.09889000e-04
4.10722590e+02	2026-08-11T16:37:24.496763	0.00000000e+00	1	46	--	--	5.00042000e-01	1.09889000e-04
4.10793278e+02	2026-08-11T16:37:24.566755	0.00000000e+00	1	46	--	--	4.00042000e-01	1.09890000e-04
4.10849489e+02	2026-08-11T16:37:24.620157	0.00000000e+00	1	46	--	--	3.00031000e-01	1.09890000e-04
4.10911439e+02	2026-08-11T16:37:24.672860	0.00000000e+00	1	46	1.18053000e-01	-1.09917000e-04	2.00066000e-01	1.09891000e-04
4.10962541e+02	2026-08-11T16:37:24.735807	0.00000000e+00	1	46	1.80704000e-02	-1.09917000e-04	1.00070000e-01	1.09890000e-04
4.11007853e+02	2026-08-11T16:37:24.767754	0.00000000e+00	1	46	-2.31981000e-05	-1.87979000e-07	6.39677000e-05	1.81764000e-07