Time elapsed	Time stamp	Sweep_WaitingTimes Value	Sweep_WaitingTimes Index	Loop2 Index	SMU_BE_reset Voltage	SMU_BE_reset Current	SMU_TE_reset Voltage	SMU_TE_reset Current
s					V	A	V	A

1.08053020e+01	2026-08-11T16:30:44.578902	0.00000000e+00	1	1	-1.06096000e-05	-1.16346000e-07	5.87225000e-05	1.26923000e-07
1.09582633e+01	2026-08-11T16:30:44.733232	0.00000000e+00	1	1	-1.24931000e-05	1.01685000e-04	-9.98809000e-02	-1.01712000e-04
1.11293522e+01	2026-08-11T16:30:44.903689	0.00000000e+00	1	1	-1.42813000e-05	2.06162000e-04	-1.99884000e-01	-2.06144000e-04
1.11802626e+01	2026-08-11T16:30:44.951270	0.00000000e+00	1	1	-1.38760000e-05	3.14494000e-04	-2.99891000e-01	-3.14551000e-04
1.12419574e+01	2026-08-11T16:30:45.014982	0.00000000e+00	1	1	-1.69992000e-05	4.27201000e-04	-3.99904000e-01	-4.27190000e-04
1.12875414e+01	2026-08-11T16:30:45.062366	0.00000000e+00	1	1	-1.81675000e-05	5.43561000e-04	-4.99904000e-01	-5.43567000e-04
1.13469872e+01	2026-08-11T16:30:45.110237	0.00000000e+00	1	1	-1.92165000e-05	6.63029000e-04	-5.99905000e-01	-6.63026000e-04
1.13956784e+01	2026-08-11T16:30:45.168747	0.00000000e+00	1	1	-2.00272000e-05	7.84936000e-04	-6.99917000e-01	-7.84997000e-04
1.14476871e+01	2026-08-11T16:30:45.221759	0.00000000e+00	1	1	-2.06470000e-05	9.08535000e-04	-7.99924000e-01	-9.08525000e-04
1.14951699e+01	2026-08-11T16:30:45.269406	0.00000000e+00	1	1	-1.53065000e-05	1.03230000e-03	-8.99919000e-01	-1.03353000e-03
1.15831647e+01	2026-08-11T16:30:45.349462	0.00000000e+00	1	1	-1.37091000e-05	1.15806000e-03	-9.99929000e-01	-1.15916000e-03
1.16328789e+01	2026-08-11T16:30:45.402064	0.00000000e+00	1	1	-1.21117000e-05	1.28434000e-03	-1.09993000e+00	-1.28550000e-03
1.16866866e+01	2026-08-11T16:30:45.460744	0.00000000e+00	1	1	-1.42336000e-05	1.41085000e-03	-1.19992000e+00	-1.41195000e-03
1.17321790e+01	2026-08-11T16:30:45.502636	0.00000000e+00	1	1	-1.40429000e-05	1.53760000e-03	-1.29993000e+00	-1.53878000e-03
1.17870688e+01	2026-08-11T16:30:45.560092	0.00000000e+00	1	1	-1.30415000e-05	1.66414000e-03	-1.39991000e+00	-1.66514000e-03
1.18450794e+01	2026-08-11T16:30:45.619467	0.00000000e+00	1	1	-1.28508000e-05	1.79009000e-03	-1.49991000e+00	-1.79099000e-03
1.18935699e+01	2026-08-11T16:30:45.667800	0.00000000e+00	1	1	-1.21117000e-05	1.91575000e-03	-1.59990000e+00	-1.91638000e-03
1.19576966e+01	2026-08-11T16:30:45.731575	0.00000000e+00	1	1	-1.20878000e-05	2.04026000e-03	-1.69990000e+00	-2.04091000e-03
1.20254082e+01	2026-08-11T16:30:45.795279	0.00000000e+00	1	1	-1.18017000e-05	2.16372000e-03	-1.79988000e+00	-2.16449000e-03
1.20854017e+01	2026-08-11T16:30:45.859438	0.00000000e+00	1	1	-1.23024000e-05	2.28685000e-03	-1.89988000e+00	-2.28717000e-03
1.21298802e+01	2026-08-11T16:30:45.892416	0.00000000e+00	1	1	-1.23978000e-05	2.40855000e-03	-1.99987000e+00	-2.40764000e-03
1.21781253e+01	2026-08-11T16:30:45.950063	0.00000000e+00	1	1	-1.44005000e-05	2.52591000e-03	-2.09867000e+00	-2.52378000e-03
1.22330497e+01	2026-08-11T16:30:46.007027	0.00000000e+00	1	1	-1.49727000e-05	2.63608000e-03	-2.19883000e+00	-2.62935000e-03
1.23011278e+01	2026-08-11T16:30:46.066967	0.00000000e+00	1	1	-9.96590000e-06	2.10224000e-03	-2.29872000e+00	-3.03670000e-05
1.23675205e+01	2026-08-11T16:30:46.141553	0.00000000e+00	1	1	-1.52826000e-05	3.79693000e-05	-2.39888000e+00	-3.85449000e-05
1.24328642e+01	2026-08-11T16:30:46.194778	0.00000000e+00	1	1	-1.74046000e-05	4.36428000e-05	-2.49902000e+00	-4.14124000e-05
1.24830845e+01	2026-08-11T16:30:46.253822	0.00000000e+00	1	1	-1.80960000e-05	4.77351000e-05	-2.59887000e+00	-4.82769000e-05
1.25364512e+01	2026-08-11T16:30:46.307058	0.00000000e+00	1	1	-1.95026000e-05	5.15078000e-05	-2.69897000e+00	-4.99863000e-05
1.26083923e+01	2026-08-11T16:30:46.383049	0.00000000e+00	1	1	-2.06232000e-05	5.63681000e-05	-2.79881000e+00	-5.70148000e-05
1.26659033e+01	2026-08-11T16:30:46.435660	0.00000000e+00	1	1	-2.06232000e-05	6.14751000e-05	-2.89901000e+00	-6.23696000e-05
1.27324050e+01	2026-08-11T16:30:46.498685	0.00000000e+00	1	1	-2.04325000e-05	6.49156000e-05	-2.99882000e+00	-6.38210000e-05
1.27757124e+01	2026-08-11T16:30:46.546291	0.00000000e+00	1	1	-1.86205000e-05	6.32479000e-05	-2.99881000e+00	-6.15396000e-05
1.28301164e+01	2026-08-11T16:30:46.593942	0.00000000e+00	1	1	-1.78814000e-05	5.62497000e-05	-2.89900000e+00	-5.50283000e-05
1.28767865e+01	2026-08-11T16:30:46.648137	0.00000000e+00	1	1	-1.98841000e-05	5.09941000e-05	-2.79883000e+00	-5.11042000e-05
1.29238777e+01	2026-08-11T16:30:46.696863	0.00000000e+00	1	1	-1.98603000e-05	4.70452000e-05	-2.69898000e+00	-4.70450000e-05
1.29785885e+01	2026-08-11T16:30:46.753147	0.00000000e+00	1	1	-2.00510000e-05	4.39261000e-05	-2.59889000e+00	-4.34175000e-05
1.30249124e+01	2026-08-11T16:30:46.785101	0.00000000e+00	1	1	-1.97887000e-05	3.91941000e-05	-2.49902000e+00	-3.88472000e-05
1.30722931e+01	2026-08-11T16:30:46.842523	0.00000000e+00	1	1	-1.90496000e-05	3.61610000e-05	-2.39892000e+00	-3.54508000e-05
1.31251464e+01	2026-08-11T16:30:46.898408	0.00000000e+00	1	1	-1.97411000e-05	3.26376000e-05	-2.29880000e+00	-3.24112000e-05
1.31859664e+01	2026-08-11T16:30:46.959537	0.00000000e+00	1	1	-1.97411000e-05	2.95176000e-05	-2.19896000e+00	-2.94536000e-05
1.32315421e+01	2026-08-11T16:30:46.991537	0.00000000e+00	1	1	-1.92165000e-05	2.70356000e-05	-2.09883000e+00	-2.69946000e-05
1.32812373e+01	2026-08-11T16:30:47.056150	0.00000000e+00	1	1	-2.11239000e-05	2.40780000e-05	-1.99989000e+00	-2.39553000e-05
1.33281354e+01	2026-08-11T16:30:47.087536	0.00000000e+00	1	1	-1.88828000e-05	2.13256000e-05	-1.89990000e+00	-2.12047000e-05
1.33757157e+01	2026-08-11T16:30:47.145777	0.00000000e+00	1	1	-1.78099000e-05	1.89856000e-05	-1.79990000e+00	-1.87616000e-05
1.34255275e+01	2026-08-11T16:30:47.199623	0.00000000e+00	1	1	-1.92881000e-05	1.65361000e-05	-1.69991000e+00	-1.66025000e-05
1.34704755e+01	2026-08-11T16:30:47.231715	0.00000000e+00	1	1	-1.87159000e-05	1.43421000e-05	-1.59992000e+00	-1.43851000e-05
1.35167756e+01	2026-08-11T16:30:47.289544	0.00000000e+00	1	1	-1.71661000e-05	1.25983000e-05	-1.49992000e+00	-1.23346000e-05
1.35688948e+01	2026-08-11T16:30:47.342953	0.00000000e+00	1	1	-1.83344000e-05	1.05600000e-05	-1.39993000e+00	-1.06917000e-05
1.36143019e+01	2026-08-11T16:30:47.374873	0.00000000e+00	1	1	-2.68698000e-05	9.26690000e-06	-1.29994000e+00	-8.96242000e-06
1.37033198e+01	2026-08-11T16:30:47.476361	0.00000000e+00	1	1	-2.27213000e-05	7.41566000e-06	-1.19994000e+00	-7.46520000e-06
1.37678377e+01	2026-08-11T16:30:47.534175	0.00000000e+00	1	1	-2.33412000e-05	6.10902000e-06	-1.09995000e+00	-6.03139000e-06
1.38241883e+01	2026-08-11T16:30:47.598031	0.00000000e+00	1	1	-2.18391000e-05	4.91978000e-06	-9.99939000e-01	-4.85627000e-06
1.38688375e+01	2026-08-11T16:30:47.629574	0.00000000e+00	1	1	-2.15054000e-05	3.69070000e-06	-8.99938000e-01	-3.70566000e-06
1.39190493e+01	2026-08-11T16:30:47.693218	0.00000000e+00	1	1	-2.07901000e-05	2.76035000e-06	-7.99936000e-01	-2.78659000e-06
1.39649242e+01	2026-08-11T16:30:47.735616	0.00000000e+00	1	1	-1.95265000e-05	2.00802000e-06	-6.99928000e-01	-1.98281000e-06
1.40109796e+01	2026-08-11T16:30:47.772872	0.00000000e+00	1	1	-1.96457000e-05	1.30999000e-06	-5.99917000e-01	-1.31046000e-06
1.40616285e+01	2026-08-11T16:30:47.836189	0.00000000e+00	1	1	-1.83344000e-05	7.88183000e-07	-4.99909000e-01	-7.87825000e-07
1.41630908e+01	2026-08-11T16:30:47.932039	0.00000000e+00	1	1	-2.05994000e-05	3.95048000e-07	-3.99910000e-01	-3.90309000e-07
1.42221432e+01	2026-08-11T16:30:47.995972	0.00000000e+00	1	1	-1.79529000e-05	1.56421000e-07	-2.99897000e-01	-1.54660000e-07
1.42686383e+01	2026-08-11T16:30:48.043760	0.00000000e+00	1	1	-2.20060000e-05	4.33970000e-08	-1.99893000e-01	-3.97234000e-08
1.44463919e+01	2026-08-11T16:30:48.220290	0.00000000e+00	1	1	-1.53303000e-05	1.31178000e-08	-9.98896000e-02	-6.74038000e-09
1.45099690e+01	2026-08-11T16:30:48.283027	0.00000000e+00	1	1	-1.95026000e-05	2.44331000e-10	5.21660000e-05	-1.76334000e-10
1.92636712e+01	2026-08-11T16:30:53.032654	0.00000000e+00	1	2	-1.49727000e-05	-5.74366000e-09	5.25236000e-05	5.96466000e-09
1.93190930e+01	2026-08-11T16:30:53.091575	0.00000000e+00	1	2	-2.05278000e-05	5.59758000e-06	-9.98897000e-02	-5.67537000e-06
1.94468998e+01	2026-08-11T16:30:53.208803	0.00000000e+00	1	2	-1.78576000e-05	1.44298000e-05	-1.99891000e-01	-1.45325000e-05
1.95334768e+01	2026-08-11T16:30:53.304399	0.00000000e+00	1	2	-1.52826000e-05	3.03944000e-05	-2.99902000e-01	-3.00736000e-05
1.95936767e+01	2026-08-11T16:30:53.368323	0.00000000e+00	1	2	-1.72853000e-05	5.41392000e-05	-3.99910000e-01	-5.40277000e-05
1.96394792e+01	2026-08-11T16:30:53.400319	0.00000000e+00	1	2	-1.76907000e-05	8.70567000e-05	-4.99906000e-01	-8.40912000e-05
1.96894024e+01	2026-08-11T16:30:53.463972	0.00000000e+00	1	2	-1.61171000e-05	1.13266000e-04	-5.99913000e-01	-1.07232000e-04
1.97869773e+01	2026-08-11T16:30:53.560767	0.00000000e+00	1	2	-1.28984000e-05	1.00733000e-04	-6.99919000e-01	-8.78210000e-05
1.98525646e+01	2026-08-11T16:30:53.624950	0.00000000e+00	1	2	-1.72138000e-05	7.43811000e-05	-7.99928000e-01	-6.95355000e-05
1.99172825e+01	2026-08-11T16:30:53.689809	0.00000000e+00	1	2	-1.53065000e-05	7.08010000e-05	-8.99927000e-01	-6.23746000e-05
1.99877555e+01	2026-08-11T16:30:53.762080	0.00000000e+00	1	2	-1.67847000e-05	5.58503000e-05	-9.99935000e-01	-5.65732000e-05
2.00430780e+01	2026-08-11T16:30:53.817136	0.00000000e+00	1	2	-1.85728000e-05	4.68304000e-05	-1.09994000e+00	-4.30433000e-05
2.00880139e+01	2026-08-11T16:30:53.849137	0.00000000e+00	1	2	-2.03848000e-05	4.76553000e-05	-1.19993000e+00	-4.21576000e-05
2.01381447e+01	2026-08-11T16:30:53.912767	0.00000000e+00	1	2	-2.02179000e-05	4.49041000e-05	-1.29993000e+00	-3.90104000e-05
2.01824829e+01	2026-08-11T16:30:53.953929	0.00000000e+00	1	2	-1.98364000e-05	3.89231000e-05	-1.39992000e+00	-3.29821000e-05
2.02358780e+01	2026-08-11T16:30:54.007285	0.00000000e+00	1	2	-2.10524000e-05	3.77672000e-05	-1.49992000e+00	-3.52342000e-05
2.02980127e+01	2026-08-11T16:30:54.071135	0.00000000e+00	1	2	-1.86443000e-05	3.84765000e-05	-1.59991000e+00	-3.46625000e-05
2.03444005e+01	2026-08-11T16:30:54.118644	0.00000000e+00	1	2	-1.75953000e-05	3.39391000e-05	-1.69991000e+00	-4.18085000e-05
2.03938230e+01	2026-08-11T16:30:54.166430	0.00000000e+00	1	2	-1.88828000e-05	4.36177000e-05	-1.79990000e+00	-4.16112000e-05
2.04397067e+01	2026-08-11T16:30:54.214624	0.00000000e+00	1	2	-1.95742000e-05	4.72733000e-05	-1.89989000e+00	-4.42698000e-05
2.04898694e+01	2026-08-11T16:30:54.261983	0.00000000e+00	1	2	-1.81913000e-05	3.83914000e-05	-1.99988000e+00	-2.86621000e-05
2.05515360e+01	2026-08-11T16:30:54.325591	0.00000000e+00	1	2	-1.85251000e-05	2.58536000e-05	-2.09879000e+00	-2.58291000e-05
2.05976942e+01	2026-08-11T16:30:54.359391	0.00000000e+00	1	2	-1.70231000e-05	2.94018000e-05	-2.19890000e+00	-2.96987000e-05
2.06467221e+01	2026-08-11T16:30:54.420846	0.00000000e+00	1	2	-1.99080000e-05	3.27635000e-05	-2.29875000e+00	-3.26303000e-05
2.06927316e+01	2026-08-11T16:30:54.452711	0.00000000e+00	1	2	-2.10762000e-05	3.36574000e-05	-2.39888000e+00	-3.32891000e-05
2.07419686e+01	2026-08-11T16:30:54.516795	0.00000000e+00	1	2	-2.15769000e-05	3.68616000e-05	-2.49901000e+00	-3.80390000e-05
2.07949381e+01	2026-08-11T16:30:54.569880	0.00000000e+00	1	2	-2.21252000e-05	4.08079000e-05	-2.59886000e+00	-4.13258000e-05
2.08544172e+01	2026-08-11T16:30:54.629200	0.00000000e+00	1	2	-2.15530000e-05	4.68793000e-05	-2.69895000e+00	-4.94811000e-05
2.08987095e+01	2026-08-11T16:30:54.659556	0.00000000e+00	1	2	-2.12908000e-05	5.42487000e-05	-2.79881000e+00	-5.61388000e-05
2.09457880e+01	2026-08-11T16:30:54.719196	0.00000000e+00	1	2	-2.09570000e-05	5.66010000e-05	-2.89896000e+00	-5.31860000e-05
2.09922524e+01	2026-08-11T16:30:54.766717	0.00000000e+00	1	2	-2.21014000e-05	5.80661000e-05	-2.99878000e+00	-5.83160000e-05
2.10374947e+01	2026-08-11T16:30:54.801858	0.00000000e+00	1	2	-2.32935000e-05	5.73893000e-05	-2.99878000e+00	-5.66335000e-05
2.10870340e+01	2026-08-11T16:30:54.849805	0.00000000e+00	1	2	-2.16961000e-05	5.25604000e-05	-2.89896000e+00	-5.21441000e-05
2.11514392e+01	2026-08-11T16:30:54.913695	0.00000000e+00	1	2	-2.30551000e-05	4.88509000e-05	-2.79882000e+00	-4.84578000e-05
2.12039067e+01	2026-08-11T16:30:54.977916	0.00000000e+00	1	2	-2.29836000e-05	4.41216000e-05	-2.69895000e+00	-4.41769000e-05
2.12507546e+01	2026-08-11T16:30:55.010096	0.00000000e+00	1	2	-2.20299000e-05	4.14817000e-05	-2.59885000e+00	-4.09227000e-05
2.12985311e+01	2026-08-11T16:30:55.068973	0.00000000e+00	1	2	-2.19584000e-05	3.73785000e-05	-2.49900000e+00	-3.73532000e-05
2.13565955e+01	2026-08-11T16:30:55.121856	0.00000000e+00	1	2	-2.22921000e-05	3.42169000e-05	-2.39887000e+00	-3.43390000e-05
2.14066729e+01	2026-08-11T16:30:55.179787	0.00000000e+00	1	2	-2.23637000e-05	3.17318000e-05	-2.29872000e+00	-3.16450000e-05
2.14597217e+01	2026-08-11T16:30:55.233890	0.00000000e+00	1	2	-2.15054000e-05	2.89859000e-05	-2.19890000e+00	-2.88556000e-05
2.15067840e+01	2026-08-11T16:30:55.281709	0.00000000e+00	1	2	-2.18868000e-05	2.58574000e-05	-2.09874000e+00	-2.56448000e-05
2.15552159e+01	2026-08-11T16:30:55.329422	0.00000000e+00	1	2	-2.44141000e-05	2.33830000e-05	-1.99987000e+00	-2.34386000e-05
2.15999381e+01	2026-08-11T16:30:55.361313	0.00000000e+00	1	2	-2.16246000e-05	2.11395000e-05	-1.89989000e+00	-2.08781000e-05
2.16483974e+01	2026-08-11T16:30:55.409008	0.00000000e+00	1	2	-2.27690000e-05	1.86421000e-05	-1.79989000e+00	-1.85951000e-05
2.16988918e+01	2026-08-11T16:30:55.473128	0.00000000e+00	1	2	-2.42472000e-05	1.63675000e-05	-1.69990000e+00	-1.64282000e-05
2.17449770e+01	2026-08-11T16:30:55.515671	0.00000000e+00	1	2	-2.37703000e-05	1.42470000e-05	-1.59991000e+00	-1.42405000e-05
2.17972139e+01	2026-08-11T16:30:55.568481	0.00000000e+00	1	2	-2.31981000e-05	1.21182000e-05	-1.49992000e+00	-1.21380000e-05
2.18598287e+01	2026-08-11T16:30:55.632922	0.00000000e+00	1	2	-2.64883000e-05	1.04606000e-05	-1.39993000e+00	-1.04668000e-05
2.19050733e+01	2026-08-11T16:30:55.679817	0.00000000e+00	1	2	-3.44038000e-05	9.23714000e-06	-1.29994000e+00	-9.02958000e-06
2.19984660e+01	2026-08-11T16:30:55.769729	0.00000000e+00	1	2	-3.45707000e-05	7.48798000e-06	-1.19994000e+00	-7.49132000e-06
2.20478478e+01	2026-08-11T16:30:55.822692	0.00000000e+00	1	2	-3.20673000e-05	6.11088000e-06	-1.09994000e+00	-6.11025000e-06
2.21025094e+01	2026-08-11T16:30:55.870512	0.00000000e+00	1	2	-3.23772000e-05	4.85753000e-06	-9.99936000e-01	-4.87142000e-06
2.21595634e+01	2026-08-11T16:30:55.933977	0.00000000e+00	1	2	-3.21150000e-05	3.71488000e-06	-8.99932000e-01	-3.75880000e-06
2.22057785e+01	2026-08-11T16:30:55.966269	0.00000000e+00	1	2	-2.91348000e-05	2.79103000e-06	-7.99932000e-01	-2.74344000e-06
2.22555080e+01	2026-08-11T16:30:56.029723	0.00000000e+00	1	2	-3.15666000e-05	1.96221000e-06	-6.99927000e-01	-1.93185000e-06
2.23015737e+01	2026-08-11T16:30:56.074323	0.00000000e+00	1	2	-2.97546000e-05	1.30734000e-06	-5.99916000e-01	-1.30495000e-06
2.23512191e+01	2026-08-11T16:30:56.125356	0.00000000e+00	1	2	-2.99454000e-05	7.96191000e-07	-4.99908000e-01	-7.85306000e-07
2.24537217e+01	2026-08-11T16:30:56.221007	0.00000000e+00	1	2	-3.00169000e-05	4.19599000e-07	-3.99909000e-01	-4.11015000e-07
2.25005112e+01	2026-08-11T16:30:56.272600	0.00000000e+00	1	2	-3.03268000e-05	1.82630000e-07	-2.99896000e-01	-1.80292000e-07
2.25581283e+01	2026-08-11T16:30:56.332385	0.00000000e+00	1	2	-3.26633000e-05	5.18424000e-08	-1.99895000e-01	-4.75852000e-08
2.27501973e+01	2026-08-11T16:30:56.523935	0.00000000e+00	1	2	-3.26633000e-05	8.45070000e-09	-9.98900000e-02	-7.94654000e-09
2.27960779e+01	2026-08-11T16:30:56.559403	0.00000000e+00	1	2	-2.91824000e-05	1.74359000e-09	5.49793000e-05	-2.43449000e-10
2.75701311e+01	2026-08-11T16:31:01.344416	0.00000000e+00	1	3	-1.40905000e-05	-2.09366000e-08	5.57184000e-05	2.93055000e-08
2.76230702e+01	2026-08-11T16:31:01.397382	0.00000000e+00	1	3	-3.02553000e-05	2.65068000e-05	-9.98797000e-02	-2.67125000e-05
2.77921088e+01	2026-08-11T16:31:01.558013	0.00000000e+00	1	3	-2.36273000e-05	6.41653000e-05	-1.99889000e-01	-6.41037000e-05
2.78468908e+01	2026-08-11T16:31:01.620840	0.00000000e+00	1	3	-2.32697000e-05	1.13347000e-04	-2.99900000e-01	-1.13146000e-04
2.79515119e+01	2026-08-11T16:31:01.717059	0.00000000e+00	1	3	-2.39611000e-05	1.76571000e-04	-3.99913000e-01	-1.76396000e-04
2.80071865e+01	2026-08-11T16:31:01.781040	0.00000000e+00	1	3	-2.40088000e-05	2.41001000e-04	-4.99911000e-01	-2.38735000e-04
2.80521779e+01	2026-08-11T16:31:01.812965	0.00000000e+00	1	3	-1.28269000e-05	1.08051000e-04	-5.99914000e-01	-1.50883000e-05
2.81177173e+01	2026-08-11T16:31:01.892425	0.00000000e+00	1	3	-2.23398000e-05	3.17286000e-05	-6.99924000e-01	-3.07088000e-05
2.81980518e+01	2026-08-11T16:31:01.972516	0.00000000e+00	1	3	-2.31981000e-05	4.23815000e-05	-7.99931000e-01	-3.92112000e-05
2.82449491e+01	2026-08-11T16:31:02.019329	0.00000000e+00	1	3	-2.43664000e-05	4.86130000e-05	-8.99930000e-01	-4.60936000e-05
2.82998765e+01	2026-08-11T16:31:02.073085	0.00000000e+00	1	3	-2.40564000e-05	8.24536000e-06	-9.99945000e-01	-8.46388000e-06
2.83930433e+01	2026-08-11T16:31:02.167174	0.00000000e+00	1	3	-2.26259000e-05	6.62345000e-06	-1.09994000e+00	-6.74709000e-06
2.84612112e+01	2026-08-11T16:31:02.226810	0.00000000e+00	1	3	-2.60115000e-05	7.70189000e-06	-1.19994000e+00	-7.71536000e-06
2.85269786e+01	2026-08-11T16:31:02.290438	0.00000000e+00	1	3	-2.97070000e-05	9.25720000e-06	-1.29994000e+00	-9.25519000e-06
2.85781148e+01	2026-08-11T16:31:02.351887	0.00000000e+00	1	3	-2.49863000e-05	1.11377000e-05	-1.39993000e+00	-1.08994000e-05
2.86639911e+01	2026-08-11T16:31:02.433957	0.00000000e+00	1	3	-2.27928000e-05	1.26897000e-05	-1.49993000e+00	-1.27526000e-05
2.87164268e+01	2026-08-11T16:31:02.487826	0.00000000e+00	1	3	-2.29359000e-05	1.50532000e-05	-1.59992000e+00	-1.46024000e-05
2.87686091e+01	2026-08-11T16:31:02.540819	0.00000000e+00	1	3	-2.54869000e-05	1.69665000e-05	-1.69991000e+00	-1.69572000e-05
2.88210186e+01	2026-08-11T16:31:02.594539	0.00000000e+00	1	3	-2.60353000e-05	1.98796000e-05	-1.79990000e+00	-1.95117000e-05
2.88833630e+01	2026-08-11T16:31:02.657322	0.00000000e+00	1	3	-2.54631000e-05	2.22478000e-05	-1.89990000e+00	-2.26181000e-05
2.89292049e+01	2026-08-11T16:31:02.689279	0.00000000e+00	1	3	-2.66314000e-05	2.44232000e-05	-1.99988000e+00	-2.41905000e-05
2.89790148e+01	2026-08-11T16:31:02.753414	0.00000000e+00	1	3	-2.57254000e-05	2.55871000e-05	-2.09877000e+00	-2.57942000e-05
2.90245426e+01	2026-08-11T16:31:02.795221	0.00000000e+00	1	3	-2.58923000e-05	2.81211000e-05	-2.19894000e+00	-2.86471000e-05
2.90763588e+01	2026-08-11T16:31:02.848067	0.00000000e+00	1	3	-2.60353000e-05	3.13769000e-05	-2.29877000e+00	-3.04211000e-05
2.91378139e+01	2026-08-11T16:31:02.911789	0.00000000e+00	1	3	-2.47478000e-05	3.26655000e-05	-2.39888000e+00	-3.22901000e-05
2.91834298e+01	2026-08-11T16:31:02.943793	0.00000000e+00	1	3	-2.43902000e-05	3.66055000e-05	-2.49900000e+00	-3.65715000e-05
2.92300713e+01	2026-08-11T16:31:02.991584	0.00000000e+00	1	3	-2.40803000e-05	3.91371000e-05	-2.59890000e+00	-3.97046000e-05
2.92810635e+01	2026-08-11T16:31:03.055215	0.00000000e+00	1	3	-2.32697000e-05	4.33764000e-05	-2.69897000e+00	-4.23859000e-05
2.93275814e+01	2026-08-11T16:31:03.097428	0.00000000e+00	1	3	-2.34365000e-05	4.63751000e-05	-2.79886000e+00	-4.50476000e-05
2.93801120e+01	2026-08-11T16:31:03.150938	0.00000000e+00	1	3	-2.52485000e-05	5.20434000e-05	-2.89899000e+00	-5.10347000e-05
2.94342613e+01	2026-08-11T16:31:03.209036	0.00000000e+00	1	3	-2.49863000e-05	5.71379000e-05	-2.99881000e+00	-5.64748000e-05
2.94817942e+01	2026-08-11T16:31:03.246898	0.00000000e+00	1	3	-2.67982000e-05	5.83210000e-05	-2.99880000e+00	-5.77853000e-05
2.95307255e+01	2026-08-11T16:31:03.302322	0.00000000e+00	1	3	-2.63453000e-05	5.21474000e-05	-2.89900000e+00	-5.07351000e-05
2.95839365e+01	2026-08-11T16:31:03.358257	0.00000000e+00	1	3	-2.39849000e-05	4.78812000e-05	-2.79884000e+00	-4.72390000e-05
2.96286922e+01	2026-08-11T16:31:03.390868	0.00000000e+00	1	3	-2.44617000e-05	4.47171000e-05	-2.69898000e+00	-4.40450000e-05
2.96796038e+01	2026-08-11T16:31:03.453706	0.00000000e+00	1	3	-2.38180000e-05	4.03518000e-05	-2.59889000e+00	-4.01840000e-05
2.97255299e+01	2026-08-11T16:31:03.485705	0.00000000e+00	1	3	-2.36988000e-05	3.60849000e-05	-2.49904000e+00	-3.61592000e-05
2.97714206e+01	2026-08-11T16:31:03.543724	0.00000000e+00	1	3	-2.55823000e-05	3.33341000e-05	-2.39892000e+00	-3.35766000e-05
2.98317863e+01	2026-08-11T16:31:03.597036	0.00000000e+00	1	3	-2.52724000e-05	3.11394000e-05	-2.29875000e+00	-3.11820000e-05
2.98955648e+01	2026-08-11T16:31:03.660981	0.00000000e+00	1	3	-2.59876000e-05	2.82793000e-05	-2.19898000e+00	-2.83685000e-05
2.99507159e+01	2026-08-11T16:31:03.724531	0.00000000e+00	1	3	-2.61068000e-05	2.56291000e-05	-2.09878000e+00	-2.60215000e-05
2.99983610e+01	2026-08-11T16:31:03.773063	0.00000000e+00	1	3	-2.59638000e-05	2.27681000e-05	-1.99989000e+00	-2.31332000e-05
3.00463400e+01	2026-08-11T16:31:03.820976	0.00000000e+00	1	3	-2.50101000e-05	2.07024000e-05	-1.89990000e+00	-2.06014000e-05
3.00921200e+01	2026-08-11T16:31:03.852913	0.00000000e+00	1	3	-2.80380000e-05	1.83941000e-05	-1.79990000e+00	-1.81633000e-05
3.01402745e+01	2026-08-11T16:31:03.913282	0.00000000e+00	1	3	-2.56538000e-05	1.60699000e-05	-1.69991000e+00	-1.60845000e-05
3.01949884e+01	2026-08-11T16:31:03.964488	0.00000000e+00	1	3	-2.33650000e-05	1.39711000e-05	-1.59992000e+00	-1.38915000e-05
3.02541637e+01	2026-08-11T16:31:04.028321	0.00000000e+00	1	3	-2.29836000e-05	1.20617000e-05	-1.49992000e+00	-1.19990000e-05
3.03018834e+01	2026-08-11T16:31:04.076134	0.00000000e+00	1	3	-2.10047000e-05	1.03395000e-05	-1.39993000e+00	-1.02861000e-05
3.03729866e+01	2026-08-11T16:31:04.147410	0.00000000e+00	1	3	-3.08752000e-05	8.95508000e-06	-1.29994000e+00	-8.67480000e-06
3.04683133e+01	2026-08-11T16:31:04.234828	0.00000000e+00	1	3	-3.21627000e-05	7.25093000e-06	-1.19994000e+00	-7.16699000e-06
3.05142468e+01	2026-08-11T16:31:04.286674	0.00000000e+00	1	3	-3.17097000e-05	5.91157000e-06	-1.09994000e+00	-5.90477000e-06
3.05730989e+01	2026-08-11T16:31:04.346887	0.00000000e+00	1	3	-3.19958000e-05	4.73581000e-06	-9.99943000e-01	-4.69668000e-06
3.06188477e+01	2026-08-11T16:31:04.391750	0.00000000e+00	1	3	-3.18289000e-05	3.65389000e-06	-8.99937000e-01	-3.60707000e-06
3.06707445e+01	2026-08-11T16:31:04.442448	0.00000000e+00	1	3	-2.90155000e-05	2.73101000e-06	-7.99932000e-01	-2.68810000e-06
3.07286818e+01	2026-08-11T16:31:04.492365	0.00000000e+00	1	3	-3.02553000e-05	1.92247000e-06	-6.99925000e-01	-1.90957000e-06
3.07831611e+01	2026-08-11T16:31:04.553548	0.00000000e+00	1	3	-2.84910000e-05	1.29406000e-06	-5.99913000e-01	-1.31096000e-06
3.08397664e+01	2026-08-11T16:31:04.613530	0.00000000e+00	1	3	-2.87056000e-05	7.95177000e-07	-4.99902000e-01	-7.82438000e-07
3.09269346e+01	2026-08-11T16:31:04.699198	0.00000000e+00	1	3	-2.82049000e-05	4.22025000e-07	-3.99905000e-01	-4.15518000e-07
3.09858166e+01	2026-08-11T16:31:04.760322	0.00000000e+00	1	3	-2.58923000e-05	1.78164000e-07	-2.99885000e-01	-1.78094000e-07
3.10335065e+01	2026-08-11T16:31:04.808552	0.00000000e+00	1	3	-3.07083000e-05	5.05934000e-08	-1.99890000e-01	-4.51985000e-08
3.12105154e+01	2026-08-11T16:31:04.984590	0.00000000e+00	1	3	-2.52724000e-05	1.46270000e-08	-9.98875000e-02	-7.72986000e-09
3.12563146e+01	2026-08-11T16:31:05.027185	0.00000000e+00	1	3	-2.74420000e-05	1.54014000e-09	6.11305000e-05	-2.50030000e-10
3.61413679e+01	2026-08-11T16:31:09.907728	0.00000000e+00	1	4	-1.59740000e-05	-3.76938000e-08	6.09875000e-05	5.41524000e-08
3.61931024e+01	2026-08-11T16:31:09.965129	0.00000000e+00	1	4	-3.64065000e-05	4.23674000e-05	-9.98821000e-02	-4.23839000e-05
3.63728835e+01	2026-08-11T16:31:10.146667	0.00000000e+00	1	4	-3.38554000e-05	9.02816000e-05	-1.99889000e-01	-9.03327000e-05
3.64204518e+01	2026-08-11T16:31:10.194917	0.00000000e+00	1	4	-3.24488000e-05	1.44883000e-04	-2.99898000e-01	-1.45104000e-04
3.65054583e+01	2026-08-11T16:31:10.274929	0.00000000e+00	1	4	-3.28064000e-05	2.05729000e-04	-3.99907000e-01	-2.05557000e-04
3.65648636e+01	2026-08-11T16:31:10.338663	0.00000000e+00	1	4	-3.47614000e-05	2.69126000e-04	-4.99909000e-01	-2.71157000e-04
3.66116540e+01	2026-08-11T16:31:10.386615	0.00000000e+00	1	4	-3.42369000e-05	3.35859000e-04	-5.99912000e-01	-3.37420000e-04
3.66603164e+01	2026-08-11T16:31:10.435403	0.00000000e+00	1	4	-3.29733000e-05	4.08651000e-04	-6.99920000e-01	-4.12762000e-04
3.67254247e+01	2026-08-11T16:31:10.498956	0.00000000e+00	1	4	-3.22819000e-05	4.17304000e-04	-7.99928000e-01	-4.05433000e-04
3.67886255e+01	2026-08-11T16:31:10.562937	0.00000000e+00	1	4	-2.77519000e-05	1.16813000e-05	-8.99934000e-01	-1.08777000e-05
3.68847379e+01	2026-08-11T16:31:10.659293	0.00000000e+00	1	4	-3.05653000e-05	1.66890000e-05	-9.99942000e-01	-1.67120000e-05
3.69305181e+01	2026-08-11T16:31:10.700516	0.00000000e+00	1	4	-3.24965000e-05	2.01186000e-05	-1.09994000e+00	-1.89716000e-05
3.69890593e+01	2026-08-11T16:31:10.753426	0.00000000e+00	1	4	-2.75373000e-05	2.37121000e-05	-1.19994000e+00	-2.15696000e-05
3.70396764e+01	2026-08-11T16:31:10.812284	0.00000000e+00	1	4	-3.00169000e-05	2.44988000e-05	-1.29994000e+00	-2.11707000e-05
3.70929426e+01	2026-08-11T16:31:10.866236	0.00000000e+00	1	4	-2.83241000e-05	2.35899000e-05	-1.39993000e+00	-2.11081000e-05
3.71384343e+01	2026-08-11T16:31:10.913102	0.00000000e+00	1	4	-3.03030000e-05	2.81085000e-05	-1.49993000e+00	-2.36460000e-05
3.71835102e+01	2026-08-11T16:31:10.957441	0.00000000e+00	1	4	-2.77042000e-05	1.19436000e-05	-1.59992000e+00	-1.17306000e-05
3.72323504e+01	2026-08-11T16:31:11.007185	0.00000000e+00	1	4	-2.75850000e-05	1.34876000e-05	-1.69992000e+00	-1.31505000e-05
3.72908301e+01	2026-08-11T16:31:11.063801	0.00000000e+00	1	4	-3.21865000e-05	1.51246000e-05	-1.79991000e+00	-1.52238000e-05
3.73397628e+01	2026-08-11T16:31:11.113485	0.00000000e+00	1	4	-3.27826000e-05	1.70478000e-05	-1.89990000e+00	-1.69917000e-05
3.73921391e+01	2026-08-11T16:31:11.166427	0.00000000e+00	1	4	-3.55005000e-05	1.86994000e-05	-1.99989000e+00	-1.87129000e-05
3.74364522e+01	2026-08-11T16:31:11.197655	0.00000000e+00	1	4	-3.55721000e-05	2.04264000e-05	-2.09883000e+00	-2.05574000e-05
3.74855523e+01	2026-08-11T16:31:11.255590	0.00000000e+00	1	4	-3.34978000e-05	2.24499000e-05	-2.19897000e+00	-2.26803000e-05
3.75400628e+01	2026-08-11T16:31:11.309248	0.00000000e+00	1	4	-3.29971000e-05	2.49853000e-05	-2.29874000e+00	-2.50366000e-05
3.76014152e+01	2026-08-11T16:31:11.372417	0.00000000e+00	1	4	-3.01838000e-05	2.79419000e-05	-2.39893000e+00	-3.05910000e-05
3.76628534e+01	2026-08-11T16:31:11.436443	0.00000000e+00	1	4	-2.85149000e-05	3.22261000e-05	-2.49906000e+00	-3.20434000e-05
3.77080172e+01	2026-08-11T16:31:11.478957	0.00000000e+00	1	4	-2.87056000e-05	3.69492000e-05	-2.59891000e+00	-3.66669000e-05
3.77579832e+01	2026-08-11T16:31:11.532547	0.00000000e+00	1	4	-2.82288000e-05	4.01957000e-05	-2.69899000e+00	-4.04770000e-05
3.78045686e+01	2026-08-11T16:31:11.576432	0.00000000e+00	1	4	-2.75373000e-05	4.54632000e-05	-2.79883000e+00	-4.70290000e-05
3.78604784e+01	2026-08-11T16:31:11.628063	0.00000000e+00	1	4	-2.84910000e-05	5.13441000e-05	-2.89902000e+00	-5.19443000e-05
3.79214146e+01	2026-08-11T16:31:11.692225	0.00000000e+00	1	4	-2.87056000e-05	5.78219000e-05	-2.99880000e+00	-5.63406000e-05
3.79646120e+01	2026-08-11T16:31:11.739357	0.00000000e+00	1	4	-2.77758000e-05	5.67694000e-05	-2.99882000e+00	-5.68558000e-05
3.80124922e+01	2026-08-11T16:31:11.787307	0.00000000e+00	1	4	-2.59638000e-05	5.27507000e-05	-2.89901000e+00	-5.27443000e-05
3.80607982e+01	2026-08-11T16:31:11.834895	0.00000000e+00	1	4	-2.66075000e-05	4.85508000e-05	-2.79886000e+00	-4.73997000e-05
3.81053421e+01	2026-08-11T16:31:11.866683	0.00000000e+00	1	4	-2.74181000e-05	4.29514000e-05	-2.69901000e+00	-4.26417000e-05
3.81632059e+01	2026-08-11T16:31:11.930281	0.00000000e+00	1	4	-2.75850000e-05	3.91472000e-05	-2.59892000e+00	-3.94545000e-05
3.82086718e+01	2026-08-11T16:31:11.979042	0.00000000e+00	1	4	-2.73228000e-05	3.68708000e-05	-2.49904000e+00	-3.67840000e-05
3.82650498e+01	2026-08-11T16:31:12.035790	0.00000000e+00	1	4	-2.79427000e-05	3.32023000e-05	-2.39892000e+00	-3.27603000e-05
3.83208118e+01	2026-08-11T16:31:12.089246	0.00000000e+00	1	4	-2.77758000e-05	3.02757000e-05	-2.29874000e+00	-3.02753000e-05
3.83821072e+01	2026-08-11T16:31:12.153153	0.00000000e+00	1	4	-3.07322000e-05	2.71699000e-05	-2.19892000e+00	-2.70636000e-05
3.84427846e+01	2026-08-11T16:31:12.216670	0.00000000e+00	1	4	-3.02315000e-05	2.47788000e-05	-2.09879000e+00	-2.47914000e-05
3.84877822e+01	2026-08-11T16:31:12.259109	0.00000000e+00	1	4	-2.95877000e-05	2.24630000e-05	-1.99988000e+00	-2.24130000e-05
3.85383863e+01	2026-08-11T16:31:12.313414	0.00000000e+00	1	4	-2.82288000e-05	2.02373000e-05	-1.89990000e+00	-2.03076000e-05
3.85842845e+01	2026-08-11T16:31:12.344409	0.00000000e+00	1	4	-2.93493000e-05	1.80478000e-05	-1.79990000e+00	-1.78993000e-05
3.86393359e+01	2026-08-11T16:31:12.407459	0.00000000e+00	1	4	-3.13997000e-05	1.58946000e-05	-1.69991000e+00	-1.59740000e-05
3.86978033e+01	2026-08-11T16:31:12.471493	0.00000000e+00	1	4	-2.86818000e-05	1.38704000e-05	-1.59991000e+00	-1.38653000e-05
3.87454274e+01	2026-08-11T16:31:12.520501	0.00000000e+00	1	4	-2.62499000e-05	1.21526000e-05	-1.49992000e+00	-1.21253000e-05
3.87974665e+01	2026-08-11T16:31:12.567113	0.00000000e+00	1	4	-2.76566000e-05	1.03462000e-05	-1.39993000e+00	-1.03676000e-05
3.88470599e+01	2026-08-11T16:31:12.616344	0.00000000e+00	1	4	-3.62635000e-05	9.08119000e-06	-1.29994000e+00	-8.93439000e-06
3.89349729e+01	2026-08-11T16:31:12.709819	0.00000000e+00	1	4	-3.51667000e-05	7.56748000e-06	-1.19993000e+00	-7.54631000e-06
3.89901016e+01	2026-08-11T16:31:12.757726	0.00000000e+00	1	4	-3.49522000e-05	6.04708000e-06	-1.09994000e+00	-6.01166000e-06
3.90483856e+01	2026-08-11T16:31:12.822121	0.00000000e+00	1	4	-3.46422000e-05	4.78922000e-06	-9.99940000e-01	-4.78370000e-06
3.90950257e+01	2026-08-11T16:31:12.869948	0.00000000e+00	1	4	-3.19719000e-05	3.68471000e-06	-8.99933000e-01	-3.68619000e-06
3.91461357e+01	2026-08-11T16:31:12.918198	0.00000000e+00	1	4	-3.11375000e-05	2.72941000e-06	-7.99931000e-01	-2.69569000e-06
3.92086756e+01	2026-08-11T16:31:12.983324	0.00000000e+00	1	4	-2.94447000e-05	1.90579000e-06	-6.99922000e-01	-1.91650000e-06
3.92552932e+01	2026-08-11T16:31:13.030261	0.00000000e+00	1	4	-2.67744000e-05	1.30046000e-06	-5.99915000e-01	-1.28487000e-06
3.93069022e+01	2026-08-11T16:31:13.078353	0.00000000e+00	1	4	-2.57730000e-05	7.90440000e-07	-4.99908000e-01	-7.84331000e-07
3.94002860e+01	2026-08-11T16:31:13.174237	0.00000000e+00	1	4	-2.46763000e-05	4.09489000e-07	-3.99906000e-01	-4.06358000e-07
3.94460792e+01	2026-08-11T16:31:13.206149	0.00000000e+00	1	4	-2.57492000e-05	1.78216000e-07	-2.99892000e-01	-1.72431000e-07
3.94974424e+01	2026-08-11T16:31:13.269504	0.00000000e+00	1	4	-2.91824000e-05	5.09096000e-08	-1.99892000e-01	-4.64041000e-08
3.96879892e+01	2026-08-11T16:31:13.461847	0.00000000e+00	1	4	-2.52247000e-05	9.03449000e-09	-9.98885000e-02	-7.96294000e-09
3.97518326e+01	2026-08-11T16:31:13.525560	0.00000000e+00	1	4	-2.55823000e-05	2.83134000e-10	6.10828000e-05	-1.79577000e-10
4.46559227e+01	2026-08-11T16:31:18.421636	0.00000000e+00	1	5	-2.39372000e-05	-9.25174000e-09	6.87122000e-05	1.40390000e-08
4.47109156e+01	2026-08-11T16:31:18.484823	0.00000000e+00	1	5	-3.04461000e-05	1.02013000e-05	-9.98795000e-02	-1.02189000e-05
4.48795228e+01	2026-08-11T16:31:18.644069	0.00000000e+00	1	5	-2.59161000e-05	2.42562000e-05	-1.99887000e-01	-2.42758000e-05
4.49339202e+01	2026-08-11T16:31:18.708222	0.00000000e+00	1	5	-2.61545000e-05	4.63055000e-05	-2.99892000e-01	-4.63148000e-05
4.49979966e+01	2026-08-11T16:31:18.771842	0.00000000e+00	1	5	-2.64883000e-05	7.80776000e-05	-3.99900000e-01	-7.83632000e-05
4.50623418e+01	2026-08-11T16:31:18.836192	0.00000000e+00	1	5	-2.43902000e-05	1.19142000e-04	-4.99907000e-01	-1.19572000e-04
4.51487361e+01	2026-08-11T16:31:18.921355	0.00000000e+00	1	5	-2.67744000e-05	1.60756000e-04	-5.99908000e-01	-1.59546000e-04
4.52055143e+01	2026-08-11T16:31:18.979748	0.00000000e+00	1	5	-2.84672000e-05	1.93324000e-04	-6.99916000e-01	-1.91220000e-04
4.52689761e+01	2026-08-11T16:31:19.043349	0.00000000e+00	1	5	-2.55108000e-05	2.03016000e-04	-7.99926000e-01	-1.93081000e-04
4.53410041e+01	2026-08-11T16:31:19.107759	0.00000000e+00	1	5	-2.81096000e-05	2.88885000e-06	-8.99930000e-01	-2.96401000e-06
4.54288984e+01	2026-08-11T16:31:19.202976	0.00000000e+00	1	5	-2.91109000e-05	3.98817000e-06	-9.99935000e-01	-3.98833000e-06
4.54754989e+01	2026-08-11T16:31:19.250688	0.00000000e+00	1	5	-3.15189000e-05	5.05848000e-06	-1.09994000e+00	-5.10788000e-06
4.55240265e+01	2026-08-11T16:31:19.298687	0.00000000e+00	1	5	-3.22342000e-05	6.20716000e-06	-1.19993000e+00	-6.23121000e-06
4.55819815e+01	2026-08-11T16:31:19.346798	0.00000000e+00	1	5	-3.44992000e-05	7.53527000e-06	-1.29993000e+00	-7.62074000e-06
4.56387719e+01	2026-08-11T16:31:19.412322	0.00000000e+00	1	5	-3.50475000e-05	9.09669000e-06	-1.39992000e+00	-9.17503000e-06
4.57016654e+01	2026-08-11T16:31:19.474376	0.00000000e+00	1	5	-3.12805000e-05	1.03399000e-05	-1.49992000e+00	-1.06852000e-05
4.58047036e+01	2026-08-11T16:31:19.571066	0.00000000e+00	1	5	-2.59638000e-05	1.22951000e-05	-1.59991000e+00	-1.24329000e-05
4.58603855e+01	2026-08-11T16:31:19.634069	0.00000000e+00	1	5	-2.61784000e-05	1.40554000e-05	-1.69990000e+00	-1.39404000e-05
4.59061864e+01	2026-08-11T16:31:19.666032	0.00000000e+00	1	5	-2.75612000e-05	1.57627000e-05	-1.79989000e+00	-1.57884000e-05
4.59568149e+01	2026-08-11T16:31:19.729719	0.00000000e+00	1	5	-2.84433000e-05	1.75308000e-05	-1.89989000e+00	-1.79109000e-05
4.60202513e+01	2026-08-11T16:31:19.793070	0.00000000e+00	1	5	-3.04937000e-05	1.96459000e-05	-1.99988000e+00	-1.95034000e-05
4.60831663e+01	2026-08-11T16:31:19.857091	0.00000000e+00	1	5	-3.03507000e-05	2.16025000e-05	-2.09873000e+00	-2.16952000e-05
4.61283455e+01	2026-08-11T16:31:19.895127	0.00000000e+00	1	5	-3.19719000e-05	2.42777000e-05	-2.19885000e+00	-2.44609000e-05
4.61779468e+01	2026-08-11T16:31:19.952652	0.00000000e+00	1	5	-3.14713000e-05	2.68609000e-05	-2.29869000e+00	-2.68569000e-05
4.62331468e+01	2026-08-11T16:31:20.000341	0.00000000e+00	1	5	-3.15666000e-05	2.93487000e-05	-2.39884000e+00	-2.97649000e-05
4.62898281e+01	2026-08-11T16:31:20.064066	0.00000000e+00	1	5	-3.32832000e-05	3.16435000e-05	-2.49896000e+00	-3.17202000e-05
4.63347837e+01	2026-08-11T16:31:20.095927	0.00000000e+00	1	5	-3.07560000e-05	3.54318000e-05	-2.59884000e+00	-3.52404000e-05
4.63803219e+01	2026-08-11T16:31:20.154725	0.00000000e+00	1	5	-3.14236000e-05	3.87631000e-05	-2.69894000e+00	-3.93159000e-05
4.64336205e+01	2026-08-11T16:31:20.207443	0.00000000e+00	1	5	-3.20196000e-05	4.41723000e-05	-2.79877000e+00	-4.46819000e-05
4.64791733e+01	2026-08-11T16:31:20.239372	0.00000000e+00	1	5	-3.11852000e-05	4.75595000e-05	-2.89893000e+00	-4.92327000e-05
4.65316649e+01	2026-08-11T16:31:20.306177	0.00000000e+00	1	5	-3.21388000e-05	5.32582000e-05	-2.99877000e+00	-5.51047000e-05
4.65768945e+01	2026-08-11T16:31:20.349986	0.00000000e+00	1	5	-3.44992000e-05	5.48749000e-05	-2.99877000e+00	-5.63012000e-05
4.66231021e+01	2026-08-11T16:31:20.397747	0.00000000e+00	1	5	-3.23772000e-05	5.04781000e-05	-2.89895000e+00	-5.02049000e-05
4.66695469e+01	2026-08-11T16:31:20.429713	0.00000000e+00	1	5	-3.23534000e-05	4.68982000e-05	-2.79880000e+00	-4.72029000e-05
4.67181459e+01	2026-08-11T16:31:20.493337	0.00000000e+00	1	5	-3.52859000e-05	4.32647000e-05	-2.69892000e+00	-4.28456000e-05
4.67662872e+01	2026-08-11T16:31:20.540895	0.00000000e+00	1	5	-3.28779000e-05	3.94441000e-05	-2.59884000e+00	-3.92942000e-05
4.68198735e+01	2026-08-11T16:31:20.593976	0.00000000e+00	1	5	-3.23772000e-05	3.63185000e-05	-2.49897000e+00	-3.64994000e-05
4.68772307e+01	2026-08-11T16:31:20.651088	0.00000000e+00	1	5	-2.98738000e-05	3.31923000e-05	-2.39884000e+00	-3.30849000e-05
4.69237169e+01	2026-08-11T16:31:20.698402	0.00000000e+00	1	5	-3.01838000e-05	3.04107000e-05	-2.29869000e+00	-3.02602000e-05
4.69778256e+01	2026-08-11T16:31:20.748126	0.00000000e+00	1	5	-3.20435000e-05	2.70099000e-05	-2.19887000e+00	-2.69509000e-05
4.70433993e+01	2026-08-11T16:31:20.810775	0.00000000e+00	1	5	-3.23534000e-05	2.42610000e-05	-2.09875000e+00	-2.44333000e-05
4.70879655e+01	2026-08-11T16:31:20.860803	0.00000000e+00	1	5	-3.54052000e-05	2.22026000e-05	-1.99988000e+00	-2.20420000e-05
4.71452842e+01	2026-08-11T16:31:20.919768	0.00000000e+00	1	5	-3.67165000e-05	1.98694000e-05	-1.89989000e+00	-1.98859000e-05
4.71926436e+01	2026-08-11T16:31:20.967515	0.00000000e+00	1	5	-3.38078000e-05	1.79876000e-05	-1.79990000e+00	-1.78780000e-05
4.72433565e+01	2026-08-11T16:31:21.016078	0.00000000e+00	1	5	-3.34024000e-05	1.60038000e-05	-1.69990000e+00	-1.59811000e-05
4.73063634e+01	2026-08-11T16:31:21.079032	0.00000000e+00	1	5	-3.30687000e-05	1.41248000e-05	-1.59991000e+00	-1.40833000e-05
4.73509715e+01	2026-08-11T16:31:21.110736	0.00000000e+00	1	5	-3.11852000e-05	1.23417000e-05	-1.49992000e+00	-1.22191000e-05
4.74012885e+01	2026-08-11T16:31:21.175847	0.00000000e+00	1	5	-3.18766000e-05	1.05259000e-05	-1.39992000e+00	-1.04889000e-05
4.74463116e+01	2026-08-11T16:31:21.207968	0.00000000e+00	1	5	-3.88861000e-05	9.16926000e-06	-1.29993000e+00	-8.83161000e-06
4.75325762e+01	2026-08-11T16:31:21.301309	0.00000000e+00	1	5	-3.78132000e-05	7.45503000e-06	-1.19993000e+00	-7.42093000e-06
4.75878271e+01	2026-08-11T16:31:21.350876	0.00000000e+00	1	5	-3.62158000e-05	6.10569000e-06	-1.09993000e+00	-6.04548000e-06
4.76441913e+01	2026-08-11T16:31:21.412035	0.00000000e+00	1	5	-3.56197000e-05	4.83195000e-06	-9.99929000e-01	-4.76056000e-06
4.77067601e+01	2026-08-11T16:31:21.475493	0.00000000e+00	1	5	-3.32117000e-05	3.71369000e-06	-8.99921000e-01	-3.68301000e-06
4.77643670e+01	2026-08-11T16:31:21.538895	0.00000000e+00	1	5	-2.97070000e-05	2.83469000e-06	-7.99921000e-01	-2.83540000e-06
4.78196451e+01	2026-08-11T16:31:21.586691	0.00000000e+00	1	5	-3.16620000e-05	2.00286000e-06	-6.99915000e-01	-2.01187000e-06
4.78650574e+01	2026-08-11T16:31:21.635254	0.00000000e+00	1	5	-2.98738000e-05	1.39113000e-06	-5.99906000e-01	-1.38372000e-06
4.79242412e+01	2026-08-11T16:31:21.698148	0.00000000e+00	1	5	-3.12805000e-05	8.73524000e-07	-4.99901000e-01	-8.53439000e-07
4.80197170e+01	2026-08-11T16:31:21.793615	0.00000000e+00	1	5	-2.97546000e-05	4.69007000e-07	-3.99901000e-01	-4.59686000e-07
4.80836211e+01	2026-08-11T16:31:21.857862	0.00000000e+00	1	5	-3.07322000e-05	2.03314000e-07	-2.99887000e-01	-1.99164000e-07
4.81303429e+01	2026-08-11T16:31:21.889560	0.00000000e+00	1	5	-3.44753000e-05	6.22520000e-08	-1.99887000e-01	-6.04827000e-08
4.83074786e+01	2026-08-11T16:31:22.080601	0.00000000e+00	1	5	-2.24113000e-05	2.07644000e-08	-9.98849000e-02	-1.24268000e-08
4.83525222e+01	2026-08-11T16:31:22.113673	0.00000000e+00	1	5	-2.54631000e-05	2.46733000e-09	6.59943000e-05	-2.39539000e-10
5.33501745e+01	2026-08-11T16:31:27.114827	0.00000000e+00	1	6	-1.60456000e-05	-1.87659000e-08	5.52416000e-05	2.89814000e-08
5.34058476e+01	2026-08-11T16:31:27.178112	0.00000000e+00	1	6	-2.98023000e-05	2.34970000e-05	-9.98802000e-02	-2.37818000e-05
5.35735730e+01	2026-08-11T16:31:27.337372	0.00000000e+00	1	6	-2.69413000e-05	5.44211000e-05	-1.99888000e-01	-5.44061000e-05
5.36351101e+01	2026-08-11T16:31:27.401056	0.00000000e+00	1	6	-2.71320000e-05	9.64424000e-05	-2.99891000e-01	-9.66447000e-05
5.36989779e+01	2026-08-11T16:31:27.472983	0.00000000e+00	1	6	-2.77281000e-05	1.50754000e-04	-3.99909000e-01	-1.51548000e-04
5.37929060e+01	2026-08-11T16:31:27.560528	0.00000000e+00	1	6	-2.64883000e-05	2.12235000e-04	-4.99910000e-01	-2.12200000e-04
5.38450074e+01	2026-08-11T16:31:27.618570	0.00000000e+00	1	6	-2.70844000e-05	2.73503000e-04	-5.99912000e-01	-2.70337000e-04
5.38969884e+01	2026-08-11T16:31:27.671568	0.00000000e+00	1	6	-2.81096000e-05	3.16660000e-04	-6.99926000e-01	-3.06882000e-04
5.39451288e+01	2026-08-11T16:31:27.719462	0.00000000e+00	1	6	-2.89917000e-05	2.79060000e-04	-7.99932000e-01	-2.35395000e-04
5.39968368e+01	2026-08-11T16:31:27.767054	0.00000000e+00	1	6	-2.80380000e-05	1.91829000e-04	-8.99933000e-01	-1.65174000e-04
5.40595708e+01	2026-08-11T16:31:27.829811	0.00000000e+00	1	6	-2.97785000e-05	1.33475000e-04	-9.99941000e-01	-1.22449000e-04
5.41194680e+01	2026-08-11T16:31:27.893168	0.00000000e+00	1	6	-2.78473000e-05	1.03732000e-04	-1.09994000e+00	-9.59695000e-05
5.41849457e+01	2026-08-11T16:31:27.956123	0.00000000e+00	1	6	-3.06606000e-05	8.50479000e-05	-1.19994000e+00	-7.70994000e-05
5.42508557e+01	2026-08-11T16:31:28.020081	0.00000000e+00	1	6	-2.81334000e-05	8.58660000e-05	-1.29994000e+00	-7.47423000e-05
5.43090825e+01	2026-08-11T16:31:28.083124	0.00000000e+00	1	6	-2.83241000e-05	7.34778000e-05	-1.39993000e+00	-6.75269000e-05
5.43563858e+01	2026-08-11T16:31:28.130448	0.00000000e+00	1	6	-2.84910000e-05	7.42137000e-05	-1.49993000e+00	-6.73102000e-05
5.44035294e+01	2026-08-11T16:31:28.178320	0.00000000e+00	1	6	-2.71320000e-05	5.59996000e-05	-1.59992000e+00	-5.27385000e-05
5.44607559e+01	2026-08-11T16:31:28.231497	0.00000000e+00	1	6	-2.81572000e-05	2.52060000e-05	-1.69991000e+00	-2.56584000e-05
5.45119088e+01	2026-08-11T16:31:28.284043	0.00000000e+00	1	6	-2.89202000e-05	2.80853000e-05	-1.79991000e+00	-2.61203000e-05
5.45713709e+01	2026-08-11T16:31:28.337283	0.00000000e+00	1	6	-3.07083000e-05	2.32591000e-05	-1.89990000e+00	-2.28367000e-05
5.46273601e+01	2026-08-11T16:31:28.402091	0.00000000e+00	1	6	-2.72274000e-05	2.54244000e-05	-1.99989000e+00	-2.44813000e-05
5.46916788e+01	2026-08-11T16:31:28.465906	0.00000000e+00	1	6	-2.95401000e-05	2.76276000e-05	-2.09880000e+00	-2.83018000e-05
5.47388387e+01	2026-08-11T16:31:28.512618	0.00000000e+00	1	6	-2.97070000e-05	3.17207000e-05	-2.19894000e+00	-3.08154000e-05
5.47850959e+01	2026-08-11T16:31:28.544856	0.00000000e+00	1	6	-2.83957000e-05	2.82209000e-05	-2.29877000e+00	-2.72966000e-05
5.48396506e+01	2026-08-11T16:31:28.608435	0.00000000e+00	1	6	-2.80619000e-05	2.93413000e-05	-2.39891000e+00	-2.93855000e-05
5.48940079e+01	2026-08-11T16:31:28.665490	0.00000000e+00	1	6	-2.79427000e-05	3.22126000e-05	-2.49906000e+00	-3.25279000e-05
5.49521286e+01	2026-08-11T16:31:28.719271	0.00000000e+00	1	6	-2.98977000e-05	3.61726000e-05	-2.59889000e+00	-3.65294000e-05
5.50169934e+01	2026-08-11T16:31:28.782601	0.00000000e+00	1	6	-3.16381000e-05	4.20258000e-05	-2.69899000e+00	-4.16650000e-05
5.50738574e+01	2026-08-11T16:31:28.846234	0.00000000e+00	1	6	-3.08037000e-05	4.85663000e-05	-2.79884000e+00	-4.98612000e-05
5.51417443e+01	2026-08-11T16:31:28.909233	0.00000000e+00	1	6	-3.20673000e-05	5.45055000e-05	-2.89900000e+00	-5.59788000e-05
5.51992515e+01	2026-08-11T16:31:28.973036	0.00000000e+00	1	6	-3.02553000e-05	5.93235000e-05	-2.99879000e+00	-5.97245000e-05
5.52434818e+01	2026-08-11T16:31:29.014653	0.00000000e+00	1	6	-3.07322000e-05	6.04826000e-05	-2.99878000e+00	-6.15663000e-05
5.52997631e+01	2026-08-11T16:31:29.068093	0.00000000e+00	1	6	-2.95401000e-05	5.59246000e-05	-2.89897000e+00	-5.63418000e-05
5.53617548e+01	2026-08-11T16:31:29.131964	0.00000000e+00	1	6	-2.86579000e-05	5.19242000e-05	-2.79879000e+00	-5.10193000e-05
5.54217545e+01	2026-08-11T16:31:29.196394	0.00000000e+00	1	6	-2.79903000e-05	4.73870000e-05	-2.69896000e+00	-4.77355000e-05
5.54681896e+01	2026-08-11T16:31:29.227985	0.00000000e+00	1	6	-2.67267000e-05	4.38668000e-05	-2.59886000e+00	-4.38739000e-05
5.55138424e+01	2026-08-11T16:31:29.285849	0.00000000e+00	1	6	-2.71559000e-05	4.00380000e-05	-2.49898000e+00	-3.99702000e-05
5.55591578e+01	2026-08-11T16:31:29.334250	0.00000000e+00	1	6	-2.58923000e-05	3.65819000e-05	-2.39887000e+00	-3.66407000e-05
5.56183231e+01	2026-08-11T16:31:29.386725	0.00000000e+00	1	6	-2.82764000e-05	3.34441000e-05	-2.29872000e+00	-3.32973000e-05
5.56693090e+01	2026-08-11T16:31:29.440047	0.00000000e+00	1	6	-2.92301000e-05	2.97947000e-05	-2.19891000e+00	-3.00232000e-05
5.57277925e+01	2026-08-11T16:31:29.498912	0.00000000e+00	1	6	-2.78711000e-05	2.71143000e-05	-2.09875000e+00	-2.69373000e-05
5.57894921e+01	2026-08-11T16:31:29.562179	0.00000000e+00	1	6	-2.90871000e-05	2.42137000e-05	-1.99989000e+00	-2.40877000e-05
5.58356294e+01	2026-08-11T16:31:29.610187	0.00000000e+00	1	6	-2.91586000e-05	2.18264000e-05	-1.89990000e+00	-2.19920000e-05
5.58849337e+01	2026-08-11T16:31:29.657545	0.00000000e+00	1	6	-3.10183000e-05	1.97880000e-05	-1.79990000e+00	-1.97724000e-05
5.59309986e+01	2026-08-11T16:31:29.705675	0.00000000e+00	1	6	-3.11136000e-05	1.78688000e-05	-1.69991000e+00	-1.78407000e-05
5.59821644e+01	2026-08-11T16:31:29.754177	0.00000000e+00	1	6	-3.13282000e-05	1.57124000e-05	-1.59991000e+00	-1.56552000e-05
5.60444566e+01	2026-08-11T16:31:29.817699	0.00000000e+00	1	6	-3.11136000e-05	1.36465000e-05	-1.49992000e+00	-1.36204000e-05
5.60898636e+01	2026-08-11T16:31:29.850136	0.00000000e+00	1	6	-3.13044000e-05	1.17565000e-05	-1.39993000e+00	-1.17697000e-05
5.61394984e+01	2026-08-11T16:31:29.914359	0.00000000e+00	1	6	-3.08752000e-05	1.00993000e-05	-1.29993000e+00	-1.01777000e-05
5.62038631e+01	2026-08-11T16:31:29.977693	0.00000000e+00	1	6	-3.72887000e-05	8.68949000e-06	-1.19993000e+00	-8.52255000e-06
5.63093509e+01	2026-08-11T16:31:30.073204	0.00000000e+00	1	6	-3.91483000e-05	6.82040000e-06	-1.09994000e+00	-6.72946000e-06
5.63718164e+01	2026-08-11T16:31:30.136957	0.00000000e+00	1	6	-3.76940000e-05	5.45995000e-06	-9.99933000e-01	-5.47869000e-06
5.64237018e+01	2026-08-11T16:31:30.190131	0.00000000e+00	1	6	-3.78132000e-05	4.28686000e-06	-8.99924000e-01	-4.16857000e-06
5.64838821e+01	2026-08-11T16:31:30.248762	0.00000000e+00	1	6	-3.40223000e-05	3.40322000e-06	-7.99924000e-01	-3.13992000e-06
5.65387097e+01	2026-08-11T16:31:30.312522	0.00000000e+00	1	6	-3.11852000e-05	2.21072000e-06	-6.99916000e-01	-2.18900000e-06
5.65843833e+01	2026-08-11T16:31:30.357127	0.00000000e+00	1	6	-3.26395000e-05	1.49733000e-06	-5.99905000e-01	-1.49256000e-06
5.66350704e+01	2026-08-11T16:31:30.408112	0.00000000e+00	1	6	-3.22580000e-05	9.35486000e-07	-4.99897000e-01	-9.17615000e-07
5.67386741e+01	2026-08-11T16:31:30.503836	0.00000000e+00	1	6	-2.89440000e-05	4.98228000e-07	-3.99899000e-01	-4.90886000e-07
5.67938783e+01	2026-08-11T16:31:30.567692	0.00000000e+00	1	6	-3.10659000e-05	2.20245000e-07	-2.99887000e-01	-2.20205000e-07
5.68411770e+01	2026-08-11T16:31:30.615940	0.00000000e+00	1	6	-3.62635000e-05	7.30792000e-08	-1.99884000e-01	-6.92811000e-08
5.70248829e+01	2026-08-11T16:31:30.791998	0.00000000e+00	1	6	-3.04222000e-05	1.70854000e-08	-9.98782000e-02	-1.33869000e-08
5.70818034e+01	2026-08-11T16:31:30.855649	0.00000000e+00	1	6	-3.24011000e-05	4.98438000e-10	6.35147000e-05	-1.97697000e-10
6.21950083e+01	2026-08-11T16:31:35.955464	0.00000000e+00	1	7	-2.63691000e-05	-1.35489000e-08	5.79596000e-05	1.95641000e-08
6.22397193e+01	2026-08-11T16:31:36.013469	0.00000000e+00	1	7	-4.61578000e-05	1.54795000e-05	-9.98800000e-02	-1.55011000e-05
6.24208207e+01	2026-08-11T16:31:36.195523	0.00000000e+00	1	7	-3.11375000e-05	3.65046000e-05	-1.99890000e-01	-3.65545000e-05
6.24664990e+01	2026-08-11T16:31:36.237020	0.00000000e+00	1	7	-3.37362000e-05	7.02144000e-05	-2.99897000e-01	-7.00534000e-05
6.25205838e+01	2026-08-11T16:31:36.294137	0.00000000e+00	1	7	-3.43561000e-05	1.18567000e-04	-3.99914000e-01	-1.17932000e-04
6.26117378e+01	2026-08-11T16:31:36.385930	0.00000000e+00	1	7	-3.29018000e-05	1.65263000e-04	-4.99914000e-01	-1.57366000e-04
6.26594619e+01	2026-08-11T16:31:36.433835	0.00000000e+00	1	7	-3.22104000e-05	1.98997000e-04	-5.99920000e-01	-1.92489000e-04
6.27072357e+01	2026-08-11T16:31:36.481632	0.00000000e+00	1	7	-3.14951000e-05	2.05029000e-04	-6.99933000e-01	-1.91111000e-04
6.27628388e+01	2026-08-11T16:31:36.535871	0.00000000e+00	1	7	-3.00169000e-05	1.44017000e-04	-7.99937000e-01	-1.38952000e-04
6.28183179e+01	2026-08-11T16:31:36.592792	0.00000000e+00	1	7	-2.95401000e-05	1.14003000e-04	-8.99937000e-01	-1.04533000e-04
6.28625071e+01	2026-08-11T16:31:36.624077	0.00000000e+00	1	7	-2.97785000e-05	1.02529000e-04	-9.99940000e-01	-8.84745000e-05
6.29270829e+01	2026-08-11T16:31:36.686752	0.00000000e+00	1	7	-3.35932000e-05	9.06403000e-05	-1.09994000e+00	-8.09220000e-05
6.29921499e+01	2026-08-11T16:31:36.766211	0.00000000e+00	1	7	-3.38793000e-05	7.59561000e-05	-1.19994000e+00	-7.24107000e-05
6.30551971e+01	2026-08-11T16:31:36.829736	0.00000000e+00	1	7	-3.30448000e-05	5.52187000e-05	-1.29994000e+00	-5.35517000e-05
6.31187877e+01	2026-08-11T16:31:36.893317	0.00000000e+00	1	7	-3.27826000e-05	4.95454000e-05	-1.39993000e+00	-5.06876000e-05
6.31829525e+01	2026-08-11T16:31:36.957760	0.00000000e+00	1	7	-3.56674000e-05	4.33829000e-05	-1.49993000e+00	-4.14183000e-05
6.32468891e+01	2026-08-11T16:31:37.020732	0.00000000e+00	1	7	-3.56197000e-05	3.43748000e-05	-1.59992000e+00	-3.49016000e-05
6.32938475e+01	2026-08-11T16:31:37.068469	0.00000000e+00	1	7	-3.49283000e-05	4.59928000e-05	-1.69991000e+00	-4.05184000e-05
6.33405846e+01	2026-08-11T16:31:37.115339	0.00000000e+00	1	7	-3.65973000e-05	4.93715000e-05	-1.79990000e+00	-4.34741000e-05
6.34002289e+01	2026-08-11T16:31:37.165279	0.00000000e+00	1	7	-3.50714000e-05	3.30359000e-05	-1.89990000e+00	-3.32371000e-05
6.34555430e+01	2026-08-11T16:31:37.228174	0.00000000e+00	1	7	-3.36409000e-05	2.06979000e-05	-1.99990000e+00	-2.11280000e-05
6.34997281e+01	2026-08-11T16:31:37.262112	0.00000000e+00	1	7	-3.38316000e-05	2.39567000e-05	-2.09883000e+00	-2.45665000e-05
6.35439920e+01	2026-08-11T16:31:37.308687	0.00000000e+00	1	7	-3.35932000e-05	2.61049000e-05	-2.19900000e+00	-2.61391000e-05
6.35986203e+01	2026-08-11T16:31:37.372055	0.00000000e+00	1	7	-3.33786000e-05	2.85661000e-05	-2.29881000e+00	-2.95198000e-05
6.36450615e+01	2026-08-11T16:31:37.419761	0.00000000e+00	1	7	-3.19481000e-05	3.14326000e-05	-2.39895000e+00	-3.07752000e-05
6.36913660e+01	2026-08-11T16:31:37.461867	0.00000000e+00	1	7	-3.13282000e-05	3.37298000e-05	-2.49906000e+00	-3.42247000e-05
6.37401949e+01	2026-08-11T16:31:37.514894	0.00000000e+00	1	7	-3.44515000e-05	3.68980000e-05	-2.59893000e+00	-3.67009000e-05
6.38040476e+01	2026-08-11T16:31:37.578721	0.00000000e+00	1	7	-3.64065000e-05	4.06350000e-05	-2.69899000e+00	-4.10560000e-05
6.38682577e+01	2026-08-11T16:31:37.642720	0.00000000e+00	1	7	-3.34978000e-05	4.55912000e-05	-2.79884000e+00	-4.54590000e-05
6.39325020e+01	2026-08-11T16:31:37.706266	0.00000000e+00	1	7	-3.49998000e-05	5.17318000e-05	-2.89902000e+00	-5.18175000e-05
6.39963638e+01	2026-08-11T16:31:37.770297	0.00000000e+00	1	7	-3.58105000e-05	5.64167000e-05	-2.99879000e+00	-5.61852000e-05
6.40428644e+01	2026-08-11T16:31:37.802316	0.00000000e+00	1	7	-3.50952000e-05	5.64934000e-05	-2.99880000e+00	-5.64029000e-05
6.40966368e+01	2026-08-11T16:31:37.866454	0.00000000e+00	1	7	-3.46661000e-05	5.31887000e-05	-2.89900000e+00	-5.40678000e-05
6.41528682e+01	2026-08-11T16:31:37.915778	0.00000000e+00	1	7	-3.48330000e-05	4.93305000e-05	-2.79884000e+00	-4.98394000e-05
6.42032007e+01	2026-08-11T16:31:37.978099	0.00000000e+00	1	7	-3.34978000e-05	4.92083000e-05	-2.69901000e+00	-4.82096000e-05
6.42554063e+01	2026-08-11T16:31:38.029186	0.00000000e+00	1	7	-3.25203000e-05	4.31133000e-05	-2.59896000e+00	-4.27763000e-05
6.43079541e+01	2026-08-11T16:31:38.080896	0.00000000e+00	1	7	-3.45230000e-05	3.91744000e-05	-2.49907000e+00	-3.93124000e-05
6.43610923e+01	2026-08-11T16:31:38.136180	0.00000000e+00	1	7	-3.17097000e-05	3.63769000e-05	-2.39894000e+00	-3.59601000e-05
6.44077195e+01	2026-08-11T16:31:38.181243	0.00000000e+00	1	7	-3.15666000e-05	3.32124000e-05	-2.29881000e+00	-3.28000000e-05
6.44587764e+01	2026-08-11T16:31:38.231979	0.00000000e+00	1	7	-3.08990000e-05	3.00189000e-05	-2.19904000e+00	-3.06419000e-05
6.45220463e+01	2026-08-11T16:31:38.296042	0.00000000e+00	1	7	-3.23772000e-05	2.70245000e-05	-2.09885000e+00	-2.69524000e-05
6.45765457e+01	2026-08-11T16:31:38.343702	0.00000000e+00	1	7	-3.22580000e-05	2.41700000e-05	-1.99990000e+00	-2.42630000e-05
6.46314226e+01	2026-08-11T16:31:38.404017	0.00000000e+00	1	7	-3.30210000e-05	2.19417000e-05	-1.89991000e+00	-2.22888000e-05
6.46776255e+01	2026-08-11T16:31:38.450175	0.00000000e+00	1	7	-3.19004000e-05	2.05971000e-05	-1.79991000e+00	-2.11414000e-05
6.47229143e+01	2026-08-11T16:31:38.496324	0.00000000e+00	1	7	-3.03268000e-05	1.81448000e-05	-1.69992000e+00	-1.86052000e-05
6.47766324e+01	2026-08-11T16:31:38.549993	0.00000000e+00	1	7	-3.47376000e-05	1.62395000e-05	-1.59993000e+00	-1.63491000e-05
6.48288960e+01	2026-08-11T16:31:38.600135	0.00000000e+00	1	7	-3.32117000e-05	1.42146000e-05	-1.49993000e+00	-1.41132000e-05
6.48924286e+01	2026-08-11T16:31:38.660729	0.00000000e+00	1	7	-3.27349000e-05	1.22622000e-05	-1.39994000e+00	-1.21248000e-05
6.49571194e+01	2026-08-11T16:31:38.730292	0.00000000e+00	1	7	-3.22342000e-05	1.03158000e-05	-1.29994000e+00	-1.03070000e-05
6.50133959e+01	2026-08-11T16:31:38.787817	0.00000000e+00	1	7	-3.83139000e-05	8.95932000e-06	-1.19995000e+00	-8.87688000e-06
6.50999711e+01	2026-08-11T16:31:38.870464	0.00000000e+00	1	7	-3.70502000e-05	7.32888000e-06	-1.09995000e+00	-7.28952000e-06
6.51566950e+01	2026-08-11T16:31:38.931030	0.00000000e+00	1	7	-3.74794000e-05	5.83271000e-06	-9.99946000e-01	-5.77786000e-06
6.52098816e+01	2026-08-11T16:31:38.985008	0.00000000e+00	1	7	-3.58105000e-05	4.44670000e-06	-8.99944000e-01	-4.35633000e-06
6.52657460e+01	2026-08-11T16:31:39.029811	0.00000000e+00	1	7	-3.88384000e-05	3.25056000e-06	-7.99938000e-01	-3.26177000e-06
6.53162716e+01	2026-08-11T16:31:39.091311	0.00000000e+00	1	7	-3.71695000e-05	2.32633000e-06	-6.99928000e-01	-2.31248000e-06
6.53803172e+01	2026-08-11T16:31:39.155284	0.00000000e+00	1	7	-3.62635000e-05	1.67936000e-06	-5.99921000e-01	-1.62910000e-06
6.54278313e+01	2026-08-11T16:31:39.202675	0.00000000e+00	1	7	-3.62873000e-05	9.48582000e-07	-4.99914000e-01	-9.68124000e-07
6.55249703e+01	2026-08-11T16:31:39.298865	0.00000000e+00	1	7	-3.72410000e-05	5.42810000e-07	-3.99918000e-01	-5.49967000e-07
6.55722599e+01	2026-08-11T16:31:39.347277	0.00000000e+00	1	7	-3.66449000e-05	2.58061000e-07	-2.99905000e-01	-2.39636000e-07
6.56194236e+01	2026-08-11T16:31:39.393788	0.00000000e+00	1	7	-3.99351000e-05	8.30446000e-08	-1.99898000e-01	-7.26268000e-08
6.57965392e+01	2026-08-11T16:31:39.570292	0.00000000e+00	1	7	-3.04937000e-05	2.54513000e-08	-9.98938000e-02	-1.54115000e-08
6.58593424e+01	2026-08-11T16:31:39.633315	0.00000000e+00	1	7	-3.67641000e-05	5.08213000e-10	6.36339000e-05	-2.00188000e-10
7.13343134e+01	2026-08-11T16:31:45.102076	0.00000000e+00	1	8	-2.31028000e-05	-1.10834000e-08	6.89268000e-05	1.13061000e-08
7.13813163e+01	2026-08-11T16:31:45.152818	0.00000000e+00	1	8	-3.14236000e-05	7.96105000e-06	-9.98826000e-02	-7.96609000e-06
7.15085087e+01	2026-08-11T16:31:45.278063	0.00000000e+00	1	8	-3.51906000e-05	1.81127000e-05	-1.99880000e-01	-1.81751000e-05
7.16016832e+01	2026-08-11T16:31:45.374146	0.00000000e+00	1	8	-2.74181000e-05	3.27537000e-05	-2.99890000e-01	-3.27762000e-05
7.16638472e+01	2026-08-11T16:31:45.438118	0.00000000e+00	1	8	-2.95162000e-05	5.31442000e-05	-3.99902000e-01	-5.31641000e-05
7.17107166e+01	2026-08-11T16:31:45.485910	0.00000000e+00	1	8	-2.98738000e-05	7.89397000e-05	-4.99899000e-01	-7.91031000e-05
7.17626127e+01	2026-08-11T16:31:45.533887	0.00000000e+00	1	8	-3.02076000e-05	1.09997000e-04	-5.99910000e-01	-1.09031000e-04
7.18556211e+01	2026-08-11T16:31:45.629926	0.00000000e+00	1	8	-2.70844000e-05	1.39068000e-04	-6.99922000e-01	-1.40631000e-04
7.18998517e+01	2026-08-11T16:31:45.661256	0.00000000e+00	1	8	-2.74897000e-05	1.59295000e-04	-7.99930000e-01	-1.60036000e-04
7.19493941e+01	2026-08-11T16:31:45.724051	0.00000000e+00	1	8	-2.93255000e-05	1.98980000e-04	-8.99929000e-01	-1.86208000e-04
7.20066031e+01	2026-08-11T16:31:45.771931	0.00000000e+00	1	8	-2.91824000e-05	1.97727000e-04	-9.99935000e-01	-1.98552000e-04
7.20593405e+01	2026-08-11T16:31:45.830759	0.00000000e+00	1	8	-3.30448000e-05	1.76131000e-04	-1.09993000e+00	-1.66259000e-04
7.21087279e+01	2026-08-11T16:31:45.882980	0.00000000e+00	1	8	-3.20196000e-05	3.07294000e-05	-1.19993000e+00	-2.77717000e-05
7.22046951e+01	2026-08-11T16:31:45.978552	0.00000000e+00	1	8	-2.78950000e-05	3.08278000e-05	-1.29994000e+00	-2.96779000e-05
7.22511604e+01	2026-08-11T16:31:46.026210	0.00000000e+00	1	8	-2.83957000e-05	2.60827000e-05	-1.39992000e+00	-2.47492000e-05
7.23008917e+01	2026-08-11T16:31:46.074911	0.00000000e+00	1	8	-2.80857000e-05	1.94458000e-05	-1.49992000e+00	-1.81895000e-05
7.23644502e+01	2026-08-11T16:31:46.138221	0.00000000e+00	1	8	-2.94447000e-05	2.47967000e-05	-1.59991000e+00	-2.43445000e-05
7.24276933e+01	2026-08-11T16:31:46.202015	0.00000000e+00	1	8	-2.84672000e-05	2.73154000e-05	-1.69990000e+00	-2.67705000e-05
7.24739033e+01	2026-08-11T16:31:46.246571	0.00000000e+00	1	8	-2.83957000e-05	3.95980000e-05	-1.79989000e+00	-3.67272000e-05
7.25238165e+01	2026-08-11T16:31:46.297804	0.00000000e+00	1	8	-2.50578000e-05	2.34819000e-05	-1.89989000e+00	-2.31810000e-05
7.25681805e+01	2026-08-11T16:31:46.329671	0.00000000e+00	1	8	-2.56300000e-05	2.67484000e-05	-1.99988000e+00	-2.52800000e-05
7.26206033e+01	2026-08-11T16:31:46.393352	0.00000000e+00	1	8	-2.69890000e-05	2.99808000e-05	-2.09871000e+00	-2.78764000e-05
7.26733778e+01	2026-08-11T16:31:46.442507	0.00000000e+00	1	8	-2.70128000e-05	3.13981000e-05	-2.19887000e+00	-3.17430000e-05
7.27297540e+01	2026-08-11T16:31:46.504447	0.00000000e+00	1	8	-2.90155000e-05	3.42196000e-05	-2.29871000e+00	-3.39044000e-05
7.27784596e+01	2026-08-11T16:31:46.552221	0.00000000e+00	1	8	-2.81096000e-05	4.13850000e-05	-2.39884000e+00	-4.34957000e-05
7.28230908e+01	2026-08-11T16:31:46.584389	0.00000000e+00	1	8	-2.88963000e-05	3.87699000e-05	-2.49898000e+00	-3.61002000e-05
7.28772746e+01	2026-08-11T16:31:46.649405	0.00000000e+00	1	8	-2.92301000e-05	3.87021000e-05	-2.59886000e+00	-3.89137000e-05
7.29401747e+01	2026-08-11T16:31:46.712480	0.00000000e+00	1	8	-3.13520000e-05	3.92374000e-05	-2.69895000e+00	-3.98915000e-05
7.30015168e+01	2026-08-11T16:31:46.775774	0.00000000e+00	1	8	-3.22342000e-05	4.33264000e-05	-2.79882000e+00	-4.37372000e-05
7.30655481e+01	2026-08-11T16:31:46.839728	0.00000000e+00	1	8	-3.38793000e-05	4.91951000e-05	-2.89899000e+00	-5.01410000e-05
7.31290836e+01	2026-08-11T16:31:46.904058	0.00000000e+00	1	8	-3.36647000e-05	5.36977000e-05	-2.99877000e+00	-5.45377000e-05
7.31795487e+01	2026-08-11T16:31:46.952929	0.00000000e+00	1	8	-3.32356000e-05	5.37430000e-05	-2.99876000e+00	-5.45767000e-05
7.32408756e+01	2026-08-11T16:31:47.015015	0.00000000e+00	1	8	-3.32594000e-05	5.12301000e-05	-2.89898000e+00	-5.08646000e-05
7.33039182e+01	2026-08-11T16:31:47.078021	0.00000000e+00	1	8	-3.29733000e-05	4.79237000e-05	-2.79882000e+00	-4.83019000e-05
7.33685799e+01	2026-08-11T16:31:47.142306	0.00000000e+00	1	8	-3.19242000e-05	4.28702000e-05	-2.69896000e+00	-4.34724000e-05
7.34313399e+01	2026-08-11T16:31:47.205864	0.00000000e+00	1	8	-3.56674000e-05	4.00144000e-05	-2.59888000e+00	-4.00705000e-05
7.34959391e+01	2026-08-11T16:31:47.269703	0.00000000e+00	1	8	-3.58582000e-05	3.65406000e-05	-2.49900000e+00	-3.69744000e-05
7.35590796e+01	2026-08-11T16:31:47.332836	0.00000000e+00	1	8	-3.39508000e-05	3.41688000e-05	-2.39886000e+00	-3.40310000e-05
7.36222512e+01	2026-08-11T16:31:47.396668	0.00000000e+00	1	8	-3.54767000e-05	3.08129000e-05	-2.29874000e+00	-3.09591000e-05
7.36865612e+01	2026-08-11T16:31:47.461186	0.00000000e+00	1	8	-3.47614000e-05	2.79778000e-05	-2.19891000e+00	-2.80812000e-05
7.37503483e+01	2026-08-11T16:31:47.524928	0.00000000e+00	1	8	-3.44515000e-05	2.54082000e-05	-2.09876000e+00	-2.55246000e-05
7.38136491e+01	2026-08-11T16:31:47.587674	0.00000000e+00	1	8	-3.55959000e-05	2.35385000e-05	-1.99988000e+00	-2.32303000e-05
7.38771236e+01	2026-08-11T16:31:47.651379	0.00000000e+00	1	8	-3.69549000e-05	2.06771000e-05	-1.89989000e+00	-2.05949000e-05
7.39401742e+01	2026-08-11T16:31:47.713938	0.00000000e+00	1	8	-3.77655000e-05	1.87206000e-05	-1.79990000e+00	-1.86904000e-05
7.39876214e+01	2026-08-11T16:31:47.761719	0.00000000e+00	1	8	-3.61919000e-05	1.64868000e-05	-1.69991000e+00	-1.64858000e-05
7.40412624e+01	2026-08-11T16:31:47.809911	0.00000000e+00	1	8	-3.28302000e-05	1.43840000e-05	-1.59991000e+00	-1.43294000e-05
7.41033723e+01	2026-08-11T16:31:47.874064	0.00000000e+00	1	8	-3.45945000e-05	1.25279000e-05	-1.49993000e+00	-1.25321000e-05
7.41658567e+01	2026-08-11T16:31:47.938294	0.00000000e+00	1	8	-3.45469000e-05	1.08160000e-05	-1.39993000e+00	-1.07770000e-05
7.42286098e+01	2026-08-11T16:31:48.001362	0.00000000e+00	1	8	-3.86477000e-05	9.65119000e-06	-1.29994000e+00	-9.41340000e-06
7.43225746e+01	2026-08-11T16:31:48.096738	0.00000000e+00	1	8	-4.04119000e-05	7.83028000e-06	-1.19994000e+00	-7.77650000e-06
7.43864954e+01	2026-08-11T16:31:48.160362	0.00000000e+00	1	8	-3.98636000e-05	6.50255000e-06	-1.09994000e+00	-6.44796000e-06
7.44502296e+01	2026-08-11T16:31:48.224068	0.00000000e+00	1	8	-3.80039000e-05	5.18121000e-06	-9.99943000e-01	-5.16088000e-06
7.45135001e+01	2026-08-11T16:31:48.287953	0.00000000e+00	1	8	-3.51429000e-05	4.09811000e-06	-8.99937000e-01	-4.09005000e-06
7.45609057e+01	2026-08-11T16:31:48.335450	0.00000000e+00	1	8	-3.62396000e-05	3.09889000e-06	-7.99938000e-01	-3.08510000e-06
7.46110790e+01	2026-08-11T16:31:48.385710	0.00000000e+00	1	8	-3.60966000e-05	2.20367000e-06	-6.99927000e-01	-2.20234000e-06
7.46723878e+01	2026-08-11T16:31:48.446302	0.00000000e+00	1	8	-3.57866000e-05	1.51579000e-06	-5.99915000e-01	-1.51380000e-06
7.47190260e+01	2026-08-11T16:31:48.493551	0.00000000e+00	1	8	-3.73602000e-05	9.34895000e-07	-4.99908000e-01	-9.31106000e-07
7.48070304e+01	2026-08-11T16:31:48.574371	0.00000000e+00	1	8	-3.35217000e-05	5.18294000e-07	-3.99910000e-01	-5.11037000e-07
7.48636423e+01	2026-08-11T16:31:48.636974	0.00000000e+00	1	8	-3.44038000e-05	2.30023000e-07	-2.99898000e-01	-2.29627000e-07
7.49270145e+01	2026-08-11T16:31:48.702185	0.00000000e+00	1	8	-4.03643000e-05	8.11911000e-08	-1.99893000e-01	-7.50379000e-08
7.51245729e+01	2026-08-11T16:31:48.898935	0.00000000e+00	1	8	-3.53336000e-05	1.49850000e-08	-9.98934000e-02	-1.46701000e-08
7.51803369e+01	2026-08-11T16:31:48.951299	0.00000000e+00	1	8	-3.24488000e-05	2.62852000e-09	5.70536000e-05	-2.85852000e-10
8.05031696e+01	2026-08-11T16:31:54.276738	0.00000000e+00	1	9	-2.17676000e-05	-1.37439000e-08	5.70774000e-05	1.98718000e-08
8.05558464e+01	2026-08-11T16:31:54.330152	0.00000000e+00	1	9	-3.91483000e-05	1.60111000e-05	-9.98973000e-02	-1.60326000e-05
8.07243072e+01	2026-08-11T16:31:54.490106	0.00000000e+00	1	9	-2.62260000e-05	3.59924000e-05	-1.99908000e-01	-3.60330000e-05
8.07790018e+01	2026-08-11T16:31:54.551660	0.00000000e+00	1	9	-2.78950000e-05	6.39843000e-05	-2.99914000e-01	-6.40182000e-05
8.08341930e+01	2026-08-11T16:31:54.602664	0.00000000e+00	1	9	-2.87533000e-05	1.02920000e-04	-3.99931000e-01	-1.02700000e-04
8.09241832e+01	2026-08-11T16:31:54.698256	0.00000000e+00	1	9	-2.98500000e-05	1.53716000e-04	-4.99934000e-01	-1.60918000e-04
8.09719366e+01	2026-08-11T16:31:54.746113	0.00000000e+00	1	9	-3.01838000e-05	2.68370000e-04	-5.99937000e-01	-2.68152000e-04
8.10191647e+01	2026-08-11T16:31:54.793972	0.00000000e+00	1	9	-2.57015000e-05	2.64373000e-04	-6.99947000e-01	-2.12321000e-04
8.10732659e+01	2026-08-11T16:31:54.841861	0.00000000e+00	1	9	-2.64645000e-05	1.40167000e-04	-7.99957000e-01	-1.26389000e-04
8.11354543e+01	2026-08-11T16:31:54.905691	0.00000000e+00	1	9	-2.74897000e-05	1.00610000e-04	-8.99950000e-01	-9.28660000e-05
8.12018886e+01	2026-08-11T16:31:54.969618	0.00000000e+00	1	9	-3.04461000e-05	8.77216000e-05	-9.99958000e-01	-8.31921000e-05
8.12686441e+01	2026-08-11T16:31:55.033536	0.00000000e+00	1	9	-3.16620000e-05	8.00921000e-05	-1.09996000e+00	-7.58769000e-05
8.13257901e+01	2026-08-11T16:31:55.097590	0.00000000e+00	1	9	-3.04461000e-05	6.52702000e-05	-1.19995000e+00	-6.25230000e-05
8.13793463e+01	2026-08-11T16:31:55.148549	0.00000000e+00	1	9	-3.24249000e-05	5.24772000e-05	-1.29996000e+00	-4.89213000e-05
8.14347837e+01	2026-08-11T16:31:55.209526	0.00000000e+00	1	9	-3.02315000e-05	4.51932000e-05	-1.39995000e+00	-4.04333000e-05
8.14935649e+01	2026-08-11T16:31:55.257047	0.00000000e+00	1	9	-2.92301000e-05	3.97104000e-05	-1.49995000e+00	-3.88093000e-05
8.15572238e+01	2026-08-11T16:31:55.330392	0.00000000e+00	1	9	-2.78711000e-05	1.26714000e-05	-1.59994000e+00	-1.28756000e-05
8.16209141e+01	2026-08-11T16:31:55.394333	0.00000000e+00	1	9	-2.53677000e-05	1.46095000e-05	-1.69993000e+00	-1.46497000e-05
8.16737549e+01	2026-08-11T16:31:55.447691	0.00000000e+00	1	9	-2.66075000e-05	1.65405000e-05	-1.79992000e+00	-1.66442000e-05
8.17188000e+01	2026-08-11T16:31:55.479738	0.00000000e+00	1	9	-2.77758000e-05	1.85581000e-05	-1.89992000e+00	-1.86170000e-05
8.17682627e+01	2026-08-11T16:31:55.543092	0.00000000e+00	1	9	-2.93732000e-05	2.09640000e-05	-1.99991000e+00	-2.18293000e-05
8.18172594e+01	2026-08-11T16:31:55.590624	0.00000000e+00	1	9	-3.04461000e-05	2.48071000e-05	-2.09897000e+00	-2.50061000e-05
8.18755943e+01	2026-08-11T16:31:55.649013	0.00000000e+00	1	9	-3.00169000e-05	2.71272000e-05	-2.19910000e+00	-2.67154000e-05
8.19210370e+01	2026-08-11T16:31:55.687554	0.00000000e+00	1	9	-3.18050000e-05	2.86070000e-05	-2.29894000e+00	-2.86407000e-05
8.19755695e+01	2026-08-11T16:31:55.750274	0.00000000e+00	1	9	-3.06368000e-05	3.08111000e-05	-2.39909000e+00	-3.16539000e-05
8.20394671e+01	2026-08-11T16:31:55.814141	0.00000000e+00	1	9	-3.19004000e-05	3.25388000e-05	-2.49918000e+00	-3.29042000e-05
8.21037406e+01	2026-08-11T16:31:55.877571	0.00000000e+00	1	9	-3.09944000e-05	3.52037000e-05	-2.59905000e+00	-3.60618000e-05
8.21668291e+01	2026-08-11T16:31:55.940738	0.00000000e+00	1	9	-3.14713000e-05	4.01715000e-05	-2.69913000e+00	-3.99698000e-05
8.22300848e+01	2026-08-11T16:31:56.004319	0.00000000e+00	1	9	-3.09467000e-05	4.39999000e-05	-2.79900000e+00	-4.48953000e-05
8.22944783e+01	2026-08-11T16:31:56.068335	0.00000000e+00	1	9	-3.11136000e-05	5.08229000e-05	-2.89917000e+00	-5.09295000e-05
8.23583835e+01	2026-08-11T16:31:56.132644	0.00000000e+00	1	9	-3.17097000e-05	5.57870000e-05	-2.99895000e+00	-5.69778000e-05
8.24078180e+01	2026-08-11T16:31:56.179930	0.00000000e+00	1	9	-3.06845000e-05	5.77891000e-05	-2.99897000e+00	-5.80615000e-05
8.24659620e+01	2026-08-11T16:31:56.240440	0.00000000e+00	1	9	-2.96831000e-05	5.44708000e-05	-2.89915000e+00	-5.38772000e-05
8.25110739e+01	2026-08-11T16:31:56.285975	0.00000000e+00	1	9	-2.98262000e-05	4.99375000e-05	-2.79899000e+00	-5.03765000e-05
8.25644656e+01	2026-08-11T16:31:56.338988	0.00000000e+00	1	9	-3.05891000e-05	4.68179000e-05	-2.69914000e+00	-4.65097000e-05
8.26098956e+01	2026-08-11T16:31:56.370587	0.00000000e+00	1	9	-2.92063000e-05	4.19037000e-05	-2.59904000e+00	-4.17049000e-05
8.26630679e+01	2026-08-11T16:31:56.434759	0.00000000e+00	1	9	-2.93732000e-05	3.88381000e-05	-2.49920000e+00	-3.86885000e-05
8.27249204e+01	2026-08-11T16:31:56.497335	0.00000000e+00	1	9	-2.77519000e-05	3.45087000e-05	-2.39907000e+00	-3.43901000e-05
8.27883082e+01	2026-08-11T16:31:56.561031	0.00000000e+00	1	9	-2.97070000e-05	3.16665000e-05	-2.29894000e+00	-3.18269000e-05
8.28471893e+01	2026-08-11T16:31:56.619419	0.00000000e+00	1	9	-3.19481000e-05	2.88712000e-05	-2.19914000e+00	-2.88708000e-05
8.29049756e+01	2026-08-11T16:31:56.672780	0.00000000e+00	1	9	-3.19481000e-05	2.69263000e-05	-2.09895000e+00	-2.69819000e-05
8.29584743e+01	2026-08-11T16:31:56.731158	0.00000000e+00	1	9	-3.22819000e-05	2.43189000e-05	-1.99991000e+00	-2.42407000e-05
8.30037500e+01	2026-08-11T16:31:56.777181	0.00000000e+00	1	9	-3.39508000e-05	2.19236000e-05	-1.89992000e+00	-2.18655000e-05
8.30576517e+01	2026-08-11T16:31:56.832198	0.00000000e+00	1	9	-3.55244000e-05	1.92900000e-05	-1.79992000e+00	-1.92209000e-05
8.31205464e+01	2026-08-11T16:31:56.895215	0.00000000e+00	1	9	-3.65973000e-05	1.71352000e-05	-1.69993000e+00	-1.72472000e-05
8.31840832e+01	2026-08-11T16:31:56.958651	0.00000000e+00	1	9	-3.81231000e-05	1.52671000e-05	-1.59993000e+00	-1.51964000e-05
8.32487530e+01	2026-08-11T16:31:57.022851	0.00000000e+00	1	9	-3.58820000e-05	1.31651000e-05	-1.49994000e+00	-1.32024000e-05
8.33134433e+01	2026-08-11T16:31:57.087081	0.00000000e+00	1	9	-3.63827000e-05	1.14254000e-05	-1.39994000e+00	-1.14588000e-05
8.33767669e+01	2026-08-11T16:31:57.150721	0.00000000e+00	1	9	-4.12941000e-05	9.82538000e-06	-1.29996000e+00	-9.48272000e-06
8.34850698e+01	2026-08-11T16:31:57.256665	0.00000000e+00	1	9	-4.30822000e-05	8.04848000e-06	-1.19996000e+00	-8.08642000e-06
8.35517529e+01	2026-08-11T16:31:57.326007	0.00000000e+00	1	9	-4.22478000e-05	6.74413000e-06	-1.09996000e+00	-6.73267000e-06
8.36037844e+01	2026-08-11T16:31:57.374129	0.00000000e+00	1	9	-4.26531000e-05	5.46792000e-06	-9.99954000e-01	-5.55967000e-06
8.36562121e+01	2026-08-11T16:31:57.427667	0.00000000e+00	1	9	-4.02689000e-05	4.27461000e-06	-8.99952000e-01	-4.22904000e-06
8.37156412e+01	2026-08-11T16:31:57.485047	0.00000000e+00	1	9	-3.80278000e-05	3.20240000e-06	-7.99950000e-01	-3.23728000e-06
8.37818867e+01	2026-08-11T16:31:57.555216	0.00000000e+00	1	9	-3.98159000e-05	2.22649000e-06	-6.99942000e-01	-2.24153000e-06
8.38395601e+01	2026-08-11T16:31:57.613232	0.00000000e+00	1	9	-3.66926000e-05	1.53663000e-06	-5.99932000e-01	-1.54362000e-06
8.38860238e+01	2026-08-11T16:31:57.660889	0.00000000e+00	1	9	-3.76701000e-05	9.79978000e-07	-4.99919000e-01	-9.57458000e-07
8.39725078e+01	2026-08-11T16:31:57.745651	0.00000000e+00	1	9	-3.53575000e-05	5.26954000e-07	-3.99920000e-01	-5.22450000e-07
8.40305773e+01	2026-08-11T16:31:57.804818	0.00000000e+00	1	9	-3.50237000e-05	2.34629000e-07	-2.99909000e-01	-2.30653000e-07
8.40947292e+01	2026-08-11T16:31:57.869468	0.00000000e+00	1	9	-3.89814000e-05	7.62693000e-08	-1.99905000e-01	-7.36159000e-08
8.42942794e+01	2026-08-11T16:31:58.061019	0.00000000e+00	1	9	-3.46661000e-05	1.54171000e-08	-9.99007000e-02	-1.49360000e-08
8.43508606e+01	2026-08-11T16:31:58.124987	0.00000000e+00	1	9	-3.03507000e-05	3.01056000e-09	5.50985000e-05	-3.17657000e-10
8.94161395e+01	2026-08-11T16:32:03.178744	0.00000000e+00	1	10	-1.91212000e-05	-5.18491000e-08	5.39064000e-05	6.80596000e-08
8.94685993e+01	2026-08-11T16:32:03.242467	0.00000000e+00	1	10	-3.85284000e-05	5.79726000e-05	-9.98838000e-02	-5.80176000e-05
8.96362634e+01	2026-08-11T16:32:03.401852	0.00000000e+00	1	10	-3.55959000e-05	1.25511000e-04	-1.99892000e-01	-1.25541000e-04
8.97236684e+01	2026-08-11T16:32:03.498094	0.00000000e+00	1	10	-3.35217000e-05	2.04060000e-04	-2.99901000e-01	-2.04013000e-04
8.97881168e+01	2026-08-11T16:32:03.562161	0.00000000e+00	1	10	-3.39746000e-05	2.90084000e-04	-3.99915000e-01	-2.89942000e-04
8.98511073e+01	2026-08-11T16:32:03.625263	0.00000000e+00	1	10	-3.34740000e-05	3.79792000e-04	-4.99915000e-01	-3.79590000e-04
8.99153112e+01	2026-08-11T16:32:03.689646	0.00000000e+00	1	10	-3.57151000e-05	4.70987000e-04	-5.99915000e-01	-4.71105000e-04
8.99790687e+01	2026-08-11T16:32:03.753017	0.00000000e+00	1	10	-3.68595000e-05	5.61412000e-04	-6.99931000e-01	-5.60326000e-04
9.00422438e+01	2026-08-11T16:32:03.816668	0.00000000e+00	1	10	-3.36409000e-05	6.45407000e-04	-7.99934000e-01	-6.43678000e-04
9.01062903e+01	2026-08-11T16:32:03.880334	0.00000000e+00	1	10	-3.49283000e-05	7.15729000e-04	-8.99939000e-01	-6.99572000e-04
9.01695686e+01	2026-08-11T16:32:03.943913	0.00000000e+00	1	10	-2.09570000e-05	3.32426000e-04	-9.99943000e-01	-1.31714000e-04
9.02331630e+01	2026-08-11T16:32:04.007830	0.00000000e+00	1	10	-2.90871000e-05	1.01151000e-04	-1.09995000e+00	-1.00513000e-04
9.02966883e+01	2026-08-11T16:32:04.070679	0.00000000e+00	1	10	-2.88725000e-05	7.30153000e-05	-1.19994000e+00	-6.55062000e-05
9.03931454e+01	2026-08-11T16:32:04.166750	0.00000000e+00	1	10	-2.92063000e-05	6.01528000e-05	-1.29994000e+00	-5.08025000e-05
9.04445933e+01	2026-08-11T16:32:04.214676	0.00000000e+00	1	10	-2.97546000e-05	4.90582000e-05	-1.39993000e+00	-4.40870000e-05
9.05028329e+01	2026-08-11T16:32:04.262961	0.00000000e+00	1	10	-2.62260000e-05	3.93971000e-05	-1.49993000e+00	-3.91158000e-05
9.05528737e+01	2026-08-11T16:32:04.326327	0.00000000e+00	1	10	-2.81096000e-05	1.83107000e-05	-1.59992000e+00	-1.73975000e-05
9.06087300e+01	2026-08-11T16:32:04.374433	0.00000000e+00	1	10	-2.58207000e-05	2.00214000e-05	-1.69991000e+00	-2.01537000e-05
9.06633009e+01	2026-08-11T16:32:04.437226	0.00000000e+00	1	10	-2.67982000e-05	2.36316000e-05	-1.79990000e+00	-2.41178000e-05
9.07087557e+01	2026-08-11T16:32:04.470304	0.00000000e+00	1	10	-2.77519000e-05	2.76779000e-05	-1.89990000e+00	-2.68583000e-05
9.07593941e+01	2026-08-11T16:32:04.531692	0.00000000e+00	1	10	-2.85864000e-05	3.25504000e-05	-1.99990000e+00	-3.31154000e-05
9.08238791e+01	2026-08-11T16:32:04.594721	0.00000000e+00	1	10	-3.06606000e-05	4.51492000e-05	-2.09878000e+00	-4.35048000e-05
9.08800782e+01	2026-08-11T16:32:04.653142	0.00000000e+00	1	10	-2.56538000e-05	3.77746000e-05	-2.19897000e+00	-3.80670000e-05
9.09338363e+01	2026-08-11T16:32:04.706678	0.00000000e+00	1	10	-2.94209000e-05	4.04821000e-05	-2.29880000e+00	-3.91272000e-05
9.09791298e+01	2026-08-11T16:32:04.738662	0.00000000e+00	1	10	-2.94685000e-05	4.52659000e-05	-2.39891000e+00	-4.49746000e-05
9.10257885e+01	2026-08-11T16:32:04.796946	0.00000000e+00	1	10	-3.05176000e-05	3.87269000e-05	-2.49904000e+00	-3.90490000e-05
9.10783719e+01	2026-08-11T16:32:04.850755	0.00000000e+00	1	10	-3.02553000e-05	3.87542000e-05	-2.59892000e+00	-4.15456000e-05
9.11439352e+01	2026-08-11T16:32:04.914862	0.00000000e+00	1	10	-3.02792000e-05	4.43346000e-05	-2.69900000e+00	-4.58174000e-05
9.12050140e+01	2026-08-11T16:32:04.979139	0.00000000e+00	1	10	-2.95401000e-05	4.92270000e-05	-2.79884000e+00	-4.94860000e-05
9.12573110e+01	2026-08-11T16:32:05.027834	0.00000000e+00	1	10	-2.83003000e-05	5.54113000e-05	-2.89902000e+00	-5.60766000e-05
9.13188724e+01	2026-08-11T16:32:05.090566	0.00000000e+00	1	10	-2.73466000e-05	5.97851000e-05	-2.99883000e+00	-5.70104000e-05
9.13721771e+01	2026-08-11T16:32:05.138436	0.00000000e+00	1	10	-2.56777000e-05	5.77941000e-05	-2.99882000e+00	-5.82449000e-05
9.14254142e+01	2026-08-11T16:32:05.185711	0.00000000e+00	1	10	-2.47717000e-05	5.44505000e-05	-2.89902000e+00	-5.37997000e-05
9.14709820e+01	2026-08-11T16:32:05.244391	0.00000000e+00	1	10	-2.56062000e-05	5.10681000e-05	-2.79887000e+00	-5.11871000e-05
9.15234305e+01	2026-08-11T16:32:05.297539	0.00000000e+00	1	10	-2.31743000e-05	4.78237000e-05	-2.69900000e+00	-4.65226000e-05
9.15872342e+01	2026-08-11T16:32:05.361405	0.00000000e+00	1	10	-2.50578000e-05	4.42451000e-05	-2.59893000e+00	-4.40843000e-05
9.16509559e+01	2026-08-11T16:32:05.424794	0.00000000e+00	1	10	-2.50578000e-05	4.01752000e-05	-2.49904000e+00	-4.04599000e-05
9.17144670e+01	2026-08-11T16:32:05.489174	0.00000000e+00	1	10	-2.47240000e-05	3.63482000e-05	-2.39891000e+00	-3.62573000e-05
9.17791613e+01	2026-08-11T16:32:05.553015	0.00000000e+00	1	10	-2.52247000e-05	3.35735000e-05	-2.29878000e+00	-3.31649000e-05
9.18415344e+01	2026-08-11T16:32:05.615392	0.00000000e+00	1	10	-2.48671000e-05	3.08671000e-05	-2.19899000e+00	-3.02483000e-05
9.19044450e+01	2026-08-11T16:32:05.678778	0.00000000e+00	1	10	-2.39134000e-05	2.70042000e-05	-2.09881000e+00	-2.71531000e-05
9.19690026e+01	2026-08-11T16:32:05.742757	0.00000000e+00	1	10	-2.58684000e-05	2.48559000e-05	-1.99990000e+00	-2.46022000e-05
9.20327179e+01	2026-08-11T16:32:05.806779	0.00000000e+00	1	10	-2.63691000e-05	2.20007000e-05	-1.89991000e+00	-2.19189000e-05
9.20966655e+01	2026-08-11T16:32:05.870664	0.00000000e+00	1	10	-2.53439000e-05	1.98817000e-05	-1.79991000e+00	-1.97301000e-05
9.21445315e+01	2026-08-11T16:32:05.918403	0.00000000e+00	1	10	-2.66790000e-05	1.76480000e-05	-1.69992000e+00	-1.74770000e-05
9.21991960e+01	2026-08-11T16:32:05.965948	0.00000000e+00	1	10	-2.73705000e-05	1.54645000e-05	-1.59993000e+00	-1.55444000e-05
9.22445245e+01	2026-08-11T16:32:06.013761	0.00000000e+00	1	10	-2.60592000e-05	1.36146000e-05	-1.49994000e+00	-1.36168000e-05
9.23047919e+01	2026-08-11T16:32:06.077243	0.00000000e+00	1	10	-2.76804000e-05	1.17665000e-05	-1.39994000e+00	-1.17465000e-05
9.23664610e+01	2026-08-11T16:32:06.141080	0.00000000e+00	1	10	-2.58923000e-05	1.00507000e-05	-1.29995000e+00	-1.01389000e-05
9.24308717e+01	2026-08-11T16:32:06.205179	0.00000000e+00	1	10	-3.18289000e-05	8.69187000e-06	-1.19995000e+00	-8.44053000e-06
9.25264069e+01	2026-08-11T16:32:06.300571	0.00000000e+00	1	10	-3.55959000e-05	6.94785000e-06	-1.09995000e+00	-6.96098000e-06
9.25908729e+01	2026-08-11T16:32:06.364761	0.00000000e+00	1	10	-3.36885000e-05	5.57488000e-06	-9.99950000e-01	-5.55638000e-06
9.26539818e+01	2026-08-11T16:32:06.428073	0.00000000e+00	1	10	-3.27110000e-05	4.35294000e-06	-8.99938000e-01	-4.32007000e-06
9.27180601e+01	2026-08-11T16:32:06.491751	0.00000000e+00	1	10	-3.19004000e-05	3.29153000e-06	-7.99934000e-01	-3.28113000e-06
9.27812094e+01	2026-08-11T16:32:06.556074	0.00000000e+00	1	10	-3.31402000e-05	2.38456000e-06	-6.99929000e-01	-2.38976000e-06
9.28456440e+01	2026-08-11T16:32:06.619585	0.00000000e+00	1	10	-3.29971000e-05	1.66901000e-06	-5.99919000e-01	-1.63414000e-06
9.29096976e+01	2026-08-11T16:32:06.683640	0.00000000e+00	1	10	-3.27349000e-05	1.04419000e-06	-4.99913000e-01	-1.02941000e-06
9.29734494e+01	2026-08-11T16:32:06.747516	0.00000000e+00	1	10	-3.81231000e-05	5.62844000e-07	-3.99907000e-01	-5.38464000e-07
9.30696869e+01	2026-08-11T16:32:06.843347	0.00000000e+00	1	10	-3.58820000e-05	2.46981000e-07	-2.99896000e-01	-2.44895000e-07
9.31333757e+01	2026-08-11T16:32:06.907568	0.00000000e+00	1	10	-3.91245000e-05	8.61615000e-08	-1.99891000e-01	-8.25667000e-08
9.33352903e+01	2026-08-11T16:32:07.110430	0.00000000e+00	1	10	-3.19481000e-05	1.81506000e-08	-9.98881000e-02	-1.68949000e-08
9.33893181e+01	2026-08-11T16:32:07.163893	0.00000000e+00	1	10	-2.79903000e-05	3.04133000e-09	5.85079000e-05	-3.14569000e-10
9.85439092e+01	2026-08-11T16:32:12.310548	0.00000000e+00	1	11	-1.18017000e-05	-3.31282000e-08	6.02245000e-05	4.67281000e-08
9.85900613e+01	2026-08-11T16:32:12.359927	0.00000000e+00	1	11	-2.85149000e-05	4.16952000e-05	-9.98802000e-02	-4.15672000e-05
9.87589065e+01	2026-08-11T16:32:12.518395	0.00000000e+00	1	11	-2.50816000e-05	9.79463000e-05	-1.99890000e-01	-9.78724000e-05
9.88075604e+01	2026-08-11T16:32:12.582167	0.00000000e+00	1	11	-2.64406000e-05	1.72644000e-04	-2.99905000e-01	-1.72515000e-04
9.89048522e+01	2026-08-11T16:32:12.676960	0.00000000e+00	1	11	-2.97308000e-05	2.58352000e-04	-3.99913000e-01	-2.58351000e-04
9.89667119e+01	2026-08-11T16:32:12.740743	0.00000000e+00	1	11	-3.19719000e-05	3.48753000e-04	-4.99915000e-01	-3.48828000e-04
9.90304103e+01	2026-08-11T16:32:12.804459	0.00000000e+00	1	11	-3.06606000e-05	4.40886000e-04	-5.99919000e-01	-4.41088000e-04
9.90783693e+01	2026-08-11T16:32:12.852683	0.00000000e+00	1	11	-3.43561000e-05	5.34599000e-04	-6.99926000e-01	-5.34416000e-04
9.91332529e+01	2026-08-11T16:32:12.900455	0.00000000e+00	1	11	-3.54528000e-05	6.22922000e-04	-7.99939000e-01	-6.18621000e-04
9.91859289e+01	2026-08-11T16:32:12.960524	0.00000000e+00	1	11	-3.22342000e-05	6.77590000e-04	-8.99940000e-01	-6.30129000e-04
9.92396143e+01	2026-08-11T16:32:13.013569	0.00000000e+00	1	11	-3.18289000e-05	1.97358000e-04	-9.99947000e-01	-1.76070000e-04
9.93032362e+01	2026-08-11T16:32:13.075498	0.00000000e+00	1	11	-2.84433000e-05	1.57221000e-04	-1.09995000e+00	-1.44898000e-04
9.93481794e+01	2026-08-11T16:32:13.118176	0.00000000e+00	1	11	-2.70128000e-05	1.31800000e-04	-1.19995000e+00	-1.13116000e-04
9.93936202e+01	2026-08-11T16:32:13.166353	0.00000000e+00	1	11	-3.09467000e-05	8.71210000e-05	-1.29994000e+00	-7.78394000e-05
9.94792931e+01	2026-08-11T16:32:13.251102	0.00000000e+00	1	11	-3.10183000e-05	9.17555000e-05	-1.39993000e+00	-8.99863000e-05
9.95441480e+01	2026-08-11T16:32:13.315283	0.00000000e+00	1	11	-3.01838000e-05	7.52025000e-05	-1.49993000e+00	-7.14275000e-05
9.95965282e+01	2026-08-11T16:32:13.364931	0.00000000e+00	1	11	-3.23296000e-05	9.30919000e-05	-1.59992000e+00	-8.63450000e-05
9.96526536e+01	2026-08-11T16:32:13.426804	0.00000000e+00	1	11	-3.13520000e-05	5.57088000e-05	-1.69992000e+00	-2.49777000e-05
9.96976899e+01	2026-08-11T16:32:13.458673	0.00000000e+00	1	11	-3.41415000e-05	2.98926000e-05	-1.79991000e+00	-3.07445000e-05
9.97429732e+01	2026-08-11T16:32:13.507998	0.00000000e+00	1	11	-3.30448000e-05	4.24473000e-05	-1.89990000e+00	-4.45381000e-05
9.97883650e+01	2026-08-11T16:32:13.559344	0.00000000e+00	1	11	-3.26633000e-05	3.89581000e-05	-1.99990000e+00	-3.86472000e-05
9.98396656e+01	2026-08-11T16:32:13.611291	0.00000000e+00	1	11	-3.41654000e-05	5.00934000e-05	-2.09883000e+00	-5.16742000e-05
9.98906352e+01	2026-08-11T16:32:13.664346	0.00000000e+00	1	11	-3.40462000e-05	2.83781000e-05	-2.19897000e+00	-2.82550000e-05
9.99533175e+01	2026-08-11T16:32:13.727418	0.00000000e+00	1	11	-3.40223000e-05	3.25562000e-05	-2.29878000e+00	-3.16068000e-05
1.00000797e+02	2026-08-11T16:32:13.775837	0.00000000e+00	1	11	-3.45945000e-05	3.51915000e-05	-2.39892000e+00	-3.41574000e-05
1.00057363e+02	2026-08-11T16:32:13.830075	0.00000000e+00	1	11	-3.38793000e-05	3.77945000e-05	-2.49907000e+00	-3.72369000e-05
1.00109475e+02	2026-08-11T16:32:13.878899	0.00000000e+00	1	11	-3.73840000e-05	4.06605000e-05	-2.59893000e+00	-4.16185000e-05
1.00169778e+02	2026-08-11T16:32:13.942160	0.00000000e+00	1	11	-3.70264000e-05	4.74720000e-05	-2.69902000e+00	-4.83822000e-05
1.00234455e+02	2026-08-11T16:32:14.009166	0.00000000e+00	1	11	-3.75748000e-05	5.32145000e-05	-2.79888000e+00	-5.27101000e-05
1.00280337e+02	2026-08-11T16:32:14.047462	0.00000000e+00	1	11	-3.70502000e-05	5.47469000e-05	-2.89901000e+00	-5.61826000e-05
1.00335951e+02	2026-08-11T16:32:14.109793	0.00000000e+00	1	11	-3.71695000e-05	5.94001000e-05	-2.99881000e+00	-6.04374000e-05
1.00379242e+02	2026-08-11T16:32:14.141846	0.00000000e+00	1	11	-3.45707000e-05	6.14950000e-05	-2.99883000e+00	-6.21742000e-05
1.00428520e+02	2026-08-11T16:32:14.202992	0.00000000e+00	1	11	-3.44992000e-05	5.64726000e-05	-2.89903000e+00	-5.62379000e-05
1.00479530e+02	2026-08-11T16:32:14.253766	0.00000000e+00	1	11	-3.47137000e-05	5.18421000e-05	-2.79888000e+00	-5.14351000e-05
1.00525233e+02	2026-08-11T16:32:14.285234	0.00000000e+00	1	11	-3.51191000e-05	4.84407000e-05	-2.69902000e+00	-4.78098000e-05
1.00570211e+02	2026-08-11T16:32:14.345334	0.00000000e+00	1	11	-3.42846000e-05	4.42190000e-05	-2.59894000e+00	-4.41590000e-05
1.00622082e+02	2026-08-11T16:32:14.395691	0.00000000e+00	1	11	-3.36170000e-05	4.10142000e-05	-2.49906000e+00	-4.08831000e-05
1.00666787e+02	2026-08-11T16:32:14.427489	0.00000000e+00	1	11	-3.48568000e-05	3.82093000e-05	-2.39893000e+00	-3.80927000e-05
1.00713489e+02	2026-08-11T16:32:14.484752	0.00000000e+00	1	11	-3.37601000e-05	3.51491000e-05	-2.29879000e+00	-3.48931000e-05
1.00762726e+02	2026-08-11T16:32:14.537108	0.00000000e+00	1	11	-3.42846000e-05	3.19875000e-05	-2.19898000e+00	-3.17350000e-05
1.00812135e+02	2026-08-11T16:32:14.586284	0.00000000e+00	1	11	-3.36647000e-05	2.87322000e-05	-2.09884000e+00	-2.85252000e-05
1.00856840e+02	2026-08-11T16:32:14.630702	0.00000000e+00	1	11	-3.44276000e-05	2.59580000e-05	-1.99990000e+00	-2.60682000e-05
1.00903364e+02	2026-08-11T16:32:14.676052	0.00000000e+00	1	11	-3.61681000e-05	2.36280000e-05	-1.89991000e+00	-2.35574000e-05
1.00956982e+02	2026-08-11T16:32:14.730233	0.00000000e+00	1	11	-3.58105000e-05	2.10708000e-05	-1.79991000e+00	-2.11493000e-05
1.01002270e+02	2026-08-11T16:32:14.761960	0.00000000e+00	1	11	-3.73125000e-05	1.89699000e-05	-1.69992000e+00	-1.86466000e-05
1.01051545e+02	2026-08-11T16:32:14.825348	0.00000000e+00	1	11	-3.48806000e-05	1.64918000e-05	-1.59993000e+00	-1.63675000e-05
1.01115286e+02	2026-08-11T16:32:14.889420	0.00000000e+00	1	11	-3.42846000e-05	1.42322000e-05	-1.49994000e+00	-1.42856000e-05
1.01162835e+02	2026-08-11T16:32:14.937045	0.00000000e+00	1	11	-3.51191000e-05	1.23999000e-05	-1.39994000e+00	-1.23416000e-05
1.01211339e+02	2026-08-11T16:32:14.985108	0.00000000e+00	1	11	-3.58105000e-05	1.04872000e-05	-1.29995000e+00	-1.04899000e-05
1.01258920e+02	2026-08-11T16:32:15.033104	0.00000000e+00	1	11	-4.33922000e-05	9.12254000e-06	-1.19995000e+00	-8.86353000e-06
1.01344758e+02	2026-08-11T16:32:15.117968	0.00000000e+00	1	11	-4.62532000e-05	7.38282000e-06	-1.09995000e+00	-7.32237000e-06
1.01396758e+02	2026-08-11T16:32:15.171505	0.00000000e+00	1	11	-4.62532000e-05	5.97730000e-06	-9.99949000e-01	-5.95212000e-06
1.01456759e+02	2026-08-11T16:32:15.226374	0.00000000e+00	1	11	-4.44412000e-05	4.64517000e-06	-8.99941000e-01	-4.66654000e-06
1.01507706e+02	2026-08-11T16:32:15.282789	0.00000000e+00	1	11	-4.39167000e-05	3.61636000e-06	-7.99941000e-01	-3.60565000e-06
1.01569316e+02	2026-08-11T16:32:15.335949	0.00000000e+00	1	11	-4.31299000e-05	2.63305000e-06	-6.99932000e-01	-2.64223000e-06
1.01625424e+02	2026-08-11T16:32:15.399576	0.00000000e+00	1	11	-4.27961000e-05	1.79931000e-06	-5.99922000e-01	-1.81236000e-06
1.01688668e+02	2026-08-11T16:32:15.462831	0.00000000e+00	1	11	-3.87192000e-05	1.14955000e-06	-4.99918000e-01	-1.12083000e-06
1.01753583e+02	2026-08-11T16:32:15.527414	0.00000000e+00	1	11	-3.96252000e-05	6.27352000e-07	-3.99915000e-01	-6.42773000e-07
1.01840717e+02	2026-08-11T16:32:15.613169	0.00000000e+00	1	11	-3.80993000e-05	2.91452000e-07	-2.99902000e-01	-2.80673000e-07
1.01896974e+02	2026-08-11T16:32:15.670780	0.00000000e+00	1	11	-4.43935000e-05	9.23400000e-08	-1.99895000e-01	-8.66601000e-08
1.02088433e+02	2026-08-11T16:32:15.862274	0.00000000e+00	1	11	-3.75748000e-05	2.05778000e-08	-9.98920000e-02	-1.94414000e-08
1.02135183e+02	2026-08-11T16:32:15.909678	0.00000000e+00	1	11	-3.37839000e-05	2.66004000e-09	5.87940000e-05	-2.91264000e-10
1.07063750e+02	2026-08-11T16:32:20.832778	0.00000000e+00	1	12	-1.61648000e-05	-7.46627000e-08	5.63383000e-05	7.86137000e-08
1.07122068e+02	2026-08-11T16:32:20.896696	0.00000000e+00	1	12	-3.49045000e-05	6.69606000e-05	-9.98752000e-02	-6.70002000e-05
1.07291240e+02	2026-08-11T16:32:21.056494	0.00000000e+00	1	12	-3.18527000e-05	1.43803000e-04	-1.99884000e-01	-1.43815000e-04
1.07378370e+02	2026-08-11T16:32:21.152103	0.00000000e+00	1	12	-3.44753000e-05	2.32482000e-04	-2.99896000e-01	-2.32539000e-04
1.07425901e+02	2026-08-11T16:32:21.200200	0.00000000e+00	1	12	-3.67880000e-05	3.30110000e-04	-3.99907000e-01	-3.29978000e-04
1.07478079e+02	2026-08-11T16:32:21.252269	0.00000000e+00	1	12	-3.90291000e-05	4.31912000e-04	-4.99908000e-01	-4.31643000e-04
1.07529810e+02	2026-08-11T16:32:21.302819	0.00000000e+00	1	12	-3.75509000e-05	5.35662000e-04	-5.99911000e-01	-5.35391000e-04
1.07585666e+02	2026-08-11T16:32:21.359587	0.00000000e+00	1	12	-3.96490000e-05	6.39395000e-04	-6.99922000e-01	-6.38560000e-04
1.07632232e+02	2026-08-11T16:32:21.407209	0.00000000e+00	1	12	-4.00066000e-05	7.40946000e-04	-7.99932000e-01	-7.39375000e-04
1.07680214e+02	2026-08-11T16:32:21.454879	0.00000000e+00	1	12	-4.10557000e-05	8.38173000e-04	-8.99932000e-01	-8.33761000e-04
1.07727511e+02	2026-08-11T16:32:21.502712	0.00000000e+00	1	12	-4.04835000e-05	9.05036000e-04	-9.99939000e-01	-8.41837000e-04
1.07786132e+02	2026-08-11T16:32:21.550438	0.00000000e+00	1	12	-3.48330000e-05	8.58319000e-05	-1.09994000e+00	-8.67431000e-05
1.07877991e+02	2026-08-11T16:32:21.645606	0.00000000e+00	1	12	-3.72887000e-05	8.62068000e-05	-1.19994000e+00	-7.65974000e-05
1.07935386e+02	2026-08-11T16:32:21.709214	0.00000000e+00	1	12	-3.41177000e-05	3.53232000e-05	-1.29994000e+00	-2.98793000e-05
1.07980328e+02	2026-08-11T16:32:21.751807	0.00000000e+00	1	12	-3.49045000e-05	3.93351000e-05	-1.39993000e+00	-3.24045000e-05
1.08034373e+02	2026-08-11T16:32:21.804514	0.00000000e+00	1	12	-3.28064000e-05	1.22353000e-05	-1.49993000e+00	-1.21337000e-05
1.08098124e+02	2026-08-11T16:32:21.868786	0.00000000e+00	1	12	-3.37362000e-05	1.44225000e-05	-1.59992000e+00	-1.43278000e-05
1.08156942e+02	2026-08-11T16:32:21.927314	0.00000000e+00	1	12	-3.43561000e-05	1.59446000e-05	-1.69992000e+00	-1.60439000e-05
1.08205049e+02	2026-08-11T16:32:21.979851	0.00000000e+00	1	12	-3.42846000e-05	1.86219000e-05	-1.79991000e+00	-1.89374000e-05
1.08253707e+02	2026-08-11T16:32:22.027863	0.00000000e+00	1	12	-3.34501000e-05	2.06124000e-05	-1.89990000e+00	-2.06935000e-05
1.08301305e+02	2026-08-11T16:32:22.075875	0.00000000e+00	1	12	-3.33786000e-05	2.36206000e-05	-1.99989000e+00	-2.35402000e-05
1.08361937e+02	2026-08-11T16:32:22.135552	0.00000000e+00	1	12	-3.55244000e-05	2.68850000e-05	-2.09881000e+00	-2.67383000e-05
1.08421105e+02	2026-08-11T16:32:22.187915	0.00000000e+00	1	12	-3.55005000e-05	2.74077000e-05	-2.19896000e+00	-2.82368000e-05
1.08478526e+02	2026-08-11T16:32:22.251471	0.00000000e+00	1	12	-3.53575000e-05	3.09225000e-05	-2.29874000e+00	-3.15346000e-05
1.08546056e+02	2026-08-11T16:32:22.315882	0.00000000e+00	1	12	-3.48568000e-05	3.41944000e-05	-2.39890000e+00	-3.37726000e-05
1.08597151e+02	2026-08-11T16:32:22.363981	0.00000000e+00	1	12	-3.44276000e-05	3.83948000e-05	-2.49902000e+00	-3.71647000e-05
1.08655640e+02	2026-08-11T16:32:22.426615	0.00000000e+00	1	12	-3.28779000e-05	4.19383000e-05	-2.59888000e+00	-4.33571000e-05
1.08708150e+02	2026-08-11T16:32:22.474513	0.00000000e+00	1	12	-3.45707000e-05	4.56099000e-05	-2.69897000e+00	-4.59391000e-05
1.08761692e+02	2026-08-11T16:32:22.533146	0.00000000e+00	1	12	-3.34263000e-05	5.27425000e-05	-2.79882000e+00	-5.34834000e-05
1.08806184e+02	2026-08-11T16:32:22.569588	0.00000000e+00	1	12	-3.39031000e-05	5.51644000e-05	-2.89900000e+00	-5.39770000e-05
1.08862095e+02	2026-08-11T16:32:22.635146	0.00000000e+00	1	12	-3.27587000e-05	5.99543000e-05	-2.99880000e+00	-5.92993000e-05
1.08911814e+02	2026-08-11T16:32:22.680308	0.00000000e+00	1	12	-3.25441000e-05	6.30617000e-05	-2.99881000e+00	-6.51577000e-05
1.08989182e+02	2026-08-11T16:32:22.759075	0.00000000e+00	1	12	-3.39508000e-05	6.14071000e-05	-2.89900000e+00	-6.44322000e-05
1.09060782e+02	2026-08-11T16:32:22.823325	0.00000000e+00	1	12	-3.50714000e-05	5.71818000e-05	-2.79884000e+00	-5.77099000e-05
1.09111745e+02	2026-08-11T16:32:22.886395	0.00000000e+00	1	12	-3.51191000e-05	5.36340000e-05	-2.69899000e+00	-5.26320000e-05
1.09157420e+02	2026-08-11T16:32:22.928286	0.00000000e+00	1	12	-3.48806000e-05	4.82964000e-05	-2.59892000e+00	-4.84120000e-05
1.09207188e+02	2026-08-11T16:32:22.980864	0.00000000e+00	1	12	-3.41177000e-05	4.43029000e-05	-2.49904000e+00	-4.41454000e-05
1.09275539e+02	2026-08-11T16:32:23.044223	0.00000000e+00	1	12	-3.35693000e-05	3.89403000e-05	-2.39891000e+00	-3.88179000e-05
1.09334757e+02	2026-08-11T16:32:23.108448	0.00000000e+00	1	12	-3.14713000e-05	3.53621000e-05	-2.29874000e+00	-3.50833000e-05
1.09398331e+02	2026-08-11T16:32:23.172405	0.00000000e+00	1	12	-3.06606000e-05	3.22669000e-05	-2.19895000e+00	-3.23994000e-05
1.09462217e+02	2026-08-11T16:32:23.236616	0.00000000e+00	1	12	-3.37839000e-05	2.91138000e-05	-2.09878000e+00	-2.91111000e-05
1.09526867e+02	2026-08-11T16:32:23.300650	0.00000000e+00	1	12	-3.35693000e-05	2.63466000e-05	-1.99989000e+00	-2.63384000e-05
1.09590512e+02	2026-08-11T16:32:23.365010	0.00000000e+00	1	12	-3.46661000e-05	2.35871000e-05	-1.89990000e+00	-2.35420000e-05
1.09654154e+02	2026-08-11T16:32:23.428036	0.00000000e+00	1	12	-3.50714000e-05	2.09748000e-05	-1.79990000e+00	-2.09099000e-05
1.09718558e+02	2026-08-11T16:32:23.492464	0.00000000e+00	1	12	-3.39985000e-05	1.87413000e-05	-1.69991000e+00	-1.85992000e-05
1.09782072e+02	2026-08-11T16:32:23.557008	0.00000000e+00	1	12	-3.61681000e-05	1.62998000e-05	-1.59992000e+00	-1.62427000e-05
1.09846232e+02	2026-08-11T16:32:23.620038	0.00000000e+00	1	12	-3.35217000e-05	1.40367000e-05	-1.49993000e+00	-1.40445000e-05
1.09909778e+02	2026-08-11T16:32:23.683661	0.00000000e+00	1	12	-3.32594000e-05	1.21140000e-05	-1.39993000e+00	-1.20860000e-05
1.09980064e+02	2026-08-11T16:32:23.747399	0.00000000e+00	1	12	-3.39508000e-05	1.02532000e-05	-1.29994000e+00	-1.02518000e-05
1.10045145e+02	2026-08-11T16:32:23.810938	0.00000000e+00	1	12	-4.02451000e-05	8.86179000e-06	-1.19995000e+00	-8.66699000e-06
1.10132094e+02	2026-08-11T16:32:23.906649	0.00000000e+00	1	12	-4.01974000e-05	7.18551000e-06	-1.09995000e+00	-7.09134000e-06
1.10176111e+02	2026-08-11T16:32:23.938279	0.00000000e+00	1	12	-3.83139000e-05	5.77124000e-06	-9.99945000e-01	-5.75112000e-06
1.10230747e+02	2026-08-11T16:32:24.001654	0.00000000e+00	1	12	-3.72648000e-05	4.43202000e-06	-8.99937000e-01	-4.41553000e-06
1.10296348e+02	2026-08-11T16:32:24.065796	0.00000000e+00	1	12	-3.75509000e-05	3.35493000e-06	-7.99932000e-01	-3.31846000e-06
1.10359814e+02	2026-08-11T16:32:24.129991	0.00000000e+00	1	12	-3.78132000e-05	2.36801000e-06	-6.99926000e-01	-2.34157000e-06
1.10423483e+02	2026-08-11T16:32:24.193705	0.00000000e+00	1	12	-3.78370000e-05	1.61434000e-06	-5.99914000e-01	-1.62244000e-06
1.10479293e+02	2026-08-11T16:32:24.249187	0.00000000e+00	1	12	-3.72648000e-05	1.06588000e-06	-4.99910000e-01	-1.03297000e-06
1.10530212e+02	2026-08-11T16:32:24.304525	0.00000000e+00	1	12	-3.76225000e-05	6.00801000e-07	-3.99907000e-01	-6.09598000e-07
1.10617021e+02	2026-08-11T16:32:24.384738	0.00000000e+00	1	12	-3.76940000e-05	2.96734000e-07	-2.99899000e-01	-2.91986000e-07
1.10674436e+02	2026-08-11T16:32:24.448020	0.00000000e+00	1	12	-3.63112000e-05	1.05696000e-07	-1.99890000e-01	-1.03444000e-07
1.10738086e+02	2026-08-11T16:32:24.511955	0.00000000e+00	1	12	-3.80754000e-05	2.63810000e-08	-9.98891000e-02	-1.83303000e-08
1.10934676e+02	2026-08-11T16:32:24.703901	0.00000000e+00	1	12	-3.03745000e-05	2.87426000e-10	5.60045000e-05	-1.82772000e-10
1.15963616e+02	2026-08-11T16:32:29.726013	0.00000000e+00	1	13	-1.48535000e-05	-4.15617000e-08	5.82457000e-05	5.93160000e-08
1.16014243e+02	2026-08-11T16:32:29.788395	0.00000000e+00	1	13	-3.19958000e-05	4.92914000e-05	-9.98858000e-02	-4.93458000e-05
1.16182256e+02	2026-08-11T16:32:29.954597	0.00000000e+00	1	13	-2.74897000e-05	1.08602000e-04	-1.99894000e-01	-1.08604000e-04
1.16269016e+02	2026-08-11T16:32:30.043592	0.00000000e+00	1	13	-2.87533000e-05	1.80059000e-04	-2.99907000e-01	-1.80087000e-04
1.16315338e+02	2026-08-11T16:32:30.087901	0.00000000e+00	1	13	-2.99454000e-05	2.61668000e-04	-3.99920000e-01	-2.61613000e-04
1.16370167e+02	2026-08-11T16:32:30.139162	0.00000000e+00	1	13	-3.17574000e-05	3.49592000e-04	-4.99919000e-01	-3.49887000e-04
1.16434831e+02	2026-08-11T16:32:30.203500	0.00000000e+00	1	13	-3.22819000e-05	4.42088000e-04	-5.99924000e-01	-4.41857000e-04
1.16499739e+02	2026-08-11T16:32:30.267711	0.00000000e+00	1	13	-3.26633000e-05	5.29042000e-04	-6.99934000e-01	-5.23936000e-04
1.16559037e+02	2026-08-11T16:32:30.331803	0.00000000e+00	1	13	-1.71185000e-05	3.21353000e-04	-7.99939000e-01	-5.21735000e-05
1.16625260e+02	2026-08-11T16:32:30.396908	0.00000000e+00	1	13	-3.23296000e-05	5.22049000e-05	-8.99940000e-01	-4.76392000e-05
1.16690834e+02	2026-08-11T16:32:30.460103	0.00000000e+00	1	13	-3.02076000e-05	2.99755000e-05	-9.99948000e-01	-2.67992000e-05
1.16749246e+02	2026-08-11T16:32:30.523789	0.00000000e+00	1	13	-3.12328000e-05	3.24560000e-05	-1.09995000e+00	-3.12528000e-05
1.16796828e+02	2026-08-11T16:32:30.571633	0.00000000e+00	1	13	-3.33071000e-05	2.83892000e-05	-1.19995000e+00	-2.11390000e-05
1.16847898e+02	2026-08-11T16:32:30.620228	0.00000000e+00	1	13	-3.37362000e-05	2.75114000e-05	-1.29995000e+00	-2.11518000e-05
1.16917519e+02	2026-08-11T16:32:30.683234	0.00000000e+00	1	13	-3.42131000e-05	1.74186000e-05	-1.39994000e+00	-1.75894000e-05
1.16972932e+02	2026-08-11T16:32:30.746726	0.00000000e+00	1	13	-3.14474000e-05	1.92626000e-05	-1.49994000e+00	-1.89075000e-05
1.17036737e+02	2026-08-11T16:32:30.811206	0.00000000e+00	1	13	-3.21865000e-05	2.42987000e-05	-1.59993000e+00	-2.25793000e-05
1.17091648e+02	2026-08-11T16:32:30.862915	0.00000000e+00	1	13	-3.04461000e-05	2.29298000e-05	-1.69992000e+00	-2.11168000e-05
1.17149559e+02	2026-08-11T16:32:30.922991	0.00000000e+00	1	13	-3.16381000e-05	2.36698000e-05	-1.79991000e+00	-2.27538000e-05
1.17201817e+02	2026-08-11T16:32:30.973087	0.00000000e+00	1	13	-3.25918000e-05	2.44580000e-05	-1.89991000e+00	-2.40990000e-05
1.17262305e+02	2026-08-11T16:32:31.034536	0.00000000e+00	1	13	-3.08990000e-05	2.66861000e-05	-1.99990000e+00	-2.57773000e-05
1.17308058e+02	2026-08-11T16:32:31.082650	0.00000000e+00	1	13	-3.03745000e-05	2.92017000e-05	-2.09883000e+00	-2.90378000e-05
1.17353717e+02	2026-08-11T16:32:31.125076	0.00000000e+00	1	13	-3.09706000e-05	3.22512000e-05	-2.19905000e+00	-3.09812000e-05
1.17410839e+02	2026-08-11T16:32:31.178799	0.00000000e+00	1	13	-2.95162000e-05	3.39620000e-05	-2.29881000e+00	-3.41254000e-05
1.17466736e+02	2026-08-11T16:32:31.241124	0.00000000e+00	1	13	-3.13520000e-05	3.71191000e-05	-2.39896000e+00	-3.64332000e-05
1.17515046e+02	2026-08-11T16:32:31.290095	0.00000000e+00	1	13	-3.05176000e-05	4.00909000e-05	-2.49909000e+00	-4.03577000e-05
1.17572149e+02	2026-08-11T16:32:31.347229	0.00000000e+00	1	13	-3.29256000e-05	4.39180000e-05	-2.59895000e+00	-4.35048000e-05
1.17633810e+02	2026-08-11T16:32:31.401165	0.00000000e+00	1	13	-3.40700000e-05	4.75531000e-05	-2.69902000e+00	-4.93977000e-05
1.17696790e+02	2026-08-11T16:32:31.469988	0.00000000e+00	1	13	-3.65019000e-05	5.15026000e-05	-2.79888000e+00	-5.36362000e-05
1.17761349e+02	2026-08-11T16:32:31.528778	0.00000000e+00	1	13	-3.80039000e-05	5.68959000e-05	-2.89905000e+00	-5.65334000e-05
1.17824303e+02	2026-08-11T16:32:31.591412	0.00000000e+00	1	13	-3.55005000e-05	6.53067000e-05	-2.99886000e+00	-6.54594000e-05
1.17868896e+02	2026-08-11T16:32:31.640106	0.00000000e+00	1	13	-3.66926000e-05	6.57583000e-05	-2.99888000e+00	-6.77331000e-05
1.17919434e+02	2026-08-11T16:32:31.687727	0.00000000e+00	1	13	-3.69072000e-05	6.66728000e-05	-2.89906000e+00	-6.62383000e-05
1.17979849e+02	2026-08-11T16:32:31.751538	0.00000000e+00	1	13	-3.67403000e-05	6.07460000e-05	-2.79890000e+00	-6.03668000e-05
1.18045655e+02	2026-08-11T16:32:31.815288	0.00000000e+00	1	13	-3.66688000e-05	5.51300000e-05	-2.69903000e+00	-5.55738000e-05
1.18111017e+02	2026-08-11T16:32:31.879219	0.00000000e+00	1	13	-3.51429000e-05	5.03670000e-05	-2.59897000e+00	-5.08875000e-05
1.18171387e+02	2026-08-11T16:32:31.943208	0.00000000e+00	1	13	-3.63350000e-05	4.53508000e-05	-2.49912000e+00	-4.56132000e-05
1.18238325e+02	2026-08-11T16:32:32.007543	0.00000000e+00	1	13	-3.51429000e-05	4.03472000e-05	-2.39897000e+00	-4.02530000e-05
1.18296241e+02	2026-08-11T16:32:32.070739	0.00000000e+00	1	13	-3.69787000e-05	3.72773000e-05	-2.29886000e+00	-3.65162000e-05
1.18360351e+02	2026-08-11T16:32:32.134626	0.00000000e+00	1	13	-3.59058000e-05	3.29546000e-05	-2.19902000e+00	-3.28217000e-05
1.18417255e+02	2026-08-11T16:32:32.184842	0.00000000e+00	1	13	-3.83377000e-05	2.98003000e-05	-2.09888000e+00	-3.00477000e-05
1.18479289e+02	2026-08-11T16:32:32.252082	0.00000000e+00	1	13	-3.99590000e-05	2.68032000e-05	-1.99990000e+00	-2.67819000e-05
1.18542251e+02	2026-08-11T16:32:32.309910	0.00000000e+00	1	13	-3.79086000e-05	2.41284000e-05	-1.89991000e+00	-2.42780000e-05
1.18599768e+02	2026-08-11T16:32:32.373575	0.00000000e+00	1	13	-4.12226000e-05	2.16435000e-05	-1.79991000e+00	-2.15214000e-05
1.18663927e+02	2026-08-11T16:32:32.437767	0.00000000e+00	1	13	-4.26531000e-05	1.92114000e-05	-1.69992000e+00	-1.92227000e-05
1.18726895e+02	2026-08-11T16:32:32.501062	0.00000000e+00	1	13	-4.11749000e-05	1.68799000e-05	-1.59993000e+00	-1.68857000e-05
1.18790676e+02	2026-08-11T16:32:32.565489	0.00000000e+00	1	13	-3.34024000e-05	1.46695000e-05	-1.49993000e+00	-1.45678000e-05
1.18854224e+02	2026-08-11T16:32:32.628891	0.00000000e+00	1	13	-4.01497000e-05	1.24737000e-05	-1.39994000e+00	-1.24546000e-05
1.18902651e+02	2026-08-11T16:32:32.676785	0.00000000e+00	1	13	-3.89814000e-05	1.06637000e-05	-1.29995000e+00	-1.07435000e-05
1.18968406e+02	2026-08-11T16:32:32.739870	0.00000000e+00	1	13	-4.69446000e-05	9.20288000e-06	-1.19995000e+00	-9.01454000e-06
1.19060723e+02	2026-08-11T16:32:32.835094	0.00000000e+00	1	13	-4.71354000e-05	7.42879000e-06	-1.09995000e+00	-7.43106000e-06
1.19125302e+02	2026-08-11T16:32:32.899311	0.00000000e+00	1	13	-4.51803000e-05	5.95689000e-06	-9.99947000e-01	-6.03413000e-06
1.19171671e+02	2026-08-11T16:32:32.946449	0.00000000e+00	1	13	-4.47512000e-05	4.67932000e-06	-8.99942000e-01	-4.65093000e-06
1.19230528e+02	2026-08-11T16:32:33.004340	0.00000000e+00	1	13	-4.47750000e-05	3.44451000e-06	-7.99941000e-01	-3.44682000e-06
1.19294389e+02	2026-08-11T16:32:33.057721	0.00000000e+00	1	13	-4.45127000e-05	2.53778000e-06	-6.99932000e-01	-2.50440000e-06
1.19346884e+02	2026-08-11T16:32:33.121168	0.00000000e+00	1	13	-4.33445000e-05	1.75776000e-06	-5.99919000e-01	-1.69396000e-06
1.19400045e+02	2026-08-11T16:32:33.170661	0.00000000e+00	1	13	-4.30107000e-05	1.10627000e-06	-4.99916000e-01	-1.09723000e-06
1.19450704e+02	2026-08-11T16:32:33.224721	0.00000000e+00	1	13	-4.13656000e-05	6.14106000e-07	-3.99913000e-01	-6.06386000e-07
1.19548589e+02	2026-08-11T16:32:33.311767	0.00000000e+00	1	13	-4.20809000e-05	2.83955000e-07	-2.99905000e-01	-2.70681000e-07
1.19615250e+02	2026-08-11T16:32:33.389907	0.00000000e+00	1	13	-4.08649000e-05	1.01875000e-07	-1.99900000e-01	-1.00029000e-07
1.19678394e+02	2026-08-11T16:32:33.440195	0.00000000e+00	1	13	-3.75271000e-05	2.02753000e-08	-9.98933000e-02	-2.02239000e-08
1.19860327e+02	2026-08-11T16:32:33.635364	0.00000000e+00	1	13	-3.68118000e-05	1.60437000e-09	6.18935000e-05	-2.55954000e-10
1.24756415e+02	2026-08-11T16:32:38.517320	0.00000000e+00	1	14	-1.53780000e-05	-2.37551000e-08	5.66721000e-05	3.71792000e-08
1.24807216e+02	2026-08-11T16:32:38.581842	0.00000000e+00	1	14	-3.28779000e-05	3.07167000e-05	-9.98883000e-02	-3.07544000e-05
1.24976095e+02	2026-08-11T16:32:38.741687	0.00000000e+00	1	14	-2.83718000e-05	6.25839000e-05	-1.99899000e-01	-6.26372000e-05
1.25025644e+02	2026-08-11T16:32:38.791895	0.00000000e+00	1	14	-2.98977000e-05	9.72500000e-05	-2.99901000e-01	-9.75227000e-05
1.25087225e+02	2026-08-11T16:32:38.853582	0.00000000e+00	1	14	-3.05176000e-05	1.34885000e-04	-3.99921000e-01	-1.37721000e-04
1.25180565e+02	2026-08-11T16:32:38.948894	0.00000000e+00	1	14	-3.01838000e-05	1.90365000e-04	-4.99920000e-01	-1.90996000e-04
1.25245044e+02	2026-08-11T16:32:39.018467	0.00000000e+00	1	14	-3.27826000e-05	2.50226000e-04	-5.99929000e-01	-2.73293000e-04
1.25289745e+02	2026-08-11T16:32:39.064755	0.00000000e+00	1	14	-3.11613000e-05	3.12318000e-04	-6.99941000e-01	-2.83399000e-04
1.25340148e+02	2026-08-11T16:32:39.115238	0.00000000e+00	1	14	-3.57389000e-05	3.37249000e-04	-7.99947000e-01	-3.36844000e-04
1.25401591e+02	2026-08-11T16:32:39.171047	0.00000000e+00	1	14	-3.36409000e-05	3.80299000e-04	-8.99950000e-01	-3.76767000e-04
1.25453214e+02	2026-08-11T16:32:39.220819	0.00000000e+00	1	14	-3.21627000e-05	3.90239000e-04	-9.99954000e-01	-3.71129000e-04
1.25502116e+02	2026-08-11T16:32:39.277211	0.00000000e+00	1	14	-2.15530000e-05	1.99501000e-04	-1.09996000e+00	-3.01072000e-05
1.25577631e+02	2026-08-11T16:32:39.346786	0.00000000e+00	1	14	-3.09467000e-05	5.28762000e-05	-1.19995000e+00	-5.00020000e-05
1.25644994e+02	2026-08-11T16:32:39.410654	0.00000000e+00	1	14	-3.30210000e-05	5.52620000e-05	-1.29996000e+00	-5.06624000e-05
1.25708073e+02	2026-08-11T16:32:39.473922	0.00000000e+00	1	14	-3.27110000e-05	4.99690000e-05	-1.39994000e+00	-4.89167000e-05
1.25764434e+02	2026-08-11T16:32:39.538848	0.00000000e+00	1	14	-3.39508000e-05	4.78094000e-05	-1.49994000e+00	-4.65963000e-05
1.25827385e+02	2026-08-11T16:32:39.601288	0.00000000e+00	1	14	-3.44753000e-05	2.81436000e-05	-1.59993000e+00	-2.70695000e-05
1.25893525e+02	2026-08-11T16:32:39.665457	0.00000000e+00	1	14	-3.55482000e-05	2.77480000e-05	-1.69993000e+00	-2.65586000e-05
1.25957015e+02	2026-08-11T16:32:39.731078	0.00000000e+00	1	14	-3.64304000e-05	2.39622000e-05	-1.79992000e+00	-2.45123000e-05
1.26002347e+02	2026-08-11T16:32:39.777154	0.00000000e+00	1	14	-3.71933000e-05	2.42598000e-05	-1.89992000e+00	-2.34426000e-05
1.26059243e+02	2026-08-11T16:32:39.824860	0.00000000e+00	1	14	-4.14848000e-05	2.41554000e-05	-1.99991000e+00	-2.39252000e-05
1.26113276e+02	2026-08-11T16:32:39.887673	0.00000000e+00	1	14	-3.92199000e-05	2.80287000e-05	-2.09894000e+00	-2.82386000e-05
1.26169781e+02	2026-08-11T16:32:39.935390	0.00000000e+00	1	14	-3.79562000e-05	3.02002000e-05	-2.19911000e+00	-2.97041000e-05
1.26232403e+02	2026-08-11T16:32:40.005473	0.00000000e+00	1	14	-3.86953000e-05	3.27919000e-05	-2.29888000e+00	-3.22534000e-05
1.26296281e+02	2026-08-11T16:32:40.069225	0.00000000e+00	1	14	-3.68357000e-05	3.65791000e-05	-2.39903000e+00	-3.67581000e-05
1.26349483e+02	2026-08-11T16:32:40.120976	0.00000000e+00	1	14	-3.59058000e-05	4.12560000e-05	-2.49917000e+00	-4.15300000e-05
1.26394752e+02	2026-08-11T16:32:40.168054	0.00000000e+00	1	14	-3.38554000e-05	4.21965000e-05	-2.59901000e+00	-4.20330000e-05
1.26447823e+02	2026-08-11T16:32:40.222064	0.00000000e+00	1	14	-3.38316000e-05	4.64045000e-05	-2.69911000e+00	-4.54112000e-05
1.26510865e+02	2026-08-11T16:32:40.285377	0.00000000e+00	1	14	-3.66449000e-05	5.10641000e-05	-2.79892000e+00	-5.10611000e-05
1.26575112e+02	2026-08-11T16:32:40.349295	0.00000000e+00	1	14	-3.73125000e-05	5.48762000e-05	-2.89908000e+00	-5.55749000e-05
1.26639343e+02	2026-08-11T16:32:40.413381	0.00000000e+00	1	14	-3.55959000e-05	6.39852000e-05	-2.99892000e+00	-6.49393000e-05
1.26694160e+02	2026-08-11T16:32:40.461205	0.00000000e+00	1	14	-3.40939000e-05	6.49242000e-05	-2.99890000e+00	-6.47859000e-05
1.26749616e+02	2026-08-11T16:32:40.509096	0.00000000e+00	1	14	-3.43084000e-05	6.01177000e-05	-2.89910000e+00	-6.00310000e-05
1.26805108e+02	2026-08-11T16:32:40.572672	0.00000000e+00	1	14	-3.64065000e-05	5.55966000e-05	-2.79892000e+00	-5.60765000e-05
1.26858654e+02	2026-08-11T16:32:40.620459	0.00000000e+00	1	14	-3.66449000e-05	5.09683000e-05	-2.69911000e+00	-5.10502000e-05
1.26916395e+02	2026-08-11T16:32:40.684256	0.00000000e+00	1	14	-3.80993000e-05	4.70514000e-05	-2.59902000e+00	-4.70280000e-05
1.26960739e+02	2026-08-11T16:32:40.733360	0.00000000e+00	1	14	-3.74794000e-05	4.31305000e-05	-2.49915000e+00	-4.39724000e-05
1.27022617e+02	2026-08-11T16:32:40.797626	0.00000000e+00	1	14	-3.62873000e-05	3.94190000e-05	-2.39900000e+00	-3.85693000e-05
1.27085108e+02	2026-08-11T16:32:40.859400	0.00000000e+00	1	14	-3.72887000e-05	3.59859000e-05	-2.29887000e+00	-3.53803000e-05
1.27148502e+02	2026-08-11T16:32:40.922723	0.00000000e+00	1	14	-3.66688000e-05	3.30355000e-05	-2.19906000e+00	-3.29670000e-05
1.27211813e+02	2026-08-11T16:32:40.986941	0.00000000e+00	1	14	-3.69072000e-05	2.93620000e-05	-2.09891000e+00	-2.94312000e-05
1.27276021e+02	2026-08-11T16:32:41.050125	0.00000000e+00	1	14	-3.87907000e-05	2.68010000e-05	-1.99991000e+00	-2.69215000e-05
1.27339734e+02	2026-08-11T16:32:41.114023	0.00000000e+00	1	14	-3.82423000e-05	2.39015000e-05	-1.89991000e+00	-2.38286000e-05
1.27403005e+02	2026-08-11T16:32:41.177253	0.00000000e+00	1	14	-3.83616000e-05	2.12318000e-05	-1.79992000e+00	-2.14549000e-05
1.27466953e+02	2026-08-11T16:32:41.241543	0.00000000e+00	1	14	-3.82185000e-05	1.90095000e-05	-1.69993000e+00	-1.89478000e-05
1.27523980e+02	2026-08-11T16:32:41.291125	0.00000000e+00	1	14	-3.54528000e-05	1.67847000e-05	-1.59994000e+00	-1.68153000e-05
1.27585148e+02	2026-08-11T16:32:41.353048	0.00000000e+00	1	14	-3.60966000e-05	1.48443000e-05	-1.49994000e+00	-1.48315000e-05
1.27647204e+02	2026-08-11T16:32:41.418328	0.00000000e+00	1	14	-3.30448000e-05	1.26447000e-05	-1.39995000e+00	-1.26207000e-05
1.27709887e+02	2026-08-11T16:32:41.480235	0.00000000e+00	1	14	-3.43800000e-05	1.06523000e-05	-1.29996000e+00	-1.06853000e-05
1.27775467e+02	2026-08-11T16:32:41.544147	0.00000000e+00	1	14	-4.32491000e-05	9.27898000e-06	-1.19996000e+00	-9.09903000e-06
1.27866628e+02	2026-08-11T16:32:41.639307	0.00000000e+00	1	14	-4.34160000e-05	7.69788000e-06	-1.09996000e+00	-7.51007000e-06
1.27917820e+02	2026-08-11T16:32:41.689496	0.00000000e+00	1	14	-4.22955000e-05	6.11664000e-06	-9.99957000e-01	-6.07828000e-06
1.27976120e+02	2026-08-11T16:32:41.750879	0.00000000e+00	1	14	-4.22239000e-05	4.79435000e-06	-8.99952000e-01	-4.75750000e-06
1.28043937e+02	2026-08-11T16:32:41.814926	0.00000000e+00	1	14	-4.15802000e-05	3.64155000e-06	-7.99948000e-01	-3.61994000e-06
1.28105585e+02	2026-08-11T16:32:41.879579	0.00000000e+00	1	14	-4.17471000e-05	2.63580000e-06	-6.99939000e-01	-2.63929000e-06
1.28170980e+02	2026-08-11T16:32:41.942943	0.00000000e+00	1	14	-4.21524000e-05	1.79319000e-06	-5.99927000e-01	-1.78172000e-06
1.28235147e+02	2026-08-11T16:32:42.006156	0.00000000e+00	1	14	-4.15564000e-05	1.12474000e-06	-4.99926000e-01	-1.08488000e-06
1.28296351e+02	2026-08-11T16:32:42.070478	0.00000000e+00	1	14	-4.16517000e-05	6.12530000e-07	-3.99922000e-01	-6.02686000e-07
1.28391560e+02	2026-08-11T16:32:42.166025	0.00000000e+00	1	14	-4.03881000e-05	2.82145000e-07	-2.99911000e-01	-2.76945000e-07
1.28455742e+02	2026-08-11T16:32:42.230186	0.00000000e+00	1	14	-3.71933000e-05	1.00392000e-07	-1.99900000e-01	-9.50343000e-08
1.28566675e+02	2026-08-11T16:32:42.327387	0.00000000e+00	1	14	-3.82185000e-05	2.06062000e-08	-9.98960000e-02	-2.03891000e-08
1.28679525e+02	2026-08-11T16:32:42.453650	0.00000000e+00	1	14	-3.44753000e-05	2.76566000e-09	5.76735000e-05	-2.92242000e-10
1.34012483e+02	2026-08-11T16:32:47.778073	0.00000000e+00	1	15	-1.38521000e-05	-5.48284000e-08	5.55277000e-05	7.60369000e-08
1.34059442e+02	2026-08-11T16:32:47.832619	0.00000000e+00	1	15	-3.82185000e-05	6.51954000e-05	-9.98883000e-02	-6.53159000e-05
1.34247521e+02	2026-08-11T16:32:48.016615	0.00000000e+00	1	15	-3.39746000e-05	1.35312000e-04	-1.99900000e-01	-1.35332000e-04
1.34334374e+02	2026-08-11T16:32:48.106585	0.00000000e+00	1	15	-3.41892000e-05	2.12677000e-04	-2.99910000e-01	-2.12806000e-04
1.34388805e+02	2026-08-11T16:32:48.159818	0.00000000e+00	1	15	-3.66926000e-05	2.97136000e-04	-3.99918000e-01	-2.97622000e-04
1.34450729e+02	2026-08-11T16:32:48.223911	0.00000000e+00	1	15	-3.86715000e-05	3.90170000e-04	-4.99921000e-01	-3.91657000e-04
1.34514145e+02	2026-08-11T16:32:48.287531	0.00000000e+00	1	15	-3.94344000e-05	4.82719000e-04	-5.99924000e-01	-4.82652000e-04
1.34572025e+02	2026-08-11T16:32:48.340194	0.00000000e+00	1	15	-3.90530000e-05	5.68245000e-04	-6.99933000e-01	-5.61494000e-04
1.34631010e+02	2026-08-11T16:32:48.399363	0.00000000e+00	1	15	-3.98874000e-05	6.02834000e-04	-7.99941000e-01	-5.84687000e-04
1.34691542e+02	2026-08-11T16:32:48.465206	0.00000000e+00	1	15	-4.25816000e-05	7.65391000e-06	-8.99947000e-01	-7.50573000e-06
1.34792180e+02	2026-08-11T16:32:48.558959	0.00000000e+00	1	15	-4.29392000e-05	8.38662000e-06	-9.99952000e-01	-7.94482000e-06
1.34849036e+02	2026-08-11T16:32:48.623980	0.00000000e+00	1	15	-3.88861000e-05	9.51066000e-06	-1.09995000e+00	-9.41790000e-06
1.34914897e+02	2026-08-11T16:32:48.686632	0.00000000e+00	1	15	-3.29971000e-05	1.07831000e-05	-1.19994000e+00	-1.15979000e-05
1.34984247e+02	2026-08-11T16:32:48.757887	0.00000000e+00	1	15	-3.30210000e-05	1.20816000e-05	-1.29995000e+00	-1.13909000e-05
1.35036112e+02	2026-08-11T16:32:48.808385	0.00000000e+00	1	15	-3.30687000e-05	1.24622000e-05	-1.39994000e+00	-1.18574000e-05
1.35085374e+02	2026-08-11T16:32:48.856387	0.00000000e+00	1	15	-2.99692000e-05	1.44443000e-05	-1.49994000e+00	-1.35090000e-05
1.35146588e+02	2026-08-11T16:32:48.920446	0.00000000e+00	1	15	-3.60250000e-05	1.55150000e-05	-1.59993000e+00	-1.49808000e-05
1.35209663e+02	2026-08-11T16:32:48.974386	0.00000000e+00	1	15	-3.53813000e-05	1.67034000e-05	-1.69992000e+00	-1.64498000e-05
1.35271367e+02	2026-08-11T16:32:49.038489	0.00000000e+00	1	15	-3.86715000e-05	1.96547000e-05	-1.79991000e+00	-1.92858000e-05
1.35327377e+02	2026-08-11T16:32:49.101282	0.00000000e+00	1	15	-3.82185000e-05	2.21738000e-05	-1.89991000e+00	-2.22563000e-05
1.35372133e+02	2026-08-11T16:32:49.143754	0.00000000e+00	1	15	-3.61204000e-05	2.37360000e-05	-1.99990000e+00	-2.36645000e-05
1.35420953e+02	2026-08-11T16:32:49.191776	0.00000000e+00	1	15	-3.72648000e-05	2.58059000e-05	-2.09884000e+00	-2.56527000e-05
1.35478511e+02	2026-08-11T16:32:49.245771	0.00000000e+00	1	15	-3.65734000e-05	2.74101000e-05	-2.19896000e+00	-2.77672000e-05
1.35532578e+02	2026-08-11T16:32:49.303159	0.00000000e+00	1	15	-3.58343000e-05	3.04445000e-05	-2.29878000e+00	-3.02843000e-05
1.35578357e+02	2026-08-11T16:32:49.340610	0.00000000e+00	1	15	-3.80278000e-05	3.33079000e-05	-2.39894000e+00	-3.36487000e-05
1.35630015e+02	2026-08-11T16:32:49.404743	0.00000000e+00	1	15	-3.79086000e-05	3.67278000e-05	-2.49905000e+00	-3.71726000e-05
1.35676626e+02	2026-08-11T16:32:49.451235	0.00000000e+00	1	15	-3.75271000e-05	4.07391000e-05	-2.59893000e+00	-4.22473000e-05
1.35726169e+02	2026-08-11T16:32:49.499271	0.00000000e+00	1	15	-3.74079000e-05	4.78712000e-05	-2.69899000e+00	-4.78147000e-05
1.35785825e+02	2026-08-11T16:32:49.558975	0.00000000e+00	1	15	-3.47614000e-05	5.38718000e-05	-2.79886000e+00	-5.37157000e-05
1.35844834e+02	2026-08-11T16:32:49.610506	0.00000000e+00	1	15	-3.48806000e-05	6.02934000e-05	-2.89901000e+00	-6.12293000e-05
1.35913210e+02	2026-08-11T16:32:49.674355	0.00000000e+00	1	15	-3.54528000e-05	6.75443000e-05	-2.99881000e+00	-6.54703000e-05
1.35957781e+02	2026-08-11T16:32:49.722162	0.00000000e+00	1	15	-3.47137000e-05	6.66244000e-05	-2.99881000e+00	-6.82147000e-05
1.36004325e+02	2026-08-11T16:32:49.770288	0.00000000e+00	1	15	-3.34501000e-05	6.19773000e-05	-2.89901000e+00	-6.16104000e-05
1.36056094e+02	2026-08-11T16:32:49.829900	0.00000000e+00	1	15	-3.69310000e-05	5.66899000e-05	-2.79884000e+00	-5.82768000e-05
1.36109046e+02	2026-08-11T16:32:49.881183	0.00000000e+00	1	15	-3.67641000e-05	5.26874000e-05	-2.69901000e+00	-5.19608000e-05
1.36153684e+02	2026-08-11T16:32:49.923901	0.00000000e+00	1	15	-3.38078000e-05	4.83702000e-05	-2.59890000e+00	-4.75691000e-05
1.36199593e+02	2026-08-11T16:32:49.971803	0.00000000e+00	1	15	-3.54052000e-05	4.34454000e-05	-2.49907000e+00	-4.32315000e-05
1.36261412e+02	2026-08-11T16:32:50.036347	0.00000000e+00	1	15	-3.56913000e-05	3.91327000e-05	-2.39891000e+00	-3.88418000e-05
1.36306751e+02	2026-08-11T16:32:50.074151	0.00000000e+00	1	15	-3.64542000e-05	3.55795000e-05	-2.29877000e+00	-3.55970000e-05
1.36362182e+02	2026-08-11T16:32:50.136734	0.00000000e+00	1	15	-3.69310000e-05	3.21957000e-05	-2.19896000e+00	-3.25987000e-05
1.36409596e+02	2026-08-11T16:32:50.184645	0.00000000e+00	1	15	-3.63827000e-05	2.93571000e-05	-2.09881000e+00	-2.95558000e-05
1.36457062e+02	2026-08-11T16:32:50.226633	0.00000000e+00	1	15	-3.84569000e-05	2.66272000e-05	-1.99989000e+00	-2.66390000e-05
1.36508764e+02	2026-08-11T16:32:50.280851	0.00000000e+00	1	15	-3.98874000e-05	2.41433000e-05	-1.89991000e+00	-2.39820000e-05
1.36583789e+02	2026-08-11T16:32:50.357909	0.00000000e+00	1	15	-3.68595000e-05	2.12918000e-05	-1.79991000e+00	-2.12735000e-05
1.36629748e+02	2026-08-11T16:32:50.391855	0.00000000e+00	1	15	-3.90291000e-05	1.89641000e-05	-1.69992000e+00	-1.89950000e-05
1.36682342e+02	2026-08-11T16:32:50.455946	0.00000000e+00	1	15	-4.04835000e-05	1.67974000e-05	-1.59992000e+00	-1.68853000e-05
1.36745721e+02	2026-08-11T16:32:50.519911	0.00000000e+00	1	15	-3.82662000e-05	1.45063000e-05	-1.49994000e+00	-1.44384000e-05
1.36793580e+02	2026-08-11T16:32:50.567900	0.00000000e+00	1	15	-3.80993000e-05	1.25274000e-05	-1.39994000e+00	-1.24330000e-05
1.36841521e+02	2026-08-11T16:32:50.615578	0.00000000e+00	1	15	-3.91722000e-05	1.07323000e-05	-1.29995000e+00	-1.06654000e-05
1.36887838e+02	2026-08-11T16:32:50.647498	0.00000000e+00	1	15	-4.33922000e-05	9.10324000e-06	-1.19995000e+00	-1.11537000e-05
1.36995983e+02	2026-08-11T16:32:50.767665	0.00000000e+00	1	15	-4.65155000e-05	8.48224000e-06	-1.09995000e+00	-8.00888000e-06
1.37061931e+02	2026-08-11T16:32:50.835196	0.00000000e+00	1	15	-3.91006000e-05	6.29561000e-06	-9.99948000e-01	-6.36223000e-06
1.37111407e+02	2026-08-11T16:32:50.885939	0.00000000e+00	1	15	-3.60250000e-05	4.95688000e-06	-8.99942000e-01	-4.87303000e-06
1.37158606e+02	2026-08-11T16:32:50.929290	0.00000000e+00	1	15	-3.51191000e-05	3.73763000e-06	-7.99940000e-01	-3.75275000e-06
1.37217511e+02	2026-08-11T16:32:50.982127	0.00000000e+00	1	15	-3.94821000e-05	2.75422000e-06	-6.99933000e-01	-2.76748000e-06
1.37277396e+02	2026-08-11T16:32:51.045606	0.00000000e+00	1	15	-3.88384000e-05	1.92315000e-06	-5.99920000e-01	-1.90967000e-06
1.37335232e+02	2026-08-11T16:32:51.109738	0.00000000e+00	1	15	-3.78609000e-05	1.24719000e-06	-4.99916000e-01	-1.22983000e-06
1.37381729e+02	2026-08-11T16:32:51.156881	0.00000000e+00	1	15	-3.54528000e-05	7.14004000e-07	-3.99913000e-01	-6.90102000e-07
1.37468015e+02	2026-08-11T16:32:51.237350	0.00000000e+00	1	15	-3.71456000e-05	3.41620000e-07	-2.99901000e-01	-3.14089000e-07
1.37527287e+02	2026-08-11T16:32:51.301167	0.00000000e+00	1	15	-3.54052000e-05	1.07924000e-07	-1.99897000e-01	-1.05580000e-07
1.37573410e+02	2026-08-11T16:32:51.333249	0.00000000e+00	1	15	-3.59774000e-05	2.26856000e-08	-9.98888000e-02	-2.21669000e-08
1.37751607e+02	2026-08-11T16:32:51.525974	0.00000000e+00	1	15	-3.17335000e-05	3.28223000e-09	5.66483000e-05	-3.10195000e-10
1.42741935e+02	2026-08-11T16:32:56.512557	0.00000000e+00	1	16	-1.67131000e-05	-1.99578000e-08	6.69956000e-05	3.00919000e-08
1.42798814e+02	2026-08-11T16:32:56.571335	0.00000000e+00	1	16	-3.26157000e-05	2.21206000e-05	-9.98836000e-02	-2.17694000e-05
1.42984403e+02	2026-08-11T16:32:56.755549	0.00000000e+00	1	16	-2.82049000e-05	4.59162000e-05	-1.99893000e-01	-4.54783000e-05
1.43047663e+02	2026-08-11T16:32:56.820650	0.00000000e+00	1	16	-2.91348000e-05	7.25184000e-05	-2.99900000e-01	-7.24775000e-05
1.43097269e+02	2026-08-11T16:32:56.866911	0.00000000e+00	1	16	-2.91824000e-05	9.92422000e-05	-3.99907000e-01	-9.80869000e-05
1.43141291e+02	2026-08-11T16:32:56.914302	0.00000000e+00	1	16	-2.71320000e-05	1.30880000e-04	-4.99917000e-01	-1.30768000e-04
1.43234708e+02	2026-08-11T16:32:57.008877	0.00000000e+00	1	16	-2.81811000e-05	1.55054000e-04	-5.99915000e-01	-1.51323000e-04
1.43280713e+02	2026-08-11T16:32:57.055488	0.00000000e+00	1	16	-3.04461000e-05	1.95050000e-04	-6.99931000e-01	-1.91990000e-04
1.43327722e+02	2026-08-11T16:32:57.100587	0.00000000e+00	1	16	-1.95742000e-05	2.06609000e-04	-7.99941000e-01	-1.27927000e-04
1.43411996e+02	2026-08-11T16:32:57.183026	0.00000000e+00	1	16	-3.04937000e-05	2.61477000e-05	-8.99936000e-01	-2.42847000e-05
1.43504570e+02	2026-08-11T16:32:57.278685	0.00000000e+00	1	16	-3.06606000e-05	3.01726000e-05	-9.99939000e-01	-9.81372000e-05
1.43548883e+02	2026-08-11T16:32:57.322919	0.00000000e+00	1	16	-3.14951000e-05	7.12932000e-05	-1.09994000e+00	-6.08899000e-05
1.43596692e+02	2026-08-11T16:32:57.367686	0.00000000e+00	1	16	-3.43800000e-05	9.88295000e-05	-1.19994000e+00	-9.36313000e-05
1.43644196e+02	2026-08-11T16:32:57.417431	0.00000000e+00	1	16	-3.17812000e-05	9.03980000e-05	-1.29994000e+00	-8.10611000e-05
1.43689012e+02	2026-08-11T16:32:57.463605	0.00000000e+00	1	16	-3.21627000e-05	7.98716000e-05	-1.39994000e+00	-6.80970000e-05
1.43741953e+02	2026-08-11T16:32:57.516549	0.00000000e+00	1	16	-2.93255000e-05	9.98632000e-05	-1.49993000e+00	-9.93586000e-05
1.43808101e+02	2026-08-11T16:32:57.579856	0.00000000e+00	1	16	-3.24965000e-05	3.69491000e-05	-1.59993000e+00	-3.66655000e-05
1.43873603e+02	2026-08-11T16:32:57.646584	0.00000000e+00	1	16	-3.09467000e-05	3.80849000e-05	-1.69992000e+00	-3.44274000e-05
1.43933791e+02	2026-08-11T16:32:57.708374	0.00000000e+00	1	16	-3.30210000e-05	3.28359000e-05	-1.79991000e+00	-4.24444000e-05
1.43997015e+02	2026-08-11T16:32:57.771392	0.00000000e+00	1	16	-3.55244000e-05	3.93668000e-05	-1.89991000e+00	-2.88593000e-05
1.44043696e+02	2026-08-11T16:32:57.815607	0.00000000e+00	1	16	-3.43800000e-05	2.81417000e-05	-1.99990000e+00	-3.03920000e-05
1.44092681e+02	2026-08-11T16:32:57.866794	0.00000000e+00	1	16	-3.46899000e-05	3.05629000e-05	-2.09883000e+00	-3.04914000e-05
1.44139963e+02	2026-08-11T16:32:57.914844	0.00000000e+00	1	16	-3.51191000e-05	3.45610000e-05	-2.19898000e+00	-3.51579000e-05
1.44185223e+02	2026-08-11T16:32:57.958956	0.00000000e+00	1	16	-3.71218000e-05	3.91222000e-05	-2.29883000e+00	-3.96770000e-05
1.44242709e+02	2026-08-11T16:32:58.010032	0.00000000e+00	1	16	-3.05891000e-05	3.84925000e-05	-2.39895000e+00	-3.86378000e-05
1.44299558e+02	2026-08-11T16:32:58.074217	0.00000000e+00	1	16	-3.07798000e-05	4.30818000e-05	-2.49905000e+00	-4.17573000e-05
1.44352607e+02	2026-08-11T16:32:58.122779	0.00000000e+00	1	16	-3.13759000e-05	4.57473000e-05	-2.59895000e+00	-4.46511000e-05
1.44398572e+02	2026-08-11T16:32:58.173385	0.00000000e+00	1	16	-3.28064000e-05	4.93682000e-05	-2.69899000e+00	-4.88325000e-05
1.44448693e+02	2026-08-11T16:32:58.223725	0.00000000e+00	1	16	-3.34024000e-05	5.42248000e-05	-2.79887000e+00	-5.58450000e-05
1.44495886e+02	2026-08-11T16:32:58.265316	0.00000000e+00	1	16	-3.53575000e-05	5.84405000e-05	-2.89900000e+00	-5.76444000e-05
1.44544615e+02	2026-08-11T16:32:58.318828	0.00000000e+00	1	16	-3.40223000e-05	6.27048000e-05	-2.99879000e+00	-6.32793000e-05
1.44589083e+02	2026-08-11T16:32:58.350567	0.00000000e+00	1	16	-3.51429000e-05	6.44406000e-05	-2.99880000e+00	-6.32170000e-05
1.44642134e+02	2026-08-11T16:32:58.414487	0.00000000e+00	1	16	-3.45945000e-05	6.00276000e-05	-2.89898000e+00	-6.07061000e-05
1.44707854e+02	2026-08-11T16:32:58.478203	0.00000000e+00	1	16	-3.38078000e-05	5.50806000e-05	-2.79882000e+00	-5.51994000e-05
1.44772752e+02	2026-08-11T16:32:58.542599	0.00000000e+00	1	16	-3.64542000e-05	5.05534000e-05	-2.69899000e+00	-4.99287000e-05
1.44831471e+02	2026-08-11T16:32:58.605518	0.00000000e+00	1	16	-3.71456000e-05	4.56683000e-05	-2.59891000e+00	-4.58284000e-05
1.44878598e+02	2026-08-11T16:32:58.653349	0.00000000e+00	1	16	-3.72648000e-05	4.23267000e-05	-2.49904000e+00	-4.19932000e-05
1.44931815e+02	2026-08-11T16:32:58.700828	0.00000000e+00	1	16	-3.72887000e-05	3.86074000e-05	-2.39892000e+00	-3.86316000e-05
1.44995815e+02	2026-08-11T16:32:58.769341	0.00000000e+00	1	16	-3.74317000e-05	3.51275000e-05	-2.29882000e+00	-3.52068000e-05
1.45057597e+02	2026-08-11T16:32:58.829670	0.00000000e+00	1	16	-3.91245000e-05	3.23154000e-05	-2.19902000e+00	-3.23138000e-05
1.45109356e+02	2026-08-11T16:32:58.877558	0.00000000e+00	1	16	-3.64542000e-05	2.90735000e-05	-2.09885000e+00	-2.91196000e-05
1.45166312e+02	2026-08-11T16:32:58.940614	0.00000000e+00	1	16	-3.63827000e-05	2.63803000e-05	-1.99990000e+00	-2.64927000e-05
1.45212173e+02	2026-08-11T16:32:58.972120	0.00000000e+00	1	16	-3.63112000e-05	2.40084000e-05	-1.89991000e+00	-2.39304000e-05
1.45260969e+02	2026-08-11T16:32:59.035225	0.00000000e+00	1	16	-3.57628000e-05	2.10182000e-05	-1.79991000e+00	-2.11314000e-05
1.45308533e+02	2026-08-11T16:32:59.082885	0.00000000e+00	1	16	-3.69310000e-05	1.88205000e-05	-1.69993000e+00	-1.88556000e-05
1.45354905e+02	2026-08-11T16:32:59.125712	0.00000000e+00	1	16	-3.65496000e-05	1.67091000e-05	-1.59993000e+00	-1.67349000e-05
1.45399468e+02	2026-08-11T16:32:59.173734	0.00000000e+00	1	16	-3.31402000e-05	1.45006000e-05	-1.49994000e+00	-1.44941000e-05
1.45443200e+02	2026-08-11T16:32:59.217873	0.00000000e+00	1	16	-3.29018000e-05	1.25179000e-05	-1.39994000e+00	-1.25522000e-05
1.45502089e+02	2026-08-11T16:32:59.274066	0.00000000e+00	1	16	-3.19481000e-05	1.08159000e-05	-1.29995000e+00	-1.07211000e-05
1.45564523e+02	2026-08-11T16:32:59.338412	0.00000000e+00	1	16	-3.58343000e-05	9.33913000e-06	-1.19995000e+00	-9.10354000e-06
1.45668048e+02	2026-08-11T16:32:59.441695	0.00000000e+00	1	16	-3.70502000e-05	7.53085000e-06	-1.09995000e+00	-7.56806000e-06
1.45723339e+02	2026-08-11T16:32:59.497645	0.00000000e+00	1	16	-3.52621000e-05	6.13127000e-06	-9.99954000e-01	-6.13086000e-06
1.45787281e+02	2026-08-11T16:32:59.561721	0.00000000e+00	1	16	-3.42607000e-05	4.79832000e-06	-8.99950000e-01	-4.78572000e-06
1.45850915e+02	2026-08-11T16:32:59.625039	0.00000000e+00	1	16	-3.16381000e-05	3.62008000e-06	-7.99944000e-01	-3.58573000e-06
1.45915088e+02	2026-08-11T16:32:59.689051	0.00000000e+00	1	16	-3.22342000e-05	2.57668000e-06	-6.99936000e-01	-2.57312000e-06
1.45978601e+02	2026-08-11T16:32:59.752808	0.00000000e+00	1	16	-3.15189000e-05	1.78686000e-06	-5.99928000e-01	-1.76211000e-06
1.46026144e+02	2026-08-11T16:32:59.800507	0.00000000e+00	1	16	-3.29494000e-05	1.15707000e-06	-4.99923000e-01	-1.13192000e-06
1.46085723e+02	2026-08-11T16:32:59.847984	0.00000000e+00	1	16	-3.09229000e-05	5.98862000e-07	-3.99918000e-01	-6.01138000e-07
1.46171070e+02	2026-08-11T16:32:59.943051	0.00000000e+00	1	16	-3.09944000e-05	2.80707000e-07	-2.99905000e-01	-2.75624000e-07
1.46232293e+02	2026-08-11T16:33:00.007471	0.00000000e+00	1	16	-3.08037000e-05	1.01614000e-07	-1.99898000e-01	-1.02789000e-07
1.46279575e+02	2026-08-11T16:33:00.053828	0.00000000e+00	1	16	-3.03507000e-05	2.24016000e-08	-9.98928000e-02	-2.10178000e-08
1.46459776e+02	2026-08-11T16:33:00.230525	0.00000000e+00	1	16	-2.70128000e-05	1.81545000e-09	6.37531000e-05	-2.73335000e-10
1.51545826e+02	2026-08-11T16:33:05.311791	0.00000000e+00	1	17	-1.27554000e-05	-1.82512000e-08	5.17607000e-05	2.65986000e-08
1.51600991e+02	2026-08-11T16:33:05.376133	0.00000000e+00	1	17	-2.56300000e-05	2.44861000e-05	-9.98899000e-02	-2.45101000e-05
1.51769249e+02	2026-08-11T16:33:05.535385	0.00000000e+00	1	17	-2.32220000e-05	5.49358000e-05	-1.99898000e-01	-5.50204000e-05
1.51822494e+02	2026-08-11T16:33:05.594091	0.00000000e+00	1	17	-2.22445000e-05	9.54607000e-05	-2.99905000e-01	-9.49640000e-05
1.51872073e+02	2026-08-11T16:33:05.641722	0.00000000e+00	1	17	-2.07424000e-05	1.28708000e-04	-3.99924000e-01	-1.15555000e-04
1.51957496e+02	2026-08-11T16:33:05.726998	0.00000000e+00	1	17	-1.92165000e-05	1.47992000e-04	-4.99922000e-01	-1.47353000e-04
1.52016281e+02	2026-08-11T16:33:05.791193	0.00000000e+00	1	17	-2.43664000e-05	1.70174000e-04	-5.99923000e-01	-1.69678000e-04
1.52080282e+02	2026-08-11T16:33:05.854487	0.00000000e+00	1	17	-2.36988000e-05	7.61233000e-05	-6.99930000e-01	-7.68886000e-05
1.52175845e+02	2026-08-11T16:33:05.950064	0.00000000e+00	1	17	-2.29597000e-05	5.18143000e-05	-7.99942000e-01	-4.81849000e-05
1.52239456e+02	2026-08-11T16:33:06.013854	0.00000000e+00	1	17	-2.42233000e-05	1.82316000e-05	-8.99940000e-01	-1.86675000e-05
1.52302966e+02	2026-08-11T16:33:06.077525	0.00000000e+00	1	17	-2.15530000e-05	2.97438000e-05	-9.99950000e-01	-2.50278000e-05
1.52350992e+02	2026-08-11T16:33:06.125043	0.00000000e+00	1	17	-2.15054000e-05	2.43188000e-05	-1.09995000e+00	-1.43483000e-05
1.52403636e+02	2026-08-11T16:33:06.177220	0.00000000e+00	1	17	-2.28405000e-05	1.64991000e-05	-1.19995000e+00	-1.55040000e-05
1.52465851e+02	2026-08-11T16:33:06.236259	0.00000000e+00	1	17	-2.41756000e-05	1.87754000e-05	-1.29995000e+00	-1.95490000e-05
1.52529939e+02	2026-08-11T16:33:06.299983	0.00000000e+00	1	17	-2.61307000e-05	1.78045000e-05	-1.39994000e+00	-1.70873000e-05
1.52590736e+02	2026-08-11T16:33:06.363947	0.00000000e+00	1	17	-2.54154000e-05	1.70943000e-05	-1.49994000e+00	-1.50550000e-05
1.52636937e+02	2026-08-11T16:33:06.411732	0.00000000e+00	1	17	-2.63929000e-05	1.75663000e-05	-1.59993000e+00	-1.71076000e-05
1.52685283e+02	2026-08-11T16:33:06.459474	0.00000000e+00	1	17	-2.79427000e-05	1.99249000e-05	-1.69993000e+00	-1.97579000e-05
1.52749174e+02	2026-08-11T16:33:06.523081	0.00000000e+00	1	17	-2.66552000e-05	2.16931000e-05	-1.79992000e+00	-2.13471000e-05
1.52820466e+02	2026-08-11T16:33:06.587320	0.00000000e+00	1	17	-2.72274000e-05	2.21770000e-05	-1.89992000e+00	-2.23328000e-05
1.52884453e+02	2026-08-11T16:33:06.651498	0.00000000e+00	1	17	-2.87294000e-05	2.45528000e-05	-1.99991000e+00	-2.45906000e-05
1.52935664e+02	2026-08-11T16:33:06.709713	0.00000000e+00	1	17	-2.88486000e-05	2.69941000e-05	-2.09888000e+00	-2.61433000e-05
1.52994271e+02	2026-08-11T16:33:06.762696	0.00000000e+00	1	17	-3.01123000e-05	2.86670000e-05	-2.19901000e+00	-2.91200000e-05
1.53051556e+02	2026-08-11T16:33:06.826489	0.00000000e+00	1	17	-3.11852000e-05	3.15198000e-05	-2.29884000e+00	-3.25930000e-05
1.53096026e+02	2026-08-11T16:33:06.868210	0.00000000e+00	1	17	-3.21865000e-05	3.53995000e-05	-2.39897000e+00	-3.60097000e-05
1.53147872e+02	2026-08-11T16:33:06.921479	0.00000000e+00	1	17	-3.13997000e-05	3.68233000e-05	-2.49912000e+00	-3.73848000e-05
1.53201655e+02	2026-08-11T16:33:06.975314	0.00000000e+00	1	17	-3.31879000e-05	4.10550000e-05	-2.59897000e+00	-4.17851000e-05
1.53253193e+02	2026-08-11T16:33:07.023427	0.00000000e+00	1	17	-3.23057000e-05	4.48566000e-05	-2.69909000e+00	-4.60288000e-05
1.53297941e+02	2026-08-11T16:33:07.067921	0.00000000e+00	1	17	-3.23057000e-05	5.05649000e-05	-2.79896000e+00	-5.04418000e-05
1.53344818e+02	2026-08-11T16:33:07.115431	0.00000000e+00	1	17	-3.21150000e-05	5.51702000e-05	-2.89910000e+00	-5.58911000e-05
1.53408063e+02	2026-08-11T16:33:07.182836	0.00000000e+00	1	17	-3.45707000e-05	6.02749000e-05	-2.99892000e+00	-6.17823000e-05
1.53457555e+02	2026-08-11T16:33:07.223649	0.00000000e+00	1	17	-3.42846000e-05	6.18764000e-05	-2.99890000e+00	-6.22212000e-05
1.53505951e+02	2026-08-11T16:33:07.277897	0.00000000e+00	1	17	-3.35693000e-05	5.78308000e-05	-2.89911000e+00	-5.72963000e-05
1.53550124e+02	2026-08-11T16:33:07.318860	0.00000000e+00	1	17	-3.20673000e-05	5.27127000e-05	-2.79897000e+00	-5.31739000e-05
1.53607907e+02	2026-08-11T16:33:07.382634	0.00000000e+00	1	17	-3.12805000e-05	4.89803000e-05	-2.69910000e+00	-4.91372000e-05
1.53672410e+02	2026-08-11T16:33:07.447279	0.00000000e+00	1	17	-3.18766000e-05	4.52164000e-05	-2.59901000e+00	-4.53886000e-05
1.53726411e+02	2026-08-11T16:33:07.496657	0.00000000e+00	1	17	-3.04937000e-05	4.21100000e-05	-2.49916000e+00	-4.22464000e-05
1.53776284e+02	2026-08-11T16:33:07.546183	0.00000000e+00	1	17	-3.15666000e-05	3.89438000e-05	-2.39903000e+00	-3.86105000e-05
1.53821016e+02	2026-08-11T16:33:07.590162	0.00000000e+00	1	17	-3.13997000e-05	3.53107000e-05	-2.29890000e+00	-3.58429000e-05
1.53879482e+02	2026-08-11T16:33:07.654121	0.00000000e+00	1	17	-3.02315000e-05	3.26902000e-05	-2.19903000e+00	-3.26979000e-05
1.53942531e+02	2026-08-11T16:33:07.716883	0.00000000e+00	1	17	-2.68459000e-05	2.93143000e-05	-2.09891000e+00	-2.92312000e-05
1.54006955e+02	2026-08-11T16:33:07.781035	0.00000000e+00	1	17	-3.02553000e-05	2.65290000e-05	-1.99991000e+00	-2.66350000e-05
1.54070854e+02	2026-08-11T16:33:07.845010	0.00000000e+00	1	17	-3.07560000e-05	2.39783000e-05	-1.89992000e+00	-2.41297000e-05
1.54135097e+02	2026-08-11T16:33:07.909098	0.00000000e+00	1	17	-2.78950000e-05	2.17481000e-05	-1.79992000e+00	-2.17112000e-05
1.54198376e+02	2026-08-11T16:33:07.972634	0.00000000e+00	1	17	-2.99454000e-05	1.94790000e-05	-1.69993000e+00	-1.93995000e-05
1.54246048e+02	2026-08-11T16:33:08.020777	0.00000000e+00	1	17	-2.96831000e-05	1.71391000e-05	-1.59993000e+00	-1.70438000e-05
1.54302999e+02	2026-08-11T16:33:08.069386	0.00000000e+00	1	17	-2.89202000e-05	1.49938000e-05	-1.49995000e+00	-1.49855000e-05
1.54361956e+02	2026-08-11T16:33:08.131954	0.00000000e+00	1	17	-2.75135000e-05	1.29512000e-05	-1.39995000e+00	-1.27604000e-05
1.54423894e+02	2026-08-11T16:33:08.195507	0.00000000e+00	1	17	-2.52724000e-05	1.08845000e-05	-1.29996000e+00	-1.08055000e-05
1.54485333e+02	2026-08-11T16:33:08.258987	0.00000000e+00	1	17	-3.26872000e-05	9.39750000e-06	-1.19995000e+00	-9.19022000e-06
1.54588838e+02	2026-08-11T16:33:08.355185	0.00000000e+00	1	17	-3.34740000e-05	7.58500000e-06	-1.09996000e+00	-7.54522000e-06
1.54650632e+02	2026-08-11T16:33:08.418779	0.00000000e+00	1	17	-3.28064000e-05	6.16294000e-06	-9.99960000e-01	-6.11386000e-06
1.54716149e+02	2026-08-11T16:33:08.483717	0.00000000e+00	1	17	-3.20435000e-05	4.87817000e-06	-8.99952000e-01	-4.87240000e-06
1.54760925e+02	2026-08-11T16:33:08.534681	0.00000000e+00	1	17	-2.95877000e-05	3.71353000e-06	-7.99954000e-01	-3.68005000e-06
1.54819817e+02	2026-08-11T16:33:08.594255	0.00000000e+00	1	17	-2.96116000e-05	2.71958000e-06	-6.99942000e-01	-2.67457000e-06
1.54883595e+02	2026-08-11T16:33:08.658284	0.00000000e+00	1	17	-2.62737000e-05	1.89923000e-06	-5.99931000e-01	-1.89109000e-06
1.54938896e+02	2026-08-11T16:33:08.708537	0.00000000e+00	1	17	-2.62499000e-05	1.19184000e-06	-4.99925000e-01	-1.18233000e-06
1.54999692e+02	2026-08-11T16:33:08.769889	0.00000000e+00	1	17	-2.68698000e-05	6.48582000e-07	-3.99920000e-01	-6.44261000e-07
1.55090371e+02	2026-08-11T16:33:08.865577	0.00000000e+00	1	17	-2.55823000e-05	2.96543000e-07	-2.99911000e-01	-2.93718000e-07
1.55138047e+02	2026-08-11T16:33:08.912720	0.00000000e+00	1	17	-2.72989000e-05	1.08717000e-07	-1.99903000e-01	-1.06491000e-07
1.55202015e+02	2026-08-11T16:33:08.976309	0.00000000e+00	1	17	-3.08752000e-05	2.32506000e-08	-9.98961000e-02	-2.31527000e-08
1.55393022e+02	2026-08-11T16:33:09.167114	0.00000000e+00	1	17	-2.96354000e-05	5.36454000e-10	6.04868000e-05	-2.04277000e-10
1.60448161e+02	2026-08-11T16:33:14.222083	0.00000000e+00	1	18	-3.14951000e-05	-2.25212000e-08	5.76019000e-05	2.34177000e-08
1.60493143e+02	2026-08-11T16:33:14.264447	0.00000000e+00	1	18	-4.41313000e-05	1.81254000e-05	-9.98922000e-02	-1.82576000e-05
1.60660456e+02	2026-08-11T16:33:14.430015	0.00000000e+00	1	18	-3.38793000e-05	4.06441000e-05	-1.99901000e-01	-4.06232000e-05
1.60717831e+02	2026-08-11T16:33:14.492594	0.00000000e+00	1	18	-3.52144000e-05	7.17822000e-05	-2.99909000e-01	-7.20544000e-05
1.60774683e+02	2026-08-11T16:33:14.540328	0.00000000e+00	1	18	-3.40462000e-05	1.15387000e-04	-3.99926000e-01	-1.15906000e-04
1.60861533e+02	2026-08-11T16:33:14.636088	0.00000000e+00	1	18	-3.43084000e-05	1.68979000e-04	-4.99930000e-01	-1.68714000e-04
1.60926067e+02	2026-08-11T16:33:14.700402	0.00000000e+00	1	18	-3.67880000e-05	2.37131000e-04	-5.99931000e-01	-2.39416000e-04
1.60971532e+02	2026-08-11T16:33:14.732354	0.00000000e+00	1	18	-3.97205000e-05	3.35590000e-04	-6.99941000e-01	-3.89562000e-04
1.61027392e+02	2026-08-11T16:33:14.795966	0.00000000e+00	1	18	-3.80754000e-05	5.02281000e-04	-7.99952000e-01	-5.19019000e-04
1.61087203e+02	2026-08-11T16:33:14.859907	0.00000000e+00	1	18	-4.05550000e-05	6.14496000e-04	-8.99950000e-01	-6.21848000e-04
1.61149689e+02	2026-08-11T16:33:14.923468	0.00000000e+00	1	18	-3.54052000e-05	1.54508000e-04	-9.99959000e-01	-1.23172000e-04
1.61203782e+02	2026-08-11T16:33:14.973709	0.00000000e+00	1	18	-3.54528000e-05	8.56788000e-05	-1.09996000e+00	-9.82347000e-05
1.61292991e+02	2026-08-11T16:33:15.067357	0.00000000e+00	1	18	-3.74079000e-05	1.21260000e-04	-1.19996000e+00	-1.11467000e-04
1.61402650e+02	2026-08-11T16:33:15.163204	0.00000000e+00	1	18	-3.71218000e-05	1.29917000e-04	-1.29995000e+00	-6.24690000e-05
1.61485748e+02	2026-08-11T16:33:15.259697	0.00000000e+00	1	18	-3.49998000e-05	7.00338000e-05	-1.39994000e+00	-7.87738000e-05
1.61551870e+02	2026-08-11T16:33:15.323783	0.00000000e+00	1	18	-3.44992000e-05	7.66116000e-05	-1.49994000e+00	-7.83108000e-05
1.61615575e+02	2026-08-11T16:33:15.390019	0.00000000e+00	1	18	-3.56674000e-05	5.00212000e-05	-1.59994000e+00	-6.17649000e-05
1.61680781e+02	2026-08-11T16:33:15.452482	0.00000000e+00	1	18	-3.58582000e-05	5.51610000e-05	-1.69993000e+00	-5.39365000e-05
1.61789145e+02	2026-08-11T16:33:15.563370	0.00000000e+00	1	18	-3.68595000e-05	6.94462000e-05	-1.79992000e+00	-5.59095000e-05
1.61833850e+02	2026-08-11T16:33:15.606323	0.00000000e+00	1	18	-3.31402000e-05	3.91384000e-05	-1.89992000e+00	-2.07633000e-05
1.61884340e+02	2026-08-11T16:33:15.658836	0.00000000e+00	1	18	-3.20673000e-05	2.27518000e-05	-1.99991000e+00	-2.25857000e-05
1.61942493e+02	2026-08-11T16:33:15.717315	0.00000000e+00	1	18	-3.29733000e-05	2.40436000e-05	-2.09894000e+00	-2.40147000e-05
1.61994360e+02	2026-08-11T16:33:15.764781	0.00000000e+00	1	18	-3.33548000e-05	2.64481000e-05	-2.19911000e+00	-2.66909000e-05
1.62043509e+02	2026-08-11T16:33:15.817780	0.00000000e+00	1	18	-3.35932000e-05	2.91822000e-05	-2.29892000e+00	-2.96179000e-05
1.62088861e+02	2026-08-11T16:33:15.849625	0.00000000e+00	1	18	-3.19242000e-05	3.18290000e-05	-2.39904000e+00	-3.18549000e-05
1.62139061e+02	2026-08-11T16:33:15.913660	0.00000000e+00	1	18	-3.13759000e-05	3.65853000e-05	-2.49916000e+00	-3.66910000e-05
1.62186493e+02	2026-08-11T16:33:15.961408	0.00000000e+00	1	18	-3.33309000e-05	4.10931000e-05	-2.59906000e+00	-4.29579000e-05
1.62234664e+02	2026-08-11T16:33:16.009013	0.00000000e+00	1	18	-3.28302000e-05	4.64436000e-05	-2.69910000e+00	-4.62908000e-05
1.62298066e+02	2026-08-11T16:33:16.072503	0.00000000e+00	1	18	-3.54528000e-05	5.28452000e-05	-2.79892000e+00	-5.20664000e-05
1.62343649e+02	2026-08-11T16:33:16.117948	0.00000000e+00	1	18	-3.67165000e-05	5.57581000e-05	-2.89910000e+00	-5.89725000e-05
1.62393004e+02	2026-08-11T16:33:16.163333	0.00000000e+00	1	18	-3.48330000e-05	6.24438000e-05	-2.99892000e+00	-6.53199000e-05
1.62440770e+02	2026-08-11T16:33:16.215887	0.00000000e+00	1	18	-3.50475000e-05	6.50223000e-05	-2.99892000e+00	-6.56355000e-05
1.62485411e+02	2026-08-11T16:33:16.247744	0.00000000e+00	1	18	-3.50714000e-05	6.02126000e-05	-2.89910000e+00	-6.04238000e-05
1.62540027e+02	2026-08-11T16:33:16.311295	0.00000000e+00	1	18	-3.63350000e-05	5.83886000e-05	-2.79896000e+00	-5.76667000e-05
1.62603539e+02	2026-08-11T16:33:16.374910	0.00000000e+00	1	18	-3.40939000e-05	5.28693000e-05	-2.69912000e+00	-5.21518000e-05
1.62666114e+02	2026-08-11T16:33:16.439178	0.00000000e+00	1	18	-3.53575000e-05	4.79856000e-05	-2.59900000e+00	-4.76111000e-05
1.62731494e+02	2026-08-11T16:33:16.502468	0.00000000e+00	1	18	-3.58105000e-05	4.43219000e-05	-2.49916000e+00	-4.41237000e-05
1.62797492e+02	2026-08-11T16:33:16.566168	0.00000000e+00	1	18	-3.48806000e-05	4.06385000e-05	-2.39901000e+00	-4.04819000e-05
1.62855675e+02	2026-08-11T16:33:16.629831	0.00000000e+00	1	18	-3.61681000e-05	3.71433000e-05	-2.29887000e+00	-3.73911000e-05
1.62902477e+02	2026-08-11T16:33:16.677446	0.00000000e+00	1	18	-3.96967000e-05	3.39066000e-05	-2.19908000e+00	-3.39047000e-05
1.62954622e+02	2026-08-11T16:33:16.725623	0.00000000e+00	1	18	-3.99113000e-05	3.02785000e-05	-2.09890000e+00	-3.06106000e-05
1.62999014e+02	2026-08-11T16:33:16.773763	0.00000000e+00	1	18	-3.71456000e-05	2.76861000e-05	-1.99991000e+00	-2.77762000e-05
1.63045781e+02	2026-08-11T16:33:16.805750	0.00000000e+00	1	18	-3.86715000e-05	2.52027000e-05	-1.89992000e+00	-2.51752000e-05
1.63096586e+02	2026-08-11T16:33:16.869161	0.00000000e+00	1	18	-3.66211000e-05	2.24347000e-05	-1.79992000e+00	-2.24550000e-05
1.63141130e+02	2026-08-11T16:33:16.901036	0.00000000e+00	1	18	-3.76701000e-05	1.99277000e-05	-1.69993000e+00	-1.96818000e-05
1.63196044e+02	2026-08-11T16:33:16.964963	0.00000000e+00	1	18	-3.49045000e-05	1.73946000e-05	-1.59994000e+00	-1.74087000e-05
1.63256910e+02	2026-08-11T16:33:17.028862	0.00000000e+00	1	18	-3.32594000e-05	1.51193000e-05	-1.49995000e+00	-1.50639000e-05
1.63318857e+02	2026-08-11T16:33:17.092568	0.00000000e+00	1	18	-3.21388000e-05	1.29861000e-05	-1.39995000e+00	-1.30912000e-05
1.63365103e+02	2026-08-11T16:33:17.124466	0.00000000e+00	1	18	-3.03984000e-05	1.12026000e-05	-1.29996000e+00	-1.13815000e-05
1.63409651e+02	2026-08-11T16:33:17.183233	0.00000000e+00	1	18	-3.64304000e-05	9.71396000e-06	-1.19996000e+00	-9.48207000e-06
1.63496206e+02	2026-08-11T16:33:17.268019	0.00000000e+00	1	18	-3.88861000e-05	7.92416000e-06	-1.09996000e+00	-7.82706000e-06
1.63556948e+02	2026-08-11T16:33:17.331550	0.00000000e+00	1	18	-3.80278000e-05	6.23049000e-06	-9.99957000e-01	-6.17767000e-06
1.63620916e+02	2026-08-11T16:33:17.395128	0.00000000e+00	1	18	-4.04358000e-05	4.87586000e-06	-8.99951000e-01	-4.89664000e-06
1.63685450e+02	2026-08-11T16:33:17.459349	0.00000000e+00	1	18	-3.78609000e-05	3.58239000e-06	-7.99948000e-01	-3.55952000e-06
1.63748377e+02	2026-08-11T16:33:17.522900	0.00000000e+00	1	18	-3.88145000e-05	2.60896000e-06	-6.99937000e-01	-2.59180000e-06
1.63796031e+02	2026-08-11T16:33:17.571175	0.00000000e+00	1	18	-3.76701000e-05	1.82261000e-06	-5.99926000e-01	-1.79593000e-06
1.63851972e+02	2026-08-11T16:33:17.617491	0.00000000e+00	1	18	-3.83616000e-05	1.15027000e-06	-4.99921000e-01	-1.12398000e-06
1.63914419e+02	2026-08-11T16:33:17.681429	0.00000000e+00	1	18	-4.15564000e-05	6.58007000e-07	-3.99917000e-01	-6.38578000e-07
1.64006935e+02	2026-08-11T16:33:17.777694	0.00000000e+00	1	18	-4.07934000e-05	3.05440000e-07	-2.99907000e-01	-3.06334000e-07
1.64052115e+02	2026-08-11T16:33:17.824437	0.00000000e+00	1	18	-4.03643000e-05	1.12073000e-07	-1.99903000e-01	-1.10070000e-07
1.64113396e+02	2026-08-11T16:33:17.888065	0.00000000e+00	1	18	-4.13895000e-05	2.42605000e-08	-9.98977000e-02	-2.25905000e-08
1.64312355e+02	2026-08-11T16:33:18.079735	0.00000000e+00	1	18	-3.98874000e-05	2.34127000e-10	5.99146000e-05	-1.75321000e-10
1.69603034e+02	2026-08-11T16:33:23.368861	0.00000000e+00	1	19	-2.14100000e-05	-3.71291000e-08	5.79834000e-05	3.88671000e-08
1.69662654e+02	2026-08-11T16:33:23.431746	0.00000000e+00	1	19	-3.38078000e-05	3.20845000e-05	-9.98904000e-02	-3.21506000e-05
1.69831080e+02	2026-08-11T16:33:23.592065	0.00000000e+00	1	19	-3.03984000e-05	7.16250000e-05	-1.99899000e-01	-7.15535000e-05
1.69882154e+02	2026-08-11T16:33:23.655617	0.00000000e+00	1	19	-3.29494000e-05	1.21350000e-04	-2.99909000e-01	-1.21443000e-04
1.69988732e+02	2026-08-11T16:33:23.751723	0.00000000e+00	1	19	-3.06606000e-05	1.82220000e-04	-3.99922000e-01	-1.82245000e-04
1.70041371e+02	2026-08-11T16:33:23.815401	0.00000000e+00	1	19	-3.24488000e-05	2.50286000e-04	-4.99922000e-01	-2.50783000e-04
1.70085863e+02	2026-08-11T16:33:23.857359	0.00000000e+00	1	19	-3.17812000e-05	3.35418000e-04	-5.99929000e-01	-3.39204000e-04
1.70152511e+02	2026-08-11T16:33:23.926428	0.00000000e+00	1	19	-3.29971000e-05	3.89870000e-04	-6.99941000e-01	-3.94263000e-04
1.70215715e+02	2026-08-11T16:33:23.990196	0.00000000e+00	1	19	-3.21388000e-05	4.61683000e-04	-7.99951000e-01	-4.51497000e-04
1.70279975e+02	2026-08-11T16:33:24.054061	0.00000000e+00	1	19	-3.05653000e-05	1.04874000e-04	-8.99949000e-01	-8.85512000e-05
1.70346456e+02	2026-08-11T16:33:24.117619	0.00000000e+00	1	19	-3.67165000e-05	9.07067000e-05	-9.99954000e-01	-7.73289000e-05
1.70411888e+02	2026-08-11T16:33:24.181485	0.00000000e+00	1	19	-3.47137000e-05	6.82388000e-05	-1.09995000e+00	-5.50056000e-05
1.70471332e+02	2026-08-11T16:33:24.245497	0.00000000e+00	1	19	-3.31640000e-05	5.66727000e-05	-1.19996000e+00	-4.79208000e-05
1.70527655e+02	2026-08-11T16:33:24.296721	0.00000000e+00	1	19	-3.34978000e-05	3.82026000e-05	-1.29996000e+00	-3.50867000e-05
1.70581778e+02	2026-08-11T16:33:24.356339	0.00000000e+00	1	19	-3.53098000e-05	4.32156000e-05	-1.39995000e+00	-3.76978000e-05
1.70629293e+02	2026-08-11T16:33:24.403946	0.00000000e+00	1	19	-3.39508000e-05	4.06862000e-05	-1.49994000e+00	-4.19441000e-05
1.70673674e+02	2026-08-11T16:33:24.447561	0.00000000e+00	1	19	-3.61681000e-05	4.06967000e-05	-1.59993000e+00	-3.70848000e-05
1.70718753e+02	2026-08-11T16:33:24.491827	0.00000000e+00	1	19	-3.72410000e-05	3.47272000e-05	-1.69993000e+00	-3.29817000e-05
1.70775298e+02	2026-08-11T16:33:24.546958	0.00000000e+00	1	19	-3.40462000e-05	3.44333000e-05	-1.79992000e+00	-3.30182000e-05
1.70836812e+02	2026-08-11T16:33:24.611087	0.00000000e+00	1	19	-3.53336000e-05	3.68461000e-05	-1.89992000e+00	-3.71654000e-05
1.70903002e+02	2026-08-11T16:33:24.673875	0.00000000e+00	1	19	-3.36647000e-05	2.97441000e-05	-1.99991000e+00	-2.97691000e-05
1.70970320e+02	2026-08-11T16:33:24.737930	0.00000000e+00	1	19	-3.29256000e-05	3.26860000e-05	-2.09888000e+00	-3.22826000e-05
1.71027245e+02	2026-08-11T16:33:24.801887	0.00000000e+00	1	19	-3.24965000e-05	3.40838000e-05	-2.19903000e+00	-3.91830000e-05
1.71091217e+02	2026-08-11T16:33:24.865468	0.00000000e+00	1	19	-3.40223000e-05	4.08840000e-05	-2.29886000e+00	-4.15547000e-05
1.71154414e+02	2026-08-11T16:33:24.929021	0.00000000e+00	1	19	-3.19004000e-05	3.88827000e-05	-2.39901000e+00	-3.82359000e-05
1.71218949e+02	2026-08-11T16:33:24.992992	0.00000000e+00	1	19	-3.47614000e-05	4.21884000e-05	-2.49907000e+00	-4.16332000e-05
1.71282354e+02	2026-08-11T16:33:25.056922	0.00000000e+00	1	19	-3.30687000e-05	4.83352000e-05	-2.59896000e+00	-5.04456000e-05
1.71348195e+02	2026-08-11T16:33:25.121629	0.00000000e+00	1	19	-3.38554000e-05	5.38684000e-05	-2.69904000e+00	-5.31819000e-05
1.71410420e+02	2026-08-11T16:33:25.184695	0.00000000e+00	1	19	-3.39746000e-05	5.74688000e-05	-2.79887000e+00	-5.81627000e-05
1.71474952e+02	2026-08-11T16:33:25.248803	0.00000000e+00	1	19	-3.66449000e-05	6.43195000e-05	-2.89904000e+00	-6.22558000e-05
1.71539050e+02	2026-08-11T16:33:25.312410	0.00000000e+00	1	19	-3.61204000e-05	7.04976000e-05	-2.99886000e+00	-7.18436000e-05
1.71592169e+02	2026-08-11T16:33:25.359861	0.00000000e+00	1	19	-3.64542000e-05	6.91152000e-05	-2.99887000e+00	-6.70381000e-05
1.71640720e+02	2026-08-11T16:33:25.407111	0.00000000e+00	1	19	-3.45945000e-05	6.29779000e-05	-2.89908000e+00	-6.24432000e-05
1.71694152e+02	2026-08-11T16:33:25.465075	0.00000000e+00	1	19	-3.59297000e-05	5.83357000e-05	-2.79893000e+00	-5.83610000e-05
1.71744371e+02	2026-08-11T16:33:25.518418	0.00000000e+00	1	19	-3.67403000e-05	5.39807000e-05	-2.69907000e+00	-5.32165000e-05
1.71808600e+02	2026-08-11T16:33:25.582896	0.00000000e+00	1	19	-3.80278000e-05	4.86807000e-05	-2.59897000e+00	-4.86266000e-05
1.71871241e+02	2026-08-11T16:33:25.645792	0.00000000e+00	1	19	-3.63827000e-05	4.44455000e-05	-2.49910000e+00	-4.48571000e-05
1.71934499e+02	2026-08-11T16:33:25.709236	0.00000000e+00	1	19	-3.67403000e-05	4.10254000e-05	-2.39897000e+00	-4.09763000e-05
1.71981458e+02	2026-08-11T16:33:25.753640	0.00000000e+00	1	19	-3.38554000e-05	3.77555000e-05	-2.29883000e+00	-3.79250000e-05
1.72030097e+02	2026-08-11T16:33:25.804781	0.00000000e+00	1	19	-3.44515000e-05	3.40995000e-05	-2.19904000e+00	-3.44217000e-05
1.72078075e+02	2026-08-11T16:33:25.852977	0.00000000e+00	1	19	-3.31402000e-05	3.07629000e-05	-2.09888000e+00	-3.07004000e-05
1.72142485e+02	2026-08-11T16:33:25.916793	0.00000000e+00	1	19	-3.46422000e-05	2.76907000e-05	-1.99991000e+00	-2.76780000e-05
1.72209602e+02	2026-08-11T16:33:25.980311	0.00000000e+00	1	19	-3.53098000e-05	2.47321000e-05	-1.89992000e+00	-2.49394000e-05
1.72270007e+02	2026-08-11T16:33:26.043939	0.00000000e+00	1	19	-3.35932000e-05	2.24599000e-05	-1.79992000e+00	-2.23568000e-05
1.72333435e+02	2026-08-11T16:33:26.107976	0.00000000e+00	1	19	-3.41654000e-05	1.97803000e-05	-1.69993000e+00	-1.97777000e-05
1.72379449e+02	2026-08-11T16:33:26.140264	0.00000000e+00	1	19	-3.71456000e-05	1.73806000e-05	-1.59993000e+00	-1.73725000e-05
1.72429080e+02	2026-08-11T16:33:26.204260	0.00000000e+00	1	19	-3.43561000e-05	1.51785000e-05	-1.49994000e+00	-1.51691000e-05
1.72476580e+02	2026-08-11T16:33:26.246560	0.00000000e+00	1	19	-3.09467000e-05	1.29782000e-05	-1.39994000e+00	-1.30303000e-05
1.72525221e+02	2026-08-11T16:33:26.299852	0.00000000e+00	1	19	-3.26872000e-05	1.10832000e-05	-1.29995000e+00	-1.10636000e-05
1.72572065e+02	2026-08-11T16:33:26.331716	0.00000000e+00	1	19	-4.02451000e-05	9.60344000e-06	-1.19996000e+00	-9.42067000e-06
1.72658510e+02	2026-08-11T16:33:26.427506	0.00000000e+00	1	19	-3.87430000e-05	7.81004000e-06	-1.09996000e+00	-7.78724000e-06
1.72722918e+02	2026-08-11T16:33:26.497155	0.00000000e+00	1	19	-4.07219000e-05	6.30848000e-06	-9.99955000e-01	-6.20790000e-06
1.72785104e+02	2026-08-11T16:33:26.554506	0.00000000e+00	1	19	-4.13895000e-05	4.91843000e-06	-8.99948000e-01	-4.88123000e-06
1.72837403e+02	2026-08-11T16:33:26.606199	0.00000000e+00	1	19	-4.24385000e-05	3.72604000e-06	-7.99944000e-01	-3.68403000e-06
1.72892309e+02	2026-08-11T16:33:26.667142	0.00000000e+00	1	19	-4.15087000e-05	2.76204000e-06	-6.99934000e-01	-2.78869000e-06
1.72955829e+02	2026-08-11T16:33:26.729781	0.00000000e+00	1	19	-4.24385000e-05	1.91172000e-06	-5.99924000e-01	-1.87894000e-06
1.73019130e+02	2026-08-11T16:33:26.793661	0.00000000e+00	1	19	-4.02689000e-05	1.14826000e-06	-4.99919000e-01	-1.12826000e-06
1.73082867e+02	2026-08-11T16:33:26.856759	0.00000000e+00	1	19	-4.02927000e-05	6.54540000e-07	-3.99912000e-01	-6.32264000e-07
1.73178449e+02	2026-08-11T16:33:26.952645	0.00000000e+00	1	19	-4.13656000e-05	3.08377000e-07	-2.99900000e-01	-3.02828000e-07
1.73224767e+02	2026-08-11T16:33:26.984406	0.00000000e+00	1	19	-3.73840000e-05	1.10500000e-07	-1.99896000e-01	-1.06358000e-07
1.73273641e+02	2026-08-11T16:33:27.047654	0.00000000e+00	1	19	-3.65496000e-05	2.38638000e-08	-9.98932000e-02	-2.31996000e-08
1.73465736e+02	2026-08-11T16:33:27.240374	0.00000000e+00	1	19	-3.76225000e-05	4.91941000e-10	5.98669000e-05	-1.99914000e-10
1.78652955e+02	2026-08-11T16:33:32.420704	0.00000000e+00	1	20	-1.95026000e-05	-1.39741000e-08	6.31809000e-05	2.16329000e-08
1.78711016e+02	2026-08-11T16:33:32.485549	0.00000000e+00	1	20	-3.58820000e-05	1.64385000e-05	-9.98917000e-02	-1.68700000e-05
1.78879658e+02	2026-08-11T16:33:32.644064	0.00000000e+00	1	20	-2.56300000e-05	3.49710000e-05	-1.99902000e-01	-3.49864000e-05
1.78933681e+02	2026-08-11T16:33:32.708497	0.00000000e+00	1	20	-2.73943000e-05	5.66214000e-05	-2.99909000e-01	-5.64502000e-05
1.78996446e+02	2026-08-11T16:33:32.771547	0.00000000e+00	1	20	-2.79427000e-05	7.98105000e-05	-3.99921000e-01	-8.04038000e-05
1.79042457e+02	2026-08-11T16:33:32.802704	0.00000000e+00	1	20	-2.96831000e-05	1.05115000e-04	-4.99928000e-01	-1.07635000e-04
1.79127779e+02	2026-08-11T16:33:32.900387	0.00000000e+00	1	20	-2.64883000e-05	9.08867000e-05	-5.99926000e-01	-9.12860000e-05
1.79213789e+02	2026-08-11T16:33:32.980049	0.00000000e+00	1	20	-2.60830000e-05	9.97657000e-05	-6.99934000e-01	-9.99524000e-05
1.79271481e+02	2026-08-11T16:33:33.044284	0.00000000e+00	1	20	-2.54869000e-05	8.90319000e-05	-7.99941000e-01	-8.61430000e-05
1.79341461e+02	2026-08-11T16:33:33.105784	0.00000000e+00	1	20	-2.92540000e-05	6.81197000e-05	-8.99944000e-01	-6.91936000e-05
1.79407729e+02	2026-08-11T16:33:33.169105	0.00000000e+00	1	20	-3.11852000e-05	6.09876000e-05	-9.99953000e-01	-5.29681000e-05
1.79458195e+02	2026-08-11T16:33:33.233012	0.00000000e+00	1	20	-2.62022000e-05	1.12049000e-05	-1.09996000e+00	-1.31640000e-05
1.79510829e+02	2026-08-11T16:33:33.285350	0.00000000e+00	1	20	-2.87294000e-05	2.09906000e-05	-1.19995000e+00	-1.58529000e-05
1.79563041e+02	2026-08-11T16:33:33.334806	0.00000000e+00	1	20	-2.90394000e-05	2.18454000e-05	-1.29996000e+00	-1.52738000e-05
1.79608999e+02	2026-08-11T16:33:33.380606	0.00000000e+00	1	20	-2.55585000e-05	1.36355000e-05	-1.39995000e+00	-1.09636000e-05
1.79654486e+02	2026-08-11T16:33:33.429166	0.00000000e+00	1	20	-2.54631000e-05	1.28382000e-05	-1.49994000e+00	-1.29822000e-05
1.79703146e+02	2026-08-11T16:33:33.476828	0.00000000e+00	1	20	-1.92165000e-05	1.47305000e-05	-1.59994000e+00	-1.45820000e-05
1.79752949e+02	2026-08-11T16:33:33.524372	0.00000000e+00	1	20	-2.31504000e-05	1.68535000e-05	-1.69993000e+00	-1.58233000e-05
1.79797350e+02	2026-08-11T16:33:33.565408	0.00000000e+00	1	20	-2.55823000e-05	1.79431000e-05	-1.79992000e+00	-1.79869000e-05
1.79854754e+02	2026-08-11T16:33:33.629273	0.00000000e+00	1	20	-2.31504000e-05	2.03033000e-05	-1.89992000e+00	-2.02675000e-05
1.79907544e+02	2026-08-11T16:33:33.680959	0.00000000e+00	1	20	-2.31981000e-05	2.19654000e-05	-1.99991000e+00	-2.24171000e-05
1.79970682e+02	2026-08-11T16:33:33.740731	0.00000000e+00	1	20	-2.41280000e-05	2.41794000e-05	-2.09888000e+00	-2.43255000e-05
1.80037365e+02	2026-08-11T16:33:33.812016	0.00000000e+00	1	20	-2.31028000e-05	2.70884000e-05	-2.19907000e+00	-2.69877000e-05
1.80087280e+02	2026-08-11T16:33:33.862007	0.00000000e+00	1	20	-2.36988000e-05	2.99551000e-05	-2.29885000e+00	-3.03254000e-05
1.80131807e+02	2026-08-11T16:33:33.899287	0.00000000e+00	1	20	-2.57492000e-05	3.30065000e-05	-2.39898000e+00	-3.34161000e-05
1.80188568e+02	2026-08-11T16:33:33.963023	0.00000000e+00	1	20	-2.38419000e-05	3.77295000e-05	-2.49910000e+00	-3.75179000e-05
1.80252132e+02	2026-08-11T16:33:34.026664	0.00000000e+00	1	20	-2.61068000e-05	4.23738000e-05	-2.59898000e+00	-4.28552000e-05
1.80306205e+02	2026-08-11T16:33:34.080655	0.00000000e+00	1	20	-2.51293000e-05	4.67637000e-05	-2.69907000e+00	-4.69195000e-05
1.80365796e+02	2026-08-11T16:33:34.139254	0.00000000e+00	1	20	-2.62022000e-05	5.22873000e-05	-2.79891000e+00	-5.19026000e-05
1.80417461e+02	2026-08-11T16:33:34.186398	0.00000000e+00	1	20	-2.87771000e-05	5.64839000e-05	-2.89908000e+00	-5.77290000e-05
1.80481105e+02	2026-08-11T16:33:34.250052	0.00000000e+00	1	20	-2.76089000e-05	6.43019000e-05	-2.99889000e+00	-6.63372000e-05
1.80525462e+02	2026-08-11T16:33:34.296768	0.00000000e+00	1	20	-2.85149000e-05	6.53173000e-05	-2.99887000e+00	-6.75121000e-05
1.80577922e+02	2026-08-11T16:33:34.352744	0.00000000e+00	1	20	-2.97546000e-05	6.26056000e-05	-2.89906000e+00	-6.20672000e-05
1.80624354e+02	2026-08-11T16:33:34.399361	0.00000000e+00	1	20	-2.86341000e-05	5.82966000e-05	-2.79890000e+00	-5.74557000e-05
1.80674986e+02	2026-08-11T16:33:34.449051	0.00000000e+00	1	20	-3.06606000e-05	5.18436000e-05	-2.69906000e+00	-5.19082000e-05
1.80728020e+02	2026-08-11T16:33:34.502372	0.00000000e+00	1	20	-2.87294000e-05	4.78212000e-05	-2.59899000e+00	-4.82728000e-05
1.80781262e+02	2026-08-11T16:33:34.556455	0.00000000e+00	1	20	-2.80380000e-05	4.47711000e-05	-2.49913000e+00	-4.52496000e-05
1.80830495e+02	2026-08-11T16:33:34.605154	0.00000000e+00	1	20	-2.96593000e-05	4.17003000e-05	-2.39902000e+00	-4.06615000e-05
1.80889622e+02	2026-08-11T16:33:34.662300	0.00000000e+00	1	20	-2.74181000e-05	3.80475000e-05	-2.29889000e+00	-3.74907000e-05
1.80954817e+02	2026-08-11T16:33:34.728183	0.00000000e+00	1	20	-2.98023000e-05	3.45343000e-05	-2.19906000e+00	-3.46399000e-05
1.81012125e+02	2026-08-11T16:33:34.786861	0.00000000e+00	1	20	-3.06129000e-05	3.19325000e-05	-2.09893000e+00	-3.18600000e-05
1.81056809e+02	2026-08-11T16:33:34.829262	0.00000000e+00	1	20	-2.90632000e-05	2.89523000e-05	-1.99991000e+00	-2.88699000e-05
1.81113898e+02	2026-08-11T16:33:34.888549	0.00000000e+00	1	20	-2.79188000e-05	2.58186000e-05	-1.89992000e+00	-2.60298000e-05
1.81171081e+02	2026-08-11T16:33:34.945922	0.00000000e+00	1	20	-2.80857000e-05	2.26802000e-05	-1.79992000e+00	-2.28536000e-05
1.81224594e+02	2026-08-11T16:33:34.994324	0.00000000e+00	1	20	-2.62022000e-05	2.02628000e-05	-1.69993000e+00	-2.01276000e-05
1.81283325e+02	2026-08-11T16:33:35.057252	0.00000000e+00	1	20	-2.77758000e-05	1.77582000e-05	-1.59994000e+00	-1.78153000e-05
1.81329298e+02	2026-08-11T16:33:35.102158	0.00000000e+00	1	20	-2.83003000e-05	1.57820000e-05	-1.49995000e+00	-1.58103000e-05
1.81386222e+02	2026-08-11T16:33:35.152859	0.00000000e+00	1	20	-2.61784000e-05	1.34894000e-05	-1.39995000e+00	-1.33917000e-05
1.81437029e+02	2026-08-11T16:33:35.206396	0.00000000e+00	1	20	-2.75373000e-05	1.14827000e-05	-1.29996000e+00	-1.15321000e-05
1.81497375e+02	2026-08-11T16:33:35.263985	0.00000000e+00	1	20	-3.65973000e-05	9.95167000e-06	-1.19996000e+00	-9.74930000e-06
1.81600543e+02	2026-08-11T16:33:35.375732	0.00000000e+00	1	20	-3.49522000e-05	8.15963000e-06	-1.09996000e+00	-8.13524000e-06
1.81662636e+02	2026-08-11T16:33:35.423644	0.00000000e+00	1	20	-3.55482000e-05	6.60528000e-06	-9.99960000e-01	-6.54447000e-06
1.81716634e+02	2026-08-11T16:33:35.487969	0.00000000e+00	1	20	-3.53813000e-05	5.16297000e-06	-8.99958000e-01	-5.18093000e-06
1.81778726e+02	2026-08-11T16:33:35.552337	0.00000000e+00	1	20	-3.49998000e-05	3.88978000e-06	-7.99950000e-01	-3.84112000e-06
1.81822823e+02	2026-08-11T16:33:35.584434	0.00000000e+00	1	20	-3.48330000e-05	2.85002000e-06	-6.99945000e-01	-2.83310000e-06
1.81872255e+02	2026-08-11T16:33:35.647433	0.00000000e+00	1	20	-3.51429000e-05	1.95560000e-06	-5.99934000e-01	-1.94402000e-06
1.81922403e+02	2026-08-11T16:33:35.695213	0.00000000e+00	1	20	-3.52144000e-05	1.28022000e-06	-4.99930000e-01	-1.24155000e-06
1.81967900e+02	2026-08-11T16:33:35.727262	0.00000000e+00	1	20	-3.47137000e-05	6.84714000e-07	-3.99923000e-01	-6.83563000e-07
1.82053285e+02	2026-08-11T16:33:35.823816	0.00000000e+00	1	20	-3.37601000e-05	3.29337000e-07	-2.99912000e-01	-3.32185000e-07
1.82118423e+02	2026-08-11T16:33:35.887979	0.00000000e+00	1	20	-3.32117000e-05	1.20974000e-07	-1.99904000e-01	-1.19702000e-07
1.82181404e+02	2026-08-11T16:33:35.951003	0.00000000e+00	1	20	-3.79562000e-05	2.66237000e-08	-9.99018000e-02	-2.32427000e-08
1.82368136e+02	2026-08-11T16:33:36.142351	0.00000000e+00	1	20	-3.41654000e-05	9.71615000e-10	5.68151000e-05	-2.32208000e-10
1.87319401e+02	2026-08-11T16:33:41.084439	0.00000000e+00	1	21	-2.89202000e-05	-3.61568000e-09	4.84705000e-05	3.82396000e-09
1.87374459e+02	2026-08-11T16:33:41.148573	0.00000000e+00	1	21	-3.35455000e-05	3.01063000e-06	-9.99014000e-02	-3.00812000e-06
1.87509631e+02	2026-08-11T16:33:41.276083	0.00000000e+00	1	21	-3.89814000e-05	6.63089000e-06	-1.99906000e-01	-6.63331000e-06
1.87554149e+02	2026-08-11T16:33:41.327773	0.00000000e+00	1	21	-3.57628000e-05	1.16578000e-05	-2.99913000e-01	-1.19449000e-05
1.87644305e+02	2026-08-11T16:33:41.418745	0.00000000e+00	1	21	-3.12567000e-05	2.04597000e-05	-3.99926000e-01	-2.04813000e-05
1.87708248e+02	2026-08-11T16:33:41.482425	0.00000000e+00	1	21	-3.01361000e-05	3.53382000e-05	-4.99924000e-01	-3.59403000e-05
1.87771573e+02	2026-08-11T16:33:41.546165	0.00000000e+00	1	21	-3.22104000e-05	9.73447000e-05	-5.99926000e-01	-9.69062000e-05
1.87835563e+02	2026-08-11T16:33:41.610029	0.00000000e+00	1	21	-3.13759000e-05	1.03144000e-04	-6.99935000e-01	-9.98936000e-05
1.87901674e+02	2026-08-11T16:33:41.674013	0.00000000e+00	1	21	-3.31163000e-05	5.03733000e-05	-7.99944000e-01	-3.40434000e-05
1.87967292e+02	2026-08-11T16:33:41.737259	0.00000000e+00	1	21	-3.21150000e-05	4.60659000e-05	-8.99949000e-01	-3.80916000e-05
1.88026364e+02	2026-08-11T16:33:41.800479	0.00000000e+00	1	21	-3.20435000e-05	3.20424000e-05	-9.99952000e-01	-3.05280000e-05
1.88090267e+02	2026-08-11T16:33:41.864783	0.00000000e+00	1	21	-3.42846000e-05	2.61113000e-05	-1.09996000e+00	-2.84200000e-05
1.88153906e+02	2026-08-11T16:33:41.928493	0.00000000e+00	1	21	-3.56913000e-05	2.08452000e-05	-1.19995000e+00	-1.88915000e-05
1.88201428e+02	2026-08-11T16:33:41.976196	0.00000000e+00	1	21	-2.38895000e-05	1.85383000e-05	-1.29996000e+00	-9.20745000e-06
1.88287245e+02	2026-08-11T16:33:42.061733	0.00000000e+00	1	21	-3.21388000e-05	1.15273000e-05	-1.39994000e+00	-1.10765000e-05
1.88353023e+02	2026-08-11T16:33:42.127889	0.00000000e+00	1	21	-3.32594000e-05	1.25422000e-05	-1.49994000e+00	-1.24283000e-05
1.88408600e+02	2026-08-11T16:33:42.182862	0.00000000e+00	1	21	-3.40223000e-05	1.38578000e-05	-1.59993000e+00	-1.39951000e-05
1.88452785e+02	2026-08-11T16:33:42.214566	0.00000000e+00	1	21	-3.54052000e-05	1.60269000e-05	-1.69992000e+00	-1.62439000e-05
1.88503487e+02	2026-08-11T16:33:42.278141	0.00000000e+00	1	21	-3.53336000e-05	1.79431000e-05	-1.79992000e+00	-1.78700000e-05
1.88567132e+02	2026-08-11T16:33:42.341705	0.00000000e+00	1	21	-3.36409000e-05	1.98612000e-05	-1.89991000e+00	-1.98811000e-05
1.88630832e+02	2026-08-11T16:33:42.405563	0.00000000e+00	1	21	-3.26633000e-05	2.23652000e-05	-1.99991000e+00	-2.22845000e-05
1.88694063e+02	2026-08-11T16:33:42.468522	0.00000000e+00	1	21	-3.35217000e-05	2.45978000e-05	-2.09888000e+00	-2.45242000e-05
1.88758233e+02	2026-08-11T16:33:42.532346	0.00000000e+00	1	21	-3.74079000e-05	2.72625000e-05	-2.19908000e+00	-2.71038000e-05
1.88816551e+02	2026-08-11T16:33:42.582084	0.00000000e+00	1	21	-3.68357000e-05	2.99920000e-05	-2.29886000e+00	-3.06319000e-05
1.88872879e+02	2026-08-11T16:33:42.644051	0.00000000e+00	1	21	-3.67880000e-05	3.40505000e-05	-2.39901000e+00	-3.49655000e-05
1.88939832e+02	2026-08-11T16:33:42.708269	0.00000000e+00	1	21	-3.64304000e-05	3.85114000e-05	-2.49912000e+00	-3.84185000e-05
1.88990116e+02	2026-08-11T16:33:42.760183	0.00000000e+00	1	21	-3.91722000e-05	4.19135000e-05	-2.59899000e+00	-4.19302000e-05
1.89054632e+02	2026-08-11T16:33:42.820050	0.00000000e+00	1	21	-4.05788000e-05	4.88379000e-05	-2.69906000e+00	-5.03058000e-05
1.89116145e+02	2026-08-11T16:33:42.883468	0.00000000e+00	1	21	-4.03166000e-05	5.32963000e-05	-2.79888000e+00	-5.28693000e-05
1.89180904e+02	2026-08-11T16:33:42.947816	0.00000000e+00	1	21	-3.88384000e-05	5.89176000e-05	-2.89903000e+00	-5.79174000e-05
1.89243606e+02	2026-08-11T16:33:43.011896	0.00000000e+00	1	21	-3.87907000e-05	6.45761000e-05	-2.99882000e+00	-6.46824000e-05
1.89286583e+02	2026-08-11T16:33:43.058828	0.00000000e+00	1	21	-3.70741000e-05	6.58905000e-05	-2.99884000e+00	-6.63528000e-05
1.89336332e+02	2026-08-11T16:33:43.106681	0.00000000e+00	1	21	-3.77655000e-05	6.03427000e-05	-2.89905000e+00	-5.95739000e-05
1.89398206e+02	2026-08-11T16:33:43.169935	0.00000000e+00	1	21	-3.53813000e-05	5.50338000e-05	-2.79891000e+00	-5.48775000e-05
1.89460992e+02	2026-08-11T16:33:43.234388	0.00000000e+00	1	21	-3.57628000e-05	5.03020000e-05	-2.69904000e+00	-5.03613000e-05
1.89525995e+02	2026-08-11T16:33:43.297208	0.00000000e+00	1	21	-3.89099000e-05	4.64429000e-05	-2.59895000e+00	-4.70706000e-05
1.89593864e+02	2026-08-11T16:33:43.361195	0.00000000e+00	1	21	-3.78609000e-05	4.32276000e-05	-2.49912000e+00	-4.32971000e-05
1.89650734e+02	2026-08-11T16:33:43.425130	0.00000000e+00	1	21	-3.59535000e-05	3.92866000e-05	-2.39899000e+00	-3.91327000e-05
1.89714623e+02	2026-08-11T16:33:43.489263	0.00000000e+00	1	21	-3.74556000e-05	3.58587000e-05	-2.29883000e+00	-3.57880000e-05
1.89772563e+02	2026-08-11T16:33:43.542967	0.00000000e+00	1	21	-3.79562000e-05	3.27997000e-05	-2.19904000e+00	-3.25974000e-05
1.89828176e+02	2026-08-11T16:33:43.600894	0.00000000e+00	1	21	-3.85284000e-05	2.97676000e-05	-2.09887000e+00	-2.97734000e-05
1.89872663e+02	2026-08-11T16:33:43.633093	0.00000000e+00	1	21	-3.78847000e-05	2.70301000e-05	-1.99991000e+00	-2.72020000e-05
1.89918838e+02	2026-08-11T16:33:43.691441	0.00000000e+00	1	21	-3.83377000e-05	2.44894000e-05	-1.89992000e+00	-2.45633000e-05
1.89964987e+02	2026-08-11T16:33:43.738578	0.00000000e+00	1	21	-3.63350000e-05	2.20553000e-05	-1.79992000e+00	-2.20842000e-05
1.90024215e+02	2026-08-11T16:33:43.792749	0.00000000e+00	1	21	-3.76463000e-05	1.96056000e-05	-1.69993000e+00	-1.95801000e-05
1.90088120e+02	2026-08-11T16:33:43.856846	0.00000000e+00	1	21	-3.70264000e-05	1.74444000e-05	-1.59994000e+00	-1.75098000e-05
1.90147458e+02	2026-08-11T16:33:43.919441	0.00000000e+00	1	21	-3.29971000e-05	1.53479000e-05	-1.49995000e+00	-1.53481000e-05
1.90200182e+02	2026-08-11T16:33:43.967422	0.00000000e+00	1	21	-3.28302000e-05	1.32600000e-05	-1.39995000e+00	-1.32039000e-05
1.90264084e+02	2026-08-11T16:33:44.032436	0.00000000e+00	1	21	-3.41654000e-05	1.12576000e-05	-1.29996000e+00	-1.11642000e-05
1.90326381e+02	2026-08-11T16:33:44.100706	0.00000000e+00	1	21	-3.90768000e-05	9.73697000e-06	-1.19995000e+00	-9.55008000e-06
1.90416147e+02	2026-08-11T16:33:44.190517	0.00000000e+00	1	21	-4.16517000e-05	7.96095000e-06	-1.09996000e+00	-7.84469000e-06
1.90469328e+02	2026-08-11T16:33:44.238177	0.00000000e+00	1	21	-3.82900000e-05	6.40748000e-06	-9.99959000e-01	-6.43178000e-06
1.90522701e+02	2026-08-11T16:33:44.295585	0.00000000e+00	1	21	-4.07696000e-05	5.06353000e-06	-8.99953000e-01	-5.02863000e-06
1.90575127e+02	2026-08-11T16:33:44.349684	0.00000000e+00	1	21	-3.81947000e-05	3.87849000e-06	-7.99950000e-01	-3.87344000e-06
1.90620838e+02	2026-08-11T16:33:44.381569	0.00000000e+00	1	21	-3.73840000e-05	2.84503000e-06	-6.99942000e-01	-2.81028000e-06
1.90670553e+02	2026-08-11T16:33:44.444808	0.00000000e+00	1	21	-3.76940000e-05	1.91368000e-06	-5.99929000e-01	-1.90570000e-06
1.90717023e+02	2026-08-11T16:33:44.477168	0.00000000e+00	1	21	-3.55959000e-05	1.23080000e-06	-4.99925000e-01	-1.22035000e-06
1.90779697e+02	2026-08-11T16:33:44.540466	0.00000000e+00	1	21	-3.64542000e-05	7.10227000e-07	-3.99923000e-01	-6.84348000e-07
1.90865201e+02	2026-08-11T16:33:44.636354	0.00000000e+00	1	21	-3.60250000e-05	3.36489000e-07	-2.99907000e-01	-3.38009000e-07
1.90927865e+02	2026-08-11T16:33:44.699708	0.00000000e+00	1	21	-3.49998000e-05	1.24907000e-07	-1.99900000e-01	-1.20774000e-07
1.90988686e+02	2026-08-11T16:33:44.763071	0.00000000e+00	1	21	-4.01974000e-05	2.50772000e-08	-9.98962000e-02	-2.44002000e-08
1.91184864e+02	2026-08-11T16:33:44.955163	0.00000000e+00	1	21	-3.84331000e-05	3.21603000e-10	5.02348000e-05	-1.86396000e-10
1.96461004e+02	2026-08-11T16:33:50.228953	0.00000000e+00	1	22	-2.81096000e-05	-4.51710000e-09	5.12600000e-05	7.02425000e-09
1.96512194e+02	2026-08-11T16:33:50.281134	0.00000000e+00	1	22	-3.76940000e-05	5.40193000e-06	-9.98909000e-02	-5.40452000e-06
1.96639324e+02	2026-08-11T16:33:50.403895	0.00000000e+00	1	22	-3.65734000e-05	1.20086000e-05	-1.99892000e-01	-1.20373000e-05
1.96725311e+02	2026-08-11T16:33:50.498839	0.00000000e+00	1	22	-3.28064000e-05	2.17348000e-05	-2.99904000e-01	-2.17232000e-05
1.96788468e+02	2026-08-11T16:33:50.562649	0.00000000e+00	1	22	-3.67165000e-05	3.78126000e-05	-3.99914000e-01	-3.78031000e-05
1.96852706e+02	2026-08-11T16:33:50.626762	0.00000000e+00	1	22	-3.54290000e-05	6.40200000e-05	-4.99913000e-01	-6.41750000e-05
1.96916618e+02	2026-08-11T16:33:50.691168	0.00000000e+00	1	22	-3.27826000e-05	9.26722000e-05	-5.99917000e-01	-8.00664000e-05
1.96981881e+02	2026-08-11T16:33:50.754255	0.00000000e+00	1	22	-3.65734000e-05	1.94256000e-04	-6.99935000e-01	-1.62588000e-04
1.97047295e+02	2026-08-11T16:33:50.819010	0.00000000e+00	1	22	-3.61681000e-05	1.66103000e-04	-7.99942000e-01	-1.49932000e-04
1.97107440e+02	2026-08-11T16:33:50.881482	0.00000000e+00	1	22	-3.48091000e-05	8.00834000e-05	-8.99938000e-01	-7.84409000e-05
1.97202724e+02	2026-08-11T16:33:50.976838	0.00000000e+00	1	22	-3.38078000e-05	3.84624000e-05	-9.99948000e-01	-3.23056000e-05
1.97266986e+02	2026-08-11T16:33:51.041276	0.00000000e+00	1	22	-3.21627000e-05	3.24128000e-05	-1.09995000e+00	-3.11176000e-05
1.97313137e+02	2026-08-11T16:33:51.072997	0.00000000e+00	1	22	-3.13282000e-05	2.34154000e-05	-1.19996000e+00	-2.09752000e-05
1.97363168e+02	2026-08-11T16:33:51.136698	0.00000000e+00	1	22	-2.15054000e-05	2.46203000e-05	-1.29995000e+00	-1.20690000e-05
1.97407596e+02	2026-08-11T16:33:51.168994	0.00000000e+00	1	22	-2.97546000e-05	1.33820000e-05	-1.39995000e+00	-1.28911000e-05
1.97459228e+02	2026-08-11T16:33:51.232376	0.00000000e+00	1	22	-3.27587000e-05	1.49923000e-05	-1.49994000e+00	-1.46374000e-05
1.97507649e+02	2026-08-11T16:33:51.280393	0.00000000e+00	1	22	-3.36885000e-05	1.70342000e-05	-1.59993000e+00	-1.71314000e-05
1.97551298e+02	2026-08-11T16:33:51.322862	0.00000000e+00	1	22	-3.28064000e-05	1.97175000e-05	-1.69993000e+00	-1.95989000e-05
1.97601454e+02	2026-08-11T16:33:51.375989	0.00000000e+00	1	22	-3.46661000e-05	1.83436000e-05	-1.79992000e+00	-1.82212000e-05
1.97665450e+02	2026-08-11T16:33:51.439718	0.00000000e+00	1	22	-3.40223000e-05	1.99893000e-05	-1.89992000e+00	-1.98398000e-05
1.97714096e+02	2026-08-11T16:33:51.487174	0.00000000e+00	1	22	-3.27110000e-05	2.24209000e-05	-1.99991000e+00	-2.23414000e-05
1.97760587e+02	2026-08-11T16:33:51.534780	0.00000000e+00	1	22	-3.23772000e-05	2.44730000e-05	-2.09888000e+00	-2.44324000e-05
1.97804496e+02	2026-08-11T16:33:51.566604	0.00000000e+00	1	22	-3.37601000e-05	2.70694000e-05	-2.19903000e+00	-2.76044000e-05
1.97856483e+02	2026-08-11T16:33:51.630419	0.00000000e+00	1	22	-3.33309000e-05	3.08913000e-05	-2.29883000e+00	-3.19806000e-05
1.97903374e+02	2026-08-11T16:33:51.677733	0.00000000e+00	1	22	-3.25441000e-05	3.48466000e-05	-2.39895000e+00	-3.46560000e-05
1.97960153e+02	2026-08-11T16:33:51.726225	0.00000000e+00	1	22	-3.30687000e-05	3.73971000e-05	-2.49909000e+00	-3.69360000e-05
1.98022648e+02	2026-08-11T16:33:51.789266	0.00000000e+00	1	22	-3.32594000e-05	4.03001000e-05	-2.59896000e+00	-4.07109000e-05
1.98078524e+02	2026-08-11T16:33:51.852911	0.00000000e+00	1	22	-3.36885000e-05	4.53680000e-05	-2.69903000e+00	-4.54137000e-05
1.98124475e+02	2026-08-11T16:33:51.885071	0.00000000e+00	1	22	-3.64780000e-05	4.92078000e-05	-2.79889000e+00	-5.02312000e-05
1.98174412e+02	2026-08-11T16:33:51.948838	0.00000000e+00	1	22	-3.58582000e-05	5.51866000e-05	-2.89904000e+00	-5.61571000e-05
1.98218958e+02	2026-08-11T16:33:51.990660	0.00000000e+00	1	22	-3.46184000e-05	6.01278000e-05	-2.99884000e+00	-6.14138000e-05
1.98267967e+02	2026-08-11T16:33:52.028065	0.00000000e+00	1	22	-3.46422000e-05	6.30977000e-05	-2.99884000e+00	-6.38244000e-05
1.98317252e+02	2026-08-11T16:33:52.091946	0.00000000e+00	1	22	-3.50952000e-05	5.83912000e-05	-2.89902000e+00	-5.81038000e-05
1.98361875e+02	2026-08-11T16:33:52.135266	0.00000000e+00	1	22	-3.40462000e-05	5.42428000e-05	-2.79885000e+00	-5.38827000e-05
1.98412650e+02	2026-08-11T16:33:52.187208	0.00000000e+00	1	22	-3.29733000e-05	4.95473000e-05	-2.69899000e+00	-4.97347000e-05
1.98461474e+02	2026-08-11T16:33:52.234683	0.00000000e+00	1	22	-3.34024000e-05	4.56967000e-05	-2.59889000e+00	-4.55432000e-05
1.98511217e+02	2026-08-11T16:33:52.282854	0.00000000e+00	1	22	-3.59058000e-05	4.17811000e-05	-2.49904000e+00	-4.18632000e-05
1.98572474e+02	2026-08-11T16:33:52.346825	0.00000000e+00	1	22	-3.34978000e-05	3.87385000e-05	-2.39891000e+00	-3.89276000e-05
1.98618090e+02	2026-08-11T16:33:52.387856	0.00000000e+00	1	22	-3.28302000e-05	3.57680000e-05	-2.29879000e+00	-3.60534000e-05
1.98666492e+02	2026-08-11T16:33:52.441318	0.00000000e+00	1	22	-3.36885000e-05	3.26420000e-05	-2.19893000e+00	-3.25638000e-05
1.98724538e+02	2026-08-11T16:33:52.499460	0.00000000e+00	1	22	-3.04937000e-05	2.98460000e-05	-2.09882000e+00	-2.96881000e-05
1.98778362e+02	2026-08-11T16:33:52.553543	0.00000000e+00	1	22	-3.16620000e-05	2.71103000e-05	-1.99990000e+00	-2.70781000e-05
1.98843039e+02	2026-08-11T16:33:52.617058	0.00000000e+00	1	22	-3.00169000e-05	2.44134000e-05	-1.89991000e+00	-2.44015000e-05
1.98906549e+02	2026-08-11T16:33:52.680326	0.00000000e+00	1	22	-2.89202000e-05	2.17483000e-05	-1.79992000e+00	-2.18041000e-05
1.98957511e+02	2026-08-11T16:33:52.728392	0.00000000e+00	1	22	-3.02553000e-05	1.94439000e-05	-1.69992000e+00	-1.95315000e-05
1.99004542e+02	2026-08-11T16:33:52.776242	0.00000000e+00	1	22	-2.88725000e-05	1.71903000e-05	-1.59993000e+00	-1.72276000e-05
1.99048689e+02	2026-08-11T16:33:52.823891	0.00000000e+00	1	22	-3.07083000e-05	1.50611000e-05	-1.49994000e+00	-1.50362000e-05
1.99094587e+02	2026-08-11T16:33:52.866009	0.00000000e+00	1	22	-2.66790000e-05	1.29365000e-05	-1.39994000e+00	-1.29052000e-05
1.99147771e+02	2026-08-11T16:33:52.921640	0.00000000e+00	1	22	-2.67506000e-05	1.09143000e-05	-1.29995000e+00	-1.09038000e-05
1.99192998e+02	2026-08-11T16:33:52.968177	0.00000000e+00	1	22	-3.41177000e-05	9.56178000e-06	-1.19995000e+00	-9.20146000e-06
1.99279957e+02	2026-08-11T16:33:53.047711	0.00000000e+00	1	22	-3.48806000e-05	7.60509000e-06	-1.09996000e+00	-7.59657000e-06
1.99337173e+02	2026-08-11T16:33:53.111519	0.00000000e+00	1	22	-3.58105000e-05	6.17067000e-06	-9.99954000e-01	-6.11872000e-06
1.99400652e+02	2026-08-11T16:33:53.175219	0.00000000e+00	1	22	-3.36885000e-05	4.73492000e-06	-8.99947000e-01	-4.76503000e-06
1.99469553e+02	2026-08-11T16:33:53.239378	0.00000000e+00	1	22	-3.57151000e-05	3.73205000e-06	-7.99948000e-01	-3.69352000e-06
1.99532082e+02	2026-08-11T16:33:53.303234	0.00000000e+00	1	22	-3.39270000e-05	2.66542000e-06	-6.99939000e-01	-2.65768000e-06
1.99593055e+02	2026-08-11T16:33:53.367057	0.00000000e+00	1	22	-3.54052000e-05	1.82373000e-06	-5.99926000e-01	-1.77695000e-06
1.99656487e+02	2026-08-11T16:33:53.430673	0.00000000e+00	1	22	-3.73364000e-05	1.15764000e-06	-4.99921000e-01	-1.13684000e-06
1.99719952e+02	2026-08-11T16:33:53.494458	0.00000000e+00	1	22	-3.46661000e-05	6.38699000e-07	-3.99918000e-01	-6.24937000e-07
1.99814804e+02	2026-08-11T16:33:53.589912	0.00000000e+00	1	22	-3.20911000e-05	3.03821000e-07	-2.99911000e-01	-2.97100000e-07
1.99878827e+02	2026-08-11T16:33:53.653423	0.00000000e+00	1	22	-3.20196000e-05	1.07680000e-07	-1.99906000e-01	-1.08158000e-07
1.99943538e+02	2026-08-11T16:33:53.717869	0.00000000e+00	1	22	-3.49045000e-05	2.31907000e-08	-9.99010000e-02	-2.21292000e-08
2.00135372e+02	2026-08-11T16:33:53.908943	0.00000000e+00	1	22	-2.99454000e-05	4.05766000e-09	5.24521000e-05	-3.43466000e-10
2.05376019e+02	2026-08-11T16:33:59.147475	0.00000000e+00	1	23	-2.83718000e-05	-4.58820000e-09	6.35624000e-05	4.89795000e-09
2.05435328e+02	2026-08-11T16:33:59.209691	0.00000000e+00	1	23	-2.83718000e-05	3.57266000e-06	-9.98910000e-02	-3.58092000e-06
2.05563355e+02	2026-08-11T16:33:59.337470	0.00000000e+00	1	23	-3.24488000e-05	7.71879000e-06	-1.99896000e-01	-7.72245000e-06
2.05607942e+02	2026-08-11T16:33:59.369269	0.00000000e+00	1	23	-3.08752000e-05	1.30840000e-05	-2.99903000e-01	-1.31316000e-05
2.05693691e+02	2026-08-11T16:33:59.464762	0.00000000e+00	1	23	-2.89440000e-05	2.06934000e-05	-3.99920000e-01	-2.07156000e-05
2.05758300e+02	2026-08-11T16:33:59.529135	0.00000000e+00	1	23	-2.87533000e-05	3.22514000e-05	-4.99922000e-01	-3.22998000e-05
2.05824105e+02	2026-08-11T16:33:59.593291	0.00000000e+00	1	23	-2.96831000e-05	5.37104000e-05	-5.99925000e-01	-5.91017000e-05
2.05885173e+02	2026-08-11T16:33:59.656756	0.00000000e+00	1	23	-3.01123000e-05	8.09415000e-05	-6.99939000e-01	-4.99820000e-05
2.05954608e+02	2026-08-11T16:33:59.729406	0.00000000e+00	1	23	-3.16620000e-05	4.19489000e-05	-7.99944000e-01	-4.22388000e-05
2.06002361e+02	2026-08-11T16:33:59.770753	0.00000000e+00	1	23	-3.15189000e-05	1.56764000e-05	-8.99948000e-01	-1.57282000e-05
2.06049837e+02	2026-08-11T16:33:59.818823	0.00000000e+00	1	23	-3.36170000e-05	2.34361000e-05	-9.99955000e-01	-2.25801000e-05
2.06113040e+02	2026-08-11T16:33:59.878559	0.00000000e+00	1	23	-3.15428000e-05	3.20264000e-05	-1.09995000e+00	-3.17372000e-05
2.06175557e+02	2026-08-11T16:33:59.942437	0.00000000e+00	1	23	-3.53575000e-05	9.66818000e-06	-1.19995000e+00	-9.62052000e-06
2.06264011e+02	2026-08-11T16:34:00.038722	0.00000000e+00	1	23	-3.29733000e-05	1.08292000e-05	-1.29995000e+00	-1.13101000e-05
2.06359672e+02	2026-08-11T16:34:00.133856	0.00000000e+00	1	23	-2.67744000e-05	1.40693000e-05	-1.39995000e+00	-1.38179000e-05
2.06405217e+02	2026-08-11T16:34:00.165550	0.00000000e+00	1	23	-3.16620000e-05	1.61874000e-05	-1.49994000e+00	-1.62375000e-05
2.06456103e+02	2026-08-11T16:34:00.229314	0.00000000e+00	1	23	-3.05891000e-05	1.89412000e-05	-1.59994000e+00	-1.88550000e-05
2.06502234e+02	2026-08-11T16:34:00.277324	0.00000000e+00	1	23	-3.04461000e-05	2.11907000e-05	-1.69993000e+00	-2.01298000e-05
2.06550503e+02	2026-08-11T16:34:00.325701	0.00000000e+00	1	23	-2.98262000e-05	2.22645000e-05	-1.79992000e+00	-2.24104000e-05
2.06614533e+02	2026-08-11T16:34:00.389131	0.00000000e+00	1	23	-2.89679000e-05	2.61450000e-05	-1.89992000e+00	-2.56893000e-05
2.06679690e+02	2026-08-11T16:34:00.453797	0.00000000e+00	1	23	-3.10898000e-05	2.97016000e-05	-1.99992000e+00	-2.84706000e-05
2.06734452e+02	2026-08-11T16:34:00.503328	0.00000000e+00	1	23	-3.20435000e-05	3.12937000e-05	-2.09893000e+00	-3.22352000e-05
2.06791602e+02	2026-08-11T16:34:00.565053	0.00000000e+00	1	23	-3.20435000e-05	3.56223000e-05	-2.19910000e+00	-3.54200000e-05
2.06837127e+02	2026-08-11T16:34:00.596863	0.00000000e+00	1	23	-3.01123000e-05	3.90817000e-05	-2.29888000e+00	-3.74096000e-05
2.06886047e+02	2026-08-11T16:34:00.660595	0.00000000e+00	1	23	-3.29256000e-05	4.33744000e-05	-2.39907000e+00	-4.25703000e-05
2.06950258e+02	2026-08-11T16:34:00.724845	0.00000000e+00	1	23	-3.36885000e-05	4.15593000e-05	-2.49916000e+00	-4.13708000e-05
2.07007609e+02	2026-08-11T16:34:00.774312	0.00000000e+00	1	23	-3.65973000e-05	4.74493000e-05	-2.59902000e+00	-4.62059000e-05
2.07069392e+02	2026-08-11T16:34:00.837005	0.00000000e+00	1	23	-3.39270000e-05	4.45811000e-05	-2.69911000e+00	-4.51830000e-05
2.07134414e+02	2026-08-11T16:34:00.899810	0.00000000e+00	1	23	-3.40223000e-05	5.08481000e-05	-2.79895000e+00	-5.07968000e-05
2.07185459e+02	2026-08-11T16:34:00.953395	0.00000000e+00	1	23	-3.53813000e-05	5.54375000e-05	-2.89913000e+00	-5.61384000e-05
2.07236916e+02	2026-08-11T16:34:01.011279	0.00000000e+00	1	23	-3.49045000e-05	6.22399000e-05	-2.99891000e+00	-6.24842000e-05
2.07286652e+02	2026-08-11T16:34:01.058696	0.00000000e+00	1	23	-3.60966000e-05	6.28161000e-05	-2.99893000e+00	-6.36073000e-05
2.07340722e+02	2026-08-11T16:34:01.106266	0.00000000e+00	1	23	-3.88622000e-05	5.82711000e-05	-2.89914000e+00	-5.89479000e-05
2.07402943e+02	2026-08-11T16:34:01.170336	0.00000000e+00	1	23	-4.00305000e-05	5.51928000e-05	-2.79895000e+00	-5.43854000e-05
2.07455436e+02	2026-08-11T16:34:01.220320	0.00000000e+00	1	23	-4.01020000e-05	5.13913000e-05	-2.69910000e+00	-5.15733000e-05
2.07508202e+02	2026-08-11T16:34:01.282544	0.00000000e+00	1	23	-3.89338000e-05	4.71899000e-05	-2.59902000e+00	-4.64246000e-05
2.07553680e+02	2026-08-11T16:34:01.314508	0.00000000e+00	1	23	-3.83616000e-05	4.26118000e-05	-2.49917000e+00	-4.23775000e-05
2.07599576e+02	2026-08-11T16:34:01.363312	0.00000000e+00	1	23	-3.65496000e-05	3.93221000e-05	-2.39903000e+00	-3.92361000e-05
2.07644281e+02	2026-08-11T16:34:01.417954	0.00000000e+00	1	23	-3.80516000e-05	3.58028000e-05	-2.29889000e+00	-3.59623000e-05
2.07699482e+02	2026-08-11T16:34:01.473475	0.00000000e+00	1	23	-3.66449000e-05	3.29930000e-05	-2.19908000e+00	-3.28321000e-05
2.07767924e+02	2026-08-11T16:34:01.536692	0.00000000e+00	1	23	-3.52144000e-05	3.02912000e-05	-2.09893000e+00	-3.01536000e-05
2.07832591e+02	2026-08-11T16:34:01.600267	0.00000000e+00	1	23	-3.11613000e-05	2.75372000e-05	-1.99992000e+00	-2.78465000e-05
2.07899086e+02	2026-08-11T16:34:01.664683	0.00000000e+00	1	23	-3.01123000e-05	2.48538000e-05	-1.89993000e+00	-2.48275000e-05
2.07957744e+02	2026-08-11T16:34:01.727670	0.00000000e+00	1	23	-2.92540000e-05	2.23045000e-05	-1.79993000e+00	-2.21736000e-05
2.08008805e+02	2026-08-11T16:34:01.777453	0.00000000e+00	1	23	-2.95877000e-05	1.97337000e-05	-1.69994000e+00	-1.96267000e-05
2.08071935e+02	2026-08-11T16:34:01.845163	0.00000000e+00	1	23	-3.03030000e-05	1.74231000e-05	-1.59994000e+00	-1.73302000e-05
2.08129774e+02	2026-08-11T16:34:01.903688	0.00000000e+00	1	23	-2.89440000e-05	1.52712000e-05	-1.49996000e+00	-1.52766000e-05
2.08175293e+02	2026-08-11T16:34:01.936667	0.00000000e+00	1	23	-2.64406000e-05	1.31303000e-05	-1.39996000e+00	-1.31187000e-05
2.08234055e+02	2026-08-11T16:34:01.998825	0.00000000e+00	1	23	-2.60115000e-05	1.11268000e-05	-1.29997000e+00	-1.11353000e-05
2.08281536e+02	2026-08-11T16:34:02.052455	0.00000000e+00	1	23	-3.43084000e-05	9.63669000e-06	-1.19997000e+00	-9.44963000e-06
2.08367178e+02	2026-08-11T16:34:02.142218	0.00000000e+00	1	23	-3.31879000e-05	7.79449000e-06	-1.09997000e+00	-7.77011000e-06
2.08415411e+02	2026-08-11T16:34:02.189714	0.00000000e+00	1	23	-3.03745000e-05	6.34680000e-06	-9.99967000e-01	-6.28479000e-06
2.08479290e+02	2026-08-11T16:34:02.253461	0.00000000e+00	1	23	-3.05414000e-05	4.93369000e-06	-8.99961000e-01	-4.92234000e-06
2.08538027e+02	2026-08-11T16:34:02.311861	0.00000000e+00	1	23	-3.25918000e-05	3.79988000e-06	-7.99957000e-01	-3.78845000e-06
2.08597988e+02	2026-08-11T16:34:02.366366	0.00000000e+00	1	23	-3.29018000e-05	2.72111000e-06	-6.99948000e-01	-2.73728000e-06
2.08662135e+02	2026-08-11T16:34:02.429138	0.00000000e+00	1	23	-3.34978000e-05	1.87092000e-06	-5.99937000e-01	-1.83543000e-06
2.08718435e+02	2026-08-11T16:34:02.492749	0.00000000e+00	1	23	-3.38078000e-05	1.18388000e-06	-4.99932000e-01	-1.17813000e-06
2.08781513e+02	2026-08-11T16:34:02.555784	0.00000000e+00	1	23	-3.31879000e-05	6.83392000e-07	-3.99925000e-01	-6.85187000e-07
2.08867762e+02	2026-08-11T16:34:02.640467	0.00000000e+00	1	23	-3.26872000e-05	3.40854000e-07	-2.99915000e-01	-3.31168000e-07
2.08927639e+02	2026-08-11T16:34:02.699225	0.00000000e+00	1	23	-3.11852000e-05	1.26231000e-07	-1.99908000e-01	-1.24443000e-07
2.08991216e+02	2026-08-11T16:34:02.765487	0.00000000e+00	1	23	-3.45707000e-05	2.79695000e-08	-9.99012000e-02	-2.63910000e-08
2.09167024e+02	2026-08-11T16:34:02.937957	0.00000000e+00	1	23	-3.06845000e-05	5.19375000e-09	4.83751000e-05	-3.62313000e-10
2.14283828e+02	2026-08-11T16:34:08.051812	0.00000000e+00	1	24	-2.79903000e-05	-2.21763000e-09	5.44548000e-05	2.26464000e-09
2.14356666e+02	2026-08-11T16:34:08.131426	0.00000000e+00	1	24	-3.18766000e-05	1.77871000e-06	-9.98940000e-02	-1.77777000e-06
2.14484410e+02	2026-08-11T16:34:08.259086	0.00000000e+00	1	24	-3.27826000e-05	3.78534000e-06	-1.99900000e-01	-3.78878000e-06
2.14543794e+02	2026-08-11T16:34:08.306572	0.00000000e+00	1	24	-3.43561000e-05	6.27997000e-06	-2.99909000e-01	-6.27851000e-06
2.14600120e+02	2026-08-11T16:34:08.370843	0.00000000e+00	1	24	-3.96252000e-05	9.63026000e-06	-3.99925000e-01	-9.63344000e-06
2.14660808e+02	2026-08-11T16:34:08.434228	0.00000000e+00	1	24	-4.27961000e-05	1.48347000e-05	-4.99918000e-01	-1.49082000e-05
2.14756226e+02	2026-08-11T16:34:08.530211	0.00000000e+00	1	24	-3.23772000e-05	2.35410000e-05	-5.99932000e-01	-2.35014000e-05
2.14802590e+02	2026-08-11T16:34:08.561803	0.00000000e+00	1	24	-3.15428000e-05	4.17710000e-05	-6.99940000e-01	-4.16504000e-05
2.14858775e+02	2026-08-11T16:34:08.625901	0.00000000e+00	1	24	-2.98500000e-05	6.84535000e-05	-7.99948000e-01	-5.12859000e-05
2.14915805e+02	2026-08-11T16:34:08.689623	0.00000000e+00	1	24	-3.24011000e-05	7.89221000e-05	-8.99946000e-01	-7.63258000e-05
2.14960675e+02	2026-08-11T16:34:08.721246	0.00000000e+00	1	24	-3.23057000e-05	8.48863000e-05	-9.99954000e-01	-6.94660000e-05
2.15022498e+02	2026-08-11T16:34:08.784226	0.00000000e+00	1	24	-2.98262000e-05	7.75166000e-05	-1.09995000e+00	-7.02352000e-05
2.15076599e+02	2026-08-11T16:34:08.847938	0.00000000e+00	1	24	-3.07322000e-05	6.82450000e-05	-1.19995000e+00	-6.00934000e-05
2.15140058e+02	2026-08-11T16:34:08.912237	0.00000000e+00	1	24	-3.28541000e-05	5.56843000e-05	-1.29996000e+00	-5.33575000e-05
2.15203462e+02	2026-08-11T16:34:08.975509	0.00000000e+00	1	24	-3.25441000e-05	5.58194000e-05	-1.39995000e+00	-4.89525000e-05
2.15266895e+02	2026-08-11T16:34:09.039575	0.00000000e+00	1	24	-3.24488000e-05	4.80418000e-05	-1.49994000e+00	-4.41784000e-05
2.15311057e+02	2026-08-11T16:34:09.071283	0.00000000e+00	1	24	-3.21627000e-05	4.59770000e-05	-1.59993000e+00	-4.42406000e-05
2.15363211e+02	2026-08-11T16:34:09.135329	0.00000000e+00	1	24	-3.39031000e-05	3.85472000e-05	-1.69993000e+00	-3.47239000e-05
2.15425617e+02	2026-08-11T16:34:09.199811	0.00000000e+00	1	24	-3.33309000e-05	3.72734000e-05	-1.79992000e+00	-4.11088000e-05
2.15489377e+02	2026-08-11T16:34:09.263864	0.00000000e+00	1	24	-3.40223000e-05	2.93474000e-05	-1.89992000e+00	-3.03564000e-05
2.15535440e+02	2026-08-11T16:34:09.295803	0.00000000e+00	1	24	-3.52383000e-05	2.89844000e-05	-1.99991000e+00	-2.90307000e-05
2.15585865e+02	2026-08-11T16:34:09.359462	0.00000000e+00	1	24	-3.34263000e-05	3.41052000e-05	-2.09885000e+00	-3.57110000e-05
2.15630936e+02	2026-08-11T16:34:09.391109	0.00000000e+00	1	24	-3.21150000e-05	3.99011000e-05	-2.19900000e+00	-3.92341000e-05
2.15679688e+02	2026-08-11T16:34:09.449468	0.00000000e+00	1	24	-3.10898000e-05	4.26286000e-05	-2.29883000e+00	-4.05821000e-05
2.15729922e+02	2026-08-11T16:34:09.502917	0.00000000e+00	1	24	-3.15428000e-05	4.66903000e-05	-2.39896000e+00	-4.54426000e-05
2.15775832e+02	2026-08-11T16:34:09.551007	0.00000000e+00	1	24	-3.09944000e-05	4.93377000e-05	-2.49909000e+00	-4.76072000e-05
2.15834797e+02	2026-08-11T16:34:09.608931	0.00000000e+00	1	24	-3.09944000e-05	4.14755000e-05	-2.59894000e+00	-4.14693000e-05
2.15901509e+02	2026-08-11T16:34:09.674592	0.00000000e+00	1	24	-3.24488000e-05	4.50869000e-05	-2.69905000e+00	-4.52850000e-05
2.15949238e+02	2026-08-11T16:34:09.720132	0.00000000e+00	1	24	-3.29971000e-05	5.02081000e-05	-2.79891000e+00	-5.25839000e-05
2.15999023e+02	2026-08-11T16:34:09.773503	0.00000000e+00	1	24	-3.32832000e-05	5.88617000e-05	-2.89907000e+00	-5.96828000e-05
2.16062348e+02	2026-08-11T16:34:09.836758	0.00000000e+00	1	24	-3.15905000e-05	6.34322000e-05	-2.99885000e+00	-6.59934000e-05
2.16106868e+02	2026-08-11T16:34:09.868681	0.00000000e+00	1	24	-3.22342000e-05	6.65492000e-05	-2.99886000e+00	-6.70131000e-05
2.16159029e+02	2026-08-11T16:34:09.932971	0.00000000e+00	1	24	-3.35217000e-05	6.13542000e-05	-2.89907000e+00	-6.12950000e-05
2.16206250e+02	2026-08-11T16:34:09.981349	0.00000000e+00	1	24	-3.21865000e-05	5.59638000e-05	-2.79890000e+00	-5.57272000e-05
2.16257341e+02	2026-08-11T16:34:10.028492	0.00000000e+00	1	24	-3.10421000e-05	5.14744000e-05	-2.69904000e+00	-5.21815000e-05
2.16317710e+02	2026-08-11T16:34:10.091607	0.00000000e+00	1	24	-3.29733000e-05	4.74711000e-05	-2.59898000e+00	-4.78606000e-05
2.16381091e+02	2026-08-11T16:34:10.154871	0.00000000e+00	1	24	-3.23772000e-05	4.41411000e-05	-2.49911000e+00	-4.41042000e-05
2.16445071e+02	2026-08-11T16:34:10.217465	0.00000000e+00	1	24	-3.14713000e-05	4.03554000e-05	-2.39899000e+00	-4.06975000e-05
2.16493668e+02	2026-08-11T16:34:10.267360	0.00000000e+00	1	24	-3.39031000e-05	3.69474000e-05	-2.29885000e+00	-3.73378000e-05
2.16554122e+02	2026-08-11T16:34:10.328794	0.00000000e+00	1	24	-3.41654000e-05	3.43716000e-05	-2.19905000e+00	-3.43839000e-05
2.16601825e+02	2026-08-11T16:34:10.375497	0.00000000e+00	1	24	-3.24249000e-05	3.12461000e-05	-2.09891000e+00	-3.14020000e-05
2.16665127e+02	2026-08-11T16:34:10.438591	0.00000000e+00	1	24	-3.20911000e-05	2.85859000e-05	-1.99991000e+00	-2.83858000e-05
2.16709438e+02	2026-08-11T16:34:10.470560	0.00000000e+00	1	24	-3.22819000e-05	2.56475000e-05	-1.89992000e+00	-2.54417000e-05
2.16756901e+02	2026-08-11T16:34:10.531345	0.00000000e+00	1	24	-3.21627000e-05	2.28941000e-05	-1.79992000e+00	-2.29533000e-05
2.16808650e+02	2026-08-11T16:34:10.582135	0.00000000e+00	1	24	-3.12567000e-05	2.03274000e-05	-1.69993000e+00	-2.04056000e-05
2.16852782e+02	2026-08-11T16:34:10.614009	0.00000000e+00	1	24	-3.12328000e-05	1.81835000e-05	-1.59994000e+00	-1.81667000e-05
2.16900191e+02	2026-08-11T16:34:10.670792	0.00000000e+00	1	24	-3.11852000e-05	1.59486000e-05	-1.49995000e+00	-1.59012000e-05
2.16952313e+02	2026-08-11T16:34:10.723862	0.00000000e+00	1	24	-3.00407000e-05	1.35763000e-05	-1.39995000e+00	-1.35612000e-05
2.16996460e+02	2026-08-11T16:34:10.771204	0.00000000e+00	1	24	-2.90632000e-05	1.16929000e-05	-1.29996000e+00	-1.17358000e-05
2.17045427e+02	2026-08-11T16:34:10.818270	0.00000000e+00	1	24	-3.57866000e-05	9.81288000e-06	-1.19996000e+00	-9.66021000e-06
2.17158527e+02	2026-08-11T16:34:10.929084	0.00000000e+00	1	24	-4.18186000e-05	8.23540000e-06	-1.09996000e+00	-8.32905000e-06
2.17244167e+02	2026-08-11T16:34:11.018945	0.00000000e+00	1	24	-3.58582000e-05	6.53378000e-06	-9.99961000e-01	-6.54388000e-06
2.17298334e+02	2026-08-11T16:34:11.073058	0.00000000e+00	1	24	-3.54528000e-05	5.03265000e-06	-8.99948000e-01	-4.95900000e-06
2.17363179e+02	2026-08-11T16:34:11.136842	0.00000000e+00	1	24	-3.55482000e-05	3.74269000e-06	-7.99953000e-01	-3.72238000e-06
2.17425783e+02	2026-08-11T16:34:11.200362	0.00000000e+00	1	24	-3.29971000e-05	2.74521000e-06	-6.99945000e-01	-2.72914000e-06
2.17489872e+02	2026-08-11T16:34:11.263983	0.00000000e+00	1	24	-3.33548000e-05	1.87804000e-06	-5.99935000e-01	-1.87571000e-06
2.17554038e+02	2026-08-11T16:34:11.328298	0.00000000e+00	1	24	-3.23296000e-05	1.20647000e-06	-4.99928000e-01	-1.19490000e-06
2.17600509e+02	2026-08-11T16:34:11.360126	0.00000000e+00	1	24	-3.40462000e-05	6.91620000e-07	-3.99921000e-01	-6.86382000e-07
2.17685440e+02	2026-08-11T16:34:11.460071	0.00000000e+00	1	24	-3.49760000e-05	3.37995000e-07	-2.99912000e-01	-3.34948000e-07
2.17740734e+02	2026-08-11T16:34:11.515472	0.00000000e+00	1	24	-3.10183000e-05	1.23061000e-07	-1.99906000e-01	-1.21385000e-07
2.17801736e+02	2026-08-11T16:34:11.576199	0.00000000e+00	1	24	-3.40223000e-05	2.61698000e-08	-9.98996000e-02	-2.72697000e-08
2.17978720e+02	2026-08-11T16:34:11.753771	0.00000000e+00	1	24	-2.92063000e-05	5.05029000e-09	5.34773000e-05	-3.84057000e-10
2.23095258e+02	2026-08-11T16:34:16.864710	0.00000000e+00	1	25	-2.92778000e-05	-2.54307000e-09	6.31094000e-05	2.94944000e-09
2.23154655e+02	2026-08-11T16:34:16.928383	0.00000000e+00	1	25	-3.57389000e-05	2.17107000e-06	-9.98934000e-02	-2.17267000e-06
2.23282829e+02	2026-08-11T16:34:17.055872	0.00000000e+00	1	25	-3.69787000e-05	4.60366000e-06	-1.99901000e-01	-4.59244000e-06
2.23336255e+02	2026-08-11T16:34:17.103689	0.00000000e+00	1	25	-4.02451000e-05	7.53997000e-06	-2.99913000e-01	-7.54317000e-06
2.23414016e+02	2026-08-11T16:34:17.184104	0.00000000e+00	1	25	-3.69549000e-05	1.14361000e-05	-3.99920000e-01	-1.14495000e-05
2.23500127e+02	2026-08-11T16:34:17.273735	0.00000000e+00	1	25	-3.52859000e-05	1.71453000e-05	-4.99924000e-01	-1.72128000e-05
2.23551835e+02	2026-08-11T16:34:17.326349	0.00000000e+00	1	25	-3.35455000e-05	2.62489000e-05	-5.99927000e-01	-2.62503000e-05
2.23615393e+02	2026-08-11T16:34:17.389913	0.00000000e+00	1	25	-3.67880000e-05	4.19182000e-05	-6.99935000e-01	-4.18510000e-05
2.23666668e+02	2026-08-11T16:34:17.439291	0.00000000e+00	1	25	-3.80993000e-05	6.74965000e-05	-7.99943000e-01	-6.74004000e-05
2.23735227e+02	2026-08-11T16:34:17.504751	0.00000000e+00	1	25	-3.67403000e-05	9.88817000e-05	-8.99942000e-01	-9.71190000e-05
2.23789530e+02	2026-08-11T16:34:17.563874	0.00000000e+00	1	25	-3.39031000e-05	9.72287000e-05	-9.99948000e-01	-9.13050000e-05
2.23869920e+02	2026-08-11T16:34:17.643693	0.00000000e+00	1	25	-3.54052000e-05	8.16169000e-05	-1.09995000e+00	-7.66865000e-05
2.23942441e+02	2026-08-11T16:34:17.707659	0.00000000e+00	1	25	-3.61443000e-05	7.77285000e-05	-1.19995000e+00	-7.28062000e-05
2.23997584e+02	2026-08-11T16:34:17.771666	0.00000000e+00	1	25	-3.77655000e-05	6.92739000e-05	-1.29995000e+00	-6.34966000e-05
2.24061264e+02	2026-08-11T16:34:17.835491	0.00000000e+00	1	25	-3.70264000e-05	5.77015000e-05	-1.39994000e+00	-5.59932000e-05
2.24128368e+02	2026-08-11T16:34:17.899775	0.00000000e+00	1	25	-3.83854000e-05	5.83140000e-05	-1.49994000e+00	-5.86304000e-05
2.24190040e+02	2026-08-11T16:34:17.963501	0.00000000e+00	1	25	-3.50237000e-05	5.43422000e-05	-1.59993000e+00	-4.81277000e-05
2.24236446e+02	2026-08-11T16:34:18.011233	0.00000000e+00	1	25	-3.53813000e-05	5.17867000e-05	-1.69993000e+00	-5.24160000e-05
2.24281362e+02	2026-08-11T16:34:18.053531	0.00000000e+00	1	25	-3.54528000e-05	4.88287000e-05	-1.79992000e+00	-4.46628000e-05
2.24332369e+02	2026-08-11T16:34:18.106811	0.00000000e+00	1	25	-3.51906000e-05	2.21656000e-05	-1.89992000e+00	-2.45003000e-05
2.24385743e+02	2026-08-11T16:34:18.155218	0.00000000e+00	1	25	-3.52859000e-05	2.72079000e-05	-1.99991000e+00	-2.78223000e-05
2.24450393e+02	2026-08-11T16:34:18.218612	0.00000000e+00	1	25	-3.61681000e-05	2.66482000e-05	-2.09887000e+00	-2.69670000e-05
2.24504193e+02	2026-08-11T16:34:18.277131	0.00000000e+00	1	25	-3.54052000e-05	2.95880000e-05	-2.19903000e+00	-2.93463000e-05
2.24566992e+02	2026-08-11T16:34:18.341084	0.00000000e+00	1	25	-3.66688000e-05	3.27105000e-05	-2.29883000e+00	-3.28146000e-05
2.24625789e+02	2026-08-11T16:34:18.394224	0.00000000e+00	1	25	-3.57151000e-05	3.60765000e-05	-2.39899000e+00	-3.66652000e-05
2.24682797e+02	2026-08-11T16:34:18.457570	0.00000000e+00	1	25	-3.49522000e-05	4.12833000e-05	-2.49913000e+00	-4.15325000e-05
2.24739970e+02	2026-08-11T16:34:18.505246	0.00000000e+00	1	25	-3.50475000e-05	4.38894000e-05	-2.59902000e+00	-4.50890000e-05
2.24794922e+02	2026-08-11T16:34:18.569358	0.00000000e+00	1	25	-3.69787000e-05	4.87824000e-05	-2.69913000e+00	-4.88213000e-05
2.24849769e+02	2026-08-11T16:34:18.621936	0.00000000e+00	1	25	-3.76225000e-05	5.15336000e-05	-2.79889000e+00	-4.99845000e-05
2.24907895e+02	2026-08-11T16:34:18.680629	0.00000000e+00	1	25	-3.64780000e-05	5.64104000e-05	-2.89910000e+00	-5.85463000e-05
2.24976898e+02	2026-08-11T16:34:18.743979	0.00000000e+00	1	25	-3.78370000e-05	6.28057000e-05	-2.99891000e+00	-6.26964000e-05
2.25019764e+02	2026-08-11T16:34:18.792999	0.00000000e+00	1	25	-3.70502000e-05	6.16483000e-05	-2.99888000e+00	-6.20215000e-05
2.25087641e+02	2026-08-11T16:34:18.855624	0.00000000e+00	1	25	-3.75509000e-05	5.96069000e-05	-2.89908000e+00	-6.00315000e-05
2.25140696e+02	2026-08-11T16:34:18.911958	0.00000000e+00	1	25	-3.53813000e-05	5.64263000e-05	-2.79895000e+00	-5.52160000e-05
2.25184760e+02	2026-08-11T16:34:18.950303	0.00000000e+00	1	25	-3.55721000e-05	5.25277000e-05	-2.69909000e+00	-5.19859000e-05
2.25233000e+02	2026-08-11T16:34:19.007932	0.00000000e+00	1	25	-3.60489000e-05	4.77137000e-05	-2.59900000e+00	-4.80298000e-05
2.25292605e+02	2026-08-11T16:34:19.067200	0.00000000e+00	1	25	-3.73840000e-05	4.38392000e-05	-2.49915000e+00	-4.44304000e-05
2.25358655e+02	2026-08-11T16:34:19.124924	0.00000000e+00	1	25	-3.55959000e-05	4.10464000e-05	-2.39900000e+00	-4.07976000e-05
2.25408967e+02	2026-08-11T16:34:19.178632	0.00000000e+00	1	25	-3.50952000e-05	3.70382000e-05	-2.29885000e+00	-3.70313000e-05
2.25453667e+02	2026-08-11T16:34:19.219932	0.00000000e+00	1	25	-3.36885000e-05	3.38654000e-05	-2.19905000e+00	-3.39074000e-05
2.25505596e+02	2026-08-11T16:34:19.278450	0.00000000e+00	1	25	-3.37362000e-05	3.09888000e-05	-2.09888000e+00	-3.08779000e-05
2.25566278e+02	2026-08-11T16:34:19.331670	0.00000000e+00	1	25	-3.25918000e-05	2.81900000e-05	-1.99992000e+00	-2.85222000e-05
2.25626074e+02	2026-08-11T16:34:19.394770	0.00000000e+00	1	25	-3.59058000e-05	2.56454000e-05	-1.89992000e+00	-2.57902000e-05
2.25683721e+02	2026-08-11T16:34:19.458384	0.00000000e+00	1	25	-3.61919000e-05	2.29254000e-05	-1.79993000e+00	-2.31094000e-05
2.25728993e+02	2026-08-11T16:34:19.500475	0.00000000e+00	1	25	-3.54528000e-05	2.05191000e-05	-1.69994000e+00	-2.06402000e-05
2.25785612e+02	2026-08-11T16:34:19.553263	0.00000000e+00	1	25	-3.39508000e-05	1.81627000e-05	-1.59994000e+00	-1.81359000e-05
2.25844844e+02	2026-08-11T16:34:19.616689	0.00000000e+00	1	25	-3.31402000e-05	1.58649000e-05	-1.49995000e+00	-1.59343000e-05
2.25889487e+02	2026-08-11T16:34:19.664256	0.00000000e+00	1	25	-3.13520000e-05	1.36764000e-05	-1.39996000e+00	-1.36225000e-05
2.25936863e+02	2026-08-11T16:34:19.711542	0.00000000e+00	1	25	-3.19481000e-05	1.17524000e-05	-1.29996000e+00	-1.16349000e-05
2.26000746e+02	2026-08-11T16:34:19.775412	0.00000000e+00	1	25	-3.63827000e-05	9.80486000e-06	-1.19996000e+00	-9.80402000e-06
2.26107144e+02	2026-08-11T16:34:19.871326	0.00000000e+00	1	25	-3.97444000e-05	8.30447000e-06	-1.09996000e+00	-8.34611000e-06
2.26173382e+02	2026-08-11T16:34:19.945757	0.00000000e+00	1	25	-3.87192000e-05	6.80985000e-06	-9.99958000e-01	-6.75548000e-06
2.26235663e+02	2026-08-11T16:34:20.009197	0.00000000e+00	1	25	-3.83377000e-05	5.47547000e-06	-8.99952000e-01	-5.39639000e-06
2.26284850e+02	2026-08-11T16:34:20.059054	0.00000000e+00	1	25	-3.83139000e-05	4.05805000e-06	-7.99942000e-01	-4.01232000e-06
2.26335410e+02	2026-08-11T16:34:20.109958	0.00000000e+00	1	25	-3.83616000e-05	2.90535000e-06	-6.99939000e-01	-2.84301000e-06
2.26383870e+02	2026-08-11T16:34:20.158255	0.00000000e+00	1	25	-3.75509000e-05	1.96721000e-06	-5.99930000e-01	-1.97636000e-06
2.26442396e+02	2026-08-11T16:34:20.206411	0.00000000e+00	1	25	-3.69310000e-05	1.30508000e-06	-4.99927000e-01	-1.29257000e-06
2.26503292e+02	2026-08-11T16:34:20.270643	0.00000000e+00	1	25	-3.73125000e-05	7.32487000e-07	-3.99920000e-01	-7.11447000e-07
2.26591475e+02	2026-08-11T16:34:20.366169	0.00000000e+00	1	25	-3.50714000e-05	3.51743000e-07	-2.99911000e-01	-3.47054000e-07
2.26636964e+02	2026-08-11T16:34:20.398008	0.00000000e+00	1	25	-3.59058000e-05	1.31854000e-07	-1.99902000e-01	-1.28808000e-07
2.26693924e+02	2026-08-11T16:34:20.461762	0.00000000e+00	1	25	-3.57866000e-05	2.87007000e-08	-9.98945000e-02	-2.71477000e-08
2.26870877e+02	2026-08-11T16:34:20.643043	0.00000000e+00	1	25	-2.81096000e-05	4.80666000e-09	5.82218000e-05	-3.70646000e-10
2.31926185e+02	2026-08-11T16:34:25.695767	0.00000000e+00	1	26	-2.65598000e-05	-6.69216000e-09	6.08444000e-05	7.13165000e-09
2.31999456e+02	2026-08-11T16:34:25.773593	0.00000000e+00	1	26	-3.20911000e-05	1.17355000e-06	-9.98985000e-02	-1.05943000e-06
2.32125986e+02	2026-08-11T16:34:25.887413	0.00000000e+00	1	26	-2.82764000e-05	2.32616000e-06	-1.99903000e-01	-1.20445000e-06
2.32176421e+02	2026-08-11T16:34:25.951475	0.00000000e+00	1	26	-3.36885000e-05	2.50379000e-07	-2.99910000e-01	-2.40947000e-07
2.32270988e+02	2026-08-11T16:34:26.045635	0.00000000e+00	1	26	-3.39746000e-05	4.92099000e-07	-3.99921000e-01	-4.96057000e-07
2.32319123e+02	2026-08-11T16:34:26.093447	0.00000000e+00	1	26	-3.31879000e-05	8.75936000e-07	-4.99922000e-01	-8.84879000e-07
2.32370894e+02	2026-08-11T16:34:26.143278	0.00000000e+00	1	26	-3.42607000e-05	1.42639000e-06	-5.99929000e-01	-1.40429000e-06
2.32462066e+02	2026-08-11T16:34:26.236695	0.00000000e+00	1	26	-3.53813000e-05	2.08767000e-06	-6.99944000e-01	-2.12382000e-06
2.32510028e+02	2026-08-11T16:34:26.284809	0.00000000e+00	1	26	-3.65734000e-05	2.91320000e-06	-7.99953000e-01	-2.93835000e-06
2.32558660e+02	2026-08-11T16:34:26.332145	0.00000000e+00	1	26	-3.44276000e-05	3.96621000e-06	-8.99956000e-01	-3.91659000e-06
2.32605312e+02	2026-08-11T16:34:26.379948	0.00000000e+00	1	26	-3.64065000e-05	5.02612000e-06	-9.99964000e-01	-5.00934000e-06
2.32669306e+02	2026-08-11T16:34:26.443950	0.00000000e+00	1	26	-3.68834000e-05	6.32040000e-06	-1.09997000e+00	-6.33477000e-06
2.32737994e+02	2026-08-11T16:34:26.509956	0.00000000e+00	1	26	-3.83139000e-05	7.57752000e-06	-1.19997000e+00	-7.64461000e-06
2.32799125e+02	2026-08-11T16:34:26.570874	0.00000000e+00	1	26	-3.92914000e-05	9.12252000e-06	-1.29997000e+00	-9.16832000e-06
2.32866212e+02	2026-08-11T16:34:26.633649	0.00000000e+00	1	26	-3.73364000e-05	1.04502000e-05	-1.39995000e+00	-1.08056000e-05
2.32955353e+02	2026-08-11T16:34:26.730258	0.00000000e+00	1	26	-3.29494000e-05	1.25100000e-05	-1.49995000e+00	-1.24122000e-05
2.33008937e+02	2026-08-11T16:34:26.777852	0.00000000e+00	1	26	-3.24488000e-05	1.41288000e-05	-1.59995000e+00	-1.42621000e-05
2.33061618e+02	2026-08-11T16:34:26.825637	0.00000000e+00	1	26	-3.38316000e-05	1.60831000e-05	-1.69994000e+00	-1.59835000e-05
2.33105935e+02	2026-08-11T16:34:26.874931	0.00000000e+00	1	26	-3.25680000e-05	1.78714000e-05	-1.79993000e+00	-1.79446000e-05
2.33172349e+02	2026-08-11T16:34:26.937359	0.00000000e+00	1	26	-3.05891000e-05	2.00118000e-05	-1.89992000e+00	-2.03431000e-05
2.33229066e+02	2026-08-11T16:34:27.000803	0.00000000e+00	1	26	-3.22580000e-05	2.22477000e-05	-1.99991000e+00	-2.24012000e-05
2.33299456e+02	2026-08-11T16:34:27.066027	0.00000000e+00	1	26	-3.24249000e-05	2.48503000e-05	-2.09892000e+00	-2.55182000e-05
2.33358614e+02	2026-08-11T16:34:27.129303	0.00000000e+00	1	26	-3.25680000e-05	2.79632000e-05	-2.19910000e+00	-2.82184000e-05
2.33406475e+02	2026-08-11T16:34:27.179534	0.00000000e+00	1	26	-3.47137000e-05	3.17307000e-05	-2.29887000e+00	-3.21232000e-05
2.33472845e+02	2026-08-11T16:34:27.241000	0.00000000e+00	1	26	-3.63350000e-05	3.45317000e-05	-2.39905000e+00	-3.42786000e-05
2.33524478e+02	2026-08-11T16:34:27.294225	0.00000000e+00	1	26	-3.65973000e-05	3.85924000e-05	-2.49916000e+00	-3.84694000e-05
2.33587591e+02	2026-08-11T16:34:27.353159	0.00000000e+00	1	26	-3.66449000e-05	4.14886000e-05	-2.59905000e+00	-4.27315000e-05
2.33648401e+02	2026-08-11T16:34:27.416262	0.00000000e+00	1	26	-3.61919000e-05	4.73607000e-05	-2.69916000e+00	-4.81369000e-05
2.33711490e+02	2026-08-11T16:34:27.480429	0.00000000e+00	1	26	-3.59058000e-05	5.08633000e-05	-2.79900000e+00	-5.11643000e-05
2.33776368e+02	2026-08-11T16:34:27.544175	0.00000000e+00	1	26	-3.57628000e-05	5.58605000e-05	-2.89914000e+00	-5.73776000e-05
2.33833903e+02	2026-08-11T16:34:27.607762	0.00000000e+00	1	26	-3.69310000e-05	6.27781000e-05	-2.99896000e+00	-6.49470000e-05
2.33879500e+02	2026-08-11T16:34:27.652882	0.00000000e+00	1	26	-3.90768000e-05	6.42833000e-05	-2.99897000e+00	-6.39766000e-05
2.33933050e+02	2026-08-11T16:34:27.703785	0.00000000e+00	1	26	-3.77655000e-05	6.15010000e-05	-2.89912000e+00	-6.10335000e-05
2.33995613e+02	2026-08-11T16:34:27.767172	0.00000000e+00	1	26	-3.84569000e-05	5.68112000e-05	-2.79895000e+00	-5.73781000e-05
2.34039996e+02	2026-08-11T16:34:27.814949	0.00000000e+00	1	26	-3.80754000e-05	5.30138000e-05	-2.69912000e+00	-5.25830000e-05
2.34085942e+02	2026-08-11T16:34:27.857619	0.00000000e+00	1	26	-3.67880000e-05	4.94162000e-05	-2.59907000e+00	-4.87689000e-05
2.34136915e+02	2026-08-11T16:34:27.911747	0.00000000e+00	1	26	-3.93629000e-05	4.55296000e-05	-2.49919000e+00	-4.49777000e-05
2.34183812e+02	2026-08-11T16:34:27.958646	0.00000000e+00	1	26	-3.86477000e-05	4.14519000e-05	-2.39907000e+00	-4.17687000e-05
2.34248215e+02	2026-08-11T16:34:28.022881	0.00000000e+00	1	26	-3.79562000e-05	3.79927000e-05	-2.29893000e+00	-3.81541000e-05
2.34312300e+02	2026-08-11T16:34:28.086236	0.00000000e+00	1	26	-3.37362000e-05	3.49254000e-05	-2.19914000e+00	-3.49959000e-05
2.34384386e+02	2026-08-11T16:34:28.149866	0.00000000e+00	1	26	-3.24488000e-05	3.20583000e-05	-2.09899000e+00	-3.19047000e-05
2.34445097e+02	2026-08-11T16:34:28.213321	0.00000000e+00	1	26	-3.34024000e-05	2.88435000e-05	-1.99992000e+00	-2.89740000e-05
2.34506964e+02	2026-08-11T16:34:28.276928	0.00000000e+00	1	26	-3.62635000e-05	2.59884000e-05	-1.89993000e+00	-2.61247000e-05
2.34574342e+02	2026-08-11T16:34:28.341312	0.00000000e+00	1	26	-3.47376000e-05	2.33208000e-05	-1.79993000e+00	-2.30684000e-05
2.34634828e+02	2026-08-11T16:34:28.403866	0.00000000e+00	1	26	-3.37124000e-05	2.06874000e-05	-1.69994000e+00	-2.08794000e-05
2.34693681e+02	2026-08-11T16:34:28.468404	0.00000000e+00	1	26	-3.29018000e-05	1.84042000e-05	-1.59995000e+00	-1.84597000e-05
2.34739001e+02	2026-08-11T16:34:28.499447	0.00000000e+00	1	26	-3.27349000e-05	1.62088000e-05	-1.49995000e+00	-1.62651000e-05
2.34788978e+02	2026-08-11T16:34:28.563758	0.00000000e+00	1	26	-3.35932000e-05	1.41324000e-05	-1.39996000e+00	-1.41634000e-05
2.34850347e+02	2026-08-11T16:34:28.612147	0.00000000e+00	1	26	-3.32117000e-05	1.21643000e-05	-1.29997000e+00	-1.21083000e-05
2.34907566e+02	2026-08-11T16:34:28.675900	0.00000000e+00	1	26	-3.58820000e-05	1.03483000e-05	-1.19996000e+00	-1.03239000e-05
2.34965191e+02	2026-08-11T16:34:28.739255	0.00000000e+00	1	26	-3.95775000e-05	8.55649000e-06	-1.09997000e+00	-8.24896000e-06
2.35061229e+02	2026-08-11T16:34:28.835470	0.00000000e+00	1	26	-3.76940000e-05	6.76447000e-06	-9.99965000e-01	-6.65064000e-06
2.35124586e+02	2026-08-11T16:34:28.899789	0.00000000e+00	1	26	-3.78847000e-05	5.18053000e-06	-8.99957000e-01	-5.15112000e-06
2.35189308e+02	2026-08-11T16:34:28.963580	0.00000000e+00	1	26	-3.80516000e-05	4.00034000e-06	-7.99957000e-01	-4.00232000e-06
2.35258718e+02	2026-08-11T16:34:29.027147	0.00000000e+00	1	26	-3.71695000e-05	2.97516000e-06	-6.99943000e-01	-2.95861000e-06
2.35316860e+02	2026-08-11T16:34:29.090256	0.00000000e+00	1	26	-3.61443000e-05	2.12211000e-06	-5.99933000e-01	-2.08093000e-06
2.35361972e+02	2026-08-11T16:34:29.121678	0.00000000e+00	1	26	-3.79562000e-05	1.38531000e-06	-4.99926000e-01	-1.36503000e-06
2.35410893e+02	2026-08-11T16:34:29.185562	0.00000000e+00	1	26	-3.66926000e-05	7.94643000e-07	-3.99922000e-01	-8.10615000e-07
2.35507147e+02	2026-08-11T16:34:29.281090	0.00000000e+00	1	26	-3.36885000e-05	4.20961000e-07	-2.99910000e-01	-4.20063000e-07
2.35563103e+02	2026-08-11T16:34:29.328853	0.00000000e+00	1	26	-3.41654000e-05	1.68290000e-07	-1.99901000e-01	-1.64008000e-07
2.35618521e+02	2026-08-11T16:34:29.392852	0.00000000e+00	1	26	-3.70741000e-05	3.71660000e-08	-9.98933000e-02	-3.60657000e-08
2.35802186e+02	2026-08-11T16:34:29.568513	0.00000000e+00	1	26	-3.00646000e-05	2.20501000e-09	5.51701000e-05	-2.75040000e-10
2.40836613e+02	2026-08-11T16:34:34.604426	0.00000000e+00	1	27	-2.05994000e-05	-1.39007000e-08	5.72920000e-05	2.01230000e-08
2.40893805e+02	2026-08-11T16:34:34.668360	0.00000000e+00	1	27	-3.82423000e-05	1.60553000e-05	-9.98886000e-02	-1.60847000e-05
2.41061161e+02	2026-08-11T16:34:34.828300	0.00000000e+00	1	27	-2.77758000e-05	3.52746000e-05	-1.99899000e-01	-3.52169000e-05
2.41120925e+02	2026-08-11T16:34:34.891929	0.00000000e+00	1	27	-2.74897000e-05	6.02120000e-05	-2.99908000e-01	-6.01273000e-05
2.41183583e+02	2026-08-11T16:34:34.956522	0.00000000e+00	1	27	-2.89202000e-05	9.36602000e-05	-3.99919000e-01	-9.30601000e-05
2.41227712e+02	2026-08-11T16:34:34.987540	0.00000000e+00	1	27	-2.66790000e-05	1.40854000e-04	-4.99921000e-01	-1.39077000e-04
2.41312278e+02	2026-08-11T16:34:35.083123	0.00000000e+00	1	27	-2.88963000e-05	1.91528000e-04	-5.99926000e-01	-1.87653000e-04
2.41372147e+02	2026-08-11T16:34:35.146648	0.00000000e+00	1	27	-2.97308000e-05	2.56366000e-04	-6.99937000e-01	-2.36057000e-04
2.41420007e+02	2026-08-11T16:34:35.194757	0.00000000e+00	1	27	-3.13282000e-05	3.25720000e-04	-7.99945000e-01	-2.96780000e-04
2.41463921e+02	2026-08-11T16:34:35.237160	0.00000000e+00	1	27	-2.26259000e-05	2.31342000e-04	-8.99948000e-01	-1.15711000e-04
2.41519354e+02	2026-08-11T16:34:35.290326	0.00000000e+00	1	27	-2.75612000e-05	8.18324000e-05	-9.99951000e-01	-7.36726000e-05
2.41610402e+02	2026-08-11T16:34:35.384868	0.00000000e+00	1	27	-2.96593000e-05	7.88120000e-05	-1.09995000e+00	-7.27278000e-05
2.41661612e+02	2026-08-11T16:34:35.433674	0.00000000e+00	1	27	-3.00646000e-05	6.51835000e-05	-1.19995000e+00	-5.89904000e-05
2.41708520e+02	2026-08-11T16:34:35.483671	0.00000000e+00	1	27	-2.79665000e-05	5.19980000e-05	-1.29996000e+00	-4.64665000e-05
2.41752876e+02	2026-08-11T16:34:35.527477	0.00000000e+00	1	27	-2.82049000e-05	4.82290000e-05	-1.39995000e+00	-4.30438000e-05
2.41817083e+02	2026-08-11T16:34:35.591035	0.00000000e+00	1	27	-2.62022000e-05	1.37314000e-05	-1.49995000e+00	-1.37550000e-05
2.41866582e+02	2026-08-11T16:34:35.638715	0.00000000e+00	1	27	-2.69413000e-05	1.55847000e-05	-1.59994000e+00	-1.54201000e-05
2.41911564e+02	2026-08-11T16:34:35.686478	0.00000000e+00	1	27	-2.67506000e-05	1.90531000e-05	-1.69993000e+00	-1.88246000e-05
2.41973902e+02	2026-08-11T16:34:35.734160	0.00000000e+00	1	27	-2.71320000e-05	2.08189000e-05	-1.79992000e+00	-2.06937000e-05
2.42028085e+02	2026-08-11T16:34:35.797294	0.00000000e+00	1	27	-2.78234000e-05	2.61356000e-05	-1.89992000e+00	-2.52994000e-05
2.42102977e+02	2026-08-11T16:34:35.876520	0.00000000e+00	1	27	-2.60592000e-05	2.91176000e-05	-1.99991000e+00	-2.93828000e-05
2.42160493e+02	2026-08-11T16:34:35.934542	0.00000000e+00	1	27	-2.71320000e-05	3.33893000e-05	-2.09885000e+00	-3.34451000e-05
2.42213205e+02	2026-08-11T16:34:35.987919	0.00000000e+00	1	27	-2.58207000e-05	3.92945000e-05	-2.19902000e+00	-3.77265000e-05
2.42276410e+02	2026-08-11T16:34:36.050861	0.00000000e+00	1	27	-2.75135000e-05	4.05409000e-05	-2.29883000e+00	-3.96417000e-05
2.42343014e+02	2026-08-11T16:34:36.114928	0.00000000e+00	1	27	-2.92778000e-05	4.43387000e-05	-2.39896000e+00	-4.50811000e-05
2.42388554e+02	2026-08-11T16:34:36.162903	0.00000000e+00	1	27	-2.97070000e-05	4.83256000e-05	-2.49912000e+00	-4.83326000e-05
2.42435315e+02	2026-08-11T16:34:36.205255	0.00000000e+00	1	27	-3.09467000e-05	5.28612000e-05	-2.59898000e+00	-5.26874000e-05
2.42499936e+02	2026-08-11T16:34:36.274700	0.00000000e+00	1	27	-3.19004000e-05	5.52493000e-05	-2.69907000e+00	-5.17822000e-05
2.42561661e+02	2026-08-11T16:34:36.334539	0.00000000e+00	1	27	-3.44992000e-05	5.64839000e-05	-2.79890000e+00	-5.74151000e-05
2.42616480e+02	2026-08-11T16:34:36.391363	0.00000000e+00	1	27	-3.48091000e-05	6.11084000e-05	-2.89909000e+00	-6.18308000e-05
2.42674892e+02	2026-08-11T16:34:36.449458	0.00000000e+00	1	27	-3.54528000e-05	6.64466000e-05	-2.99892000e+00	-6.91665000e-05
2.42725035e+02	2026-08-11T16:34:36.496676	0.00000000e+00	1	27	-3.53098000e-05	7.05338000e-05	-2.99891000e+00	-7.00722000e-05
2.42775053e+02	2026-08-11T16:34:36.544504	0.00000000e+00	1	27	-3.65019000e-05	6.58332000e-05	-2.89911000e+00	-6.61317000e-05
2.42849241e+02	2026-08-11T16:34:36.623950	0.00000000e+00	1	27	-3.54767000e-05	6.01958000e-05	-2.79893000e+00	-6.17310000e-05
2.42897273e+02	2026-08-11T16:34:36.671790	0.00000000e+00	1	27	-3.64304000e-05	5.60821000e-05	-2.69908000e+00	-5.59813000e-05
2.42961222e+02	2026-08-11T16:34:36.734984	0.00000000e+00	1	27	-3.60727000e-05	5.15030000e-05	-2.59901000e+00	-5.14266000e-05
2.43013326e+02	2026-08-11T16:34:36.785264	0.00000000e+00	1	27	-3.39270000e-05	4.68967000e-05	-2.49914000e+00	-4.67650000e-05
2.43072145e+02	2026-08-11T16:34:36.846792	0.00000000e+00	1	27	-3.61204000e-05	4.28684000e-05	-2.39901000e+00	-4.29440000e-05
2.43135870e+02	2026-08-11T16:34:36.910472	0.00000000e+00	1	27	-3.37362000e-05	3.84816000e-05	-2.29891000e+00	-3.81466000e-05
2.43200344e+02	2026-08-11T16:34:36.974498	0.00000000e+00	1	27	-3.25680000e-05	3.56235000e-05	-2.19903000e+00	-3.48398000e-05
2.43263596e+02	2026-08-11T16:34:37.037684	0.00000000e+00	1	27	-3.38554000e-05	3.17355000e-05	-2.09888000e+00	-3.16436000e-05
2.43323171e+02	2026-08-11T16:34:37.095484	0.00000000e+00	1	27	-3.34501000e-05	2.85367000e-05	-1.99991000e+00	-2.87521000e-05
2.43373853e+02	2026-08-11T16:34:37.148561	0.00000000e+00	1	27	-3.22580000e-05	2.58349000e-05	-1.89992000e+00	-2.58268000e-05
2.43425814e+02	2026-08-11T16:34:37.195968	0.00000000e+00	1	27	-3.34501000e-05	2.32829000e-05	-1.79992000e+00	-2.32901000e-05
2.43477192e+02	2026-08-11T16:34:37.251774	0.00000000e+00	1	27	-3.35217000e-05	2.05532000e-05	-1.69993000e+00	-2.05723000e-05
2.43538995e+02	2026-08-11T16:34:37.307398	0.00000000e+00	1	27	-3.34978000e-05	1.82124000e-05	-1.59993000e+00	-1.81560000e-05
2.43610629e+02	2026-08-11T16:34:37.383692	0.00000000e+00	1	27	-3.25680000e-05	1.60276000e-05	-1.49994000e+00	-1.60538000e-05
2.43655216e+02	2026-08-11T16:34:37.429422	0.00000000e+00	1	27	-3.29971000e-05	1.38418000e-05	-1.39995000e+00	-1.38955000e-05
2.43719178e+02	2026-08-11T16:34:37.493152	0.00000000e+00	1	27	-2.86102000e-05	1.19252000e-05	-1.29996000e+00	-1.19079000e-05
2.43767557e+02	2026-08-11T16:34:37.540901	0.00000000e+00	1	27	-3.26157000e-05	1.02032000e-05	-1.19995000e+00	-1.01838000e-05
2.43819873e+02	2026-08-11T16:34:37.594239	0.00000000e+00	1	27	-3.91483000e-05	8.76742000e-06	-1.09996000e+00	-8.49450000e-06
2.43917248e+02	2026-08-11T16:34:37.692005	0.00000000e+00	1	27	-4.19140000e-05	6.90176000e-06	-9.99951000e-01	-6.89905000e-06
2.43967141e+02	2026-08-11T16:34:37.739582	0.00000000e+00	1	27	-3.92914000e-05	5.51836000e-06	-8.99944000e-01	-5.48400000e-06
2.44033374e+02	2026-08-11T16:34:37.801722	0.00000000e+00	1	27	-3.92675000e-05	4.13023000e-06	-7.99942000e-01	-4.12394000e-06
2.44093714e+02	2026-08-11T16:34:37.865152	0.00000000e+00	1	27	-3.84331000e-05	2.94609000e-06	-6.99931000e-01	-2.96130000e-06
2.44156271e+02	2026-08-11T16:34:37.929785	0.00000000e+00	1	27	-3.83616000e-05	2.01589000e-06	-5.99924000e-01	-1.98767000e-06
2.44201097e+02	2026-08-11T16:34:37.961545	0.00000000e+00	1	27	-3.62158000e-05	1.29178000e-06	-4.99917000e-01	-1.28333000e-06
2.44248319e+02	2026-08-11T16:34:38.021725	0.00000000e+00	1	27	-3.53813000e-05	7.42565000e-07	-3.99912000e-01	-7.25805000e-07
2.44333401e+02	2026-08-11T16:34:38.104582	0.00000000e+00	1	27	-3.60966000e-05	3.61855000e-07	-2.99904000e-01	-3.54510000e-07
2.44395576e+02	2026-08-11T16:34:38.168047	0.00000000e+00	1	27	-3.67880000e-05	1.36464000e-07	-1.99894000e-01	-1.31392000e-07
2.44460337e+02	2026-08-11T16:34:38.231764	0.00000000e+00	1	27	-3.99113000e-05	2.93604000e-08	-9.98881000e-02	-2.79149000e-08
2.44636503e+02	2026-08-11T16:34:38.410349	0.00000000e+00	1	27	-3.29971000e-05	5.47794000e-09	5.72920000e-05	-3.78621000e-10
2.49564110e+02	2026-08-11T16:34:43.333663	0.00000000e+00	1	28	-2.38895000e-05	-1.42696000e-08	5.35488000e-05	2.27015000e-08
2.49622537e+02	2026-08-11T16:34:43.397138	0.00000000e+00	1	28	-4.05073000e-05	1.82179000e-05	-9.98962000e-02	-1.82754000e-05
2.49789969e+02	2026-08-11T16:34:43.562722	0.00000000e+00	1	28	-3.51429000e-05	4.15722000e-05	-1.99907000e-01	-4.15775000e-05
2.49853530e+02	2026-08-11T16:34:43.619351	0.00000000e+00	1	28	-3.99351000e-05	7.56360000e-05	-2.99917000e-01	-7.57405000e-05
2.49905999e+02	2026-08-11T16:34:43.666722	0.00000000e+00	1	28	-3.94583000e-05	1.24794000e-04	-3.99932000e-01	-1.24990000e-04
2.49992747e+02	2026-08-11T16:34:43.761320	0.00000000e+00	1	28	-3.86477000e-05	1.86598000e-04	-4.99936000e-01	-1.86830000e-04
2.50048710e+02	2026-08-11T16:34:43.812976	0.00000000e+00	1	28	-3.88384000e-05	2.49111000e-04	-5.99940000e-01	-2.47359000e-04
2.50098007e+02	2026-08-11T16:34:43.872717	0.00000000e+00	1	28	-3.76225000e-05	2.88648000e-04	-6.99952000e-01	-2.73744000e-04
2.50161845e+02	2026-08-11T16:34:43.936260	0.00000000e+00	1	28	-3.92437000e-05	1.65446000e-04	-7.99961000e-01	-1.50297000e-04
2.50226151e+02	2026-08-11T16:34:43.999157	0.00000000e+00	1	28	-4.11272000e-05	1.34861000e-04	-8.99960000e-01	-1.26969000e-04
2.50288864e+02	2026-08-11T16:34:44.062568	0.00000000e+00	1	28	-4.07696000e-05	1.09625000e-04	-9.99971000e-01	-1.00812000e-04
2.50333233e+02	2026-08-11T16:34:44.104667	0.00000000e+00	1	28	-4.01735000e-05	8.67767000e-05	-1.09997000e+00	-7.62332000e-05
2.50417843e+02	2026-08-11T16:34:44.190654	0.00000000e+00	1	28	-3.90768000e-05	7.94017000e-05	-1.19996000e+00	-7.77724000e-05
2.50477886e+02	2026-08-11T16:34:44.252408	0.00000000e+00	1	28	-3.65257000e-05	7.25393000e-05	-1.29997000e+00	-6.29041000e-05
2.50551198e+02	2026-08-11T16:34:44.326206	0.00000000e+00	1	28	-3.69072000e-05	5.85109000e-05	-1.39996000e+00	-5.83322000e-05
2.50605008e+02	2026-08-11T16:34:44.379630	0.00000000e+00	1	28	-3.96252000e-05	1.38770000e-03	-1.49995000e+00	-1.40707000e-03
2.50731080e+02	2026-08-11T16:34:44.506229	0.00000000e+00	1	28	-3.81231000e-05	1.51939000e-03	-1.59994000e+00	-1.51682000e-03
2.50790075e+02	2026-08-11T16:34:44.556027	0.00000000e+00	1	28	-3.70264000e-05	1.03048000e-04	-1.69994000e+00	-9.32348000e-05
2.50874637e+02	2026-08-11T16:34:44.647883	0.00000000e+00	1	28	-3.56913000e-05	1.36909000e-04	-1.79993000e+00	-1.44601000e-04
2.50938913e+02	2026-08-11T16:34:44.711846	0.00000000e+00	1	28	-3.68595000e-05	2.02584000e-03	-1.89992000e+00	-2.00947000e-03
2.51032236e+02	2026-08-11T16:34:44.806703	0.00000000e+00	1	28	-3.21388000e-05	2.04558000e-03	-1.99992000e+00	-2.10910000e-03
2.51095945e+02	2026-08-11T16:34:44.870984	0.00000000e+00	1	28	-3.69072000e-05	2.18129000e-03	-2.09893000e+00	-2.27357000e-03
2.51160146e+02	2026-08-11T16:34:44.934205	0.00000000e+00	1	28	-3.21150000e-05	2.36850000e-03	-2.19909000e+00	-2.43881000e-03
2.51227745e+02	2026-08-11T16:34:44.997796	0.00000000e+00	1	28	-3.25918000e-05	2.48941000e-03	-2.29892000e+00	-2.49100000e-03
2.51288699e+02	2026-08-11T16:34:45.062998	0.00000000e+00	1	28	-3.40939000e-05	4.04032000e-05	-2.39909000e+00	-4.21639000e-05
2.51382270e+02	2026-08-11T16:34:45.156885	0.00000000e+00	1	28	-3.24965000e-05	4.64590000e-05	-2.49918000e+00	-4.82021000e-05
2.51446864e+02	2026-08-11T16:34:45.220333	0.00000000e+00	1	28	-3.23772000e-05	5.57964000e-05	-2.59906000e+00	-5.51038000e-05
2.51516349e+02	2026-08-11T16:34:45.285067	0.00000000e+00	1	28	-3.06368000e-05	6.34511000e-05	-2.69913000e+00	-6.38234000e-05
2.51571561e+02	2026-08-11T16:34:45.344328	0.00000000e+00	1	28	-3.37124000e-05	7.02133000e-05	-2.79901000e+00	-6.93812000e-05
2.51615655e+02	2026-08-11T16:34:45.390048	0.00000000e+00	1	28	-3.37839000e-05	7.28810000e-05	-2.89916000e+00	-7.21043000e-05
2.51665028e+02	2026-08-11T16:34:45.437908	0.00000000e+00	1	28	-3.50714000e-05	7.62722000e-05	-2.99894000e+00	-7.63972000e-05
2.51708567e+02	2026-08-11T16:34:45.475301	0.00000000e+00	1	28	-3.52621000e-05	7.71332000e-05	-2.99893000e+00	-7.66913000e-05
2.51762913e+02	2026-08-11T16:34:45.525498	0.00000000e+00	1	28	-3.39031000e-05	7.13638000e-05	-2.89912000e+00	-7.11790000e-05
2.51815738e+02	2026-08-11T16:34:45.587065	0.00000000e+00	1	28	-3.32832000e-05	6.53332000e-05	-2.79899000e+00	-6.48445000e-05
2.51876616e+02	2026-08-11T16:34:45.650594	0.00000000e+00	1	28	-3.40462000e-05	6.00094000e-05	-2.69910000e+00	-6.07983000e-05
2.51923934e+02	2026-08-11T16:34:45.699035	0.00000000e+00	1	28	-3.55244000e-05	5.56805000e-05	-2.59900000e+00	-5.53819000e-05
2.51973794e+02	2026-08-11T16:34:45.745601	0.00000000e+00	1	28	-3.83377000e-05	5.09777000e-05	-2.49915000e+00	-5.11668000e-05
2.52017799e+02	2026-08-11T16:34:45.781504	0.00000000e+00	1	28	-3.64780000e-05	4.64449000e-05	-2.39904000e+00	-4.63078000e-05
2.52067785e+02	2026-08-11T16:34:45.841178	0.00000000e+00	1	28	-3.40700000e-05	4.27135000e-05	-2.29885000e+00	-4.34236000e-05
2.52111984e+02	2026-08-11T16:34:45.883340	0.00000000e+00	1	28	-3.69310000e-05	3.97041000e-05	-2.19903000e+00	-3.92539000e-05
2.52170916e+02	2026-08-11T16:34:45.936359	0.00000000e+00	1	28	-3.50714000e-05	3.55720000e-05	-2.09890000e+00	-3.54801000e-05
2.52231224e+02	2026-08-11T16:34:45.999911	0.00000000e+00	1	28	-3.39508000e-05	3.23234000e-05	-1.99991000e+00	-3.22481000e-05
2.52307525e+02	2026-08-11T16:34:46.081623	0.00000000e+00	1	28	-3.45707000e-05	2.85297000e-05	-1.89992000e+00	-2.87109000e-05
2.52352041e+02	2026-08-11T16:34:46.112235	0.00000000e+00	1	28	-3.62396000e-05	2.55502000e-05	-1.79993000e+00	-2.55386000e-05
2.52415332e+02	2026-08-11T16:34:46.175386	0.00000000e+00	1	28	-3.45469000e-05	2.27957000e-05	-1.69994000e+00	-2.28483000e-05
2.52468291e+02	2026-08-11T16:34:46.238794	0.00000000e+00	1	28	-3.36647000e-05	1.99195000e-05	-1.59994000e+00	-2.00565000e-05
2.52537602e+02	2026-08-11T16:34:46.302551	0.00000000e+00	1	28	-3.32594000e-05	1.73603000e-05	-1.49995000e+00	-1.73203000e-05
2.52592296e+02	2026-08-11T16:34:46.366838	0.00000000e+00	1	28	-3.29733000e-05	1.48767000e-05	-1.39995000e+00	-1.48772000e-05
2.52639545e+02	2026-08-11T16:34:46.414344	0.00000000e+00	1	28	-3.01600000e-05	1.26256000e-05	-1.29996000e+00	-1.25146000e-05
2.52687446e+02	2026-08-11T16:34:46.462082	0.00000000e+00	1	28	-2.60115000e-05	1.05266000e-05	-1.19996000e+00	-1.05258000e-05
2.52734668e+02	2026-08-11T16:34:46.504651	0.00000000e+00	1	28	-3.31402000e-05	9.04355000e-06	-1.09997000e+00	-8.78718000e-06
2.52819694e+02	2026-08-11T16:34:46.589173	0.00000000e+00	1	28	-3.26395000e-05	7.14506000e-06	-9.99958000e-01	-7.17267000e-06
2.52878272e+02	2026-08-11T16:34:46.652746	0.00000000e+00	1	28	-3.39031000e-05	5.66325000e-06	-8.99951000e-01	-5.62172000e-06
2.52937049e+02	2026-08-11T16:34:46.700719	0.00000000e+00	1	28	-3.19481000e-05	4.29441000e-06	-7.99947000e-01	-4.26543000e-06
2.52987664e+02	2026-08-11T16:34:46.761619	0.00000000e+00	1	28	-3.20435000e-05	3.10900000e-06	-6.99941000e-01	-3.07797000e-06
2.53031615e+02	2026-08-11T16:34:46.799847	0.00000000e+00	1	28	-3.11852000e-05	2.14701000e-06	-5.99927000e-01	-2.13594000e-06
2.53094110e+02	2026-08-11T16:34:46.867550	0.00000000e+00	1	28	-3.27587000e-05	1.39401000e-06	-4.99923000e-01	-1.35915000e-06
2.53149220e+02	2026-08-11T16:34:46.923548	0.00000000e+00	1	28	-3.36885000e-05	7.81772000e-07	-3.99919000e-01	-7.59363000e-07
2.53235988e+02	2026-08-11T16:34:47.003550	0.00000000e+00	1	28	-3.36885000e-05	3.75387000e-07	-2.99907000e-01	-3.71232000e-07
2.53292855e+02	2026-08-11T16:34:47.067467	0.00000000e+00	1	28	-3.48568000e-05	1.43652000e-07	-1.99902000e-01	-1.41083000e-07
2.53340718e+02	2026-08-11T16:34:47.115310	0.00000000e+00	1	28	-3.67880000e-05	3.51768000e-08	-9.98964000e-02	-3.44233000e-08
2.53517569e+02	2026-08-11T16:34:47.292240	0.00000000e+00	1	28	-2.96593000e-05	5.72418000e-09	5.43594000e-05	-3.75521000e-10
2.58621619e+02	2026-08-11T16:34:52.391923	0.00000000e+00	1	29	-1.86682000e-05	-1.06129000e-08	5.06878000e-05	1.82689000e-08
2.58682393e+02	2026-08-11T16:34:52.455020	0.00000000e+00	1	29	-3.95298000e-05	1.53671000e-05	-9.98873000e-02	-1.54088000e-05
2.58850658e+02	2026-08-11T16:34:52.614262	0.00000000e+00	1	29	-2.74181000e-05	3.50325000e-05	-1.99897000e-01	-3.50564000e-05
2.58913408e+02	2026-08-11T16:34:52.688566	0.00000000e+00	1	29	-2.63453000e-05	6.41129000e-05	-2.99905000e-01	-6.40974000e-05
2.58978245e+02	2026-08-11T16:34:52.752240	0.00000000e+00	1	29	-2.45333000e-05	1.06624000e-04	-3.99925000e-01	-1.05609000e-04
2.59064330e+02	2026-08-11T16:34:52.837257	0.00000000e+00	1	29	-2.93255000e-05	1.62426000e-04	-4.99926000e-01	-1.61622000e-04
2.59126612e+02	2026-08-11T16:34:52.901154	0.00000000e+00	1	29	-2.66314000e-05	2.11410000e-04	-5.99931000e-01	-1.98966000e-04
2.59189790e+02	2026-08-11T16:34:52.964228	0.00000000e+00	1	29	-2.87533000e-05	2.04692000e-04	-6.99941000e-01	-1.90352000e-04
2.59234312e+02	2026-08-11T16:34:52.996230	0.00000000e+00	1	29	-2.89440000e-05	2.41079000e-04	-7.99951000e-01	-2.22253000e-04
2.59286178e+02	2026-08-11T16:34:53.060375	0.00000000e+00	1	29	-3.04461000e-05	1.94686000e-04	-8.99952000e-01	-1.75652000e-04
2.59342053e+02	2026-08-11T16:34:53.115928	0.00000000e+00	1	29	-3.03745000e-05	1.45645000e-04	-9.99959000e-01	-1.34122000e-04
2.59403143e+02	2026-08-11T16:34:53.171586	0.00000000e+00	1	29	-3.07083000e-05	1.22283000e-04	-1.09996000e+00	-1.10581000e-04
2.59461711e+02	2026-08-11T16:34:53.235703	0.00000000e+00	1	29	-3.01600000e-05	1.02652000e-04	-1.19996000e+00	-1.00644000e-04
2.59509602e+02	2026-08-11T16:34:53.283722	0.00000000e+00	1	29	-2.85864000e-05	5.29560000e-05	-1.29996000e+00	-6.18389000e-05
2.59594672e+02	2026-08-11T16:34:53.364296	0.00000000e+00	1	29	-2.97070000e-05	7.28587000e-05	-1.39995000e+00	-7.10960000e-05
2.59669883e+02	2026-08-11T16:34:53.443263	0.00000000e+00	1	29	-3.04699000e-05	5.10069000e-05	-1.49994000e+00	-5.48337000e-05
2.59719116e+02	2026-08-11T16:34:53.491327	0.00000000e+00	1	29	-2.82764000e-05	5.76389000e-05	-1.59994000e+00	-4.91484000e-05
2.59763694e+02	2026-08-11T16:34:53.534079	0.00000000e+00	1	29	-2.98977000e-05	5.68849000e-05	-1.69993000e+00	-5.86211000e-05
2.59810696e+02	2026-08-11T16:34:53.585390	0.00000000e+00	1	29	-3.20196000e-05	6.02534000e-05	-1.79992000e+00	-5.26385000e-05
2.59856560e+02	2026-08-11T16:34:53.618978	0.00000000e+00	1	29	-3.15428000e-05	4.65422000e-05	-1.89992000e+00	-4.31177000e-05
2.59908373e+02	2026-08-11T16:34:53.682564	0.00000000e+00	1	29	-2.84433000e-05	3.02900000e-05	-1.99992000e+00	-2.93799000e-05
2.59953381e+02	2026-08-11T16:34:53.715826	0.00000000e+00	1	29	-3.05176000e-05	2.85553000e-05	-2.09890000e+00	-2.86660000e-05
2.60003223e+02	2026-08-11T16:34:53.777713	0.00000000e+00	1	29	-3.17812000e-05	3.34951000e-05	-2.19903000e+00	-3.32219000e-05
2.60052588e+02	2026-08-11T16:34:53.826950	0.00000000e+00	1	29	-3.03030000e-05	3.74007000e-05	-2.29886000e+00	-3.83112000e-05
2.60114927e+02	2026-08-11T16:34:53.888165	0.00000000e+00	1	29	-3.18289000e-05	4.37882000e-05	-2.39901000e+00	-4.42041000e-05
2.60159743e+02	2026-08-11T16:34:53.920199	0.00000000e+00	1	29	-3.24011000e-05	4.90320000e-05	-2.49911000e+00	-4.94810000e-05
2.60209520e+02	2026-08-11T16:34:53.984583	0.00000000e+00	1	29	-3.42131000e-05	5.64462000e-05	-2.59898000e+00	-5.85670000e-05
2.60262398e+02	2026-08-11T16:34:54.031423	0.00000000e+00	1	29	-3.37839000e-05	6.63347000e-05	-2.69907000e+00	-6.63098000e-05
2.60331009e+02	2026-08-11T16:34:54.095063	0.00000000e+00	1	29	-3.61443000e-05	6.93992000e-05	-2.79891000e+00	-6.85123000e-05
2.60384030e+02	2026-08-11T16:34:54.158708	0.00000000e+00	1	29	-3.71695000e-05	7.63696000e-05	-2.89907000e+00	-7.77024000e-05
2.60443871e+02	2026-08-11T16:34:54.205809	0.00000000e+00	1	29	-3.79562000e-05	8.98256000e-05	-2.99887000e+00	-9.10895000e-05
2.60498861e+02	2026-08-11T16:34:54.269329	0.00000000e+00	1	29	-3.81708000e-05	9.27916000e-05	-2.99890000e+00	-9.26993000e-05
2.60543087e+02	2026-08-11T16:34:54.317516	0.00000000e+00	1	29	-3.97205000e-05	8.31270000e-05	-2.89905000e+00	-8.29425000e-05
2.60591244e+02	2026-08-11T16:34:54.365945	0.00000000e+00	1	29	-3.75271000e-05	7.51061000e-05	-2.79892000e+00	-7.41336000e-05
2.60654784e+02	2026-08-11T16:34:54.429514	0.00000000e+00	1	29	-3.83616000e-05	6.59466000e-05	-2.69907000e+00	-6.63819000e-05
2.60709984e+02	2026-08-11T16:34:54.483726	0.00000000e+00	1	29	-3.61681000e-05	6.03937000e-05	-2.59899000e+00	-6.05868000e-05
2.60779651e+02	2026-08-11T16:34:54.541610	0.00000000e+00	1	29	-3.45707000e-05	5.52952000e-05	-2.49915000e+00	-5.44075000e-05
2.60824470e+02	2026-08-11T16:34:54.590531	0.00000000e+00	1	29	-3.52144000e-05	4.99136000e-05	-2.39902000e+00	-4.97771000e-05
2.60873920e+02	2026-08-11T16:34:54.646087	0.00000000e+00	1	29	-3.36170000e-05	4.56735000e-05	-2.29885000e+00	-4.53773000e-05
2.60920186e+02	2026-08-11T16:34:54.694211	0.00000000e+00	1	29	-3.44276000e-05	4.10723000e-05	-2.19908000e+00	-4.11609000e-05
2.60969513e+02	2026-08-11T16:34:54.744492	0.00000000e+00	1	29	-3.46184000e-05	3.73572000e-05	-2.09890000e+00	-3.71457000e-05
2.61033629e+02	2026-08-11T16:34:54.804536	0.00000000e+00	1	29	-3.84569000e-05	3.33929000e-05	-1.99992000e+00	-3.33385000e-05
2.61094862e+02	2026-08-11T16:34:54.868780	0.00000000e+00	1	29	-4.15087000e-05	2.98011000e-05	-1.89993000e+00	-2.98527000e-05
2.61147943e+02	2026-08-11T16:34:54.922302	0.00000000e+00	1	29	-3.87669000e-05	2.64594000e-05	-1.79992000e+00	-2.64284000e-05
2.61212354e+02	2026-08-11T16:34:54.985795	0.00000000e+00	1	29	-3.80754000e-05	2.34885000e-05	-1.69993000e+00	-2.34613000e-05
2.61282719e+02	2026-08-11T16:34:55.049630	0.00000000e+00	1	29	-3.88861000e-05	2.06051000e-05	-1.59994000e+00	-2.04536000e-05
2.61344112e+02	2026-08-11T16:34:55.113355	0.00000000e+00	1	29	-3.89099000e-05	1.78131000e-05	-1.49995000e+00	-1.79275000e-05
2.61420001e+02	2026-08-11T16:34:55.192704	0.00000000e+00	1	29	-3.85284000e-05	1.53737000e-05	-1.39995000e+00	-1.53625000e-05
2.61467296e+02	2026-08-11T16:34:55.240037	0.00000000e+00	1	29	-3.79324000e-05	1.30946000e-05	-1.29996000e+00	-1.30773000e-05
2.61531006e+02	2026-08-11T16:34:55.305603	0.00000000e+00	1	29	-3.79086000e-05	1.09214000e-05	-1.19996000e+00	-1.08923000e-05
2.61581538e+02	2026-08-11T16:34:55.351375	0.00000000e+00	1	29	-4.56095000e-05	9.23396000e-06	-1.09997000e+00	-9.17827000e-06
2.61672274e+02	2026-08-11T16:34:55.447107	0.00000000e+00	1	29	-4.72069000e-05	7.38323000e-06	-9.99958000e-01	-7.34052000e-06
2.61736788e+02	2026-08-11T16:34:55.510432	0.00000000e+00	1	29	-4.52042000e-05	5.68371000e-06	-8.99950000e-01	-5.71883000e-06
2.61789569e+02	2026-08-11T16:34:55.558449	0.00000000e+00	1	29	-4.35352000e-05	4.35909000e-06	-7.99949000e-01	-4.39109000e-06
2.61835147e+02	2026-08-11T16:34:55.606296	0.00000000e+00	1	29	-4.46320000e-05	3.23929000e-06	-6.99939000e-01	-3.18825000e-06
2.61896853e+02	2026-08-11T16:34:55.670493	0.00000000e+00	1	29	-4.52757000e-05	2.21248000e-06	-5.99928000e-01	-2.16510000e-06
2.61949669e+02	2026-08-11T16:34:55.718483	0.00000000e+00	1	29	-4.27008000e-05	1.38165000e-06	-4.99926000e-01	-1.37218000e-06
2.61994443e+02	2026-08-11T16:34:55.766780	0.00000000e+00	1	29	-4.18186000e-05	7.77199000e-07	-3.99918000e-01	-7.63315000e-07
2.62103152e+02	2026-08-11T16:34:55.877908	0.00000000e+00	1	29	-4.07934000e-05	3.74077000e-07	-2.99909000e-01	-3.67751000e-07
2.62147126e+02	2026-08-11T16:34:55.919580	0.00000000e+00	1	29	-3.98636000e-05	1.41911000e-07	-1.99900000e-01	-1.39529000e-07
2.62203142e+02	2026-08-11T16:34:55.977489	0.00000000e+00	1	29	-4.38929000e-05	3.90093000e-08	-9.98986000e-02	-3.67714000e-08
2.62379173e+02	2026-08-11T16:34:56.151705	0.00000000e+00	1	29	-3.24249000e-05	7.22636000e-09	5.20945000e-05	-4.27902000e-10
2.67541858e+02	2026-08-11T16:35:01.306602	0.00000000e+00	1	30	-2.58923000e-05	-1.25702000e-08	5.94378000e-05	1.82814000e-08
2.67604073e+02	2026-08-11T16:35:01.370360	0.00000000e+00	1	30	-3.17335000e-05	1.38165000e-05	-9.98915000e-02	-1.38378000e-05
2.67788098e+02	2026-08-11T16:35:01.562725	0.00000000e+00	1	30	-3.17097000e-05	2.98665000e-05	-1.99901000e-01	-2.98715000e-05
2.67852274e+02	2026-08-11T16:35:01.626292	0.00000000e+00	1	30	-3.39270000e-05	4.96408000e-05	-2.99914000e-01	-4.96498000e-05
2.67899827e+02	2026-08-11T16:35:01.674224	0.00000000e+00	1	30	-3.52144000e-05	7.49165000e-05	-3.99923000e-01	-7.52103000e-05
2.68014490e+02	2026-08-11T16:35:01.785605	0.00000000e+00	1	30	-3.52621000e-05	1.12710000e-04	-4.99928000e-01	-1.12644000e-04
2.68131695e+02	2026-08-11T16:35:01.904853	0.00000000e+00	1	30	-3.73840000e-05	1.50009000e-04	-5.99931000e-01	-1.48954000e-04
2.68192557e+02	2026-08-11T16:35:01.960763	0.00000000e+00	1	30	-3.79562000e-05	1.76345000e-04	-6.99944000e-01	-1.64511000e-04
2.68259895e+02	2026-08-11T16:35:02.024288	0.00000000e+00	1	30	-3.81947000e-05	2.16137000e-04	-7.99952000e-01	-2.10220000e-04
2.68306010e+02	2026-08-11T16:35:02.078727	0.00000000e+00	1	30	-3.50952000e-05	4.05788000e-05	-8.99955000e-01	-3.81292000e-05
2.68391928e+02	2026-08-11T16:35:02.162233	0.00000000e+00	1	30	-3.55005000e-05	4.06480000e-05	-9.99959000e-01	-4.55717000e-05
2.68441001e+02	2026-08-11T16:35:02.215554	0.00000000e+00	1	30	-3.26395000e-05	4.15886000e-05	-1.09996000e+00	-3.85103000e-05
2.68488531e+02	2026-08-11T16:35:02.263220	0.00000000e+00	1	30	-3.55482000e-05	1.66339000e-05	-1.19996000e+00	-1.62270000e-05
2.68537268e+02	2026-08-11T16:35:02.311215	0.00000000e+00	1	30	-3.47853000e-05	2.10655000e-05	-1.29996000e+00	-2.10250000e-05
2.68600965e+02	2026-08-11T16:35:02.375035	0.00000000e+00	1	30	-3.37362000e-05	2.22599000e-05	-1.39995000e+00	-2.07437000e-05
2.68648100e+02	2026-08-11T16:35:02.422918	0.00000000e+00	1	30	-3.38078000e-05	2.37326000e-05	-1.49995000e+00	-2.37097000e-05
2.68692575e+02	2026-08-11T16:35:02.467460	0.00000000e+00	1	30	-3.60012000e-05	2.61237000e-05	-1.59994000e+00	-2.71847000e-05
2.68741558e+02	2026-08-11T16:35:02.516107	0.00000000e+00	1	30	-3.56197000e-05	3.05004000e-05	-1.69994000e+00	-2.70641000e-05
2.68789799e+02	2026-08-11T16:35:02.564604	0.00000000e+00	1	30	-3.74317000e-05	2.89065000e-05	-1.79993000e+00	-2.83107000e-05
2.68833895e+02	2026-08-11T16:35:02.608555	0.00000000e+00	1	30	-3.75986000e-05	3.09774000e-05	-1.89993000e+00	-3.04602000e-05
2.68884357e+02	2026-08-11T16:35:02.658156	0.00000000e+00	1	30	-3.75032000e-05	3.44191000e-05	-1.99991000e+00	-3.52348000e-05
2.68945192e+02	2026-08-11T16:35:02.718093	0.00000000e+00	1	30	-3.53575000e-05	3.92840000e-05	-2.09888000e+00	-3.91532000e-05
2.68996378e+02	2026-08-11T16:35:02.770805	0.00000000e+00	1	30	-3.46661000e-05	4.48110000e-05	-2.19905000e+00	-4.19625000e-05
2.69041988e+02	2026-08-11T16:35:02.812056	0.00000000e+00	1	30	-3.35932000e-05	4.73031000e-05	-2.29891000e+00	-4.79847000e-05
2.69087206e+02	2026-08-11T16:35:02.849737	0.00000000e+00	1	30	-3.58343000e-05	5.63541000e-05	-2.39903000e+00	-5.72805000e-05
2.69139582e+02	2026-08-11T16:35:02.913505	0.00000000e+00	1	30	-3.53813000e-05	6.77832000e-05	-2.49915000e+00	-7.17615000e-05
2.69187134e+02	2026-08-11T16:35:02.961766	0.00000000e+00	1	30	-3.63827000e-05	7.40254000e-05	-2.59904000e+00	-7.46618000e-05
2.69231454e+02	2026-08-11T16:35:03.003729	0.00000000e+00	1	30	-3.68834000e-05	7.93981000e-05	-2.69912000e+00	-7.59387000e-05
2.69279516e+02	2026-08-11T16:35:03.051533	0.00000000e+00	1	30	-3.93629000e-05	8.76568000e-05	-2.79897000e+00	-8.64239000e-05
2.69342333e+02	2026-08-11T16:35:03.115920	0.00000000e+00	1	30	-4.52042000e-05	3.47702000e-03	-2.89904000e+00	-3.46932000e-03
2.69469300e+02	2026-08-11T16:35:03.241692	0.00000000e+00	1	30	-3.81231000e-05	3.58109000e-03	-2.99889000e+00	-3.58250000e-03
2.69518434e+02	2026-08-11T16:35:03.281732	0.00000000e+00	1	30	-3.81470000e-05	3.57986000e-03	-2.99889000e+00	-3.58148000e-03
2.69565096e+02	2026-08-11T16:35:03.340281	0.00000000e+00	1	30	-3.95536000e-05	3.46997000e-03	-2.89910000e+00	-3.47216000e-03
2.69619250e+02	2026-08-11T16:35:03.394033	0.00000000e+00	1	30	-3.92914000e-05	3.36057000e-03	-2.79892000e+00	-3.36252000e-03
2.69679549e+02	2026-08-11T16:35:03.451705	0.00000000e+00	1	30	-3.79562000e-05	3.25095000e-03	-2.69908000e+00	-3.25283000e-03
2.69730267e+02	2026-08-11T16:35:03.505019	0.00000000e+00	1	30	-3.65734000e-05	3.13910000e-03	-2.59899000e+00	-3.14054000e-03
2.69778059e+02	2026-08-11T16:35:03.552429	0.00000000e+00	1	30	-3.63350000e-05	3.02659000e-03	-2.49916000e+00	-3.02807000e-03
2.69835287e+02	2026-08-11T16:35:03.600850	0.00000000e+00	1	30	-3.78847000e-05	2.91309000e-03	-2.39902000e+00	-2.91444000e-03
2.69880107e+02	2026-08-11T16:35:03.648090	0.00000000e+00	1	30	-3.71933000e-05	2.79886000e-03	-2.29886000e+00	-2.80026000e-03
2.69951046e+02	2026-08-11T16:35:03.722411	0.00000000e+00	1	30	-3.70741000e-05	2.68437000e-03	-2.19902000e+00	-2.68575000e-03
2.69998990e+02	2026-08-11T16:35:03.771683	0.00000000e+00	1	30	-3.80039000e-05	2.56885000e-03	-2.09892000e+00	-2.57014000e-03
2.70049747e+02	2026-08-11T16:35:03.823955	0.00000000e+00	1	30	-3.79324000e-05	2.45372000e-03	-1.99991000e+00	-2.45497000e-03
2.70097196e+02	2026-08-11T16:35:03.871709	0.00000000e+00	1	30	-3.86000000e-05	2.33692000e-03	-1.89992000e+00	-2.33817000e-03
2.70150562e+02	2026-08-11T16:35:03.920237	0.00000000e+00	1	30	-3.94344000e-05	2.21943000e-03	-1.79993000e+00	-2.22067000e-03
2.70209828e+02	2026-08-11T16:35:03.984355	0.00000000e+00	1	30	-3.77655000e-05	2.10129000e-03	-1.69994000e+00	-2.10255000e-03
2.70273147e+02	2026-08-11T16:35:04.047687	0.00000000e+00	1	30	-3.77178000e-05	1.98241000e-03	-1.59994000e+00	-1.98369000e-03
2.70331865e+02	2026-08-11T16:35:04.103017	0.00000000e+00	1	30	-3.86953000e-05	1.86294000e-03	-1.49995000e+00	-1.86413000e-03
2.70386996e+02	2026-08-11T16:35:04.159311	0.00000000e+00	1	30	-3.73125000e-05	1.74273000e-03	-1.39995000e+00	-1.74393000e-03
2.70431719e+02	2026-08-11T16:35:04.191268	0.00000000e+00	1	30	-3.74079000e-05	1.62174000e-03	-1.29996000e+00	-1.62297000e-03
2.70490480e+02	2026-08-11T16:35:04.254672	0.00000000e+00	1	30	-3.62158000e-05	1.50011000e-03	-1.19996000e+00	-1.50130000e-03
2.70552184e+02	2026-08-11T16:35:04.323300	0.00000000e+00	1	30	-3.83377000e-05	1.37789000e-03	-1.09997000e+00	-1.37900000e-03
2.70623605e+02	2026-08-11T16:35:04.398786	0.00000000e+00	1	30	-3.68834000e-05	1.25498000e-03	-9.99959000e-01	-1.25610000e-03
2.70674755e+02	2026-08-11T16:35:04.446594	0.00000000e+00	1	30	-3.74556000e-05	1.13142000e-03	-8.99953000e-01	-1.13252000e-03
2.70737555e+02	2026-08-11T16:35:04.510559	0.00000000e+00	1	30	-4.06981000e-05	1.00724000e-03	-7.99951000e-01	-1.00832000e-03
2.70783547e+02	2026-08-11T16:35:04.557879	0.00000000e+00	1	30	-4.35829000e-05	8.83343000e-04	-6.99947000e-01	-8.83351000e-04
2.70869651e+02	2026-08-11T16:35:04.642146	0.00000000e+00	1	30	-4.54664000e-05	7.58077000e-04	-5.99932000e-01	-7.58113000e-04
2.70934825e+02	2026-08-11T16:35:04.701923	0.00000000e+00	1	30	-4.45366000e-05	6.32406000e-04	-4.99930000e-01	-6.32433000e-04
2.70998033e+02	2026-08-11T16:35:04.765517	0.00000000e+00	1	30	-4.11272000e-05	5.06364000e-04	-3.99931000e-01	-5.06390000e-04
2.71067341e+02	2026-08-11T16:35:04.839250	0.00000000e+00	1	30	-3.80039000e-05	3.79990000e-04	-2.99921000e-01	-3.80011000e-04
2.71118682e+02	2026-08-11T16:35:04.892524	0.00000000e+00	1	30	-3.77417000e-05	2.53340000e-04	-1.99907000e-01	-2.53358000e-04
2.71179560e+02	2026-08-11T16:35:04.951018	0.00000000e+00	1	30	-3.68595000e-05	1.26575000e-04	-9.99021000e-02	-1.26594000e-04
2.71234020e+02	2026-08-11T16:35:05.003983	0.00000000e+00	1	30	-2.69413000e-05	-1.55445000e-07	4.83751000e-05	1.69790000e-07
2.76212963e+02	2026-08-11T16:35:09.987804	0.00000000e+00	1	31	-2.76804000e-05	-1.70956000e-07	6.07729000e-05	1.71271000e-07
2.76263283e+02	2026-08-11T16:35:10.035077	0.00000000e+00	1	31	-3.17335000e-05	1.26572000e-04	-9.98996000e-02	-1.26608000e-04
2.76429151e+02	2026-08-11T16:35:10.194750	0.00000000e+00	1	31	-2.87056000e-05	2.53354000e-04	-1.99905000e-01	-2.53371000e-04
2.76475382e+02	2026-08-11T16:35:10.248024	0.00000000e+00	1	31	-3.03030000e-05	3.80002000e-04	-2.99917000e-01	-3.80019000e-04
2.76547218e+02	2026-08-11T16:35:10.321913	0.00000000e+00	1	31	-3.32594000e-05	5.06371000e-04	-3.99928000e-01	-5.06397000e-04
2.76594592e+02	2026-08-11T16:35:10.369734	0.00000000e+00	1	31	-3.20673000e-05	6.32418000e-04	-4.99930000e-01	-6.32450000e-04
2.76654792e+02	2026-08-11T16:35:10.417490	0.00000000e+00	1	31	-3.24249000e-05	7.58086000e-04	-5.99936000e-01	-7.58120000e-04
2.76703666e+02	2026-08-11T16:35:10.475318	0.00000000e+00	1	31	-3.44276000e-05	8.83306000e-04	-6.99943000e-01	-8.83343000e-04
2.76748017e+02	2026-08-11T16:35:10.521912	0.00000000e+00	1	31	-2.83241000e-05	1.00713000e-03	-7.99947000e-01	-1.00837000e-03
2.76849861e+02	2026-08-11T16:35:10.624456	0.00000000e+00	1	31	-2.71320000e-05	1.13132000e-03	-8.99954000e-01	-1.13254000e-03
2.76897063e+02	2026-08-11T16:35:10.671785	0.00000000e+00	1	31	-2.48194000e-05	1.25489000e-03	-9.99959000e-01	-1.25609000e-03
2.76955620e+02	2026-08-11T16:35:10.725339	0.00000000e+00	1	31	-2.56300000e-05	1.37783000e-03	-1.09996000e+00	-1.37901000e-03
2.77013278e+02	2026-08-11T16:35:10.782833	0.00000000e+00	1	31	-2.63214000e-05	1.50009000e-03	-1.19996000e+00	-1.50129000e-03
2.77085281e+02	2026-08-11T16:35:10.856255	0.00000000e+00	1	31	-2.76804000e-05	1.62171000e-03	-1.29996000e+00	-1.62298000e-03
2.77135239e+02	2026-08-11T16:35:10.909658	0.00000000e+00	1	31	-2.41518000e-05	1.74263000e-03	-1.39995000e+00	-1.74392000e-03
2.77200076e+02	2026-08-11T16:35:10.973383	0.00000000e+00	1	31	-2.72036000e-05	1.86287000e-03	-1.49995000e+00	-1.86421000e-03
2.77269838e+02	2026-08-11T16:35:11.042519	0.00000000e+00	1	31	-2.84910000e-05	1.98252000e-03	-1.59994000e+00	-1.98377000e-03
2.77335244e+02	2026-08-11T16:35:11.100834	0.00000000e+00	1	31	-2.79903000e-05	2.10136000e-03	-1.69993000e+00	-2.10254000e-03
2.77390283e+02	2026-08-11T16:35:11.165074	0.00000000e+00	1	31	-2.89202000e-05	2.21949000e-03	-1.79992000e+00	-2.22073000e-03
2.77434217e+02	2026-08-11T16:35:11.195947	0.00000000e+00	1	31	-3.11852000e-05	2.33692000e-03	-1.89992000e+00	-2.33823000e-03
2.77483826e+02	2026-08-11T16:35:11.253881	0.00000000e+00	1	31	-3.35217000e-05	2.45368000e-03	-1.99991000e+00	-2.45496000e-03
2.77532511e+02	2026-08-11T16:35:11.307281	0.00000000e+00	1	31	-3.45945000e-05	2.56871000e-03	-2.09883000e+00	-2.57012000e-03
2.77576320e+02	2026-08-11T16:35:11.342879	0.00000000e+00	1	31	-3.67403000e-05	2.68437000e-03	-2.19903000e+00	-2.68571000e-03
2.77633746e+02	2026-08-11T16:35:11.402226	0.00000000e+00	1	31	-3.70741000e-05	2.79881000e-03	-2.29877000e+00	-2.80016000e-03
2.77691341e+02	2026-08-11T16:35:11.465925	0.00000000e+00	1	31	-3.55721000e-05	2.91311000e-03	-2.39893000e+00	-2.91447000e-03
2.77754499e+02	2026-08-11T16:35:11.528982	0.00000000e+00	1	31	-3.40700000e-05	3.02666000e-03	-2.49906000e+00	-3.02808000e-03
2.77819568e+02	2026-08-11T16:35:11.592593	0.00000000e+00	1	31	-3.01600000e-05	3.13927000e-03	-2.59892000e+00	-3.14063000e-03
2.77894222e+02	2026-08-11T16:35:11.667703	0.00000000e+00	1	31	-3.13520000e-05	3.25156000e-03	-2.69901000e+00	-3.25281000e-03
2.77947560e+02	2026-08-11T16:35:11.718857	0.00000000e+00	1	31	-3.15428000e-05	3.36239000e-03	-2.79884000e+00	-3.36380000e-03
2.78018959e+02	2026-08-11T16:35:11.782480	0.00000000e+00	1	31	-3.04461000e-05	3.47459000e-03	-2.89902000e+00	-3.47569000e-03
2.78070023e+02	2026-08-11T16:35:11.844574	0.00000000e+00	1	31	-2.83003000e-05	3.57969000e-03	-2.99885000e+00	-3.57772000e-03
2.78119250e+02	2026-08-11T16:35:11.891750	0.00000000e+00	1	31	-3.07322000e-05	3.57729000e-03	-2.99882000e+00	-3.57951000e-03
2.78174881e+02	2026-08-11T16:35:11.939822	0.00000000e+00	1	31	-3.12567000e-05	3.46976000e-03	-2.89901000e+00	-3.47124000e-03
2.78229048e+02	2026-08-11T16:35:12.003465	0.00000000e+00	1	31	-3.07322000e-05	3.36075000e-03	-2.79884000e+00	-3.36246000e-03
2.78276587e+02	2026-08-11T16:35:12.050933	0.00000000e+00	1	31	-3.26395000e-05	3.25113000e-03	-2.69899000e+00	-3.25288000e-03
2.78331994e+02	2026-08-11T16:35:12.098562	0.00000000e+00	1	31	-3.06129000e-05	3.14022000e-03	-2.59892000e+00	-3.14178000e-03
2.78376195e+02	2026-08-11T16:35:12.146129	0.00000000e+00	1	31	-3.06129000e-05	3.02851000e-03	-2.49906000e+00	-3.03004000e-03
2.78425481e+02	2026-08-11T16:35:12.197319	0.00000000e+00	1	31	-3.14713000e-05	2.91547000e-03	-2.39893000e+00	-2.91702000e-03
2.78491149e+02	2026-08-11T16:35:12.257790	0.00000000e+00	1	31	-3.05891000e-05	2.80188000e-03	-2.29878000e+00	-2.80339000e-03
2.78546713e+02	2026-08-11T16:35:12.320947	0.00000000e+00	1	31	-3.29733000e-05	2.68800000e-03	-2.19896000e+00	-2.68943000e-03
2.78593838e+02	2026-08-11T16:35:12.368659	0.00000000e+00	1	31	-3.33786000e-05	2.57268000e-03	-2.09883000e+00	-2.57403000e-03
2.78641663e+02	2026-08-11T16:35:12.416419	0.00000000e+00	1	31	-3.18289000e-05	2.45785000e-03	-1.99991000e+00	-2.45928000e-03
2.78688204e+02	2026-08-11T16:35:12.460933	0.00000000e+00	1	31	-3.26872000e-05	2.34135000e-03	-1.89992000e+00	-2.34272000e-03
2.78740496e+02	2026-08-11T16:35:12.515648	0.00000000e+00	1	31	-3.51429000e-05	2.22401000e-03	-1.79992000e+00	-2.22544000e-03
2.78784387e+02	2026-08-11T16:35:12.558853	0.00000000e+00	1	31	-3.38554000e-05	2.10603000e-03	-1.69993000e+00	-2.10735000e-03
2.78846141e+02	2026-08-11T16:35:12.621186	0.00000000e+00	1	31	-3.44038000e-05	1.98716000e-03	-1.59994000e+00	-1.98850000e-03
2.78892136e+02	2026-08-11T16:35:12.666453	0.00000000e+00	1	31	-3.34263000e-05	1.86761000e-03	-1.49994000e+00	-1.86890000e-03
2.78939578e+02	2026-08-11T16:35:12.714002	0.00000000e+00	1	31	-3.35455000e-05	1.74730000e-03	-1.39995000e+00	-1.74854000e-03
2.78983989e+02	2026-08-11T16:35:12.758779	0.00000000e+00	1	31	-3.26157000e-05	1.62617000e-03	-1.29996000e+00	-1.62742000e-03
2.79040382e+02	2026-08-11T16:35:12.815172	0.00000000e+00	1	31	-3.23534000e-05	1.50433000e-03	-1.19995000e+00	-1.50557000e-03
2.79092183e+02	2026-08-11T16:35:12.866545	0.00000000e+00	1	31	-3.28541000e-05	1.38180000e-03	-1.09996000e+00	-1.38308000e-03
2.79136157e+02	2026-08-11T16:35:12.911128	0.00000000e+00	1	31	-3.40462000e-05	1.25860000e-03	-9.99954000e-01	-1.25983000e-03
2.79188507e+02	2026-08-11T16:35:12.962768	0.00000000e+00	1	31	-3.24488000e-05	1.13464000e-03	-8.99942000e-01	-1.13591000e-03
2.79253693e+02	2026-08-11T16:35:13.028057	0.00000000e+00	1	31	-2.99215000e-05	1.01015000e-03	-7.99943000e-01	-1.01139000e-03
2.79298023e+02	2026-08-11T16:35:13.072763	0.00000000e+00	1	31	-3.63588000e-05	8.85996000e-04	-6.99939000e-01	-8.86007000e-04
2.79384955e+02	2026-08-11T16:35:13.159640	0.00000000e+00	1	31	-3.69072000e-05	7.60363000e-04	-5.99928000e-01	-7.60390000e-04
2.79429711e+02	2026-08-11T16:35:13.204495	0.00000000e+00	1	31	-3.75986000e-05	6.34314000e-04	-4.99922000e-01	-6.34343000e-04
2.79484198e+02	2026-08-11T16:35:13.258736	0.00000000e+00	1	31	-3.80993000e-05	5.07885000e-04	-3.99922000e-01	-5.07909000e-04
2.79528412e+02	2026-08-11T16:35:13.303189	0.00000000e+00	1	31	-3.78609000e-05	3.81119000e-04	-2.99909000e-01	-3.81142000e-04
2.79584271e+02	2026-08-11T16:35:13.358922	0.00000000e+00	1	31	-3.73602000e-05	2.54094000e-04	-1.99899000e-01	-2.54111000e-04
2.79637139e+02	2026-08-11T16:35:13.411565	0.00000000e+00	1	31	-3.63112000e-05	1.26948000e-04	-9.98934000e-02	-1.26965000e-04
2.79682803e+02	2026-08-11T16:35:13.457540	0.00000000e+00	1	31	-2.77519000e-05	-1.69407000e-07	5.97239000e-05	1.81547000e-07
2.84748956e+02	2026-08-11T16:35:18.522688	0.00000000e+00	1	32	-3.02076000e-05	-1.72315000e-07	5.86271000e-05	1.73098000e-07
2.84794168e+02	2026-08-11T16:35:18.554553	0.00000000e+00	1	32	-3.24726000e-05	1.26943000e-04	-9.98913000e-02	-1.26967000e-04
2.84970660e+02	2026-08-11T16:35:18.744833	0.00000000e+00	1	32	-3.66211000e-05	2.54091000e-04	-1.99897000e-01	-2.54111000e-04
2.85017980e+02	2026-08-11T16:35:18.792641	0.00000000e+00	1	32	-3.87430000e-05	3.81116000e-04	-2.99912000e-01	-3.81139000e-04
2.85069868e+02	2026-08-11T16:35:18.843111	0.00000000e+00	1	32	-3.94821000e-05	5.07872000e-04	-3.99919000e-01	-5.07901000e-04
2.85129765e+02	2026-08-11T16:35:18.903962	0.00000000e+00	1	32	-3.81231000e-05	6.34299000e-04	-4.99922000e-01	-6.34332000e-04
2.85176291e+02	2026-08-11T16:35:18.936242	0.00000000e+00	1	32	-3.95060000e-05	7.60343000e-04	-5.99926000e-01	-7.60379000e-04
2.85233356e+02	2026-08-11T16:35:19.000028	0.00000000e+00	1	32	-4.05073000e-05	8.85931000e-04	-6.99936000e-01	-8.85970000e-04
2.85289049e+02	2026-08-11T16:35:19.063902	0.00000000e+00	1	32	-3.57151000e-05	1.01004000e-03	-7.99941000e-01	-1.01135000e-03
2.85395380e+02	2026-08-11T16:35:19.159172	0.00000000e+00	1	32	-3.02315000e-05	1.13455000e-03	-8.99939000e-01	-1.13593000e-03
2.85448534e+02	2026-08-11T16:35:19.222815	0.00000000e+00	1	32	-3.17812000e-05	1.25848000e-03	-9.99949000e-01	-1.25976000e-03
2.85496402e+02	2026-08-11T16:35:19.270761	0.00000000e+00	1	32	-3.09944000e-05	1.38172000e-03	-1.09995000e+00	-1.38300000e-03
2.85543664e+02	2026-08-11T16:35:19.318361	0.00000000e+00	1	32	-3.27826000e-05	1.50426000e-03	-1.19995000e+00	-1.50555000e-03
2.85608318e+02	2026-08-11T16:35:19.382501	0.00000000e+00	1	32	-2.96831000e-05	1.62618000e-03	-1.29995000e+00	-1.62743000e-03
2.85671865e+02	2026-08-11T16:35:19.446829	0.00000000e+00	1	32	-3.04222000e-05	1.74727000e-03	-1.39994000e+00	-1.74857000e-03
2.85721702e+02	2026-08-11T16:35:19.494602	0.00000000e+00	1	32	-3.17574000e-05	1.86766000e-03	-1.49994000e+00	-1.86893000e-03
2.85767911e+02	2026-08-11T16:35:19.542561	0.00000000e+00	1	32	-3.07322000e-05	1.98716000e-03	-1.59993000e+00	-1.98855000e-03
2.85832041e+02	2026-08-11T16:35:19.606469	0.00000000e+00	1	32	-3.13759000e-05	2.10602000e-03	-1.69992000e+00	-2.10737000e-03
2.85879619e+02	2026-08-11T16:35:19.654160	0.00000000e+00	1	32	-3.13520000e-05	2.22410000e-03	-1.79991000e+00	-2.22551000e-03
2.85925755e+02	2026-08-11T16:35:19.696457	0.00000000e+00	1	32	-3.12328000e-05	2.34153000e-03	-1.89991000e+00	-2.34293000e-03
2.85975119e+02	2026-08-11T16:35:19.749333	0.00000000e+00	1	32	-3.09944000e-05	2.45800000e-03	-1.99990000e+00	-2.45945000e-03
2.86022328e+02	2026-08-11T16:35:19.797112	0.00000000e+00	1	32	-3.20911000e-05	2.57273000e-03	-2.09874000e+00	-2.57419000e-03
2.86080501e+02	2026-08-11T16:35:19.855121	0.00000000e+00	1	32	-3.39031000e-05	2.68801000e-03	-2.19888000e+00	-2.68945000e-03
2.86134886e+02	2026-08-11T16:35:19.908456	0.00000000e+00	1	32	-3.31879000e-05	2.80198000e-03	-2.29871000e+00	-2.80344000e-03
2.86180769e+02	2026-08-11T16:35:19.940308	0.00000000e+00	1	32	-3.39031000e-05	2.91577000e-03	-2.39888000e+00	-2.91735000e-03
2.86229770e+02	2026-08-11T16:35:20.003666	0.00000000e+00	1	32	-3.21150000e-05	3.02872000e-03	-2.49898000e+00	-3.03033000e-03
2.86293395e+02	2026-08-11T16:35:20.068072	0.00000000e+00	1	32	-3.34978000e-05	3.14084000e-03	-2.59884000e+00	-3.14245000e-03
2.86340271e+02	2026-08-11T16:35:20.115088	0.00000000e+00	1	32	-3.10898000e-05	3.25219000e-03	-2.69896000e+00	-3.25398000e-03
2.86388479e+02	2026-08-11T16:35:20.162857	0.00000000e+00	1	32	-3.16143000e-05	3.36345000e-03	-2.79881000e+00	-3.36581000e-03
2.86452834e+02	2026-08-11T16:35:20.226831	0.00000000e+00	1	32	-3.07798000e-05	3.47498000e-03	-2.89894000e+00	-3.47686000e-03
2.86500460e+02	2026-08-11T16:35:20.274865	0.00000000e+00	1	32	-3.29256000e-05	3.58304000e-03	-2.99875000e+00	-3.58428000e-03
2.86544091e+02	2026-08-11T16:35:20.306908	0.00000000e+00	1	32	-3.26395000e-05	3.58198000e-03	-2.99875000e+00	-3.58348000e-03
2.86612752e+02	2026-08-11T16:35:20.386230	0.00000000e+00	1	32	-2.87533000e-05	3.47693000e-03	-2.89897000e+00	-3.48000000e-03
2.86680568e+02	2026-08-11T16:35:20.450157	0.00000000e+00	1	32	-2.77281000e-05	3.37131000e-03	-2.79884000e+00	-3.37334000e-03
2.86740259e+02	2026-08-11T16:35:20.514000	0.00000000e+00	1	32	-2.66790000e-05	3.26261000e-03	-2.69896000e+00	-3.26450000e-03
2.86785457e+02	2026-08-11T16:35:20.544954	0.00000000e+00	1	32	-2.89440000e-05	3.15237000e-03	-2.59890000e+00	-3.15415000e-03
2.86844107e+02	2026-08-11T16:35:20.609143	0.00000000e+00	1	32	-2.94209000e-05	3.04088000e-03	-2.49904000e+00	-3.04233000e-03
2.86904480e+02	2026-08-11T16:35:20.675023	0.00000000e+00	1	32	-2.77281000e-05	2.92816000e-03	-2.39891000e+00	-2.92966000e-03
2.86973307e+02	2026-08-11T16:35:20.737643	0.00000000e+00	1	32	-3.02076000e-05	2.81453000e-03	-2.29875000e+00	-2.81612000e-03
2.87027041e+02	2026-08-11T16:35:20.801898	0.00000000e+00	1	32	-3.24488000e-05	2.70036000e-03	-2.19896000e+00	-2.70191000e-03
2.87092253e+02	2026-08-11T16:35:20.864924	0.00000000e+00	1	32	-3.08990000e-05	2.58519000e-03	-2.09878000e+00	-2.58668000e-03
2.87167301e+02	2026-08-11T16:35:20.928860	0.00000000e+00	1	32	-3.24488000e-05	2.47041000e-03	-1.99990000e+00	-2.47172000e-03
2.87218211e+02	2026-08-11T16:35:20.993260	0.00000000e+00	1	32	-3.34978000e-05	2.35360000e-03	-1.89991000e+00	-2.35496000e-03
2.87262658e+02	2026-08-11T16:35:21.024643	0.00000000e+00	1	32	-3.30925000e-05	2.23594000e-03	-1.79991000e+00	-2.23724000e-03
2.87312523e+02	2026-08-11T16:35:21.073664	0.00000000e+00	1	32	-3.19958000e-05	2.11743000e-03	-1.69992000e+00	-2.11877000e-03
2.87360806e+02	2026-08-11T16:35:21.135435	0.00000000e+00	1	32	-3.02315000e-05	1.99810000e-03	-1.59993000e+00	-1.99947000e-03
2.87414273e+02	2026-08-11T16:35:21.185831	0.00000000e+00	1	32	-3.40223000e-05	1.87796000e-03	-1.49993000e+00	-1.87931000e-03
2.87479396e+02	2026-08-11T16:35:21.250483	0.00000000e+00	1	32	-3.30448000e-05	1.75705000e-03	-1.39994000e+00	-1.75838000e-03
2.87540125e+02	2026-08-11T16:35:21.313941	0.00000000e+00	1	32	-3.55959000e-05	1.63536000e-03	-1.29995000e+00	-1.63669000e-03
2.87611206e+02	2026-08-11T16:35:21.373779	0.00000000e+00	1	32	-3.24965000e-05	1.51281000e-03	-1.19995000e+00	-1.51412000e-03
2.87662789e+02	2026-08-11T16:35:21.437297	0.00000000e+00	1	32	-3.34024000e-05	1.38961000e-03	-1.09994000e+00	-1.39090000e-03
2.87710727e+02	2026-08-11T16:35:21.485734	0.00000000e+00	1	32	-3.28302000e-05	1.26570000e-03	-9.99944000e-01	-1.26698000e-03
2.87756209e+02	2026-08-11T16:35:21.527332	0.00000000e+00	1	32	-3.48568000e-05	1.14107000e-03	-8.99939000e-01	-1.14236000e-03
2.87807151e+02	2026-08-11T16:35:21.581066	0.00000000e+00	1	32	-3.56913000e-05	1.01586000e-03	-7.99937000e-01	-1.01713000e-03
2.87875929e+02	2026-08-11T16:35:21.644217	0.00000000e+00	1	32	-3.97921000e-05	8.90985000e-04	-6.99934000e-01	-8.90997000e-04
2.87966869e+02	2026-08-11T16:35:21.739842	0.00000000e+00	1	32	-4.02212000e-05	7.64623000e-04	-5.99921000e-01	-7.64656000e-04
2.88013067e+02	2026-08-11T16:35:21.787744	0.00000000e+00	1	32	-3.94106000e-05	6.37852000e-04	-4.99914000e-01	-6.37878000e-04
2.88060740e+02	2026-08-11T16:35:21.835311	0.00000000e+00	1	32	-4.06742000e-05	5.10698000e-04	-3.99911000e-01	-5.10727000e-04
2.88111042e+02	2026-08-11T16:35:21.882999	0.00000000e+00	1	32	-4.01974000e-05	3.83225000e-04	-2.99901000e-01	-3.83248000e-04
2.88172204e+02	2026-08-11T16:35:21.946669	0.00000000e+00	1	32	-3.75271000e-05	2.55493000e-04	-1.99892000e-01	-2.55519000e-04
2.88241317e+02	2026-08-11T16:35:22.010867	0.00000000e+00	1	32	-3.32117000e-05	1.27651000e-04	-9.98857000e-02	-1.27663000e-04
2.88306840e+02	2026-08-11T16:35:22.074162	0.00000000e+00	1	32	-2.56777000e-05	-1.70413000e-07	6.29663000e-05	1.85762000e-07
2.93223984e+02	2026-08-11T16:35:26.996917	0.00000000e+00	1	33	-3.11136000e-05	-1.82680000e-07	6.36578000e-05	1.88668000e-07
2.93301268e+02	2026-08-11T16:35:27.075474	0.00000000e+00	1	33	-3.58820000e-05	1.27640000e-04	-9.98916000e-02	-1.27665000e-04
2.93476187e+02	2026-08-11T16:35:27.250306	0.00000000e+00	1	33	-3.87430000e-05	2.55487000e-04	-1.99896000e-01	-2.55509000e-04
2.93539208e+02	2026-08-11T16:35:27.313772	0.00000000e+00	1	33	-4.00305000e-05	3.83224000e-04	-2.99910000e-01	-3.83249000e-04
2.93596595e+02	2026-08-11T16:35:27.361144	0.00000000e+00	1	33	-4.18901000e-05	5.10693000e-04	-3.99921000e-01	-5.10721000e-04
2.93649896e+02	2026-08-11T16:35:27.424625	0.00000000e+00	1	33	-4.13895000e-05	6.37837000e-04	-4.99922000e-01	-6.37867000e-04
2.93696439e+02	2026-08-11T16:35:27.469255	0.00000000e+00	1	33	-4.25100000e-05	7.64606000e-04	-5.99931000e-01	-7.64643000e-04
2.93742565e+02	2026-08-11T16:35:27.515659	0.00000000e+00	1	33	-4.39882000e-05	8.90931000e-04	-6.99941000e-01	-8.90970000e-04
2.93797802e+02	2026-08-11T16:35:27.568209	0.00000000e+00	1	33	-4.27008000e-05	1.01582000e-03	-7.99941000e-01	-1.01706000e-03
2.93882145e+02	2026-08-11T16:35:27.655539	0.00000000e+00	1	33	-4.08649000e-05	1.14105000e-03	-8.99947000e-01	-1.14227000e-03
2.93934742e+02	2026-08-11T16:35:27.707699	0.00000000e+00	1	33	-4.01258000e-05	1.26564000e-03	-9.99954000e-01	-1.26689000e-03
2.93989951e+02	2026-08-11T16:35:27.755123	0.00000000e+00	1	33	-4.28677000e-05	1.38961000e-03	-1.09996000e+00	-1.39084000e-03
2.94034294e+02	2026-08-11T16:35:27.806247	0.00000000e+00	1	33	-4.33207000e-05	1.51280000e-03	-1.19995000e+00	-1.51405000e-03
2.94095618e+02	2026-08-11T16:35:27.867931	0.00000000e+00	1	33	-4.32730000e-05	1.63528000e-03	-1.29996000e+00	-1.63661000e-03
2.94154368e+02	2026-08-11T16:35:27.928664	0.00000000e+00	1	33	-4.35114000e-05	1.75707000e-03	-1.39995000e+00	-1.75830000e-03
2.94198478e+02	2026-08-11T16:35:27.964531	0.00000000e+00	1	33	-4.29869000e-05	1.87794000e-03	-1.49994000e+00	-1.87928000e-03
2.94260180e+02	2026-08-11T16:35:28.033793	0.00000000e+00	1	33	-4.55379000e-05	1.99810000e-03	-1.59993000e+00	-1.99939000e-03
2.94313337e+02	2026-08-11T16:35:28.086770	0.00000000e+00	1	33	-4.66585000e-05	2.11738000e-03	-1.69993000e+00	-2.11872000e-03
2.94357394e+02	2026-08-11T16:35:28.122962	0.00000000e+00	1	33	-4.63247000e-05	2.23587000e-03	-1.79992000e+00	-2.23718000e-03
2.94408006e+02	2026-08-11T16:35:28.181833	0.00000000e+00	1	33	-4.28915000e-05	2.35344000e-03	-1.89992000e+00	-2.35486000e-03
2.94452700e+02	2026-08-11T16:35:28.226450	0.00000000e+00	1	33	-4.24147000e-05	2.47035000e-03	-1.99992000e+00	-2.47173000e-03
2.94513485e+02	2026-08-11T16:35:28.285254	0.00000000e+00	1	33	-4.39644000e-05	2.58523000e-03	-2.09883000e+00	-2.58675000e-03
2.94565659e+02	2026-08-11T16:35:28.340000	0.00000000e+00	1	33	-4.43697000e-05	2.70056000e-03	-2.19898000e+00	-2.70198000e-03
2.94615373e+02	2026-08-11T16:35:28.389311	0.00000000e+00	1	33	-4.53711000e-05	2.81464000e-03	-2.29878000e+00	-2.81601000e-03
2.94659941e+02	2026-08-11T16:35:28.434769	0.00000000e+00	1	33	-4.47750000e-05	2.92835000e-03	-2.39892000e+00	-2.92970000e-03
2.94707429e+02	2026-08-11T16:35:28.482047	0.00000000e+00	1	33	-4.27961000e-05	3.04118000e-03	-2.49905000e+00	-3.04261000e-03
2.94759454e+02	2026-08-11T16:35:28.534437	0.00000000e+00	1	33	-4.31538000e-05	3.15272000e-03	-2.59893000e+00	-3.15412000e-03
2.94817859e+02	2026-08-11T16:35:28.591884	0.00000000e+00	1	33	-4.35829000e-05	3.26422000e-03	-2.69900000e+00	-3.26613000e-03
2.94864220e+02	2026-08-11T16:35:28.638607	0.00000000e+00	1	33	-4.48465000e-05	3.37514000e-03	-2.79885000e+00	-3.37697000e-03
2.94918606e+02	2026-08-11T16:35:28.693741	0.00000000e+00	1	33	-4.55141000e-05	3.48541000e-03	-2.89901000e+00	-3.48802000e-03
2.94963378e+02	2026-08-11T16:35:28.735368	0.00000000e+00	1	33	-4.52995000e-05	3.59280000e-03	-2.99882000e+00	-3.59231000e-03
2.95021741e+02	2026-08-11T16:35:28.782485	0.00000000e+00	1	33	-4.50373000e-05	3.59057000e-03	-2.99883000e+00	-3.59205000e-03
2.95078163e+02	2026-08-11T16:35:28.852229	0.00000000e+00	1	33	-4.50611000e-05	3.48357000e-03	-2.89905000e+00	-3.48662000e-03
2.95125397e+02	2026-08-11T16:35:28.896998	0.00000000e+00	1	33	-4.35352000e-05	3.37729000e-03	-2.79893000e+00	-3.37959000e-03
2.95186482e+02	2026-08-11T16:35:28.958493	0.00000000e+00	1	33	-4.56572000e-05	3.26944000e-03	-2.69904000e+00	-3.27131000e-03
2.95258954e+02	2026-08-11T16:35:29.032103	0.00000000e+00	1	33	-4.51565000e-05	3.15925000e-03	-2.59892000e+00	-3.16097000e-03
2.95303723e+02	2026-08-11T16:35:29.073031	0.00000000e+00	1	33	-4.37975000e-05	3.04823000e-03	-2.49907000e+00	-3.04988000e-03
2.95355789e+02	2026-08-11T16:35:29.130233	0.00000000e+00	1	33	-4.28200000e-05	2.93590000e-03	-2.39893000e+00	-2.93741000e-03
2.95400167e+02	2026-08-11T16:35:29.162719	0.00000000e+00	1	33	-4.23908000e-05	2.82246000e-03	-2.29880000e+00	-2.82389000e-03
2.95447446e+02	2026-08-11T16:35:29.221915	0.00000000e+00	1	33	-4.33445000e-05	2.70852000e-03	-2.19901000e+00	-2.70990000e-03
2.95512702e+02	2026-08-11T16:35:29.286355	0.00000000e+00	1	33	-4.03166000e-05	2.59322000e-03	-2.09881000e+00	-2.59467000e-03
2.95559872e+02	2026-08-11T16:35:29.331848	0.00000000e+00	1	33	-4.24624000e-05	2.47833000e-03	-1.99990000e+00	-2.47975000e-03
2.95610531e+02	2026-08-11T16:35:29.383320	0.00000000e+00	1	33	-3.80039000e-05	2.36145000e-03	-1.89992000e+00	-2.36280000e-03
2.95655178e+02	2026-08-11T16:35:29.425540	0.00000000e+00	1	33	-3.89338000e-05	2.24373000e-03	-1.79992000e+00	-2.24508000e-03
2.95712605e+02	2026-08-11T16:35:29.482603	0.00000000e+00	1	33	-3.74556000e-05	2.12510000e-03	-1.69993000e+00	-2.12641000e-03
2.95768272e+02	2026-08-11T16:35:29.542956	0.00000000e+00	1	33	-3.76701000e-05	2.00556000e-03	-1.59994000e+00	-2.00680000e-03
2.95834737e+02	2026-08-11T16:35:29.604910	0.00000000e+00	1	33	-3.78132000e-05	1.88514000e-03	-1.49994000e+00	-1.88639000e-03
2.95893741e+02	2026-08-11T16:35:29.667932	0.00000000e+00	1	33	-3.54290000e-05	1.76385000e-03	-1.39995000e+00	-1.76513000e-03
2.95938339e+02	2026-08-11T16:35:29.710364	0.00000000e+00	1	33	-3.54052000e-05	1.64178000e-03	-1.29996000e+00	-1.64302000e-03
2.95992185e+02	2026-08-11T16:35:29.766371	0.00000000e+00	1	33	-3.56436000e-05	1.51884000e-03	-1.19995000e+00	-1.52010000e-03
2.96036992e+02	2026-08-11T16:35:29.811400	0.00000000e+00	1	33	-3.78370000e-05	1.39521000e-03	-1.09996000e+00	-1.39639000e-03
2.96094481e+02	2026-08-11T16:35:29.869577	0.00000000e+00	1	33	-3.84331000e-05	1.27080000e-03	-9.99957000e-01	-1.27196000e-03
2.96149501e+02	2026-08-11T16:35:29.922533	0.00000000e+00	1	33	-3.65019000e-05	1.14572000e-03	-8.99950000e-01	-1.14682000e-03
2.96193919e+02	2026-08-11T16:35:29.955213	0.00000000e+00	1	33	-3.45707000e-05	1.02000000e-03	-7.99946000e-01	-1.02114000e-03
2.96238533e+02	2026-08-11T16:35:30.006562	0.00000000e+00	1	33	-4.12703000e-05	8.94576000e-04	-6.99942000e-01	-8.94585000e-04
2.96330099e+02	2026-08-11T16:35:30.104737	0.00000000e+00	1	33	-4.29392000e-05	7.67699000e-04	-5.99926000e-01	-7.67731000e-04
2.96400375e+02	2026-08-11T16:35:30.162095	0.00000000e+00	1	33	-4.30346000e-05	6.40415000e-04	-4.99924000e-01	-6.40444000e-04
2.96444450e+02	2026-08-11T16:35:30.213449	0.00000000e+00	1	33	-4.00782000e-05	5.12755000e-04	-3.99923000e-01	-5.12779000e-04
2.96492307e+02	2026-08-11T16:35:30.263138	0.00000000e+00	1	33	-4.06265000e-05	3.84764000e-04	-2.99909000e-01	-3.84790000e-04
2.96558722e+02	2026-08-11T16:35:30.333473	0.00000000e+00	1	33	-4.19617000e-05	2.56519000e-04	-1.99902000e-01	-2.56536000e-04
2.96610242e+02	2026-08-11T16:35:30.384787	0.00000000e+00	1	33	-4.14848000e-05	1.28157000e-04	-9.98960000e-02	-1.28173000e-04
2.96672441e+02	2026-08-11T16:35:30.446719	0.00000000e+00	1	33	-3.54528000e-05	-1.73902000e-07	5.50985000e-05	1.88476000e-07
3.01568143e+02	2026-08-11T16:35:35.338938	0.00000000e+00	1	34	-3.19958000e-05	-1.89467000e-07	6.43253000e-05	1.89411000e-07
3.01627079e+02	2026-08-11T16:35:35.401796	0.00000000e+00	1	34	-3.90768000e-05	1.28140000e-04	-9.98827000e-02	-1.28166000e-04
3.01794811e+02	2026-08-11T16:35:35.567044	0.00000000e+00	1	34	-3.87192000e-05	2.56504000e-04	-1.99889000e-01	-2.56528000e-04
3.01851197e+02	2026-08-11T16:35:35.623625	0.00000000e+00	1	34	-3.86715000e-05	3.84752000e-04	-2.99899000e-01	-3.84777000e-04
3.01916733e+02	2026-08-11T16:35:35.686843	0.00000000e+00	1	34	-3.95775000e-05	5.12740000e-04	-3.99913000e-01	-5.12768000e-04
3.01983104e+02	2026-08-11T16:35:35.756634	0.00000000e+00	1	34	-3.80754000e-05	6.40401000e-04	-4.99916000e-01	-6.40432000e-04
3.02054349e+02	2026-08-11T16:35:35.827618	0.00000000e+00	1	34	-3.76225000e-05	7.67683000e-04	-5.99925000e-01	-7.67720000e-04
3.02098348e+02	2026-08-11T16:35:35.872429	0.00000000e+00	1	34	-4.29869000e-05	8.94512000e-04	-6.99934000e-01	-8.94552000e-04
3.02161694e+02	2026-08-11T16:35:35.927862	0.00000000e+00	1	34	-3.60966000e-05	1.01990000e-03	-7.99938000e-01	-1.02115000e-03
3.02247803e+02	2026-08-11T16:35:36.021557	0.00000000e+00	1	34	-3.33071000e-05	1.14564000e-03	-8.99947000e-01	-1.14686000e-03
3.02311870e+02	2026-08-11T16:35:36.084742	0.00000000e+00	1	34	-3.42131000e-05	1.27080000e-03	-9.99951000e-01	-1.27201000e-03
3.02389069e+02	2026-08-11T16:35:36.163718	0.00000000e+00	1	34	-3.30687000e-05	1.39516000e-03	-1.09995000e+00	-1.39642000e-03
3.02444337e+02	2026-08-11T16:35:36.211616	0.00000000e+00	1	34	-3.40462000e-05	1.51887000e-03	-1.19995000e+00	-1.52009000e-03
3.02489147e+02	2026-08-11T16:35:36.262551	0.00000000e+00	1	34	-3.55721000e-05	1.64174000e-03	-1.29995000e+00	-1.64301000e-03
3.02550349e+02	2026-08-11T16:35:36.323660	0.00000000e+00	1	34	-3.41654000e-05	1.76385000e-03	-1.39995000e+00	-1.76517000e-03
3.02604531e+02	2026-08-11T16:35:36.375292	0.00000000e+00	1	34	-3.26633000e-05	1.88510000e-03	-1.49994000e+00	-1.88650000e-03
3.02670795e+02	2026-08-11T16:35:36.444491	0.00000000e+00	1	34	-3.47853000e-05	2.00555000e-03	-1.59994000e+00	-2.00686000e-03
3.02723370e+02	2026-08-11T16:35:36.497580	0.00000000e+00	1	34	-3.83377000e-05	2.12509000e-03	-1.69993000e+00	-2.12650000e-03
3.02783734e+02	2026-08-11T16:35:36.554750	0.00000000e+00	1	34	-3.38793000e-05	2.24386000e-03	-1.79992000e+00	-2.24520000e-03
3.02854976e+02	2026-08-11T16:35:36.628891	0.00000000e+00	1	34	-3.50475000e-05	2.36153000e-03	-1.89992000e+00	-2.36296000e-03
3.02922810e+02	2026-08-11T16:35:36.686230	0.00000000e+00	1	34	-3.85761000e-05	2.47854000e-03	-1.99991000e+00	-2.47990000e-03
3.02972911e+02	2026-08-11T16:35:36.741948	0.00000000e+00	1	34	-3.97205000e-05	2.59348000e-03	-2.09885000e+00	-2.59498000e-03
3.03063803e+02	2026-08-11T16:35:36.828938	0.00000000e+00	1	34	-4.00305000e-05	2.70867000e-03	-2.19901000e+00	-2.71016000e-03
3.03116649e+02	2026-08-11T16:35:36.890688	0.00000000e+00	1	34	-3.70741000e-05	2.82268000e-03	-2.29880000e+00	-2.82423000e-03
3.03173818e+02	2026-08-11T16:35:36.947351	0.00000000e+00	1	34	-3.90053000e-05	2.93625000e-03	-2.39897000e+00	-2.93783000e-03
3.03224622e+02	2026-08-11T16:35:36.997861	0.00000000e+00	1	34	-3.67403000e-05	3.04865000e-03	-2.49907000e+00	-3.05017000e-03
3.03280596e+02	2026-08-11T16:35:37.051736	0.00000000e+00	1	34	-3.65734000e-05	3.16012000e-03	-2.59894000e+00	-3.16174000e-03
3.03341211e+02	2026-08-11T16:35:37.115086	0.00000000e+00	1	34	-3.81231000e-05	3.27108000e-03	-2.69907000e+00	-3.27281000e-03
3.03387411e+02	2026-08-11T16:35:37.159913	0.00000000e+00	1	34	-3.89814000e-05	3.38077000e-03	-2.79890000e+00	-3.38220000e-03
3.03446972e+02	2026-08-11T16:35:37.220770	0.00000000e+00	1	34	-4.18425000e-05	3.48876000e-03	-2.89906000e+00	-3.49082000e-03
3.03499648e+02	2026-08-11T16:35:37.274203	0.00000000e+00	1	34	-4.41313000e-05	3.59518000e-03	-2.99886000e+00	-3.59619000e-03
3.03548105e+02	2026-08-11T16:35:37.321594	0.00000000e+00	1	34	-4.30584000e-05	3.59594000e-03	-2.99888000e+00	-3.59889000e-03
3.03592989e+02	2026-08-11T16:35:37.355371	0.00000000e+00	1	34	-4.15564000e-05	3.49216000e-03	-2.89906000e+00	-3.49503000e-03
3.03643277e+02	2026-08-11T16:35:37.417329	0.00000000e+00	1	34	-4.14848000e-05	3.38612000e-03	-2.79890000e+00	-3.38838000e-03
3.03687401e+02	2026-08-11T16:35:37.449055	0.00000000e+00	1	34	-4.21524000e-05	3.27803000e-03	-2.69907000e+00	-3.28002000e-03
3.03736359e+02	2026-08-11T16:35:37.511448	0.00000000e+00	1	34	-4.02212000e-05	3.16822000e-03	-2.59897000e+00	-3.16992000e-03
3.03782150e+02	2026-08-11T16:35:37.553553	0.00000000e+00	1	34	-4.14848000e-05	3.05719000e-03	-2.49909000e+00	-3.05875000e-03
3.03841539e+02	2026-08-11T16:35:37.614780	0.00000000e+00	1	34	-4.28200000e-05	2.94482000e-03	-2.39896000e+00	-2.94636000e-03
3.03901657e+02	2026-08-11T16:35:37.676756	0.00000000e+00	1	34	-4.26292000e-05	2.83135000e-03	-2.29882000e+00	-2.83296000e-03
3.03975866e+02	2026-08-11T16:35:37.749982	0.00000000e+00	1	34	-4.25816000e-05	2.71745000e-03	-2.19903000e+00	-2.71899000e-03
3.04020036e+02	2026-08-11T16:35:37.793547	0.00000000e+00	1	34	-3.78847000e-05	2.60219000e-03	-2.09888000e+00	-2.60364000e-03
3.04085856e+02	2026-08-11T16:35:37.860294	0.00000000e+00	1	34	-4.07696000e-05	2.48700000e-03	-1.99991000e+00	-2.48844000e-03
3.04139794e+02	2026-08-11T16:35:37.913846	0.00000000e+00	1	34	-4.22478000e-05	2.36990000e-03	-1.89992000e+00	-2.37136000e-03
3.04211537e+02	2026-08-11T16:35:37.981437	0.00000000e+00	1	34	-4.13656000e-05	2.25193000e-03	-1.79993000e+00	-2.25336000e-03
3.04257026e+02	2026-08-11T16:35:38.030566	0.00000000e+00	1	34	-4.01974000e-05	2.13296000e-03	-1.69993000e+00	-2.13431000e-03
3.04308098e+02	2026-08-11T16:35:38.082069	0.00000000e+00	1	34	-4.22239000e-05	2.01301000e-03	-1.59994000e+00	-2.01441000e-03
3.04352204e+02	2026-08-11T16:35:38.125241	0.00000000e+00	1	34	-4.18663000e-05	1.89227000e-03	-1.49995000e+00	-1.89360000e-03
3.04404360e+02	2026-08-11T16:35:38.177233	0.00000000e+00	1	34	-3.79801000e-05	1.77060000e-03	-1.39996000e+00	-1.77189000e-03
3.04448970e+02	2026-08-11T16:35:38.219059	0.00000000e+00	1	34	-3.89814000e-05	1.64808000e-03	-1.29996000e+00	-1.64933000e-03
3.04497873e+02	2026-08-11T16:35:38.272273	0.00000000e+00	1	34	-4.04358000e-05	1.52473000e-03	-1.19996000e+00	-1.52600000e-03
3.04544699e+02	2026-08-11T16:35:38.319764	0.00000000e+00	1	34	-4.01974000e-05	1.40059000e-03	-1.09996000e+00	-1.40185000e-03
3.04595322e+02	2026-08-11T16:35:38.366998	0.00000000e+00	1	34	-4.24147000e-05	1.27567000e-03	-9.99958000e-01	-1.27696000e-03
3.04639739e+02	2026-08-11T16:35:38.414437	0.00000000e+00	1	34	-4.12941000e-05	1.15013000e-03	-8.99951000e-01	-1.15132000e-03
3.04702573e+02	2026-08-11T16:35:38.476941	0.00000000e+00	1	34	-4.04119000e-05	1.02385000e-03	-7.99948000e-01	-1.02511000e-03
3.04746590e+02	2026-08-11T16:35:38.508546	0.00000000e+00	1	34	-4.61578000e-05	8.98022000e-04	-6.99947000e-01	-8.98035000e-04
3.04831703e+02	2026-08-11T16:35:38.603449	0.00000000e+00	1	34	-4.71115000e-05	7.70644000e-04	-5.99929000e-01	-7.70681000e-04
3.04883990e+02	2026-08-11T16:35:38.658697	0.00000000e+00	1	34	-4.40121000e-05	6.42866000e-04	-4.99923000e-01	-6.42897000e-04
3.04957409e+02	2026-08-11T16:35:38.731271	0.00000000e+00	1	34	-4.32730000e-05	5.14711000e-04	-3.99920000e-01	-5.14735000e-04
3.05002123e+02	2026-08-11T16:35:38.777117	0.00000000e+00	1	34	-4.42028000e-05	3.86232000e-04	-2.99908000e-01	-3.86251000e-04
3.05081773e+02	2026-08-11T16:35:38.856268	0.00000000e+00	1	34	-4.27246000e-05	2.57493000e-04	-1.99901000e-01	-2.57517000e-04
3.05137576e+02	2026-08-11T16:35:38.912606	0.00000000e+00	1	34	-4.15564000e-05	1.28643000e-04	-9.98964000e-02	-1.28660000e-04
3.05206583e+02	2026-08-11T16:35:38.979425	0.00000000e+00	1	34	-3.44992000e-05	-1.78017000e-07	5.68867000e-05	1.91792000e-07
3.10004267e+02	2026-08-11T16:35:43.774160	0.00000000e+00	1	35	-2.67029000e-05	-1.80007000e-07	6.14405000e-05	1.79356000e-07
3.10065397e+02	2026-08-11T16:35:43.836042	0.00000000e+00	1	35	-3.02553000e-05	1.28654000e-04	-9.99001000e-02	-1.28678000e-04
3.10236181e+02	2026-08-11T16:35:44.010387	0.00000000e+00	1	35	-3.34978000e-05	2.57509000e-04	-1.99905000e-01	-2.57526000e-04
3.10284442e+02	2026-08-11T16:35:44.058034	0.00000000e+00	1	35	-3.44038000e-05	3.86239000e-04	-2.99914000e-01	-3.86265000e-04
3.10337866e+02	2026-08-11T16:35:44.106007	0.00000000e+00	1	35	-3.54290000e-05	5.14716000e-04	-3.99926000e-01	-5.14740000e-04
3.10383169e+02	2026-08-11T16:35:44.153639	0.00000000e+00	1	35	-3.62873000e-05	6.42865000e-04	-4.99926000e-01	-6.42897000e-04
3.10444710e+02	2026-08-11T16:35:44.217821	0.00000000e+00	1	35	-3.81470000e-05	7.70642000e-04	-5.99930000e-01	-7.70677000e-04
3.10507001e+02	2026-08-11T16:35:44.281145	0.00000000e+00	1	35	-3.81470000e-05	8.97974000e-04	-6.99943000e-01	-8.98011000e-04
3.10551845e+02	2026-08-11T16:35:44.323269	0.00000000e+00	1	35	-3.74317000e-05	1.02387000e-03	-7.99950000e-01	-1.02509000e-03
3.10638053e+02	2026-08-11T16:35:44.408399	0.00000000e+00	1	35	-3.26395000e-05	1.15016000e-03	-8.99952000e-01	-1.15131000e-03
3.10697242e+02	2026-08-11T16:35:44.471581	0.00000000e+00	1	35	-3.29971000e-05	1.27571000e-03	-9.99958000e-01	-1.27693000e-03
3.10749130e+02	2026-08-11T16:35:44.519233	0.00000000e+00	1	35	-3.35217000e-05	1.40059000e-03	-1.09996000e+00	-1.40177000e-03
3.10808259e+02	2026-08-11T16:35:44.583402	0.00000000e+00	1	35	-3.32832000e-05	1.52475000e-03	-1.19996000e+00	-1.52590000e-03
3.10855724e+02	2026-08-11T16:35:44.630308	0.00000000e+00	1	35	-3.24965000e-05	1.64810000e-03	-1.29996000e+00	-1.64930000e-03
3.10904529e+02	2026-08-11T16:35:44.678634	0.00000000e+00	1	35	-3.08752000e-05	1.77065000e-03	-1.39995000e+00	-1.77177000e-03
3.10968247e+02	2026-08-11T16:35:44.742167	0.00000000e+00	1	35	-3.08990000e-05	1.89227000e-03	-1.49995000e+00	-1.89343000e-03
3.11033569e+02	2026-08-11T16:35:44.805943	0.00000000e+00	1	35	-3.28064000e-05	2.01304000e-03	-1.59994000e+00	-2.01429000e-03
3.11095804e+02	2026-08-11T16:35:44.868659	0.00000000e+00	1	35	-3.19719000e-05	2.13295000e-03	-1.69993000e+00	-2.13417000e-03
3.11149505e+02	2026-08-11T16:35:44.922954	0.00000000e+00	1	35	-3.02553000e-05	2.25192000e-03	-1.79992000e+00	-2.25324000e-03
3.11194215e+02	2026-08-11T16:35:44.968010	0.00000000e+00	1	35	-3.12328000e-05	2.37000000e-03	-1.89992000e+00	-2.37127000e-03
3.11254161e+02	2026-08-11T16:35:45.027808	0.00000000e+00	1	35	-3.23772000e-05	2.48706000e-03	-1.99991000e+00	-2.48833000e-03
3.11298240e+02	2026-08-11T16:35:45.067279	0.00000000e+00	1	35	-3.25680000e-05	2.60218000e-03	-2.09884000e+00	-2.60352000e-03
3.11349895e+02	2026-08-11T16:35:45.122272	0.00000000e+00	1	35	-3.24726000e-05	2.71754000e-03	-2.19905000e+00	-2.71895000e-03
3.11394193e+02	2026-08-11T16:35:45.154106	0.00000000e+00	1	35	-3.44276000e-05	2.83166000e-03	-2.29884000e+00	-2.83308000e-03
3.11466784e+02	2026-08-11T16:35:45.239049	0.00000000e+00	1	35	-3.27826000e-05	2.94513000e-03	-2.39898000e+00	-2.94658000e-03
3.11530205e+02	2026-08-11T16:35:45.296554	0.00000000e+00	1	35	-3.31640000e-05	3.05770000e-03	-2.49909000e+00	-3.05921000e-03
3.11586074e+02	2026-08-11T16:35:45.360085	0.00000000e+00	1	35	-3.32117000e-05	3.16886000e-03	-2.59896000e+00	-3.17032000e-03
3.11631077e+02	2026-08-11T16:35:45.391893	0.00000000e+00	1	35	-3.41415000e-05	3.27918000e-03	-2.69907000e+00	-3.28043000e-03
3.11680294e+02	2026-08-11T16:35:45.454876	0.00000000e+00	1	35	-3.13044000e-05	3.38820000e-03	-2.79891000e+00	-3.39032000e-03
3.11739048e+02	2026-08-11T16:35:45.502199	0.00000000e+00	1	35	-3.34024000e-05	3.49699000e-03	-2.89905000e+00	-3.49837000e-03
3.11792109e+02	2026-08-11T16:35:45.566995	0.00000000e+00	1	35	-3.24488000e-05	3.60255000e-03	-2.99885000e+00	-3.60352000e-03
3.11857047e+02	2026-08-11T16:35:45.631266	0.00000000e+00	1	35	-3.39746000e-05	3.70089000e-03	-3.09913000e+00	-2.69202000e-03
3.11905538e+02	2026-08-11T16:35:45.678844	0.00000000e+00	1	35	-3.42369000e-05	8.89384000e-05	-3.19926000e+00	-8.92744000e-05
3.12004213e+02	2026-08-11T16:35:45.774131	0.00000000e+00	1	35	-3.49760000e-05	9.91210000e-05	-3.29905000e+00	-9.97336000e-05
3.12063962e+02	2026-08-11T16:35:45.838730	0.00000000e+00	1	35	-3.56436000e-05	1.05161000e-04	-3.39932000e+00	-1.06904000e-04
3.12159269e+02	2026-08-11T16:35:45.933584	0.00000000e+00	1	35	-3.66688000e-05	1.14281000e-04	-3.49914000e+00	-1.17898000e-04
3.12209289e+02	2026-08-11T16:35:45.981470	0.00000000e+00	1	35	-3.50475000e-05	1.16627000e-04	-3.49914000e+00	-1.20061000e-04
3.12255493e+02	2026-08-11T16:35:46.029607	0.00000000e+00	1	35	-3.47614000e-05	1.10833000e-04	-3.39930000e+00	-1.09867000e-04
3.12307007e+02	2026-08-11T16:35:46.077488	0.00000000e+00	1	35	-3.62158000e-05	1.02196000e-04	-3.29912000e+00	-1.02566000e-04
3.12367378e+02	2026-08-11T16:35:46.141236	0.00000000e+00	1	35	-3.75509000e-05	9.26272000e-05	-3.19929000e+00	-9.04777000e-05
3.12451876e+02	2026-08-11T16:35:46.222763	0.00000000e+00	1	35	-4.09603000e-05	8.61583000e-05	-3.09913000e+00	-8.50881000e-05
3.12510035e+02	2026-08-11T16:35:46.284098	0.00000000e+00	1	35	-3.91245000e-05	7.99769000e-05	-2.99901000e+00	-8.06364000e-05
3.12573692e+02	2026-08-11T16:35:46.348468	0.00000000e+00	1	35	-3.79562000e-05	7.49980000e-05	-2.89917000e+00	-7.46038000e-05
3.12619083e+02	2026-08-11T16:35:46.380025	0.00000000e+00	1	35	-3.79324000e-05	6.88823000e-05	-2.79901000e+00	-6.91209000e-05
3.12671497e+02	2026-08-11T16:35:46.444249	0.00000000e+00	1	35	-3.71456000e-05	6.32436000e-05	-2.69916000e+00	-6.33644000e-05
3.12721907e+02	2026-08-11T16:35:46.492331	0.00000000e+00	1	35	-3.65019000e-05	5.83542000e-05	-2.59910000e+00	-5.86083000e-05
3.12781819e+02	2026-08-11T16:35:46.555818	0.00000000e+00	1	35	-3.84092000e-05	5.41125000e-05	-2.49927000e+00	-5.45151000e-05
3.12828746e+02	2026-08-11T16:35:46.602358	0.00000000e+00	1	35	-3.87192000e-05	5.01422000e-05	-2.39913000e+00	-5.00113000e-05
3.12880966e+02	2026-08-11T16:35:46.651871	0.00000000e+00	1	35	-3.90530000e-05	4.64501000e-05	-2.29896000e+00	-4.60426000e-05
3.12940965e+02	2026-08-11T16:35:46.714818	0.00000000e+00	1	35	-4.01020000e-05	4.13785000e-05	-2.19914000e+00	-4.14907000e-05
3.13004019e+02	2026-08-11T16:35:46.778444	0.00000000e+00	1	35	-4.33922000e-05	3.73465000e-05	-2.09900000e+00	-3.75568000e-05
3.13051755e+02	2026-08-11T16:35:46.826388	0.00000000e+00	1	35	-3.93867000e-05	3.41478000e-05	-1.99993000e+00	-3.38397000e-05
3.13097018e+02	2026-08-11T16:35:46.868864	0.00000000e+00	1	35	-3.98159000e-05	3.04981000e-05	-1.89994000e+00	-3.02743000e-05
3.13148479e+02	2026-08-11T16:35:46.921361	0.00000000e+00	1	35	-3.96013000e-05	2.70593000e-05	-1.79994000e+00	-2.69835000e-05
3.13194324e+02	2026-08-11T16:35:46.968868	0.00000000e+00	1	35	-4.09126000e-05	2.40667000e-05	-1.69995000e+00	-2.40486000e-05
3.13239384e+02	2026-08-11T16:35:47.000713	0.00000000e+00	1	35	-3.89338000e-05	2.10969000e-05	-1.59995000e+00	-2.12151000e-05
3.13290038e+02	2026-08-11T16:35:47.064173	0.00000000e+00	1	35	-4.07219000e-05	1.87194000e-05	-1.49996000e+00	-1.87326000e-05
3.13355246e+02	2026-08-11T16:35:47.127748	0.00000000e+00	1	35	-4.17948000e-05	1.60199000e-05	-1.39997000e+00	-1.60274000e-05
3.13399514e+02	2026-08-11T16:35:47.159851	0.00000000e+00	1	35	-3.75509000e-05	1.35923000e-05	-1.29997000e+00	-1.35204000e-05
3.13448316e+02	2026-08-11T16:35:47.223367	0.00000000e+00	1	35	-3.58343000e-05	1.13353000e-05	-1.19997000e+00	-1.13473000e-05
3.13496633e+02	2026-08-11T16:35:47.270684	0.00000000e+00	1	35	-4.45366000e-05	9.52404000e-06	-1.09997000e+00	-9.26060000e-06
3.13592260e+02	2026-08-11T16:35:47.366311	0.00000000e+00	1	35	-4.89950000e-05	7.45150000e-06	-9.99972000e-01	-7.45319000e-06
3.13658405e+02	2026-08-11T16:35:47.429456	0.00000000e+00	1	35	-4.71354000e-05	5.95805000e-06	-8.99966000e-01	-5.88421000e-06
3.13720363e+02	2026-08-11T16:35:47.493925	0.00000000e+00	1	35	-4.61578000e-05	4.51543000e-06	-7.99961000e-01	-4.50591000e-06
3.13766176e+02	2026-08-11T16:35:47.541180	0.00000000e+00	1	35	-4.47035000e-05	3.34091000e-06	-6.99955000e-01	-3.27328000e-06
3.13813921e+02	2026-08-11T16:35:47.588621	0.00000000e+00	1	35	-4.53234000e-05	2.29881000e-06	-5.99941000e-01	-2.27362000e-06
3.13859556e+02	2026-08-11T16:35:47.622406	0.00000000e+00	1	35	-4.40359000e-05	1.50090000e-06	-4.99936000e-01	-1.45435000e-06
3.13920369e+02	2026-08-11T16:35:47.685227	0.00000000e+00	1	35	-4.23431000e-05	8.22933000e-07	-3.99929000e-01	-8.37294000e-07
3.14020457e+02	2026-08-11T16:35:47.781116	0.00000000e+00	1	35	-4.49657000e-05	4.07040000e-07	-2.99919000e-01	-3.96329000e-07
3.14069677e+02	2026-08-11T16:35:47.844294	0.00000000e+00	1	35	-4.43220000e-05	1.59741000e-07	-1.99910000e-01	-1.50391000e-07
3.14134853e+02	2026-08-11T16:35:47.908628	0.00000000e+00	1	35	-4.37498000e-05	3.33791000e-08	-9.99043000e-02	-3.16623000e-08
3.14325417e+02	2026-08-11T16:35:48.099642	0.00000000e+00	1	35	-3.96252000e-05	6.67262000e-10	5.63383000e-05	-2.09022000e-10
3.19562659e+02	2026-08-11T16:35:53.330453	0.00000000e+00	1	36	-1.94311000e-05	-4.33560000e-08	4.88997000e-05	5.78850000e-08
3.19613137e+02	2026-08-11T16:35:53.384281	0.00000000e+00	1	36	-3.78609000e-05	4.96045000e-05	-9.98992000e-02	-4.96879000e-05
3.19795236e+02	2026-08-11T16:35:53.569080	0.00000000e+00	1	36	-3.33071000e-05	1.09662000e-04	-1.99908000e-01	-1.09647000e-04
3.19907465e+02	2026-08-11T16:35:53.680760	0.00000000e+00	1	36	-3.31879000e-05	1.82013000e-04	-2.99921000e-01	-1.82001000e-04
3.19954489e+02	2026-08-11T16:35:53.729314	0.00000000e+00	1	36	-3.35693000e-05	2.63832000e-04	-3.99931000e-01	-2.63461000e-04
3.20018182e+02	2026-08-11T16:35:53.792658	0.00000000e+00	1	36	-3.56436000e-05	3.36270000e-04	-4.99932000e-01	-3.34333000e-04
3.20073024e+02	2026-08-11T16:35:53.842268	0.00000000e+00	1	36	-3.68834000e-05	4.17746000e-04	-5.99940000e-01	-4.12984000e-04
3.20148654e+02	2026-08-11T16:35:53.919426	0.00000000e+00	1	36	-3.90530000e-05	4.66423000e-04	-6.99951000e-01	-4.68960000e-04
3.20194038e+02	2026-08-11T16:35:53.966862	0.00000000e+00	1	36	-3.68357000e-05	5.66045000e-04	-7.99978000e-01	-1.71429000e-04
3.20257944e+02	2026-08-11T16:35:54.030475	0.00000000e+00	1	36	-3.64780000e-05	4.49649000e-05	-8.99961000e-01	-3.96308000e-05
3.20362198e+02	2026-08-11T16:35:54.136232	0.00000000e+00	1	36	-3.63588000e-05	4.09540000e-05	-9.99971000e-01	-3.80125000e-05
3.20415633e+02	2026-08-11T16:35:54.190134	0.00000000e+00	1	36	-3.29733000e-05	1.26524000e-05	-1.09997000e+00	-1.20321000e-05
3.20482191e+02	2026-08-11T16:35:54.253939	0.00000000e+00	1	36	-3.23772000e-05	1.35313000e-05	-1.19997000e+00	-1.37804000e-05
3.20554818e+02	2026-08-11T16:35:54.327693	0.00000000e+00	1	36	-3.33309000e-05	1.49123000e-05	-1.29997000e+00	-1.50143000e-05
3.20604236e+02	2026-08-11T16:35:54.375000	0.00000000e+00	1	36	-3.34263000e-05	1.86271000e-05	-1.39996000e+00	-1.94911000e-05
3.20654082e+02	2026-08-11T16:35:54.428309	0.00000000e+00	1	36	-3.45945000e-05	2.22391000e-05	-1.49996000e+00	-2.22202000e-05
3.20719586e+02	2026-08-11T16:35:54.491731	0.00000000e+00	1	36	-3.41415000e-05	2.42915000e-05	-1.59995000e+00	-2.27403000e-05
3.20783455e+02	2026-08-11T16:35:54.555406	0.00000000e+00	1	36	-3.57628000e-05	2.61725000e-05	-1.69995000e+00	-2.65781000e-05
3.20845991e+02	2026-08-11T16:35:54.618349	0.00000000e+00	1	36	-3.50475000e-05	3.03393000e-05	-1.79994000e+00	-3.00337000e-05
3.20891155e+02	2026-08-11T16:35:54.660761	0.00000000e+00	1	36	-3.63350000e-05	2.41838000e-05	-1.89994000e+00	-2.21586000e-05
3.20947854e+02	2026-08-11T16:35:54.714029	0.00000000e+00	1	36	-3.43323000e-05	2.50873000e-05	-1.99993000e+00	-2.53543000e-05
3.21000102e+02	2026-08-11T16:35:54.772137	0.00000000e+00	1	36	-3.60966000e-05	2.96434000e-05	-2.09898000e+00	-2.99169000e-05
3.21051151e+02	2026-08-11T16:35:54.825315	0.00000000e+00	1	36	-3.67165000e-05	3.48072000e-05	-2.19912000e+00	-3.56420000e-05
3.21114992e+02	2026-08-11T16:35:54.888936	0.00000000e+00	1	36	-3.74317000e-05	3.86840000e-05	-2.29896000e+00	-4.00859000e-05
3.21169396e+02	2026-08-11T16:35:54.939144	0.00000000e+00	1	36	-3.80516000e-05	4.46678000e-05	-2.39912000e+00	-4.52567000e-05
3.21235342e+02	2026-08-11T16:35:55.000220	0.00000000e+00	1	36	-3.72887000e-05	5.20157000e-05	-2.49923000e+00	-5.11734000e-05
3.21288984e+02	2026-08-11T16:35:55.063563	0.00000000e+00	1	36	-3.74079000e-05	5.75222000e-05	-2.59912000e+00	-6.02316000e-05
3.21355856e+02	2026-08-11T16:35:55.127640	0.00000000e+00	1	36	-3.81708000e-05	6.45381000e-05	-2.69918000e+00	-6.54644000e-05
3.21407543e+02	2026-08-11T16:35:55.177363	0.00000000e+00	1	36	-3.88622000e-05	7.11143000e-05	-2.79905000e+00	-7.08745000e-05
3.21469517e+02	2026-08-11T16:35:55.239461	0.00000000e+00	1	36	-3.89814000e-05	7.76264000e-05	-2.89923000e+00	-7.80588000e-05
3.21529034e+02	2026-08-11T16:35:55.303404	0.00000000e+00	1	36	-3.63112000e-05	8.64362000e-05	-2.99903000e+00	-8.63636000e-05
3.21594504e+02	2026-08-11T16:35:55.367555	0.00000000e+00	1	36	-3.97444000e-05	9.53769000e-05	-3.09916000e+00	-9.86500000e-05
3.21664901e+02	2026-08-11T16:35:55.430757	0.00000000e+00	1	36	-3.98159000e-05	1.04661000e-04	-3.19939000e+00	-1.06885000e-04
3.21751887e+02	2026-08-11T16:35:55.525896	0.00000000e+00	1	36	-3.82662000e-05	1.14310000e-04	-3.29914000e+00	-1.15268000e-04
3.21815335e+02	2026-08-11T16:35:55.589759	0.00000000e+00	1	36	-3.95298000e-05	1.23190000e-04	-3.39931000e+00	-1.20620000e-04
3.21863320e+02	2026-08-11T16:35:55.637670	0.00000000e+00	1	36	-4.15802000e-05	1.30917000e-04	-3.49919000e+00	-1.30661000e-04
3.21908882e+02	2026-08-11T16:35:55.680124	0.00000000e+00	1	36	-4.18663000e-05	1.29403000e-04	-3.49914000e+00	-1.32029000e-04
3.21958904e+02	2026-08-11T16:35:55.733015	0.00000000e+00	1	36	-4.03881000e-05	1.23598000e-04	-3.39931000e+00	-1.21408000e-04
3.22003623e+02	2026-08-11T16:35:55.775645	0.00000000e+00	1	36	-3.98636000e-05	1.13836000e-04	-3.29912000e+00	-1.10918000e-04
3.22055816e+02	2026-08-11T16:35:55.828844	0.00000000e+00	1	36	-3.98636000e-05	1.02869000e-04	-3.19935000e+00	-1.03536000e-04
3.22111149e+02	2026-08-11T16:35:55.876281	0.00000000e+00	1	36	-4.12464000e-05	9.29183000e-05	-3.09911000e+00	-9.41978000e-05
3.22197464e+02	2026-08-11T16:35:55.972076	0.00000000e+00	1	36	-4.04119000e-05	8.67418000e-05	-2.99898000e+00	-8.70419000e-05
3.22243482e+02	2026-08-11T16:35:56.013606	0.00000000e+00	1	36	-4.06742000e-05	8.06585000e-05	-2.89916000e+00	-8.04560000e-05
3.22292165e+02	2026-08-11T16:35:56.066807	0.00000000e+00	1	36	-4.06265000e-05	7.37515000e-05	-2.79900000e+00	-7.37904000e-05
3.22356721e+02	2026-08-11T16:35:56.130780	0.00000000e+00	1	36	-4.11749000e-05	6.74841000e-05	-2.69916000e+00	-6.72904000e-05
3.22418497e+02	2026-08-11T16:35:56.181192	0.00000000e+00	1	36	-4.00305000e-05	6.23343000e-05	-2.59905000e+00	-6.26386000e-05
3.22475862e+02	2026-08-11T16:35:56.242179	0.00000000e+00	1	36	-4.19855000e-05	5.73120000e-05	-2.49918000e+00	-5.71992000e-05
3.22529040e+02	2026-08-11T16:35:56.294080	0.00000000e+00	1	36	-4.33207000e-05	5.24647000e-05	-2.39908000e+00	-5.27786000e-05
3.22574031e+02	2026-08-11T16:35:56.347655	0.00000000e+00	1	36	-4.37975000e-05	4.87462000e-05	-2.29894000e+00	-4.85328000e-05
3.22625870e+02	2026-08-11T16:35:56.400398	0.00000000e+00	1	36	-4.21524000e-05	4.38248000e-05	-2.19915000e+00	-4.37689000e-05
3.22682474e+02	2026-08-11T16:35:56.448338	0.00000000e+00	1	36	-4.34637000e-05	3.96365000e-05	-2.09899000e+00	-3.95742000e-05
3.22738318e+02	2026-08-11T16:35:56.512418	0.00000000e+00	1	36	-4.27246000e-05	3.55471000e-05	-1.99992000e+00	-3.55528000e-05
3.22803043e+02	2026-08-11T16:35:56.576598	0.00000000e+00	1	36	-4.13895000e-05	3.20190000e-05	-1.89994000e+00	-3.20421000e-05
3.22849546e+02	2026-08-11T16:35:56.624312	0.00000000e+00	1	36	-4.10795000e-05	2.87480000e-05	-1.79994000e+00	-2.86864000e-05
3.22894156e+02	2026-08-11T16:35:56.666320	0.00000000e+00	1	36	-4.00543000e-05	2.52026000e-05	-1.69995000e+00	-2.55077000e-05
3.22958762e+02	2026-08-11T16:35:56.720264	0.00000000e+00	1	36	-4.15087000e-05	2.25849000e-05	-1.59996000e+00	-2.25340000e-05
3.23007637e+02	2026-08-11T16:35:56.778695	0.00000000e+00	1	36	-4.13895000e-05	1.95946000e-05	-1.49996000e+00	-1.95882000e-05
3.23057487e+02	2026-08-11T16:35:56.832081	0.00000000e+00	1	36	-3.87430000e-05	1.70731000e-05	-1.39996000e+00	-1.70142000e-05
3.23116108e+02	2026-08-11T16:35:56.890614	0.00000000e+00	1	36	-3.64304000e-05	1.45490000e-05	-1.29997000e+00	-1.45238000e-05
3.23172961e+02	2026-08-11T16:35:56.943458	0.00000000e+00	1	36	-3.50952000e-05	1.21739000e-05	-1.19997000e+00	-1.21022000e-05
3.23242745e+02	2026-08-11T16:35:57.017843	0.00000000e+00	1	36	-4.09365000e-05	9.81976000e-06	-1.09997000e+00	-9.64216000e-06
3.23360589e+02	2026-08-11T16:35:57.134739	0.00000000e+00	1	36	-4.54426000e-05	7.78393000e-06	-9.99969000e-01	-7.74183000e-06
3.23426202e+02	2026-08-11T16:35:57.198172	0.00000000e+00	1	36	-4.45366000e-05	6.08868000e-06	-8.99960000e-01	-6.02842000e-06
3.23496987e+02	2026-08-11T16:35:57.262028	0.00000000e+00	1	36	-4.25816000e-05	4.61682000e-06	-7.99960000e-01	-4.60997000e-06
3.23551059e+02	2026-08-11T16:35:57.325886	0.00000000e+00	1	36	-4.11749000e-05	3.42653000e-06	-6.99951000e-01	-3.37558000e-06
3.23599497e+02	2026-08-11T16:35:57.373626	0.00000000e+00	1	36	-3.91245000e-05	2.36865000e-06	-5.99942000e-01	-2.30134000e-06
3.23646889e+02	2026-08-11T16:35:57.422064	0.00000000e+00	1	36	-4.04835000e-05	1.52983000e-06	-4.99934000e-01	-1.49051000e-06
3.23692132e+02	2026-08-11T16:35:57.463325	0.00000000e+00	1	36	-3.79324000e-05	8.53283000e-07	-3.99930000e-01	-8.44259000e-07
3.23777749e+02	2026-08-11T16:35:57.548477	0.00000000e+00	1	36	-3.85046000e-05	4.23491000e-07	-2.99919000e-01	-4.20801000e-07
3.23839481e+02	2026-08-11T16:35:57.613289	0.00000000e+00	1	36	-3.66688000e-05	1.66179000e-07	-1.99913000e-01	-1.58856000e-07
3.23884495e+02	2026-08-11T16:35:57.644435	0.00000000e+00	1	36	-4.16517000e-05	3.75421000e-08	-9.99101000e-02	-3.65162000e-08
3.24061246e+02	2026-08-11T16:35:57.835895	0.00000000e+00	1	36	-3.25441000e-05	6.41872000e-09	5.21660000e-05	-4.22645000e-10
3.29164308e+02	2026-08-11T16:36:02.928198	0.00000000e+00	1	37	-2.34842000e-05	-1.54838000e-08	5.93662000e-05	2.41506000e-08
3.29216925e+02	2026-08-11T16:36:02.991601	0.00000000e+00	1	37	-4.11272000e-05	1.85687000e-05	-9.98893000e-02	-1.88781000e-05
3.29409015e+02	2026-08-11T16:36:03.183657	0.00000000e+00	1	37	-3.55482000e-05	4.17740000e-05	-1.99901000e-01	-4.16893000e-05
3.29457716e+02	2026-08-11T16:36:03.231260	0.00000000e+00	1	37	-3.61681000e-05	7.27854000e-05	-2.99912000e-01	-7.29463000e-05
3.29521248e+02	2026-08-11T16:36:03.295040	0.00000000e+00	1	37	-3.67165000e-05	1.14219000e-04	-3.99931000e-01	-1.12745000e-04
3.29607555e+02	2026-08-11T16:36:03.380415	0.00000000e+00	1	37	-3.90530000e-05	1.23563000e-04	-4.99934000e-01	-1.21709000e-04
3.29669193e+02	2026-08-11T16:36:03.439320	0.00000000e+00	1	37	-3.62873000e-05	1.20744000e-04	-5.99936000e-01	-7.27424000e-05
3.29737158e+02	2026-08-11T16:36:03.502836	0.00000000e+00	1	37	-4.02927000e-05	5.26507000e-05	-6.99944000e-01	-4.69927000e-05
3.29827417e+02	2026-08-11T16:36:03.598820	0.00000000e+00	1	37	-3.73840000e-05	3.49975000e-05	-7.99956000e-01	-3.15190000e-05
3.29891978e+02	2026-08-11T16:36:03.662375	0.00000000e+00	1	37	-3.58105000e-05	2.64967000e-05	-8.99957000e-01	-2.55920000e-05
3.29951553e+02	2026-08-11T16:36:03.725641	0.00000000e+00	1	37	-3.47137000e-05	1.88827000e-05	-9.99964000e-01	-1.82719000e-05
3.29999228e+02	2026-08-11T16:36:03.773530	0.00000000e+00	1	37	-3.35693000e-05	2.09087000e-05	-1.09997000e+00	-1.78906000e-05
3.30046227e+02	2026-08-11T16:36:03.820985	0.00000000e+00	1	37	-3.45469000e-05	1.77795000e-05	-1.19997000e+00	-1.79547000e-05
3.30094802e+02	2026-08-11T16:36:03.869114	0.00000000e+00	1	37	-3.67403000e-05	1.98042000e-05	-1.29997000e+00	-1.94352000e-05
3.30154726e+02	2026-08-11T16:36:03.927774	0.00000000e+00	1	37	-3.45945000e-05	1.78038000e-05	-1.39996000e+00	-1.83381000e-05
3.30208174e+02	2026-08-11T16:36:03.980996	0.00000000e+00	1	37	-3.31402000e-05	1.97375000e-05	-1.49996000e+00	-1.81240000e-05
3.30252179e+02	2026-08-11T16:36:04.023862	0.00000000e+00	1	37	-3.45945000e-05	2.20077000e-05	-1.59996000e+00	-2.26171000e-05
3.30312824e+02	2026-08-11T16:36:04.076745	0.00000000e+00	1	37	-3.66449000e-05	2.57405000e-05	-1.69995000e+00	-3.14793000e-05
3.30375655e+02	2026-08-11T16:36:04.150765	0.00000000e+00	1	37	-3.67165000e-05	3.91060000e-05	-1.79994000e+00	-3.63477000e-05
3.30442155e+02	2026-08-11T16:36:04.204430	0.00000000e+00	1	37	-3.72648000e-05	3.91137000e-05	-1.89994000e+00	-3.82827000e-05
3.30494173e+02	2026-08-11T16:36:04.268047	0.00000000e+00	1	37	-3.65019000e-05	4.66427000e-05	-1.99993000e+00	-4.69892000e-05
3.30563702e+02	2026-08-11T16:36:04.331644	0.00000000e+00	1	37	-3.79562000e-05	3.10643000e-05	-2.09898000e+00	-3.15996000e-05
3.30624688e+02	2026-08-11T16:36:04.396127	0.00000000e+00	1	37	-3.86477000e-05	3.63731000e-05	-2.19911000e+00	-3.63109000e-05
3.30669621e+02	2026-08-11T16:36:04.444016	0.00000000e+00	1	37	-3.92199000e-05	4.04052000e-05	-2.29893000e+00	-4.00121000e-05
3.30717741e+02	2026-08-11T16:36:04.491946	0.00000000e+00	1	37	-3.94821000e-05	4.59576000e-05	-2.39907000e+00	-4.61377000e-05
3.30765869e+02	2026-08-11T16:36:04.540148	0.00000000e+00	1	37	-4.09365000e-05	5.15749000e-05	-2.49918000e+00	-5.10622000e-05
3.30809890e+02	2026-08-11T16:36:04.582193	0.00000000e+00	1	37	-4.13656000e-05	5.89098000e-05	-2.59903000e+00	-5.92826000e-05
3.30868484e+02	2026-08-11T16:36:04.635696	0.00000000e+00	1	37	-3.99590000e-05	5.88355000e-05	-2.69913000e+00	-5.95791000e-05
3.30932005e+02	2026-08-11T16:36:04.699397	0.00000000e+00	1	37	-4.16279000e-05	6.78128000e-05	-2.79901000e+00	-6.84052000e-05
3.30988840e+02	2026-08-11T16:36:04.763814	0.00000000e+00	1	37	-4.07934000e-05	7.54113000e-05	-2.89918000e+00	-7.55374000e-05
3.31052832e+02	2026-08-11T16:36:04.826953	0.00000000e+00	1	37	-3.91006000e-05	8.27918000e-05	-2.99897000e+00	-8.11247000e-05
3.31103572e+02	2026-08-11T16:36:04.875033	0.00000000e+00	1	37	-4.28438000e-05	8.25166000e-05	-2.99899000e+00	-8.18747000e-05
3.31154248e+02	2026-08-11T16:36:04.922754	0.00000000e+00	1	37	-4.17709000e-05	7.62695000e-05	-2.89918000e+00	-7.73470000e-05
3.31202819e+02	2026-08-11T16:36:04.972960	0.00000000e+00	1	37	-4.06265000e-05	7.37311000e-05	-2.79902000e+00	-7.22358000e-05
3.31259072e+02	2026-08-11T16:36:05.032699	0.00000000e+00	1	37	-4.27485000e-05	6.70524000e-05	-2.69915000e+00	-6.75039000e-05
3.31305623e+02	2026-08-11T16:36:05.080356	0.00000000e+00	1	37	-4.38213000e-05	6.12954000e-05	-2.59908000e+00	-6.03531000e-05
3.31369500e+02	2026-08-11T16:36:05.143864	0.00000000e+00	1	37	-4.42028000e-05	5.57002000e-05	-2.49920000e+00	-5.64882000e-05
3.31438520e+02	2026-08-11T16:36:05.208179	0.00000000e+00	1	37	-4.40598000e-05	5.27081000e-05	-2.39904000e+00	-5.31222000e-05
3.31488785e+02	2026-08-11T16:36:05.263825	0.00000000e+00	1	37	-4.17709000e-05	4.82854000e-05	-2.29893000e+00	-4.77455000e-05
3.31532898e+02	2026-08-11T16:36:05.303975	0.00000000e+00	1	37	-4.03643000e-05	4.34262000e-05	-2.19912000e+00	-4.32997000e-05
3.31590731e+02	2026-08-11T16:36:05.361262	0.00000000e+00	1	37	-4.19855000e-05	3.98737000e-05	-2.09898000e+00	-3.96000000e-05
3.31644530e+02	2026-08-11T16:36:05.415357	0.00000000e+00	1	37	-4.39167000e-05	3.51991000e-05	-1.99993000e+00	-3.52190000e-05
3.31689073e+02	2026-08-11T16:36:05.463613	0.00000000e+00	1	37	-4.32730000e-05	3.18235000e-05	-1.89994000e+00	-3.22115000e-05
3.31736610e+02	2026-08-11T16:36:05.511384	0.00000000e+00	1	37	-4.56333000e-05	2.89699000e-05	-1.79994000e+00	-2.88657000e-05
3.31785101e+02	2026-08-11T16:36:05.559262	0.00000000e+00	1	37	-4.51803000e-05	2.53633000e-05	-1.69995000e+00	-2.51605000e-05
3.31847738e+02	2026-08-11T16:36:05.621789	0.00000000e+00	1	37	-4.46558000e-05	2.23216000e-05	-1.59995000e+00	-2.23307000e-05
3.31916024e+02	2026-08-11T16:36:05.689264	0.00000000e+00	1	37	-4.43459000e-05	1.95308000e-05	-1.49996000e+00	-1.95198000e-05
3.31975741e+02	2026-08-11T16:36:05.749134	0.00000000e+00	1	37	-4.03643000e-05	1.67464000e-05	-1.39996000e+00	-1.70027000e-05
3.32020771e+02	2026-08-11T16:36:05.780944	0.00000000e+00	1	37	-3.70502000e-05	1.45621000e-05	-1.29998000e+00	-1.45140000e-05
3.32080685e+02	2026-08-11T16:36:05.844789	0.00000000e+00	1	37	-3.70264000e-05	1.20855000e-05	-1.19997000e+00	-1.19948000e-05
3.32139921e+02	2026-08-11T16:36:05.909437	0.00000000e+00	1	37	-4.44889000e-05	9.93520000e-06	-1.09997000e+00	-9.77882000e-06
3.32263367e+02	2026-08-11T16:36:06.035872	0.00000000e+00	1	37	-4.68493000e-05	7.84295000e-06	-9.99970000e-01	-7.85523000e-06
3.32357509e+02	2026-08-11T16:36:06.130948	0.00000000e+00	1	37	-4.66585000e-05	6.21050000e-06	-8.99963000e-01	-6.29338000e-06
3.32401652e+02	2026-08-11T16:36:06.162884	0.00000000e+00	1	37	-4.43935000e-05	4.78690000e-06	-7.99960000e-01	-4.73516000e-06
3.32455704e+02	2026-08-11T16:36:06.226038	0.00000000e+00	1	37	-4.36544000e-05	3.54458000e-06	-6.99952000e-01	-3.54960000e-06
3.32526549e+02	2026-08-11T16:36:06.293564	0.00000000e+00	1	37	-4.28677000e-05	2.59170000e-06	-5.99941000e-01	-2.59030000e-06
3.32585545e+02	2026-08-11T16:36:06.353029	0.00000000e+00	1	37	-4.10318000e-05	1.69322000e-06	-4.99934000e-01	-1.66219000e-06
3.32662495e+02	2026-08-11T16:36:06.436157	0.00000000e+00	1	37	-3.89576000e-05	9.85878000e-07	-3.99930000e-01	-9.58407000e-07
3.32765499e+02	2026-08-11T16:36:06.529548	0.00000000e+00	1	37	-3.83139000e-05	4.93969000e-07	-2.99915000e-01	-4.86658000e-07
3.32817515e+02	2026-08-11T16:36:06.591649	0.00000000e+00	1	37	-3.90530000e-05	2.06635000e-07	-1.99910000e-01	-2.03013000e-07
3.32884351e+02	2026-08-11T16:36:06.655050	0.00000000e+00	1	37	-4.27246000e-05	5.29729000e-08	-9.99011000e-02	-4.98568000e-08
3.33073181e+02	2026-08-11T16:36:06.847037	0.00000000e+00	1	37	-3.65496000e-05	1.12633000e-09	5.32389000e-05	-2.29764000e-10
3.38306574e+02	2026-08-11T16:36:12.081600	0.00000000e+00	1	38	-1.97411000e-05	-2.09557000e-08	5.08547000e-05	3.23076000e-08
3.38355908e+02	2026-08-11T16:36:12.129193	0.00000000e+00	1	38	-3.52621000e-05	2.82108000e-05	-9.99028000e-02	-2.83611000e-05
3.38523331e+02	2026-08-11T16:36:12.289247	0.00000000e+00	1	38	-2.95877000e-05	6.69010000e-05	-1.99912000e-01	-6.68663000e-05
3.38579092e+02	2026-08-11T16:36:12.352838	0.00000000e+00	1	38	-3.15189000e-05	1.22065000e-04	-2.99928000e-01	-1.21961000e-04
3.38675773e+02	2026-08-11T16:36:12.450288	0.00000000e+00	1	38	-3.28779000e-05	2.00959000e-04	-3.99942000e-01	-2.04390000e-04
3.38738534e+02	2026-08-11T16:36:12.511133	0.00000000e+00	1	38	-3.57151000e-05	3.03444000e-04	-4.99942000e-01	-3.04287000e-04
3.38784321e+02	2026-08-11T16:36:12.558718	0.00000000e+00	1	38	-3.29971000e-05	3.98779000e-04	-5.99942000e-01	-3.96609000e-04
3.38830088e+02	2026-08-11T16:36:12.601653	0.00000000e+00	1	38	-3.69787000e-05	4.91020000e-04	-6.99956000e-01	-4.84402000e-04
3.38879824e+02	2026-08-11T16:36:12.654446	0.00000000e+00	1	38	-3.58582000e-05	4.97475000e-04	-7.99965000e-01	-4.78321000e-04
3.38943910e+02	2026-08-11T16:36:12.718305	0.00000000e+00	1	38	-3.59774000e-05	4.69309000e-04	-8.99972000e-01	-4.26810000e-04
3.39007564e+02	2026-08-11T16:36:12.782108	0.00000000e+00	1	38	-3.44992000e-05	3.92112000e-04	-9.99975000e-01	-3.69695000e-04
3.39072580e+02	2026-08-11T16:36:12.845648	0.00000000e+00	1	38	-3.61681000e-05	3.51896000e-04	-1.09998000e+00	-3.15034000e-04
3.39116683e+02	2026-08-11T16:36:12.877277	0.00000000e+00	1	38	-3.16143000e-05	2.39546000e-04	-1.19997000e+00	-1.31585000e-04
3.39166289e+02	2026-08-11T16:36:12.941129	0.00000000e+00	1	38	-3.57866000e-05	1.23833000e-04	-1.29998000e+00	-1.10246000e-04
3.39211544e+02	2026-08-11T16:36:12.972051	0.00000000e+00	1	38	-3.48568000e-05	1.04374000e-04	-1.39996000e+00	-8.91705000e-05
3.39292893e+02	2026-08-11T16:36:13.067191	0.00000000e+00	1	38	-3.59297000e-05	7.98977000e-05	-1.49996000e+00	-7.67647000e-05
3.39357729e+02	2026-08-11T16:36:13.132921	0.00000000e+00	1	38	-3.69787000e-05	8.60120000e-05	-1.59995000e+00	-6.93927000e-05
3.39414598e+02	2026-08-11T16:36:13.189720	0.00000000e+00	1	38	-3.78609000e-05	6.92444000e-05	-1.69995000e+00	-6.25728000e-05
3.39470103e+02	2026-08-11T16:36:13.245029	0.00000000e+00	1	38	-3.76225000e-05	3.40422000e-05	-1.79994000e+00	-3.28210000e-05
3.39515673e+02	2026-08-11T16:36:13.290395	0.00000000e+00	1	38	-3.98159000e-05	3.85595000e-05	-1.89995000e+00	-4.06257000e-05
3.39564510e+02	2026-08-11T16:36:13.338851	0.00000000e+00	1	38	-3.91722000e-05	3.94467000e-05	-1.99993000e+00	-3.64088000e-05
3.39609808e+02	2026-08-11T16:36:13.384516	0.00000000e+00	1	38	-3.84331000e-05	4.16303000e-05	-2.09904000e+00	-4.03962000e-05
3.39663081e+02	2026-08-11T16:36:13.437697	0.00000000e+00	1	38	-3.69310000e-05	4.20857000e-05	-2.19917000e+00	-4.35058000e-05
3.39707237e+02	2026-08-11T16:36:13.481494	0.00000000e+00	1	38	-3.62635000e-05	4.67556000e-05	-2.29902000e+00	-4.76286000e-05
3.39756008e+02	2026-08-11T16:36:13.530780	0.00000000e+00	1	38	-3.97682000e-05	5.19487000e-05	-2.39917000e+00	-5.12763000e-05
3.39801898e+02	2026-08-11T16:36:13.576774	0.00000000e+00	1	38	-4.21524000e-05	5.97544000e-05	-2.49928000e+00	-5.85041000e-05
3.39848798e+02	2026-08-11T16:36:13.623888	0.00000000e+00	1	38	-3.98874000e-05	6.35602000e-05	-2.59914000e+00	-6.37717000e-05
3.39892928e+02	2026-08-11T16:36:13.667147	0.00000000e+00	1	38	-4.13418000e-05	6.86730000e-05	-2.69924000e+00	-6.88497000e-05
3.39943060e+02	2026-08-11T16:36:13.718155	0.00000000e+00	1	38	-4.29153000e-05	7.75351000e-05	-2.79904000e+00	-7.81539000e-05
3.39987835e+02	2026-08-11T16:36:13.762348	0.00000000e+00	1	38	-4.46320000e-05	8.26765000e-05	-2.89925000e+00	-7.85076000e-05
3.40040262e+02	2026-08-11T16:36:13.814796	0.00000000e+00	1	38	-4.38213000e-05	8.97488000e-05	-2.99905000e+00	-8.95893000e-05
3.40083246e+02	2026-08-11T16:36:13.858314	0.00000000e+00	1	38	-4.38452000e-05	8.93919000e-05	-2.99908000e+00	-9.03628000e-05
3.40129525e+02	2026-08-11T16:36:13.904316	0.00000000e+00	1	38	-4.31061000e-05	8.32627000e-05	-2.89924000e+00	-8.26147000e-05
3.40174514e+02	2026-08-11T16:36:13.948736	0.00000000e+00	1	38	-4.30107000e-05	7.56695000e-05	-2.79911000e+00	-7.51772000e-05
3.40233521e+02	2026-08-11T16:36:14.008144	0.00000000e+00	1	38	-4.37975000e-05	6.86377000e-05	-2.69926000e+00	-6.89945000e-05
3.40296723e+02	2026-08-11T16:36:14.067822	0.00000000e+00	1	38	-4.28200000e-05	6.30836000e-05	-2.59917000e+00	-6.31752000e-05
3.40340655e+02	2026-08-11T16:36:14.115811	0.00000000e+00	1	38	-4.28915000e-05	5.74322000e-05	-2.49932000e+00	-5.84236000e-05
3.40401066e+02	2026-08-11T16:36:14.174436	0.00000000e+00	1	38	-4.32968000e-05	5.24013000e-05	-2.39919000e+00	-5.27486000e-05
3.40452460e+02	2026-08-11T16:36:14.226040	0.00000000e+00	1	38	-4.40121000e-05	4.93034000e-05	-2.29902000e+00	-4.93022000e-05
3.40497813e+02	2026-08-11T16:36:14.268325	0.00000000e+00	1	38	-4.23670000e-05	4.42647000e-05	-2.19920000e+00	-4.41590000e-05
3.40553726e+02	2026-08-11T16:36:14.321297	0.00000000e+00	1	38	-4.31061000e-05	4.00915000e-05	-2.09907000e+00	-4.01021000e-05
3.40609851e+02	2026-08-11T16:36:14.384521	0.00000000e+00	1	38	-4.32014000e-05	3.64868000e-05	-1.99994000e+00	-3.66450000e-05
3.40664744e+02	2026-08-11T16:36:14.432206	0.00000000e+00	1	38	-4.41790000e-05	3.26835000e-05	-1.89995000e+00	-3.28037000e-05
3.40710971e+02	2026-08-11T16:36:14.483564	0.00000000e+00	1	38	-4.42743000e-05	2.94671000e-05	-1.79995000e+00	-2.93573000e-05
3.40768612e+02	2026-08-11T16:36:14.542752	0.00000000e+00	1	38	-4.21762000e-05	2.59194000e-05	-1.69996000e+00	-2.59046000e-05
3.40831794e+02	2026-08-11T16:36:14.606413	0.00000000e+00	1	38	-4.15325000e-05	2.27557000e-05	-1.59996000e+00	-2.26687000e-05
3.40886421e+02	2026-08-11T16:36:14.657504	0.00000000e+00	1	38	-4.20332000e-05	1.95052000e-05	-1.49997000e+00	-1.94208000e-05
3.40931658e+02	2026-08-11T16:36:14.704457	0.00000000e+00	1	38	-4.27246000e-05	1.67594000e-05	-1.39997000e+00	-1.68190000e-05
3.40991915e+02	2026-08-11T16:36:14.765472	0.00000000e+00	1	38	-3.71456000e-05	1.41593000e-05	-1.29998000e+00	-1.40117000e-05
3.41063072e+02	2026-08-11T16:36:14.829094	0.00000000e+00	1	38	-3.79562000e-05	1.16221000e-05	-1.19997000e+00	-1.16476000e-05
3.41126674e+02	2026-08-11T16:36:14.899617	0.00000000e+00	1	38	-4.69923000e-05	9.80359000e-06	-1.09998000e+00	-9.61552000e-06
3.41214023e+02	2026-08-11T16:36:14.988605	0.00000000e+00	1	38	-4.83274000e-05	7.76856000e-06	-9.99975000e-01	-7.66233000e-06
3.41277752e+02	2026-08-11T16:36:15.052023	0.00000000e+00	1	38	-4.93765000e-05	6.01576000e-06	-8.99962000e-01	-6.00314000e-06
3.41343109e+02	2026-08-11T16:36:15.115633	0.00000000e+00	1	38	-4.72784000e-05	4.55309000e-06	-7.99968000e-01	-4.49918000e-06
3.41388059e+02	2026-08-11T16:36:15.162860	0.00000000e+00	1	38	-4.65631000e-05	3.35269000e-06	-6.99955000e-01	-3.31988000e-06
3.41435974e+02	2026-08-11T16:36:15.210757	0.00000000e+00	1	38	-4.46796000e-05	2.35009000e-06	-5.99945000e-01	-2.33662000e-06
3.41503224e+02	2026-08-11T16:36:15.273792	0.00000000e+00	1	38	-4.57287000e-05	1.51942000e-06	-4.99940000e-01	-1.50641000e-06
3.41566288e+02	2026-08-11T16:36:15.337788	0.00000000e+00	1	38	-4.67300000e-05	9.11777000e-07	-3.99933000e-01	-8.99996000e-07
3.41658407e+02	2026-08-11T16:36:15.432436	0.00000000e+00	1	38	-4.40121000e-05	4.63709000e-07	-2.99922000e-01	-4.60731000e-07
3.41706897e+02	2026-08-11T16:36:15.480372	0.00000000e+00	1	38	-4.37021000e-05	1.94823000e-07	-1.99914000e-01	-1.90797000e-07
3.41764362e+02	2026-08-11T16:36:15.527822	0.00000000e+00	1	38	-4.54426000e-05	4.91861000e-08	-9.99059000e-02	-4.62123000e-08
3.41940804e+02	2026-08-11T16:36:15.713935	0.00000000e+00	1	38	-3.83854000e-05	8.93205000e-09	5.45740000e-05	-4.74668000e-10
3.47022840e+02	2026-08-11T16:36:20.793253	0.00000000e+00	1	39	-3.33071000e-05	-4.56183000e-08	5.76258000e-05	4.70428000e-08
3.47083049e+02	2026-08-11T16:36:20.856352	0.00000000e+00	1	39	-4.61102000e-05	3.74330000e-05	-9.98942000e-02	-3.74444000e-05
3.47250096e+02	2026-08-11T16:36:21.014796	0.00000000e+00	1	39	-4.06504000e-05	8.68109000e-05	-1.99906000e-01	-8.67982000e-05
3.47305387e+02	2026-08-11T16:36:21.078766	0.00000000e+00	1	39	-4.34876000e-05	1.52454000e-04	-2.99919000e-01	-1.52571000e-04
3.47400052e+02	2026-08-11T16:36:21.174180	0.00000000e+00	1	39	-4.11987000e-05	2.30021000e-04	-3.99930000e-01	-2.29890000e-04
3.47469530e+02	2026-08-11T16:36:21.237632	0.00000000e+00	1	39	-4.42743000e-05	2.97594000e-04	-4.99933000e-01	-2.97674000e-04
3.47526979e+02	2026-08-11T16:36:21.301822	0.00000000e+00	1	39	-4.56333000e-05	3.79131000e-04	-5.99936000e-01	-3.79168000e-04
3.47571427e+02	2026-08-11T16:36:21.333134	0.00000000e+00	1	39	-4.64678000e-05	4.59025000e-04	-6.99948000e-01	-4.59249000e-04
3.47624715e+02	2026-08-11T16:36:21.397664	0.00000000e+00	1	39	-5.01156000e-05	5.57113000e-04	-7.99958000e-01	-5.59213000e-04
3.47703188e+02	2026-08-11T16:36:21.476519	0.00000000e+00	1	39	-4.85182000e-05	5.53281000e-04	-8.99959000e-01	-5.28046000e-04
3.47753017e+02	2026-08-11T16:36:21.524433	0.00000000e+00	1	39	-3.97921000e-05	3.82872000e-04	-9.99968000e-01	-3.00882000e-04
3.47797229e+02	2026-08-11T16:36:21.572243	0.00000000e+00	1	39	-4.38213000e-05	2.22510000e-04	-1.09997000e+00	-1.77341000e-04
3.47877467e+02	2026-08-11T16:36:21.651659	0.00000000e+00	1	39	-4.30584000e-05	1.29495000e-04	-1.19997000e+00	-1.16276000e-04
3.47925514e+02	2026-08-11T16:36:21.699904	0.00000000e+00	1	39	-4.44889000e-05	1.17507000e-04	-1.29997000e+00	-1.07998000e-04
3.47970736e+02	2026-08-11T16:36:21.731876	0.00000000e+00	1	39	-4.49896000e-05	1.10613000e-04	-1.39996000e+00	-1.02595000e-04
3.48037269e+02	2026-08-11T16:36:21.811687	0.00000000e+00	1	39	-4.39882000e-05	1.55204000e-05	-1.49996000e+00	-1.54929000e-05
3.48154582e+02	2026-08-11T16:36:21.924141	0.00000000e+00	1	39	-4.29630000e-05	1.75758000e-05	-1.59995000e+00	-1.76828000e-05
3.48200892e+02	2026-08-11T16:36:21.971885	0.00000000e+00	1	39	-4.19378000e-05	1.99540000e-05	-1.69994000e+00	-1.97259000e-05
3.48269690e+02	2026-08-11T16:36:22.035603	0.00000000e+00	1	39	-4.27246000e-05	2.20701000e-05	-1.79994000e+00	-2.23783000e-05
3.48326050e+02	2026-08-11T16:36:22.099040	0.00000000e+00	1	39	-4.30346000e-05	2.53645000e-05	-1.89993000e+00	-2.54250000e-05
3.48372599e+02	2026-08-11T16:36:22.146691	0.00000000e+00	1	39	-4.02451000e-05	2.79984000e-05	-1.99992000e+00	-2.82422000e-05
3.48436622e+02	2026-08-11T16:36:22.209990	0.00000000e+00	1	39	-4.03166000e-05	3.11233000e-05	-2.09894000e+00	-3.12880000e-05
3.48498854e+02	2026-08-11T16:36:22.273161	0.00000000e+00	1	39	-4.22001000e-05	3.63048000e-05	-2.19912000e+00	-3.62378000e-05
3.48543625e+02	2026-08-11T16:36:22.304919	0.00000000e+00	1	39	-4.36544000e-05	3.98011000e-05	-2.29891000e+00	-4.12429000e-05
3.48594620e+02	2026-08-11T16:36:22.367945	0.00000000e+00	1	39	-4.28200000e-05	4.89368000e-05	-2.39905000e+00	-4.73942000e-05
3.48669395e+02	2026-08-11T16:36:22.432417	0.00000000e+00	1	39	-4.17948000e-05	5.35618000e-05	-2.49918000e+00	-5.53226000e-05
3.48731275e+02	2026-08-11T16:36:22.495181	0.00000000e+00	1	39	-4.06742000e-05	6.20751000e-05	-2.59905000e+00	-6.49080000e-05
3.48784248e+02	2026-08-11T16:36:22.559048	0.00000000e+00	1	39	-4.02212000e-05	7.25487000e-05	-2.69914000e+00	-7.13153000e-05
3.48839712e+02	2026-08-11T16:36:22.606963	0.00000000e+00	1	39	-4.01974000e-05	8.67671000e-05	-2.79899000e+00	-8.51578000e-05
3.48917346e+02	2026-08-11T16:36:22.691950	0.00000000e+00	1	39	-4.01020000e-05	9.27528000e-05	-2.89915000e+00	-9.03395000e-05
3.48990625e+02	2026-08-11T16:36:22.763652	0.00000000e+00	1	39	-4.29392000e-05	8.52698000e-05	-2.99894000e+00	-8.58531000e-05
3.49033701e+02	2026-08-11T16:36:22.797586	0.00000000e+00	1	39	-4.15087000e-05	8.49581000e-05	-2.99895000e+00	-8.36295000e-05
3.49081371e+02	2026-08-11T16:36:22.856295	0.00000000e+00	1	39	-4.42505000e-05	7.59705000e-05	-2.89914000e+00	-7.72005000e-05
3.49148390e+02	2026-08-11T16:36:22.922907	0.00000000e+00	1	39	-4.38452000e-05	7.27778000e-05	-2.79902000e+00	-7.20463000e-05
3.49192644e+02	2026-08-11T16:36:22.956623	0.00000000e+00	1	39	-4.49419000e-05	6.62120000e-05	-2.69917000e+00	-6.65441000e-05
3.49237060e+02	2026-08-11T16:36:23.008525	0.00000000e+00	1	39	-4.54426000e-05	6.03316000e-05	-2.59907000e+00	-5.98714000e-05
3.49294278e+02	2026-08-11T16:36:23.068476	0.00000000e+00	1	39	-4.49181000e-05	5.44453000e-05	-2.49921000e+00	-5.39098000e-05
3.49362347e+02	2026-08-11T16:36:23.132248	0.00000000e+00	1	39	-4.25339000e-05	5.02096000e-05	-2.39907000e+00	-5.01122000e-05
3.49411820e+02	2026-08-11T16:36:23.182200	0.00000000e+00	1	39	-4.35352000e-05	4.60106000e-05	-2.29891000e+00	-4.63117000e-05
3.49483271e+02	2026-08-11T16:36:23.245272	0.00000000e+00	1	39	-4.51803000e-05	4.22685000e-05	-2.19910000e+00	-4.25641000e-05
3.49532766e+02	2026-08-11T16:36:23.306861	0.00000000e+00	1	39	-4.44889000e-05	3.88649000e-05	-2.09896000e+00	-3.91778000e-05
3.49601507e+02	2026-08-11T16:36:23.370697	0.00000000e+00	1	39	-4.33207000e-05	3.50772000e-05	-1.99992000e+00	-3.52681000e-05
3.49675356e+02	2026-08-11T16:36:23.449558	0.00000000e+00	1	39	-4.51803000e-05	3.19195000e-05	-1.89993000e+00	-3.19712000e-05
3.49726861e+02	2026-08-11T16:36:23.497127	0.00000000e+00	1	39	-4.51803000e-05	2.84439000e-05	-1.79993000e+00	-2.82881000e-05
3.49772631e+02	2026-08-11T16:36:23.546958	0.00000000e+00	1	39	-4.52757000e-05	2.50335000e-05	-1.69994000e+00	-2.50036000e-05
3.49834270e+02	2026-08-11T16:36:23.608913	0.00000000e+00	1	39	-4.47750000e-05	2.22629000e-05	-1.59995000e+00	-2.21883000e-05
3.49882308e+02	2026-08-11T16:36:23.657127	0.00000000e+00	1	39	-4.27961000e-05	1.90857000e-05	-1.49996000e+00	-1.89987000e-05
3.49931009e+02	2026-08-11T16:36:23.705586	0.00000000e+00	1	39	-4.18186000e-05	1.64043000e-05	-1.39996000e+00	-1.63033000e-05
3.49993967e+02	2026-08-11T16:36:23.768597	0.00000000e+00	1	39	-4.07934000e-05	1.38503000e-05	-1.29997000e+00	-1.39872000e-05
3.50064999e+02	2026-08-11T16:36:23.831940	0.00000000e+00	1	39	-3.97682000e-05	1.19142000e-05	-1.19997000e+00	-1.19537000e-05
3.50124952e+02	2026-08-11T16:36:23.895154	0.00000000e+00	1	39	-4.76360000e-05	9.85503000e-06	-1.09997000e+00	-9.69363000e-06
3.50215389e+02	2026-08-11T16:36:23.989619	0.00000000e+00	1	39	-4.71354000e-05	7.80215000e-06	-9.99968000e-01	-7.79055000e-06
3.50280191e+02	2026-08-11T16:36:24.053421	0.00000000e+00	1	39	-4.59671000e-05	6.17550000e-06	-8.99962000e-01	-6.15634000e-06
3.50343908e+02	2026-08-11T16:36:24.117343	0.00000000e+00	1	39	-4.59433000e-05	4.76734000e-06	-7.99960000e-01	-4.75159000e-06
3.50400439e+02	2026-08-11T16:36:24.164635	0.00000000e+00	1	39	-4.47035000e-05	3.52687000e-06	-6.99947000e-01	-3.49863000e-06
3.50445853e+02	2026-08-11T16:36:24.212505	0.00000000e+00	1	39	-4.46320000e-05	2.48739000e-06	-5.99939000e-01	-2.48174000e-06
3.50495530e+02	2026-08-11T16:36:24.270370	0.00000000e+00	1	39	-4.43220000e-05	1.65787000e-06	-4.99935000e-01	-1.61520000e-06
3.50549864e+02	2026-08-11T16:36:24.324175	0.00000000e+00	1	39	-4.36068000e-05	9.47381000e-07	-3.99928000e-01	-9.23194000e-07
3.50645378e+02	2026-08-11T16:36:24.419089	0.00000000e+00	1	39	-4.19378000e-05	4.84784000e-07	-2.99916000e-01	-4.65797000e-07
3.50708921e+02	2026-08-11T16:36:24.482926	0.00000000e+00	1	39	-4.45127000e-05	1.88483000e-07	-1.99908000e-01	-1.88320000e-07
3.50774925e+02	2026-08-11T16:36:24.548209	0.00000000e+00	1	39	-4.50373000e-05	4.91279000e-08	-9.99011000e-02	-4.78685000e-08
3.50964498e+02	2026-08-11T16:36:24.738515	0.00000000e+00	1	39	-3.80039000e-05	1.00219000e-09	5.28336000e-05	-2.22945000e-10
3.56197936e+02	2026-08-11T16:36:29.972359	0.00000000e+00	1	40	-2.70844000e-05	-6.71561000e-08	5.38111000e-05	6.72543000e-08
3.56245808e+02	2026-08-11T16:36:30.020002	0.00000000e+00	1	40	-3.83854000e-05	5.33275000e-05	-9.98962000e-02	-5.32880000e-05
3.56412921e+02	2026-08-11T16:36:30.179405	0.00000000e+00	1	40	-3.44992000e-05	1.16280000e-04	-1.99905000e-01	-1.16291000e-04
3.56499883e+02	2026-08-11T16:36:30.274347	0.00000000e+00	1	40	-3.67403000e-05	1.91708000e-04	-2.99914000e-01	-1.89292000e-04
3.56564617e+02	2026-08-11T16:36:30.337930	0.00000000e+00	1	40	-3.63112000e-05	2.57966000e-04	-3.99935000e-01	-2.57636000e-04
3.56633479e+02	2026-08-11T16:36:30.401807	0.00000000e+00	1	40	-3.25680000e-05	3.47183000e-06	-4.99937000e-01	-3.12100000e-06
3.56719800e+02	2026-08-11T16:36:30.483048	0.00000000e+00	1	40	-3.96967000e-05	4.57734000e-06	-5.99941000e-01	-4.72262000e-06
3.56771485e+02	2026-08-11T16:36:30.545315	0.00000000e+00	1	40	-3.89338000e-05	5.46471000e-06	-6.99953000e-01	-5.10217000e-06
3.56815938e+02	2026-08-11T16:36:30.576823	0.00000000e+00	1	40	-4.25339000e-05	7.53604000e-06	-7.99967000e-01	-7.16525000e-06
3.56869887e+02	2026-08-11T16:36:30.640459	0.00000000e+00	1	40	-4.15325000e-05	9.20666000e-06	-8.99973000e-01	-8.02334000e-06
3.56943782e+02	2026-08-11T16:36:30.705084	0.00000000e+00	1	40	-4.83751000e-05	8.59755000e-06	-9.99970000e-01	-8.80178000e-06
3.56994655e+02	2026-08-11T16:36:30.768320	0.00000000e+00	1	40	-5.50032000e-05	1.70977000e-05	-1.09997000e+00	-1.88483000e-05
3.57091106e+02	2026-08-11T16:36:30.863762	0.00000000e+00	1	40	-4.21524000e-05	2.46258000e-05	-1.19997000e+00	-2.27177000e-05
3.57135448e+02	2026-08-11T16:36:30.895282	0.00000000e+00	1	40	-4.01497000e-05	2.43191000e-05	-1.29997000e+00	-2.30315000e-05
3.57182067e+02	2026-08-11T16:36:30.953424	0.00000000e+00	1	40	-4.21286000e-05	2.57674000e-05	-1.39996000e+00	-2.60732000e-05
3.57237563e+02	2026-08-11T16:36:31.007136	0.00000000e+00	1	40	-3.96967000e-05	2.33882000e-05	-1.49996000e+00	-2.62924000e-05
3.57296455e+02	2026-08-11T16:36:31.070912	0.00000000e+00	1	40	-4.17709000e-05	2.67560000e-05	-1.59996000e+00	-2.73859000e-05
3.57342768e+02	2026-08-11T16:36:31.102941	0.00000000e+00	1	40	-4.22955000e-05	3.09245000e-05	-1.69995000e+00	-2.46546000e-05
3.57394596e+02	2026-08-11T16:36:31.166381	0.00000000e+00	1	40	-4.22001000e-05	2.63986000e-05	-1.79994000e+00	-2.63553000e-05
3.57439129e+02	2026-08-11T16:36:31.214098	0.00000000e+00	1	40	-4.08649000e-05	2.98536000e-05	-1.89994000e+00	-3.04602000e-05
3.57500978e+02	2026-08-11T16:36:31.262057	0.00000000e+00	1	40	-4.19855000e-05	3.15132000e-05	-1.99993000e+00	-3.15125000e-05
3.57558806e+02	2026-08-11T16:36:31.325859	0.00000000e+00	1	40	-4.21047000e-05	3.56688000e-05	-2.09898000e+00	-4.57662000e-05
3.57625727e+02	2026-08-11T16:36:31.399386	0.00000000e+00	1	40	-4.35591000e-05	5.16461000e-05	-2.19913000e+00	-4.86423000e-05
3.57677710e+02	2026-08-11T16:36:31.452022	0.00000000e+00	1	40	-4.34160000e-05	5.52956000e-05	-2.29894000e+00	-5.56838000e-05
3.57736528e+02	2026-08-11T16:36:31.510243	0.00000000e+00	1	40	-4.63963000e-05	5.92930000e-05	-2.39909000e+00	-5.99758000e-05
3.57797113e+02	2026-08-11T16:36:31.564235	0.00000000e+00	1	40	-4.27485000e-05	6.43302000e-05	-2.49920000e+00	-6.58211000e-05
3.57852129e+02	2026-08-11T16:36:31.626798	0.00000000e+00	1	40	-4.38690000e-05	6.55176000e-05	-2.59907000e+00	-6.45910000e-05
3.57915842e+02	2026-08-11T16:36:31.690194	0.00000000e+00	1	40	-4.40121000e-05	6.00180000e-05	-2.69916000e+00	-6.19218000e-05
3.57982072e+02	2026-08-11T16:36:31.754342	0.00000000e+00	1	40	-4.51803000e-05	6.78035000e-05	-2.79903000e+00	-6.80906000e-05
3.58026192e+02	2026-08-11T16:36:31.786369	0.00000000e+00	1	40	-4.29153000e-05	7.40943000e-05	-2.89917000e+00	-7.71162000e-05
3.58079465e+02	2026-08-11T16:36:31.849820	0.00000000e+00	1	40	-4.52280000e-05	8.41449000e-05	-2.99900000e+00	-8.41299000e-05
3.58128493e+02	2026-08-11T16:36:31.897509	0.00000000e+00	1	40	-4.45843000e-05	8.42089000e-05	-2.99901000e+00	-8.41599000e-05
3.58207795e+02	2026-08-11T16:36:31.977610	0.00000000e+00	1	40	-4.34160000e-05	7.95914000e-05	-2.89921000e+00	-8.03997000e-05
3.58252944e+02	2026-08-11T16:36:32.025795	0.00000000e+00	1	40	-4.51803000e-05	7.45029000e-05	-2.79904000e+00	-7.43042000e-05
3.58318832e+02	2026-08-11T16:36:32.089998	0.00000000e+00	1	40	-4.47750000e-05	6.73371000e-05	-2.69919000e+00	-6.73336000e-05
3.58380501e+02	2026-08-11T16:36:32.154221	0.00000000e+00	1	40	-4.53472000e-05	6.28333000e-05	-2.59911000e+00	-6.29339000e-05
3.58425486e+02	2026-08-11T16:36:32.185266	0.00000000e+00	1	40	-4.41551000e-05	5.81805000e-05	-2.49923000e+00	-5.83341000e-05
3.58477457e+02	2026-08-11T16:36:32.249346	0.00000000e+00	1	40	-4.41551000e-05	5.29780000e-05	-2.39911000e+00	-5.30818000e-05
3.58547499e+02	2026-08-11T16:36:32.313267	0.00000000e+00	1	40	-4.30346000e-05	4.75042000e-05	-2.29895000e+00	-4.80089000e-05
3.58603646e+02	2026-08-11T16:36:32.377260	0.00000000e+00	1	40	-4.27723000e-05	4.38188000e-05	-2.19916000e+00	-4.41691000e-05
3.58647726e+02	2026-08-11T16:36:32.409105	0.00000000e+00	1	40	-4.31061000e-05	4.01438000e-05	-2.09896000e+00	-3.98908000e-05
3.58708516e+02	2026-08-11T16:36:32.473081	0.00000000e+00	1	40	-4.40598000e-05	3.58339000e-05	-1.99993000e+00	-3.57229000e-05
3.58763899e+02	2026-08-11T16:36:32.536958	0.00000000e+00	1	40	-4.57525000e-05	3.22143000e-05	-1.89994000e+00	-3.21687000e-05
3.58810003e+02	2026-08-11T16:36:32.584585	0.00000000e+00	1	40	-4.32253000e-05	2.87458000e-05	-1.79994000e+00	-2.88036000e-05
3.58874392e+02	2026-08-11T16:36:32.648246	0.00000000e+00	1	40	-4.25816000e-05	2.55200000e-05	-1.69995000e+00	-2.54618000e-05
3.58922656e+02	2026-08-11T16:36:32.696235	0.00000000e+00	1	40	-4.55141000e-05	2.24916000e-05	-1.59995000e+00	-2.24736000e-05
3.58967072e+02	2026-08-11T16:36:32.739067	0.00000000e+00	1	40	-4.56572000e-05	1.93679000e-05	-1.49996000e+00	-1.93918000e-05
3.59017774e+02	2026-08-11T16:36:32.791917	0.00000000e+00	1	40	-4.76599000e-05	1.68332000e-05	-1.39996000e+00	-1.67095000e-05
3.59062771e+02	2026-08-11T16:36:32.823940	0.00000000e+00	1	40	-4.44889000e-05	1.40751000e-05	-1.29997000e+00	-1.40653000e-05
3.59111375e+02	2026-08-11T16:36:32.872148	0.00000000e+00	1	40	-4.50850000e-05	1.18567000e-05	-1.19997000e+00	-1.18080000e-05
3.59163009e+02	2026-08-11T16:36:32.935525	0.00000000e+00	1	40	-5.23090000e-05	9.99541000e-06	-1.09997000e+00	-9.76076000e-06
3.59257577e+02	2026-08-11T16:36:33.031637	0.00000000e+00	1	40	-5.26190000e-05	8.06513000e-06	-9.99966000e-01	-8.11368000e-06
3.59319484e+02	2026-08-11T16:36:33.092618	0.00000000e+00	1	40	-5.09024000e-05	6.33805000e-06	-8.99958000e-01	-6.36130000e-06
3.59370823e+02	2026-08-11T16:36:33.142759	0.00000000e+00	1	40	-4.90904000e-05	4.91966000e-06	-7.99957000e-01	-4.82795000e-06
3.59432133e+02	2026-08-11T16:36:33.206281	0.00000000e+00	1	40	-5.21183000e-05	3.53058000e-06	-6.99946000e-01	-3.52066000e-06
3.59495902e+02	2026-08-11T16:36:33.270296	0.00000000e+00	1	40	-5.07593000e-05	2.42160000e-06	-5.99936000e-01	-2.42063000e-06
3.59541541e+02	2026-08-11T16:36:33.302127	0.00000000e+00	1	40	-4.82321000e-05	1.60175000e-06	-4.99931000e-01	-1.59490000e-06
3.59591346e+02	2026-08-11T16:36:33.364888	0.00000000e+00	1	40	-4.94242000e-05	9.35275000e-07	-3.99928000e-01	-9.05044000e-07
3.59686406e+02	2026-08-11T16:36:33.460686	0.00000000e+00	1	40	-4.56572000e-05	4.62637000e-07	-2.99915000e-01	-4.59261000e-07
3.59748936e+02	2026-08-11T16:36:33.519069	0.00000000e+00	1	40	-4.61340000e-05	1.86595000e-07	-1.99909000e-01	-1.82926000e-07
3.59806678e+02	2026-08-11T16:36:33.572000	0.00000000e+00	1	40	-4.95434000e-05	7.65181000e-08	-9.99042000e-02	-5.73116000e-08
3.59982363e+02	2026-08-11T16:36:33.745954	0.00000000e+00	1	40	-3.50714000e-05	1.12338000e-08	5.08785000e-05	-5.06926000e-10
3.65253475e+02	2026-08-11T16:36:39.023924	0.00000000e+00	1	41	-3.54528000e-05	-6.88775000e-09	5.17607000e-05	7.22550000e-09
3.65315032e+02	2026-08-11T16:36:39.087289	0.00000000e+00	1	41	-4.54903000e-05	5.46571000e-06	-9.99052000e-02	-5.46472000e-06
3.65442803e+02	2026-08-11T16:36:39.214664	0.00000000e+00	1	41	-4.48227000e-05	1.23046000e-05	-1.99906000e-01	-1.23276000e-05
3.65536781e+02	2026-08-11T16:36:39.310876	0.00000000e+00	1	41	-3.96013000e-05	2.26964000e-05	-2.99920000e-01	-2.27231000e-05
3.65584139e+02	2026-08-11T16:36:39.358857	0.00000000e+00	1	41	-4.15564000e-05	4.17736000e-05	-3.99934000e-01	-4.19196000e-05
3.65648722e+02	2026-08-11T16:36:39.422430	0.00000000e+00	1	41	-3.94583000e-05	8.04168000e-05	-4.99935000e-01	-8.04890000e-05
3.65695700e+02	2026-08-11T16:36:39.470398	0.00000000e+00	1	41	-4.06742000e-05	1.34966000e-04	-5.99944000e-01	-1.33867000e-04
3.65791582e+02	2026-08-11T16:36:39.565638	0.00000000e+00	1	41	-3.85046000e-05	1.89218000e-04	-6.99960000e-01	-1.84047000e-04
3.65854414e+02	2026-08-11T16:36:39.628870	0.00000000e+00	1	41	-3.38316000e-05	1.77207000e-04	-7.99966000e-01	-1.64788000e-04
3.65924307e+02	2026-08-11T16:36:39.692329	0.00000000e+00	1	41	-3.70502000e-05	1.26178000e-04	-8.99966000e-01	-1.15582000e-04
3.65987781e+02	2026-08-11T16:36:39.755463	0.00000000e+00	1	41	-3.86477000e-05	8.75855000e-05	-9.99973000e-01	-8.24981000e-05
3.66072462e+02	2026-08-11T16:36:39.841009	0.00000000e+00	1	41	-3.68595000e-05	8.21617000e-05	-1.09998000e+00	-7.36355000e-05
3.66132075e+02	2026-08-11T16:36:39.898274	0.00000000e+00	1	41	-3.89814000e-05	6.12006000e-05	-1.19997000e+00	-5.53222000e-05
3.66200881e+02	2026-08-11T16:36:39.972793	0.00000000e+00	1	41	-3.98874000e-05	4.65767000e-05	-1.29997000e+00	-4.65264000e-05
3.66252466e+02	2026-08-11T16:36:40.026584	0.00000000e+00	1	41	-3.90291000e-05	4.63639000e-05	-1.39997000e+00	-4.24097000e-05
3.66320161e+02	2026-08-11T16:36:40.089812	0.00000000e+00	1	41	-3.69787000e-05	4.41453000e-05	-1.49997000e+00	-4.16672000e-05
3.66380204e+02	2026-08-11T16:36:40.153586	0.00000000e+00	1	41	-3.66688000e-05	3.72028000e-05	-1.59996000e+00	-3.90568000e-05
3.66426146e+02	2026-08-11T16:36:40.201016	0.00000000e+00	1	41	-3.66211000e-05	2.47414000e-05	-1.69995000e+00	-2.38689000e-05
3.66478802e+02	2026-08-11T16:36:40.248921	0.00000000e+00	1	41	-3.47614000e-05	2.86893000e-05	-1.79994000e+00	-2.84044000e-05
3.66538870e+02	2026-08-11T16:36:40.313060	0.00000000e+00	1	41	-3.69310000e-05	3.09331000e-05	-1.89994000e+00	-3.01257000e-05
3.66582753e+02	2026-08-11T16:36:40.344699	0.00000000e+00	1	41	-3.56197000e-05	3.33506000e-05	-1.99993000e+00	-3.19915000e-05
3.66639689e+02	2026-08-11T16:36:40.409739	0.00000000e+00	1	41	-3.35217000e-05	3.49538000e-05	-2.09899000e+00	-3.51220000e-05
3.66710787e+02	2026-08-11T16:36:40.471406	0.00000000e+00	1	41	-3.50237000e-05	3.85923000e-05	-2.19918000e+00	-3.98273000e-05
3.66764935e+02	2026-08-11T16:36:40.534768	0.00000000e+00	1	41	-3.59058000e-05	4.41252000e-05	-2.29901000e+00	-4.41714000e-05
3.66810181e+02	2026-08-11T16:36:40.582145	0.00000000e+00	1	41	-3.57389000e-05	4.47291000e-05	-2.39914000e+00	-4.48983000e-05
3.66871274e+02	2026-08-11T16:36:40.646324	0.00000000e+00	1	41	-3.64065000e-05	4.87322000e-05	-2.49926000e+00	-4.93294000e-05
3.66919402e+02	2026-08-11T16:36:40.693172	0.00000000e+00	1	41	-3.55244000e-05	5.58748000e-05	-2.59915000e+00	-5.74291000e-05
3.66965586e+02	2026-08-11T16:36:40.725150	0.00000000e+00	1	41	-3.56674000e-05	6.15808000e-05	-2.69919000e+00	-6.17650000e-05
3.67026915e+02	2026-08-11T16:36:40.788662	0.00000000e+00	1	41	-3.52859000e-05	6.81565000e-05	-2.79906000e+00	-6.93774000e-05
3.67080496e+02	2026-08-11T16:36:40.855233	0.00000000e+00	1	41	-3.66449000e-05	7.60903000e-05	-2.89921000e+00	-7.63834000e-05
3.67124444e+02	2026-08-11T16:36:40.883946	0.00000000e+00	1	41	-3.78847000e-05	8.48936000e-05	-2.99901000e+00	-8.55414000e-05
3.67188920e+02	2026-08-11T16:36:40.963212	0.00000000e+00	1	41	-3.78132000e-05	8.75218000e-05	-2.99902000e+00	-8.91227000e-05
3.67242285e+02	2026-08-11T16:36:41.010897	0.00000000e+00	1	41	-3.67165000e-05	8.10817000e-05	-2.89923000e+00	-7.93113000e-05
3.67300147e+02	2026-08-11T16:36:41.074150	0.00000000e+00	1	41	-3.75986000e-05	7.18582000e-05	-2.79907000e+00	-7.30712000e-05
3.67367854e+02	2026-08-11T16:36:41.137826	0.00000000e+00	1	41	-3.71456000e-05	6.54000000e-05	-2.69918000e+00	-6.51959000e-05
3.67428153e+02	2026-08-11T16:36:41.201484	0.00000000e+00	1	41	-3.62396000e-05	6.02578000e-05	-2.59912000e+00	-6.08439000e-05
3.67473100e+02	2026-08-11T16:36:41.233377	0.00000000e+00	1	41	-3.73125000e-05	5.52798000e-05	-2.49926000e+00	-5.56341000e-05
3.67537790e+02	2026-08-11T16:36:41.312199	0.00000000e+00	1	41	-4.09126000e-05	5.11316000e-05	-2.39913000e+00	-5.03646000e-05
3.67587489e+02	2026-08-11T16:36:41.361836	0.00000000e+00	1	41	-4.22955000e-05	4.57409000e-05	-2.29899000e+00	-4.59839000e-05
3.67631998e+02	2026-08-11T16:36:41.391698	0.00000000e+00	1	41	-4.37021000e-05	4.17494000e-05	-2.19915000e+00	-4.15975000e-05
3.67684713e+02	2026-08-11T16:36:41.455626	0.00000000e+00	1	41	-4.41074000e-05	3.74213000e-05	-2.09898000e+00	-3.75783000e-05
3.67749780e+02	2026-08-11T16:36:41.518493	0.00000000e+00	1	41	-4.28438000e-05	3.37420000e-05	-1.99993000e+00	-3.36174000e-05
3.67807768e+02	2026-08-11T16:36:41.581610	0.00000000e+00	1	41	-4.11987000e-05	3.03231000e-05	-1.89994000e+00	-3.03886000e-05
3.67852484e+02	2026-08-11T16:36:41.613480	0.00000000e+00	1	41	-4.29869000e-05	2.73756000e-05	-1.79994000e+00	-2.72931000e-05
3.67902551e+02	2026-08-11T16:36:41.676961	0.00000000e+00	1	41	-4.37737000e-05	2.41874000e-05	-1.69995000e+00	-2.43997000e-05
3.67949530e+02	2026-08-11T16:36:41.724151	0.00000000e+00	1	41	-4.36783000e-05	2.15041000e-05	-1.59996000e+00	-2.15655000e-05
3.68013075e+02	2026-08-11T16:36:41.787115	0.00000000e+00	1	41	-4.20332000e-05	1.89402000e-05	-1.49996000e+00	-1.90051000e-05
3.68076876e+02	2026-08-11T16:36:41.850696	0.00000000e+00	1	41	-4.43459000e-05	1.63539000e-05	-1.39997000e+00	-1.63312000e-05
3.68122575e+02	2026-08-11T16:36:41.882180	0.00000000e+00	1	41	-3.95060000e-05	1.37020000e-05	-1.29997000e+00	-1.37380000e-05
3.68173959e+02	2026-08-11T16:36:41.946491	0.00000000e+00	1	41	-3.78847000e-05	1.15640000e-05	-1.19997000e+00	-1.14895000e-05
3.68248496e+02	2026-08-11T16:36:42.010216	0.00000000e+00	1	41	-4.54187000e-05	9.76922000e-06	-1.09998000e+00	-9.46691000e-06
3.68333793e+02	2026-08-11T16:36:42.105742	0.00000000e+00	1	41	-4.80890000e-05	7.66350000e-06	-9.99969000e-01	-7.60658000e-06
3.68395296e+02	2026-08-11T16:36:42.169054	0.00000000e+00	1	41	-4.78983000e-05	5.98641000e-06	-8.99967000e-01	-5.97178000e-06
3.68439409e+02	2026-08-11T16:36:42.200864	0.00000000e+00	1	41	-4.66108000e-05	4.66956000e-06	-7.99959000e-01	-4.63010000e-06
3.68491546e+02	2026-08-11T16:36:42.264457	0.00000000e+00	1	41	-4.66347000e-05	3.42319000e-06	-6.99948000e-01	-3.37168000e-06
3.68536360e+02	2026-08-11T16:36:42.306317	0.00000000e+00	1	41	-4.52042000e-05	2.41242000e-06	-5.99939000e-01	-2.39405000e-06
3.68592762e+02	2026-08-11T16:36:42.359796	0.00000000e+00	1	41	-4.60863000e-05	1.56328000e-06	-4.99932000e-01	-1.53998000e-06
3.68647375e+02	2026-08-11T16:36:42.417734	0.00000000e+00	1	41	-4.72069000e-05	9.10026000e-07	-3.99926000e-01	-8.78868000e-07
3.68736368e+02	2026-08-11T16:36:42.502760	0.00000000e+00	1	41	-4.57525000e-05	4.63135000e-07	-2.99911000e-01	-4.49790000e-07
3.68798487e+02	2026-08-11T16:36:42.566136	0.00000000e+00	1	41	-4.42505000e-05	2.66580000e-07	-1.99907000e-01	-2.16602000e-07
3.68852677e+02	2026-08-11T16:36:42.624557	0.00000000e+00	1	41	-4.29630000e-05	4.67676000e-08	-9.98978000e-02	-5.42970000e-08
3.69030895e+02	2026-08-11T16:36:42.805056	0.00000000e+00	1	41	-3.40223000e-05	6.69262000e-09	5.69105000e-05	-4.14920000e-10
3.74379005e+02	2026-08-11T16:36:48.142878	0.00000000e+00	1	42	-3.15189000e-05	-1.38786000e-09	4.88281000e-05	2.84479000e-09
3.74434241e+02	2026-08-11T16:36:48.206768	0.00000000e+00	1	42	-3.89576000e-05	2.08460000e-06	-9.99038000e-02	-2.09205000e-06
3.74561613e+02	2026-08-11T16:36:48.334259	0.00000000e+00	1	42	-4.13418000e-05	4.57079000e-06	-1.99908000e-01	-4.57237000e-06
3.74624471e+02	2026-08-11T16:36:48.398135	0.00000000e+00	1	42	-4.42028000e-05	7.94396000e-06	-2.99920000e-01	-7.95741000e-06
3.74685839e+02	2026-08-11T16:36:48.459843	0.00000000e+00	1	42	-4.00305000e-05	1.29665000e-05	-3.99929000e-01	-1.19940000e-05
3.74770727e+02	2026-08-11T16:36:48.544555	0.00000000e+00	1	42	-3.58105000e-05	4.55355000e-05	-4.99931000e-01	-2.66583000e-05
3.74831547e+02	2026-08-11T16:36:48.602851	0.00000000e+00	1	42	-3.84092000e-05	2.68057000e-05	-5.99939000e-01	-2.59707000e-05
3.74881307e+02	2026-08-11T16:36:48.650727	0.00000000e+00	1	42	-3.76940000e-05	5.30773000e-05	-6.99948000e-01	-5.55604000e-05
3.74939311e+02	2026-08-11T16:36:48.713411	0.00000000e+00	1	42	-3.90768000e-05	8.65116000e-05	-7.99953000e-01	-8.43915000e-05
3.75000033e+02	2026-08-11T16:36:48.769570	0.00000000e+00	1	42	-3.80754000e-05	8.69195000e-05	-8.99955000e-01	-7.66066000e-05
3.75050342e+02	2026-08-11T16:36:48.825037	0.00000000e+00	1	42	-3.88622000e-05	6.12001000e-05	-9.99966000e-01	-5.68292000e-05
3.75102413e+02	2026-08-11T16:36:48.872740	0.00000000e+00	1	42	-3.70264000e-05	4.80860000e-05	-1.09997000e+00	-3.99904000e-05
3.75162402e+02	2026-08-11T16:36:48.936475	0.00000000e+00	1	42	-3.81231000e-05	3.72851000e-05	-1.19997000e+00	-3.11614000e-05
3.75207337e+02	2026-08-11T16:36:48.980669	0.00000000e+00	1	42	-3.73125000e-05	3.32296000e-05	-1.29997000e+00	-3.10435000e-05
3.75259334e+02	2026-08-11T16:36:49.031952	0.00000000e+00	1	42	-4.00543000e-05	3.08018000e-05	-1.39996000e+00	-2.99587000e-05
3.75322482e+02	2026-08-11T16:36:49.096429	0.00000000e+00	1	42	-3.99113000e-05	3.04514000e-05	-1.49996000e+00	-2.90867000e-05
3.75366906e+02	2026-08-11T16:36:49.127679	0.00000000e+00	1	42	-4.14133000e-05	3.48499000e-05	-1.59995000e+00	-3.17012000e-05
3.75419178e+02	2026-08-11T16:36:49.191066	0.00000000e+00	1	42	-4.09365000e-05	3.51335000e-05	-1.69994000e+00	-3.18691000e-05
3.75480607e+02	2026-08-11T16:36:49.254752	0.00000000e+00	1	42	-4.00066000e-05	3.14990000e-05	-1.79993000e+00	-3.11782000e-05
3.75526072e+02	2026-08-11T16:36:49.286714	0.00000000e+00	1	42	-3.94344000e-05	2.32301000e-05	-1.89994000e+00	-2.37531000e-05
3.75586042e+02	2026-08-11T16:36:49.359346	0.00000000e+00	1	42	-3.95536000e-05	2.61820000e-05	-1.99993000e+00	-2.74307000e-05
3.75631301e+02	2026-08-11T16:36:49.399377	0.00000000e+00	1	42	-3.73602000e-05	3.07991000e-05	-2.09894000e+00	-3.02234000e-05
3.75686787e+02	2026-08-11T16:36:49.460927	0.00000000e+00	1	42	-3.81708000e-05	3.36649000e-05	-2.19908000e+00	-3.40743000e-05
3.75752489e+02	2026-08-11T16:36:49.524087	0.00000000e+00	1	42	-3.99113000e-05	3.91110000e-05	-2.29891000e+00	-3.83811000e-05
3.75816331e+02	2026-08-11T16:36:49.587625	0.00000000e+00	1	42	-4.21047000e-05	4.28191000e-05	-2.39905000e+00	-4.28576000e-05
3.75881436e+02	2026-08-11T16:36:49.650242	0.00000000e+00	1	42	-4.41074000e-05	4.88741000e-05	-2.49916000e+00	-4.81708000e-05
3.75938982e+02	2026-08-11T16:36:49.713524	0.00000000e+00	1	42	-4.55379000e-05	5.31448000e-05	-2.59905000e+00	-5.23857000e-05
3.76004543e+02	2026-08-11T16:36:49.777347	0.00000000e+00	1	42	-4.64201000e-05	6.30240000e-05	-2.69912000e+00	-6.33585000e-05
3.76066939e+02	2026-08-11T16:36:49.840357	0.00000000e+00	1	42	-4.89473000e-05	6.63088000e-05	-2.79899000e+00	-6.85805000e-05
3.76111137e+02	2026-08-11T16:36:49.874680	0.00000000e+00	1	42	-4.75645000e-05	7.21979000e-05	-2.89916000e+00	-7.36431000e-05
3.76159392e+02	2026-08-11T16:36:49.930600	0.00000000e+00	1	42	-4.57287000e-05	8.11027000e-05	-2.99896000e+00	-8.00727000e-05
3.76202471e+02	2026-08-11T16:36:49.977539	0.00000000e+00	1	42	-4.61340000e-05	7.99135000e-05	-2.99896000e+00	-8.10744000e-05
3.76259953e+02	2026-08-11T16:36:50.030448	0.00000000e+00	1	42	-4.38929000e-05	7.83354000e-05	-2.89914000e+00	-7.74878000e-05
3.76321530e+02	2026-08-11T16:36:50.094145	0.00000000e+00	1	42	-4.56572000e-05	7.01018000e-05	-2.79898000e+00	-6.98059000e-05
3.76371388e+02	2026-08-11T16:36:50.141766	0.00000000e+00	1	42	-4.69208000e-05	6.49811000e-05	-2.69912000e+00	-6.52503000e-05
3.76418097e+02	2026-08-11T16:36:50.189739	0.00000000e+00	1	42	-4.59433000e-05	6.04418000e-05	-2.59901000e+00	-6.05160000e-05
3.76490270e+02	2026-08-11T16:36:50.252854	0.00000000e+00	1	42	-4.78029000e-05	5.48016000e-05	-2.49915000e+00	-5.50331000e-05
3.76552568e+02	2026-08-11T16:36:50.318085	0.00000000e+00	1	42	-4.75407000e-05	5.00341000e-05	-2.39905000e+00	-4.97442000e-05
3.76605377e+02	2026-08-11T16:36:50.379529	0.00000000e+00	1	42	-4.53711000e-05	4.59904000e-05	-2.29889000e+00	-4.60156000e-05
3.76663822e+02	2026-08-11T16:36:50.429173	0.00000000e+00	1	42	-4.65631000e-05	4.17200000e-05	-2.19911000e+00	-4.15008000e-05
3.76717115e+02	2026-08-11T16:36:50.491209	0.00000000e+00	1	42	-4.55379000e-05	3.79833000e-05	-2.09891000e+00	-3.79412000e-05
3.76763973e+02	2026-08-11T16:36:50.539034	0.00000000e+00	1	42	-4.48942000e-05	3.41714000e-05	-1.99992000e+00	-3.41238000e-05
3.76818729e+02	2026-08-11T16:36:50.585475	0.00000000e+00	1	42	-4.59194000e-05	3.08944000e-05	-1.89993000e+00	-3.13243000e-05
3.76875886e+02	2026-08-11T16:36:50.648763	0.00000000e+00	1	42	-4.46796000e-05	2.83174000e-05	-1.79994000e+00	-2.85779000e-05
3.76920190e+02	2026-08-11T16:36:50.680802	0.00000000e+00	1	42	-4.54187000e-05	2.52437000e-05	-1.69994000e+00	-2.51726000e-05
3.76972047e+02	2026-08-11T16:36:50.745253	0.00000000e+00	1	42	-4.51088000e-05	2.21327000e-05	-1.59995000e+00	-2.19852000e-05
3.77017851e+02	2026-08-11T16:36:50.792685	0.00000000e+00	1	42	-4.44889000e-05	1.91691000e-05	-1.49995000e+00	-1.90671000e-05
3.77075287e+02	2026-08-11T16:36:50.840246	0.00000000e+00	1	42	-4.28200000e-05	1.64172000e-05	-1.39996000e+00	-1.65642000e-05
3.77130525e+02	2026-08-11T16:36:50.905172	0.00000000e+00	1	42	-4.04358000e-05	1.38858000e-05	-1.29996000e+00	-1.38958000e-05
3.77175227e+02	2026-08-11T16:36:50.935409	0.00000000e+00	1	42	-4.16756000e-05	1.16109000e-05	-1.19996000e+00	-1.15718000e-05
3.77228726e+02	2026-08-11T16:36:50.998320	0.00000000e+00	1	42	-4.74453000e-05	9.68680000e-06	-1.09996000e+00	-9.29505000e-06
3.77314475e+02	2026-08-11T16:36:51.087956	0.00000000e+00	1	42	-4.63009000e-05	7.49896000e-06	-9.99958000e-01	-7.46345000e-06
3.77378865e+02	2026-08-11T16:36:51.141270	0.00000000e+00	1	42	-4.86374000e-05	5.88170000e-06	-8.99959000e-01	-5.89376000e-06
3.77429420e+02	2026-08-11T16:36:51.204193	0.00000000e+00	1	42	-4.57287000e-05	4.60414000e-06	-7.99955000e-01	-4.57455000e-06
3.77476873e+02	2026-08-11T16:36:51.251533	0.00000000e+00	1	42	-4.61578000e-05	3.36298000e-06	-6.99946000e-01	-3.31971000e-06
3.77547693e+02	2026-08-11T16:36:51.314645	0.00000000e+00	1	42	-4.39405000e-05	2.30363000e-06	-5.99933000e-01	-2.29027000e-06
3.77605482e+02	2026-08-11T16:36:51.377956	0.00000000e+00	1	42	-4.55141000e-05	1.54922000e-06	-4.99928000e-01	-1.52495000e-06
3.77651132e+02	2026-08-11T16:36:51.425273	0.00000000e+00	1	42	-4.58002000e-05	9.48408000e-07	-3.99920000e-01	-9.11458000e-07
3.77742114e+02	2026-08-11T16:36:51.511404	0.00000000e+00	1	42	-4.51088000e-05	4.91300000e-07	-2.99911000e-01	-4.84911000e-07
3.77795537e+02	2026-08-11T16:36:51.569254	0.00000000e+00	1	42	-4.44412000e-05	2.11174000e-07	-1.99904000e-01	-2.09195000e-07
3.77839633e+02	2026-08-11T16:36:51.599902	0.00000000e+00	1	42	-4.69923000e-05	6.30273000e-08	-9.98951000e-02	-5.71083000e-08
3.78015085e+02	2026-08-11T16:36:51.789561	0.00000000e+00	1	42	-3.62635000e-05	9.39815000e-09	5.45502000e-05	-4.97842000e-10
3.83200103e+02	2026-08-11T16:36:56.966494	0.00000000e+00	1	43	-2.74420000e-05	-3.99988000e-08	4.88758000e-05	5.64936000e-08
3.83257423e+02	2026-08-11T16:36:57.030312	0.00000000e+00	1	43	-5.01871000e-05	4.54683000e-05	-9.99011000e-02	-4.55108000e-05
3.83425117e+02	2026-08-11T16:36:57.200068	0.00000000e+00	1	43	-4.38929000e-05	1.01784000e-04	-1.99913000e-01	-1.01802000e-04
3.83511128e+02	2026-08-11T16:36:57.284915	0.00000000e+00	1	43	-4.34876000e-05	1.71549000e-04	-2.99927000e-01	-1.71851000e-04
3.83557163e+02	2026-08-11T16:36:57.317180	0.00000000e+00	1	43	-4.78983000e-05	2.46306000e-04	-3.99941000e-01	-2.42730000e-04
3.83602354e+02	2026-08-11T16:36:57.375413	0.00000000e+00	1	43	-4.76837000e-05	3.22504000e-04	-4.99942000e-01	-3.21678000e-04
3.83653833e+02	2026-08-11T16:36:57.428085	0.00000000e+00	1	43	-4.85897000e-05	4.01580000e-04	-5.99949000e-01	-4.00488000e-04
3.83712883e+02	2026-08-11T16:36:57.475461	0.00000000e+00	1	43	-4.99725000e-05	5.37164000e-04	-6.99958000e-01	-5.38553000e-04
3.83761462e+02	2026-08-11T16:36:57.534279	0.00000000e+00	1	43	-5.09977000e-05	6.35776000e-04	-7.99966000e-01	-6.39452000e-04
3.83816484e+02	2026-08-11T16:36:57.589539	0.00000000e+00	1	43	-5.12362000e-05	7.38536000e-04	-8.99963000e-01	-7.43654000e-04
3.83878228e+02	2026-08-11T16:36:57.652931	0.00000000e+00	1	43	-4.07219000e-05	4.99484000e-04	-9.99977000e-01	-2.86943000e-04
3.83924020e+02	2026-08-11T16:36:57.698749	0.00000000e+00	1	43	-4.66347000e-05	2.45783000e-04	-1.09998000e+00	-2.31222000e-04
3.83976198e+02	2026-08-11T16:36:57.746015	0.00000000e+00	1	43	-4.41074000e-05	2.19268000e-04	-1.19998000e+00	-1.94483000e-04
3.84035334e+02	2026-08-11T16:36:57.809501	0.00000000e+00	1	43	-4.40359000e-05	1.48752000e-04	-1.29998000e+00	-1.44248000e-04
3.84082821e+02	2026-08-11T16:36:57.857907	0.00000000e+00	1	43	-4.41790000e-05	1.43748000e-04	-1.39997000e+00	-1.35964000e-04
3.84171282e+02	2026-08-11T16:36:57.937258	0.00000000e+00	1	43	-4.57525000e-05	7.29009000e-05	-1.49996000e+00	-6.58259000e-05
3.84268503e+02	2026-08-11T16:36:58.033472	0.00000000e+00	1	43	-4.18186000e-05	7.30840000e-05	-1.59996000e+00	-6.30398000e-05
3.84321565e+02	2026-08-11T16:36:58.096146	0.00000000e+00	1	43	-3.98636000e-05	6.58383000e-05	-1.69995000e+00	-6.25509000e-05
3.84370235e+02	2026-08-11T16:36:58.144701	0.00000000e+00	1	43	-3.94583000e-05	6.76632000e-05	-1.79994000e+00	-6.20283000e-05
3.84427645e+02	2026-08-11T16:36:58.192263	0.00000000e+00	1	43	-3.98636000e-05	5.56489000e-05	-1.89994000e+00	-5.32253000e-05
3.84475940e+02	2026-08-11T16:36:58.241862	0.00000000e+00	1	43	-3.76940000e-05	6.31420000e-05	-1.99993000e+00	-6.15478000e-05
3.84523349e+02	2026-08-11T16:36:58.297591	0.00000000e+00	1	43	-4.37021000e-05	2.22047000e-03	-2.09896000e+00	-2.20740000e-03
3.84658149e+02	2026-08-11T16:36:58.429714	0.00000000e+00	1	43	-3.38554000e-05	1.65648000e-03	-2.19926000e+00	-1.04146000e-04
3.84740653e+02	2026-08-11T16:36:58.508849	0.00000000e+00	1	43	-4.23908000e-05	1.46834000e-04	-2.29902000e+00	-1.42457000e-04
3.84805627e+02	2026-08-11T16:36:58.572224	0.00000000e+00	1	43	-3.94821000e-05	1.46742000e-04	-2.39917000e+00	-1.35664000e-04
3.84862780e+02	2026-08-11T16:36:58.635927	0.00000000e+00	1	43	-4.41074000e-05	2.83481000e-03	-2.49921000e+00	-2.83445000e-03
3.84957865e+02	2026-08-11T16:36:58.731564	0.00000000e+00	1	43	-3.84808000e-05	2.89753000e-03	-2.59907000e+00	-3.00818000e-03
3.85002330e+02	2026-08-11T16:36:58.774344	0.00000000e+00	1	43	-3.81947000e-05	3.12456000e-03	-2.69919000e+00	-3.09936000e-03
3.85059281e+02	2026-08-11T16:36:58.827668	0.00000000e+00	1	43	-4.10080000e-05	3.21795000e-03	-2.79898000e+00	-3.22059000e-03
3.85110263e+02	2026-08-11T16:36:58.876944	0.00000000e+00	1	43	-4.08411000e-05	3.33898000e-03	-2.89916000e+00	-3.33394000e-03
3.85170549e+02	2026-08-11T16:36:58.939375	0.00000000e+00	1	43	-3.90768000e-05	3.46533000e-03	-2.99897000e+00	-3.47967000e-03
3.85219938e+02	2026-08-11T16:36:58.987165	0.00000000e+00	1	43	-3.99590000e-05	3.49625000e-03	-2.99894000e+00	-3.50832000e-03
3.85294791e+02	2026-08-11T16:36:59.069658	0.00000000e+00	1	43	-3.90768000e-05	3.39977000e-03	-2.89914000e+00	-3.40296000e-03
3.85340327e+02	2026-08-11T16:36:59.115061	0.00000000e+00	1	43	-4.18186000e-05	3.29174000e-03	-2.79901000e+00	-3.28818000e-03
3.85390781e+02	2026-08-11T16:36:59.163055	0.00000000e+00	1	43	-4.23431000e-05	3.17459000e-03	-2.69914000e+00	-3.17512000e-03
3.85443302e+02	2026-08-11T16:36:59.213343	0.00000000e+00	1	43	-4.25577000e-05	3.06333000e-03	-2.59907000e+00	-3.06442000e-03
3.85505573e+02	2026-08-11T16:36:59.274087	0.00000000e+00	1	43	-4.40359000e-05	2.95088000e-03	-2.49921000e+00	-2.95159000e-03
3.85563295e+02	2026-08-11T16:36:59.337873	0.00000000e+00	1	43	-4.50134000e-05	2.83917000e-03	-2.39907000e+00	-2.84038000e-03
3.85608969e+02	2026-08-11T16:36:59.369507	0.00000000e+00	1	43	-4.44651000e-05	2.72719000e-03	-2.29892000e+00	-2.72889000e-03
3.85653611e+02	2026-08-11T16:36:59.427316	0.00000000e+00	1	43	-4.24385000e-05	2.61636000e-03	-2.19913000e+00	-2.61769000e-03
3.85706502e+02	2026-08-11T16:36:59.480282	0.00000000e+00	1	43	-4.18186000e-05	2.50371000e-03	-2.09894000e+00	-2.50513000e-03
3.85750455e+02	2026-08-11T16:36:59.511908	0.00000000e+00	1	43	-4.31299000e-05	2.39165000e-03	-1.99993000e+00	-2.39299000e-03
3.85803842e+02	2026-08-11T16:36:59.575220	0.00000000e+00	1	43	-4.08411000e-05	2.27806000e-03	-1.89994000e+00	-2.27941000e-03
3.85871749e+02	2026-08-11T16:36:59.639046	0.00000000e+00	1	43	-4.32730000e-05	2.16391000e-03	-1.79994000e+00	-2.16532000e-03
3.85935736e+02	2026-08-11T16:36:59.702174	0.00000000e+00	1	43	-4.29392000e-05	2.04900000e-03	-1.69995000e+00	-2.05038000e-03
3.85984082e+02	2026-08-11T16:36:59.756955	0.00000000e+00	1	43	-4.56333000e-05	1.93349000e-03	-1.59996000e+00	-1.93479000e-03
3.86028713e+02	2026-08-11T16:36:59.803773	0.00000000e+00	1	43	-4.54903000e-05	1.81730000e-03	-1.49996000e+00	-1.81857000e-03
3.86088909e+02	2026-08-11T16:36:59.859639	0.00000000e+00	1	43	-4.37737000e-05	1.70039000e-03	-1.39997000e+00	-1.70167000e-03
3.86155479e+02	2026-08-11T16:36:59.923287	0.00000000e+00	1	43	-4.12703000e-05	1.58281000e-03	-1.29998000e+00	-1.58404000e-03
3.86208514e+02	2026-08-11T16:36:59.981665	0.00000000e+00	1	43	-4.15564000e-05	1.46447000e-03	-1.19997000e+00	-1.46567000e-03
3.86264547e+02	2026-08-11T16:37:00.035374	0.00000000e+00	1	43	-4.46081000e-05	1.34542000e-03	-1.09997000e+00	-1.34665000e-03
3.86330032e+02	2026-08-11T16:37:00.105055	0.00000000e+00	1	43	-4.50611000e-05	1.22571000e-03	-9.99973000e-01	-1.22690000e-03
3.86386902e+02	2026-08-11T16:37:00.161465	0.00000000e+00	1	43	-4.48465000e-05	1.10538000e-03	-8.99967000e-01	-1.10659000e-03
3.86434657e+02	2026-08-11T16:37:00.208847	0.00000000e+00	1	43	-4.94719000e-05	9.85274000e-04	-7.99969000e-01	-9.85275000e-04
3.86520431e+02	2026-08-11T16:37:00.287987	0.00000000e+00	1	43	-4.93050000e-05	8.63588000e-04	-6.99958000e-01	-8.63629000e-04
3.86569056e+02	2026-08-11T16:37:00.342200	0.00000000e+00	1	43	-4.96626000e-05	7.41383000e-04	-5.99944000e-01	-7.41419000e-04
3.86632163e+02	2026-08-11T16:37:00.405274	0.00000000e+00	1	43	-4.82321000e-05	6.18660000e-04	-4.99941000e-01	-6.18691000e-04
3.86688254e+02	2026-08-11T16:37:00.462846	0.00000000e+00	1	43	-4.65155000e-05	4.95486000e-04	-3.99937000e-01	-4.95514000e-04
3.86734621e+02	2026-08-11T16:37:00.506561	0.00000000e+00	1	43	-4.58717000e-05	3.71909000e-04	-2.99926000e-01	-3.71934000e-04
3.86783871e+02	2026-08-11T16:37:00.557973	0.00000000e+00	1	43	-4.37737000e-05	2.47999000e-04	-1.99912000e-01	-2.48016000e-04
3.86831630e+02	2026-08-11T16:37:00.605920	0.00000000e+00	1	43	-4.42266000e-05	1.23920000e-04	-9.99061000e-02	-1.23936000e-04
3.86912178e+02	2026-08-11T16:37:00.685854	0.00000000e+00	1	43	-3.62396000e-05	-1.67495000e-07	5.13077000e-05	1.82006000e-07
3.91926832e+02	2026-08-11T16:37:05.687632	0.00000000e+00	1	44	-3.62158000e-05	-1.74478000e-07	5.14984000e-05	1.74267000e-07
3.91985122e+02	2026-08-11T16:37:05.751732	0.00000000e+00	1	44	-3.91483000e-05	1.23915000e-04	-9.99066000e-02	-1.23944000e-04
3.92176376e+02	2026-08-11T16:37:05.941288	0.00000000e+00	1	44	-4.09365000e-05	2.47999000e-04	-1.99914000e-01	-2.48022000e-04
3.92230752e+02	2026-08-11T16:37:06.005003	0.00000000e+00	1	44	-4.42743000e-05	3.71902000e-04	-2.99929000e-01	-3.71932000e-04
3.92295042e+02	2026-08-11T16:37:06.068767	0.00000000e+00	1	44	-4.36068000e-05	4.95482000e-04	-3.99940000e-01	-4.95510000e-04
3.92363537e+02	2026-08-11T16:37:06.132931	0.00000000e+00	1	44	-4.42266000e-05	6.18654000e-04	-4.99943000e-01	-6.18686000e-04
3.92423265e+02	2026-08-11T16:37:06.198138	0.00000000e+00	1	44	-4.89235000e-05	7.41371000e-04	-5.99946000e-01	-7.41410000e-04
3.92469153e+02	2026-08-11T16:37:06.239613	0.00000000e+00	1	44	-4.71354000e-05	8.63574000e-04	-6.99958000e-01	-8.63618000e-04
3.92520107e+02	2026-08-11T16:37:06.292204	0.00000000e+00	1	44	-4.83274000e-05	9.85200000e-04	-7.99967000e-01	-9.85247000e-04
3.92581515e+02	2026-08-11T16:37:06.355831	0.00000000e+00	1	44	-4.46796000e-05	1.10523000e-03	-8.99964000e-01	-1.10647000e-03
3.92688101e+02	2026-08-11T16:37:06.451607	0.00000000e+00	1	44	-4.37975000e-05	1.22567000e-03	-9.99973000e-01	-1.22685000e-03
3.92741352e+02	2026-08-11T16:37:06.515455	0.00000000e+00	1	44	-4.21762000e-05	1.34535000e-03	-1.09997000e+00	-1.34657000e-03
3.92805210e+02	2026-08-11T16:37:06.578978	0.00000000e+00	1	44	-4.22955000e-05	1.46428000e-03	-1.19997000e+00	-1.46555000e-03
3.92855146e+02	2026-08-11T16:37:06.626333	0.00000000e+00	1	44	-4.35829000e-05	1.58258000e-03	-1.29997000e+00	-1.58386000e-03
3.92929040e+02	2026-08-11T16:37:06.689994	0.00000000e+00	1	44	-4.32968000e-05	1.70015000e-03	-1.39996000e+00	-1.70147000e-03
3.92979490e+02	2026-08-11T16:37:06.754208	0.00000000e+00	1	44	-4.34876000e-05	1.81701000e-03	-1.49996000e+00	-1.81842000e-03
3.93043864e+02	2026-08-11T16:37:06.816534	0.00000000e+00	1	44	-4.05550000e-05	1.93321000e-03	-1.59996000e+00	-1.93459000e-03
3.93121407e+02	2026-08-11T16:37:06.895626	0.00000000e+00	1	44	-4.39167000e-05	2.04897000e-03	-1.69995000e+00	-2.05028000e-03
3.93184959e+02	2026-08-11T16:37:06.959165	0.00000000e+00	1	44	-4.42505000e-05	2.16388000e-03	-1.79994000e+00	-2.16515000e-03
3.93232435e+02	2026-08-11T16:37:07.006934	0.00000000e+00	1	44	-4.33207000e-05	2.27800000e-03	-1.89994000e+00	-2.27950000e-03
3.93280306e+02	2026-08-11T16:37:07.055275	0.00000000e+00	1	44	-4.39644000e-05	2.39155000e-03	-1.99994000e+00	-2.39292000e-03
3.93325732e+02	2026-08-11T16:37:07.096691	0.00000000e+00	1	44	-4.43697000e-05	2.50354000e-03	-2.09898000e+00	-2.50496000e-03
3.93381708e+02	2026-08-11T16:37:07.149243	0.00000000e+00	1	44	-4.36783000e-05	2.61587000e-03	-2.19915000e+00	-2.61742000e-03
3.93439579e+02	2026-08-11T16:37:07.212341	0.00000000e+00	1	44	-4.38929000e-05	2.72734000e-03	-2.29895000e+00	-2.72830000e-03
3.93514180e+02	2026-08-11T16:37:07.274878	0.00000000e+00	1	44	-4.24624000e-05	2.83754000e-03	-2.39910000e+00	-2.83914000e-03
3.93563463e+02	2026-08-11T16:37:07.338030	0.00000000e+00	1	44	-4.31538000e-05	2.94775000e-03	-2.49923000e+00	-2.94950000e-03
3.93610990e+02	2026-08-11T16:37:07.385209	0.00000000e+00	1	44	-4.25577000e-05	3.05874000e-03	-2.59909000e+00	-3.06060000e-03
3.93658693e+02	2026-08-11T16:37:07.432987	0.00000000e+00	1	44	-4.26531000e-05	3.17154000e-03	-2.69917000e+00	-3.17228000e-03
3.93713332e+02	2026-08-11T16:37:07.480925	0.00000000e+00	1	44	-4.35591000e-05	3.28976000e-03	-2.79901000e+00	-3.29279000e-03
3.93777891e+02	2026-08-11T16:37:07.544609	0.00000000e+00	1	44	-4.38690000e-05	3.41014000e-03	-2.89916000e+00	-3.41458000e-03
3.93833984e+02	2026-08-11T16:37:07.608143	0.00000000e+00	1	44	-4.47750000e-05	3.52245000e-03	-2.99896000e+00	-3.52027000e-03
3.93897457e+02	2026-08-11T16:37:07.671967	0.00000000e+00	1	44	-4.58717000e-05	3.62129000e-03	-3.09913000e+00	-3.60726000e-03
3.93962145e+02	2026-08-11T16:37:07.735623	0.00000000e+00	1	44	-4.57048000e-05	3.93294000e-03	-3.19927000e+00	-3.94096000e-03
3.94024726e+02	2026-08-11T16:37:07.798544	0.00000000e+00	1	44	-4.53711000e-05	4.06600000e-03	-3.29904000e+00	-4.07457000e-03
3.94088230e+02	2026-08-11T16:37:07.863063	0.00000000e+00	1	44	-4.42743000e-05	4.19733000e-03	-3.39927000e+00	-4.20321000e-03
3.94135762e+02	2026-08-11T16:37:07.909916	0.00000000e+00	1	44	-4.48465000e-05	4.31929000e-03	-3.49906000e+00	-4.32526000e-03
3.94178505e+02	2026-08-11T16:37:07.941265	0.00000000e+00	1	44	-4.45366000e-05	4.32599000e-03	-3.49907000e+00	-4.32879000e-03
3.94225093e+02	2026-08-11T16:37:07.989161	0.00000000e+00	1	44	-4.49181000e-05	4.21750000e-03	-3.39924000e+00	-4.21972000e-03
3.94278951e+02	2026-08-11T16:37:08.052953	0.00000000e+00	1	44	-4.55856000e-05	4.10704000e-03	-3.29905000e+00	-4.10872000e-03
3.94326241e+02	2026-08-11T16:37:08.100859	0.00000000e+00	1	44	-4.70877000e-05	3.99507000e-03	-3.19928000e+00	-3.99670000e-03
3.94370417e+02	2026-08-11T16:37:08.134787	0.00000000e+00	1	44	-4.75168000e-05	3.88186000e-03	-3.09910000e+00	-3.88346000e-03
3.94437174e+02	2026-08-11T16:37:08.211816	0.00000000e+00	1	44	-4.88520000e-05	3.76778000e-03	-2.99894000e+00	-3.76938000e-03
3.94493208e+02	2026-08-11T16:37:08.259908	0.00000000e+00	1	44	-4.99249000e-05	3.65328000e-03	-2.89913000e+00	-3.65489000e-03
3.94561326e+02	2026-08-11T16:37:08.335024	0.00000000e+00	1	44	-4.89235000e-05	3.53764000e-03	-2.79896000e+00	-3.53916000e-03
3.94611268e+02	2026-08-11T16:37:08.385935	0.00000000e+00	1	44	-4.83036000e-05	3.42136000e-03	-2.69914000e+00	-3.42287000e-03
3.94676909e+02	2026-08-11T16:37:08.448979	0.00000000e+00	1	44	-4.74215000e-05	3.30386000e-03	-2.59905000e+00	-3.30541000e-03
3.94754016e+02	2026-08-11T16:37:08.528893	0.00000000e+00	1	44	-4.65155000e-05	3.18583000e-03	-2.49918000e+00	-3.18735000e-03
3.94817625e+02	2026-08-11T16:37:08.591786	0.00000000e+00	1	44	-4.42505000e-05	3.06656000e-03	-2.39907000e+00	-3.06797000e-03
3.94864416e+02	2026-08-11T16:37:08.639049	0.00000000e+00	1	44	-4.68493000e-05	2.94632000e-03	-2.29893000e+00	-2.94781000e-03
3.94929290e+02	2026-08-11T16:37:08.702547	0.00000000e+00	1	44	-4.67777000e-05	2.82571000e-03	-2.19913000e+00	-2.82715000e-03
3.94997065e+02	2026-08-11T16:37:08.765428	0.00000000e+00	1	44	-4.30346000e-05	2.70390000e-03	-2.09894000e+00	-2.70524000e-03
3.95056480e+02	2026-08-11T16:37:08.828988	0.00000000e+00	1	44	-4.56095000e-05	2.58228000e-03	-1.99992000e+00	-2.58364000e-03
3.95101224e+02	2026-08-11T16:37:08.861226	0.00000000e+00	1	44	-4.52280000e-05	2.45884000e-03	-1.89993000e+00	-2.46019000e-03
3.95158219e+02	2026-08-11T16:37:08.924371	0.00000000e+00	1	44	-4.64439000e-05	2.33458000e-03	-1.79994000e+00	-2.33594000e-03
3.95220972e+02	2026-08-11T16:37:08.987581	0.00000000e+00	1	44	-4.76837000e-05	2.20954000e-03	-1.69995000e+00	-2.21085000e-03
3.95266407e+02	2026-08-11T16:37:09.039116	0.00000000e+00	1	44	-4.78745000e-05	2.08378000e-03	-1.59995000e+00	-2.08512000e-03
3.95321098e+02	2026-08-11T16:37:09.084861	0.00000000e+00	1	44	-4.75407000e-05	1.95730000e-03	-1.49995000e+00	-1.95856000e-03
3.95377538e+02	2026-08-11T16:37:09.146660	0.00000000e+00	1	44	-4.93526000e-05	1.83015000e-03	-1.39996000e+00	-1.83138000e-03
3.95435257e+02	2026-08-11T16:37:09.209796	0.00000000e+00	1	44	-4.83036000e-05	1.70231000e-03	-1.29997000e+00	-1.70354000e-03
3.95499224e+02	2026-08-11T16:37:09.273031	0.00000000e+00	1	44	-4.79460000e-05	1.57385000e-03	-1.19997000e+00	-1.57499000e-03
3.95545584e+02	2026-08-11T16:37:09.320279	0.00000000e+00	1	44	-4.81844000e-05	1.44476000e-03	-1.09997000e+00	-1.44599000e-03
3.95595366e+02	2026-08-11T16:37:09.367559	0.00000000e+00	1	44	-4.82559000e-05	1.31511000e-03	-9.99965000e-01	-1.31638000e-03
3.95667115e+02	2026-08-11T16:37:09.431171	0.00000000e+00	1	44	-4.87566000e-05	1.18495000e-03	-8.99960000e-01	-1.18615000e-03
3.95719889e+02	2026-08-11T16:37:09.494572	0.00000000e+00	1	44	-4.74930000e-05	1.05433000e-03	-7.99960000e-01	-1.05554000e-03
3.95772288e+02	2026-08-11T16:37:09.542275	0.00000000e+00	1	44	-5.37157000e-05	9.24258000e-04	-6.99953000e-01	-9.24266000e-04
3.95864282e+02	2026-08-11T16:37:09.639071	0.00000000e+00	1	44	-5.61237000e-05	7.92829000e-04	-5.99940000e-01	-7.92866000e-04
3.95928482e+02	2026-08-11T16:37:09.701692	0.00000000e+00	1	44	-5.42879000e-05	6.61133000e-04	-4.99933000e-01	-6.61166000e-04
3.95994234e+02	2026-08-11T16:37:09.765152	0.00000000e+00	1	44	-5.24282000e-05	5.29183000e-04	-3.99932000e-01	-5.29207000e-04
3.96054955e+02	2026-08-11T16:37:09.828604	0.00000000e+00	1	44	-5.18560000e-05	3.96998000e-04	-2.99922000e-01	-3.97024000e-04
3.96099545e+02	2026-08-11T16:37:09.871618	0.00000000e+00	1	44	-4.95195000e-05	2.64633000e-04	-1.99910000e-01	-2.64652000e-04
3.96165596e+02	2026-08-11T16:37:09.940259	0.00000000e+00	1	44	-4.80890000e-05	1.32205000e-04	-9.99056000e-02	-1.32220000e-04
3.96215167e+02	2026-08-11T16:37:09.988190	0.00000000e+00	1	44	-3.66211000e-05	-1.89383000e-07	5.55038000e-05	2.04835000e-07
4.01188166e+02	2026-08-11T16:37:14.953409	0.00000000e+00	1	45	-3.91245000e-05	-1.95723000e-07	5.56946000e-05	1.95109000e-07
4.01243113e+02	2026-08-11T16:37:15.016823	0.00000000e+00	1	45	-4.58956000e-05	1.32196000e-04	-9.99059000e-02	-1.32222000e-04
4.01408936e+02	2026-08-11T16:37:15.183566	0.00000000e+00	1	45	-4.78983000e-05	2.64630000e-04	-1.99909000e-01	-2.64648000e-04
4.01456491e+02	2026-08-11T16:37:15.231068	0.00000000e+00	1	45	-5.04494000e-05	3.96991000e-04	-2.99924000e-01	-3.97014000e-04
4.01501468e+02	2026-08-11T16:37:15.275864	0.00000000e+00	1	45	-5.11885000e-05	5.29170000e-04	-3.99935000e-01	-5.29199000e-04
4.01549706e+02	2026-08-11T16:37:15.324477	0.00000000e+00	1	45	-5.37157000e-05	6.61118000e-04	-4.99938000e-01	-6.61151000e-04
4.01594060e+02	2026-08-11T16:37:15.368730	0.00000000e+00	1	45	-5.37157000e-05	7.92809000e-04	-5.99942000e-01	-7.92844000e-04
4.01641521e+02	2026-08-11T16:37:15.415728	0.00000000e+00	1	45	-5.62429000e-05	9.24189000e-04	-6.99956000e-01	-9.24230000e-04
4.01685596e+02	2026-08-11T16:37:15.460242	0.00000000e+00	1	45	-5.18560000e-05	1.05417000e-03	-7.99960000e-01	-1.05553000e-03
4.01773174e+02	2026-08-11T16:37:15.547718	0.00000000e+00	1	45	-4.83751000e-05	1.18484000e-03	-8.99965000e-01	-1.18612000e-03
4.01830627e+02	2026-08-11T16:37:15.605001	0.00000000e+00	1	45	-4.99964000e-05	1.31493000e-03	-9.99972000e-01	-1.31626000e-03
4.01878414e+02	2026-08-11T16:37:15.653040	0.00000000e+00	1	45	-4.73499000e-05	1.44457000e-03	-1.09997000e+00	-1.44589000e-03
4.01926291e+02	2026-08-11T16:37:15.700704	0.00000000e+00	1	45	-4.71115000e-05	1.57367000e-03	-1.19997000e+00	-1.57498000e-03
4.01970298e+02	2026-08-11T16:37:15.744517	0.00000000e+00	1	45	-4.53472000e-05	1.70210000e-03	-1.29997000e+00	-1.70349000e-03
4.02018789e+02	2026-08-11T16:37:15.793112	0.00000000e+00	1	45	-4.51088000e-05	1.82996000e-03	-1.39996000e+00	-1.83131000e-03
4.02063349e+02	2026-08-11T16:37:15.838420	0.00000000e+00	1	45	-4.36068000e-05	1.95713000e-03	-1.49996000e+00	-1.95855000e-03
4.02112839e+02	2026-08-11T16:37:15.887942	0.00000000e+00	1	45	-4.64439000e-05	2.08357000e-03	-1.59995000e+00	-2.08506000e-03
4.02157660e+02	2026-08-11T16:37:15.932292	0.00000000e+00	1	45	-4.51326000e-05	2.20931000e-03	-1.69995000e+00	-2.21085000e-03
4.02210032e+02	2026-08-11T16:37:15.984471	0.00000000e+00	1	45	-4.60386000e-05	2.33434000e-03	-1.79993000e+00	-2.33584000e-03
4.02259593e+02	2026-08-11T16:37:16.033905	0.00000000e+00	1	45	-4.81844000e-05	2.45856000e-03	-1.89993000e+00	-2.46004000e-03
4.02326020e+02	2026-08-11T16:37:16.096927	0.00000000e+00	1	45	-4.63963000e-05	2.58203000e-03	-1.99992000e+00	-2.58356000e-03
4.02375298e+02	2026-08-11T16:37:16.146603	0.00000000e+00	1	45	-4.62532000e-05	2.70369000e-03	-2.09888000e+00	-2.70525000e-03
4.02433979e+02	2026-08-11T16:37:16.208049	0.00000000e+00	1	45	-4.56095000e-05	2.82569000e-03	-2.19904000e+00	-2.82735000e-03
4.02500089e+02	2026-08-11T16:37:16.271572	0.00000000e+00	1	45	-4.80890000e-05	2.94638000e-03	-2.29889000e+00	-2.94802000e-03
4.02575708e+02	2026-08-11T16:37:16.350310	0.00000000e+00	1	45	-4.85182000e-05	3.06657000e-03	-2.39902000e+00	-3.06823000e-03
4.02634987e+02	2026-08-11T16:37:16.407935	0.00000000e+00	1	45	-4.69446000e-05	3.18579000e-03	-2.49912000e+00	-3.18748000e-03
4.02686795e+02	2026-08-11T16:37:16.461682	0.00000000e+00	1	45	-4.57525000e-05	3.30386000e-03	-2.59898000e+00	-3.30557000e-03
4.02750844e+02	2026-08-11T16:37:16.525047	0.00000000e+00	1	45	-4.20570000e-05	3.42123000e-03	-2.69907000e+00	-3.42300000e-03
4.02829434e+02	2026-08-11T16:37:16.603637	0.00000000e+00	1	45	-4.12941000e-05	3.53757000e-03	-2.79892000e+00	-3.53933000e-03
4.02890968e+02	2026-08-11T16:37:16.665434	0.00000000e+00	1	45	-4.31538000e-05	3.65322000e-03	-2.89908000e+00	-3.65495000e-03
4.02934924e+02	2026-08-11T16:37:16.698894	0.00000000e+00	1	45	-4.38213000e-05	3.76753000e-03	-2.99888000e+00	-3.76927000e-03
4.02994715e+02	2026-08-11T16:37:16.762536	0.00000000e+00	1	45	-4.58241000e-05	3.88132000e-03	-3.09901000e+00	-3.88305000e-03
4.03056180e+02	2026-08-11T16:37:16.826270	0.00000000e+00	1	45	-4.46320000e-05	3.99422000e-03	-3.19920000e+00	-3.99589000e-03
4.03138719e+02	2026-08-11T16:37:16.911969	0.00000000e+00	1	45	-4.67062000e-05	4.10541000e-03	-3.29896000e+00	-4.10721000e-03
4.03207997e+02	2026-08-11T16:37:16.968748	0.00000000e+00	1	45	-4.68254000e-05	4.21622000e-03	-3.39918000e+00	-4.21810000e-03
4.03257972e+02	2026-08-11T16:37:17.032210	0.00000000e+00	1	45	-4.54426000e-05	4.32611000e-03	-3.49898000e+00	-4.32630000e-03
4.03304748e+02	2026-08-11T16:37:17.079505	0.00000000e+00	1	45	-4.51088000e-05	4.42935000e-03	-3.59913000e+00	-4.42451000e-03
4.03363421e+02	2026-08-11T16:37:17.137033	0.00000000e+00	1	45	-4.48942000e-05	4.52856000e-03	-3.69895000e+00	-4.53310000e-03
4.03416904e+02	2026-08-11T16:37:17.189823	0.00000000e+00	1	45	-4.36544000e-05	4.62563000e-03	-3.79909000e+00	-4.62711000e-03
4.03461989e+02	2026-08-11T16:37:17.221659	0.00000000e+00	1	45	-4.57048000e-05	4.75649000e-03	-3.89892000e+00	-4.77206000e-03
4.03520875e+02	2026-08-11T16:37:17.285603	0.00000000e+00	1	45	-4.75168000e-05	4.89254000e-03	-3.99902000e+00	-4.89673000e-03
4.03565523e+02	2026-08-11T16:37:17.340021	0.00000000e+00	1	45	-4.77314000e-05	4.88959000e-03	-3.99903000e+00	-4.89283000e-03
4.03622620e+02	2026-08-11T16:37:17.396932	0.00000000e+00	1	45	-4.58717000e-05	4.78073000e-03	-3.89895000e+00	-4.77983000e-03
4.03686646e+02	2026-08-11T16:37:17.460209	0.00000000e+00	1	45	-4.51326000e-05	4.66885000e-03	-3.79908000e+00	-4.66930000e-03
4.03730744e+02	2026-08-11T16:37:17.492654	0.00000000e+00	1	45	-4.37975000e-05	4.55912000e-03	-3.69897000e+00	-4.55868000e-03
4.03782041e+02	2026-08-11T16:37:17.556525	0.00000000e+00	1	45	-4.19140000e-05	4.44689000e-03	-3.59913000e+00	-4.44746000e-03
4.03845517e+02	2026-08-11T16:37:17.619386	0.00000000e+00	1	45	-4.45366000e-05	4.33665000e-03	-3.49901000e+00	-4.33845000e-03
4.03891266e+02	2026-08-11T16:37:17.663635	0.00000000e+00	1	45	-4.32730000e-05	4.22845000e-03	-3.39916000e+00	-4.22996000e-03
4.03945304e+02	2026-08-11T16:37:17.714818	0.00000000e+00	1	45	-4.49657000e-05	4.11832000e-03	-3.29896000e+00	-4.11987000e-03
4.04003983e+02	2026-08-11T16:37:17.778394	0.00000000e+00	1	45	-4.46796000e-05	4.00849000e-03	-3.19918000e+00	-4.00984000e-03
4.04069460e+02	2026-08-11T16:37:17.841608	0.00000000e+00	1	45	-4.50373000e-05	3.89623000e-03	-3.09903000e+00	-3.89783000e-03
4.04136362e+02	2026-08-11T16:37:17.905472	0.00000000e+00	1	45	-4.48465000e-05	3.78391000e-03	-2.99887000e+00	-3.78565000e-03
4.04195471e+02	2026-08-11T16:37:17.969769	0.00000000e+00	1	45	-4.60625000e-05	3.67073000e-03	-2.89907000e+00	-3.67235000e-03
4.04240528e+02	2026-08-11T16:37:18.013683	0.00000000e+00	1	45	-4.56810000e-05	3.55652000e-03	-2.79891000e+00	-3.55814000e-03
4.04300703e+02	2026-08-11T16:37:18.074264	0.00000000e+00	1	45	-4.60625000e-05	3.44142000e-03	-2.69906000e+00	-3.44306000e-03
4.04362171e+02	2026-08-11T16:37:18.127028	0.00000000e+00	1	45	-4.49896000e-05	3.32503000e-03	-2.59895000e+00	-3.32671000e-03
4.04416459e+02	2026-08-11T16:37:18.190754	0.00000000e+00	1	45	-4.50134000e-05	3.20773000e-03	-2.49910000e+00	-3.20945000e-03
4.04463663e+02	2026-08-11T16:37:18.238357	0.00000000e+00	1	45	-4.41551000e-05	3.08911000e-03	-2.39899000e+00	-3.09073000e-03
4.04521469e+02	2026-08-11T16:37:18.295874	0.00000000e+00	1	45	-4.28915000e-05	2.96931000e-03	-2.29886000e+00	-2.97095000e-03
4.04592126e+02	2026-08-11T16:37:18.365090	0.00000000e+00	1	45	-4.10557000e-05	2.84886000e-03	-2.19903000e+00	-2.85041000e-03
4.04645576e+02	2026-08-11T16:37:18.412915	0.00000000e+00	1	45	-3.98874000e-05	2.72686000e-03	-2.09889000e+00	-2.72844000e-03
4.04715413e+02	2026-08-11T16:37:18.476185	0.00000000e+00	1	45	-4.22955000e-05	2.60517000e-03	-1.99992000e+00	-2.60668000e-03
4.04765020e+02	2026-08-11T16:37:18.540112	0.00000000e+00	1	45	-4.51565000e-05	2.48141000e-03	-1.89993000e+00	-2.48291000e-03
4.04814648e+02	2026-08-11T16:37:18.587613	0.00000000e+00	1	45	-4.47512000e-05	2.35662000e-03	-1.79993000e+00	-2.35806000e-03
4.04875844e+02	2026-08-11T16:37:18.649811	0.00000000e+00	1	45	-4.52757000e-05	2.23092000e-03	-1.69994000e+00	-2.23234000e-03
4.04920029e+02	2026-08-11T16:37:18.685316	0.00000000e+00	1	45	-4.16994000e-05	2.10442000e-03	-1.59995000e+00	-2.10578000e-03
4.04980766e+02	2026-08-11T16:37:18.744955	0.00000000e+00	1	45	-4.23670000e-05	1.97704000e-03	-1.49995000e+00	-1.97836000e-03
4.05027215e+02	2026-08-11T16:37:18.798888	0.00000000e+00	1	45	-4.26531000e-05	1.84882000e-03	-1.39996000e+00	-1.85018000e-03
4.05086726e+02	2026-08-11T16:37:18.856097	0.00000000e+00	1	45	-4.15564000e-05	1.71993000e-03	-1.29996000e+00	-1.72121000e-03
4.05147137e+02	2026-08-11T16:37:18.919664	0.00000000e+00	1	45	-4.54664000e-05	1.59032000e-03	-1.19996000e+00	-1.59151000e-03
4.05212677e+02	2026-08-11T16:37:18.983261	0.00000000e+00	1	45	-4.31538000e-05	1.45999000e-03	-1.09996000e+00	-1.46121000e-03
4.05272090e+02	2026-08-11T16:37:19.046000	0.00000000e+00	1	45	-4.46320000e-05	1.32905000e-03	-9.99964000e-01	-1.33031000e-03
4.05317348e+02	2026-08-11T16:37:19.077783	0.00000000e+00	1	45	-4.46320000e-05	1.19766000e-03	-8.99954000e-01	-1.19883000e-03
4.05375896e+02	2026-08-11T16:37:19.141044	0.00000000e+00	1	45	-4.28915000e-05	1.06568000e-03	-7.99957000e-01	-1.06687000e-03
4.05445254e+02	2026-08-11T16:37:19.220105	0.00000000e+00	1	45	-4.68969000e-05	9.34249000e-04	-6.99954000e-01	-9.34263000e-04
4.05538919e+02	2026-08-11T16:37:19.299771	0.00000000e+00	1	45	-4.97341000e-05	8.01419000e-04	-5.99939000e-01	-8.01462000e-04
4.05588585e+02	2026-08-11T16:37:19.363145	0.00000000e+00	1	45	-4.91858000e-05	6.68315000e-04	-4.99931000e-01	-6.68346000e-04
4.05652195e+02	2026-08-11T16:37:19.426285	0.00000000e+00	1	45	-4.77314000e-05	5.34938000e-04	-3.99927000e-01	-5.34970000e-04
4.05725122e+02	2026-08-11T16:37:19.489787	0.00000000e+00	1	45	-4.60625000e-05	4.01329000e-04	-2.99915000e-01	-4.01357000e-04
4.05779258e+02	2026-08-11T16:37:19.553881	0.00000000e+00	1	45	-4.11987000e-05	2.67525000e-04	-1.99903000e-01	-2.67548000e-04
4.05829293e+02	2026-08-11T16:37:19.600792	0.00000000e+00	1	45	-4.05550000e-05	1.33650000e-04	-9.98983000e-02	-1.33671000e-04
4.05906604e+02	2026-08-11T16:37:19.679921	0.00000000e+00	1	45	-3.05176000e-05	-1.85903000e-07	5.96762000e-05	1.99779000e-07
4.11194656e+02	2026-08-11T16:37:24.968948	0.00000000e+00	1	46	-3.91006000e-05	-2.04733000e-07	6.32286000e-05	2.04534000e-07
4.11257484e+02	2026-08-11T16:37:25.032165	0.00000000e+00	1	46	-4.39644000e-05	1.33627000e-04	-9.98930000e-02	-1.33652000e-04
4.11440358e+02	2026-08-11T16:37:25.213767	0.00000000e+00	1	46	-4.49181000e-05	2.67510000e-04	-1.99900000e-01	-2.67536000e-04
4.11502793e+02	2026-08-11T16:37:25.277126	0.00000000e+00	1	46	-4.43459000e-05	4.01317000e-04	-2.99912000e-01	-4.01344000e-04
4.11551878e+02	2026-08-11T16:37:25.324969	0.00000000e+00	1	46	-4.56333000e-05	5.34922000e-04	-3.99923000e-01	-5.34950000e-04