Time elapsed	Time stamp	Sweep_WaitingTimes Value	Sweep_WaitingTimes Index	Loop2 Index	SMU_BE_reset Voltage	SMU_BE_reset Current	SMU_TE_reset Voltage	SMU_TE_reset Current
s					V	A	V	A

8.38072700e+00	2026-08-24T16:18:16.920627	0.00000000e+00	1	1	-3.88145000e-05	-1.46226000e-07	5.58138000e-05	1.37166000e-07
8.40228410e+00	2026-08-24T16:18:16.943594	0.00000000e+00	1	1	-8.70228000e-05	4.58156000e-05	-4.98688000e-02	-4.58010000e-05
8.43455970e+00	2026-08-24T16:18:16.975494	0.00000000e+00	1	1	-3.68357000e-05	9.24090000e-05	-9.99511000e-02	-9.23900000e-05
8.44528050e+00	2026-08-24T16:18:16.986144	0.00000000e+00	1	1	-3.94583000e-05	1.39568000e-04	-1.49991000e-01	-1.39471000e-04
8.47299070e+00	2026-08-24T16:18:17.013296	0.00000000e+00	1	1	-4.49419000e-05	1.87521000e-04	-2.00027000e-01	-1.87404000e-04
8.49826850e+00	2026-08-24T16:18:17.038995	0.00000000e+00	1	1	-3.81947000e-05	2.36293000e-04	-2.50148000e-01	-2.36189000e-04
8.51263070e+00	2026-08-24T16:18:17.054166	0.00000000e+00	1	1	-4.15087000e-05	2.86083000e-04	-3.00205000e-01	-2.85949000e-04
8.53443380e+00	2026-08-24T16:18:17.069849	0.00000000e+00	1	1	-4.16040000e-05	3.36855000e-04	-3.50230000e-01	-3.36759000e-04
8.54210140e+00	2026-08-24T16:18:17.069849	0.00000000e+00	1	1	-4.11510000e-05	3.88325000e-04	-4.00301000e-01	-3.88292000e-04
8.56864550e+00	2026-08-24T16:18:17.101384	0.00000000e+00	1	1	-4.15087000e-05	4.40364000e-04	-4.50310000e-01	-4.40058000e-04
8.59257110e+00	2026-08-24T16:18:17.133744	0.00000000e+00	1	1	-4.11510000e-05	4.92728000e-04	-5.00329000e-01	-4.92448000e-04
8.60124630e+00	2026-08-24T16:18:17.133744	0.00000000e+00	1	1	-4.07219000e-05	5.46083000e-04	-5.50381000e-01	-5.45719000e-04
8.62396290e+00	2026-08-24T16:18:17.165051	0.00000000e+00	1	1	-4.14371000e-05	5.99041000e-04	-6.00437000e-01	-5.98451000e-04
8.65578710e+00	2026-08-24T16:18:17.196943	0.00000000e+00	1	1	-4.96149000e-05	6.50396000e-04	-6.50449000e-01	-6.50013000e-04
8.66768710e+00	2026-08-24T16:18:17.207109	0.00000000e+00	1	1	-3.85523000e-05	7.02757000e-04	-7.00489000e-01	-7.01554000e-04
8.72641150e+00	2026-08-24T16:18:17.260388	0.00000000e+00	1	1	-3.84569000e-05	7.43355000e-04	-7.50530000e-01	-7.42796000e-04
8.75121010e+00	2026-08-24T16:18:17.292825	0.00000000e+00	1	1	-4.38690000e-05	7.82855000e-04	-8.00591000e-01	-7.77872000e-04
8.78679390e+00	2026-08-24T16:18:17.323926	0.00000000e+00	1	1	-4.82559000e-05	7.94956000e-04	-8.50591000e-01	-7.92468000e-04
8.81484910e+00	2026-08-24T16:18:17.355944	0.00000000e+00	1	1	-4.02689000e-05	7.57907000e-04	-9.00654000e-01	-7.41087000e-04
8.84735680e+00	2026-08-24T16:18:17.387878	0.00000000e+00	1	1	-3.33309000e-05	5.69814000e-04	-9.50693000e-01	-5.43279000e-04
8.85528460e+00	2026-08-24T16:18:17.387878	0.00000000e+00	1	1	-3.10898000e-05	5.29455000e-04	-1.00074000e+00	-5.15433000e-04
8.87838540e+00	2026-08-24T16:18:17.419427	0.00000000e+00	1	1	-4.09842000e-05	3.96217000e-04	-1.05074000e+00	-3.93218000e-04
8.91348880e+00	2026-08-24T16:18:17.451527	0.00000000e+00	1	1	-3.99113000e-05	3.43589000e-04	-1.10079000e+00	-3.59986000e-04
8.92363520e+00	2026-08-24T16:18:17.451527	0.00000000e+00	1	1	-3.91722000e-05	3.73000000e-04	-1.15087000e+00	-3.55284000e-04
8.96870230e+00	2026-08-24T16:18:17.510580	0.00000000e+00	1	1	-5.56469000e-05	2.89660000e-04	-1.20088000e+00	-3.17417000e-04
8.99040910e+00	2026-08-24T16:18:17.531217	0.00000000e+00	1	1	-3.24488000e-05	2.37348000e-04	-1.25092000e+00	-2.24594000e-04
8.99862010e+00	2026-08-24T16:18:17.531217	0.00000000e+00	1	1	-3.69310000e-05	3.03044000e-04	-1.30092000e+00	-2.67467000e-04
9.02192550e+00	2026-08-24T16:18:17.562997	0.00000000e+00	1	1	-5.01633000e-05	1.88834000e-04	-1.35098000e+00	-1.69542000e-04
9.06110190e+00	2026-08-24T16:18:17.594616	0.00000000e+00	1	1	-3.99113000e-05	1.57478000e-04	-1.40100000e+00	-1.66128000e-04
9.08582410e+00	2026-08-24T16:18:17.626800	0.00000000e+00	1	1	-3.73840000e-05	1.15708000e-04	-1.45103000e+00	-1.48261000e-04
9.11727550e+00	2026-08-24T16:18:17.658380	0.00000000e+00	1	1	-2.33650000e-05	1.00812000e-04	-1.50105000e+00	-8.45922000e-05
9.12761260e+00	2026-08-24T16:18:17.658380	0.00000000e+00	1	1	-3.01123000e-05	9.97545000e-05	-1.55112000e+00	-9.10269000e-05
9.15467310e+00	2026-08-24T16:18:17.690187	0.00000000e+00	1	1	-2.40803000e-05	7.67626000e-05	-1.60112000e+00	-8.70295000e-05
9.18052780e+00	2026-08-24T16:18:17.721584	0.00000000e+00	1	1	-2.30789000e-05	7.10476000e-05	-1.65117000e+00	-6.86683000e-05
9.18946340e+00	2026-08-24T16:18:17.721584	0.00000000e+00	1	1	-3.57628000e-05	8.08500000e-05	-1.70119000e+00	-9.53263000e-05
9.21249250e+00	2026-08-24T16:18:17.754247	0.00000000e+00	1	1	-3.08275000e-05	5.86184000e-05	-1.75123000e+00	-5.75687000e-05
9.24436430e+00	2026-08-24T16:18:17.785355	0.00000000e+00	1	1	-3.31640000e-05	6.28513000e-05	-1.80123000e+00	-6.30846000e-05
9.25518210e+00	2026-08-24T16:18:17.785355	0.00000000e+00	1	1	-2.25544000e-05	6.58596000e-05	-1.85128000e+00	-6.69688000e-05
9.28133500e+00	2026-08-24T16:18:17.817261	0.00000000e+00	1	1	-3.45945000e-05	6.87095000e-05	-1.90130000e+00	-6.93579000e-05
9.28895030e+00	2026-08-24T16:18:17.817261	0.00000000e+00	1	1	-4.07934000e-05	6.96878000e-05	-1.95133000e+00	-7.24357000e-05
9.30704220e+00	2026-08-24T16:18:17.848917	0.00000000e+00	1	1	-2.49863000e-05	6.76524000e-05	-2.00137000e+00	-7.59957000e-05
9.36151230e+00	2026-08-24T16:18:17.896944	0.00000000e+00	1	1	-3.33309000e-05	5.14344000e-05	-2.05103000e+00	-5.64123000e-05
9.38959010e+00	2026-08-24T16:18:17.929083	0.00000000e+00	1	1	-3.27110000e-05	6.93164000e-05	-2.10129000e+00	-7.14274000e-05
9.40143220e+00	2026-08-24T16:18:17.929083	0.00000000e+00	1	1	-3.98159000e-05	6.44796000e-05	-2.15142000e+00	-6.38002000e-05
9.45988670e+00	2026-08-24T16:18:17.992355	0.00000000e+00	1	1	-3.64065000e-05	4.20304000e-05	-2.20130000e+00	-4.34558000e-05
9.48273130e+00	2026-08-24T16:18:18.024211	0.00000000e+00	1	1	-3.52144000e-05	4.87612000e-05	-2.25118000e+00	-5.04734000e-05
9.51620600e+00	2026-08-24T16:18:18.057338	0.00000000e+00	1	1	-2.70367000e-05	5.12025000e-05	-2.30111000e+00	-5.65389000e-05
9.52789870e+00	2026-08-24T16:18:18.057338	0.00000000e+00	1	1	-2.71320000e-05	4.79494000e-05	-2.35148000e+00	-4.32554000e-05
9.57815730e+00	2026-08-24T16:18:18.118314	0.00000000e+00	1	1	-2.69651000e-05	3.00703000e-05	-2.40134000e+00	-3.15379000e-05
9.59111580e+00	2026-08-24T16:18:18.118314	0.00000000e+00	1	1	-1.73330000e-05	3.76009000e-05	-2.45139000e+00	-2.61488000e-05
9.64403690e+00	2026-08-24T16:18:18.182006	0.00000000e+00	1	1	-3.20673000e-05	2.62081000e-05	-2.50159000e+00	-2.31080000e-05
9.65560300e+00	2026-08-24T16:18:18.182006	0.00000000e+00	1	1	-2.86579000e-05	1.93163000e-05	-2.50177000e+00	-2.34140000e-05
9.70489770e+00	2026-08-24T16:18:18.245589	0.00000000e+00	1	1	-3.59535000e-05	1.83602000e-05	-2.45112000e+00	-1.60208000e-05
9.71658090e+00	2026-08-24T16:18:18.245589	0.00000000e+00	1	1	-8.99792000e-05	1.58790000e-05	-2.40144000e+00	-1.49935000e-05
9.73636080e+00	2026-08-24T16:18:18.277307	0.00000000e+00	1	1	-6.54459000e-05	1.46204000e-05	-2.35145000e+00	-1.55406000e-05
9.76784490e+00	2026-08-24T16:18:18.309149	0.00000000e+00	1	1	-3.59535000e-05	1.11035000e-05	-2.30125000e+00	-1.25590000e-05
9.77588510e+00	2026-08-24T16:18:18.309149	0.00000000e+00	1	1	-3.46899000e-05	1.04432000e-05	-2.25132000e+00	-1.13001000e-05
9.80197230e+00	2026-08-24T16:18:18.341021	0.00000000e+00	1	1	-2.98262000e-05	9.41562000e-06	-2.20116000e+00	-1.05413000e-05
9.83122270e+00	2026-08-24T16:18:18.372636	0.00000000e+00	1	1	-7.62939000e-06	9.66064000e-06	-2.15180000e+00	-9.63559000e-06
9.86291400e+00	2026-08-24T16:18:18.404380	0.00000000e+00	1	1	-4.33207000e-05	8.77692000e-06	-2.10123000e+00	-8.35875000e-06
9.87078220e+00	2026-08-24T16:18:18.404380	0.00000000e+00	1	1	-4.00782000e-05	7.61003000e-06	-2.05124000e+00	-7.51484000e-06
9.87845300e+00	2026-08-24T16:18:18.420219	0.00000000e+00	1	1	-4.27008000e-05	6.32335000e-06	-2.00135000e+00	-7.10108000e-06
9.92647080e+00	2026-08-24T16:18:18.467866	0.00000000e+00	1	1	-3.84569000e-05	6.57711000e-06	-1.95132000e+00	-6.64677000e-06
9.93424640e+00	2026-08-24T16:18:18.467866	0.00000000e+00	1	1	-1.66178000e-05	6.08242000e-06	-1.90130000e+00	-5.80752000e-06
9.94225090e+00	2026-08-24T16:18:18.483770	0.00000000e+00	1	1	-3.74794000e-05	5.28215000e-06	-1.85126000e+00	-5.51756000e-06
9.96644340e+00	2026-08-24T16:18:18.500567	0.00000000e+00	1	1	-3.53098000e-05	4.25164000e-06	-1.80122000e+00	-4.23493000e-06
9.99745140e+00	2026-08-24T16:18:18.537647	0.00000000e+00	1	1	-3.95536000e-05	3.91758000e-06	-1.75122000e+00	-3.92664000e-06
1.00162622e+01	2026-08-24T16:18:18.556409	0.00000000e+00	1	1	-3.75748000e-05	3.40802000e-06	-1.70119000e+00	-3.42650000e-06
1.00372362e+01	2026-08-24T16:18:18.578758	0.00000000e+00	1	1	-3.61204000e-05	3.13072000e-06	-1.65117000e+00	-3.15284000e-06
1.00449652e+01	2026-08-24T16:18:18.579318	0.00000000e+00	1	1	-3.38793000e-05	2.79402000e-06	-1.60110000e+00	-2.79197000e-06
1.00528260e+01	2026-08-24T16:18:18.594695	0.00000000e+00	1	1	-3.63112000e-05	2.43206000e-06	-1.55111000e+00	-2.47056000e-06
1.00777226e+01	2026-08-24T16:18:18.610791	0.00000000e+00	1	1	-3.81947000e-05	2.21853000e-06	-1.50107000e+00	-2.17795000e-06
1.01068535e+01	2026-08-24T16:18:18.648343	0.00000000e+00	1	1	-4.16994000e-05	1.97762000e-06	-1.45104000e+00	-1.93174000e-06
1.01326555e+01	2026-08-24T16:18:18.674158	0.00000000e+00	1	1	-3.55005000e-05	1.66038000e-06	-1.40097000e+00	-1.62179000e-06
1.01405050e+01	2026-08-24T16:18:18.674158	0.00000000e+00	1	1	-3.52144000e-05	1.46034000e-06	-1.35100000e+00	-1.46703000e-06
1.01485171e+01	2026-08-24T16:18:18.689959	0.00000000e+00	1	1	-3.39746000e-05	1.34852000e-06	-1.30093000e+00	-1.44077000e-06
1.01749451e+01	2026-08-24T16:18:18.705944	0.00000000e+00	1	1	-3.71933000e-05	1.28248000e-06	-1.25089000e+00	-1.27543000e-06
1.01960647e+01	2026-08-24T16:18:18.737599	0.00000000e+00	1	1	-3.20673000e-05	1.06257000e-06	-1.20086000e+00	-1.07783000e-06
1.02231477e+01	2026-08-24T16:18:18.763871	0.00000000e+00	1	1	-3.72887000e-05	1.00243000e-06	-1.15083000e+00	-9.75172000e-07
1.02434438e+01	2026-08-24T16:18:18.785378	0.00000000e+00	1	1	-3.20673000e-05	8.11989000e-07	-1.10079000e+00	-8.43389000e-07
1.02683048e+01	2026-08-24T16:18:18.806577	0.00000000e+00	1	1	-3.01123000e-05	6.93560000e-07	-1.05073000e+00	-6.95716000e-07
1.02908151e+01	2026-08-24T16:18:18.831951	0.00000000e+00	1	1	-3.55959000e-05	6.19729000e-07	-1.00072000e+00	-6.13376000e-07
1.02993145e+01	2026-08-24T16:18:18.831951	0.00000000e+00	1	1	-3.29733000e-05	5.53598000e-07	-9.50681000e-01	-5.71944000e-07
1.03258469e+01	2026-08-24T16:18:18.864324	0.00000000e+00	1	1	-2.87533000e-05	3.59800000e-07	-9.00661000e-01	-3.59559000e-07
1.03348817e+01	2026-08-24T16:18:18.873920	0.00000000e+00	1	1	-3.19004000e-05	3.26926000e-07	-8.50610000e-01	-3.47213000e-07
1.03542735e+01	2026-08-24T16:18:18.895405	0.00000000e+00	1	1	-3.18050000e-05	2.68607000e-07	-8.00599000e-01	-2.44230000e-07
1.03858491e+01	2026-08-24T16:18:18.926946	0.00000000e+00	1	1	-3.03745000e-05	3.27482000e-07	-7.50525000e-01	-3.33103000e-07
1.03938926e+01	2026-08-24T16:18:18.926946	0.00000000e+00	1	1	-3.08275000e-05	2.84607000e-07	-7.00507000e-01	-2.87537000e-07
1.04223109e+01	2026-08-24T16:18:18.958746	0.00000000e+00	1	1	-3.76463000e-05	1.30392000e-07	-6.50424000e-01	-1.34699000e-07
1.04309277e+01	2026-08-24T16:18:18.958746	0.00000000e+00	1	1	-4.02689000e-05	1.15183000e-07	-6.00441000e-01	-1.08925000e-07
1.04817977e+01	2026-08-24T16:18:19.022076	0.00000000e+00	1	1	-4.27723000e-05	7.23352000e-08	-5.50389000e-01	-5.26083000e-08
1.05853079e+01	2026-08-24T16:18:19.117008	0.00000000e+00	1	1	-2.56062000e-05	5.01827000e-08	-5.00352000e-01	-4.77066000e-08
1.06080118e+01	2026-08-24T16:18:19.148579	0.00000000e+00	1	1	-3.08275000e-05	3.24065000e-08	-4.50299000e-01	-2.97216000e-08
1.06390457e+01	2026-08-24T16:18:19.180484	0.00000000e+00	1	1	-3.45945000e-05	1.98203000e-08	-4.00283000e-01	-1.99093000e-08
1.06470006e+01	2026-08-24T16:18:19.180484	0.00000000e+00	1	1	-3.41415000e-05	1.80577000e-08	-3.50223000e-01	-1.72913000e-08
1.06548929e+01	2026-08-24T16:18:19.196400	0.00000000e+00	1	1	-3.05414000e-05	1.42361000e-08	-3.00207000e-01	-1.15721000e-08
1.06908413e+01	2026-08-24T16:18:19.227897	0.00000000e+00	1	1	-2.79427000e-05	7.25467000e-09	-2.50158000e-01	-6.88556000e-09
1.07191205e+01	2026-08-24T16:18:19.260075	0.00000000e+00	1	1	-3.64065000e-05	3.66185000e-09	-2.00029000e-01	-3.86926000e-09
1.07537850e+01	2026-08-24T16:18:19.291862	0.00000000e+00	1	1	-3.91006000e-05	1.82385000e-09	-1.49999000e-01	-1.77526000e-09
1.07826665e+01	2026-08-24T16:18:19.323552	0.00000000e+00	1	1	-3.92675000e-05	9.58884000e-10	-9.99564000e-02	-6.43659000e-10
1.08164457e+01	2026-08-24T16:18:19.355408	0.00000000e+00	1	1	-3.74794000e-05	8.52943000e-11	-4.99148000e-02	-1.76370000e-10
1.08456359e+01	2026-08-24T16:18:19.387114	0.00000000e+00	1	1	-3.64780000e-05	1.37794000e-10	5.85318000e-05	-2.44224000e-10
1.49955146e+01	2026-08-24T16:18:23.530309	0.00000000e+00	1	2	-1.13964000e-05	-4.78572000e-08	5.72681000e-05	6.03832000e-08
1.50212159e+01	2026-08-24T16:18:23.562193	0.00000000e+00	1	2	-7.80344000e-05	2.53604000e-05	-4.98652000e-02	-2.53668000e-05
1.50508316e+01	2026-08-24T16:18:23.590778	0.00000000e+00	1	2	-3.42369000e-05	5.18706000e-05	-9.99580000e-02	-5.18846000e-05
1.50779072e+01	2026-08-24T16:18:23.611400	0.00000000e+00	1	2	-2.67744000e-05	7.98313000e-05	-1.49997000e-01	-7.97012000e-05
1.51047831e+01	2026-08-24T16:18:23.642483	0.00000000e+00	1	2	-3.20673000e-05	1.10022000e-04	-2.00028000e-01	-1.09879000e-04
1.51325839e+01	2026-08-24T16:18:23.673473	0.00000000e+00	1	2	-3.80993000e-05	1.42600000e-04	-2.50152000e-01	-1.42339000e-04
1.51632116e+01	2026-08-24T16:18:23.704575	0.00000000e+00	1	2	-3.51429000e-05	1.77459000e-04	-3.00188000e-01	-1.77441000e-04
1.51711299e+01	2026-08-24T16:18:23.704575	0.00000000e+00	1	2	-3.52144000e-05	2.14834000e-04	-3.50233000e-01	-2.14816000e-04
1.52016431e+01	2026-08-24T16:18:23.736132	0.00000000e+00	1	2	-3.48568000e-05	2.53903000e-04	-4.00291000e-01	-2.53788000e-04
1.52268903e+01	2026-08-24T16:18:23.767978	0.00000000e+00	1	2	-3.58582000e-05	2.94490000e-04	-4.50310000e-01	-2.94221000e-04
1.52588275e+01	2026-08-24T16:18:23.799777	0.00000000e+00	1	2	-3.97205000e-05	3.37132000e-04	-5.00332000e-01	-3.36661000e-04
1.52676300e+01	2026-08-24T16:18:23.799777	0.00000000e+00	1	2	-3.13520000e-05	3.80087000e-04	-5.50375000e-01	-3.80200000e-04
1.52945671e+01	2026-08-24T16:18:23.831309	0.00000000e+00	1	2	-3.60250000e-05	4.25506000e-04	-6.00427000e-01	-4.25216000e-04
1.53023011e+01	2026-08-24T16:18:23.831309	0.00000000e+00	1	2	-3.99828000e-05	4.69786000e-04	-6.50431000e-01	-4.69414000e-04
1.53223756e+01	2026-08-24T16:18:23.863398	0.00000000e+00	1	2	-3.32594000e-05	5.07558000e-04	-7.00514000e-01	-5.05375000e-04
1.53547275e+01	2026-08-24T16:18:23.895600	0.00000000e+00	1	2	-3.20673000e-05	5.29523000e-04	-7.50519000e-01	-5.27231000e-04
1.53634753e+01	2026-08-24T16:18:23.895600	0.00000000e+00	1	2	-3.46899000e-05	5.59894000e-04	-8.00599000e-01	-5.52763000e-04
1.53914377e+01	2026-08-24T16:18:23.928200	0.00000000e+00	1	2	-3.04699000e-05	4.05492000e-04	-8.50592000e-01	-4.00604000e-04
1.53995110e+01	2026-08-24T16:18:23.928200	0.00000000e+00	1	2	-3.46899000e-05	4.05344000e-04	-9.00632000e-01	-3.91243000e-04
1.54249584e+01	2026-08-24T16:18:23.959339	0.00000000e+00	1	2	-3.08990000e-05	3.27999000e-04	-9.50675000e-01	-3.21212000e-04
1.54498492e+01	2026-08-24T16:18:23.991066	0.00000000e+00	1	2	-3.01123000e-05	3.37173000e-04	-1.00074000e+00	-3.27692000e-04
1.54575841e+01	2026-08-24T16:18:23.991066	0.00000000e+00	1	2	-2.73943000e-05	3.51837000e-04	-1.05074000e+00	-3.19896000e-04
1.54865527e+01	2026-08-24T16:18:24.023200	0.00000000e+00	1	2	-3.52144000e-05	2.36234000e-04	-1.10080000e+00	-2.39281000e-04
1.54950353e+01	2026-08-24T16:18:24.023200	0.00000000e+00	1	2	-5.39303000e-05	2.89441000e-04	-1.15084000e+00	-3.17632000e-04
1.55137808e+01	2026-08-24T16:18:24.054894	0.00000000e+00	1	2	-2.98262000e-05	2.49883000e-04	-1.20084000e+00	-3.01230000e-04
1.55381691e+01	2026-08-24T16:18:24.073020	0.00000000e+00	1	2	-3.54052000e-05	2.90069000e-04	-1.25091000e+00	-2.79691000e-04
1.55617476e+01	2026-08-24T16:18:24.102618	0.00000000e+00	1	2	-4.92573000e-05	1.74824000e-04	-1.30094000e+00	-1.62475000e-04
1.55927959e+01	2026-08-24T16:18:24.134290	0.00000000e+00	1	2	-9.44853000e-05	2.46871000e-04	-1.35101000e+00	-3.29981000e-04
1.56004931e+01	2026-08-24T16:18:24.134922	0.00000000e+00	1	2	-3.23534000e-05	2.80072000e-04	-1.40096000e+00	-2.74606000e-04
1.56084369e+01	2026-08-24T16:18:24.150352	0.00000000e+00	1	2	-4.37737000e-05	2.74516000e-04	-1.45106000e+00	-2.59973000e-04
1.56360415e+01	2026-08-24T16:18:24.166331	0.00000000e+00	1	2	-3.41415000e-05	2.61398000e-04	-1.50106000e+00	-2.51988000e-04
1.56570660e+01	2026-08-24T16:18:24.198215	0.00000000e+00	1	2	-4.83513000e-05	2.68006000e-04	-1.55111000e+00	-2.71749000e-04
1.56883550e+01	2026-08-24T16:18:24.229618	0.00000000e+00	1	2	-5.51939000e-05	2.41273000e-04	-1.60110000e+00	-2.64744000e-04
1.56973618e+01	2026-08-24T16:18:24.229618	0.00000000e+00	1	2	-3.19958000e-05	2.87788000e-04	-1.65115000e+00	-2.68809000e-04
1.57194611e+01	2026-08-24T16:18:24.261247	0.00000000e+00	1	2	-2.75850000e-05	2.95850000e-04	-1.70121000e+00	-2.76649000e-04
1.57422310e+01	2026-08-24T16:18:24.277204	0.00000000e+00	1	2	-2.47955000e-05	1.15069000e-04	-1.75124000e+00	-1.07502000e-04
1.57507257e+01	2026-08-24T16:18:24.277204	0.00000000e+00	1	2	-5.50032000e-05	1.34391000e-04	-1.80123000e+00	-1.27551000e-04
1.57781170e+01	2026-08-24T16:18:24.309043	0.00000000e+00	1	2	-3.44276000e-05	4.91058000e-05	-1.85128000e+00	-4.98110000e-05
1.57995942e+01	2026-08-24T16:18:24.341259	0.00000000e+00	1	2	-2.62260000e-05	5.64805000e-05	-1.90129000e+00	-5.80434000e-05
1.58306116e+01	2026-08-24T16:18:24.372046	0.00000000e+00	1	2	-4.35829000e-05	5.67452000e-05	-1.95132000e+00	-6.09609000e-05
1.58395368e+01	2026-08-24T16:18:24.372046	0.00000000e+00	1	2	-3.36885000e-05	7.57845000e-05	-2.00132000e+00	-5.67506000e-05
1.58630757e+01	2026-08-24T16:18:24.403924	0.00000000e+00	1	2	-3.34263000e-05	5.17019000e-05	-2.05112000e+00	-5.20977000e-05
1.58756846e+01	2026-08-24T16:18:24.414304	0.00000000e+00	1	2	-3.60250000e-05	4.38475000e-05	-2.10124000e+00	-4.15475000e-05
1.58946612e+01	2026-08-24T16:18:24.435818	0.00000000e+00	1	2	-3.64065000e-05	5.14736000e-05	-2.15138000e+00	-4.41848000e-05
1.59263768e+01	2026-08-24T16:18:24.467712	0.00000000e+00	1	2	-3.78370000e-05	2.98175000e-05	-2.20147000e+00	-2.98229000e-05
1.59341186e+01	2026-08-24T16:18:24.467712	0.00000000e+00	1	2	-4.74453000e-05	4.12504000e-05	-2.25125000e+00	-4.53229000e-05
1.59417247e+01	2026-08-24T16:18:24.483472	0.00000000e+00	1	2	-3.64065000e-05	1.86472000e-05	-2.30111000e+00	-2.16906000e-05
1.59702809e+01	2026-08-24T16:18:24.499604	0.00000000e+00	1	2	-3.81947000e-05	2.57921000e-05	-2.35142000e+00	-2.28961000e-05
1.59900159e+01	2026-08-24T16:18:24.531125	0.00000000e+00	1	2	-3.68357000e-05	1.70207000e-05	-2.40137000e+00	-1.64936000e-05
1.60218187e+01	2026-08-24T16:18:24.562850	0.00000000e+00	1	2	-4.38690000e-05	2.08440000e-05	-2.45140000e+00	-1.86451000e-05
1.60300042e+01	2026-08-24T16:18:24.562850	0.00000000e+00	1	2	-3.45945000e-05	5.57600000e-06	-2.50180000e+00	-5.60843000e-06
1.60453774e+01	2026-08-24T16:18:24.578972	0.00000000e+00	1	2	-4.27008000e-05	4.82568000e-06	-2.50173000e+00	-4.51459000e-06
1.60673198e+01	2026-08-24T16:18:24.594912	0.00000000e+00	1	2	-3.81947000e-05	4.24613000e-06	-2.45148000e+00	-4.17954000e-06
1.60990820e+01	2026-08-24T16:18:24.637257	0.00000000e+00	1	2	-3.54052000e-05	3.74785000e-06	-2.40141000e+00	-3.70842000e-06
1.61309422e+01	2026-08-24T16:18:24.659258	0.00000000e+00	1	2	-3.53098000e-05	3.48161000e-06	-2.35144000e+00	-3.42840000e-06
1.61540287e+01	2026-08-24T16:18:24.690316	0.00000000e+00	1	2	-3.81947000e-05	3.22286000e-06	-2.30129000e+00	-3.22105000e-06
1.61616319e+01	2026-08-24T16:18:24.690316	0.00000000e+00	1	2	-4.64678000e-05	2.95580000e-06	-2.25141000e+00	-2.92709000e-06
1.61815478e+01	2026-08-24T16:18:24.722535	0.00000000e+00	1	2	-4.37737000e-05	2.58421000e-06	-2.20135000e+00	-2.62460000e-06
1.62134465e+01	2026-08-24T16:18:24.755250	0.00000000e+00	1	2	-3.64780000e-05	2.29178000e-06	-2.15145000e+00	-2.30187000e-06
1.62215003e+01	2026-08-24T16:18:24.755250	0.00000000e+00	1	2	-4.52042000e-05	2.08178000e-06	-2.10123000e+00	-2.08477000e-06
1.62489169e+01	2026-08-24T16:18:24.786276	0.00000000e+00	1	2	-3.73840000e-05	1.96456000e-06	-2.05124000e+00	-1.96927000e-06
1.62575816e+01	2026-08-24T16:18:24.786276	0.00000000e+00	1	2	-4.55618000e-05	1.79174000e-06	-2.00135000e+00	-1.80464000e-06
1.62765520e+01	2026-08-24T16:18:24.817639	0.00000000e+00	1	2	-4.01735000e-05	1.56169000e-06	-1.95133000e+00	-1.56097000e-06
1.63077712e+01	2026-08-24T16:18:24.849120	0.00000000e+00	1	2	-4.22478000e-05	1.31935000e-06	-1.90129000e+00	-1.31010000e-06
1.63166716e+01	2026-08-24T16:18:24.849120	0.00000000e+00	1	2	-3.55005000e-05	1.19820000e-06	-1.85127000e+00	-1.19911000e-06
1.63396284e+01	2026-08-24T16:18:24.881015	0.00000000e+00	1	2	-3.00169000e-05	1.05974000e-06	-1.80124000e+00	-1.05599000e-06
1.63521420e+01	2026-08-24T16:18:24.881015	0.00000000e+00	1	2	-3.44992000e-05	9.87563000e-07	-1.75122000e+00	-9.99526000e-07
1.63715278e+01	2026-08-24T16:18:24.912905	0.00000000e+00	1	2	-3.36170000e-05	8.84750000e-07	-1.70118000e+00	-8.96080000e-07
1.64036167e+01	2026-08-24T16:18:24.944781	0.00000000e+00	1	2	-3.89099000e-05	8.05840000e-07	-1.65117000e+00	-7.97034000e-07
1.64119266e+01	2026-08-24T16:18:24.944781	0.00000000e+00	1	2	-3.46899000e-05	7.02270000e-07	-1.60111000e+00	-7.04690000e-07
1.64400233e+01	2026-08-24T16:18:24.976749	0.00000000e+00	1	2	-3.96252000e-05	6.49107000e-07	-1.55110000e+00	-6.51438000e-07
1.64487818e+01	2026-08-24T16:18:24.976749	0.00000000e+00	1	2	-3.49522000e-05	5.78083000e-07	-1.50105000e+00	-5.72492000e-07
1.64984319e+01	2026-08-24T16:18:25.039909	0.00000000e+00	1	2	-3.56674000e-05	5.13392000e-07	-1.45101000e+00	-5.15821000e-07
1.65068995e+01	2026-08-24T16:18:25.039909	0.00000000e+00	1	2	-3.62158000e-05	4.54287000e-07	-1.40099000e+00	-4.54600000e-07
1.65307931e+01	2026-08-24T16:18:25.071673	0.00000000e+00	1	2	-4.21524000e-05	3.99653000e-07	-1.35098000e+00	-3.93877000e-07
1.65441837e+01	2026-08-24T16:18:25.081966	0.00000000e+00	1	2	-3.30687000e-05	3.53196000e-07	-1.30092000e+00	-3.48974000e-07
1.65938898e+01	2026-08-24T16:18:25.135343	0.00000000e+00	1	2	-3.33309000e-05	3.00535000e-07	-1.25092000e+00	-3.01234000e-07
1.66024810e+01	2026-08-24T16:18:25.135343	0.00000000e+00	1	2	-3.89099000e-05	2.60489000e-07	-1.20087000e+00	-2.60494000e-07
1.66307454e+01	2026-08-24T16:18:25.167883	0.00000000e+00	1	2	-3.79324000e-05	2.29891000e-07	-1.15086000e+00	-2.23506000e-07
1.66385796e+01	2026-08-24T16:18:25.167883	0.00000000e+00	1	2	-3.64780000e-05	1.96528000e-07	-1.10079000e+00	-1.95560000e-07
1.66655176e+01	2026-08-24T16:18:25.199454	0.00000000e+00	1	2	-4.62055000e-05	1.73434000e-07	-1.05074000e+00	-1.73439000e-07
1.66901317e+01	2026-08-24T16:18:25.231275	0.00000000e+00	1	2	-3.80993000e-05	1.49877000e-07	-1.00073000e+00	-1.49353000e-07
1.66981332e+01	2026-08-24T16:18:25.231275	0.00000000e+00	1	2	-3.86477000e-05	1.28244000e-07	-9.50674000e-01	-1.26894000e-07
1.67252861e+01	2026-08-24T16:18:25.263092	0.00000000e+00	1	2	-3.60250000e-05	1.02543000e-07	-9.00654000e-01	-1.02028000e-07
1.67344448e+01	2026-08-24T16:18:25.263092	0.00000000e+00	1	2	-4.56572000e-05	8.03064000e-08	-8.50587000e-01	-7.39342000e-08
1.68490461e+01	2026-08-24T16:18:25.390161	0.00000000e+00	1	2	-4.42266000e-05	6.32265000e-08	-8.00591000e-01	-6.25818000e-08
1.68580795e+01	2026-08-24T16:18:25.390161	0.00000000e+00	1	2	-4.23193000e-05	5.73796000e-08	-7.50510000e-01	-5.49939000e-08
1.68809785e+01	2026-08-24T16:18:25.421882	0.00000000e+00	1	2	-4.22478000e-05	4.05702000e-08	-7.00485000e-01	-4.04730000e-08
1.68956730e+01	2026-08-24T16:18:25.425900	0.00000000e+00	1	2	-3.43323000e-05	3.64000000e-08	-6.50461000e-01	-3.10579000e-08
1.69441442e+01	2026-08-24T16:18:25.485537	0.00000000e+00	1	2	-3.94583000e-05	2.41777000e-08	-6.00417000e-01	-2.41699000e-08
1.69518812e+01	2026-08-24T16:18:25.485537	0.00000000e+00	1	2	-3.75748000e-05	2.12375000e-08	-5.50386000e-01	-1.96569000e-08
1.69595745e+01	2026-08-24T16:18:25.501279	0.00000000e+00	1	2	-3.19004000e-05	1.58359000e-08	-5.00338000e-01	-1.20473000e-08
1.69884343e+01	2026-08-24T16:18:25.527202	0.00000000e+00	1	2	-3.24488000e-05	1.07657000e-08	-4.50291000e-01	-1.00355000e-08
1.70077521e+01	2026-08-24T16:18:25.548908	0.00000000e+00	1	2	-4.11510000e-05	7.03180000e-09	-4.00281000e-01	-6.41956000e-09
1.70398161e+01	2026-08-24T16:18:25.581520	0.00000000e+00	1	2	-4.16040000e-05	4.15094000e-09	-3.50240000e-01	-4.23492000e-09
1.70485365e+01	2026-08-24T16:18:25.581520	0.00000000e+00	1	2	-4.11510000e-05	3.59882000e-09	-3.00189000e-01	-3.23610000e-09
1.70726402e+01	2026-08-24T16:18:25.613010	0.00000000e+00	1	2	-4.38690000e-05	1.61014000e-09	-2.50160000e-01	-1.26642000e-09
1.70845561e+01	2026-08-24T16:18:25.613010	0.00000000e+00	1	2	-4.43935000e-05	9.00328000e-10	-2.00026000e-01	-8.96132000e-10
1.70986961e+01	2026-08-24T16:18:25.638942	0.00000000e+00	1	2	-4.27008000e-05	2.40076000e-10	-1.49991000e-01	-3.30234000e-10
1.71199357e+01	2026-08-24T16:18:25.660869	0.00000000e+00	1	2	-4.54664000e-05	-3.65257000e-11	-9.99555000e-02	-1.49310000e-10
1.71276324e+01	2026-08-24T16:18:25.660869	0.00000000e+00	1	2	-3.55005000e-05	-5.32508000e-11	-4.99182000e-02	-7.81417000e-11
1.71511583e+01	2026-08-24T16:18:25.692392	0.00000000e+00	1	2	-3.95536000e-05	5.72205000e-12	5.75304000e-05	-1.37019000e-10
2.15926956e+01	2026-08-24T16:18:30.121765	0.00000000e+00	1	3	-3.83854000e-06	-2.91003000e-08	3.58343000e-05	3.91182000e-08
2.16115310e+01	2026-08-24T16:18:30.152664	0.00000000e+00	1	3	-7.77483000e-05	3.02571000e-05	-4.98728000e-02	-3.02075000e-05
2.16440292e+01	2026-08-24T16:18:30.184987	0.00000000e+00	1	3	-3.30687000e-05	6.15494000e-05	-9.99597000e-02	-6.15203000e-05
2.16752291e+01	2026-08-24T16:18:30.216397	0.00000000e+00	1	3	-3.49522000e-05	9.43285000e-05	-1.49994000e-01	-9.43075000e-05
2.16840026e+01	2026-08-24T16:18:30.216397	0.00000000e+00	1	3	-3.74794000e-05	1.29002000e-04	-2.00034000e-01	-1.28883000e-04
2.17076237e+01	2026-08-24T16:18:30.248170	0.00000000e+00	1	3	-3.64780000e-05	1.65781000e-04	-2.50158000e-01	-1.65745000e-04
2.17210259e+01	2026-08-24T16:18:30.248170	0.00000000e+00	1	3	-3.77417000e-05	2.04665000e-04	-3.00200000e-01	-2.04511000e-04
2.17700426e+01	2026-08-24T16:18:30.311476	0.00000000e+00	1	3	-3.51429000e-05	2.45455000e-04	-3.50256000e-01	-2.45215000e-04
2.17785894e+01	2026-08-24T16:18:30.311476	0.00000000e+00	1	3	-3.88145000e-05	2.87840000e-04	-4.00270000e-01	-2.87560000e-04
2.18029244e+01	2026-08-24T16:18:30.343647	0.00000000e+00	1	3	-4.22478000e-05	3.32063000e-04	-4.50289000e-01	-3.32057000e-04
2.18157937e+01	2026-08-24T16:18:30.343647	0.00000000e+00	1	3	-3.72887000e-05	3.77835000e-04	-5.00355000e-01	-3.77388000e-04
2.18344999e+01	2026-08-24T16:18:30.375700	0.00000000e+00	1	3	-3.84569000e-05	4.23486000e-04	-5.50403000e-01	-4.23392000e-04
2.18663626e+01	2026-08-24T16:18:30.407963	0.00000000e+00	1	3	-4.35829000e-05	4.70774000e-04	-6.00436000e-01	-4.70783000e-04
2.18753775e+01	2026-08-24T16:18:30.407963	0.00000000e+00	1	3	-4.33207000e-05	5.18343000e-04	-6.50437000e-01	-5.17979000e-04
2.18984015e+01	2026-08-24T16:18:30.438738	0.00000000e+00	1	3	-4.16040000e-05	5.66742000e-04	-7.00512000e-01	-5.66239000e-04
2.19105754e+01	2026-08-24T16:18:30.438738	0.00000000e+00	1	3	-5.01633000e-05	6.14862000e-04	-7.50545000e-01	-6.14581000e-04
2.19609775e+01	2026-08-24T16:18:30.502396	0.00000000e+00	1	3	-4.36783000e-05	6.63085000e-04	-8.00581000e-01	-6.62835000e-04
2.19694730e+01	2026-08-24T16:18:30.502396	0.00000000e+00	1	3	-4.60148000e-05	7.11407000e-04	-8.50595000e-01	-7.10675000e-04
2.19931797e+01	2026-08-24T16:18:30.534616	0.00000000e+00	1	3	-5.18560000e-05	7.49859000e-04	-9.00667000e-01	-7.46840000e-04
2.20063740e+01	2026-08-24T16:18:30.534616	0.00000000e+00	1	3	-4.32253000e-05	7.91699000e-04	-9.50665000e-01	-7.89228000e-04
2.20563205e+01	2026-08-24T16:18:30.597665	0.00000000e+00	1	3	-3.92675000e-05	7.68919000e-04	-1.00073000e+00	-7.62471000e-04
2.20647895e+01	2026-08-24T16:18:30.597665	0.00000000e+00	1	3	-4.06265000e-05	7.82584000e-04	-1.05075000e+00	-7.62557000e-04
2.20940902e+01	2026-08-24T16:18:30.629790	0.00000000e+00	1	3	-4.23193000e-05	5.30945000e-04	-1.10078000e+00	-5.29316000e-04
2.21027955e+01	2026-08-24T16:18:30.639820	0.00000000e+00	1	3	-4.57525000e-05	5.65151000e-04	-1.15086000e+00	-5.01911000e-04
2.21518887e+01	2026-08-24T16:18:30.692816	0.00000000e+00	1	3	-4.07934000e-05	4.34413000e-04	-1.20084000e+00	-4.15812000e-04
2.21609671e+01	2026-08-24T16:18:30.692816	0.00000000e+00	1	3	-3.02792000e-06	4.32562000e-04	-1.25092000e+00	-3.77064000e-04
2.21837111e+01	2026-08-24T16:18:30.724199	0.00000000e+00	1	3	-2.81334000e-05	2.91652000e-04	-1.30091000e+00	-2.79881000e-04
2.21984703e+01	2026-08-24T16:18:30.739981	0.00000000e+00	1	3	-5.37395000e-05	2.54269000e-04	-1.35102000e+00	-2.70918000e-04
2.22068386e+01	2026-08-24T16:18:30.740585	0.00000000e+00	1	3	-9.11474000e-05	3.14452000e-04	-1.40104000e+00	-3.02829000e-04
2.22366827e+01	2026-08-24T16:18:30.771941	0.00000000e+00	1	3	-2.80380000e-05	1.62790000e-04	-1.45106000e+00	-1.19669000e-04
2.22451372e+01	2026-08-24T16:18:30.771941	0.00000000e+00	1	3	-3.68357000e-05	1.55559000e-04	-1.50108000e+00	-8.84662000e-05
2.22809225e+01	2026-08-24T16:18:30.820530	0.00000000e+00	1	3	-3.28779000e-05	1.40750000e-04	-1.55108000e+00	-1.09075000e-04
2.23096917e+01	2026-08-24T16:18:30.851690	0.00000000e+00	1	3	-4.65631000e-05	1.41963000e-04	-1.60115000e+00	-1.04332000e-04
2.23375080e+01	2026-08-24T16:18:30.879257	0.00000000e+00	1	3	-4.69208000e-05	8.31675000e-05	-1.65116000e+00	-1.03304000e-04
2.23571848e+01	2026-08-24T16:18:30.898447	0.00000000e+00	1	3	-3.58582000e-05	7.94486000e-05	-1.70120000e+00	-7.62804000e-05
2.23676695e+01	2026-08-24T16:18:30.898447	0.00000000e+00	1	3	-4.11510000e-05	7.77316000e-05	-1.75123000e+00	-7.88704000e-05
2.23806545e+01	2026-08-24T16:18:30.919432	0.00000000e+00	1	3	-3.61204000e-05	8.65521000e-05	-1.80124000e+00	-7.08010000e-05
2.24048149e+01	2026-08-24T16:18:30.946590	0.00000000e+00	1	3	-3.95536000e-05	5.96882000e-05	-1.85129000e+00	-6.55432000e-05
2.24127556e+01	2026-08-24T16:18:30.946590	0.00000000e+00	1	3	-3.32594000e-05	7.51234000e-05	-1.90131000e+00	-7.23920000e-05
2.24438301e+01	2026-08-24T16:18:30.977984	0.00000000e+00	1	3	-4.04358000e-05	6.55155000e-05	-1.95134000e+00	-6.26766000e-05
2.24519075e+01	2026-08-24T16:18:30.993814	0.00000000e+00	1	3	-2.39849000e-05	5.82553000e-05	-2.00135000e+00	-5.62431000e-05
2.25001622e+01	2026-08-24T16:18:31.041244	0.00000000e+00	1	3	-3.95536000e-05	6.39090000e-05	-2.05112000e+00	-6.40019000e-05
2.25085936e+01	2026-08-24T16:18:31.041244	0.00000000e+00	1	3	-5.12362000e-05	5.10735000e-05	-2.10146000e+00	-5.04105000e-05
2.25379449e+01	2026-08-24T16:18:31.073456	0.00000000e+00	1	3	-4.52042000e-05	3.11638000e-05	-2.15175000e+00	-3.44410000e-05
2.25457892e+01	2026-08-24T16:18:31.083328	0.00000000e+00	1	3	-4.47512000e-05	4.95495000e-05	-2.20138000e+00	-2.72828000e-05
2.25952805e+01	2026-08-24T16:18:31.136169	0.00000000e+00	1	3	-4.53949000e-05	2.63533000e-05	-2.25141000e+00	-3.03259000e-05
2.26044548e+01	2026-08-24T16:18:31.136169	0.00000000e+00	1	3	-4.18901000e-05	3.32925000e-05	-2.30123000e+00	-2.79803000e-05
2.26281117e+01	2026-08-24T16:18:31.167947	0.00000000e+00	1	3	-4.30584000e-05	2.02697000e-05	-2.35173000e+00	-1.87718000e-05
2.26413806e+01	2026-08-24T16:18:31.167947	0.00000000e+00	1	3	-4.56572000e-05	1.81632000e-05	-2.40160000e+00	-1.85158000e-05
2.26845348e+01	2026-08-24T16:18:31.217553	0.00000000e+00	1	3	-4.17948000e-05	1.70040000e-05	-2.45137000e+00	-1.67088000e-05
2.27123731e+01	2026-08-24T16:18:31.247946	0.00000000e+00	1	3	-3.62158000e-05	1.85447000e-05	-2.50165000e+00	-2.17871000e-05
2.27315160e+01	2026-08-24T16:18:31.263225	0.00000000e+00	1	3	-4.15087000e-05	1.70179000e-05	-2.50161000e+00	-1.67359000e-05
2.27432675e+01	2026-08-24T16:18:31.279020	0.00000000e+00	1	3	-4.34876000e-05	1.32228000e-05	-2.45163000e+00	-1.35623000e-05
2.27509013e+01	2026-08-24T16:18:31.279020	0.00000000e+00	1	3	-4.22478000e-05	1.05463000e-05	-2.40161000e+00	-1.06079000e-05
2.27703242e+01	2026-08-24T16:18:31.310683	0.00000000e+00	1	3	-2.98262000e-05	9.15582000e-06	-2.35154000e+00	-9.13928000e-06
2.27836458e+01	2026-08-24T16:18:31.318804	0.00000000e+00	1	3	-4.97103000e-05	8.17353000e-06	-2.30130000e+00	-8.13433000e-06
2.28064266e+01	2026-08-24T16:18:31.342392	0.00000000e+00	1	3	-5.12362000e-05	7.18489000e-06	-2.25146000e+00	-7.18877000e-06
2.28152659e+01	2026-08-24T16:18:31.342392	0.00000000e+00	1	3	-5.12362000e-05	6.34432000e-06	-2.20144000e+00	-6.75463000e-06
2.28445941e+01	2026-08-24T16:18:31.379179	0.00000000e+00	1	3	-4.79937000e-05	6.05176000e-06	-2.15160000e+00	-6.05131000e-06
2.28649037e+01	2026-08-24T16:18:31.406574	0.00000000e+00	1	3	-4.74453000e-05	5.40447000e-06	-2.10139000e+00	-5.39349000e-06
2.28966079e+01	2026-08-24T16:18:31.437631	0.00000000e+00	1	3	-4.71830000e-05	4.88835000e-06	-2.05123000e+00	-4.89521000e-06
2.29045227e+01	2026-08-24T16:18:31.437631	0.00000000e+00	1	3	-5.44786000e-05	4.47928000e-06	-2.00136000e+00	-4.47322000e-06
2.29124099e+01	2026-08-24T16:18:31.453672	0.00000000e+00	1	3	-4.62055000e-05	4.08453000e-06	-1.95133000e+00	-4.01279000e-06
2.29442808e+01	2026-08-24T16:18:31.485748	0.00000000e+00	1	3	-4.70161000e-05	3.69532000e-06	-1.90133000e+00	-3.67752000e-06
2.29523442e+01	2026-08-24T16:18:31.485748	0.00000000e+00	1	3	-5.01633000e-05	3.35984000e-06	-1.85129000e+00	-3.36006000e-06
2.29604443e+01	2026-08-24T16:18:31.501678	0.00000000e+00	1	3	-4.46558000e-05	3.09699000e-06	-1.80124000e+00	-3.09540000e-06
2.29925678e+01	2026-08-24T16:18:31.533650	0.00000000e+00	1	3	-5.04255000e-05	2.86308000e-06	-1.75123000e+00	-2.82564000e-06
2.30007779e+01	2026-08-24T16:18:31.533650	0.00000000e+00	1	3	-4.73738000e-05	2.58400000e-06	-1.70119000e+00	-2.58045000e-06
2.30321810e+01	2026-08-24T16:18:31.565837	0.00000000e+00	1	3	-4.75407000e-05	2.39612000e-06	-1.65116000e+00	-2.39135000e-06
2.30561278e+01	2026-08-24T16:18:31.598133	0.00000000e+00	1	3	-4.85420000e-05	2.14581000e-06	-1.60111000e+00	-2.14991000e-06
2.30679469e+01	2026-08-24T16:18:31.600137	0.00000000e+00	1	3	-5.07832000e-05	1.94975000e-06	-1.55110000e+00	-1.95150000e-06
2.30923999e+01	2026-08-24T16:18:31.629268	0.00000000e+00	1	3	-4.78029000e-05	1.81559000e-06	-1.50107000e+00	-1.81237000e-06
2.30998564e+01	2026-08-24T16:18:31.638829	0.00000000e+00	1	3	-4.70877000e-05	1.65861000e-06	-1.45104000e+00	-1.65440000e-06
2.31193990e+01	2026-08-24T16:18:31.660509	0.00000000e+00	1	3	-4.95195000e-05	1.51619000e-06	-1.40099000e+00	-1.51211000e-06
2.31514265e+01	2026-08-24T16:18:31.692333	0.00000000e+00	1	3	-4.06265000e-05	1.37194000e-06	-1.35098000e+00	-1.36979000e-06
2.31600278e+01	2026-08-24T16:18:31.692333	0.00000000e+00	1	3	-4.84467000e-05	1.24289000e-06	-1.30092000e+00	-1.24562000e-06
2.31839342e+01	2026-08-24T16:18:31.724177	0.00000000e+00	1	3	-4.48465000e-05	1.13847000e-06	-1.25089000e+00	-1.12462000e-06
2.31968732e+01	2026-08-24T16:18:31.724177	0.00000000e+00	1	3	-4.48465000e-05	1.01163000e-06	-1.20086000e+00	-1.01279000e-06
2.32464609e+01	2026-08-24T16:18:31.787440	0.00000000e+00	1	3	-4.60148000e-05	9.09275000e-07	-1.15086000e+00	-9.03897000e-07
2.32598345e+01	2026-08-24T16:18:31.787440	0.00000000e+00	1	3	-5.06878000e-05	8.17144000e-07	-1.10079000e+00	-8.18437000e-07
2.32913772e+01	2026-08-24T16:18:31.819219	0.00000000e+00	1	3	-4.62770000e-05	7.49245000e-07	-1.05074000e+00	-7.44658000e-07
2.33418939e+01	2026-08-24T16:18:31.882869	0.00000000e+00	1	3	-4.40359000e-05	6.20735000e-07	-1.00073000e+00	-6.22300000e-07
2.33496510e+01	2026-08-24T16:18:31.882869	0.00000000e+00	1	3	-4.45843000e-05	5.52853000e-07	-9.50658000e-01	-5.49966000e-07
2.33736457e+01	2026-08-24T16:18:31.914300	0.00000000e+00	1	3	-4.70877000e-05	4.76092000e-07	-9.00661000e-01	-4.75130000e-07
2.33857959e+01	2026-08-24T16:18:31.914300	0.00000000e+00	1	3	-4.49419000e-05	4.13387000e-07	-8.50579000e-01	-4.17169000e-07
2.34052998e+01	2026-08-24T16:18:31.946202	0.00000000e+00	1	3	-5.53608000e-05	3.58574000e-07	-8.00591000e-01	-3.58457000e-07
2.34369243e+01	2026-08-24T16:18:31.978631	0.00000000e+00	1	3	-4.63724000e-05	3.15499000e-07	-7.50542000e-01	-3.21536000e-07
2.34452161e+01	2026-08-24T16:18:31.978631	0.00000000e+00	1	3	-4.67300000e-05	2.72004000e-07	-7.00499000e-01	-2.72220000e-07
2.34742498e+01	2026-08-24T16:18:32.009369	0.00000000e+00	1	3	-4.70161000e-05	2.22432000e-07	-6.50445000e-01	-2.21461000e-07
2.34830771e+01	2026-08-24T16:18:32.009369	0.00000000e+00	1	3	-5.09500000e-05	1.82033000e-07	-6.00420000e-01	-1.78772000e-07
2.35316482e+01	2026-08-24T16:18:32.073229	0.00000000e+00	1	3	-4.92573000e-05	1.30343000e-07	-5.50387000e-01	-1.29568000e-07
2.35401130e+01	2026-08-24T16:18:32.073229	0.00000000e+00	1	3	-4.53949000e-05	1.00083000e-07	-5.00357000e-01	-8.99078000e-08
2.36026247e+01	2026-08-24T16:18:32.136113	0.00000000e+00	1	3	-5.46455000e-05	6.12350000e-08	-4.50313000e-01	-6.18873000e-08
2.36582753e+01	2026-08-24T16:18:32.199662	0.00000000e+00	1	3	-4.77314000e-05	5.48127000e-08	-4.00305000e-01	-4.57265000e-08
2.37063102e+01	2026-08-24T16:18:32.247672	0.00000000e+00	1	3	-4.77314000e-05	3.38630000e-08	-3.50233000e-01	-3.33139000e-08
2.37141382e+01	2026-08-24T16:18:32.247672	0.00000000e+00	1	3	-4.14371000e-05	2.78971000e-08	-3.00196000e-01	-2.52802000e-08
2.37216307e+01	2026-08-24T16:18:32.263444	0.00000000e+00	1	3	-3.98159000e-05	1.93904000e-08	-2.50143000e-01	-1.28484000e-08
2.37512050e+01	2026-08-24T16:18:32.279292	0.00000000e+00	1	3	-4.24147000e-05	1.05122000e-08	-2.00040000e-01	-9.24621000e-09
2.38014826e+01	2026-08-24T16:18:32.342908	0.00000000e+00	1	3	-3.83616000e-05	3.31757000e-09	-1.50001000e-01	-3.30400000e-09
2.38097045e+01	2026-08-24T16:18:32.342908	0.00000000e+00	1	3	-4.48465000e-05	2.48605000e-09	-9.99635000e-02	-2.13333000e-09
2.38337378e+01	2026-08-24T16:18:32.374712	0.00000000e+00	1	3	-4.37737000e-05	6.99544000e-10	-4.99232000e-02	-4.88007000e-10
2.38449890e+01	2026-08-24T16:18:32.374712	0.00000000e+00	1	3	-4.50373000e-05	1.97446000e-10	5.34773000e-05	-3.01015000e-10
2.82522066e+01	2026-08-24T16:18:36.784853	0.00000000e+00	1	4	-2.29120000e-05	-4.16805000e-09	5.61714000e-05	1.33792000e-08
2.82757182e+01	2026-08-24T16:18:36.816750	0.00000000e+00	1	4	-3.57628000e-05	6.21079000e-06	-4.99263000e-02	-6.21521000e-06
2.83000904e+01	2026-08-24T16:18:36.837298	0.00000000e+00	1	4	-8.47816000e-05	1.29603000e-05	-9.99226000e-02	-1.30635000e-05
2.83199833e+01	2026-08-24T16:18:36.858926	0.00000000e+00	1	4	-3.38793000e-05	2.08102000e-05	-1.49993000e-01	-2.08357000e-05
2.83460194e+01	2026-08-24T16:18:36.880265	0.00000000e+00	1	4	-3.08990000e-05	3.00671000e-05	-2.00030000e-01	-3.00809000e-05
2.83536149e+01	2026-08-24T16:18:36.880265	0.00000000e+00	1	4	-3.93629000e-05	4.12103000e-05	-2.50147000e-01	-4.10986000e-05
2.84021526e+01	2026-08-24T16:18:36.943481	0.00000000e+00	1	4	-3.47853000e-05	5.47129000e-05	-3.00190000e-01	-5.47434000e-05
2.84111753e+01	2026-08-24T16:18:36.943481	0.00000000e+00	1	4	-3.58582000e-05	7.17289000e-05	-3.50248000e-01	-7.18040000e-05
2.84354128e+01	2026-08-24T16:18:36.976554	0.00000000e+00	1	4	-3.48568000e-05	9.08020000e-05	-4.00299000e-01	-9.07049000e-05
2.84490896e+01	2026-08-24T16:18:36.976554	0.00000000e+00	1	4	-3.33309000e-05	1.15674000e-04	-4.50306000e-01	-1.14486000e-04
2.84813181e+01	2026-08-24T16:18:37.022912	0.00000000e+00	1	4	-3.18050000e-05	1.44757000e-04	-5.00343000e-01	-1.43666000e-04
2.85029400e+01	2026-08-24T16:18:37.038905	0.00000000e+00	1	4	-4.04358000e-05	1.76006000e-04	-5.50371000e-01	-1.75999000e-04
2.85106140e+01	2026-08-24T16:18:37.038905	0.00000000e+00	1	4	-3.99828000e-05	2.08701000e-04	-6.00428000e-01	-2.06038000e-04
2.85302141e+01	2026-08-24T16:18:37.071700	0.00000000e+00	1	4	-3.35217000e-05	2.41602000e-04	-6.50452000e-01	-2.42739000e-04
2.85446263e+01	2026-08-24T16:18:37.081381	0.00000000e+00	1	4	-4.01735000e-05	2.77980000e-04	-7.00510000e-01	-2.77705000e-04
2.85936515e+01	2026-08-24T16:18:37.135206	0.00000000e+00	1	4	-3.08990000e-05	3.19466000e-04	-7.50517000e-01	-3.17941000e-04
2.86018607e+01	2026-08-24T16:18:37.141892	0.00000000e+00	1	4	-2.93732000e-05	3.53361000e-04	-8.00591000e-01	-3.53180000e-04
2.86255362e+01	2026-08-24T16:18:37.166465	0.00000000e+00	1	4	-3.56674000e-05	3.82240000e-04	-8.50617000e-01	-3.83334000e-04
2.86385155e+01	2026-08-24T16:18:37.166465	0.00000000e+00	1	4	-2.81334000e-05	4.15539000e-04	-9.00652000e-01	-4.12398000e-04
2.86745615e+01	2026-08-24T16:18:37.213714	0.00000000e+00	1	4	-3.76463000e-05	4.11868000e-04	-9.50675000e-01	-3.92896000e-04
2.86945910e+01	2026-08-24T16:18:37.229570	0.00000000e+00	1	4	-2.90155000e-05	4.27202000e-04	-1.00072000e+00	-4.18460000e-04
2.87028739e+01	2026-08-24T16:18:37.229570	0.00000000e+00	1	4	-3.91006000e-05	4.25328000e-04	-1.05073000e+00	-3.62450000e-04
2.87311365e+01	2026-08-24T16:18:37.261091	0.00000000e+00	1	4	-3.81947000e-05	3.73270000e-04	-1.10079000e+00	-3.75313000e-04
2.87516819e+01	2026-08-24T16:18:37.293494	0.00000000e+00	1	4	-3.54052000e-05	3.48578000e-04	-1.15085000e+00	-3.37617000e-04
2.87833032e+01	2026-08-24T16:18:37.324675	0.00000000e+00	1	4	-2.86579000e-05	3.21937000e-04	-1.20090000e+00	-3.18163000e-04
2.87910383e+01	2026-08-24T16:18:37.324675	0.00000000e+00	1	4	-3.63112000e-05	3.46048000e-04	-1.25089000e+00	-3.34360000e-04
2.87985739e+01	2026-08-24T16:18:37.340469	0.00000000e+00	1	4	-3.50475000e-05	3.41474000e-04	-1.30093000e+00	-3.49052000e-04
2.88283361e+01	2026-08-24T16:18:37.356460	0.00000000e+00	1	4	-2.22683000e-05	3.09965000e-04	-1.35098000e+00	-2.85582000e-04
2.88466011e+01	2026-08-24T16:18:37.388067	0.00000000e+00	1	4	-3.73840000e-05	2.90837000e-04	-1.40097000e+00	-2.65267000e-04
2.88792299e+01	2026-08-24T16:18:37.420184	0.00000000e+00	1	4	-4.05312000e-05	2.46187000e-04	-1.45107000e+00	-2.57762000e-04
2.88883720e+01	2026-08-24T16:18:37.420184	0.00000000e+00	1	4	-3.51429000e-05	2.42855000e-04	-1.50108000e+00	-2.34602000e-04
2.89109915e+01	2026-08-24T16:18:37.452061	0.00000000e+00	1	4	-4.07934000e-05	2.49731000e-04	-1.55112000e+00	-2.25547000e-04
2.89422012e+01	2026-08-24T16:18:37.483423	0.00000000e+00	1	4	-4.43935000e-05	2.11066000e-04	-1.60112000e+00	-2.23890000e-04
2.89501957e+01	2026-08-24T16:18:37.483423	0.00000000e+00	1	4	-3.86477000e-05	2.04715000e-04	-1.65114000e+00	-2.00184000e-04
2.89746823e+01	2026-08-24T16:18:37.516044	0.00000000e+00	1	4	-3.96252000e-05	1.65028000e-04	-1.70118000e+00	-1.53432000e-04
2.89879126e+01	2026-08-24T16:18:37.525567	0.00000000e+00	1	4	-3.51429000e-05	1.53796000e-04	-1.75120000e+00	-1.51884000e-04
2.89963450e+01	2026-08-24T16:18:37.530870	0.00000000e+00	1	4	-2.93016000e-05	2.16586000e-04	-1.80124000e+00	-1.62145000e-04
2.90038555e+01	2026-08-24T16:18:37.530870	0.00000000e+00	1	4	-5.27620000e-05	1.70693000e-04	-1.85128000e+00	-1.45734000e-04
2.90116471e+01	2026-08-24T16:18:37.547486	0.00000000e+00	1	4	-4.07219000e-05	1.58474000e-04	-1.90131000e+00	-1.44685000e-04
2.90193526e+01	2026-08-24T16:18:37.547486	0.00000000e+00	1	4	-4.93526000e-05	2.31485000e-04	-1.95134000e+00	-2.19616000e-04
2.90487944e+01	2026-08-24T16:18:37.578504	0.00000000e+00	1	4	-5.22137000e-05	2.33464000e-04	-2.00137000e+00	-2.08837000e-04
2.90690693e+01	2026-08-24T16:18:37.610617	0.00000000e+00	1	4	-3.82900000e-05	2.04813000e-04	-2.05118000e+00	-2.25586000e-04
2.91008499e+01	2026-08-24T16:18:37.642225	0.00000000e+00	1	4	-4.21524000e-05	8.44985000e-05	-2.10120000e+00	-7.78013000e-05
2.91130105e+01	2026-08-24T16:18:37.642225	0.00000000e+00	1	4	-4.00782000e-05	9.34300000e-05	-2.15154000e+00	-8.08876000e-05
2.91326915e+01	2026-08-24T16:18:37.674132	0.00000000e+00	1	4	-4.25100000e-05	8.23633000e-05	-2.20150000e+00	-8.25019000e-05
2.91649238e+01	2026-08-24T16:18:37.705687	0.00000000e+00	1	4	-3.58582000e-05	9.33477000e-05	-2.25119000e+00	-9.26266000e-05
2.91741025e+01	2026-08-24T16:18:37.705687	0.00000000e+00	1	4	-3.93629000e-05	1.20292000e-04	-2.30113000e+00	-1.23741000e-04
2.91963600e+01	2026-08-24T16:18:37.738238	0.00000000e+00	1	4	-4.09842000e-05	1.04686000e-04	-2.35148000e+00	-8.85176000e-05
2.92168209e+01	2026-08-24T16:18:37.755825	0.00000000e+00	1	4	-4.16994000e-05	1.16878000e-04	-2.40158000e+00	-9.47564000e-05
2.92432723e+01	2026-08-24T16:18:37.784758	0.00000000e+00	1	4	-4.11510000e-05	7.65111000e-05	-2.45148000e+00	-7.67584000e-05
2.92538495e+01	2026-08-24T16:18:37.784758	0.00000000e+00	1	4	-3.65734000e-05	7.80984000e-05	-2.50185000e+00	-6.51466000e-05
2.92658265e+01	2026-08-24T16:18:37.800563	0.00000000e+00	1	4	-3.16381000e-05	3.46301000e-05	-2.50171000e+00	-3.79516000e-05
2.93001996e+01	2026-08-24T16:18:37.836047	0.00000000e+00	1	4	-4.43935000e-05	3.10632000e-05	-2.45139000e+00	-3.21707000e-05
2.93167657e+01	2026-08-24T16:18:37.858107	0.00000000e+00	1	4	-3.71933000e-05	2.36354000e-05	-2.40155000e+00	-2.15574000e-05
2.93380336e+01	2026-08-24T16:18:37.879028	0.00000000e+00	1	4	-4.00782000e-05	1.75787000e-05	-2.35151000e+00	-1.74370000e-05
2.93466877e+01	2026-08-24T16:18:37.879028	0.00000000e+00	1	4	-4.73738000e-05	1.45329000e-05	-2.30113000e+00	-1.45858000e-05
2.93719663e+01	2026-08-24T16:18:37.910940	0.00000000e+00	1	4	-4.04358000e-05	1.27385000e-05	-2.25126000e+00	-1.27633000e-05
2.94011235e+01	2026-08-24T16:18:37.942505	0.00000000e+00	1	4	-3.79324000e-05	1.12520000e-05	-2.20144000e+00	-1.11621000e-05
2.94329894e+01	2026-08-24T16:18:37.974496	0.00000000e+00	1	4	-3.44992000e-05	1.01639000e-05	-2.15150000e+00	-1.02891000e-05
2.94414117e+01	2026-08-24T16:18:37.974496	0.00000000e+00	1	4	-2.92063000e-05	9.27470000e-06	-2.10125000e+00	-9.42748000e-06
2.94663581e+01	2026-08-24T16:18:38.007761	0.00000000e+00	1	4	-5.06878000e-05	8.47689000e-06	-2.05133000e+00	-8.46228000e-06
2.94799046e+01	2026-08-24T16:18:38.007761	0.00000000e+00	1	4	-3.96252000e-05	7.71706000e-06	-2.00137000e+00	-7.72989000e-06
2.95176848e+01	2026-08-24T16:18:38.054106	0.00000000e+00	1	4	-4.26054000e-05	7.00509000e-06	-1.95134000e+00	-6.96630000e-06
2.95335748e+01	2026-08-24T16:18:38.070310	0.00000000e+00	1	4	-4.15087000e-05	6.20837000e-06	-1.90132000e+00	-6.34784000e-06
2.95412751e+01	2026-08-24T16:18:38.079886	0.00000000e+00	1	4	-4.75407000e-05	5.77987000e-06	-1.85130000e+00	-5.77433000e-06
2.95601835e+01	2026-08-24T16:18:38.101536	0.00000000e+00	1	4	-4.57525000e-05	5.35524000e-06	-1.80122000e+00	-5.34693000e-06
2.95923269e+01	2026-08-24T16:18:38.133642	0.00000000e+00	1	4	-3.66688000e-05	4.89409000e-06	-1.75121000e+00	-4.89226000e-06
2.96008512e+01	2026-08-24T16:18:38.133642	0.00000000e+00	1	4	-4.48465000e-05	4.73968000e-06	-1.70117000e+00	-4.71754000e-06
2.96244819e+01	2026-08-24T16:18:38.165863	0.00000000e+00	1	4	-4.19617000e-05	4.39547000e-06	-1.65116000e+00	-4.36068000e-06
2.96381665e+01	2026-08-24T16:18:38.165863	0.00000000e+00	1	4	-4.42982000e-05	3.96445000e-06	-1.60111000e+00	-3.99973000e-06
2.96870895e+01	2026-08-24T16:18:38.228475	0.00000000e+00	1	4	-4.27008000e-05	3.70376000e-06	-1.55110000e+00	-3.81101000e-06
2.96953561e+01	2026-08-24T16:18:38.228475	0.00000000e+00	1	4	-4.63724000e-05	3.45618000e-06	-1.50106000e+00	-3.44855000e-06
2.97198705e+01	2026-08-24T16:18:38.260390	0.00000000e+00	1	4	-3.91006000e-05	3.14277000e-06	-1.45104000e+00	-3.11983000e-06
2.97327290e+01	2026-08-24T16:18:38.260390	0.00000000e+00	1	4	-4.05312000e-05	2.87791000e-06	-1.40100000e+00	-2.88411000e-06
2.97822720e+01	2026-08-24T16:18:38.323650	0.00000000e+00	1	4	-4.74453000e-05	2.64919000e-06	-1.35100000e+00	-2.56729000e-06
2.97910014e+01	2026-08-24T16:18:38.323650	0.00000000e+00	1	4	-4.55618000e-05	2.36138000e-06	-1.30092000e+00	-2.36035000e-06
2.98145128e+01	2026-08-24T16:18:38.355106	0.00000000e+00	1	4	-4.78983000e-05	2.16649000e-06	-1.25092000e+00	-2.13166000e-06
2.98280834e+01	2026-08-24T16:18:38.365900	0.00000000e+00	1	4	-4.82559000e-05	1.94625000e-06	-1.20087000e+00	-1.94017000e-06
2.98509546e+01	2026-08-24T16:18:38.386643	0.00000000e+00	1	4	-5.09500000e-05	1.75395000e-06	-1.15087000e+00	-1.76196000e-06
2.98589439e+01	2026-08-24T16:18:38.386643	0.00000000e+00	1	4	-4.48465000e-05	1.56809000e-06	-1.10080000e+00	-1.57295000e-06
2.98919825e+01	2026-08-24T16:18:38.418454	0.00000000e+00	1	4	-4.67300000e-05	1.41213000e-06	-1.05075000e+00	-1.33731000e-06
2.99402340e+01	2026-08-24T16:18:38.481600	0.00000000e+00	1	4	-4.76360000e-05	1.19219000e-06	-1.00072000e+00	-1.20659000e-06
2.99488910e+01	2026-08-24T16:18:38.481600	0.00000000e+00	1	4	-4.69208000e-05	1.05327000e-06	-9.50679000e-01	-1.05299000e-06
2.99728010e+01	2026-08-24T16:18:38.513388	0.00000000e+00	1	4	-4.57525000e-05	9.09588000e-07	-9.00658000e-01	-9.06448000e-07
2.99865092e+01	2026-08-24T16:18:38.523097	0.00000000e+00	1	4	-4.59194000e-05	7.88805000e-07	-8.50595000e-01	-7.88975000e-07
3.00092054e+01	2026-08-24T16:18:38.544613	0.00000000e+00	1	4	-4.66347000e-05	6.86801000e-07	-8.00597000e-01	-6.70743000e-07
3.00171181e+01	2026-08-24T16:18:38.544613	0.00000000e+00	1	4	-4.23193000e-05	5.63311000e-07	-7.50538000e-01	-5.63286000e-07
3.00482840e+01	2026-08-24T16:18:38.587239	0.00000000e+00	1	4	-4.55618000e-05	4.62537000e-07	-7.00504000e-01	-4.41491000e-07
3.00717481e+01	2026-08-24T16:18:38.608019	0.00000000e+00	1	4	-4.98772000e-05	3.61067000e-07	-6.50470000e-01	-3.65243000e-07
3.00800999e+01	2026-08-24T16:18:38.608019	0.00000000e+00	1	4	-4.07219000e-05	2.91297000e-07	-6.00436000e-01	-3.03680000e-07
3.01127708e+01	2026-08-24T16:18:38.639825	0.00000000e+00	1	4	-4.50373000e-05	2.35597000e-07	-5.50376000e-01	-2.24329000e-07
3.01621602e+01	2026-08-24T16:18:38.703470	0.00000000e+00	1	4	-4.19617000e-05	1.71654000e-07	-5.00354000e-01	-1.69308000e-07
3.01704228e+01	2026-08-24T16:18:38.703470	0.00000000e+00	1	4	-4.48465000e-05	1.25937000e-07	-4.50315000e-01	-1.28981000e-07
3.01951171e+01	2026-08-24T16:18:38.735697	0.00000000e+00	1	4	-4.66347000e-05	8.22085000e-08	-4.00322000e-01	-7.88820000e-08
3.02991397e+01	2026-08-24T16:18:38.830693	0.00000000e+00	1	4	-3.81947000e-05	6.90778000e-08	-3.50257000e-01	-6.50246000e-08
3.03250438e+01	2026-08-24T16:18:38.862154	0.00000000e+00	1	4	-4.04358000e-05	5.20561000e-08	-3.00221000e-01	-4.48590000e-08
3.03615931e+01	2026-08-24T16:18:38.893752	0.00000000e+00	1	4	-4.33207000e-05	2.53065000e-08	-2.50174000e-01	-2.55543000e-08
3.03795987e+01	2026-08-24T16:18:38.920127	0.00000000e+00	1	4	-3.68357000e-05	1.86520000e-08	-2.00032000e-01	-1.75037000e-08
3.04000498e+01	2026-08-24T16:18:38.941370	0.00000000e+00	1	4	-4.66347000e-05	9.44468000e-09	-1.50003000e-01	-9.20858000e-09
3.04081433e+01	2026-08-24T16:18:38.941370	0.00000000e+00	1	4	-4.15087000e-05	7.34709000e-09	-9.99671000e-02	-6.53136000e-09
3.04327710e+01	2026-08-24T16:18:38.972904	0.00000000e+00	1	4	-4.07219000e-05	1.99287000e-09	-4.99297000e-02	-1.57381000e-09
3.04458689e+01	2026-08-24T16:18:38.972904	0.00000000e+00	1	4	-4.29630000e-05	9.64367000e-10	6.17504000e-05	-1.79005000e-10
3.45994098e+01	2026-08-24T16:18:43.132123	0.00000000e+00	1	5	-1.48058000e-05	-7.72678000e-09	4.61102000e-05	2.42894000e-08
3.46073127e+01	2026-08-24T16:18:43.148841	0.00000000e+00	1	5	-1.54543000e-04	1.10188000e-08	-4.98765000e-02	-1.32831000e-05
3.46384118e+01	2026-08-24T16:18:43.179233	0.00000000e+00	1	5	-9.03368000e-05	2.73607000e-05	-9.99566000e-02	-2.73906000e-05
3.46595999e+01	2026-08-24T16:18:43.199913	0.00000000e+00	1	5	-4.08888000e-05	4.34513000e-05	-1.49996000e-01	-4.32739000e-05
3.46894445e+01	2026-08-24T16:18:43.227050	0.00000000e+00	1	5	-4.39405000e-05	6.18390000e-05	-2.00031000e-01	-6.16878000e-05
3.46975171e+01	2026-08-24T16:18:43.227050	0.00000000e+00	1	5	-4.76360000e-05	8.25772000e-05	-2.50149000e-01	-8.27413000e-05
3.47186076e+01	2026-08-24T16:18:43.258389	0.00000000e+00	1	5	-4.20570000e-05	1.05941000e-04	-3.00204000e-01	-1.06065000e-04
3.47324275e+01	2026-08-24T16:18:43.274308	0.00000000e+00	1	5	-4.25100000e-05	1.32041000e-04	-3.50236000e-01	-1.31039000e-04
3.47809904e+01	2026-08-24T16:18:43.322693	0.00000000e+00	1	5	-4.82559000e-05	1.59349000e-04	-4.00305000e-01	-1.59387000e-04
3.47891770e+01	2026-08-24T16:18:43.322693	0.00000000e+00	1	5	-4.77314000e-05	1.89126000e-04	-4.50280000e-01	-1.88680000e-04
3.48126111e+01	2026-08-24T16:18:43.353787	0.00000000e+00	1	5	-4.62770000e-05	2.25027000e-04	-5.00334000e-01	-2.25021000e-04
3.48269168e+01	2026-08-24T16:18:43.353787	0.00000000e+00	1	5	-4.98772000e-05	2.58775000e-04	-5.50377000e-01	-2.57924000e-04
3.48350714e+01	2026-08-24T16:18:43.369912	0.00000000e+00	1	5	-5.42879000e-05	2.94062000e-04	-6.00452000e-01	-2.93600000e-04
3.48427727e+01	2026-08-24T16:18:43.369912	0.00000000e+00	1	5	-4.66347000e-05	3.34762000e-04	-6.50460000e-01	-3.34713000e-04
3.48747798e+01	2026-08-24T16:18:43.412439	0.00000000e+00	1	5	-4.80890000e-05	3.72927000e-04	-7.00492000e-01	-3.71982000e-04
3.48826960e+01	2026-08-24T16:18:43.417748	0.00000000e+00	1	5	-4.97103000e-05	4.13447000e-04	-7.50532000e-01	-4.15071000e-04
3.48904129e+01	2026-08-24T16:18:43.417748	0.00000000e+00	1	5	-5.12362000e-05	4.59395000e-04	-8.00581000e-01	-4.61415000e-04
3.49404982e+01	2026-08-24T16:18:43.481369	0.00000000e+00	1	5	-4.93526000e-05	4.93076000e-04	-8.50605000e-01	-4.92420000e-04
3.49485289e+01	2026-08-24T16:18:43.481369	0.00000000e+00	1	5	-5.23090000e-05	5.29403000e-04	-9.00664000e-01	-5.27715000e-04
3.49727619e+01	2026-08-24T16:18:43.512832	0.00000000e+00	1	5	-5.50985000e-05	5.29426000e-04	-9.50687000e-01	-5.15591000e-04
3.50029911e+01	2026-08-24T16:18:43.544430	0.00000000e+00	1	5	-4.92573000e-05	5.06927000e-04	-1.00073000e+00	-5.00515000e-04
3.50117628e+01	2026-08-24T16:18:43.544430	0.00000000e+00	1	5	-4.47512000e-05	5.12165000e-04	-1.05073000e+00	-5.01490000e-04
3.50356575e+01	2026-08-24T16:18:43.576259	0.00000000e+00	1	5	-4.78983000e-05	4.40634000e-04	-1.10081000e+00	-4.23132000e-04
3.50500083e+01	2026-08-24T16:18:43.591950	0.00000000e+00	1	5	-4.24147000e-05	4.48419000e-04	-1.15086000e+00	-4.15381000e-04
3.50987747e+01	2026-08-24T16:18:43.639939	0.00000000e+00	1	5	-4.11510000e-05	3.74236000e-04	-1.20087000e+00	-3.74789000e-04
3.51078824e+01	2026-08-24T16:18:43.639939	0.00000000e+00	1	5	-5.32150000e-05	3.77983000e-04	-1.25092000e+00	-3.76308000e-04
3.51305599e+01	2026-08-24T16:18:43.671844	0.00000000e+00	1	5	-7.28130000e-05	2.35410000e-04	-1.30097000e+00	-2.33852000e-04
3.51619806e+01	2026-08-24T16:18:43.703539	0.00000000e+00	1	5	-3.59535000e-05	2.80349000e-04	-1.35101000e+00	-2.69833000e-04
3.51699120e+01	2026-08-24T16:18:43.703539	0.00000000e+00	1	5	-4.80890000e-05	1.85466000e-04	-1.40100000e+00	-1.94460000e-04
3.52012854e+01	2026-08-24T16:18:43.735899	0.00000000e+00	1	5	-5.43833000e-05	2.01900000e-04	-1.45102000e+00	-2.85246000e-04
3.52261737e+01	2026-08-24T16:18:43.767249	0.00000000e+00	1	5	-4.97818000e-05	1.43586000e-04	-1.50107000e+00	-1.40226000e-04
3.52351891e+01	2026-08-24T16:18:43.767249	0.00000000e+00	1	5	-3.21627000e-05	2.21321000e-04	-1.55112000e+00	-1.64530000e-04
3.52588012e+01	2026-08-24T16:18:43.799376	0.00000000e+00	1	5	-2.78473000e-05	2.14477000e-04	-1.60105000e+00	-2.11441000e-04
3.52711485e+01	2026-08-24T16:18:43.799376	0.00000000e+00	1	5	-5.91517000e-05	2.56264000e-04	-1.65117000e+00	-2.26172000e-04
3.52902273e+01	2026-08-24T16:18:43.831369	0.00000000e+00	1	5	-5.42879000e-05	2.37733000e-04	-1.70118000e+00	-1.95864000e-04
3.53152866e+01	2026-08-24T16:18:43.854916	0.00000000e+00	1	5	-2.93732000e-05	1.64631000e-04	-1.75125000e+00	-1.60268000e-04
3.53375798e+01	2026-08-24T16:18:43.878602	0.00000000e+00	1	5	-3.67641000e-05	1.49519000e-04	-1.80124000e+00	-1.34050000e-04
3.53454919e+01	2026-08-24T16:18:43.878602	0.00000000e+00	1	5	-4.22478000e-05	1.63715000e-04	-1.85126000e+00	-1.63537000e-04
3.53698212e+01	2026-08-24T16:18:43.910637	0.00000000e+00	1	5	-4.79937000e-05	1.78749000e-04	-1.90131000e+00	-1.44088000e-04
3.53836603e+01	2026-08-24T16:18:43.917755	0.00000000e+00	1	5	-5.68151000e-05	1.58919000e-04	-1.95134000e+00	-1.52076000e-04
3.54338485e+01	2026-08-24T16:18:43.973966	0.00000000e+00	1	5	-3.74794000e-05	1.49528000e-04	-2.00132000e+00	-1.45739000e-04
3.54416569e+01	2026-08-24T16:18:43.973966	0.00000000e+00	1	5	-2.93732000e-05	2.02326000e-04	-2.05120000e+00	-1.92578000e-04
3.54642747e+01	2026-08-24T16:18:44.005789	0.00000000e+00	1	5	-7.71284000e-05	1.60530000e-04	-2.10128000e+00	-1.17117000e-04
3.54961087e+01	2026-08-24T16:18:44.037527	0.00000000e+00	1	5	-4.74453000e-05	1.25914000e-04	-2.15145000e+00	-1.14726000e-04
3.55038761e+01	2026-08-24T16:18:44.037527	0.00000000e+00	1	5	-5.33819000e-05	1.43687000e-04	-2.20133000e+00	-1.44499000e-04
3.55278984e+01	2026-08-24T16:18:44.069256	0.00000000e+00	1	5	-4.52042000e-05	9.32406000e-05	-2.25126000e+00	-8.62481000e-05
3.55418937e+01	2026-08-24T16:18:44.079761	0.00000000e+00	1	5	-4.84467000e-05	1.28919000e-04	-2.30120000e+00	-9.03796000e-05
3.55751312e+01	2026-08-24T16:18:44.116774	0.00000000e+00	1	5	-4.04358000e-05	8.40069000e-05	-2.35137000e+00	-8.73420000e-05
3.55991291e+01	2026-08-24T16:18:44.132524	0.00000000e+00	1	5	-4.97818000e-05	8.80324000e-05	-2.40152000e+00	-8.65302000e-05
3.56234243e+01	2026-08-24T16:18:44.164948	0.00000000e+00	1	5	-4.27723000e-05	7.08929000e-05	-2.45146000e+00	-6.28143000e-05
3.56371439e+01	2026-08-24T16:18:44.164948	0.00000000e+00	1	5	-4.07219000e-05	1.00707000e-04	-2.50158000e+00	-5.97400000e-05
3.56713642e+01	2026-08-24T16:18:44.211512	0.00000000e+00	1	5	-4.90665000e-05	6.17078000e-05	-2.50170000e+00	-6.40613000e-05
3.56912272e+01	2026-08-24T16:18:44.227518	0.00000000e+00	1	5	-4.60148000e-05	4.21588000e-05	-2.45144000e+00	-4.30727000e-05
3.56993290e+01	2026-08-24T16:18:44.227518	0.00000000e+00	1	5	-3.90053000e-05	2.88456000e-05	-2.40157000e+00	-2.90127000e-05
3.57189130e+01	2026-08-24T16:18:44.259518	0.00000000e+00	1	5	-4.68254000e-05	2.59813000e-05	-2.35147000e+00	-2.44323000e-05
3.57501255e+01	2026-08-24T16:18:44.291192	0.00000000e+00	1	5	-4.69208000e-05	2.38388000e-05	-2.30139000e+00	-2.42535000e-05
3.57821520e+01	2026-08-24T16:18:44.323264	0.00000000e+00	1	5	-4.92573000e-05	1.93148000e-05	-2.25143000e+00	-1.90792000e-05
3.57907651e+01	2026-08-24T16:18:44.325271	0.00000000e+00	1	5	-4.56572000e-05	1.72266000e-05	-2.20147000e+00	-1.71884000e-05
3.58150847e+01	2026-08-24T16:18:44.356228	0.00000000e+00	1	5	-4.47512000e-05	1.50678000e-05	-2.15137000e+00	-1.50456000e-05
3.58284334e+01	2026-08-24T16:18:44.367749	0.00000000e+00	1	5	-3.66688000e-05	1.38887000e-05	-2.10111000e+00	-1.34347000e-05
3.58516142e+01	2026-08-24T16:18:44.387278	0.00000000e+00	1	5	-4.23193000e-05	1.21652000e-05	-2.05135000e+00	-1.21570000e-05
3.58592421e+01	2026-08-24T16:18:44.387278	0.00000000e+00	1	5	-4.63724000e-05	1.10968000e-05	-2.00137000e+00	-1.10892000e-05
3.58778464e+01	2026-08-24T16:18:44.419497	0.00000000e+00	1	5	-4.15087000e-05	1.01274000e-05	-1.95134000e+00	-1.01218000e-05
3.58995578e+01	2026-08-24T16:18:44.435300	0.00000000e+00	1	5	-3.48568000e-05	9.17549000e-06	-1.90132000e+00	-9.22622000e-06
3.59259792e+01	2026-08-24T16:18:44.467099	0.00000000e+00	1	5	-5.32150000e-05	8.54379000e-06	-1.85130000e+00	-8.40460000e-06
3.59576641e+01	2026-08-24T16:18:44.498709	0.00000000e+00	1	5	-5.45502000e-05	7.73713000e-06	-1.80124000e+00	-7.80030000e-06
3.59663419e+01	2026-08-24T16:18:44.498709	0.00000000e+00	1	5	-5.15938000e-05	7.13615000e-06	-1.75123000e+00	-7.10586000e-06
3.59893890e+01	2026-08-24T16:18:44.530483	0.00000000e+00	1	5	-4.49419000e-05	6.50855000e-06	-1.70120000e+00	-6.52109000e-06
3.60212465e+01	2026-08-24T16:18:44.563246	0.00000000e+00	1	5	-5.11408000e-05	5.88549000e-06	-1.65115000e+00	-5.95150000e-06
3.60297070e+01	2026-08-24T16:18:44.563246	0.00000000e+00	1	5	-5.24998000e-05	5.44460000e-06	-1.60112000e+00	-5.44440000e-06
3.60536713e+01	2026-08-24T16:18:44.594527	0.00000000e+00	1	5	-5.88655000e-05	5.52604000e-06	-1.55111000e+00	-5.22056000e-06
3.60850245e+01	2026-08-24T16:18:44.625973	0.00000000e+00	1	5	-4.83513000e-05	4.76501000e-06	-1.50105000e+00	-4.71708000e-06
3.61166520e+01	2026-08-24T16:18:44.658088	0.00000000e+00	1	5	-5.24998000e-05	4.32896000e-06	-1.45104000e+00	-4.32739000e-06
3.61243941e+01	2026-08-24T16:18:44.658088	0.00000000e+00	1	5	-5.64575000e-05	3.96246000e-06	-1.40098000e+00	-3.95196000e-06
3.61325727e+01	2026-08-24T16:18:44.673824	0.00000000e+00	1	5	-4.95195000e-05	3.61695000e-06	-1.35099000e+00	-3.60872000e-06
3.61625029e+01	2026-08-24T16:18:44.689900	0.00000000e+00	1	5	-5.18560000e-05	3.33832000e-06	-1.30095000e+00	-3.34156000e-06
3.61956084e+01	2026-08-24T16:18:44.737093	0.00000000e+00	1	5	-5.06878000e-05	3.08263000e-06	-1.25093000e+00	-3.07676000e-06
3.62169767e+01	2026-08-24T16:18:44.752986	0.00000000e+00	1	5	-4.54664000e-05	2.78362000e-06	-1.20084000e+00	-2.76797000e-06
3.62249879e+01	2026-08-24T16:18:44.752986	0.00000000e+00	1	5	-5.02348000e-05	2.51351000e-06	-1.15086000e+00	-2.50450000e-06
3.62748577e+01	2026-08-24T16:18:44.816226	0.00000000e+00	1	5	-5.19514000e-05	2.25874000e-06	-1.10080000e+00	-2.24718000e-06
3.62837016e+01	2026-08-24T16:18:44.816226	0.00000000e+00	1	5	-4.93526000e-05	1.97630000e-06	-1.05073000e+00	-1.99465000e-06
3.63073336e+01	2026-08-24T16:18:44.848183	0.00000000e+00	1	5	-4.47512000e-05	1.78072000e-06	-1.00074000e+00	-1.76995000e-06
3.63191105e+01	2026-08-24T16:18:44.858382	0.00000000e+00	1	5	-4.44889000e-05	1.55469000e-06	-9.50691000e-01	-1.56214000e-06
3.63386344e+01	2026-08-24T16:18:44.879670	0.00000000e+00	1	5	-4.88043000e-05	1.36822000e-06	-9.00649000e-01	-1.36371000e-06
3.63699570e+01	2026-08-24T16:18:44.911374	0.00000000e+00	1	5	-4.93526000e-05	1.20697000e-06	-8.50598000e-01	-1.20369000e-06
3.63781949e+01	2026-08-24T16:18:44.911374	0.00000000e+00	1	5	-4.28677000e-05	1.04489000e-06	-8.00595000e-01	-1.04098000e-06
3.64102336e+01	2026-08-24T16:18:44.942832	0.00000000e+00	1	5	-5.12362000e-05	8.81074000e-07	-7.50538000e-01	-8.80997000e-07
3.64329635e+01	2026-08-24T16:18:44.974457	0.00000000e+00	1	5	-5.40257000e-05	7.46551000e-07	-7.00507000e-01	-7.48317000e-07
3.64648381e+01	2026-08-24T16:18:45.006291	0.00000000e+00	1	5	-4.83513000e-05	6.24132000e-07	-6.50446000e-01	-6.18940000e-07
3.64737198e+01	2026-08-24T16:18:45.006291	0.00000000e+00	1	5	-4.78983000e-05	5.00532000e-07	-6.00430000e-01	-4.95405000e-07
3.64966407e+01	2026-08-24T16:18:45.037992	0.00000000e+00	1	5	-4.37737000e-05	3.92248000e-07	-5.50397000e-01	-3.96342000e-07
3.65285625e+01	2026-08-24T16:18:45.069863	0.00000000e+00	1	5	-5.30243000e-05	2.94178000e-07	-5.00358000e-01	-2.94359000e-07
3.65364867e+01	2026-08-24T16:18:45.069863	0.00000000e+00	1	5	-5.48363000e-05	2.22382000e-07	-4.50296000e-01	-2.13362000e-07
3.65660282e+01	2026-08-24T16:18:45.101556	0.00000000e+00	1	5	-5.39303000e-05	1.53999000e-07	-4.00287000e-01	-1.52818000e-07
3.65740419e+01	2026-08-24T16:18:45.101556	0.00000000e+00	1	5	-4.52995000e-05	1.08223000e-07	-3.50236000e-01	-1.08791000e-07
3.66077020e+01	2026-08-24T16:18:45.149337	0.00000000e+00	1	5	-5.75304000e-05	6.99129000e-08	-3.00187000e-01	-6.79724000e-08
3.67196952e+01	2026-08-24T16:18:45.260755	0.00000000e+00	1	5	-4.66347000e-05	4.11952000e-08	-2.50141000e-01	-3.84744000e-08
3.67289618e+01	2026-08-24T16:18:45.260755	0.00000000e+00	1	5	-4.69208000e-05	2.90011000e-08	-2.00032000e-01	-2.56288000e-08
3.67521306e+01	2026-08-24T16:18:45.292172	0.00000000e+00	1	5	-5.05209000e-05	1.16852000e-08	-1.49993000e-01	-1.11595000e-08
3.67824416e+01	2026-08-24T16:18:45.323936	0.00000000e+00	1	5	-4.84467000e-05	5.69775000e-09	-9.99527000e-02	-5.62185000e-09
3.67908370e+01	2026-08-24T16:18:45.323936	0.00000000e+00	1	5	-4.64678000e-05	4.32165000e-09	-4.99169000e-02	-3.72010000e-09
3.68146088e+01	2026-08-24T16:18:45.355576	0.00000000e+00	1	5	-4.59194000e-05	3.41749000e-10	5.74350000e-05	-2.51949000e-10
4.14819495e+01	2026-08-24T16:18:50.015104	0.00000000e+00	1	6	-2.54154000e-05	-4.47799000e-09	5.17607000e-05	1.28157000e-08
4.15082954e+01	2026-08-24T16:18:50.046928	0.00000000e+00	1	6	-4.36783000e-05	6.27002000e-06	-4.99277000e-02	-6.25407000e-06
4.15284903e+01	2026-08-24T16:18:50.066905	0.00000000e+00	1	6	-8.96215000e-05	1.29435000e-05	-9.99242000e-02	-1.31322000e-05
4.15536854e+01	2026-08-24T16:18:50.094918	0.00000000e+00	1	6	-3.81947000e-05	2.12209000e-05	-1.50006000e-01	-2.11921000e-05
4.15616881e+01	2026-08-24T16:18:50.094918	0.00000000e+00	1	6	-4.04358000e-05	3.08657000e-05	-2.00037000e-01	-3.11048000e-05
4.15860181e+01	2026-08-24T16:18:50.127603	0.00000000e+00	1	6	-3.96252000e-05	4.32576000e-05	-2.50153000e-01	-4.33275000e-05
4.16172226e+01	2026-08-24T16:18:50.158330	0.00000000e+00	1	6	-3.64065000e-05	5.82048000e-05	-3.00211000e-01	-5.80517000e-05
4.16259670e+01	2026-08-24T16:18:50.158330	0.00000000e+00	1	6	-4.30584000e-05	7.67920000e-05	-3.50235000e-01	-7.67224000e-05
4.16498782e+01	2026-08-24T16:18:50.190356	0.00000000e+00	1	6	-3.64065000e-05	9.88005000e-05	-4.00296000e-01	-9.94551000e-05
4.16645965e+01	2026-08-24T16:18:50.206321	0.00000000e+00	1	6	-3.69310000e-05	1.25684000e-04	-4.50314000e-01	-1.25637000e-04
4.16883991e+01	2026-08-24T16:18:50.222116	0.00000000e+00	1	6	-4.04358000e-05	1.53282000e-04	-5.00352000e-01	-1.51566000e-04
4.17138465e+01	2026-08-24T16:18:50.253697	0.00000000e+00	1	6	-3.82900000e-05	1.70488000e-04	-5.50395000e-01	-1.73681000e-04
4.17270426e+01	2026-08-24T16:18:50.253697	0.00000000e+00	1	6	-4.08888000e-05	1.98933000e-04	-6.00455000e-01	-1.93474000e-04
4.17770085e+01	2026-08-24T16:18:50.318506	0.00000000e+00	1	6	-4.02689000e-05	2.04835000e-04	-6.50479000e-01	-2.05289000e-04
4.17848998e+01	2026-08-24T16:18:50.318506	0.00000000e+00	1	6	-4.07219000e-05	2.37262000e-04	-7.00512000e-01	-2.34276000e-04
4.18080877e+01	2026-08-24T16:18:50.349265	0.00000000e+00	1	6	-4.00782000e-05	2.39267000e-04	-7.50536000e-01	-2.38030000e-04
4.18233455e+01	2026-08-24T16:18:50.365054	0.00000000e+00	1	6	-3.96252000e-05	2.68552000e-04	-8.00615000e-01	-2.59656000e-04
4.18714999e+01	2026-08-24T16:18:50.412999	0.00000000e+00	1	6	-3.94583000e-05	3.09611000e-04	-8.50592000e-01	-3.06652000e-04
4.18796638e+01	2026-08-24T16:18:50.412999	0.00000000e+00	1	6	-3.98159000e-05	3.33232000e-04	-9.00653000e-01	-3.33351000e-04
4.19046785e+01	2026-08-24T16:18:50.444891	0.00000000e+00	1	6	-4.35829000e-05	3.44546000e-04	-9.50687000e-01	-3.29931000e-04
4.19353710e+01	2026-08-24T16:18:50.476683	0.00000000e+00	1	6	-4.40359000e-05	3.25696000e-04	-1.00073000e+00	-3.24562000e-04
4.19680245e+01	2026-08-24T16:18:50.508909	0.00000000e+00	1	6	-3.96252000e-05	3.06005000e-04	-1.05076000e+00	-3.02702000e-04
4.19765941e+01	2026-08-24T16:18:50.508909	0.00000000e+00	1	6	-4.14371000e-05	3.08971000e-04	-1.10081000e+00	-3.11218000e-04
4.20004097e+01	2026-08-24T16:18:50.541084	0.00000000e+00	1	6	-4.00782000e-05	3.08446000e-04	-1.15085000e+00	-2.82266000e-04
4.20149711e+01	2026-08-24T16:18:50.556393	0.00000000e+00	1	6	-5.22137000e-05	3.04201000e-04	-1.20088000e+00	-3.15110000e-04
4.20227449e+01	2026-08-24T16:18:50.556393	0.00000000e+00	1	6	-4.27008000e-05	3.38920000e-04	-1.25092000e+00	-3.30119000e-04
4.20303715e+01	2026-08-24T16:18:50.572120	0.00000000e+00	1	6	-3.57628000e-05	2.86095000e-04	-1.30094000e+00	-2.71887000e-04
4.20594913e+01	2026-08-24T16:18:50.587904	0.00000000e+00	1	6	-2.85625000e-05	2.58242000e-04	-1.35099000e+00	-2.60074000e-04
4.20867749e+01	2026-08-24T16:18:50.627706	0.00000000e+00	1	6	-3.97205000e-05	2.15907000e-04	-1.40099000e+00	-2.21320000e-04
4.21102883e+01	2026-08-24T16:18:50.651249	0.00000000e+00	1	6	-4.92573000e-05	2.15201000e-04	-1.45104000e+00	-2.09144000e-04
4.21182704e+01	2026-08-24T16:18:50.651249	0.00000000e+00	1	6	-5.19514000e-05	2.13022000e-04	-1.50107000e+00	-2.12872000e-04
4.21420101e+01	2026-08-24T16:18:50.682809	0.00000000e+00	1	6	-4.42982000e-05	2.17372000e-04	-1.55112000e+00	-2.13546000e-04
4.21546411e+01	2026-08-24T16:18:50.682809	0.00000000e+00	1	6	-4.69208000e-05	2.34830000e-04	-1.60112000e+00	-2.30467000e-04
4.21730195e+01	2026-08-24T16:18:50.714525	0.00000000e+00	1	6	-3.94583000e-05	2.14026000e-04	-1.65117000e+00	-2.57769000e-04
4.22059212e+01	2026-08-24T16:18:50.746974	0.00000000e+00	1	6	-5.39303000e-05	1.89153000e-04	-1.70118000e+00	-1.82964000e-04
4.22137817e+01	2026-08-24T16:18:50.746974	0.00000000e+00	1	6	-5.07832000e-05	1.89325000e-04	-1.75125000e+00	-1.91916000e-04
4.22364563e+01	2026-08-24T16:18:50.777788	0.00000000e+00	1	6	-5.17607000e-05	1.50057000e-04	-1.80124000e+00	-1.42205000e-04
4.22681525e+01	2026-08-24T16:18:50.809476	0.00000000e+00	1	6	-3.81947000e-05	1.71143000e-04	-1.85129000e+00	-1.47483000e-04
4.22898194e+01	2026-08-24T16:18:50.825301	0.00000000e+00	1	6	-4.79937000e-05	1.79999000e-04	-1.90131000e+00	-1.74717000e-04
4.22978056e+01	2026-08-24T16:18:50.825301	0.00000000e+00	1	6	2.43902000e-05	2.61519000e-04	-1.95136000e+00	-2.04717000e-04
4.23308821e+01	2026-08-24T16:18:50.859216	0.00000000e+00	1	6	-5.84364000e-05	2.52608000e-04	-2.00137000e+00	-2.44414000e-04
4.23791549e+01	2026-08-24T16:18:50.920508	0.00000000e+00	1	6	-4.43935000e-05	1.79189000e-04	-2.05125000e+00	-1.75776000e-04
4.23881563e+01	2026-08-24T16:18:50.920508	0.00000000e+00	1	6	-3.67641000e-05	2.06469000e-04	-2.10133000e+00	-1.96555000e-04
4.24112694e+01	2026-08-24T16:18:50.952950	0.00000000e+00	1	6	-4.44889000e-05	1.68420000e-04	-2.15159000e+00	-1.52463000e-04
4.24430276e+01	2026-08-24T16:18:50.984091	0.00000000e+00	1	6	-4.46558000e-05	1.68917000e-04	-2.20161000e+00	-1.59101000e-04
4.24518091e+01	2026-08-24T16:18:50.984091	0.00000000e+00	1	6	-5.25713000e-05	1.93853000e-04	-2.25148000e+00	-2.14651000e-04
4.24752797e+01	2026-08-24T16:18:51.015687	0.00000000e+00	1	6	-5.60045000e-05	1.20482000e-04	-2.30123000e+00	-1.20426000e-04
4.24877779e+01	2026-08-24T16:18:51.015687	0.00000000e+00	1	6	-4.66347000e-05	1.25415000e-04	-2.35166000e+00	-1.30784000e-04
4.25218438e+01	2026-08-24T16:18:51.063179	0.00000000e+00	1	6	4.80413000e-05	2.66282000e-04	-2.40151000e+00	-1.27830000e-04
4.25449962e+01	2026-08-24T16:18:51.079049	0.00000000e+00	1	6	-6.99282000e-05	1.03599000e-04	-2.45152000e+00	-6.78146000e-05
4.25695769e+01	2026-08-24T16:18:51.110591	0.00000000e+00	1	6	-5.20468000e-05	7.38866000e-05	-2.50179000e+00	-8.51089000e-05
4.25883580e+01	2026-08-24T16:18:51.126445	0.00000000e+00	1	6	-5.49078000e-05	8.89803000e-05	-2.50160000e+00	-7.11608000e-05
4.26059996e+01	2026-08-24T16:18:51.142211	0.00000000e+00	1	6	-4.45843000e-05	4.94167000e-05	-2.45151000e+00	-4.76446000e-05
4.26135009e+01	2026-08-24T16:18:51.142211	0.00000000e+00	1	6	-5.33104000e-05	4.63889000e-05	-2.40166000e+00	-4.39611000e-05
4.26340801e+01	2026-08-24T16:18:51.174233	0.00000000e+00	1	6	-5.04255000e-05	2.99448000e-05	-2.35154000e+00	-3.07614000e-05
4.26645335e+01	2026-08-24T16:18:51.206002	0.00000000e+00	1	6	-5.18560000e-05	2.43437000e-05	-2.30132000e+00	-2.49097000e-05
4.26730786e+01	2026-08-24T16:18:51.206002	0.00000000e+00	1	6	-4.64678000e-05	2.07913000e-05	-2.25135000e+00	-2.05358000e-05
4.26972546e+01	2026-08-24T16:18:51.237875	0.00000000e+00	1	6	-5.37395000e-05	1.65061000e-05	-2.20155000e+00	-1.71692000e-05
4.27284084e+01	2026-08-24T16:18:51.269423	0.00000000e+00	1	6	-9.23157000e-05	1.47880000e-05	-2.15148000e+00	-1.48814000e-05
4.27362116e+01	2026-08-24T16:18:51.269423	0.00000000e+00	1	6	-4.56572000e-05	1.28854000e-05	-2.10125000e+00	-1.29234000e-05
4.27599439e+01	2026-08-24T16:18:51.301348	0.00000000e+00	1	6	-4.69208000e-05	1.12171000e-05	-2.05146000e+00	-1.12801000e-05
4.27744717e+01	2026-08-24T16:18:51.310826	0.00000000e+00	1	6	-8.08954000e-05	9.98008000e-06	-2.00134000e+00	-1.00956000e-05
4.28021926e+01	2026-08-24T16:18:51.334282	0.00000000e+00	1	6	-4.20570000e-05	8.98282000e-06	-1.95136000e+00	-8.92301000e-06
4.28241017e+01	2026-08-24T16:18:51.366029	0.00000000e+00	1	6	-5.15938000e-05	8.13906000e-06	-1.90131000e+00	-8.17211000e-06
4.28321344e+01	2026-08-24T16:18:51.366029	0.00000000e+00	1	6	-5.01633000e-05	7.31712000e-06	-1.85130000e+00	-7.21280000e-06
4.28565207e+01	2026-08-24T16:18:51.397354	0.00000000e+00	1	6	-5.55515000e-05	6.59460000e-06	-1.80124000e+00	-6.56236000e-06
4.28879477e+01	2026-08-24T16:18:51.429011	0.00000000e+00	1	6	-5.10454000e-05	5.96727000e-06	-1.75122000e+00	-5.97290000e-06
4.29199912e+01	2026-08-24T16:18:51.460961	0.00000000e+00	1	6	-4.83513000e-05	5.38731000e-06	-1.70120000e+00	-5.36456000e-06
4.29276329e+01	2026-08-24T16:18:51.460961	0.00000000e+00	1	6	-5.37395000e-05	4.90133000e-06	-1.65116000e+00	-4.90617000e-06
4.29351107e+01	2026-08-24T16:18:51.477054	0.00000000e+00	1	6	-5.11408000e-05	4.40765000e-06	-1.60114000e+00	-4.21068000e-06
4.29830733e+01	2026-08-24T16:18:51.524147	0.00000000e+00	1	6	-5.01633000e-05	3.85932000e-06	-1.55112000e+00	-3.86444000e-06
4.29912806e+01	2026-08-24T16:18:51.524147	0.00000000e+00	1	6	-4.72784000e-05	3.52393000e-06	-1.50107000e+00	-3.52307000e-06
4.30153400e+01	2026-08-24T16:18:51.555980	0.00000000e+00	1	6	-4.54664000e-05	3.23070000e-06	-1.45102000e+00	-3.21754000e-06
4.30277886e+01	2026-08-24T16:18:51.555980	0.00000000e+00	1	6	-3.93629000e-05	2.93093000e-06	-1.40099000e+00	-2.91693000e-06
4.30470331e+01	2026-08-24T16:18:51.588005	0.00000000e+00	1	6	-4.38690000e-05	2.65842000e-06	-1.35101000e+00	-2.69844000e-06
4.30815914e+01	2026-08-24T16:18:51.619210	0.00000000e+00	1	6	-4.67300000e-05	2.40094000e-06	-1.30093000e+00	-2.40986000e-06
4.30892000e+01	2026-08-24T16:18:51.629619	0.00000000e+00	1	6	-4.34160000e-05	2.19174000e-06	-1.25092000e+00	-2.18275000e-06
4.31095193e+01	2026-08-24T16:18:51.650551	0.00000000e+00	1	6	-4.87089000e-05	1.95295000e-06	-1.20087000e+00	-1.95399000e-06
4.31411413e+01	2026-08-24T16:18:51.682285	0.00000000e+00	1	6	-4.80890000e-05	1.77353000e-06	-1.15085000e+00	-1.77478000e-06
4.31494672e+01	2026-08-24T16:18:51.682285	0.00000000e+00	1	6	-4.71830000e-05	1.58901000e-06	-1.10078000e+00	-1.56968000e-06
4.31728000e+01	2026-08-24T16:18:51.714085	0.00000000e+00	1	6	-4.20570000e-05	1.39529000e-06	-1.05073000e+00	-1.40847000e-06
4.32046859e+01	2026-08-24T16:18:51.745577	0.00000000e+00	1	6	-4.10795000e-05	1.25981000e-06	-1.00071000e+00	-1.25415000e-06
4.32124888e+01	2026-08-24T16:18:51.752650	0.00000000e+00	1	6	-4.88043000e-05	1.11328000e-06	-9.50679000e-01	-1.11047000e-06
4.32357343e+01	2026-08-24T16:18:51.777209	0.00000000e+00	1	6	-4.34160000e-05	9.67848000e-07	-9.00645000e-01	-9.49295000e-07
4.32677881e+01	2026-08-24T16:18:51.809415	0.00000000e+00	1	6	-4.48465000e-05	8.23442000e-07	-8.50626000e-01	-8.21515000e-07
4.32764759e+01	2026-08-24T16:18:51.809415	0.00000000e+00	1	6	-4.01735000e-05	7.02530000e-07	-8.00599000e-01	-6.88150000e-07
4.32933859e+01	2026-08-24T16:18:51.830693	0.00000000e+00	1	6	-3.98159000e-05	5.76306000e-07	-7.50546000e-01	-5.72994000e-07
4.33138078e+01	2026-08-24T16:18:51.851093	0.00000000e+00	1	6	-4.95195000e-05	4.76897000e-07	-7.00520000e-01	-4.65279000e-07
4.33364688e+01	2026-08-24T16:18:51.872243	0.00000000e+00	1	6	-3.79324000e-05	3.79137000e-07	-6.50448000e-01	-3.80519000e-07
4.33439978e+01	2026-08-24T16:18:51.872243	0.00000000e+00	1	6	-4.34160000e-05	3.00416000e-07	-6.00452000e-01	-2.98732000e-07
4.33628524e+01	2026-08-24T16:18:51.904118	0.00000000e+00	1	6	-4.45843000e-05	2.27807000e-07	-5.50389000e-01	-2.30582000e-07
4.33944276e+01	2026-08-24T16:18:51.935609	0.00000000e+00	1	6	-4.32253000e-05	1.67317000e-07	-5.00348000e-01	-1.69367000e-07
4.34024749e+01	2026-08-24T16:18:51.935609	0.00000000e+00	1	6	-4.47512000e-05	1.31200000e-07	-4.50306000e-01	-1.26969000e-07
4.34265737e+01	2026-08-24T16:18:51.967553	0.00000000e+00	1	6	-5.26667000e-05	7.36744000e-08	-4.00313000e-01	-7.06546000e-08
4.35303457e+01	2026-08-24T16:18:52.062909	0.00000000e+00	1	6	-2.93016000e-05	6.24959000e-08	-3.50258000e-01	-5.77984000e-08
4.35544069e+01	2026-08-24T16:18:52.094482	0.00000000e+00	1	6	-4.27008000e-05	3.31059000e-08	-3.00197000e-01	-3.20638000e-08
4.35848556e+01	2026-08-24T16:18:52.126190	0.00000000e+00	1	6	-4.27723000e-05	1.97192000e-08	-2.50171000e-01	-1.92540000e-08
4.35926111e+01	2026-08-24T16:18:52.126190	0.00000000e+00	1	6	-3.80039000e-05	1.45231000e-08	-2.00035000e-01	-1.25583000e-08
4.36006774e+01	2026-08-24T16:18:52.141952	0.00000000e+00	1	6	-4.19617000e-05	8.10988000e-09	-1.50005000e-01	-5.46582000e-09
4.36305862e+01	2026-08-24T16:18:52.157728	0.00000000e+00	1	6	-4.85420000e-05	4.28418000e-09	-9.99668000e-02	-3.72095000e-09
4.36796632e+01	2026-08-24T16:18:52.221031	0.00000000e+00	1	6	-4.24147000e-05	8.88085000e-10	-4.99217000e-02	-8.32212000e-10
4.36874451e+01	2026-08-24T16:18:52.221031	0.00000000e+00	1	6	-3.51429000e-05	4.85456000e-10	5.58138000e-05	-4.79054000e-10
4.84573579e+01	2026-08-24T16:18:56.984179	0.00000000e+00	1	7	-1.91212000e-05	-4.55686000e-09	4.83513000e-05	1.68240000e-08
4.84892872e+01	2026-08-24T16:18:57.015984	0.00000000e+00	1	7	-4.55618000e-05	8.84206000e-06	-4.99155000e-02	-8.82191000e-06
4.85435580e+01	2026-08-24T16:18:57.080359	0.00000000e+00	1	7	-1.17850000e-04	1.75563000e-05	-9.99024000e-02	-1.76671000e-05
4.85698584e+01	2026-08-24T16:18:57.111273	0.00000000e+00	1	7	-4.10795000e-05	2.81044000e-05	-1.49994000e-01	-2.82109000e-05
4.85777056e+01	2026-08-24T16:18:57.111273	0.00000000e+00	1	7	-4.55618000e-05	4.02730000e-05	-2.00022000e-01	-4.02546000e-05
4.85857649e+01	2026-08-24T16:18:57.127039	0.00000000e+00	1	7	-3.80993000e-05	5.47327000e-05	-2.50152000e-01	-5.51853000e-05
4.86158624e+01	2026-08-24T16:18:57.143698	0.00000000e+00	1	7	-3.75748000e-05	7.27242000e-05	-3.00189000e-01	-7.26460000e-05
4.86658579e+01	2026-08-24T16:18:57.206856	0.00000000e+00	1	7	-4.56572000e-05	9.15317000e-05	-3.50221000e-01	-9.14074000e-05
4.86737579e+01	2026-08-24T16:18:57.206856	0.00000000e+00	1	7	-3.23534000e-05	1.13835000e-04	-4.00292000e-01	-1.14001000e-04
4.86973549e+01	2026-08-24T16:18:57.238424	0.00000000e+00	1	7	-3.80039000e-05	1.41830000e-04	-4.50289000e-01	-1.41564000e-04
4.87295154e+01	2026-08-24T16:18:57.270430	0.00000000e+00	1	7	-3.75748000e-05	1.67434000e-04	-5.00340000e-01	-1.66781000e-04
4.87373658e+01	2026-08-24T16:18:57.270430	0.00000000e+00	1	7	-4.55618000e-05	1.97940000e-04	-5.50361000e-01	-1.96195000e-04
4.87622327e+01	2026-08-24T16:18:57.302157	0.00000000e+00	1	7	-4.13418000e-05	2.29065000e-04	-6.00415000e-01	-2.25935000e-04
4.87931597e+01	2026-08-24T16:18:57.334227	0.00000000e+00	1	7	-3.76463000e-05	2.64887000e-04	-6.50429000e-01	-2.65882000e-04
4.88251233e+01	2026-08-24T16:18:57.366148	0.00000000e+00	1	7	-4.23193000e-05	3.03556000e-04	-7.00516000e-01	-3.03459000e-04
4.88330060e+01	2026-08-24T16:18:57.366148	0.00000000e+00	1	7	-4.53949000e-05	3.43543000e-04	-7.50515000e-01	-3.48975000e-04
4.88621608e+01	2026-08-24T16:18:57.397598	0.00000000e+00	1	7	-4.35829000e-05	3.77484000e-04	-8.00577000e-01	-3.75507000e-04
4.88883918e+01	2026-08-24T16:18:57.429413	0.00000000e+00	1	7	-4.06265000e-05	4.12717000e-04	-8.50591000e-01	-4.15768000e-04
4.88967621e+01	2026-08-24T16:18:57.429413	0.00000000e+00	1	7	-4.05312000e-05	4.51640000e-04	-9.00647000e-01	-4.45262000e-04
4.89206392e+01	2026-08-24T16:18:57.461318	0.00000000e+00	1	7	-4.36783000e-05	4.23551000e-04	-9.50671000e-01	-4.10284000e-04
4.89583424e+01	2026-08-24T16:18:57.494392	0.00000000e+00	1	7	-3.67641000e-05	3.96146000e-04	-1.00071000e+00	-3.92576000e-04
4.89841929e+01	2026-08-24T16:18:57.524438	0.00000000e+00	1	7	-3.21627000e-05	3.77134000e-04	-1.05073000e+00	-3.68198000e-04
4.89918850e+01	2026-08-24T16:18:57.524438	0.00000000e+00	1	7	-4.34160000e-05	3.80557000e-04	-1.10079000e+00	-3.79714000e-04
4.90217147e+01	2026-08-24T16:18:57.556867	0.00000000e+00	1	7	-4.22478000e-05	2.88570000e-04	-1.15085000e+00	-2.85142000e-04
4.90472321e+01	2026-08-24T16:18:57.587766	0.00000000e+00	1	7	-4.04358000e-05	2.83278000e-04	-1.20087000e+00	-2.82867000e-04
4.90551486e+01	2026-08-24T16:18:57.587766	0.00000000e+00	1	7	-3.50475000e-05	3.18126000e-04	-1.25092000e+00	-3.14801000e-04
4.90787953e+01	2026-08-24T16:18:57.619897	0.00000000e+00	1	7	-3.67641000e-05	2.46332000e-04	-1.30093000e+00	-2.34893000e-04
4.91105376e+01	2026-08-24T16:18:57.651334	0.00000000e+00	1	7	-4.48465000e-05	2.45152000e-04	-1.35100000e+00	-2.19976000e-04
4.91186687e+01	2026-08-24T16:18:57.651334	0.00000000e+00	1	7	-3.59535000e-05	2.41174000e-04	-1.40100000e+00	-2.21604000e-04
4.91422042e+01	2026-08-24T16:18:57.683120	0.00000000e+00	1	7	-3.47853000e-05	1.82244000e-04	-1.45104000e+00	-1.74043000e-04
4.91735304e+01	2026-08-24T16:18:57.715057	0.00000000e+00	1	7	-4.19617000e-05	1.74942000e-04	-1.50106000e+00	-1.78712000e-04
4.91819466e+01	2026-08-24T16:18:57.715057	0.00000000e+00	1	7	-8.62122000e-05	2.44501000e-04	-1.55112000e+00	-2.30219000e-04
4.91900408e+01	2026-08-24T16:18:57.731118	0.00000000e+00	1	7	-2.03848000e-05	1.88347000e-04	-1.60112000e+00	-1.89088000e-04
4.92217177e+01	2026-08-24T16:18:57.763147	0.00000000e+00	1	7	-3.16381000e-05	2.00681000e-04	-1.65117000e+00	-1.83817000e-04
4.92299055e+01	2026-08-24T16:18:57.763780	0.00000000e+00	1	7	-3.99113000e-05	2.09230000e-04	-1.70120000e+00	-1.91380000e-04
4.92538270e+01	2026-08-24T16:18:57.794935	0.00000000e+00	1	7	-5.68867000e-05	2.20459000e-04	-1.75121000e+00	-1.91093000e-04
4.92860755e+01	2026-08-24T16:18:57.826636	0.00000000e+00	1	7	-3.49522000e-05	1.45660000e-04	-1.80123000e+00	-1.35856000e-04
4.92937051e+01	2026-08-24T16:18:57.826636	0.00000000e+00	1	7	-4.33207000e-05	1.70464000e-04	-1.85128000e+00	-1.72298000e-04
4.93173291e+01	2026-08-24T16:18:57.858420	0.00000000e+00	1	7	-3.55005000e-05	2.00407000e-04	-1.90132000e+00	-2.21059000e-04
4.93489137e+01	2026-08-24T16:18:57.890282	0.00000000e+00	1	7	-3.61204000e-05	1.86042000e-04	-1.95133000e+00	-1.89305000e-04
4.93579843e+01	2026-08-24T16:18:57.890282	0.00000000e+00	1	7	-4.37737000e-05	2.61239000e-04	-2.00137000e+00	-2.51723000e-04
4.93835319e+01	2026-08-24T16:18:57.921774	0.00000000e+00	1	7	-4.99725000e-05	2.46726000e-04	-2.05129000e+00	-2.49705000e-04
4.94120711e+01	2026-08-24T16:18:57.953423	0.00000000e+00	1	7	-3.99113000e-05	2.36256000e-04	-2.10121000e+00	-2.25005000e-04
4.94198746e+01	2026-08-24T16:18:57.953423	0.00000000e+00	1	7	-4.20570000e-05	2.33180000e-04	-2.15145000e+00	-2.30938000e-04
4.94449752e+01	2026-08-24T16:18:57.984923	0.00000000e+00	1	7	-3.86477000e-05	2.53155000e-04	-2.20112000e+00	-2.20706000e-04
4.94584838e+01	2026-08-24T16:18:57.984923	0.00000000e+00	1	7	-3.48568000e-05	3.46543000e-04	-2.25154000e+00	-2.75791000e-04
4.95072221e+01	2026-08-24T16:18:58.048230	0.00000000e+00	1	7	-2.84910000e-05	2.60489000e-04	-2.30121000e+00	-2.64220000e-04
4.95152728e+01	2026-08-24T16:18:58.048230	0.00000000e+00	1	7	1.56641000e-05	2.15053000e-04	-2.35144000e+00	-1.59132000e-04
4.95396190e+01	2026-08-24T16:18:58.079978	0.00000000e+00	1	7	-3.20673000e-05	8.20174000e-05	-2.40151000e+00	-6.28588000e-05
4.95707286e+01	2026-08-24T16:18:58.111774	0.00000000e+00	1	7	-4.32253000e-05	7.24886000e-05	-2.45132000e+00	-6.62019000e-05
4.95967276e+01	2026-08-24T16:18:58.138326	0.00000000e+00	1	7	-2.90155000e-05	9.95722000e-05	-2.50185000e+00	-8.46336000e-05
4.96208961e+01	2026-08-24T16:18:58.158341	0.00000000e+00	1	7	-4.35829000e-05	6.33397000e-05	-2.50167000e+00	-5.79193000e-05
4.96289333e+01	2026-08-24T16:18:58.158341	0.00000000e+00	1	7	-3.45945000e-05	2.75430000e-05	-2.45143000e+00	-2.97302000e-05
4.96496624e+01	2026-08-24T16:18:58.190022	0.00000000e+00	1	7	-4.04358000e-05	1.88640000e-05	-2.40140000e+00	-1.85651000e-05
4.96807949e+01	2026-08-24T16:18:58.221829	0.00000000e+00	1	7	-3.31640000e-05	1.56612000e-05	-2.35121000e+00	-1.57452000e-05
4.97116491e+01	2026-08-24T16:18:58.253082	0.00000000e+00	1	7	-4.26054000e-05	1.23416000e-05	-2.30124000e+00	-1.24767000e-05
4.97324947e+01	2026-08-24T16:18:58.268952	0.00000000e+00	1	7	-3.20673000e-05	1.01410000e-05	-2.25127000e+00	-1.00286000e-05
4.97401191e+01	2026-08-24T16:18:58.268952	0.00000000e+00	1	7	-2.84910000e-05	8.71024000e-06	-2.20132000e+00	-8.63412000e-06
4.97632484e+01	2026-08-24T16:18:58.300767	0.00000000e+00	1	7	-4.84467000e-05	7.46735000e-06	-2.15159000e+00	-7.34704000e-06
4.97916177e+01	2026-08-24T16:18:58.332676	0.00000000e+00	1	7	-4.62770000e-05	6.33672000e-06	-2.10136000e+00	-6.38949000e-06
4.98227665e+01	2026-08-24T16:18:58.363954	0.00000000e+00	1	7	-4.77314000e-05	5.70234000e-06	-2.05119000e+00	-5.67099000e-06
4.98308744e+01	2026-08-24T16:18:58.363954	0.00000000e+00	1	7	-4.75407000e-05	4.96399000e-06	-2.00133000e+00	-5.00298000e-06
4.98545984e+01	2026-08-24T16:18:58.395650	0.00000000e+00	1	7	-4.56572000e-05	4.29948000e-06	-1.95134000e+00	-4.31444000e-06
4.98814526e+01	2026-08-24T16:18:58.422983	0.00000000e+00	1	7	-4.66347000e-05	3.80208000e-06	-1.90130000e+00	-3.82329000e-06
4.99022645e+01	2026-08-24T16:18:58.443307	0.00000000e+00	1	7	-4.85420000e-05	3.35759000e-06	-1.85130000e+00	-3.31762000e-06
4.99101346e+01	2026-08-24T16:18:58.443307	0.00000000e+00	1	7	-3.94583000e-05	2.93857000e-06	-1.80123000e+00	-2.94446000e-06
4.99339269e+01	2026-08-24T16:18:58.474734	0.00000000e+00	1	7	-4.35829000e-05	2.63819000e-06	-1.75123000e+00	-2.61498000e-06
4.99649831e+01	2026-08-24T16:18:58.506337	0.00000000e+00	1	7	-4.62055000e-05	2.32622000e-06	-1.70117000e+00	-2.34285000e-06
4.99737809e+01	2026-08-24T16:18:58.506337	0.00000000e+00	1	7	-4.52995000e-05	2.05538000e-06	-1.65117000e+00	-2.06461000e-06
4.99977581e+01	2026-08-24T16:18:58.538666	0.00000000e+00	1	7	-4.68254000e-05	1.79678000e-06	-1.60112000e+00	-1.82370000e-06
5.00284925e+01	2026-08-24T16:18:58.569478	0.00000000e+00	1	7	-4.64678000e-05	1.63638000e-06	-1.55111000e+00	-1.60863000e-06
5.00601142e+01	2026-08-24T16:18:58.601097	0.00000000e+00	1	7	-4.46558000e-05	1.44003000e-06	-1.50106000e+00	-1.44257000e-06
5.00683892e+01	2026-08-24T16:18:58.601097	0.00000000e+00	1	7	-4.72784000e-05	1.27763000e-06	-1.45104000e+00	-1.27247000e-06
5.00922676e+01	2026-08-24T16:18:58.632980	0.00000000e+00	1	7	-4.33207000e-05	1.10985000e-06	-1.40098000e+00	-1.12182000e-06
5.01234511e+01	2026-08-24T16:18:58.664477	0.00000000e+00	1	7	-4.83513000e-05	9.77855000e-07	-1.35097000e+00	-9.81419000e-07
5.01552733e+01	2026-08-24T16:18:58.696410	0.00000000e+00	1	7	-4.60148000e-05	8.63187000e-07	-1.30092000e+00	-8.60757000e-07
5.01634336e+01	2026-08-24T16:18:58.696410	0.00000000e+00	1	7	-4.30584000e-05	7.55368000e-07	-1.25090000e+00	-7.56268000e-07
5.01872919e+01	2026-08-24T16:18:58.728283	0.00000000e+00	1	7	-4.43935000e-05	6.52975000e-07	-1.20083000e+00	-6.56922000e-07
5.02190766e+01	2026-08-24T16:18:58.760123	0.00000000e+00	1	7	-4.80890000e-05	5.70468000e-07	-1.15085000e+00	-5.71628000e-07
5.02273529e+01	2026-08-24T16:18:58.760123	0.00000000e+00	1	7	-4.46558000e-05	4.93221000e-07	-1.10078000e+00	-4.95399000e-07
5.02514534e+01	2026-08-24T16:18:58.793145	0.00000000e+00	1	7	-4.51088000e-05	4.23037000e-07	-1.05072000e+00	-4.18345000e-07
5.02824111e+01	2026-08-24T16:18:58.823496	0.00000000e+00	1	7	-4.60148000e-05	3.56936000e-07	-1.00072000e+00	-3.58617000e-07
5.03148037e+01	2026-08-24T16:18:58.855571	0.00000000e+00	1	7	-4.51088000e-05	3.03839000e-07	-9.50696000e-01	-3.03189000e-07
5.03227773e+01	2026-08-24T16:18:58.855571	0.00000000e+00	1	7	-4.70877000e-05	2.57033000e-07	-9.00644000e-01	-2.57977000e-07
5.03515742e+01	2026-08-24T16:18:58.887124	0.00000000e+00	1	7	-4.75407000e-05	2.12170000e-07	-8.50565000e-01	-2.13727000e-07
5.03777041e+01	2026-08-24T16:18:58.918892	0.00000000e+00	1	7	-4.59194000e-05	1.77659000e-07	-8.00592000e-01	-1.78442000e-07
5.03862668e+01	2026-08-24T16:18:58.918892	0.00000000e+00	1	7	-4.64678000e-05	1.49592000e-07	-7.50519000e-01	-1.49444000e-07
5.04103646e+01	2026-08-24T16:18:58.950505	0.00000000e+00	1	7	-5.13315000e-05	1.17057000e-07	-7.00519000e-01	-1.20218000e-07
5.04411909e+01	2026-08-24T16:18:58.982226	0.00000000e+00	1	7	-5.09500000e-05	9.43595000e-08	-6.50460000e-01	-9.42600000e-08
5.05447578e+01	2026-08-24T16:18:59.078175	0.00000000e+00	1	7	-4.27723000e-05	8.74335000e-08	-6.00432000e-01	-8.34321000e-08
5.05529037e+01	2026-08-24T16:18:59.094190	0.00000000e+00	1	7	-3.39746000e-05	7.14576000e-08	-5.50390000e-01	-6.66048000e-08
5.05602415e+01	2026-08-24T16:18:59.094190	0.00000000e+00	1	7	-3.37839000e-05	5.65003000e-08	-5.00354000e-01	-5.22569000e-08
5.05677234e+01	2026-08-24T16:18:59.094190	0.00000000e+00	1	7	-3.60250000e-05	4.34412000e-08	-4.50277000e-01	-3.25770000e-08
5.05969786e+01	2026-08-24T16:18:59.125627	0.00000000e+00	1	7	-4.16994000e-05	2.76431000e-08	-4.00305000e-01	-2.57843000e-08
5.06158403e+01	2026-08-24T16:18:59.157267	0.00000000e+00	1	7	-3.86477000e-05	1.68125000e-08	-3.50239000e-01	-1.65290000e-08
5.06480837e+01	2026-08-24T16:18:59.189108	0.00000000e+00	1	7	-4.85420000e-05	1.23501000e-08	-3.00211000e-01	-1.22047000e-08
5.06560013e+01	2026-08-24T16:18:59.189108	0.00000000e+00	1	7	-4.05312000e-05	9.86035000e-09	-2.50152000e-01	-8.91336000e-09
5.06800290e+01	2026-08-24T16:18:59.220921	0.00000000e+00	1	7	-4.21524000e-05	4.77918000e-09	-2.00021000e-01	-5.31632000e-09
5.07113873e+01	2026-08-24T16:18:59.252264	0.00000000e+00	1	7	-4.37737000e-05	3.04594000e-09	-1.49998000e-01	-2.82557000e-09
5.07204859e+01	2026-08-24T16:18:59.252264	0.00000000e+00	1	7	-4.39405000e-05	1.73962000e-09	-9.99508000e-02	-1.57716000e-09
5.07436926e+01	2026-08-24T16:18:59.283827	0.00000000e+00	1	7	-4.76360000e-05	7.11036000e-10	-4.99246000e-02	-7.75850000e-10
5.07740175e+01	2026-08-24T16:18:59.315319	0.00000000e+00	1	7	-4.59194000e-05	1.12116000e-10	5.97000000e-05	-8.96454000e-11
5.53798343e+01	2026-08-24T16:19:03.913431	0.00000000e+00	1	8	-1.24693000e-05	-2.15488000e-08	4.95195000e-05	3.58587000e-08
5.54052575e+01	2026-08-24T16:19:03.945802	0.00000000e+00	1	8	-1.17683000e-04	1.81213000e-05	-4.98641000e-02	-1.81634000e-05
5.54418081e+01	2026-08-24T16:19:03.976588	0.00000000e+00	1	8	-4.10795000e-05	3.74862000e-05	-9.99547000e-02	-3.74861000e-05
5.54498702e+01	2026-08-24T16:19:03.976588	0.00000000e+00	1	8	-4.20570000e-05	5.84000000e-05	-1.49995000e-01	-5.83630000e-05
5.54995322e+01	2026-08-24T16:19:04.040033	0.00000000e+00	1	8	-4.22478000e-05	8.14077000e-05	-2.00027000e-01	-8.14320000e-05
5.55073822e+01	2026-08-24T16:19:04.040033	0.00000000e+00	1	8	-3.70264000e-05	1.06545000e-04	-2.50153000e-01	-1.06686000e-04
5.55305545e+01	2026-08-24T16:19:04.071828	0.00000000e+00	1	8	-4.45843000e-05	1.33939000e-04	-3.00199000e-01	-1.33918000e-04
5.55626265e+01	2026-08-24T16:19:04.103724	0.00000000e+00	1	8	-3.05414000e-05	1.63498000e-04	-3.50233000e-01	-1.63413000e-04
5.55703934e+01	2026-08-24T16:19:04.103724	0.00000000e+00	1	8	-4.27008000e-05	1.93913000e-04	-4.00301000e-01	-1.93726000e-04
5.55939871e+01	2026-08-24T16:19:04.135088	0.00000000e+00	1	8	-4.39405000e-05	2.26832000e-04	-4.50303000e-01	-2.26280000e-04
5.56263542e+01	2026-08-24T16:19:04.166766	0.00000000e+00	1	8	-4.03404000e-05	2.61469000e-04	-5.00322000e-01	-2.61267000e-04
5.56349916e+01	2026-08-24T16:19:04.166766	0.00000000e+00	1	8	-4.54664000e-05	2.97717000e-04	-5.50395000e-01	-2.97243000e-04
5.56574779e+01	2026-08-24T16:19:04.198569	0.00000000e+00	1	8	-4.50373000e-05	3.32086000e-04	-6.00406000e-01	-3.32183000e-04
5.56900000e+01	2026-08-24T16:19:04.229970	0.00000000e+00	1	8	-4.42266000e-05	3.65180000e-04	-6.50432000e-01	-3.63810000e-04
5.56986334e+01	2026-08-24T16:19:04.229970	0.00000000e+00	1	8	-3.96252000e-05	4.01370000e-04	-7.00503000e-01	-4.01001000e-04
5.57206278e+01	2026-08-24T16:19:04.261664	0.00000000e+00	1	8	-4.53949000e-05	4.22964000e-04	-7.50538000e-01	-4.13184000e-04
5.57527930e+01	2026-08-24T16:19:04.293688	0.00000000e+00	1	8	-4.02689000e-05	4.01820000e-04	-8.00577000e-01	-3.96803000e-04
5.57610955e+01	2026-08-24T16:19:04.293688	0.00000000e+00	1	8	-3.87430000e-05	4.25276000e-04	-8.50587000e-01	-4.12609000e-04
5.57835869e+01	2026-08-24T16:19:04.324994	0.00000000e+00	1	8	-4.21524000e-05	4.14158000e-04	-9.00648000e-01	-3.98343000e-04
5.58170843e+01	2026-08-24T16:19:04.357712	0.00000000e+00	1	8	-4.19617000e-05	3.53364000e-04	-9.50701000e-01	-3.46975000e-04
5.58254675e+01	2026-08-24T16:19:04.357712	0.00000000e+00	1	8	-4.20570000e-05	3.60989000e-04	-1.00074000e+00	-3.44801000e-04
5.58476028e+01	2026-08-24T16:19:04.388908	0.00000000e+00	1	8	-4.73738000e-05	2.64052000e-04	-1.05077000e+00	-2.34698000e-04
5.58687947e+01	2026-08-24T16:19:04.407010	0.00000000e+00	1	8	-4.12464000e-05	2.64035000e-04	-1.10080000e+00	-3.13714000e-04
5.58954974e+01	2026-08-24T16:19:04.436759	0.00000000e+00	1	8	-5.96046000e-05	1.74921000e-04	-1.15084000e+00	-2.09758000e-04
5.59035035e+01	2026-08-24T16:19:04.444693	0.00000000e+00	1	8	-3.01838000e-05	2.52277000e-04	-1.20089000e+00	-1.76930000e-04
5.59268888e+01	2026-08-24T16:19:04.468066	0.00000000e+00	1	8	-2.91109000e-05	1.97925000e-04	-1.25090000e+00	-1.84364000e-04
5.59587674e+01	2026-08-24T16:19:04.500092	0.00000000e+00	1	8	-4.47512000e-05	1.16641000e-04	-1.30093000e+00	-1.15118000e-04
5.59904310e+01	2026-08-24T16:19:04.531752	0.00000000e+00	1	8	-4.21524000e-05	1.37355000e-04	-1.35095000e+00	-1.76032000e-04
5.59984339e+01	2026-08-24T16:19:04.532740	0.00000000e+00	1	8	-5.75304000e-05	1.59004000e-04	-1.40099000e+00	-1.79702000e-04
5.60219250e+01	2026-08-24T16:19:04.563942	0.00000000e+00	1	8	-4.39405000e-05	1.20636000e-04	-1.45105000e+00	-1.09452000e-04
5.60544526e+01	2026-08-24T16:19:04.595544	0.00000000e+00	1	8	-3.51429000e-05	1.46562000e-04	-1.50107000e+00	-1.18005000e-04
5.60622267e+01	2026-08-24T16:19:04.595544	0.00000000e+00	1	8	-2.94685000e-05	1.64934000e-04	-1.55112000e+00	-1.48713000e-04
5.60698658e+01	2026-08-24T16:19:04.611522	0.00000000e+00	1	8	-3.38793000e-05	1.56637000e-04	-1.60112000e+00	-1.58897000e-04
5.61022011e+01	2026-08-24T16:19:04.643290	0.00000000e+00	1	8	-3.73840000e-05	7.85320000e-05	-1.65117000e+00	-7.95667000e-05
5.61150634e+01	2026-08-24T16:19:04.643290	0.00000000e+00	1	8	-4.73738000e-05	1.44071000e-04	-1.70118000e+00	-9.02987000e-05
5.61353596e+01	2026-08-24T16:19:04.674814	0.00000000e+00	1	8	-4.39405000e-05	7.98886000e-05	-1.75123000e+00	-7.93912000e-05
5.61487765e+01	2026-08-24T16:19:04.690537	0.00000000e+00	1	8	-3.80993000e-05	1.24598000e-04	-1.80124000e+00	-1.20381000e-04
5.61722080e+01	2026-08-24T16:19:04.706955	0.00000000e+00	1	8	-3.26157000e-05	1.61267000e-04	-1.85130000e+00	-1.45182000e-04
5.61801106e+01	2026-08-24T16:19:04.706955	0.00000000e+00	1	8	-3.07322000e-05	1.45207000e-04	-1.90130000e+00	-1.15606000e-04
5.62286078e+01	2026-08-24T16:19:04.770528	0.00000000e+00	1	8	-4.27008000e-05	1.05455000e-04	-1.95135000e+00	-1.10782000e-04
5.62606533e+01	2026-08-24T16:19:04.801691	0.00000000e+00	1	8	-5.06878000e-05	1.23091000e-04	-2.00134000e+00	-1.35234000e-04
5.62693146e+01	2026-08-24T16:19:04.801691	0.00000000e+00	1	8	-3.19958000e-05	1.57858000e-04	-2.05132000e+00	-1.64639000e-04
5.62941401e+01	2026-08-24T16:19:04.833508	0.00000000e+00	1	8	-4.02689000e-05	7.25582000e-05	-2.10131000e+00	-6.12123000e-05
5.63243153e+01	2026-08-24T16:19:04.865322	0.00000000e+00	1	8	-6.68764000e-05	7.47171000e-05	-2.15152000e+00	-1.02395000e-04
5.63354828e+01	2026-08-24T16:19:04.865322	0.00000000e+00	1	8	-3.66688000e-05	7.67564000e-05	-2.20145000e+00	-7.07426000e-05
5.63575523e+01	2026-08-24T16:19:04.896825	0.00000000e+00	1	8	-3.53098000e-05	4.43839000e-05	-2.25125000e+00	-4.04963000e-05
5.63816878e+01	2026-08-24T16:19:04.912900	0.00000000e+00	1	8	-8.05378000e-05	7.48818000e-05	-2.30124000e+00	-6.22331000e-05
5.64038359e+01	2026-08-24T16:19:04.944912	0.00000000e+00	1	8	-3.93629000e-05	4.01800000e-05	-2.35142000e+00	-4.03903000e-05
5.64369941e+01	2026-08-24T16:19:04.977095	0.00000000e+00	1	8	-4.33207000e-05	5.78988000e-05	-2.40165000e+00	-4.76133000e-05
5.64447313e+01	2026-08-24T16:19:04.977095	0.00000000e+00	1	8	-6.40869000e-05	8.51590000e-05	-2.45155000e+00	-7.61016000e-05
5.64677136e+01	2026-08-24T16:19:05.008587	0.00000000e+00	1	8	-3.70264000e-05	3.43764000e-05	-2.50174000e+00	-3.62851000e-05
5.64895158e+01	2026-08-24T16:19:05.024466	0.00000000e+00	1	8	-4.22478000e-05	4.22920000e-05	-2.50170000e+00	-6.74107000e-05
5.65067240e+01	2026-08-24T16:19:05.040348	0.00000000e+00	1	8	-3.71933000e-05	2.11001000e-05	-2.45139000e+00	-2.14691000e-05
5.65142472e+01	2026-08-24T16:19:05.056068	0.00000000e+00	1	8	-4.29630000e-05	1.58008000e-05	-2.40139000e+00	-1.60023000e-05
5.65631320e+01	2026-08-24T16:19:05.104359	0.00000000e+00	1	8	-3.99113000e-05	1.27941000e-05	-2.35145000e+00	-1.27348000e-05
5.65706998e+01	2026-08-24T16:19:05.104359	0.00000000e+00	1	8	-3.64065000e-05	1.05009000e-05	-2.30112000e+00	-1.05285000e-05
5.65945101e+01	2026-08-24T16:19:05.135875	0.00000000e+00	1	8	-2.21014000e-05	9.12851000e-06	-2.25129000e+00	-9.11262000e-06
5.66265963e+01	2026-08-24T16:19:05.167750	0.00000000e+00	1	8	-4.60148000e-05	7.81789000e-06	-2.20138000e+00	-7.83585000e-06
5.66349901e+01	2026-08-24T16:19:05.167750	0.00000000e+00	1	8	-4.56572000e-05	6.91295000e-06	-2.15166000e+00	-6.89283000e-06
5.66593487e+01	2026-08-24T16:19:05.199600	0.00000000e+00	1	8	-4.33207000e-05	6.06677000e-06	-2.10113000e+00	-6.07850000e-06
5.66731921e+01	2026-08-24T16:19:05.199600	0.00000000e+00	1	8	-4.74453000e-05	5.44073000e-06	-2.05136000e+00	-5.38459000e-06
5.67224183e+01	2026-08-24T16:19:05.263211	0.00000000e+00	1	8	-4.89950000e-05	4.75507000e-06	-2.00138000e+00	-4.77427000e-06
5.67307276e+01	2026-08-24T16:19:05.263211	0.00000000e+00	1	8	-4.48465000e-05	4.26584000e-06	-1.95134000e+00	-4.27261000e-06
5.67558569e+01	2026-08-24T16:19:05.297205	0.00000000e+00	1	8	-4.55618000e-05	3.84594000e-06	-1.90130000e+00	-3.81186000e-06
5.67833845e+01	2026-08-24T16:19:05.320951	0.00000000e+00	1	8	-4.52042000e-05	3.41791000e-06	-1.85129000e+00	-3.39906000e-06
5.68060996e+01	2026-08-24T16:19:05.342447	0.00000000e+00	1	8	-4.52042000e-05	3.04276000e-06	-1.80123000e+00	-3.03013000e-06
5.68140395e+01	2026-08-24T16:19:05.342447	0.00000000e+00	1	8	-4.05312000e-05	2.70467000e-06	-1.75123000e+00	-2.73408000e-06
5.68334857e+01	2026-08-24T16:19:05.374336	0.00000000e+00	1	8	-3.71933000e-05	2.45240000e-06	-1.70116000e+00	-2.45462000e-06
5.68430188e+01	2026-08-24T16:19:05.374336	0.00000000e+00	1	8	-4.41313000e-05	2.19452000e-06	-1.65116000e+00	-2.19037000e-06
5.68645061e+01	2026-08-24T16:19:05.405983	0.00000000e+00	1	8	-4.30584000e-05	1.96548000e-06	-1.60110000e+00	-1.96009000e-06
5.68734837e+01	2026-08-24T16:19:05.405983	0.00000000e+00	1	8	-4.11510000e-05	1.75485000e-06	-1.55110000e+00	-1.74372000e-06
5.68981860e+01	2026-08-24T16:19:05.438022	0.00000000e+00	1	8	-4.31299000e-05	1.57373000e-06	-1.50108000e+00	-1.57549000e-06
5.69280479e+01	2026-08-24T16:19:05.469472	0.00000000e+00	1	8	-3.81947000e-05	1.39722000e-06	-1.45106000e+00	-1.39535000e-06
5.69363973e+01	2026-08-24T16:19:05.469472	0.00000000e+00	1	8	-4.76360000e-05	1.24610000e-06	-1.40099000e+00	-1.24250000e-06
5.69612160e+01	2026-08-24T16:19:05.501080	0.00000000e+00	1	8	-5.10454000e-05	1.29827000e-06	-1.35098000e+00	-1.29901000e-06
5.69920175e+01	2026-08-24T16:19:05.533091	0.00000000e+00	1	8	-4.78029000e-05	1.15399000e-06	-1.30092000e+00	-1.14938000e-06
5.70005976e+01	2026-08-24T16:19:05.533091	0.00000000e+00	1	8	-4.38690000e-05	1.01403000e-06	-1.25089000e+00	-1.01653000e-06
5.70260811e+01	2026-08-24T16:19:05.565044	0.00000000e+00	1	8	-4.46558000e-05	9.07784000e-07	-1.20085000e+00	-8.91613000e-07
5.70554555e+01	2026-08-24T16:19:05.597152	0.00000000e+00	1	8	-4.68254000e-05	7.72665000e-07	-1.15084000e+00	-7.68341000e-07
5.70885562e+01	2026-08-24T16:19:05.628500	0.00000000e+00	1	8	-4.60148000e-05	6.65152000e-07	-1.10080000e+00	-6.63203000e-07
5.70965229e+01	2026-08-24T16:19:05.628500	0.00000000e+00	1	8	-4.29630000e-05	5.76218000e-07	-1.05072000e+00	-5.71464000e-07
5.71257872e+01	2026-08-24T16:19:05.660344	0.00000000e+00	1	8	-4.23193000e-05	4.83467000e-07	-1.00071000e+00	-4.83879000e-07
5.71516410e+01	2026-08-24T16:19:05.691961	0.00000000e+00	1	8	-4.39405000e-05	4.10131000e-07	-9.50693000e-01	-4.11922000e-07
5.71604901e+01	2026-08-24T16:19:05.691961	0.00000000e+00	1	8	-4.24147000e-05	3.51546000e-07	-9.00647000e-01	-3.49699000e-07
5.71825811e+01	2026-08-24T16:19:05.724362	0.00000000e+00	1	8	-5.09500000e-05	2.84055000e-07	-8.50605000e-01	-2.77390000e-07
5.72138718e+01	2026-08-24T16:19:05.755331	0.00000000e+00	1	8	-3.99828000e-05	2.35800000e-07	-8.00582000e-01	-2.34716000e-07
5.72361016e+01	2026-08-24T16:19:05.771238	0.00000000e+00	1	8	-4.51088000e-05	1.93110000e-07	-7.50542000e-01	-1.94609000e-07
5.72439057e+01	2026-08-24T16:19:05.771238	0.00000000e+00	1	8	-4.46558000e-05	1.58181000e-07	-7.00479000e-01	-1.59170000e-07
5.72772443e+01	2026-08-24T16:19:05.818622	0.00000000e+00	1	8	-4.80890000e-05	1.22602000e-07	-6.50446000e-01	-1.22771000e-07
5.72859012e+01	2026-08-24T16:19:05.818622	0.00000000e+00	1	8	-6.18458000e-05	1.27516000e-07	-6.00416000e-01	-9.83309000e-08
5.74047436e+01	2026-08-24T16:19:05.945559	0.00000000e+00	1	8	-4.76360000e-05	7.53878000e-08	-5.50395000e-01	-7.61013000e-08
5.74609266e+01	2026-08-24T16:19:06.001009	0.00000000e+00	1	8	-3.89099000e-05	6.95268000e-08	-5.00337000e-01	-6.60852000e-08
5.74838824e+01	2026-08-24T16:19:06.024990	0.00000000e+00	1	8	-4.42982000e-05	4.86552000e-08	-4.50272000e-01	-4.85403000e-08
5.75115511e+01	2026-08-24T16:19:06.042890	0.00000000e+00	1	8	-3.85523000e-05	3.85622000e-08	-4.00313000e-01	-3.67581000e-08
5.75316168e+01	2026-08-24T16:19:06.072691	0.00000000e+00	1	8	-3.90053000e-05	2.35510000e-08	-3.50217000e-01	-2.31725000e-08
5.75399892e+01	2026-08-24T16:19:06.072691	0.00000000e+00	1	8	-4.16040000e-05	1.94167000e-08	-3.00206000e-01	-1.82406000e-08
5.75640897e+01	2026-08-24T16:19:06.104704	0.00000000e+00	1	8	-4.08888000e-05	1.07079000e-08	-2.50162000e-01	-1.07308000e-08
5.75947935e+01	2026-08-24T16:19:06.136757	0.00000000e+00	1	8	-4.01735000e-05	7.24170000e-09	-2.00030000e-01	-7.01908000e-09
5.76039400e+01	2026-08-24T16:19:06.138761	0.00000000e+00	1	8	-3.46899000e-05	5.69594000e-09	-1.49994000e-01	-5.23672000e-09
5.76274057e+01	2026-08-24T16:19:06.167878	0.00000000e+00	1	8	-4.03404000e-05	2.32705000e-09	-9.99512000e-02	-2.30120000e-09
5.76410370e+01	2026-08-24T16:19:06.178177	0.00000000e+00	1	8	-3.73840000e-05	1.10246000e-09	-4.99208000e-02	-6.73306000e-10
5.76631461e+01	2026-08-24T16:19:06.199435	0.00000000e+00	1	8	-4.67300000e-05	2.49910000e-10	6.50883000e-05	-3.28755000e-10
6.20619351e+01	2026-08-24T16:19:10.593732	0.00000000e+00	1	9	-2.68698000e-05	-1.35877000e-09	5.80788000e-05	3.58065000e-09
6.20911329e+01	2026-08-24T16:19:10.625515	0.00000000e+00	1	9	-3.53098000e-05	1.65958000e-06	-4.99207000e-02	-1.65019000e-06
6.21158662e+01	2026-08-24T16:19:10.657065	0.00000000e+00	1	9	-3.77417000e-05	3.63413000e-06	-9.99546000e-02	-3.62430000e-06
6.21294212e+01	2026-08-24T16:19:10.657065	0.00000000e+00	1	9	-4.22478000e-05	6.30134000e-06	-1.49997000e-01	-6.29943000e-06
6.21795345e+01	2026-08-24T16:19:10.720644	0.00000000e+00	1	9	-7.54118000e-05	9.86710000e-06	-2.00026000e-01	-9.90494000e-06
6.21898863e+01	2026-08-24T16:19:10.730868	0.00000000e+00	1	9	-3.50475000e-05	1.56280000e-05	-2.50107000e-01	-1.62485000e-05
6.22169808e+01	2026-08-24T16:19:10.753072	0.00000000e+00	1	9	-3.64065000e-05	2.42723000e-05	-3.00207000e-01	-2.44264000e-05
6.22430260e+01	2026-08-24T16:19:10.784281	0.00000000e+00	1	9	-3.73840000e-05	3.37046000e-05	-3.50231000e-01	-3.37752000e-05
6.22512968e+01	2026-08-24T16:19:10.784281	0.00000000e+00	1	9	-3.59535000e-05	4.64678000e-05	-4.00273000e-01	-4.62320000e-05
6.22790360e+01	2026-08-24T16:19:10.815794	0.00000000e+00	1	9	-3.28064000e-05	6.28542000e-05	-4.50290000e-01	-6.29554000e-05
6.23064691e+01	2026-08-24T16:19:10.847485	0.00000000e+00	1	9	-3.64065000e-05	8.13933000e-05	-5.00344000e-01	-8.00576000e-05
6.23384477e+01	2026-08-24T16:19:10.879980	0.00000000e+00	1	9	-3.91006000e-05	9.83263000e-05	-5.50372000e-01	-9.70418000e-05
6.23483674e+01	2026-08-24T16:19:10.880636	0.00000000e+00	1	9	-3.38793000e-05	1.23949000e-04	-6.00422000e-01	-1.13759000e-04
6.23693996e+01	2026-08-24T16:19:10.910805	0.00000000e+00	1	9	-3.79324000e-05	1.20619000e-04	-6.50433000e-01	-1.21029000e-04
6.23821912e+01	2026-08-24T16:19:10.910805	0.00000000e+00	1	9	-4.41313000e-05	1.36596000e-04	-7.00504000e-01	-1.29075000e-04
6.24062870e+01	2026-08-24T16:19:10.942797	0.00000000e+00	1	9	-3.44276000e-05	1.54403000e-04	-7.50530000e-01	-1.53041000e-04
6.24143459e+01	2026-08-24T16:19:10.953242	0.00000000e+00	1	9	-4.56572000e-05	1.71360000e-04	-8.00602000e-01	-1.71272000e-04
6.24408938e+01	2026-08-24T16:19:10.974445	0.00000000e+00	1	9	-3.36170000e-05	2.05743000e-04	-8.50612000e-01	-1.99243000e-04
6.24650907e+01	2026-08-24T16:19:11.006218	0.00000000e+00	1	9	-2.89202000e-05	2.16579000e-04	-9.00648000e-01	-2.07028000e-04
6.24728760e+01	2026-08-24T16:19:11.006218	0.00000000e+00	1	9	-3.76463000e-05	2.62505000e-04	-9.50681000e-01	-2.56237000e-04
6.24976442e+01	2026-08-24T16:19:11.038774	0.00000000e+00	1	9	-5.08785000e-05	2.94233000e-04	-1.00070000e+00	-2.93286000e-04
6.25290977e+01	2026-08-24T16:19:11.070109	0.00000000e+00	1	9	-3.32594000e-05	2.99575000e-04	-1.05074000e+00	-2.92511000e-04
6.25375359e+01	2026-08-24T16:19:11.070109	0.00000000e+00	1	9	-3.45945000e-05	3.25606000e-04	-1.10081000e+00	-3.01455000e-04
6.25611637e+01	2026-08-24T16:19:11.101854	0.00000000e+00	1	9	-4.57525000e-05	2.35049000e-04	-1.15083000e+00	-2.14093000e-04
6.25922971e+01	2026-08-24T16:19:11.133563	0.00000000e+00	1	9	-3.73840000e-05	2.58488000e-04	-1.20088000e+00	-2.28970000e-04
6.26250501e+01	2026-08-24T16:19:11.166470	0.00000000e+00	1	9	-5.61714000e-05	2.42370000e-04	-1.25093000e+00	-2.13253000e-04
6.26341252e+01	2026-08-24T16:19:11.175924	0.00000000e+00	1	9	-4.60148000e-05	1.90284000e-04	-1.30096000e+00	-1.39585000e-04
6.26562299e+01	2026-08-24T16:19:11.197275	0.00000000e+00	1	9	-4.04358000e-05	8.88875000e-05	-1.35097000e+00	-7.71961000e-05
6.26895901e+01	2026-08-24T16:19:11.229132	0.00000000e+00	1	9	-4.23193000e-05	1.13302000e-04	-1.40098000e+00	-1.10354000e-04
6.27020249e+01	2026-08-24T16:19:11.229132	0.00000000e+00	1	9	-5.92232000e-05	1.36649000e-04	-1.45104000e+00	-1.08313000e-04
6.27511013e+01	2026-08-24T16:19:11.291919	0.00000000e+00	1	9	-3.83616000e-05	1.35948000e-04	-1.50104000e+00	-1.37757000e-04
6.27642587e+01	2026-08-24T16:19:11.291919	0.00000000e+00	1	9	-4.04358000e-05	1.22053000e-04	-1.55111000e+00	-1.13915000e-04
6.27986705e+01	2026-08-24T16:19:11.339833	0.00000000e+00	1	9	-3.95536000e-05	1.09222000e-04	-1.60110000e+00	-8.76067000e-05
6.28234486e+01	2026-08-24T16:19:11.355650	0.00000000e+00	1	9	-4.88043000e-05	1.18087000e-04	-1.65116000e+00	-9.77261000e-05
6.28344656e+01	2026-08-24T16:19:11.374777	0.00000000e+00	1	9	-3.91006000e-05	1.14747000e-04	-1.70115000e+00	-9.42391000e-05
6.28442445e+01	2026-08-24T16:19:11.374777	0.00000000e+00	1	9	-3.21627000e-05	1.13853000e-04	-1.75122000e+00	-6.13843000e-05
6.28763760e+01	2026-08-24T16:19:11.403177	0.00000000e+00	1	9	-3.35217000e-05	1.02408000e-04	-1.80123000e+00	-9.93248000e-05
6.29249766e+01	2026-08-24T16:19:11.466437	0.00000000e+00	1	9	-4.71830000e-05	8.82280000e-05	-1.85129000e+00	-9.81780000e-05
6.29352582e+01	2026-08-24T16:19:11.466437	0.00000000e+00	1	9	-5.07832000e-05	9.88362000e-05	-1.90129000e+00	-9.33820000e-05
6.29571433e+01	2026-08-24T16:19:11.498147	0.00000000e+00	1	9	-3.49522000e-05	7.44472000e-05	-1.95133000e+00	-7.25506000e-05
6.29824075e+01	2026-08-24T16:19:11.520666	0.00000000e+00	1	9	-5.60760000e-05	8.19411000e-05	-2.00135000e+00	-1.22132000e-04
6.29957863e+01	2026-08-24T16:19:11.531701	0.00000000e+00	1	9	-4.23193000e-05	1.10813000e-04	-2.05119000e+00	-1.06321000e-04
6.30204804e+01	2026-08-24T16:19:11.561460	0.00000000e+00	1	9	-4.40359000e-05	1.23777000e-04	-2.10104000e+00	-1.25592000e-04
6.30529096e+01	2026-08-24T16:19:11.593275	0.00000000e+00	1	9	-4.01735000e-05	1.31963000e-04	-2.15162000e+00	-1.36852000e-04
6.30606330e+01	2026-08-24T16:19:11.593275	0.00000000e+00	1	9	-4.94242000e-05	1.42505000e-04	-2.20132000e+00	-1.42039000e-04
6.30837162e+01	2026-08-24T16:19:11.625156	0.00000000e+00	1	9	-5.76258000e-05	1.59401000e-04	-2.25147000e+00	-1.64150000e-04
6.31159526e+01	2026-08-24T16:19:11.656807	0.00000000e+00	1	9	-4.81844000e-05	1.23277000e-04	-2.30138000e+00	-1.45775000e-04
6.31282241e+01	2026-08-24T16:19:11.656807	0.00000000e+00	1	9	-3.64065000e-05	2.20784000e-04	-2.35176000e+00	-2.18576000e-04
6.31471093e+01	2026-08-24T16:19:11.688401	0.00000000e+00	1	9	-5.46455000e-05	1.74571000e-04	-2.40171000e+00	-1.22541000e-04
6.31792914e+01	2026-08-24T16:19:11.720202	0.00000000e+00	1	9	-4.06265000e-05	4.92924000e-05	-2.45140000e+00	-4.27038000e-05
6.31945143e+01	2026-08-24T16:19:11.736089	0.00000000e+00	1	9	-3.42369000e-05	8.80586000e-05	-2.50170000e+00	-7.33486000e-05
6.32231888e+01	2026-08-24T16:19:11.751747	0.00000000e+00	1	9	-5.73397000e-05	8.59565000e-05	-2.50167000e+00	-8.06879000e-05
6.32422950e+01	2026-08-24T16:19:11.783993	0.00000000e+00	1	9	-4.06265000e-05	3.47011000e-05	-2.45141000e+00	-3.59225000e-05
6.32738210e+01	2026-08-24T16:19:11.815014	0.00000000e+00	1	9	-4.70877000e-05	2.54125000e-05	-2.40165000e+00	-2.52297000e-05
6.32814940e+01	2026-08-24T16:19:11.815014	0.00000000e+00	1	9	-4.37737000e-05	1.74467000e-05	-2.35160000e+00	-1.74758000e-05
6.33129690e+01	2026-08-24T16:19:11.852645	0.00000000e+00	1	9	-4.52042000e-05	1.34397000e-05	-2.30129000e+00	-1.30944000e-05
6.33401783e+01	2026-08-24T16:19:11.878890	0.00000000e+00	1	9	-4.36783000e-05	1.06053000e-05	-2.25127000e+00	-1.05447000e-05
6.33495377e+01	2026-08-24T16:19:11.889792	0.00000000e+00	1	9	-4.44889000e-05	8.66439000e-06	-2.20153000e+00	-8.58857000e-06
6.33718095e+01	2026-08-24T16:19:11.911923	0.00000000e+00	1	9	-5.68151000e-05	7.43700000e-06	-2.15171000e+00	-7.50020000e-06
6.34011794e+01	2026-08-24T16:19:11.942313	0.00000000e+00	1	9	-4.93526000e-05	6.36823000e-06	-2.10134000e+00	-6.35093000e-06
6.34100287e+01	2026-08-24T16:19:11.942313	0.00000000e+00	1	9	-4.84467000e-05	5.52012000e-06	-2.05130000e+00	-5.50674000e-06
6.34363102e+01	2026-08-24T16:19:11.974317	0.00000000e+00	1	9	-4.51088000e-05	4.76521000e-06	-2.00136000e+00	-4.84744000e-06
6.34646483e+01	2026-08-24T16:19:12.006176	0.00000000e+00	1	9	-4.25100000e-05	4.19169000e-06	-1.95136000e+00	-4.18981000e-06
6.34735263e+01	2026-08-24T16:19:12.006176	0.00000000e+00	1	9	-4.34160000e-05	3.68689000e-06	-1.90132000e+00	-3.70257000e-06
6.35010775e+01	2026-08-24T16:19:12.037877	0.00000000e+00	1	9	-4.68254000e-05	3.23275000e-06	-1.85129000e+00	-3.23921000e-06
6.35286208e+01	2026-08-24T16:19:12.069625	0.00000000e+00	1	9	-5.03302000e-05	2.86561000e-06	-1.80122000e+00	-2.89063000e-06
6.35608206e+01	2026-08-24T16:19:12.100942	0.00000000e+00	1	9	-4.70161000e-05	2.53079000e-06	-1.75121000e+00	-2.52021000e-06
6.35818974e+01	2026-08-24T16:19:12.116857	0.00000000e+00	1	9	-3.91722000e-05	2.21965000e-06	-1.70119000e+00	-2.21466000e-06
6.35894975e+01	2026-08-24T16:19:12.116857	0.00000000e+00	1	9	-4.87089000e-05	1.97073000e-06	-1.65115000e+00	-1.96362000e-06
6.36389832e+01	2026-08-24T16:19:12.180319	0.00000000e+00	1	9	-4.66347000e-05	1.74533000e-06	-1.60112000e+00	-1.73525000e-06
6.36470654e+01	2026-08-24T16:19:12.180319	0.00000000e+00	1	9	-4.27723000e-05	1.52938000e-06	-1.55112000e+00	-1.52649000e-06
6.36719523e+01	2026-08-24T16:19:12.211611	0.00000000e+00	1	9	-4.56572000e-05	1.36346000e-06	-1.50107000e+00	-1.36330000e-06
6.37018611e+01	2026-08-24T16:19:12.243301	0.00000000e+00	1	9	-4.51088000e-05	1.19098000e-06	-1.45103000e+00	-1.18784000e-06
6.37107151e+01	2026-08-24T16:19:12.243301	0.00000000e+00	1	9	-3.78370000e-05	1.05974000e-06	-1.40099000e+00	-1.04880000e-06
6.37385977e+01	2026-08-24T16:19:12.279212	0.00000000e+00	1	9	-4.42982000e-05	9.18965000e-07	-1.35099000e+00	-9.22140000e-07
6.37658722e+01	2026-08-24T16:19:12.306952	0.00000000e+00	1	9	-4.34160000e-05	7.92198000e-07	-1.30092000e+00	-7.93821000e-07
6.37748811e+01	2026-08-24T16:19:12.306952	0.00000000e+00	1	9	-4.24147000e-05	6.89438000e-07	-1.25090000e+00	-6.89723000e-07
6.38027192e+01	2026-08-24T16:19:12.338716	0.00000000e+00	1	9	-4.68254000e-05	5.93445000e-07	-1.20084000e+00	-5.97220000e-07
6.38291264e+01	2026-08-24T16:19:12.370175	0.00000000e+00	1	9	-4.28677000e-05	5.14271000e-07	-1.15085000e+00	-5.13039000e-07
6.38377731e+01	2026-08-24T16:19:12.370175	0.00000000e+00	1	9	-4.07219000e-05	4.38745000e-07	-1.10079000e+00	-4.36987000e-07
6.38626203e+01	2026-08-24T16:19:12.402859	0.00000000e+00	1	9	-3.63112000e-05	3.71271000e-07	-1.05076000e+00	-3.71847000e-07
6.38931916e+01	2026-08-24T16:19:12.434167	0.00000000e+00	1	9	-3.88145000e-05	3.10146000e-07	-1.00074000e+00	-3.13498000e-07
6.39241801e+01	2026-08-24T16:19:12.465369	0.00000000e+00	1	9	-4.10795000e-05	2.56211000e-07	-9.50664000e-01	-2.52718000e-07
6.39450752e+01	2026-08-24T16:19:12.481174	0.00000000e+00	1	9	-4.01735000e-05	2.08092000e-07	-9.00661000e-01	-2.06047000e-07
6.39527950e+01	2026-08-24T16:19:12.481174	0.00000000e+00	1	9	-4.27008000e-05	1.70320000e-07	-8.50592000e-01	-1.70396000e-07
6.39743064e+01	2026-08-24T16:19:12.512745	0.00000000e+00	1	9	-3.81947000e-05	1.33133000e-07	-8.00588000e-01	-1.33752000e-07
6.40027045e+01	2026-08-24T16:19:12.544149	0.00000000e+00	1	9	-4.64678000e-05	1.04977000e-07	-7.50539000e-01	-1.06895000e-07
6.40103237e+01	2026-08-24T16:19:12.544149	0.00000000e+00	1	9	-4.52042000e-05	8.41388000e-08	-7.00511000e-01	-7.86369000e-08
6.41144398e+01	2026-08-24T16:19:12.656068	0.00000000e+00	1	9	-2.93016000e-05	7.09746000e-08	-6.50468000e-01	-6.14073000e-08
6.41545228e+01	2026-08-24T16:19:12.689850	0.00000000e+00	1	9	-4.21524000e-05	4.86088000e-08	-6.00443000e-01	-4.71786000e-08
6.41780932e+01	2026-08-24T16:19:12.719466	0.00000000e+00	1	9	-3.84569000e-05	3.40263000e-08	-5.50375000e-01	-3.36132000e-08
6.41861092e+01	2026-08-24T16:19:12.719466	0.00000000e+00	1	9	-3.85523000e-05	2.94306000e-08	-5.00361000e-01	-2.75708000e-08
6.42126213e+01	2026-08-24T16:19:12.753012	0.00000000e+00	1	9	-4.52042000e-05	1.74182000e-08	-4.50310000e-01	-1.71737000e-08
6.42417664e+01	2026-08-24T16:19:12.782795	0.00000000e+00	1	9	-4.52042000e-05	1.20412000e-08	-4.00293000e-01	-1.20235000e-08
6.42499973e+01	2026-08-24T16:19:12.782795	0.00000000e+00	1	9	-4.51088000e-05	9.93960000e-09	-3.50256000e-01	-9.05684000e-09
6.42741436e+01	2026-08-24T16:19:12.814842	0.00000000e+00	1	9	-4.50373000e-05	5.01963000e-09	-3.00205000e-01	-4.68740000e-09
6.43048004e+01	2026-08-24T16:19:12.845893	0.00000000e+00	1	9	-4.04358000e-05	3.11894000e-09	-2.50154000e-01	-3.14327000e-09
6.43321065e+01	2026-08-24T16:19:12.869296	0.00000000e+00	1	9	-4.56572000e-05	2.17624000e-09	-2.00036000e-01	-1.66614000e-09
6.43567131e+01	2026-08-24T16:19:12.893898	0.00000000e+00	1	9	-4.58479000e-05	8.59857000e-10	-1.50004000e-01	-7.29156000e-10
6.43646008e+01	2026-08-24T16:19:12.893898	0.00000000e+00	1	9	-4.62055000e-05	4.68433000e-10	-9.99678000e-02	-5.29397000e-10
6.43909911e+01	2026-08-24T16:19:12.926084	0.00000000e+00	1	9	-4.83513000e-05	2.08640000e-10	-4.99269000e-02	-1.94478000e-10
6.44043521e+01	2026-08-24T16:19:12.942519	0.00000000e+00	1	9	-3.85523000e-05	-1.10281000e-10	5.40257000e-05	-1.19758000e-10
6.88862824e+01	2026-08-24T16:19:17.420611	0.00000000e+00	1	10	-5.91278000e-06	-7.76944000e-09	3.77178000e-05	2.50361000e-08
6.88942325e+01	2026-08-24T16:19:17.420611	0.00000000e+00	1	10	-1.49250000e-04	1.59019000e-05	-4.98768000e-02	-1.60623000e-05
6.89428467e+01	2026-08-24T16:19:17.483975	0.00000000e+00	1	10	-3.80993000e-05	3.31548000e-05	-9.99642000e-02	-3.31590000e-05
6.89576261e+01	2026-08-24T16:19:17.483975	0.00000000e+00	1	10	-3.99113000e-05	5.17731000e-05	-1.50004000e-01	-5.17554000e-05
6.90079317e+01	2026-08-24T16:19:17.546874	0.00000000e+00	1	10	-3.82900000e-05	7.28004000e-05	-2.00036000e-01	-7.26890000e-05
6.90201571e+01	2026-08-24T16:19:17.546874	0.00000000e+00	1	10	-3.42369000e-05	9.60965000e-05	-2.50161000e-01	-9.61516000e-05
6.90696003e+01	2026-08-24T16:19:17.610308	0.00000000e+00	1	10	-3.27110000e-05	1.22783000e-04	-3.00225000e-01	-1.22886000e-04
6.90829064e+01	2026-08-24T16:19:17.620787	0.00000000e+00	1	10	-3.28064000e-05	1.51734000e-04	-3.50249000e-01	-1.51361000e-04
6.91347632e+01	2026-08-24T16:19:17.673751	0.00000000e+00	1	10	-3.87430000e-05	1.82814000e-04	-4.00308000e-01	-1.82786000e-04
6.91426228e+01	2026-08-24T16:19:17.673751	0.00000000e+00	1	10	-4.43935000e-05	2.15647000e-04	-4.50299000e-01	-2.14738000e-04
6.91640403e+01	2026-08-24T16:19:17.705558	0.00000000e+00	1	10	-4.14371000e-05	2.49294000e-04	-5.00356000e-01	-2.48581000e-04
6.91978962e+01	2026-08-24T16:19:17.737606	0.00000000e+00	1	10	-3.71218000e-05	2.84763000e-04	-5.50379000e-01	-2.84858000e-04
6.92075857e+01	2026-08-24T16:19:17.737606	0.00000000e+00	1	10	-4.72784000e-05	3.21363000e-04	-6.00434000e-01	-3.21387000e-04
6.92278513e+01	2026-08-24T16:19:17.769367	0.00000000e+00	1	10	-4.21524000e-05	3.60099000e-04	-6.50450000e-01	-3.60131000e-04
6.92608391e+01	2026-08-24T16:19:17.801096	0.00000000e+00	1	10	-3.82900000e-05	3.97598000e-04	-7.00506000e-01	-3.96970000e-04
6.92690935e+01	2026-08-24T16:19:17.801096	0.00000000e+00	1	10	-4.14371000e-05	4.37250000e-04	-7.50542000e-01	-4.36049000e-04
6.92980725e+01	2026-08-24T16:19:17.832553	0.00000000e+00	1	10	-4.63724000e-05	4.71477000e-04	-8.00588000e-01	-4.70250000e-04
6.93229516e+01	2026-08-24T16:19:17.864408	0.00000000e+00	1	10	-4.47512000e-05	5.03826000e-04	-8.50586000e-01	-5.02916000e-04
6.93309869e+01	2026-08-24T16:19:17.864408	0.00000000e+00	1	10	-3.51429000e-05	5.36857000e-04	-9.00660000e-01	-5.35215000e-04
6.93386612e+01	2026-08-24T16:19:17.880385	0.00000000e+00	1	10	-3.78370000e-05	5.63208000e-04	-9.50673000e-01	-5.10081000e-04
6.93710160e+01	2026-08-24T16:19:17.912567	0.00000000e+00	1	10	-3.96252000e-05	5.19152000e-04	-1.00072000e+00	-4.84300000e-04
6.93923840e+01	2026-08-24T16:19:17.928492	0.00000000e+00	1	10	-4.07219000e-05	5.20063000e-04	-1.05076000e+00	-5.13499000e-04
6.94011366e+01	2026-08-24T16:19:17.928492	0.00000000e+00	1	10	-2.89202000e-05	5.23787000e-04	-1.10080000e+00	-5.02757000e-04
6.94509106e+01	2026-08-24T16:19:17.991806	0.00000000e+00	1	10	-3.38793000e-05	4.19382000e-04	-1.15087000e+00	-4.15800000e-04
6.94597374e+01	2026-08-24T16:19:17.991806	0.00000000e+00	1	10	-4.42266000e-05	4.34469000e-04	-1.20086000e+00	-4.30659000e-04
6.94884088e+01	2026-08-24T16:19:18.024750	0.00000000e+00	1	10	-1.62601000e-05	3.16292000e-04	-1.25096000e+00	-3.01311000e-04
6.95018711e+01	2026-08-24T16:19:18.040731	0.00000000e+00	1	10	-3.55005000e-05	3.81474000e-04	-1.30100000e+00	-3.14973000e-04
6.95095016e+01	2026-08-24T16:19:18.040731	0.00000000e+00	1	10	3.51906000e-05	2.99776000e-04	-1.35100000e+00	-1.70553000e-04
6.95295362e+01	2026-08-24T16:19:18.070935	0.00000000e+00	1	10	-3.88145000e-05	2.31804000e-04	-1.40100000e+00	-1.81245000e-04
6.95643254e+01	2026-08-24T16:19:18.102594	0.00000000e+00	1	10	-1.63317000e-05	2.01327000e-04	-1.45106000e+00	-1.85290000e-04
6.95721217e+01	2026-08-24T16:19:18.102594	0.00000000e+00	1	10	-4.06265000e-05	2.08897000e-04	-1.50107000e+00	-1.88308000e-04
6.95927159e+01	2026-08-24T16:19:18.134119	0.00000000e+00	1	10	-2.30074000e-05	2.01019000e-04	-1.55115000e+00	-1.78047000e-04
6.96087806e+01	2026-08-24T16:19:18.150000	0.00000000e+00	1	10	-3.30687000e-05	1.65114000e-04	-1.60111000e+00	-1.59996000e-04
6.96301465e+01	2026-08-24T16:19:18.166059	0.00000000e+00	1	10	-2.90155000e-05	1.95484000e-04	-1.65118000e+00	-1.77912000e-04
6.96381442e+01	2026-08-24T16:19:18.176530	0.00000000e+00	1	10	-5.05924000e-05	1.26807000e-04	-1.70118000e+00	-1.29754000e-04
6.96457655e+01	2026-08-24T16:19:18.185744	0.00000000e+00	1	10	-4.04358000e-05	6.60319000e-05	-1.75121000e+00	-8.24125000e-05
6.96757101e+01	2026-08-24T16:19:18.213398	0.00000000e+00	1	10	-4.43935000e-05	7.50245000e-05	-1.80122000e+00	-7.15336000e-05
6.97038162e+01	2026-08-24T16:19:18.245163	0.00000000e+00	1	10	-4.12464000e-05	7.53440000e-05	-1.85129000e+00	-6.95682000e-05
6.97127958e+01	2026-08-24T16:19:18.245163	0.00000000e+00	1	10	-4.35829000e-05	8.63075000e-05	-1.90130000e+00	-8.50337000e-05
6.97407732e+01	2026-08-24T16:19:18.276865	0.00000000e+00	1	10	-3.45945000e-05	6.91210000e-05	-1.95137000e+00	-6.78279000e-05
6.97673532e+01	2026-08-24T16:19:18.308596	0.00000000e+00	1	10	-2.95639000e-05	1.07612000e-04	-2.00139000e+00	-1.40072000e-04
6.97802231e+01	2026-08-24T16:19:18.308596	0.00000000e+00	1	10	-4.17948000e-05	1.61487000e-04	-2.05178000e+00	-1.49381000e-04
6.98080532e+01	2026-08-24T16:19:18.340515	0.00000000e+00	1	10	-3.50475000e-05	1.74765000e-04	-2.10133000e+00	-1.40223000e-04
6.98305412e+01	2026-08-24T16:19:18.371821	0.00000000e+00	1	10	-3.01838000e-05	1.66513000e-04	-2.15146000e+00	-1.69591000e-04
6.98382334e+01	2026-08-24T16:19:18.371821	0.00000000e+00	1	10	-3.59535000e-05	2.05279000e-04	-2.20183000e+00	-1.91826000e-04
6.98660311e+01	2026-08-24T16:19:18.403556	0.00000000e+00	1	10	-3.00169000e-05	1.96621000e-04	-2.25132000e+00	-2.23477000e-04
6.98939161e+01	2026-08-24T16:19:18.435327	0.00000000e+00	1	10	-4.42266000e-05	1.25644000e-04	-2.30135000e+00	-7.65808000e-05
6.99060152e+01	2026-08-24T16:19:18.435327	0.00000000e+00	1	10	-4.33207000e-05	1.03410000e-04	-2.35152000e+00	-9.81920000e-05
6.99292597e+01	2026-08-24T16:19:18.467053	0.00000000e+00	1	10	-3.76463000e-05	6.81263000e-05	-2.40155000e+00	-6.63123000e-05
6.99570822e+01	2026-08-24T16:19:18.498497	0.00000000e+00	1	10	-4.12464000e-05	3.98450000e-05	-2.45144000e+00	-3.67693000e-05
6.99651377e+01	2026-08-24T16:19:18.498497	0.00000000e+00	1	10	-4.38690000e-05	5.05587000e-05	-2.50177000e+00	-4.05144000e-05
6.99717189e+01	2026-08-24T16:19:18.508809	0.00000000e+00	1	10	-3.82900000e-05	3.50485000e-05	-2.50181000e+00	-3.94989000e-05
7.00022547e+01	2026-08-24T16:19:18.530231	0.00000000e+00	1	10	-3.91006000e-05	1.97701000e-05	-2.45165000e+00	-2.09308000e-05
7.00257674e+01	2026-08-24T16:19:18.561825	0.00000000e+00	1	10	-4.09842000e-05	1.82927000e-05	-2.40157000e+00	-1.82987000e-05
7.00333950e+01	2026-08-24T16:19:18.561825	0.00000000e+00	1	10	-3.45945000e-05	1.41892000e-05	-2.35152000e+00	-1.40364000e-05
7.00608459e+01	2026-08-24T16:19:18.594032	0.00000000e+00	1	10	-3.69310000e-05	1.27724000e-05	-2.30120000e+00	-1.22961000e-05
7.00844696e+01	2026-08-24T16:19:18.625510	0.00000000e+00	1	10	-3.87430000e-05	1.09590000e-05	-2.25130000e+00	-1.11107000e-05
7.00936054e+01	2026-08-24T16:19:18.625510	0.00000000e+00	1	10	-1.90496000e-05	9.81425000e-06	-2.20131000e+00	-9.69671000e-06
7.01225805e+01	2026-08-24T16:19:18.657596	0.00000000e+00	1	10	-3.60250000e-05	8.48868000e-06	-2.15149000e+00	-8.45697000e-06
7.01484226e+01	2026-08-24T16:19:18.689509	0.00000000e+00	1	10	-4.72784000e-05	7.33067000e-06	-2.10136000e+00	-7.28815000e-06
7.01663081e+01	2026-08-24T16:19:18.707599	0.00000000e+00	1	10	-4.34876000e-05	6.52472000e-06	-2.05122000e+00	-6.46146000e-06
7.01921947e+01	2026-08-24T16:19:18.731995	0.00000000e+00	1	10	-4.57525000e-05	5.83016000e-06	-2.00136000e+00	-5.77195000e-06
7.02117760e+01	2026-08-24T16:19:18.752913	0.00000000e+00	1	10	-4.23193000e-05	5.16175000e-06	-1.95134000e+00	-5.11262000e-06
7.02196291e+01	2026-08-24T16:19:18.752913	0.00000000e+00	1	10	-4.84467000e-05	4.60837000e-06	-1.90132000e+00	-4.66246000e-06
7.02497556e+01	2026-08-24T16:19:18.785030	0.00000000e+00	1	10	-4.44889000e-05	4.17196000e-06	-1.85128000e+00	-4.13188000e-06
7.02753336e+01	2026-08-24T16:19:18.816423	0.00000000e+00	1	10	-4.26054000e-05	3.70773000e-06	-1.80123000e+00	-3.68497000e-06
7.02844111e+01	2026-08-24T16:19:18.816423	0.00000000e+00	1	10	-3.78370000e-05	3.33578000e-06	-1.75124000e+00	-3.33493000e-06
7.03105207e+01	2026-08-24T16:19:18.848508	0.00000000e+00	1	10	-5.05924000e-05	3.03500000e-06	-1.70118000e+00	-3.02936000e-06
7.03393084e+01	2026-08-24T16:19:18.880341	0.00000000e+00	1	10	-3.37839000e-05	2.74136000e-06	-1.65115000e+00	-2.72653000e-06
7.03475244e+01	2026-08-24T16:19:18.880341	0.00000000e+00	1	10	-3.99828000e-05	2.45416000e-06	-1.60111000e+00	-2.43254000e-06
7.03732644e+01	2026-08-24T16:19:18.915185	0.00000000e+00	1	10	-4.27008000e-05	2.17864000e-06	-1.55111000e+00	-2.18554000e-06
7.03861298e+01	2026-08-24T16:19:18.927699	0.00000000e+00	1	10	-3.75748000e-05	1.98776000e-06	-1.50106000e+00	-1.98543000e-06
7.04076226e+01	2026-08-24T16:19:18.943467	0.00000000e+00	1	10	-4.48465000e-05	1.79533000e-06	-1.45107000e+00	-1.80247000e-06
7.04162504e+01	2026-08-24T16:19:18.956769	0.00000000e+00	1	10	-4.36783000e-05	1.64076000e-06	-1.40099000e+00	-1.64596000e-06
7.04448364e+01	2026-08-24T16:19:18.980884	0.00000000e+00	1	10	-3.61204000e-05	1.46783000e-06	-1.35098000e+00	-1.46948000e-06
7.04699672e+01	2026-08-24T16:19:19.007234	0.00000000e+00	1	10	-4.46558000e-05	1.31526000e-06	-1.30092000e+00	-1.31209000e-06
7.04782035e+01	2026-08-24T16:19:19.007234	0.00000000e+00	1	10	-3.94583000e-05	1.17432000e-06	-1.25092000e+00	-1.16787000e-06
7.05016275e+01	2026-08-24T16:19:19.042278	0.00000000e+00	1	10	-3.79324000e-05	1.02243000e-06	-1.20085000e+00	-1.01920000e-06
7.05288822e+01	2026-08-24T16:19:19.070350	0.00000000e+00	1	10	-4.07219000e-05	9.02826000e-07	-1.15086000e+00	-8.96147000e-07
7.05422525e+01	2026-08-24T16:19:19.071565	0.00000000e+00	1	10	-4.37737000e-05	7.92058000e-07	-1.10080000e+00	-7.88216000e-07
7.05930226e+01	2026-08-24T16:19:19.134019	0.00000000e+00	1	10	-4.40359000e-05	6.87908000e-07	-1.05074000e+00	-6.84184000e-07
7.06018135e+01	2026-08-24T16:19:19.142199	0.00000000e+00	1	10	-4.56572000e-05	5.88257000e-07	-1.00072000e+00	-5.87640000e-07
7.06310662e+01	2026-08-24T16:19:19.171322	0.00000000e+00	1	10	-4.52042000e-05	5.21278000e-07	-9.50688000e-01	-5.25347000e-07
7.06558113e+01	2026-08-24T16:19:19.197007	0.00000000e+00	1	10	-4.75407000e-05	4.46768000e-07	-9.00656000e-01	-4.45679000e-07
7.06636138e+01	2026-08-24T16:19:19.197007	0.00000000e+00	1	10	-4.34876000e-05	3.87966000e-07	-8.50595000e-01	-3.87025000e-07
7.06713504e+01	2026-08-24T16:19:19.213044	0.00000000e+00	1	10	-4.79937000e-05	3.31320000e-07	-8.00609000e-01	-3.35265000e-07
7.07197001e+01	2026-08-24T16:19:19.260692	0.00000000e+00	1	10	-5.14030000e-05	2.79740000e-07	-7.50532000e-01	-2.79291000e-07
7.07274688e+01	2026-08-24T16:19:19.260692	0.00000000e+00	1	10	-4.47512000e-05	2.33220000e-07	-7.00498000e-01	-2.33078000e-07
7.07579393e+01	2026-08-24T16:19:19.292192	0.00000000e+00	1	10	-4.78983000e-05	1.95961000e-07	-6.50450000e-01	-1.98744000e-07
7.07735655e+01	2026-08-24T16:19:19.314244	0.00000000e+00	1	10	-4.41313000e-05	1.59311000e-07	-6.00435000e-01	-1.59123000e-07
7.07813728e+01	2026-08-24T16:19:19.314244	0.00000000e+00	1	10	-4.56572000e-05	1.27266000e-07	-5.50382000e-01	-1.24584000e-07
7.08325315e+01	2026-08-24T16:19:19.371747	0.00000000e+00	1	10	-4.53949000e-05	9.50145000e-08	-5.00353000e-01	-9.55142000e-08
7.09362840e+01	2026-08-24T16:19:19.466506	0.00000000e+00	1	10	-3.45945000e-05	8.57879000e-08	-4.50314000e-01	-8.05763000e-08
7.09619741e+01	2026-08-24T16:19:19.502421	0.00000000e+00	1	10	-4.30584000e-05	5.39978000e-08	-4.00293000e-01	-5.34088000e-08
7.09891053e+01	2026-08-24T16:19:19.530118	0.00000000e+00	1	10	-4.34876000e-05	2.66443000e-08	-3.50253000e-01	-2.59639000e-08
7.09975686e+01	2026-08-24T16:19:19.530118	0.00000000e+00	1	10	-4.06265000e-05	2.16725000e-08	-3.00209000e-01	-1.96269000e-08
7.10215410e+01	2026-08-24T16:19:19.562088	0.00000000e+00	1	10	-4.44889000e-05	1.02568000e-08	-2.50155000e-01	-1.01887000e-08
7.10524122e+01	2026-08-24T16:19:19.593478	0.00000000e+00	1	10	-4.07934000e-05	5.47835000e-09	-2.00035000e-01	-5.02899000e-09
7.10604603e+01	2026-08-24T16:19:19.593478	0.00000000e+00	1	10	-4.03404000e-05	3.68357000e-09	-1.49999000e-01	-3.36640000e-09
7.10855201e+01	2026-08-24T16:19:19.626026	0.00000000e+00	1	10	-4.62770000e-05	1.65399000e-09	-9.99619000e-02	-1.66957000e-09
7.11028250e+01	2026-08-24T16:19:19.643420	0.00000000e+00	1	10	-5.18560000e-05	8.41355000e-10	-4.99236000e-02	-8.48162000e-10
7.11105217e+01	2026-08-24T16:19:19.643420	0.00000000e+00	1	10	-4.18901000e-05	3.31616000e-10	4.89712000e-05	-2.15650000e-10
7.54445137e+01	2026-08-24T16:19:23.986012	0.00000000e+00	1	11	-2.38180000e-05	-3.55407000e-09	5.11408000e-05	8.58816000e-09
7.54694038e+01	2026-08-24T16:19:24.010796	0.00000000e+00	1	11	-4.32253000e-05	3.94780000e-06	-4.99278000e-02	-3.91426000e-06
7.54880005e+01	2026-08-24T16:19:24.029498	0.00000000e+00	1	11	-4.41313000e-05	8.71783000e-06	-9.99696000e-02	-8.71473000e-06
7.54958049e+01	2026-08-24T16:19:24.037298	0.00000000e+00	1	11	-1.00422000e-04	1.36347000e-05	-1.49965000e-01	-1.42157000e-05
7.55088738e+01	2026-08-24T16:19:24.050354	0.00000000e+00	1	11	-4.12464000e-05	2.09808000e-05	-2.00042000e-01	-2.09932000e-05
7.55264805e+01	2026-08-24T16:19:24.068180	0.00000000e+00	1	11	-3.91006000e-05	3.15247000e-05	-2.50171000e-01	-3.12358000e-05
7.55450763e+01	2026-08-24T16:19:24.086178	0.00000000e+00	1	11	-3.34263000e-05	4.38704000e-05	-3.00221000e-01	-4.38699000e-05
7.55667604e+01	2026-08-24T16:19:24.108179	0.00000000e+00	1	11	-3.33309000e-05	5.74323000e-05	-3.50260000e-01	-5.65603000e-05
7.55822388e+01	2026-08-24T16:19:24.123871	0.00000000e+00	1	11	-3.65734000e-05	7.22404000e-05	-4.00301000e-01	-7.02683000e-05
7.55897634e+01	2026-08-24T16:19:24.130882	0.00000000e+00	1	11	-4.14371000e-05	9.17961000e-05	-4.50301000e-01	-9.12894000e-05
7.56386964e+01	2026-08-24T16:19:24.180475	0.00000000e+00	1	11	-4.00782000e-05	1.03857000e-04	-5.00362000e-01	-1.04573000e-04
7.56514628e+01	2026-08-24T16:19:24.193296	0.00000000e+00	1	11	-4.31299000e-05	1.19450000e-04	-5.50405000e-01	-1.19924000e-04
7.56592699e+01	2026-08-24T16:19:24.200791	0.00000000e+00	1	11	-3.43323000e-05	1.32860000e-04	-6.00448000e-01	-1.29263000e-04
7.56746000e+01	2026-08-24T16:19:24.216099	0.00000000e+00	1	11	-3.83616000e-05	1.40325000e-04	-6.50451000e-01	-1.34289000e-04
7.56894673e+01	2026-08-24T16:19:24.231096	0.00000000e+00	1	11	-4.92573000e-05	1.49487000e-04	-7.00506000e-01	-1.43134000e-04
7.57053978e+01	2026-08-24T16:19:24.246978	0.00000000e+00	1	11	-3.51429000e-05	1.63244000e-04	-7.50561000e-01	-1.48955000e-04
7.57129858e+01	2026-08-24T16:19:24.254987	0.00000000e+00	1	11	-4.70161000e-05	1.64373000e-04	-8.00618000e-01	-1.60466000e-04
7.57206733e+01	2026-08-24T16:19:24.262564	0.00000000e+00	1	11	-2.62260000e-05	1.92822000e-04	-8.50612000e-01	-1.84122000e-04
7.57280937e+01	2026-08-24T16:19:24.269511	0.00000000e+00	1	11	-3.76463000e-05	2.15071000e-04	-9.00672000e-01	-2.01953000e-04
7.57412253e+01	2026-08-24T16:19:24.282788	0.00000000e+00	1	11	-4.52995000e-05	2.27651000e-04	-9.50695000e-01	-2.24380000e-04
7.57536086e+01	2026-08-24T16:19:24.294795	0.00000000e+00	1	11	-3.48568000e-05	2.57062000e-04	-1.00073000e+00	-2.71500000e-04
7.57719032e+01	2026-08-24T16:19:24.313123	0.00000000e+00	1	11	-2.93732000e-05	3.19384000e-04	-1.05075000e+00	-2.98332000e-04
7.57794463e+01	2026-08-24T16:19:24.321256	0.00000000e+00	1	11	-2.31743000e-05	3.26026000e-04	-1.10082000e+00	-2.67238000e-04
7.58164012e+01	2026-08-24T16:19:24.358041	0.00000000e+00	1	11	-1.19448000e-05	3.18845000e-04	-1.15088000e+00	-2.85142000e-04
7.58349092e+01	2026-08-24T16:19:24.376538	0.00000000e+00	1	11	-3.65734000e-05	3.16909000e-04	-1.20089000e+00	-2.57889000e-04
7.58425892e+01	2026-08-24T16:19:24.384033	0.00000000e+00	1	11	-3.03745000e-05	2.59358000e-04	-1.25094000e+00	-2.40736000e-04
7.58504814e+01	2026-08-24T16:19:24.392441	0.00000000e+00	1	11	-5.38349000e-05	2.86791000e-04	-1.30096000e+00	-2.58649000e-04
7.58693494e+01	2026-08-24T16:19:24.410875	0.00000000e+00	1	11	-4.03404000e-05	7.38341000e-05	-1.35100000e+00	-7.52459000e-05
7.58897389e+01	2026-08-24T16:19:24.431487	0.00000000e+00	1	11	-3.94583000e-05	8.67763000e-05	-1.40101000e+00	-8.33268000e-05
7.58993940e+01	2026-08-24T16:19:24.440618	0.00000000e+00	1	11	-4.69208000e-05	8.78433000e-05	-1.45107000e+00	-9.20869000e-05
7.59071534e+01	2026-08-24T16:19:24.448780	0.00000000e+00	1	11	-3.19004000e-05	7.97829000e-05	-1.50109000e+00	-6.85656000e-05
7.59146664e+01	2026-08-24T16:19:24.455785	0.00000000e+00	1	11	-3.00169000e-05	8.94298000e-05	-1.55110000e+00	-6.78005000e-05
7.59290629e+01	2026-08-24T16:19:24.470506	0.00000000e+00	1	11	-4.96149000e-05	5.21395000e-05	-1.60114000e+00	-5.35344000e-05
7.59473174e+01	2026-08-24T16:19:24.488628	0.00000000e+00	1	11	-4.37737000e-05	6.69677000e-05	-1.65116000e+00	-7.04355000e-05
7.59724715e+01	2026-08-24T16:19:24.514338	0.00000000e+00	1	11	-4.72784000e-05	8.38034000e-05	-1.70118000e+00	-9.24294000e-05
7.59901229e+01	2026-08-24T16:19:24.531341	0.00000000e+00	1	11	-4.03404000e-05	3.96393000e-05	-1.75124000e+00	-4.37863000e-05
7.60142596e+01	2026-08-24T16:19:24.555672	0.00000000e+00	1	11	-4.62055000e-05	6.03031000e-05	-1.80127000e+00	-3.35947000e-05
7.60375528e+01	2026-08-24T16:19:24.573007	0.00000000e+00	1	11	-5.39303000e-05	6.28990000e-05	-1.85128000e+00	-7.34575000e-05
7.60456964e+01	2026-08-24T16:19:24.573007	0.00000000e+00	1	11	-4.39405000e-05	9.07495000e-05	-1.90134000e+00	-6.56428000e-05
7.60947849e+01	2026-08-24T16:19:24.636094	0.00000000e+00	1	11	-4.81844000e-05	7.94989000e-05	-1.95137000e+00	-8.79561000e-05
7.61029189e+01	2026-08-24T16:19:24.636094	0.00000000e+00	1	11	-3.34263000e-05	8.06875000e-05	-2.00137000e+00	-6.56376000e-05
7.61297741e+01	2026-08-24T16:19:24.667582	0.00000000e+00	1	11	-5.33104000e-05	1.03143000e-04	-2.05142000e+00	-9.34062000e-05
7.61583883e+01	2026-08-24T16:19:24.699820	0.00000000e+00	1	11	-4.73738000e-05	7.33205000e-05	-2.10132000e+00	-7.61593000e-05
7.61739176e+01	2026-08-24T16:19:24.715583	0.00000000e+00	1	11	-5.69820000e-05	1.01128000e-04	-2.15144000e+00	-7.29425000e-05
7.62225964e+01	2026-08-24T16:19:24.764186	0.00000000e+00	1	11	-4.70877000e-05	6.45538000e-05	-2.20147000e+00	-6.33768000e-05
7.62570923e+01	2026-08-24T16:19:24.795653	0.00000000e+00	1	11	-4.52995000e-05	1.01814000e-04	-2.25158000e+00	-1.18455000e-04
7.62866245e+01	2026-08-24T16:19:24.827448	0.00000000e+00	1	11	-1.20163000e-05	1.83308000e-04	-2.30156000e+00	-1.65511000e-04
7.63192890e+01	2026-08-24T16:19:24.859312	0.00000000e+00	1	11	-4.26054000e-05	1.43062000e-04	-2.35158000e+00	-1.12919000e-04
7.63276404e+01	2026-08-24T16:19:24.859312	0.00000000e+00	1	11	-6.50883000e-05	1.48292000e-04	-2.40189000e+00	-1.69323000e-04
7.63494877e+01	2026-08-24T16:19:24.890981	0.00000000e+00	1	11	-5.17607000e-05	1.30283000e-04	-2.45184000e+00	-1.90367000e-04
7.63817076e+01	2026-08-24T16:19:24.923299	0.00000000e+00	1	11	-4.35829000e-05	7.90429000e-05	-2.50181000e+00	-7.80395000e-05
7.63928539e+01	2026-08-24T16:19:24.932909	0.00000000e+00	1	11	-5.60760000e-05	8.47960000e-05	-2.50172000e+00	-7.66620000e-05
7.64131637e+01	2026-08-24T16:19:24.954583	0.00000000e+00	1	11	-4.23193000e-05	6.10992000e-05	-2.45151000e+00	-5.75768000e-05
7.64471105e+01	2026-08-24T16:19:24.986515	0.00000000e+00	1	11	-5.43833000e-05	4.75900000e-05	-2.40166000e+00	-3.90132000e-05
7.64549062e+01	2026-08-24T16:19:24.986515	0.00000000e+00	1	11	-4.81844000e-05	2.87364000e-05	-2.35157000e+00	-2.91436000e-05
7.64770677e+01	2026-08-24T16:19:25.018127	0.00000000e+00	1	11	-5.15938000e-05	2.34488000e-05	-2.30143000e+00	-2.33741000e-05
7.65087645e+01	2026-08-24T16:19:25.049928	0.00000000e+00	1	11	-4.98772000e-05	1.99811000e-05	-2.25132000e+00	-2.00576000e-05
7.65169779e+01	2026-08-24T16:19:25.051939	0.00000000e+00	1	11	-5.11408000e-05	1.69656000e-05	-2.20147000e+00	-1.70824000e-05
7.65409714e+01	2026-08-24T16:19:25.082022	0.00000000e+00	1	11	-4.34160000e-05	1.46347000e-05	-2.15142000e+00	-1.45322000e-05
7.65497496e+01	2026-08-24T16:19:25.082022	0.00000000e+00	1	11	-5.03302000e-05	1.27745000e-05	-2.10138000e+00	-1.28348000e-05
7.65749146e+01	2026-08-24T16:19:25.113576	0.00000000e+00	1	11	-4.74453000e-05	1.10959000e-05	-2.05138000e+00	-1.10906000e-05
7.66041972e+01	2026-08-24T16:19:25.145526	0.00000000e+00	1	11	-4.63724000e-05	9.87985000e-06	-2.00137000e+00	-9.98415000e-06
7.66171223e+01	2026-08-24T16:19:25.155976	0.00000000e+00	1	11	-5.92232000e-05	8.90364000e-06	-1.95134000e+00	-8.92089000e-06
7.66357602e+01	2026-08-24T16:19:25.177284	0.00000000e+00	1	11	-5.54562000e-05	8.05351000e-06	-1.90132000e+00	-8.11589000e-06
7.66677173e+01	2026-08-24T16:19:25.209440	0.00000000e+00	1	11	-5.21421000e-05	7.26469000e-06	-1.85130000e+00	-7.28493000e-06
7.66760200e+01	2026-08-24T16:19:25.209440	0.00000000e+00	1	11	-5.54562000e-05	6.64294000e-06	-1.80123000e+00	-6.64466000e-06
7.67008357e+01	2026-08-24T16:19:25.242697	0.00000000e+00	1	11	-5.14984000e-05	5.94747000e-06	-1.75121000e+00	-5.95975000e-06
7.67316701e+01	2026-08-24T16:19:25.272667	0.00000000e+00	1	11	-5.50032000e-05	5.48960000e-06	-1.70120000e+00	-5.43254000e-06
7.67395932e+01	2026-08-24T16:19:25.272667	0.00000000e+00	1	11	-5.05924000e-05	4.94355000e-06	-1.65119000e+00	-4.92774000e-06
7.67642205e+01	2026-08-24T16:19:25.304651	0.00000000e+00	1	11	-5.13315000e-05	4.42660000e-06	-1.60112000e+00	-4.42703000e-06
7.67958688e+01	2026-08-24T16:19:25.336830	0.00000000e+00	1	11	-5.65290000e-05	4.03404000e-06	-1.55112000e+00	-4.05006000e-06
7.68050188e+01	2026-08-24T16:19:25.336830	0.00000000e+00	1	11	-5.19514000e-05	3.75526000e-06	-1.50108000e+00	-3.71852000e-06
7.68290448e+01	2026-08-24T16:19:25.369295	0.00000000e+00	1	11	-5.73397000e-05	3.39178000e-06	-1.45107000e+00	-3.35363000e-06
7.68588801e+01	2026-08-24T16:19:25.400288	0.00000000e+00	1	11	-5.75304000e-05	2.99155000e-06	-1.40101000e+00	-3.02006000e-06
7.68678892e+01	2026-08-24T16:19:25.400288	0.00000000e+00	1	11	-5.52893000e-05	2.74739000e-06	-1.35099000e+00	-2.71137000e-06
7.68920973e+01	2026-08-24T16:19:25.431763	0.00000000e+00	1	11	-4.40359000e-05	2.37289000e-06	-1.30095000e+00	-2.38766000e-06
7.69226974e+01	2026-08-24T16:19:25.463824	0.00000000e+00	1	11	-5.11408000e-05	2.18437000e-06	-1.25092000e+00	-2.17961000e-06
7.69314457e+01	2026-08-24T16:19:25.463824	0.00000000e+00	1	11	-5.33819000e-05	1.95903000e-06	-1.20085000e+00	-1.94567000e-06
7.69557139e+01	2026-08-24T16:19:25.495762	0.00000000e+00	1	11	-5.65290000e-05	1.72915000e-06	-1.15087000e+00	-1.73434000e-06
7.69861561e+01	2026-08-24T16:19:25.527499	0.00000000e+00	1	11	-5.55515000e-05	1.55226000e-06	-1.10079000e+00	-1.54202000e-06
7.69939597e+01	2026-08-24T16:19:25.527499	0.00000000e+00	1	11	-5.74350000e-05	1.38109000e-06	-1.05075000e+00	-1.38800000e-06
7.70015260e+01	2026-08-24T16:19:25.543330	0.00000000e+00	1	11	-4.98772000e-05	1.23114000e-06	-1.00073000e+00	-1.22810000e-06
7.70331072e+01	2026-08-24T16:19:25.575140	0.00000000e+00	1	11	-5.12362000e-05	1.07179000e-06	-9.50698000e-01	-1.07288000e-06
7.70555346e+01	2026-08-24T16:19:25.591489	0.00000000e+00	1	11	-4.94242000e-05	9.37532000e-07	-9.00670000e-01	-9.34354000e-07
7.70863044e+01	2026-08-24T16:19:25.626213	0.00000000e+00	1	11	-4.26054000e-05	8.01725000e-07	-8.50603000e-01	-8.01571000e-07
7.71132725e+01	2026-08-24T16:19:25.654495	0.00000000e+00	1	11	-5.22137000e-05	6.81850000e-07	-8.00593000e-01	-6.89006000e-07
7.71212362e+01	2026-08-24T16:19:25.654495	0.00000000e+00	1	11	-5.38349000e-05	5.74746000e-07	-7.50540000e-01	-5.65961000e-07
7.71458501e+01	2026-08-24T16:19:25.685851	0.00000000e+00	1	11	-4.58479000e-05	4.63716000e-07	-7.00514000e-01	-4.61228000e-07
7.71761686e+01	2026-08-24T16:19:25.717221	0.00000000e+00	1	11	-4.88997000e-05	3.79932000e-07	-6.50468000e-01	-3.77691000e-07
7.71843477e+01	2026-08-24T16:19:25.717221	0.00000000e+00	1	11	-4.71830000e-05	3.30735000e-07	-6.00475000e-01	-3.30078000e-07
7.72100870e+01	2026-08-24T16:19:25.748971	0.00000000e+00	1	11	-4.72784000e-05	2.58130000e-07	-5.50411000e-01	-2.59156000e-07
7.72310376e+01	2026-08-24T16:19:25.773047	0.00000000e+00	1	11	-4.63724000e-05	2.00897000e-07	-5.00370000e-01	-2.00387000e-07
7.72389301e+01	2026-08-24T16:19:25.780936	0.00000000e+00	1	11	-4.98772000e-05	1.49171000e-07	-4.50293000e-01	-1.32166000e-07
7.72615944e+01	2026-08-24T16:19:25.797521	0.00000000e+00	1	11	-5.49078000e-05	1.28426000e-07	-4.00295000e-01	-9.98614000e-08
7.73829188e+01	2026-08-24T16:19:25.924592	0.00000000e+00	1	11	-4.66347000e-05	6.56984000e-08	-3.50247000e-01	-6.59732000e-08
7.74471378e+01	2026-08-24T16:19:25.988126	0.00000000e+00	1	11	-5.06878000e-05	4.61560000e-08	-3.00221000e-01	-4.41512000e-08
7.74792486e+01	2026-08-24T16:19:26.019875	0.00000000e+00	1	11	-4.33207000e-05	2.99937000e-08	-2.50166000e-01	-2.94502000e-08
7.74885163e+01	2026-08-24T16:19:26.019875	0.00000000e+00	1	11	-4.02689000e-05	2.33109000e-08	-2.00043000e-01	-1.97927000e-08
7.75107758e+01	2026-08-24T16:19:26.051902	0.00000000e+00	1	11	-4.60148000e-05	7.61159000e-09	-1.50002000e-01	-6.57716000e-09
7.75437002e+01	2026-08-24T16:19:26.083742	0.00000000e+00	1	11	-4.49419000e-05	3.81020000e-09	-9.99616000e-02	-3.76188000e-09
7.75519123e+01	2026-08-24T16:19:26.083742	0.00000000e+00	1	11	-4.27008000e-05	2.36422000e-09	-4.99308000e-02	-1.83061000e-09
7.75747282e+01	2026-08-24T16:19:26.115673	0.00000000e+00	1	11	-4.79937000e-05	1.20735000e-10	5.56469000e-05	-2.96986000e-10
8.20324251e+01	2026-08-24T16:19:30.566287	0.00000000e+00	1	12	-2.06709000e-05	-4.63222000e-09	5.35727000e-05	1.32813000e-08
8.20407742e+01	2026-08-24T16:19:30.582325	0.00000000e+00	1	12	-3.66688000e-05	6.49099000e-06	-4.99171000e-02	-6.48700000e-06
8.20885092e+01	2026-08-24T16:19:30.629682	0.00000000e+00	1	12	-8.45909000e-05	1.35065000e-05	-9.99199000e-02	-1.35809000e-05
8.21040129e+01	2026-08-24T16:19:30.645491	0.00000000e+00	1	12	-2.85625000e-05	2.19477000e-05	-1.50002000e-01	-2.20641000e-05
8.21250629e+01	2026-08-24T16:19:30.661345	0.00000000e+00	1	12	-3.22580000e-05	3.20987000e-05	-2.00033000e-01	-3.20822000e-05
8.21330714e+01	2026-08-24T16:19:30.661345	0.00000000e+00	1	12	-3.51429000e-05	4.42402000e-05	-2.50169000e-01	-4.42605000e-05
8.21521646e+01	2026-08-24T16:19:30.693214	0.00000000e+00	1	12	-2.70367000e-05	5.87120000e-05	-3.00196000e-01	-5.86311000e-05
8.21839136e+01	2026-08-24T16:19:30.725225	0.00000000e+00	1	12	-3.69310000e-05	7.58810000e-05	-3.50226000e-01	-7.59811000e-05
8.21916372e+01	2026-08-24T16:19:30.725225	0.00000000e+00	1	12	-3.85523000e-05	9.60727000e-05	-4.00286000e-01	-9.59930000e-05
8.21990445e+01	2026-08-24T16:19:30.741058	0.00000000e+00	1	12	-3.61204000e-05	1.19402000e-04	-4.50309000e-01	-1.17990000e-04
8.22477992e+01	2026-08-24T16:19:30.788798	0.00000000e+00	1	12	-4.09842000e-05	1.42092000e-04	-5.00356000e-01	-1.42080000e-04
8.22559837e+01	2026-08-24T16:19:30.788798	0.00000000e+00	1	12	-3.97205000e-05	1.68131000e-04	-5.50392000e-01	-1.68774000e-04
8.22795170e+01	2026-08-24T16:19:30.820325	0.00000000e+00	1	12	-3.73840000e-05	1.80969000e-04	-6.00446000e-01	-1.80571000e-04
8.23105759e+01	2026-08-24T16:19:30.851952	0.00000000e+00	1	12	-3.52144000e-05	1.94232000e-04	-6.50455000e-01	-1.94878000e-04
8.23185494e+01	2026-08-24T16:19:30.852657	0.00000000e+00	1	12	-3.70264000e-05	2.15784000e-04	-7.00489000e-01	-2.14009000e-04
8.23261762e+01	2026-08-24T16:19:30.868055	0.00000000e+00	1	12	-3.64780000e-05	2.30916000e-04	-7.50556000e-01	-2.15207000e-04
8.23743271e+01	2026-08-24T16:19:30.915999	0.00000000e+00	1	12	-3.09944000e-05	2.23734000e-04	-8.00598000e-01	-2.23685000e-04
8.23826435e+01	2026-08-24T16:19:30.915999	0.00000000e+00	1	12	-3.34263000e-05	2.50473000e-04	-8.50601000e-01	-2.42212000e-04
8.24073076e+01	2026-08-24T16:19:30.947837	0.00000000e+00	1	12	-3.18050000e-05	2.48686000e-04	-9.00626000e-01	-2.54398000e-04
8.24371698e+01	2026-08-24T16:19:30.978573	0.00000000e+00	1	12	-3.87430000e-05	2.70823000e-04	-9.50688000e-01	-2.64851000e-04
8.24459028e+01	2026-08-24T16:19:30.978573	0.00000000e+00	1	12	-3.65734000e-05	2.97534000e-04	-1.00072000e+00	-2.90483000e-04
8.24705776e+01	2026-08-24T16:19:31.010067	0.00000000e+00	1	12	-2.85625000e-05	2.66551000e-04	-1.05075000e+00	-2.57118000e-04
8.25007635e+01	2026-08-24T16:19:31.041782	0.00000000e+00	1	12	-4.07219000e-05	2.69356000e-04	-1.10080000e+00	-2.86006000e-04
8.25088987e+01	2026-08-24T16:19:31.041782	0.00000000e+00	1	12	-2.94685000e-05	3.02303000e-04	-1.15086000e+00	-2.81730000e-04
8.25337165e+01	2026-08-24T16:19:31.073846	0.00000000e+00	1	12	-2.60592000e-05	2.55495000e-04	-1.20088000e+00	-2.63405000e-04
8.25635828e+01	2026-08-24T16:19:31.104928	0.00000000e+00	1	12	-4.31299000e-05	2.26717000e-04	-1.25093000e+00	-2.37396000e-04
8.25714569e+01	2026-08-24T16:19:31.104928	0.00000000e+00	1	12	-1.39952000e-05	1.88115000e-04	-1.30094000e+00	-1.42912000e-04
8.25954136e+01	2026-08-24T16:19:31.136915	0.00000000e+00	1	12	-2.03848000e-05	1.52024000e-04	-1.35098000e+00	-1.49529000e-04
8.26104378e+01	2026-08-24T16:19:31.152071	0.00000000e+00	1	12	-3.38793000e-05	2.08328000e-04	-1.40099000e+00	-1.07934000e-04
8.26316858e+01	2026-08-24T16:19:31.167721	0.00000000e+00	1	12	-3.22580000e-05	1.39387000e-04	-1.45105000e+00	-1.44600000e-04
8.26394950e+01	2026-08-24T16:19:31.167721	0.00000000e+00	1	12	-4.15087000e-05	1.66458000e-04	-1.50107000e+00	-1.41790000e-04
8.26589020e+01	2026-08-24T16:19:31.199308	0.00000000e+00	1	12	-4.06265000e-05	1.23298000e-04	-1.55110000e+00	-1.33383000e-04
8.26901208e+01	2026-08-24T16:19:31.230911	0.00000000e+00	1	12	-3.89099000e-05	1.32871000e-04	-1.60111000e+00	-1.29611000e-04
8.26984660e+01	2026-08-24T16:19:31.230911	0.00000000e+00	1	12	-4.24147000e-05	1.33083000e-04	-1.65117000e+00	-1.50445000e-04
8.27228904e+01	2026-08-24T16:19:31.262639	0.00000000e+00	1	12	-3.95536000e-05	1.03306000e-04	-1.70119000e+00	-9.22993000e-05
8.27534962e+01	2026-08-24T16:19:31.294498	0.00000000e+00	1	12	-3.67641000e-05	9.76326000e-05	-1.75122000e+00	-1.01990000e-04
8.27681153e+01	2026-08-24T16:19:31.294498	0.00000000e+00	1	12	-3.41415000e-05	1.06144000e-04	-1.80123000e+00	-1.44393000e-04
8.27999850e+01	2026-08-24T16:19:31.326462	0.00000000e+00	1	12	-3.60250000e-05	1.71976000e-04	-1.85127000e+00	-1.13672000e-04
8.28220986e+01	2026-08-24T16:19:31.358778	0.00000000e+00	1	12	-1.93119000e-05	1.36920000e-04	-1.90134000e+00	-1.26123000e-04
8.28324030e+01	2026-08-24T16:19:31.373969	0.00000000e+00	1	12	2.16007000e-05	1.80691000e-04	-1.95135000e+00	-1.32442000e-04
8.28644915e+01	2026-08-24T16:19:31.405482	0.00000000e+00	1	12	-4.85420000e-05	2.22836000e-04	-2.00135000e+00	-2.39360000e-04
8.28726455e+01	2026-08-24T16:19:31.405482	0.00000000e+00	1	12	-1.63317000e-05	1.47743000e-04	-2.05145000e+00	-1.30937000e-04
8.28960535e+01	2026-08-24T16:19:31.437137	0.00000000e+00	1	12	-4.66347000e-05	1.38589000e-04	-2.10125000e+00	-1.14168000e-04
8.29283868e+01	2026-08-24T16:19:31.469902	0.00000000e+00	1	12	-1.55449000e-05	1.34925000e-04	-2.15141000e+00	-1.24262000e-04
8.29363381e+01	2026-08-24T16:19:31.469902	0.00000000e+00	1	12	-2.75850000e-05	1.43212000e-04	-2.20145000e+00	-1.29056000e-04
8.29594768e+01	2026-08-24T16:19:31.500970	0.00000000e+00	1	12	-3.00169000e-05	1.57863000e-04	-2.25132000e+00	-1.41729000e-04
8.29932895e+01	2026-08-24T16:19:31.532599	0.00000000e+00	1	12	-4.71830000e-05	1.11700000e-04	-2.30125000e+00	-1.16865000e-04
8.30009525e+01	2026-08-24T16:19:31.532599	0.00000000e+00	1	12	-2.51532000e-05	1.77579000e-04	-2.35136000e+00	-1.59004000e-04
8.30235141e+01	2026-08-24T16:19:31.565339	0.00000000e+00	1	12	-3.71933000e-05	1.55887000e-04	-2.40150000e+00	-1.37965000e-04
8.30549104e+01	2026-08-24T16:19:31.596284	0.00000000e+00	1	12	-3.11852000e-05	7.25553000e-05	-2.45145000e+00	-7.30950000e-05
8.30669791e+01	2026-08-24T16:19:31.596284	0.00000000e+00	1	12	-4.20570000e-05	1.22127000e-04	-2.50228000e+00	-1.10141000e-04
8.30779272e+01	2026-08-24T16:19:31.612109	0.00000000e+00	1	12	-3.58582000e-05	5.88075000e-05	-2.50164000e+00	-6.86670000e-05
8.31019824e+01	2026-08-24T16:19:31.643572	0.00000000e+00	1	12	-3.49522000e-05	2.98779000e-05	-2.45148000e+00	-3.36425000e-05
8.31496684e+01	2026-08-24T16:19:31.691101	0.00000000e+00	1	12	-3.87430000e-05	2.43905000e-05	-2.40153000e+00	-2.40029000e-05
8.31621815e+01	2026-08-24T16:19:31.701383	0.00000000e+00	1	12	-4.03404000e-05	1.97096000e-05	-2.35149000e+00	-1.94203000e-05
8.31902287e+01	2026-08-24T16:19:31.723145	0.00000000e+00	1	12	-3.82900000e-05	1.52371000e-05	-2.30119000e+00	-1.56842000e-05
8.32139138e+01	2026-08-24T16:19:31.755207	0.00000000e+00	1	12	-3.91722000e-05	1.29934000e-05	-2.25130000e+00	-1.28718000e-05
8.32477116e+01	2026-08-24T16:19:31.786960	0.00000000e+00	1	12	-3.71933000e-05	1.09897000e-05	-2.20138000e+00	-1.10250000e-05
8.32571243e+01	2026-08-24T16:19:31.786960	0.00000000e+00	1	12	-3.12805000e-05	9.62029000e-06	-2.15154000e+00	-9.55903000e-06
8.32777439e+01	2026-08-24T16:19:31.818677	0.00000000e+00	1	12	-4.73738000e-05	8.45083000e-06	-2.10137000e+00	-8.47114000e-06
8.33113291e+01	2026-08-24T16:19:31.851109	0.00000000e+00	1	12	-4.30584000e-05	7.54070000e-06	-2.05141000e+00	-7.51587000e-06
8.33194865e+01	2026-08-24T16:19:31.851109	0.00000000e+00	1	12	-4.78983000e-05	6.66465000e-06	-2.00135000e+00	-6.67513000e-06
8.33406354e+01	2026-08-24T16:19:31.882043	0.00000000e+00	1	12	-5.10454000e-05	5.85512000e-06	-1.95135000e+00	-5.86509000e-06
8.33736830e+01	2026-08-24T16:19:31.914181	0.00000000e+00	1	12	-5.00679000e-05	5.23771000e-06	-1.90132000e+00	-5.26845000e-06
8.33813540e+01	2026-08-24T16:19:31.914181	0.00000000e+00	1	12	-4.59194000e-05	4.71304000e-06	-1.85127000e+00	-4.72970000e-06
8.33908181e+01	2026-08-24T16:19:31.930696	0.00000000e+00	1	12	-4.25100000e-05	4.20729000e-06	-1.80123000e+00	-4.15662000e-06
8.33996581e+01	2026-08-24T16:19:31.941424	0.00000000e+00	1	12	-4.27723000e-05	3.73358000e-06	-1.75123000e+00	-3.71464000e-06
8.34113294e+01	2026-08-24T16:19:31.952818	0.00000000e+00	1	12	-4.45843000e-05	3.28280000e-06	-1.70117000e+00	-3.29606000e-06
8.34368370e+01	2026-08-24T16:19:31.976898	0.00000000e+00	1	12	-4.16040000e-05	2.94187000e-06	-1.65117000e+00	-2.92889000e-06
8.34447267e+01	2026-08-24T16:19:31.976898	0.00000000e+00	1	12	-4.91619000e-05	2.63117000e-06	-1.60112000e+00	-2.63962000e-06
8.34668974e+01	2026-08-24T16:19:32.008091	0.00000000e+00	1	12	-4.03404000e-05	2.32327000e-06	-1.55111000e+00	-2.31561000e-06
8.35004777e+01	2026-08-24T16:19:32.039634	0.00000000e+00	1	12	-4.72784000e-05	2.06832000e-06	-1.50107000e+00	-2.08452000e-06
8.35089171e+01	2026-08-24T16:19:32.039634	0.00000000e+00	1	12	-4.81844000e-05	1.82276000e-06	-1.45103000e+00	-1.84104000e-06
8.35304781e+01	2026-08-24T16:19:32.071491	0.00000000e+00	1	12	-4.30584000e-05	1.62488000e-06	-1.40098000e+00	-1.63303000e-06
8.35459721e+01	2026-08-24T16:19:32.087230	0.00000000e+00	1	12	-4.27723000e-05	1.42337000e-06	-1.35099000e+00	-1.42428000e-06
8.35745235e+01	2026-08-24T16:19:32.103021	0.00000000e+00	1	12	-4.88043000e-05	1.24759000e-06	-1.30092000e+00	-1.22624000e-06
8.35937768e+01	2026-08-24T16:19:32.135408	0.00000000e+00	1	12	-4.52995000e-05	1.08561000e-06	-1.25091000e+00	-1.06700000e-06
8.36257114e+01	2026-08-24T16:19:32.166446	0.00000000e+00	1	12	-4.50373000e-05	9.31759000e-07	-1.20086000e+00	-9.30750000e-07
8.36381634e+01	2026-08-24T16:19:32.166446	0.00000000e+00	1	12	-4.38690000e-05	8.12420000e-07	-1.15085000e+00	-8.07049000e-07
8.36574794e+01	2026-08-24T16:19:32.198479	0.00000000e+00	1	12	-4.53949000e-05	6.75611000e-07	-1.10079000e+00	-6.82558000e-07
8.36905903e+01	2026-08-24T16:19:32.230526	0.00000000e+00	1	12	-4.27723000e-05	5.67249000e-07	-1.05072000e+00	-5.64340000e-07
8.36992017e+01	2026-08-24T16:19:32.230526	0.00000000e+00	1	12	-4.38690000e-05	4.86104000e-07	-1.00071000e+00	-4.85978000e-07
8.37210079e+01	2026-08-24T16:19:32.262012	0.00000000e+00	1	12	-4.31299000e-05	3.98200000e-07	-9.50679000e-01	-3.96439000e-07
8.37539731e+01	2026-08-24T16:19:32.293551	0.00000000e+00	1	12	-4.93526000e-05	3.24916000e-07	-9.00631000e-01	-3.24820000e-07
8.37632112e+01	2026-08-24T16:19:32.293551	0.00000000e+00	1	12	-4.26054000e-05	2.65233000e-07	-8.50605000e-01	-2.64293000e-07
8.37844757e+01	2026-08-24T16:19:32.325662	0.00000000e+00	1	12	-4.20570000e-05	2.05216000e-07	-8.00591000e-01	-2.03402000e-07
8.38195597e+01	2026-08-24T16:19:32.357905	0.00000000e+00	1	12	-4.36783000e-05	1.60803000e-07	-7.50515000e-01	-1.61008000e-07
8.38272721e+01	2026-08-24T16:19:32.367551	0.00000000e+00	1	12	-4.31299000e-05	1.23930000e-07	-7.00513000e-01	-1.23544000e-07
8.38476230e+01	2026-08-24T16:19:32.389157	0.00000000e+00	1	12	-4.47512000e-05	8.58928000e-08	-6.50438000e-01	-8.53112000e-08
8.39514071e+01	2026-08-24T16:19:32.483529	0.00000000e+00	1	12	-3.91006000e-05	7.68986000e-08	-6.00434000e-01	-7.21567000e-08
8.39745105e+01	2026-08-24T16:19:32.515557	0.00000000e+00	1	12	-5.24998000e-05	4.80358000e-08	-5.50394000e-01	-4.71432000e-08
8.40096425e+01	2026-08-24T16:19:32.547095	0.00000000e+00	1	12	-4.62055000e-05	3.68666000e-08	-5.00364000e-01	-3.64598000e-08
8.40175164e+01	2026-08-24T16:19:32.547095	0.00000000e+00	1	12	-3.90053000e-05	3.27479000e-08	-4.50304000e-01	-3.06851000e-08
8.40370286e+01	2026-08-24T16:19:32.578990	0.00000000e+00	1	12	-4.74453000e-05	1.91960000e-08	-4.00315000e-01	-1.91201000e-08
8.40707850e+01	2026-08-24T16:19:32.609861	0.00000000e+00	1	12	-4.04358000e-05	1.45398000e-08	-3.50248000e-01	-1.40716000e-08
8.40785232e+01	2026-08-24T16:19:32.609861	0.00000000e+00	1	12	-4.17948000e-05	1.22656000e-08	-3.00231000e-01	-1.16522000e-08
8.41008083e+01	2026-08-24T16:19:32.641986	0.00000000e+00	1	12	-4.68254000e-05	7.69172000e-09	-2.50170000e-01	-7.69537000e-09
8.41341949e+01	2026-08-24T16:19:32.673700	0.00000000e+00	1	12	-4.36783000e-05	5.13284000e-09	-2.00031000e-01	-4.99808000e-09
8.41424906e+01	2026-08-24T16:19:32.673700	0.00000000e+00	1	12	-4.57525000e-05	4.26656000e-09	-1.50000000e-01	-3.98678000e-09
8.41636407e+01	2026-08-24T16:19:32.705099	0.00000000e+00	1	12	-4.39405000e-05	2.12238000e-09	-9.99641000e-02	-1.76525000e-09
8.41988995e+01	2026-08-24T16:19:32.736786	0.00000000e+00	1	12	-3.76463000e-05	8.29577000e-10	-4.99227000e-02	-8.99863000e-10
8.42069163e+01	2026-08-24T16:19:32.736786	0.00000000e+00	1	12	-4.42266000e-05	4.55844000e-10	5.41210000e-05	-3.22604000e-10
8.88755458e+01	2026-08-24T16:19:37.402565	0.00000000e+00	1	13	-1.59740000e-05	-8.01598000e-09	5.12362000e-05	3.29820000e-08
8.89323063e+01	2026-08-24T16:19:37.466308	0.00000000e+00	1	13	-8.58545000e-05	1.12657000e-05	-4.98816000e-02	-1.12766000e-05
8.89567748e+01	2026-08-24T16:19:37.497881	0.00000000e+00	1	13	-3.64780000e-05	2.34360000e-05	-9.99548000e-02	-2.34430000e-05
8.89891674e+01	2026-08-24T16:19:37.530921	0.00000000e+00	1	13	-4.16040000e-05	3.69718000e-05	-1.49992000e-01	-3.70059000e-05
8.90221938e+01	2026-08-24T16:19:37.561152	0.00000000e+00	1	13	-4.60148000e-05	5.27431000e-05	-2.00030000e-01	-5.27144000e-05
8.90308017e+01	2026-08-24T16:19:37.561152	0.00000000e+00	1	13	-4.36783000e-05	7.13897000e-05	-2.50165000e-01	-7.14781000e-05
8.90512354e+01	2026-08-24T16:19:37.592593	0.00000000e+00	1	13	-4.00782000e-05	9.35872000e-05	-3.00210000e-01	-9.35575000e-05
8.90643112e+01	2026-08-24T16:19:37.592593	0.00000000e+00	1	13	-4.45843000e-05	1.19426000e-04	-3.50225000e-01	-1.19246000e-04
8.90909699e+01	2026-08-24T16:19:37.624611	0.00000000e+00	1	13	-3.61204000e-05	1.49178000e-04	-4.00279000e-01	-1.48597000e-04
8.91150040e+01	2026-08-24T16:19:37.656019	0.00000000e+00	1	13	-3.85523000e-05	1.82128000e-04	-4.50296000e-01	-1.81681000e-04
8.91465308e+01	2026-08-24T16:19:37.687714	0.00000000e+00	1	13	-3.91006000e-05	2.16913000e-04	-5.00354000e-01	-2.17061000e-04
8.91588101e+01	2026-08-24T16:19:37.698004	0.00000000e+00	1	13	-3.17097000e-05	2.55542000e-04	-5.50402000e-01	-2.55186000e-04
8.91785415e+01	2026-08-24T16:19:37.719518	0.00000000e+00	1	13	-3.86477000e-05	2.95885000e-04	-6.00451000e-01	-2.95934000e-04
8.92103163e+01	2026-08-24T16:19:37.752263	0.00000000e+00	1	13	-3.44992000e-05	3.34846000e-04	-6.50450000e-01	-3.33578000e-04
8.92223683e+01	2026-08-24T16:19:37.752263	0.00000000e+00	1	13	-4.47512000e-05	3.78898000e-04	-7.00495000e-01	-3.78647000e-04
8.92422528e+01	2026-08-24T16:19:37.783108	0.00000000e+00	1	13	-3.82900000e-05	4.22591000e-04	-7.50545000e-01	-4.20923000e-04
8.92798453e+01	2026-08-24T16:19:37.814781	0.00000000e+00	1	13	-4.34876000e-05	4.68370000e-04	-8.00594000e-01	-4.68246000e-04
8.92878659e+01	2026-08-24T16:19:37.814781	0.00000000e+00	1	13	-4.73738000e-05	5.13485000e-04	-8.50582000e-01	-5.09201000e-04
8.93403403e+01	2026-08-24T16:19:37.878963	0.00000000e+00	1	13	-4.62055000e-05	5.47627000e-04	-9.00633000e-01	-5.44963000e-04
8.93491425e+01	2026-08-24T16:19:37.878963	0.00000000e+00	1	13	-4.26054000e-05	5.85080000e-04	-9.50679000e-01	-5.82167000e-04
8.93697184e+01	2026-08-24T16:19:37.910689	0.00000000e+00	1	13	-3.77417000e-05	5.95878000e-04	-1.00073000e+00	-5.69396000e-04
8.94060868e+01	2026-08-24T16:19:37.946073	0.00000000e+00	1	13	-4.30584000e-05	5.25938000e-04	-1.05076000e+00	-5.13165000e-04
8.94149311e+01	2026-08-24T16:19:37.949940	0.00000000e+00	1	13	-3.88145000e-05	5.21945000e-04	-1.10079000e+00	-4.18241000e-04
8.94640898e+01	2026-08-24T16:19:38.005231	0.00000000e+00	1	13	-3.54052000e-05	3.81145000e-04	-1.15087000e+00	-3.80625000e-04
8.94774145e+01	2026-08-24T16:19:38.005231	0.00000000e+00	1	13	-3.96252000e-05	3.84763000e-04	-1.20087000e+00	-3.66076000e-04
8.95294231e+01	2026-08-24T16:19:38.070825	0.00000000e+00	1	13	-3.35217000e-05	3.27478000e-04	-1.25091000e+00	-3.16493000e-04
8.95372351e+01	2026-08-24T16:19:38.070825	0.00000000e+00	1	13	-4.11510000e-05	3.53244000e-04	-1.30094000e+00	-3.54107000e-04
8.95591927e+01	2026-08-24T16:19:38.100229	0.00000000e+00	1	13	-3.63112000e-05	2.79948000e-04	-1.35098000e+00	-2.68276000e-04
8.95907271e+01	2026-08-24T16:19:38.131797	0.00000000e+00	1	13	-3.55005000e-05	2.62336000e-04	-1.40098000e+00	-2.56383000e-04
8.96046511e+01	2026-08-24T16:19:38.142130	0.00000000e+00	1	13	-4.42266000e-05	2.92077000e-04	-1.45103000e+00	-2.93757000e-04
8.96554490e+01	2026-08-24T16:19:38.194721	0.00000000e+00	1	13	-3.40462000e-05	2.63477000e-04	-1.50104000e+00	-2.55669000e-04
8.96631921e+01	2026-08-24T16:19:38.194721	0.00000000e+00	1	13	-4.55618000e-05	2.86581000e-04	-1.55112000e+00	-2.71231000e-04
8.96856280e+01	2026-08-24T16:19:38.226474	0.00000000e+00	1	13	-5.89609000e-05	2.66974000e-04	-1.60113000e+00	-2.50361000e-04
8.97205752e+01	2026-08-24T16:19:38.258045	0.00000000e+00	1	13	-4.63724000e-05	2.25292000e-04	-1.65115000e+00	-2.27926000e-04
8.97288809e+01	2026-08-24T16:19:38.263585	0.00000000e+00	1	13	-4.41313000e-05	2.93593000e-04	-1.70118000e+00	-2.91283000e-04
8.97487468e+01	2026-08-24T16:19:38.289831	0.00000000e+00	1	13	-4.88997000e-05	1.55316000e-04	-1.75120000e+00	-1.77976000e-04
8.97634731e+01	2026-08-24T16:19:38.289831	0.00000000e+00	1	13	-3.62158000e-05	1.82157000e-04	-1.80125000e+00	-1.76479000e-04
8.97892439e+01	2026-08-24T16:19:38.321681	0.00000000e+00	1	13	-4.88043000e-05	2.07099000e-04	-1.85129000e+00	-1.84032000e-04
8.98120700e+01	2026-08-24T16:19:38.353048	0.00000000e+00	1	13	-4.38690000e-05	1.47534000e-04	-1.90130000e+00	-1.34695000e-04
8.98472260e+01	2026-08-24T16:19:38.384820	0.00000000e+00	1	13	-4.70161000e-05	1.59833000e-04	-1.95134000e+00	-1.70681000e-04
8.98551652e+01	2026-08-24T16:19:38.384820	0.00000000e+00	1	13	-4.19617000e-05	1.72082000e-04	-2.00135000e+00	-1.74795000e-04
8.98757739e+01	2026-08-24T16:19:38.416898	0.00000000e+00	1	13	-3.59535000e-05	1.53334000e-04	-2.05110000e+00	-1.36048000e-04
8.99127030e+01	2026-08-24T16:19:38.448870	0.00000000e+00	1	13	-3.25203000e-05	1.37683000e-04	-2.10131000e+00	-1.30530000e-04
8.99204616e+01	2026-08-24T16:19:38.448870	0.00000000e+00	1	13	-4.78029000e-05	1.59363000e-04	-2.15132000e+00	-1.72070000e-04
8.99391163e+01	2026-08-24T16:19:38.480495	0.00000000e+00	1	13	-4.80890000e-05	1.66286000e-04	-2.20141000e+00	-1.54953000e-04
8.99739099e+01	2026-08-24T16:19:38.512051	0.00000000e+00	1	13	-6.83069000e-05	3.24076000e-04	-2.25133000e+00	-3.15440000e-04
8.99822613e+01	2026-08-24T16:19:38.512051	0.00000000e+00	1	13	-2.35319000e-05	3.01271000e-04	-2.30125000e+00	-2.45980000e-04
9.00030784e+01	2026-08-24T16:19:38.544852	0.00000000e+00	1	13	-2.98262000e-05	1.41379000e-04	-2.35156000e+00	-1.14244000e-04
9.00296740e+01	2026-08-24T16:19:38.571294	0.00000000e+00	1	13	-2.33650000e-05	8.83349000e-05	-2.40141000e+00	-8.87199000e-05
9.00497081e+01	2026-08-24T16:19:38.590823	0.00000000e+00	1	13	-5.52893000e-05	7.25054000e-05	-2.45127000e+00	-8.59686000e-05
9.00596398e+01	2026-08-24T16:19:38.590823	0.00000000e+00	1	13	-3.21627000e-05	1.10743000e-04	-2.50161000e+00	-8.63121000e-05
9.00752472e+01	2026-08-24T16:19:38.606738	0.00000000e+00	1	13	-4.21524000e-05	6.28147000e-05	-2.50162000e+00	-5.80546000e-05
9.01135271e+01	2026-08-24T16:19:38.654608	0.00000000e+00	1	13	-4.20570000e-05	3.96999000e-05	-2.45134000e+00	-3.76400000e-05
9.01214966e+01	2026-08-24T16:19:38.654608	0.00000000e+00	1	13	-3.64065000e-05	3.42528000e-05	-2.40136000e+00	-3.32209000e-05
9.01514117e+01	2026-08-24T16:19:38.686326	0.00000000e+00	1	13	-4.16994000e-05	2.40049000e-05	-2.35147000e+00	-2.37803000e-05
9.01762737e+01	2026-08-24T16:19:38.717720	0.00000000e+00	1	13	-4.11510000e-05	1.94298000e-05	-2.30115000e+00	-1.98881000e-05
9.01839857e+01	2026-08-24T16:19:38.717720	0.00000000e+00	1	13	-3.63112000e-05	1.68421000e-05	-2.25125000e+00	-1.66762000e-05
9.01916815e+01	2026-08-24T16:19:38.733451	0.00000000e+00	1	13	-4.22478000e-05	1.45199000e-05	-2.20137000e+00	-1.50143000e-05
9.02424145e+01	2026-08-24T16:19:38.782037	0.00000000e+00	1	13	-3.69310000e-05	1.30057000e-05	-2.15159000e+00	-1.31567000e-05
9.02512346e+01	2026-08-24T16:19:38.782037	0.00000000e+00	1	13	-4.09842000e-05	1.13943000e-05	-2.10117000e+00	-1.15513000e-05
9.02715106e+01	2026-08-24T16:19:38.812857	0.00000000e+00	1	13	-4.32253000e-05	1.03300000e-05	-2.05110000e+00	-1.05877000e-05
9.03077819e+01	2026-08-24T16:19:38.846242	0.00000000e+00	1	13	-3.45945000e-05	9.47903000e-06	-2.00135000e+00	-9.42439000e-06
9.03347067e+01	2026-08-24T16:19:38.875772	0.00000000e+00	1	13	-5.52893000e-05	8.28848000e-06	-1.95133000e+00	-8.40597000e-06
9.03694673e+01	2026-08-24T16:19:38.907495	0.00000000e+00	1	13	-4.92573000e-05	7.68991000e-06	-1.90129000e+00	-7.69914000e-06
9.03783806e+01	2026-08-24T16:19:38.917710	0.00000000e+00	1	13	-4.59194000e-05	7.01313000e-06	-1.85127000e+00	-6.99654000e-06
9.04047488e+01	2026-08-24T16:19:38.938981	0.00000000e+00	1	13	-5.45502000e-05	6.46167000e-06	-1.80122000e+00	-6.48124000e-06
9.04316975e+01	2026-08-24T16:19:38.970772	0.00000000e+00	1	13	-4.88043000e-05	5.98560000e-06	-1.75122000e+00	-6.00937000e-06
9.04399875e+01	2026-08-24T16:19:38.970772	0.00000000e+00	1	13	-4.38690000e-05	5.54185000e-06	-1.70117000e+00	-5.55621000e-06
9.04610314e+01	2026-08-24T16:19:39.002452	0.00000000e+00	1	13	-5.11408000e-05	5.09057000e-06	-1.65114000e+00	-5.06805000e-06
9.04878713e+01	2026-08-24T16:19:39.028648	0.00000000e+00	1	13	-5.14030000e-05	4.66214000e-06	-1.60111000e+00	-4.65835000e-06
9.05082420e+01	2026-08-24T16:19:39.049801	0.00000000e+00	1	13	-5.03302000e-05	4.15909000e-06	-1.55110000e+00	-4.14631000e-06
9.05164747e+01	2026-08-24T16:19:39.049801	0.00000000e+00	1	13	-4.52042000e-05	3.75437000e-06	-1.50107000e+00	-3.75375000e-06
9.05240455e+01	2026-08-24T16:19:39.065846	0.00000000e+00	1	13	-4.61102000e-05	3.41505000e-06	-1.45101000e+00	-3.43854000e-06
9.05527345e+01	2026-08-24T16:19:39.081591	0.00000000e+00	1	13	-5.76258000e-05	3.15477000e-06	-1.40098000e+00	-3.16931000e-06
9.05761693e+01	2026-08-24T16:19:39.113272	0.00000000e+00	1	13	-4.48465000e-05	2.83472000e-06	-1.35099000e+00	-2.73549000e-06
9.05837381e+01	2026-08-24T16:19:39.113272	0.00000000e+00	1	13	-4.72784000e-05	2.48083000e-06	-1.30091000e+00	-2.47917000e-06
9.06038263e+01	2026-08-24T16:19:39.144999	0.00000000e+00	1	13	-4.76360000e-05	2.27958000e-06	-1.25091000e+00	-2.25215000e-06
9.06285494e+01	2026-08-24T16:19:39.161003	0.00000000e+00	1	13	-5.07832000e-05	2.04349000e-06	-1.20087000e+00	-2.03550000e-06
9.06511665e+01	2026-08-24T16:19:39.192493	0.00000000e+00	1	13	-4.95195000e-05	1.81715000e-06	-1.15086000e+00	-1.80174000e-06
9.06860863e+01	2026-08-24T16:19:39.224124	0.00000000e+00	1	13	-5.62668000e-05	1.60496000e-06	-1.10079000e+00	-1.60779000e-06
9.06957336e+01	2026-08-24T16:19:39.224124	0.00000000e+00	1	13	-4.85420000e-05	1.42921000e-06	-1.05074000e+00	-1.48843000e-06
9.07145779e+01	2026-08-24T16:19:39.255761	0.00000000e+00	1	13	-4.84467000e-05	1.40521000e-06	-1.00073000e+00	-1.47964000e-06
9.07295141e+01	2026-08-24T16:19:39.255761	0.00000000e+00	1	13	-4.38690000e-05	1.31610000e-06	-9.50678000e-01	-1.17355000e-06
9.07534752e+01	2026-08-24T16:19:39.287990	0.00000000e+00	1	13	-4.88043000e-05	1.05608000e-06	-9.00655000e-01	-1.05175000e-06
9.07612398e+01	2026-08-24T16:19:39.287990	0.00000000e+00	1	13	-5.17607000e-05	8.80561000e-07	-8.50602000e-01	-8.93388000e-07
9.07913916e+01	2026-08-24T16:19:39.319602	0.00000000e+00	1	13	-5.08785000e-05	7.69809000e-07	-8.00573000e-01	-7.39350000e-07
9.08168685e+01	2026-08-24T16:19:39.351172	0.00000000e+00	1	13	-4.47512000e-05	6.29545000e-07	-7.50514000e-01	-6.25278000e-07
9.08243787e+01	2026-08-24T16:19:39.361528	0.00000000e+00	1	13	-5.50032000e-05	5.24961000e-07	-7.00490000e-01	-5.24076000e-07
9.08576385e+01	2026-08-24T16:19:39.399448	0.00000000e+00	1	13	-5.62668000e-05	4.44542000e-07	-6.50438000e-01	-4.42817000e-07
9.08825246e+01	2026-08-24T16:19:39.414582	0.00000000e+00	1	13	-5.50032000e-05	3.59442000e-07	-6.00441000e-01	-3.60579000e-07
9.09055508e+01	2026-08-24T16:19:39.446676	0.00000000e+00	1	13	-5.01633000e-05	2.89943000e-07	-5.50374000e-01	-2.88126000e-07
9.09353673e+01	2026-08-24T16:19:39.472883	0.00000000e+00	1	13	-4.73738000e-05	2.12430000e-07	-5.00351000e-01	-2.00595000e-07
9.09584769e+01	2026-08-24T16:19:39.494214	0.00000000e+00	1	13	-5.32150000e-05	1.52350000e-07	-4.50302000e-01	-1.58525000e-07
9.09661389e+01	2026-08-24T16:19:39.494214	0.00000000e+00	1	13	-4.72784000e-05	1.12415000e-07	-4.00289000e-01	-1.11542000e-07
9.09834465e+01	2026-08-24T16:19:39.518385	0.00000000e+00	1	13	-5.45502000e-05	7.62157000e-08	-3.50226000e-01	-7.08405000e-08
9.10954320e+01	2026-08-24T16:19:39.636467	0.00000000e+00	1	13	-4.43935000e-05	5.17222000e-08	-3.00185000e-01	-5.06213000e-08
9.11039952e+01	2026-08-24T16:19:39.636467	0.00000000e+00	1	13	-4.34160000e-05	4.32448000e-08	-2.50151000e-01	-3.91771000e-08
9.11314455e+01	2026-08-24T16:19:39.668352	0.00000000e+00	1	13	-5.52893000e-05	1.83494000e-08	-2.00032000e-01	-1.71048000e-08
9.11526565e+01	2026-08-24T16:19:39.693920	0.00000000e+00	1	13	-4.62055000e-05	1.07465000e-08	-1.49997000e-01	-9.23946000e-09
9.11743070e+01	2026-08-24T16:19:39.716312	0.00000000e+00	1	13	-5.00679000e-05	3.45837000e-09	-9.99520000e-02	-3.56402000e-09
9.12069564e+01	2026-08-24T16:19:39.746988	0.00000000e+00	1	13	-5.05924000e-05	2.10912000e-09	-4.99198000e-02	-1.87739000e-09
9.12169385e+01	2026-08-24T16:19:39.746988	0.00000000e+00	1	13	-5.27620000e-05	6.88529000e-10	5.42879000e-05	-5.69272000e-10
9.57288404e+01	2026-08-24T16:19:44.258053	0.00000000e+00	1	14	-3.93629000e-05	-3.20387000e-09	5.90563000e-05	7.34532000e-09
9.57487079e+01	2026-08-24T16:19:44.289673	0.00000000e+00	1	14	-4.35829000e-05	3.10709000e-06	-4.99189000e-02	-3.11126000e-06
9.57808778e+01	2026-08-24T16:19:44.321528	0.00000000e+00	1	14	-5.53608000e-05	6.51865000e-06	-9.99582000e-02	-6.51092000e-06
9.58128878e+01	2026-08-24T16:19:44.354119	0.00000000e+00	1	14	-8.89063000e-05	1.04413000e-05	-1.49963000e-01	-1.04428000e-05
9.58249809e+01	2026-08-24T16:19:44.364020	0.00000000e+00	1	14	-5.11408000e-05	1.52404000e-05	-2.00026000e-01	-1.52455000e-05
9.58441018e+01	2026-08-24T16:19:44.385222	0.00000000e+00	1	14	-5.26667000e-05	2.10711000e-05	-2.50162000e-01	-2.11411000e-05
9.58796106e+01	2026-08-24T16:19:44.417003	0.00000000e+00	1	14	-4.99725000e-05	2.84562000e-05	-3.00196000e-01	-2.84216000e-05
9.58876959e+01	2026-08-24T16:19:44.417003	0.00000000e+00	1	14	-5.02348000e-05	3.75816000e-05	-3.50248000e-01	-3.76378000e-05
9.59072208e+01	2026-08-24T16:19:44.448550	0.00000000e+00	1	14	-4.82559000e-05	4.93076000e-05	-4.00309000e-01	-4.93704000e-05
9.59224801e+01	2026-08-24T16:19:44.448550	0.00000000e+00	1	14	-5.06878000e-05	6.28884000e-05	-4.50295000e-01	-6.30482000e-05
9.59468981e+01	2026-08-24T16:19:44.480235	0.00000000e+00	1	14	-4.98772000e-05	7.86769000e-05	-5.00357000e-01	-7.84538000e-05
9.59707775e+01	2026-08-24T16:19:44.511859	0.00000000e+00	1	14	-5.41925000e-05	9.61692000e-05	-5.50370000e-01	-9.66204000e-05
9.59964158e+01	2026-08-24T16:19:44.536692	0.00000000e+00	1	14	-4.54664000e-05	1.15451000e-04	-6.00425000e-01	-1.15683000e-04
9.60222790e+01	2026-08-24T16:19:44.559892	0.00000000e+00	1	14	-5.21421000e-05	1.36673000e-04	-6.50427000e-01	-1.35492000e-04
9.60303024e+01	2026-08-24T16:19:44.559892	0.00000000e+00	1	14	-5.66244000e-05	1.54696000e-04	-7.00512000e-01	-1.53506000e-04
9.60556350e+01	2026-08-24T16:19:44.591313	0.00000000e+00	1	14	-5.86987000e-05	1.75536000e-04	-7.50535000e-01	-1.74789000e-04
9.60819633e+01	2026-08-24T16:19:44.623069	0.00000000e+00	1	14	-5.37395000e-05	1.99413000e-04	-8.00587000e-01	-1.99507000e-04
9.60897349e+01	2026-08-24T16:19:44.623069	0.00000000e+00	1	14	-5.81503000e-05	2.27309000e-04	-8.50591000e-01	-2.27740000e-04
9.61167156e+01	2026-08-24T16:19:44.655036	0.00000000e+00	1	14	-5.88655000e-05	2.43222000e-04	-9.00639000e-01	-2.41458000e-04
9.61454843e+01	2026-08-24T16:19:44.686827	0.00000000e+00	1	14	-5.60045000e-05	2.58054000e-04	-9.50678000e-01	-2.54744000e-04
9.61539489e+01	2026-08-24T16:19:44.687521	0.00000000e+00	1	14	-6.11305000e-05	2.62951000e-04	-1.00074000e+00	-2.58023000e-04
9.61792057e+01	2026-08-24T16:19:44.718565	0.00000000e+00	1	14	-5.17607000e-05	2.27114000e-04	-1.05075000e+00	-2.22897000e-04
9.62089039e+01	2026-08-24T16:19:44.750161	0.00000000e+00	1	14	-5.85079000e-05	2.34149000e-04	-1.10080000e+00	-2.34018000e-04
9.62167328e+01	2026-08-24T16:19:44.750161	0.00000000e+00	1	14	-6.22034000e-05	2.46736000e-04	-1.15085000e+00	-2.41020000e-04
9.62244008e+01	2026-08-24T16:19:44.766149	0.00000000e+00	1	14	-4.67300000e-05	2.49381000e-04	-1.20086000e+00	-2.16932000e-04
9.62717912e+01	2026-08-24T16:19:44.813188	0.00000000e+00	1	14	-5.29289000e-05	2.00403000e-04	-1.25091000e+00	-1.88707000e-04
9.62806106e+01	2026-08-24T16:19:44.813188	0.00000000e+00	1	14	-5.91517000e-05	2.14597000e-04	-1.30093000e+00	-2.13613000e-04
9.63060448e+01	2026-08-24T16:19:44.845127	0.00000000e+00	1	14	-5.59092000e-05	1.98266000e-04	-1.35097000e+00	-2.09749000e-04
9.63354552e+01	2026-08-24T16:19:44.876653	0.00000000e+00	1	14	-2.85625000e-05	2.04764000e-04	-1.40099000e+00	-1.75039000e-04
9.63433266e+01	2026-08-24T16:19:44.876653	0.00000000e+00	1	14	-4.90665000e-05	2.19813000e-04	-1.45105000e+00	-2.04394000e-04
9.63695575e+01	2026-08-24T16:19:44.908288	0.00000000e+00	1	14	-5.44786000e-05	1.83518000e-04	-1.50106000e+00	-1.79428000e-04
9.63989312e+01	2026-08-24T16:19:44.939929	0.00000000e+00	1	14	-6.09398000e-05	1.88702000e-04	-1.55110000e+00	-1.81379000e-04
9.64070933e+01	2026-08-24T16:19:44.939929	0.00000000e+00	1	14	-6.43492000e-05	2.04415000e-04	-1.60110000e+00	-2.38271000e-04
9.64330593e+01	2026-08-24T16:19:44.972880	0.00000000e+00	1	14	-4.83513000e-05	1.69777000e-04	-1.65117000e+00	-1.71321000e-04
9.64531797e+01	2026-08-24T16:19:44.991622	0.00000000e+00	1	14	-5.69820000e-05	2.00000000e-04	-1.70116000e+00	-1.95811000e-04
9.64607259e+01	2026-08-24T16:19:45.002743	0.00000000e+00	1	14	-3.65734000e-05	1.98718000e-04	-1.75120000e+00	-1.90547000e-04
9.64823947e+01	2026-08-24T16:19:45.018636	0.00000000e+00	1	14	-4.62770000e-05	2.08183000e-04	-1.80123000e+00	-1.99183000e-04
9.64983024e+01	2026-08-24T16:19:45.039288	0.00000000e+00	1	14	-5.08785000e-05	1.90637000e-04	-1.85128000e+00	-1.89177000e-04
9.65262705e+01	2026-08-24T16:19:45.066500	0.00000000e+00	1	14	-5.27620000e-05	1.57729000e-04	-1.90130000e+00	-1.59051000e-04
9.65351010e+01	2026-08-24T16:19:45.066500	0.00000000e+00	1	14	-5.24044000e-05	1.80679000e-04	-1.95134000e+00	-1.76619000e-04
9.65571496e+01	2026-08-24T16:19:45.098275	0.00000000e+00	1	14	-5.57184000e-05	1.98270000e-04	-2.00138000e+00	-2.04455000e-04
9.65903230e+01	2026-08-24T16:19:45.129879	0.00000000e+00	1	14	-5.40257000e-05	2.47914000e-04	-2.05112000e+00	-2.46439000e-04
9.65989992e+01	2026-08-24T16:19:45.140198	0.00000000e+00	1	14	-6.14882000e-05	2.47525000e-04	-2.10110000e+00	-2.56554000e-04
9.66205751e+01	2026-08-24T16:19:45.161660	0.00000000e+00	1	14	-5.50985000e-05	2.35522000e-04	-2.15145000e+00	-2.26941000e-04
9.66521095e+01	2026-08-24T16:19:45.193063	0.00000000e+00	1	14	-5.16891000e-05	2.39493000e-04	-2.20153000e+00	-2.35392000e-04
9.66620735e+01	2026-08-24T16:19:45.201543	0.00000000e+00	1	14	-5.27620000e-05	2.54276000e-04	-2.25112000e+00	-2.53245000e-04
9.66840405e+01	2026-08-24T16:19:45.225124	0.00000000e+00	1	14	-5.37395000e-05	3.12554000e-04	-2.30131000e+00	-2.96195000e-04
9.67154791e+01	2026-08-24T16:19:45.257125	0.00000000e+00	1	14	-5.17607000e-05	2.97497000e-04	-2.35154000e+00	-2.02833000e-04
9.67369275e+01	2026-08-24T16:19:45.273198	0.00000000e+00	1	14	-4.12464000e-05	2.11115000e-04	-2.40126000e+00	-2.20257000e-04
9.67443967e+01	2026-08-24T16:19:45.273198	0.00000000e+00	1	14	-4.71830000e-05	2.01779000e-04	-2.45159000e+00	-2.26165000e-04
9.67640916e+01	2026-08-24T16:19:45.305000	0.00000000e+00	1	14	-5.13315000e-05	1.37202000e-04	-2.50183000e+00	-1.24420000e-04
9.67803736e+01	2026-08-24T16:19:45.320956	0.00000000e+00	1	14	-5.40972000e-05	1.26036000e-04	-2.50182000e+00	-1.15868000e-04
9.68002900e+01	2026-08-24T16:19:45.336739	0.00000000e+00	1	14	-5.27620000e-05	8.99933000e-05	-2.45160000e+00	-9.44300000e-05
9.68312376e+01	2026-08-24T16:19:45.368643	0.00000000e+00	1	14	-4.43935000e-05	6.42001000e-05	-2.40154000e+00	-5.81635000e-05
9.68596121e+01	2026-08-24T16:19:45.400702	0.00000000e+00	1	14	-5.36680000e-05	4.41008000e-05	-2.35157000e+00	-4.50942000e-05
9.68681148e+01	2026-08-24T16:19:45.400702	0.00000000e+00	1	14	-4.67300000e-05	3.44550000e-05	-2.30129000e+00	-3.47300000e-05
9.68938210e+01	2026-08-24T16:19:45.432324	0.00000000e+00	1	14	-4.36783000e-05	2.50786000e-05	-2.25128000e+00	-2.54532000e-05
9.69230154e+01	2026-08-24T16:19:45.464096	0.00000000e+00	1	14	-4.62770000e-05	2.07755000e-05	-2.20143000e+00	-2.05577000e-05
9.69311164e+01	2026-08-24T16:19:45.464096	0.00000000e+00	1	14	-4.75407000e-05	1.67034000e-05	-2.15155000e+00	-1.65973000e-05
9.69571642e+01	2026-08-24T16:19:45.495917	0.00000000e+00	1	14	-5.21421000e-05	1.41021000e-05	-2.10113000e+00	-1.41483000e-05
9.69869242e+01	2026-08-24T16:19:45.527948	0.00000000e+00	1	14	-5.09500000e-05	1.23616000e-05	-2.05105000e+00	-1.23977000e-05
9.69946254e+01	2026-08-24T16:19:45.527948	0.00000000e+00	1	14	-5.02348000e-05	1.04974000e-05	-2.00135000e+00	-1.05369000e-05
9.70025840e+01	2026-08-24T16:19:45.543993	0.00000000e+00	1	14	-4.46558000e-05	9.32494000e-06	-1.95131000e+00	-9.40184000e-06
9.70503548e+01	2026-08-24T16:19:45.592088	0.00000000e+00	1	14	-4.63724000e-05	8.29706000e-06	-1.90131000e+00	-8.02991000e-06
9.70584798e+01	2026-08-24T16:19:45.592088	0.00000000e+00	1	14	-5.53608000e-05	7.00554000e-06	-1.85130000e+00	-6.97250000e-06
9.70860283e+01	2026-08-24T16:19:45.623533	0.00000000e+00	1	14	-5.65290000e-05	6.18426000e-06	-1.80125000e+00	-6.22769000e-06
9.71066452e+01	2026-08-24T16:19:45.641986	0.00000000e+00	1	14	-5.21421000e-05	5.34541000e-06	-1.75121000e+00	-5.38098000e-06
9.71300856e+01	2026-08-24T16:19:45.671196	0.00000000e+00	1	14	-4.78983000e-05	4.85822000e-06	-1.70117000e+00	-4.78555000e-06
9.71628054e+01	2026-08-24T16:19:45.702549	0.00000000e+00	1	14	-5.64575000e-05	4.51040000e-06	-1.65117000e+00	-4.42489000e-06
9.71718790e+01	2026-08-24T16:19:45.702549	0.00000000e+00	1	14	-4.83513000e-05	3.87643000e-06	-1.60111000e+00	-3.80250000e-06
9.72067388e+01	2026-08-24T16:19:45.745929	0.00000000e+00	1	14	-4.92573000e-05	3.46762000e-06	-1.55113000e+00	-3.46973000e-06
9.72338812e+01	2026-08-24T16:19:45.766133	0.00000000e+00	1	14	-4.00782000e-05	3.14575000e-06	-1.50107000e+00	-2.99622000e-06
9.72564755e+01	2026-08-24T16:19:45.798366	0.00000000e+00	1	14	-4.42266000e-05	2.81721000e-06	-1.45106000e+00	-2.58146000e-06
9.72902111e+01	2026-08-24T16:19:45.829454	0.00000000e+00	1	14	-4.27008000e-05	2.43546000e-06	-1.40098000e+00	-2.45052000e-06
9.73002850e+01	2026-08-24T16:19:45.829454	0.00000000e+00	1	14	-4.16040000e-05	2.07557000e-06	-1.35099000e+00	-2.10669000e-06
9.73194621e+01	2026-08-24T16:19:45.860942	0.00000000e+00	1	14	-5.09500000e-05	1.79443000e-06	-1.30095000e+00	-1.79538000e-06
9.73554355e+01	2026-08-24T16:19:45.893014	0.00000000e+00	1	14	-4.72784000e-05	1.56120000e-06	-1.25092000e+00	-1.55085000e-06
9.73639316e+01	2026-08-24T16:19:45.899343	0.00000000e+00	1	14	-4.96149000e-05	1.35881000e-06	-1.20085000e+00	-1.37043000e-06
9.73831933e+01	2026-08-24T16:19:45.924587	0.00000000e+00	1	14	-4.79937000e-05	1.22877000e-06	-1.15086000e+00	-1.24099000e-06
9.73908291e+01	2026-08-24T16:19:45.924587	0.00000000e+00	1	14	-4.58479000e-05	1.03552000e-06	-1.10079000e+00	-1.02627000e-06
9.73983243e+01	2026-08-24T16:19:45.924587	0.00000000e+00	1	14	-4.78029000e-05	8.87973000e-07	-1.05075000e+00	-9.14030000e-07
9.74470865e+01	2026-08-24T16:19:45.988424	0.00000000e+00	1	14	-5.05209000e-05	8.09542000e-07	-1.00073000e+00	-7.94604000e-07
9.74556289e+01	2026-08-24T16:19:45.988424	0.00000000e+00	1	14	-4.87089000e-05	6.83112000e-07	-9.50676000e-01	-6.83313000e-07
9.74814410e+01	2026-08-24T16:19:46.020266	0.00000000e+00	1	14	-4.85420000e-05	5.85089000e-07	-9.00657000e-01	-5.80095000e-07
9.75103745e+01	2026-08-24T16:19:46.051841	0.00000000e+00	1	14	-5.01633000e-05	5.14336000e-07	-8.50598000e-01	-5.03080000e-07
9.75195457e+01	2026-08-24T16:19:46.059484	0.00000000e+00	1	14	-4.28677000e-05	4.35955000e-07	-8.00593000e-01	-4.37661000e-07
9.75459368e+01	2026-08-24T16:19:46.083178	0.00000000e+00	1	14	-5.07832000e-05	3.58356000e-07	-7.50560000e-01	-3.55387000e-07
9.75739949e+01	2026-08-24T16:19:46.115022	0.00000000e+00	1	14	-4.34160000e-05	2.80012000e-07	-7.00497000e-01	-2.81486000e-07
9.75832908e+01	2026-08-24T16:19:46.115022	0.00000000e+00	1	14	-4.80890000e-05	2.27091000e-07	-6.50462000e-01	-2.28067000e-07
9.76048343e+01	2026-08-24T16:19:46.141536	0.00000000e+00	1	14	-4.50373000e-05	1.84604000e-07	-6.00454000e-01	-1.80872000e-07
9.76284210e+01	2026-08-24T16:19:46.162776	0.00000000e+00	1	14	-4.40359000e-05	1.45866000e-07	-5.50376000e-01	-1.45403000e-07
9.76364584e+01	2026-08-24T16:19:46.162776	0.00000000e+00	1	14	-5.36680000e-05	9.55844000e-08	-5.00345000e-01	-9.23294000e-08
9.77488225e+01	2026-08-24T16:19:46.289815	0.00000000e+00	1	14	-4.28677000e-05	6.59709000e-08	-4.50296000e-01	-6.52112000e-08
9.77847911e+01	2026-08-24T16:19:46.321679	0.00000000e+00	1	14	-4.13418000e-05	4.95910000e-08	-4.00305000e-01	-4.80101000e-08
9.77931554e+01	2026-08-24T16:19:46.321679	0.00000000e+00	1	14	-3.38793000e-05	3.87057000e-08	-3.50235000e-01	-3.53621000e-08
9.78124682e+01	2026-08-24T16:19:46.353444	0.00000000e+00	1	14	-4.25100000e-05	1.74155000e-08	-3.00203000e-01	-1.54736000e-08
9.78466511e+01	2026-08-24T16:19:46.385123	0.00000000e+00	1	14	-3.42369000e-05	8.34053000e-09	-2.50145000e-01	-7.81755000e-09
9.78561077e+01	2026-08-24T16:19:46.385123	0.00000000e+00	1	14	-3.87430000e-05	5.45807000e-09	-2.00033000e-01	-4.81732000e-09
9.78756844e+01	2026-08-24T16:19:46.417716	0.00000000e+00	1	14	-3.94583000e-05	2.26077000e-09	-1.50001000e-01	-2.22601000e-09
9.79085995e+01	2026-08-24T16:19:46.448767	0.00000000e+00	1	14	-4.39405000e-05	1.31638000e-09	-9.99628000e-02	-1.16730000e-09
9.79171279e+01	2026-08-24T16:19:46.448767	0.00000000e+00	1	14	-4.13418000e-05	3.90077000e-10	-4.99194000e-02	-4.19807000e-10
9.79388979e+01	2026-08-24T16:19:46.480297	0.00000000e+00	1	14	-4.60148000e-05	1.37806000e-11	5.73397000e-05	-1.28102000e-10
1.02614242e+02	2026-08-24T16:19:51.147037	0.00000000e+00	1	15	-3.64065000e-05	-4.39690000e-08	4.93288000e-05	4.60216000e-08
1.02638962e+02	2026-08-24T16:19:51.179217	0.00000000e+00	1	15	6.85644000e-04	-3.18754000e-08	-4.98778000e-02	-1.60031000e-05
1.02669944e+02	2026-08-24T16:19:51.210957	0.00000000e+00	1	15	-8.95262000e-05	3.32146000e-05	-9.99676000e-02	-3.33209000e-05
1.02701483e+02	2026-08-24T16:19:51.242755	0.00000000e+00	1	15	-3.74794000e-05	5.24536000e-05	-1.50003000e-01	-5.24237000e-05
1.02734663e+02	2026-08-24T16:19:51.274993	0.00000000e+00	1	15	-4.39405000e-05	7.41786000e-05	-2.00046000e-01	-7.41621000e-05
1.02742430e+02	2026-08-24T16:19:51.274993	0.00000000e+00	1	15	-4.27723000e-05	9.91702000e-05	-2.50160000e-01	-9.91397000e-05
1.02765546e+02	2026-08-24T16:19:51.306664	0.00000000e+00	1	15	-3.95536000e-05	1.27122000e-04	-3.00226000e-01	-1.27098000e-04
1.02798573e+02	2026-08-24T16:19:51.338283	0.00000000e+00	1	15	-4.45843000e-05	1.58501000e-04	-3.50256000e-01	-1.58405000e-04
1.02808278e+02	2026-08-24T16:19:51.338283	0.00000000e+00	1	15	-4.04358000e-05	1.92426000e-04	-4.00293000e-01	-1.92343000e-04
1.02828716e+02	2026-08-24T16:19:51.370638	0.00000000e+00	1	15	-3.95536000e-05	2.28014000e-04	-4.50312000e-01	-2.27894000e-04
1.02854627e+02	2026-08-24T16:19:51.390968	0.00000000e+00	1	15	-4.34876000e-05	2.66685000e-04	-5.00362000e-01	-2.66749000e-04
1.02869361e+02	2026-08-24T16:19:51.402507	0.00000000e+00	1	15	-3.91722000e-05	3.06161000e-04	-5.50386000e-01	-3.05693000e-04
1.02891413e+02	2026-08-24T16:19:51.432876	0.00000000e+00	1	15	-3.47853000e-05	3.44564000e-04	-6.00441000e-01	-3.43740000e-04
1.02925235e+02	2026-08-24T16:19:51.464832	0.00000000e+00	1	15	-3.41415000e-05	3.86152000e-04	-6.50440000e-01	-3.85672000e-04
1.02933426e+02	2026-08-24T16:19:51.475078	0.00000000e+00	1	15	-4.34160000e-05	4.28379000e-04	-7.00518000e-01	-4.27740000e-04
1.02955436e+02	2026-08-24T16:19:51.496454	0.00000000e+00	1	15	-4.13418000e-05	4.62626000e-04	-7.50543000e-01	-4.56849000e-04
1.02993662e+02	2026-08-24T16:19:51.527932	0.00000000e+00	1	15	-3.66688000e-05	4.91563000e-04	-8.00591000e-01	-4.88533000e-04
1.03002105e+02	2026-08-24T16:19:51.543698	0.00000000e+00	1	15	-3.80993000e-05	5.19721000e-04	-8.50623000e-01	-4.88024000e-04
1.03049971e+02	2026-08-24T16:19:51.591463	0.00000000e+00	1	15	-3.70264000e-05	4.64905000e-04	-9.00653000e-01	-4.12554000e-04
1.03072269e+02	2026-08-24T16:19:51.607441	0.00000000e+00	1	15	-3.55959000e-05	4.38301000e-04	-9.50707000e-01	-4.27444000e-04
1.03079967e+02	2026-08-24T16:19:51.607441	0.00000000e+00	1	15	-2.64168000e-05	4.03015000e-04	-1.00072000e+00	-3.78070000e-04
1.03130101e+02	2026-08-24T16:19:51.671128	0.00000000e+00	1	15	-3.30687000e-05	2.79091000e-04	-1.05074000e+00	-2.84989000e-04
1.03137971e+02	2026-08-24T16:19:51.671128	0.00000000e+00	1	15	-3.91722000e-05	2.95752000e-04	-1.10078000e+00	-3.11183000e-04
1.03164469e+02	2026-08-24T16:19:51.702864	0.00000000e+00	1	15	-3.51429000e-05	2.41645000e-04	-1.15086000e+00	-2.43430000e-04
1.03193557e+02	2026-08-24T16:19:51.734615	0.00000000e+00	1	15	-3.81947000e-05	2.41281000e-04	-1.20086000e+00	-2.50944000e-04
1.03202707e+02	2026-08-24T16:19:51.734615	0.00000000e+00	1	15	-3.69310000e-05	2.99409000e-04	-1.25094000e+00	-2.73943000e-04
1.03228834e+02	2026-08-24T16:19:51.766748	0.00000000e+00	1	15	-4.34160000e-05	2.18306000e-04	-1.30095000e+00	-2.13057000e-04
1.03257147e+02	2026-08-24T16:19:51.798524	0.00000000e+00	1	15	-4.26054000e-05	2.41892000e-04	-1.35100000e+00	-2.24662000e-04
1.03265917e+02	2026-08-24T16:19:51.798524	0.00000000e+00	1	15	-3.15428000e-05	2.20562000e-04	-1.40101000e+00	-2.10580000e-04
1.03293563e+02	2026-08-24T16:19:51.830470	0.00000000e+00	1	15	-4.41313000e-05	1.65317000e-04	-1.45104000e+00	-1.52802000e-04
1.03320853e+02	2026-08-24T16:19:51.862206	0.00000000e+00	1	15	-4.11510000e-05	1.45010000e-04	-1.50107000e+00	-1.23524000e-04
1.03341260e+02	2026-08-24T16:19:51.881059	0.00000000e+00	1	15	-4.43935000e-05	1.41860000e-04	-1.55112000e+00	-1.38854000e-04
1.03368355e+02	2026-08-24T16:19:51.909688	0.00000000e+00	1	15	-4.43935000e-05	1.41553000e-04	-1.60114000e+00	-1.41002000e-04
1.03376666e+02	2026-08-24T16:19:51.909688	0.00000000e+00	1	15	-4.03404000e-05	1.95442000e-04	-1.65118000e+00	-1.73812000e-04
1.03403403e+02	2026-08-24T16:19:51.941795	0.00000000e+00	1	15	-3.95536000e-05	1.55763000e-04	-1.70118000e+00	-1.54942000e-04
1.03432134e+02	2026-08-24T16:19:51.973582	0.00000000e+00	1	15	-4.36783000e-05	1.30079000e-04	-1.75124000e+00	-1.41100000e-04
1.03439917e+02	2026-08-24T16:19:51.973582	0.00000000e+00	1	15	-6.05822000e-05	1.91268000e-04	-1.80124000e+00	-2.14903000e-04
1.03447729e+02	2026-08-24T16:19:51.989362	0.00000000e+00	1	15	-2.76804000e-05	2.66205000e-04	-1.85130000e+00	-1.42320000e-04
1.03495609e+02	2026-08-24T16:19:52.037009	0.00000000e+00	1	15	-4.16994000e-05	1.60846000e-04	-1.90133000e+00	-1.74162000e-04
1.03503978e+02	2026-08-24T16:19:52.037009	0.00000000e+00	1	15	-4.39405000e-05	1.77427000e-04	-1.95135000e+00	-1.83008000e-04
1.03530482e+02	2026-08-24T16:19:52.068950	0.00000000e+00	1	15	-5.03302000e-05	2.01383000e-04	-2.00135000e+00	-2.21091000e-04
1.03559461e+02	2026-08-24T16:19:52.100749	0.00000000e+00	1	15	-2.00272000e-05	2.13351000e-04	-2.05141000e+00	-2.07326000e-04
1.03568483e+02	2026-08-24T16:19:52.100749	0.00000000e+00	1	15	-4.01735000e-05	1.31509000e-04	-2.10118000e+00	-1.22928000e-04
1.03594301e+02	2026-08-24T16:19:52.134464	0.00000000e+00	1	15	-3.26157000e-05	1.37909000e-04	-2.15164000e+00	-1.25537000e-04
1.03616773e+02	2026-08-24T16:19:52.158038	0.00000000e+00	1	15	-5.34773000e-05	1.89372000e-04	-2.20155000e+00	-1.62840000e-04
1.03639371e+02	2026-08-24T16:19:52.180326	0.00000000e+00	1	15	-4.59194000e-05	1.33369000e-04	-2.25148000e+00	-1.25182000e-04
1.03679690e+02	2026-08-24T16:19:52.212031	0.00000000e+00	1	15	-2.52485000e-05	1.31460000e-04	-2.30137000e+00	-1.27494000e-04
1.03715135e+02	2026-08-24T16:19:52.253631	0.00000000e+00	1	15	-4.42266000e-05	1.46659000e-04	-2.35160000e+00	-1.33650000e-04
1.03744185e+02	2026-08-24T16:19:52.275067	0.00000000e+00	1	15	-4.62055000e-05	1.42320000e-04	-2.40153000e+00	-1.56222000e-04
1.03765641e+02	2026-08-24T16:19:52.306685	0.00000000e+00	1	15	-3.65734000e-05	1.26339000e-04	-2.45148000e+00	-1.46064000e-04
1.03798720e+02	2026-08-24T16:19:52.338138	0.00000000e+00	1	15	-6.31094000e-05	5.83441000e-05	-2.50183000e+00	-5.61826000e-05
1.03810158e+02	2026-08-24T16:19:52.338138	0.00000000e+00	1	15	-4.07934000e-05	5.79002000e-05	-2.50183000e+00	-5.20696000e-05
1.03863123e+02	2026-08-24T16:19:52.402077	0.00000000e+00	1	15	-4.46558000e-05	3.43869000e-05	-2.45163000e+00	-3.27123000e-05
1.03875730e+02	2026-08-24T16:19:52.417236	0.00000000e+00	1	15	-5.18560000e-05	3.02493000e-05	-2.40172000e+00	-2.75275000e-05
1.03927998e+02	2026-08-24T16:19:52.464746	0.00000000e+00	1	15	-4.42982000e-05	2.14231000e-05	-2.35153000e+00	-2.20199000e-05
1.03936222e+02	2026-08-24T16:19:52.475369	0.00000000e+00	1	15	-4.83513000e-05	1.74446000e-05	-2.30141000e+00	-1.76630000e-05
1.03955146e+02	2026-08-24T16:19:52.496529	0.00000000e+00	1	15	-8.83579000e-05	1.48396000e-05	-2.25142000e+00	-1.51804000e-05
1.03970370e+02	2026-08-24T16:19:52.496529	0.00000000e+00	1	15	-4.54664000e-05	1.30989000e-05	-2.20145000e+00	-1.41501000e-05
1.03997990e+02	2026-08-24T16:19:52.528407	0.00000000e+00	1	15	-4.51088000e-05	1.06759000e-05	-2.15157000e+00	-1.09735000e-05
1.04018758e+02	2026-08-24T16:19:52.560168	0.00000000e+00	1	15	-3.01838000e-05	9.17790000e-06	-2.10134000e+00	-9.86888000e-06
1.04045875e+02	2026-08-24T16:19:52.586440	0.00000000e+00	1	15	-6.16550000e-05	9.58203000e-06	-2.05137000e+00	-9.18762000e-06
1.04070636e+02	2026-08-24T16:19:52.608744	0.00000000e+00	1	15	-6.80447000e-05	7.70048000e-06	-2.00137000e+00	-7.82441000e-06
1.04078104e+02	2026-08-24T16:19:52.608744	0.00000000e+00	1	15	-6.91175000e-05	7.04243000e-06	-1.95134000e+00	-7.13488000e-06
1.04094059e+02	2026-08-24T16:19:52.635746	0.00000000e+00	1	15	-4.70877000e-05	5.73116000e-06	-1.90133000e+00	-5.69690000e-06
1.04118269e+02	2026-08-24T16:19:52.656122	0.00000000e+00	1	15	-5.16891000e-05	5.37626000e-06	-1.85129000e+00	-5.37684000e-06
1.04125907e+02	2026-08-24T16:19:52.656122	0.00000000e+00	1	15	-5.18560000e-05	4.80327000e-06	-1.80125000e+00	-4.80393000e-06
1.04146914e+02	2026-08-24T16:19:52.687821	0.00000000e+00	1	15	-4.63724000e-05	4.25589000e-06	-1.75123000e+00	-4.30469000e-06
1.04184339e+02	2026-08-24T16:19:52.719575	0.00000000e+00	1	15	-4.92573000e-05	3.74281000e-06	-1.70119000e+00	-3.70607000e-06
1.04192516e+02	2026-08-24T16:19:52.719575	0.00000000e+00	1	15	-4.81844000e-05	3.33838000e-06	-1.65116000e+00	-3.39138000e-06
1.04245646e+02	2026-08-24T16:19:52.783158	0.00000000e+00	1	15	-3.99113000e-05	3.09977000e-06	-1.60113000e+00	-3.10339000e-06
1.04253443e+02	2026-08-24T16:19:52.783158	0.00000000e+00	1	15	-4.82559000e-05	2.76965000e-06	-1.55111000e+00	-2.77188000e-06
1.04273497e+02	2026-08-24T16:19:52.815447	0.00000000e+00	1	15	-4.37737000e-05	2.49236000e-06	-1.50107000e+00	-2.52589000e-06
1.04290477e+02	2026-08-24T16:19:52.830978	0.00000000e+00	1	15	-4.57525000e-05	2.21826000e-06	-1.45107000e+00	-2.22509000e-06
1.04321502e+02	2026-08-24T16:19:52.862643	0.00000000e+00	1	15	-4.13418000e-05	2.07660000e-06	-1.40100000e+00	-2.05932000e-06
1.04329448e+02	2026-08-24T16:19:52.862643	0.00000000e+00	1	15	-4.02689000e-05	1.84687000e-06	-1.35100000e+00	-1.84995000e-06
1.04355966e+02	2026-08-24T16:19:52.895868	0.00000000e+00	1	15	-4.35829000e-05	1.62898000e-06	-1.30092000e+00	-1.63710000e-06
1.04384954e+02	2026-08-24T16:19:52.926012	0.00000000e+00	1	15	-5.06878000e-05	1.46428000e-06	-1.25093000e+00	-1.46833000e-06
1.04393915e+02	2026-08-24T16:19:52.926012	0.00000000e+00	1	15	-4.88043000e-05	1.31388000e-06	-1.20090000e+00	-1.30432000e-06
1.04420504e+02	2026-08-24T16:19:52.957531	0.00000000e+00	1	15	-5.05209000e-05	1.16537000e-06	-1.15084000e+00	-1.18116000e-06
1.04448109e+02	2026-08-24T16:19:52.989235	0.00000000e+00	1	15	-4.26054000e-05	1.05613000e-06	-1.10080000e+00	-1.05852000e-06
1.04457006e+02	2026-08-24T16:19:52.989235	0.00000000e+00	1	15	-4.52042000e-05	9.14253000e-07	-1.05075000e+00	-9.25026000e-07
1.04480440e+02	2026-08-24T16:19:53.021445	0.00000000e+00	1	15	-4.73738000e-05	8.18073000e-07	-1.00075000e+00	-7.96684000e-07
1.04503703e+02	2026-08-24T16:19:53.040714	0.00000000e+00	1	15	-4.65631000e-05	7.41116000e-07	-9.50689000e-01	-7.30581000e-07
1.04537340e+02	2026-08-24T16:19:53.067779	0.00000000e+00	1	15	-3.76463000e-05	6.54123000e-07	-9.00646000e-01	-6.34882000e-07
1.04558307e+02	2026-08-24T16:19:53.099245	0.00000000e+00	1	15	-4.96149000e-05	5.34648000e-07	-8.50597000e-01	-5.49097000e-07
1.04570902e+02	2026-08-24T16:19:53.099245	0.00000000e+00	1	15	-4.13418000e-05	4.59138000e-07	-8.00599000e-01	-4.61922000e-07
1.04622309e+02	2026-08-24T16:19:53.162791	0.00000000e+00	1	15	-4.57525000e-05	3.84354000e-07	-7.50512000e-01	-3.76677000e-07
1.04631243e+02	2026-08-24T16:19:53.162791	0.00000000e+00	1	15	-4.52042000e-05	2.99611000e-07	-7.00511000e-01	-2.91768000e-07
1.04653450e+02	2026-08-24T16:19:53.194461	0.00000000e+00	1	15	-4.10795000e-05	2.31701000e-07	-6.50450000e-01	-2.15436000e-07
1.04688228e+02	2026-08-24T16:19:53.226848	0.00000000e+00	1	15	-3.68357000e-05	1.71636000e-07	-6.00450000e-01	-1.71664000e-07
1.04696966e+02	2026-08-24T16:19:53.226848	0.00000000e+00	1	15	-4.26054000e-05	1.35113000e-07	-5.50401000e-01	-1.33825000e-07
1.04716922e+02	2026-08-24T16:19:53.258003	0.00000000e+00	1	15	-4.65631000e-05	1.04628000e-07	-5.00366000e-01	-1.03203000e-07
1.04756337e+02	2026-08-24T16:19:53.289665	0.00000000e+00	1	15	-4.82559000e-05	7.46199000e-08	-4.50294000e-01	-7.36325000e-08
1.04875560e+02	2026-08-24T16:19:53.416611	0.00000000e+00	1	15	-4.17948000e-05	5.56448000e-08	-4.00313000e-01	-5.54351000e-08
1.04911595e+02	2026-08-24T16:19:53.448606	0.00000000e+00	1	15	-4.64678000e-05	3.95556000e-08	-3.50255000e-01	-3.88481000e-08
1.04920178e+02	2026-08-24T16:19:53.448606	0.00000000e+00	1	15	-3.71218000e-05	3.32365000e-08	-3.00208000e-01	-3.07860000e-08
1.04938812e+02	2026-08-24T16:19:53.480213	0.00000000e+00	1	15	-4.50373000e-05	1.85818000e-08	-2.50161000e-01	-1.81908000e-08
1.04972173e+02	2026-08-24T16:19:53.511786	0.00000000e+00	1	15	-4.27008000e-05	1.15740000e-08	-2.00036000e-01	-1.11941000e-08
1.04982864e+02	2026-08-24T16:19:53.511786	0.00000000e+00	1	15	-4.37737000e-05	9.07218000e-09	-1.50006000e-01	-8.17639000e-09
1.05002214e+02	2026-08-24T16:19:53.543476	0.00000000e+00	1	15	-4.52042000e-05	3.40636000e-09	-9.99671000e-02	-3.50779000e-09
1.05034531e+02	2026-08-24T16:19:53.575248	0.00000000e+00	1	15	-4.31299000e-05	1.49702000e-09	-4.99227000e-02	-1.19882000e-09
1.05045499e+02	2026-08-24T16:19:53.585412	0.00000000e+00	1	15	-4.52042000e-05	6.32215000e-10	5.40257000e-05	-5.87583000e-10
1.09673234e+02	2026-08-24T16:19:58.207398	0.00000000e+00	1	16	-4.14371000e-05	-2.62005000e-08	5.60999000e-05	2.65662000e-08
1.09703007e+02	2026-08-24T16:19:58.239528	0.00000000e+00	1	16	-5.21421000e-05	8.36593000e-06	-4.99149000e-02	-8.36555000e-06
1.09730321e+02	2026-08-24T16:19:58.271467	0.00000000e+00	1	16	-1.44196000e-04	1.67300000e-05	-9.99071000e-02	-1.68456000e-05
1.09762004e+02	2026-08-24T16:19:58.303040	0.00000000e+00	1	16	-4.20570000e-05	2.63098000e-05	-1.49996000e-01	-2.63197000e-05
1.09798689e+02	2026-08-24T16:19:58.334637	0.00000000e+00	1	16	-4.55618000e-05	3.68114000e-05	-2.00025000e-01	-3.67626000e-05
1.09806385e+02	2026-08-24T16:19:58.334637	0.00000000e+00	1	16	-3.99113000e-05	4.83103000e-05	-2.50157000e-01	-4.83484000e-05
1.09825184e+02	2026-08-24T16:19:58.366606	0.00000000e+00	1	16	-3.29733000e-05	6.11819000e-05	-3.00205000e-01	-6.11869000e-05
1.09841272e+02	2026-08-24T16:19:58.382913	0.00000000e+00	1	16	-3.99828000e-05	7.56548000e-05	-3.50227000e-01	-7.52753000e-05
1.09864322e+02	2026-08-24T16:19:58.398284	0.00000000e+00	1	16	-4.29630000e-05	9.17404000e-05	-4.00280000e-01	-9.14553000e-05
1.09889010e+02	2026-08-24T16:19:58.429957	0.00000000e+00	1	16	-4.26054000e-05	1.07856000e-04	-4.50295000e-01	-1.07764000e-04
1.09925832e+02	2026-08-24T16:19:58.463687	0.00000000e+00	1	16	-4.27008000e-05	1.27015000e-04	-5.00344000e-01	-1.29114000e-04
1.09935810e+02	2026-08-24T16:19:58.477627	0.00000000e+00	1	16	-4.03404000e-05	1.48481000e-04	-5.50373000e-01	-1.40656000e-04
1.09958556e+02	2026-08-24T16:19:58.493599	0.00000000e+00	1	16	-4.31299000e-05	1.61341000e-04	-6.00435000e-01	-1.57696000e-04
1.09966615e+02	2026-08-24T16:19:58.493599	0.00000000e+00	1	16	-4.43935000e-05	1.81235000e-04	-6.50442000e-01	-1.73640000e-04
1.10015678e+02	2026-08-24T16:19:58.556957	0.00000000e+00	1	16	-3.91722000e-05	1.99304000e-04	-7.00517000e-01	-1.93806000e-04
1.10023599e+02	2026-08-24T16:19:58.556957	0.00000000e+00	1	16	-4.10795000e-05	2.09434000e-04	-7.50527000e-01	-2.04889000e-04
1.10031139e+02	2026-08-24T16:19:58.572956	0.00000000e+00	1	16	-4.78983000e-05	2.58291000e-04	-8.00586000e-01	-2.41818000e-04
1.10079729e+02	2026-08-24T16:19:58.620741	0.00000000e+00	1	16	-4.90665000e-05	2.69371000e-04	-8.50593000e-01	-2.73522000e-04
1.10087942e+02	2026-08-24T16:19:58.620741	0.00000000e+00	1	16	-4.34876000e-05	3.07076000e-04	-9.00675000e-01	-3.01149000e-04
1.10114473e+02	2026-08-24T16:19:58.652802	0.00000000e+00	1	16	-3.78370000e-05	3.03717000e-04	-9.50696000e-01	-3.09358000e-04
1.10143574e+02	2026-08-24T16:19:58.684522	0.00000000e+00	1	16	-4.18901000e-05	3.17926000e-04	-1.00072000e+00	-3.01655000e-04
1.10152466e+02	2026-08-24T16:19:58.684522	0.00000000e+00	1	16	-4.25100000e-05	3.31330000e-04	-1.05076000e+00	-3.14636000e-04
1.10180543e+02	2026-08-24T16:19:58.716192	0.00000000e+00	1	16	-5.37395000e-05	3.06882000e-04	-1.10079000e+00	-3.10357000e-04
1.10206997e+02	2026-08-24T16:19:58.748051	0.00000000e+00	1	16	-3.96252000e-05	2.93389000e-04	-1.15086000e+00	-2.76924000e-04
1.10215059e+02	2026-08-24T16:19:58.748051	0.00000000e+00	1	16	-5.11408000e-05	3.62137000e-04	-1.20088000e+00	-3.14295000e-04
1.10241967e+02	2026-08-24T16:19:58.779834	0.00000000e+00	1	16	-4.58479000e-05	2.62799000e-04	-1.25093000e+00	-2.24540000e-04
1.10270690e+02	2026-08-24T16:19:58.811779	0.00000000e+00	1	16	-4.67300000e-05	1.85430000e-04	-1.30091000e+00	-1.90532000e-04
1.10279041e+02	2026-08-24T16:19:58.811779	0.00000000e+00	1	16	-4.56572000e-05	2.35973000e-04	-1.35100000e+00	-2.09981000e-04
1.10306925e+02	2026-08-24T16:19:58.843483	0.00000000e+00	1	16	-4.06265000e-05	1.39159000e-04	-1.40099000e+00	-1.26419000e-04
1.10328452e+02	2026-08-24T16:19:58.866933	0.00000000e+00	1	16	-4.78983000e-05	1.82928000e-04	-1.45105000e+00	-1.49241000e-04
1.10349862e+02	2026-08-24T16:19:58.890961	0.00000000e+00	1	16	-3.94583000e-05	1.47289000e-04	-1.50107000e+00	-1.45611000e-04
1.10358452e+02	2026-08-24T16:19:58.890961	0.00000000e+00	1	16	-4.49419000e-05	1.59261000e-04	-1.55109000e+00	-1.73807000e-04
1.10385173e+02	2026-08-24T16:19:58.922948	0.00000000e+00	1	16	-5.09500000e-05	1.16260000e-04	-1.60111000e+00	-1.42103000e-04
1.10413599e+02	2026-08-24T16:19:58.955620	0.00000000e+00	1	16	-4.03404000e-05	1.45951000e-04	-1.65118000e+00	-1.54054000e-04
1.10421818e+02	2026-08-24T16:19:58.955620	0.00000000e+00	1	16	-4.39405000e-05	1.47452000e-04	-1.70118000e+00	-1.57657000e-04
1.10448528e+02	2026-08-24T16:19:58.987126	0.00000000e+00	1	16	-4.30584000e-05	1.59346000e-04	-1.75123000e+00	-1.62606000e-04
1.10477926e+02	2026-08-24T16:19:59.018917	0.00000000e+00	1	16	-5.75304000e-05	1.90914000e-04	-1.80125000e+00	-1.94626000e-04
1.10486754e+02	2026-08-24T16:19:59.027386	0.00000000e+00	1	16	-7.27177000e-05	2.20968000e-04	-1.85130000e+00	-2.05110000e-04
1.10540967e+02	2026-08-24T16:19:59.082454	0.00000000e+00	1	16	-4.48465000e-05	1.74357000e-04	-1.90130000e+00	-1.50990000e-04
1.10555752e+02	2026-08-24T16:19:59.082454	0.00000000e+00	1	16	-4.38690000e-05	2.03724000e-04	-1.95133000e+00	-2.11955000e-04
1.10584042e+02	2026-08-24T16:19:59.113740	0.00000000e+00	1	16	-4.45843000e-05	2.10452000e-04	-2.00136000e+00	-2.22984000e-04
1.10592651e+02	2026-08-24T16:19:59.131129	0.00000000e+00	1	16	-4.56572000e-05	2.29494000e-04	-2.05123000e+00	-2.21061000e-04
1.10600478e+02	2026-08-24T16:19:59.139783	0.00000000e+00	1	16	-5.55515000e-05	2.87942000e-04	-2.10131000e+00	-2.76456000e-04
1.10626364e+02	2026-08-24T16:19:59.161499	0.00000000e+00	1	16	-4.87089000e-05	2.59134000e-04	-2.15144000e+00	-2.57512000e-04
1.10651736e+02	2026-08-24T16:19:59.193243	0.00000000e+00	1	16	-4.94242000e-05	2.63834000e-04	-2.20156000e+00	-2.63876000e-04
1.10660638e+02	2026-08-24T16:19:59.193243	0.00000000e+00	1	16	-2.02179000e-05	2.87951000e-04	-2.25110000e+00	-2.63113000e-04
1.10687877e+02	2026-08-24T16:19:59.224742	0.00000000e+00	1	16	-6.12021000e-05	2.67689000e-04	-2.30114000e+00	-2.81711000e-04
1.10715030e+02	2026-08-24T16:19:59.256580	0.00000000e+00	1	16	-4.88997000e-05	2.71413000e-04	-2.35132000e+00	-2.57673000e-04
1.10722744e+02	2026-08-24T16:19:59.256580	0.00000000e+00	1	16	-5.10454000e-05	2.87384000e-04	-2.40135000e+00	-3.30792000e-04
1.10730234e+02	2026-08-24T16:19:59.256580	0.00000000e+00	1	16	-2.68698000e-05	3.17250000e-04	-2.45151000e+00	-2.37135000e-04
1.10768564e+02	2026-08-24T16:19:59.309289	0.00000000e+00	1	16	-3.64780000e-05	2.77349000e-04	-2.50168000e+00	-2.33443000e-04
1.10775012e+02	2026-08-24T16:19:59.309289	0.00000000e+00	1	16	-5.11408000e-05	2.17989000e-04	-2.50167000e+00	-2.07933000e-04
1.10794505e+02	2026-08-24T16:19:59.335834	0.00000000e+00	1	16	-4.16994000e-05	1.53225000e-04	-2.45156000e+00	-1.67851000e-04
1.10810325e+02	2026-08-24T16:19:59.351928	0.00000000e+00	1	16	-5.10454000e-05	1.05305000e-04	-2.40146000e+00	-1.21823000e-04
1.10836327e+02	2026-08-24T16:19:59.367692	0.00000000e+00	1	16	-5.29289000e-05	7.49124000e-05	-2.35160000e+00	-8.37622000e-05
1.10858502e+02	2026-08-24T16:19:59.399608	0.00000000e+00	1	16	-4.06265000e-05	6.04844000e-05	-2.30127000e+00	-6.67872000e-05
1.10892920e+02	2026-08-24T16:19:59.431375	0.00000000e+00	1	16	-4.90665000e-05	4.75194000e-05	-2.25134000e+00	-4.77261000e-05
1.10903262e+02	2026-08-24T16:19:59.431375	0.00000000e+00	1	16	-4.24147000e-05	3.81314000e-05	-2.20139000e+00	-3.78588000e-05
1.10921701e+02	2026-08-24T16:19:59.463061	0.00000000e+00	1	16	-4.95195000e-05	3.09848000e-05	-2.15139000e+00	-3.02332000e-05
1.10957239e+02	2026-08-24T16:19:59.494816	0.00000000e+00	1	16	-4.41313000e-05	2.41722000e-05	-2.10115000e+00	-2.40722000e-05
1.10964963e+02	2026-08-24T16:19:59.494816	0.00000000e+00	1	16	-4.27008000e-05	2.02648000e-05	-2.05115000e+00	-2.01136000e-05
1.10985675e+02	2026-08-24T16:19:59.526732	0.00000000e+00	1	16	-4.72784000e-05	1.74548000e-05	-2.00134000e+00	-1.70493000e-05
1.11017377e+02	2026-08-24T16:19:59.558293	0.00000000e+00	1	16	-4.63724000e-05	1.52175000e-05	-1.95132000e+00	-1.51140000e-05
1.11028883e+02	2026-08-24T16:19:59.561252	0.00000000e+00	1	16	-3.90053000e-05	1.29207000e-05	-1.90130000e+00	-1.30749000e-05
1.11048099e+02	2026-08-24T16:19:59.589600	0.00000000e+00	1	16	-4.29630000e-05	1.13197000e-05	-1.85130000e+00	-1.13166000e-05
1.11083920e+02	2026-08-24T16:19:59.621856	0.00000000e+00	1	16	-2.95639000e-05	9.77300000e-06	-1.80124000e+00	-9.66714000e-06
1.11111984e+02	2026-08-24T16:19:59.652976	0.00000000e+00	1	16	-4.04358000e-05	8.51029000e-06	-1.75121000e+00	-8.50117000e-06
1.11145233e+02	2026-08-24T16:19:59.684964	0.00000000e+00	1	16	-4.71830000e-05	7.41514000e-06	-1.70116000e+00	-7.39428000e-06
1.11155227e+02	2026-08-24T16:19:59.695190	0.00000000e+00	1	16	-4.74453000e-05	6.49542000e-06	-1.65116000e+00	-6.50976000e-06
1.11175818e+02	2026-08-24T16:19:59.716876	0.00000000e+00	1	16	-4.22478000e-05	5.75289000e-06	-1.60108000e+00	-5.72972000e-06
1.11183867e+02	2026-08-24T16:19:59.716876	0.00000000e+00	1	16	-4.78029000e-05	5.05852000e-06	-1.55110000e+00	-5.08078000e-06
1.11210918e+02	2026-08-24T16:19:59.748810	0.00000000e+00	1	16	-4.16994000e-05	4.39917000e-06	-1.50105000e+00	-4.37182000e-06
1.11238675e+02	2026-08-24T16:19:59.780145	0.00000000e+00	1	16	-4.56572000e-05	3.87270000e-06	-1.45102000e+00	-3.84981000e-06
1.11247615e+02	2026-08-24T16:19:59.780145	0.00000000e+00	1	16	-4.15087000e-05	3.33991000e-06	-1.40098000e+00	-3.34261000e-06
1.11276816e+02	2026-08-24T16:19:59.811887	0.00000000e+00	1	16	-4.68254000e-05	2.93671000e-06	-1.35098000e+00	-2.92743000e-06
1.11302292e+02	2026-08-24T16:19:59.843648	0.00000000e+00	1	16	-4.51088000e-05	2.57506000e-06	-1.30093000e+00	-2.57588000e-06
1.11309855e+02	2026-08-24T16:19:59.843648	0.00000000e+00	1	16	-4.78983000e-05	2.25300000e-06	-1.25091000e+00	-2.25549000e-06
1.11317343e+02	2026-08-24T16:19:59.843648	0.00000000e+00	1	16	-4.46558000e-05	1.94941000e-06	-1.20086000e+00	-1.91581000e-06
1.11365781e+02	2026-08-24T16:19:59.907117	0.00000000e+00	1	16	-4.54664000e-05	1.63996000e-06	-1.15085000e+00	-1.64473000e-06
1.11373630e+02	2026-08-24T16:19:59.907117	0.00000000e+00	1	16	-5.06878000e-05	1.39220000e-06	-1.10079000e+00	-1.37741000e-06
1.11401527e+02	2026-08-24T16:19:59.938856	0.00000000e+00	1	16	-5.14984000e-05	1.16288000e-06	-1.05073000e+00	-1.14822000e-06
1.11429170e+02	2026-08-24T16:19:59.970606	0.00000000e+00	1	16	-5.07832000e-05	9.60743000e-07	-1.00072000e+00	-9.54104000e-07
1.11441618e+02	2026-08-24T16:19:59.970606	0.00000000e+00	1	16	-5.19514000e-05	8.03084000e-07	-9.50657000e-01	-8.04389000e-07
1.11465335e+02	2026-08-24T16:20:00.002508	0.00000000e+00	1	16	-5.52893000e-05	6.70024000e-07	-9.00647000e-01	-6.74701000e-07
1.11492856e+02	2026-08-24T16:20:00.034875	0.00000000e+00	1	16	-5.32150000e-05	5.45045000e-07	-8.50585000e-01	-5.47513000e-07
1.11500768e+02	2026-08-24T16:20:00.034875	0.00000000e+00	1	16	-5.24998000e-05	4.51218000e-07	-8.00589000e-01	-4.49254000e-07
1.11508242e+02	2026-08-24T16:20:00.050106	0.00000000e+00	1	16	-5.27620000e-05	3.63337000e-07	-7.50551000e-01	-3.57611000e-07
1.11546610e+02	2026-08-24T16:20:00.082949	0.00000000e+00	1	16	-5.33104000e-05	2.88628000e-07	-7.00516000e-01	-2.87965000e-07
1.11555310e+02	2026-08-24T16:20:00.082949	0.00000000e+00	1	16	-5.23090000e-05	2.23378000e-07	-6.50420000e-01	-2.16136000e-07
1.11609580e+02	2026-08-24T16:20:00.145210	0.00000000e+00	1	16	-5.01633000e-05	1.67752000e-07	-6.00411000e-01	-1.69770000e-07
1.11618025e+02	2026-08-24T16:20:00.145210	0.00000000e+00	1	16	-5.24998000e-05	1.28678000e-07	-5.50369000e-01	-1.27921000e-07
1.11625704e+02	2026-08-24T16:20:00.161022	0.00000000e+00	1	16	-5.40257000e-05	9.30183000e-08	-5.00358000e-01	-8.60632000e-08
1.11729822e+02	2026-08-24T16:20:00.256619	0.00000000e+00	1	16	-4.83513000e-05	7.86561000e-08	-4.50290000e-01	-6.52085000e-08
1.11778808e+02	2026-08-24T16:20:00.320175	0.00000000e+00	1	16	-5.03302000e-05	4.91942000e-08	-4.00274000e-01	-4.81607000e-08
1.11786955e+02	2026-08-24T16:20:00.320175	0.00000000e+00	1	16	-4.57525000e-05	4.18397000e-08	-3.50247000e-01	-3.93578000e-08
1.11813994e+02	2026-08-24T16:20:00.352397	0.00000000e+00	1	16	-4.78029000e-05	2.36501000e-08	-3.00199000e-01	-2.32376000e-08
1.11842981e+02	2026-08-24T16:20:00.384396	0.00000000e+00	1	16	-4.52995000e-05	1.63216000e-08	-2.50162000e-01	-1.59431000e-08
1.11851164e+02	2026-08-24T16:20:00.384396	0.00000000e+00	1	16	-5.25713000e-05	1.34918000e-08	-2.00027000e-01	-1.24802000e-08
1.11880035e+02	2026-08-24T16:20:00.415954	0.00000000e+00	1	16	-5.26667000e-05	5.99811000e-09	-1.49993000e-01	-5.76808000e-09
1.11906841e+02	2026-08-24T16:20:00.448617	0.00000000e+00	1	16	-5.29289000e-05	3.50788000e-09	-9.99482000e-02	-3.43986000e-09
1.11915546e+02	2026-08-24T16:20:00.455907	0.00000000e+00	1	16	-4.85420000e-05	2.57726000e-09	-4.99166000e-02	-2.10438000e-09
1.11943200e+02	2026-08-24T16:20:00.479576	0.00000000e+00	1	16	-5.48363000e-05	4.28319000e-11	6.16789000e-05	-1.45459000e-10
1.16801365e+02	2026-08-24T16:20:05.336940	0.00000000e+00	1	17	-2.17438000e-05	-4.35963000e-09	5.41925000e-05	1.05710000e-08
1.16809586e+02	2026-08-24T16:20:05.336940	0.00000000e+00	1	17	-3.96252000e-05	4.56857000e-06	-4.99188000e-02	-4.56720000e-06
1.16843514e+02	2026-08-24T16:20:05.384768	0.00000000e+00	1	17	-4.80890000e-05	9.37481000e-06	-9.99551000e-02	-9.49056000e-06
1.16891442e+02	2026-08-24T16:20:05.432526	0.00000000e+00	1	17	-9.67264000e-05	1.45298000e-05	-1.49955000e-01	-1.47189000e-05
1.16904243e+02	2026-08-24T16:20:05.432526	0.00000000e+00	1	17	-3.42369000e-05	2.06347000e-05	-2.00034000e-01	-2.06189000e-05
1.16933614e+02	2026-08-24T16:20:05.474816	0.00000000e+00	1	17	-4.03404000e-05	2.70943000e-05	-2.50166000e-01	-2.71751000e-05
1.16959012e+02	2026-08-24T16:20:05.496075	0.00000000e+00	1	17	-4.52995000e-05	3.47502000e-05	-3.00201000e-01	-3.47378000e-05
1.16967289e+02	2026-08-24T16:20:05.496075	0.00000000e+00	1	17	-3.94583000e-05	4.35755000e-05	-3.50252000e-01	-4.35745000e-05
1.16986545e+02	2026-08-24T16:20:05.527908	0.00000000e+00	1	17	-3.69310000e-05	5.40732000e-05	-4.00280000e-01	-5.40810000e-05
1.17018296e+02	2026-08-24T16:20:05.559566	0.00000000e+00	1	17	-3.82900000e-05	6.65733000e-05	-4.50284000e-01	-6.64810000e-05
1.17026194e+02	2026-08-24T16:20:05.559566	0.00000000e+00	1	17	-4.65631000e-05	8.12260000e-05	-5.00363000e-01	-8.14698000e-05
1.17033862e+02	2026-08-24T16:20:05.575661	0.00000000e+00	1	17	-4.44889000e-05	9.93294000e-05	-5.50350000e-01	-9.94253000e-05
1.17081783e+02	2026-08-24T16:20:05.623226	0.00000000e+00	1	17	-3.85523000e-05	1.19452000e-04	-6.00454000e-01	-1.19515000e-04
1.17104210e+02	2026-08-24T16:20:05.639007	0.00000000e+00	1	17	-4.22478000e-05	1.46098000e-04	-6.50458000e-01	-1.46837000e-04
1.17145413e+02	2026-08-24T16:20:05.686759	0.00000000e+00	1	17	-4.16994000e-05	1.74859000e-04	-7.00507000e-01	-1.74083000e-04
1.17153233e+02	2026-08-24T16:20:05.686759	0.00000000e+00	1	17	-4.16994000e-05	2.04122000e-04	-7.50549000e-01	-2.03980000e-04
1.17161501e+02	2026-08-24T16:20:05.702720	0.00000000e+00	1	17	-4.31299000e-05	2.36028000e-04	-8.00595000e-01	-2.36539000e-04
1.17209510e+02	2026-08-24T16:20:05.750614	0.00000000e+00	1	17	-4.49419000e-05	2.71761000e-04	-8.50605000e-01	-2.70510000e-04
1.17217699e+02	2026-08-24T16:20:05.750614	0.00000000e+00	1	17	-4.53949000e-05	3.04892000e-04	-9.00636000e-01	-3.04482000e-04
1.17245384e+02	2026-08-24T16:20:05.782263	0.00000000e+00	1	17	-4.36783000e-05	3.41500000e-04	-9.50663000e-01	-3.40109000e-04
1.17273034e+02	2026-08-24T16:20:05.814668	0.00000000e+00	1	17	-4.28677000e-05	3.53553000e-04	-1.00073000e+00	-3.50302000e-04
1.17281069e+02	2026-08-24T16:20:05.814668	0.00000000e+00	1	17	-3.64065000e-05	3.73695000e-04	-1.05074000e+00	-3.66557000e-04
1.17309186e+02	2026-08-24T16:20:05.849808	0.00000000e+00	1	17	-4.57525000e-05	3.16354000e-04	-1.10080000e+00	-3.18450000e-04
1.17336124e+02	2026-08-24T16:20:05.877540	0.00000000e+00	1	17	-3.87430000e-05	3.14619000e-04	-1.15085000e+00	-3.11790000e-04
1.17343937e+02	2026-08-24T16:20:05.877540	0.00000000e+00	1	17	-3.71933000e-05	3.38031000e-04	-1.20088000e+00	-3.32896000e-04
1.17351461e+02	2026-08-24T16:20:05.893294	0.00000000e+00	1	17	-3.85523000e-05	3.55039000e-04	-1.25090000e+00	-1.55787000e-04
1.17399761e+02	2026-08-24T16:20:05.941082	0.00000000e+00	1	17	-4.93526000e-05	1.47961000e-04	-1.30094000e+00	-1.47699000e-04
1.17407682e+02	2026-08-24T16:20:05.941082	0.00000000e+00	1	17	-2.45333000e-05	1.56371000e-04	-1.35098000e+00	-1.26629000e-04
1.17434631e+02	2026-08-24T16:20:05.972906	0.00000000e+00	1	17	-3.55005000e-05	1.14023000e-04	-1.40100000e+00	-1.14566000e-04
1.17455901e+02	2026-08-24T16:20:05.995967	0.00000000e+00	1	17	-4.22478000e-05	1.13482000e-04	-1.45107000e+00	-1.00723000e-04
1.17479273e+02	2026-08-24T16:20:06.021272	0.00000000e+00	1	17	-5.06878000e-05	1.00578000e-04	-1.50108000e+00	-1.05317000e-04
1.17512434e+02	2026-08-24T16:20:06.052411	0.00000000e+00	1	17	-4.64678000e-05	9.74782000e-05	-1.55110000e+00	-9.48181000e-05
1.17524640e+02	2026-08-24T16:20:06.052411	0.00000000e+00	1	17	-5.24998000e-05	1.14356000e-04	-1.60110000e+00	-1.12638000e-04
1.17558012e+02	2026-08-24T16:20:06.084164	0.00000000e+00	1	17	-4.56572000e-05	1.03239000e-04	-1.65117000e+00	-1.11225000e-04
1.17585913e+02	2026-08-24T16:20:06.116107	0.00000000e+00	1	17	-5.19514000e-05	1.20270000e-04	-1.70115000e+00	-1.18516000e-04
1.17606646e+02	2026-08-24T16:20:06.147745	0.00000000e+00	1	17	-5.24044000e-05	1.43356000e-04	-1.75121000e+00	-1.37800000e-04
1.17649560e+02	2026-08-24T16:20:06.179662	0.00000000e+00	1	17	-4.24147000e-05	1.21144000e-04	-1.80122000e+00	-1.29326000e-04
1.17670198e+02	2026-08-24T16:20:06.211761	0.00000000e+00	1	17	-5.53608000e-05	1.77134000e-04	-1.85129000e+00	-2.09774000e-04
1.17703288e+02	2026-08-24T16:20:06.242945	0.00000000e+00	1	17	-5.80549000e-05	1.72655000e-04	-1.90132000e+00	-1.62889000e-04
1.17714239e+02	2026-08-24T16:20:06.253231	0.00000000e+00	1	17	-4.36783000e-05	2.01707000e-04	-1.95133000e+00	-2.05819000e-04
1.17732938e+02	2026-08-24T16:20:06.274497	0.00000000e+00	1	17	-5.76973000e-05	1.89705000e-04	-2.00138000e+00	-1.91594000e-04
1.17749013e+02	2026-08-24T16:20:06.290312	0.00000000e+00	1	17	-5.50032000e-05	2.01815000e-04	-2.05121000e+00	-1.87395000e-04
1.17777119e+02	2026-08-24T16:20:06.317234	0.00000000e+00	1	17	-5.45502000e-05	2.10480000e-04	-2.10116000e+00	-2.05940000e-04
1.17796408e+02	2026-08-24T16:20:06.337555	0.00000000e+00	1	17	-5.70774000e-05	1.82516000e-04	-2.15134000e+00	-2.04497000e-04
1.17803969e+02	2026-08-24T16:20:06.337555	0.00000000e+00	1	17	-4.47512000e-05	2.06002000e-04	-2.20155000e+00	-1.97582000e-04
1.17811935e+02	2026-08-24T16:20:06.353300	0.00000000e+00	1	17	-4.37737000e-05	2.04050000e-04	-2.25151000e+00	-2.25662000e-04
1.17849646e+02	2026-08-24T16:20:06.387259	0.00000000e+00	1	17	-4.21524000e-05	1.96337000e-04	-2.30141000e+00	-1.77243000e-04
1.17857651e+02	2026-08-24T16:20:06.387259	0.00000000e+00	1	17	-4.61102000e-05	1.66865000e-04	-2.35139000e+00	-1.62310000e-04
1.17907445e+02	2026-08-24T16:20:06.448087	0.00000000e+00	1	17	-7.65801000e-05	3.38935000e-04	-2.40160000e+00	-3.36685000e-04
1.17919181e+02	2026-08-24T16:20:06.455875	0.00000000e+00	1	17	-5.67198000e-05	2.68040000e-04	-2.45146000e+00	-2.60781000e-04
1.17927608e+02	2026-08-24T16:20:06.468045	0.00000000e+00	1	17	-5.84364000e-05	2.81402000e-04	-2.50231000e+00	-2.14149000e-04
1.17934104e+02	2026-08-24T16:20:06.474410	0.00000000e+00	1	17	-6.41823000e-05	1.36497000e-04	-2.50175000e+00	-1.43397000e-04
1.17954523e+02	2026-08-24T16:20:06.495572	0.00000000e+00	1	17	-4.61102000e-05	4.86087000e-05	-2.45156000e+00	-4.24299000e-05
1.17992495e+02	2026-08-24T16:20:06.527141	0.00000000e+00	1	17	-5.71728000e-05	3.32711000e-05	-2.40156000e+00	-3.22442000e-05
1.18004708e+02	2026-08-24T16:20:06.545130	0.00000000e+00	1	17	-5.05209000e-05	2.61335000e-05	-2.35157000e+00	-2.64445000e-05
1.18012275e+02	2026-08-24T16:20:06.547134	0.00000000e+00	1	17	-4.39405000e-05	2.14233000e-05	-2.30133000e+00	-2.15108000e-05
1.18041156e+02	2026-08-24T16:20:06.574932	0.00000000e+00	1	17	-5.24044000e-05	1.82431000e-05	-2.25139000e+00	-1.84577000e-05
1.18067926e+02	2026-08-24T16:20:06.606494	0.00000000e+00	1	17	-4.42266000e-05	1.60369000e-05	-2.20139000e+00	-1.58417000e-05
1.18076223e+02	2026-08-24T16:20:06.606494	0.00000000e+00	1	17	-4.96149000e-05	1.39085000e-05	-2.15147000e+00	-1.40740000e-05
1.18097114e+02	2026-08-24T16:20:06.638752	0.00000000e+00	1	17	-4.73738000e-05	1.25486000e-05	-2.10123000e+00	-1.22962000e-05
1.18133970e+02	2026-08-24T16:20:06.669898	0.00000000e+00	1	17	-4.73738000e-05	1.11542000e-05	-2.05128000e+00	-1.11566000e-05
1.18142789e+02	2026-08-24T16:20:06.677859	0.00000000e+00	1	17	-3.29733000e-05	9.79722000e-06	-2.00134000e+00	-9.98999000e-06
1.18168087e+02	2026-08-24T16:20:06.701748	0.00000000e+00	1	17	-5.68867000e-05	8.69804000e-06	-1.95134000e+00	-8.84242000e-06
1.18176012e+02	2026-08-24T16:20:06.717505	0.00000000e+00	1	17	-5.36680000e-05	7.98753000e-06	-1.90132000e+00	-7.91051000e-06
1.18223820e+02	2026-08-24T16:20:06.764865	0.00000000e+00	1	17	-5.17607000e-05	7.03147000e-06	-1.85128000e+00	-7.05669000e-06
1.18232644e+02	2026-08-24T16:20:06.764865	0.00000000e+00	1	17	-5.59092000e-05	6.26838000e-06	-1.80122000e+00	-6.30249000e-06
1.18260089e+02	2026-08-24T16:20:06.796463	0.00000000e+00	1	17	-5.01633000e-05	5.62070000e-06	-1.75121000e+00	-5.61321000e-06
1.18287488e+02	2026-08-24T16:20:06.828543	0.00000000e+00	1	17	-5.22137000e-05	5.00968000e-06	-1.70120000e+00	-5.02509000e-06
1.18295596e+02	2026-08-24T16:20:06.828543	0.00000000e+00	1	17	-5.29289000e-05	4.50321000e-06	-1.65115000e+00	-4.48335000e-06
1.18323868e+02	2026-08-24T16:20:06.861264	0.00000000e+00	1	17	-4.72784000e-05	4.01515000e-06	-1.60110000e+00	-4.01306000e-06
1.18349883e+02	2026-08-24T16:20:06.891441	0.00000000e+00	1	17	-5.64575000e-05	3.50991000e-06	-1.55112000e+00	-3.50973000e-06
1.18357787e+02	2026-08-24T16:20:06.891441	0.00000000e+00	1	17	-4.68254000e-05	3.14575000e-06	-1.50106000e+00	-3.13943000e-06
1.18385795e+02	2026-08-24T16:20:06.923282	0.00000000e+00	1	17	-5.22137000e-05	2.81724000e-06	-1.45103000e+00	-2.80844000e-06
1.18413213e+02	2026-08-24T16:20:06.954640	0.00000000e+00	1	17	-5.03302000e-05	2.43691000e-06	-1.40101000e+00	-2.44281000e-06
1.18421019e+02	2026-08-24T16:20:06.954640	0.00000000e+00	1	17	-4.71830000e-05	2.21928000e-06	-1.35101000e+00	-2.19882000e-06
1.18429044e+02	2026-08-24T16:20:06.970726	0.00000000e+00	1	17	-4.88997000e-05	1.92324000e-06	-1.30093000e+00	-1.91376000e-06
1.18477343e+02	2026-08-24T16:20:07.018315	0.00000000e+00	1	17	-4.73738000e-05	1.67262000e-06	-1.25089000e+00	-1.67676000e-06
1.18485748e+02	2026-08-24T16:20:07.018315	0.00000000e+00	1	17	-5.06878000e-05	1.44897000e-06	-1.20084000e+00	-1.43265000e-06
1.18509449e+02	2026-08-24T16:20:07.050722	0.00000000e+00	1	17	-5.37395000e-05	1.28727000e-06	-1.15087000e+00	-1.28910000e-06
1.18540988e+02	2026-08-24T16:20:07.082014	0.00000000e+00	1	17	-4.73738000e-05	1.11345000e-06	-1.10079000e+00	-1.11673000e-06
1.18548865e+02	2026-08-24T16:20:07.082014	0.00000000e+00	1	17	-4.93526000e-05	9.69564000e-07	-1.05072000e+00	-9.28490000e-07
1.18572406e+02	2026-08-24T16:20:07.113570	0.00000000e+00	1	17	-4.95195000e-05	7.93417000e-07	-1.00070000e+00	-7.96764000e-07
1.18603937e+02	2026-08-24T16:20:07.145305	0.00000000e+00	1	17	-5.11408000e-05	6.84576000e-07	-9.50683000e-01	-6.80417000e-07
1.18611722e+02	2026-08-24T16:20:07.145305	0.00000000e+00	1	17	-5.34773000e-05	5.70146000e-07	-9.00651000e-01	-5.70922000e-07
1.18619360e+02	2026-08-24T16:20:07.161386	0.00000000e+00	1	17	-4.78983000e-05	4.64787000e-07	-8.50589000e-01	-4.49083000e-07
1.18658371e+02	2026-08-24T16:20:07.199617	0.00000000e+00	1	17	-4.78029000e-05	3.72317000e-07	-8.00600000e-01	-3.71488000e-07
1.18666256e+02	2026-08-24T16:20:07.199617	0.00000000e+00	1	17	-5.04255000e-05	3.00821000e-07	-7.50536000e-01	-2.93931000e-07
1.18697140e+02	2026-08-24T16:20:07.224977	0.00000000e+00	1	17	-5.30243000e-05	2.33050000e-07	-7.00506000e-01	-2.32486000e-07
1.18714531e+02	2026-08-24T16:20:07.256357	0.00000000e+00	1	17	-5.08785000e-05	1.83264000e-07	-6.50446000e-01	-1.82018000e-07
1.18735643e+02	2026-08-24T16:20:07.271461	0.00000000e+00	1	17	-4.84467000e-05	1.42089000e-07	-6.00438000e-01	-1.38248000e-07
1.18743218e+02	2026-08-24T16:20:07.271461	0.00000000e+00	1	17	-5.00679000e-05	1.01526000e-07	-5.50369000e-01	-1.01810000e-07
1.18763123e+02	2026-08-24T16:20:07.303338	0.00000000e+00	1	17	-5.63622000e-05	7.28504000e-08	-5.00359000e-01	-5.89138000e-08
1.18867226e+02	2026-08-24T16:20:07.399072	0.00000000e+00	1	17	-4.62770000e-05	5.11645000e-08	-4.50312000e-01	-4.76294000e-08
1.18889591e+02	2026-08-24T16:20:07.430656	0.00000000e+00	1	17	-5.06878000e-05	3.07642000e-08	-4.00310000e-01	-3.05815000e-08
1.18927699e+02	2026-08-24T16:20:07.462703	0.00000000e+00	1	17	-5.73397000e-05	2.09262000e-08	-3.50230000e-01	-2.08612000e-08
1.18935850e+02	2026-08-24T16:20:07.472194	0.00000000e+00	1	17	-4.60148000e-05	1.81476000e-08	-3.00221000e-01	-1.34342000e-08
1.18972712e+02	2026-08-24T16:20:07.509729	0.00000000e+00	1	17	-4.61102000e-05	9.14239000e-09	-2.50138000e-01	-7.52071000e-09
1.18995534e+02	2026-08-24T16:20:07.525516	0.00000000e+00	1	17	-5.33104000e-05	6.43650000e-09	-2.00037000e-01	-5.77436000e-09
1.19016352e+02	2026-08-24T16:20:07.557450	0.00000000e+00	1	17	-5.06878000e-05	2.63082000e-09	-1.50003000e-01	-2.12973000e-09
1.19051158e+02	2026-08-24T16:20:07.589128	0.00000000e+00	1	17	-5.17607000e-05	1.15582000e-09	-9.99614000e-02	-1.22885000e-09
1.19061586e+02	2026-08-24T16:20:07.589128	0.00000000e+00	1	17	-5.24044000e-05	5.77259000e-10	-4.99290000e-02	-4.19259000e-10
1.19095169e+02	2026-08-24T16:20:07.636431	0.00000000e+00	1	17	-4.93526000e-05	1.64664000e-10	5.74350000e-05	-1.93119000e-10
1.23995259e+02	2026-08-24T16:20:12.532270	0.00000000e+00	1	18	-3.42369000e-05	-5.08246000e-09	7.45535000e-05	5.84606000e-09
1.24003443e+02	2026-08-24T16:20:12.532270	0.00000000e+00	1	18	-5.30243000e-05	1.70615000e-06	-4.99167000e-02	-1.70897000e-06
1.24023085e+02	2026-08-24T16:20:12.564325	0.00000000e+00	1	18	-4.54664000e-05	3.51940000e-06	-9.99595000e-02	-3.49827000e-06
1.24058422e+02	2026-08-24T16:20:12.596172	0.00000000e+00	1	18	-5.36680000e-05	5.42156000e-06	-1.49998000e-01	-5.48225000e-06
1.24092141e+02	2026-08-24T16:20:12.630821	0.00000000e+00	1	18	-4.97103000e-05	7.59925000e-06	-2.00028000e-01	-7.57138000e-06
1.24112694e+02	2026-08-24T16:20:12.645964	0.00000000e+00	1	18	-7.56979000e-05	1.00730000e-05	-2.50135000e-01	-1.00451000e-05
1.24134338e+02	2026-08-24T16:20:12.675434	0.00000000e+00	1	18	-4.84467000e-05	1.28852000e-05	-3.00198000e-01	-1.28465000e-05
1.24142271e+02	2026-08-24T16:20:12.675434	0.00000000e+00	1	18	-4.62055000e-05	1.61924000e-05	-3.50231000e-01	-1.61903000e-05
1.24171940e+02	2026-08-24T16:20:12.707359	0.00000000e+00	1	18	-4.35829000e-05	2.01380000e-05	-4.00287000e-01	-2.01473000e-05
1.24197894e+02	2026-08-24T16:20:12.739915	0.00000000e+00	1	18	-4.56572000e-05	2.49193000e-05	-4.50292000e-01	-2.49599000e-05
1.24205620e+02	2026-08-24T16:20:12.742999	0.00000000e+00	1	18	-4.99725000e-05	3.07909000e-05	-5.00338000e-01	-3.07642000e-05
1.24234042e+02	2026-08-24T16:20:12.770904	0.00000000e+00	1	18	-4.75407000e-05	3.81325000e-05	-5.50411000e-01	-3.81086000e-05
1.24261656e+02	2026-08-24T16:20:12.803111	0.00000000e+00	1	18	-4.64678000e-05	4.69046000e-05	-6.00432000e-01	-4.69189000e-05
1.24269339e+02	2026-08-24T16:20:12.803111	0.00000000e+00	1	18	-4.76360000e-05	5.81068000e-05	-6.50434000e-01	-5.80896000e-05
1.24298192e+02	2026-08-24T16:20:12.835800	0.00000000e+00	1	18	-5.14030000e-05	7.14623000e-05	-7.00500000e-01	-7.14308000e-05
1.24325806e+02	2026-08-24T16:20:12.866821	0.00000000e+00	1	18	-4.53949000e-05	8.82568000e-05	-7.50524000e-01	-8.84861000e-05
1.24333640e+02	2026-08-24T16:20:12.866821	0.00000000e+00	1	18	-4.76360000e-05	1.07306000e-04	-8.00594000e-01	-1.06477000e-04
1.24359031e+02	2026-08-24T16:20:12.898716	0.00000000e+00	1	18	-5.04255000e-05	1.27620000e-04	-8.50594000e-01	-1.28206000e-04
1.24389048e+02	2026-08-24T16:20:12.930039	0.00000000e+00	1	18	-4.75407000e-05	1.44397000e-04	-9.00648000e-01	-1.43569000e-04
1.24397424e+02	2026-08-24T16:20:12.930039	0.00000000e+00	1	18	-4.85420000e-05	1.65566000e-04	-9.50667000e-01	-1.65683000e-04
1.24420601e+02	2026-08-24T16:20:12.961956	0.00000000e+00	1	18	-5.48363000e-05	1.72799000e-04	-1.00073000e+00	-1.69768000e-04
1.24452746e+02	2026-08-24T16:20:12.994186	0.00000000e+00	1	18	-4.79937000e-05	1.83775000e-04	-1.05074000e+00	-1.82340000e-04
1.24461203e+02	2026-08-24T16:20:12.994186	0.00000000e+00	1	18	-4.32253000e-05	1.92535000e-04	-1.10080000e+00	-1.88965000e-04
1.24489226e+02	2026-08-24T16:20:13.026437	0.00000000e+00	1	18	-5.86987000e-05	1.78157000e-04	-1.15087000e+00	-1.80784000e-04
1.24516565e+02	2026-08-24T16:20:13.058009	0.00000000e+00	1	18	-4.27723000e-05	1.81885000e-04	-1.20088000e+00	-1.84999000e-04
1.24524595e+02	2026-08-24T16:20:13.058009	0.00000000e+00	1	18	-5.03302000e-05	1.94830000e-04	-1.25093000e+00	-1.73933000e-04
1.24532689e+02	2026-08-24T16:20:13.073921	0.00000000e+00	1	18	-4.16994000e-05	1.68493000e-04	-1.30093000e+00	-1.25121000e-04
1.24580702e+02	2026-08-24T16:20:13.121611	0.00000000e+00	1	18	-5.07832000e-05	1.10246000e-04	-1.35101000e+00	-1.22744000e-04
1.24588654e+02	2026-08-24T16:20:13.121611	0.00000000e+00	1	18	-5.23090000e-05	1.19942000e-04	-1.40100000e+00	-8.39917000e-05
1.24609471e+02	2026-08-24T16:20:13.147672	0.00000000e+00	1	18	-5.13315000e-05	1.14943000e-04	-1.45108000e+00	-8.47988000e-05
1.24637151e+02	2026-08-24T16:20:13.175283	0.00000000e+00	1	18	-4.59194000e-05	6.25166000e-05	-1.50105000e+00	-5.86933000e-05
1.24659837e+02	2026-08-24T16:20:13.201494	0.00000000e+00	1	18	-4.73738000e-05	5.96846000e-05	-1.55112000e+00	-5.34703000e-05
1.24668486e+02	2026-08-24T16:20:13.201494	0.00000000e+00	1	18	-4.84467000e-05	8.42363000e-05	-1.60110000e+00	-7.50686000e-05
1.24692517e+02	2026-08-24T16:20:13.232886	0.00000000e+00	1	18	-5.49078000e-05	6.14857000e-05	-1.65117000e+00	-5.54252000e-05
1.24719988e+02	2026-08-24T16:20:13.258729	0.00000000e+00	1	18	-4.33207000e-05	6.74758000e-05	-1.70120000e+00	-6.67893000e-05
1.24739096e+02	2026-08-24T16:20:13.280485	0.00000000e+00	1	18	-5.91517000e-05	7.15072000e-05	-1.75122000e+00	-6.83942000e-05
1.24747137e+02	2026-08-24T16:20:13.280485	0.00000000e+00	1	18	-4.46558000e-05	8.86748000e-05	-1.80125000e+00	-7.30051000e-05
1.24771180e+02	2026-08-24T16:20:13.312155	0.00000000e+00	1	18	-4.34876000e-05	8.35467000e-05	-1.85129000e+00	-8.44391000e-05
1.24802927e+02	2026-08-24T16:20:13.344899	0.00000000e+00	1	18	-4.95195000e-05	7.48226000e-05	-1.90131000e+00	-7.58442000e-05
1.24810812e+02	2026-08-24T16:20:13.345503	0.00000000e+00	1	18	-5.14984000e-05	8.12366000e-05	-1.95134000e+00	-8.98779000e-05
1.24835221e+02	2026-08-24T16:20:13.376261	0.00000000e+00	1	18	-5.73397000e-05	7.87366000e-05	-2.00137000e+00	-7.36289000e-05
1.24870621e+02	2026-08-24T16:20:13.407819	0.00000000e+00	1	18	-4.81844000e-05	5.64294000e-05	-2.05118000e+00	-5.62644000e-05
1.24898532e+02	2026-08-24T16:20:13.440176	0.00000000e+00	1	18	-5.15938000e-05	6.31738000e-05	-2.10128000e+00	-6.67151000e-05
1.24935082e+02	2026-08-24T16:20:13.471514	0.00000000e+00	1	18	-5.24998000e-05	6.80083000e-05	-2.15154000e+00	-6.67583000e-05
1.24944010e+02	2026-08-24T16:20:13.481915	0.00000000e+00	1	18	-5.30243000e-05	8.54277000e-05	-2.20145000e+00	-7.56729000e-05
1.24973793e+02	2026-08-24T16:20:13.506809	0.00000000e+00	1	18	-5.50032000e-05	7.71724000e-05	-2.25128000e+00	-7.13159000e-05
1.24984679e+02	2026-08-24T16:20:13.518993	0.00000000e+00	1	18	-5.28574000e-05	6.83651000e-05	-2.30141000e+00	-8.79813000e-05
1.25010075e+02	2026-08-24T16:20:13.550397	0.00000000e+00	1	18	-5.22137000e-05	7.63592000e-05	-2.35163000e+00	-6.43315000e-05
1.25018190e+02	2026-08-24T16:20:13.550397	0.00000000e+00	1	18	-4.45843000e-05	8.24697000e-05	-2.40155000e+00	-5.88906000e-05
1.25040414e+02	2026-08-24T16:20:13.581779	0.00000000e+00	1	18	-5.09500000e-05	6.44511000e-05	-2.45153000e+00	-6.43007000e-05
1.25082418e+02	2026-08-24T16:20:13.613415	0.00000000e+00	1	18	-5.26667000e-05	5.02450000e-05	-2.50180000e+00	-5.14739000e-05
1.25100045e+02	2026-08-24T16:20:13.629434	0.00000000e+00	1	18	-4.53949000e-05	4.73761000e-05	-2.50172000e+00	-3.80907000e-05
1.25136476e+02	2026-08-24T16:20:13.677492	0.00000000e+00	1	18	-4.81844000e-05	3.67546000e-05	-2.45138000e+00	-3.66240000e-05
1.25144636e+02	2026-08-24T16:20:13.677492	0.00000000e+00	1	18	-4.88043000e-05	3.26685000e-05	-2.40164000e+00	-3.28853000e-05
1.25172917e+02	2026-08-24T16:20:13.709202	0.00000000e+00	1	18	-4.94242000e-05	3.03391000e-05	-2.35140000e+00	-3.18298000e-05
1.25199743e+02	2026-08-24T16:20:13.741261	0.00000000e+00	1	18	-5.04255000e-05	2.88682000e-05	-2.30129000e+00	-2.96173000e-05
1.25208424e+02	2026-08-24T16:20:13.741261	0.00000000e+00	1	18	-4.27008000e-05	2.49305000e-05	-2.25123000e+00	-2.47386000e-05
1.25236763e+02	2026-08-24T16:20:13.772945	0.00000000e+00	1	18	-4.67300000e-05	2.56718000e-05	-2.20154000e+00	-2.59754000e-05
1.25263957e+02	2026-08-24T16:20:13.804920	0.00000000e+00	1	18	-4.25100000e-05	2.10872000e-05	-2.15144000e+00	-2.08771000e-05
1.25272174e+02	2026-08-24T16:20:13.804920	0.00000000e+00	1	18	-5.09500000e-05	1.94216000e-05	-2.10120000e+00	-1.93585000e-05
1.25300037e+02	2026-08-24T16:20:13.836650	0.00000000e+00	1	18	-4.57525000e-05	1.87945000e-05	-2.05140000e+00	-1.85656000e-05
1.25327635e+02	2026-08-24T16:20:13.869150	0.00000000e+00	1	18	-4.62770000e-05	1.77584000e-05	-2.00136000e+00	-1.83763000e-05
1.25335544e+02	2026-08-24T16:20:13.869150	0.00000000e+00	1	18	-5.01633000e-05	1.67874000e-05	-1.95136000e+00	-1.67208000e-05
1.25363760e+02	2026-08-24T16:20:13.900595	0.00000000e+00	1	18	-5.24998000e-05	1.51440000e-05	-1.90132000e+00	-1.47020000e-05
1.25390771e+02	2026-08-24T16:20:13.932197	0.00000000e+00	1	18	-4.97818000e-05	1.39269000e-05	-1.85128000e+00	-1.37760000e-05
1.25399680e+02	2026-08-24T16:20:13.932197	0.00000000e+00	1	18	-4.28677000e-05	1.34733000e-05	-1.80123000e+00	-1.33710000e-05
1.25427476e+02	2026-08-24T16:20:13.964161	0.00000000e+00	1	18	-4.78983000e-05	1.25496000e-05	-1.75121000e+00	-1.31435000e-05
1.25454854e+02	2026-08-24T16:20:13.996261	0.00000000e+00	1	18	-5.01633000e-05	1.21844000e-05	-1.70119000e+00	-1.21247000e-05
1.25462623e+02	2026-08-24T16:20:13.996261	0.00000000e+00	1	18	-3.96252000e-05	1.05601000e-05	-1.65118000e+00	-1.08044000e-05
1.25470097e+02	2026-08-24T16:20:13.996261	0.00000000e+00	1	18	-4.39405000e-05	9.87943000e-06	-1.60113000e+00	-9.80909000e-06
1.25518406e+02	2026-08-24T16:20:14.059895	0.00000000e+00	1	18	-5.29289000e-05	8.44454000e-06	-1.55110000e+00	-8.70578000e-06
1.25526732e+02	2026-08-24T16:20:14.059895	0.00000000e+00	1	18	-4.68254000e-05	7.21923000e-06	-1.50103000e+00	-7.43323000e-06
1.25555235e+02	2026-08-24T16:20:14.091914	0.00000000e+00	1	18	-5.40257000e-05	6.51531000e-06	-1.45103000e+00	-6.11482000e-06
1.25582175e+02	2026-08-24T16:20:14.123606	0.00000000e+00	1	18	-4.70161000e-05	5.23906000e-06	-1.40099000e+00	-5.15618000e-06
1.25590190e+02	2026-08-24T16:20:14.123606	0.00000000e+00	1	18	-4.64678000e-05	4.58053000e-06	-1.35098000e+00	-4.44599000e-06
1.25597747e+02	2026-08-24T16:20:14.139576	0.00000000e+00	1	18	-4.52995000e-05	3.87020000e-06	-1.30093000e+00	-3.65900000e-06
1.25646044e+02	2026-08-24T16:20:14.187535	0.00000000e+00	1	18	-4.97103000e-05	2.98790000e-06	-1.25094000e+00	-2.99884000e-06
1.25653848e+02	2026-08-24T16:20:14.187535	0.00000000e+00	1	18	-4.62055000e-05	2.59171000e-06	-1.20086000e+00	-2.53634000e-06
1.25661512e+02	2026-08-24T16:20:14.187535	0.00000000e+00	1	18	-4.82559000e-05	2.21543000e-06	-1.15088000e+00	-2.07523000e-06
1.25709897e+02	2026-08-24T16:20:14.251062	0.00000000e+00	1	18	-4.78983000e-05	1.87903000e-06	-1.10081000e+00	-1.85902000e-06
1.25717641e+02	2026-08-24T16:20:14.251062	0.00000000e+00	1	18	-4.79937000e-05	1.59788000e-06	-1.05074000e+00	-1.57127000e-06
1.25746180e+02	2026-08-24T16:20:14.283656	0.00000000e+00	1	18	-4.97818000e-05	1.25215000e-06	-1.00075000e+00	-1.25859000e-06
1.25769077e+02	2026-08-24T16:20:14.305021	0.00000000e+00	1	18	-5.22137000e-05	1.06098000e-06	-9.50700000e-01	-1.03166000e-06
1.25789217e+02	2026-08-24T16:20:14.330733	0.00000000e+00	1	18	-4.99725000e-05	8.47933000e-07	-9.00642000e-01	-8.39526000e-07
1.25803209e+02	2026-08-24T16:20:14.330733	0.00000000e+00	1	18	-4.88043000e-05	6.92028000e-07	-8.50600000e-01	-6.92399000e-07
1.25831119e+02	2026-08-24T16:20:14.372406	0.00000000e+00	1	18	-5.54562000e-05	5.45146000e-07	-8.00610000e-01	-5.36793000e-07
1.25852555e+02	2026-08-24T16:20:14.393996	0.00000000e+00	1	18	-4.88043000e-05	3.87206000e-07	-7.50525000e-01	-3.84155000e-07
1.25860676e+02	2026-08-24T16:20:14.393996	0.00000000e+00	1	18	-5.15938000e-05	3.01762000e-07	-7.00507000e-01	-3.00654000e-07
1.25888945e+02	2026-08-24T16:20:14.425443	0.00000000e+00	1	18	-4.97103000e-05	2.50300000e-07	-6.50467000e-01	-2.50064000e-07
1.25915687e+02	2026-08-24T16:20:14.456790	0.00000000e+00	1	18	-4.62770000e-05	1.88615000e-07	-6.00450000e-01	-1.85174000e-07
1.25923763e+02	2026-08-24T16:20:14.456790	0.00000000e+00	1	18	-4.56572000e-05	1.54673000e-07	-5.50395000e-01	-1.50712000e-07
1.25951149e+02	2026-08-24T16:20:14.489097	0.00000000e+00	1	18	-4.98772000e-05	1.22692000e-07	-5.00341000e-01	-1.21341000e-07
1.25978837e+02	2026-08-24T16:20:14.520236	0.00000000e+00	1	18	-5.40257000e-05	1.01411000e-07	-4.50310000e-01	-9.02263000e-08
1.26042437e+02	2026-08-24T16:20:14.583862	0.00000000e+00	1	18	-5.23090000e-05	7.18990000e-08	-4.00280000e-01	-7.30901000e-08
1.26100044e+02	2026-08-24T16:20:14.632927	0.00000000e+00	1	18	-3.66688000e-05	6.47331000e-08	-3.50234000e-01	-6.01799000e-08
1.26122884e+02	2026-08-24T16:20:14.663833	0.00000000e+00	1	18	-4.76360000e-05	3.84439000e-08	-3.00221000e-01	-3.68250000e-08
1.26159859e+02	2026-08-24T16:20:14.696132	0.00000000e+00	1	18	-4.41313000e-05	2.27018000e-08	-2.50169000e-01	-2.16912000e-08
1.26168493e+02	2026-08-24T16:20:14.705870	0.00000000e+00	1	18	-4.16040000e-05	1.76659000e-08	-2.00029000e-01	-1.57720000e-08
1.26201956e+02	2026-08-24T16:20:14.743198	0.00000000e+00	1	18	-4.75407000e-05	8.93215000e-09	-1.50003000e-01	-6.08786000e-09
1.26231239e+02	2026-08-24T16:20:14.759801	0.00000000e+00	1	18	-4.25100000e-05	4.53371000e-09	-9.99620000e-02	-4.00798000e-09
1.26249535e+02	2026-08-24T16:20:14.790982	0.00000000e+00	1	18	-5.14030000e-05	1.28534000e-09	-4.99255000e-02	-1.19487000e-09
1.26264192e+02	2026-08-24T16:20:14.790982	0.00000000e+00	1	18	-4.61102000e-05	4.91500000e-10	5.25713000e-05	-2.85792000e-10
1.31035808e+02	2026-08-24T16:20:19.571251	0.00000000e+00	1	19	-3.55005000e-05	-1.47489000e-09	5.41210000e-05	3.72773000e-09
1.31043745e+02	2026-08-24T16:20:19.571251	0.00000000e+00	1	19	-4.07934000e-05	1.90646000e-06	-4.99255000e-02	-1.90102000e-06
1.31075510e+02	2026-08-24T16:20:19.603038	0.00000000e+00	1	19	-4.20570000e-05	3.89232000e-06	-9.99615000e-02	-3.88222000e-06
1.31125368e+02	2026-08-24T16:20:19.666397	0.00000000e+00	1	19	-3.76463000e-05	6.02517000e-06	-1.50004000e-01	-6.01723000e-06
1.31133416e+02	2026-08-24T16:20:19.666397	0.00000000e+00	1	19	-4.51088000e-05	8.37138000e-06	-2.00026000e-01	-8.37078000e-06
1.31161439e+02	2026-08-24T16:20:19.699032	0.00000000e+00	1	19	-7.92027000e-05	1.10090000e-05	-2.50110000e-01	-1.09957000e-05
1.31188726e+02	2026-08-24T16:20:19.729851	0.00000000e+00	1	19	-3.83616000e-05	1.40731000e-05	-3.00208000e-01	-1.40736000e-05
1.31196529e+02	2026-08-24T16:20:19.729851	0.00000000e+00	1	19	-3.91722000e-05	1.76432000e-05	-3.50241000e-01	-1.76439000e-05
1.31225025e+02	2026-08-24T16:20:19.761271	0.00000000e+00	1	19	-3.42369000e-05	2.19631000e-05	-4.00290000e-01	-2.19764000e-05
1.31251837e+02	2026-08-24T16:20:19.793350	0.00000000e+00	1	19	-3.70264000e-05	2.70960000e-05	-4.50307000e-01	-2.71261000e-05
1.31259549e+02	2026-08-24T16:20:19.793350	0.00000000e+00	1	19	-3.95536000e-05	3.32342000e-05	-5.00362000e-01	-3.32196000e-05
1.31288654e+02	2026-08-24T16:20:19.825257	0.00000000e+00	1	19	-4.47512000e-05	4.08684000e-05	-5.50404000e-01	-4.08720000e-05
1.31315731e+02	2026-08-24T16:20:19.857393	0.00000000e+00	1	19	-4.34160000e-05	5.00438000e-05	-6.00450000e-01	-5.00470000e-05
1.31323970e+02	2026-08-24T16:20:19.857393	0.00000000e+00	1	19	-3.94583000e-05	6.16645000e-05	-6.50457000e-01	-6.18512000e-05
1.31352072e+02	2026-08-24T16:20:19.888328	0.00000000e+00	1	19	-4.13418000e-05	7.58897000e-05	-7.00495000e-01	-7.60471000e-05
1.31378917e+02	2026-08-24T16:20:19.920917	0.00000000e+00	1	19	-4.70161000e-05	9.02736000e-05	-7.50536000e-01	-8.99695000e-05
1.31386616e+02	2026-08-24T16:20:19.920917	0.00000000e+00	1	19	-4.84467000e-05	1.06839000e-04	-8.00591000e-01	-1.05584000e-04
1.31418142e+02	2026-08-24T16:20:19.952228	0.00000000e+00	1	19	-3.82900000e-05	1.23030000e-04	-8.50605000e-01	-1.24526000e-04
1.31439250e+02	2026-08-24T16:20:19.975526	0.00000000e+00	1	19	-4.24147000e-05	1.40359000e-04	-9.00659000e-01	-1.39702000e-04
1.31458531e+02	2026-08-24T16:20:19.999780	0.00000000e+00	1	19	-4.27723000e-05	1.49153000e-04	-9.50690000e-01	-1.48162000e-04
1.31467186e+02	2026-08-24T16:20:19.999780	0.00000000e+00	1	19	-4.14371000e-05	1.70020000e-04	-1.00073000e+00	-1.67056000e-04
1.31495276e+02	2026-08-24T16:20:20.032012	0.00000000e+00	1	19	-4.15087000e-05	1.83635000e-04	-1.05074000e+00	-1.82211000e-04
1.31514569e+02	2026-08-24T16:20:20.050686	0.00000000e+00	1	19	-4.40359000e-05	1.85277000e-04	-1.10079000e+00	-1.79424000e-04
1.31537791e+02	2026-08-24T16:20:20.079001	0.00000000e+00	1	19	-4.35829000e-05	1.80189000e-04	-1.15086000e+00	-1.54073000e-04
1.31570058e+02	2026-08-24T16:20:20.111176	0.00000000e+00	1	19	-3.67641000e-05	1.50791000e-04	-1.20088000e+00	-1.22499000e-04
1.31584411e+02	2026-08-24T16:20:20.111176	0.00000000e+00	1	19	-4.51088000e-05	1.64258000e-04	-1.25092000e+00	-1.29359000e-04
1.31606764e+02	2026-08-24T16:20:20.143517	0.00000000e+00	1	19	-3.72887000e-05	1.47018000e-04	-1.30094000e+00	-1.46766000e-04
1.31617408e+02	2026-08-24T16:20:20.158634	0.00000000e+00	1	19	-2.61545000e-05	1.32666000e-04	-1.35100000e+00	-8.74174000e-05
1.31665437e+02	2026-08-24T16:20:20.206485	0.00000000e+00	1	19	-4.69208000e-05	1.18702000e-04	-1.40099000e+00	-1.13423000e-04
1.31676398e+02	2026-08-24T16:20:20.206485	0.00000000e+00	1	19	-3.96252000e-05	1.03929000e-04	-1.45101000e+00	-9.71780000e-05
1.31696537e+02	2026-08-24T16:20:20.238026	0.00000000e+00	1	19	-5.05924000e-05	1.01522000e-04	-1.50107000e+00	-8.75787000e-05
1.31724528e+02	2026-08-24T16:20:20.264171	0.00000000e+00	1	19	-4.22478000e-05	9.54308000e-05	-1.55112000e+00	-7.39929000e-05
1.31744623e+02	2026-08-24T16:20:20.285759	0.00000000e+00	1	19	-4.24147000e-05	7.24976000e-05	-1.60111000e+00	-7.21279000e-05
1.31783702e+02	2026-08-24T16:20:20.317311	0.00000000e+00	1	19	-4.34876000e-05	7.17098000e-05	-1.65116000e+00	-7.26008000e-05
1.31808025e+02	2026-08-24T16:20:20.349056	0.00000000e+00	1	19	-4.90665000e-05	6.21656000e-05	-1.70116000e+00	-7.63859000e-05
1.31849739e+02	2026-08-24T16:20:20.380761	0.00000000e+00	1	19	-4.60148000e-05	4.57646000e-05	-1.75123000e+00	-4.85693000e-05
1.31870861e+02	2026-08-24T16:20:20.412344	0.00000000e+00	1	19	-3.97205000e-05	5.49594000e-05	-1.80123000e+00	-5.52423000e-05
1.31904622e+02	2026-08-24T16:20:20.443815	0.00000000e+00	1	19	-3.95536000e-05	5.25117000e-05	-1.85128000e+00	-4.36742000e-05
1.31916941e+02	2026-08-24T16:20:20.448512	0.00000000e+00	1	19	-4.71830000e-05	6.23051000e-05	-1.90130000e+00	-4.38946000e-05
1.31967221e+02	2026-08-24T16:20:20.507091	0.00000000e+00	1	19	-4.45843000e-05	5.99565000e-05	-1.95133000e+00	-6.48469000e-05
1.31977349e+02	2026-08-24T16:20:20.507091	0.00000000e+00	1	19	-5.14030000e-05	5.78224000e-05	-2.00138000e+00	-5.25759000e-05
1.31997164e+02	2026-08-24T16:20:20.538394	0.00000000e+00	1	19	-5.86033000e-05	6.75358000e-05	-2.05127000e+00	-6.19256000e-05
1.32032193e+02	2026-08-24T16:20:20.569858	0.00000000e+00	1	19	-4.14371000e-05	7.31163000e-05	-2.10117000e+00	-6.10324000e-05
1.32043995e+02	2026-08-24T16:20:20.585665	0.00000000e+00	1	19	-4.87089000e-05	6.50375000e-05	-2.15137000e+00	-5.96466000e-05
1.32051860e+02	2026-08-24T16:20:20.586748	0.00000000e+00	1	19	-4.19617000e-05	4.34536000e-05	-2.20158000e+00	-4.16328000e-05
1.32059506e+02	2026-08-24T16:20:20.595800	0.00000000e+00	1	19	-5.26667000e-05	4.22666000e-05	-2.25141000e+00	-4.11904000e-05
1.32107774e+02	2026-08-24T16:20:20.649216	0.00000000e+00	1	19	-4.98772000e-05	4.48095000e-05	-2.30138000e+00	-4.15292000e-05
1.32117101e+02	2026-08-24T16:20:20.649216	0.00000000e+00	1	19	-1.48058000e-05	8.13246000e-05	-2.35161000e+00	-8.21673000e-05
1.32141150e+02	2026-08-24T16:20:20.681692	0.00000000e+00	1	19	-5.16891000e-05	5.80037000e-05	-2.40144000e+00	-6.34690000e-05
1.32169531e+02	2026-08-24T16:20:20.707017	0.00000000e+00	1	19	-4.52995000e-05	6.93917000e-05	-2.45161000e+00	-5.36386000e-05
1.32200910e+02	2026-08-24T16:20:20.728484	0.00000000e+00	1	19	-4.39405000e-05	5.53900000e-05	-2.50168000e+00	-4.36873000e-05
1.32225660e+02	2026-08-24T16:20:20.760039	0.00000000e+00	1	19	-4.78029000e-05	5.03611000e-05	-2.50190000e+00	-4.59497000e-05
1.32233202e+02	2026-08-24T16:20:20.760039	0.00000000e+00	1	19	-4.46558000e-05	3.99142000e-05	-2.45160000e+00	-4.38527000e-05
1.32279657e+02	2026-08-24T16:20:20.817680	0.00000000e+00	1	19	-4.54664000e-05	3.83048000e-05	-2.40158000e+00	-3.77645000e-05
1.32303704e+02	2026-08-24T16:20:20.838790	0.00000000e+00	1	19	-4.88043000e-05	3.51808000e-05	-2.35155000e+00	-3.53886000e-05
1.32312205e+02	2026-08-24T16:20:20.838790	0.00000000e+00	1	19	-5.16891000e-05	2.93162000e-05	-2.30144000e+00	-2.65025000e-05
1.32362510e+02	2026-08-24T16:20:20.902604	0.00000000e+00	1	19	-4.42266000e-05	2.45479000e-05	-2.25144000e+00	-2.43137000e-05
1.32375275e+02	2026-08-24T16:20:20.902604	0.00000000e+00	1	19	-5.33104000e-05	2.10397000e-05	-2.20155000e+00	-2.14093000e-05
1.32383161e+02	2026-08-24T16:20:20.923552	0.00000000e+00	1	19	-4.21524000e-05	1.91660000e-05	-2.15174000e+00	-1.90590000e-05
1.32392539e+02	2026-08-24T16:20:20.934118	0.00000000e+00	1	19	-4.42266000e-05	1.80623000e-05	-2.10123000e+00	-1.82929000e-05
1.32440371e+02	2026-08-24T16:20:20.981763	0.00000000e+00	1	19	-4.38690000e-05	1.56156000e-05	-2.05141000e+00	-1.56117000e-05
1.32448091e+02	2026-08-24T16:20:20.981763	0.00000000e+00	1	19	-5.33819000e-05	1.47440000e-05	-2.00136000e+00	-1.48555000e-05
1.32456137e+02	2026-08-24T16:20:20.997608	0.00000000e+00	1	19	-5.19514000e-05	1.33542000e-05	-1.95134000e+00	-1.30473000e-05
1.32504157e+02	2026-08-24T16:20:21.045564	0.00000000e+00	1	19	-5.18560000e-05	1.25555000e-05	-1.90132000e+00	-1.23822000e-05
1.32512777e+02	2026-08-24T16:20:21.045564	0.00000000e+00	1	19	-4.69208000e-05	1.13188000e-05	-1.85130000e+00	-1.11715000e-05
1.32536385e+02	2026-08-24T16:20:21.077571	0.00000000e+00	1	19	-4.78029000e-05	1.02349000e-05	-1.80123000e+00	-1.04394000e-05
1.32571936e+02	2026-08-24T16:20:21.108959	0.00000000e+00	1	19	-4.42982000e-05	9.07933000e-06	-1.75121000e+00	-8.97676000e-06
1.32599300e+02	2026-08-24T16:20:21.140411	0.00000000e+00	1	19	-4.45843000e-05	8.09811000e-06	-1.70119000e+00	-8.29442000e-06
1.32642520e+02	2026-08-24T16:20:21.172148	0.00000000e+00	1	19	-5.29289000e-05	7.31567000e-06	-1.65117000e+00	-7.29877000e-06
1.32662988e+02	2026-08-24T16:20:21.204316	0.00000000e+00	1	19	-5.46455000e-05	6.67194000e-06	-1.60114000e+00	-6.66208000e-06
1.32705660e+02	2026-08-24T16:20:21.236079	0.00000000e+00	1	19	-5.61714000e-05	6.02786000e-06	-1.55112000e+00	-6.03317000e-06
1.32726045e+02	2026-08-24T16:20:21.267454	0.00000000e+00	1	19	-5.45502000e-05	5.35042000e-06	-1.50107000e+00	-5.40038000e-06
1.32759361e+02	2026-08-24T16:20:21.300052	0.00000000e+00	1	19	-5.35727000e-05	4.75801000e-06	-1.45104000e+00	-4.65766000e-06
1.32771629e+02	2026-08-24T16:20:21.300052	0.00000000e+00	1	19	-5.22137000e-05	4.26487000e-06	-1.40098000e+00	-4.34148000e-06
1.32822473e+02	2026-08-24T16:20:21.362884	0.00000000e+00	1	19	-4.79937000e-05	3.68662000e-06	-1.35099000e+00	-3.70389000e-06
1.32853633e+02	2026-08-24T16:20:21.394976	0.00000000e+00	1	19	-5.07832000e-05	3.31867000e-06	-1.30095000e+00	-3.31329000e-06
1.32861478e+02	2026-08-24T16:20:21.394976	0.00000000e+00	1	19	-5.30243000e-05	2.92525000e-06	-1.25091000e+00	-2.94536000e-06
1.32890190e+02	2026-08-24T16:20:21.426529	0.00000000e+00	1	19	-4.97818000e-05	2.49267000e-06	-1.20090000e+00	-2.46610000e-06
1.32917047e+02	2026-08-24T16:20:21.458463	0.00000000e+00	1	19	-4.96149000e-05	2.23207000e-06	-1.15084000e+00	-2.20836000e-06
1.32924983e+02	2026-08-24T16:20:21.458463	0.00000000e+00	1	19	-4.57525000e-05	1.92870000e-06	-1.10081000e+00	-1.93603000e-06
1.32953885e+02	2026-08-24T16:20:21.490397	0.00000000e+00	1	19	-4.76360000e-05	1.62210000e-06	-1.05075000e+00	-1.64432000e-06
1.32980708e+02	2026-08-24T16:20:21.522071	0.00000000e+00	1	19	-5.09500000e-05	1.39693000e-06	-1.00074000e+00	-1.40959000e-06
1.32988510e+02	2026-08-24T16:20:21.523387	0.00000000e+00	1	19	-5.25713000e-05	1.15826000e-06	-9.50707000e-01	-1.16900000e-06
1.32996504e+02	2026-08-24T16:20:21.538107	0.00000000e+00	1	19	-4.65631000e-05	9.92622000e-07	-9.00671000e-01	-9.77187000e-07
1.33045079e+02	2026-08-24T16:20:21.585987	0.00000000e+00	1	19	-4.51088000e-05	7.79665000e-07	-8.50618000e-01	-7.76308000e-07
1.33055488e+02	2026-08-24T16:20:21.596379	0.00000000e+00	1	19	-4.49419000e-05	6.51287000e-07	-8.00580000e-01	-6.46125000e-07
1.33075162e+02	2026-08-24T16:20:21.607402	0.00000000e+00	1	19	-4.56572000e-05	5.68786000e-07	-7.50544000e-01	-5.35267000e-07
1.33103621e+02	2026-08-24T16:20:21.633449	0.00000000e+00	1	19	-4.22478000e-05	4.55225000e-07	-7.00514000e-01	-4.52679000e-07
1.33123634e+02	2026-08-24T16:20:21.665101	0.00000000e+00	1	19	-4.96149000e-05	3.79939000e-07	-6.50449000e-01	-3.68081000e-07
1.33140518e+02	2026-08-24T16:20:21.680850	0.00000000e+00	1	19	-4.24147000e-05	3.05672000e-07	-6.00425000e-01	-3.54977000e-07
1.33167489e+02	2026-08-24T16:20:21.706834	0.00000000e+00	1	19	-4.82559000e-05	2.08577000e-07	-5.50389000e-01	-2.15817000e-07
1.33187270e+02	2026-08-24T16:20:21.728407	0.00000000e+00	1	19	-5.21421000e-05	1.54810000e-07	-5.00347000e-01	-1.49393000e-07
1.33204461e+02	2026-08-24T16:20:21.744253	0.00000000e+00	1	19	-5.24998000e-05	5.92218000e-08	-4.50309000e-01	-5.32792000e-08
1.33327887e+02	2026-08-24T16:20:21.869253	0.00000000e+00	1	19	-4.71830000e-05	3.47693000e-08	-4.00305000e-01	-3.45461000e-08
1.33359612e+02	2026-08-24T16:20:21.886974	0.00000000e+00	1	19	-4.47512000e-05	3.22271000e-08	-3.50236000e-01	-2.98857000e-08
1.33409574e+02	2026-08-24T16:20:21.950506	0.00000000e+00	1	19	-4.26054000e-05	1.55884000e-08	-3.00233000e-01	-1.42196000e-08
1.33441136e+02	2026-08-24T16:20:21.982277	0.00000000e+00	1	19	-4.38690000e-05	7.57610000e-09	-2.50169000e-01	-7.58781000e-09
1.33450007e+02	2026-08-24T16:20:21.982277	0.00000000e+00	1	19	-4.64678000e-05	5.60114000e-09	-2.00040000e-01	-4.91461000e-09
1.33472654e+02	2026-08-24T16:20:22.013936	0.00000000e+00	1	19	-4.79937000e-05	2.13953000e-09	-1.50008000e-01	-1.96980000e-09
1.33504543e+02	2026-08-24T16:20:22.045602	0.00000000e+00	1	19	-4.36783000e-05	9.92465000e-10	-9.99659000e-02	-8.70299000e-10
1.33512941e+02	2026-08-24T16:20:22.045602	0.00000000e+00	1	19	-4.60148000e-05	2.29430000e-10	-4.99312000e-02	-2.91395000e-10
1.33536164e+02	2026-08-24T16:20:22.077218	0.00000000e+00	1	19	-4.69208000e-05	4.51565000e-11	5.07832000e-05	-1.13857000e-10
1.37859314e+02	2026-08-24T16:20:26.386120	0.00000000e+00	1	20	-4.23193000e-05	-2.05339000e-09	5.01394000e-05	7.62010000e-09
1.37908903e+02	2026-08-24T16:20:26.450544	0.00000000e+00	1	20	-5.07832000e-05	2.20440000e-06	-4.99271000e-02	-2.20710000e-06
1.37940576e+02	2026-08-24T16:20:26.481586	0.00000000e+00	1	20	-5.07832000e-05	4.62305000e-06	-9.99675000e-02	-4.62871000e-06
1.37968695e+02	2026-08-24T16:20:26.508451	0.00000000e+00	1	20	-5.11408000e-05	7.28445000e-06	-1.50009000e-01	-7.27615000e-06
1.38019328e+02	2026-08-24T16:20:26.560487	0.00000000e+00	1	20	-8.88109000e-05	1.03497000e-05	-2.00013000e-01	-1.03161000e-05
1.38032144e+02	2026-08-24T16:20:26.560487	0.00000000e+00	1	20	-5.47409000e-05	1.40290000e-05	-2.50169000e-01	-1.40539000e-05
1.38049697e+02	2026-08-24T16:20:26.586658	0.00000000e+00	1	20	-5.22137000e-05	1.83965000e-05	-3.00209000e-01	-1.84218000e-05
1.38081948e+02	2026-08-24T16:20:26.622473	0.00000000e+00	1	20	-4.27723000e-05	2.37771000e-05	-3.50236000e-01	-2.38044000e-05
1.38105244e+02	2026-08-24T16:20:26.640683	0.00000000e+00	1	20	-4.74453000e-05	3.04082000e-05	-4.00325000e-01	-3.03904000e-05
1.38112998e+02	2026-08-24T16:20:26.640683	0.00000000e+00	1	20	-4.67300000e-05	3.83733000e-05	-4.50308000e-01	-3.84503000e-05
1.38159966e+02	2026-08-24T16:20:26.698519	0.00000000e+00	1	20	-4.83513000e-05	4.76957000e-05	-5.00376000e-01	-4.76789000e-05
1.38183220e+02	2026-08-24T16:20:26.719664	0.00000000e+00	1	20	-5.34773000e-05	5.86495000e-05	-5.50389000e-01	-5.87305000e-05
1.38190860e+02	2026-08-24T16:20:26.719664	0.00000000e+00	1	20	-5.28574000e-05	7.14872000e-05	-6.00447000e-01	-7.13970000e-05
1.38205881e+02	2026-08-24T16:20:26.743256	0.00000000e+00	1	20	-4.89950000e-05	8.58124000e-05	-6.50438000e-01	-8.56526000e-05
1.38227412e+02	2026-08-24T16:20:26.767768	0.00000000e+00	1	20	-5.10454000e-05	9.79287000e-05	-7.00515000e-01	-9.77743000e-05
1.38241590e+02	2026-08-24T16:20:26.767768	0.00000000e+00	1	20	-4.64678000e-05	1.10967000e-04	-7.50555000e-01	-1.07572000e-04
1.38290629e+02	2026-08-24T16:20:26.830940	0.00000000e+00	1	20	-5.49078000e-05	1.13286000e-04	-8.00604000e-01	-1.14120000e-04
1.38304902e+02	2026-08-24T16:20:26.830940	0.00000000e+00	1	20	-5.16891000e-05	1.18378000e-04	-8.50606000e-01	-1.11401000e-04
1.38332282e+02	2026-08-24T16:20:26.863396	0.00000000e+00	1	20	-4.88997000e-05	1.17351000e-04	-9.00653000e-01	-1.18179000e-04
1.38353327e+02	2026-08-24T16:20:26.893774	0.00000000e+00	1	20	-5.19514000e-05	1.05486000e-04	-9.50678000e-01	-1.08207000e-04
1.38360887e+02	2026-08-24T16:20:26.893774	0.00000000e+00	1	20	-5.27620000e-05	1.11957000e-04	-1.00073000e+00	-1.09321000e-04
1.38384529e+02	2026-08-24T16:20:26.925636	0.00000000e+00	1	20	-5.23090000e-05	7.66244000e-05	-1.05076000e+00	-8.28193000e-05
1.38397927e+02	2026-08-24T16:20:26.925636	0.00000000e+00	1	20	-5.56469000e-05	7.65002000e-05	-1.10082000e+00	-7.08127000e-05
1.38433033e+02	2026-08-24T16:20:26.973275	0.00000000e+00	1	20	-4.88997000e-05	4.60227000e-05	-1.15087000e+00	-4.58030000e-05
1.38445939e+02	2026-08-24T16:20:26.973275	0.00000000e+00	1	20	-4.62055000e-05	6.58560000e-05	-1.20087000e+00	-5.89895000e-05
1.38498452e+02	2026-08-24T16:20:27.037480	0.00000000e+00	1	20	-5.79834000e-05	6.25540000e-05	-1.25092000e+00	-5.65325000e-05
1.38510236e+02	2026-08-24T16:20:27.037480	0.00000000e+00	1	20	-5.18560000e-05	7.87867000e-05	-1.30092000e+00	-5.11804000e-05
1.38564025e+02	2026-08-24T16:20:27.101254	0.00000000e+00	1	20	-4.94242000e-05	5.02487000e-05	-1.35100000e+00	-4.64956000e-05
1.38590812e+02	2026-08-24T16:20:27.132816	0.00000000e+00	1	20	-5.08785000e-05	6.94547000e-05	-1.40100000e+00	-5.22566000e-05
1.38599539e+02	2026-08-24T16:20:27.132816	0.00000000e+00	1	20	-4.74453000e-05	5.37498000e-05	-1.45107000e+00	-4.77627000e-05
1.38622588e+02	2026-08-24T16:20:27.163901	0.00000000e+00	1	20	-5.10454000e-05	4.01019000e-05	-1.50108000e+00	-3.63398000e-05
1.38654833e+02	2026-08-24T16:20:27.195792	0.00000000e+00	1	20	-5.72443000e-05	3.85668000e-05	-1.55112000e+00	-4.03320000e-05
1.38662858e+02	2026-08-24T16:20:27.195792	0.00000000e+00	1	20	-5.15938000e-05	2.99760000e-05	-1.60111000e+00	-2.43665000e-05
1.38686027e+02	2026-08-24T16:20:27.227405	0.00000000e+00	1	20	-4.60148000e-05	2.38272000e-05	-1.65117000e+00	-2.80876000e-05
1.38702224e+02	2026-08-24T16:20:27.244035	0.00000000e+00	1	20	-5.00679000e-05	3.46944000e-05	-1.70122000e+00	-2.77366000e-05
1.38723818e+02	2026-08-24T16:20:27.259541	0.00000000e+00	1	20	-5.43833000e-05	3.92964000e-05	-1.75125000e+00	-3.04626000e-05
1.38731791e+02	2026-08-24T16:20:27.259541	0.00000000e+00	1	20	-5.61714000e-05	2.30467000e-05	-1.80125000e+00	-2.13917000e-05
1.38764182e+02	2026-08-24T16:20:27.291620	0.00000000e+00	1	20	-4.71830000e-05	1.92000000e-05	-1.85129000e+00	-1.97053000e-05
1.38786857e+02	2026-08-24T16:20:27.323289	0.00000000e+00	1	20	-4.88043000e-05	2.74295000e-05	-1.90132000e+00	-2.60121000e-05
1.38795145e+02	2026-08-24T16:20:27.323289	0.00000000e+00	1	20	-5.05209000e-05	2.36503000e-05	-1.95135000e+00	-2.29426000e-05
1.38813901e+02	2026-08-24T16:20:27.355243	0.00000000e+00	1	20	-5.77927000e-05	2.65685000e-05	-2.00135000e+00	-2.65453000e-05
1.38846068e+02	2026-08-24T16:20:27.387125	0.00000000e+00	1	20	-5.70774000e-05	2.36130000e-05	-2.05130000e+00	-2.34279000e-05
1.38853827e+02	2026-08-24T16:20:27.387125	0.00000000e+00	1	20	-4.78983000e-05	2.62329000e-05	-2.10128000e+00	-2.45191000e-05
1.38861454e+02	2026-08-24T16:20:27.403216	0.00000000e+00	1	20	-5.37395000e-05	2.80630000e-05	-2.15174000e+00	-2.43646000e-05
1.38908925e+02	2026-08-24T16:20:27.450327	0.00000000e+00	1	20	-4.34160000e-05	3.87487000e-05	-2.20161000e+00	-3.93460000e-05
1.38916677e+02	2026-08-24T16:20:27.450327	0.00000000e+00	1	20	-5.21421000e-05	4.33550000e-05	-2.25126000e+00	-4.77686000e-05
1.38924705e+02	2026-08-24T16:20:27.466699	0.00000000e+00	1	20	-5.21421000e-05	5.35806000e-05	-2.30110000e+00	-4.62226000e-05
1.38954297e+02	2026-08-24T16:20:27.482471	0.00000000e+00	1	20	-5.43833000e-05	5.35068000e-05	-2.35171000e+00	-6.28653000e-05
1.38985895e+02	2026-08-24T16:20:27.513496	0.00000000e+00	1	20	-5.51939000e-05	5.95057000e-05	-2.40165000e+00	-5.59726000e-05
1.39034389e+02	2026-08-24T16:20:27.569653	0.00000000e+00	1	20	-5.09500000e-05	4.38996000e-05	-2.45161000e+00	-4.18208000e-05
1.39057017e+02	2026-08-24T16:20:27.592392	0.00000000e+00	1	20	-4.80890000e-05	4.09970000e-05	-2.50182000e+00	-4.05939000e-05
1.39063493e+02	2026-08-24T16:20:27.592392	0.00000000e+00	1	20	-5.07832000e-05	4.17461000e-05	-2.50174000e+00	-3.90347000e-05
1.39083114e+02	2026-08-24T16:20:27.624241	0.00000000e+00	1	20	-5.57184000e-05	3.04334000e-05	-2.45158000e+00	-3.17121000e-05
1.39096721e+02	2026-08-24T16:20:27.624241	0.00000000e+00	1	20	-5.35727000e-05	2.53992000e-05	-2.40144000e+00	-2.69275000e-05
1.39126663e+02	2026-08-24T16:20:27.657436	0.00000000e+00	1	20	-4.78983000e-05	2.20178000e-05	-2.35171000e+00	-2.21524000e-05
1.39146562e+02	2026-08-24T16:20:27.688115	0.00000000e+00	1	20	-5.26667000e-05	1.92198000e-05	-2.30151000e+00	-1.86528000e-05
1.39179852e+02	2026-08-24T16:20:27.719366	0.00000000e+00	1	20	-5.11408000e-05	1.79595000e-05	-2.25145000e+00	-1.80043000e-05
1.39210056e+02	2026-08-24T16:20:27.751000	0.00000000e+00	1	20	-5.23090000e-05	1.64547000e-05	-2.20166000e+00	-1.69090000e-05
1.39242355e+02	2026-08-24T16:20:27.782871	0.00000000e+00	1	20	-4.98772000e-05	1.53681000e-05	-2.15152000e+00	-1.53869000e-05
1.39254003e+02	2026-08-24T16:20:27.782871	0.00000000e+00	1	20	-4.82559000e-05	1.40713000e-05	-2.10115000e+00	-1.42467000e-05
1.39273585e+02	2026-08-24T16:20:27.814646	0.00000000e+00	1	20	-5.30243000e-05	1.30459000e-05	-2.05127000e+00	-1.27824000e-05
1.39308001e+02	2026-08-24T16:20:27.846309	0.00000000e+00	1	20	-4.53949000e-05	1.19455000e-05	-2.00139000e+00	-1.19051000e-05
1.39336636e+02	2026-08-24T16:20:27.877696	0.00000000e+00	1	20	-5.09500000e-05	1.05734000e-05	-1.95135000e+00	-1.07089000e-05
1.39353048e+02	2026-08-24T16:20:27.894377	0.00000000e+00	1	20	-4.29630000e-05	9.25968000e-06	-1.90133000e+00	-9.44146000e-06
1.39400030e+02	2026-08-24T16:20:27.941099	0.00000000e+00	1	20	-6.07729000e-05	8.70112000e-06	-1.85130000e+00	-8.60093000e-06
1.39409131e+02	2026-08-24T16:20:27.941099	0.00000000e+00	1	20	-5.93185000e-05	7.92807000e-06	-1.80124000e+00	-7.89905000e-06
1.39433208e+02	2026-08-24T16:20:27.973022	0.00000000e+00	1	20	-6.01292000e-05	6.89748000e-06	-1.75124000e+00	-6.62081000e-06
1.39467819e+02	2026-08-24T16:20:28.004763	0.00000000e+00	1	20	-5.70774000e-05	5.87685000e-06	-1.70120000e+00	-5.86999000e-06
1.39475616e+02	2026-08-24T16:20:28.004763	0.00000000e+00	1	20	-5.28574000e-05	5.34509000e-06	-1.65118000e+00	-5.44378000e-06
1.39494848e+02	2026-08-24T16:20:28.036450	0.00000000e+00	1	20	-6.01292000e-05	4.95278000e-06	-1.60113000e+00	-4.89169000e-06
1.39522301e+02	2026-08-24T16:20:28.052197	0.00000000e+00	1	20	-5.76973000e-05	4.42045000e-06	-1.55111000e+00	-4.45018000e-06
1.39542822e+02	2026-08-24T16:20:28.084066	0.00000000e+00	1	20	-5.81503000e-05	4.09073000e-06	-1.50109000e+00	-3.95626000e-06
1.39575321e+02	2026-08-24T16:20:28.115635	0.00000000e+00	1	20	-5.00679000e-05	3.51717000e-06	-1.45105000e+00	-3.47387000e-06
1.39587630e+02	2026-08-24T16:20:28.115635	0.00000000e+00	1	20	-4.88997000e-05	3.11430000e-06	-1.40101000e+00	-3.11242000e-06
1.39606247e+02	2026-08-24T16:20:28.147336	0.00000000e+00	1	20	-4.94242000e-05	2.75805000e-06	-1.35099000e+00	-2.72290000e-06
1.39619651e+02	2026-08-24T16:20:28.149293	0.00000000e+00	1	20	-5.14984000e-05	2.40181000e-06	-1.30096000e+00	-2.38405000e-06
1.39651078e+02	2026-08-24T16:20:28.190456	0.00000000e+00	1	20	-4.65631000e-05	1.98186000e-06	-1.25091000e+00	-1.99834000e-06
1.39701328e+02	2026-08-24T16:20:28.242913	0.00000000e+00	1	20	-4.97103000e-05	1.60628000e-06	-1.20091000e+00	-1.58776000e-06
1.39714868e+02	2026-08-24T16:20:28.252595	0.00000000e+00	1	20	-4.84467000e-05	1.37205000e-06	-1.15087000e+00	-1.37011000e-06
1.39746189e+02	2026-08-24T16:20:28.274471	0.00000000e+00	1	20	-4.74453000e-05	1.22798000e-06	-1.10082000e+00	-1.24876000e-06
1.39767642e+02	2026-08-24T16:20:28.306735	0.00000000e+00	1	20	-4.66347000e-05	8.94448000e-07	-1.05076000e+00	-9.18143000e-07
1.39796848e+02	2026-08-24T16:20:28.338295	0.00000000e+00	1	20	-3.96252000e-05	7.80268000e-07	-1.00075000e+00	-7.87117000e-07
1.39804975e+02	2026-08-24T16:20:28.338295	0.00000000e+00	1	20	-4.72784000e-05	6.86200000e-07	-9.50696000e-01	-6.67525000e-07
1.39828477e+02	2026-08-24T16:20:28.369868	0.00000000e+00	1	20	-5.20468000e-05	5.33136000e-07	-9.00669000e-01	-5.05972000e-07
1.39860171e+02	2026-08-24T16:20:28.401294	0.00000000e+00	1	20	-4.52042000e-05	4.59719000e-07	-8.50622000e-01	-4.37341000e-07
1.39868502e+02	2026-08-24T16:20:28.401294	0.00000000e+00	1	20	-4.93526000e-05	3.84986000e-07	-8.00607000e-01	-3.73514000e-07
1.39891883e+02	2026-08-24T16:20:28.432778	0.00000000e+00	1	20	-4.68254000e-05	2.53129000e-07	-7.50546000e-01	-2.55227000e-07
1.39923089e+02	2026-08-24T16:20:28.465038	0.00000000e+00	1	20	-4.64678000e-05	1.79085000e-07	-7.00519000e-01	-1.78590000e-07
1.39931864e+02	2026-08-24T16:20:28.465038	0.00000000e+00	1	20	-5.10454000e-05	1.35148000e-07	-6.50467000e-01	-1.24263000e-07
1.39967094e+02	2026-08-24T16:20:28.496335	0.00000000e+00	1	20	-6.11305000e-05	9.33987000e-08	-6.00447000e-01	-8.70064000e-08
1.40082347e+02	2026-08-24T16:20:28.623653	0.00000000e+00	1	20	-5.92232000e-05	7.03442000e-08	-5.50399000e-01	-7.03515000e-08
1.40115990e+02	2026-08-24T16:20:28.655351	0.00000000e+00	1	20	-5.55515000e-05	5.14637000e-08	-5.00382000e-01	-5.12720000e-08
1.40128826e+02	2026-08-24T16:20:28.655351	0.00000000e+00	1	20	-4.96149000e-05	4.52556000e-08	-4.50322000e-01	-3.69366000e-08
1.40178821e+02	2026-08-24T16:20:28.719439	0.00000000e+00	1	20	-5.03302000e-05	2.93162000e-08	-4.00309000e-01	-2.82764000e-08
1.40192472e+02	2026-08-24T16:20:28.734473	0.00000000e+00	1	20	-4.22478000e-05	2.04658000e-08	-3.50248000e-01	-1.47827000e-08
1.40243406e+02	2026-08-24T16:20:28.782060	0.00000000e+00	1	20	-4.59194000e-05	9.87320000e-09	-3.00219000e-01	-9.98632000e-09
1.40256142e+02	2026-08-24T16:20:28.797836	0.00000000e+00	1	20	-5.00679000e-05	8.31312000e-09	-2.50174000e-01	-6.27426000e-09
1.40304062e+02	2026-08-24T16:20:28.845241	0.00000000e+00	1	20	-5.49078000e-05	4.10312000e-09	-2.00045000e-01	-4.08530000e-09
1.40316633e+02	2026-08-24T16:20:28.845241	0.00000000e+00	1	20	-5.24044000e-05	2.60320000e-09	-1.50011000e-01	-2.35358000e-09
1.40335579e+02	2026-08-24T16:20:28.876724	0.00000000e+00	1	20	-5.56469000e-05	9.54700000e-10	-9.99770000e-02	-8.91209000e-10
1.40378265e+02	2026-08-24T16:20:28.918974	0.00000000e+00	1	20	-5.63622000e-05	2.32804000e-10	-4.99365000e-02	-3.26204000e-10
1.40398623e+02	2026-08-24T16:20:28.940130	0.00000000e+00	1	20	-5.59092000e-05	1.95503000e-12	5.08785000e-05	-1.85490000e-10
1.45382510e+02	2026-08-24T16:20:33.914651	0.00000000e+00	1	21	-4.47512000e-05	-1.76980000e-09	6.52790000e-05	4.33730000e-09
1.45412898e+02	2026-08-24T16:20:33.946203	0.00000000e+00	1	21	-4.78983000e-05	1.83163000e-06	-4.99209000e-02	-1.83055000e-06
1.45436863e+02	2026-08-24T16:20:33.978118	0.00000000e+00	1	21	-4.70161000e-05	3.81748000e-06	-9.99514000e-02	-3.81638000e-06
1.45468457e+02	2026-08-24T16:20:34.009564	0.00000000e+00	1	21	-5.14984000e-05	6.08309000e-06	-1.49997000e-01	-6.08406000e-06
1.45476562e+02	2026-08-24T16:20:34.009564	0.00000000e+00	1	21	-5.50032000e-05	8.76591000e-06	-2.00030000e-01	-8.76061000e-06
1.45502817e+02	2026-08-24T16:20:34.041791	0.00000000e+00	1	21	-9.26018000e-05	1.18689000e-05	-2.50110000e-01	-1.18782000e-05
1.45532518e+02	2026-08-24T16:20:34.074152	0.00000000e+00	1	21	-4.79937000e-05	1.57287000e-05	-3.00202000e-01	-1.57390000e-05
1.45541811e+02	2026-08-24T16:20:34.074152	0.00000000e+00	1	21	-4.23193000e-05	2.02630000e-05	-3.50237000e-01	-2.02713000e-05
1.45565712e+02	2026-08-24T16:20:34.105445	0.00000000e+00	1	21	-4.61102000e-05	2.57870000e-05	-4.00301000e-01	-2.58900000e-05
1.45596173e+02	2026-08-24T16:20:34.137182	0.00000000e+00	1	21	-4.05312000e-05	3.21249000e-05	-4.50309000e-01	-3.22132000e-05
1.45604196e+02	2026-08-24T16:20:34.142071	0.00000000e+00	1	21	-4.40359000e-05	4.02201000e-05	-5.00355000e-01	-4.04472000e-05
1.45627760e+02	2026-08-24T16:20:34.168752	0.00000000e+00	1	21	-4.72784000e-05	4.97290000e-05	-5.50388000e-01	-4.97032000e-05
1.45648584e+02	2026-08-24T16:20:34.186409	0.00000000e+00	1	21	-4.34876000e-05	6.11431000e-05	-6.00427000e-01	-6.06276000e-05
1.45678498e+02	2026-08-24T16:20:34.215789	0.00000000e+00	1	21	-4.44889000e-05	7.28902000e-05	-6.50433000e-01	-7.29427000e-05
1.45686560e+02	2026-08-24T16:20:34.215789	0.00000000e+00	1	21	-4.64678000e-05	8.77424000e-05	-7.00505000e-01	-8.75550000e-05
1.45706083e+02	2026-08-24T16:20:34.247347	0.00000000e+00	1	21	-5.02348000e-05	1.04442000e-04	-7.50527000e-01	-1.04967000e-04
1.45738212e+02	2026-08-24T16:20:34.279921	0.00000000e+00	1	21	-3.80993000e-05	1.19060000e-04	-8.00588000e-01	-1.21238000e-04
1.45769739e+02	2026-08-24T16:20:34.310956	0.00000000e+00	1	21	-4.12464000e-05	1.32990000e-04	-8.50581000e-01	-1.34779000e-04
1.45778117e+02	2026-08-24T16:20:34.310956	0.00000000e+00	1	21	-4.19617000e-05	1.48345000e-04	-9.00653000e-01	-1.45818000e-04
1.45802387e+02	2026-08-24T16:20:34.343056	0.00000000e+00	1	21	-4.15087000e-05	1.60067000e-04	-9.50687000e-01	-1.61880000e-04
1.45833424e+02	2026-08-24T16:20:34.374618	0.00000000e+00	1	21	-4.86136000e-05	1.77091000e-04	-1.00073000e+00	-1.71987000e-04
1.45841250e+02	2026-08-24T16:20:34.376626	0.00000000e+00	1	21	-4.29630000e-05	1.71239000e-04	-1.05075000e+00	-1.68816000e-04
1.45849132e+02	2026-08-24T16:20:34.390439	0.00000000e+00	1	21	-4.23193000e-05	1.81944000e-04	-1.10080000e+00	-1.63192000e-04
1.45880556e+02	2026-08-24T16:20:34.422147	0.00000000e+00	1	21	-4.87089000e-05	1.70138000e-04	-1.15086000e+00	-1.57608000e-04
1.45902239e+02	2026-08-24T16:20:34.438038	0.00000000e+00	1	21	-4.63724000e-05	1.70132000e-04	-1.20086000e+00	-1.76420000e-04
1.45910447e+02	2026-08-24T16:20:34.438038	0.00000000e+00	1	21	-3.65734000e-05	1.08182000e-04	-1.25091000e+00	-8.28423000e-05
1.45940989e+02	2026-08-24T16:20:34.469517	0.00000000e+00	1	21	-3.52144000e-05	1.19045000e-04	-1.30093000e+00	-9.00204000e-05
1.45964717e+02	2026-08-24T16:20:34.501226	0.00000000e+00	1	21	-4.46558000e-05	1.24985000e-04	-1.35100000e+00	-5.83526000e-05
1.45992006e+02	2026-08-24T16:20:34.532856	0.00000000e+00	1	21	-5.01633000e-05	5.19229000e-05	-1.40099000e+00	-5.36530000e-05
1.46023680e+02	2026-08-24T16:20:34.564472	0.00000000e+00	1	21	-4.63724000e-05	5.53508000e-05	-1.45102000e+00	-5.97835000e-05
1.46032142e+02	2026-08-24T16:20:34.564472	0.00000000e+00	1	21	-5.42879000e-05	6.66246000e-05	-1.50108000e+00	-7.71506000e-05
1.46055251e+02	2026-08-24T16:20:34.596249	0.00000000e+00	1	21	-4.40359000e-05	4.15050000e-05	-1.55110000e+00	-4.06533000e-05
1.46086681e+02	2026-08-24T16:20:34.627616	0.00000000e+00	1	21	-4.22478000e-05	5.66782000e-05	-1.60112000e+00	-6.05297000e-05
1.46102081e+02	2026-08-24T16:20:34.643564	0.00000000e+00	1	21	-4.97103000e-05	4.71049000e-05	-1.65116000e+00	-3.47661000e-05
1.46155255e+02	2026-08-24T16:20:34.692245	0.00000000e+00	1	21	-3.95536000e-05	5.38034000e-05	-1.70120000e+00	-4.74058000e-05
1.46182454e+02	2026-08-24T16:20:34.723525	0.00000000e+00	1	21	-5.19514000e-05	3.44991000e-05	-1.75121000e+00	-2.88109000e-05
1.46213871e+02	2026-08-24T16:20:34.755093	0.00000000e+00	1	21	-5.02348000e-05	4.08856000e-05	-1.80124000e+00	-4.14638000e-05
1.46227747e+02	2026-08-24T16:20:34.757100	0.00000000e+00	1	21	-4.95195000e-05	3.82990000e-05	-1.85128000e+00	-4.06502000e-05
1.46277779e+02	2026-08-24T16:20:34.818447	0.00000000e+00	1	21	-5.01633000e-05	4.03353000e-05	-1.90132000e+00	-4.95332000e-05
1.46292654e+02	2026-08-24T16:20:34.834138	0.00000000e+00	1	21	-4.91619000e-05	4.27129000e-05	-1.95132000e+00	-3.92529000e-05
1.46315036e+02	2026-08-24T16:20:34.850670	0.00000000e+00	1	21	-4.56572000e-05	4.28148000e-05	-2.00137000e+00	-4.16023000e-05
1.46322795e+02	2026-08-24T16:20:34.850670	0.00000000e+00	1	21	-5.14030000e-05	4.29201000e-05	-2.05140000e+00	-4.11585000e-05
1.46356640e+02	2026-08-24T16:20:34.898524	0.00000000e+00	1	21	-4.67300000e-05	5.38648000e-05	-2.10129000e+00	-3.38166000e-05
1.46377621e+02	2026-08-24T16:20:34.913560	0.00000000e+00	1	21	-5.33819000e-05	4.05873000e-05	-2.15148000e+00	-4.43523000e-05
1.46386522e+02	2026-08-24T16:20:34.913560	0.00000000e+00	1	21	-3.99113000e-05	3.55936000e-05	-2.20139000e+00	-3.31512000e-05
1.46419902e+02	2026-08-24T16:20:34.960968	0.00000000e+00	1	21	-4.03404000e-05	3.52275000e-05	-2.25141000e+00	-3.64573000e-05
1.46456128e+02	2026-08-24T16:20:34.994830	0.00000000e+00	1	21	-4.07934000e-05	4.60226000e-05	-2.30133000e+00	-6.90975000e-05
1.46464198e+02	2026-08-24T16:20:34.994830	0.00000000e+00	1	21	-3.33309000e-05	6.05426000e-05	-2.35147000e+00	-5.68533000e-05
1.46483462e+02	2026-08-24T16:20:35.024529	0.00000000e+00	1	21	-3.18050000e-05	8.45522000e-05	-2.40155000e+00	-8.60845000e-05
1.46516947e+02	2026-08-24T16:20:35.056462	0.00000000e+00	1	21	-4.13418000e-05	8.64177000e-05	-2.45147000e+00	-9.22976000e-05
1.46527038e+02	2026-08-24T16:20:35.056462	0.00000000e+00	1	21	-5.06878000e-05	8.93164000e-05	-2.50176000e+00	-5.32594000e-05
1.46549136e+02	2026-08-24T16:20:35.087780	0.00000000e+00	1	21	-4.51088000e-05	4.57028000e-05	-2.50165000e+00	-4.73802000e-05
1.46556931e+02	2026-08-24T16:20:35.087780	0.00000000e+00	1	21	-4.94242000e-05	4.09746000e-05	-2.45161000e+00	-3.99868000e-05
1.46578652e+02	2026-08-24T16:20:35.119436	0.00000000e+00	1	21	-4.72784000e-05	3.52715000e-05	-2.40140000e+00	-3.58347000e-05
1.46610157e+02	2026-08-24T16:20:35.150933	0.00000000e+00	1	21	-4.33207000e-05	3.17186000e-05	-2.35144000e+00	-3.09781000e-05
1.46617847e+02	2026-08-24T16:20:35.154901	0.00000000e+00	1	21	-4.79937000e-05	2.65442000e-05	-2.30115000e+00	-2.83557000e-05
1.46641499e+02	2026-08-24T16:20:35.182828	0.00000000e+00	1	21	-4.14371000e-05	2.73597000e-05	-2.25146000e+00	-2.62205000e-05
1.46677027e+02	2026-08-24T16:20:35.214906	0.00000000e+00	1	21	-4.50373000e-05	2.32088000e-05	-2.20154000e+00	-2.52946000e-05
1.46693802e+02	2026-08-24T16:20:35.234953	0.00000000e+00	1	21	-4.19617000e-05	2.19881000e-05	-2.15139000e+00	-2.19276000e-05
1.46701728e+02	2026-08-24T16:20:35.241024	0.00000000e+00	1	21	-4.39405000e-05	1.96309000e-05	-2.10109000e+00	-1.97336000e-05
1.46721438e+02	2026-08-24T16:20:35.262507	0.00000000e+00	1	21	-4.36783000e-05	1.77165000e-05	-2.05127000e+00	-1.77652000e-05
1.46753854e+02	2026-08-24T16:20:35.294441	0.00000000e+00	1	21	-4.63724000e-05	1.59825000e-05	-2.00134000e+00	-1.60974000e-05
1.46785413e+02	2026-08-24T16:20:35.326413	0.00000000e+00	1	21	-4.56572000e-05	1.46182000e-05	-1.95132000e+00	-1.45732000e-05
1.46794637e+02	2026-08-24T16:20:35.326413	0.00000000e+00	1	21	-4.15087000e-05	1.30938000e-05	-1.90131000e+00	-1.32022000e-05
1.46817879e+02	2026-08-24T16:20:35.357875	0.00000000e+00	1	21	-4.71830000e-05	1.22561000e-05	-1.85130000e+00	-1.24006000e-05
1.46848109e+02	2026-08-24T16:20:35.389524	0.00000000e+00	1	21	-4.15087000e-05	1.12674000e-05	-1.80122000e+00	-1.13023000e-05
1.46856605e+02	2026-08-24T16:20:35.389524	0.00000000e+00	1	21	-4.22478000e-05	1.03298000e-05	-1.75123000e+00	-1.03527000e-05
1.46880476e+02	2026-08-24T16:20:35.421339	0.00000000e+00	1	21	-3.46899000e-05	9.34589000e-06	-1.70119000e+00	-9.36549000e-06
1.46899618e+02	2026-08-24T16:20:35.439132	0.00000000e+00	1	21	-4.70161000e-05	8.45555000e-06	-1.65116000e+00	-8.50729000e-06
1.46927882e+02	2026-08-24T16:20:35.469269	0.00000000e+00	1	21	-4.92573000e-05	7.47585000e-06	-1.60111000e+00	-7.41285000e-06
1.46936413e+02	2026-08-24T16:20:35.469269	0.00000000e+00	1	21	-5.16891000e-05	6.91421000e-06	-1.55112000e+00	-6.87168000e-06
1.46960213e+02	2026-08-24T16:20:35.501007	0.00000000e+00	1	21	-4.56572000e-05	6.03390000e-06	-1.50108000e+00	-6.02815000e-06
1.46991338e+02	2026-08-24T16:20:35.532736	0.00000000e+00	1	21	-4.48465000e-05	5.46635000e-06	-1.45103000e+00	-5.53816000e-06
1.46999152e+02	2026-08-24T16:20:35.532736	0.00000000e+00	1	21	-4.81844000e-05	4.92273000e-06	-1.40099000e+00	-4.96490000e-06
1.47024475e+02	2026-08-24T16:20:35.564536	0.00000000e+00	1	21	-4.45843000e-05	4.36131000e-06	-1.35098000e+00	-4.33977000e-06
1.47055193e+02	2026-08-24T16:20:35.596582	0.00000000e+00	1	21	-4.86136000e-05	3.92361000e-06	-1.30092000e+00	-3.85660000e-06
1.47063635e+02	2026-08-24T16:20:35.596582	0.00000000e+00	1	21	-5.47409000e-05	3.52097000e-06	-1.25093000e+00	-3.50123000e-06
1.47087741e+02	2026-08-24T16:20:35.628308	0.00000000e+00	1	21	-4.49419000e-05	3.05473000e-06	-1.20089000e+00	-2.98756000e-06
1.47118838e+02	2026-08-24T16:20:35.660246	0.00000000e+00	1	21	-5.23090000e-05	2.58495000e-06	-1.15087000e+00	-2.60245000e-06
1.47128022e+02	2026-08-24T16:20:35.660246	0.00000000e+00	1	21	-5.30243000e-05	2.29067000e-06	-1.10080000e+00	-2.32201000e-06
1.47152022e+02	2026-08-24T16:20:35.692100	0.00000000e+00	1	21	-4.03404000e-05	1.97194000e-06	-1.05074000e+00	-1.98243000e-06
1.47178399e+02	2026-08-24T16:20:35.709368	0.00000000e+00	1	21	-4.53949000e-05	1.68952000e-06	-1.00074000e+00	-1.70650000e-06
1.47198795e+02	2026-08-24T16:20:35.740157	0.00000000e+00	1	21	-4.11510000e-05	1.36613000e-06	-9.50682000e-01	-1.40058000e-06
1.47230586e+02	2026-08-24T16:20:35.771740	0.00000000e+00	1	21	-5.11408000e-05	1.14976000e-06	-9.00649000e-01	-1.14212000e-06
1.47262158e+02	2026-08-24T16:20:35.803132	0.00000000e+00	1	21	-4.27723000e-05	9.51679000e-07	-8.50610000e-01	-9.58535000e-07
1.47296513e+02	2026-08-24T16:20:35.834940	0.00000000e+00	1	21	-4.38690000e-05	7.68648000e-07	-8.00570000e-01	-7.59996000e-07
1.47325731e+02	2026-08-24T16:20:35.867422	0.00000000e+00	1	21	-4.21524000e-05	7.06883000e-07	-7.50527000e-01	-6.97289000e-07
1.47334551e+02	2026-08-24T16:20:35.867422	0.00000000e+00	1	21	-4.16994000e-05	5.46093000e-07	-7.00507000e-01	-5.45738000e-07
1.47357165e+02	2026-08-24T16:20:35.898257	0.00000000e+00	1	21	-4.46558000e-05	4.44431000e-07	-6.50449000e-01	-3.71641000e-07
1.47387895e+02	2026-08-24T16:20:35.914201	0.00000000e+00	1	21	-4.30584000e-05	2.98073000e-07	-6.00441000e-01	-2.85653000e-07
1.47410172e+02	2026-08-24T16:20:35.945989	0.00000000e+00	1	21	-4.35829000e-05	2.15370000e-07	-5.50387000e-01	-2.10562000e-07
1.47418056e+02	2026-08-24T16:20:35.945989	0.00000000e+00	1	21	-4.00782000e-05	1.66160000e-07	-5.00360000e-01	-1.70995000e-07
1.47468561e+02	2026-08-24T16:20:36.009569	0.00000000e+00	1	21	-4.49419000e-05	8.44242000e-08	-4.50305000e-01	-7.61251000e-08
1.47571864e+02	2026-08-24T16:20:36.107103	0.00000000e+00	1	21	-2.82049000e-05	6.95246000e-08	-4.00322000e-01	-6.31368000e-08
1.47598944e+02	2026-08-24T16:20:36.137353	0.00000000e+00	1	21	-4.40359000e-05	3.52890000e-08	-3.50248000e-01	-3.49672000e-08
1.47610851e+02	2026-08-24T16:20:36.152395	0.00000000e+00	1	21	-3.52144000e-05	3.14938000e-08	-3.00205000e-01	-2.38539000e-08
1.47633942e+02	2026-08-24T16:20:36.168244	0.00000000e+00	1	21	-3.74794000e-05	1.84737000e-08	-2.50158000e-01	-1.63867000e-08
1.47642280e+02	2026-08-24T16:20:36.168244	0.00000000e+00	1	21	-3.43323000e-05	1.16513000e-08	-2.00035000e-01	-7.47325000e-09
1.47668951e+02	2026-08-24T16:20:36.200197	0.00000000e+00	1	21	-4.16040000e-05	6.59475000e-09	-1.50007000e-01	-5.90253000e-09
1.47690803e+02	2026-08-24T16:20:36.231917	0.00000000e+00	1	21	-4.30584000e-05	4.01373000e-09	-9.99652000e-02	-3.24107000e-09
1.47698760e+02	2026-08-24T16:20:36.231917	0.00000000e+00	1	21	-4.58479000e-05	1.55036000e-09	-4.99272000e-02	-1.19950000e-09
1.47729242e+02	2026-08-24T16:20:36.263735	0.00000000e+00	1	21	-4.35829000e-05	2.23637000e-10	5.66244000e-05	-2.54917000e-10
1.52232222e+02	2026-08-24T16:20:40.769372	0.00000000e+00	1	22	-2.92063000e-05	-8.68690000e-09	4.91619000e-05	6.97982000e-09
1.52240110e+02	2026-08-24T16:20:40.769372	0.00000000e+00	1	22	-4.06265000e-05	3.49493000e-06	-4.99220000e-02	-3.49290000e-06
1.52263357e+02	2026-08-24T16:20:40.801416	0.00000000e+00	1	22	-4.62770000e-05	7.10129000e-06	-9.99659000e-02	-7.10173000e-06
1.52295128e+02	2026-08-24T16:20:40.836835	0.00000000e+00	1	22	-8.09908000e-05	1.08773000e-05	-1.49968000e-01	-1.08573000e-05
1.52312879e+02	2026-08-24T16:20:40.853984	0.00000000e+00	1	22	-4.20570000e-05	1.50223000e-05	-2.00035000e-01	-1.50142000e-05
1.52339681e+02	2026-08-24T16:20:40.881540	0.00000000e+00	1	22	-4.40359000e-05	1.95997000e-05	-2.50168000e-01	-1.96063000e-05
1.52373214e+02	2026-08-24T16:20:40.913863	0.00000000e+00	1	22	-3.90053000e-05	2.46687000e-05	-3.00214000e-01	-2.46767000e-05
1.52402218e+02	2026-08-24T16:20:40.943621	0.00000000e+00	1	22	-4.62770000e-05	3.04338000e-05	-3.50252000e-01	-3.04447000e-05
1.52410489e+02	2026-08-24T16:20:40.945501	0.00000000e+00	1	22	-4.55618000e-05	3.70222000e-05	-4.00308000e-01	-3.69485000e-05
1.52417782e+02	2026-08-24T16:20:40.959482	0.00000000e+00	1	22	-4.09842000e-05	4.44862000e-05	-4.50298000e-01	-4.44623000e-05
1.52465550e+02	2026-08-24T16:20:41.007408	0.00000000e+00	1	22	-4.07934000e-05	5.30786000e-05	-5.00354000e-01	-5.31356000e-05
1.52472917e+02	2026-08-24T16:20:41.007938	0.00000000e+00	1	22	-4.62055000e-05	6.27681000e-05	-5.50375000e-01	-6.27223000e-05
1.52498272e+02	2026-08-24T16:20:41.038351	0.00000000e+00	1	22	-5.14030000e-05	7.36339000e-05	-6.00454000e-01	-7.36991000e-05
1.52529077e+02	2026-08-24T16:20:41.070010	0.00000000e+00	1	22	-4.43935000e-05	8.62829000e-05	-6.50441000e-01	-8.61413000e-05
1.52536683e+02	2026-08-24T16:20:41.070010	0.00000000e+00	1	22	-4.94242000e-05	9.92167000e-05	-7.00507000e-01	-9.95040000e-05
1.52543748e+02	2026-08-24T16:20:41.070010	0.00000000e+00	1	22	-5.25713000e-05	1.13685000e-04	-7.50555000e-01	-1.11026000e-04
1.52576391e+02	2026-08-24T16:20:41.118009	0.00000000e+00	1	22	-4.58479000e-05	1.23759000e-04	-8.00613000e-01	-1.22612000e-04
1.52597373e+02	2026-08-24T16:20:41.133716	0.00000000e+00	1	22	-5.13315000e-05	1.34248000e-04	-8.50611000e-01	-1.33328000e-04
1.52605153e+02	2026-08-24T16:20:41.133716	0.00000000e+00	1	22	-5.10454000e-05	1.43531000e-04	-9.00663000e-01	-1.42155000e-04
1.52619867e+02	2026-08-24T16:20:41.151508	0.00000000e+00	1	22	-4.66347000e-05	1.54441000e-04	-9.50679000e-01	-1.56482000e-04
1.52640249e+02	2026-08-24T16:20:41.181448	0.00000000e+00	1	22	-4.78983000e-05	1.83530000e-04	-1.00072000e+00	-1.86743000e-04
1.52656314e+02	2026-08-24T16:20:41.197367	0.00000000e+00	1	22	-4.19617000e-05	1.68558000e-04	-1.05074000e+00	-1.45750000e-04
1.52677868e+02	2026-08-24T16:20:41.213455	0.00000000e+00	1	22	-5.07832000e-05	1.71837000e-04	-1.10079000e+00	-1.58735000e-04
1.52686136e+02	2026-08-24T16:20:41.213455	0.00000000e+00	1	22	-3.37839000e-05	1.45248000e-04	-1.15088000e+00	-1.18258000e-04
1.52718833e+02	2026-08-24T16:20:41.254723	0.00000000e+00	1	22	-5.42879000e-05	8.47763000e-05	-1.20086000e+00	-8.02920000e-05
1.52743231e+02	2026-08-24T16:20:41.277466	0.00000000e+00	1	22	-4.82559000e-05	6.40993000e-05	-1.25094000e+00	-5.86283000e-05
1.52765889e+02	2026-08-24T16:20:41.298343	0.00000000e+00	1	22	-4.91619000e-05	8.47862000e-05	-1.30093000e+00	-7.09039000e-05
1.52795967e+02	2026-08-24T16:20:41.325398	0.00000000e+00	1	22	-3.66688000e-05	6.98978000e-05	-1.35099000e+00	-6.35767000e-05
1.52816093e+02	2026-08-24T16:20:41.357131	0.00000000e+00	1	22	-4.31299000e-05	5.38215000e-05	-1.40100000e+00	-5.50944000e-05
1.52823887e+02	2026-08-24T16:20:41.357131	0.00000000e+00	1	22	-4.36783000e-05	6.52597000e-05	-1.45105000e+00	-5.97721000e-05
1.52831031e+02	2026-08-24T16:20:41.372925	0.00000000e+00	1	22	-5.00679000e-05	4.55320000e-05	-1.50106000e+00	-4.48626000e-05
1.52861785e+02	2026-08-24T16:20:41.391124	0.00000000e+00	1	22	-4.70877000e-05	4.87137000e-05	-1.55113000e+00	-5.59579000e-05
1.52884106e+02	2026-08-24T16:20:41.420081	0.00000000e+00	1	22	-3.73840000e-05	4.59609000e-05	-1.60113000e+00	-4.41721000e-05
1.52891402e+02	2026-08-24T16:20:41.420081	0.00000000e+00	1	22	-4.70161000e-05	4.88229000e-05	-1.65119000e+00	-4.30982000e-05
1.52909522e+02	2026-08-24T16:20:41.445036	0.00000000e+00	1	22	-4.72784000e-05	3.29222000e-05	-1.70120000e+00	-3.42940000e-05
1.52938900e+02	2026-08-24T16:20:41.467528	0.00000000e+00	1	22	-4.11510000e-05	3.66165000e-05	-1.75123000e+00	-3.76819000e-05
1.52958636e+02	2026-08-24T16:20:41.500354	0.00000000e+00	1	22	-4.19617000e-05	3.38596000e-05	-1.80123000e+00	-3.49674000e-05
1.52990435e+02	2026-08-24T16:20:41.531130	0.00000000e+00	1	22	-4.12464000e-05	3.49317000e-05	-1.85128000e+00	-3.70644000e-05
1.53022245e+02	2026-08-24T16:20:41.563034	0.00000000e+00	1	22	-4.52995000e-05	3.65980000e-05	-1.90133000e+00	-3.37637000e-05
1.53055322e+02	2026-08-24T16:20:41.594148	0.00000000e+00	1	22	-3.98159000e-05	3.47323000e-05	-1.95133000e+00	-3.06190000e-05
1.53068817e+02	2026-08-24T16:20:41.610170	0.00000000e+00	1	22	-3.69310000e-05	4.11591000e-05	-2.00135000e+00	-3.29553000e-05
1.53090505e+02	2026-08-24T16:20:41.625807	0.00000000e+00	1	22	-3.46899000e-05	3.47855000e-05	-2.05117000e+00	-3.13255000e-05
1.53098124e+02	2026-08-24T16:20:41.625807	0.00000000e+00	1	22	-4.56572000e-05	3.21317000e-05	-2.10121000e+00	-3.18648000e-05
1.53131030e+02	2026-08-24T16:20:41.657453	0.00000000e+00	1	22	-4.42266000e-05	2.91682000e-05	-2.15151000e+00	-2.83098000e-05
1.53153782e+02	2026-08-24T16:20:41.689235	0.00000000e+00	1	22	-4.55618000e-05	3.05331000e-05	-2.20166000e+00	-2.90032000e-05
1.53160898e+02	2026-08-24T16:20:41.689235	0.00000000e+00	1	22	-4.28677000e-05	3.35629000e-05	-2.25132000e+00	-3.40794000e-05
1.53179989e+02	2026-08-24T16:20:41.721007	0.00000000e+00	1	22	-4.31299000e-05	5.45051000e-05	-2.30137000e+00	-5.81517000e-05
1.53212555e+02	2026-08-24T16:20:41.753052	0.00000000e+00	1	22	-4.46558000e-05	4.78074000e-05	-2.35147000e+00	-4.55212000e-05
1.53243966e+02	2026-08-24T16:20:41.784906	0.00000000e+00	1	22	-4.97818000e-05	4.86210000e-05	-2.40162000e+00	-4.65994000e-05
1.53251813e+02	2026-08-24T16:20:41.784906	0.00000000e+00	1	22	-4.55618000e-05	3.19663000e-05	-2.45148000e+00	-2.96461000e-05
1.53275422e+02	2026-08-24T16:20:41.816737	0.00000000e+00	1	22	-4.22478000e-05	3.95546000e-05	-2.50172000e+00	-3.71489000e-05
1.53302478e+02	2026-08-24T16:20:41.834527	0.00000000e+00	1	22	-4.99725000e-05	4.20742000e-05	-2.50172000e+00	-3.88770000e-05
1.53322960e+02	2026-08-24T16:20:41.864059	0.00000000e+00	1	22	-4.84467000e-05	3.26860000e-05	-2.45148000e+00	-3.37469000e-05
1.53337334e+02	2026-08-24T16:20:41.864059	0.00000000e+00	1	22	-4.78983000e-05	2.83560000e-05	-2.40140000e+00	-2.65157000e-05
1.53370119e+02	2026-08-24T16:20:41.911686	0.00000000e+00	1	22	-5.20468000e-05	2.56054000e-05	-2.35157000e+00	-2.52448000e-05
1.53378147e+02	2026-08-24T16:20:41.918953	0.00000000e+00	1	22	-4.39405000e-05	2.25335000e-05	-2.30136000e+00	-2.29622000e-05
1.53385466e+02	2026-08-24T16:20:41.918953	0.00000000e+00	1	22	-4.40359000e-05	2.10090000e-05	-2.25148000e+00	-2.11119000e-05
1.53434367e+02	2026-08-24T16:20:41.975276	0.00000000e+00	1	22	-5.05209000e-05	1.84289000e-05	-2.20163000e+00	-1.83121000e-05
1.53442633e+02	2026-08-24T16:20:41.975276	0.00000000e+00	1	22	-4.80890000e-05	1.70129000e-05	-2.15156000e+00	-1.64994000e-05
1.53467394e+02	2026-08-24T16:20:42.007803	0.00000000e+00	1	22	-4.44889000e-05	1.53803000e-05	-2.10137000e+00	-1.50763000e-05
1.53494632e+02	2026-08-24T16:20:42.023865	0.00000000e+00	1	22	-4.51088000e-05	1.43793000e-05	-2.05113000e+00	-1.45711000e-05
1.53515799e+02	2026-08-24T16:20:42.054003	0.00000000e+00	1	22	-4.81844000e-05	1.30911000e-05	-2.00138000e+00	-1.29204000e-05
1.53523503e+02	2026-08-24T16:20:42.054003	0.00000000e+00	1	22	-3.91006000e-05	1.17832000e-05	-1.95134000e+00	-1.18079000e-05
1.53576036e+02	2026-08-24T16:20:42.117950	0.00000000e+00	1	22	-4.15087000e-05	1.04504000e-05	-1.90132000e+00	-1.04893000e-05
1.53583994e+02	2026-08-24T16:20:42.124080	0.00000000e+00	1	22	-4.79937000e-05	9.31501000e-06	-1.85130000e+00	-9.36948000e-06
1.53609766e+02	2026-08-24T16:20:42.149016	0.00000000e+00	1	22	-4.71830000e-05	8.53893000e-06	-1.80123000e+00	-8.19773000e-06
1.53633067e+02	2026-08-24T16:20:42.164744	0.00000000e+00	1	22	-4.28677000e-05	7.63343000e-06	-1.75122000e+00	-7.48219000e-06
1.53658783e+02	2026-08-24T16:20:42.196225	0.00000000e+00	1	22	-4.46558000e-05	6.68218000e-06	-1.70120000e+00	-6.68055000e-06
1.53665950e+02	2026-08-24T16:20:42.196225	0.00000000e+00	1	22	-4.13418000e-05	6.06671000e-06	-1.65117000e+00	-6.00151000e-06
1.53687881e+02	2026-08-24T16:20:42.228157	0.00000000e+00	1	22	-4.07934000e-05	5.56804000e-06	-1.60113000e+00	-5.54529000e-06
1.53712736e+02	2026-08-24T16:20:42.254594	0.00000000e+00	1	22	-4.80890000e-05	5.01332000e-06	-1.55110000e+00	-4.99554000e-06
1.53739081e+02	2026-08-24T16:20:42.275831	0.00000000e+00	1	22	-4.78029000e-05	4.46362000e-06	-1.50107000e+00	-4.41422000e-06
1.53746453e+02	2026-08-24T16:20:42.275831	0.00000000e+00	1	22	-4.67300000e-05	3.98096000e-06	-1.45104000e+00	-4.02534000e-06
1.53779946e+02	2026-08-24T16:20:42.316903	0.00000000e+00	1	22	-5.02348000e-05	3.85386000e-06	-1.40103000e+00	-3.74248000e-06
1.53801231e+02	2026-08-24T16:20:42.341002	0.00000000e+00	1	22	-4.78029000e-05	3.62159000e-06	-1.35101000e+00	-3.64924000e-06
1.53810317e+02	2026-08-24T16:20:42.351455	0.00000000e+00	1	22	-5.43833000e-05	2.83784000e-06	-1.30094000e+00	-2.79075000e-06
1.53861463e+02	2026-08-24T16:20:42.402381	0.00000000e+00	1	22	-4.90665000e-05	2.39889000e-06	-1.25092000e+00	-2.39687000e-06
1.53869867e+02	2026-08-24T16:20:42.402381	0.00000000e+00	1	22	-4.97103000e-05	2.11465000e-06	-1.20088000e+00	-2.13468000e-06
1.53879084e+02	2026-08-24T16:20:42.419917	0.00000000e+00	1	22	-4.97818000e-05	1.89048000e-06	-1.15088000e+00	-1.90444000e-06
1.53890950e+02	2026-08-24T16:20:42.419917	0.00000000e+00	1	22	-4.51088000e-05	1.43335000e-06	-1.10082000e+00	-1.42249000e-06
1.53914985e+02	2026-08-24T16:20:42.450022	0.00000000e+00	1	22	-4.59194000e-05	1.22238000e-06	-1.05075000e+00	-1.19915000e-06
1.53940190e+02	2026-08-24T16:20:42.481391	0.00000000e+00	1	22	-4.46558000e-05	1.00963000e-06	-1.00075000e+00	-1.01791000e-06
1.53947888e+02	2026-08-24T16:20:42.481391	0.00000000e+00	1	22	-4.44889000e-05	8.80293000e-07	-9.50690000e-01	-8.92072000e-07
1.53973020e+02	2026-08-24T16:20:42.513081	0.00000000e+00	1	22	-4.15087000e-05	7.53376000e-07	-9.00660000e-01	-7.18722000e-07
1.54003658e+02	2026-08-24T16:20:42.544557	0.00000000e+00	1	22	-4.44889000e-05	5.76594000e-07	-8.50615000e-01	-5.87866000e-07
1.54011166e+02	2026-08-24T16:20:42.546564	0.00000000e+00	1	22	-4.08888000e-05	4.88950000e-07	-8.00610000e-01	-4.74149000e-07
1.54035317e+02	2026-08-24T16:20:42.576440	0.00000000e+00	1	22	-3.63112000e-05	4.09906000e-07	-7.50538000e-01	-3.74020000e-07
1.54067546e+02	2026-08-24T16:20:42.608484	0.00000000e+00	1	22	-4.16994000e-05	2.84136000e-07	-7.00519000e-01	-2.91401000e-07
1.54084020e+02	2026-08-24T16:20:42.624617	0.00000000e+00	1	22	-4.08888000e-05	2.36754000e-07	-6.50451000e-01	-2.05169000e-07
1.54104520e+02	2026-08-24T16:20:42.640685	0.00000000e+00	1	22	-4.36783000e-05	1.66355000e-07	-6.00462000e-01	-1.67314000e-07
1.54112212e+02	2026-08-24T16:20:42.640685	0.00000000e+00	1	22	-3.65734000e-05	1.20144000e-07	-5.50386000e-01	-1.20277000e-07
1.54131386e+02	2026-08-24T16:20:42.672365	0.00000000e+00	1	22	-5.20468000e-05	7.43247000e-08	-5.00367000e-01	-6.74033000e-08
1.54235006e+02	2026-08-24T16:20:42.768246	0.00000000e+00	1	22	-3.53098000e-05	5.79966000e-08	-4.50321000e-01	-5.39197000e-08
1.54259421e+02	2026-08-24T16:20:42.800180	0.00000000e+00	1	22	-4.15087000e-05	3.34400000e-08	-4.00306000e-01	-3.33607000e-08
1.54291378e+02	2026-08-24T16:20:42.832239	0.00000000e+00	1	22	-4.51088000e-05	2.65786000e-08	-3.50248000e-01	-2.51000000e-08
1.54299526e+02	2026-08-24T16:20:42.832239	0.00000000e+00	1	22	-4.30584000e-05	1.97329000e-08	-3.00209000e-01	-1.76535000e-08
1.54322410e+02	2026-08-24T16:20:42.863561	0.00000000e+00	1	22	-5.24044000e-05	1.03363000e-08	-2.50161000e-01	-1.09348000e-08
1.54346473e+02	2026-08-24T16:20:42.883337	0.00000000e+00	1	22	-4.33207000e-05	6.75269000e-09	-2.00040000e-01	-6.14583000e-09
1.54370319e+02	2026-08-24T16:20:42.911392	0.00000000e+00	1	22	-4.50373000e-05	2.91291000e-09	-1.50001000e-01	-2.86573000e-09
1.54378389e+02	2026-08-24T16:20:42.917857	0.00000000e+00	1	22	-4.21524000e-05	1.80767000e-09	-9.99666000e-02	-1.45859000e-09
1.54401993e+02	2026-08-24T16:20:42.943221	0.00000000e+00	1	22	-4.41313000e-05	4.95303000e-10	-4.99304000e-02	-5.63800000e-10
1.54422412e+02	2026-08-24T16:20:42.963007	0.00000000e+00	1	22	-4.80890000e-05	-1.49012000e-11	5.37395000e-05	-7.23004000e-11
1.58997897e+02	2026-08-24T16:20:47.531538	0.00000000e+00	1	23	-4.90665000e-05	-3.09222000e-09	6.30140000e-05	7.08928000e-09
1.59024171e+02	2026-08-24T16:20:47.559981	0.00000000e+00	1	23	-5.43833000e-05	2.76641000e-06	-4.99235000e-02	-2.76442000e-06
1.59056623e+02	2026-08-24T16:20:47.591485	0.00000000e+00	1	23	-5.18560000e-05	5.63758000e-06	-9.99600000e-02	-5.63784000e-06
1.59081957e+02	2026-08-24T16:20:47.623433	0.00000000e+00	1	23	-6.03199000e-05	8.69920000e-06	-1.49996000e-01	-8.69463000e-06
1.59089668e+02	2026-08-24T16:20:47.623433	0.00000000e+00	1	23	-9.88960000e-05	1.19465000e-05	-1.99994000e-01	-1.19591000e-05
1.59122131e+02	2026-08-24T16:20:47.655522	0.00000000e+00	1	23	-5.56469000e-05	1.56712000e-05	-2.50139000e-01	-1.56849000e-05
1.59140634e+02	2026-08-24T16:20:47.681588	0.00000000e+00	1	23	-6.62565000e-05	1.98614000e-05	-3.00188000e-01	-1.98868000e-05
1.59162145e+02	2026-08-24T16:20:47.703131	0.00000000e+00	1	23	-5.75304000e-05	2.45947000e-05	-3.50235000e-01	-2.46034000e-05
1.59170248e+02	2026-08-24T16:20:47.703131	0.00000000e+00	1	23	-5.65290000e-05	3.01370000e-05	-4.00266000e-01	-3.01735000e-05
1.59196030e+02	2026-08-24T16:20:47.735117	0.00000000e+00	1	23	-5.70774000e-05	3.67357000e-05	-4.50293000e-01	-3.67362000e-05
1.59225497e+02	2026-08-24T16:20:47.766546	0.00000000e+00	1	23	-4.94242000e-05	4.40089000e-05	-5.00365000e-01	-4.39751000e-05
1.59233422e+02	2026-08-24T16:20:47.768401	0.00000000e+00	1	23	-4.88997000e-05	5.25815000e-05	-5.50378000e-01	-5.26294000e-05
1.59257804e+02	2026-08-24T16:20:47.798431	0.00000000e+00	1	23	-4.93526000e-05	6.18978000e-05	-6.00446000e-01	-6.17958000e-05
1.59289131e+02	2026-08-24T16:20:47.830239	0.00000000e+00	1	23	-5.12362000e-05	7.33500000e-05	-6.50458000e-01	-7.30858000e-05
1.59297379e+02	2026-08-24T16:20:47.830239	0.00000000e+00	1	23	-5.79834000e-05	8.51686000e-05	-7.00507000e-01	-8.49504000e-05
1.59353064e+02	2026-08-24T16:20:47.894776	0.00000000e+00	1	23	-4.80890000e-05	9.74508000e-05	-7.50527000e-01	-9.60994000e-05
1.59366646e+02	2026-08-24T16:20:47.904254	0.00000000e+00	1	23	-5.52893000e-05	1.11744000e-04	-8.00595000e-01	-1.11794000e-04
1.59399341e+02	2026-08-24T16:20:47.925756	0.00000000e+00	1	23	-5.54562000e-05	1.23320000e-04	-8.50607000e-01	-1.21782000e-04
1.59421524e+02	2026-08-24T16:20:47.957701	0.00000000e+00	1	23	-5.78880000e-05	1.34150000e-04	-9.00658000e-01	-1.32879000e-04
1.59429119e+02	2026-08-24T16:20:47.957701	0.00000000e+00	1	23	-4.69208000e-05	1.47494000e-04	-9.50692000e-01	-1.48736000e-04
1.59450483e+02	2026-08-24T16:20:47.989488	0.00000000e+00	1	23	-4.76360000e-05	1.52025000e-04	-1.00074000e+00	-1.53385000e-04
1.59460726e+02	2026-08-24T16:20:47.989488	0.00000000e+00	1	23	-5.16891000e-05	1.58830000e-04	-1.05074000e+00	-1.59447000e-04
1.59480121e+02	2026-08-24T16:20:48.021317	0.00000000e+00	1	23	-5.47409000e-05	1.66290000e-04	-1.10079000e+00	-1.61298000e-04
1.59488076e+02	2026-08-24T16:20:48.021317	0.00000000e+00	1	23	-4.77314000e-05	1.79231000e-04	-1.15084000e+00	-1.76793000e-04
1.59495865e+02	2026-08-24T16:20:48.037434	0.00000000e+00	1	23	-4.97103000e-05	1.69471000e-04	-1.20086000e+00	-1.03291000e-04
1.59549212e+02	2026-08-24T16:20:48.084633	0.00000000e+00	1	23	-5.93185000e-05	5.83490000e-05	-1.25092000e+00	-7.08078000e-05
1.59575576e+02	2026-08-24T16:20:48.116618	0.00000000e+00	1	23	-4.98772000e-05	7.24747000e-05	-1.30092000e+00	-6.85200000e-05
1.59583740e+02	2026-08-24T16:20:48.116618	0.00000000e+00	1	23	-5.43833000e-05	9.97730000e-05	-1.35101000e+00	-7.73222000e-05
1.59612994e+02	2026-08-24T16:20:48.148354	0.00000000e+00	1	23	-7.02143000e-05	7.03550000e-05	-1.40099000e+00	-8.24770000e-05
1.59634552e+02	2026-08-24T16:20:48.166609	0.00000000e+00	1	23	-5.12362000e-05	9.12956000e-05	-1.45103000e+00	-7.84652000e-05
1.59644380e+02	2026-08-24T16:20:48.180600	0.00000000e+00	1	23	-5.48363000e-05	5.77141000e-05	-1.50107000e+00	-5.84550000e-05
1.59670031e+02	2026-08-24T16:20:48.211200	0.00000000e+00	1	23	-5.72443000e-05	5.86599000e-05	-1.55110000e+00	-5.95205000e-05
1.59707899e+02	2026-08-24T16:20:48.243305	0.00000000e+00	1	23	-5.15938000e-05	6.63542000e-05	-1.60111000e+00	-5.88320000e-05
1.59717089e+02	2026-08-24T16:20:48.243305	0.00000000e+00	1	23	-4.90665000e-05	5.60450000e-05	-1.65117000e+00	-4.75389000e-05
1.59772183e+02	2026-08-24T16:20:48.307911	0.00000000e+00	1	23	-4.66347000e-05	5.25141000e-05	-1.70120000e+00	-5.47779000e-05
1.59797638e+02	2026-08-24T16:20:48.338864	0.00000000e+00	1	23	-5.06878000e-05	5.01197000e-05	-1.75123000e+00	-4.61306000e-05
1.59805729e+02	2026-08-24T16:20:48.338864	0.00000000e+00	1	23	-5.33104000e-05	5.78612000e-05	-1.80123000e+00	-6.01198000e-05
1.59829742e+02	2026-08-24T16:20:48.370527	0.00000000e+00	1	23	-5.42879000e-05	3.51200000e-05	-1.85129000e+00	-3.79542000e-05
1.59840085e+02	2026-08-24T16:20:48.370527	0.00000000e+00	1	23	-5.54562000e-05	4.97483000e-05	-1.90131000e+00	-4.89009000e-05
1.59857915e+02	2026-08-24T16:20:48.392097	0.00000000e+00	1	23	-5.14984000e-05	4.86872000e-05	-1.95134000e+00	-4.50484000e-05
1.59880852e+02	2026-08-24T16:20:48.418089	0.00000000e+00	1	23	-5.20468000e-05	5.11801000e-05	-2.00137000e+00	-4.78543000e-05
1.59888957e+02	2026-08-24T16:20:48.418089	0.00000000e+00	1	23	-4.69208000e-05	4.74714000e-05	-2.05128000e+00	-4.38707000e-05
1.59910255e+02	2026-08-24T16:20:48.450986	0.00000000e+00	1	23	-5.53608000e-05	3.63132000e-05	-2.10136000e+00	-3.74259000e-05
1.59933948e+02	2026-08-24T16:20:48.467860	0.00000000e+00	1	23	-4.66347000e-05	4.23437000e-05	-2.15159000e+00	-4.39738000e-05
1.59956609e+02	2026-08-24T16:20:48.497999	0.00000000e+00	1	23	-4.68254000e-05	5.48965000e-05	-2.20150000e+00	-5.16610000e-05
1.59965230e+02	2026-08-24T16:20:48.497999	0.00000000e+00	1	23	-4.40359000e-05	6.67860000e-05	-2.25138000e+00	-6.19345000e-05
1.59995933e+02	2026-08-24T16:20:48.529723	0.00000000e+00	1	23	-5.30243000e-05	4.58272000e-05	-2.30127000e+00	-4.86504000e-05
1.60020453e+02	2026-08-24T16:20:48.561863	0.00000000e+00	1	23	-4.60148000e-05	5.12597000e-05	-2.35144000e+00	-3.46142000e-05
1.60028565e+02	2026-08-24T16:20:48.561863	0.00000000e+00	1	23	-5.69820000e-05	5.25389000e-05	-2.40157000e+00	-5.74898000e-05
1.60036291e+02	2026-08-24T16:20:48.577912	0.00000000e+00	1	23	-5.49078000e-05	6.28171000e-05	-2.45141000e+00	-3.90224000e-05
1.60059250e+02	2026-08-24T16:20:48.593611	0.00000000e+00	1	23	-5.50032000e-05	3.86313000e-05	-2.50191000e+00	-4.19455000e-05
1.60067604e+02	2026-08-24T16:20:48.609565	0.00000000e+00	1	23	-4.28677000e-05	3.59035000e-05	-2.50175000e+00	-4.41689000e-05
1.60089630e+02	2026-08-24T16:20:48.625508	0.00000000e+00	1	23	-4.99725000e-05	3.04380000e-05	-2.45153000e+00	-3.15183000e-05
1.60097619e+02	2026-08-24T16:20:48.625508	0.00000000e+00	1	23	-5.16891000e-05	2.73322000e-05	-2.40160000e+00	-2.78239000e-05
1.60123258e+02	2026-08-24T16:20:48.657236	0.00000000e+00	1	23	-5.27620000e-05	2.33256000e-05	-2.35147000e+00	-2.30614000e-05
1.60147916e+02	2026-08-24T16:20:48.688646	0.00000000e+00	1	23	-4.85420000e-05	1.92981000e-05	-2.30141000e+00	-1.85449000e-05
1.60155653e+02	2026-08-24T16:20:48.688646	0.00000000e+00	1	23	-4.33207000e-05	1.73677000e-05	-2.25141000e+00	-1.72294000e-05
1.60178960e+02	2026-08-24T16:20:48.720260	0.00000000e+00	1	23	-5.16891000e-05	1.63783000e-05	-2.20150000e+00	-1.70991000e-05
1.60211384e+02	2026-08-24T16:20:48.752236	0.00000000e+00	1	23	-5.01633000e-05	1.56942000e-05	-2.15154000e+00	-1.57919000e-05
1.60242688e+02	2026-08-24T16:20:48.784006	0.00000000e+00	1	23	-5.96046000e-05	1.51566000e-05	-2.10115000e+00	-1.51899000e-05
1.60250480e+02	2026-08-24T16:20:48.784006	0.00000000e+00	1	23	-5.22137000e-05	1.38741000e-05	-2.05117000e+00	-1.37855000e-05
1.60281842e+02	2026-08-24T16:20:48.816774	0.00000000e+00	1	23	-4.42266000e-05	1.22042000e-05	-2.00136000e+00	-1.22063000e-05
1.60307785e+02	2026-08-24T16:20:48.847614	0.00000000e+00	1	23	-4.83513000e-05	1.14040000e-05	-1.95134000e+00	-1.11522000e-05
1.60338550e+02	2026-08-24T16:20:48.880017	0.00000000e+00	1	23	-5.49078000e-05	1.03469000e-05	-1.90131000e+00	-1.04961000e-05
1.60374307e+02	2026-08-24T16:20:48.910960	0.00000000e+00	1	23	-3.90053000e-05	9.38119000e-06	-1.85130000e+00	-9.27754000e-06
1.60401061e+02	2026-08-24T16:20:48.942506	0.00000000e+00	1	23	-6.13928000e-05	8.28872000e-06	-1.80125000e+00	-8.31520000e-06
1.60408757e+02	2026-08-24T16:20:48.942506	0.00000000e+00	1	23	-5.38349000e-05	7.53269000e-06	-1.75120000e+00	-7.70692000e-06
1.60416398e+02	2026-08-24T16:20:48.958203	0.00000000e+00	1	23	-6.31809000e-05	7.06358000e-06	-1.70118000e+00	-7.15051000e-06
1.60464588e+02	2026-08-24T16:20:49.005611	0.00000000e+00	1	23	-5.76258000e-05	6.49981000e-06	-1.65116000e+00	-6.66340000e-06
1.60474090e+02	2026-08-24T16:20:49.015833	0.00000000e+00	1	23	-6.36339000e-05	6.27753000e-06	-1.60114000e+00	-6.19363000e-06
1.60498834e+02	2026-08-24T16:20:49.036967	0.00000000e+00	1	23	-6.21080000e-05	5.43811000e-06	-1.55112000e+00	-5.31818000e-06
1.60522329e+02	2026-08-24T16:20:49.056832	0.00000000e+00	1	23	-7.21932000e-05	5.01746000e-06	-1.50106000e+00	-4.87874000e-06
1.60533732e+02	2026-08-24T16:20:49.068730	0.00000000e+00	1	23	-5.34773000e-05	4.50972000e-06	-1.45104000e+00	-4.48615000e-06
1.60541708e+02	2026-08-24T16:20:49.068730	0.00000000e+00	1	23	-6.09398000e-05	3.92303000e-06	-1.40100000e+00	-4.13661000e-06
1.60599182e+02	2026-08-24T16:20:49.133181	0.00000000e+00	1	23	-5.53608000e-05	3.46332000e-06	-1.35099000e+00	-3.50239000e-06
1.60622903e+02	2026-08-24T16:20:49.164341	0.00000000e+00	1	23	-5.47409000e-05	3.12340000e-06	-1.30094000e+00	-3.11508000e-06
1.60631136e+02	2026-08-24T16:20:49.164341	0.00000000e+00	1	23	-6.30140000e-05	2.79820000e-06	-1.25092000e+00	-2.77008000e-06
1.60638645e+02	2026-08-24T16:20:49.180434	0.00000000e+00	1	23	-5.55515000e-05	2.45532000e-06	-1.20088000e+00	-2.36196000e-06
1.60668987e+02	2026-08-24T16:20:49.207721	0.00000000e+00	1	23	-4.73738000e-05	2.17804000e-06	-1.15086000e+00	-2.16173000e-06
1.60692501e+02	2026-08-24T16:20:49.228236	0.00000000e+00	1	23	-5.61714000e-05	1.96830000e-06	-1.10080000e+00	-1.98181000e-06
1.60702700e+02	2026-08-24T16:20:49.244312	0.00000000e+00	1	23	-6.15835000e-05	1.74093000e-06	-1.05073000e+00	-1.63090000e-06
1.60750454e+02	2026-08-24T16:20:49.291741	0.00000000e+00	1	23	-5.79834000e-05	1.39891000e-06	-1.00072000e+00	-1.45113000e-06
1.60758529e+02	2026-08-24T16:20:49.291741	0.00000000e+00	1	23	-5.78880000e-05	1.24114000e-06	-9.50693000e-01	-1.21702000e-06
1.60783689e+02	2026-08-24T16:20:49.325305	0.00000000e+00	1	23	-5.47409000e-05	8.88658000e-07	-9.00648000e-01	-8.68599000e-07
1.60814294e+02	2026-08-24T16:20:49.355298	0.00000000e+00	1	23	-5.36680000e-05	7.37248000e-07	-8.50604000e-01	-7.26699000e-07
1.60823272e+02	2026-08-24T16:20:49.355298	0.00000000e+00	1	23	-5.71728000e-05	6.13777000e-07	-8.00594000e-01	-6.06701000e-07
1.60846282e+02	2026-08-24T16:20:49.387986	0.00000000e+00	1	23	-4.83513000e-05	4.19297000e-07	-7.50546000e-01	-4.31371000e-07
1.60878379e+02	2026-08-24T16:20:49.419372	0.00000000e+00	1	23	-5.07832000e-05	3.46415000e-07	-7.00499000e-01	-3.49813000e-07
1.60909739e+02	2026-08-24T16:20:49.451106	0.00000000e+00	1	23	-5.25713000e-05	2.78433000e-07	-6.50439000e-01	-2.74825000e-07
1.60917651e+02	2026-08-24T16:20:49.453588	0.00000000e+00	1	23	-5.07832000e-05	2.19377000e-07	-6.00458000e-01	-2.17622000e-07
1.60948336e+02	2026-08-24T16:20:49.482880	0.00000000e+00	1	23	-5.03302000e-05	1.26727000e-07	-5.50385000e-01	-1.29729000e-07
1.60968251e+02	2026-08-24T16:20:49.504698	0.00000000e+00	1	23	-5.86987000e-05	1.21574000e-07	-5.00349000e-01	-9.57882000e-08
1.61084438e+02	2026-08-24T16:20:49.625451	0.00000000e+00	1	23	-4.70877000e-05	5.49383000e-08	-4.50311000e-01	-5.57365000e-08
1.61144652e+02	2026-08-24T16:20:49.684348	0.00000000e+00	1	23	-5.05924000e-05	5.15292000e-08	-4.00306000e-01	-4.86107000e-08
1.61164267e+02	2026-08-24T16:20:49.705285	0.00000000e+00	1	23	-4.70161000e-05	3.05634000e-08	-3.50230000e-01	-3.37648000e-08
1.61199018e+02	2026-08-24T16:20:49.736753	0.00000000e+00	1	23	-5.68151000e-05	2.61906000e-08	-3.00226000e-01	-2.57554000e-08
1.61211164e+02	2026-08-24T16:20:49.752805	0.00000000e+00	1	23	-4.76360000e-05	2.06370000e-08	-2.50158000e-01	-1.57095000e-08
1.61258997e+02	2026-08-24T16:20:49.800329	0.00000000e+00	1	23	-4.97103000e-05	7.32741000e-09	-2.00039000e-01	-6.60039000e-09
1.61272070e+02	2026-08-24T16:20:49.800329	0.00000000e+00	1	23	-5.24998000e-05	3.52693000e-09	-1.50009000e-01	-3.07533000e-09
1.61295062e+02	2026-08-24T16:20:49.832393	0.00000000e+00	1	23	-5.21421000e-05	1.34443000e-09	-9.99637000e-02	-1.27786000e-09
1.61303424e+02	2026-08-24T16:20:49.832393	0.00000000e+00	1	23	-5.16891000e-05	6.73819000e-10	-4.99266000e-02	-4.82619000e-10
1.61325300e+02	2026-08-24T16:20:49.864240	0.00000000e+00	1	23	-6.02245000e-05	5.92470000e-12	5.54562000e-05	-7.43270000e-11
1.65880038e+02	2026-08-24T16:20:54.413661	0.00000000e+00	1	24	-3.28064000e-05	-2.24911000e-09	5.69820000e-05	5.13619000e-09
1.65905206e+02	2026-08-24T16:20:54.445089	0.00000000e+00	1	24	-4.62055000e-05	2.39347000e-06	-4.99257000e-02	-2.39099000e-06
1.65937193e+02	2026-08-24T16:20:54.477186	0.00000000e+00	1	24	-5.39303000e-05	4.86556000e-06	-9.99708000e-02	-4.86176000e-06
1.65968191e+02	2026-08-24T16:20:54.508948	0.00000000e+00	1	24	-5.24998000e-05	7.46663000e-06	-1.50001000e-01	-7.46714000e-06
1.65977259e+02	2026-08-24T16:20:54.508948	0.00000000e+00	1	24	-8.66652000e-05	1.02625000e-05	-2.00011000e-01	-1.02731000e-05
1.65999838e+02	2026-08-24T16:20:54.540878	0.00000000e+00	1	24	-4.49419000e-05	1.33841000e-05	-2.50169000e-01	-1.34166000e-05
1.66031245e+02	2026-08-24T16:20:54.572614	0.00000000e+00	1	24	-4.30584000e-05	1.68440000e-05	-3.00191000e-01	-1.68461000e-05
1.66063223e+02	2026-08-24T16:20:54.604330	0.00000000e+00	1	24	-4.58479000e-05	2.07959000e-05	-3.50262000e-01	-2.07945000e-05
1.66071399e+02	2026-08-24T16:20:54.604330	0.00000000e+00	1	24	-4.47512000e-05	2.52728000e-05	-4.00295000e-01	-2.53009000e-05
1.66095994e+02	2026-08-24T16:20:54.635985	0.00000000e+00	1	24	-5.03302000e-05	3.05042000e-05	-4.50294000e-01	-3.04919000e-05
1.66132096e+02	2026-08-24T16:20:54.668144	0.00000000e+00	1	24	-4.94242000e-05	3.62043000e-05	-5.00358000e-01	-3.62683000e-05
1.66142378e+02	2026-08-24T16:20:54.684014	0.00000000e+00	1	24	-4.34160000e-05	4.32549000e-05	-5.50385000e-01	-4.34159000e-05
1.66190887e+02	2026-08-24T16:20:54.731887	0.00000000e+00	1	24	-4.69208000e-05	5.13060000e-05	-6.00446000e-01	-5.12169000e-05
1.66199585e+02	2026-08-24T16:20:54.731887	0.00000000e+00	1	24	-5.17607000e-05	6.08518000e-05	-6.50458000e-01	-6.10811000e-05
1.66224122e+02	2026-08-24T16:20:54.763951	0.00000000e+00	1	24	-5.21421000e-05	7.13776000e-05	-7.00518000e-01	-7.15408000e-05
1.66244528e+02	2026-08-24T16:20:54.781980	0.00000000e+00	1	24	-5.01633000e-05	8.35939000e-05	-7.50531000e-01	-8.33900000e-05
1.66270399e+02	2026-08-24T16:20:54.811456	0.00000000e+00	1	24	-4.88043000e-05	9.77354000e-05	-8.00588000e-01	-9.73271000e-05
1.66278777e+02	2026-08-24T16:20:54.811456	0.00000000e+00	1	24	-5.17607000e-05	1.12073000e-04	-8.50613000e-01	-1.10351000e-04
1.66308163e+02	2026-08-24T16:20:54.843663	0.00000000e+00	1	24	-4.77314000e-05	1.21479000e-04	-9.00653000e-01	-1.20677000e-04
1.66328566e+02	2026-08-24T16:20:54.860644	0.00000000e+00	1	24	-4.27008000e-05	1.33383000e-04	-9.50696000e-01	-1.27384000e-04
1.66355121e+02	2026-08-24T16:20:54.891280	0.00000000e+00	1	24	-4.78029000e-05	1.44566000e-04	-1.00073000e+00	-1.39519000e-04
1.66365975e+02	2026-08-24T16:20:54.907378	0.00000000e+00	1	24	-4.89950000e-05	1.33260000e-04	-1.05073000e+00	-1.26972000e-04
1.66394970e+02	2026-08-24T16:20:54.923597	0.00000000e+00	1	24	-4.41313000e-05	1.51083000e-04	-1.10081000e+00	-1.43047000e-04
1.66414133e+02	2026-08-24T16:20:54.954989	0.00000000e+00	1	24	-4.62055000e-05	1.23783000e-04	-1.15087000e+00	-1.39182000e-04
1.66422502e+02	2026-08-24T16:20:54.954989	0.00000000e+00	1	24	-4.52042000e-05	1.56710000e-04	-1.20087000e+00	-1.58127000e-04
1.66446185e+02	2026-08-24T16:20:54.986967	0.00000000e+00	1	24	-5.44786000e-05	9.05897000e-05	-1.25093000e+00	-1.44407000e-04
1.66465121e+02	2026-08-24T16:20:55.004406	0.00000000e+00	1	24	-3.65734000e-05	1.20518000e-04	-1.30092000e+00	-1.14135000e-04
1.66477173e+02	2026-08-24T16:20:55.018889	0.00000000e+00	1	24	-4.97103000e-05	1.02174000e-04	-1.35101000e+00	-4.51046000e-05
1.66501663e+02	2026-08-24T16:20:55.034990	0.00000000e+00	1	24	-3.24488000e-05	7.25604000e-05	-1.40100000e+00	-6.70494000e-05
1.66525422e+02	2026-08-24T16:20:55.066568	0.00000000e+00	1	24	-4.75407000e-05	6.25628000e-05	-1.45103000e+00	-5.57966000e-05
1.66558899e+02	2026-08-24T16:20:55.098384	0.00000000e+00	1	24	-4.53949000e-05	5.03940000e-05	-1.50107000e+00	-4.43882000e-05
1.66566753e+02	2026-08-24T16:20:55.098384	0.00000000e+00	1	24	-4.27723000e-05	5.01520000e-05	-1.55110000e+00	-4.59605000e-05
1.66588820e+02	2026-08-24T16:20:55.129799	0.00000000e+00	1	24	-4.64678000e-05	2.67503000e-05	-1.60112000e+00	-2.60823000e-05
1.66619936e+02	2026-08-24T16:20:55.161595	0.00000000e+00	1	24	-4.64678000e-05	2.93228000e-05	-1.65117000e+00	-2.90622000e-05
1.66643080e+02	2026-08-24T16:20:55.179589	0.00000000e+00	1	24	-4.93526000e-05	3.63378000e-05	-1.70117000e+00	-4.05242000e-05
1.66651243e+02	2026-08-24T16:20:55.179589	0.00000000e+00	1	24	-5.03302000e-05	3.35817000e-05	-1.75124000e+00	-3.02086000e-05
1.66705603e+02	2026-08-24T16:20:55.241367	0.00000000e+00	1	24	-4.81844000e-05	2.83921000e-05	-1.80124000e+00	-2.83528000e-05
1.66732392e+02	2026-08-24T16:20:55.273358	0.00000000e+00	1	24	-4.77314000e-05	2.45317000e-05	-1.85127000e+00	-2.38963000e-05
1.66741101e+02	2026-08-24T16:20:55.273358	0.00000000e+00	1	24	-4.94242000e-05	3.41270000e-05	-1.90131000e+00	-3.14081000e-05
1.66763538e+02	2026-08-24T16:20:55.304929	0.00000000e+00	1	24	-4.11510000e-05	2.54661000e-05	-1.95134000e+00	-2.72103000e-05
1.66795554e+02	2026-08-24T16:20:55.337446	0.00000000e+00	1	24	-4.43935000e-05	2.73545000e-05	-2.00138000e+00	-2.89487000e-05
1.66803937e+02	2026-08-24T16:20:55.337446	0.00000000e+00	1	24	-4.63724000e-05	3.43214000e-05	-2.05144000e+00	-3.05524000e-05
1.66826903e+02	2026-08-24T16:20:55.367942	0.00000000e+00	1	24	-5.42879000e-05	2.41966000e-05	-2.10124000e+00	-2.68097000e-05
1.66858737e+02	2026-08-24T16:20:55.399711	0.00000000e+00	1	24	-4.59194000e-05	3.03228000e-05	-2.15157000e+00	-3.18113000e-05
1.66866606e+02	2026-08-24T16:20:55.399711	0.00000000e+00	1	24	-5.50985000e-05	3.36114000e-05	-2.20136000e+00	-3.79823000e-05
1.66890434e+02	2026-08-24T16:20:55.431463	0.00000000e+00	1	24	-5.14984000e-05	3.52386000e-05	-2.25139000e+00	-2.89594000e-05
1.66922920e+02	2026-08-24T16:20:55.462900	0.00000000e+00	1	24	-4.97103000e-05	3.61197000e-05	-2.30124000e+00	-3.39119000e-05
1.66932868e+02	2026-08-24T16:20:55.462900	0.00000000e+00	1	24	-4.98772000e-05	3.29440000e-05	-2.35165000e+00	-3.75378000e-05
1.66952888e+02	2026-08-24T16:20:55.494353	0.00000000e+00	1	24	-4.92573000e-05	4.37112000e-05	-2.40158000e+00	-4.13808000e-05
1.66960527e+02	2026-08-24T16:20:55.494353	0.00000000e+00	1	24	-4.87089000e-05	3.03513000e-05	-2.45152000e+00	-3.21247000e-05
1.66968002e+02	2026-08-24T16:20:55.510015	0.00000000e+00	1	24	-4.50373000e-05	4.10347000e-05	-2.50172000e+00	-3.51547000e-05
1.67005048e+02	2026-08-24T16:20:55.541794	0.00000000e+00	1	24	-3.54052000e-05	2.72920000e-05	-2.50166000e+00	-3.20801000e-05
1.67022140e+02	2026-08-24T16:20:55.557751	0.00000000e+00	1	24	-4.62770000e-05	3.32701000e-05	-2.45161000e+00	-3.22449000e-05
1.67029758e+02	2026-08-24T16:20:55.567962	0.00000000e+00	1	24	-4.52042000e-05	2.54001000e-05	-2.40147000e+00	-2.62294000e-05
1.67048856e+02	2026-08-24T16:20:55.589922	0.00000000e+00	1	24	-4.36783000e-05	2.47589000e-05	-2.35143000e+00	-2.39567000e-05
1.67064459e+02	2026-08-24T16:20:55.606038	0.00000000e+00	1	24	-4.65631000e-05	2.01437000e-05	-2.30135000e+00	-1.94470000e-05
1.67112992e+02	2026-08-24T16:20:55.653923	0.00000000e+00	1	24	-4.64678000e-05	1.73990000e-05	-2.25135000e+00	-1.79715000e-05
1.67120768e+02	2026-08-24T16:20:55.653923	0.00000000e+00	1	24	-4.34876000e-05	1.56255000e-05	-2.20116000e+00	-1.51779000e-05
1.67145684e+02	2026-08-24T16:20:55.685520	0.00000000e+00	1	24	-4.11510000e-05	1.46983000e-05	-2.15140000e+00	-1.44596000e-05
1.67176422e+02	2026-08-24T16:20:55.717206	0.00000000e+00	1	24	-4.62055000e-05	1.30011000e-05	-2.10133000e+00	-1.33877000e-05
1.67185873e+02	2026-08-24T16:20:55.717206	0.00000000e+00	1	24	-4.78983000e-05	1.23022000e-05	-2.05138000e+00	-1.22929000e-05
1.67208091e+02	2026-08-24T16:20:55.749224	0.00000000e+00	1	24	-4.46558000e-05	1.08606000e-05	-2.00139000e+00	-1.09354000e-05
1.67236931e+02	2026-08-24T16:20:55.774223	0.00000000e+00	1	24	-5.39303000e-05	9.68716000e-06	-1.95135000e+00	-9.78149000e-06
1.67262967e+02	2026-08-24T16:20:55.796827	0.00000000e+00	1	24	-5.25713000e-05	9.36568000e-06	-1.90134000e+00	-9.22865000e-06
1.67270963e+02	2026-08-24T16:20:55.812792	0.00000000e+00	1	24	-5.54562000e-05	8.31930000e-06	-1.85132000e+00	-8.34326000e-06
1.67319497e+02	2026-08-24T16:20:55.860629	0.00000000e+00	1	24	-5.43833000e-05	7.42197000e-06	-1.80126000e+00	-7.38995000e-06
1.67328724e+02	2026-08-24T16:20:55.860629	0.00000000e+00	1	24	-5.27620000e-05	6.69039000e-06	-1.75123000e+00	-6.81132000e-06
1.67350955e+02	2026-08-24T16:20:55.892321	0.00000000e+00	1	24	-5.66244000e-05	5.87860000e-06	-1.70118000e+00	-6.02887000e-06
1.67359000e+02	2026-08-24T16:20:55.894407	0.00000000e+00	1	24	-4.93526000e-05	5.42781000e-06	-1.65119000e+00	-5.51886000e-06
1.67383770e+02	2026-08-24T16:20:55.924216	0.00000000e+00	1	24	-4.89950000e-05	4.98171000e-06	-1.60110000e+00	-4.73437000e-06
1.67414951e+02	2026-08-24T16:20:55.956111	0.00000000e+00	1	24	-4.97818000e-05	4.26713000e-06	-1.55111000e+00	-4.22741000e-06
1.67422802e+02	2026-08-24T16:20:55.956111	0.00000000e+00	1	24	-4.07219000e-05	3.78620000e-06	-1.50108000e+00	-3.77370000e-06
1.67430549e+02	2026-08-24T16:20:55.972166	0.00000000e+00	1	24	-5.40257000e-05	3.33470000e-06	-1.45105000e+00	-3.32773000e-06
1.67438540e+02	2026-08-24T16:20:55.972166	0.00000000e+00	1	24	-4.44889000e-05	3.00340000e-06	-1.40099000e+00	-2.99955000e-06
1.67463089e+02	2026-08-24T16:20:56.003571	0.00000000e+00	1	24	-4.67300000e-05	2.62463000e-06	-1.35098000e+00	-2.60265000e-06
1.67494240e+02	2026-08-24T16:20:56.036062	0.00000000e+00	1	24	-5.07832000e-05	2.35602000e-06	-1.30093000e+00	-2.35421000e-06
1.67502257e+02	2026-08-24T16:20:56.036062	0.00000000e+00	1	24	-5.51939000e-05	2.13460000e-06	-1.25092000e+00	-2.09738000e-06
1.67525925e+02	2026-08-24T16:20:56.067004	0.00000000e+00	1	24	-5.11408000e-05	1.80563000e-06	-1.20083000e+00	-1.80899000e-06
1.67547455e+02	2026-08-24T16:20:56.085650	0.00000000e+00	1	24	-5.35727000e-05	1.59355000e-06	-1.15085000e+00	-1.58818000e-06
1.67575022e+02	2026-08-24T16:20:56.114902	0.00000000e+00	1	24	-4.83513000e-05	1.40553000e-06	-1.10080000e+00	-1.38680000e-06
1.67583436e+02	2026-08-24T16:20:56.125436	0.00000000e+00	1	24	-4.39405000e-05	1.18921000e-06	-1.05073000e+00	-1.17149000e-06
1.67605378e+02	2026-08-24T16:20:56.146961	0.00000000e+00	1	24	-5.05209000e-05	9.68057000e-07	-1.00075000e+00	-9.73673000e-07
1.67639784e+02	2026-08-24T16:20:56.179926	0.00000000e+00	1	24	-5.08785000e-05	7.98337000e-07	-9.50690000e-01	-8.15684000e-07
1.67668296e+02	2026-08-24T16:20:56.209520	0.00000000e+00	1	24	-5.54562000e-05	6.60208000e-07	-9.00659000e-01	-6.73091000e-07
1.67677160e+02	2026-08-24T16:20:56.209520	0.00000000e+00	1	24	-5.52893000e-05	5.75610000e-07	-8.50617000e-01	-5.64217000e-07
1.67701788e+02	2026-08-24T16:20:56.241611	0.00000000e+00	1	24	-5.66244000e-05	4.32989000e-07	-8.00597000e-01	-4.31156000e-07
1.67732436e+02	2026-08-24T16:20:56.273403	0.00000000e+00	1	24	-5.72443000e-05	3.31517000e-07	-7.50540000e-01	-3.26586000e-07
1.67741404e+02	2026-08-24T16:20:56.273403	0.00000000e+00	1	24	-5.22137000e-05	2.51692000e-07	-7.00502000e-01	-2.53082000e-07
1.67765019e+02	2026-08-24T16:20:56.305432	0.00000000e+00	1	24	-5.36680000e-05	1.93441000e-07	-6.50476000e-01	-1.88269000e-07
1.67786074e+02	2026-08-24T16:20:56.323002	0.00000000e+00	1	24	-5.33104000e-05	1.40621000e-07	-6.00417000e-01	-1.41242000e-07
1.67811939e+02	2026-08-24T16:20:56.353940	0.00000000e+00	1	24	-5.39303000e-05	9.02871000e-08	-5.50394000e-01	-8.80549000e-08
1.67915743e+02	2026-08-24T16:20:56.448272	0.00000000e+00	1	24	-4.33207000e-05	7.77931000e-08	-5.00370000e-01	-7.20317000e-08
1.67938949e+02	2026-08-24T16:20:56.479866	0.00000000e+00	1	24	-5.21421000e-05	4.84341000e-08	-4.50299000e-01	-4.79480000e-08
1.67970934e+02	2026-08-24T16:20:56.511780	0.00000000e+00	1	24	-5.37395000e-05	3.09150000e-08	-4.00312000e-01	-3.06571000e-08
1.67979581e+02	2026-08-24T16:20:56.511780	0.00000000e+00	1	24	-4.61102000e-05	2.57519000e-08	-3.50224000e-01	-2.33471000e-08
1.68002196e+02	2026-08-24T16:20:56.543292	0.00000000e+00	1	24	-4.72784000e-05	1.14144000e-08	-3.00225000e-01	-9.75739000e-09
1.68024020e+02	2026-08-24T16:20:56.564058	0.00000000e+00	1	24	-5.96762000e-05	7.89343000e-09	-2.50155000e-01	-6.96725000e-09
1.68032105e+02	2026-08-24T16:20:56.569475	0.00000000e+00	1	24	-5.08785000e-05	4.78847000e-09	-2.00038000e-01	-4.22751000e-09
1.68055979e+02	2026-08-24T16:20:56.591349	0.00000000e+00	1	24	-5.39303000e-05	2.38366000e-09	-1.50003000e-01	-2.18991000e-09
1.68064200e+02	2026-08-24T16:20:56.591349	0.00000000e+00	1	24	-4.65631000e-05	1.26802000e-09	-9.99576000e-02	-9.58562000e-10
1.68100330e+02	2026-08-24T16:20:56.639424	0.00000000e+00	1	24	-4.77314000e-05	4.65393000e-10	-4.99245000e-02	-4.48143000e-10
1.68145444e+02	2026-08-24T16:20:56.686672	0.00000000e+00	1	24	-5.48363000e-05	1.87159000e-11	5.95093000e-05	-2.26736000e-11
1.72786248e+02	2026-08-24T16:21:01.315976	0.00000000e+00	1	25	-4.09842000e-05	-1.41681000e-09	5.69820000e-05	3.89093000e-09
1.72804018e+02	2026-08-24T16:21:01.342350	0.00000000e+00	1	25	-4.43935000e-05	1.54342000e-06	-4.99223000e-02	-1.54197000e-06
1.72838520e+02	2026-08-24T16:21:01.379742	0.00000000e+00	1	25	-5.33819000e-05	3.15705000e-06	-9.99616000e-02	-3.15658000e-06
1.72861289e+02	2026-08-24T16:21:01.399261	0.00000000e+00	1	25	-4.57525000e-05	4.88070000e-06	-1.50002000e-01	-4.87792000e-06
1.72868987e+02	2026-08-24T16:21:01.399261	0.00000000e+00	1	25	-5.24044000e-05	6.77106000e-06	-2.00033000e-01	-6.76832000e-06
1.72922932e+02	2026-08-24T16:21:01.459182	0.00000000e+00	1	25	-5.12362000e-05	8.86140000e-06	-2.50163000e-01	-8.85881000e-06
1.72949879e+02	2026-08-24T16:21:01.491249	0.00000000e+00	1	25	-7.72238000e-05	1.10533000e-05	-3.00176000e-01	-1.10655000e-05
1.72963098e+02	2026-08-24T16:21:01.494022	0.00000000e+00	1	25	-3.90053000e-05	1.38307000e-05	-3.50241000e-01	-1.38355000e-05
1.72988826e+02	2026-08-24T16:21:01.522866	0.00000000e+00	1	25	-4.44889000e-05	1.67270000e-05	-4.00284000e-01	-1.67397000e-05
1.73013098e+02	2026-08-24T16:21:01.554573	0.00000000e+00	1	25	-4.34876000e-05	2.00179000e-05	-4.50286000e-01	-2.00268000e-05
1.73020787e+02	2026-08-24T16:21:01.554573	0.00000000e+00	1	25	-4.07219000e-05	2.39050000e-05	-5.00375000e-01	-2.38945000e-05
1.73028537e+02	2026-08-24T16:21:01.570221	0.00000000e+00	1	25	-4.22478000e-05	2.85030000e-05	-5.50393000e-01	-2.86364000e-05
1.73076501e+02	2026-08-24T16:21:01.617510	0.00000000e+00	1	25	-4.62770000e-05	3.36950000e-05	-6.00425000e-01	-3.36371000e-05
1.73084693e+02	2026-08-24T16:21:01.617510	0.00000000e+00	1	25	-4.77314000e-05	3.96162000e-05	-6.50446000e-01	-3.96006000e-05
1.73109635e+02	2026-08-24T16:21:01.649506	0.00000000e+00	1	25	-4.87089000e-05	4.66938000e-05	-7.00512000e-01	-4.65891000e-05
1.73139188e+02	2026-08-24T16:21:01.676053	0.00000000e+00	1	25	-4.90665000e-05	5.42236000e-05	-7.50546000e-01	-5.44070000e-05
1.73196088e+02	2026-08-24T16:21:01.729204	0.00000000e+00	1	25	-4.18901000e-05	6.30284000e-05	-8.00595000e-01	-6.30187000e-05
1.73219785e+02	2026-08-24T16:21:01.760974	0.00000000e+00	1	25	-4.30584000e-05	7.24470000e-05	-8.50606000e-01	-7.19866000e-05
1.73228124e+02	2026-08-24T16:21:01.760974	0.00000000e+00	1	25	-4.69208000e-05	8.32687000e-05	-9.00668000e-01	-8.49903000e-05
1.73251666e+02	2026-08-24T16:21:01.792664	0.00000000e+00	1	25	-4.45843000e-05	9.79033000e-05	-9.50701000e-01	-9.83888000e-05
1.73283708e+02	2026-08-24T16:21:01.824228	0.00000000e+00	1	25	-4.49419000e-05	1.10920000e-04	-1.00073000e+00	-1.09011000e-04
1.73296053e+02	2026-08-24T16:21:01.824228	0.00000000e+00	1	25	-4.31299000e-05	1.22804000e-04	-1.05075000e+00	-1.24305000e-04
1.73314934e+02	2026-08-24T16:21:01.856718	0.00000000e+00	1	25	-4.71830000e-05	1.34642000e-04	-1.10080000e+00	-1.33433000e-04
1.73347120e+02	2026-08-24T16:21:01.887408	0.00000000e+00	1	25	-5.08785000e-05	1.49396000e-04	-1.15086000e+00	-1.47334000e-04
1.73359121e+02	2026-08-24T16:21:01.897869	0.00000000e+00	1	25	-4.70161000e-05	1.54568000e-04	-1.20089000e+00	-1.49392000e-04
1.73382618e+02	2026-08-24T16:21:01.919733	0.00000000e+00	1	25	-4.17948000e-05	1.51014000e-04	-1.25093000e+00	-1.40695000e-04
1.73390260e+02	2026-08-24T16:21:01.919733	0.00000000e+00	1	25	-3.75748000e-05	1.44975000e-04	-1.30093000e+00	-1.08646000e-04
1.73411744e+02	2026-08-24T16:21:01.951046	0.00000000e+00	1	25	-6.03914000e-05	1.12071000e-04	-1.35099000e+00	-1.15117000e-04
1.73442635e+02	2026-08-24T16:21:01.982990	0.00000000e+00	1	25	-5.13315000e-05	5.33971000e-05	-1.40100000e+00	-5.15231000e-05
1.73454714e+02	2026-08-24T16:21:01.982990	0.00000000e+00	1	25	-2.86579000e-05	9.36615000e-05	-1.45105000e+00	-8.51562000e-05
1.73473430e+02	2026-08-24T16:21:02.014602	0.00000000e+00	1	25	-5.47409000e-05	3.97911000e-05	-1.50106000e+00	-4.55026000e-05
1.73508913e+02	2026-08-24T16:21:02.046377	0.00000000e+00	1	25	-4.51088000e-05	5.49510000e-05	-1.55112000e+00	-3.95870000e-05
1.73536962e+02	2026-08-24T16:21:02.078262	0.00000000e+00	1	25	-4.62770000e-05	4.34306000e-05	-1.60113000e+00	-4.41561000e-05
1.73544846e+02	2026-08-24T16:21:02.078262	0.00000000e+00	1	25	-3.49522000e-05	5.41039000e-05	-1.65116000e+00	-4.80797000e-05
1.73569891e+02	2026-08-24T16:21:02.109785	0.00000000e+00	1	25	-5.42879000e-05	3.24318000e-05	-1.70120000e+00	-3.07504000e-05
1.73600914e+02	2026-08-24T16:21:02.141373	0.00000000e+00	1	25	-5.28574000e-05	3.58057000e-05	-1.75125000e+00	-3.64438000e-05
1.73609143e+02	2026-08-24T16:21:02.141373	0.00000000e+00	1	25	-5.35727000e-05	3.97371000e-05	-1.80124000e+00	-4.65856000e-05
1.73631934e+02	2026-08-24T16:21:02.173003	0.00000000e+00	1	25	-5.27620000e-05	4.93206000e-05	-1.85130000e+00	-4.54594000e-05
1.73663221e+02	2026-08-24T16:21:02.204602	0.00000000e+00	1	25	-4.97818000e-05	4.16939000e-05	-1.90131000e+00	-4.18165000e-05
1.73674976e+02	2026-08-24T16:21:02.204602	0.00000000e+00	1	25	-4.21524000e-05	5.37957000e-05	-1.95134000e+00	-4.74469000e-05
1.73698528e+02	2026-08-24T16:21:02.236172	0.00000000e+00	1	25	-5.07832000e-05	4.95160000e-05	-2.00139000e+00	-4.59961000e-05
1.73707295e+02	2026-08-24T16:21:02.236172	0.00000000e+00	1	25	-5.42879000e-05	5.11834000e-05	-2.05126000e+00	-5.31604000e-05
1.73729129e+02	2026-08-24T16:21:02.269537	0.00000000e+00	1	25	-5.34773000e-05	4.30539000e-05	-2.10131000e+00	-4.00878000e-05
1.73759499e+02	2026-08-24T16:21:02.299287	0.00000000e+00	1	25	-5.60045000e-05	3.97584000e-05	-2.15145000e+00	-4.27504000e-05
1.73767347e+02	2026-08-24T16:21:02.299287	0.00000000e+00	1	25	-5.24998000e-05	4.36121000e-05	-2.20143000e+00	-3.95750000e-05
1.73790320e+02	2026-08-24T16:21:02.332041	0.00000000e+00	1	25	-4.92573000e-05	3.87196000e-05	-2.25129000e+00	-3.91946000e-05
1.73822617e+02	2026-08-24T16:21:02.363214	0.00000000e+00	1	25	-4.62770000e-05	4.26725000e-05	-2.30134000e+00	-4.10574000e-05
1.73834340e+02	2026-08-24T16:21:02.370602	0.00000000e+00	1	25	-5.16891000e-05	4.21867000e-05	-2.35144000e+00	-3.79983000e-05
1.73853675e+02	2026-08-24T16:21:02.395150	0.00000000e+00	1	25	-5.61714000e-05	3.95180000e-05	-2.40176000e+00	-3.78376000e-05
1.73861225e+02	2026-08-24T16:21:02.395150	0.00000000e+00	1	25	-5.28574000e-05	4.42714000e-05	-2.45165000e+00	-3.60248000e-05
1.73887099e+02	2026-08-24T16:21:02.426964	0.00000000e+00	1	25	-4.72784000e-05	2.90569000e-05	-2.50182000e+00	-3.16240000e-05
1.73920265e+02	2026-08-24T16:21:02.458400	0.00000000e+00	1	25	-5.68151000e-05	3.01283000e-05	-2.50171000e+00	-3.15241000e-05
1.73928148e+02	2026-08-24T16:21:02.458400	0.00000000e+00	1	25	-5.02348000e-05	2.73141000e-05	-2.45156000e+00	-2.82534000e-05
1.73951070e+02	2026-08-24T16:21:02.489883	0.00000000e+00	1	25	-4.59194000e-05	2.37406000e-05	-2.40157000e+00	-2.48401000e-05
1.73980374e+02	2026-08-24T16:21:02.521896	0.00000000e+00	1	25	-5.53608000e-05	2.00010000e-05	-2.35149000e+00	-2.03636000e-05
1.73988149e+02	2026-08-24T16:21:02.529947	0.00000000e+00	1	25	-5.65290000e-05	1.93470000e-05	-2.30123000e+00	-1.87172000e-05
1.74011555e+02	2026-08-24T16:21:02.552934	0.00000000e+00	1	25	-4.67300000e-05	1.72444000e-05	-2.25130000e+00	-1.71585000e-05
1.74051251e+02	2026-08-24T16:21:02.584665	0.00000000e+00	1	25	-5.13315000e-05	1.62499000e-05	-2.20153000e+00	-1.63757000e-05
1.74075433e+02	2026-08-24T16:21:02.616434	0.00000000e+00	1	25	-5.16891000e-05	1.54488000e-05	-2.15140000e+00	-1.54760000e-05
1.74083885e+02	2026-08-24T16:21:02.616434	0.00000000e+00	1	25	-5.40972000e-05	1.39690000e-05	-2.10117000e+00	-1.44489000e-05
1.74108116e+02	2026-08-24T16:21:02.648333	0.00000000e+00	1	25	-4.85420000e-05	1.33435000e-05	-2.05135000e+00	-1.33595000e-05
1.74138121e+02	2026-08-24T16:21:02.680123	0.00000000e+00	1	25	-5.38349000e-05	1.16703000e-05	-2.00134000e+00	-1.15812000e-05
1.74160757e+02	2026-08-24T16:21:02.695764	0.00000000e+00	1	25	-4.76360000e-05	1.04724000e-05	-1.95135000e+00	-1.05348000e-05
1.74168980e+02	2026-08-24T16:21:02.695764	0.00000000e+00	1	25	-4.02689000e-05	9.63185000e-06	-1.90132000e+00	-9.56731000e-06
1.74218169e+02	2026-08-24T16:21:02.759068	0.00000000e+00	1	25	-4.51088000e-05	8.63296000e-06	-1.85129000e+00	-8.55127000e-06
1.74226652e+02	2026-08-24T16:21:02.759068	0.00000000e+00	1	25	-6.40869000e-05	8.00754000e-06	-1.80123000e+00	-8.05506000e-06
1.74250717e+02	2026-08-24T16:21:02.791092	0.00000000e+00	1	25	-5.40257000e-05	7.33034000e-06	-1.75124000e+00	-7.25111000e-06
1.74281577e+02	2026-08-24T16:21:02.822913	0.00000000e+00	1	25	-5.28574000e-05	7.49868000e-06	-1.70120000e+00	-7.39178000e-06
1.74290320e+02	2026-08-24T16:21:02.822913	0.00000000e+00	1	25	-4.83513000e-05	6.71729000e-06	-1.65117000e+00	-6.63279000e-06
1.74315205e+02	2026-08-24T16:21:02.854772	0.00000000e+00	1	25	-5.09500000e-05	5.27049000e-06	-1.60112000e+00	-5.28617000e-06
1.74345412e+02	2026-08-24T16:21:02.886612	0.00000000e+00	1	25	-4.64678000e-05	4.92308000e-06	-1.55111000e+00	-4.90314000e-06
1.74353724e+02	2026-08-24T16:21:02.886612	0.00000000e+00	1	25	-4.51088000e-05	4.33539000e-06	-1.50108000e+00	-4.37193000e-06
1.74377616e+02	2026-08-24T16:21:02.918308	0.00000000e+00	1	25	-4.50373000e-05	3.91446000e-06	-1.45105000e+00	-3.83083000e-06
1.74405543e+02	2026-08-24T16:21:02.943038	0.00000000e+00	1	25	-4.84467000e-05	3.42825000e-06	-1.40099000e+00	-3.42478000e-06
1.74434706e+02	2026-08-24T16:21:02.965801	0.00000000e+00	1	25	-4.86136000e-05	3.09495000e-06	-1.35098000e+00	-3.07266000e-06
1.74456892e+02	2026-08-24T16:21:02.997809	0.00000000e+00	1	25	-4.66347000e-05	2.71451000e-06	-1.30093000e+00	-2.69850000e-06
1.74488821e+02	2026-08-24T16:21:03.029738	0.00000000e+00	1	25	-4.51088000e-05	2.33715000e-06	-1.25093000e+00	-2.32368000e-06
1.74498248e+02	2026-08-24T16:21:03.029738	0.00000000e+00	1	25	-4.33207000e-05	2.06742000e-06	-1.20087000e+00	-2.03619000e-06
1.74520283e+02	2026-08-24T16:21:03.061323	0.00000000e+00	1	25	-4.78983000e-05	1.84112000e-06	-1.15088000e+00	-1.84124000e-06
1.74528424e+02	2026-08-24T16:21:03.061323	0.00000000e+00	1	25	-3.82900000e-05	1.62257000e-06	-1.10080000e+00	-1.62633000e-06
1.74553128e+02	2026-08-24T16:21:03.092965	0.00000000e+00	1	25	-4.90665000e-05	1.34490000e-06	-1.05073000e+00	-1.34225000e-06
1.74584569e+02	2026-08-24T16:21:03.124514	0.00000000e+00	1	25	-4.51088000e-05	1.18422000e-06	-1.00073000e+00	-1.15587000e-06
1.74592408e+02	2026-08-24T16:21:03.124514	0.00000000e+00	1	25	-4.08888000e-05	1.04735000e-06	-9.50710000e-01	-1.05135000e-06
1.74615109e+02	2026-08-24T16:21:03.156859	0.00000000e+00	1	25	-4.59194000e-05	8.79134000e-07	-9.00642000e-01	-8.92108000e-07
1.74634941e+02	2026-08-24T16:21:03.174474	0.00000000e+00	1	25	-4.58479000e-05	7.40864000e-07	-8.50592000e-01	-7.48645000e-07
1.74664982e+02	2026-08-24T16:21:03.203873	0.00000000e+00	1	25	-4.57525000e-05	5.32924000e-07	-8.00590000e-01	-5.35732000e-07
1.74672742e+02	2026-08-24T16:21:03.203873	0.00000000e+00	1	25	-4.52042000e-05	4.32031000e-07	-7.50564000e-01	-4.36640000e-07
1.74694601e+02	2026-08-24T16:21:03.235690	0.00000000e+00	1	25	-4.66347000e-05	3.19417000e-07	-7.00525000e-01	-2.90757000e-07
1.74728269e+02	2026-08-24T16:21:03.266606	0.00000000e+00	1	25	-4.61102000e-05	2.15297000e-07	-6.50453000e-01	-2.14143000e-07
1.74742559e+02	2026-08-24T16:21:03.282243	0.00000000e+00	1	25	-4.80890000e-05	1.72515000e-07	-6.00443000e-01	-1.70352000e-07
1.74762572e+02	2026-08-24T16:21:03.298161	0.00000000e+00	1	25	-4.55618000e-05	1.36447000e-07	-5.50405000e-01	-1.33302000e-07
1.74771233e+02	2026-08-24T16:21:03.298161	0.00000000e+00	1	25	-4.47512000e-05	1.00435000e-07	-5.00345000e-01	-7.60285000e-08
1.74852360e+02	2026-08-24T16:21:03.393270	0.00000000e+00	1	25	-4.25100000e-05	5.73085000e-08	-4.50302000e-01	-5.81304000e-08
1.74914725e+02	2026-08-24T16:21:03.451509	0.00000000e+00	1	25	-3.49522000e-05	4.94893000e-08	-4.00308000e-01	-3.94147000e-08
1.74937269e+02	2026-08-24T16:21:03.472722	0.00000000e+00	1	25	-3.94583000e-05	3.38868000e-08	-3.50258000e-01	-3.17272000e-08
1.74945431e+02	2026-08-24T16:21:03.472722	0.00000000e+00	1	25	-4.05312000e-05	2.48544000e-08	-3.00224000e-01	-2.22203000e-08
1.74982356e+02	2026-08-24T16:21:03.520174	0.00000000e+00	1	25	-4.65631000e-05	1.23307000e-08	-2.50173000e-01	-1.22461000e-08
1.74993965e+02	2026-08-24T16:21:03.535861	0.00000000e+00	1	25	-4.16994000e-05	1.02225000e-08	-2.00044000e-01	-7.06658000e-09
1.75016709e+02	2026-08-24T16:21:03.553163	0.00000000e+00	1	25	-4.64678000e-05	5.47328000e-09	-1.50009000e-01	-4.93581000e-09
1.75024709e+02	2026-08-24T16:21:03.562590	0.00000000e+00	1	25	-4.33207000e-05	3.18151000e-09	-9.99702000e-02	-2.64223000e-09
1.75052856e+02	2026-08-24T16:21:03.583467	0.00000000e+00	1	25	-4.42982000e-05	1.05979000e-09	-4.99306000e-02	-9.27889000e-10
1.75073707e+02	2026-08-24T16:21:03.615189	0.00000000e+00	1	25	-4.62770000e-05	9.48787000e-11	6.34670000e-05	-1.93548000e-10
1.79661759e+02	2026-08-24T16:21:08.199348	0.00000000e+00	1	26	-3.72887000e-05	-1.67378000e-09	6.20365000e-05	4.28243000e-09
1.79669585e+02	2026-08-24T16:21:08.199348	0.00000000e+00	1	26	-4.79937000e-05	1.84527000e-06	-4.99196000e-02	-1.84198000e-06
1.79696146e+02	2026-08-24T16:21:08.231106	0.00000000e+00	1	26	-4.05312000e-05	3.79897000e-06	-9.99607000e-02	-3.79684000e-06
1.79739322e+02	2026-08-24T16:21:08.278499	0.00000000e+00	1	26	-5.36680000e-05	5.99064000e-06	-1.49997000e-01	-5.99173000e-06
1.79769342e+02	2026-08-24T16:21:08.310996	0.00000000e+00	1	26	-5.51939000e-05	8.47611000e-06	-2.00033000e-01	-8.47623000e-06
1.79777265e+02	2026-08-24T16:21:08.310996	0.00000000e+00	1	26	-9.04322000e-05	1.11351000e-05	-2.50135000e-01	-1.11461000e-05
1.79796488e+02	2026-08-24T16:21:08.336547	0.00000000e+00	1	26	-4.70161000e-05	1.43815000e-05	-3.00221000e-01	-1.44807000e-05
1.79816834e+02	2026-08-24T16:21:08.358031	0.00000000e+00	1	26	-4.48465000e-05	1.83714000e-05	-3.50225000e-01	-1.85589000e-05
1.79838306e+02	2026-08-24T16:21:08.373677	0.00000000e+00	1	26	-4.74453000e-05	2.31426000e-05	-4.00293000e-01	-2.31212000e-05
1.79845864e+02	2026-08-24T16:21:08.373677	0.00000000e+00	1	26	-5.05209000e-05	2.83533000e-05	-4.50318000e-01	-2.83647000e-05
1.79878664e+02	2026-08-24T16:21:08.405349	0.00000000e+00	1	26	-4.95195000e-05	3.45527000e-05	-5.00359000e-01	-3.44989000e-05
1.79927841e+02	2026-08-24T16:21:08.468873	0.00000000e+00	1	26	-4.60148000e-05	4.16876000e-05	-5.50382000e-01	-4.17066000e-05
1.79936635e+02	2026-08-24T16:21:08.468873	0.00000000e+00	1	26	-4.97103000e-05	4.98614000e-05	-6.00441000e-01	-4.98603000e-05
1.79959771e+02	2026-08-24T16:21:08.500934	0.00000000e+00	1	26	-4.82559000e-05	5.86813000e-05	-6.50431000e-01	-5.87088000e-05
1.79990595e+02	2026-08-24T16:21:08.523678	0.00000000e+00	1	26	-4.77314000e-05	6.81031000e-05	-7.00497000e-01	-6.76468000e-05
1.80013368e+02	2026-08-24T16:21:08.548771	0.00000000e+00	1	26	-5.39303000e-05	7.85330000e-05	-7.50548000e-01	-7.91084000e-05
1.80024322e+02	2026-08-24T16:21:08.564453	0.00000000e+00	1	26	-5.23090000e-05	9.26897000e-05	-8.00592000e-01	-9.13291000e-05
1.80063680e+02	2026-08-24T16:21:08.598676	0.00000000e+00	1	26	-4.75407000e-05	1.00971000e-04	-8.50587000e-01	-9.98285000e-05
1.80086166e+02	2026-08-24T16:21:08.627298	0.00000000e+00	1	26	-4.39405000e-05	1.01770000e-04	-9.00667000e-01	-1.01855000e-04
1.80094001e+02	2026-08-24T16:21:08.627298	0.00000000e+00	1	26	-4.46558000e-05	1.15752000e-04	-9.50684000e-01	-1.11371000e-04
1.80120411e+02	2026-08-24T16:21:08.658714	0.00000000e+00	1	26	-4.44889000e-05	1.15789000e-04	-1.00075000e+00	-1.13983000e-04
1.80149545e+02	2026-08-24T16:21:08.691545	0.00000000e+00	1	26	-4.67300000e-05	1.26922000e-04	-1.05076000e+00	-1.23001000e-04
1.80157805e+02	2026-08-24T16:21:08.691545	0.00000000e+00	1	26	-4.76360000e-05	1.08006000e-04	-1.10080000e+00	-1.11447000e-04
1.80184301e+02	2026-08-24T16:21:08.722331	0.00000000e+00	1	26	-4.26054000e-05	1.10367000e-04	-1.15087000e+00	-1.10854000e-04
1.80212171e+02	2026-08-24T16:21:08.753783	0.00000000e+00	1	26	-4.65631000e-05	1.02811000e-04	-1.20084000e+00	-9.28839000e-05
1.80234404e+02	2026-08-24T16:21:08.770007	0.00000000e+00	1	26	-5.17607000e-05	1.18394000e-04	-1.25093000e+00	-9.77374000e-05
1.80259463e+02	2026-08-24T16:21:08.800483	0.00000000e+00	1	26	-5.05209000e-05	5.53218000e-05	-1.30091000e+00	-5.32479000e-05
1.80272277e+02	2026-08-24T16:21:08.800483	0.00000000e+00	1	26	-3.30687000e-05	7.66139000e-05	-1.35098000e+00	-6.19715000e-05
1.80290801e+02	2026-08-24T16:21:08.832205	0.00000000e+00	1	26	-5.14984000e-05	4.68902000e-05	-1.40099000e+00	-4.42759000e-05
1.80325860e+02	2026-08-24T16:21:08.863992	0.00000000e+00	1	26	-5.15938000e-05	5.38287000e-05	-1.45105000e+00	-5.01140000e-05
1.80333789e+02	2026-08-24T16:21:08.869691	0.00000000e+00	1	26	-4.50373000e-05	6.37766000e-05	-1.50108000e+00	-5.57522000e-05
1.80354706e+02	2026-08-24T16:21:08.895696	0.00000000e+00	1	26	-5.08785000e-05	4.45241000e-05	-1.55111000e+00	-3.76183000e-05
1.80390388e+02	2026-08-24T16:21:08.928067	0.00000000e+00	1	26	-4.82559000e-05	4.14954000e-05	-1.60113000e+00	-4.27471000e-05
1.80418017e+02	2026-08-24T16:21:08.959216	0.00000000e+00	1	26	-5.01633000e-05	3.97767000e-05	-1.65119000e+00	-4.05426000e-05
1.80427003e+02	2026-08-24T16:21:08.959216	0.00000000e+00	1	26	-5.62668000e-05	4.45083000e-05	-1.70119000e+00	-4.76768000e-05
1.80450021e+02	2026-08-24T16:21:08.991611	0.00000000e+00	1	26	-4.46558000e-05	3.11415000e-05	-1.75123000e+00	-3.29873000e-05
1.80465122e+02	2026-08-24T16:21:09.006699	0.00000000e+00	1	26	-5.05924000e-05	4.23833000e-05	-1.80124000e+00	-3.84472000e-05
1.80489257e+02	2026-08-24T16:21:09.022602	0.00000000e+00	1	26	-4.33207000e-05	4.14991000e-05	-1.85130000e+00	-3.57741000e-05
1.80496870e+02	2026-08-24T16:21:09.038641	0.00000000e+00	1	26	-4.86136000e-05	3.45958000e-05	-1.90133000e+00	-3.78117000e-05
1.80550497e+02	2026-08-24T16:21:09.086597	0.00000000e+00	1	26	-4.91619000e-05	3.41936000e-05	-1.95135000e+00	-3.58830000e-05
1.80577334e+02	2026-08-24T16:21:09.118388	0.00000000e+00	1	26	-4.76360000e-05	3.84346000e-05	-2.00136000e+00	-4.06949000e-05
1.80609215e+02	2026-08-24T16:21:09.150363	0.00000000e+00	1	26	-4.64678000e-05	3.86955000e-05	-2.05128000e+00	-4.05566000e-05
1.80616596e+02	2026-08-24T16:21:09.150363	0.00000000e+00	1	26	-4.52995000e-05	3.99374000e-05	-2.10145000e+00	-4.00924000e-05
1.80641128e+02	2026-08-24T16:21:09.182184	0.00000000e+00	1	26	-5.47409000e-05	4.69293000e-05	-2.15173000e+00	-3.92501000e-05
1.80649371e+02	2026-08-24T16:21:09.182184	0.00000000e+00	1	26	-4.85420000e-05	4.47249000e-05	-2.20159000e+00	-4.19768000e-05
1.80675032e+02	2026-08-24T16:21:09.214656	0.00000000e+00	1	26	-5.20468000e-05	3.66088000e-05	-2.25138000e+00	-3.94611000e-05
1.80704488e+02	2026-08-24T16:21:09.245865	0.00000000e+00	1	26	-5.25713000e-05	6.08502000e-05	-2.30136000e+00	-6.15396000e-05
1.80713367e+02	2026-08-24T16:21:09.245865	0.00000000e+00	1	26	-4.44889000e-05	6.81232000e-05	-2.35149000e+00	-6.57503000e-05
1.80738216e+02	2026-08-24T16:21:09.277550	0.00000000e+00	1	26	-5.30243000e-05	4.77379000e-05	-2.40164000e+00	-4.58954000e-05
1.80767889e+02	2026-08-24T16:21:09.309335	0.00000000e+00	1	26	-5.41925000e-05	4.95910000e-05	-2.45162000e+00	-4.94149000e-05
1.80775783e+02	2026-08-24T16:21:09.309335	0.00000000e+00	1	26	-5.20468000e-05	4.55358000e-05	-2.50181000e+00	-4.58981000e-05
1.80782265e+02	2026-08-24T16:21:09.320518	0.00000000e+00	1	26	-4.36783000e-05	4.18430000e-05	-2.50181000e+00	-2.69407000e-05
1.80831486e+02	2026-08-24T16:21:09.372912	0.00000000e+00	1	26	-5.30243000e-05	2.24925000e-05	-2.45171000e+00	-2.21848000e-05
1.80839615e+02	2026-08-24T16:21:09.372912	0.00000000e+00	1	26	-5.42879000e-05	2.26683000e-05	-2.40166000e+00	-2.23087000e-05
1.80863523e+02	2026-08-24T16:21:09.404559	0.00000000e+00	1	26	-4.73738000e-05	2.12610000e-05	-2.35147000e+00	-2.04109000e-05
1.80898144e+02	2026-08-24T16:21:09.437122	0.00000000e+00	1	26	-4.83513000e-05	1.97320000e-05	-2.30146000e+00	-1.96590000e-05
1.80907342e+02	2026-08-24T16:21:09.437122	0.00000000e+00	1	26	-5.43833000e-05	1.79922000e-05	-2.25140000e+00	-1.80796000e-05
1.80932346e+02	2026-08-24T16:21:09.468279	0.00000000e+00	1	26	-5.30243000e-05	1.56866000e-05	-2.20144000e+00	-1.57898000e-05
1.80940017e+02	2026-08-24T16:21:09.468279	0.00000000e+00	1	26	-9.06229000e-05	1.49045000e-05	-2.15134000e+00	-1.47804000e-05
1.80958614e+02	2026-08-24T16:21:09.499985	0.00000000e+00	1	26	-5.47409000e-05	1.30081000e-05	-2.10136000e+00	-1.28784000e-05
1.80990819e+02	2026-08-24T16:21:09.531709	0.00000000e+00	1	26	-5.05209000e-05	1.20238000e-05	-2.05122000e+00	-1.23523000e-05
1.80998794e+02	2026-08-24T16:21:09.533720	0.00000000e+00	1	26	-5.03302000e-05	1.11456000e-05	-2.00136000e+00	-1.14023000e-05
1.81022110e+02	2026-08-24T16:21:09.563158	0.00000000e+00	1	26	-5.13315000e-05	1.02900000e-05	-1.95135000e+00	-1.02575000e-05
1.81060593e+02	2026-08-24T16:21:09.595048	0.00000000e+00	1	26	-4.40359000e-05	9.73067000e-06	-1.90131000e+00	-9.66644000e-06
1.81085148e+02	2026-08-24T16:21:09.626580	0.00000000e+00	1	26	-6.24657000e-05	8.75574000e-06	-1.85129000e+00	-8.70672000e-06
1.81094387e+02	2026-08-24T16:21:09.626580	0.00000000e+00	1	26	-5.98669000e-05	8.17334000e-06	-1.80124000e+00	-8.06368000e-06
1.81119780e+02	2026-08-24T16:21:09.659056	0.00000000e+00	1	26	-5.39303000e-05	7.30351000e-06	-1.75123000e+00	-7.41113000e-06
1.81149227e+02	2026-08-24T16:21:09.690244	0.00000000e+00	1	26	-6.55174000e-05	6.40824000e-06	-1.70121000e+00	-6.45444000e-06
1.81157747e+02	2026-08-24T16:21:09.693410	0.00000000e+00	1	26	-5.30243000e-05	5.84092000e-06	-1.65119000e+00	-5.78084000e-06
1.81180389e+02	2026-08-24T16:21:09.721677	0.00000000e+00	1	26	-5.24998000e-05	5.40889000e-06	-1.60113000e+00	-5.35496000e-06
1.81189199e+02	2026-08-24T16:21:09.730732	0.00000000e+00	1	26	-5.90563000e-05	4.79455000e-06	-1.55112000e+00	-4.83953000e-06
1.81217919e+02	2026-08-24T16:21:09.758083	0.00000000e+00	1	26	-5.40972000e-05	4.27200000e-06	-1.50107000e+00	-4.22848000e-06
1.81231517e+02	2026-08-24T16:21:09.773107	0.00000000e+00	1	26	-5.51939000e-05	3.86850000e-06	-1.45104000e+00	-3.80947000e-06
1.81259404e+02	2026-08-24T16:21:09.800639	0.00000000e+00	1	26	-5.76973000e-05	3.62530000e-06	-1.40099000e+00	-3.53566000e-06
1.81268097e+02	2026-08-24T16:21:09.800639	0.00000000e+00	1	26	-6.37293000e-05	3.13309000e-06	-1.35101000e+00	-3.18599000e-06
1.81292952e+02	2026-08-24T16:21:09.832129	0.00000000e+00	1	26	-6.01292000e-05	2.80622000e-06	-1.30095000e+00	-2.78558000e-06
1.81323889e+02	2026-08-24T16:21:09.863634	0.00000000e+00	1	26	-5.86987000e-05	2.46691000e-06	-1.25092000e+00	-2.54833000e-06
1.81332407e+02	2026-08-24T16:21:09.863634	0.00000000e+00	1	26	-5.60045000e-05	2.10555000e-06	-1.20087000e+00	-2.11699000e-06
1.81354523e+02	2026-08-24T16:21:09.895392	0.00000000e+00	1	26	-5.19514000e-05	1.97191000e-06	-1.15088000e+00	-1.91386000e-06
1.81386462e+02	2026-08-24T16:21:09.927444	0.00000000e+00	1	26	-5.42879000e-05	1.63180000e-06	-1.10079000e+00	-1.62753000e-06
1.81395352e+02	2026-08-24T16:21:09.927444	0.00000000e+00	1	26	-5.91517000e-05	1.47434000e-06	-1.05075000e+00	-1.43828000e-06
1.81417445e+02	2026-08-24T16:21:09.958893	0.00000000e+00	1	26	-5.58138000e-05	1.21539000e-06	-1.00073000e+00	-1.17957000e-06
1.81425259e+02	2026-08-24T16:21:09.959479	0.00000000e+00	1	26	-5.69820000e-05	9.77204000e-07	-9.50710000e-01	-9.69192000e-07
1.81445266e+02	2026-08-24T16:21:09.982918	0.00000000e+00	1	26	-5.09500000e-05	7.92907000e-07	-9.00644000e-01	-7.90681000e-07
1.81466521e+02	2026-08-24T16:21:10.006289	0.00000000e+00	1	26	-5.50985000e-05	5.91190000e-07	-8.50610000e-01	-5.92374000e-07
1.81475603e+02	2026-08-24T16:21:10.006289	0.00000000e+00	1	26	-4.69208000e-05	5.18456000e-07	-8.00611000e-01	-5.07375000e-07
1.81497380e+02	2026-08-24T16:21:10.038356	0.00000000e+00	1	26	-5.78880000e-05	3.79122000e-07	-7.50560000e-01	-3.68884000e-07
1.81506204e+02	2026-08-24T16:21:10.038356	0.00000000e+00	1	26	-5.58138000e-05	3.08006000e-07	-7.00523000e-01	-3.07435000e-07
1.81530597e+02	2026-08-24T16:21:10.070450	0.00000000e+00	1	26	-5.75304000e-05	2.35227000e-07	-6.50441000e-01	-2.22016000e-07
1.81561691e+02	2026-08-24T16:21:10.102992	0.00000000e+00	1	26	-5.00679000e-05	1.72508000e-07	-6.00450000e-01	-1.64286000e-07
1.81569485e+02	2026-08-24T16:21:10.102992	0.00000000e+00	1	26	-4.84467000e-05	1.13483000e-07	-5.50395000e-01	-1.11064000e-07
1.81593207e+02	2026-08-24T16:21:10.134104	0.00000000e+00	1	26	-5.67198000e-05	7.90661000e-08	-5.00347000e-01	-7.77839000e-08
1.81697034e+02	2026-08-24T16:21:10.230126	0.00000000e+00	1	26	-4.23193000e-05	7.12720000e-08	-4.50309000e-01	-6.58202000e-08
1.81721151e+02	2026-08-24T16:21:10.262033	0.00000000e+00	1	26	-5.24998000e-05	4.18315000e-08	-4.00306000e-01	-3.99896000e-08
1.81753915e+02	2026-08-24T16:21:10.293736	0.00000000e+00	1	26	-4.89950000e-05	2.72497000e-08	-3.50245000e-01	-2.67793000e-08
1.81764235e+02	2026-08-24T16:21:10.293736	0.00000000e+00	1	26	-4.03404000e-05	2.44011000e-08	-3.00198000e-01	-2.14797000e-08
1.81788710e+02	2026-08-24T16:21:10.326342	0.00000000e+00	1	26	-3.53098000e-05	1.80869000e-08	-2.50172000e-01	-1.41781000e-08
1.81796740e+02	2026-08-24T16:21:10.326342	0.00000000e+00	1	26	-4.40359000e-05	7.93779000e-09	-2.00045000e-01	-6.61545000e-09
1.81817695e+02	2026-08-24T16:21:10.358177	0.00000000e+00	1	26	-4.67300000e-05	2.84115000e-09	-1.50011000e-01	-2.82243000e-09
1.81850713e+02	2026-08-24T16:21:10.389453	0.00000000e+00	1	26	-5.19514000e-05	1.40893000e-09	-9.99707000e-02	-1.12942000e-09
1.81858903e+02	2026-08-24T16:21:10.389453	0.00000000e+00	1	26	-5.37395000e-05	6.05392000e-10	-4.99329000e-02	-6.21426000e-10
1.81880427e+02	2026-08-24T16:21:10.421415	0.00000000e+00	1	26	-4.62055000e-05	1.41978000e-10	5.58138000e-05	-2.93422000e-10
1.86574249e+02	2026-08-24T16:21:15.115680	0.00000000e+00	1	27	-4.95195000e-05	-1.26346000e-09	7.15733000e-05	4.55465000e-09
1.86619584e+02	2026-08-24T16:21:15.157924	0.00000000e+00	1	27	-5.18560000e-05	1.28794000e-06	-4.99269000e-02	-1.28385000e-06
1.86669865e+02	2026-08-24T16:21:15.211296	0.00000000e+00	1	27	-5.58138000e-05	2.61726000e-06	-9.99652000e-02	-2.61504000e-06
1.86677879e+02	2026-08-24T16:21:15.212074	0.00000000e+00	1	27	-6.12974000e-05	4.01897000e-06	-1.49998000e-01	-4.01788000e-06
1.86685652e+02	2026-08-24T16:21:15.227385	0.00000000e+00	1	27	-6.41823000e-05	5.52913000e-06	-2.00031000e-01	-5.52731000e-06
1.86734934e+02	2026-08-24T16:21:15.275388	0.00000000e+00	1	27	-6.37293000e-05	7.22015000e-06	-2.50169000e-01	-7.21538000e-06
1.86743371e+02	2026-08-24T16:21:15.275388	0.00000000e+00	1	27	-6.02245000e-05	9.06754000e-06	-3.00191000e-01	-9.06441000e-06
1.86766407e+02	2026-08-24T16:21:15.307357	0.00000000e+00	1	27	-9.60112000e-05	1.11296000e-05	-3.50217000e-01	-1.11254000e-05
1.86798330e+02	2026-08-24T16:21:15.339961	0.00000000e+00	1	27	-5.19514000e-05	1.35196000e-05	-4.00294000e-01	-1.35194000e-05
1.86829432e+02	2026-08-24T16:21:15.370853	0.00000000e+00	1	27	-5.47409000e-05	1.63185000e-05	-4.50310000e-01	-1.63177000e-05
1.86837585e+02	2026-08-24T16:21:15.371454	0.00000000e+00	1	27	-4.82559000e-05	1.96060000e-05	-5.00367000e-01	-1.96076000e-05
1.86862289e+02	2026-08-24T16:21:15.402783	0.00000000e+00	1	27	-5.24998000e-05	2.34931000e-05	-5.50400000e-01	-2.35165000e-05
1.86893585e+02	2026-08-24T16:21:15.434753	0.00000000e+00	1	27	-5.05209000e-05	2.81073000e-05	-6.00428000e-01	-2.80839000e-05
1.86901888e+02	2026-08-24T16:21:15.434753	0.00000000e+00	1	27	-4.98772000e-05	3.38227000e-05	-6.50441000e-01	-3.37422000e-05
1.86926728e+02	2026-08-24T16:21:15.466745	0.00000000e+00	1	27	-5.78880000e-05	3.99240000e-05	-7.00496000e-01	-3.99210000e-05
1.86957839e+02	2026-08-24T16:21:15.498678	0.00000000e+00	1	27	-5.14984000e-05	4.77145000e-05	-7.50554000e-01	-4.77331000e-05
1.86966677e+02	2026-08-24T16:21:15.498678	0.00000000e+00	1	27	-5.10454000e-05	5.65357000e-05	-8.00599000e-01	-5.66123000e-05
1.86989365e+02	2026-08-24T16:21:15.530431	0.00000000e+00	1	27	-5.33819000e-05	6.48373000e-05	-8.50572000e-01	-6.49351000e-05
1.87027882e+02	2026-08-24T16:21:15.561962	0.00000000e+00	1	27	-5.29289000e-05	7.28911000e-05	-9.00661000e-01	-7.24845000e-05
1.87041639e+02	2026-08-24T16:21:15.580580	0.00000000e+00	1	27	-5.20468000e-05	8.43488000e-05	-9.50687000e-01	-8.49122000e-05
1.87049650e+02	2026-08-24T16:21:15.580580	0.00000000e+00	1	27	-5.27620000e-05	9.54150000e-05	-1.00071000e+00	-9.49341000e-05
1.87068191e+02	2026-08-24T16:21:15.609581	0.00000000e+00	1	27	-5.76258000e-05	9.15686000e-05	-1.05073000e+00	-8.91731000e-05
1.87106218e+02	2026-08-24T16:21:15.641418	0.00000000e+00	1	27	-6.03914000e-05	8.80585000e-05	-1.10078000e+00	-7.54732000e-05
1.87137513e+02	2026-08-24T16:21:15.673112	0.00000000e+00	1	27	-4.94242000e-05	9.29150000e-05	-1.15086000e+00	-8.48244000e-05
1.87148938e+02	2026-08-24T16:21:15.688834	0.00000000e+00	1	27	-4.87089000e-05	9.38013000e-05	-1.20084000e+00	-8.45577000e-05
1.87199365e+02	2026-08-24T16:21:15.737199	0.00000000e+00	1	27	-4.12464000e-05	9.55364000e-05	-1.25089000e+00	-9.55605000e-05
1.87207446e+02	2026-08-24T16:21:15.737199	0.00000000e+00	1	27	-5.45502000e-05	9.88416000e-05	-1.30095000e+00	-9.16782000e-05
1.87227953e+02	2026-08-24T16:21:15.769057	0.00000000e+00	1	27	-4.11510000e-05	6.66057000e-05	-1.35100000e+00	-5.58021000e-05
1.87292220e+02	2026-08-24T16:21:15.833920	0.00000000e+00	1	27	-4.44889000e-05	6.17886000e-05	-1.40101000e+00	-5.69693000e-05
1.87300740e+02	2026-08-24T16:21:15.833920	0.00000000e+00	1	27	-4.59194000e-05	5.67662000e-05	-1.45107000e+00	-6.97561000e-05
1.87325008e+02	2026-08-24T16:21:15.865190	0.00000000e+00	1	27	-4.88043000e-05	5.65218000e-05	-1.50106000e+00	-6.01961000e-05
1.87355929e+02	2026-08-24T16:21:15.896761	0.00000000e+00	1	27	-4.78029000e-05	6.26066000e-05	-1.55112000e+00	-5.53623000e-05
1.87363471e+02	2026-08-24T16:21:15.896761	0.00000000e+00	1	27	-4.07219000e-05	5.02387000e-05	-1.60113000e+00	-4.42795000e-05
1.87387138e+02	2026-08-24T16:21:15.928343	0.00000000e+00	1	27	-4.70161000e-05	4.19924000e-05	-1.65115000e+00	-4.01045000e-05
1.87400941e+02	2026-08-24T16:21:15.928343	0.00000000e+00	1	27	-4.48465000e-05	5.29724000e-05	-1.70117000e+00	-5.07529000e-05
1.87450917e+02	2026-08-24T16:21:15.992360	0.00000000e+00	1	27	-5.26667000e-05	3.58673000e-05	-1.75123000e+00	-3.63968000e-05
1.87459302e+02	2026-08-24T16:21:15.992360	0.00000000e+00	1	27	-5.13315000e-05	3.62621000e-05	-1.80126000e+00	-3.76424000e-05
1.87483668e+02	2026-08-24T16:21:16.024011	0.00000000e+00	1	27	-5.40257000e-05	3.23022000e-05	-1.85130000e+00	-3.49244000e-05
1.87515062e+02	2026-08-24T16:21:16.055838	0.00000000e+00	1	27	-5.14030000e-05	3.39036000e-05	-1.90133000e+00	-3.47691000e-05
1.87522785e+02	2026-08-24T16:21:16.055838	0.00000000e+00	1	27	-4.45843000e-05	3.76214000e-05	-1.95135000e+00	-2.84881000e-05
1.87530692e+02	2026-08-24T16:21:16.071885	0.00000000e+00	1	27	-4.81844000e-05	3.35911000e-05	-2.00137000e+00	-3.25263000e-05
1.87538756e+02	2026-08-24T16:21:16.071885	0.00000000e+00	1	27	-5.24044000e-05	3.44433000e-05	-2.05140000e+00	-3.30711000e-05
1.87563387e+02	2026-08-24T16:21:16.103475	0.00000000e+00	1	27	-5.83410000e-05	2.97379000e-05	-2.10144000e+00	-2.68236000e-05
1.87594402e+02	2026-08-24T16:21:16.135689	0.00000000e+00	1	27	-5.08785000e-05	2.66698000e-05	-2.15148000e+00	-2.76234000e-05
1.87601989e+02	2026-08-24T16:21:16.135689	0.00000000e+00	1	27	-5.40972000e-05	3.46261000e-05	-2.20147000e+00	-3.00564000e-05
1.87609520e+02	2026-08-24T16:21:16.135689	0.00000000e+00	1	27	-5.15938000e-05	2.75702000e-05	-2.25144000e+00	-3.12385000e-05
1.87657924e+02	2026-08-24T16:21:16.199700	0.00000000e+00	1	27	-4.74453000e-05	2.46368000e-05	-2.30123000e+00	-2.17267000e-05
1.87680885e+02	2026-08-24T16:21:16.222049	0.00000000e+00	1	27	-5.40257000e-05	2.37936000e-05	-2.35158000e+00	-2.35191000e-05
1.87688413e+02	2026-08-24T16:21:16.230375	0.00000000e+00	1	27	-5.82457000e-05	3.01006000e-05	-2.40168000e+00	-3.39541000e-05
1.87716418e+02	2026-08-24T16:21:16.247019	0.00000000e+00	1	27	-4.52042000e-05	4.68026000e-05	-2.45174000e+00	-3.59207000e-05
1.87739906e+02	2026-08-24T16:21:16.279168	0.00000000e+00	1	27	-5.08785000e-05	3.80003000e-05	-2.50182000e+00	-3.50564000e-05
1.87759408e+02	2026-08-24T16:21:16.295049	0.00000000e+00	1	27	-5.41925000e-05	3.16990000e-05	-2.50180000e+00	-2.52973000e-05
1.87774754e+02	2026-08-24T16:21:16.310994	0.00000000e+00	1	27	-5.74350000e-05	2.27348000e-05	-2.45159000e+00	-2.41062000e-05
1.87782245e+02	2026-08-24T16:21:16.310994	0.00000000e+00	1	27	-5.37395000e-05	2.04658000e-05	-2.40169000e+00	-2.31556000e-05
1.87805821e+02	2026-08-24T16:21:16.343067	0.00000000e+00	1	27	-5.68867000e-05	2.07840000e-05	-2.35166000e+00	-2.04139000e-05
1.87835241e+02	2026-08-24T16:21:16.376029	0.00000000e+00	1	27	-6.32763000e-05	2.00175000e-05	-2.30147000e+00	-1.81798000e-05
1.87843141e+02	2026-08-24T16:21:16.376029	0.00000000e+00	1	27	-5.62668000e-05	1.66041000e-05	-2.25134000e+00	-1.69399000e-05
1.87865681e+02	2026-08-24T16:21:16.406910	0.00000000e+00	1	27	-5.46455000e-05	1.41276000e-05	-2.20134000e+00	-1.52012000e-05
1.87901565e+02	2026-08-24T16:21:16.438616	0.00000000e+00	1	27	-5.25713000e-05	1.40545000e-05	-2.15168000e+00	-1.38097000e-05
1.87911441e+02	2026-08-24T16:21:16.438616	0.00000000e+00	1	27	-4.99725000e-05	1.27169000e-05	-2.10118000e+00	-1.26395000e-05
1.87933076e+02	2026-08-24T16:21:16.470527	0.00000000e+00	1	27	-5.55515000e-05	1.12765000e-05	-2.05120000e+00	-1.11890000e-05
1.87940997e+02	2026-08-24T16:21:16.470527	0.00000000e+00	1	27	-5.48363000e-05	1.05226000e-05	-2.00136000e+00	-1.05474000e-05
1.87962711e+02	2026-08-24T16:21:16.502137	0.00000000e+00	1	27	-4.97818000e-05	9.57095000e-06	-1.95135000e+00	-9.57813000e-06
1.87995864e+02	2026-08-24T16:21:16.534414	0.00000000e+00	1	27	-5.79834000e-05	9.43609000e-06	-1.90132000e+00	-9.36685000e-06
1.88003804e+02	2026-08-24T16:21:16.534414	0.00000000e+00	1	27	-5.86987000e-05	8.61663000e-06	-1.85129000e+00	-8.63018000e-06
1.88024520e+02	2026-08-24T16:21:16.565758	0.00000000e+00	1	27	-5.47409000e-05	8.04107000e-06	-1.80122000e+00	-7.76746000e-06
1.88064916e+02	2026-08-24T16:21:16.605951	0.00000000e+00	1	27	-5.76258000e-05	7.11383000e-06	-1.75120000e+00	-7.09759000e-06
1.88087964e+02	2026-08-24T16:21:16.629371	0.00000000e+00	1	27	-4.88997000e-05	6.38666000e-06	-1.70119000e+00	-6.38881000e-06
1.88095737e+02	2026-08-24T16:21:16.629371	0.00000000e+00	1	27	-5.36680000e-05	5.90294000e-06	-1.65118000e+00	-5.89275000e-06
1.88103233e+02	2026-08-24T16:21:16.645115	0.00000000e+00	1	27	-6.10352000e-05	5.35393000e-06	-1.60112000e+00	-5.30907000e-06
1.88144173e+02	2026-08-24T16:21:16.677141	0.00000000e+00	1	27	-5.67198000e-05	4.84461000e-06	-1.55111000e+00	-4.80234000e-06
1.88159266e+02	2026-08-24T16:21:16.692867	0.00000000e+00	1	27	-5.29289000e-05	4.52607000e-06	-1.50109000e+00	-4.53194000e-06
1.88183426e+02	2026-08-24T16:21:16.724493	0.00000000e+00	1	27	-6.31809000e-05	4.13156000e-06	-1.45104000e+00	-4.09287000e-06
1.88247505e+02	2026-08-24T16:21:16.789442	0.00000000e+00	1	27	-5.60045000e-05	3.54742000e-06	-1.40100000e+00	-3.58549000e-06
1.88256655e+02	2026-08-24T16:21:16.798640	0.00000000e+00	1	27	-5.49078000e-05	3.24553000e-06	-1.35099000e+00	-3.18551000e-06
1.88281174e+02	2026-08-24T16:21:16.819879	0.00000000e+00	1	27	-5.70774000e-05	2.93211000e-06	-1.30094000e+00	-2.93930000e-06
1.88313376e+02	2026-08-24T16:21:16.852934	0.00000000e+00	1	27	-5.54562000e-05	2.62997000e-06	-1.25093000e+00	-2.61078000e-06
1.88322001e+02	2026-08-24T16:21:16.852934	0.00000000e+00	1	27	-5.68151000e-05	2.38116000e-06	-1.20085000e+00	-2.39150000e-06
1.88342298e+02	2026-08-24T16:21:16.883352	0.00000000e+00	1	27	-5.50985000e-05	2.13270000e-06	-1.15088000e+00	-2.10672000e-06
1.88387443e+02	2026-08-24T16:21:16.915186	0.00000000e+00	1	27	-5.76973000e-05	1.81510000e-06	-1.10078000e+00	-1.79996000e-06
1.88411472e+02	2026-08-24T16:21:16.947244	0.00000000e+00	1	27	-5.63622000e-05	1.60727000e-06	-1.05073000e+00	-1.60445000e-06
1.88419116e+02	2026-08-24T16:21:16.947244	0.00000000e+00	1	27	-5.62668000e-05	1.41490000e-06	-1.00074000e+00	-1.48787000e-06
1.88433885e+02	2026-08-24T16:21:16.970318	0.00000000e+00	1	27	-6.03914000e-05	1.28375000e-06	-9.50684000e-01	-1.27803000e-06
1.88455009e+02	2026-08-24T16:21:16.995454	0.00000000e+00	1	27	-5.74350000e-05	1.03094000e-06	-9.00645000e-01	-1.06506000e-06
1.88485285e+02	2026-08-24T16:21:17.026621	0.00000000e+00	1	27	-5.76973000e-05	8.78410000e-07	-8.50599000e-01	-8.39858000e-07
1.88498091e+02	2026-08-24T16:21:17.026621	0.00000000e+00	1	27	-5.79834000e-05	7.28488000e-07	-8.00592000e-01	-7.10708000e-07
1.88520450e+02	2026-08-24T16:21:17.058180	0.00000000e+00	1	27	-5.47409000e-05	6.39965000e-07	-7.50534000e-01	-6.39869000e-07
1.88551089e+02	2026-08-24T16:21:17.090174	0.00000000e+00	1	27	-5.74350000e-05	4.96898000e-07	-7.00491000e-01	-5.05388000e-07
1.88559132e+02	2026-08-24T16:21:17.090174	0.00000000e+00	1	27	-5.51939000e-05	4.01213000e-07	-6.50475000e-01	-4.01731000e-07
1.88580262e+02	2026-08-24T16:21:17.121663	0.00000000e+00	1	27	-5.20468000e-05	2.49140000e-07	-6.00423000e-01	-2.36025000e-07
1.88616574e+02	2026-08-24T16:21:17.153642	0.00000000e+00	1	27	-5.75304000e-05	1.89897000e-07	-5.50376000e-01	-1.94514000e-07
1.88644135e+02	2026-08-24T16:21:17.185083	0.00000000e+00	1	27	-5.86033000e-05	1.64069000e-07	-5.00353000e-01	-1.78991000e-07
1.88653122e+02	2026-08-24T16:21:17.193940	0.00000000e+00	1	27	-6.05822000e-05	1.37236000e-07	-4.50301000e-01	-1.29511000e-07
1.88683402e+02	2026-08-24T16:21:17.219030	0.00000000e+00	1	27	-6.23703000e-05	6.71954000e-08	-4.00287000e-01	-7.25005000e-08
1.88804659e+02	2026-08-24T16:21:17.343682	0.00000000e+00	1	27	-6.17504000e-05	3.80876000e-08	-3.50250000e-01	-3.64676000e-08
1.88834957e+02	2026-08-24T16:21:17.375344	0.00000000e+00	1	27	-5.05209000e-05	3.14009000e-08	-3.00220000e-01	-2.89930000e-08
1.88842523e+02	2026-08-24T16:21:17.375344	0.00000000e+00	1	27	-4.48465000e-05	2.31953000e-08	-2.50147000e-01	-2.06631000e-08
1.88865611e+02	2026-08-24T16:21:17.406974	0.00000000e+00	1	27	-5.95093000e-05	9.90230000e-09	-2.00031000e-01	-8.82264000e-09
1.88929862e+02	2026-08-24T16:21:17.470870	0.00000000e+00	1	27	-5.90563000e-05	3.82267000e-09	-1.50001000e-01	-3.85094000e-09
1.88939126e+02	2026-08-24T16:21:17.470870	0.00000000e+00	1	27	-5.98669000e-05	2.40972000e-09	-9.99622000e-02	-2.07855000e-09
1.88965051e+02	2026-08-24T16:21:17.502586	0.00000000e+00	1	27	-5.85079000e-05	7.70307000e-10	-4.99218000e-02	-7.89249000e-10
1.88996171e+02	2026-08-24T16:21:17.534721	0.00000000e+00	1	27	-6.12974000e-05	2.26498000e-13	5.91517000e-05	-8.51870000e-11
1.93732498e+02	2026-08-24T16:21:22.274234	0.00000000e+00	1	28	-5.48363000e-05	-4.66275000e-10	6.02245000e-05	1.86875000e-09
1.93781643e+02	2026-08-24T16:21:22.321691	0.00000000e+00	1	28	-7.72238000e-05	6.13026000e-07	-4.99111000e-02	-6.12147000e-07
1.93794672e+02	2026-08-24T16:21:22.321691	0.00000000e+00	1	28	-5.59092000e-05	1.16246000e-06	-9.99630000e-02	-1.16013000e-06
1.93845503e+02	2026-08-24T16:21:22.384934	0.00000000e+00	1	28	-5.11408000e-05	1.77535000e-06	-1.50000000e-01	-1.77335000e-06
1.93875349e+02	2026-08-24T16:21:22.416423	0.00000000e+00	1	28	-6.03199000e-05	2.41379000e-06	-2.00040000e-01	-2.41475000e-06
1.93884554e+02	2026-08-24T16:21:22.416423	0.00000000e+00	1	28	-6.15835000e-05	3.10622000e-06	-2.50139000e-01	-3.10446000e-06
1.93907447e+02	2026-08-24T16:21:22.448372	0.00000000e+00	1	28	-6.15835000e-05	3.85636000e-06	-3.00222000e-01	-3.85173000e-06
1.93943279e+02	2026-08-24T16:21:22.480526	0.00000000e+00	1	28	-5.39303000e-05	4.66916000e-06	-3.50249000e-01	-4.66461000e-06
1.93953062e+02	2026-08-24T16:21:22.480526	0.00000000e+00	1	28	-6.16550000e-05	5.57200000e-06	-4.00301000e-01	-5.57306000e-06
1.93975151e+02	2026-08-24T16:21:22.512294	0.00000000e+00	1	28	-5.59092000e-05	6.57782000e-06	-4.50315000e-01	-6.57212000e-06
1.93983873e+02	2026-08-24T16:21:22.512294	0.00000000e+00	1	28	-6.04868000e-05	7.70911000e-06	-5.00367000e-01	-7.70258000e-06
1.94003873e+02	2026-08-24T16:21:22.543979	0.00000000e+00	1	28	-6.12021000e-05	8.97891000e-06	-5.50406000e-01	-8.98055000e-06
1.94014764e+02	2026-08-24T16:21:22.543979	0.00000000e+00	1	28	-8.90017000e-05	1.04644000e-05	-6.00445000e-01	-1.04380000e-05
1.94041895e+02	2026-08-24T16:21:22.576710	0.00000000e+00	1	28	-5.63622000e-05	1.22328000e-05	-6.50464000e-01	-1.22257000e-05
1.94049404e+02	2026-08-24T16:21:22.586691	0.00000000e+00	1	28	-5.33819000e-05	1.42125000e-05	-7.00505000e-01	-1.42216000e-05
1.94098855e+02	2026-08-24T16:21:22.639616	0.00000000e+00	1	28	-5.53608000e-05	1.66090000e-05	-7.50548000e-01	-1.66134000e-05
1.94130477e+02	2026-08-24T16:21:22.671658	0.00000000e+00	1	28	-5.03302000e-05	1.93902000e-05	-8.00591000e-01	-1.94037000e-05
1.94138698e+02	2026-08-24T16:21:22.671658	0.00000000e+00	1	28	-5.57184000e-05	2.28689000e-05	-8.50599000e-01	-2.28977000e-05
1.94163362e+02	2026-08-24T16:21:22.703645	0.00000000e+00	1	28	-5.20468000e-05	2.69010000e-05	-9.00662000e-01	-2.69227000e-05
1.94194477e+02	2026-08-24T16:21:22.735433	0.00000000e+00	1	28	-5.71728000e-05	3.19881000e-05	-9.50692000e-01	-3.19406000e-05
1.94202442e+02	2026-08-24T16:21:22.735433	0.00000000e+00	1	28	-4.97818000e-05	3.82253000e-05	-1.00075000e+00	-3.81536000e-05
1.94226541e+02	2026-08-24T16:21:22.767549	0.00000000e+00	1	28	-5.38349000e-05	4.57234000e-05	-1.05074000e+00	-4.59146000e-05
1.94259237e+02	2026-08-24T16:21:22.800141	0.00000000e+00	1	28	-5.00679000e-05	5.44710000e-05	-1.10080000e+00	-5.44196000e-05
1.94269339e+02	2026-08-24T16:21:22.809905	0.00000000e+00	1	28	-4.96149000e-05	6.45973000e-05	-1.15087000e+00	-6.43969000e-05
1.94282897e+02	2026-08-24T16:21:22.824241	0.00000000e+00	1	28	-5.29289000e-05	7.82537000e-05	-1.20086000e+00	-7.83076000e-05
1.94305331e+02	2026-08-24T16:21:22.846755	0.00000000e+00	1	28	-4.42982000e-05	8.26964000e-05	-1.25092000e+00	-8.32326000e-05
1.94313329e+02	2026-08-24T16:21:22.846755	0.00000000e+00	1	28	-4.91619000e-05	9.55363000e-05	-1.30092000e+00	-8.76835000e-05
1.94337917e+02	2026-08-24T16:21:22.878403	0.00000000e+00	1	28	-5.72443000e-05	7.61497000e-05	-1.35098000e+00	-7.77740000e-05
1.94370309e+02	2026-08-24T16:21:22.910939	0.00000000e+00	1	28	-5.23090000e-05	8.17996000e-05	-1.40102000e+00	-7.95828000e-05
1.94378314e+02	2026-08-24T16:21:22.918206	0.00000000e+00	1	28	-4.62055000e-05	9.21086000e-05	-1.45102000e+00	-8.57822000e-05
1.94400302e+02	2026-08-24T16:21:22.941893	0.00000000e+00	1	28	-5.40972000e-05	7.21791000e-05	-1.50107000e+00	-5.63784000e-05
1.94409821e+02	2026-08-24T16:21:22.941893	0.00000000e+00	1	28	-5.20468000e-05	7.51908000e-05	-1.55112000e+00	-8.10519000e-05
1.94432881e+02	2026-08-24T16:21:22.972677	0.00000000e+00	1	28	-4.92573000e-05	6.10834000e-05	-1.60113000e+00	-5.46685000e-05
1.94463013e+02	2026-08-24T16:21:23.004379	0.00000000e+00	1	28	-5.12362000e-05	5.92792000e-05	-1.65118000e+00	-6.10927000e-05
1.94470792e+02	2026-08-24T16:21:23.004379	0.00000000e+00	1	28	-5.17607000e-05	7.63511000e-05	-1.70118000e+00	-7.34644000e-05
1.94478402e+02	2026-08-24T16:21:23.020029	0.00000000e+00	1	28	-4.98772000e-05	6.72190000e-05	-1.75122000e+00	-5.52101000e-05
1.94512534e+02	2026-08-24T16:21:23.051751	0.00000000e+00	1	28	-4.62055000e-05	6.21271000e-05	-1.80123000e+00	-5.47933000e-05
1.94534784e+02	2026-08-24T16:21:23.067748	0.00000000e+00	1	28	-4.96149000e-05	7.46789000e-05	-1.85129000e+00	-6.59384000e-05
1.94558560e+02	2026-08-24T16:21:23.099437	0.00000000e+00	1	28	-5.37395000e-05	4.93443000e-05	-1.90131000e+00	-4.55640000e-05
1.94591022e+02	2026-08-24T16:21:23.131609	0.00000000e+00	1	28	-6.04868000e-05	4.56865000e-05	-1.95134000e+00	-4.76581000e-05
1.94601271e+02	2026-08-24T16:21:23.141281	0.00000000e+00	1	28	-5.76973000e-05	3.90231000e-05	-2.00136000e+00	-3.98772000e-05
1.94621357e+02	2026-08-24T16:21:23.162748	0.00000000e+00	1	28	-5.44786000e-05	4.46832000e-05	-2.05112000e+00	-4.42686000e-05
1.94628980e+02	2026-08-24T16:21:23.162748	0.00000000e+00	1	28	-5.16891000e-05	4.80133000e-05	-2.10124000e+00	-4.21494000e-05
1.94636465e+02	2026-08-24T16:21:23.162748	0.00000000e+00	1	28	-4.42266000e-05	4.64912000e-05	-2.15152000e+00	-3.18786000e-05
1.94667461e+02	2026-08-24T16:21:23.200351	0.00000000e+00	1	28	-5.67198000e-05	4.02236000e-05	-2.20158000e+00	-3.70044000e-05
1.94675167e+02	2026-08-24T16:21:23.210356	0.00000000e+00	1	28	-5.20468000e-05	3.72568000e-05	-2.25133000e+00	-3.39142000e-05
1.94701324e+02	2026-08-24T16:21:23.243238	0.00000000e+00	1	28	-4.95195000e-05	3.33249000e-05	-2.30126000e+00	-3.15356000e-05
1.94709809e+02	2026-08-24T16:21:23.251308	0.00000000e+00	1	28	-5.97715000e-05	3.76992000e-05	-2.35166000e+00	-3.78348000e-05
1.94734347e+02	2026-08-24T16:21:23.274652	0.00000000e+00	1	28	-5.00679000e-05	3.36859000e-05	-2.40163000e+00	-3.18584000e-05
1.94746657e+02	2026-08-24T16:21:23.274652	0.00000000e+00	1	28	-5.92232000e-05	4.14233000e-05	-2.45155000e+00	-3.95049000e-05
1.94775386e+02	2026-08-24T16:21:23.306967	0.00000000e+00	1	28	-5.10454000e-05	4.98987000e-05	-2.50172000e+00	-4.69667000e-05
1.94783317e+02	2026-08-24T16:21:23.322721	0.00000000e+00	1	28	-6.28233000e-05	6.10713000e-05	-2.50176000e+00	-6.11686000e-05
1.94830005e+02	2026-08-24T16:21:23.370455	0.00000000e+00	1	28	-5.16891000e-05	4.63065000e-05	-2.45146000e+00	-4.14396000e-05
1.94860809e+02	2026-08-24T16:21:23.402251	0.00000000e+00	1	28	-6.29187000e-05	3.61840000e-05	-2.40153000e+00	-3.49172000e-05
1.94869531e+02	2026-08-24T16:21:23.402945	0.00000000e+00	1	28	-5.10454000e-05	3.39209000e-05	-2.35159000e+00	-3.46924000e-05
1.94894152e+02	2026-08-24T16:21:23.433992	0.00000000e+00	1	28	-5.68867000e-05	3.25245000e-05	-2.30141000e+00	-3.28342000e-05
1.94924732e+02	2026-08-24T16:21:23.466313	0.00000000e+00	1	28	-5.62668000e-05	2.89587000e-05	-2.25151000e+00	-2.94363000e-05
1.94933044e+02	2026-08-24T16:21:23.466313	0.00000000e+00	1	28	-6.08444000e-05	2.65010000e-05	-2.20158000e+00	-2.78455000e-05
1.94956211e+02	2026-08-24T16:21:23.497358	0.00000000e+00	1	28	-5.43833000e-05	2.36847000e-05	-2.15170000e+00	-2.41174000e-05
1.94988118e+02	2026-08-24T16:21:23.529029	0.00000000e+00	1	28	-5.33819000e-05	2.32168000e-05	-2.10144000e+00	-2.33954000e-05
1.94998141e+02	2026-08-24T16:21:23.529029	0.00000000e+00	1	28	-4.97818000e-05	2.08904000e-05	-2.05127000e+00	-2.09437000e-05
1.95019867e+02	2026-08-24T16:21:23.560950	0.00000000e+00	1	28	-5.24998000e-05	1.99873000e-05	-2.00137000e+00	-2.00351000e-05
1.95027589e+02	2026-08-24T16:21:23.560950	0.00000000e+00	1	28	-5.09500000e-05	1.86787000e-05	-1.95135000e+00	-1.87132000e-05
1.95054063e+02	2026-08-24T16:21:23.592580	0.00000000e+00	1	28	-4.82559000e-05	1.69034000e-05	-1.90130000e+00	-1.69871000e-05
1.95084006e+02	2026-08-24T16:21:23.624325	0.00000000e+00	1	28	-4.87089000e-05	1.56248000e-05	-1.85131000e+00	-1.57527000e-05
1.95093365e+02	2026-08-24T16:21:23.624325	0.00000000e+00	1	28	-5.08785000e-05	1.44274000e-05	-1.80126000e+00	-1.48076000e-05
1.95115082e+02	2026-08-24T16:21:23.656129	0.00000000e+00	1	28	-4.95195000e-05	1.39518000e-05	-1.75122000e+00	-1.36906000e-05
1.95148962e+02	2026-08-24T16:21:23.688129	0.00000000e+00	1	28	-5.47409000e-05	1.27394000e-05	-1.70120000e+00	-1.28031000e-05
1.95178514e+02	2026-08-24T16:21:23.719769	0.00000000e+00	1	28	-5.14984000e-05	1.19664000e-05	-1.65117000e+00	-1.18779000e-05
1.95186249e+02	2026-08-24T16:21:23.719769	0.00000000e+00	1	28	-5.96046000e-05	1.10523000e-05	-1.60112000e+00	-1.10630000e-05
1.95211707e+02	2026-08-24T16:21:23.751545	0.00000000e+00	1	28	-5.64575000e-05	1.01659000e-05	-1.55113000e+00	-1.01598000e-05
1.95233602e+02	2026-08-24T16:21:23.769939	0.00000000e+00	1	28	-5.89609000e-05	9.79460000e-06	-1.50110000e+00	-9.86191000e-06
1.95257741e+02	2026-08-24T16:21:23.799451	0.00000000e+00	1	28	-5.64575000e-05	9.35911000e-06	-1.45104000e+00	-9.35486000e-06
1.95265342e+02	2026-08-24T16:21:23.799451	0.00000000e+00	1	28	-6.16550000e-05	8.65330000e-06	-1.40100000e+00	-8.61893000e-06
1.95282411e+02	2026-08-24T16:21:23.815843	0.00000000e+00	1	28	-6.24657000e-05	8.18191000e-06	-1.35100000e+00	-8.10305000e-06
1.95322815e+02	2026-08-24T16:21:23.862585	0.00000000e+00	1	28	-6.48975000e-05	7.12498000e-06	-1.30095000e+00	-7.07968000e-06
1.95330492e+02	2026-08-24T16:21:23.862585	0.00000000e+00	1	28	-6.29187000e-05	6.28999000e-06	-1.25093000e+00	-6.29192000e-06
1.95352952e+02	2026-08-24T16:21:23.894422	0.00000000e+00	1	28	-6.09398000e-05	5.75668000e-06	-1.20088000e+00	-5.78448000e-06
1.95386835e+02	2026-08-24T16:21:23.925866	0.00000000e+00	1	28	-5.55515000e-05	5.06879000e-06	-1.15088000e+00	-5.18630000e-06
1.95408302e+02	2026-08-24T16:21:23.941662	0.00000000e+00	1	28	-6.16550000e-05	4.90481000e-06	-1.10081000e+00	-4.89175000e-06
1.95416042e+02	2026-08-24T16:21:23.957682	0.00000000e+00	1	28	-6.46353000e-05	4.47533000e-06	-1.05076000e+00	-4.20077000e-06
1.95464289e+02	2026-08-24T16:21:24.005192	0.00000000e+00	1	28	-4.88997000e-05	3.87680000e-06	-1.00076000e+00	-3.89925000e-06
1.95472505e+02	2026-08-24T16:21:24.005192	0.00000000e+00	1	28	-5.17607000e-05	3.57503000e-06	-9.50706000e-01	-3.57279000e-06
1.95495984e+02	2026-08-24T16:21:24.037027	0.00000000e+00	1	28	-5.86033000e-05	3.14544000e-06	-9.00665000e-01	-3.07278000e-06
1.95559457e+02	2026-08-24T16:21:24.100524	0.00000000e+00	1	28	-5.44786000e-05	2.80740000e-06	-8.50601000e-01	-2.79900000e-06
1.95567832e+02	2026-08-24T16:21:24.100524	0.00000000e+00	1	28	-4.76360000e-05	2.57580000e-06	-8.00606000e-01	-2.61966000e-06
1.95592640e+02	2026-08-24T16:21:24.132930	0.00000000e+00	1	28	-5.86033000e-05	2.24026000e-06	-7.50534000e-01	-2.19940000e-06
1.95624221e+02	2026-08-24T16:21:24.163915	0.00000000e+00	1	28	-5.46455000e-05	1.83527000e-06	-7.00505000e-01	-1.83743000e-06
1.95632004e+02	2026-08-24T16:21:24.163915	0.00000000e+00	1	28	-6.05822000e-05	1.72557000e-06	-6.50442000e-01	-1.73241000e-06
1.95654101e+02	2026-08-24T16:21:24.195460	0.00000000e+00	1	28	-5.55515000e-05	1.42222000e-06	-6.00469000e-01	-1.38445000e-06
1.95687909e+02	2026-08-24T16:21:24.228067	0.00000000e+00	1	28	-6.12021000e-05	1.14860000e-06	-5.50393000e-01	-1.15524000e-06
1.95697272e+02	2026-08-24T16:21:24.228067	0.00000000e+00	1	28	-5.50985000e-05	1.00105000e-06	-5.00363000e-01	-1.02657000e-06
1.95723133e+02	2026-08-24T16:21:24.259547	0.00000000e+00	1	28	-6.50883000e-05	7.84174000e-07	-4.50308000e-01	-7.90808000e-07
1.95752384e+02	2026-08-24T16:21:24.293512	0.00000000e+00	1	28	-5.37395000e-05	6.01612000e-07	-4.00332000e-01	-6.06829000e-07
1.95783692e+02	2026-08-24T16:21:24.323683	0.00000000e+00	1	28	-5.44786000e-05	3.88827000e-07	-3.50232000e-01	-3.98946000e-07
1.95791494e+02	2026-08-24T16:21:24.323683	0.00000000e+00	1	28	-5.91517000e-05	3.85648000e-07	-3.00213000e-01	-3.67313000e-07
1.95814459e+02	2026-08-24T16:21:24.356224	0.00000000e+00	1	28	-5.78880000e-05	2.35734000e-07	-2.50150000e-01	-2.36493000e-07
1.95847180e+02	2026-08-24T16:21:24.387660	0.00000000e+00	1	28	-5.29289000e-05	1.59749000e-07	-2.00042000e-01	-1.58189000e-07
1.95878158e+02	2026-08-24T16:21:24.419343	0.00000000e+00	1	28	-5.57184000e-05	1.64947000e-07	-1.50015000e-01	-1.54286000e-07
1.95887320e+02	2026-08-24T16:21:24.419343	0.00000000e+00	1	28	-5.70774000e-05	1.17458000e-07	-9.99632000e-02	-1.11074000e-07
1.95910055e+02	2026-08-24T16:21:24.451071	0.00000000e+00	1	28	-5.54562000e-05	3.80200000e-08	-4.99286000e-02	-4.13897000e-08
1.96014032e+02	2026-08-24T16:21:24.546057	0.00000000e+00	1	28	-3.54052000e-05	2.43892000e-08	4.10557000e-05	-1.58406000e-08
2.00213244e+02	2026-08-24T16:21:28.752397	0.00000000e+00	1	29	-5.47409000e-05	-7.84504000e-10	4.54664000e-05	1.70645000e-09
2.00221593e+02	2026-08-24T16:21:28.752397	0.00000000e+00	1	29	-7.81059000e-05	5.57643000e-07	-4.99164000e-02	-5.57847000e-07
2.00242476e+02	2026-08-24T16:21:28.783613	0.00000000e+00	1	29	-5.25713000e-05	1.04927000e-06	-9.99718000e-02	-1.04692000e-06
2.00275166e+02	2026-08-24T16:21:28.815193	0.00000000e+00	1	29	-5.37395000e-05	1.59899000e-06	-1.50016000e-01	-1.59689000e-06
2.00305101e+02	2026-08-24T16:21:28.847046	0.00000000e+00	1	29	-5.18560000e-05	2.17743000e-06	-2.00040000e-01	-2.17522000e-06
2.00318560e+02	2026-08-24T16:21:28.847046	0.00000000e+00	1	29	-6.25610000e-05	2.78995000e-06	-2.50184000e-01	-2.78780000e-06
2.00351999e+02	2026-08-24T16:21:28.893016	0.00000000e+00	1	29	-5.92232000e-05	3.44535000e-06	-3.00226000e-01	-3.44523000e-06
2.00378637e+02	2026-08-24T16:21:28.912614	0.00000000e+00	1	29	-5.18560000e-05	4.15752000e-06	-3.50244000e-01	-4.15892000e-06
2.00393467e+02	2026-08-24T16:21:28.932610	0.00000000e+00	1	29	-6.02245000e-05	4.94767000e-06	-4.00302000e-01	-4.94369000e-06
2.00416760e+02	2026-08-24T16:21:28.958384	0.00000000e+00	1	29	-6.21080000e-05	5.81171000e-06	-4.50309000e-01	-5.81050000e-06
2.00451813e+02	2026-08-24T16:21:28.989194	0.00000000e+00	1	29	-6.29187000e-05	6.77700000e-06	-5.00369000e-01	-6.77560000e-06
2.00463552e+02	2026-08-24T16:21:29.005239	0.00000000e+00	1	29	-6.07729000e-05	7.84462000e-06	-5.50402000e-01	-7.85131000e-06
2.00484697e+02	2026-08-24T16:21:29.020896	0.00000000e+00	1	29	-5.77927000e-05	9.06577000e-06	-6.00448000e-01	-9.05592000e-06
2.00492226e+02	2026-08-24T16:21:29.020896	0.00000000e+00	1	29	-8.87156000e-05	1.04231000e-05	-6.50443000e-01	-1.04142000e-05
2.00518640e+02	2026-08-24T16:21:29.059423	0.00000000e+00	1	29	-5.86987000e-05	1.20110000e-05	-7.00531000e-01	-1.20321000e-05
2.00545844e+02	2026-08-24T16:21:29.086967	0.00000000e+00	1	29	-5.73397000e-05	1.38921000e-05	-7.50548000e-01	-1.38947000e-05
2.00554107e+02	2026-08-24T16:21:29.089674	0.00000000e+00	1	29	-6.08444000e-05	1.59741000e-05	-8.00612000e-01	-1.59146000e-05
2.00575124e+02	2026-08-24T16:21:29.116149	0.00000000e+00	1	29	-5.20468000e-05	1.84702000e-05	-8.50622000e-01	-1.84840000e-05
2.00612742e+02	2026-08-24T16:21:29.148189	0.00000000e+00	1	29	-6.15835000e-05	2.15682000e-05	-9.00661000e-01	-2.15640000e-05
2.00638388e+02	2026-08-24T16:21:29.179601	0.00000000e+00	1	29	-6.17504000e-05	2.52349000e-05	-9.50705000e-01	-2.52738000e-05
2.00646248e+02	2026-08-24T16:21:29.179601	0.00000000e+00	1	29	-5.43833000e-05	2.95424000e-05	-1.00075000e+00	-2.94768000e-05
2.00654032e+02	2026-08-24T16:21:29.195547	0.00000000e+00	1	29	-6.17504000e-05	3.45093000e-05	-1.05077000e+00	-3.44137000e-05
2.00694155e+02	2026-08-24T16:21:29.230993	0.00000000e+00	1	29	-6.15835000e-05	4.03071000e-05	-1.10080000e+00	-4.02389000e-05
2.00707675e+02	2026-08-24T16:21:29.244239	0.00000000e+00	1	29	-6.00338000e-05	4.73406000e-05	-1.15088000e+00	-4.75575000e-05
2.00716535e+02	2026-08-24T16:21:29.258490	0.00000000e+00	1	29	-6.03914000e-05	5.53065000e-05	-1.20088000e+00	-5.56730000e-05
2.00747032e+02	2026-08-24T16:21:29.283509	0.00000000e+00	1	29	-6.28233000e-05	6.49888000e-05	-1.25091000e+00	-6.52475000e-05
2.00775715e+02	2026-08-24T16:21:29.305963	0.00000000e+00	1	29	-5.55515000e-05	7.07339000e-05	-1.30094000e+00	-7.01427000e-05
2.00797023e+02	2026-08-24T16:21:29.337989	0.00000000e+00	1	29	-5.98669000e-05	6.70591000e-05	-1.35098000e+00	-5.87480000e-05
2.00805692e+02	2026-08-24T16:21:29.337989	0.00000000e+00	1	29	-5.18560000e-05	6.38033000e-05	-1.40100000e+00	-5.76900000e-05
2.00831592e+02	2026-08-24T16:21:29.372813	0.00000000e+00	1	29	-5.58138000e-05	6.91031000e-05	-1.45108000e+00	-7.00653000e-05
2.00851658e+02	2026-08-24T16:21:29.389875	0.00000000e+00	1	29	-5.95093000e-05	6.51493000e-05	-1.50108000e+00	-6.42508000e-05
2.00875018e+02	2026-08-24T16:21:29.405477	0.00000000e+00	1	29	-6.03914000e-05	7.07547000e-05	-1.55112000e+00	-5.66560000e-05
2.00915125e+02	2026-08-24T16:21:29.451503	0.00000000e+00	1	29	-5.74350000e-05	7.94698000e-05	-1.60112000e+00	-8.52318000e-05
2.00928285e+02	2026-08-24T16:21:29.467495	0.00000000e+00	1	29	-5.60760000e-05	5.25760000e-05	-1.65118000e+00	-4.91744000e-05
2.00936462e+02	2026-08-24T16:21:29.478440	0.00000000e+00	1	29	-5.62668000e-05	5.90057000e-05	-1.70120000e+00	-6.14530000e-05
2.00947635e+02	2026-08-24T16:21:29.485798	0.00000000e+00	1	29	-5.90563000e-05	7.56755000e-05	-1.75123000e+00	-6.56559000e-05
2.00955369e+02	2026-08-24T16:21:29.485798	0.00000000e+00	1	29	-5.33819000e-05	6.26645000e-05	-1.80127000e+00	-4.67120000e-05
2.01005071e+02	2026-08-24T16:21:29.545355	0.00000000e+00	1	29	-5.68151000e-05	5.79748000e-05	-1.85130000e+00	-6.08380000e-05
2.01017999e+02	2026-08-24T16:21:29.559170	0.00000000e+00	1	29	-5.45502000e-05	7.27445000e-05	-1.90130000e+00	-5.67680000e-05
2.01029742e+02	2026-08-24T16:21:29.571681	0.00000000e+00	1	29	-5.50985000e-05	4.95164000e-05	-1.95136000e+00	-4.82477000e-05
2.01052238e+02	2026-08-24T16:21:29.593222	0.00000000e+00	1	29	-5.89609000e-05	5.07013000e-05	-2.00136000e+00	-5.04410000e-05
2.01059981e+02	2026-08-24T16:21:29.593222	0.00000000e+00	1	29	-5.68151000e-05	4.21407000e-05	-2.05131000e+00	-3.87856000e-05
2.01085560e+02	2026-08-24T16:21:29.626624	0.00000000e+00	1	29	-4.78983000e-05	3.04414000e-05	-2.10125000e+00	-3.12176000e-05
2.01109023e+02	2026-08-24T16:21:29.646514	0.00000000e+00	1	29	-5.19514000e-05	2.94409000e-05	-2.15165000e+00	-2.95306000e-05
2.01121571e+02	2026-08-24T16:21:29.658567	0.00000000e+00	1	29	-5.53608000e-05	3.12541000e-05	-2.20146000e+00	-3.63120000e-05
2.01130226e+02	2026-08-24T16:21:29.658567	0.00000000e+00	1	29	-5.37395000e-05	4.65476000e-05	-2.25138000e+00	-4.23225000e-05
2.01168563e+02	2026-08-24T16:21:29.705616	0.00000000e+00	1	29	-5.53608000e-05	6.48071000e-05	-2.30136000e+00	-5.69203000e-05
2.01192647e+02	2026-08-24T16:21:29.733519	0.00000000e+00	1	29	-5.03302000e-05	7.54959000e-05	-2.35162000e+00	-7.45666000e-05
2.01215628e+02	2026-08-24T16:21:29.751045	0.00000000e+00	1	29	-5.18560000e-05	8.37096000e-05	-2.40171000e+00	-8.41865000e-05
2.01224010e+02	2026-08-24T16:21:29.751045	0.00000000e+00	1	29	-5.14984000e-05	6.47143000e-05	-2.45150000e+00	-6.99123000e-05
2.01277311e+02	2026-08-24T16:21:29.814462	0.00000000e+00	1	29	-4.67300000e-05	7.85641000e-05	-2.50172000e+00	-8.23267000e-05
2.01286682e+02	2026-08-24T16:21:29.814462	0.00000000e+00	1	29	-5.11408000e-05	8.25605000e-05	-2.50175000e+00	-7.89365000e-05
2.01310156e+02	2026-08-24T16:21:29.846044	0.00000000e+00	1	29	-6.12021000e-05	6.41121000e-05	-2.45167000e+00	-6.30821000e-05
2.01318133e+02	2026-08-24T16:21:29.846044	0.00000000e+00	1	29	-5.51939000e-05	5.42137000e-05	-2.40172000e+00	-5.38852000e-05
2.01369376e+02	2026-08-24T16:21:29.909095	0.00000000e+00	1	29	-5.82457000e-05	5.91812000e-05	-2.35167000e+00	-5.96409000e-05
2.01377542e+02	2026-08-24T16:21:29.913232	0.00000000e+00	1	29	-6.07729000e-05	5.24826000e-05	-2.30145000e+00	-6.00909000e-05
2.01399572e+02	2026-08-24T16:21:29.940942	0.00000000e+00	1	29	-5.48363000e-05	4.60251000e-05	-2.25142000e+00	-5.23717000e-05
2.01407426e+02	2026-08-24T16:21:29.940942	0.00000000e+00	1	29	-5.89609000e-05	4.36926000e-05	-2.20159000e+00	-4.73352000e-05
2.01434688e+02	2026-08-24T16:21:29.974674	0.00000000e+00	1	29	-5.37395000e-05	3.72035000e-05	-2.15146000e+00	-3.70361000e-05
2.01463901e+02	2026-08-24T16:21:30.004079	0.00000000e+00	1	29	-6.35386000e-05	3.17963000e-05	-2.10132000e+00	-3.11953000e-05
2.01472290e+02	2026-08-24T16:21:30.014282	0.00000000e+00	1	29	-6.18458000e-05	2.85766000e-05	-2.05124000e+00	-2.88718000e-05
2.01494395e+02	2026-08-24T16:21:30.035836	0.00000000e+00	1	29	-5.86987000e-05	2.68389000e-05	-2.00138000e+00	-2.62608000e-05
2.01528532e+02	2026-08-24T16:21:30.067849	0.00000000e+00	1	29	-6.51598000e-05	2.40729000e-05	-1.95135000e+00	-2.44343000e-05
2.01557515e+02	2026-08-24T16:21:30.098973	0.00000000e+00	1	29	-5.62668000e-05	2.29703000e-05	-1.90134000e+00	-2.31065000e-05
2.01566120e+02	2026-08-24T16:21:30.098973	0.00000000e+00	1	29	-5.54562000e-05	2.06717000e-05	-1.85128000e+00	-2.08547000e-05
2.01591136e+02	2026-08-24T16:21:30.131268	0.00000000e+00	1	29	-5.68151000e-05	1.88702000e-05	-1.80125000e+00	-1.91721000e-05
2.01623229e+02	2026-08-24T16:21:30.162228	0.00000000e+00	1	29	-5.81503000e-05	1.70465000e-05	-1.75124000e+00	-1.69192000e-05
2.01631160e+02	2026-08-24T16:21:30.172503	0.00000000e+00	1	29	-5.98669000e-05	1.55940000e-05	-1.70121000e+00	-1.54722000e-05
2.01652813e+02	2026-08-24T16:21:30.194511	0.00000000e+00	1	29	-5.41925000e-05	1.43220000e-05	-1.65118000e+00	-1.44960000e-05
2.01686796e+02	2026-08-24T16:21:30.227576	0.00000000e+00	1	29	-6.10352000e-05	1.28663000e-05	-1.60114000e+00	-1.29048000e-05
2.01707223e+02	2026-08-24T16:21:30.248683	0.00000000e+00	1	29	-5.93185000e-05	1.21670000e-05	-1.55113000e+00	-1.21856000e-05
2.01715377e+02	2026-08-24T16:21:30.248683	0.00000000e+00	1	29	-5.86033000e-05	1.13881000e-05	-1.50109000e+00	-1.12671000e-05
2.01767124e+02	2026-08-24T16:21:30.307228	0.00000000e+00	1	29	-5.67198000e-05	1.01231000e-05	-1.45105000e+00	-1.02849000e-05
2.01795869e+02	2026-08-24T16:21:30.336777	0.00000000e+00	1	29	-6.30140000e-05	9.33011000e-06	-1.40104000e+00	-9.30320000e-06
2.01809026e+02	2026-08-24T16:21:30.347240	0.00000000e+00	1	29	-5.33104000e-05	8.52319000e-06	-1.35100000e+00	-8.55349000e-06
2.01841784e+02	2026-08-24T16:21:30.382520	0.00000000e+00	1	29	-6.92129000e-05	8.18347000e-06	-1.30097000e+00	-8.21925000e-06
2.01865615e+02	2026-08-24T16:21:30.402292	0.00000000e+00	1	29	-6.59704000e-05	7.56415000e-06	-1.25094000e+00	-7.54550000e-06
2.01873513e+02	2026-08-24T16:21:30.415284	0.00000000e+00	1	29	-5.86987000e-05	7.02349000e-06	-1.20089000e+00	-6.68159000e-06
2.01921286e+02	2026-08-24T16:21:30.462595	0.00000000e+00	1	29	-5.99623000e-05	6.16819000e-06	-1.15085000e+00	-6.11849000e-06
2.01944108e+02	2026-08-24T16:21:30.478369	0.00000000e+00	1	29	-5.80549000e-05	5.60853000e-06	-1.10081000e+00	-5.64649000e-06
2.01951774e+02	2026-08-24T16:21:30.478369	0.00000000e+00	1	29	-5.73397000e-05	5.07389000e-06	-1.05075000e+00	-5.03597000e-06
2.01994902e+02	2026-08-24T16:21:30.532820	0.00000000e+00	1	29	-5.90563000e-05	4.56160000e-06	-1.00075000e+00	-4.53443000e-06
2.02012563e+02	2026-08-24T16:21:30.553617	0.00000000e+00	1	29	-5.76258000e-05	4.10259000e-06	-9.50696000e-01	-4.05314000e-06
2.02027588e+02	2026-08-24T16:21:30.568079	0.00000000e+00	1	29	-5.68151000e-05	3.69258000e-06	-9.00677000e-01	-3.66286000e-06
2.02048658e+02	2026-08-24T16:21:30.589599	0.00000000e+00	1	29	-5.50032000e-05	3.26656000e-06	-8.50616000e-01	-3.25290000e-06
2.02057026e+02	2026-08-24T16:21:30.589599	0.00000000e+00	1	29	-5.57184000e-05	2.85237000e-06	-8.00604000e-01	-2.83211000e-06
2.02084016e+02	2026-08-24T16:21:30.621320	0.00000000e+00	1	29	-6.34670000e-05	2.39190000e-06	-7.50551000e-01	-2.39269000e-06
2.02114134e+02	2026-08-24T16:21:30.653415	0.00000000e+00	1	29	-6.13928000e-05	2.15212000e-06	-7.00530000e-01	-2.15544000e-06
2.02122921e+02	2026-08-24T16:21:30.657962	0.00000000e+00	1	29	-5.86987000e-05	1.91025000e-06	-6.50445000e-01	-1.94977000e-06
2.02144147e+02	2026-08-24T16:21:30.685116	0.00000000e+00	1	29	-5.58138000e-05	1.68953000e-06	-6.00454000e-01	-1.69634000e-06
2.02183043e+02	2026-08-24T16:21:30.722714	0.00000000e+00	1	29	-5.54562000e-05	1.45501000e-06	-5.50392000e-01	-1.45170000e-06
2.02196283e+02	2026-08-24T16:21:30.735796	0.00000000e+00	1	29	-5.79834000e-05	1.26281000e-06	-5.00358000e-01	-1.25640000e-06
2.02203923e+02	2026-08-24T16:21:30.735796	0.00000000e+00	1	29	-5.34773000e-05	1.09923000e-06	-4.50317000e-01	-1.07108000e-06
2.02222960e+02	2026-08-24T16:21:30.764264	0.00000000e+00	1	29	-5.29289000e-05	8.51233000e-07	-4.00275000e-01	-8.87068000e-07
2.02268287e+02	2026-08-24T16:21:30.796054	0.00000000e+00	1	29	-4.99725000e-05	6.79473000e-07	-3.50241000e-01	-6.68568000e-07
2.02291536e+02	2026-08-24T16:21:30.827984	0.00000000e+00	1	29	-4.96149000e-05	5.09979000e-07	-3.00192000e-01	-4.12592000e-07
2.02299198e+02	2026-08-24T16:21:30.827984	0.00000000e+00	1	29	-5.75304000e-05	3.62038000e-07	-2.50170000e-01	-3.54301000e-07
2.02314740e+02	2026-08-24T16:21:30.853599	0.00000000e+00	1	29	-5.66244000e-05	2.35131000e-07	-2.00041000e-01	-2.31125000e-07
2.02355353e+02	2026-08-24T16:21:30.894488	0.00000000e+00	1	29	-5.86987000e-05	1.58110000e-07	-1.50008000e-01	-1.55560000e-07
2.02363132e+02	2026-08-24T16:21:30.902179	0.00000000e+00	1	29	-6.25610000e-05	8.28800000e-08	-9.99717000e-02	-1.04379000e-07
2.02445693e+02	2026-08-24T16:21:30.986647	0.00000000e+00	1	29	-4.71830000e-05	4.34501000e-08	-4.99318000e-02	-3.72251000e-08
2.02510461e+02	2026-08-24T16:21:31.050299	0.00000000e+00	1	29	-3.92675000e-05	2.03897000e-08	4.20570000e-05	-1.36071000e-08
2.07053915e+02	2026-08-24T16:21:35.589661	0.00000000e+00	1	30	-4.39405000e-05	-9.01473000e-10	5.60045000e-05	1.41937000e-09
2.07061852e+02	2026-08-24T16:21:35.589661	0.00000000e+00	1	30	-6.66141000e-05	6.46464000e-07	-4.99132000e-02	-6.47762000e-07
2.07122116e+02	2026-08-24T16:21:35.663772	0.00000000e+00	1	30	-5.71728000e-05	1.23940000e-06	-9.99665000e-02	-1.23628000e-06
2.07139114e+02	2026-08-24T16:21:35.676968	0.00000000e+00	1	30	-5.75304000e-05	1.89570000e-06	-1.50005000e-01	-1.89254000e-06
2.07148332e+02	2026-08-24T16:21:35.686756	0.00000000e+00	1	30	-5.21421000e-05	2.58786000e-06	-2.00037000e-01	-2.58612000e-06
2.07156671e+02	2026-08-24T16:21:35.692200	0.00000000e+00	1	30	-5.08785000e-05	3.33974000e-06	-2.50169000e-01	-3.34179000e-06
2.07175152e+02	2026-08-24T16:21:35.716253	0.00000000e+00	1	30	-5.62668000e-05	4.16030000e-06	-3.00208000e-01	-4.15262000e-06
2.07182903e+02	2026-08-24T16:21:35.716253	0.00000000e+00	1	30	-5.93185000e-05	5.06174000e-06	-3.50252000e-01	-5.05364000e-06
2.07190394e+02	2026-08-24T16:21:35.732185	0.00000000e+00	1	30	-6.01292000e-05	6.05848000e-06	-4.00336000e-01	-6.08146000e-06
2.07222867e+02	2026-08-24T16:21:35.764073	0.00000000e+00	1	30	-5.39303000e-05	7.20375000e-06	-4.50306000e-01	-7.20629000e-06
2.07245873e+02	2026-08-24T16:21:35.783551	0.00000000e+00	1	30	-5.71728000e-05	8.45929000e-06	-5.00367000e-01	-8.45195000e-06
2.07253526e+02	2026-08-24T16:21:35.783551	0.00000000e+00	1	30	-5.49078000e-05	9.87766000e-06	-5.50397000e-01	-9.88869000e-06
2.07297824e+02	2026-08-24T16:21:35.835828	0.00000000e+00	1	30	-1.01590000e-04	1.14504000e-05	-6.00434000e-01	-1.14611000e-05
2.07316004e+02	2026-08-24T16:21:35.857411	0.00000000e+00	1	30	-5.14030000e-05	1.34111000e-05	-6.50501000e-01	-1.33950000e-05
2.07338244e+02	2026-08-24T16:21:35.875219	0.00000000e+00	1	30	-5.32150000e-05	1.56135000e-05	-7.00507000e-01	-1.56159000e-05
2.07345802e+02	2026-08-24T16:21:35.885418	0.00000000e+00	1	30	-4.90665000e-05	1.81838000e-05	-7.50559000e-01	-1.81792000e-05
2.07365393e+02	2026-08-24T16:21:35.906701	0.00000000e+00	1	30	-5.51939000e-05	2.12677000e-05	-8.00591000e-01	-2.12911000e-05
2.07390110e+02	2026-08-24T16:21:35.929186	0.00000000e+00	1	30	-5.62668000e-05	2.52428000e-05	-8.50605000e-01	-2.52424000e-05
2.07414131e+02	2026-08-24T16:21:35.954921	0.00000000e+00	1	30	-4.98772000e-05	2.98861000e-05	-9.00650000e-01	-2.98663000e-05
2.07422408e+02	2026-08-24T16:21:35.961566	0.00000000e+00	1	30	-5.20468000e-05	3.63729000e-05	-9.50700000e-01	-3.64087000e-05
2.07445619e+02	2026-08-24T16:21:35.986438	0.00000000e+00	1	30	-5.44786000e-05	4.23933000e-05	-1.00075000e+00	-4.19653000e-05
2.07454251e+02	2026-08-24T16:21:35.986438	0.00000000e+00	1	30	-5.63622000e-05	5.07355000e-05	-1.05074000e+00	-5.11675000e-05
2.07476678e+02	2026-08-24T16:21:36.017826	0.00000000e+00	1	30	-5.23090000e-05	5.82347000e-05	-1.10080000e+00	-5.87671000e-05
2.07535010e+02	2026-08-24T16:21:36.069278	0.00000000e+00	1	30	-5.28574000e-05	6.89858000e-05	-1.15085000e+00	-6.72872000e-05
2.07556526e+02	2026-08-24T16:21:36.096666	0.00000000e+00	1	30	-5.58138000e-05	7.88784000e-05	-1.20089000e+00	-8.02980000e-05
2.07571079e+02	2026-08-24T16:21:36.112300	0.00000000e+00	1	30	-5.68151000e-05	8.80888000e-05	-1.25093000e+00	-8.05213000e-05
2.07592356e+02	2026-08-24T16:21:36.128057	0.00000000e+00	1	30	-5.51939000e-05	8.94469000e-05	-1.30094000e+00	-8.71619000e-05
2.07600375e+02	2026-08-24T16:21:36.128057	0.00000000e+00	1	30	-4.88997000e-05	8.74345000e-05	-1.35100000e+00	-8.41343000e-05
2.07630102e+02	2026-08-24T16:21:36.161086	0.00000000e+00	1	30	-5.28574000e-05	8.07410000e-05	-1.40100000e+00	-7.93082000e-05
2.07651826e+02	2026-08-24T16:21:36.192222	0.00000000e+00	1	30	-5.44786000e-05	6.35093000e-05	-1.45105000e+00	-6.19751000e-05
2.07660474e+02	2026-08-24T16:21:36.198481	0.00000000e+00	1	30	-5.72443000e-05	7.64458000e-05	-1.50108000e+00	-6.62328000e-05
2.07682983e+02	2026-08-24T16:21:36.223893	0.00000000e+00	1	30	-5.17607000e-05	6.81732000e-05	-1.55111000e+00	-6.05457000e-05
2.07709812e+02	2026-08-24T16:21:36.246790	0.00000000e+00	1	30	-5.86033000e-05	6.03214000e-05	-1.60111000e+00	-5.38694000e-05
2.07724943e+02	2026-08-24T16:21:36.266175	0.00000000e+00	1	30	-6.02245000e-05	4.54557000e-05	-1.65117000e+00	-4.53848000e-05
2.07738352e+02	2026-08-24T16:21:36.277003	0.00000000e+00	1	30	-6.08444000e-05	5.08271000e-05	-1.70122000e+00	-5.38414000e-05
2.07761986e+02	2026-08-24T16:21:36.303553	0.00000000e+00	1	30	-5.52893000e-05	3.48165000e-05	-1.75122000e+00	-3.63576000e-05
2.07793789e+02	2026-08-24T16:21:36.334709	0.00000000e+00	1	30	-5.96046000e-05	3.75982000e-05	-1.80123000e+00	-4.07770000e-05
2.07810955e+02	2026-08-24T16:21:36.350380	0.00000000e+00	1	30	-5.14030000e-05	4.07686000e-05	-1.85130000e+00	-3.92293000e-05
2.07830021e+02	2026-08-24T16:21:36.366956	0.00000000e+00	1	30	-6.16550000e-05	3.93917000e-05	-1.90131000e+00	-4.26351000e-05
2.07837740e+02	2026-08-24T16:21:36.366956	0.00000000e+00	1	30	-5.70774000e-05	3.21625000e-05	-1.95133000e+00	-2.85455000e-05
2.07859024e+02	2026-08-24T16:21:36.397615	0.00000000e+00	1	30	-5.80549000e-05	2.70088000e-05	-2.00137000e+00	-2.70817000e-05
2.07870150e+02	2026-08-24T16:21:36.411245	0.00000000e+00	1	30	-6.25610000e-05	3.29214000e-05	-2.05130000e+00	-2.67574000e-05
2.07897472e+02	2026-08-24T16:21:36.436991	0.00000000e+00	1	30	-6.92129000e-05	3.41224000e-05	-2.10138000e+00	-3.34534000e-05
2.07924837e+02	2026-08-24T16:21:36.464973	0.00000000e+00	1	30	-5.87940000e-05	2.76852000e-05	-2.15169000e+00	-3.04970000e-05
2.07959493e+02	2026-08-24T16:21:36.500014	0.00000000e+00	1	30	-6.66857000e-05	3.21443000e-05	-2.20173000e+00	-3.01589000e-05
2.07982860e+02	2026-08-24T16:21:36.523823	0.00000000e+00	1	30	-6.50883000e-05	3.05824000e-05	-2.25135000e+00	-2.89852000e-05
2.07991553e+02	2026-08-24T16:21:36.523823	0.00000000e+00	1	30	-6.06775000e-05	3.60200000e-05	-2.30123000e+00	-4.02764000e-05
2.08024709e+02	2026-08-24T16:21:36.555392	0.00000000e+00	1	30	-6.09398000e-05	4.21452000e-05	-2.35159000e+00	-3.58343000e-05
2.08055018e+02	2026-08-24T16:21:36.587332	0.00000000e+00	1	30	-6.27518000e-05	4.70456000e-05	-2.40153000e+00	-4.74940000e-05
2.08077981e+02	2026-08-24T16:21:36.619000	0.00000000e+00	1	30	-6.25610000e-05	5.21774000e-05	-2.45144000e+00	-5.31044000e-05
2.08101784e+02	2026-08-24T16:21:36.641088	0.00000000e+00	1	30	-5.60045000e-05	7.76709000e-05	-2.50168000e+00	-7.38647000e-05
2.08108311e+02	2026-08-24T16:21:36.641088	0.00000000e+00	1	30	-6.24657000e-05	6.43766000e-05	-2.50161000e+00	-8.43787000e-05
2.08137558e+02	2026-08-24T16:21:36.674235	0.00000000e+00	1	30	-6.54459000e-05	5.85425000e-05	-2.45154000e+00	-5.50141000e-05
2.08157204e+02	2026-08-24T16:21:36.698322	0.00000000e+00	1	30	-6.25610000e-05	4.43773000e-05	-2.40158000e+00	-5.33222000e-05
2.08189526e+02	2026-08-24T16:21:36.730268	0.00000000e+00	1	30	-5.78880000e-05	4.81248000e-05	-2.35152000e+00	-4.50495000e-05
2.08220642e+02	2026-08-24T16:21:36.762052	0.00000000e+00	1	30	-5.62668000e-05	3.72640000e-05	-2.30118000e+00	-3.75621000e-05
2.08228994e+02	2026-08-24T16:21:36.762052	0.00000000e+00	1	30	-5.63622000e-05	3.69374000e-05	-2.25137000e+00	-3.45593000e-05
2.08261301e+02	2026-08-24T16:21:36.793937	0.00000000e+00	1	30	-6.12021000e-05	3.05481000e-05	-2.20138000e+00	-2.97804000e-05
2.08279373e+02	2026-08-24T16:21:36.817803	0.00000000e+00	1	30	-6.20127000e-05	3.16018000e-05	-2.15144000e+00	-3.24906000e-05
2.08300508e+02	2026-08-24T16:21:36.841560	0.00000000e+00	1	30	-5.49078000e-05	3.11437000e-05	-2.10115000e+00	-2.86803000e-05
2.08308250e+02	2026-08-24T16:21:36.841560	0.00000000e+00	1	30	-5.88655000e-05	2.71684000e-05	-2.05124000e+00	-2.59712000e-05
2.08332448e+02	2026-08-24T16:21:36.873166	0.00000000e+00	1	30	-5.40257000e-05	2.48845000e-05	-2.00138000e+00	-2.49091000e-05
2.08342069e+02	2026-08-24T16:21:36.883384	0.00000000e+00	1	30	-6.94752000e-05	2.29275000e-05	-1.95136000e+00	-2.26391000e-05
2.08365170e+02	2026-08-24T16:21:36.904855	0.00000000e+00	1	30	-5.96762000e-05	2.10458000e-05	-1.90129000e+00	-2.10091000e-05
2.08372908e+02	2026-08-24T16:21:36.904855	0.00000000e+00	1	30	-6.46353000e-05	1.94195000e-05	-1.85128000e+00	-1.95101000e-05
2.08395637e+02	2026-08-24T16:21:36.936729	0.00000000e+00	1	30	-6.49929000e-05	1.86553000e-05	-1.80124000e+00	-1.88197000e-05
2.08427138e+02	2026-08-24T16:21:36.968455	0.00000000e+00	1	30	-6.43492000e-05	1.77399000e-05	-1.75123000e+00	-1.83831000e-05
2.08442308e+02	2026-08-24T16:21:36.984118	0.00000000e+00	1	30	-6.03199000e-05	1.62691000e-05	-1.70117000e+00	-1.60979000e-05
2.08463649e+02	2026-08-24T16:21:36.999923	0.00000000e+00	1	30	-5.92232000e-05	1.50844000e-05	-1.65117000e+00	-1.50402000e-05
2.08471091e+02	2026-08-24T16:21:36.999923	0.00000000e+00	1	30	-5.75304000e-05	1.43344000e-05	-1.60112000e+00	-1.43023000e-05
2.08490542e+02	2026-08-24T16:21:37.031673	0.00000000e+00	1	30	-5.34773000e-05	1.36090000e-05	-1.55112000e+00	-1.37778000e-05
2.08503752e+02	2026-08-24T16:21:37.041911	0.00000000e+00	1	30	-6.01292000e-05	1.23756000e-05	-1.50106000e+00	-1.23862000e-05
2.08553919e+02	2026-08-24T16:21:37.094978	0.00000000e+00	1	30	-5.68867000e-05	1.10004000e-05	-1.45104000e+00	-1.10592000e-05
2.08561625e+02	2026-08-24T16:21:37.094978	0.00000000e+00	1	30	-5.40972000e-05	1.04907000e-05	-1.40099000e+00	-1.05181000e-05
2.08585755e+02	2026-08-24T16:21:37.126453	0.00000000e+00	1	30	-4.18901000e-05	9.34877000e-06	-1.35101000e+00	-9.16657000e-06
2.08615547e+02	2026-08-24T16:21:37.152601	0.00000000e+00	1	30	-6.60658000e-05	8.50795000e-06	-1.30094000e+00	-8.41461000e-06
2.08642529e+02	2026-08-24T16:21:37.176110	0.00000000e+00	1	30	-6.34670000e-05	7.58458000e-06	-1.25090000e+00	-7.63480000e-06
2.08664496e+02	2026-08-24T16:21:37.205828	0.00000000e+00	1	30	-6.74248000e-05	7.13398000e-06	-1.20085000e+00	-7.15850000e-06
2.08672401e+02	2026-08-24T16:21:37.205828	0.00000000e+00	1	30	-6.68764000e-05	6.47928000e-06	-1.15086000e+00	-6.49565000e-06
2.08697261e+02	2026-08-24T16:21:37.237733	0.00000000e+00	1	30	-6.84977000e-05	5.79520000e-06	-1.10081000e+00	-5.75453000e-06
2.08709186e+02	2026-08-24T16:21:37.237733	0.00000000e+00	1	30	-6.12974000e-05	5.32916000e-06	-1.05073000e+00	-5.32693000e-06
2.08736746e+02	2026-08-24T16:21:37.269141	0.00000000e+00	1	30	-6.16550000e-05	4.76215000e-06	-1.00072000e+00	-4.75453000e-06
2.08759349e+02	2026-08-24T16:21:37.300673	0.00000000e+00	1	30	-7.04765000e-05	3.94816000e-06	-9.50680000e-01	-3.94318000e-06
2.08784372e+02	2026-08-24T16:21:37.322922	0.00000000e+00	1	30	-6.28233000e-05	3.70685000e-06	-9.00644000e-01	-3.60850000e-06
2.08803435e+02	2026-08-24T16:21:37.341492	0.00000000e+00	1	30	-6.58989000e-05	3.31671000e-06	-8.50571000e-01	-3.28149000e-06
2.08827070e+02	2026-08-24T16:21:37.364105	0.00000000e+00	1	30	-6.18458000e-05	2.95931000e-06	-8.00604000e-01	-2.94183000e-06
2.08835475e+02	2026-08-24T16:21:37.364105	0.00000000e+00	1	30	-6.07729000e-05	2.66402000e-06	-7.50534000e-01	-2.65955000e-06
2.08855989e+02	2026-08-24T16:21:37.396831	0.00000000e+00	1	30	-5.96046000e-05	2.27301000e-06	-7.00508000e-01	-2.24695000e-06
2.08885460e+02	2026-08-24T16:21:37.417871	0.00000000e+00	1	30	-5.85079000e-05	1.96625000e-06	-6.50464000e-01	-1.91247000e-06
2.08907927e+02	2026-08-24T16:21:37.443719	0.00000000e+00	1	30	-6.33717000e-05	1.68900000e-06	-6.00430000e-01	-1.69314000e-06
2.08915918e+02	2026-08-24T16:21:37.443719	0.00000000e+00	1	30	-5.70774000e-05	1.45144000e-06	-5.50385000e-01	-1.44109000e-06
2.08942246e+02	2026-08-24T16:21:37.477628	0.00000000e+00	1	30	-6.06775000e-05	1.21538000e-06	-5.00376000e-01	-1.20105000e-06
2.08968727e+02	2026-08-24T16:21:37.507944	0.00000000e+00	1	30	-6.08444000e-05	1.00737000e-06	-4.50311000e-01	-1.02534000e-06
2.08977091e+02	2026-08-24T16:21:37.512545	0.00000000e+00	1	30	-5.97715000e-05	8.61921000e-07	-4.00300000e-01	-8.69364000e-07
2.08998116e+02	2026-08-24T16:21:37.539078	0.00000000e+00	1	30	-6.18458000e-05	6.79117000e-07	-3.50217000e-01	-6.79402000e-07
2.09030291e+02	2026-08-24T16:21:37.570686	0.00000000e+00	1	30	-6.29187000e-05	5.86822000e-07	-3.00202000e-01	-5.80452000e-07
2.09061687e+02	2026-08-24T16:21:37.603589	0.00000000e+00	1	30	-5.61714000e-05	4.07151000e-07	-2.50152000e-01	-4.08318000e-07
2.09069568e+02	2026-08-24T16:21:37.603589	0.00000000e+00	1	30	-6.12974000e-05	2.96372000e-07	-2.00035000e-01	-2.96395000e-07
2.09102426e+02	2026-08-24T16:21:37.634850	0.00000000e+00	1	30	-5.76258000e-05	1.70043000e-07	-1.49999000e-01	-1.70014000e-07
2.09118020e+02	2026-08-24T16:21:37.656568	0.00000000e+00	1	30	-6.08444000e-05	1.00636000e-07	-9.99534000e-02	-1.38145000e-07
2.09185746e+02	2026-08-24T16:21:37.723623	0.00000000e+00	1	30	-5.17607000e-05	4.92808000e-08	-4.99234000e-02	-4.38862000e-08
2.09300253e+02	2026-08-24T16:21:37.841121	0.00000000e+00	1	30	-4.63724000e-05	3.51708000e-09	5.41925000e-05	-2.31286000e-09
2.13819295e+02	2026-08-24T16:21:42.360881	0.00000000e+00	1	31	-5.05209000e-05	-7.09641000e-10	5.84364000e-05	2.99577000e-09
2.13854943e+02	2026-08-24T16:21:42.396598	0.00000000e+00	1	31	-7.39813000e-05	8.74465000e-07	-4.99132000e-02	-8.74423000e-07
2.13883518e+02	2026-08-24T16:21:42.424410	0.00000000e+00	1	31	-4.53949000e-05	1.71690000e-06	-9.99615000e-02	-1.71419000e-06
2.13896945e+02	2026-08-24T16:21:42.434773	0.00000000e+00	1	31	-5.56469000e-05	2.61038000e-06	-1.50006000e-01	-2.61189000e-06
2.13915319e+02	2026-08-24T16:21:42.457243	0.00000000e+00	1	31	-6.01292000e-05	3.56409000e-06	-2.00042000e-01	-3.56400000e-06
2.13922648e+02	2026-08-24T16:21:42.457243	0.00000000e+00	1	31	-5.06878000e-05	4.56828000e-06	-2.50154000e-01	-4.56728000e-06
2.13930329e+02	2026-08-24T16:21:42.457243	0.00000000e+00	1	31	-5.96046000e-05	5.65814000e-06	-3.00209000e-01	-5.65627000e-06
2.13962906e+02	2026-08-24T16:21:42.504059	0.00000000e+00	1	31	-6.21080000e-05	6.84068000e-06	-3.50231000e-01	-6.86295000e-06
2.13986016e+02	2026-08-24T16:21:42.524041	0.00000000e+00	1	31	-6.13928000e-05	8.18100000e-06	-4.00290000e-01	-8.17091000e-06
2.13993304e+02	2026-08-24T16:21:42.524041	0.00000000e+00	1	31	-6.55174000e-05	9.64869000e-06	-4.50299000e-01	-9.64764000e-06
2.14024398e+02	2026-08-24T16:21:42.564514	0.00000000e+00	1	31	-9.85384000e-05	1.12519000e-05	-5.00333000e-01	-1.12499000e-05
2.14063028e+02	2026-08-24T16:21:42.599406	0.00000000e+00	1	31	-5.05924000e-05	1.31358000e-05	-5.50402000e-01	-1.31446000e-05
2.14071653e+02	2026-08-24T16:21:42.606913	0.00000000e+00	1	31	-5.41925000e-05	1.52748000e-05	-6.00430000e-01	-1.52668000e-05
2.14130590e+02	2026-08-24T16:21:42.662041	0.00000000e+00	1	31	-4.80890000e-05	1.77737000e-05	-6.50458000e-01	-1.77781000e-05
2.14152325e+02	2026-08-24T16:21:42.693419	0.00000000e+00	1	31	-5.64575000e-05	2.06821000e-05	-7.00505000e-01	-2.06952000e-05
2.14160227e+02	2026-08-24T16:21:42.693419	0.00000000e+00	1	31	-4.90665000e-05	2.41477000e-05	-7.50533000e-01	-2.41438000e-05
2.14184124e+02	2026-08-24T16:21:42.725077	0.00000000e+00	1	31	-4.59194000e-05	2.81891000e-05	-8.00595000e-01	-2.82017000e-05
2.14196985e+02	2026-08-24T16:21:42.738883	0.00000000e+00	1	31	-5.25713000e-05	3.30968000e-05	-8.50600000e-01	-3.30466000e-05
2.14224687e+02	2026-08-24T16:21:42.757913	0.00000000e+00	1	31	-5.58138000e-05	3.89091000e-05	-9.00655000e-01	-3.90756000e-05
2.14247834e+02	2026-08-24T16:21:42.788793	0.00000000e+00	1	31	-5.47409000e-05	4.57157000e-05	-9.50670000e-01	-4.55322000e-05
2.14310834e+02	2026-08-24T16:21:42.852245	0.00000000e+00	1	31	-5.46455000e-05	5.33619000e-05	-1.00071000e+00	-5.38061000e-05
2.14318498e+02	2026-08-24T16:21:42.852245	0.00000000e+00	1	31	-5.13315000e-05	6.26902000e-05	-1.05076000e+00	-6.27858000e-05
2.14326294e+02	2026-08-24T16:21:42.867888	0.00000000e+00	1	31	-5.00679000e-05	7.12340000e-05	-1.10079000e+00	-7.00585000e-05
2.14369605e+02	2026-08-24T16:21:42.910771	0.00000000e+00	1	31	-4.97818000e-05	8.20683000e-05	-1.15085000e+00	-8.22766000e-05
2.14382121e+02	2026-08-24T16:21:42.919749	0.00000000e+00	1	31	-5.31197000e-05	8.57873000e-05	-1.20087000e+00	-8.65918000e-05
2.14389753e+02	2026-08-24T16:21:42.931491	0.00000000e+00	1	31	-5.24044000e-05	9.45981000e-05	-1.25092000e+00	-8.14396000e-05
2.14444834e+02	2026-08-24T16:21:42.979261	0.00000000e+00	1	31	-5.12362000e-05	7.17852000e-05	-1.30094000e+00	-7.07010000e-05
2.14469758e+02	2026-08-24T16:21:43.010936	0.00000000e+00	1	31	-5.71728000e-05	6.49846000e-05	-1.35098000e+00	-6.36852000e-05
2.14477497e+02	2026-08-24T16:21:43.010936	0.00000000e+00	1	31	-5.42879000e-05	6.72607000e-05	-1.40097000e+00	-6.53020000e-05
2.14485511e+02	2026-08-24T16:21:43.026829	0.00000000e+00	1	31	-5.55515000e-05	7.77485000e-05	-1.45104000e+00	-6.52171000e-05
2.14515136e+02	2026-08-24T16:21:43.042777	0.00000000e+00	1	31	-5.64575000e-05	7.98243000e-05	-1.50105000e+00	-7.93963000e-05
2.14539336e+02	2026-08-24T16:21:43.074839	0.00000000e+00	1	31	-5.08785000e-05	6.68149000e-05	-1.55109000e+00	-6.50255000e-05
2.14547398e+02	2026-08-24T16:21:43.074839	0.00000000e+00	1	31	-5.41925000e-05	6.25952000e-05	-1.60113000e+00	-6.20217000e-05
2.14572386e+02	2026-08-24T16:21:43.106513	0.00000000e+00	1	31	-5.29289000e-05	5.98238000e-05	-1.65116000e+00	-4.86021000e-05
2.14628500e+02	2026-08-24T16:21:43.170382	0.00000000e+00	1	31	-5.33104000e-05	4.98417000e-05	-1.70121000e+00	-5.03609000e-05
2.14636805e+02	2026-08-24T16:21:43.170382	0.00000000e+00	1	31	-5.33104000e-05	4.80546000e-05	-1.75121000e+00	-5.20527000e-05
2.14661352e+02	2026-08-24T16:21:43.201226	0.00000000e+00	1	31	-4.97818000e-05	4.09189000e-05	-1.80123000e+00	-3.75972000e-05
2.14691969e+02	2026-08-24T16:21:43.232901	0.00000000e+00	1	31	-5.76973000e-05	4.98391000e-05	-1.85128000e+00	-4.42107000e-05
2.14700917e+02	2026-08-24T16:21:43.232901	0.00000000e+00	1	31	-5.29289000e-05	4.11082000e-05	-1.90132000e+00	-4.17523000e-05
2.14732197e+02	2026-08-24T16:21:43.264716	0.00000000e+00	1	31	-4.87089000e-05	4.27590000e-05	-1.95135000e+00	-4.02608000e-05
2.14771105e+02	2026-08-24T16:21:43.312638	0.00000000e+00	1	31	-4.95195000e-05	4.50527000e-05	-2.00135000e+00	-4.67605000e-05
2.14792802e+02	2026-08-24T16:21:43.328344	0.00000000e+00	1	31	-5.75304000e-05	5.04742000e-05	-2.05136000e+00	-4.90616000e-05
2.14800547e+02	2026-08-24T16:21:43.328344	0.00000000e+00	1	31	-4.85420000e-05	4.17120000e-05	-2.10123000e+00	-4.60458000e-05
2.14830615e+02	2026-08-24T16:21:43.360012	0.00000000e+00	1	31	-5.40972000e-05	5.14586000e-05	-2.15143000e+00	-4.34391000e-05
2.14855428e+02	2026-08-24T16:21:43.391639	0.00000000e+00	1	31	-4.28677000e-05	4.27393000e-05	-2.20143000e+00	-4.37679000e-05
2.14863101e+02	2026-08-24T16:21:43.391639	0.00000000e+00	1	31	-4.33207000e-05	4.81805000e-05	-2.25137000e+00	-4.33574000e-05
2.14881897e+02	2026-08-24T16:21:43.423222	0.00000000e+00	1	31	-4.48465000e-05	3.72321000e-05	-2.30138000e+00	-3.33756000e-05
2.14913254e+02	2026-08-24T16:21:43.454592	0.00000000e+00	1	31	-5.03302000e-05	3.67399000e-05	-2.35162000e+00	-3.37578000e-05
2.14948665e+02	2026-08-24T16:21:43.486848	0.00000000e+00	1	31	-3.97205000e-05	4.39601000e-05	-2.40164000e+00	-4.16445000e-05
2.14957122e+02	2026-08-24T16:21:43.486848	0.00000000e+00	1	31	-4.97818000e-05	4.97800000e-05	-2.45161000e+00	-4.83489000e-05
2.14966326e+02	2026-08-24T16:21:43.503101	0.00000000e+00	1	31	-4.63724000e-05	5.28392000e-05	-2.50174000e+00	-5.48344000e-05
2.14980046e+02	2026-08-24T16:21:43.517746	0.00000000e+00	1	31	-4.62055000e-05	4.60046000e-05	-2.50162000e+00	-4.74107000e-05
2.15000067e+02	2026-08-24T16:21:43.533563	0.00000000e+00	1	31	-5.14984000e-05	3.50235000e-05	-2.45151000e+00	-3.99079000e-05
2.15024692e+02	2026-08-24T16:21:43.565724	0.00000000e+00	1	31	-4.62770000e-05	3.41205000e-05	-2.40165000e+00	-3.44751000e-05
2.15032847e+02	2026-08-24T16:21:43.565724	0.00000000e+00	1	31	-4.21524000e-05	3.19975000e-05	-2.35150000e+00	-3.29123000e-05
2.15056926e+02	2026-08-24T16:21:43.597500	0.00000000e+00	1	31	-4.27008000e-05	3.23171000e-05	-2.30127000e+00	-3.15324000e-05
2.15076691e+02	2026-08-24T16:21:43.615290	0.00000000e+00	1	31	-4.76360000e-05	3.01489000e-05	-2.25126000e+00	-2.93211000e-05
2.15104101e+02	2026-08-24T16:21:43.645374	0.00000000e+00	1	31	-4.68254000e-05	2.70099000e-05	-2.20151000e+00	-2.77159000e-05
2.15111862e+02	2026-08-24T16:21:43.645374	0.00000000e+00	1	31	-4.55618000e-05	2.47961000e-05	-2.15145000e+00	-2.48959000e-05
2.15119863e+02	2026-08-24T16:21:43.661172	0.00000000e+00	1	31	-6.01292000e-05	2.13821000e-05	-2.10110000e+00	-2.24520000e-05
2.15152592e+02	2026-08-24T16:21:43.693108	0.00000000e+00	1	31	-5.15938000e-05	2.00889000e-05	-2.05137000e+00	-2.05953000e-05
2.15175497e+02	2026-08-24T16:21:43.710966	0.00000000e+00	1	31	-5.53608000e-05	1.95664000e-05	-2.00137000e+00	-1.96975000e-05
2.15183112e+02	2026-08-24T16:21:43.724905	0.00000000e+00	1	31	-4.89950000e-05	1.82186000e-05	-1.95133000e+00	-1.80600000e-05
2.15245365e+02	2026-08-24T16:21:43.772299	0.00000000e+00	1	31	-5.10454000e-05	1.65314000e-05	-1.90132000e+00	-1.64791000e-05
2.15268812e+02	2026-08-24T16:21:43.803919	0.00000000e+00	1	31	-5.38349000e-05	1.50993000e-05	-1.85130000e+00	-1.51108000e-05
2.15276415e+02	2026-08-24T16:21:43.803919	0.00000000e+00	1	31	-4.87089000e-05	1.39683000e-05	-1.80124000e+00	-1.39266000e-05
2.15310592e+02	2026-08-24T16:21:43.851709	0.00000000e+00	1	31	-4.64678000e-05	1.32131000e-05	-1.75123000e+00	-1.32265000e-05
2.15334372e+02	2026-08-24T16:21:43.867784	0.00000000e+00	1	31	-4.67300000e-05	1.22143000e-05	-1.70118000e+00	-1.22317000e-05
2.15341841e+02	2026-08-24T16:21:43.883546	0.00000000e+00	1	31	-4.88997000e-05	1.12891000e-05	-1.65115000e+00	-1.12438000e-05
2.15391043e+02	2026-08-24T16:21:43.931129	0.00000000e+00	1	31	-4.51088000e-05	1.04196000e-05	-1.60109000e+00	-1.04167000e-05
2.15421961e+02	2026-08-24T16:21:43.962908	0.00000000e+00	1	31	-4.54664000e-05	9.96685000e-06	-1.55111000e+00	-1.00123000e-05
2.15433405e+02	2026-08-24T16:21:43.962908	0.00000000e+00	1	31	-5.82457000e-05	9.33183000e-06	-1.50107000e+00	-9.28350000e-06
2.15451369e+02	2026-08-24T16:21:43.989210	0.00000000e+00	1	31	-6.48022000e-05	8.72329000e-06	-1.45104000e+00	-8.72585000e-06
2.15501007e+02	2026-08-24T16:21:44.042063	0.00000000e+00	1	31	-5.50032000e-05	8.15617000e-06	-1.40098000e+00	-8.13348000e-06
2.15509766e+02	2026-08-24T16:21:44.042063	0.00000000e+00	1	31	-5.37395000e-05	7.61638000e-06	-1.35101000e+00	-7.66577000e-06
2.15535491e+02	2026-08-24T16:21:44.073398	0.00000000e+00	1	31	-6.60658000e-05	7.30340000e-06	-1.30091000e+00	-7.30938000e-06
2.15563959e+02	2026-08-24T16:21:44.105378	0.00000000e+00	1	31	-5.33819000e-05	6.66137000e-06	-1.25091000e+00	-6.61599000e-06
2.15584880e+02	2026-08-24T16:21:44.121114	0.00000000e+00	1	31	-5.55515000e-05	6.16553000e-06	-1.20088000e+00	-6.18770000e-06
2.15592684e+02	2026-08-24T16:21:44.121114	0.00000000e+00	1	31	-6.31809000e-05	5.75812000e-06	-1.15086000e+00	-5.71946000e-06
2.15625705e+02	2026-08-24T16:21:44.156950	0.00000000e+00	1	31	-5.58138000e-05	5.22119000e-06	-1.10079000e+00	-5.19082000e-06
2.15640493e+02	2026-08-24T16:21:44.168749	0.00000000e+00	1	31	-5.68151000e-05	4.84898000e-06	-1.05076000e+00	-4.80309000e-06
2.15659221e+02	2026-08-24T16:21:44.200705	0.00000000e+00	1	31	-5.72443000e-05	4.51204000e-06	-1.00073000e+00	-4.50049000e-06
2.15666936e+02	2026-08-24T16:21:44.201395	0.00000000e+00	1	31	-5.37395000e-05	4.14322000e-06	-9.50701000e-01	-4.14290000e-06
2.15675511e+02	2026-08-24T16:21:44.216758	0.00000000e+00	1	31	-5.43833000e-05	3.67655000e-06	-9.00656000e-01	-3.69607000e-06
2.15703438e+02	2026-08-24T16:21:44.232939	0.00000000e+00	1	31	-5.53608000e-05	3.38648000e-06	-8.50611000e-01	-3.34761000e-06
2.15726409e+02	2026-08-24T16:21:44.266788	0.00000000e+00	1	31	-5.56469000e-05	3.21835000e-06	-8.00596000e-01	-3.17651000e-06
2.15734408e+02	2026-08-24T16:21:44.266788	0.00000000e+00	1	31	-5.05924000e-05	2.89327000e-06	-7.50556000e-01	-2.90632000e-06
2.15755170e+02	2026-08-24T16:21:44.296492	0.00000000e+00	1	31	-5.51939000e-05	2.47082000e-06	-7.00495000e-01	-2.52326000e-06
2.15818783e+02	2026-08-24T16:21:44.360074	0.00000000e+00	1	31	-6.16550000e-05	1.96528000e-06	-6.50477000e-01	-1.96825000e-06
2.15826508e+02	2026-08-24T16:21:44.360074	0.00000000e+00	1	31	-4.55618000e-05	1.71333000e-06	-6.00427000e-01	-1.60666000e-06
2.15834085e+02	2026-08-24T16:21:44.375900	0.00000000e+00	1	31	-4.88043000e-05	1.40094000e-06	-5.50393000e-01	-1.34093000e-06
2.15883294e+02	2026-08-24T16:21:44.423402	0.00000000e+00	1	31	-4.88997000e-05	9.37007000e-07	-5.00354000e-01	-9.40902000e-07
2.15895911e+02	2026-08-24T16:21:44.433786	0.00000000e+00	1	31	-4.90665000e-05	7.85135000e-07	-4.50294000e-01	-7.87163000e-07
2.15945731e+02	2026-08-24T16:21:44.487076	0.00000000e+00	1	31	-5.12362000e-05	6.45984000e-07	-4.00289000e-01	-6.47233000e-07
2.15977991e+02	2026-08-24T16:21:44.519735	0.00000000e+00	1	31	-5.76973000e-05	5.36786000e-07	-3.50234000e-01	-5.37102000e-07
2.15986021e+02	2026-08-24T16:21:44.519735	0.00000000e+00	1	31	-5.05209000e-05	4.24753000e-07	-3.00200000e-01	-4.27950000e-07
2.16011645e+02	2026-08-24T16:21:44.550672	0.00000000e+00	1	31	-5.03302000e-05	3.18847000e-07	-2.50148000e-01	-3.16651000e-07
2.16042601e+02	2026-08-24T16:21:44.582473	0.00000000e+00	1	31	-5.55515000e-05	1.58310000e-07	-2.00034000e-01	-1.54704000e-07
2.16051011e+02	2026-08-24T16:21:44.582473	0.00000000e+00	1	31	-5.15938000e-05	1.04596000e-07	-1.50008000e-01	-1.03293000e-07
2.16072907e+02	2026-08-24T16:21:44.614636	0.00000000e+00	1	31	-5.48363000e-05	7.98308000e-08	-9.99654000e-02	-9.17772000e-08
2.16175495e+02	2026-08-24T16:21:44.709389	0.00000000e+00	1	31	-2.71320000e-05	7.69168000e-08	-4.99474000e-02	-6.70125000e-08
2.16203015e+02	2026-08-24T16:21:44.741357	0.00000000e+00	1	31	-5.86033000e-05	1.15688000e-09	5.77927000e-05	-8.18515000e-10
2.20984035e+02	2026-08-24T16:21:49.515326	0.00000000e+00	1	32	-5.15938000e-05	-6.95241000e-10	6.06775000e-05	1.68744000e-09
2.21007516e+02	2026-08-24T16:21:49.547228	0.00000000e+00	1	32	-7.15494000e-05	6.99690000e-07	-4.99046000e-02	-7.00086000e-07
2.21021854e+02	2026-08-24T16:21:49.563316	0.00000000e+00	1	32	-5.38349000e-05	1.34364000e-06	-9.99583000e-02	-1.33825000e-06
2.21069753e+02	2026-08-24T16:21:49.611096	0.00000000e+00	1	32	-5.48363000e-05	2.04805000e-06	-1.49999000e-01	-2.04783000e-06
2.21077992e+02	2026-08-24T16:21:49.611096	0.00000000e+00	1	32	-5.62668000e-05	2.77864000e-06	-2.00026000e-01	-2.77179000e-06
2.21106039e+02	2026-08-24T16:21:49.643589	0.00000000e+00	1	32	-5.96046000e-05	3.55185000e-06	-2.50151000e-01	-3.55142000e-06
2.21136299e+02	2026-08-24T16:21:49.674912	0.00000000e+00	1	32	-6.07729000e-05	4.39111000e-06	-3.00217000e-01	-4.38725000e-06
2.21144982e+02	2026-08-24T16:21:49.674912	0.00000000e+00	1	32	-6.09398000e-05	5.29564000e-06	-3.50252000e-01	-5.29427000e-06
2.21181016e+02	2026-08-24T16:21:49.722490	0.00000000e+00	1	32	-6.08444000e-05	6.28492000e-06	-4.00282000e-01	-6.30539000e-06
2.21229293e+02	2026-08-24T16:21:49.770932	0.00000000e+00	1	32	-6.58035000e-05	7.37879000e-06	-4.50293000e-01	-7.38838000e-06
2.21237016e+02	2026-08-24T16:21:49.770932	0.00000000e+00	1	32	-6.51598000e-05	8.59919000e-06	-5.00342000e-01	-8.59968000e-06
2.21263486e+02	2026-08-24T16:21:49.801849	0.00000000e+00	1	32	-6.89507000e-05	9.96919000e-06	-5.50376000e-01	-9.95514000e-06
2.21288712e+02	2026-08-24T16:21:49.823962	0.00000000e+00	1	32	-1.03211000e-04	1.14578000e-05	-6.00403000e-01	-1.14895000e-05
2.21312797e+02	2026-08-24T16:21:49.849679	0.00000000e+00	1	32	-4.79937000e-05	1.32721000e-05	-6.50454000e-01	-1.32808000e-05
2.21321261e+02	2026-08-24T16:21:49.849679	0.00000000e+00	1	32	-5.70774000e-05	1.53120000e-05	-7.00510000e-01	-1.53120000e-05
2.21343884e+02	2026-08-24T16:21:49.881380	0.00000000e+00	1	32	-5.50032000e-05	1.77058000e-05	-7.50537000e-01	-1.77339000e-05
2.21387699e+02	2026-08-24T16:21:49.928839	0.00000000e+00	1	32	-5.72443000e-05	2.05540000e-05	-8.00592000e-01	-2.05697000e-05
2.21397291e+02	2026-08-24T16:21:49.928839	0.00000000e+00	1	32	-5.59092000e-05	2.39072000e-05	-8.50594000e-01	-2.39642000e-05
2.21421188e+02	2026-08-24T16:21:49.960273	0.00000000e+00	1	32	-5.36680000e-05	2.80095000e-05	-9.00652000e-01	-2.80240000e-05
2.21457542e+02	2026-08-24T16:21:49.997970	0.00000000e+00	1	32	-6.12021000e-05	3.28646000e-05	-9.50668000e-01	-3.28967000e-05
2.21482738e+02	2026-08-24T16:21:50.023496	0.00000000e+00	1	32	-6.43492000e-05	3.85999000e-05	-1.00073000e+00	-3.87921000e-05
2.21515074e+02	2026-08-24T16:21:50.055416	0.00000000e+00	1	32	-5.58138000e-05	4.57363000e-05	-1.05073000e+00	-4.59837000e-05
2.21541892e+02	2026-08-24T16:21:50.079219	0.00000000e+00	1	32	-5.40972000e-05	5.39144000e-05	-1.10079000e+00	-5.39077000e-05
2.21561824e+02	2026-08-24T16:21:50.102822	0.00000000e+00	1	32	-6.16550000e-05	6.38133000e-05	-1.15086000e+00	-6.39574000e-05
2.21583287e+02	2026-08-24T16:21:50.124436	0.00000000e+00	1	32	-5.93185000e-05	7.53788000e-05	-1.20085000e+00	-7.49035000e-05
2.21609083e+02	2026-08-24T16:21:50.150433	0.00000000e+00	1	32	-5.96762000e-05	8.43976000e-05	-1.25091000e+00	-8.52405000e-05
2.21619899e+02	2026-08-24T16:21:50.150433	0.00000000e+00	1	32	-6.07729000e-05	9.13183000e-05	-1.30094000e+00	-8.65228000e-05
2.21640860e+02	2026-08-24T16:21:50.182709	0.00000000e+00	1	32	-5.73397000e-05	6.72755000e-05	-1.35098000e+00	-6.76504000e-05
2.21672531e+02	2026-08-24T16:21:50.213975	0.00000000e+00	1	32	-5.59092000e-05	7.44492000e-05	-1.40098000e+00	-7.00135000e-05
2.21704275e+02	2026-08-24T16:21:50.245576	0.00000000e+00	1	32	-6.03199000e-05	6.86039000e-05	-1.45105000e+00	-6.61042000e-05
2.21711960e+02	2026-08-24T16:21:50.245576	0.00000000e+00	1	32	-6.22034000e-05	7.13220000e-05	-1.50105000e+00	-6.85761000e-05
2.21719459e+02	2026-08-24T16:21:50.261380	0.00000000e+00	1	32	-5.48363000e-05	7.43567000e-05	-1.55110000e+00	-7.37614000e-05
2.21750993e+02	2026-08-24T16:21:50.290728	0.00000000e+00	1	32	-4.57525000e-05	6.75288000e-05	-1.60112000e+00	-5.41482000e-05
2.21776162e+02	2026-08-24T16:21:50.309072	0.00000000e+00	1	32	-6.01292000e-05	6.43874000e-05	-1.65115000e+00	-6.32144000e-05
2.21799409e+02	2026-08-24T16:21:50.340787	0.00000000e+00	1	32	-5.56469000e-05	4.43044000e-05	-1.70119000e+00	-3.99091000e-05
2.21831692e+02	2026-08-24T16:21:50.372619	0.00000000e+00	1	32	-5.80549000e-05	4.02586000e-05	-1.75121000e+00	-4.06484000e-05
2.21863377e+02	2026-08-24T16:21:50.404557	0.00000000e+00	1	32	-5.89609000e-05	3.75561000e-05	-1.80122000e+00	-4.24209000e-05
2.21871636e+02	2026-08-24T16:21:50.404557	0.00000000e+00	1	32	-5.86987000e-05	4.91252000e-05	-1.85128000e+00	-4.61796000e-05
2.21895458e+02	2026-08-24T16:21:50.436330	0.00000000e+00	1	32	-5.20468000e-05	5.03243000e-05	-1.90129000e+00	-4.41900000e-05
2.21931025e+02	2026-08-24T16:21:50.468302	0.00000000e+00	1	32	-5.28574000e-05	3.58137000e-05	-1.95133000e+00	-3.54028000e-05
2.21939401e+02	2026-08-24T16:21:50.468302	0.00000000e+00	1	32	-5.53608000e-05	4.82916000e-05	-2.00136000e+00	-4.12191000e-05
2.21959318e+02	2026-08-24T16:21:50.500286	0.00000000e+00	1	32	-4.77314000e-05	3.93583000e-05	-2.05117000e+00	-3.82654000e-05
2.21999332e+02	2026-08-24T16:21:50.531850	0.00000000e+00	1	32	-6.20127000e-05	4.40986000e-05	-2.10118000e+00	-3.84293000e-05
2.22022623e+02	2026-08-24T16:21:50.564027	0.00000000e+00	1	32	-5.96046000e-05	4.08335000e-05	-2.15146000e+00	-4.60919000e-05
2.22030716e+02	2026-08-24T16:21:50.564027	0.00000000e+00	1	32	-5.52893000e-05	3.99623000e-05	-2.20165000e+00	-3.61302000e-05
2.22055517e+02	2026-08-24T16:21:50.595996	0.00000000e+00	1	32	-6.16550000e-05	2.91008000e-05	-2.25132000e+00	-3.50026000e-05
2.22088495e+02	2026-08-24T16:21:50.627039	0.00000000e+00	1	32	-5.64575000e-05	3.00550000e-05	-2.30134000e+00	-3.01228000e-05
2.22097886e+02	2026-08-24T16:21:50.627039	0.00000000e+00	1	32	-5.03302000e-05	4.60978000e-05	-2.35165000e+00	-3.81428000e-05
2.22117704e+02	2026-08-24T16:21:50.658752	0.00000000e+00	1	32	-5.13315000e-05	3.95197000e-05	-2.40140000e+00	-4.08653000e-05
2.22154523e+02	2026-08-24T16:21:50.696453	0.00000000e+00	1	32	-4.65631000e-05	4.91237000e-05	-2.45163000e+00	-4.47453000e-05
2.22180866e+02	2026-08-24T16:21:50.722299	0.00000000e+00	1	32	-5.28574000e-05	5.41221000e-05	-2.50173000e+00	-5.43791000e-05
2.22188450e+02	2026-08-24T16:21:50.729884	0.00000000e+00	1	32	-4.91619000e-05	5.76238000e-05	-2.50192000e+00	-6.32199000e-05
2.22244478e+02	2026-08-24T16:21:50.785554	0.00000000e+00	1	32	-5.52893000e-05	4.28323000e-05	-2.45158000e+00	-4.33428000e-05
2.22260075e+02	2026-08-24T16:21:50.802021	0.00000000e+00	1	32	-5.10454000e-05	3.89985000e-05	-2.40167000e+00	-3.38873000e-05
2.22312542e+02	2026-08-24T16:21:50.848634	0.00000000e+00	1	32	-4.68254000e-05	3.63034000e-05	-2.35165000e+00	-3.56757000e-05
2.22321105e+02	2026-08-24T16:21:50.848634	0.00000000e+00	1	32	-5.32150000e-05	2.89891000e-05	-2.30141000e+00	-2.91425000e-05
2.22354055e+02	2026-08-24T16:21:50.895651	0.00000000e+00	1	32	-5.08785000e-05	2.72768000e-05	-2.25146000e+00	-2.75210000e-05
2.22379759e+02	2026-08-24T16:21:50.911706	0.00000000e+00	1	32	-4.52995000e-05	2.38036000e-05	-2.20162000e+00	-2.46423000e-05
2.22402193e+02	2026-08-24T16:21:50.943536	0.00000000e+00	1	32	-4.70161000e-05	2.14986000e-05	-2.15163000e+00	-2.14616000e-05
2.22455086e+02	2026-08-24T16:21:50.990889	0.00000000e+00	1	32	-4.93526000e-05	1.92942000e-05	-2.10128000e+00	-1.94811000e-05
2.22471097e+02	2026-08-24T16:21:51.007239	0.00000000e+00	1	32	-5.44786000e-05	1.76257000e-05	-2.05122000e+00	-1.79736000e-05
2.22478618e+02	2026-08-24T16:21:51.007239	0.00000000e+00	1	32	-4.94242000e-05	1.65590000e-05	-2.00137000e+00	-1.63847000e-05
2.22497978e+02	2026-08-24T16:21:51.038570	0.00000000e+00	1	32	-4.59194000e-05	1.43312000e-05	-1.95136000e+00	-1.43917000e-05
2.22533791e+02	2026-08-24T16:21:51.074546	0.00000000e+00	1	32	-4.37737000e-05	1.31097000e-05	-1.90130000e+00	-1.33106000e-05
2.22542365e+02	2026-08-24T16:21:51.074546	0.00000000e+00	1	32	-4.78029000e-05	1.18949000e-05	-1.85130000e+00	-1.18965000e-05
2.22584569e+02	2026-08-24T16:21:51.122208	0.00000000e+00	1	32	-4.71830000e-05	1.09107000e-05	-1.80123000e+00	-1.07053000e-05
2.22609940e+02	2026-08-24T16:21:51.149369	0.00000000e+00	1	32	-3.33309000e-05	9.82195000e-06	-1.75121000e+00	-9.82922000e-06
2.22632118e+02	2026-08-24T16:21:51.165494	0.00000000e+00	1	32	-5.49078000e-05	8.98146000e-06	-1.70117000e+00	-8.97049000e-06
2.22639620e+02	2026-08-24T16:21:51.181433	0.00000000e+00	1	32	-5.51939000e-05	8.19110000e-06	-1.65117000e+00	-8.22567000e-06
2.22671931e+02	2026-08-24T16:21:51.213646	0.00000000e+00	1	32	-6.45399000e-05	7.61543000e-06	-1.60111000e+00	-7.47853000e-06
2.22695203e+02	2026-08-24T16:21:51.228836	0.00000000e+00	1	32	-6.26564000e-05	6.78966000e-06	-1.55112000e+00	-6.66328000e-06
2.22703008e+02	2026-08-24T16:21:51.244602	0.00000000e+00	1	32	-5.54562000e-05	5.98803000e-06	-1.50107000e+00	-6.10487000e-06
2.22748705e+02	2026-08-24T16:21:51.280957	0.00000000e+00	1	32	-5.47409000e-05	5.49592000e-06	-1.45106000e+00	-5.51370000e-06
2.22775182e+02	2026-08-24T16:21:51.308873	0.00000000e+00	1	32	-4.97103000e-05	4.90878000e-06	-1.40099000e+00	-4.89865000e-06
2.22782896e+02	2026-08-24T16:21:51.324637	0.00000000e+00	1	32	-5.68151000e-05	4.41214000e-06	-1.35098000e+00	-4.38156000e-06
2.22847067e+02	2026-08-24T16:21:51.387979	0.00000000e+00	1	32	-5.10454000e-05	3.87085000e-06	-1.30094000e+00	-3.91045000e-06
2.22869535e+02	2026-08-24T16:21:51.409383	0.00000000e+00	1	32	-5.40257000e-05	3.53405000e-06	-1.25092000e+00	-3.52911000e-06
2.22877799e+02	2026-08-24T16:21:51.419655	0.00000000e+00	1	32	-5.33104000e-05	3.16478000e-06	-1.20089000e+00	-3.07480000e-06
2.22926259e+02	2026-08-24T16:21:51.466807	0.00000000e+00	1	32	-5.79834000e-05	2.75770000e-06	-1.15083000e+00	-2.77631000e-06
2.22935759e+02	2026-08-24T16:21:51.473840	0.00000000e+00	1	32	-4.98772000e-05	2.46078000e-06	-1.10079000e+00	-2.45721000e-06
2.22957393e+02	2026-08-24T16:21:51.498426	0.00000000e+00	1	32	-5.95093000e-05	2.15067000e-06	-1.05076000e+00	-2.16074000e-06
2.22966077e+02	2026-08-24T16:21:51.498426	0.00000000e+00	1	32	-5.29289000e-05	1.91019000e-06	-1.00074000e+00	-1.92047000e-06
2.22989155e+02	2026-08-24T16:21:51.529910	0.00000000e+00	1	32	-5.53608000e-05	1.65780000e-06	-9.50688000e-01	-1.66145000e-06
2.23029257e+02	2026-08-24T16:21:51.561534	0.00000000e+00	1	32	-5.37395000e-05	1.40637000e-06	-9.00659000e-01	-1.41373000e-06
2.23052365e+02	2026-08-24T16:21:51.593117	0.00000000e+00	1	32	-5.24044000e-05	1.30595000e-06	-8.50599000e-01	-1.30134000e-06
2.23084203e+02	2026-08-24T16:21:51.625002	0.00000000e+00	1	32	-5.50985000e-05	1.13343000e-06	-8.00592000e-01	-1.14112000e-06
2.23115095e+02	2026-08-24T16:21:51.656192	0.00000000e+00	1	32	-5.55515000e-05	9.01523000e-07	-7.50539000e-01	-9.15249000e-07
2.23128890e+02	2026-08-24T16:21:51.668942	0.00000000e+00	1	32	-5.98669000e-05	7.47159000e-07	-7.00507000e-01	-7.33156000e-07
2.23186135e+02	2026-08-24T16:21:51.720130	0.00000000e+00	1	32	-4.83513000e-05	6.74696000e-07	-6.50485000e-01	-6.72346000e-07
2.23209864e+02	2026-08-24T16:21:51.751239	0.00000000e+00	1	32	-5.78880000e-05	5.89353000e-07	-6.00450000e-01	-5.46874000e-07
2.23218185e+02	2026-08-24T16:21:51.751916	0.00000000e+00	1	32	-5.67198000e-05	3.93544000e-07	-5.50393000e-01	-3.92094000e-07
2.23242286e+02	2026-08-24T16:21:51.783268	0.00000000e+00	1	32	-4.91619000e-05	2.93641000e-07	-5.00356000e-01	-2.87844000e-07
2.23287885e+02	2026-08-24T16:21:51.815225	0.00000000e+00	1	32	-5.80549000e-05	2.25954000e-07	-4.50310000e-01	-2.13642000e-07
2.23309508e+02	2026-08-24T16:21:51.847168	0.00000000e+00	1	32	-5.39303000e-05	1.62911000e-07	-4.00266000e-01	-1.64673000e-07
2.23318138e+02	2026-08-24T16:21:51.847168	0.00000000e+00	1	32	-5.02348000e-05	1.28034000e-07	-3.50244000e-01	-1.31019000e-07
2.23338309e+02	2026-08-24T16:21:51.878923	0.00000000e+00	1	32	-6.32763000e-05	9.05409000e-08	-3.00213000e-01	-8.88670000e-08
2.23449376e+02	2026-08-24T16:21:51.990321	0.00000000e+00	1	32	-5.56469000e-05	6.68754000e-08	-2.50165000e-01	-6.41209000e-08
2.23495844e+02	2026-08-24T16:21:52.022122	0.00000000e+00	1	32	-5.13315000e-05	4.24064000e-08	-2.00032000e-01	-3.81315000e-08
2.23518275e+02	2026-08-24T16:21:52.053797	0.00000000e+00	1	32	-4.68254000e-05	3.27366000e-08	-1.50009000e-01	-2.94259000e-08
2.23525889e+02	2026-08-24T16:21:52.053797	0.00000000e+00	1	32	-4.14371000e-05	2.16247000e-08	-9.99692000e-02	-1.86502000e-08
2.23554162e+02	2026-08-24T16:21:52.095768	0.00000000e+00	1	32	-4.83513000e-05	8.93708000e-09	-4.99259000e-02	-6.94897000e-09
2.23585590e+02	2026-08-24T16:21:52.123192	0.00000000e+00	1	32	-4.09842000e-05	2.99178000e-09	6.15835000e-05	-1.93868000e-09
2.28439882e+02	2026-08-24T16:21:56.971918	0.00000000e+00	1	33	-5.26667000e-05	-3.82042000e-10	5.80788000e-05	1.12507000e-09
2.28494402e+02	2026-08-24T16:21:57.035401	0.00000000e+00	1	33	-7.86543000e-05	2.89723000e-07	-4.99174000e-02	-3.03299000e-07
2.28507785e+02	2026-08-24T16:21:57.035401	0.00000000e+00	1	33	-5.50985000e-05	5.21070000e-07	-9.99675000e-02	-5.19166000e-07
2.28559806e+02	2026-08-24T16:21:57.099058	0.00000000e+00	1	33	-5.33104000e-05	7.88730000e-07	-1.50011000e-01	-7.90093000e-07
2.28572856e+02	2026-08-24T16:21:57.099058	0.00000000e+00	1	33	-5.65290000e-05	1.07296000e-06	-2.00044000e-01	-1.06663000e-06
2.28597928e+02	2026-08-24T16:21:57.130668	0.00000000e+00	1	33	-5.63622000e-05	1.35767000e-06	-2.50183000e-01	-1.36042000e-06
2.28625207e+02	2026-08-24T16:21:57.162612	0.00000000e+00	1	33	-4.93526000e-05	1.66154000e-06	-3.00217000e-01	-1.66729000e-06
2.28655810e+02	2026-08-24T16:21:57.195481	0.00000000e+00	1	33	-5.52893000e-05	1.99541000e-06	-3.50238000e-01	-1.99425000e-06
2.28664139e+02	2026-08-24T16:21:57.205092	0.00000000e+00	1	33	-5.50985000e-05	2.34374000e-06	-4.00327000e-01	-2.34229000e-06
2.28684857e+02	2026-08-24T16:21:57.226193	0.00000000e+00	1	33	-5.90563000e-05	2.72922000e-06	-4.50302000e-01	-2.72575000e-06
2.28720212e+02	2026-08-24T16:21:57.258141	0.00000000e+00	1	33	-5.89609000e-05	3.13519000e-06	-5.00362000e-01	-3.13672000e-06
2.28748442e+02	2026-08-24T16:21:57.289812	0.00000000e+00	1	33	-5.70774000e-05	3.57125000e-06	-5.50411000e-01	-3.57722000e-06
2.28756260e+02	2026-08-24T16:21:57.294754	0.00000000e+00	1	33	-5.71728000e-05	4.05753000e-06	-6.00460000e-01	-4.05637000e-06
2.28764116e+02	2026-08-24T16:21:57.305629	0.00000000e+00	1	33	-5.77927000e-05	4.57337000e-06	-6.50460000e-01	-4.56928000e-06
2.28805504e+02	2026-08-24T16:21:57.337529	0.00000000e+00	1	33	-5.91517000e-05	5.15718000e-06	-7.00508000e-01	-5.14584000e-06
2.28827893e+02	2026-08-24T16:21:57.369073	0.00000000e+00	1	33	-6.12021000e-05	5.78154000e-06	-7.50540000e-01	-5.78020000e-06
2.28835662e+02	2026-08-24T16:21:57.369073	0.00000000e+00	1	33	-5.79834000e-05	6.48171000e-06	-8.00580000e-01	-6.48891000e-06
2.28843366e+02	2026-08-24T16:21:57.385093	0.00000000e+00	1	33	-5.98669000e-05	7.26010000e-06	-8.50599000e-01	-7.25643000e-06
2.28869792e+02	2026-08-24T16:21:57.401775	0.00000000e+00	1	33	-6.86646000e-05	8.12245000e-06	-9.00664000e-01	-8.11643000e-06
2.28900864e+02	2026-08-24T16:21:57.432677	0.00000000e+00	1	33	-6.03199000e-05	9.09596000e-06	-9.50701000e-01	-9.06315000e-06
2.28923671e+02	2026-08-24T16:21:57.464808	0.00000000e+00	1	33	-9.03368000e-05	1.01763000e-05	-1.00071000e+00	-1.01843000e-05
2.28958707e+02	2026-08-24T16:21:57.499085	0.00000000e+00	1	33	-5.90563000e-05	1.14450000e-05	-1.05074000e+00	-1.14588000e-05
2.28970700e+02	2026-08-24T16:21:57.512141	0.00000000e+00	1	33	-6.07729000e-05	1.29494000e-05	-1.10082000e+00	-1.29614000e-05
2.28992605e+02	2026-08-24T16:21:57.528274	0.00000000e+00	1	33	-5.60045000e-05	1.46116000e-05	-1.15086000e+00	-1.45763000e-05
2.29001508e+02	2026-08-24T16:21:57.538478	0.00000000e+00	1	33	-5.29289000e-05	1.65176000e-05	-1.20085000e+00	-1.65727000e-05
2.29053266e+02	2026-08-24T16:21:57.591162	0.00000000e+00	1	33	-5.33819000e-05	1.88903000e-05	-1.25091000e+00	-1.88447000e-05
2.29081645e+02	2026-08-24T16:21:57.622709	0.00000000e+00	1	33	-5.54562000e-05	2.16520000e-05	-1.30093000e+00	-2.16458000e-05
2.29089644e+02	2026-08-24T16:21:57.622709	0.00000000e+00	1	33	-5.46455000e-05	2.49388000e-05	-1.35099000e+00	-2.49126000e-05
2.29116893e+02	2026-08-24T16:21:57.654613	0.00000000e+00	1	33	-5.37395000e-05	2.93524000e-05	-1.40099000e+00	-2.93896000e-05
2.29147712e+02	2026-08-24T16:21:57.686143	0.00000000e+00	1	33	-5.49078000e-05	3.44364000e-05	-1.45104000e+00	-3.45453000e-05
2.29155289e+02	2026-08-24T16:21:57.686143	0.00000000e+00	1	33	-5.74350000e-05	4.08324000e-05	-1.50107000e+00	-4.08056000e-05
2.29176609e+02	2026-08-24T16:21:57.717592	0.00000000e+00	1	33	-5.85079000e-05	5.12121000e-05	-1.55111000e+00	-5.21179000e-05
2.29215814e+02	2026-08-24T16:21:57.749665	0.00000000e+00	1	33	-5.09500000e-05	5.48383000e-05	-1.60113000e+00	-5.20308000e-05
2.29240854e+02	2026-08-24T16:21:57.781853	0.00000000e+00	1	33	-6.07729000e-05	6.60069000e-05	-1.65118000e+00	-6.42883000e-05
2.29248993e+02	2026-08-24T16:21:57.781853	0.00000000e+00	1	33	-6.02245000e-05	5.82670000e-05	-1.70119000e+00	-6.20180000e-05
2.29272860e+02	2026-08-24T16:21:57.814298	0.00000000e+00	1	33	-5.18560000e-05	4.42793000e-05	-1.75122000e+00	-3.68465000e-05
2.29307596e+02	2026-08-24T16:21:57.846509	0.00000000e+00	1	33	-5.41925000e-05	3.86581000e-05	-1.80124000e+00	-4.61778000e-05
2.29340996e+02	2026-08-24T16:21:57.877630	0.00000000e+00	1	33	-4.78029000e-05	4.13501000e-05	-1.85128000e+00	-5.12976000e-05
2.29349631e+02	2026-08-24T16:21:57.877630	0.00000000e+00	1	33	-5.71728000e-05	4.76766000e-05	-1.90131000e+00	-4.59405000e-05
2.29372091e+02	2026-08-24T16:21:57.909758	0.00000000e+00	1	33	-5.33104000e-05	3.22524000e-05	-1.95136000e+00	-3.57012000e-05
2.29404478e+02	2026-08-24T16:21:57.941123	0.00000000e+00	1	33	-5.18560000e-05	2.45422000e-05	-2.00135000e+00	-2.50009000e-05
2.29412449e+02	2026-08-24T16:21:57.941123	0.00000000e+00	1	33	-5.80549000e-05	3.36225000e-05	-2.05122000e+00	-3.30006000e-05
2.29431657e+02	2026-08-24T16:21:57.972822	0.00000000e+00	1	33	-6.07729000e-05	4.76296000e-05	-2.10139000e+00	-4.55256000e-05
2.29468075e+02	2026-08-24T16:21:58.004740	0.00000000e+00	1	33	-4.63724000e-05	3.59899000e-05	-2.15169000e+00	-3.44312000e-05
2.29495202e+02	2026-08-24T16:21:58.036238	0.00000000e+00	1	33	-5.95093000e-05	5.54570000e-05	-2.20142000e+00	-5.68968000e-05
2.29504191e+02	2026-08-24T16:21:58.044381	0.00000000e+00	1	33	-4.54664000e-05	5.37713000e-05	-2.25143000e+00	-5.35541000e-05
2.29530975e+02	2026-08-24T16:21:58.067974	0.00000000e+00	1	33	-4.56572000e-05	5.83147000e-05	-2.30136000e+00	-5.22267000e-05
2.29542267e+02	2026-08-24T16:21:58.083818	0.00000000e+00	1	33	-4.47512000e-05	7.06047000e-05	-2.35163000e+00	-5.34310000e-05
2.29569299e+02	2026-08-24T16:21:58.099750	0.00000000e+00	1	33	-6.31094000e-05	9.10571000e-05	-2.40175000e+00	-8.16997000e-05
2.29590301e+02	2026-08-24T16:21:58.131364	0.00000000e+00	1	33	-5.06878000e-05	6.50755000e-05	-2.45169000e+00	-5.73683000e-05
2.29635595e+02	2026-08-24T16:21:58.163275	0.00000000e+00	1	33	-5.83410000e-05	7.99319000e-05	-2.50179000e+00	-5.42522000e-05
2.29657301e+02	2026-08-24T16:21:58.194830	0.00000000e+00	1	33	-4.09842000e-05	4.66704000e-05	-2.50172000e+00	-5.96525000e-05
2.29664899e+02	2026-08-24T16:21:58.204978	0.00000000e+00	1	33	-4.61102000e-05	4.29823000e-05	-2.45156000e+00	-4.28219000e-05
2.29686118e+02	2026-08-24T16:21:58.227749	0.00000000e+00	1	33	-5.21421000e-05	3.87211000e-05	-2.40160000e+00	-3.89328000e-05
2.29695364e+02	2026-08-24T16:21:58.227749	0.00000000e+00	1	33	-4.60148000e-05	3.32134000e-05	-2.35147000e+00	-3.14335000e-05
2.29717767e+02	2026-08-24T16:21:58.258710	0.00000000e+00	1	33	-5.68867000e-05	3.01010000e-05	-2.30125000e+00	-3.05697000e-05
2.29731481e+02	2026-08-24T16:21:58.258710	0.00000000e+00	1	33	-4.16040000e-05	2.65669000e-05	-2.25120000e+00	-2.68068000e-05
2.29739783e+02	2026-08-24T16:21:58.274360	0.00000000e+00	1	33	-4.67300000e-05	2.58389000e-05	-2.20132000e+00	-2.55705000e-05
2.29747384e+02	2026-08-24T16:21:58.274360	0.00000000e+00	1	33	-5.39303000e-05	2.33348000e-05	-2.15147000e+00	-2.18045000e-05
2.29798767e+02	2026-08-24T16:21:58.338100	0.00000000e+00	1	33	-4.70877000e-05	1.98353000e-05	-2.10125000e+00	-2.02268000e-05
2.29806643e+02	2026-08-24T16:21:58.338100	0.00000000e+00	1	33	-4.65631000e-05	1.85275000e-05	-2.05135000e+00	-1.88725000e-05
2.29828573e+02	2026-08-24T16:21:58.370090	0.00000000e+00	1	33	-5.13315000e-05	1.77009000e-05	-2.00136000e+00	-1.63025000e-05
2.29861889e+02	2026-08-24T16:21:58.401316	0.00000000e+00	1	33	-5.17607000e-05	1.48286000e-05	-1.95134000e+00	-1.50289000e-05
2.29891935e+02	2026-08-24T16:21:58.433523	0.00000000e+00	1	33	-4.71830000e-05	1.36653000e-05	-1.90132000e+00	-1.40331000e-05
2.29899954e+02	2026-08-24T16:21:58.433523	0.00000000e+00	1	33	-4.64678000e-05	1.28634000e-05	-1.85130000e+00	-1.27827000e-05
2.29924449e+02	2026-08-24T16:21:58.464216	0.00000000e+00	1	33	-4.41313000e-05	1.17210000e-05	-1.80124000e+00	-1.18529000e-05
2.29959563e+02	2026-08-24T16:21:58.495722	0.00000000e+00	1	33	-4.84467000e-05	1.06259000e-05	-1.75125000e+00	-1.07094000e-05
2.29967253e+02	2026-08-24T16:21:58.495722	0.00000000e+00	1	33	-4.90665000e-05	1.00132000e-05	-1.70120000e+00	-1.00271000e-05
2.29986645e+02	2026-08-24T16:21:58.527550	0.00000000e+00	1	33	-4.73738000e-05	9.03526000e-06	-1.65119000e+00	-9.08598000e-06
2.30025695e+02	2026-08-24T16:21:58.559550	0.00000000e+00	1	33	-5.60760000e-05	7.92418000e-06	-1.60113000e+00	-7.96671000e-06
2.30034252e+02	2026-08-24T16:21:58.575455	0.00000000e+00	1	33	-5.60760000e-05	7.27370000e-06	-1.55112000e+00	-7.44685000e-06
2.30055959e+02	2026-08-24T16:21:58.591124	0.00000000e+00	1	33	-5.60760000e-05	6.70284000e-06	-1.50109000e+00	-6.85264000e-06
2.30063737e+02	2026-08-24T16:21:58.591124	0.00000000e+00	1	33	-5.45502000e-05	6.09428000e-06	-1.45105000e+00	-6.03191000e-06
2.30097101e+02	2026-08-24T16:21:58.638894	0.00000000e+00	1	33	-6.12021000e-05	5.36792000e-06	-1.40100000e+00	-5.36547000e-06
2.30123347e+02	2026-08-24T16:21:58.654158	0.00000000e+00	1	33	-5.61714000e-05	4.85723000e-06	-1.35101000e+00	-4.84620000e-06
2.30144783e+02	2026-08-24T16:21:58.685847	0.00000000e+00	1	33	-5.27620000e-05	4.40302000e-06	-1.30094000e+00	-4.37292000e-06
2.30173264e+02	2026-08-24T16:21:58.703838	0.00000000e+00	1	33	-5.76973000e-05	4.05598000e-06	-1.25092000e+00	-3.96564000e-06
2.30203656e+02	2026-08-24T16:21:58.733483	0.00000000e+00	1	33	-5.49078000e-05	3.65173000e-06	-1.20087000e+00	-3.65911000e-06
2.30224016e+02	2026-08-24T16:21:58.765014	0.00000000e+00	1	33	-5.88655000e-05	3.44412000e-06	-1.15085000e+00	-3.44252000e-06
2.30259407e+02	2026-08-24T16:21:58.799767	0.00000000e+00	1	33	-5.00679000e-05	2.85322000e-06	-1.10080000e+00	-2.65822000e-06
2.30267682e+02	2026-08-24T16:21:58.799767	0.00000000e+00	1	33	-5.89609000e-05	2.38508000e-06	-1.05075000e+00	-2.52673000e-06
2.30291049e+02	2026-08-24T16:21:58.828308	0.00000000e+00	1	33	-5.34773000e-05	2.08624000e-06	-1.00072000e+00	-2.08728000e-06
2.30298759e+02	2026-08-24T16:21:58.828308	0.00000000e+00	1	33	-4.59194000e-05	1.83288000e-06	-9.50709000e-01	-1.79665000e-06
2.30320335e+02	2026-08-24T16:21:58.860087	0.00000000e+00	1	33	-5.40972000e-05	1.69525000e-06	-9.00652000e-01	-1.67686000e-06
2.30350784e+02	2026-08-24T16:21:58.892464	0.00000000e+00	1	33	-5.05209000e-05	1.43581000e-06	-8.50613000e-01	-1.43401000e-06
2.30363442e+02	2026-08-24T16:21:58.892464	0.00000000e+00	1	33	-5.29289000e-05	1.23782000e-06	-8.00600000e-01	-1.28546000e-06
2.30382145e+02	2026-08-24T16:21:58.923618	0.00000000e+00	1	33	-5.01633000e-05	1.05908000e-06	-7.50543000e-01	-1.05119000e-06
2.30423977e+02	2026-08-24T16:21:58.955220	0.00000000e+00	1	33	-4.50373000e-05	7.25228000e-07	-7.00503000e-01	-7.21005000e-07
2.30439847e+02	2026-08-24T16:21:58.981700	0.00000000e+00	1	33	-5.16891000e-05	6.00236000e-07	-6.50440000e-01	-6.06140000e-07
2.30461911e+02	2026-08-24T16:21:59.003144	0.00000000e+00	1	33	-5.13315000e-05	4.49398000e-07	-6.00458000e-01	-4.51338000e-07
2.30469798e+02	2026-08-24T16:21:59.003144	0.00000000e+00	1	33	-4.85420000e-05	3.50654000e-07	-5.50392000e-01	-3.45819000e-07
2.30477253e+02	2026-08-24T16:21:59.019100	0.00000000e+00	1	33	-5.57184000e-05	2.86188000e-07	-5.00356000e-01	-2.82754000e-07
2.30526810e+02	2026-08-24T16:21:59.067148	0.00000000e+00	1	33	-5.19514000e-05	1.78735000e-07	-4.50305000e-01	-1.77466000e-07
2.30538991e+02	2026-08-24T16:21:59.067148	0.00000000e+00	1	33	-4.82559000e-05	1.37720000e-07	-4.00318000e-01	-1.33935000e-07
2.30568006e+02	2026-08-24T16:21:59.098833	0.00000000e+00	1	33	-5.51939000e-05	8.49284000e-08	-3.50235000e-01	-8.50566000e-08
2.30684942e+02	2026-08-24T16:21:59.225982	0.00000000e+00	1	33	-5.69820000e-05	6.58821000e-08	-3.00213000e-01	-6.56415000e-08
2.30693339e+02	2026-08-24T16:21:59.225982	0.00000000e+00	1	33	-4.63724000e-05	5.75307000e-08	-2.50167000e-01	-5.29659000e-08
2.30721479e+02	2026-08-24T16:21:59.258930	0.00000000e+00	1	33	-5.07832000e-05	3.41507000e-08	-2.00040000e-01	-3.35393000e-08
2.30732715e+02	2026-08-24T16:21:59.273982	0.00000000e+00	1	33	-5.33819000e-05	2.48829000e-08	-1.50007000e-01	-2.21923000e-08
2.30760986e+02	2026-08-24T16:21:59.301228	0.00000000e+00	1	33	-4.77314000e-05	2.00004000e-08	-9.99753000e-02	-1.75711000e-08
2.30780590e+02	2026-08-24T16:21:59.321658	0.00000000e+00	1	33	-5.57184000e-05	5.68635000e-09	-4.99303000e-02	-4.56578000e-09
2.30844298e+02	2026-08-24T16:21:59.385291	0.00000000e+00	1	33	-5.49078000e-05	3.55315000e-10	5.84364000e-05	-2.60341000e-10
2.35812892e+02	2026-08-24T16:22:04.347275	0.00000000e+00	1	34	-4.48465000e-05	-3.40557000e-10	6.13213000e-05	6.62708000e-10
2.35839772e+02	2026-08-24T16:22:04.379584	0.00000000e+00	1	34	-7.29084000e-05	3.79421000e-07	-4.99072000e-02	-3.76813000e-07
2.35870043e+02	2026-08-24T16:22:04.410748	0.00000000e+00	1	34	-5.40972000e-05	6.72968000e-07	-9.99603000e-02	-6.73946000e-07
2.35900563e+02	2026-08-24T16:22:04.441866	0.00000000e+00	1	34	-4.66347000e-05	1.01827000e-06	-1.50008000e-01	-1.01766000e-06
2.35916926e+02	2026-08-24T16:22:04.457911	0.00000000e+00	1	34	-4.85420000e-05	1.37697000e-06	-2.00033000e-01	-1.37596000e-06
2.35964427e+02	2026-08-24T16:22:04.505438	0.00000000e+00	1	34	-5.33819000e-05	1.74831000e-06	-2.50161000e-01	-1.74730000e-06
2.35973270e+02	2026-08-24T16:22:04.505438	0.00000000e+00	1	34	-5.62668000e-05	2.13909000e-06	-3.00208000e-01	-2.13963000e-06
2.36000339e+02	2026-08-24T16:22:04.537027	0.00000000e+00	1	34	-4.63724000e-05	2.54922000e-06	-3.50247000e-01	-2.54771000e-06
2.36029687e+02	2026-08-24T16:22:04.569198	0.00000000e+00	1	34	-5.65290000e-05	2.98775000e-06	-4.00293000e-01	-2.98816000e-06
2.36040896e+02	2026-08-24T16:22:04.569198	0.00000000e+00	1	34	-5.36680000e-05	3.45843000e-06	-4.50306000e-01	-3.45710000e-06
2.36075591e+02	2026-08-24T16:22:04.617405	0.00000000e+00	1	34	-5.54562000e-05	3.96768000e-06	-5.00359000e-01	-3.96496000e-06
2.36123214e+02	2026-08-24T16:22:04.664276	0.00000000e+00	1	34	-4.72784000e-05	4.50977000e-06	-5.50383000e-01	-4.50603000e-06
2.36132379e+02	2026-08-24T16:22:04.664276	0.00000000e+00	1	34	-5.08785000e-05	5.09458000e-06	-6.00432000e-01	-5.09097000e-06
2.36159731e+02	2026-08-24T16:22:04.695832	0.00000000e+00	1	34	-5.58138000e-05	5.74729000e-06	-6.50441000e-01	-5.74627000e-06
2.36186073e+02	2026-08-24T16:22:04.727685	0.00000000e+00	1	34	-5.26667000e-05	6.46434000e-06	-7.00514000e-01	-6.46331000e-06
2.36208023e+02	2026-08-24T16:22:04.743340	0.00000000e+00	1	34	-5.68867000e-05	7.24010000e-06	-7.50546000e-01	-7.23694000e-06
2.36215659e+02	2026-08-24T16:22:04.754050	0.00000000e+00	1	34	-5.64575000e-05	8.11504000e-06	-8.00569000e-01	-8.11874000e-06
2.36258138e+02	2026-08-24T16:22:04.790897	0.00000000e+00	1	34	-5.55515000e-05	9.12098000e-06	-8.50586000e-01	-9.10592000e-06
2.36275164e+02	2026-08-24T16:22:04.806618	0.00000000e+00	1	34	-9.25064000e-05	1.02011000e-05	-9.00626000e-01	-1.01715000e-05
2.36297182e+02	2026-08-24T16:22:04.838250	0.00000000e+00	1	34	-4.71830000e-05	1.14467000e-05	-9.50675000e-01	-1.14575000e-05
2.36339167e+02	2026-08-24T16:22:04.870073	0.00000000e+00	1	34	-5.15938000e-05	1.28972000e-05	-1.00071000e+00	-1.29127000e-05
2.36360560e+02	2026-08-24T16:22:04.901887	0.00000000e+00	1	34	-4.96149000e-05	1.45810000e-05	-1.05074000e+00	-1.46034000e-05
2.36368272e+02	2026-08-24T16:22:04.901887	0.00000000e+00	1	34	-5.22137000e-05	1.65337000e-05	-1.10078000e+00	-1.65629000e-05
2.36376420e+02	2026-08-24T16:22:04.917606	0.00000000e+00	1	34	-4.99725000e-05	1.87737000e-05	-1.15087000e+00	-1.88722000e-05
2.36409169e+02	2026-08-24T16:22:04.949122	0.00000000e+00	1	34	-5.36680000e-05	2.17473000e-05	-1.20086000e+00	-2.17366000e-05
2.36439880e+02	2026-08-24T16:22:04.980943	0.00000000e+00	1	34	-4.62055000e-05	2.48669000e-05	-1.25091000e+00	-2.48919000e-05
2.36448156e+02	2026-08-24T16:22:04.980943	0.00000000e+00	1	34	-5.50985000e-05	2.88500000e-05	-1.30092000e+00	-2.88924000e-05
2.36471475e+02	2026-08-24T16:22:05.012434	0.00000000e+00	1	34	-5.76973000e-05	3.46480000e-05	-1.35097000e+00	-3.47952000e-05
2.36495679e+02	2026-08-24T16:22:05.034501	0.00000000e+00	1	34	-5.29289000e-05	4.17281000e-05	-1.40101000e+00	-4.19684000e-05
2.36519502e+02	2026-08-24T16:22:05.060868	0.00000000e+00	1	34	-5.42879000e-05	8.25664000e-05	-1.45105000e+00	-7.18961000e-05
2.36550808e+02	2026-08-24T16:22:05.091732	0.00000000e+00	1	34	-6.25610000e-05	7.15242000e-05	-1.50103000e+00	-7.37605000e-05
2.36587414e+02	2026-08-24T16:22:05.123149	0.00000000e+00	1	34	-6.22034000e-05	7.08815000e-05	-1.55110000e+00	-6.88562000e-05
2.36613930e+02	2026-08-24T16:22:05.155333	0.00000000e+00	1	34	-5.93185000e-05	6.40356000e-05	-1.60109000e+00	-6.32630000e-05
2.36622916e+02	2026-08-24T16:22:05.155333	0.00000000e+00	1	34	-5.29289000e-05	6.36708000e-05	-1.65114000e+00	-6.10281000e-05
2.36650038e+02	2026-08-24T16:22:05.187237	0.00000000e+00	1	34	-5.66244000e-05	6.00287000e-05	-1.70115000e+00	-5.83882000e-05
2.36677792e+02	2026-08-24T16:22:05.219135	0.00000000e+00	1	34	-5.76258000e-05	4.94755000e-05	-1.75124000e+00	-5.67407000e-05
2.36688372e+02	2026-08-24T16:22:05.219135	0.00000000e+00	1	34	-5.37395000e-05	5.68157000e-05	-1.80124000e+00	-5.55579000e-05
2.36710020e+02	2026-08-24T16:22:05.251007	0.00000000e+00	1	34	-5.66244000e-05	5.05192000e-05	-1.85128000e+00	-5.03074000e-05
2.36761738e+02	2026-08-24T16:22:05.302782	0.00000000e+00	1	34	-5.30243000e-05	4.58816000e-05	-1.90131000e+00	-4.85733000e-05
2.36770152e+02	2026-08-24T16:22:05.309257	0.00000000e+00	1	34	-5.27620000e-05	5.69252000e-05	-1.95133000e+00	-5.67939000e-05
2.36789114e+02	2026-08-24T16:22:05.330234	0.00000000e+00	1	34	-5.11408000e-05	5.21044000e-05	-2.00135000e+00	-6.56310000e-05
2.36797643e+02	2026-08-24T16:22:05.330234	0.00000000e+00	1	34	-4.07219000e-05	7.52104000e-05	-2.05121000e+00	-6.39642000e-05
2.36823708e+02	2026-08-24T16:22:05.361729	0.00000000e+00	1	34	-5.96762000e-05	3.85774000e-05	-2.10115000e+00	-3.74184000e-05
2.36853099e+02	2026-08-24T16:22:05.393238	0.00000000e+00	1	34	-4.55618000e-05	3.97917000e-05	-2.15157000e+00	-3.56590000e-05
2.36863520e+02	2026-08-24T16:22:05.393238	0.00000000e+00	1	34	-5.43833000e-05	4.33177000e-05	-2.20129000e+00	-4.19068000e-05
2.36884210e+02	2026-08-24T16:22:05.425277	0.00000000e+00	1	34	-5.42879000e-05	4.18264000e-05	-2.25130000e+00	-4.02800000e-05
2.36916682e+02	2026-08-24T16:22:05.456681	0.00000000e+00	1	34	-6.03199000e-05	8.26309000e-05	-2.30123000e+00	-7.64837000e-05
2.36946612e+02	2026-08-24T16:22:05.488113	0.00000000e+00	1	34	-5.50985000e-05	9.82015000e-05	-2.35164000e+00	-9.54465000e-05
2.36956488e+02	2026-08-24T16:22:05.488113	0.00000000e+00	1	34	-5.33819000e-05	1.00853000e-04	-2.40150000e+00	-7.73975000e-05
2.36978717e+02	2026-08-24T16:22:05.519677	0.00000000e+00	1	34	-5.15938000e-05	1.08338000e-04	-2.45146000e+00	-7.90568000e-05
2.37010939e+02	2026-08-24T16:22:05.551350	0.00000000e+00	1	34	-6.22034000e-05	6.44983000e-05	-2.50175000e+00	-6.95901000e-05
2.37021520e+02	2026-08-24T16:22:05.551350	0.00000000e+00	1	34	-6.02245000e-05	7.67692000e-05	-2.50170000e+00	-7.57607000e-05
2.37041922e+02	2026-08-24T16:22:05.583105	0.00000000e+00	1	34	-5.98669000e-05	7.56943000e-05	-2.45138000e+00	-6.47596000e-05
2.37075772e+02	2026-08-24T16:22:05.616807	0.00000000e+00	1	34	-5.47409000e-05	5.75535000e-05	-2.40161000e+00	-6.25652000e-05
2.37105109e+02	2026-08-24T16:22:05.646400	0.00000000e+00	1	34	-5.71728000e-05	4.62156000e-05	-2.35160000e+00	-4.61844000e-05
2.37112870e+02	2026-08-24T16:22:05.647186	0.00000000e+00	1	34	-5.69820000e-05	3.79726000e-05	-2.30126000e+00	-3.76942000e-05
2.37120645e+02	2026-08-24T16:22:05.662425	0.00000000e+00	1	34	-5.71728000e-05	3.71566000e-05	-2.25134000e+00	-3.55972000e-05
2.37171464e+02	2026-08-24T16:22:05.710356	0.00000000e+00	1	34	-5.49078000e-05	3.06694000e-05	-2.20127000e+00	-2.96697000e-05
2.37180731e+02	2026-08-24T16:22:05.710356	0.00000000e+00	1	34	-5.72443000e-05	2.59021000e-05	-2.15156000e+00	-2.50578000e-05
2.37201044e+02	2026-08-24T16:22:05.741995	0.00000000e+00	1	34	-5.68151000e-05	2.28194000e-05	-2.10122000e+00	-2.30880000e-05
2.37215679e+02	2026-08-24T16:22:05.752398	0.00000000e+00	1	34	-5.56469000e-05	2.10308000e-05	-2.05126000e+00	-2.10227000e-05
2.37264592e+02	2026-08-24T16:22:05.805856	0.00000000e+00	1	34	-5.68867000e-05	1.88702000e-05	-2.00137000e+00	-1.87212000e-05
2.37272947e+02	2026-08-24T16:22:05.805856	0.00000000e+00	1	34	-5.99623000e-05	1.70612000e-05	-1.95135000e+00	-1.70868000e-05
2.37297354e+02	2026-08-24T16:22:05.837294	0.00000000e+00	1	34	-5.84364000e-05	1.55164000e-05	-1.90130000e+00	-1.53443000e-05
2.37328153e+02	2026-08-24T16:22:05.869306	0.00000000e+00	1	34	-5.27620000e-05	1.41061000e-05	-1.85130000e+00	-1.40148000e-05
2.37341114e+02	2026-08-24T16:22:05.871314	0.00000000e+00	1	34	-6.23703000e-05	1.30763000e-05	-1.80123000e+00	-1.30721000e-05
2.37360385e+02	2026-08-24T16:22:05.901168	0.00000000e+00	1	34	-5.43833000e-05	1.19047000e-05	-1.75122000e+00	-1.18004000e-05
2.37400500e+02	2026-08-24T16:22:05.932832	0.00000000e+00	1	34	-5.63622000e-05	1.07003000e-05	-1.70119000e+00	-1.06231000e-05
2.37428125e+02	2026-08-24T16:22:05.964623	0.00000000e+00	1	34	-5.55515000e-05	9.84783000e-06	-1.65117000e+00	-9.89881000e-06
2.37461502e+02	2026-08-24T16:22:05.996057	0.00000000e+00	1	34	-6.38247000e-05	9.21099000e-06	-1.60111000e+00	-9.15290000e-06
2.37490308e+02	2026-08-24T16:22:06.028004	0.00000000e+00	1	34	-5.87940000e-05	8.13295000e-06	-1.55109000e+00	-8.37289000e-06
2.37501271e+02	2026-08-24T16:22:06.028004	0.00000000e+00	1	34	-5.68867000e-05	7.42158000e-06	-1.50106000e+00	-7.31886000e-06
2.37549315e+02	2026-08-24T16:22:06.090916	0.00000000e+00	1	34	-5.58138000e-05	6.75701000e-06	-1.45105000e+00	-6.83201000e-06
2.37579493e+02	2026-08-24T16:22:06.106681	0.00000000e+00	1	34	-6.29187000e-05	6.31523000e-06	-1.40100000e+00	-6.25266000e-06
2.37632927e+02	2026-08-24T16:22:06.169850	0.00000000e+00	1	34	-6.51598000e-05	5.73443000e-06	-1.35099000e+00	-5.74246000e-06
2.37660098e+02	2026-08-24T16:22:06.201180	0.00000000e+00	1	34	-6.35386000e-05	5.18624000e-06	-1.30092000e+00	-5.22668000e-06
2.37676888e+02	2026-08-24T16:22:06.216833	0.00000000e+00	1	34	-6.46353000e-05	4.72826000e-06	-1.25092000e+00	-4.75414000e-06
2.37723696e+02	2026-08-24T16:22:06.265334	0.00000000e+00	1	34	-6.64234000e-05	4.08673000e-06	-1.20088000e+00	-4.18105000e-06
2.37732647e+02	2026-08-24T16:22:06.265334	0.00000000e+00	1	34	-5.94139000e-05	3.79103000e-06	-1.15085000e+00	-3.78818000e-06
2.37759818e+02	2026-08-24T16:22:06.296347	0.00000000e+00	1	34	-6.73294000e-05	3.34389000e-06	-1.10079000e+00	-3.32448000e-06
2.37787529e+02	2026-08-24T16:22:06.327955	0.00000000e+00	1	34	-6.93083000e-05	3.04639000e-06	-1.05072000e+00	-3.01910000e-06
2.37796887e+02	2026-08-24T16:22:06.327955	0.00000000e+00	1	34	-6.22034000e-05	2.67818000e-06	-1.00072000e+00	-2.64469000e-06
2.37818181e+02	2026-08-24T16:22:06.359598	0.00000000e+00	1	34	-6.27518000e-05	2.41452000e-06	-9.50669000e-01	-2.39007000e-06
2.37850222e+02	2026-08-24T16:22:06.391215	0.00000000e+00	1	34	-6.87599000e-05	2.17419000e-06	-9.00650000e-01	-2.12768000e-06
2.37875720e+02	2026-08-24T16:22:06.417109	0.00000000e+00	1	34	-6.35386000e-05	1.89869000e-06	-8.50615000e-01	-1.88390000e-06
2.37897384e+02	2026-08-24T16:22:06.438417	0.00000000e+00	1	34	-6.39200000e-05	1.57398000e-06	-8.00602000e-01	-1.55210000e-06
2.37905585e+02	2026-08-24T16:22:06.438417	0.00000000e+00	1	34	-6.67810000e-05	1.38048000e-06	-7.50532000e-01	-1.40801000e-06
2.37933043e+02	2026-08-24T16:22:06.470937	0.00000000e+00	1	34	-6.52552000e-05	1.19147000e-06	-7.00510000e-01	-1.17743000e-06
2.37960628e+02	2026-08-24T16:22:06.501823	0.00000000e+00	1	34	-6.67810000e-05	1.03008000e-06	-6.50485000e-01	-1.00428000e-06
2.37972642e+02	2026-08-24T16:22:06.501823	0.00000000e+00	1	34	-6.72340000e-05	8.88324000e-07	-6.00441000e-01	-8.96820000e-07
2.37992061e+02	2026-08-24T16:22:06.533432	0.00000000e+00	1	34	-6.50883000e-05	7.67985000e-07	-5.50377000e-01	-7.69274000e-07
2.38024789e+02	2026-08-24T16:22:06.565264	0.00000000e+00	1	34	-6.03199000e-05	6.28677000e-07	-5.00354000e-01	-6.06376000e-07
2.38056193e+02	2026-08-24T16:22:06.597201	0.00000000e+00	1	34	-6.14882000e-05	5.29234000e-07	-4.50297000e-01	-5.12884000e-07
2.38065038e+02	2026-08-24T16:22:06.597201	0.00000000e+00	1	34	-6.21080000e-05	4.34647000e-07	-4.00307000e-01	-4.11228000e-07
2.38091584e+02	2026-08-24T16:22:06.628934	0.00000000e+00	1	34	-5.97715000e-05	3.32690000e-07	-3.50242000e-01	-3.28531000e-07
2.38123323e+02	2026-08-24T16:22:06.660503	0.00000000e+00	1	34	-6.18458000e-05	2.25324000e-07	-3.00187000e-01	-2.21137000e-07
2.38131900e+02	2026-08-24T16:22:06.669160	0.00000000e+00	1	34	-5.99623000e-05	1.76561000e-07	-2.50163000e-01	-1.69418000e-07
2.38150974e+02	2026-08-24T16:22:06.691966	0.00000000e+00	1	34	-5.98669000e-05	1.25880000e-07	-2.00031000e-01	-1.24290000e-07
2.38184595e+02	2026-08-24T16:22:06.723825	0.00000000e+00	1	34	-6.58989000e-05	7.93855000e-08	-1.49997000e-01	-8.05433000e-08
2.38288510e+02	2026-08-24T16:22:06.818618	0.00000000e+00	1	34	-4.53949000e-05	6.51429000e-08	-9.99684000e-02	-5.94863000e-08
2.38309240e+02	2026-08-24T16:22:06.850435	0.00000000e+00	1	34	-5.60045000e-05	2.36312000e-08	-4.99258000e-02	-2.13236000e-08
2.38354271e+02	2026-08-24T16:22:06.883165	0.00000000e+00	1	34	-4.62770000e-05	1.18196000e-08	5.87940000e-05	-7.95831000e-09
2.43180185e+02	2026-08-24T16:22:11.720483	0.00000000e+00	1	35	-5.40257000e-05	-2.04408000e-10	5.69820000e-05	6.06775000e-10
2.43188411e+02	2026-08-24T16:22:11.722489	0.00000000e+00	1	35	-7.85589000e-05	4.37055000e-07	-4.99045000e-02	-4.18308000e-07
2.43211661e+02	2026-08-24T16:22:11.752709	0.00000000e+00	1	35	-5.54562000e-05	7.58101000e-07	-9.99537000e-02	-7.57924000e-07
2.43227229e+02	2026-08-24T16:22:11.768457	0.00000000e+00	1	35	-5.92232000e-05	1.14676000e-06	-1.49999000e-01	-1.14479000e-06
2.43278132e+02	2026-08-24T16:22:11.816130	0.00000000e+00	1	35	-6.03914000e-05	1.54581000e-06	-2.00029000e-01	-1.54368000e-06
2.43286946e+02	2026-08-24T16:22:11.816130	0.00000000e+00	1	35	-6.21080000e-05	1.95887000e-06	-2.50151000e-01	-1.95947000e-06
2.43296422e+02	2026-08-24T16:22:11.832866	0.00000000e+00	1	35	-6.26564000e-05	2.39488000e-06	-3.00199000e-01	-2.39415000e-06
2.43322451e+02	2026-08-24T16:22:11.864023	0.00000000e+00	1	35	-6.05822000e-05	2.85352000e-06	-3.50248000e-01	-2.85502000e-06
2.43353734e+02	2026-08-24T16:22:11.894803	0.00000000e+00	1	35	-6.34670000e-05	3.34133000e-06	-4.00304000e-01	-3.33688000e-06
2.43363952e+02	2026-08-24T16:22:11.905075	0.00000000e+00	1	35	-5.33104000e-05	3.84616000e-06	-4.50290000e-01	-3.87229000e-06
2.43417382e+02	2026-08-24T16:22:11.958267	0.00000000e+00	1	35	-5.89609000e-05	4.43949000e-06	-5.00362000e-01	-4.43599000e-06
2.43426047e+02	2026-08-24T16:22:11.958267	0.00000000e+00	1	35	-6.45399000e-05	5.04078000e-06	-5.50372000e-01	-5.03812000e-06
2.43450515e+02	2026-08-24T16:22:11.990063	0.00000000e+00	1	35	-5.68867000e-05	5.69689000e-06	-6.00430000e-01	-5.70363000e-06
2.43483553e+02	2026-08-24T16:22:12.022110	0.00000000e+00	1	35	-5.92232000e-05	6.40960000e-06	-6.50451000e-01	-6.39652000e-06
2.43493991e+02	2026-08-24T16:22:12.022110	0.00000000e+00	1	35	-5.81503000e-05	7.19504000e-06	-7.00511000e-01	-7.19760000e-06
2.43502491e+02	2026-08-24T16:22:12.043022	0.00000000e+00	1	35	-6.29187000e-05	8.05920000e-06	-7.50526000e-01	-8.04470000e-06
2.43509961e+02	2026-08-24T16:22:12.043022	0.00000000e+00	1	35	-6.31094000e-05	9.01262000e-06	-8.00599000e-01	-9.00473000e-06
2.43532019e+02	2026-08-24T16:22:12.070098	0.00000000e+00	1	35	-9.27687000e-05	1.00489000e-05	-8.50548000e-01	-1.00330000e-05
2.43555514e+02	2026-08-24T16:22:12.096516	0.00000000e+00	1	35	-5.68151000e-05	1.12950000e-05	-9.00656000e-01	-1.12895000e-05
2.43576710e+02	2026-08-24T16:22:12.117824	0.00000000e+00	1	35	-5.05924000e-05	1.26594000e-05	-9.50679000e-01	-1.26406000e-05
2.43585218e+02	2026-08-24T16:22:12.117824	0.00000000e+00	1	35	-5.76258000e-05	1.42062000e-05	-1.00072000e+00	-1.42181000e-05
2.43611904e+02	2026-08-24T16:22:12.149730	0.00000000e+00	1	35	-6.07729000e-05	1.60383000e-05	-1.05073000e+00	-1.60230000e-05
2.43641163e+02	2026-08-24T16:22:12.181518	0.00000000e+00	1	35	-5.86987000e-05	1.80672000e-05	-1.10080000e+00	-1.80811000e-05
2.43648993e+02	2026-08-24T16:22:12.181518	0.00000000e+00	1	35	-6.38247000e-05	2.04678000e-05	-1.15087000e+00	-2.05232000e-05
2.43672114e+02	2026-08-24T16:22:12.213820	0.00000000e+00	1	35	-6.55174000e-05	2.35084000e-05	-1.20087000e+00	-2.34996000e-05
2.43693584e+02	2026-08-24T16:22:12.231837	0.00000000e+00	1	35	-5.41925000e-05	2.68778000e-05	-1.25091000e+00	-2.69140000e-05
2.43701495e+02	2026-08-24T16:22:12.231837	0.00000000e+00	1	35	-6.24657000e-05	3.08976000e-05	-1.30092000e+00	-3.09627000e-05
2.43729363e+02	2026-08-24T16:22:12.260457	0.00000000e+00	1	35	-6.18458000e-05	3.58999000e-05	-1.35099000e+00	-3.57329000e-05
2.43751353e+02	2026-08-24T16:22:12.292424	0.00000000e+00	1	35	-5.78880000e-05	4.19504000e-05	-1.40098000e+00	-4.21359000e-05
2.43759555e+02	2026-08-24T16:22:12.292424	0.00000000e+00	1	35	-5.65290000e-05	4.94167000e-05	-1.45106000e+00	-4.96275000e-05
2.43786295e+02	2026-08-24T16:22:12.324306	0.00000000e+00	1	35	-5.96046000e-05	8.27527000e-05	-1.50106000e+00	-8.24881000e-05
2.43814944e+02	2026-08-24T16:22:12.355802	0.00000000e+00	1	35	-5.49078000e-05	7.89714000e-05	-1.55112000e+00	-7.65305000e-05
2.43825841e+02	2026-08-24T16:22:12.355802	0.00000000e+00	1	35	-6.34670000e-05	5.07624000e-05	-1.60111000e+00	-6.00040000e-05
2.43846702e+02	2026-08-24T16:22:12.387681	0.00000000e+00	1	35	-6.32763000e-05	4.66924000e-05	-1.65115000e+00	-5.02365000e-05
2.43862375e+02	2026-08-24T16:22:12.403522	0.00000000e+00	1	35	-5.11408000e-05	4.26645000e-05	-1.70119000e+00	-3.64513000e-05
2.43910242e+02	2026-08-24T16:22:12.451873	0.00000000e+00	1	35	-5.97715000e-05	3.15548000e-05	-1.75123000e+00	-3.03042000e-05
2.43919008e+02	2026-08-24T16:22:12.451873	0.00000000e+00	1	35	-5.85079000e-05	3.67421000e-05	-1.80122000e+00	-3.22628000e-05
2.43942460e+02	2026-08-24T16:22:12.482631	0.00000000e+00	1	35	-5.57184000e-05	3.86189000e-05	-1.85126000e+00	-3.59707000e-05
2.43973775e+02	2026-08-24T16:22:12.514221	0.00000000e+00	1	35	-5.84364000e-05	2.72735000e-05	-1.90130000e+00	-2.70392000e-05
2.43982715e+02	2026-08-24T16:22:12.524368	0.00000000e+00	1	35	-5.47409000e-05	3.43414000e-05	-1.95136000e+00	-3.45433000e-05
2.44004738e+02	2026-08-24T16:22:12.546118	0.00000000e+00	1	35	-5.76973000e-05	3.69129000e-05	-2.00134000e+00	-3.46459000e-05
2.44012736e+02	2026-08-24T16:22:12.546118	0.00000000e+00	1	35	-5.39303000e-05	4.11547000e-05	-2.05118000e+00	-4.97744000e-05
2.44020680e+02	2026-08-24T16:22:12.562122	0.00000000e+00	1	35	-5.91517000e-05	4.18086000e-05	-2.10117000e+00	-4.29816000e-05
2.44069178e+02	2026-08-24T16:22:12.609685	0.00000000e+00	1	35	-5.37395000e-05	3.71640000e-05	-2.15165000e+00	-4.04862000e-05
2.44078385e+02	2026-08-24T16:22:12.609685	0.00000000e+00	1	35	-5.90563000e-05	5.73635000e-05	-2.20136000e+00	-5.65316000e-05
2.44100133e+02	2026-08-24T16:22:12.641098	0.00000000e+00	1	35	-5.69820000e-05	3.56521000e-05	-2.25140000e+00	-2.99706000e-05
2.44131386e+02	2026-08-24T16:22:12.672153	0.00000000e+00	1	35	-6.22988000e-05	3.72960000e-05	-2.30121000e+00	-3.94537000e-05
2.44163122e+02	2026-08-24T16:22:12.704072	0.00000000e+00	1	35	-5.77927000e-05	4.14184000e-05	-2.35153000e+00	-4.05701000e-05
2.44171017e+02	2026-08-24T16:22:12.704072	0.00000000e+00	1	35	-4.95195000e-05	3.91737000e-05	-2.40149000e+00	-3.76884000e-05
2.44178983e+02	2026-08-24T16:22:12.720130	0.00000000e+00	1	35	-6.36339000e-05	4.74012000e-05	-2.45142000e+00	-4.52519000e-05
2.44211678e+02	2026-08-24T16:22:12.752626	0.00000000e+00	1	35	-5.64575000e-05	6.27912000e-05	-2.50180000e+00	-5.89351000e-05
2.44228784e+02	2026-08-24T16:22:12.767659	0.00000000e+00	1	35	-5.34773000e-05	4.44565000e-05	-2.50170000e+00	-4.45181000e-05
2.44248204e+02	2026-08-24T16:22:12.783532	0.00000000e+00	1	35	-5.86987000e-05	3.89546000e-05	-2.45165000e+00	-3.86732000e-05
2.44256710e+02	2026-08-24T16:22:12.783532	0.00000000e+00	1	35	-5.86987000e-05	3.56728000e-05	-2.40163000e+00	-3.22193000e-05
2.44307311e+02	2026-08-24T16:22:12.847789	0.00000000e+00	1	35	-5.93185000e-05	3.08615000e-05	-2.35162000e+00	-3.04117000e-05
2.44317046e+02	2026-08-24T16:22:12.857711	0.00000000e+00	1	35	-6.12021000e-05	2.89613000e-05	-2.30130000e+00	-3.04730000e-05
2.44339200e+02	2026-08-24T16:22:12.879053	0.00000000e+00	1	35	-5.92232000e-05	2.57969000e-05	-2.25115000e+00	-2.57051000e-05
2.44372680e+02	2026-08-24T16:22:12.910922	0.00000000e+00	1	35	-5.71728000e-05	2.31288000e-05	-2.20153000e+00	-2.37951000e-05
2.44382400e+02	2026-08-24T16:22:12.910922	0.00000000e+00	1	35	-5.52893000e-05	2.11292000e-05	-2.15167000e+00	-2.14835000e-05
2.44401572e+02	2026-08-24T16:22:12.942618	0.00000000e+00	1	35	-5.25713000e-05	1.97976000e-05	-2.10127000e+00	-1.99887000e-05
2.44432697e+02	2026-08-24T16:22:12.974268	0.00000000e+00	1	35	-6.08444000e-05	1.78529000e-05	-2.05128000e+00	-1.79906000e-05
2.44480441e+02	2026-08-24T16:22:13.021912	0.00000000e+00	1	35	-5.55515000e-05	1.70115000e-05	-2.00134000e+00	-1.64841000e-05
2.44512430e+02	2026-08-24T16:22:13.053453	0.00000000e+00	1	35	-5.86987000e-05	1.55707000e-05	-1.95132000e+00	-1.52298000e-05
2.44544616e+02	2026-08-24T16:22:13.085502	0.00000000e+00	1	35	-6.01292000e-05	1.41171000e-05	-1.90130000e+00	-1.40929000e-05
2.44552809e+02	2026-08-24T16:22:13.085502	0.00000000e+00	1	35	-5.54562000e-05	1.30586000e-05	-1.85130000e+00	-1.30191000e-05
2.44579469e+02	2026-08-24T16:22:13.117225	0.00000000e+00	1	35	-5.51939000e-05	1.21362000e-05	-1.80122000e+00	-1.21541000e-05
2.44610475e+02	2026-08-24T16:22:13.148703	0.00000000e+00	1	35	-5.47409000e-05	1.11431000e-05	-1.75121000e+00	-1.12859000e-05
2.44618573e+02	2026-08-24T16:22:13.148703	0.00000000e+00	1	35	-5.93185000e-05	1.02773000e-05	-1.70119000e+00	-1.03449000e-05
2.44639364e+02	2026-08-24T16:22:13.181005	0.00000000e+00	1	35	-6.19412000e-05	9.85140000e-06	-1.65116000e+00	-9.74463000e-06
2.44672126e+02	2026-08-24T16:22:13.212149	0.00000000e+00	1	35	-6.18458000e-05	8.31269000e-06	-1.60112000e+00	-8.35923000e-06
2.44702410e+02	2026-08-24T16:22:13.243825	0.00000000e+00	1	35	-5.47409000e-05	7.62373000e-06	-1.55108000e+00	-7.58833000e-06
2.44711173e+02	2026-08-24T16:22:13.244475	0.00000000e+00	1	35	-5.54562000e-05	6.98395000e-06	-1.50107000e+00	-7.01661000e-06
2.44736496e+02	2026-08-24T16:22:13.276156	0.00000000e+00	1	35	-6.12021000e-05	6.38213000e-06	-1.45104000e+00	-6.34412000e-06
2.44751293e+02	2026-08-24T16:22:13.291899	0.00000000e+00	1	35	-6.10352000e-05	5.78825000e-06	-1.40099000e+00	-5.69239000e-06
2.44779678e+02	2026-08-24T16:22:13.307294	0.00000000e+00	1	35	-6.25610000e-05	5.15901000e-06	-1.35099000e+00	-5.16206000e-06
2.44830001e+02	2026-08-24T16:22:13.370673	0.00000000e+00	1	35	-5.30243000e-05	4.48724000e-06	-1.30092000e+00	-4.36527000e-06
2.44861856e+02	2026-08-24T16:22:13.403319	0.00000000e+00	1	35	-5.36680000e-05	4.06198000e-06	-1.25091000e+00	-4.08077000e-06
2.44870029e+02	2026-08-24T16:22:13.403319	0.00000000e+00	1	35	-5.24998000e-05	3.71913000e-06	-1.20084000e+00	-3.72166000e-06
2.44897890e+02	2026-08-24T16:22:13.434419	0.00000000e+00	1	35	-6.03914000e-05	2.98288000e-06	-1.15085000e+00	-2.95512000e-06
2.44922760e+02	2026-08-24T16:22:13.460092	0.00000000e+00	1	35	-5.54562000e-05	2.68993000e-06	-1.10080000e+00	-2.61853000e-06
2.44945318e+02	2026-08-24T16:22:13.482328	0.00000000e+00	1	35	-5.52893000e-05	2.56665000e-06	-1.05074000e+00	-2.57478000e-06
2.44953100e+02	2026-08-24T16:22:13.482328	0.00000000e+00	1	35	-5.44786000e-05	2.27069000e-06	-1.00072000e+00	-2.22103000e-06
2.44973701e+02	2026-08-24T16:22:13.514864	0.00000000e+00	1	35	-5.17607000e-05	1.76639000e-06	-9.50694000e-01	-1.75414000e-06
2.45007382e+02	2026-08-24T16:22:13.545484	0.00000000e+00	1	35	-4.98772000e-05	1.65823000e-06	-9.00640000e-01	-1.58234000e-06
2.45016989e+02	2026-08-24T16:22:13.545484	0.00000000e+00	1	35	-5.06878000e-05	1.35012000e-06	-8.50570000e-01	-1.32481000e-06
2.45035434e+02	2026-08-24T16:22:13.576882	0.00000000e+00	1	35	-5.25713000e-05	1.11562000e-06	-8.00578000e-01	-1.11686000e-06
2.45077142e+02	2026-08-24T16:22:13.608703	0.00000000e+00	1	35	-5.67198000e-05	9.68288000e-07	-7.50525000e-01	-9.75703000e-07
2.45094813e+02	2026-08-24T16:22:13.634725	0.00000000e+00	1	35	-5.46455000e-05	8.60302000e-07	-7.00505000e-01	-8.26871000e-07
2.45115137e+02	2026-08-24T16:22:13.656184	0.00000000e+00	1	35	-5.61714000e-05	6.88777000e-07	-6.50445000e-01	-6.75550000e-07
2.45123769e+02	2026-08-24T16:22:13.656184	0.00000000e+00	1	35	-5.62668000e-05	5.79694000e-07	-6.00433000e-01	-5.70031000e-07
2.45151714e+02	2026-08-24T16:22:13.688739	0.00000000e+00	1	35	-5.36680000e-05	4.61389000e-07	-5.50376000e-01	-4.58295000e-07
2.45179494e+02	2026-08-24T16:22:13.719480	0.00000000e+00	1	35	-5.95093000e-05	3.35584000e-07	-5.00342000e-01	-3.23855000e-07
2.45191600e+02	2026-08-24T16:22:13.719480	0.00000000e+00	1	35	-5.93185000e-05	2.61347000e-07	-4.50295000e-01	-2.56705000e-07
2.45242293e+02	2026-08-24T16:22:13.782827	0.00000000e+00	1	35	-5.53608000e-05	1.71101000e-07	-4.00291000e-01	-1.69732000e-07
2.45273523e+02	2026-08-24T16:22:13.814660	0.00000000e+00	1	35	-5.92232000e-05	1.23923000e-07	-3.50227000e-01	-1.19443000e-07
2.45282655e+02	2026-08-24T16:22:13.814660	0.00000000e+00	1	35	-6.35386000e-05	6.88805000e-08	-3.00197000e-01	-6.86183000e-08
2.45401000e+02	2026-08-24T16:22:13.941994	0.00000000e+00	1	35	-6.17504000e-05	4.91733000e-08	-2.50158000e-01	-4.57094000e-08
2.45433767e+02	2026-08-24T16:22:13.974156	0.00000000e+00	1	35	-5.61714000e-05	2.79294000e-08	-2.00031000e-01	-2.88869000e-08
2.45460806e+02	2026-08-24T16:22:14.000408	0.00000000e+00	1	35	-5.32150000e-05	2.38313000e-08	-1.49993000e-01	-2.15936000e-08
2.45481103e+02	2026-08-24T16:22:14.022165	0.00000000e+00	1	35	-6.36339000e-05	1.13212000e-08	-9.99506000e-02	-9.73121000e-09
2.45513620e+02	2026-08-24T16:22:14.053733	0.00000000e+00	1	35	-5.32150000e-05	5.17132000e-09	-4.99160000e-02	-4.77355000e-09
2.45545122e+02	2026-08-24T16:22:14.085952	0.00000000e+00	1	35	-5.71728000e-05	5.17309000e-10	5.93424000e-05	-3.75104000e-10
2.50730878e+02	2026-08-24T16:22:19.261326	0.00000000e+00	1	36	-5.10454000e-05	-3.63457000e-10	6.58989000e-05	8.59499000e-10
2.50754239e+02	2026-08-24T16:22:19.292947	0.00000000e+00	1	36	-7.37906000e-05	4.18885000e-07	-4.99021000e-02	-4.16564000e-07
2.50784289e+02	2026-08-24T16:22:19.325015	0.00000000e+00	1	36	-5.33819000e-05	7.54687000e-07	-9.99614000e-02	-7.53891000e-07
2.50795905e+02	2026-08-24T16:22:19.325015	0.00000000e+00	1	36	-4.60148000e-05	1.14682000e-06	-1.50003000e-01	-1.14713000e-06
2.50815729e+02	2026-08-24T16:22:19.357415	0.00000000e+00	1	36	-4.68254000e-05	1.55666000e-06	-2.00037000e-01	-1.55647000e-06
2.50823731e+02	2026-08-24T16:22:19.357415	0.00000000e+00	1	36	-4.70161000e-05	1.98589000e-06	-2.50156000e-01	-1.98457000e-06
2.50848711e+02	2026-08-24T16:22:19.388403	0.00000000e+00	1	36	-5.09500000e-05	2.43314000e-06	-3.00219000e-01	-2.43369000e-06
2.50880688e+02	2026-08-24T16:22:19.420485	0.00000000e+00	1	36	-5.66244000e-05	2.91291000e-06	-3.50235000e-01	-2.91204000e-06
2.50910685e+02	2026-08-24T16:22:19.452136	0.00000000e+00	1	36	-5.20468000e-05	3.41971000e-06	-4.00306000e-01	-3.41870000e-06
2.50919679e+02	2026-08-24T16:22:19.452136	0.00000000e+00	1	36	-5.17607000e-05	3.95943000e-06	-4.50308000e-01	-3.95805000e-06
2.50943147e+02	2026-08-24T16:22:19.484662	0.00000000e+00	1	36	-5.46455000e-05	4.51621000e-06	-5.00358000e-01	-4.51398000e-06
2.50958807e+02	2026-08-24T16:22:19.499989	0.00000000e+00	1	36	-5.76258000e-05	5.14038000e-06	-5.50394000e-01	-5.14439000e-06
2.50985839e+02	2026-08-24T16:22:19.516075	0.00000000e+00	1	36	-5.37395000e-05	5.81662000e-06	-6.00434000e-01	-5.80940000e-06
2.51006322e+02	2026-08-24T16:22:19.547661	0.00000000e+00	1	36	-5.80549000e-05	6.53599000e-06	-6.50455000e-01	-6.53444000e-06
2.51022065e+02	2026-08-24T16:22:19.563595	0.00000000e+00	1	36	-5.55515000e-05	7.35988000e-06	-7.00502000e-01	-7.38864000e-06
2.51069639e+02	2026-08-24T16:22:19.610982	0.00000000e+00	1	36	-6.23703000e-05	8.24363000e-06	-7.50535000e-01	-8.23908000e-06
2.51078785e+02	2026-08-24T16:22:19.610982	0.00000000e+00	1	36	-5.97715000e-05	9.20803000e-06	-8.00593000e-01	-9.21164000e-06
2.51107792e+02	2026-08-24T16:22:19.642734	0.00000000e+00	1	36	-9.10759000e-05	1.02248000e-05	-8.50562000e-01	-1.02526000e-05
2.51133991e+02	2026-08-24T16:22:19.674617	0.00000000e+00	1	36	-5.06878000e-05	1.14396000e-05	-9.00653000e-01	-1.14533000e-05
2.51142834e+02	2026-08-24T16:22:19.674617	0.00000000e+00	1	36	-5.06878000e-05	1.27906000e-05	-9.50701000e-01	-1.27929000e-05
2.51165400e+02	2026-08-24T16:22:19.706336	0.00000000e+00	1	36	-4.84467000e-05	1.42909000e-05	-1.00073000e+00	-1.42855000e-05
2.51174127e+02	2026-08-24T16:22:19.706336	0.00000000e+00	1	36	-5.17607000e-05	1.61030000e-05	-1.05074000e+00	-1.60664000e-05
2.51198460e+02	2026-08-24T16:22:19.737675	0.00000000e+00	1	36	-4.56572000e-05	1.80779000e-05	-1.10079000e+00	-1.80827000e-05
2.51229264e+02	2026-08-24T16:22:19.771003	0.00000000e+00	1	36	-4.51088000e-05	2.06455000e-05	-1.15085000e+00	-2.05837000e-05
2.51242231e+02	2026-08-24T16:22:19.778872	0.00000000e+00	1	36	-4.30584000e-05	2.33287000e-05	-1.20087000e+00	-2.33183000e-05
2.51292592e+02	2026-08-24T16:22:19.833507	0.00000000e+00	1	36	-5.44786000e-05	2.67223000e-05	-1.25093000e+00	-2.68669000e-05
2.51307150e+02	2026-08-24T16:22:19.833507	0.00000000e+00	1	36	-5.00679000e-05	3.06802000e-05	-1.30092000e+00	-3.08131000e-05
2.51330807e+02	2026-08-24T16:22:19.865904	0.00000000e+00	1	36	-5.02348000e-05	3.53762000e-05	-1.35099000e+00	-3.54937000e-05
2.51338673e+02	2026-08-24T16:22:19.876070	0.00000000e+00	1	36	-5.26667000e-05	4.04414000e-05	-1.40099000e+00	-4.05200000e-05
2.51372123e+02	2026-08-24T16:22:19.913691	0.00000000e+00	1	36	-4.67300000e-05	4.76883000e-05	-1.45103000e+00	-4.88580000e-05
2.51399173e+02	2026-08-24T16:22:19.929502	0.00000000e+00	1	36	-5.35727000e-05	5.78092000e-05	-1.50108000e+00	-5.90622000e-05
2.51419701e+02	2026-08-24T16:22:19.960968	0.00000000e+00	1	36	-4.46558000e-05	7.91737000e-05	-1.55112000e+00	-6.57232000e-05
2.51436323e+02	2026-08-24T16:22:19.976939	0.00000000e+00	1	36	-5.03302000e-05	6.64214000e-05	-1.60111000e+00	-6.88412000e-05
2.51483585e+02	2026-08-24T16:22:20.024544	0.00000000e+00	1	36	-5.10454000e-05	5.34655000e-05	-1.65118000e+00	-5.55137000e-05
2.51491921e+02	2026-08-24T16:22:20.030074	0.00000000e+00	1	36	-5.59092000e-05	6.19988000e-05	-1.70120000e+00	-5.71475000e-05
2.51515755e+02	2026-08-24T16:22:20.056255	0.00000000e+00	1	36	-5.51939000e-05	4.35819000e-05	-1.75123000e+00	-4.44601000e-05
2.51529720e+02	2026-08-24T16:22:20.056255	0.00000000e+00	1	36	-5.70774000e-05	3.60572000e-05	-1.80123000e+00	-3.50687000e-05
2.51558872e+02	2026-08-24T16:22:20.098397	0.00000000e+00	1	36	-5.46455000e-05	5.08785000e-05	-1.85128000e+00	-4.75877000e-05
2.51578812e+02	2026-08-24T16:22:20.119895	0.00000000e+00	1	36	-5.93185000e-05	3.24679000e-05	-1.90133000e+00	-3.79697000e-05
2.51601101e+02	2026-08-24T16:22:20.137870	0.00000000e+00	1	36	-5.37395000e-05	3.81806000e-05	-1.95137000e+00	-3.43396000e-05
2.51626527e+02	2026-08-24T16:22:20.167807	0.00000000e+00	1	36	-5.20468000e-05	2.88465000e-05	-2.00135000e+00	-2.99272000e-05
2.51635804e+02	2026-08-24T16:22:20.167807	0.00000000e+00	1	36	-4.88997000e-05	3.93650000e-05	-2.05147000e+00	-3.72180000e-05
2.51660583e+02	2026-08-24T16:22:20.199871	0.00000000e+00	1	36	-5.39303000e-05	3.07740000e-05	-2.10137000e+00	-3.49007000e-05
2.51693115e+02	2026-08-24T16:22:20.231742	0.00000000e+00	1	36	-5.80549000e-05	2.88169000e-05	-2.15166000e+00	-2.80751000e-05
2.51722822e+02	2026-08-24T16:22:20.263423	0.00000000e+00	1	36	-5.50032000e-05	3.28752000e-05	-2.20157000e+00	-3.17987000e-05
2.51730696e+02	2026-08-24T16:22:20.263423	0.00000000e+00	1	36	-4.70161000e-05	3.61243000e-05	-2.25138000e+00	-3.44529000e-05
2.51753825e+02	2026-08-24T16:22:20.294827	0.00000000e+00	1	36	-4.91619000e-05	3.46553000e-05	-2.30115000e+00	-3.08328000e-05
2.51785736e+02	2026-08-24T16:22:20.326267	0.00000000e+00	1	36	-5.83410000e-05	4.33673000e-05	-2.35160000e+00	-4.29559000e-05
2.51798265e+02	2026-08-24T16:22:20.326267	0.00000000e+00	1	36	-5.78880000e-05	4.44259000e-05	-2.40162000e+00	-4.68036000e-05
2.51817773e+02	2026-08-24T16:22:20.358105	0.00000000e+00	1	36	-5.48363000e-05	4.87809000e-05	-2.45168000e+00	-4.70002000e-05
2.51825841e+02	2026-08-24T16:22:20.358105	0.00000000e+00	1	36	-5.43833000e-05	4.43249000e-05	-2.50187000e+00	-4.68401000e-05
2.51832948e+02	2026-08-24T16:22:20.374524	0.00000000e+00	1	36	-6.16550000e-05	4.45840000e-05	-2.50180000e+00	-4.82088000e-05
2.51893049e+02	2026-08-24T16:22:20.432470	0.00000000e+00	1	36	-5.74350000e-05	5.10012000e-05	-2.45152000e+00	-5.08135000e-05
2.51912522e+02	2026-08-24T16:22:20.453408	0.00000000e+00	1	36	-5.86033000e-05	3.59332000e-05	-2.40147000e+00	-3.44176000e-05
2.51920352e+02	2026-08-24T16:22:20.453408	0.00000000e+00	1	36	-5.96046000e-05	3.12192000e-05	-2.35154000e+00	-3.05578000e-05
2.51948750e+02	2026-08-24T16:22:20.485231	0.00000000e+00	1	36	-5.84364000e-05	2.64787000e-05	-2.30125000e+00	-2.79427000e-05
2.51978158e+02	2026-08-24T16:22:20.517932	0.00000000e+00	1	36	-5.01633000e-05	2.84081000e-05	-2.25135000e+00	-2.81173000e-05
2.51988545e+02	2026-08-24T16:22:20.517932	0.00000000e+00	1	36	-5.19514000e-05	2.41531000e-05	-2.20150000e+00	-2.46276000e-05
2.52007873e+02	2026-08-24T16:22:20.549211	0.00000000e+00	1	36	-5.34773000e-05	2.07091000e-05	-2.15154000e+00	-2.12934000e-05
2.52054261e+02	2026-08-24T16:22:20.580608	0.00000000e+00	1	36	-5.49078000e-05	2.02808000e-05	-2.10141000e+00	-2.03750000e-05
2.52076833e+02	2026-08-24T16:22:20.612563	0.00000000e+00	1	36	-5.17607000e-05	1.90703000e-05	-2.05128000e+00	-1.87636000e-05
2.52084501e+02	2026-08-24T16:22:20.612563	0.00000000e+00	1	36	-5.11408000e-05	1.77413000e-05	-2.00135000e+00	-1.77512000e-05
2.52103440e+02	2026-08-24T16:22:20.644400	0.00000000e+00	1	36	-5.43833000e-05	1.70711000e-05	-1.95134000e+00	-1.70014000e-05
2.52166912e+02	2026-08-24T16:22:20.707897	0.00000000e+00	1	36	-4.98772000e-05	1.57682000e-05	-1.90130000e+00	-1.56323000e-05
2.52174594e+02	2026-08-24T16:22:20.707897	0.00000000e+00	1	36	-5.62668000e-05	1.44459000e-05	-1.85130000e+00	-1.44452000e-05
2.52203639e+02	2026-08-24T16:22:20.739554	0.00000000e+00	1	36	-4.76360000e-05	1.27543000e-05	-1.80124000e+00	-1.25663000e-05
2.52230640e+02	2026-08-24T16:22:20.771238	0.00000000e+00	1	36	-5.12362000e-05	1.17801000e-05	-1.75125000e+00	-1.17030000e-05
2.52261825e+02	2026-08-24T16:22:20.802824	0.00000000e+00	1	36	-5.58138000e-05	1.03653000e-05	-1.70118000e+00	-1.02822000e-05
2.52287059e+02	2026-08-24T16:22:20.818611	0.00000000e+00	1	36	-5.02348000e-05	9.81970000e-06	-1.65118000e+00	-1.00131000e-05
2.52325522e+02	2026-08-24T16:22:20.866864	0.00000000e+00	1	36	-6.75917000e-05	9.11972000e-06	-1.60113000e+00	-9.08463000e-06
2.52337227e+02	2026-08-24T16:22:20.877199	0.00000000e+00	1	36	-5.40972000e-05	8.29039000e-06	-1.55110000e+00	-8.19282000e-06
2.52358019e+02	2026-08-24T16:22:20.898571	0.00000000e+00	1	36	-6.01292000e-05	7.26578000e-06	-1.50107000e+00	-7.31513000e-06
2.52366819e+02	2026-08-24T16:22:20.898571	0.00000000e+00	1	36	-5.89609000e-05	6.63270000e-06	-1.45104000e+00	-6.74819000e-06
2.52402113e+02	2026-08-24T16:22:20.931320	0.00000000e+00	1	36	-5.35727000e-05	6.19343000e-06	-1.40102000e+00	-6.16011000e-06
2.52420943e+02	2026-08-24T16:22:20.961987	0.00000000e+00	1	36	-5.05924000e-05	5.48970000e-06	-1.35101000e+00	-5.42427000e-06
2.52484740e+02	2026-08-24T16:22:21.025813	0.00000000e+00	1	36	-5.32150000e-05	5.03991000e-06	-1.30094000e+00	-4.99840000e-06
2.52492907e+02	2026-08-24T16:22:21.025813	0.00000000e+00	1	36	-5.57184000e-05	4.37960000e-06	-1.25092000e+00	-4.35003000e-06
2.52516369e+02	2026-08-24T16:22:21.057246	0.00000000e+00	1	36	-5.20468000e-05	3.89786000e-06	-1.20088000e+00	-3.88557000e-06
2.52527377e+02	2026-08-24T16:22:21.057246	0.00000000e+00	1	36	-5.54562000e-05	3.53472000e-06	-1.15085000e+00	-3.48736000e-06
2.52561777e+02	2026-08-24T16:22:21.099161	0.00000000e+00	1	36	-5.74350000e-05	2.92418000e-06	-1.10080000e+00	-2.95095000e-06
2.52584299e+02	2026-08-24T16:22:21.120733	0.00000000e+00	1	36	-5.56469000e-05	2.50346000e-06	-1.05076000e+00	-2.51429000e-06
2.52591876e+02	2026-08-24T16:22:21.120733	0.00000000e+00	1	36	-5.39303000e-05	2.22333000e-06	-1.00075000e+00	-2.19283000e-06
2.52611080e+02	2026-08-24T16:22:21.152616	0.00000000e+00	1	36	-5.58138000e-05	1.90416000e-06	-9.50689000e-01	-1.85690000e-06
2.52658938e+02	2026-08-24T16:22:21.200237	0.00000000e+00	1	36	-5.35727000e-05	1.59616000e-06	-9.00664000e-01	-1.56671000e-06
2.52667939e+02	2026-08-24T16:22:21.200237	0.00000000e+00	1	36	-5.68151000e-05	1.38542000e-06	-8.50615000e-01	-1.36055000e-06
2.52697532e+02	2026-08-24T16:22:21.231873	0.00000000e+00	1	36	-5.19514000e-05	1.08817000e-06	-8.00589000e-01	-1.05640000e-06
2.52725707e+02	2026-08-24T16:22:21.264103	0.00000000e+00	1	36	-5.31197000e-05	8.87860000e-07	-7.50542000e-01	-8.98994000e-07
2.52738720e+02	2026-08-24T16:22:21.279969	0.00000000e+00	1	36	-5.10454000e-05	7.35938000e-07	-7.00503000e-01	-6.83023000e-07
2.52787542e+02	2026-08-24T16:22:21.328519	0.00000000e+00	1	36	-5.14030000e-05	5.34481000e-07	-6.50460000e-01	-5.04978000e-07
2.52820062e+02	2026-08-24T16:22:21.360462	0.00000000e+00	1	36	-5.41925000e-05	4.07607000e-07	-6.00448000e-01	-3.92403000e-07
2.52828879e+02	2026-08-24T16:22:21.360462	0.00000000e+00	1	36	-5.23090000e-05	3.36905000e-07	-5.50404000e-01	-3.32078000e-07
2.52857269e+02	2026-08-24T16:22:21.392561	0.00000000e+00	1	36	-5.67198000e-05	2.62142000e-07	-5.00355000e-01	-2.57003000e-07
2.52871927e+02	2026-08-24T16:22:21.412887	0.00000000e+00	1	36	-5.33104000e-05	1.87568000e-07	-4.50296000e-01	-1.89546000e-07
2.52890535e+02	2026-08-24T16:22:21.432018	0.00000000e+00	1	36	-5.66244000e-05	1.42911000e-07	-4.00317000e-01	-1.49922000e-07
2.52914193e+02	2026-08-24T16:22:21.455213	0.00000000e+00	1	36	-6.48022000e-05	1.33365000e-07	-3.50244000e-01	-9.05715000e-08
2.53021095e+02	2026-08-24T16:22:21.551639	0.00000000e+00	1	36	-5.30243000e-05	5.65136000e-08	-3.00203000e-01	-5.75488000e-08
2.53104971e+02	2026-08-24T16:22:21.645931	0.00000000e+00	1	36	-5.82457000e-05	3.95410000e-08	-2.50160000e-01	-3.85066000e-08
2.53112869e+02	2026-08-24T16:22:21.645931	0.00000000e+00	1	36	-4.52995000e-05	3.26058000e-08	-2.00044000e-01	-2.99758000e-08
2.53140933e+02	2026-08-24T16:22:21.677650	0.00000000e+00	1	36	-5.31197000e-05	1.67812000e-08	-1.50009000e-01	-1.68139000e-08
2.53171628e+02	2026-08-24T16:22:21.709814	0.00000000e+00	1	36	-5.03302000e-05	8.69432000e-09	-9.99671000e-02	-7.61753000e-09
2.53182626e+02	2026-08-24T16:22:21.709814	0.00000000e+00	1	36	-5.43833000e-05	5.46119000e-09	-4.99314000e-02	-4.50046000e-09
2.53207067e+02	2026-08-24T16:22:21.741484	0.00000000e+00	1	36	-5.71728000e-05	1.46618000e-09	5.47409000e-05	-9.31323000e-10
2.58385630e+02	2026-08-24T16:22:26.926830	0.00000000e+00	1	37	-4.72784000e-05	-5.55754000e-10	6.06775000e-05	1.17079000e-09
2.58395924e+02	2026-08-24T16:22:26.937827	0.00000000e+00	1	37	-7.83920000e-05	3.78174000e-07	-4.99046000e-02	-3.74419000e-07
2.58443768e+02	2026-08-24T16:22:26.984827	0.00000000e+00	1	37	-5.16891000e-05	6.67277000e-07	-9.99492000e-02	-6.66414000e-07
2.58469694e+02	2026-08-24T16:22:27.011304	0.00000000e+00	1	37	-5.46455000e-05	1.00838000e-06	-1.49996000e-01	-1.00774000e-06
2.58482525e+02	2026-08-24T16:22:27.024304	0.00000000e+00	1	37	-5.16891000e-05	1.36012000e-06	-2.00033000e-01	-1.35962000e-06
2.58490996e+02	2026-08-24T16:22:27.031999	0.00000000e+00	1	37	-4.85420000e-05	1.72756000e-06	-2.50153000e-01	-1.72680000e-06
2.58508238e+02	2026-08-24T16:22:27.050134	0.00000000e+00	1	37	-4.92573000e-05	2.11039000e-06	-3.00192000e-01	-2.11087000e-06
2.58555411e+02	2026-08-24T16:22:27.097055	0.00000000e+00	1	37	-5.71728000e-05	2.51086000e-06	-3.50244000e-01	-2.50958000e-06
2.58562986e+02	2026-08-24T16:22:27.104568	0.00000000e+00	1	37	-5.19514000e-05	2.93560000e-06	-4.00296000e-01	-2.93652000e-06
2.58570501e+02	2026-08-24T16:22:27.111633	0.00000000e+00	1	37	-5.20468000e-05	3.38334000e-06	-4.50311000e-01	-3.38230000e-06
2.58586233e+02	2026-08-24T16:22:27.127801	0.00000000e+00	1	37	-5.16891000e-05	3.86040000e-06	-5.00366000e-01	-3.85909000e-06
2.58623226e+02	2026-08-24T16:22:27.164377	0.00000000e+00	1	37	-5.24044000e-05	4.35845000e-06	-5.50387000e-01	-4.35983000e-06
2.58634147e+02	2026-08-24T16:22:27.175377	0.00000000e+00	1	37	-5.05924000e-05	4.91574000e-06	-6.00442000e-01	-4.91398000e-06
2.58642868e+02	2026-08-24T16:22:27.184572	0.00000000e+00	1	37	-5.27620000e-05	5.49167000e-06	-6.50442000e-01	-5.48845000e-06
2.58650515e+02	2026-08-24T16:22:27.191577	0.00000000e+00	1	37	-5.48363000e-05	6.12537000e-06	-7.00514000e-01	-6.12310000e-06
2.58657994e+02	2026-08-24T16:22:27.199571	0.00000000e+00	1	37	-5.33104000e-05	6.81033000e-06	-7.50547000e-01	-6.81076000e-06
2.58680764e+02	2026-08-24T16:22:27.221883	0.00000000e+00	1	37	-5.28574000e-05	7.59029000e-06	-8.00610000e-01	-7.59187000e-06
2.58716466e+02	2026-08-24T16:22:27.257881	0.00000000e+00	1	37	-5.74350000e-05	8.42186000e-06	-8.50587000e-01	-8.42655000e-06
2.58742708e+02	2026-08-24T16:22:27.283881	0.00000000e+00	1	37	-5.74350000e-05	9.38769000e-06	-9.00654000e-01	-9.38382000e-06
2.58764857e+02	2026-08-24T16:22:27.306225	0.00000000e+00	1	37	-9.25064000e-05	1.03604000e-05	-9.50635000e-01	-1.03614000e-05
2.58784389e+02	2026-08-24T16:22:27.325225	0.00000000e+00	1	37	-5.25713000e-05	1.15572000e-05	-1.00075000e+00	-1.15608000e-05
2.58793049e+02	2026-08-24T16:22:27.334406	0.00000000e+00	1	37	-5.16891000e-05	1.28399000e-05	-1.05075000e+00	-1.28397000e-05
2.58825114e+02	2026-08-24T16:22:27.366405	0.00000000e+00	1	37	-5.21421000e-05	1.42841000e-05	-1.10081000e+00	-1.42864000e-05
2.58833293e+02	2026-08-24T16:22:27.375117	0.00000000e+00	1	37	-4.70161000e-05	1.59642000e-05	-1.15086000e+00	-1.59716000e-05
2.58841499e+02	2026-08-24T16:22:27.383118	0.00000000e+00	1	37	-5.42879000e-05	1.78775000e-05	-1.20085000e+00	-1.78566000e-05
2.58849335e+02	2026-08-24T16:22:27.390569	0.00000000e+00	1	37	-4.97818000e-05	2.00691000e-05	-1.25092000e+00	-2.00483000e-05
2.58862507e+02	2026-08-24T16:22:27.403657	0.00000000e+00	1	37	-5.82457000e-05	2.26816000e-05	-1.30094000e+00	-2.26908000e-05
2.58907341e+02	2026-08-24T16:22:27.449176	0.00000000e+00	1	37	-5.27620000e-05	2.59796000e-05	-1.35099000e+00	-2.59083000e-05
2.58916463e+02	2026-08-24T16:22:27.455181	0.00000000e+00	1	37	-5.05209000e-05	2.97243000e-05	-1.40099000e+00	-2.97737000e-05
2.58924989e+02	2026-08-24T16:22:27.455181	0.00000000e+00	1	37	-5.99623000e-05	3.40885000e-05	-1.45104000e+00	-3.41818000e-05
2.58945681e+02	2026-08-24T16:22:27.487152	0.00000000e+00	1	37	-5.06878000e-05	4.04780000e-05	-1.50106000e+00	-4.08371000e-05
2.58959445e+02	2026-08-24T16:22:27.487152	0.00000000e+00	1	37	-5.04255000e-05	4.92911000e-05	-1.55109000e+00	-4.96033000e-05
2.59009580e+02	2026-08-24T16:22:27.550552	0.00000000e+00	1	37	-6.69718000e-05	7.73564000e-05	-1.60112000e+00	-9.68409000e-05
2.59018899e+02	2026-08-24T16:22:27.550552	0.00000000e+00	1	37	-4.88997000e-05	8.84470000e-05	-1.65117000e+00	-7.30045000e-05
2.59041075e+02	2026-08-24T16:22:27.582159	0.00000000e+00	1	37	-5.52893000e-05	5.55759000e-05	-1.70119000e+00	-5.35293000e-05
2.59075994e+02	2026-08-24T16:22:27.614033	0.00000000e+00	1	37	-5.20468000e-05	4.67167000e-05	-1.75122000e+00	-4.28209000e-05
2.59104915e+02	2026-08-24T16:22:27.645964	0.00000000e+00	1	37	-5.64575000e-05	5.23358000e-05	-1.80123000e+00	-5.03493000e-05
2.59112865e+02	2026-08-24T16:22:27.645964	0.00000000e+00	1	37	-5.78880000e-05	5.70334000e-05	-1.85130000e+00	-5.44684000e-05
2.59136208e+02	2026-08-24T16:22:27.677541	0.00000000e+00	1	37	-5.33104000e-05	4.99943000e-05	-1.90129000e+00	-5.48688000e-05
2.59174534e+02	2026-08-24T16:22:27.709403	0.00000000e+00	1	37	-4.69208000e-05	5.47986000e-05	-1.95132000e+00	-5.87454000e-05
2.59199953e+02	2026-08-24T16:22:27.741491	0.00000000e+00	1	37	-5.21421000e-05	5.99178000e-05	-2.00134000e+00	-6.12788000e-05
2.59208360e+02	2026-08-24T16:22:27.741491	0.00000000e+00	1	37	-5.91517000e-05	8.56107000e-05	-2.05110000e+00	-8.19018000e-05
2.59234254e+02	2026-08-24T16:22:27.772750	0.00000000e+00	1	37	-5.35727000e-05	4.81806000e-05	-2.10126000e+00	-4.76256000e-05
2.59266398e+02	2026-08-24T16:22:27.806588	0.00000000e+00	1	37	-5.13315000e-05	3.90612000e-05	-2.15158000e+00	-3.70120000e-05
2.59278132e+02	2026-08-24T16:22:27.806588	0.00000000e+00	1	37	-5.35727000e-05	4.12773000e-05	-2.20150000e+00	-3.70899000e-05
2.59328179e+02	2026-08-24T16:22:27.867703	0.00000000e+00	1	37	-5.57184000e-05	4.12076000e-05	-2.25131000e+00	-4.04964000e-05
2.59356436e+02	2026-08-24T16:22:27.886328	0.00000000e+00	1	37	-5.11408000e-05	3.60214000e-05	-2.30113000e+00	-3.81607000e-05
2.59378884e+02	2026-08-24T16:22:27.915525	0.00000000e+00	1	37	-5.49078000e-05	3.62285000e-05	-2.35153000e+00	-3.70228000e-05
2.59386564e+02	2026-08-24T16:22:27.915525	0.00000000e+00	1	37	-5.52893000e-05	5.07751000e-05	-2.40148000e+00	-5.02131000e-05
2.59410063e+02	2026-08-24T16:22:27.948125	0.00000000e+00	1	37	-4.85420000e-05	4.50290000e-05	-2.45145000e+00	-4.22603000e-05
2.59426793e+02	2026-08-24T16:22:27.965450	0.00000000e+00	1	37	-5.47409000e-05	5.61205000e-05	-2.50177000e+00	-5.53045000e-05
2.59442618e+02	2026-08-24T16:22:27.978755	0.00000000e+00	1	37	-5.60760000e-05	4.59883000e-05	-2.50172000e+00	-4.50083000e-05
2.59459147e+02	2026-08-24T16:22:27.994534	0.00000000e+00	1	37	-5.00679000e-05	3.98583000e-05	-2.45140000e+00	-3.98834000e-05
2.59467336e+02	2026-08-24T16:22:27.994534	0.00000000e+00	1	37	-5.61714000e-05	3.56265000e-05	-2.40153000e+00	-3.35768000e-05
2.59516934e+02	2026-08-24T16:22:28.057658	0.00000000e+00	1	37	-5.42879000e-05	3.08253000e-05	-2.35158000e+00	-3.06007000e-05
2.59548427e+02	2026-08-24T16:22:28.089413	0.00000000e+00	1	37	-5.15938000e-05	2.53694000e-05	-2.30144000e+00	-2.53624000e-05
2.59556413e+02	2026-08-24T16:22:28.089413	0.00000000e+00	1	37	-5.70774000e-05	2.23799000e-05	-2.25141000e+00	-2.31506000e-05
2.59591184e+02	2026-08-24T16:22:28.121108	0.00000000e+00	1	37	-5.30243000e-05	2.16539000e-05	-2.20148000e+00	-2.08916000e-05
2.59613622e+02	2026-08-24T16:22:28.153868	0.00000000e+00	1	37	-5.35727000e-05	1.92474000e-05	-2.15157000e+00	-1.93291000e-05
2.59643577e+02	2026-08-24T16:22:28.184963	0.00000000e+00	1	37	-5.60045000e-05	1.74115000e-05	-2.10128000e+00	-1.73021000e-05
2.59651635e+02	2026-08-24T16:22:28.184963	0.00000000e+00	1	37	-5.48363000e-05	1.55688000e-05	-2.05122000e+00	-1.58174000e-05
2.59659523e+02	2026-08-24T16:22:28.200836	0.00000000e+00	1	37	-5.25713000e-05	1.40624000e-05	-2.00137000e+00	-1.40409000e-05
2.59709182e+02	2026-08-24T16:22:28.248727	0.00000000e+00	1	37	-5.04255000e-05	1.26044000e-05	-1.95135000e+00	-1.27217000e-05
2.59739247e+02	2026-08-24T16:22:28.280421	0.00000000e+00	1	37	-5.48363000e-05	1.15432000e-05	-1.90130000e+00	-1.15002000e-05
2.59759233e+02	2026-08-24T16:22:28.298766	0.00000000e+00	1	37	-5.44786000e-05	1.09183000e-05	-1.85127000e+00	-1.08346000e-05
2.59788078e+02	2026-08-24T16:22:28.328088	0.00000000e+00	1	37	-4.64678000e-05	9.62950000e-06	-1.80123000e+00	-9.61938000e-06
2.59818726e+02	2026-08-24T16:22:28.360501	0.00000000e+00	1	37	-5.42879000e-05	8.71865000e-06	-1.75123000e+00	-8.72949000e-06
2.59851721e+02	2026-08-24T16:22:28.391500	0.00000000e+00	1	37	-6.65188000e-05	8.01774000e-06	-1.70120000e+00	-7.98753000e-06
2.59881767e+02	2026-08-24T16:22:28.423262	0.00000000e+00	1	37	-4.79937000e-05	7.28868000e-06	-1.65115000e+00	-7.09976000e-06
2.59902732e+02	2026-08-24T16:22:28.439063	0.00000000e+00	1	37	-5.86987000e-05	6.43217000e-06	-1.60110000e+00	-6.48050000e-06
2.59910587e+02	2026-08-24T16:22:28.439063	0.00000000e+00	1	37	-5.20468000e-05	5.94330000e-06	-1.55111000e+00	-5.84290000e-06
2.59931107e+02	2026-08-24T16:22:28.470583	0.00000000e+00	1	37	-5.85079000e-05	5.32683000e-06	-1.50108000e+00	-5.38104000e-06
2.59939465e+02	2026-08-24T16:22:28.470583	0.00000000e+00	1	37	-5.71728000e-05	4.91797000e-06	-1.45104000e+00	-4.88575000e-06
2.59975357e+02	2026-08-24T16:22:28.502156	0.00000000e+00	1	37	-5.47409000e-05	4.38123000e-06	-1.40101000e+00	-4.35615000e-06
2.60026267e+02	2026-08-24T16:22:28.566642	0.00000000e+00	1	37	-5.71728000e-05	3.90538000e-06	-1.35099000e+00	-3.82325000e-06
2.60056670e+02	2026-08-24T16:22:28.597730	0.00000000e+00	1	37	-5.66244000e-05	3.33643000e-06	-1.30094000e+00	-3.34819000e-06
2.60069305e+02	2026-08-24T16:22:28.605380	0.00000000e+00	1	37	-5.50032000e-05	2.94606000e-06	-1.25088000e+00	-2.96208000e-06
2.60090307e+02	2026-08-24T16:22:28.629082	0.00000000e+00	1	37	-5.65290000e-05	2.60702000e-06	-1.20087000e+00	-2.54749000e-06
2.60117184e+02	2026-08-24T16:22:28.655356	0.00000000e+00	1	37	-6.06775000e-05	2.20965000e-06	-1.15087000e+00	-2.22397000e-06
2.60139918e+02	2026-08-24T16:22:28.676904	0.00000000e+00	1	37	-5.45502000e-05	1.88058000e-06	-1.10080000e+00	-1.87911000e-06
2.60148841e+02	2026-08-24T16:22:28.676904	0.00000000e+00	1	37	-5.36680000e-05	1.62585000e-06	-1.05074000e+00	-1.61559000e-06
2.60183229e+02	2026-08-24T16:22:28.724786	0.00000000e+00	1	37	-4.92573000e-05	1.35347000e-06	-1.00074000e+00	-1.38564000e-06
2.60214403e+02	2026-08-24T16:22:28.740739	0.00000000e+00	1	37	-5.28574000e-05	1.20001000e-06	-9.50683000e-01	-1.18042000e-06
2.60239199e+02	2026-08-24T16:22:28.772893	0.00000000e+00	1	37	-5.11408000e-05	1.00773000e-06	-9.00656000e-01	-9.74696000e-07
2.60294451e+02	2026-08-24T16:22:28.835768	0.00000000e+00	1	37	-5.73397000e-05	7.92331000e-07	-8.50591000e-01	-7.87844000e-07
2.60306191e+02	2026-08-24T16:22:28.835768	0.00000000e+00	1	37	-5.85079000e-05	6.59911000e-07	-8.00593000e-01	-6.53433000e-07
2.60335784e+02	2026-08-24T16:22:28.875393	0.00000000e+00	1	37	-5.08785000e-05	5.14127000e-07	-7.50538000e-01	-5.08387000e-07
2.60360518e+02	2026-08-24T16:22:28.899124	0.00000000e+00	1	37	-5.30243000e-05	4.11442000e-07	-7.00508000e-01	-3.98757000e-07
2.60390507e+02	2026-08-24T16:22:28.930849	0.00000000e+00	1	37	-5.80549000e-05	3.24550000e-07	-6.50439000e-01	-3.20147000e-07
2.60398143e+02	2026-08-24T16:22:28.930849	0.00000000e+00	1	37	-4.83513000e-05	2.35457000e-07	-6.00450000e-01	-2.36759000e-07
2.60421399e+02	2026-08-24T16:22:28.962482	0.00000000e+00	1	37	-5.34773000e-05	1.84691000e-07	-5.50384000e-01	-1.78654000e-07
2.60454283e+02	2026-08-24T16:22:28.994379	0.00000000e+00	1	37	-5.28574000e-05	1.26609000e-07	-5.00364000e-01	-1.24655000e-07
2.60484710e+02	2026-08-24T16:22:29.025943	0.00000000e+00	1	37	-6.10352000e-05	7.28766000e-08	-4.50305000e-01	-6.52475000e-08
2.60588686e+02	2026-08-24T16:22:29.121338	0.00000000e+00	1	37	-4.46558000e-05	5.76444000e-08	-4.00280000e-01	-5.35911000e-08
2.60612201e+02	2026-08-24T16:22:29.153150	0.00000000e+00	1	37	-5.14030000e-05	3.24306000e-08	-3.50236000e-01	-3.16757000e-08
2.60645326e+02	2026-08-24T16:22:29.185588	0.00000000e+00	1	37	-5.05209000e-05	2.12956000e-08	-3.00173000e-01	-2.05728000e-08
2.60674765e+02	2026-08-24T16:22:29.211465	0.00000000e+00	1	37	-5.10454000e-05	1.56076000e-08	-2.50147000e-01	-1.17766000e-08
2.60696976e+02	2026-08-24T16:22:29.233005	0.00000000e+00	1	37	-5.59092000e-05	9.66717000e-09	-2.00036000e-01	-8.76230000e-09
2.60704640e+02	2026-08-24T16:22:29.233005	0.00000000e+00	1	37	-5.24044000e-05	6.39211000e-09	-1.50005000e-01	-5.26042000e-09
2.60721505e+02	2026-08-24T16:22:29.252986	0.00000000e+00	1	37	-5.40972000e-05	2.62570000e-09	-9.99620000e-02	-2.23445000e-09
2.60754873e+02	2026-08-24T16:22:29.296326	0.00000000e+00	1	37	-5.63622000e-05	5.88703000e-10	-4.99209000e-02	-4.46534000e-10
2.60777177e+02	2026-08-24T16:22:29.312061	0.00000000e+00	1	37	-5.69820000e-05	1.15752000e-10	6.28471000e-05	-2.51734000e-10
2.65739926e+02	2026-08-24T16:22:34.275212	0.00000000e+00	1	38	-4.71830000e-05	-9.66787000e-11	5.79834000e-05	3.94678000e-10
2.65748477e+02	2026-08-24T16:22:34.275212	0.00000000e+00	1	38	-2.57683000e-04	9.78299000e-08	-4.99078000e-02	-3.73931000e-07
2.65799143e+02	2026-08-24T16:22:34.339680	0.00000000e+00	1	38	-6.52552000e-05	6.90508000e-07	-9.99645000e-02	-6.56714000e-07
2.65834144e+02	2026-08-24T16:22:34.370515	0.00000000e+00	1	38	-4.32253000e-05	1.00203000e-06	-1.50003000e-01	-1.00106000e-06
2.65861194e+02	2026-08-24T16:22:34.402122	0.00000000e+00	1	38	-4.54664000e-05	1.35855000e-06	-2.00039000e-01	-1.35759000e-06
2.65869578e+02	2026-08-24T16:22:34.402122	0.00000000e+00	1	38	-4.74453000e-05	1.72733000e-06	-2.50170000e-01	-1.72732000e-06
2.65896175e+02	2026-08-24T16:22:34.433821	0.00000000e+00	1	38	-5.29289000e-05	2.12005000e-06	-3.00219000e-01	-2.12101000e-06
2.65905213e+02	2026-08-24T16:22:34.433821	0.00000000e+00	1	38	-5.43833000e-05	2.53416000e-06	-3.50237000e-01	-2.53118000e-06
2.65918909e+02	2026-08-24T16:22:34.460432	0.00000000e+00	1	38	-5.48363000e-05	2.97378000e-06	-4.00288000e-01	-2.97158000e-06
2.65943791e+02	2026-08-24T16:22:34.482439	0.00000000e+00	1	38	-5.45502000e-05	3.43924000e-06	-4.50297000e-01	-3.43884000e-06
2.65951350e+02	2026-08-24T16:22:34.482439	0.00000000e+00	1	38	-3.89099000e-05	3.93883000e-06	-5.00340000e-01	-3.93821000e-06
2.65977272e+02	2026-08-24T16:22:34.516934	0.00000000e+00	1	38	-5.02348000e-05	4.47048000e-06	-5.50381000e-01	-4.47238000e-06
2.66007258e+02	2026-08-24T16:22:34.545453	0.00000000e+00	1	38	-4.56572000e-05	5.04386000e-06	-6.00444000e-01	-5.04674000e-06
2.66035587e+02	2026-08-24T16:22:34.576467	0.00000000e+00	1	38	-4.88997000e-05	5.66074000e-06	-6.50474000e-01	-5.66674000e-06
2.66043849e+02	2026-08-24T16:22:34.576467	0.00000000e+00	1	38	-5.04255000e-05	6.34653000e-06	-7.00508000e-01	-6.34288000e-06
2.66070941e+02	2026-08-24T16:22:34.608216	0.00000000e+00	1	38	-4.92573000e-05	7.06877000e-06	-7.50528000e-01	-7.07110000e-06
2.66097898e+02	2026-08-24T16:22:34.639833	0.00000000e+00	1	38	-5.14984000e-05	7.87358000e-06	-8.00611000e-01	-7.88189000e-06
2.66120032e+02	2026-08-24T16:22:34.655922	0.00000000e+00	1	38	-5.25713000e-05	8.76211000e-06	-8.50605000e-01	-8.76950000e-06
2.66128997e+02	2026-08-24T16:22:34.655922	0.00000000e+00	1	38	-4.87089000e-05	9.72804000e-06	-9.00661000e-01	-9.72757000e-06
2.66182697e+02	2026-08-24T16:22:34.724045	0.00000000e+00	1	38	-8.96215000e-05	1.08044000e-05	-9.50654000e-01	-1.08072000e-05
2.66201773e+02	2026-08-24T16:22:34.736187	0.00000000e+00	1	38	-4.71830000e-05	1.20314000e-05	-1.00074000e+00	-1.20375000e-05
2.66225075e+02	2026-08-24T16:22:34.766484	0.00000000e+00	1	38	-4.84467000e-05	1.34066000e-05	-1.05075000e+00	-1.34360000e-05
2.66233990e+02	2026-08-24T16:22:34.766484	0.00000000e+00	1	38	-4.89950000e-05	1.49667000e-05	-1.10079000e+00	-1.49681000e-05
2.66258100e+02	2026-08-24T16:22:34.798259	0.00000000e+00	1	38	-4.70161000e-05	1.67371000e-05	-1.15088000e+00	-1.67989000e-05
2.66288587e+02	2026-08-24T16:22:34.829928	0.00000000e+00	1	38	-4.69208000e-05	1.88300000e-05	-1.20089000e+00	-1.88721000e-05
2.66300851e+02	2026-08-24T16:22:34.829928	0.00000000e+00	1	38	-4.84467000e-05	2.12355000e-05	-1.25092000e+00	-2.12925000e-05
2.66324723e+02	2026-08-24T16:22:34.861374	0.00000000e+00	1	38	-4.98772000e-05	2.42406000e-05	-1.30093000e+00	-2.42582000e-05
2.66352270e+02	2026-08-24T16:22:34.892971	0.00000000e+00	1	38	-4.79937000e-05	2.75899000e-05	-1.35100000e+00	-2.75970000e-05
2.66382342e+02	2026-08-24T16:22:34.911006	0.00000000e+00	1	38	-4.62055000e-05	3.17023000e-05	-1.40099000e+00	-3.15771000e-05
2.66405177e+02	2026-08-24T16:22:34.940499	0.00000000e+00	1	38	-5.82457000e-05	3.62071000e-05	-1.45105000e+00	-3.62371000e-05
2.66413163e+02	2026-08-24T16:22:34.940499	0.00000000e+00	1	38	-5.23090000e-05	4.18225000e-05	-1.50109000e+00	-4.18980000e-05
2.66463080e+02	2026-08-24T16:22:35.003825	0.00000000e+00	1	38	-5.61714000e-05	5.22907000e-05	-1.55112000e+00	-5.30244000e-05
2.66475640e+02	2026-08-24T16:22:35.003825	0.00000000e+00	1	38	-4.97103000e-05	6.26267000e-05	-1.60113000e+00	-6.41190000e-05
2.66509581e+02	2026-08-24T16:22:35.050953	0.00000000e+00	1	38	-5.14984000e-05	4.72166000e-05	-1.65117000e+00	-3.66974000e-05
2.66534746e+02	2026-08-24T16:22:35.067103	0.00000000e+00	1	38	-4.88997000e-05	3.30466000e-05	-1.70121000e+00	-2.84127000e-05
2.66562014e+02	2026-08-24T16:22:35.099289	0.00000000e+00	1	38	-4.80890000e-05	4.35274000e-05	-1.75123000e+00	-4.40641000e-05
2.66570573e+02	2026-08-24T16:22:35.099289	0.00000000e+00	1	38	-5.72443000e-05	3.98698000e-05	-1.80123000e+00	-3.73013000e-05
2.66698597e+02	2026-08-24T16:22:35.226946	0.00000000e+00	1	38	-4.62770000e-05	3.23105000e-05	-1.85131000e+00	-2.99760000e-05
2.66728646e+02	2026-08-24T16:22:35.260305	0.00000000e+00	1	38	-5.46455000e-05	3.14061000e-05	-1.90131000e+00	-3.12007000e-05
2.66749166e+02	2026-08-24T16:22:35.290169	0.00000000e+00	1	38	-5.04255000e-05	2.89327000e-05	-1.95135000e+00	-3.05588000e-05
2.66780829e+02	2026-08-24T16:22:35.321062	0.00000000e+00	1	38	-4.94242000e-05	2.83512000e-05	-2.00139000e+00	-2.77772000e-05
2.66794556e+02	2026-08-24T16:22:35.321062	0.00000000e+00	1	38	-6.19412000e-05	3.88456000e-05	-2.05119000e+00	-4.22191000e-05
2.66817232e+02	2026-08-24T16:22:35.353206	0.00000000e+00	1	38	-5.40972000e-05	4.78216000e-05	-2.10111000e+00	-4.46106000e-05
2.66825119e+02	2026-08-24T16:22:35.353206	0.00000000e+00	1	38	-4.41313000e-05	3.39632000e-05	-2.15149000e+00	-2.90214000e-05
2.66860164e+02	2026-08-24T16:22:35.400751	0.00000000e+00	1	38	-5.68151000e-05	2.50447000e-05	-2.20160000e+00	-2.54375000e-05
2.66906799e+02	2026-08-24T16:22:35.448257	0.00000000e+00	1	38	-5.60760000e-05	2.92969000e-05	-2.25139000e+00	-2.79859000e-05
2.66915002e+02	2026-08-24T16:22:35.448257	0.00000000e+00	1	38	-5.14030000e-05	3.17462000e-05	-2.30118000e+00	-3.49528000e-05
2.66922900e+02	2026-08-24T16:22:35.464259	0.00000000e+00	1	38	-5.12362000e-05	3.27324000e-05	-2.35168000e+00	-3.48275000e-05
2.66956114e+02	2026-08-24T16:22:35.496292	0.00000000e+00	1	38	-5.74350000e-05	3.32370000e-05	-2.40170000e+00	-3.26750000e-05
2.66986815e+02	2026-08-24T16:22:35.527823	0.00000000e+00	1	38	-5.73397000e-05	3.41455000e-05	-2.45159000e+00	-3.33598000e-05
2.66994514e+02	2026-08-24T16:22:35.527823	0.00000000e+00	1	38	-4.83513000e-05	3.61160000e-05	-2.50170000e+00	-3.52804000e-05
2.67000988e+02	2026-08-24T16:22:35.538021	0.00000000e+00	1	38	-5.19514000e-05	3.55200000e-05	-2.50167000e+00	-3.24394000e-05
2.67025385e+02	2026-08-24T16:22:35.559721	0.00000000e+00	1	38	-5.50032000e-05	2.96970000e-05	-2.45162000e+00	-2.92921000e-05
2.67054853e+02	2026-08-24T16:22:35.591538	0.00000000e+00	1	38	-5.61714000e-05	2.42797000e-05	-2.40155000e+00	-2.54797000e-05
2.67063520e+02	2026-08-24T16:22:35.591538	0.00000000e+00	1	38	-5.50985000e-05	2.44134000e-05	-2.35153000e+00	-2.39992000e-05
2.67103650e+02	2026-08-24T16:22:35.639185	0.00000000e+00	1	38	-5.19514000e-05	2.04596000e-05	-2.30134000e+00	-1.95928000e-05
2.67146022e+02	2026-08-24T16:22:35.686974	0.00000000e+00	1	38	-5.47409000e-05	1.84736000e-05	-2.25148000e+00	-1.80678000e-05
2.67154773e+02	2026-08-24T16:22:35.686974	0.00000000e+00	1	38	-5.06878000e-05	1.66088000e-05	-2.20161000e+00	-1.64963000e-05
2.67179358e+02	2026-08-24T16:22:35.718701	0.00000000e+00	1	38	-5.67198000e-05	1.57855000e-05	-2.15169000e+00	-1.55765000e-05
2.67190277e+02	2026-08-24T16:22:35.718701	0.00000000e+00	1	38	-6.05822000e-05	1.40443000e-05	-2.10123000e+00	-1.40919000e-05
2.67209796e+02	2026-08-24T16:22:35.751194	0.00000000e+00	1	38	-5.34773000e-05	1.27235000e-05	-2.05127000e+00	-1.28973000e-05
2.67224792e+02	2026-08-24T16:22:35.766710	0.00000000e+00	1	38	-4.88997000e-05	1.18886000e-05	-2.00138000e+00	-1.18051000e-05
2.67232358e+02	2026-08-24T16:22:35.773963	0.00000000e+00	1	38	-5.73397000e-05	1.06680000e-05	-1.95135000e+00	-1.07724000e-05
2.67255905e+02	2026-08-24T16:22:35.797100	0.00000000e+00	1	38	-5.04255000e-05	9.66220000e-06	-1.90135000e+00	-9.72826000e-06
2.67291316e+02	2026-08-24T16:22:35.829217	0.00000000e+00	1	38	-5.60760000e-05	8.91576000e-06	-1.85131000e+00	-8.99943000e-06
2.67303758e+02	2026-08-24T16:22:35.844922	0.00000000e+00	1	38	-5.46455000e-05	8.40291000e-06	-1.80126000e+00	-8.27796000e-06
2.67327343e+02	2026-08-24T16:22:35.861028	0.00000000e+00	1	38	-6.42777000e-05	7.53634000e-06	-1.75122000e+00	-7.52690000e-06
2.67335335e+02	2026-08-24T16:22:35.876794	0.00000000e+00	1	38	-5.70774000e-05	6.88379000e-06	-1.70122000e+00	-6.83381000e-06
2.67386247e+02	2026-08-24T16:22:35.924484	0.00000000e+00	1	38	-5.79834000e-05	6.26086000e-06	-1.65119000e+00	-6.19918000e-06
2.67415441e+02	2026-08-24T16:22:35.956537	0.00000000e+00	1	38	-6.20127000e-05	5.66130000e-06	-1.60114000e+00	-5.63793000e-06
2.67423972e+02	2026-08-24T16:22:35.956537	0.00000000e+00	1	38	-5.59092000e-05	5.23154000e-06	-1.55112000e+00	-5.19513000e-06
2.67449122e+02	2026-08-24T16:22:35.988771	0.00000000e+00	1	38	-5.36680000e-05	4.71510000e-06	-1.50107000e+00	-4.72172000e-06
2.67479144e+02	2026-08-24T16:22:36.019536	0.00000000e+00	1	38	-5.41925000e-05	4.43207000e-06	-1.45104000e+00	-4.40123000e-06
2.67492729e+02	2026-08-24T16:22:36.019536	0.00000000e+00	1	38	-5.32150000e-05	3.98913000e-06	-1.40100000e+00	-3.92366000e-06
2.67523730e+02	2026-08-24T16:22:36.051112	0.00000000e+00	1	38	-5.65290000e-05	3.56682000e-06	-1.35100000e+00	-3.59148000e-06
2.67573477e+02	2026-08-24T16:22:36.114790	0.00000000e+00	1	38	-5.88655000e-05	3.20373000e-06	-1.30093000e+00	-3.19351000e-06
2.67581503e+02	2026-08-24T16:22:36.114790	0.00000000e+00	1	38	-5.78880000e-05	2.91480000e-06	-1.25094000e+00	-2.88769000e-06
2.67606687e+02	2026-08-24T16:22:36.146689	0.00000000e+00	1	38	-4.79937000e-05	2.60460000e-06	-1.20089000e+00	-2.61681000e-06
2.67616986e+02	2026-08-24T16:22:36.146689	0.00000000e+00	1	38	-5.17607000e-05	2.30349000e-06	-1.15086000e+00	-2.32097000e-06
2.67628861e+02	2026-08-24T16:22:36.167255	0.00000000e+00	1	38	-5.26667000e-05	2.11072000e-06	-1.10081000e+00	-2.07710000e-06
2.67653285e+02	2026-08-24T16:22:36.194873	0.00000000e+00	1	38	-6.22034000e-05	1.81419000e-06	-1.05076000e+00	-1.78450000e-06
2.67661595e+02	2026-08-24T16:22:36.194873	0.00000000e+00	1	38	-4.96149000e-05	1.57661000e-06	-1.00075000e+00	-1.61026000e-06
2.67688500e+02	2026-08-24T16:22:36.225840	0.00000000e+00	1	38	-6.16550000e-05	1.35976000e-06	-9.50700000e-01	-1.37223000e-06
2.67700216e+02	2026-08-24T16:22:36.241475	0.00000000e+00	1	38	-5.78880000e-05	1.19826000e-06	-9.00663000e-01	-1.18807000e-06
2.67726351e+02	2026-08-24T16:22:36.257209	0.00000000e+00	1	38	-5.32150000e-05	1.03815000e-06	-8.50604000e-01	-1.04292000e-06
2.67747854e+02	2026-08-24T16:22:36.288871	0.00000000e+00	1	38	-5.64575000e-05	8.48956000e-07	-8.00603000e-01	-8.54955000e-07
2.67775800e+02	2026-08-24T16:22:36.314758	0.00000000e+00	1	38	-6.46353000e-05	7.11408000e-07	-7.50543000e-01	-7.32182000e-07
2.67809866e+02	2026-08-24T16:22:36.336214	0.00000000e+00	1	38	-5.66244000e-05	6.11196000e-07	-7.00532000e-01	-5.81497000e-07
2.67832188e+02	2026-08-24T16:22:36.367876	0.00000000e+00	1	38	-5.81503000e-05	4.86528000e-07	-6.50476000e-01	-4.94503000e-07
2.67840867e+02	2026-08-24T16:22:36.367876	0.00000000e+00	1	38	-5.26667000e-05	3.97124000e-07	-6.00472000e-01	-3.97943000e-07
2.67889443e+02	2026-08-24T16:22:36.430915	0.00000000e+00	1	38	-5.61714000e-05	3.19057000e-07	-5.50387000e-01	-3.04034000e-07
2.67911456e+02	2026-08-24T16:22:36.446817	0.00000000e+00	1	38	-5.61714000e-05	2.40800000e-07	-5.00367000e-01	-2.38095000e-07
2.67919122e+02	2026-08-24T16:22:36.446817	0.00000000e+00	1	38	-5.05924000e-05	1.88917000e-07	-4.50302000e-01	-1.91245000e-07
2.67944224e+02	2026-08-24T16:22:36.478465	0.00000000e+00	1	38	-5.73397000e-05	1.36813000e-07	-4.00314000e-01	-1.36963000e-07
2.67969536e+02	2026-08-24T16:22:36.510363	0.00000000e+00	1	38	-6.02245000e-05	8.76032000e-08	-3.50256000e-01	-7.44190000e-08
2.68072950e+02	2026-08-24T16:22:36.605892	0.00000000e+00	1	38	-4.11510000e-05	6.36864000e-08	-3.00228000e-01	-5.88671000e-08
2.68098069e+02	2026-08-24T16:22:36.636940	0.00000000e+00	1	38	-6.30140000e-05	3.23580000e-08	-2.50173000e-01	-3.25854000e-08
2.68109590e+02	2026-08-24T16:22:36.647515	0.00000000e+00	1	38	-4.80890000e-05	2.73946000e-08	-2.00051000e-01	-2.44462000e-08
2.68135212e+02	2026-08-24T16:22:36.668376	0.00000000e+00	1	38	-5.37395000e-05	1.40380000e-08	-1.50012000e-01	-1.27398000e-08
2.68158691e+02	2026-08-24T16:22:36.700140	0.00000000e+00	1	38	-4.95195000e-05	5.83197000e-09	-9.99691000e-02	-5.68678000e-09
2.68166523e+02	2026-08-24T16:22:36.700140	0.00000000e+00	1	38	-5.54562000e-05	3.88671000e-09	-4.99387000e-02	-3.11083000e-09
2.68174005e+02	2026-08-24T16:22:36.715828	0.00000000e+00	1	38	-4.99725000e-05	1.51539000e-09	5.10454000e-05	-1.63054000e-10
2.73161327e+02	2026-08-24T16:22:41.695862	0.00000000e+00	1	39	-4.47512000e-05	-3.57246000e-10	5.24998000e-05	7.27522000e-10
2.73180707e+02	2026-08-24T16:22:41.721835	0.00000000e+00	1	39	-6.71387000e-05	4.83315000e-07	-4.99151000e-02	-4.82169000e-07
2.73193726e+02	2026-08-24T16:22:41.721835	0.00000000e+00	1	39	-4.47512000e-05	8.93361000e-07	-9.99669000e-02	-8.92753000e-07
2.73216526e+02	2026-08-24T16:22:41.755791	0.00000000e+00	1	39	-4.33207000e-05	1.35384000e-06	-1.50007000e-01	-1.35354000e-06
2.73247850e+02	2026-08-24T16:22:41.784702	0.00000000e+00	1	39	-4.27723000e-05	1.83576000e-06	-2.00046000e-01	-1.83486000e-06
2.73259268e+02	2026-08-24T16:22:41.800363	0.00000000e+00	1	39	-4.85420000e-05	2.34179000e-06	-2.50175000e-01	-2.34170000e-06
2.73282181e+02	2026-08-24T16:22:41.822835	0.00000000e+00	1	39	-4.67300000e-05	2.87507000e-06	-3.00209000e-01	-2.87229000e-06
2.73290398e+02	2026-08-24T16:22:41.832286	0.00000000e+00	1	39	-4.85420000e-05	3.44244000e-06	-3.50263000e-01	-3.44671000e-06
2.73333727e+02	2026-08-24T16:22:41.873633	0.00000000e+00	1	39	-4.98772000e-05	4.04944000e-06	-4.00311000e-01	-4.04236000e-06
2.73358583e+02	2026-08-24T16:22:41.898686	0.00000000e+00	1	39	-5.07832000e-05	4.69000000e-06	-4.50307000e-01	-4.68990000e-06
2.73367863e+02	2026-08-24T16:22:41.898686	0.00000000e+00	1	39	-5.04255000e-05	5.40269000e-06	-5.00345000e-01	-5.39620000e-06
2.73388826e+02	2026-08-24T16:22:41.928247	0.00000000e+00	1	39	-5.74350000e-05	6.17329000e-06	-5.50385000e-01	-6.16503000e-06
2.73396004e+02	2026-08-24T16:22:41.928247	0.00000000e+00	1	39	-5.45502000e-05	6.99228000e-06	-6.00453000e-01	-6.98427000e-06
2.73418119e+02	2026-08-24T16:22:41.959544	0.00000000e+00	1	39	-5.21421000e-05	7.89070000e-06	-6.50493000e-01	-7.88861000e-06
2.73450234e+02	2026-08-24T16:22:41.990782	0.00000000e+00	1	39	-5.14984000e-05	8.89937000e-06	-7.00544000e-01	-8.86981000e-06
2.73481476e+02	2026-08-24T16:22:42.022464	0.00000000e+00	1	39	-5.86033000e-05	9.98952000e-06	-7.50543000e-01	-9.98030000e-06
2.73489651e+02	2026-08-24T16:22:42.022464	0.00000000e+00	1	39	-8.82864000e-05	1.12000000e-05	-8.00578000e-01	-1.12063000e-05
2.73515669e+02	2026-08-24T16:22:42.054459	0.00000000e+00	1	39	-4.97818000e-05	1.26488000e-05	-8.50613000e-01	-1.26652000e-05
2.73548808e+02	2026-08-24T16:22:42.086401	0.00000000e+00	1	39	-5.14984000e-05	1.43268000e-05	-9.00661000e-01	-1.43307000e-05
2.73559170e+02	2026-08-24T16:22:42.086401	0.00000000e+00	1	39	-4.52995000e-05	1.61750000e-05	-9.50687000e-01	-1.61983000e-05
2.73580440e+02	2026-08-24T16:22:42.118018	0.00000000e+00	1	39	-5.45502000e-05	1.84151000e-05	-1.00076000e+00	-1.84470000e-05
2.73588408e+02	2026-08-24T16:22:42.118018	0.00000000e+00	1	39	-5.15938000e-05	2.10981000e-05	-1.05076000e+00	-2.11148000e-05
2.73603913e+02	2026-08-24T16:22:42.142428	0.00000000e+00	1	39	-4.91619000e-05	2.41705000e-05	-1.10082000e+00	-2.41925000e-05
2.73624210e+02	2026-08-24T16:22:42.165793	0.00000000e+00	1	39	-5.22137000e-05	2.80661000e-05	-1.15086000e+00	-2.80576000e-05
2.73655498e+02	2026-08-24T16:22:42.196835	0.00000000e+00	1	39	-4.92573000e-05	3.28327000e-05	-1.20087000e+00	-3.28283000e-05
2.73663434e+02	2026-08-24T16:22:42.196835	0.00000000e+00	1	39	-4.44889000e-05	3.81339000e-05	-1.25092000e+00	-3.80447000e-05
2.73671076e+02	2026-08-24T16:22:42.212566	0.00000000e+00	1	39	-4.81844000e-05	4.46612000e-05	-1.30093000e+00	-4.47459000e-05
2.73703045e+02	2026-08-24T16:22:42.244425	0.00000000e+00	1	39	-4.85420000e-05	5.34296000e-05	-1.35101000e+00	-5.42384000e-05
2.73727270e+02	2026-08-24T16:22:42.260457	0.00000000e+00	1	39	-5.03302000e-05	6.30540000e-05	-1.40100000e+00	-6.37341000e-05
2.73751143e+02	2026-08-24T16:22:42.292458	0.00000000e+00	1	39	-4.88043000e-05	8.64654000e-05	-1.45105000e+00	-9.91161000e-05
2.73787175e+02	2026-08-24T16:22:42.324001	0.00000000e+00	1	39	-4.63724000e-05	9.35121000e-05	-1.50107000e+00	-9.21488000e-05
2.73798795e+02	2026-08-24T16:22:42.339917	0.00000000e+00	1	39	-5.77927000e-05	1.05212000e-04	-1.55113000e+00	-8.09436000e-05
2.73820936e+02	2026-08-24T16:22:42.355591	0.00000000e+00	1	39	-5.70774000e-05	7.18199000e-05	-1.60111000e+00	-8.11976000e-05
2.73845975e+02	2026-08-24T16:22:42.387201	0.00000000e+00	1	39	-5.26667000e-05	6.37894000e-05	-1.65118000e+00	-4.57499000e-05
2.73879270e+02	2026-08-24T16:22:42.418780	0.00000000e+00	1	39	-5.26667000e-05	6.99359000e-05	-1.70121000e+00	-7.08558000e-05
2.73911150e+02	2026-08-24T16:22:42.450131	0.00000000e+00	1	39	-4.98772000e-05	6.31791000e-05	-1.75125000e+00	-6.43643000e-05
2.73918783e+02	2026-08-24T16:22:42.450131	0.00000000e+00	1	39	-5.59092000e-05	7.40637000e-05	-1.80123000e+00	-7.17940000e-05
2.73940563e+02	2026-08-24T16:22:42.481837	0.00000000e+00	1	39	-5.24998000e-05	4.74576000e-05	-1.85130000e+00	-5.06517000e-05
2.73953362e+02	2026-08-24T16:22:42.481837	0.00000000e+00	1	39	-5.49078000e-05	6.10663000e-05	-1.90134000e+00	-5.97437000e-05
2.73984971e+02	2026-08-24T16:22:42.524109	0.00000000e+00	1	39	-5.40257000e-05	6.42977000e-05	-1.95135000e+00	-5.10588000e-05
2.74008064e+02	2026-08-24T16:22:42.545137	0.00000000e+00	1	39	-5.21421000e-05	6.71782000e-05	-2.00137000e+00	-6.77584000e-05
2.74015284e+02	2026-08-24T16:22:42.545137	0.00000000e+00	1	39	-4.42266000e-05	5.92160000e-05	-2.05139000e+00	-5.28572000e-05
2.74045244e+02	2026-08-24T16:22:42.577944	0.00000000e+00	1	39	-5.48363000e-05	5.51895000e-05	-2.10131000e+00	-5.60411000e-05
2.74072959e+02	2026-08-24T16:22:42.608994	0.00000000e+00	1	39	-4.39405000e-05	5.76788000e-05	-2.15156000e+00	-5.41517000e-05
2.74099503e+02	2026-08-24T16:22:42.640717	0.00000000e+00	1	39	-5.20468000e-05	4.54073000e-05	-2.20169000e+00	-4.36694000e-05
2.74136508e+02	2026-08-24T16:22:42.672380	0.00000000e+00	1	39	-5.33819000e-05	4.30513000e-05	-2.25143000e+00	-4.30149000e-05
2.74146505e+02	2026-08-24T16:22:42.688250	0.00000000e+00	1	39	-5.37395000e-05	4.34969000e-05	-2.30127000e+00	-4.27739000e-05
2.74168539e+02	2026-08-24T16:22:42.704300	0.00000000e+00	1	39	-5.15938000e-05	5.53433000e-05	-2.35150000e+00	-5.29576000e-05
2.74175968e+02	2026-08-24T16:22:42.704300	0.00000000e+00	1	39	-5.65290000e-05	4.88663000e-05	-2.40165000e+00	-5.92886000e-05
2.74193327e+02	2026-08-24T16:22:42.726253	0.00000000e+00	1	39	-5.18560000e-05	4.52500000e-05	-2.45158000e+00	-5.16530000e-05
2.74208659e+02	2026-08-24T16:22:42.746488	0.00000000e+00	1	39	-4.62055000e-05	5.14651000e-05	-2.50167000e+00	-5.53925000e-05
2.74247919e+02	2026-08-24T16:22:42.784329	0.00000000e+00	1	39	-4.82559000e-05	5.96576000e-05	-2.50185000e+00	-6.47357000e-05
2.74263775e+02	2026-08-24T16:22:42.799251	0.00000000e+00	1	39	-5.67198000e-05	5.82798000e-05	-2.45154000e+00	-5.89261000e-05
2.74274626e+02	2026-08-24T16:22:42.814880	0.00000000e+00	1	39	-5.14030000e-05	5.02109000e-05	-2.40177000e+00	-4.95201000e-05
2.74301403e+02	2026-08-24T16:22:42.833377	0.00000000e+00	1	39	-5.27620000e-05	4.54347000e-05	-2.35162000e+00	-4.24263000e-05
2.74320924e+02	2026-08-24T16:22:42.862467	0.00000000e+00	1	39	-5.04255000e-05	4.15893000e-05	-2.30134000e+00	-3.70194000e-05
2.74342426e+02	2026-08-24T16:22:42.878503	0.00000000e+00	1	39	-5.96762000e-05	3.32889000e-05	-2.25134000e+00	-3.24729000e-05
2.74350279e+02	2026-08-24T16:22:42.878503	0.00000000e+00	1	39	-5.10454000e-05	3.01527000e-05	-2.20144000e+00	-2.98107000e-05
2.74373634e+02	2026-08-24T16:22:42.910282	0.00000000e+00	1	39	-4.32253000e-05	2.83796000e-05	-2.15159000e+00	-2.85173000e-05
2.74402509e+02	2026-08-24T16:22:42.942816	0.00000000e+00	1	39	-4.10795000e-05	2.62379000e-05	-2.10127000e+00	-2.65706000e-05
2.74433388e+02	2026-08-24T16:22:42.974331	0.00000000e+00	1	39	-4.87089000e-05	2.60254000e-05	-2.05133000e+00	-2.59590000e-05
2.74476400e+02	2026-08-24T16:22:43.005828	0.00000000e+00	1	39	-5.17607000e-05	2.53401000e-05	-2.00137000e+00	-2.54169000e-05
2.74501743e+02	2026-08-24T16:22:43.037654	0.00000000e+00	1	39	-5.38349000e-05	2.37650000e-05	-1.95134000e+00	-2.33164000e-05
2.74509367e+02	2026-08-24T16:22:43.037654	0.00000000e+00	1	39	-4.78983000e-05	2.20075000e-05	-1.90131000e+00	-2.18875000e-05
2.74537734e+02	2026-08-24T16:22:43.069363	0.00000000e+00	1	39	-5.19514000e-05	2.01736000e-05	-1.85130000e+00	-1.97959000e-05
2.74559266e+02	2026-08-24T16:22:43.100494	0.00000000e+00	1	39	-4.68254000e-05	1.88892000e-05	-1.80124000e+00	-1.87904000e-05
2.74570031e+02	2026-08-24T16:22:43.100494	0.00000000e+00	1	39	-5.10454000e-05	1.74378000e-05	-1.75124000e+00	-1.74798000e-05
2.74596512e+02	2026-08-24T16:22:43.132177	0.00000000e+00	1	39	-5.51939000e-05	1.64148000e-05	-1.70119000e+00	-1.61737000e-05
2.74604582e+02	2026-08-24T16:22:43.132177	0.00000000e+00	1	39	-5.37395000e-05	1.51104000e-05	-1.65117000e+00	-1.55082000e-05
2.74644024e+02	2026-08-24T16:22:43.181163	0.00000000e+00	1	39	-4.78029000e-05	1.42385000e-05	-1.60112000e+00	-1.41673000e-05
2.74669538e+02	2026-08-24T16:22:43.210941	0.00000000e+00	1	39	-5.45502000e-05	1.41055000e-05	-1.55112000e+00	-1.42753000e-05
2.74677249e+02	2026-08-24T16:22:43.210941	0.00000000e+00	1	39	-4.92573000e-05	1.29500000e-05	-1.50108000e+00	-1.25111000e-05
2.74684744e+02	2026-08-24T16:22:43.210941	0.00000000e+00	1	39	-5.02348000e-05	1.13463000e-05	-1.45104000e+00	-1.24595000e-05
2.74740926e+02	2026-08-24T16:22:43.282446	0.00000000e+00	1	39	-4.81844000e-05	1.13350000e-05	-1.40098000e+00	-1.14552000e-05
2.74764352e+02	2026-08-24T16:22:43.305746	0.00000000e+00	1	39	-4.72784000e-05	1.01572000e-05	-1.35100000e+00	-1.01326000e-05
2.74772649e+02	2026-08-24T16:22:43.305746	0.00000000e+00	1	39	-3.29733000e-05	9.48350000e-06	-1.30095000e+00	-9.32070000e-06
2.74796619e+02	2026-08-24T16:22:43.337631	0.00000000e+00	1	39	-5.40972000e-05	8.64289000e-06	-1.25093000e+00	-8.57032000e-06
2.74833750e+02	2026-08-24T16:22:43.373109	0.00000000e+00	1	39	-4.31299000e-05	9.23245000e-06	-1.20085000e+00	-9.43049000e-06
2.74843737e+02	2026-08-24T16:22:43.385049	0.00000000e+00	1	39	-5.73397000e-05	8.74664000e-06	-1.15087000e+00	-8.82493000e-06
2.74865698e+02	2026-08-24T16:22:43.401768	0.00000000e+00	1	39	-4.39405000e-05	8.05409000e-06	-1.10081000e+00	-8.16985000e-06
2.74873557e+02	2026-08-24T16:22:43.411443	0.00000000e+00	1	39	-5.44786000e-05	7.63435000e-06	-1.05075000e+00	-7.64101000e-06
2.74906821e+02	2026-08-24T16:22:43.448420	0.00000000e+00	1	39	-4.09842000e-05	5.87765000e-06	-1.00074000e+00	-5.46330000e-06
2.74960336e+02	2026-08-24T16:22:43.496183	0.00000000e+00	1	39	-5.20468000e-05	5.10520000e-06	-9.50683000e-01	-5.08077000e-06
2.74968434e+02	2026-08-24T16:22:43.496183	0.00000000e+00	1	39	-5.38349000e-05	4.70144000e-06	-9.00667000e-01	-4.76306000e-06
2.74995082e+02	2026-08-24T16:22:43.528002	0.00000000e+00	1	39	-4.98772000e-05	4.15008000e-06	-8.50591000e-01	-4.18918000e-06
2.75022928e+02	2026-08-24T16:22:43.559699	0.00000000e+00	1	39	-5.35727000e-05	3.92929000e-06	-8.00623000e-01	-3.90023000e-06
2.75049938e+02	2026-08-24T16:22:43.591299	0.00000000e+00	1	39	-4.88997000e-05	3.50072000e-06	-7.50545000e-01	-3.50351000e-06
2.75058139e+02	2026-08-24T16:22:43.591299	0.00000000e+00	1	39	-5.40972000e-05	3.18432000e-06	-7.00516000e-01	-3.16656000e-06
2.75084020e+02	2026-08-24T16:22:43.624863	0.00000000e+00	1	39	-4.79937000e-05	2.74561000e-06	-6.50468000e-01	-2.81865000e-06
2.75116116e+02	2026-08-24T16:22:43.654368	0.00000000e+00	1	39	-5.79834000e-05	2.55990000e-06	-6.00458000e-01	-2.58656000e-06
2.75144722e+02	2026-08-24T16:22:43.686132	0.00000000e+00	1	39	-5.33819000e-05	2.29991000e-06	-5.50406000e-01	-2.22708000e-06
2.75183028e+02	2026-08-24T16:22:43.718215	0.00000000e+00	1	39	-4.84467000e-05	1.85286000e-06	-5.00370000e-01	-1.86995000e-06
2.75208418e+02	2026-08-24T16:22:43.749843	0.00000000e+00	1	39	-5.24044000e-05	1.42015000e-06	-4.50298000e-01	-1.42147000e-06
2.75216497e+02	2026-08-24T16:22:43.749843	0.00000000e+00	1	39	-5.62668000e-05	1.21281000e-06	-4.00293000e-01	-1.20944000e-06
2.75249573e+02	2026-08-24T16:22:43.781248	0.00000000e+00	1	39	-5.20468000e-05	9.92807000e-07	-3.50261000e-01	-1.01030000e-06
2.75285418e+02	2026-08-24T16:22:43.813561	0.00000000e+00	1	39	-5.33104000e-05	8.95154000e-07	-3.00219000e-01	-8.81458000e-07
2.75308661e+02	2026-08-24T16:22:43.844420	0.00000000e+00	1	39	-6.03914000e-05	5.83347000e-07	-2.50163000e-01	-5.91508000e-07
2.75318878e+02	2026-08-24T16:22:43.860393	0.00000000e+00	1	39	-5.31197000e-05	4.46636000e-07	-2.00039000e-01	-4.50770000e-07
2.75347424e+02	2026-08-24T16:22:43.888022	0.00000000e+00	1	39	-5.41925000e-05	2.85575000e-07	-1.50007000e-01	-2.83896000e-07
2.75367232e+02	2026-08-24T16:22:43.908185	0.00000000e+00	1	39	-5.25713000e-05	1.68398000e-07	-9.99692000e-02	-1.53484000e-07
2.75381058e+02	2026-08-24T16:22:43.918739	0.00000000e+00	1	39	-5.76258000e-05	8.81939000e-08	-4.99307000e-02	-5.81346000e-08
2.75494833e+02	2026-08-24T16:22:44.035813	0.00000000e+00	1	39	-4.91619000e-05	5.09651000e-09	4.48465000e-05	-9.34386000e-10
2.80564294e+02	2026-08-24T16:22:49.096091	0.00000000e+00	1	40	-4.81844000e-05	-7.06983000e-10	5.50032000e-05	1.93762000e-09
2.80573175e+02	2026-08-24T16:22:49.112282	0.00000000e+00	1	40	-6.96659000e-05	8.97827000e-07	-4.99089000e-02	-8.98648000e-07
2.80604496e+02	2026-08-24T16:22:49.143187	0.00000000e+00	1	40	-4.83513000e-05	1.76478000e-06	-9.99605000e-02	-1.76311000e-06
2.80637544e+02	2026-08-24T16:22:49.175764	0.00000000e+00	1	40	-6.17504000e-05	2.69789000e-06	-1.50000000e-01	-2.69672000e-06
2.80665740e+02	2026-08-24T16:22:49.206834	0.00000000e+00	1	40	-5.52893000e-05	3.68640000e-06	-2.00034000e-01	-3.68398000e-06
2.80673412e+02	2026-08-24T16:22:49.206834	0.00000000e+00	1	40	-5.25713000e-05	4.74009000e-06	-2.50155000e-01	-4.73742000e-06
2.80696983e+02	2026-08-24T16:22:49.238444	0.00000000e+00	1	40	-5.24044000e-05	5.88027000e-06	-3.00208000e-01	-5.87596000e-06
2.80730293e+02	2026-08-24T16:22:49.270222	0.00000000e+00	1	40	-5.52893000e-05	7.13194000e-06	-3.50243000e-01	-7.12371000e-06
2.80760762e+02	2026-08-24T16:22:49.301741	0.00000000e+00	1	40	-5.60045000e-05	8.51239000e-06	-4.00297000e-01	-8.50380000e-06
2.80769172e+02	2026-08-24T16:22:49.301741	0.00000000e+00	1	40	-9.07898000e-05	1.00179000e-05	-4.50273000e-01	-1.00066000e-05
2.80795979e+02	2026-08-24T16:22:49.333458	0.00000000e+00	1	40	-5.29289000e-05	1.17397000e-05	-5.00353000e-01	-1.17412000e-05
2.80839174e+02	2026-08-24T16:22:49.380805	0.00000000e+00	1	40	-5.33819000e-05	1.36928000e-05	-5.50372000e-01	-1.37133000e-05
2.80891050e+02	2026-08-24T16:22:49.428631	0.00000000e+00	1	40	-5.40972000e-05	1.58988000e-05	-6.00425000e-01	-1.58919000e-05
2.80912132e+02	2026-08-24T16:22:49.447655	0.00000000e+00	1	40	-5.71728000e-05	1.84325000e-05	-6.50451000e-01	-1.84050000e-05
2.80935059e+02	2026-08-24T16:22:49.475978	0.00000000e+00	1	40	-5.33104000e-05	2.13425000e-05	-7.00520000e-01	-2.13566000e-05
2.80943210e+02	2026-08-24T16:22:49.475978	0.00000000e+00	1	40	-4.98772000e-05	2.47498000e-05	-7.50532000e-01	-2.47475000e-05
2.80968702e+02	2026-08-24T16:22:49.507402	0.00000000e+00	1	40	-5.52893000e-05	2.87684000e-05	-8.00597000e-01	-2.87323000e-05
2.81004446e+02	2026-08-24T16:22:49.544939	0.00000000e+00	1	40	-5.47409000e-05	3.33978000e-05	-8.50589000e-01	-3.33544000e-05
2.81029895e+02	2026-08-24T16:22:49.570927	0.00000000e+00	1	40	-5.14984000e-05	3.88039000e-05	-9.00660000e-01	-3.88254000e-05
2.81038904e+02	2026-08-24T16:22:49.570927	0.00000000e+00	1	40	-5.42879000e-05	4.51177000e-05	-9.50672000e-01	-4.51626000e-05
2.81070753e+02	2026-08-24T16:22:49.602808	0.00000000e+00	1	40	-4.95195000e-05	5.32138000e-05	-1.00073000e+00	-5.30172000e-05
2.81094934e+02	2026-08-24T16:22:49.634663	0.00000000e+00	1	40	-5.43833000e-05	6.15533000e-05	-1.05075000e+00	-6.11954000e-05
2.81125004e+02	2026-08-24T16:22:49.666109	0.00000000e+00	1	40	-4.96149000e-05	7.23607000e-05	-1.10081000e+00	-7.21397000e-05
2.81133777e+02	2026-08-24T16:22:49.674067	0.00000000e+00	1	40	-5.41925000e-05	8.31127000e-05	-1.15086000e+00	-8.36346000e-05
2.81158438e+02	2026-08-24T16:22:49.697947	0.00000000e+00	1	40	-5.92232000e-05	9.51907000e-05	-1.20086000e+00	-9.37158000e-05
2.81188394e+02	2026-08-24T16:22:49.729691	0.00000000e+00	1	40	-5.35727000e-05	1.03074000e-04	-1.25091000e+00	-9.32041000e-05
2.81210295e+02	2026-08-24T16:22:49.745662	0.00000000e+00	1	40	-6.23703000e-05	1.05985000e-04	-1.30094000e+00	-1.04790000e-04
2.81236472e+02	2026-08-24T16:22:49.777479	0.00000000e+00	1	40	-5.05209000e-05	9.48018000e-05	-1.35099000e+00	-9.99240000e-05
2.81271762e+02	2026-08-24T16:22:49.809010	0.00000000e+00	1	40	-5.63622000e-05	1.03316000e-04	-1.40100000e+00	-9.86175000e-05
2.81299995e+02	2026-08-24T16:22:49.841032	0.00000000e+00	1	40	-5.51939000e-05	1.02890000e-04	-1.45105000e+00	-9.97379000e-05
2.81307768e+02	2026-08-24T16:22:49.841032	0.00000000e+00	1	40	-4.00782000e-05	1.09463000e-04	-1.50106000e+00	-8.91444000e-05
2.81331516e+02	2026-08-24T16:22:49.872596	0.00000000e+00	1	40	-5.47409000e-05	5.10435000e-05	-1.55111000e+00	-5.08255000e-05
2.81365801e+02	2026-08-24T16:22:49.903904	0.00000000e+00	1	40	-4.79937000e-05	7.50499000e-05	-1.60110000e+00	-6.76338000e-05
2.81377958e+02	2026-08-24T16:22:49.919568	0.00000000e+00	1	40	-4.49419000e-05	8.19222000e-05	-1.65117000e+00	-8.10198000e-05
2.81401090e+02	2026-08-24T16:22:49.935474	0.00000000e+00	1	40	-5.29289000e-05	5.74996000e-05	-1.70117000e+00	-5.48754000e-05
2.81409257e+02	2026-08-24T16:22:49.935474	0.00000000e+00	1	40	-4.94242000e-05	6.37698000e-05	-1.75124000e+00	-4.90087000e-05
2.81458924e+02	2026-08-24T16:22:49.999910	0.00000000e+00	1	40	-5.07832000e-05	5.55035000e-05	-1.80123000e+00	-6.14081000e-05
2.81488773e+02	2026-08-24T16:22:50.015454	0.00000000e+00	1	40	-5.99623000e-05	7.34537000e-05	-1.85130000e+00	-6.77633000e-05
2.81519594e+02	2026-08-24T16:22:50.055446	0.00000000e+00	1	40	-6.27518000e-05	6.54939000e-05	-1.90130000e+00	-6.47715000e-05
2.81543296e+02	2026-08-24T16:22:50.078652	0.00000000e+00	1	40	-5.05209000e-05	5.78294000e-05	-1.95134000e+00	-5.77415000e-05
2.81569632e+02	2026-08-24T16:22:50.110744	0.00000000e+00	1	40	-5.60045000e-05	5.75253000e-05	-2.00135000e+00	-5.34128000e-05
2.81577897e+02	2026-08-24T16:22:50.110744	0.00000000e+00	1	40	-5.32150000e-05	6.84362000e-05	-2.05116000e+00	-6.01604000e-05
2.81613419e+02	2026-08-24T16:22:50.143318	0.00000000e+00	1	40	-4.81844000e-05	5.00919000e-05	-2.10130000e+00	-4.66830000e-05
2.81648308e+02	2026-08-24T16:22:50.189988	0.00000000e+00	1	40	-5.45502000e-05	6.98903000e-05	-2.15152000e+00	-7.05811000e-05
2.81670775e+02	2026-08-24T16:22:50.206479	0.00000000e+00	1	40	-6.17504000e-05	6.24126000e-05	-2.20151000e+00	-7.17925000e-05
2.81678627e+02	2026-08-24T16:22:50.206479	0.00000000e+00	1	40	-5.59092000e-05	6.24078000e-05	-2.25125000e+00	-6.46203000e-05
2.81718595e+02	2026-08-24T16:22:50.259929	0.00000000e+00	1	40	-5.28574000e-05	5.04120000e-05	-2.30135000e+00	-4.55476000e-05
2.81744280e+02	2026-08-24T16:22:50.284833	0.00000000e+00	1	40	-6.23703000e-05	6.41909000e-05	-2.35152000e+00	-6.33501000e-05
2.81752222e+02	2026-08-24T16:22:50.288132	0.00000000e+00	1	40	-4.70161000e-05	6.62525000e-05	-2.40172000e+00	-6.19604000e-05
2.81775563e+02	2026-08-24T16:22:50.316525	0.00000000e+00	1	40	-5.68867000e-05	4.75927000e-05	-2.45145000e+00	-4.75814000e-05
2.81783991e+02	2026-08-24T16:22:50.316525	0.00000000e+00	1	40	-5.31197000e-05	6.20259000e-05	-2.50163000e+00	-5.03176000e-05
2.81791714e+02	2026-08-24T16:22:50.332339	0.00000000e+00	1	40	-5.51939000e-05	5.39763000e-05	-2.50181000e+00	-4.48043000e-05
2.81839678e+02	2026-08-24T16:22:50.380027	0.00000000e+00	1	40	-5.49078000e-05	3.48891000e-05	-2.45144000e+00	-3.54299000e-05
2.81849311e+02	2026-08-24T16:22:50.380027	0.00000000e+00	1	40	-4.95195000e-05	3.26143000e-05	-2.40165000e+00	-3.28881000e-05
2.81857003e+02	2026-08-24T16:22:50.398094	0.00000000e+00	1	40	-5.62668000e-05	2.80016000e-05	-2.35157000e+00	-2.89760000e-05
2.81864563e+02	2026-08-24T16:22:50.405814	0.00000000e+00	1	40	-6.18458000e-05	2.47492000e-05	-2.30134000e+00	-2.49688000e-05
2.81886189e+02	2026-08-24T16:22:50.427212	0.00000000e+00	1	40	-5.57184000e-05	2.27159000e-05	-2.25123000e+00	-2.20986000e-05
2.81920747e+02	2026-08-24T16:22:50.458850	0.00000000e+00	1	40	-5.76258000e-05	1.95879000e-05	-2.20145000e+00	-1.95005000e-05
2.81949694e+02	2026-08-24T16:22:50.490710	0.00000000e+00	1	40	-5.41925000e-05	1.76932000e-05	-2.15148000e+00	-1.76766000e-05
2.81958505e+02	2026-08-24T16:22:50.498815	0.00000000e+00	1	40	-5.24044000e-05	1.56030000e-05	-2.10128000e+00	-1.56226000e-05
2.81981034e+02	2026-08-24T16:22:50.522443	0.00000000e+00	1	40	-5.60045000e-05	1.40051000e-05	-2.05114000e+00	-1.39424000e-05
2.82003125e+02	2026-08-24T16:22:50.540400	0.00000000e+00	1	40	-5.42879000e-05	1.29470000e-05	-2.00135000e+00	-1.29652000e-05
2.82060856e+02	2026-08-24T16:22:50.601884	0.00000000e+00	1	40	-4.74453000e-05	1.17793000e-05	-1.95136000e+00	-1.17602000e-05
2.82068986e+02	2026-08-24T16:22:50.601884	0.00000000e+00	1	40	-5.13315000e-05	1.06854000e-05	-1.90132000e+00	-1.06607000e-05
2.82093604e+02	2026-08-24T16:22:50.633571	0.00000000e+00	1	40	-5.38349000e-05	9.78570000e-06	-1.85130000e+00	-9.68119000e-06
2.82125636e+02	2026-08-24T16:22:50.666477	0.00000000e+00	1	40	-5.07832000e-05	8.83425000e-06	-1.80122000e+00	-8.83888000e-06
2.82136048e+02	2026-08-24T16:22:50.666477	0.00000000e+00	1	40	-5.68867000e-05	7.99556000e-06	-1.75123000e+00	-7.94848000e-06
2.82155811e+02	2026-08-24T16:22:50.697185	0.00000000e+00	1	40	-5.70774000e-05	7.26322000e-06	-1.70118000e+00	-7.28766000e-06
2.82164141e+02	2026-08-24T16:22:50.697185	0.00000000e+00	1	40	-5.57184000e-05	6.57230000e-06	-1.65118000e+00	-6.55554000e-06
2.82188984e+02	2026-08-24T16:22:50.728999	0.00000000e+00	1	40	-6.09398000e-05	5.93074000e-06	-1.60113000e+00	-5.97394000e-06
2.82220016e+02	2026-08-24T16:22:50.760732	0.00000000e+00	1	40	-5.24998000e-05	5.38310000e-06	-1.55110000e+00	-5.39835000e-06
2.82251239e+02	2026-08-24T16:22:50.792271	0.00000000e+00	1	40	-4.99725000e-05	4.84216000e-06	-1.50108000e+00	-4.72984000e-06
2.82284052e+02	2026-08-24T16:22:50.824174	0.00000000e+00	1	40	-5.51939000e-05	4.25044000e-06	-1.45105000e+00	-4.27555000e-06
2.82314150e+02	2026-08-24T16:22:50.855125	0.00000000e+00	1	40	-5.29289000e-05	3.88265000e-06	-1.40101000e+00	-3.89219000e-06
2.82322976e+02	2026-08-24T16:22:50.863236	0.00000000e+00	1	40	-5.41925000e-05	3.52159000e-06	-1.35101000e+00	-3.50837000e-06
2.82345821e+02	2026-08-24T16:22:50.886863	0.00000000e+00	1	40	-5.38349000e-05	3.08671000e-06	-1.30096000e+00	-3.10821000e-06
2.82375840e+02	2026-08-24T16:22:50.910504	0.00000000e+00	1	40	-4.77314000e-05	2.79946000e-06	-1.25091000e+00	-2.73573000e-06
2.82408651e+02	2026-08-24T16:22:50.950315	0.00000000e+00	1	40	-5.12362000e-05	2.40888000e-06	-1.20086000e+00	-2.41793000e-06
2.82431383e+02	2026-08-24T16:22:50.966387	0.00000000e+00	1	40	-4.97818000e-05	2.14027000e-06	-1.15085000e+00	-2.14270000e-06
2.82439503e+02	2026-08-24T16:22:50.966387	0.00000000e+00	1	40	-5.02348000e-05	1.89793000e-06	-1.10082000e+00	-1.87531000e-06
2.82474056e+02	2026-08-24T16:22:51.014162	0.00000000e+00	1	40	-5.00679000e-05	1.66838000e-06	-1.05075000e+00	-1.66419000e-06
2.82497875e+02	2026-08-24T16:22:51.033017	0.00000000e+00	1	40	-4.70877000e-05	1.46253000e-06	-1.00073000e+00	-1.43574000e-06
2.82525331e+02	2026-08-24T16:22:51.061619	0.00000000e+00	1	40	-5.05209000e-05	1.25013000e-06	-9.50699000e-01	-1.25443000e-06
2.82536146e+02	2026-08-24T16:22:51.077286	0.00000000e+00	1	40	-5.36680000e-05	1.09092000e-06	-9.00656000e-01	-1.05822000e-06
2.82566704e+02	2026-08-24T16:22:51.092958	0.00000000e+00	1	40	-4.85420000e-05	8.96370000e-07	-8.50605000e-01	-8.67152000e-07
2.82595038e+02	2026-08-24T16:22:51.124861	0.00000000e+00	1	40	-4.70161000e-05	7.33052000e-07	-8.00587000e-01	-7.31933000e-07
2.82615881e+02	2026-08-24T16:22:51.157537	0.00000000e+00	1	40	-4.53949000e-05	6.15943000e-07	-7.50560000e-01	-5.97814000e-07
2.82639371e+02	2026-08-24T16:22:51.173789	0.00000000e+00	1	40	-4.86136000e-05	5.14586000e-07	-7.00520000e-01	-5.05916000e-07
2.82667534e+02	2026-08-24T16:22:51.203998	0.00000000e+00	1	40	-4.88997000e-05	3.81593000e-07	-6.50483000e-01	-3.77136000e-07
2.82694119e+02	2026-08-24T16:22:51.236054	0.00000000e+00	1	40	-3.89099000e-05	2.98776000e-07	-6.00457000e-01	-2.89100000e-07
2.82701895e+02	2026-08-24T16:22:51.236054	0.00000000e+00	1	40	-4.05312000e-05	2.22464000e-07	-5.50403000e-01	-2.24071000e-07
2.82709386e+02	2026-08-24T16:22:51.251277	0.00000000e+00	1	40	-3.69310000e-05	1.76425000e-07	-5.00353000e-01	-1.57555000e-07
2.82767872e+02	2026-08-24T16:22:51.298595	0.00000000e+00	1	40	-4.57525000e-05	1.07170000e-07	-4.50295000e-01	-1.08148000e-07
2.82789452e+02	2026-08-24T16:22:51.330391	0.00000000e+00	1	40	-4.62055000e-05	6.83213000e-08	-4.00288000e-01	-6.14341000e-08
2.82893343e+02	2026-08-24T16:22:51.425719	0.00000000e+00	1	40	-3.51429000e-05	5.43829000e-08	-3.50266000e-01	-5.01959000e-08
2.82919958e+02	2026-08-24T16:22:51.457389	0.00000000e+00	1	40	-4.23193000e-05	2.79645000e-08	-3.00200000e-01	-2.71396000e-08
2.82949158e+02	2026-08-24T16:22:51.488920	0.00000000e+00	1	40	-4.13418000e-05	1.71343000e-08	-2.50162000e-01	-1.72300000e-08
2.82979478e+02	2026-08-24T16:22:51.520647	0.00000000e+00	1	40	-3.37839000e-05	1.12041000e-08	-2.00039000e-01	-1.10363000e-08
2.82987800e+02	2026-08-24T16:22:51.520647	0.00000000e+00	1	40	-3.49522000e-05	8.23141000e-09	-1.50006000e-01	-7.07269000e-09
2.83018705e+02	2026-08-24T16:22:51.552439	0.00000000e+00	1	40	-4.37737000e-05	3.14720000e-09	-9.99647000e-02	-3.15651000e-09
2.83045650e+02	2026-08-24T16:22:51.584468	0.00000000e+00	1	40	-3.95536000e-05	1.21424000e-09	-4.99321000e-02	-1.06641000e-09
2.83075749e+02	2026-08-24T16:22:51.616619	0.00000000e+00	1	40	-3.58582000e-05	1.98972000e-10	4.61817000e-05	-2.99919000e-10
2.87870149e+02	2026-08-24T16:22:56.402958	0.00000000e+00	1	41	-4.00782000e-05	-7.55227000e-10	6.39200000e-05	1.98202000e-09
2.87893538e+02	2026-08-24T16:22:56.434584	0.00000000e+00	1	41	-5.23090000e-05	9.95058000e-07	-4.99023000e-02	-9.92958000e-07
2.87928332e+02	2026-08-24T16:22:56.466332	0.00000000e+00	1	41	-3.43323000e-05	1.95733000e-06	-9.99548000e-02	-1.95529000e-06
2.87968552e+02	2026-08-24T16:22:56.508176	0.00000000e+00	1	41	-4.08888000e-05	2.97328000e-06	-1.49995000e-01	-2.97331000e-06
2.87988555e+02	2026-08-24T16:22:56.529504	0.00000000e+00	1	41	-4.19617000e-05	4.03235000e-06	-2.00027000e-01	-4.03279000e-06
2.87996988e+02	2026-08-24T16:22:56.529504	0.00000000e+00	1	41	-3.73840000e-05	5.15174000e-06	-2.50135000e-01	-5.14949000e-06
2.88021434e+02	2026-08-24T16:22:56.561806	0.00000000e+00	1	41	-4.18901000e-05	6.34444000e-06	-3.00204000e-01	-6.33731000e-06
2.88029715e+02	2026-08-24T16:22:56.561806	0.00000000e+00	1	41	-4.52042000e-05	7.62870000e-06	-3.50240000e-01	-7.62917000e-06
2.88054273e+02	2026-08-24T16:22:56.593903	0.00000000e+00	1	41	-4.46558000e-05	9.04925000e-06	-4.00304000e-01	-9.04377000e-06
2.88083688e+02	2026-08-24T16:22:56.624705	0.00000000e+00	1	41	-7.88450000e-05	1.05969000e-05	-4.50256000e-01	-1.05693000e-05
2.88117870e+02	2026-08-24T16:22:56.656685	0.00000000e+00	1	41	-3.80993000e-05	1.23544000e-05	-5.00345000e-01	-1.23242000e-05
2.88149141e+02	2026-08-24T16:22:56.690795	0.00000000e+00	1	41	-3.81947000e-05	1.43100000e-05	-5.50395000e-01	-1.42964000e-05
2.88157033e+02	2026-08-24T16:22:56.690795	0.00000000e+00	1	41	-4.38690000e-05	1.64786000e-05	-6.00428000e-01	-1.64941000e-05
2.88178984e+02	2026-08-24T16:22:56.720831	0.00000000e+00	1	41	-3.99828000e-05	1.90385000e-05	-6.50460000e-01	-1.91284000e-05
2.88213947e+02	2026-08-24T16:22:56.752149	0.00000000e+00	1	41	-3.77417000e-05	2.20592000e-05	-7.00495000e-01	-2.20619000e-05
2.88225836e+02	2026-08-24T16:22:56.767379	0.00000000e+00	1	41	-3.64065000e-05	2.55105000e-05	-7.50515000e-01	-2.55125000e-05
2.88236468e+02	2026-08-24T16:22:56.768497	0.00000000e+00	1	41	-3.61204000e-05	2.95028000e-05	-8.00600000e-01	-2.95057000e-05
2.88258009e+02	2026-08-24T16:22:56.799597	0.00000000e+00	1	41	-3.03745000e-05	3.43207000e-05	-8.50587000e-01	-3.43576000e-05
2.88265724e+02	2026-08-24T16:22:56.799597	0.00000000e+00	1	41	-4.15087000e-05	4.00516000e-05	-9.00647000e-01	-4.00607000e-05
2.88273361e+02	2026-08-24T16:22:56.815009	0.00000000e+00	1	41	-4.00782000e-05	4.64348000e-05	-9.50687000e-01	-4.65101000e-05
2.88299932e+02	2026-08-24T16:22:56.831470	0.00000000e+00	1	41	-4.07219000e-05	5.38121000e-05	-1.00071000e+00	-5.37799000e-05
2.88335776e+02	2026-08-24T16:22:56.862758	0.00000000e+00	1	41	-3.55959000e-05	6.22303000e-05	-1.05074000e+00	-6.22800000e-05
2.88387584e+02	2026-08-24T16:22:56.926207	0.00000000e+00	1	41	-3.60250000e-05	7.22526000e-05	-1.10081000e+00	-7.21034000e-05
2.88418359e+02	2026-08-24T16:22:56.957831	0.00000000e+00	1	41	-3.99113000e-05	8.01846000e-05	-1.15084000e+00	-8.07915000e-05
2.88426170e+02	2026-08-24T16:22:56.957831	0.00000000e+00	1	41	-3.89099000e-05	9.04258000e-05	-1.20084000e+00	-9.10947000e-05
2.88448381e+02	2026-08-24T16:22:56.989269	0.00000000e+00	1	41	-3.52144000e-05	8.95101000e-05	-1.25092000e+00	-8.72040000e-05
2.88480663e+02	2026-08-24T16:22:57.021009	0.00000000e+00	1	41	-4.54664000e-05	9.36709000e-05	-1.30093000e+00	-9.17533000e-05
2.88517058e+02	2026-08-24T16:22:57.053389	0.00000000e+00	1	41	-3.69310000e-05	9.03070000e-05	-1.35098000e+00	-9.32161000e-05
2.88524654e+02	2026-08-24T16:22:57.053389	0.00000000e+00	1	41	-3.98159000e-05	9.83375000e-05	-1.40099000e+00	-9.21308000e-05
2.88577775e+02	2026-08-24T16:22:57.116254	0.00000000e+00	1	41	-3.90053000e-05	7.86969000e-05	-1.45102000e+00	-8.48225000e-05
2.88607372e+02	2026-08-24T16:22:57.147935	0.00000000e+00	1	41	-4.01735000e-05	8.31467000e-05	-1.50107000e+00	-8.88472000e-05
2.88615729e+02	2026-08-24T16:22:57.156354	0.00000000e+00	1	41	-4.42982000e-05	9.60737000e-05	-1.55113000e+00	-8.96396000e-05
2.88638408e+02	2026-08-24T16:22:57.179336	0.00000000e+00	1	41	-4.14371000e-05	6.63294000e-05	-1.60110000e+00	-6.27722000e-05
2.88663603e+02	2026-08-24T16:22:57.199054	0.00000000e+00	1	41	-4.45843000e-05	6.55081000e-05	-1.65117000e+00	-5.56193000e-05
2.88676071e+02	2026-08-24T16:22:57.213893	0.00000000e+00	1	41	-5.28574000e-05	4.57573000e-05	-1.70117000e+00	-5.78600000e-05
2.88703333e+02	2026-08-24T16:22:57.243007	0.00000000e+00	1	41	-4.47512000e-05	5.71043000e-05	-1.75123000e+00	-5.86564000e-05
2.88711575e+02	2026-08-24T16:22:57.243007	0.00000000e+00	1	41	-2.88486000e-05	6.11131000e-05	-1.80125000e+00	-4.80357000e-05
2.88719652e+02	2026-08-24T16:22:57.260989	0.00000000e+00	1	41	-3.49522000e-05	6.30098000e-05	-1.85130000e+00	-5.32058000e-05
2.88727556e+02	2026-08-24T16:22:57.262993	0.00000000e+00	1	41	-2.40803000e-05	6.31711000e-05	-1.90130000e+00	-5.82343000e-05
2.88750448e+02	2026-08-24T16:22:57.290314	0.00000000e+00	1	41	-4.68254000e-05	3.98038000e-05	-1.95133000e+00	-4.32489000e-05
2.88762899e+02	2026-08-24T16:22:57.290314	0.00000000e+00	1	41	-3.72887000e-05	4.49729000e-05	-2.00136000e+00	-4.56389000e-05
2.88788626e+02	2026-08-24T16:22:57.322182	0.00000000e+00	1	41	-3.43323000e-05	4.54790000e-05	-2.05123000e+00	-4.97273000e-05
2.88812816e+02	2026-08-24T16:22:57.354323	0.00000000e+00	1	41	-4.04358000e-05	4.26115000e-05	-2.10143000e+00	-3.86790000e-05
2.88820625e+02	2026-08-24T16:22:57.362342	0.00000000e+00	1	41	-3.38793000e-05	4.72324000e-05	-2.15151000e+00	-3.54786000e-05
2.88846323e+02	2026-08-24T16:22:57.385833	0.00000000e+00	1	41	-4.21524000e-05	3.66495000e-05	-2.20157000e+00	-3.95135000e-05
2.88885932e+02	2026-08-24T16:22:57.417740	0.00000000e+00	1	41	-4.78029000e-05	3.83011000e-05	-2.25125000e+00	-3.73297000e-05
2.88919900e+02	2026-08-24T16:22:57.460812	0.00000000e+00	1	41	-4.18901000e-05	4.22805000e-05	-2.30115000e+00	-3.32747000e-05
2.88968015e+02	2026-08-24T16:22:57.507859	0.00000000e+00	1	41	-5.01633000e-05	4.91598000e-05	-2.35149000e+00	-5.07281000e-05
2.88992111e+02	2026-08-24T16:22:57.528108	0.00000000e+00	1	41	-4.82559000e-05	5.75227000e-05	-2.40158000e+00	-5.07214000e-05
2.89000763e+02	2026-08-24T16:22:57.528108	0.00000000e+00	1	41	-5.00679000e-05	5.16257000e-05	-2.45170000e+00	-5.58047000e-05
2.89051523e+02	2026-08-24T16:22:57.591711	0.00000000e+00	1	41	-4.09842000e-05	4.63575000e-05	-2.50164000e+00	-4.17903000e-05
2.89064268e+02	2026-08-24T16:22:57.603183	0.00000000e+00	1	41	-4.42982000e-05	4.23871000e-05	-2.50179000e+00	-4.45371000e-05
2.89086059e+02	2026-08-24T16:22:57.624183	0.00000000e+00	1	41	-4.65631000e-05	3.19187000e-05	-2.45156000e+00	-3.34646000e-05
2.89095075e+02	2026-08-24T16:22:57.624183	0.00000000e+00	1	41	-3.79324000e-05	2.80103000e-05	-2.40156000e+00	-2.83168000e-05
2.89115175e+02	2026-08-24T16:22:57.655054	0.00000000e+00	1	41	-5.06878000e-05	2.46914000e-05	-2.35147000e+00	-2.43595000e-05
2.89125977e+02	2026-08-24T16:22:57.655054	0.00000000e+00	1	41	-4.62770000e-05	2.21163000e-05	-2.30131000e+00	-2.18827000e-05
2.89142569e+02	2026-08-24T16:22:57.679874	0.00000000e+00	1	41	-3.88145000e-05	1.94209000e-05	-2.25124000e+00	-1.95283000e-05
2.89166044e+02	2026-08-24T16:22:57.702366	0.00000000e+00	1	41	-4.32253000e-05	1.82049000e-05	-2.20137000e+00	-1.82250000e-05
2.89173506e+02	2026-08-24T16:22:57.702366	0.00000000e+00	1	41	-4.50373000e-05	1.60597000e-05	-2.15163000e+00	-1.62105000e-05
2.89193019e+02	2026-08-24T16:22:57.734850	0.00000000e+00	1	41	-4.41313000e-05	1.48073000e-05	-2.10120000e+00	-1.47594000e-05
2.89225866e+02	2026-08-24T16:22:57.766556	0.00000000e+00	1	41	-4.78983000e-05	1.34173000e-05	-2.05117000e+00	-1.34818000e-05
2.89257084e+02	2026-08-24T16:22:57.797812	0.00000000e+00	1	41	-4.44889000e-05	1.18867000e-05	-2.00134000e+00	-1.19854000e-05
2.89265284e+02	2026-08-24T16:22:57.797812	0.00000000e+00	1	41	-4.56572000e-05	1.08239000e-05	-1.95137000e+00	-1.07434000e-05
2.89299183e+02	2026-08-24T16:22:57.830419	0.00000000e+00	1	41	-3.68357000e-05	1.00632000e-05	-1.90131000e+00	-9.87318000e-06
2.89335218e+02	2026-08-24T16:22:57.861456	0.00000000e+00	1	41	-3.83616000e-05	9.05297000e-06	-1.85127000e+00	-8.94693000e-06
2.89358048e+02	2026-08-24T16:22:57.893357	0.00000000e+00	1	41	-4.77314000e-05	8.30457000e-06	-1.80124000e+00	-8.30004000e-06
2.89375573e+02	2026-08-24T16:22:57.909091	0.00000000e+00	1	41	-4.09842000e-05	7.46978000e-06	-1.75124000e+00	-7.47254000e-06
2.89423541e+02	2026-08-24T16:22:57.956655	0.00000000e+00	1	41	-4.52995000e-05	6.75383000e-06	-1.70120000e+00	-6.73291000e-06
2.89446762e+02	2026-08-24T16:22:57.988173	0.00000000e+00	1	41	-4.16040000e-05	6.13361000e-06	-1.65117000e+00	-5.97174000e-06
2.89478773e+02	2026-08-24T16:22:58.019896	0.00000000e+00	1	41	-4.23193000e-05	5.57888000e-06	-1.60112000e+00	-5.52042000e-06
2.89509919e+02	2026-08-24T16:22:58.051330	0.00000000e+00	1	41	-4.36783000e-05	5.00974000e-06	-1.55112000e+00	-5.02250000e-06
2.89518034e+02	2026-08-24T16:22:58.051904	0.00000000e+00	1	41	-4.52995000e-05	4.49012000e-06	-1.50105000e+00	-4.50615000e-06
2.89525488e+02	2026-08-24T16:22:58.067301	0.00000000e+00	1	41	-4.82559000e-05	4.17986000e-06	-1.45103000e+00	-4.10881000e-06
2.89575559e+02	2026-08-24T16:22:58.114831	0.00000000e+00	1	41	-4.77314000e-05	3.71425000e-06	-1.40099000e+00	-3.73101000e-06
2.89605584e+02	2026-08-24T16:22:58.146491	0.00000000e+00	1	41	-4.47512000e-05	3.38968000e-06	-1.35100000e+00	-3.37902000e-06
2.89613948e+02	2026-08-24T16:22:58.146491	0.00000000e+00	1	41	-4.94242000e-05	3.16251000e-06	-1.30093000e+00	-3.11888000e-06
2.89646636e+02	2026-08-24T16:22:58.178050	0.00000000e+00	1	41	-4.41313000e-05	2.74230000e-06	-1.25093000e+00	-2.69262000e-06
2.89670351e+02	2026-08-24T16:22:58.210092	0.00000000e+00	1	41	-4.78029000e-05	2.40253000e-06	-1.20087000e+00	-2.40525000e-06
2.89700471e+02	2026-08-24T16:22:58.242390	0.00000000e+00	1	41	-4.14371000e-05	2.17942000e-06	-1.15087000e+00	-2.17011000e-06
2.89708124e+02	2026-08-24T16:22:58.242390	0.00000000e+00	1	41	-4.23193000e-05	1.96157000e-06	-1.10081000e+00	-1.97046000e-06
2.89733761e+02	2026-08-24T16:22:58.274157	0.00000000e+00	1	41	-4.75407000e-05	1.74842000e-06	-1.05076000e+00	-1.73335000e-06
2.89765625e+02	2026-08-24T16:22:58.305700	0.00000000e+00	1	41	-3.39746000e-05	1.46202000e-06	-1.00071000e+00	-1.50408000e-06
2.89795941e+02	2026-08-24T16:22:58.337367	0.00000000e+00	1	41	-4.53949000e-05	1.29870000e-06	-9.50699000e-01	-1.28044000e-06
2.89805308e+02	2026-08-24T16:22:58.337367	0.00000000e+00	1	41	-4.76360000e-05	1.12257000e-06	-9.00656000e-01	-1.12223000e-06
2.89835597e+02	2026-08-24T16:22:58.369926	0.00000000e+00	1	41	-4.15087000e-05	9.47850000e-07	-8.50609000e-01	-9.93238000e-07
2.89856743e+02	2026-08-24T16:22:58.386003	0.00000000e+00	1	41	-5.06878000e-05	8.38274000e-07	-8.00591000e-01	-8.43335000e-07
2.89879439e+02	2026-08-24T16:22:58.416639	0.00000000e+00	1	41	-4.52042000e-05	7.29025000e-07	-7.50550000e-01	-7.23808000e-07
2.89907337e+02	2026-08-24T16:22:58.448971	0.00000000e+00	1	41	-4.10795000e-05	6.12376000e-07	-7.00508000e-01	-6.17032000e-07
2.89944724e+02	2026-08-24T16:22:58.480273	0.00000000e+00	1	41	-4.58479000e-05	4.73510000e-07	-6.50480000e-01	-4.75902000e-07
2.89982513e+02	2026-08-24T16:22:58.511735	0.00000000e+00	1	41	-4.10795000e-05	3.63902000e-07	-6.00456000e-01	-3.63870000e-07
2.90014055e+02	2026-08-24T16:22:58.543291	0.00000000e+00	1	41	-3.58582000e-05	3.10571000e-07	-5.50401000e-01	-3.11905000e-07
2.90038867e+02	2026-08-24T16:22:58.574891	0.00000000e+00	1	41	-4.07219000e-05	2.41990000e-07	-5.00347000e-01	-2.39027000e-07
2.90046515e+02	2026-08-24T16:22:58.574891	0.00000000e+00	1	41	-4.46558000e-05	1.93759000e-07	-4.50302000e-01	-1.94152000e-07
2.90065156e+02	2026-08-24T16:22:58.606901	0.00000000e+00	1	41	-4.02689000e-05	1.50524000e-07	-4.00303000e-01	-1.51290000e-07
2.90090570e+02	2026-08-24T16:22:58.624754	0.00000000e+00	1	41	-4.89950000e-05	1.03784000e-07	-3.50240000e-01	-1.02475000e-07
2.90117283e+02	2026-08-24T16:22:58.654719	0.00000000e+00	1	41	-5.21421000e-05	7.15683000e-08	-3.00192000e-01	-7.21092000e-08
2.90220901e+02	2026-08-24T16:22:58.748517	0.00000000e+00	1	41	-3.22580000e-05	6.46610000e-08	-2.50160000e-01	-6.00984000e-08
2.90275180e+02	2026-08-24T16:22:58.812182	0.00000000e+00	1	41	-3.94583000e-05	3.46491000e-08	-2.00032000e-01	-3.44744000e-08
2.90306050e+02	2026-08-24T16:22:58.843868	0.00000000e+00	1	41	-4.15087000e-05	2.06487000e-08	-1.50001000e-01	-2.01155000e-08
2.90314182e+02	2026-08-24T16:22:58.843868	0.00000000e+00	1	41	-3.27110000e-05	1.62608000e-08	-9.99630000e-02	-1.42748000e-08
2.90334794e+02	2026-08-24T16:22:58.875867	0.00000000e+00	1	41	-4.07219000e-05	4.84892000e-09	-4.99208000e-02	-4.15248000e-09
2.90368831e+02	2026-08-24T16:22:58.907457	0.00000000e+00	1	41	-3.70264000e-05	2.22874000e-10	5.67198000e-05	-2.69163000e-10
2.95346202e+02	2026-08-24T16:23:03.874041	0.00000000e+00	1	42	-4.16040000e-05	-2.59589000e-09	6.01530000e-05	3.08932000e-09
2.95397418e+02	2026-08-24T16:23:03.937619	0.00000000e+00	1	42	-6.06775000e-05	8.54611000e-07	-4.98985000e-02	-8.53814000e-07
2.95410599e+02	2026-08-24T16:23:03.951249	0.00000000e+00	1	42	-4.18901000e-05	1.66425000e-06	-9.99503000e-02	-1.66672000e-06
2.95466229e+02	2026-08-24T16:23:04.000639	0.00000000e+00	1	42	-4.30584000e-05	2.52993000e-06	-1.49992000e-01	-2.52939000e-06
2.95492699e+02	2026-08-24T16:23:04.032056	0.00000000e+00	1	42	-4.81844000e-05	3.42498000e-06	-2.00017000e-01	-3.42259000e-06
2.95504932e+02	2026-08-24T16:23:04.032056	0.00000000e+00	1	42	-5.49078000e-05	4.36879000e-06	-2.50165000e-01	-4.37047000e-06
2.95527811e+02	2026-08-24T16:23:04.063407	0.00000000e+00	1	42	-5.42879000e-05	5.37513000e-06	-3.00200000e-01	-5.37363000e-06
2.95536295e+02	2026-08-24T16:23:04.063407	0.00000000e+00	1	42	-5.35727000e-05	6.44950000e-06	-3.50226000e-01	-6.44566000e-06
2.95586035e+02	2026-08-24T16:23:04.126985	0.00000000e+00	1	42	-4.87089000e-05	7.60545000e-06	-4.00298000e-01	-7.60760000e-06
2.95617478e+02	2026-08-24T16:23:04.158348	0.00000000e+00	1	42	-5.39303000e-05	8.88632000e-06	-4.50274000e-01	-8.89835000e-06
2.95648724e+02	2026-08-24T16:23:04.189828	0.00000000e+00	1	42	-7.99179000e-05	1.02761000e-05	-5.00319000e-01	-1.02598000e-05
2.95679874e+02	2026-08-24T16:23:04.221338	0.00000000e+00	1	42	-4.76360000e-05	1.18689000e-05	-5.50386000e-01	-1.18930000e-05
2.95702271e+02	2026-08-24T16:23:04.237075	0.00000000e+00	1	42	-4.85420000e-05	1.37043000e-05	-6.00414000e-01	-1.36779000e-05
2.95709995e+02	2026-08-24T16:23:04.237075	0.00000000e+00	1	42	-5.06878000e-05	1.57146000e-05	-6.50439000e-01	-1.56986000e-05
2.95763391e+02	2026-08-24T16:23:04.300636	0.00000000e+00	1	42	-4.52995000e-05	1.80362000e-05	-7.00504000e-01	-1.80166000e-05
2.95791135e+02	2026-08-24T16:23:04.332501	0.00000000e+00	1	42	-4.49419000e-05	2.07842000e-05	-7.50510000e-01	-2.07195000e-05
2.95826282e+02	2026-08-24T16:23:04.364677	0.00000000e+00	1	42	-4.27723000e-05	2.38506000e-05	-8.00585000e-01	-2.38778000e-05
2.95855600e+02	2026-08-24T16:23:04.396359	0.00000000e+00	1	42	-4.97818000e-05	2.75160000e-05	-8.50611000e-01	-2.75311000e-05
2.95863727e+02	2026-08-24T16:23:04.396359	0.00000000e+00	1	42	-3.88145000e-05	3.18494000e-05	-9.00639000e-01	-3.20326000e-05
2.95887066e+02	2026-08-24T16:23:04.428730	0.00000000e+00	1	42	-4.44889000e-05	3.70848000e-05	-9.50677000e-01	-3.70002000e-05
2.95921362e+02	2026-08-24T16:23:04.460273	0.00000000e+00	1	42	-4.77314000e-05	4.29825000e-05	-1.00070000e+00	-4.30420000e-05
2.95951093e+02	2026-08-24T16:23:04.491975	0.00000000e+00	1	42	-4.55618000e-05	4.97172000e-05	-1.05073000e+00	-4.96812000e-05
2.95959588e+02	2026-08-24T16:23:04.491975	0.00000000e+00	1	42	-5.12362000e-05	5.74450000e-05	-1.10078000e+00	-5.73999000e-05
2.95982769e+02	2026-08-24T16:23:04.523700	0.00000000e+00	1	42	-5.41925000e-05	6.62578000e-05	-1.15083000e+00	-6.62928000e-05
2.96035225e+02	2026-08-24T16:23:04.572782	0.00000000e+00	1	42	-5.13315000e-05	7.69491000e-05	-1.20087000e+00	-7.67282000e-05
2.96061062e+02	2026-08-24T16:23:04.602234	0.00000000e+00	1	42	-4.62055000e-05	8.75060000e-05	-1.25091000e+00	-8.69053000e-05
2.96068921e+02	2026-08-24T16:23:04.602234	0.00000000e+00	1	42	-5.23090000e-05	9.59279000e-05	-1.30090000e+00	-9.24592000e-05
2.96076516e+02	2026-08-24T16:23:04.618213	0.00000000e+00	1	42	-5.14984000e-05	9.42410000e-05	-1.35099000e+00	-8.86822000e-05
2.96129840e+02	2026-08-24T16:23:04.666020	0.00000000e+00	1	42	-5.05209000e-05	8.31316000e-05	-1.40096000e+00	-8.55659000e-05
2.96139766e+02	2026-08-24T16:23:04.674989	0.00000000e+00	1	42	-4.44889000e-05	8.85697000e-05	-1.45104000e+00	-8.29699000e-05
2.96190751e+02	2026-08-24T16:23:04.730127	0.00000000e+00	1	42	-5.32150000e-05	8.69752000e-05	-1.50102000e+00	-8.47787000e-05
2.96210991e+02	2026-08-24T16:23:04.750545	0.00000000e+00	1	42	-4.95195000e-05	9.06637000e-05	-1.55110000e+00	-8.82202000e-05
2.96235587e+02	2026-08-24T16:23:04.776909	0.00000000e+00	1	42	-5.33819000e-05	6.06189000e-05	-1.60112000e+00	-7.31157000e-05
2.96243340e+02	2026-08-24T16:23:04.776909	0.00000000e+00	1	42	-4.78983000e-05	7.96502000e-05	-1.65113000e+00	-6.69755000e-05
2.96251000e+02	2026-08-24T16:23:04.792595	0.00000000e+00	1	42	-5.22137000e-05	6.64762000e-05	-1.70117000e+00	-5.92034000e-05
2.96283485e+02	2026-08-24T16:23:04.824424	0.00000000e+00	1	42	-5.60760000e-05	5.51330000e-05	-1.75118000e+00	-5.68068000e-05
2.96315216e+02	2026-08-24T16:23:04.856107	0.00000000e+00	1	42	-5.19514000e-05	6.48129000e-05	-1.80123000e+00	-6.31979000e-05
2.96323318e+02	2026-08-24T16:23:04.856107	0.00000000e+00	1	42	-4.34876000e-05	5.45979000e-05	-1.85126000e+00	-5.26757000e-05
2.96348730e+02	2026-08-24T16:23:04.888051	0.00000000e+00	1	42	-5.48363000e-05	3.65011000e-05	-1.90127000e+00	-4.14227000e-05
2.96356861e+02	2026-08-24T16:23:04.888051	0.00000000e+00	1	42	-5.05209000e-05	4.69189000e-05	-1.95133000e+00	-5.85639000e-05
2.96389862e+02	2026-08-24T16:23:04.919503	0.00000000e+00	1	42	-5.92232000e-05	4.94843000e-05	-2.00133000e+00	-4.61732000e-05
2.96409775e+02	2026-08-24T16:23:04.951040	0.00000000e+00	1	42	-5.77927000e-05	4.41269000e-05	-2.05100000e+00	-4.91445000e-05
2.96417629e+02	2026-08-24T16:23:04.951040	0.00000000e+00	1	42	-5.14030000e-05	4.09981000e-05	-2.10100000e+00	-3.59913000e-05
2.96425142e+02	2026-08-24T16:23:04.966819	0.00000000e+00	1	42	-5.10454000e-05	5.70248000e-05	-2.15134000e+00	-3.95356000e-05
2.96449222e+02	2026-08-24T16:23:04.982660	0.00000000e+00	1	42	-4.59194000e-05	5.28641000e-05	-2.20129000e+00	-4.75799000e-05
2.96475773e+02	2026-08-24T16:23:05.014740	0.00000000e+00	1	42	-4.56572000e-05	2.62621000e-05	-2.25133000e+00	-2.41128000e-05
2.96486833e+02	2026-08-24T16:23:05.014740	0.00000000e+00	1	42	-4.83513000e-05	2.69234000e-05	-2.30117000e+00	-2.67555000e-05
2.96509185e+02	2026-08-24T16:23:05.046817	0.00000000e+00	1	42	-4.46558000e-05	2.77311000e-05	-2.35132000e+00	-2.71366000e-05
2.96528774e+02	2026-08-24T16:23:05.069767	0.00000000e+00	1	42	-4.36783000e-05	2.82456000e-05	-2.40150000e+00	-2.83038000e-05
2.96552788e+02	2026-08-24T16:23:05.093829	0.00000000e+00	1	42	-4.65631000e-05	3.71817000e-05	-2.45132000e+00	-3.76485000e-05
2.96584361e+02	2026-08-24T16:23:05.125536	0.00000000e+00	1	42	-4.64678000e-05	3.56078000e-05	-2.50159000e+00	-3.52959000e-05
2.96591526e+02	2026-08-24T16:23:05.125536	0.00000000e+00	1	42	-4.55618000e-05	3.74404000e-05	-2.50161000e+00	-3.98110000e-05
2.96599220e+02	2026-08-24T16:23:05.125536	0.00000000e+00	1	42	-5.27620000e-05	3.32334000e-05	-2.45135000e+00	-3.22773000e-05
2.96649457e+02	2026-08-24T16:23:05.189050	0.00000000e+00	1	42	-5.18560000e-05	2.67834000e-05	-2.40142000e+00	-2.65281000e-05
2.96663639e+02	2026-08-24T16:23:05.204826	0.00000000e+00	1	42	-4.86136000e-05	2.36118000e-05	-2.35132000e+00	-2.43757000e-05
2.96685411e+02	2026-08-24T16:23:05.220802	0.00000000e+00	1	42	-5.05924000e-05	2.16653000e-05	-2.30123000e+00	-2.16299000e-05
2.96692978e+02	2026-08-24T16:23:05.220802	0.00000000e+00	1	42	-4.61102000e-05	1.97051000e-05	-2.25118000e+00	-1.99344000e-05
2.96711368e+02	2026-08-24T16:23:05.253095	0.00000000e+00	1	42	-4.74453000e-05	1.75673000e-05	-2.20149000e+00	-1.81298000e-05
2.96730985e+02	2026-08-24T16:23:05.269993	0.00000000e+00	1	42	-4.46558000e-05	1.60506000e-05	-2.15142000e+00	-1.61283000e-05
2.96739802e+02	2026-08-24T16:23:05.278156	0.00000000e+00	1	42	-4.78983000e-05	1.46012000e-05	-2.10106000e+00	-1.73231000e-05
2.96754349e+02	2026-08-24T16:23:05.283731	0.00000000e+00	1	42	-4.84467000e-05	1.56988000e-05	-2.05112000e+00	-1.46880000e-05
2.96784949e+02	2026-08-24T16:23:05.315524	0.00000000e+00	1	42	-4.41313000e-05	1.38165000e-05	-2.00135000e+00	-1.36052000e-05
2.96806198e+02	2026-08-24T16:23:05.347334	0.00000000e+00	1	42	-4.27008000e-05	1.22443000e-05	-1.95134000e+00	-1.17266000e-05
2.96841484e+02	2026-08-24T16:23:05.378889	0.00000000e+00	1	42	-4.77314000e-05	1.11536000e-05	-1.90131000e+00	-1.13069000e-05
2.96870481e+02	2026-08-24T16:23:05.410911	0.00000000e+00	1	42	-3.70264000e-05	1.02600000e-05	-1.85127000e+00	-1.02660000e-05
2.96878493e+02	2026-08-24T16:23:05.410911	0.00000000e+00	1	42	-3.80039000e-05	9.37733000e-06	-1.80124000e+00	-9.31481000e-06
2.96902246e+02	2026-08-24T16:23:05.443163	0.00000000e+00	1	42	-5.87940000e-05	8.47347000e-06	-1.75121000e+00	-8.32927000e-06
2.96926644e+02	2026-08-24T16:23:05.467989	0.00000000e+00	1	42	-5.23090000e-05	7.68924000e-06	-1.70120000e+00	-7.50503000e-06
2.96938737e+02	2026-08-24T16:23:05.478119	0.00000000e+00	1	42	-5.34773000e-05	7.02709000e-06	-1.65118000e+00	-7.00831000e-06
2.96964637e+02	2026-08-24T16:23:05.505978	0.00000000e+00	1	42	-4.84467000e-05	6.25733000e-06	-1.60109000e+00	-6.12733000e-06
2.96972857e+02	2026-08-24T16:23:05.505978	0.00000000e+00	1	42	-4.70877000e-05	5.61622000e-06	-1.55109000e+00	-5.61569000e-06
2.96996748e+02	2026-08-24T16:23:05.537813	0.00000000e+00	1	42	-5.92232000e-05	5.11992000e-06	-1.50104000e+00	-5.08058000e-06
2.97028963e+02	2026-08-24T16:23:05.570211	0.00000000e+00	1	42	-5.68867000e-05	4.56605000e-06	-1.45103000e+00	-4.55346000e-06
2.97060235e+02	2026-08-24T16:23:05.601009	0.00000000e+00	1	42	-5.59092000e-05	4.14778000e-06	-1.40099000e+00	-4.13181000e-06
2.97068131e+02	2026-08-24T16:23:05.601009	0.00000000e+00	1	42	-4.78029000e-05	3.76248000e-06	-1.35097000e+00	-3.74659000e-06
2.97091585e+02	2026-08-24T16:23:05.632526	0.00000000e+00	1	42	-4.52995000e-05	3.31978000e-06	-1.30093000e+00	-3.32927000e-06
2.97100466e+02	2026-08-24T16:23:05.634532	0.00000000e+00	1	42	-5.38349000e-05	3.04804000e-06	-1.25089000e+00	-3.00752000e-06
2.97124083e+02	2026-08-24T16:23:05.665071	0.00000000e+00	1	42	-5.31197000e-05	2.69012000e-06	-1.20085000e+00	-2.72989000e-06
2.97134521e+02	2026-08-24T16:23:05.665071	0.00000000e+00	1	42	-5.47409000e-05	2.49885000e-06	-1.15086000e+00	-2.41583000e-06
2.97154354e+02	2026-08-24T16:23:05.695806	0.00000000e+00	1	42	-5.61714000e-05	2.11109000e-06	-1.10080000e+00	-2.10282000e-06
2.97162672e+02	2026-08-24T16:23:05.695806	0.00000000e+00	1	42	-5.52893000e-05	1.76378000e-06	-1.05073000e+00	-1.78944000e-06
2.97187223e+02	2026-08-24T16:23:05.727580	0.00000000e+00	1	42	-4.90665000e-05	1.57735000e-06	-1.00072000e+00	-1.54457000e-06
2.97196976e+02	2026-08-24T16:23:05.727580	0.00000000e+00	1	42	-4.97818000e-05	1.38502000e-06	-9.50672000e-01	-1.35387000e-06
2.97232898e+02	2026-08-24T16:23:05.774817	0.00000000e+00	1	42	-5.27620000e-05	1.15292000e-06	-9.00642000e-01	-1.13557000e-06
2.97255953e+02	2026-08-24T16:23:05.790809	0.00000000e+00	1	42	-5.05924000e-05	9.44058000e-07	-8.50595000e-01	-9.62667000e-07
2.97290705e+02	2026-08-24T16:23:05.822689	0.00000000e+00	1	42	-5.82457000e-05	8.63747000e-07	-8.00599000e-01	-8.47112000e-07
2.97314318e+02	2026-08-24T16:23:05.854832	0.00000000e+00	1	42	-5.33104000e-05	6.79211000e-07	-7.50515000e-01	-6.84405000e-07
2.97323344e+02	2026-08-24T16:23:05.854832	0.00000000e+00	1	42	-5.44786000e-05	5.79773000e-07	-7.00507000e-01	-5.85598000e-07
2.97345320e+02	2026-08-24T16:23:05.886682	0.00000000e+00	1	42	-5.29289000e-05	4.60201000e-07	-6.50450000e-01	-4.45915000e-07
2.97354007e+02	2026-08-24T16:23:05.886682	0.00000000e+00	1	42	-4.71830000e-05	3.75611000e-07	-6.00420000e-01	-3.78406000e-07
2.97379370e+02	2026-08-24T16:23:05.918185	0.00000000e+00	1	42	-5.18560000e-05	2.81299000e-07	-5.50397000e-01	-3.01002000e-07
2.97401339e+02	2026-08-24T16:23:05.942251	0.00000000e+00	1	42	-5.10454000e-05	2.28514000e-07	-5.00341000e-01	-2.18324000e-07
2.97428698e+02	2026-08-24T16:23:05.965514	0.00000000e+00	1	42	-5.38349000e-05	1.55286000e-07	-4.50294000e-01	-1.58071000e-07
2.97436343e+02	2026-08-24T16:23:05.965514	0.00000000e+00	1	42	-5.17607000e-05	1.16711000e-07	-4.00287000e-01	-1.15707000e-07
2.97455913e+02	2026-08-24T16:23:05.997317	0.00000000e+00	1	42	-6.05822000e-05	7.66993000e-08	-3.50231000e-01	-7.22154000e-08
2.97559739e+02	2026-08-24T16:23:06.092192	0.00000000e+00	1	42	-4.97103000e-05	6.58699000e-08	-3.00211000e-01	-6.09529000e-08
2.97582777e+02	2026-08-24T16:23:06.123691	0.00000000e+00	1	42	-5.58138000e-05	3.55504000e-08	-2.50136000e-01	-4.49405000e-08
2.97614449e+02	2026-08-24T16:23:06.154854	0.00000000e+00	1	42	-4.99725000e-05	2.70603000e-08	-2.00027000e-01	-2.58028000e-08
2.97629137e+02	2026-08-24T16:23:06.170720	0.00000000e+00	1	42	-4.61102000e-05	1.94242000e-08	-1.49998000e-01	-1.12997000e-08
2.97654681e+02	2026-08-24T16:23:06.186472	0.00000000e+00	1	42	-5.38349000e-05	9.03306000e-09	-9.99585000e-02	-8.00836000e-09
2.97677548e+02	2026-08-24T16:23:06.218494	0.00000000e+00	1	42	-5.07832000e-05	2.41829000e-09	-4.99190000e-02	-1.90618000e-09
2.97708722e+02	2026-08-24T16:23:06.250203	0.00000000e+00	1	42	-4.62055000e-05	8.58510000e-10	5.64575000e-05	-1.47188000e-10
3.02586988e+02	2026-08-24T16:23:11.126428	0.00000000e+00	1	43	-5.41925000e-05	-5.50807000e-10	6.68049000e-05	8.70955000e-10
3.02595203e+02	2026-08-24T16:23:11.126428	0.00000000e+00	1	43	-2.38252000e-04	9.24684000e-08	-4.98955000e-02	-3.32535000e-07
3.02614951e+02	2026-08-24T16:23:11.155832	0.00000000e+00	1	43	-7.37190000e-05	6.22454000e-07	-9.99500000e-02	-5.87385000e-07
3.02645707e+02	2026-08-24T16:23:11.187054	0.00000000e+00	1	43	-5.41925000e-05	8.89109000e-07	-1.49993000e-01	-8.89280000e-07
3.02677195e+02	2026-08-24T16:23:11.218697	0.00000000e+00	1	43	-5.69820000e-05	1.20232000e-06	-2.00031000e-01	-1.20171000e-06
3.02689783e+02	2026-08-24T16:23:11.218697	0.00000000e+00	1	43	-5.51939000e-05	1.52865000e-06	-2.50132000e-01	-1.52798000e-06
3.02717747e+02	2026-08-24T16:23:11.250215	0.00000000e+00	1	43	-5.03302000e-05	1.86794000e-06	-3.00208000e-01	-1.86695000e-06
3.02741670e+02	2026-08-24T16:23:11.281962	0.00000000e+00	1	43	-5.14984000e-05	2.22549000e-06	-3.50222000e-01	-2.22435000e-06
3.02777303e+02	2026-08-24T16:23:11.314034	0.00000000e+00	1	43	-5.40972000e-05	2.60472000e-06	-4.00293000e-01	-2.60240000e-06
3.02784886e+02	2026-08-24T16:23:11.314034	0.00000000e+00	1	43	-5.16891000e-05	2.99568000e-06	-4.50293000e-01	-2.99364000e-06
3.02819946e+02	2026-08-24T16:23:11.361373	0.00000000e+00	1	43	-4.98772000e-05	3.41437000e-06	-5.00342000e-01	-3.41011000e-06
3.02867518e+02	2026-08-24T16:23:11.408861	0.00000000e+00	1	43	-6.12021000e-05	3.85969000e-06	-5.50389000e-01	-3.86854000e-06
3.02875295e+02	2026-08-24T16:23:11.408861	0.00000000e+00	1	43	-6.17504000e-05	4.35545000e-06	-6.00423000e-01	-4.35443000e-06
3.02882712e+02	2026-08-24T16:23:11.424523	0.00000000e+00	1	43	-5.60760000e-05	4.86109000e-06	-6.50478000e-01	-4.84467000e-06
3.02930942e+02	2026-08-24T16:23:11.472194	0.00000000e+00	1	43	-5.76258000e-05	5.40186000e-06	-7.00488000e-01	-5.40470000e-06
3.02947097e+02	2026-08-24T16:23:11.488810	0.00000000e+00	1	43	-5.41925000e-05	6.00573000e-06	-7.50539000e-01	-6.00345000e-06
3.02968501e+02	2026-08-24T16:23:11.504073	0.00000000e+00	1	43	-5.73397000e-05	6.66307000e-06	-8.00567000e-01	-6.65819000e-06
3.02976552e+02	2026-08-24T16:23:11.504073	0.00000000e+00	1	43	-6.17504000e-05	7.37860000e-06	-8.50616000e-01	-7.37041000e-06
3.03004707e+02	2026-08-24T16:23:11.545459	0.00000000e+00	1	43	-5.78880000e-05	8.15846000e-06	-9.00652000e-01	-8.16246000e-06
3.03029180e+02	2026-08-24T16:23:11.567106	0.00000000e+00	1	43	-6.56128000e-05	9.04689000e-06	-9.50696000e-01	-9.04007000e-06
3.03057801e+02	2026-08-24T16:23:11.599675	0.00000000e+00	1	43	-6.07729000e-05	9.99378000e-06	-1.00069000e+00	-9.99063000e-06
3.03067817e+02	2026-08-24T16:23:11.609538	0.00000000e+00	1	43	-9.39369000e-05	1.10730000e-05	-1.05074000e+00	-1.11191000e-05
3.03090920e+02	2026-08-24T16:23:11.630907	0.00000000e+00	1	43	-5.34773000e-05	1.23072000e-05	-1.10079000e+00	-1.23406000e-05
3.03101565e+02	2026-08-24T16:23:11.630907	0.00000000e+00	1	43	-5.56469000e-05	1.36886000e-05	-1.15086000e+00	-1.37218000e-05
3.03125665e+02	2026-08-24T16:23:11.662876	0.00000000e+00	1	43	-5.70774000e-05	1.53696000e-05	-1.20087000e+00	-1.53804000e-05
3.03153149e+02	2026-08-24T16:23:11.694495	0.00000000e+00	1	43	-5.65290000e-05	1.71909000e-05	-1.25090000e+00	-1.72197000e-05
3.03161240e+02	2026-08-24T16:23:11.694495	0.00000000e+00	1	43	-5.69820000e-05	1.92922000e-05	-1.30092000e+00	-1.92828000e-05
3.03168900e+02	2026-08-24T16:23:11.710547	0.00000000e+00	1	43	-5.70774000e-05	2.17966000e-05	-1.35098000e+00	-2.18000000e-05
3.03201152e+02	2026-08-24T16:23:11.742325	0.00000000e+00	1	43	-5.36680000e-05	2.47583000e-05	-1.40101000e+00	-2.47723000e-05
3.03227069e+02	2026-08-24T16:23:11.758360	0.00000000e+00	1	43	-5.57184000e-05	2.82180000e-05	-1.45103000e+00	-2.84132000e-05
3.03248548e+02	2026-08-24T16:23:11.789849	0.00000000e+00	1	43	-5.91517000e-05	3.27946000e-05	-1.50108000e+00	-3.29218000e-05
3.03256297e+02	2026-08-24T16:23:11.789849	0.00000000e+00	1	43	-6.21080000e-05	3.80788000e-05	-1.55111000e+00	-3.82399000e-05
3.03263858e+02	2026-08-24T16:23:11.805601	0.00000000e+00	1	43	-5.76973000e-05	4.46939000e-05	-1.60110000e+00	-4.90456000e-05
3.03314125e+02	2026-08-24T16:23:11.853842	0.00000000e+00	1	43	-5.68867000e-05	9.14254000e-05	-1.65117000e+00	-8.21280000e-05
3.03343428e+02	2026-08-24T16:23:11.884863	0.00000000e+00	1	43	-5.74350000e-05	8.23352000e-05	-1.70121000e+00	-6.46823000e-05
3.03352424e+02	2026-08-24T16:23:11.884863	0.00000000e+00	1	43	-5.40257000e-05	6.19153000e-05	-1.75124000e+00	-6.29906000e-05
3.03384386e+02	2026-08-24T16:23:11.916600	0.00000000e+00	1	43	-5.27620000e-05	4.95770000e-05	-1.80124000e+00	-4.78654000e-05
3.03407426e+02	2026-08-24T16:23:11.948325	0.00000000e+00	1	43	-5.29289000e-05	5.26786000e-05	-1.85129000e+00	-5.15176000e-05
3.03419297e+02	2026-08-24T16:23:11.948325	0.00000000e+00	1	43	-6.23703000e-05	4.23345000e-05	-1.90130000e+00	-4.15075000e-05
3.03443907e+02	2026-08-24T16:23:11.979959	0.00000000e+00	1	43	-6.00338000e-05	5.53733000e-05	-1.95135000e+00	-5.03490000e-05
3.03451781e+02	2026-08-24T16:23:11.979959	0.00000000e+00	1	43	-5.44786000e-05	3.25700000e-05	-2.00136000e+00	-2.76244000e-05
3.03467203e+02	2026-08-24T16:23:11.999645	0.00000000e+00	1	43	-6.22034000e-05	2.97019000e-05	-2.05131000e+00	-2.89094000e-05
3.03480603e+02	2026-08-24T16:23:12.012507	0.00000000e+00	1	43	-5.50032000e-05	3.35060000e-05	-2.10125000e+00	-3.01679000e-05
3.03508197e+02	2026-08-24T16:23:12.048995	0.00000000e+00	1	43	-5.21421000e-05	2.72993000e-05	-2.15154000e+00	-2.68847000e-05
3.03533667e+02	2026-08-24T16:23:12.074739	0.00000000e+00	1	43	-5.73397000e-05	3.26064000e-05	-2.20137000e+00	-2.89125000e-05
3.03541556e+02	2026-08-24T16:23:12.074739	0.00000000e+00	1	43	-5.61714000e-05	4.01994000e-05	-2.25139000e+00	-4.35101000e-05
3.03569679e+02	2026-08-24T16:23:12.106325	0.00000000e+00	1	43	-6.06775000e-05	3.02500000e-05	-2.30135000e+00	-3.05153000e-05
3.03608139e+02	2026-08-24T16:23:12.137804	0.00000000e+00	1	43	-5.91517000e-05	3.47555000e-05	-2.35151000e+00	-3.57192000e-05
3.03627972e+02	2026-08-24T16:23:12.169318	0.00000000e+00	1	43	-6.08444000e-05	3.22590000e-05	-2.40136000e+00	-2.98548000e-05
3.03663741e+02	2026-08-24T16:23:12.200999	0.00000000e+00	1	43	-6.06775000e-05	3.49519000e-05	-2.45142000e+00	-3.53860000e-05
3.03693087e+02	2026-08-24T16:23:12.232624	0.00000000e+00	1	43	-5.34773000e-05	5.43774000e-05	-2.50167000e+00	-4.27584000e-05
3.03712247e+02	2026-08-24T16:23:12.248559	0.00000000e+00	1	43	-6.41823000e-05	4.00904000e-05	-2.50183000e+00	-3.64440000e-05
3.03720228e+02	2026-08-24T16:23:12.248559	0.00000000e+00	1	43	-5.70774000e-05	2.91785000e-05	-2.45148000e+00	-2.77429000e-05
3.03736668e+02	2026-08-24T16:23:12.274614	0.00000000e+00	1	43	-6.48022000e-05	2.45455000e-05	-2.40157000e+00	-2.46385000e-05
3.03787032e+02	2026-08-24T16:23:12.327646	0.00000000e+00	1	43	-6.17504000e-05	2.09444000e-05	-2.35147000e+00	-2.10313000e-05
3.03795291e+02	2026-08-24T16:23:12.327646	0.00000000e+00	1	43	-5.51939000e-05	1.91836000e-05	-2.30130000e+00	-1.95147000e-05
3.03818727e+02	2026-08-24T16:23:12.359699	0.00000000e+00	1	43	-5.89609000e-05	1.70365000e-05	-2.25132000e+00	-1.69712000e-05
3.03850387e+02	2026-08-24T16:23:12.391284	0.00000000e+00	1	43	-5.88655000e-05	1.49717000e-05	-2.20119000e+00	-1.50423000e-05
3.03889460e+02	2026-08-24T16:23:12.422702	0.00000000e+00	1	43	-5.48363000e-05	1.36988000e-05	-2.15140000e+00	-1.35981000e-05
3.03913238e+02	2026-08-24T16:23:12.454462	0.00000000e+00	1	43	-5.64575000e-05	1.23999000e-05	-2.10132000e+00	-1.24102000e-05
3.03930008e+02	2026-08-24T16:23:12.470815	0.00000000e+00	1	43	-6.51598000e-05	1.12312000e-05	-2.05136000e+00	-1.12727000e-05
3.03978594e+02	2026-08-24T16:23:12.518007	0.00000000e+00	1	43	-6.37293000e-05	1.03185000e-05	-2.00139000e+00	-1.03153000e-05
3.03986957e+02	2026-08-24T16:23:12.518007	0.00000000e+00	1	43	-6.21080000e-05	9.33910000e-06	-1.95134000e+00	-9.41836000e-06
3.04008817e+02	2026-08-24T16:23:12.549761	0.00000000e+00	1	43	-5.17607000e-05	8.64637000e-06	-1.90130000e+00	-8.57092000e-06
3.04043368e+02	2026-08-24T16:23:12.581521	0.00000000e+00	1	43	-6.55174000e-05	8.01581000e-06	-1.85127000e+00	-8.05443000e-06
3.04056002e+02	2026-08-24T16:23:12.597495	0.00000000e+00	1	43	-6.75917000e-05	7.30824000e-06	-1.80125000e+00	-7.19366000e-06
3.04079005e+02	2026-08-24T16:23:12.613337	0.00000000e+00	1	43	-6.22988000e-05	6.54579000e-06	-1.75123000e+00	-6.64795000e-06
3.04086562e+02	2026-08-24T16:23:12.613337	0.00000000e+00	1	43	-5.53608000e-05	6.09628000e-06	-1.70117000e+00	-6.05105000e-06
3.04136470e+02	2026-08-24T16:23:12.677595	0.00000000e+00	1	43	-6.43492000e-05	5.40492000e-06	-1.65115000e+00	-5.43664000e-06
3.04148740e+02	2026-08-24T16:23:12.677595	0.00000000e+00	1	43	-6.11305000e-05	4.94790000e-06	-1.60110000e+00	-4.96618000e-06
3.04201572e+02	2026-08-24T16:23:12.741411	0.00000000e+00	1	43	-5.86033000e-05	4.51053000e-06	-1.55113000e+00	-4.51319000e-06
3.04215040e+02	2026-08-24T16:23:12.756572	0.00000000e+00	1	43	-5.60760000e-05	4.12593000e-06	-1.50107000e+00	-4.09774000e-06
3.04225348e+02	2026-08-24T16:23:12.757813	0.00000000e+00	1	43	-6.26564000e-05	3.66994000e-06	-1.45103000e+00	-3.68459000e-06
3.04247500e+02	2026-08-24T16:23:12.788423	0.00000000e+00	1	43	-6.54459000e-05	3.35918000e-06	-1.40100000e+00	-3.35541000e-06
3.04255263e+02	2026-08-24T16:23:12.788423	0.00000000e+00	1	43	-5.25713000e-05	3.03699000e-06	-1.35098000e+00	-3.05267000e-06
3.04287356e+02	2026-08-24T16:23:12.821439	0.00000000e+00	1	43	-5.36680000e-05	2.71079000e-06	-1.30093000e+00	-2.70751000e-06
3.04316400e+02	2026-08-24T16:23:12.851892	0.00000000e+00	1	43	-5.33104000e-05	2.44958000e-06	-1.25092000e+00	-2.44265000e-06
3.04325465e+02	2026-08-24T16:23:12.851892	0.00000000e+00	1	43	-6.04868000e-05	2.16431000e-06	-1.20086000e+00	-2.10456000e-06
3.04348342e+02	2026-08-24T16:23:12.884011	0.00000000e+00	1	43	-5.88655000e-05	1.84460000e-06	-1.15084000e+00	-1.84865000e-06
3.04356108e+02	2026-08-24T16:23:12.884011	0.00000000e+00	1	43	-6.32763000e-05	1.66631000e-06	-1.10078000e+00	-1.65971000e-06
3.04388326e+02	2026-08-24T16:23:12.919196	0.00000000e+00	1	43	-5.64575000e-05	1.41222000e-06	-1.05075000e+00	-1.43044000e-06
3.04413920e+02	2026-08-24T16:23:12.946475	0.00000000e+00	1	43	-6.08444000e-05	1.25565000e-06	-1.00072000e+00	-1.25835000e-06
3.04437381e+02	2026-08-24T16:23:12.978364	0.00000000e+00	1	43	-6.10352000e-05	1.08019000e-06	-9.50683000e-01	-1.06997000e-06
3.04446000e+02	2026-08-24T16:23:12.978364	0.00000000e+00	1	43	-6.04868000e-05	9.19118000e-07	-9.00659000e-01	-9.26746000e-07
3.04468553e+02	2026-08-24T16:23:13.009915	0.00000000e+00	1	43	-5.53608000e-05	7.92874000e-07	-8.50600000e-01	-7.92537000e-07
3.04509149e+02	2026-08-24T16:23:13.047871	0.00000000e+00	1	43	-5.66244000e-05	6.49820000e-07	-8.00608000e-01	-6.59260000e-07
3.04532318e+02	2026-08-24T16:23:13.073324	0.00000000e+00	1	43	-6.21080000e-05	5.48632000e-07	-7.50547000e-01	-5.61411000e-07
3.04539988e+02	2026-08-24T16:23:13.073324	0.00000000e+00	1	43	-5.94139000e-05	4.55136000e-07	-7.00504000e-01	-4.50377000e-07
3.04547542e+02	2026-08-24T16:23:13.089166	0.00000000e+00	1	43	-5.54562000e-05	3.60350000e-07	-6.50446000e-01	-3.30713000e-07
3.04575150e+02	2026-08-24T16:23:13.104978	0.00000000e+00	1	43	-5.59092000e-05	2.60294000e-07	-6.00453000e-01	-2.59801000e-07
3.04627030e+02	2026-08-24T16:23:13.168433	0.00000000e+00	1	43	-5.66244000e-05	1.84324000e-07	-5.50376000e-01	-1.84425000e-07
3.04635129e+02	2026-08-24T16:23:13.168433	0.00000000e+00	1	43	-5.60045000e-05	1.45318000e-07	-5.00356000e-01	-1.44647000e-07
3.04667292e+02	2026-08-24T16:23:13.200186	0.00000000e+00	1	43	-5.76973000e-05	9.15666000e-08	-4.50300000e-01	-8.69961000e-08
3.04786503e+02	2026-08-24T16:23:13.327415	0.00000000e+00	1	43	-5.27620000e-05	6.98853000e-08	-4.00285000e-01	-6.76433000e-08
3.04828100e+02	2026-08-24T16:23:13.359179	0.00000000e+00	1	43	-4.14371000e-05	5.34570000e-08	-3.50240000e-01	-4.73515000e-08
3.04849890e+02	2026-08-24T16:23:13.390709	0.00000000e+00	1	43	-4.78983000e-05	3.22515000e-08	-3.00220000e-01	-3.11093000e-08
3.04858083e+02	2026-08-24T16:23:13.390709	0.00000000e+00	1	43	-4.50373000e-05	2.58010000e-08	-2.50165000e-01	-2.34428000e-08
3.04881581e+02	2026-08-24T16:23:13.422612	0.00000000e+00	1	43	-5.65290000e-05	1.34480000e-08	-2.00034000e-01	-1.27253000e-08
3.04915753e+02	2026-08-24T16:23:13.454704	0.00000000e+00	1	43	-5.88655000e-05	7.71073000e-09	-1.49999000e-01	-7.47190000e-09
3.04926287e+02	2026-08-24T16:23:13.454704	0.00000000e+00	1	43	-5.28574000e-05	5.50618000e-09	-9.99623000e-02	-4.79432000e-09
3.04951899e+02	2026-08-24T16:23:13.486332	0.00000000e+00	1	43	-5.88655000e-05	3.02943000e-09	-4.99211000e-02	-2.67111000e-09
3.04959496e+02	2026-08-24T16:23:13.496641	0.00000000e+00	1	43	-4.86136000e-05	1.38490000e-09	5.62668000e-05	-9.08339000e-10
3.09843797e+02	2026-08-24T16:23:18.380945	0.00000000e+00	1	44	-5.47409000e-05	-2.61056000e-10	6.14882000e-05	7.49397000e-10
3.09876862e+02	2026-08-24T16:23:18.417985	0.00000000e+00	1	44	-7.37190000e-05	2.91519000e-07	-4.99057000e-02	-2.97124000e-07
3.09925573e+02	2026-08-24T16:23:18.465943	0.00000000e+00	1	44	-5.43833000e-05	5.10184000e-07	-9.99539000e-02	-5.10523000e-07
3.09933756e+02	2026-08-24T16:23:18.465943	0.00000000e+00	1	44	-5.76258000e-05	7.75131000e-07	-1.49995000e-01	-7.75414000e-07
3.09956666e+02	2026-08-24T16:23:18.497998	0.00000000e+00	1	44	-5.03302000e-05	1.04820000e-06	-2.00031000e-01	-1.04841000e-06
3.10028064e+02	2026-08-24T16:23:18.561374	0.00000000e+00	1	44	-5.47409000e-05	1.33289000e-06	-2.50156000e-01	-1.33188000e-06
3.10052276e+02	2026-08-24T16:23:18.593207	0.00000000e+00	1	44	-5.50985000e-05	1.63329000e-06	-3.00216000e-01	-1.63359000e-06
3.10061394e+02	2026-08-24T16:23:18.593207	0.00000000e+00	1	44	-5.14030000e-05	1.94459000e-06	-3.50236000e-01	-1.94447000e-06
3.10084108e+02	2026-08-24T16:23:18.624977	0.00000000e+00	1	44	-5.35727000e-05	2.27613000e-06	-4.00296000e-01	-2.27685000e-06
3.10115146e+02	2026-08-24T16:23:18.656671	0.00000000e+00	1	44	-5.52893000e-05	2.62814000e-06	-4.50291000e-01	-2.62814000e-06
3.10137832e+02	2026-08-24T16:23:18.672499	0.00000000e+00	1	44	-5.40257000e-05	2.99856000e-06	-5.00357000e-01	-2.99597000e-06
3.10145542e+02	2026-08-24T16:23:18.672499	0.00000000e+00	1	44	-5.60760000e-05	3.38721000e-06	-5.50394000e-01	-3.39367000e-06
3.10198039e+02	2026-08-24T16:23:18.735931	0.00000000e+00	1	44	-6.07729000e-05	3.81583000e-06	-6.00442000e-01	-3.81801000e-06
3.10208335e+02	2026-08-24T16:23:18.735931	0.00000000e+00	1	44	-4.93526000e-05	4.26487000e-06	-6.50444000e-01	-4.26383000e-06
3.10232995e+02	2026-08-24T16:23:18.767667	0.00000000e+00	1	44	-5.35727000e-05	4.74476000e-06	-7.00500000e-01	-4.74259000e-06
3.10240923e+02	2026-08-24T16:23:18.767667	0.00000000e+00	1	44	-5.93185000e-05	5.25613000e-06	-7.50544000e-01	-5.28363000e-06
3.10292498e+02	2026-08-24T16:23:18.831012	0.00000000e+00	1	44	-5.94139000e-05	5.85285000e-06	-8.00599000e-01	-5.85361000e-06
3.10305639e+02	2026-08-24T16:23:18.846831	0.00000000e+00	1	44	-6.14882000e-05	6.45790000e-06	-8.50605000e-01	-6.47890000e-06
3.10328308e+02	2026-08-24T16:23:18.863320	0.00000000e+00	1	44	-6.26564000e-05	7.14182000e-06	-9.00663000e-01	-7.13754000e-06
3.10336028e+02	2026-08-24T16:23:18.863320	0.00000000e+00	1	44	-6.26564000e-05	7.86021000e-06	-9.50695000e-01	-7.90282000e-06
3.10377556e+02	2026-08-24T16:23:18.912013	0.00000000e+00	1	44	-6.14882000e-05	8.73322000e-06	-1.00075000e+00	-8.74411000e-06
3.10406981e+02	2026-08-24T16:23:18.942413	0.00000000e+00	1	44	-5.64575000e-05	9.65921000e-06	-1.05074000e+00	-9.67231000e-06
3.10416778e+02	2026-08-24T16:23:18.958268	0.00000000e+00	1	44	-9.00745000e-05	1.06637000e-05	-1.10078000e+00	-1.07135000e-05
3.10440776e+02	2026-08-24T16:23:18.974388	0.00000000e+00	1	44	-5.57184000e-05	1.18286000e-05	-1.15085000e+00	-1.18588000e-05
3.10448485e+02	2026-08-24T16:23:18.990175	0.00000000e+00	1	44	-5.06878000e-05	1.31163000e-05	-1.20084000e+00	-1.33462000e-05
3.10496965e+02	2026-08-24T16:23:19.038167	0.00000000e+00	1	44	-4.97103000e-05	1.50201000e-05	-1.25090000e+00	-1.51897000e-05
3.10527900e+02	2026-08-24T16:23:19.069488	0.00000000e+00	1	44	-5.43833000e-05	1.71114000e-05	-1.30094000e+00	-1.71233000e-05
3.10536667e+02	2026-08-24T16:23:19.069488	0.00000000e+00	1	44	-5.18560000e-05	1.92613000e-05	-1.35098000e+00	-1.92716000e-05
3.10568683e+02	2026-08-24T16:23:19.100982	0.00000000e+00	1	44	-5.44786000e-05	2.29580000e-05	-1.40098000e+00	-2.30734000e-05
3.10591089e+02	2026-08-24T16:23:19.132455	0.00000000e+00	1	44	-5.15938000e-05	2.79516000e-05	-1.45104000e+00	-2.83163000e-05
3.10602561e+02	2026-08-24T16:23:19.132455	0.00000000e+00	1	44	-5.06878000e-05	3.81352000e-05	-1.50107000e+00	-4.18654000e-05
3.10626040e+02	2026-08-24T16:23:19.163826	0.00000000e+00	1	44	-5.49078000e-05	5.94170000e-05	-1.55110000e+00	-6.20424000e-05
3.10633471e+02	2026-08-24T16:23:19.163826	0.00000000e+00	1	44	-5.73397000e-05	9.14714000e-05	-1.60113000e+00	-9.57325000e-05
3.10655315e+02	2026-08-24T16:23:19.195836	0.00000000e+00	1	44	-4.84467000e-05	6.75351000e-05	-1.65115000e+00	-6.55759000e-05
3.10665280e+02	2026-08-24T16:23:19.203821	0.00000000e+00	1	44	-5.60760000e-05	6.74273000e-05	-1.70120000e+00	-6.52676000e-05
3.10689445e+02	2026-08-24T16:23:19.227322	0.00000000e+00	1	44	-6.69718000e-05	5.71775000e-05	-1.75123000e+00	-5.85681000e-05
3.10701014e+02	2026-08-24T16:23:19.227322	0.00000000e+00	1	44	-5.53608000e-05	7.57097000e-05	-1.80123000e+00	-6.40232000e-05
3.10723378e+02	2026-08-24T16:23:19.258790	0.00000000e+00	1	44	-5.14984000e-05	8.29845000e-05	-1.85130000e+00	-7.25362000e-05
3.10731289e+02	2026-08-24T16:23:19.268905	0.00000000e+00	1	44	-5.69820000e-05	6.70345000e-05	-1.90132000e+00	-8.21286000e-05
3.10764671e+02	2026-08-24T16:23:19.306002	0.00000000e+00	1	44	-4.90665000e-05	7.37272000e-05	-1.95136000e+00	-6.51578000e-05
3.10793508e+02	2026-08-24T16:23:19.328820	0.00000000e+00	1	44	-5.38349000e-05	6.87482000e-05	-2.00135000e+00	-6.65488000e-05
3.10812522e+02	2026-08-24T16:23:19.353929	0.00000000e+00	1	44	-5.47409000e-05	6.06928000e-05	-2.05111000e+00	-6.14052000e-05
3.10820103e+02	2026-08-24T16:23:19.353929	0.00000000e+00	1	44	-3.21627000e-05	7.44135000e-05	-2.10110000e+00	-5.89082000e-05
3.10827574e+02	2026-08-24T16:23:19.353929	0.00000000e+00	1	44	-5.00679000e-05	7.86647000e-05	-2.15163000e+00	-7.66232000e-05
3.10852099e+02	2026-08-24T16:23:19.385508	0.00000000e+00	1	44	-4.63724000e-05	8.68304000e-05	-2.20137000e+00	-7.95275000e-05
3.10876013e+02	2026-08-24T16:23:19.417073	0.00000000e+00	1	44	-4.66347000e-05	8.47113000e-05	-2.25144000e+00	-6.92239000e-05
3.10885829e+02	2026-08-24T16:23:19.417073	0.00000000e+00	1	44	-4.26054000e-05	9.72826000e-05	-2.30115000e+00	-9.66294000e-05
3.10907380e+02	2026-08-24T16:23:19.448651	0.00000000e+00	1	44	-4.98772000e-05	1.03600000e-04	-2.35165000e+00	-9.10271000e-05
3.10918138e+02	2026-08-24T16:23:19.448651	0.00000000e+00	1	44	-4.73738000e-05	1.14391000e-04	-2.40153000e+00	-1.11024000e-04
3.10942071e+02	2026-08-24T16:23:19.481322	0.00000000e+00	1	44	-6.44445000e-05	1.24430000e-04	-2.45174000e+00	-1.21968000e-04
3.10952335e+02	2026-08-24T16:23:19.491156	0.00000000e+00	1	44	-5.33819000e-05	1.19174000e-04	-2.50166000e+00	-8.78702000e-05
3.10991835e+02	2026-08-24T16:23:19.533541	0.00000000e+00	1	44	-4.42982000e-05	1.02771000e-04	-2.50193000e+00	-1.25808000e-04
3.11001815e+02	2026-08-24T16:23:19.533541	0.00000000e+00	1	44	-4.41313000e-05	7.84642000e-05	-2.45154000e+00	-6.06759000e-05
3.11050545e+02	2026-08-24T16:23:19.591825	0.00000000e+00	1	44	-5.42879000e-05	6.34939000e-05	-2.40160000e+00	-6.02566000e-05
3.11074342e+02	2026-08-24T16:23:19.607902	0.00000000e+00	1	44	-5.81503000e-05	4.83617000e-05	-2.35163000e+00	-5.10984000e-05
3.11094212e+02	2026-08-24T16:23:19.623770	0.00000000e+00	1	44	-5.14984000e-05	3.97100000e-05	-2.30145000e+00	-3.98383000e-05
3.11114066e+02	2026-08-24T16:23:19.655082	0.00000000e+00	1	44	-4.99725000e-05	3.34783000e-05	-2.25141000e+00	-3.39935000e-05
3.11176994e+02	2026-08-24T16:23:19.718375	0.00000000e+00	1	44	-5.44786000e-05	3.16684000e-05	-2.20153000e+00	-3.11238000e-05
3.11184608e+02	2026-08-24T16:23:19.718375	0.00000000e+00	1	44	-5.18560000e-05	2.68591000e-05	-2.15154000e+00	-2.70918000e-05
3.11192145e+02	2026-08-24T16:23:19.718375	0.00000000e+00	1	44	-4.72784000e-05	2.43322000e-05	-2.10128000e+00	-2.42689000e-05
3.11241757e+02	2026-08-24T16:23:19.781831	0.00000000e+00	1	44	-5.52893000e-05	2.15484000e-05	-2.05132000e+00	-2.15434000e-05
3.11273138e+02	2026-08-24T16:23:19.813481	0.00000000e+00	1	44	-5.50032000e-05	1.86950000e-05	-2.00137000e+00	-1.87462000e-05
3.11281118e+02	2026-08-24T16:23:19.813481	0.00000000e+00	1	44	-5.78880000e-05	1.69405000e-05	-1.95132000e+00	-1.70001000e-05
3.11317137e+02	2026-08-24T16:23:19.846176	0.00000000e+00	1	44	-5.70774000e-05	1.52985000e-05	-1.90132000e+00	-1.53709000e-05
3.11348823e+02	2026-08-24T16:23:19.889108	0.00000000e+00	1	44	-5.23090000e-05	1.39260000e-05	-1.85130000e+00	-1.38760000e-05
3.11374011e+02	2026-08-24T16:23:19.908661	0.00000000e+00	1	44	-5.14984000e-05	1.25940000e-05	-1.80123000e+00	-1.25619000e-05
3.11381913e+02	2026-08-24T16:23:19.908661	0.00000000e+00	1	44	-5.24998000e-05	1.14925000e-05	-1.75121000e+00	-1.12480000e-05
3.11430622e+02	2026-08-24T16:23:19.972231	0.00000000e+00	1	44	-5.24044000e-05	1.01622000e-05	-1.70120000e+00	-1.02612000e-05
3.11478898e+02	2026-08-24T16:23:20.019932	0.00000000e+00	1	44	-4.90665000e-05	9.14808000e-06	-1.65117000e+00	-9.18571000e-06
3.11513462e+02	2026-08-24T16:23:20.051831	0.00000000e+00	1	44	-5.75304000e-05	8.30697000e-06	-1.60113000e+00	-8.28287000e-06
3.11542546e+02	2026-08-24T16:23:20.083570	0.00000000e+00	1	44	-5.71728000e-05	7.50822000e-06	-1.55111000e+00	-7.53302000e-06
3.11551801e+02	2026-08-24T16:23:20.083570	0.00000000e+00	1	44	-5.06878000e-05	6.71732000e-06	-1.50106000e+00	-6.67494000e-06
3.11573746e+02	2026-08-24T16:23:20.115129	0.00000000e+00	1	44	-5.90563000e-05	6.02366000e-06	-1.45105000e+00	-6.08041000e-06
3.11609751e+02	2026-08-24T16:23:20.146854	0.00000000e+00	1	44	-5.74350000e-05	5.53245000e-06	-1.40099000e+00	-5.53439000e-06
3.11637630e+02	2026-08-24T16:23:20.178872	0.00000000e+00	1	44	-6.01292000e-05	4.97732000e-06	-1.35099000e+00	-4.96168000e-06
3.11645910e+02	2026-08-24T16:23:20.181416	0.00000000e+00	1	44	-4.73738000e-05	4.44925000e-06	-1.30094000e+00	-4.45112000e-06
3.11669897e+02	2026-08-24T16:23:20.210942	0.00000000e+00	1	44	-4.97818000e-05	3.93073000e-06	-1.25092000e+00	-3.88335000e-06
3.11704732e+02	2026-08-24T16:23:20.243164	0.00000000e+00	1	44	-5.17607000e-05	3.36988000e-06	-1.20086000e+00	-3.35609000e-06
3.11736862e+02	2026-08-24T16:23:20.276872	0.00000000e+00	1	44	-5.48363000e-05	2.90357000e-06	-1.15085000e+00	-2.88041000e-06
3.11744797e+02	2026-08-24T16:23:20.276872	0.00000000e+00	1	44	-5.40972000e-05	2.56335000e-06	-1.10081000e+00	-2.51480000e-06
3.11765501e+02	2026-08-24T16:23:20.307288	0.00000000e+00	1	44	-4.38690000e-05	2.16278000e-06	-1.05074000e+00	-2.19696000e-06
3.11798482e+02	2026-08-24T16:23:20.337957	0.00000000e+00	1	44	-4.84467000e-05	1.91318000e-06	-1.00073000e+00	-1.88386000e-06
3.11829223e+02	2026-08-24T16:23:20.369576	0.00000000e+00	1	44	-5.25713000e-05	1.64181000e-06	-9.50683000e-01	-1.64161000e-06
3.11840727e+02	2026-08-24T16:23:20.379819	0.00000000e+00	1	44	-4.47512000e-05	1.40835000e-06	-9.00653000e-01	-1.40304000e-06
3.11859938e+02	2026-08-24T16:23:20.400986	0.00000000e+00	1	44	-5.22137000e-05	1.14325000e-06	-8.50591000e-01	-1.14975000e-06
3.11912051e+02	2026-08-24T16:23:20.448815	0.00000000e+00	1	44	-4.65631000e-05	9.35280000e-07	-8.00586000e-01	-9.28542000e-07
3.11939310e+02	2026-08-24T16:23:20.480281	0.00000000e+00	1	44	-4.95195000e-05	7.58780000e-07	-7.50546000e-01	-7.57676000e-07
3.11947790e+02	2026-08-24T16:23:20.480281	0.00000000e+00	1	44	-5.21421000e-05	6.22919000e-07	-7.00492000e-01	-6.22101000e-07
3.11972596e+02	2026-08-24T16:23:20.512556	0.00000000e+00	1	44	-4.13418000e-05	4.81968000e-07	-6.50429000e-01	-4.80771000e-07
3.12007030e+02	2026-08-24T16:23:20.543625	0.00000000e+00	1	44	-4.34160000e-05	3.89132000e-07	-6.00419000e-01	-3.84209000e-07
3.12016748e+02	2026-08-24T16:23:20.543625	0.00000000e+00	1	44	-4.88997000e-05	3.02470000e-07	-5.50388000e-01	-3.00892000e-07
3.12039524e+02	2026-08-24T16:23:20.575475	0.00000000e+00	1	44	-5.13315000e-05	2.25634000e-07	-5.00354000e-01	-2.26326000e-07
3.12048475e+02	2026-08-24T16:23:20.575475	0.00000000e+00	1	44	-4.82559000e-05	1.60262000e-07	-4.50307000e-01	-1.58399000e-07
3.12100400e+02	2026-08-24T16:23:20.639395	0.00000000e+00	1	44	-5.61714000e-05	8.49063000e-08	-4.00281000e-01	-7.91402000e-08
3.12204124e+02	2026-08-24T16:23:20.734680	0.00000000e+00	1	44	-3.81947000e-05	6.99530000e-08	-3.50245000e-01	-6.48987000e-08
3.12226228e+02	2026-08-24T16:23:20.766189	0.00000000e+00	1	44	-5.76973000e-05	3.94797000e-08	-3.00198000e-01	-3.87896000e-08
3.12237974e+02	2026-08-24T16:23:20.766189	0.00000000e+00	1	44	-4.82559000e-05	3.14654000e-08	-2.50156000e-01	-2.91310000e-08
3.12269167e+02	2026-08-24T16:23:20.798091	0.00000000e+00	1	44	-4.62770000e-05	1.99089000e-08	-2.00037000e-01	-1.83591000e-08
3.12294222e+02	2026-08-24T16:23:20.829628	0.00000000e+00	1	44	-4.18901000e-05	1.23358000e-08	-1.50001000e-01	-1.11766000e-08
3.12303028e+02	2026-08-24T16:23:20.829628	0.00000000e+00	1	44	-4.20570000e-05	7.56985000e-09	-9.99653000e-02	-3.95064000e-09
3.12354857e+02	2026-08-24T16:23:20.892904	0.00000000e+00	1	44	-4.27723000e-05	2.73495000e-09	-4.99314000e-02	-2.44094000e-09
3.12366038e+02	2026-08-24T16:23:20.892904	0.00000000e+00	1	44	-4.68254000e-05	7.90072000e-10	6.40154000e-05	-2.19285000e-10
3.17215410e+02	2026-08-24T16:23:25.744702	0.00000000e+00	1	45	-2.68698000e-05	-4.46253000e-09	6.18458000e-05	1.50977000e-08
3.17238259e+02	2026-08-24T16:23:25.776437	0.00000000e+00	1	45	-5.04255000e-05	7.37161000e-06	-4.99167000e-02	-7.37857000e-06
3.17280352e+02	2026-08-24T16:23:25.818922	0.00000000e+00	1	45	-1.73521000e-04	1.49749000e-05	-9.99068000e-02	-1.50742000e-05
3.17306360e+02	2026-08-24T16:23:25.840337	0.00000000e+00	1	45	-3.65734000e-05	2.35559000e-05	-1.49990000e-01	-2.35502000e-05
3.17314208e+02	2026-08-24T16:23:25.852936	0.00000000e+00	1	45	-3.77417000e-05	3.29852000e-05	-2.00030000e-01	-3.29735000e-05
3.17336073e+02	2026-08-24T16:23:25.872797	0.00000000e+00	1	45	-4.42982000e-05	4.38109000e-05	-2.50158000e-01	-4.37420000e-05
3.17343727e+02	2026-08-24T16:23:25.872797	0.00000000e+00	1	45	-3.94583000e-05	5.66581000e-05	-3.00215000e-01	-5.66190000e-05
3.17357655e+02	2026-08-24T16:23:25.894139	0.00000000e+00	1	45	-3.74794000e-05	7.17888000e-05	-3.50235000e-01	-7.18501000e-05
3.17378054e+02	2026-08-24T16:23:25.919395	0.00000000e+00	1	45	-4.44889000e-05	9.00249000e-05	-4.00270000e-01	-9.01669000e-05
3.17389549e+02	2026-08-24T16:23:25.929869	0.00000000e+00	1	45	-4.04358000e-05	1.11628000e-04	-4.50284000e-01	-1.11428000e-04
3.17410674e+02	2026-08-24T16:23:25.951537	0.00000000e+00	1	45	-3.55005000e-05	1.36808000e-04	-5.00343000e-01	-1.36734000e-04
3.17423611e+02	2026-08-24T16:23:25.951537	0.00000000e+00	1	45	-4.43935000e-05	1.65679000e-04	-5.50397000e-01	-1.65726000e-04
3.17462035e+02	2026-08-24T16:23:25.998840	0.00000000e+00	1	45	-4.52995000e-05	1.97897000e-04	-6.00432000e-01	-1.97395000e-04
3.17505620e+02	2026-08-24T16:23:26.046229	0.00000000e+00	1	45	-4.45843000e-05	2.32373000e-04	-6.50441000e-01	-2.31654000e-04
3.17516947e+02	2026-08-24T16:23:26.051411	0.00000000e+00	1	45	-4.90665000e-05	2.69263000e-04	-7.00490000e-01	-2.69001000e-04
3.17536570e+02	2026-08-24T16:23:26.078131	0.00000000e+00	1	45	-4.60148000e-05	3.06683000e-04	-7.50535000e-01	-3.06612000e-04
3.17544521e+02	2026-08-24T16:23:26.078131	0.00000000e+00	1	45	-4.11510000e-05	3.47394000e-04	-8.00592000e-01	-3.47486000e-04
3.17568940e+02	2026-08-24T16:23:26.110459	0.00000000e+00	1	45	-4.84467000e-05	3.78259000e-04	-8.50570000e-01	-3.76374000e-04
3.17600757e+02	2026-08-24T16:23:26.141048	0.00000000e+00	1	45	-5.20468000e-05	4.07165000e-04	-9.00657000e-01	-4.07359000e-04
3.17631194e+02	2026-08-24T16:23:26.172525	0.00000000e+00	1	45	-5.23090000e-05	4.21925000e-04	-9.50678000e-01	-4.18679000e-04
3.17638911e+02	2026-08-24T16:23:26.172525	0.00000000e+00	1	45	-4.98772000e-05	4.50663000e-04	-1.00072000e+00	-4.42685000e-04
3.17646523e+02	2026-08-24T16:23:26.188191	0.00000000e+00	1	45	-4.01735000e-05	4.55549000e-04	-1.05072000e+00	-3.86952000e-04
3.17697502e+02	2026-08-24T16:23:26.235961	0.00000000e+00	1	45	-5.40257000e-05	3.40354000e-04	-1.10078000e+00	-3.33147000e-04
3.17726649e+02	2026-08-24T16:23:26.267649	0.00000000e+00	1	45	-4.73738000e-05	3.38518000e-04	-1.15085000e+00	-3.28153000e-04
3.17735167e+02	2026-08-24T16:23:26.267649	0.00000000e+00	1	45	-4.47512000e-05	3.67752000e-04	-1.20083000e+00	-3.54720000e-04
3.17761866e+02	2026-08-24T16:23:26.299386	0.00000000e+00	1	45	-5.14030000e-05	3.33954000e-04	-1.25091000e+00	-3.33119000e-04
3.17792341e+02	2026-08-24T16:23:26.330968	0.00000000e+00	1	45	-5.00679000e-05	3.51224000e-04	-1.30093000e+00	-3.32330000e-04
3.17825794e+02	2026-08-24T16:23:26.362765	0.00000000e+00	1	45	-5.06878000e-05	3.44711000e-04	-1.35099000e+00	-3.32785000e-04
3.17837406e+02	2026-08-24T16:23:26.378779	0.00000000e+00	1	45	-4.95195000e-05	3.13613000e-04	-1.40099000e+00	-2.62892000e-04
3.17885902e+02	2026-08-24T16:23:26.426823	0.00000000e+00	1	45	-4.41313000e-05	2.75633000e-04	-1.45103000e+00	-2.67526000e-04
3.17893825e+02	2026-08-24T16:23:26.426823	0.00000000e+00	1	45	-5.09500000e-05	2.68054000e-04	-1.50106000e+00	-2.72395000e-04
3.17901320e+02	2026-08-24T16:23:26.442831	0.00000000e+00	1	45	-4.71830000e-05	2.70941000e-04	-1.55111000e+00	-2.61781000e-04
3.17908888e+02	2026-08-24T16:23:26.442831	0.00000000e+00	1	45	-4.95195000e-05	2.76098000e-04	-1.60112000e+00	-2.52039000e-04
3.17916495e+02	2026-08-24T16:23:26.442831	0.00000000e+00	1	45	-4.45843000e-05	2.81891000e-04	-1.65114000e+00	-2.35743000e-04
3.17953490e+02	2026-08-24T16:23:26.493220	0.00000000e+00	1	45	-5.61714000e-05	2.60970000e-04	-1.70121000e+00	-2.47364000e-04
3.17972213e+02	2026-08-24T16:23:26.508657	0.00000000e+00	1	45	-5.76973000e-05	2.79598000e-04	-1.75121000e+00	-2.73235000e-04
3.17997165e+02	2026-08-24T16:23:26.538595	0.00000000e+00	1	45	-6.79493000e-05	2.83033000e-04	-1.80123000e+00	-2.76868000e-04
3.18005293e+02	2026-08-24T16:23:26.538595	0.00000000e+00	1	45	-5.40257000e-05	2.75967000e-04	-1.85128000e+00	-2.79715000e-04
3.18013039e+02	2026-08-24T16:23:26.554703	0.00000000e+00	1	45	-4.85420000e-05	2.94091000e-04	-1.90128000e+00	-2.74190000e-04
3.18040278e+02	2026-08-24T16:23:26.570394	0.00000000e+00	1	45	-3.79324000e-05	2.97449000e-04	-1.95133000e+00	-2.95554000e-04
3.18061521e+02	2026-08-24T16:23:26.603296	0.00000000e+00	1	45	-5.22137000e-05	2.56865000e-04	-2.00133000e+00	-2.42433000e-04
3.18080733e+02	2026-08-24T16:23:26.622338	0.00000000e+00	1	45	-3.28064000e-05	2.87151000e-04	-2.05119000e+00	-2.60203000e-04
3.18089904e+02	2026-08-24T16:23:26.630487	0.00000000e+00	1	45	-5.41925000e-05	3.16848000e-04	-2.10130000e+00	-2.73020000e-04
3.18134666e+02	2026-08-24T16:23:26.669918	0.00000000e+00	1	45	-5.72443000e-05	2.94086000e-04	-2.15159000e+00	-2.78519000e-04
3.18160638e+02	2026-08-24T16:23:26.697689	0.00000000e+00	1	45	-5.24998000e-05	2.45193000e-04	-2.20122000e+00	-2.45262000e-04
3.18187599e+02	2026-08-24T16:23:26.728574	0.00000000e+00	1	45	-3.80039000e-05	2.59239000e-04	-2.25131000e+00	-2.49004000e-04
3.18196911e+02	2026-08-24T16:23:26.728574	0.00000000e+00	1	45	-5.93185000e-05	2.68927000e-04	-2.30120000e+00	-3.08908000e-04
3.18221796e+02	2026-08-24T16:23:26.760038	0.00000000e+00	1	45	-5.05209000e-05	2.63977000e-04	-2.35162000e+00	-2.69412000e-04
3.18252858e+02	2026-08-24T16:23:26.791357	0.00000000e+00	1	45	-3.66688000e-05	1.68394000e-04	-2.40142000e+00	-1.57432000e-04
3.18263012e+02	2026-08-24T16:23:26.791357	0.00000000e+00	1	45	-2.67744000e-05	2.19318000e-04	-2.45160000e+00	-2.20656000e-04
3.18286284e+02	2026-08-24T16:23:26.822837	0.00000000e+00	1	45	-7.16448000e-05	1.84147000e-04	-2.50187000e+00	-1.69957000e-04
3.18292865e+02	2026-08-24T16:23:26.822837	0.00000000e+00	1	45	-3.05414000e-05	1.58767000e-04	-2.50184000e+00	-1.33129000e-04
3.18316389e+02	2026-08-24T16:23:26.854704	0.00000000e+00	1	45	-4.96149000e-05	1.29179000e-04	-2.45127000e+00	-1.74649000e-04
3.18347345e+02	2026-08-24T16:23:26.886193	0.00000000e+00	1	45	-5.67198000e-05	1.11648000e-04	-2.40160000e+00	-1.08690000e-04
3.18359098e+02	2026-08-24T16:23:26.897705	0.00000000e+00	1	45	-5.21421000e-05	1.02793000e-04	-2.35149000e+00	-1.01959000e-04
3.18382442e+02	2026-08-24T16:23:26.917469	0.00000000e+00	1	45	-4.67300000e-05	6.89567000e-05	-2.30123000e+00	-6.54035000e-05
3.18414991e+02	2026-08-24T16:23:26.949248	0.00000000e+00	1	45	-4.96149000e-05	5.69387000e-05	-2.25117000e+00	-5.40949000e-05
3.18440325e+02	2026-08-24T16:23:26.981052	0.00000000e+00	1	45	-4.73738000e-05	4.55674000e-05	-2.20135000e+00	-4.61209000e-05
3.18454456e+02	2026-08-24T16:23:26.981052	0.00000000e+00	1	45	-5.34773000e-05	4.01370000e-05	-2.15155000e+00	-3.98781000e-05
3.18477564e+02	2026-08-24T16:23:27.012722	0.00000000e+00	1	45	-5.01633000e-05	3.66798000e-05	-2.10113000e+00	-3.56794000e-05
3.18485148e+02	2026-08-24T16:23:27.012722	0.00000000e+00	1	45	-4.82559000e-05	3.00756000e-05	-2.05102000e+00	-3.04876000e-05
3.18519484e+02	2026-08-24T16:23:27.060575	0.00000000e+00	1	45	-4.89950000e-05	2.63952000e-05	-2.00136000e+00	-2.61787000e-05
3.18547783e+02	2026-08-24T16:23:27.077444	0.00000000e+00	1	45	-4.90665000e-05	2.31994000e-05	-1.95134000e+00	-2.32282000e-05
3.18567024e+02	2026-08-24T16:23:27.108798	0.00000000e+00	1	45	-5.50985000e-05	2.07717000e-05	-1.90131000e+00	-2.08357000e-05
3.18575143e+02	2026-08-24T16:23:27.108798	0.00000000e+00	1	45	-4.77314000e-05	1.84898000e-05	-1.85128000e+00	-1.85459000e-05
3.18602955e+02	2026-08-24T16:23:27.140997	0.00000000e+00	1	45	-5.14030000e-05	1.69463000e-05	-1.80123000e+00	-1.64134000e-05
3.18612400e+02	2026-08-24T16:23:27.150453	0.00000000e+00	1	45	-4.99725000e-05	1.47396000e-05	-1.75123000e+00	-1.49971000e-05
3.18661857e+02	2026-08-24T16:23:27.203268	0.00000000e+00	1	45	-4.89950000e-05	1.34899000e-05	-1.70116000e+00	-1.34529000e-05
3.18670441e+02	2026-08-24T16:23:27.203268	0.00000000e+00	1	45	-5.33104000e-05	1.20194000e-05	-1.65116000e+00	-1.20960000e-05
3.18695348e+02	2026-08-24T16:23:27.234958	0.00000000e+00	1	45	-4.61102000e-05	1.09837000e-05	-1.60112000e+00	-1.10675000e-05
3.18730295e+02	2026-08-24T16:23:27.266478	0.00000000e+00	1	45	-8.70228000e-05	1.00796000e-05	-1.55109000e+00	-1.00909000e-05
3.18757034e+02	2026-08-24T16:23:27.298336	0.00000000e+00	1	45	-4.16994000e-05	9.04437000e-06	-1.50104000e+00	-9.13098000e-06
3.18770027e+02	2026-08-24T16:23:27.298336	0.00000000e+00	1	45	-6.22034000e-05	8.25230000e-06	-1.45102000e+00	-8.24729000e-06
3.18793948e+02	2026-08-24T16:23:27.329842	0.00000000e+00	1	45	-5.21421000e-05	7.31420000e-06	-1.40097000e+00	-7.30097000e-06
3.18824119e+02	2026-08-24T16:23:27.361308	0.00000000e+00	1	45	-5.16891000e-05	6.51782000e-06	-1.35097000e+00	-6.51927000e-06
3.18836704e+02	2026-08-24T16:23:27.377093	0.00000000e+00	1	45	-6.06775000e-05	5.91034000e-06	-1.30092000e+00	-5.83799000e-06
3.18857379e+02	2026-08-24T16:23:27.393214	0.00000000e+00	1	45	-6.00338000e-05	5.30162000e-06	-1.25090000e+00	-5.32683000e-06
3.18865654e+02	2026-08-24T16:23:27.393214	0.00000000e+00	1	45	-5.96762000e-05	4.87687000e-06	-1.20085000e+00	-4.86410000e-06
3.18899231e+02	2026-08-24T16:23:27.440796	0.00000000e+00	1	45	-5.53608000e-05	4.22920000e-06	-1.15086000e+00	-4.38634000e-06
3.18947420e+02	2026-08-24T16:23:27.488409	0.00000000e+00	1	45	-5.74350000e-05	3.99089000e-06	-1.10079000e+00	-3.96588000e-06
3.18955553e+02	2026-08-24T16:23:27.488409	0.00000000e+00	1	45	-4.87089000e-05	3.61402000e-06	-1.05072000e+00	-3.65210000e-06
3.18982969e+02	2026-08-24T16:23:27.520719	0.00000000e+00	1	45	-5.13315000e-05	3.13660000e-06	-1.00072000e+00	-3.12935000e-06
3.19025715e+02	2026-08-24T16:23:27.567333	0.00000000e+00	1	45	-4.85420000e-05	2.75401000e-06	-9.50694000e-01	-2.76660000e-06
3.19048325e+02	2026-08-24T16:23:27.583309	0.00000000e+00	1	45	-4.38690000e-05	2.43583000e-06	-9.00644000e-01	-2.47785000e-06
3.19055903e+02	2026-08-24T16:23:27.593559	0.00000000e+00	1	45	-5.08785000e-05	2.20183000e-06	-8.50581000e-01	-2.19835000e-06
3.19120709e+02	2026-08-24T16:23:27.647091	0.00000000e+00	1	45	-4.57525000e-05	1.99607000e-06	-8.00572000e-01	-1.95513000e-06
3.19142662e+02	2026-08-24T16:23:27.684426	0.00000000e+00	1	45	-4.67300000e-05	1.79644000e-06	-7.50514000e-01	-1.78603000e-06
3.19150301e+02	2026-08-24T16:23:27.691798	0.00000000e+00	1	45	-4.87089000e-05	1.57331000e-06	-7.00496000e-01	-1.55740000e-06
3.19177690e+02	2026-08-24T16:23:27.719022	0.00000000e+00	1	45	-5.27620000e-05	1.32952000e-06	-6.50469000e-01	-1.33067000e-06
3.19192061e+02	2026-08-24T16:23:27.733630	0.00000000e+00	1	45	-4.83513000e-05	1.13755000e-06	-6.00414000e-01	-1.00941000e-06
3.19210774e+02	2026-08-24T16:23:27.752630	0.00000000e+00	1	45	-5.24044000e-05	8.37343000e-07	-5.50380000e-01	-7.92851000e-07
3.19223269e+02	2026-08-24T16:23:27.764795	0.00000000e+00	1	45	-5.62668000e-05	6.19493000e-07	-5.00336000e-01	-6.41526000e-07
3.19231040e+02	2026-08-24T16:23:27.772868	0.00000000e+00	1	45	-5.03302000e-05	5.09578000e-07	-4.50284000e-01	-5.11517000e-07
3.19238635e+02	2026-08-24T16:23:27.779875	0.00000000e+00	1	45	-4.55618000e-05	3.93415000e-07	-4.00300000e-01	-4.01173000e-07
3.19250724e+02	2026-08-24T16:23:27.792105	0.00000000e+00	1	45	-4.99725000e-05	2.70050000e-07	-3.50227000e-01	-2.69401000e-07
3.19266709e+02	2026-08-24T16:23:27.808108	0.00000000e+00	1	45	-4.81844000e-05	2.43916000e-07	-3.00182000e-01	-2.37925000e-07
3.19277521e+02	2026-08-24T16:23:27.818627	0.00000000e+00	1	45	-5.28574000e-05	1.42180000e-07	-2.50136000e-01	-5.24912000e-08
3.19364136e+02	2026-08-24T16:23:27.905420	0.00000000e+00	1	45	-5.08785000e-05	3.32738000e-08	-2.00020000e-01	-3.38963000e-08
3.19419618e+02	2026-08-24T16:23:27.960886	0.00000000e+00	1	45	-4.68254000e-05	2.85989000e-08	-1.49987000e-01	-2.66376000e-08
3.19427828e+02	2026-08-24T16:23:27.968886	0.00000000e+00	1	45	-4.04358000e-05	1.96491000e-08	-9.99471000e-02	-1.74217000e-08
3.19453106e+02	2026-08-24T16:23:27.994001	0.00000000e+00	1	45	-3.79324000e-05	7.43771000e-09	-4.99125000e-02	-7.93363000e-09
3.19474148e+02	2026-08-24T16:23:28.016002	0.00000000e+00	1	45	-4.72784000e-05	3.38887000e-09	6.37531000e-05	-1.07014000e-09
3.23829577e+02	2026-08-24T16:23:32.356387	0.00000000e+00	1	46	-2.60592000e-05	-2.86785000e-09	5.56469000e-05	9.21326000e-09
3.23874830e+02	2026-08-24T16:23:32.412751	0.00000000e+00	1	46	-3.65734000e-05	2.99351000e-06	-4.99168000e-02	-2.99885000e-06
3.23895428e+02	2026-08-24T16:23:32.435302	0.00000000e+00	1	46	-3.75748000e-05	6.11135000e-06	-9.99524000e-02	-6.11792000e-06
3.23905982e+02	2026-08-24T16:23:32.447600	0.00000000e+00	1	46	-4.32253000e-05	9.44834000e-06	-1.49993000e-01	-9.44569000e-06
3.23920452e+02	2026-08-24T16:23:32.461211	0.00000000e+00	1	46	-9.76324000e-05	1.30268000e-05	-1.99990000e-01	-1.30473000e-05
3.23932461e+02	2026-08-24T16:23:32.470441	0.00000000e+00	1	46	-3.87430000e-05	1.71429000e-05	-2.50139000e-01	-1.71539000e-05
3.23940299e+02	2026-08-24T16:23:32.476225	0.00000000e+00	1	46	-3.71933000e-05	2.17443000e-05	-3.00204000e-01	-2.17451000e-05
3.23962420e+02	2026-08-24T16:23:32.498415	0.00000000e+00	1	46	-3.91722000e-05	2.70662000e-05	-3.50239000e-01	-2.70800000e-05
3.23970258e+02	2026-08-24T16:23:32.498415	0.00000000e+00	1	46	-3.95536000e-05	3.33606000e-05	-4.00275000e-01	-3.33669000e-05
3.23984536e+02	2026-08-24T16:23:32.524788	0.00000000e+00	1	46	-3.75748000e-05	4.07318000e-05	-4.50287000e-01	-4.07464000e-05
3.24006230e+02	2026-08-24T16:23:32.546594	0.00000000e+00	1	46	-3.82900000e-05	4.96259000e-05	-5.00346000e-01	-4.96292000e-05
3.24017062e+02	2026-08-24T16:23:32.557903	0.00000000e+00	1	46	-3.65734000e-05	6.04560000e-05	-5.50392000e-01	-6.05920000e-05
3.24036241e+02	2026-08-24T16:23:32.576992	0.00000000e+00	1	46	-4.08888000e-05	7.37388000e-05	-6.00456000e-01	-7.38545000e-05
3.24059559e+02	2026-08-24T16:23:32.594626	0.00000000e+00	1	46	-3.97205000e-05	8.98219000e-05	-6.50425000e-01	-8.99002000e-05
3.24067115e+02	2026-08-24T16:23:32.594626	0.00000000e+00	1	46	-4.14371000e-05	1.08369000e-04	-7.00516000e-01	-1.08444000e-04
3.24201169e+02	2026-08-24T16:23:32.737025	0.00000000e+00	1	46	-4.22478000e-05	1.28930000e-04	-7.50535000e-01	-1.28511000e-04
3.24233776e+02	2026-08-24T16:23:32.770449	0.00000000e+00	1	46	-5.05209000e-05	1.51989000e-04	-8.00581000e-01	-1.51797000e-04
3.24243112e+02	2026-08-24T16:23:32.784551	0.00000000e+00	1	46	-3.98159000e-05	1.76950000e-04	-8.50599000e-01	-1.75176000e-04
3.24264130e+02	2026-08-24T16:23:32.800284	0.00000000e+00	1	46	-3.81947000e-05	2.02862000e-04	-9.00649000e-01	-2.03238000e-04
3.24272197e+02	2026-08-24T16:23:32.800284	0.00000000e+00	1	46	-4.55618000e-05	2.30244000e-04	-9.50669000e-01	-2.29617000e-04
3.24284545e+02	2026-08-24T16:23:32.823680	0.00000000e+00	1	46	-4.13418000e-05	2.56753000e-04	-1.00073000e+00	-2.54613000e-04
3.24297147e+02	2026-08-24T16:23:32.834222	0.00000000e+00	1	46	-3.93629000e-05	2.55860000e-04	-1.05074000e+00	-2.36991000e-04
3.24310268e+02	2026-08-24T16:23:32.849971	0.00000000e+00	1	46	-4.96149000e-05	2.47705000e-04	-1.10080000e+00	-2.37077000e-04
3.24322493e+02	2026-08-24T16:23:32.863963	0.00000000e+00	1	46	-3.93629000e-05	2.17434000e-04	-1.15087000e+00	-2.06568000e-04
3.24350642e+02	2026-08-24T16:23:32.879732	0.00000000e+00	1	46	-3.54052000e-05	2.22984000e-04	-1.20086000e+00	-2.26448000e-04
3.24370501e+02	2026-08-24T16:23:32.911811	0.00000000e+00	1	46	-4.14371000e-05	2.08764000e-04	-1.25091000e+00	-2.03807000e-04
3.24396678e+02	2026-08-24T16:23:32.938320	0.00000000e+00	1	46	-4.49419000e-05	2.27579000e-04	-1.30094000e+00	-2.06287000e-04
3.24423681e+02	2026-08-24T16:23:32.959441	0.00000000e+00	1	46	-4.50373000e-05	2.03627000e-04	-1.35101000e+00	-1.99938000e-04
3.24449764e+02	2026-08-24T16:23:32.991050	0.00000000e+00	1	46	-4.86136000e-05	2.07286000e-04	-1.40100000e+00	-2.05536000e-04
3.24458604e+02	2026-08-24T16:23:32.991050	0.00000000e+00	1	46	-4.28677000e-05	1.99536000e-04	-1.45105000e+00	-1.96839000e-04
3.24484585e+02	2026-08-24T16:23:33.022918	0.00000000e+00	1	46	-5.31197000e-05	1.68389000e-04	-1.50107000e+00	-1.55235000e-04
3.24524395e+02	2026-08-24T16:23:33.062739	0.00000000e+00	1	46	-4.62770000e-05	1.76176000e-04	-1.55111000e+00	-1.79465000e-04
3.24545682e+02	2026-08-24T16:23:33.086689	0.00000000e+00	1	46	-4.24147000e-05	1.46006000e-04	-1.60110000e+00	-1.44386000e-04
3.24553632e+02	2026-08-24T16:23:33.086689	0.00000000e+00	1	46	-4.34160000e-05	1.85965000e-04	-1.65117000e+00	-1.75307000e-04
3.24561322e+02	2026-08-24T16:23:33.102806	0.00000000e+00	1	46	-3.06368000e-05	1.64841000e-04	-1.70119000e+00	-1.40657000e-04
3.24574634e+02	2026-08-24T16:23:33.111402	0.00000000e+00	1	46	-3.63112000e-05	1.72776000e-04	-1.75120000e+00	-1.46846000e-04
3.24613489e+02	2026-08-24T16:23:33.152858	0.00000000e+00	1	46	-4.17948000e-05	1.64581000e-04	-1.80123000e+00	-1.66299000e-04
3.24621991e+02	2026-08-24T16:23:33.161186	0.00000000e+00	1	46	-5.02348000e-05	1.62757000e-04	-1.85127000e+00	-1.67125000e-04
3.24641683e+02	2026-08-24T16:23:33.182642	0.00000000e+00	1	46	-3.90053000e-05	1.54930000e-04	-1.90130000e+00	-1.52231000e-04
3.24649532e+02	2026-08-24T16:23:33.182642	0.00000000e+00	1	46	-3.30687000e-05	2.12747000e-04	-1.95135000e+00	-1.85404000e-04
3.24657400e+02	2026-08-24T16:23:33.198772	0.00000000e+00	1	46	-5.23090000e-05	1.83525000e-04	-2.00134000e+00	-1.59351000e-04
3.24683334e+02	2026-08-24T16:23:33.221863	0.00000000e+00	1	46	-4.88043000e-05	2.00463000e-04	-2.05122000e+00	-1.92059000e-04
3.24706222e+02	2026-08-24T16:23:33.246556	0.00000000e+00	1	46	-3.77417000e-05	1.46535000e-04	-2.10124000e+00	-1.37398000e-04
3.24725846e+02	2026-08-24T16:23:33.267321	0.00000000e+00	1	46	-5.93185000e-05	1.93496000e-04	-2.15163000e+00	-1.69860000e-04
3.24733412e+02	2026-08-24T16:23:33.267321	0.00000000e+00	1	46	-3.86477000e-05	1.50956000e-04	-2.20150000e+00	-1.74858000e-04
3.24752318e+02	2026-08-24T16:23:33.293964	0.00000000e+00	1	46	-3.64780000e-05	1.50095000e-04	-2.25115000e+00	-1.53681000e-04
3.24775896e+02	2026-08-24T16:23:33.314475	0.00000000e+00	1	46	-4.39405000e-05	1.73352000e-04	-2.30134000e+00	-1.88844000e-04
3.24805135e+02	2026-08-24T16:23:33.344826	0.00000000e+00	1	46	-3.28779000e-05	1.71805000e-04	-2.35150000e+00	-1.63624000e-04
3.24831484e+02	2026-08-24T16:23:33.372851	0.00000000e+00	1	46	-3.64780000e-05	1.81108000e-04	-2.40168000e+00	-1.70653000e-04
3.24839273e+02	2026-08-24T16:23:33.372851	0.00000000e+00	1	46	-4.35829000e-05	2.21128000e-04	-2.45173000e+00	-1.87325000e-04
3.24867576e+02	2026-08-24T16:23:33.404449	0.00000000e+00	1	46	-4.14371000e-05	1.38220000e-04	-2.50192000e+00	-1.20319000e-04
3.24887904e+02	2026-08-24T16:23:33.427362	0.00000000e+00	1	46	-5.00679000e-05	1.34441000e-04	-2.50203000e+00	-1.27123000e-04
3.24916446e+02	2026-08-24T16:23:33.451802	0.00000000e+00	1	46	-4.40359000e-05	8.47591000e-05	-2.45147000e+00	-8.65437000e-05
3.24942711e+02	2026-08-24T16:23:33.484236	0.00000000e+00	1	46	-4.72784000e-05	6.34030000e-05	-2.40162000e+00	-6.53094000e-05
3.24975980e+02	2026-08-24T16:23:33.515566	0.00000000e+00	1	46	-3.81947000e-05	5.44320000e-05	-2.35148000e+00	-5.70612000e-05
3.24984232e+02	2026-08-24T16:23:33.515566	0.00000000e+00	1	46	-4.43935000e-05	4.78271000e-05	-2.30125000e+00	-4.81721000e-05
3.25009682e+02	2026-08-24T16:23:33.547121	0.00000000e+00	1	46	-4.38690000e-05	4.59847000e-05	-2.25142000e+00	-4.72730000e-05
3.25020656e+02	2026-08-24T16:23:33.547121	0.00000000e+00	1	46	-3.71933000e-05	3.84777000e-05	-2.20137000e+00	-4.10084000e-05
3.25051787e+02	2026-08-24T16:23:33.587370	0.00000000e+00	1	46	-4.28677000e-05	3.57962000e-05	-2.15159000e+00	-3.56779000e-05
3.25101228e+02	2026-08-24T16:23:33.642238	0.00000000e+00	1	46	-3.98159000e-05	3.31434000e-05	-2.10138000e+00	-3.27903000e-05
3.25111718e+02	2026-08-24T16:23:33.650267	0.00000000e+00	1	46	-3.72887000e-05	2.83100000e-05	-2.05146000e+00	-2.77884000e-05
3.25133099e+02	2026-08-24T16:23:33.673942	0.00000000e+00	1	46	-4.44889000e-05	2.55012000e-05	-2.00135000e+00	-2.56001000e-05
3.25141926e+02	2026-08-24T16:23:33.673942	0.00000000e+00	1	46	-4.62055000e-05	2.30720000e-05	-1.95134000e+00	-2.31734000e-05
3.25156364e+02	2026-08-24T16:23:33.697995	0.00000000e+00	1	46	-4.59194000e-05	2.02896000e-05	-1.90131000e+00	-2.05163000e-05
3.25179015e+02	2026-08-24T16:23:33.713232	0.00000000e+00	1	46	-4.11510000e-05	1.83797000e-05	-1.85128000e+00	-1.79966000e-05
3.25227672e+02	2026-08-24T16:23:33.768976	0.00000000e+00	1	46	-4.30584000e-05	1.62473000e-05	-1.80122000e+00	-1.61289000e-05
3.25235923e+02	2026-08-24T16:23:33.769698	0.00000000e+00	1	46	-1.83105000e-05	1.45903000e-05	-1.75123000e+00	-1.45540000e-05
3.25265514e+02	2026-08-24T16:23:33.805023	0.00000000e+00	1	46	-3.89099000e-05	1.31315000e-05	-1.70117000e+00	-1.31488000e-05
3.25293420e+02	2026-08-24T16:23:33.834345	0.00000000e+00	1	46	-4.26054000e-05	1.19721000e-05	-1.65117000e+00	-1.18693000e-05
3.25302946e+02	2026-08-24T16:23:33.841755	0.00000000e+00	1	46	-4.41313000e-05	1.05989000e-05	-1.60110000e+00	-1.06351000e-05
3.25322970e+02	2026-08-24T16:23:33.863895	0.00000000e+00	1	46	-3.25203000e-05	9.59271000e-06	-1.55111000e+00	-9.51906000e-06
3.25336604e+02	2026-08-24T16:23:33.863895	0.00000000e+00	1	46	-5.09500000e-05	8.53451000e-06	-1.50105000e+00	-8.53703000e-06
3.25379480e+02	2026-08-24T16:23:33.920386	0.00000000e+00	1	46	-5.55515000e-05	7.63576000e-06	-1.45105000e+00	-7.56948000e-06
3.25404983e+02	2026-08-24T16:23:33.945575	0.00000000e+00	1	46	-5.65290000e-05	6.94879000e-06	-1.40099000e+00	-6.98462000e-06
3.25425184e+02	2026-08-24T16:23:33.961322	0.00000000e+00	1	46	-4.23193000e-05	6.19522000e-06	-1.35100000e+00	-6.17992000e-06
3.25432916e+02	2026-08-24T16:23:33.961322	0.00000000e+00	1	46	-4.57525000e-05	5.57587000e-06	-1.30094000e+00	-5.54182000e-06
3.25486217e+02	2026-08-24T16:23:34.022729	0.00000000e+00	1	46	-4.27008000e-05	4.90674000e-06	-1.25091000e+00	-4.99657000e-06
3.25505638e+02	2026-08-24T16:23:34.046085	0.00000000e+00	1	46	-4.17948000e-05	4.49205000e-06	-1.20088000e+00	-4.49906000e-06
3.25523290e+02	2026-08-24T16:23:34.059856	0.00000000e+00	1	46	-4.87089000e-05	3.98109000e-06	-1.15085000e+00	-3.98205000e-06
3.25532416e+02	2026-08-24T16:23:34.071491	0.00000000e+00	1	46	-3.58582000e-05	3.55780000e-06	-1.10079000e+00	-3.53720000e-06
3.25540274e+02	2026-08-24T16:23:34.071491	0.00000000e+00	1	46	-4.03404000e-05	3.16106000e-06	-1.05076000e+00	-3.16784000e-06
3.25551008e+02	2026-08-24T16:23:34.089603	0.00000000e+00	1	46	-4.62055000e-05	2.82888000e-06	-1.00074000e+00	-2.80648000e-06
3.25577127e+02	2026-08-24T16:23:34.117207	0.00000000e+00	1	46	-4.36783000e-05	2.40232000e-06	-9.50689000e-01	-2.44460000e-06
3.25597909e+02	2026-08-24T16:23:34.134859	0.00000000e+00	1	46	-4.18901000e-05	2.19781000e-06	-9.00667000e-01	-2.16201000e-06
3.25622916e+02	2026-08-24T16:23:34.164300	0.00000000e+00	1	46	-5.07832000e-05	1.87079000e-06	-8.50583000e-01	-1.86764000e-06
3.25631034e+02	2026-08-24T16:23:34.164300	0.00000000e+00	1	46	-4.43935000e-05	1.61530000e-06	-8.00599000e-01	-1.60207000e-06
3.25656262e+02	2026-08-24T16:23:34.195823	0.00000000e+00	1	46	-3.99113000e-05	1.36138000e-06	-7.50559000e-01	-1.27272000e-06
3.25689314e+02	2026-08-24T16:23:34.229957	0.00000000e+00	1	46	-4.29630000e-05	1.08088000e-06	-7.00523000e-01	-1.07516000e-06
3.25701275e+02	2026-08-24T16:23:34.242853	0.00000000e+00	1	46	-4.16994000e-05	9.25975000e-07	-6.50467000e-01	-9.71778000e-07
3.25726741e+02	2026-08-24T16:23:34.259552	0.00000000e+00	1	46	-4.28677000e-05	8.31928000e-07	-6.00431000e-01	-8.28121000e-07
3.25765790e+02	2026-08-24T16:23:34.307237	0.00000000e+00	1	46	-4.52042000e-05	6.66257000e-07	-5.50397000e-01	-6.57124000e-07
3.25804148e+02	2026-08-24T16:23:34.344082	0.00000000e+00	1	46	-4.80890000e-05	5.90930000e-07	-5.00344000e-01	-5.91582000e-07
3.25812175e+02	2026-08-24T16:23:34.349247	0.00000000e+00	1	46	-5.47409000e-05	5.07075000e-07	-4.50316000e-01	-4.77945000e-07
3.25864438e+02	2026-08-24T16:23:34.404546	0.00000000e+00	1	46	-4.86136000e-05	3.90564000e-07	-4.00301000e-01	-3.98975000e-07
3.25885387e+02	2026-08-24T16:23:34.420371	0.00000000e+00	1	46	-4.84467000e-05	2.69270000e-07	-3.50250000e-01	-3.26608000e-07
3.25900919e+02	2026-08-24T16:23:34.438605	0.00000000e+00	1	46	-4.53949000e-05	3.62633000e-07	-3.00202000e-01	-3.44036000e-07
3.25924790e+02	2026-08-24T16:23:34.465880	0.00000000e+00	1	46	-4.67300000e-05	1.92877000e-07	-2.50146000e-01	-1.91574000e-07
3.25960151e+02	2026-08-24T16:23:34.501520	0.00000000e+00	1	46	-5.18560000e-05	9.59974000e-08	-2.00037000e-01	-9.32868000e-08
3.26063846e+02	2026-08-24T16:23:34.591892	0.00000000e+00	1	46	-2.98262000e-05	8.16192000e-08	-1.50016000e-01	-7.48439000e-08
3.26082772e+02	2026-08-24T16:23:34.623820	0.00000000e+00	1	46	-4.34160000e-05	4.17557000e-08	-9.99640000e-02	-3.95975000e-08
3.26120001e+02	2026-08-24T16:23:34.655518	0.00000000e+00	1	46	-3.90053000e-05	2.10901000e-08	-4.99272000e-02	-1.82359000e-08
3.26146750e+02	2026-08-24T16:23:34.687403	0.00000000e+00	1	46	-4.87089000e-05	1.67308000e-09	5.33819000e-05	-1.10788000e-09
3.30802171e+02	2026-08-24T16:23:39.344018	0.00000000e+00	1	47	-3.60250000e-05	-1.55288000e-09	5.97000000e-05	6.35329000e-09
3.30845846e+02	2026-08-24T16:23:39.384250	0.00000000e+00	1	47	-4.74453000e-05	1.98518000e-06	-4.99143000e-02	-1.98620000e-06
3.30870400e+02	2026-08-24T16:23:39.407474	0.00000000e+00	1	47	-4.60148000e-05	4.07913000e-06	-9.99598000e-02	-4.07894000e-06
3.30878600e+02	2026-08-24T16:23:39.407474	0.00000000e+00	1	47	-4.98772000e-05	6.35878000e-06	-1.49994000e-01	-6.36195000e-06
3.30894826e+02	2026-08-24T16:23:39.434115	0.00000000e+00	1	47	-5.06878000e-05	8.90922000e-06	-2.00026000e-01	-8.90176000e-06
3.30918174e+02	2026-08-24T16:23:39.455680	0.00000000e+00	1	47	-8.90017000e-05	1.17704000e-05	-2.50136000e-01	-1.17832000e-05
3.30945719e+02	2026-08-24T16:23:39.487604	0.00000000e+00	1	47	-4.90665000e-05	1.50780000e-05	-3.00197000e-01	-1.50799000e-05
3.30969623e+02	2026-08-24T16:23:39.510451	0.00000000e+00	1	47	-4.35829000e-05	1.88554000e-05	-3.50231000e-01	-1.88489000e-05
3.30999679e+02	2026-08-24T16:23:39.534581	0.00000000e+00	1	47	-4.61102000e-05	2.32817000e-05	-4.00286000e-01	-2.33101000e-05
3.31020902e+02	2026-08-24T16:23:39.560922	0.00000000e+00	1	47	-4.86136000e-05	2.84640000e-05	-4.50291000e-01	-2.85010000e-05
3.31041255e+02	2026-08-24T16:23:39.582267	0.00000000e+00	1	47	-4.47512000e-05	3.44896000e-05	-5.00359000e-01	-3.44968000e-05
3.31049870e+02	2026-08-24T16:23:39.582267	0.00000000e+00	1	47	-4.77314000e-05	4.17554000e-05	-5.50359000e-01	-4.17465000e-05
3.31074648e+02	2026-08-24T16:23:39.614100	0.00000000e+00	1	47	-4.25100000e-05	4.99134000e-05	-6.00412000e-01	-5.01416000e-05
3.31095442e+02	2026-08-24T16:23:39.637020	0.00000000e+00	1	47	-4.55618000e-05	6.01170000e-05	-6.50479000e-01	-6.05700000e-05
3.31117051e+02	2026-08-24T16:23:39.650683	0.00000000e+00	1	47	-4.48465000e-05	7.16197000e-05	-7.00492000e-01	-7.20349000e-05
3.31131191e+02	2026-08-24T16:23:39.671613	0.00000000e+00	1	47	-4.45843000e-05	8.58322000e-05	-7.50535000e-01	-8.66008000e-05
3.31151928e+02	2026-08-24T16:23:39.693004	0.00000000e+00	1	47	-4.27008000e-05	1.01286000e-04	-8.00589000e-01	-1.01282000e-04
3.31182153e+02	2026-08-24T16:23:39.722975	0.00000000e+00	1	47	-3.78370000e-05	1.20198000e-04	-8.50586000e-01	-1.18302000e-04
3.31231508e+02	2026-08-24T16:23:39.772764	0.00000000e+00	1	47	-4.31299000e-05	1.40039000e-04	-9.00661000e-01	-1.39786000e-04
3.31240400e+02	2026-08-24T16:23:39.772764	0.00000000e+00	1	47	-4.32253000e-05	1.64321000e-04	-9.50656000e-01	-1.63748000e-04
3.31265045e+02	2026-08-24T16:23:39.804704	0.00000000e+00	1	47	-4.07219000e-05	1.83784000e-04	-1.00070000e+00	-1.79771000e-04
3.31298301e+02	2026-08-24T16:23:39.836403	0.00000000e+00	1	47	-4.06265000e-05	2.02947000e-04	-1.05075000e+00	-1.98373000e-04
3.31327341e+02	2026-08-24T16:23:39.868969	0.00000000e+00	1	47	-4.05312000e-05	2.10787000e-04	-1.10080000e+00	-2.13631000e-04
3.31336299e+02	2026-08-24T16:23:39.868969	0.00000000e+00	1	47	-4.40359000e-05	2.31474000e-04	-1.15086000e+00	-2.27798000e-04
3.31350473e+02	2026-08-24T16:23:39.891816	0.00000000e+00	1	47	-3.36170000e-05	2.17028000e-04	-1.20084000e+00	-2.07000000e-04
3.31368824e+02	2026-08-24T16:23:39.907048	0.00000000e+00	1	47	-4.00782000e-05	2.22586000e-04	-1.25091000e+00	-2.11716000e-04
3.31393715e+02	2026-08-24T16:23:39.935102	0.00000000e+00	1	47	-4.28677000e-05	1.85542000e-04	-1.30091000e+00	-1.78429000e-04
3.31402865e+02	2026-08-24T16:23:39.935102	0.00000000e+00	1	47	-3.82900000e-05	2.00239000e-04	-1.35098000e+00	-1.90497000e-04
3.31425145e+02	2026-08-24T16:23:39.962524	0.00000000e+00	1	47	-3.47853000e-05	2.00099000e-04	-1.40099000e+00	-1.85903000e-04
3.31432845e+02	2026-08-24T16:23:39.962524	0.00000000e+00	1	47	-4.87089000e-05	1.80322000e-04	-1.45106000e+00	-1.84101000e-04
3.31446101e+02	2026-08-24T16:23:39.987500	0.00000000e+00	1	47	-3.55959000e-05	1.67811000e-04	-1.50107000e+00	-1.34019000e-04
3.31478732e+02	2026-08-24T16:23:40.012067	0.00000000e+00	1	47	-3.71218000e-05	1.49645000e-04	-1.55112000e+00	-1.32293000e-04
3.31492783e+02	2026-08-24T16:23:40.033685	0.00000000e+00	1	47	-3.67641000e-05	1.60150000e-04	-1.60111000e+00	-1.54082000e-04
3.31516677e+02	2026-08-24T16:23:40.057583	0.00000000e+00	1	47	-3.99113000e-05	1.17016000e-04	-1.65118000e+00	-1.15882000e-04
3.31524742e+02	2026-08-24T16:23:40.057583	0.00000000e+00	1	47	-3.08990000e-05	1.31042000e-04	-1.70117000e+00	-1.26423000e-04
3.31549982e+02	2026-08-24T16:23:40.089477	0.00000000e+00	1	47	-4.78983000e-05	1.13554000e-04	-1.75121000e+00	-1.18427000e-04
3.31580405e+02	2026-08-24T16:23:40.121264	0.00000000e+00	1	47	-4.43935000e-05	1.09115000e-04	-1.80125000e+00	-1.31438000e-04
3.31616843e+02	2026-08-24T16:23:40.153153	0.00000000e+00	1	47	-3.69310000e-05	1.37164000e-04	-1.85128000e+00	-1.44618000e-04
3.31624348e+02	2026-08-24T16:23:40.153153	0.00000000e+00	1	47	-3.57628000e-05	1.31435000e-04	-1.90130000e+00	-1.32165000e-04
3.31649170e+02	2026-08-24T16:23:40.188809	0.00000000e+00	1	47	-5.05209000e-05	1.11523000e-04	-1.95136000e+00	-1.14671000e-04
3.31668476e+02	2026-08-24T16:23:40.209824	0.00000000e+00	1	47	-3.89099000e-05	1.34363000e-04	-2.00136000e+00	-1.35472000e-04
3.31700400e+02	2026-08-24T16:23:40.240774	0.00000000e+00	1	47	-2.94685000e-05	1.27858000e-04	-2.05126000e+00	-1.31170000e-04
3.31722961e+02	2026-08-24T16:23:40.263823	0.00000000e+00	1	47	-5.29289000e-05	1.14539000e-04	-2.10118000e+00	-1.01689000e-04
3.31752338e+02	2026-08-24T16:23:40.289919	0.00000000e+00	1	47	-3.61204000e-05	1.40764000e-04	-2.15136000e+00	-1.58569000e-04
3.31802727e+02	2026-08-24T16:23:40.343692	0.00000000e+00	1	47	-4.52995000e-05	1.27678000e-04	-2.20154000e+00	-1.31829000e-04
3.31811298e+02	2026-08-24T16:23:40.343692	0.00000000e+00	1	47	-3.71218000e-05	1.68319000e-04	-2.25141000e+00	-1.52730000e-04
3.31836142e+02	2026-08-24T16:23:40.375475	0.00000000e+00	1	47	-4.56572000e-05	1.37477000e-04	-2.30118000e+00	-1.38109000e-04
3.31859074e+02	2026-08-24T16:23:40.398401	0.00000000e+00	1	47	-3.94583000e-05	1.55770000e-04	-2.35161000e+00	-1.61093000e-04
3.31876640e+02	2026-08-24T16:23:40.408850	0.00000000e+00	1	47	-3.46899000e-05	1.56184000e-04	-2.40145000e+00	-1.43886000e-04
3.31897681e+02	2026-08-24T16:23:40.438683	0.00000000e+00	1	47	-4.46558000e-05	9.80105000e-05	-2.45162000e+00	-1.19765000e-04
3.31907880e+02	2026-08-24T16:23:40.448796	0.00000000e+00	1	47	-4.74453000e-05	1.48604000e-04	-2.50151000e+00	-1.76027000e-04
3.31917145e+02	2026-08-24T16:23:40.454493	0.00000000e+00	1	47	-3.21627000e-05	1.60535000e-04	-2.50159000e+00	-1.16172000e-04
3.31953304e+02	2026-08-24T16:23:40.489213	0.00000000e+00	1	47	-4.08888000e-05	1.03536000e-04	-2.45127000e+00	-8.20938000e-05
3.31983816e+02	2026-08-24T16:23:40.519662	0.00000000e+00	1	47	-4.72784000e-05	7.75844000e-05	-2.40164000e+00	-7.74558000e-05
3.32009333e+02	2026-08-24T16:23:40.550283	0.00000000e+00	1	47	-4.39405000e-05	5.54533000e-05	-2.35145000e+00	-5.53411000e-05
3.32017256e+02	2026-08-24T16:23:40.550283	0.00000000e+00	1	47	-4.86136000e-05	4.98495000e-05	-2.30121000e+00	-4.97588000e-05
3.32024758e+02	2026-08-24T16:23:40.566346	0.00000000e+00	1	47	-4.01735000e-05	4.16112000e-05	-2.25118000e+00	-4.25669000e-05
3.32077089e+02	2026-08-24T16:23:40.614007	0.00000000e+00	1	47	-4.29630000e-05	3.78581000e-05	-2.20145000e+00	-3.75758000e-05
3.32103962e+02	2026-08-24T16:23:40.645413	0.00000000e+00	1	47	-4.17948000e-05	3.22503000e-05	-2.15152000e+00	-3.22074000e-05
3.32111879e+02	2026-08-24T16:23:40.645413	0.00000000e+00	1	47	-4.56572000e-05	2.80432000e-05	-2.10132000e+00	-2.80696000e-05
3.32119509e+02	2026-08-24T16:23:40.661335	0.00000000e+00	1	47	-4.23193000e-05	2.48738000e-05	-2.05130000e+00	-2.46747000e-05
3.32142980e+02	2026-08-24T16:23:40.677358	0.00000000e+00	1	47	-4.44889000e-05	2.14982000e-05	-2.00136000e+00	-2.17636000e-05
3.32152520e+02	2026-08-24T16:23:40.694111	0.00000000e+00	1	47	-4.30584000e-05	1.91899000e-05	-1.95133000e+00	-1.88655000e-05
3.32189272e+02	2026-08-24T16:23:40.727082	0.00000000e+00	1	47	-4.88997000e-05	1.68437000e-05	-1.90131000e+00	-1.67726000e-05
3.32197023e+02	2026-08-24T16:23:40.734218	0.00000000e+00	1	47	-4.62770000e-05	1.49382000e-05	-1.85129000e+00	-1.50677000e-05
3.32215910e+02	2026-08-24T16:23:40.756895	0.00000000e+00	1	47	-4.37737000e-05	1.32241000e-05	-1.80121000e+00	-1.33311000e-05
3.32250592e+02	2026-08-24T16:23:40.790341	0.00000000e+00	1	47	-4.92573000e-05	1.17377000e-05	-1.75122000e+00	-1.16846000e-05
3.32281209e+02	2026-08-24T16:23:40.821843	0.00000000e+00	1	47	-4.27008000e-05	1.03664000e-05	-1.70118000e+00	-1.03492000e-05
3.32288892e+02	2026-08-24T16:23:40.825079	0.00000000e+00	1	47	-3.47853000e-05	9.27822000e-06	-1.65116000e+00	-9.21490000e-06
3.32310679e+02	2026-08-24T16:23:40.851679	0.00000000e+00	1	47	-5.04255000e-05	8.19465000e-06	-1.60112000e+00	-8.19489000e-06
3.32363826e+02	2026-08-24T16:23:40.900040	0.00000000e+00	1	47	-5.53608000e-05	7.29595000e-06	-1.55109000e+00	-7.29665000e-06
3.32389987e+02	2026-08-24T16:23:40.931357	0.00000000e+00	1	47	-5.44786000e-05	6.53010000e-06	-1.50106000e+00	-6.51203000e-06
3.32397571e+02	2026-08-24T16:23:40.931357	0.00000000e+00	1	47	-4.74453000e-05	5.76395000e-06	-1.45105000e+00	-5.75468000e-06
3.32405035e+02	2026-08-24T16:23:40.931357	0.00000000e+00	1	47	-5.31197000e-05	5.07744000e-06	-1.40099000e+00	-5.18739000e-06
3.32445508e+02	2026-08-24T16:23:40.983637	0.00000000e+00	1	47	-6.21080000e-05	4.54888000e-06	-1.35101000e+00	-4.53568000e-06
3.32460429e+02	2026-08-24T16:23:40.996894	0.00000000e+00	1	47	-5.29289000e-05	3.91499000e-06	-1.30093000e+00	-3.93562000e-06
3.32469317e+02	2026-08-24T16:23:41.010563	0.00000000e+00	1	47	-4.82559000e-05	3.45592000e-06	-1.25091000e+00	-3.42902000e-06
3.32490207e+02	2026-08-24T16:23:41.026668	0.00000000e+00	1	47	-4.27723000e-05	3.00889000e-06	-1.20086000e+00	-2.97176000e-06
3.32497464e+02	2026-08-24T16:23:41.026668	0.00000000e+00	1	47	-5.14984000e-05	2.59001000e-06	-1.15087000e+00	-2.58394000e-06
3.32526575e+02	2026-08-24T16:23:41.066041	0.00000000e+00	1	47	-4.57525000e-05	2.28085000e-06	-1.10082000e+00	-2.26655000e-06
3.32540747e+02	2026-08-24T16:23:41.082301	0.00000000e+00	1	47	-4.87089000e-05	1.93721000e-06	-1.05073000e+00	-1.92978000e-06
3.32556295e+02	2026-08-24T16:23:41.097168	0.00000000e+00	1	47	-5.59092000e-05	1.66111000e-06	-1.00071000e+00	-1.64366000e-06
3.32579975e+02	2026-08-24T16:23:41.120987	0.00000000e+00	1	47	-5.12362000e-05	1.41842000e-06	-9.50679000e-01	-1.43176000e-06
3.32588870e+02	2026-08-24T16:23:41.120987	0.00000000e+00	1	47	-4.61102000e-05	1.18328000e-06	-9.00661000e-01	-1.18910000e-06
3.32621542e+02	2026-08-24T16:23:41.161085	0.00000000e+00	1	47	-5.10454000e-05	9.42666000e-07	-8.50585000e-01	-9.42383000e-07
3.32639926e+02	2026-08-24T16:23:41.181043	0.00000000e+00	1	47	-5.50985000e-05	7.92489000e-07	-8.00588000e-01	-7.92762000e-07
3.32659319e+02	2026-08-24T16:23:41.200301	0.00000000e+00	1	47	-4.45843000e-05	6.27743000e-07	-7.50534000e-01	-6.31766000e-07
3.32671147e+02	2026-08-24T16:23:41.205272	0.00000000e+00	1	47	-4.91619000e-05	5.15151000e-07	-7.00526000e-01	-5.16419000e-07
3.32690571e+02	2026-08-24T16:23:41.231905	0.00000000e+00	1	47	-4.69208000e-05	4.18077000e-07	-6.50430000e-01	-4.11687000e-07
3.32698159e+02	2026-08-24T16:23:41.239976	0.00000000e+00	1	47	-4.38690000e-05	3.32900000e-07	-6.00450000e-01	-3.30804000e-07
3.32707425e+02	2026-08-24T16:23:41.247600	0.00000000e+00	1	47	-4.32253000e-05	2.55737000e-07	-5.50385000e-01	-2.55851000e-07
3.32742754e+02	2026-08-24T16:23:41.281239	0.00000000e+00	1	47	-4.52995000e-05	1.94960000e-07	-5.00331000e-01	-1.96706000e-07
3.32760113e+02	2026-08-24T16:23:41.299064	0.00000000e+00	1	47	-4.27008000e-05	1.53932000e-07	-4.50288000e-01	-1.52270000e-07
3.32771661e+02	2026-08-24T16:23:41.311680	0.00000000e+00	1	47	-4.42982000e-05	1.16051000e-07	-4.00309000e-01	-1.16701000e-07
3.32791012e+02	2026-08-24T16:23:41.327090	0.00000000e+00	1	47	-5.23090000e-05	8.66552000e-08	-3.50235000e-01	-8.43043000e-08
3.32893829e+02	2026-08-24T16:23:41.421892	0.00000000e+00	1	47	-4.20570000e-05	7.79302000e-08	-3.00221000e-01	-7.31503000e-08
3.32908939e+02	2026-08-24T16:23:41.447819	0.00000000e+00	1	47	-3.36885000e-05	6.00634000e-08	-2.50160000e-01	-5.61032000e-08
3.32918214e+02	2026-08-24T16:23:41.456937	0.00000000e+00	1	47	-4.43935000e-05	4.49462000e-08	-2.00034000e-01	-4.12785000e-08
3.32927674e+02	2026-08-24T16:23:41.469247	0.00000000e+00	1	47	-4.13418000e-05	3.15238000e-08	-1.49991000e-01	-2.20590000e-08
3.32956388e+02	2026-08-24T16:23:41.497680	0.00000000e+00	1	47	-4.63724000e-05	1.74652000e-08	-9.99641000e-02	-1.60484000e-08
3.32975355e+02	2026-08-24T16:23:41.516741	0.00000000e+00	1	47	-4.26054000e-05	6.26491000e-09	-4.99155000e-02	-5.89485000e-09
3.32982804e+02	2026-08-24T16:23:41.517333	0.00000000e+00	1	47	-3.89099000e-05	3.99003000e-09	5.70774000e-05	-2.78460000e-09
3.37869590e+02	2026-08-24T16:23:46.403451	0.00000000e+00	1	48	-4.06265000e-05	-1.33811000e-09	6.33717000e-05	3.66675000e-09
3.37877652e+02	2026-08-24T16:23:46.419493	0.00000000e+00	1	48	-4.25100000e-05	1.42519000e-06	-4.99150000e-02	-1.41694000e-06
3.37920827e+02	2026-08-24T16:23:46.461443	0.00000000e+00	1	48	-4.33207000e-05	2.94231000e-06	-9.99529000e-02	-2.93154000e-06
3.37930378e+02	2026-08-24T16:23:46.469805	0.00000000e+00	1	48	-4.79937000e-05	4.57779000e-06	-1.49988000e-01	-4.57404000e-06
3.37961392e+02	2026-08-24T16:23:46.501001	0.00000000e+00	1	48	-4.68254000e-05	6.40575000e-06	-2.00023000e-01	-6.40004000e-06
3.37989549e+02	2026-08-24T16:23:46.529890	0.00000000e+00	1	48	-4.44889000e-05	8.43050000e-06	-2.50148000e-01	-8.45728000e-06
3.37997486e+02	2026-08-24T16:23:46.533326	0.00000000e+00	1	48	-8.86440000e-05	1.08021000e-05	-3.00173000e-01	-1.07667000e-05
3.38020732e+02	2026-08-24T16:23:46.561741	0.00000000e+00	1	48	-4.46558000e-05	1.35200000e-05	-3.50227000e-01	-1.35284000e-05
3.38061052e+02	2026-08-24T16:23:46.601507	0.00000000e+00	1	48	-4.35829000e-05	1.67171000e-05	-4.00294000e-01	-1.67157000e-05
3.38087674e+02	2026-08-24T16:23:46.624809	0.00000000e+00	1	48	-4.55618000e-05	2.04921000e-05	-4.50308000e-01	-2.05078000e-05
3.38097083e+02	2026-08-24T16:23:46.635038	0.00000000e+00	1	48	-4.46558000e-05	2.48978000e-05	-5.00366000e-01	-2.48794000e-05
3.38120018e+02	2026-08-24T16:23:46.656528	0.00000000e+00	1	48	-4.34876000e-05	3.01342000e-05	-5.50396000e-01	-3.01009000e-05
3.38131180e+02	2026-08-24T16:23:46.672963	0.00000000e+00	1	48	-4.76360000e-05	3.62303000e-05	-6.00457000e-01	-3.62152000e-05
3.38182389e+02	2026-08-24T16:23:46.719800	0.00000000e+00	1	48	-4.40359000e-05	4.32140000e-05	-6.50440000e-01	-4.32369000e-05
3.38210221e+02	2026-08-24T16:23:46.751642	0.00000000e+00	1	48	-4.31299000e-05	5.11523000e-05	-7.00507000e-01	-5.10011000e-05
3.38218383e+02	2026-08-24T16:23:46.751642	0.00000000e+00	1	48	-4.68254000e-05	6.03417000e-05	-7.50538000e-01	-6.04050000e-05
3.38245144e+02	2026-08-24T16:23:46.783496	0.00000000e+00	1	48	-4.88043000e-05	7.06906000e-05	-8.00603000e-01	-7.08965000e-05
3.38282708e+02	2026-08-24T16:23:46.815361	0.00000000e+00	1	48	-3.91722000e-05	8.04050000e-05	-8.50591000e-01	-8.03626000e-05
3.38305119e+02	2026-08-24T16:23:46.846470	0.00000000e+00	1	48	-4.75407000e-05	9.14553000e-05	-9.00649000e-01	-9.21309000e-05
3.38314158e+02	2026-08-24T16:23:46.846470	0.00000000e+00	1	48	-4.68254000e-05	9.97641000e-05	-9.50696000e-01	-9.89688000e-05
3.38337235e+02	2026-08-24T16:23:46.878634	0.00000000e+00	1	48	-5.10454000e-05	9.41848000e-05	-1.00072000e+00	-9.20737000e-05
3.38376439e+02	2026-08-24T16:23:46.918371	0.00000000e+00	1	48	-4.41313000e-05	1.04834000e-04	-1.05074000e+00	-1.00714000e-04
3.38397374e+02	2026-08-24T16:23:46.934910	0.00000000e+00	1	48	-4.28677000e-05	1.07167000e-04	-1.10080000e+00	-8.28831000e-05
3.38420084e+02	2026-08-24T16:23:46.956795	0.00000000e+00	1	48	-5.07832000e-05	8.34878000e-05	-1.15086000e+00	-7.89361000e-05
3.38430209e+02	2026-08-24T16:23:46.956795	0.00000000e+00	1	48	-5.50985000e-05	9.86966000e-05	-1.20086000e+00	-9.05103000e-05
3.38471033e+02	2026-08-24T16:23:47.008706	0.00000000e+00	1	48	-5.29289000e-05	9.14510000e-05	-1.25089000e+00	-8.96065000e-05
3.38504111e+02	2026-08-24T16:23:47.036227	0.00000000e+00	1	48	-4.66347000e-05	8.55945000e-05	-1.30094000e+00	-8.21858000e-05
3.38526940e+02	2026-08-24T16:23:47.067985	0.00000000e+00	1	48	-5.09500000e-05	8.53858000e-05	-1.35098000e+00	-8.21934000e-05
3.38535215e+02	2026-08-24T16:23:47.067985	0.00000000e+00	1	48	-4.56572000e-05	8.79789000e-05	-1.40098000e+00	-8.90326000e-05
3.38562428e+02	2026-08-24T16:23:47.102253	0.00000000e+00	1	48	-3.45945000e-05	7.43317000e-05	-1.45102000e+00	-7.08522000e-05
3.38573493e+02	2026-08-24T16:23:47.110564	0.00000000e+00	1	48	-4.52995000e-05	9.11709000e-05	-1.50105000e+00	-5.98851000e-05
3.38622586e+02	2026-08-24T16:23:47.163568	0.00000000e+00	1	48	-4.44889000e-05	9.38255000e-05	-1.55112000e+00	-8.87307000e-05
3.38630515e+02	2026-08-24T16:23:47.163568	0.00000000e+00	1	48	-4.17948000e-05	8.58251000e-05	-1.60113000e+00	-8.33225000e-05
3.38658598e+02	2026-08-24T16:23:47.199113	0.00000000e+00	1	48	-4.82559000e-05	6.19023000e-05	-1.65119000e+00	-5.58750000e-05
3.38676881e+02	2026-08-24T16:23:47.213139	0.00000000e+00	1	48	-4.87089000e-05	6.36122000e-05	-1.70119000e+00	-6.43330000e-05
3.38703190e+02	2026-08-24T16:23:47.242847	0.00000000e+00	1	48	-4.34160000e-05	6.26094000e-05	-1.75123000e+00	-6.44509000e-05
3.38715133e+02	2026-08-24T16:23:47.253113	0.00000000e+00	1	48	-4.27723000e-05	8.02688000e-05	-1.80122000e+00	-7.16776000e-05
3.38738276e+02	2026-08-24T16:23:47.274614	0.00000000e+00	1	48	-4.52995000e-05	7.49119000e-05	-1.85130000e+00	-6.67237000e-05
3.38746029e+02	2026-08-24T16:23:47.274614	0.00000000e+00	1	48	-4.23193000e-05	6.98304000e-05	-1.90129000e+00	-7.17771000e-05
3.38771343e+02	2026-08-24T16:23:47.306008	0.00000000e+00	1	48	-4.46558000e-05	6.71871000e-05	-1.95135000e+00	-6.25030000e-05
3.38797645e+02	2026-08-24T16:23:47.337857	0.00000000e+00	1	48	-5.11408000e-05	6.71619000e-05	-2.00135000e+00	-7.04054000e-05
3.38828370e+02	2026-08-24T16:23:47.369657	0.00000000e+00	1	48	-4.68254000e-05	6.92606000e-05	-2.05122000e+00	-6.46125000e-05
3.38836309e+02	2026-08-24T16:23:47.372242	0.00000000e+00	1	48	-4.00782000e-05	7.33260000e-05	-2.10118000e+00	-6.57780000e-05
3.38843882e+02	2026-08-24T16:23:47.385577	0.00000000e+00	1	48	-4.95195000e-05	7.95647000e-05	-2.15137000e+00	-6.42454000e-05
3.38892215e+02	2026-08-24T16:23:47.433208	0.00000000e+00	1	48	-4.78983000e-05	6.66558000e-05	-2.20147000e+00	-7.50019000e-05
3.38919916e+02	2026-08-24T16:23:47.457593	0.00000000e+00	1	48	-4.35829000e-05	8.87696000e-05	-2.25127000e+00	-9.43715000e-05
3.38939815e+02	2026-08-24T16:23:47.480715	0.00000000e+00	1	48	-5.27620000e-05	8.73289000e-05	-2.30113000e+00	-7.68484000e-05
3.38947857e+02	2026-08-24T16:23:47.480715	0.00000000e+00	1	48	-4.70161000e-05	1.09099000e-04	-2.35160000e+00	-9.02690000e-05
3.38963972e+02	2026-08-24T16:23:47.505640	0.00000000e+00	1	48	-4.63724000e-05	1.05704000e-04	-2.40175000e+00	-9.37643000e-05
3.39000299e+02	2026-08-24T16:23:47.537066	0.00000000e+00	1	48	-4.28677000e-05	1.23702000e-04	-2.45153000e+00	-1.19127000e-04
3.39027761e+02	2026-08-24T16:23:47.566322	0.00000000e+00	1	48	-4.97818000e-05	1.30726000e-04	-2.50167000e+00	-1.39083000e-04
3.39034801e+02	2026-08-24T16:23:47.575656	0.00000000e+00	1	48	-5.04255000e-05	1.22856000e-04	-2.50182000e+00	-1.19164000e-04
3.39090281e+02	2026-08-24T16:23:47.631996	0.00000000e+00	1	48	-4.58479000e-05	7.57098000e-05	-2.45152000e+00	-7.14463000e-05
3.39114502e+02	2026-08-24T16:23:47.655138	0.00000000e+00	1	48	-4.60148000e-05	5.50254000e-05	-2.40165000e+00	-5.30215000e-05
3.39122563e+02	2026-08-24T16:23:47.664498	0.00000000e+00	1	48	-4.50373000e-05	4.57564000e-05	-2.35150000e+00	-4.36411000e-05
3.39145504e+02	2026-08-24T16:23:47.687028	0.00000000e+00	1	48	-4.31299000e-05	3.64176000e-05	-2.30133000e+00	-3.58794000e-05
3.39152972e+02	2026-08-24T16:23:47.687028	0.00000000e+00	1	48	-4.74453000e-05	2.98376000e-05	-2.25138000e+00	-2.97659000e-05
3.39160361e+02	2026-08-24T16:23:47.687028	0.00000000e+00	1	48	-4.60148000e-05	2.49580000e-05	-2.20157000e+00	-2.53182000e-05
3.39200565e+02	2026-08-24T16:23:47.742451	0.00000000e+00	1	48	-4.56572000e-05	2.21210000e-05	-2.15163000e+00	-2.19761000e-05
3.39233542e+02	2026-08-24T16:23:47.773151	0.00000000e+00	1	48	-4.33207000e-05	1.87178000e-05	-2.10110000e+00	-1.87407000e-05
3.39256531e+02	2026-08-24T16:23:47.798017	0.00000000e+00	1	48	-5.20468000e-05	1.64737000e-05	-2.05120000e+00	-1.64626000e-05
3.39264642e+02	2026-08-24T16:23:47.798017	0.00000000e+00	1	48	-5.21421000e-05	1.45183000e-05	-2.00137000e+00	-1.44871000e-05
3.39272534e+02	2026-08-24T16:23:47.813913	0.00000000e+00	1	48	-5.52893000e-05	1.28821000e-05	-1.95134000e+00	-1.29327000e-05
3.39314529e+02	2026-08-24T16:23:47.855294	0.00000000e+00	1	48	-4.74453000e-05	1.14960000e-05	-1.90130000e+00	-1.14981000e-05
3.39343200e+02	2026-08-24T16:23:47.884710	0.00000000e+00	1	48	-4.48465000e-05	1.00623000e-05	-1.85128000e+00	-1.01251000e-05
3.39351734e+02	2026-08-24T16:23:47.893133	0.00000000e+00	1	48	-4.95195000e-05	9.07320000e-06	-1.80124000e+00	-8.99167000e-06
3.39376590e+02	2026-08-24T16:23:47.909838	0.00000000e+00	1	48	-5.67198000e-05	8.04513000e-06	-1.75123000e+00	-8.07353000e-06
3.39409915e+02	2026-08-24T16:23:47.951084	0.00000000e+00	1	48	-5.76973000e-05	7.23867000e-06	-1.70118000e+00	-7.23036000e-06
3.39435893e+02	2026-08-24T16:23:47.973220	0.00000000e+00	1	48	-6.33717000e-05	6.38393000e-06	-1.65114000e+00	-6.37833000e-06
3.39446469e+02	2026-08-24T16:23:47.973220	0.00000000e+00	1	48	-5.58138000e-05	5.71333000e-06	-1.60112000e+00	-5.68620000e-06
3.39468900e+02	2026-08-24T16:23:48.004860	0.00000000e+00	1	48	-5.60045000e-05	5.07926000e-06	-1.55112000e+00	-5.07690000e-06
3.39476729e+02	2026-08-24T16:23:48.004860	0.00000000e+00	1	48	-5.25713000e-05	4.51684000e-06	-1.50106000e+00	-4.51751000e-06
3.39529509e+02	2026-08-24T16:23:48.068366	0.00000000e+00	1	48	-4.86136000e-05	4.01270000e-06	-1.45103000e+00	-3.99889000e-06
3.39550288e+02	2026-08-24T16:23:48.091255	0.00000000e+00	1	48	-5.46455000e-05	3.57296000e-06	-1.40099000e+00	-3.56688000e-06
3.39575201e+02	2026-08-24T16:23:48.116654	0.00000000e+00	1	48	-4.83513000e-05	3.12515000e-06	-1.35098000e+00	-3.11926000e-06
3.39606704e+02	2026-08-24T16:23:48.147916	0.00000000e+00	1	48	-5.01633000e-05	2.74084000e-06	-1.30092000e+00	-2.74747000e-06
3.39616692e+02	2026-08-24T16:23:48.157270	0.00000000e+00	1	48	-4.55618000e-05	2.40444000e-06	-1.25090000e+00	-2.40219000e-06
3.39635854e+02	2026-08-24T16:23:48.172229	0.00000000e+00	1	48	-5.35727000e-05	2.11178000e-06	-1.20086000e+00	-2.11580000e-06
3.39659250e+02	2026-08-24T16:23:48.195900	0.00000000e+00	1	48	-5.40972000e-05	1.83056000e-06	-1.15085000e+00	-1.82229000e-06
3.39667139e+02	2026-08-24T16:23:48.195900	0.00000000e+00	1	48	-5.01633000e-05	1.60042000e-06	-1.10081000e+00	-1.59656000e-06
3.39686654e+02	2026-08-24T16:23:48.228038	0.00000000e+00	1	48	-4.40359000e-05	1.35256000e-06	-1.05073000e+00	-1.35084000e-06
3.39713570e+02	2026-08-24T16:23:48.255178	0.00000000e+00	1	48	-5.17607000e-05	1.13847000e-06	-1.00072000e+00	-1.11480000e-06
3.39732048e+02	2026-08-24T16:23:48.265362	0.00000000e+00	1	48	-4.84467000e-05	9.23417000e-07	-9.50666000e-01	-9.21532000e-07
3.39782308e+02	2026-08-24T16:23:48.323847	0.00000000e+00	1	48	-4.65631000e-05	7.59259000e-07	-9.00648000e-01	-7.61082000e-07
3.39790872e+02	2026-08-24T16:23:48.323847	0.00000000e+00	1	48	-4.92573000e-05	6.36960000e-07	-8.50590000e-01	-6.36811000e-07
3.39819266e+02	2026-08-24T16:23:48.354862	0.00000000e+00	1	48	-5.57184000e-05	5.02704000e-07	-8.00587000e-01	-5.05398000e-07
3.39853911e+02	2026-08-24T16:23:48.386588	0.00000000e+00	1	48	-4.97103000e-05	4.14487000e-07	-7.50531000e-01	-4.13631000e-07
3.39875089e+02	2026-08-24T16:23:48.416624	0.00000000e+00	1	48	-5.45502000e-05	3.35042000e-07	-7.00503000e-01	-3.32071000e-07
3.39898046e+02	2026-08-24T16:23:48.434137	0.00000000e+00	1	48	-5.67198000e-05	2.58857000e-07	-6.50444000e-01	-2.58347000e-07
3.39908706e+02	2026-08-24T16:23:48.449920	0.00000000e+00	1	48	-4.91619000e-05	2.03102000e-07	-6.00416000e-01	-2.04752000e-07
3.39946955e+02	2026-08-24T16:23:48.484694	0.00000000e+00	1	48	-5.11408000e-05	1.54670000e-07	-5.50407000e-01	-1.51853000e-07
3.39972674e+02	2026-08-24T16:23:48.513676	0.00000000e+00	1	48	-4.65631000e-05	1.13665000e-07	-5.00352000e-01	-1.13224000e-07
3.39980887e+02	2026-08-24T16:23:48.513676	0.00000000e+00	1	48	-5.68151000e-05	8.05905000e-08	-4.50284000e-01	-8.16893000e-08
3.40083767e+02	2026-08-24T16:23:48.625027	0.00000000e+00	1	48	-3.90053000e-05	7.27921000e-08	-4.00315000e-01	-5.95459000e-08
3.40115285e+02	2026-08-24T16:23:48.656381	0.00000000e+00	1	48	-4.34876000e-05	4.74341000e-08	-3.50243000e-01	-4.08248000e-08
3.40168471e+02	2026-08-24T16:23:48.705863	0.00000000e+00	1	48	-4.31299000e-05	3.48279000e-08	-3.00218000e-01	-3.18668000e-08
3.40176870e+02	2026-08-24T16:23:48.718621	0.00000000e+00	1	48	-4.30584000e-05	2.42100000e-08	-2.50138000e-01	-1.73908000e-08
3.40203887e+02	2026-08-24T16:23:48.745622	0.00000000e+00	1	48	-4.67300000e-05	1.18809000e-08	-2.00035000e-01	-1.13553000e-08
3.40236109e+02	2026-08-24T16:23:48.777647	0.00000000e+00	1	48	-4.51088000e-05	5.39436000e-09	-1.49994000e-01	-5.23183000e-09
3.40258712e+02	2026-08-24T16:23:48.798558	0.00000000e+00	1	48	-4.79937000e-05	3.15357000e-09	-9.99595000e-02	-2.39960000e-09
3.40278119e+02	2026-08-24T16:23:48.814295	0.00000000e+00	1	48	-4.49419000e-05	1.34202000e-09	-4.99199000e-02	-1.17137000e-09
3.40286492e+02	2026-08-24T16:23:48.814295	0.00000000e+00	1	48	-4.48465000e-05	6.72555000e-10	6.30140000e-05	-5.25200000e-10
3.45076279e+02	2026-08-24T16:23:53.609966	0.00000000e+00	1	49	-3.64780000e-05	-9.60791000e-10	6.06775000e-05	2.45986000e-09
3.45109346e+02	2026-08-24T16:23:53.650285	0.00000000e+00	1	49	-3.36885000e-05	1.00421000e-06	-4.99209000e-02	-1.00080000e-06
3.45136387e+02	2026-08-24T16:23:53.673741	0.00000000e+00	1	49	-4.39405000e-05	2.04903000e-06	-9.99617000e-02	-2.04798000e-06
3.45165263e+02	2026-08-24T16:23:53.706744	0.00000000e+00	1	49	-4.71830000e-05	3.18517000e-06	-1.50000000e-01	-3.18529000e-06
3.45176385e+02	2026-08-24T16:23:53.715219	0.00000000e+00	1	49	-4.86136000e-05	4.46055000e-06	-2.00030000e-01	-4.45170000e-06
3.45194700e+02	2026-08-24T16:23:53.736177	0.00000000e+00	1	49	-3.94583000e-05	5.89652000e-06	-2.50159000e-01	-5.89429000e-06
3.45202930e+02	2026-08-24T16:23:53.736177	0.00000000e+00	1	49	-4.36783000e-05	7.56607000e-06	-3.00212000e-01	-7.57232000e-06
3.45229351e+02	2026-08-24T16:23:53.769883	0.00000000e+00	1	49	-4.57525000e-05	9.52069000e-06	-3.50235000e-01	-9.51728000e-06
3.45238322e+02	2026-08-24T16:23:53.776282	0.00000000e+00	1	49	-8.63075000e-05	1.18570000e-05	-4.00262000e-01	-1.18188000e-05
3.45250957e+02	2026-08-24T16:23:53.792627	0.00000000e+00	1	49	-3.73840000e-05	1.46117000e-05	-4.50298000e-01	-1.46085000e-05
3.45282993e+02	2026-08-24T16:23:53.822267	0.00000000e+00	1	49	-4.10795000e-05	1.78495000e-05	-5.00363000e-01	-1.78722000e-05
3.45305605e+02	2026-08-24T16:23:53.847016	0.00000000e+00	1	49	-4.58479000e-05	2.16712000e-05	-5.50389000e-01	-2.16851000e-05
3.45314483e+02	2026-08-24T16:23:53.847016	0.00000000e+00	1	49	-4.14371000e-05	2.61358000e-05	-6.00448000e-01	-2.61221000e-05
3.45348811e+02	2026-08-24T16:23:53.880247	0.00000000e+00	1	49	-4.04358000e-05	3.11314000e-05	-6.50437000e-01	-3.11694000e-05
3.45361802e+02	2026-08-24T16:23:53.894911	0.00000000e+00	1	49	-3.77417000e-05	3.70655000e-05	-7.00498000e-01	-3.71773000e-05
3.45387089e+02	2026-08-24T16:23:53.928406	0.00000000e+00	1	49	-3.96252000e-05	4.39681000e-05	-7.50527000e-01	-4.40668000e-05
3.45399455e+02	2026-08-24T16:23:53.940132	0.00000000e+00	1	49	-3.44992000e-05	5.17369000e-05	-8.00607000e-01	-5.13612000e-05
3.45432987e+02	2026-08-24T16:23:53.974643	0.00000000e+00	1	49	-4.14371000e-05	5.93397000e-05	-8.50619000e-01	-5.89551000e-05
3.45460019e+02	2026-08-24T16:23:53.989892	0.00000000e+00	1	49	-4.34876000e-05	6.65079000e-05	-9.00655000e-01	-6.62233000e-05
3.45480920e+02	2026-08-24T16:23:54.021682	0.00000000e+00	1	49	-4.38690000e-05	7.19376000e-05	-9.50687000e-01	-7.18429000e-05
3.45489714e+02	2026-08-24T16:23:54.028419	0.00000000e+00	1	49	-3.89099000e-05	7.83036000e-05	-1.00073000e+00	-7.77179000e-05
3.45512266e+02	2026-08-24T16:23:54.053589	0.00000000e+00	1	49	-4.39405000e-05	7.31463000e-05	-1.05074000e+00	-7.27584000e-05
3.45520508e+02	2026-08-24T16:23:54.053589	0.00000000e+00	1	49	-4.66347000e-05	7.61763000e-05	-1.10080000e+00	-7.16464000e-05
3.45547257e+02	2026-08-24T16:23:54.088125	0.00000000e+00	1	49	-4.67300000e-05	5.72300000e-05	-1.15086000e+00	-5.44842000e-05
3.45574170e+02	2026-08-24T16:23:54.112661	0.00000000e+00	1	49	-3.87430000e-05	4.32433000e-05	-1.20086000e+00	-4.18023000e-05
3.45602406e+02	2026-08-24T16:23:54.139695	0.00000000e+00	1	49	-4.74453000e-05	5.30194000e-05	-1.25091000e+00	-5.20780000e-05
3.45624140e+02	2026-08-24T16:23:54.165080	0.00000000e+00	1	49	-5.03302000e-05	4.75989000e-05	-1.30094000e+00	-5.15556000e-05
3.45658525e+02	2026-08-24T16:23:54.199775	0.00000000e+00	1	49	-3.96252000e-05	5.40270000e-05	-1.35099000e+00	-5.06736000e-05
3.45670523e+02	2026-08-24T16:23:54.211470	0.00000000e+00	1	49	-4.27008000e-05	5.26419000e-05	-1.40100000e+00	-4.93140000e-05
3.45718348e+02	2026-08-24T16:23:54.259268	0.00000000e+00	1	49	-4.26054000e-05	4.66210000e-05	-1.45103000e+00	-5.03009000e-05
3.45726095e+02	2026-08-24T16:23:54.259268	0.00000000e+00	1	49	-4.02689000e-05	4.57568000e-05	-1.50106000e+00	-4.07258000e-05
3.45753570e+02	2026-08-24T16:23:54.291405	0.00000000e+00	1	49	-4.09842000e-05	4.48735000e-05	-1.55112000e+00	-5.20221000e-05
3.45773578e+02	2026-08-24T16:23:54.315193	0.00000000e+00	1	49	-4.70161000e-05	4.75933000e-05	-1.60113000e+00	-5.16458000e-05
3.45798242e+02	2026-08-24T16:23:54.338605	0.00000000e+00	1	49	-4.92573000e-05	3.34447000e-05	-1.65116000e+00	-3.27394000e-05
3.45813031e+02	2026-08-24T16:23:54.354375	0.00000000e+00	1	49	-4.34876000e-05	4.01947000e-05	-1.70117000e+00	-2.85731000e-05
3.45834302e+02	2026-08-24T16:23:54.370319	0.00000000e+00	1	49	-4.98772000e-05	3.62184000e-05	-1.75123000e+00	-3.75503000e-05
3.45841835e+02	2026-08-24T16:23:54.370319	0.00000000e+00	1	49	-4.62770000e-05	4.00951000e-05	-1.80123000e+00	-3.68940000e-05
3.45855378e+02	2026-08-24T16:23:54.396920	0.00000000e+00	1	49	-4.49419000e-05	3.81348000e-05	-1.85130000e+00	-3.32869000e-05
3.45876166e+02	2026-08-24T16:23:54.417635	0.00000000e+00	1	49	-4.48465000e-05	3.84131000e-05	-1.90131000e+00	-3.38170000e-05
3.45924288e+02	2026-08-24T16:23:54.465634	0.00000000e+00	1	49	-4.62055000e-05	4.25708000e-05	-1.95135000e+00	-4.24398000e-05
3.45932878e+02	2026-08-24T16:23:54.465634	0.00000000e+00	1	49	-4.70161000e-05	5.02642000e-05	-2.00136000e+00	-4.86093000e-05
3.45961210e+02	2026-08-24T16:23:54.498253	0.00000000e+00	1	49	-4.04358000e-05	3.88230000e-05	-2.05110000e+00	-3.50063000e-05
3.45972077e+02	2026-08-24T16:23:54.513559	0.00000000e+00	1	49	-4.48465000e-05	5.46921000e-05	-2.10115000e+00	-5.06268000e-05
3.45995170e+02	2026-08-24T16:23:54.533185	0.00000000e+00	1	49	-3.98159000e-05	5.83131000e-05	-2.15138000e+00	-5.93118000e-05
3.46008814e+02	2026-08-24T16:23:54.547207	0.00000000e+00	1	49	-5.28574000e-05	5.52257000e-05	-2.20159000e+00	-5.42644000e-05
3.46023062e+02	2026-08-24T16:23:54.563038	0.00000000e+00	1	49	-4.79937000e-05	7.47711000e-05	-2.25130000e+00	-6.60988000e-05
3.46031083e+02	2026-08-24T16:23:54.566823	0.00000000e+00	1	49	-4.65631000e-05	4.68828000e-05	-2.30128000e+00	-4.53171000e-05
3.46051354e+02	2026-08-24T16:23:54.592766	0.00000000e+00	1	49	-4.75407000e-05	5.57783000e-05	-2.35162000e+00	-6.02276000e-05
3.46059855e+02	2026-08-24T16:23:54.592766	0.00000000e+00	1	49	-4.41313000e-05	9.85004000e-05	-2.40156000e+00	-9.19452000e-05
3.46087553e+02	2026-08-24T16:23:54.628431	0.00000000e+00	1	49	-4.99725000e-05	8.93918000e-05	-2.45165000e+00	-8.23483000e-05
3.46105939e+02	2026-08-24T16:23:54.643557	0.00000000e+00	1	49	-4.57525000e-05	9.77281000e-05	-2.50180000e+00	-1.09829000e-04
3.46125403e+02	2026-08-24T16:23:54.664880	0.00000000e+00	1	49	-4.67300000e-05	8.41116000e-05	-2.50175000e+00	-9.29929000e-05
3.46146625e+02	2026-08-24T16:23:54.687641	0.00000000e+00	1	49	-5.04255000e-05	5.90414000e-05	-2.45166000e+00	-5.69488000e-05
3.46155507e+02	2026-08-24T16:23:54.687641	0.00000000e+00	1	49	-4.34876000e-05	4.84666000e-05	-2.40165000e+00	-4.78458000e-05
3.46178875e+02	2026-08-24T16:23:54.719782	0.00000000e+00	1	49	-5.05209000e-05	4.43596000e-05	-2.35150000e+00	-4.20956000e-05
3.46194478e+02	2026-08-24T16:23:54.735467	0.00000000e+00	1	49	-4.81844000e-05	3.39135000e-05	-2.30114000e+00	-3.33621000e-05
3.46219658e+02	2026-08-24T16:23:54.761559	0.00000000e+00	1	49	-5.14984000e-05	2.87810000e-05	-2.25137000e+00	-2.87637000e-05
3.46246380e+02	2026-08-24T16:23:54.782875	0.00000000e+00	1	49	-4.92573000e-05	2.53381000e-05	-2.20148000e+00	-2.53703000e-05
3.46255966e+02	2026-08-24T16:23:54.791877	0.00000000e+00	1	49	-4.39405000e-05	2.17848000e-05	-2.15149000e+00	-2.18853000e-05
3.46278156e+02	2026-08-24T16:23:54.814239	0.00000000e+00	1	49	-5.14030000e-05	1.92238000e-05	-2.10136000e+00	-1.90341000e-05
3.46286671e+02	2026-08-24T16:23:54.814239	0.00000000e+00	1	49	-5.00679000e-05	1.69469000e-05	-2.05120000e+00	-1.70149000e-05
3.46315944e+02	2026-08-24T16:23:54.853223	0.00000000e+00	1	49	-5.59092000e-05	1.51257000e-05	-2.00138000e+00	-1.51095000e-05
3.46341646e+02	2026-08-24T16:23:54.877481	0.00000000e+00	1	49	-4.49419000e-05	1.33737000e-05	-1.95134000e+00	-1.34235000e-05
3.46359083e+02	2026-08-24T16:23:54.897896	0.00000000e+00	1	49	-4.46558000e-05	1.20100000e-05	-1.90131000e+00	-1.20050000e-05
3.46384481e+02	2026-08-24T16:23:54.925460	0.00000000e+00	1	49	-5.07832000e-05	1.08498000e-05	-1.85130000e+00	-1.08328000e-05
3.46392904e+02	2026-08-24T16:23:54.925460	0.00000000e+00	1	49	-3.87430000e-05	9.81830000e-06	-1.80123000e+00	-9.79780000e-06
3.46416512e+02	2026-08-24T16:23:54.957486	0.00000000e+00	1	49	-5.64575000e-05	8.85693000e-06	-1.75121000e+00	-8.87232000e-06
3.46456430e+02	2026-08-24T16:23:54.995259	0.00000000e+00	1	49	-5.56469000e-05	8.00637000e-06	-1.70118000e+00	-8.01135000e-06
3.46480095e+02	2026-08-24T16:23:55.020930	0.00000000e+00	1	49	-6.00338000e-05	7.30861000e-06	-1.65116000e+00	-7.32023000e-06
3.46489980e+02	2026-08-24T16:23:55.030839	0.00000000e+00	1	49	-5.49078000e-05	6.62618000e-06	-1.60113000e+00	-6.64839000e-06
3.46511027e+02	2026-08-24T16:23:55.051892	0.00000000e+00	1	49	-5.53608000e-05	5.96975000e-06	-1.55110000e+00	-6.01388000e-06
3.46519631e+02	2026-08-24T16:23:55.051892	0.00000000e+00	1	49	-5.49078000e-05	5.51430000e-06	-1.50107000e+00	-5.50266000e-06
3.46546443e+02	2026-08-24T16:23:55.086189	0.00000000e+00	1	49	-5.35727000e-05	5.02587000e-06	-1.45105000e+00	-4.88699000e-06
3.46580134e+02	2026-08-24T16:23:55.119891	0.00000000e+00	1	49	-5.58138000e-05	4.41890000e-06	-1.40099000e+00	-4.46866000e-06
3.46605641e+02	2026-08-24T16:23:55.147016	0.00000000e+00	1	49	-5.54562000e-05	4.08835000e-06	-1.35098000e+00	-4.07607000e-06
3.46614152e+02	2026-08-24T16:23:55.147016	0.00000000e+00	1	49	-5.72443000e-05	3.73800000e-06	-1.30092000e+00	-3.73484000e-06
3.46642066e+02	2026-08-24T16:23:55.178678	0.00000000e+00	1	49	-5.32150000e-05	3.33791000e-06	-1.25092000e+00	-3.36415000e-06
3.46651124e+02	2026-08-24T16:23:55.189347	0.00000000e+00	1	49	-5.64575000e-05	3.04487000e-06	-1.20087000e+00	-3.03317000e-06
3.46681223e+02	2026-08-24T16:23:55.218960	0.00000000e+00	1	49	-6.09398000e-05	2.73608000e-06	-1.15085000e+00	-2.68302000e-06
3.46701301e+02	2026-08-24T16:23:55.242307	0.00000000e+00	1	49	-5.01633000e-05	2.38762000e-06	-1.10080000e+00	-2.38227000e-06
3.46709650e+02	2026-08-24T16:23:55.242307	0.00000000e+00	1	49	-5.59092000e-05	2.14953000e-06	-1.05071000e+00	-2.15907000e-06
3.46737185e+02	2026-08-24T16:23:55.277741	0.00000000e+00	1	49	-5.81503000e-05	1.91128000e-06	-1.00074000e+00	-1.91226000e-06
3.46769539e+02	2026-08-24T16:23:55.309771	0.00000000e+00	1	49	-5.20468000e-05	1.71401000e-06	-9.50670000e-01	-1.71276000e-06
3.46779500e+02	2026-08-24T16:23:55.321320	0.00000000e+00	1	49	-5.46455000e-05	1.52949000e-06	-9.00648000e-01	-1.53922000e-06
3.46800818e+02	2026-08-24T16:23:55.336783	0.00000000e+00	1	49	-5.63622000e-05	1.35117000e-06	-8.50602000e-01	-1.37377000e-06
3.46808490e+02	2026-08-24T16:23:55.336783	0.00000000e+00	1	49	-5.19514000e-05	1.21327000e-06	-8.00583000e-01	-1.20748000e-06
3.46834979e+02	2026-08-24T16:23:55.376521	0.00000000e+00	1	49	-5.36680000e-05	1.02501000e-06	-7.50556000e-01	-1.02613000e-06
3.46855893e+02	2026-08-24T16:23:55.397851	0.00000000e+00	1	49	-5.36680000e-05	8.96841000e-07	-7.00510000e-01	-8.96890000e-07
3.46888665e+02	2026-08-24T16:23:55.430347	0.00000000e+00	1	49	-5.14030000e-05	7.82187000e-07	-6.50460000e-01	-7.77721000e-07
3.46912177e+02	2026-08-24T16:23:55.448157	0.00000000e+00	1	49	-6.02245000e-05	6.76413000e-07	-6.00441000e-01	-6.83209000e-07
3.46920109e+02	2026-08-24T16:23:55.448157	0.00000000e+00	1	49	-6.12974000e-05	5.84555000e-07	-5.50368000e-01	-5.87896000e-07
3.46950212e+02	2026-08-24T16:23:55.491637	0.00000000e+00	1	49	-6.31809000e-05	4.85909000e-07	-5.00353000e-01	-4.84246000e-07
3.46963301e+02	2026-08-24T16:23:55.501724	0.00000000e+00	1	49	-5.84364000e-05	4.15723000e-07	-4.50277000e-01	-4.14536000e-07
3.46978499e+02	2026-08-24T16:23:55.519793	0.00000000e+00	1	49	-5.83410000e-05	3.46735000e-07	-4.00291000e-01	-3.46645000e-07
3.46995870e+02	2026-08-24T16:23:55.537779	0.00000000e+00	1	49	-5.76258000e-05	2.87870000e-07	-3.50227000e-01	-3.14804000e-07
3.47017974e+02	2026-08-24T16:23:55.558930	0.00000000e+00	1	49	-5.60760000e-05	2.19594000e-07	-3.00217000e-01	-2.19200000e-07
3.47025908e+02	2026-08-24T16:23:55.558930	0.00000000e+00	1	49	-5.87940000e-05	1.75404000e-07	-2.50166000e-01	-1.70298000e-07
3.47052974e+02	2026-08-24T16:23:55.590838	0.00000000e+00	1	49	-5.67198000e-05	1.21821000e-07	-2.00032000e-01	-1.14283000e-07
3.47106451e+02	2026-08-24T16:23:55.648105	0.00000000e+00	1	49	-6.24657000e-05	6.55123000e-08	-1.49998000e-01	-5.96893000e-08
3.47223575e+02	2026-08-24T16:23:55.764507	0.00000000e+00	1	49	-6.27518000e-05	4.13094000e-08	-9.99701000e-02	-4.00696000e-08
3.47232588e+02	2026-08-24T16:23:55.764507	0.00000000e+00	1	49	-4.84467000e-05	3.03360000e-08	-4.99325000e-02	-2.55764000e-08
3.47260039e+02	2026-08-24T16:23:55.800449	0.00000000e+00	1	49	-6.31809000e-05	4.92895000e-10	5.86987000e-05	-4.59421000e-10
3.51873898e+02	2026-08-24T16:24:00.415168	0.00000000e+00	1	50	-4.44889000e-05	-6.77884000e-10	5.60999000e-05	2.26809000e-09
3.51896176e+02	2026-08-24T16:24:00.437490	0.00000000e+00	1	50	-7.81059000e-05	7.58536000e-07	-4.99046000e-02	-7.60301000e-07
3.51924974e+02	2026-08-24T16:24:00.466678	0.00000000e+00	1	50	-5.49078000e-05	1.49401000e-06	-9.99588000e-02	-1.49334000e-06
3.51949494e+02	2026-08-24T16:24:00.490644	0.00000000e+00	1	50	-5.31197000e-05	2.32152000e-06	-1.50001000e-01	-2.31994000e-06
3.51964898e+02	2026-08-24T16:24:00.506405	0.00000000e+00	1	50	-5.14030000e-05	3.24789000e-06	-2.00033000e-01	-3.24377000e-06
3.51976136e+02	2026-08-24T16:24:00.517692	0.00000000e+00	1	50	-5.35727000e-05	4.29779000e-06	-2.50170000e-01	-4.29404000e-06
3.52000492e+02	2026-08-24T16:24:00.541478	0.00000000e+00	1	50	-5.43833000e-05	5.51185000e-06	-3.00189000e-01	-5.51342000e-06
3.52009584e+02	2026-08-24T16:24:00.551506	0.00000000e+00	1	50	-5.94139000e-05	6.93719000e-06	-3.50231000e-01	-6.93547000e-06
3.52035146e+02	2026-08-24T16:24:00.573181	0.00000000e+00	1	50	-5.32150000e-05	8.63630000e-06	-4.00287000e-01	-8.63185000e-06
3.52065597e+02	2026-08-24T16:24:00.605119	0.00000000e+00	1	50	-8.68320000e-05	1.06200000e-05	-4.50272000e-01	-1.06227000e-05
3.52095747e+02	2026-08-24T16:24:00.637011	0.00000000e+00	1	50	-5.05209000e-05	1.29519000e-05	-5.00356000e-01	-1.30571000e-05
3.52103660e+02	2026-08-24T16:24:00.637011	0.00000000e+00	1	50	-5.40972000e-05	1.59439000e-05	-5.50373000e-01	-1.59877000e-05
3.52111444e+02	2026-08-24T16:24:00.653280	0.00000000e+00	1	50	-5.89609000e-05	1.94478000e-05	-6.00430000e-01	-1.95114000e-05
3.52143853e+02	2026-08-24T16:24:00.685180	0.00000000e+00	1	50	-4.54664000e-05	2.36795000e-05	-6.50448000e-01	-2.36801000e-05
3.52174025e+02	2026-08-24T16:24:00.701042	0.00000000e+00	1	50	-5.15938000e-05	2.85208000e-05	-7.00485000e-01	-2.85385000e-05
3.52197469e+02	2026-08-24T16:24:00.733098	0.00000000e+00	1	50	-4.85420000e-05	3.42617000e-05	-7.50539000e-01	-3.42747000e-05
3.52206058e+02	2026-08-24T16:24:00.733098	0.00000000e+00	1	50	-5.05209000e-05	4.10238000e-05	-8.00586000e-01	-4.09922000e-05
3.52239983e+02	2026-08-24T16:24:00.780894	0.00000000e+00	1	50	-4.65631000e-05	4.80244000e-05	-8.50584000e-01	-4.87107000e-05
3.52287279e+02	2026-08-24T16:24:00.828484	0.00000000e+00	1	50	-5.15938000e-05	5.55965000e-05	-9.00652000e-01	-5.56289000e-05
3.52295251e+02	2026-08-24T16:24:00.828484	0.00000000e+00	1	50	-4.63724000e-05	6.37133000e-05	-9.50679000e-01	-6.37017000e-05
3.52302720e+02	2026-08-24T16:24:00.844622	0.00000000e+00	1	50	-5.01633000e-05	7.23584000e-05	-1.00071000e+00	-6.79427000e-05
3.52331515e+02	2026-08-24T16:24:00.870942	0.00000000e+00	1	50	-4.76360000e-05	7.24431000e-05	-1.05073000e+00	-7.13354000e-05
3.52351662e+02	2026-08-24T16:24:00.893331	0.00000000e+00	1	50	-4.97818000e-05	6.72825000e-05	-1.10081000e+00	-6.78486000e-05
3.52365508e+02	2026-08-24T16:24:00.893331	0.00000000e+00	1	50	-4.36783000e-05	6.97665000e-05	-1.15087000e+00	-6.63193000e-05
3.52388539e+02	2026-08-24T16:24:00.924194	0.00000000e+00	1	50	-3.82900000e-05	6.29628000e-05	-1.20085000e+00	-6.22032000e-05
3.52396266e+02	2026-08-24T16:24:00.924194	0.00000000e+00	1	50	-4.47512000e-05	6.15090000e-05	-1.25090000e+00	-5.94991000e-05
3.52418299e+02	2026-08-24T16:24:00.957209	0.00000000e+00	1	50	-4.44889000e-05	5.58285000e-05	-1.30095000e+00	-5.10050000e-05
3.52432056e+02	2026-08-24T16:24:00.973056	0.00000000e+00	1	50	-4.53949000e-05	6.37045000e-05	-1.35100000e+00	-4.82943000e-05
3.52478980e+02	2026-08-24T16:24:01.020278	0.00000000e+00	1	50	-4.58479000e-05	4.82999000e-05	-1.40099000e+00	-4.87224000e-05
3.52487595e+02	2026-08-24T16:24:01.020278	0.00000000e+00	1	50	-5.59092000e-05	5.87422000e-05	-1.45104000e+00	-6.03037000e-05
3.52512395e+02	2026-08-24T16:24:01.052883	0.00000000e+00	1	50	-4.62770000e-05	4.28413000e-05	-1.50106000e+00	-4.38578000e-05
3.52524422e+02	2026-08-24T16:24:01.052883	0.00000000e+00	1	50	-5.07832000e-05	4.87621000e-05	-1.55110000e+00	-4.72346000e-05
3.52549774e+02	2026-08-24T16:24:01.084487	0.00000000e+00	1	50	-5.03302000e-05	3.95215000e-05	-1.60112000e+00	-4.16134000e-05
3.52558235e+02	2026-08-24T16:24:01.099778	0.00000000e+00	1	50	-3.65734000e-05	4.38766000e-05	-1.65115000e+00	-3.63479000e-05
3.52580824e+02	2026-08-24T16:24:01.115537	0.00000000e+00	1	50	-4.99725000e-05	3.73195000e-05	-1.70117000e+00	-4.03127000e-05
3.52588973e+02	2026-08-24T16:24:01.115537	0.00000000e+00	1	50	-5.79834000e-05	2.66558000e-05	-1.75124000e+00	-2.17612000e-05
3.52622192e+02	2026-08-24T16:24:01.163194	0.00000000e+00	1	50	-4.63724000e-05	3.20670000e-05	-1.80121000e+00	-3.12214000e-05
3.52670039e+02	2026-08-24T16:24:01.210907	0.00000000e+00	1	50	-4.94242000e-05	3.08635000e-05	-1.85129000e+00	-3.35809000e-05
3.52702094e+02	2026-08-24T16:24:01.242750	0.00000000e+00	1	50	-4.54664000e-05	2.83464000e-05	-1.90131000e+00	-3.03743000e-05
3.52737439e+02	2026-08-24T16:24:01.274610	0.00000000e+00	1	50	-4.97103000e-05	3.58773000e-05	-1.95133000e+00	-3.69249000e-05
3.52746183e+02	2026-08-24T16:24:01.274610	0.00000000e+00	1	50	-4.84467000e-05	4.17985000e-05	-2.00137000e+00	-3.86032000e-05
3.52765197e+02	2026-08-24T16:24:01.307141	0.00000000e+00	1	50	-4.88997000e-05	3.85310000e-05	-2.05127000e+00	-4.37826000e-05
3.52798243e+02	2026-08-24T16:24:01.338010	0.00000000e+00	1	50	-4.71830000e-05	3.24293000e-05	-2.10116000e+00	-3.09348000e-05
3.52829637e+02	2026-08-24T16:24:01.369905	0.00000000e+00	1	50	-4.69208000e-05	4.08006000e-05	-2.15159000e+00	-4.12981000e-05
3.52837262e+02	2026-08-24T16:24:01.369905	0.00000000e+00	1	50	-5.33104000e-05	4.30170000e-05	-2.20131000e+00	-4.28187000e-05
3.52860628e+02	2026-08-24T16:24:01.401487	0.00000000e+00	1	50	-4.83513000e-05	4.63788000e-05	-2.25151000e+00	-4.27912000e-05
3.52913606e+02	2026-08-24T16:24:01.449183	0.00000000e+00	1	50	-4.58479000e-05	5.33257000e-05	-2.30126000e+00	-5.22767000e-05
3.52931047e+02	2026-08-24T16:24:01.465293	0.00000000e+00	1	50	-4.64678000e-05	7.35448000e-05	-2.35162000e+00	-7.37102000e-05
3.52939142e+02	2026-08-24T16:24:01.465293	0.00000000e+00	1	50	-4.71830000e-05	7.90642000e-05	-2.40162000e+00	-5.76227000e-05
3.52987487e+02	2026-08-24T16:24:01.529430	0.00000000e+00	1	50	-4.83513000e-05	6.85800000e-05	-2.45160000e+00	-6.44919000e-05
3.53003388e+02	2026-08-24T16:24:01.544593	0.00000000e+00	1	50	-4.26054000e-05	9.16588000e-05	-2.50182000e+00	-9.66394000e-05
3.53027222e+02	2026-08-24T16:24:01.560385	0.00000000e+00	1	50	-5.19514000e-05	1.01350000e-04	-2.50167000e+00	-9.51377000e-05
3.53051045e+02	2026-08-24T16:24:01.592057	0.00000000e+00	1	50	-4.99725000e-05	6.34663000e-05	-2.45156000e+00	-7.09026000e-05
3.53114504e+02	2026-08-24T16:24:01.655443	0.00000000e+00	1	50	-4.58479000e-05	5.01486000e-05	-2.40173000e+00	-4.92563000e-05
3.53122622e+02	2026-08-24T16:24:01.655443	0.00000000e+00	1	50	-4.63724000e-05	4.06636000e-05	-2.35157000e+00	-4.05647000e-05
3.53146218e+02	2026-08-24T16:24:01.687431	0.00000000e+00	1	50	-4.18901000e-05	3.46131000e-05	-2.30129000e+00	-3.46436000e-05
3.53178861e+02	2026-08-24T16:24:01.719758	0.00000000e+00	1	50	-5.56469000e-05	2.96139000e-05	-2.25135000e+00	-3.02186000e-05
3.53211265e+02	2026-08-24T16:24:01.751658	0.00000000e+00	1	50	-4.61102000e-05	2.52862000e-05	-2.20139000e+00	-2.52513000e-05
3.53220102e+02	2026-08-24T16:24:01.761315	0.00000000e+00	1	50	-4.70877000e-05	2.19070000e-05	-2.15163000e+00	-2.17562000e-05
3.53241968e+02	2026-08-24T16:24:01.782831	0.00000000e+00	1	50	-4.55618000e-05	1.88730000e-05	-2.10122000e+00	-1.88734000e-05
3.53306003e+02	2026-08-24T16:24:01.846666	0.00000000e+00	1	50	-5.00679000e-05	1.65330000e-05	-2.05129000e+00	-1.64841000e-05
3.53314438e+02	2026-08-24T16:24:01.846666	0.00000000e+00	1	50	-4.85420000e-05	1.47329000e-05	-2.00134000e+00	-1.47060000e-05
3.53336387e+02	2026-08-24T16:24:01.877790	0.00000000e+00	1	50	-4.71830000e-05	1.22876000e-05	-1.95136000e+00	-1.22612000e-05
3.53371036e+02	2026-08-24T16:24:01.909860	0.00000000e+00	1	50	-4.83513000e-05	1.10846000e-05	-1.90131000e+00	-1.10993000e-05
3.53400677e+02	2026-08-24T16:24:01.941389	0.00000000e+00	1	50	-5.27620000e-05	1.04033000e-05	-1.85130000e+00	-1.03991000e-05
3.53409215e+02	2026-08-24T16:24:01.941389	0.00000000e+00	1	50	-4.53949000e-05	9.25573000e-06	-1.80124000e+00	-9.24865000e-06
3.53433836e+02	2026-08-24T16:24:01.974028	0.00000000e+00	1	50	-5.61714000e-05	8.34902000e-06	-1.75123000e+00	-8.34113000e-06
3.53474257e+02	2026-08-24T16:24:02.014770	0.00000000e+00	1	50	-4.89950000e-05	6.89762000e-06	-1.70115000e+00	-7.05238000e-06
3.53487460e+02	2026-08-24T16:24:02.027021	0.00000000e+00	1	50	-5.40972000e-05	6.68167000e-06	-1.65116000e+00	-6.65826000e-06
3.53495402e+02	2026-08-24T16:24:02.036926	0.00000000e+00	1	50	-5.39303000e-05	6.00736000e-06	-1.60112000e+00	-6.00638000e-06
3.53502889e+02	2026-08-24T16:24:02.036926	0.00000000e+00	1	50	-3.63112000e-05	5.35401000e-06	-1.55112000e+00	-4.90759000e-06
3.53510777e+02	2026-08-24T16:24:02.052638	0.00000000e+00	1	50	-4.38690000e-05	4.40096000e-06	-1.50106000e+00	-4.37701000e-06
3.53543371e+02	2026-08-24T16:24:02.084993	0.00000000e+00	1	50	-5.37395000e-05	3.90131000e-06	-1.45105000e+00	-3.91904000e-06
3.53575615e+02	2026-08-24T16:24:02.116151	0.00000000e+00	1	50	-5.33819000e-05	3.48197000e-06	-1.40099000e+00	-3.48685000e-06
3.53583638e+02	2026-08-24T16:24:02.116151	0.00000000e+00	1	50	-5.07832000e-05	3.12449000e-06	-1.35099000e+00	-3.12353000e-06
3.53626660e+02	2026-08-24T16:24:02.163555	0.00000000e+00	1	50	-4.56572000e-05	2.73344000e-06	-1.30093000e+00	-2.72035000e-06
3.53670375e+02	2026-08-24T16:24:02.211319	0.00000000e+00	1	50	-5.14030000e-05	2.39915000e-06	-1.25091000e+00	-2.39638000e-06
3.53678269e+02	2026-08-24T16:24:02.211319	0.00000000e+00	1	50	-4.33207000e-05	2.14185000e-06	-1.20087000e+00	-2.13948000e-06
3.53702844e+02	2026-08-24T16:24:02.243145	0.00000000e+00	1	50	-4.42266000e-05	1.88409000e-06	-1.15086000e+00	-1.86397000e-06
3.53713944e+02	2026-08-24T16:24:02.243145	0.00000000e+00	1	50	-4.61102000e-05	1.64812000e-06	-1.10080000e+00	-1.63952000e-06
3.53735461e+02	2026-08-24T16:24:02.274632	0.00000000e+00	1	50	-5.07832000e-05	1.47086000e-06	-1.05075000e+00	-1.46824000e-06
3.53765165e+02	2026-08-24T16:24:02.306845	0.00000000e+00	1	50	-4.34160000e-05	1.29226000e-06	-1.00073000e+00	-1.28940000e-06
3.53773057e+02	2026-08-24T16:24:02.306845	0.00000000e+00	1	50	-4.38690000e-05	1.13219000e-06	-9.50694000e-01	-1.12360000e-06
3.53807114e+02	2026-08-24T16:24:02.338262	0.00000000e+00	1	50	-4.16994000e-05	9.79724000e-07	-9.00661000e-01	-9.73129000e-07
3.53831148e+02	2026-08-24T16:24:02.369334	0.00000000e+00	1	50	-4.38690000e-05	8.34974000e-07	-8.50606000e-01	-8.35346000e-07
3.53841714e+02	2026-08-24T16:24:02.369334	0.00000000e+00	1	50	-4.45843000e-05	7.36724000e-07	-8.00594000e-01	-7.36987000e-07
3.53865042e+02	2026-08-24T16:24:02.400973	0.00000000e+00	1	50	-3.44992000e-05	6.24924000e-07	-7.50553000e-01	-6.20074000e-07
3.53906868e+02	2026-08-24T16:24:02.448656	0.00000000e+00	1	50	-4.55618000e-05	5.44473000e-07	-7.00518000e-01	-5.38196000e-07
3.53939893e+02	2026-08-24T16:24:02.480483	0.00000000e+00	1	50	-3.85523000e-05	4.63612000e-07	-6.50478000e-01	-4.64047000e-07
3.53960780e+02	2026-08-24T16:24:02.496231	0.00000000e+00	1	50	-4.33207000e-05	4.00245000e-07	-6.00436000e-01	-4.02366000e-07
3.53968257e+02	2026-08-24T16:24:02.496231	0.00000000e+00	1	50	-4.03404000e-05	3.42110000e-07	-5.50385000e-01	-3.42759000e-07
3.54023851e+02	2026-08-24T16:24:02.559727	0.00000000e+00	1	50	-4.65631000e-05	2.80611000e-07	-5.00334000e-01	-2.69528000e-07
3.54050016e+02	2026-08-24T16:24:02.591032	0.00000000e+00	1	50	-4.25100000e-05	2.39557000e-07	-4.50302000e-01	-2.40437000e-07
3.54058929e+02	2026-08-24T16:24:02.591032	0.00000000e+00	1	50	-3.99828000e-05	1.92138000e-07	-4.00310000e-01	-1.89573000e-07
3.54092888e+02	2026-08-24T16:24:02.622799	0.00000000e+00	1	50	-4.09842000e-05	1.54501000e-07	-3.50236000e-01	-1.52801000e-07
3.54108107e+02	2026-08-24T16:24:02.649303	0.00000000e+00	1	50	-3.66688000e-05	1.25112000e-07	-3.00201000e-01	-1.24883000e-07
3.54121918e+02	2026-08-24T16:24:02.660209	0.00000000e+00	1	50	-5.03302000e-05	9.78388000e-08	-2.50165000e-01	-8.56003000e-08
3.54240891e+02	2026-08-24T16:24:02.781768	0.00000000e+00	1	50	-4.45843000e-05	6.49582000e-08	-2.00036000e-01	-6.48974000e-08
3.54250007e+02	2026-08-24T16:24:02.781768	0.00000000e+00	1	50	-3.12805000e-05	5.82889000e-08	-1.50014000e-01	-5.38243000e-08
3.54280252e+02	2026-08-24T16:24:02.813207	0.00000000e+00	1	50	-4.03404000e-05	2.80176000e-08	-9.99674000e-02	-2.84307000e-08
3.54315533e+02	2026-08-24T16:24:02.844827	0.00000000e+00	1	50	-4.61102000e-05	1.34430000e-08	-4.99271000e-02	-1.32572000e-08
3.54340666e+02	2026-08-24T16:24:02.876475	0.00000000e+00	1	50	-3.88145000e-05	7.72370000e-09	5.33819000e-05	-5.11525000e-09